ISO-10303-21;
HEADER;
FILE_DESCRIPTION (( 'STEP AP214' ),
    '1' );
FILE_NAME ('lamp houder.STEP',
    '2012-08-19T03:14:21',
    ( 'User' ),
    ( '' ),
    'SwSTEP 2.0',
    'SolidWorks 2012',
    '' );
FILE_SCHEMA (( 'AUTOMOTIVE_DESIGN' ));
ENDSEC;

DATA;
#1 = CARTESIAN_POINT ( 'NONE',  ( -7.741650148279881600, -16.33688545634788600, -1.266362461721779000 ) ) ;
#2 = CARTESIAN_POINT ( 'NONE',  ( -7.395433864038497300, -16.15624755858606000, -1.999999999999639600 ) ) ;
#3 = CARTESIAN_POINT ( 'NONE',  ( -13.27301003255290400, -14.11393081029040200, 5.729228324353503200 ) ) ;
#4 = CARTESIAN_POINT ( 'NONE',  ( -12.77311500707115000, -14.55376620200955200, 5.476445792577139000 ) ) ;
#5 = CARTESIAN_POINT ( 'NONE',  ( -13.26297267697036000, -14.55376620200954800, 5.476445792577139900 ) ) ;
#6 = FACE_OUTER_BOUND ( 'NONE', #4131, .T. ) ;
#7 = CARTESIAN_POINT ( 'NONE',  ( -9.685641767231166100, -13.25330471887352400, -1.999999999999997800 ) ) ;
#8 = CARTESIAN_POINT ( 'NONE',  ( -8.917661581352675200, -13.95999125154451500, -1.322816479939420900 ) ) ;
#9 = CARTESIAN_POINT ( 'NONE',  ( -8.667852421208738900, -13.88972171844066000, -1.999999999999997600 ) ) ;
#10 = CARTESIAN_POINT ( 'NONE',  ( -9.351577380849516200, -14.13717477160559000, -1.999999999999997800 ) ) ;
#11 = CARTESIAN_POINT ( 'NONE',  ( -8.170364773758443300, -15.58014045469003200, -1.284336040867022800 ) ) ;
#12 = CARTESIAN_POINT ( 'NONE',  ( -7.856473992652819800, -15.44552719691215800, -1.999999999999998000 ) ) ;
#13 = CARTESIAN_POINT ( 'NONE',  ( -8.567918586564145400, -15.79580441382250700, -1.999999999999997800 ) ) ;
#14 = CARTESIAN_POINT ( 'NONE',  ( -13.27601202208117200, -13.30399996201724200, 5.308130417800041000 ) ) ;
#15 = CARTESIAN_POINT ( 'NONE',  ( -12.77576122378264700, -13.58962370761265600, 4.871219868464980800 ) ) ;
#16 = CARTESIAN_POINT ( 'NONE',  ( -13.27374882925939500, -13.59042431843788100, 4.871435435802933300 ) ) ;
#17 = CARTESIAN_POINT ( 'NONE',  ( -13.27575981370720700, -13.43052455418282600, 5.344192704590372300 ) ) ;
#18 = CARTESIAN_POINT ( 'NONE',  ( -12.77490260117432900, -13.89280196305295500, 4.996570599351843900 ) ) ;
#19 = CARTESIAN_POINT ( 'NONE',  ( -13.26906608664359400, -13.89442012523289100, 4.997354646858147100 ) ) ;
#20 = CARTESIAN_POINT ( 'NONE',  ( -13.27486758581432700, -13.67585097583165200, 5.441689474015740700 ) ) ;
#21 = CARTESIAN_POINT ( 'NONE',  ( -12.77429013976525800, -14.03924441574072900, 5.074889272686530900 ) ) ;
#22 = CARTESIAN_POINT ( 'NONE',  ( -12.77514407568847300, -13.11274765692958900, 4.760266793159008400 ) ) ;
#23 = CARTESIAN_POINT ( 'NONE',  ( -13.27987300864910800, -13.10901355438400800, 4.759635284180877300 ) ) ;
#24 = CARTESIAN_POINT ( 'NONE',  ( -13.27511851299433600, -13.04329533464790800, 5.261158625412587500 ) ) ;
#25 = CARTESIAN_POINT ( 'NONE',  ( -12.77600393546886800, -13.43359736703422800, 4.824012610431116100 ) ) ;
#26 = CARTESIAN_POINT ( 'NONE',  ( -13.27620495725644600, -13.43335673968228900, 4.823854927445408300 ) ) ;
#27 = CARTESIAN_POINT ( 'NONE',  ( -13.27330623774259000, -14.01241101893572800, 5.646802712651800800 ) ) ;
#28 = CARTESIAN_POINT ( 'NONE',  ( -12.77311500718828100, -14.43685816448874500, 5.359537755056331700 ) ) ;
#29 = CARTESIAN_POINT ( 'NONE',  ( -13.26297267733150400, -14.43732943855705000, 5.360009038974065600 ) ) ;
#30 = CARTESIAN_POINT ( 'NONE',  ( 9.910553413364054300, -16.98379219149808600, 5.109567474636317100 ) ) ;
#31 = CARTESIAN_POINT ( 'NONE',  ( 10.27986729635952300, -16.96675356116397600, 5.083767096399624200 ) ) ;
#32 = CARTESIAN_POINT ( 'NONE',  ( 9.809242715827714700, -17.35939014645229200, 5.030240805339238900 ) ) ;
#33 = CARTESIAN_POINT ( 'NONE',  ( 9.918794738468802700, -17.07446705042926300, 5.241776618531937400 ) ) ;
#34 = CARTESIAN_POINT ( 'NONE',  ( 10.28654109240039800, -17.06352405816606000, 5.230833685783175600 ) ) ;
#35 =( BOUNDED_SURFACE ( )  B_SPLINE_SURFACE ( 3, 2, ( 
 ( #52, #51, #50 ),
 ( #34, #33, #32 ),
 ( #31, #30, #141 ),
 ( #133, #218, #217 ),
 ( #220, #219, #97 ),
 ( #96, #223, #222 ),
 ( #221, #116, #115 ),
 ( #114, #113, #227 ),
 ( #226, #225, #224 ),
 ( #232, #231, #230 ) ),
 .UNSPECIFIED., .F., .F., .T. ) 
 B_SPLINE_SURFACE_WITH_KNOTS ( ( 4, 2, 2, 2, 4 ),
 ( 3, 3 ),
 ( -3.848917712323540700E-018, 0.0003113047588829086500, 0.0006226095177658212000, 0.0009339142766487337500, 0.001245219035531646300 ),
 ( 0.0000000000000000000, 1.000000000000000000 ),
 .UNSPECIFIED. ) 
 GEOMETRIC_REPRESENTATION_ITEM ( )  RATIONAL_B_SPLINE_SURFACE ( (
 ( 1.000000000000000000, 0.8055746559801321100, 1.000000000000000000),
 ( 1.000000000000000000, 0.8055803348531178600, 1.000000000000000000),
 ( 1.000000000000000000, 0.8036639286116429300, 1.000000000000000000),
 ( 1.000000000000000000, 0.7958398118104073000, 1.000000000000000000),
 ( 1.000000000000000000, 0.7898666641176711500, 1.000000000000000000),
 ( 1.000000000000000000, 0.7736537991737274500, 1.000000000000000000),
 ( 1.000000000000000000, 0.7632541791619349400, 1.000000000000000000),
 ( 1.000000000000000000, 0.7383075959896405700, 1.000000000000000000),
 ( 1.000000000000000000, 0.7235137157501334600, 1.000000000000000000),
 ( 1.000000000000000000, 0.7071067811865475700, 1.000000000000000000) ) ) 
 REPRESENTATION_ITEM ( '' )  SURFACE ( )  );
#36 = CARTESIAN_POINT ( 'NONE',  ( -12.72023021695044200, -11.52746316272483200, 5.059761477662843500 ) ) ;
#37 = CARTESIAN_POINT ( 'NONE',  ( -13.23196893157554900, -11.48606549342709500, 5.082044769564167700 ) ) ;
#38 = CARTESIAN_POINT ( 'NONE',  ( -13.21805551854243400, -11.74556227462555000, 5.530259836089880000 ) ) ;
#39 = CARTESIAN_POINT ( 'NONE',  ( -12.74780338988579200, -11.97798052542368200, 4.872812136650436400 ) ) ;
#40 = CARTESIAN_POINT ( 'NONE',  ( -13.26220472128562400, -11.94864333117540800, 4.882429841239264200 ) ) ;
#41 = CARTESIAN_POINT ( 'NONE',  ( -13.24670780619261400, -12.11595545161175400, 5.370721077220830300 ) ) ;
#42 = CARTESIAN_POINT ( 'NONE',  ( -12.75496735559528200, -12.13563669137457200, 4.824693510676367800 ) ) ;
#43 = CARTESIAN_POINT ( 'NONE',  ( -12.65699763972273800, -11.01823229607660400, 5.476445792577135500 ) ) ;
#44 = CARTESIAN_POINT ( 'NONE',  ( -13.15234823764770800, -10.97012935887223700, 5.524548729781503000 ) ) ;
#45 = CARTESIAN_POINT ( 'NONE',  ( -13.15234823764770800, -11.32368274946551200, 5.878102120374776100 ) ) ;
#46 = CARTESIAN_POINT ( 'NONE',  ( -12.69283413882352300, -11.24887870860350200, 5.245799380050236500 ) ) ;
#47 = CARTESIAN_POINT ( 'NONE',  ( -13.19880271581191000, -11.20298326980419600, 5.279027403314558800 ) ) ;
#48 = CARTESIAN_POINT ( 'NONE',  ( -13.18958845191560200, -11.51542741075732800, 5.686357467363742500 ) ) ;
#49 = CARTESIAN_POINT ( 'NONE',  ( -6.790521724282659700, -17.71470909656686700, -1.233637538278217000 ) ) ;
#50 = CARTESIAN_POINT ( 'NONE',  ( 9.809242725104773800, -17.43298265270792100, 5.103833353635896400 ) ) ;
#51 = CARTESIAN_POINT ( 'NONE',  ( 9.918794750410141200, -17.18475318936334900, 5.352062816980468300 ) ) ;
#52 = CARTESIAN_POINT ( 'NONE',  ( 10.28654110211628100, -17.18475318936334900, 5.352062816980467400 ) ) ;
#53 = CARTESIAN_POINT ( 'NONE',  ( -10.27579727645737500, -8.448536879021160600, -1.453719969427396800 ) ) ;
#54 = CARTESIAN_POINT ( 'NONE',  ( -10.22727147008040100, -8.543091202248803000, -2.000000000000451200 ) ) ;
#55 = CARTESIAN_POINT ( 'NONE',  ( -10.77579727645737500, -8.494816909593978900, -1.999999999999997800 ) ) ;
#56 = CARTESIAN_POINT ( 'NONE',  ( -10.00834577785330600, -10.39630709617910600, -1.407458147971420300 ) ) ;
#57 = CARTESIAN_POINT ( 'NONE',  ( -9.869829294622965300, -10.48132396755462800, -2.000000000002358100 ) ) ;
#58 = CARTESIAN_POINT ( 'NONE',  ( -10.49533211616716200, -10.48884894820726500, -1.999999999999997800 ) ) ;
#59 = CARTESIAN_POINT ( 'NONE',  ( -9.236225287004629100, -13.09662710733278100, -1.343322388459462100 ) ) ;
#60 = CARTESIAN_POINT ( 'NONE',  ( -9.023621481283431200, -13.05423905695203000, -1.999999999998711000 ) ) ;
#61 = CARTESIAN_POINT ( 'NONE',  ( -6.396956119613852500, -17.43726829999158700, -2.000000000000389900 ) ) ;
#62 = CARTESIAN_POINT ( 'NONE',  ( -13.27301003243323800, -14.20745724439049300, 5.822754750196196500 ) ) ;
#63 = CARTESIAN_POINT ( 'NONE',  ( -12.65699763972273000, -11.37178568666983700, 5.829999183170456500 ) ) ;
#64 = CARTESIAN_POINT ( 'NONE',  ( -5.858006937232135100, -17.99364626280089400, -1.999999999999999100 ) ) ;
#65 = CARTESIAN_POINT ( 'NONE',  ( -6.268131441538216100, -18.33575366964097200, -1.218887003074899300 ) ) ;
#66 = CARTESIAN_POINT ( 'NONE',  ( -13.26924058801115300, -12.11058054506661500, 4.831103205243326900 ) ) ;
#67 = CARTESIAN_POINT ( 'NONE',  ( -13.25415214688009000, -12.24530170672228200, 5.329004856470182200 ) ) ;
#68 = CARTESIAN_POINT ( 'NONE',  ( -12.76573865349250500, -12.45818714356798500, 4.760348013354340300 ) ) ;
#69 = CARTESIAN_POINT ( 'NONE',  ( -13.27826522526732200, -12.44167049634515700, 4.762234656550072400 ) ) ;
#70 = CARTESIAN_POINT ( 'NONE',  ( -13.26534499268830200, -12.50939876922471000, 5.271471752596041500 ) ) ;
#71 = CARTESIAN_POINT ( 'NONE',  ( -12.76930063137141700, -12.62045681264604400, 4.744365183802686100 ) ) ;
#72 = AXIS2_PLACEMENT_3D ( 'NONE', #93, #75, #90 ) ;
#73 =( BOUNDED_SURFACE ( )  B_SPLINE_SURFACE ( 3, 2, ( 
 ( #62, #5, #4 ),
 ( #3, #29, #28 ),
 ( #27, #80, #79 ),
 ( #78, #77, #21 ),
 ( #20, #19, #18 ),
 ( #17, #16, #15 ),
 ( #14, #26, #25 ),
 ( #24, #23, #22 ),
 ( #88, #87, #86 ),
 ( #85, #84, #71 ),
 ( #70, #69, #68 ),
 ( #67, #66, #42 ),
 ( #41, #40, #39 ),
 ( #38, #37, #36 ),
 ( #48, #47, #46 ),
 ( #45, #44, #43 ) ),
 .UNSPECIFIED., .F., .F., .F. ) 
 B_SPLINE_SURFACE_WITH_KNOTS ( ( 4, 2, 2, 2, 2, 2, 2, 4 ),
 ( 3, 3 ),
 ( 0.0000000000000000000, 0.0003911900438442730700, 0.0007823800876885461500, 0.001173570131532819200, 0.001564760175377092300, 0.001955950219221365600, 0.002347140263065638400, 0.003129520350754184600 ),
 ( 0.0000000000000000000, 1.000000000000000000 ),
 .UNSPECIFIED. ) 
 GEOMETRIC_REPRESENTATION_ITEM ( )  RATIONAL_B_SPLINE_SURFACE ( (
 ( 1.000000000000000000, 0.7143144793183466800, 1.000000000000000000),
 ( 1.000000000000000000, 0.7143153498468979300, 1.000000000000000000),
 ( 1.000000000000000000, 0.7139056785199905400, 1.000000000000000000),
 ( 1.000000000000000000, 0.7123796087618040600, 1.000000000000000000),
 ( 1.000000000000000000, 0.7112446697028518300, 1.000000000000000000),
 ( 1.000000000000000000, 0.7085323380840513600, 1.000000000000000000),
 ( 1.000000000000000000, 0.7069679160699803300, 1.000000000000000000),
 ( 1.000000000000000000, 0.7037659949746678500, 1.000000000000000000),
 ( 1.000000000000000000, 0.7021213921496515200, 1.000000000000000000),
 ( 1.000000000000000000, 0.6993144523435691500, 1.000000000000000000),
 ( 1.000000000000000000, 0.6981330734650644800, 1.000000000000000000),
 ( 1.000000000000000000, 0.6966524197672555600, 1.000000000000000000),
 ( 1.000000000000000000, 0.6963770864642272500, 1.000000000000000000),
 ( 1.000000000000000000, 0.6974397996672916400, 1.000000000000000000),
 ( 1.000000000000000000, 0.7007612087534790300, 1.000000000000000000),
 ( 1.000000000000000000, 0.7071067811865471300, 1.000000000000000000) ) ) 
 REPRESENTATION_ITEM ( '' )  SURFACE ( )  );
#74 = CARTESIAN_POINT ( 'NONE',  ( -8.118343554153826200, -16.57052299462591800, -1.999999999999997800 ) ) ;
#75 = DIRECTION ( 'NONE',  ( 0.0000000000000000000, 0.7071067811865475700, -0.7071067811865475700 ) ) ;
#76 = TOROIDAL_SURFACE ( 'NONE', #72, 12.77579727645737500, 0.5000000000000000000 ) ;
#77 = CARTESIAN_POINT ( 'NONE',  ( -13.26685760235616800, -14.04085575662293000, 5.075834153800996300 ) ) ;
#78 = CARTESIAN_POINT ( 'NONE',  ( -13.27423115621944700, -13.79407138902453400, 5.503277960759187500 ) ) ;
#79 = CARTESIAN_POINT ( 'NONE',  ( -12.77340005703295700, -14.31040787942390600, 5.256056286569574400 ) ) ;
#80 = CARTESIAN_POINT ( 'NONE',  ( -13.26382973808662100, -14.31129574363171400, 5.256780867829314200 ) ) ;
#81 = CIRCLE ( 'NONE', #91, 0.5000000000000000000 ) ;
#82 = CARTESIAN_POINT ( 'NONE',  ( -7.120935099595262100, -17.98107155828883600, -1.999999999999997800 ) ) ;
#83 = FACE_OUTER_BOUND ( 'NONE', #4209, .T. ) ;
#84 = CARTESIAN_POINT ( 'NONE',  ( -13.28023898387143700, -12.60770553455837900, 4.744977319155461600 ) ) ;
#85 = CARTESIAN_POINT ( 'NONE',  ( -13.26904637666843500, -12.64200497645456300, 5.255895018652249300 ) ) ;
#86 = CARTESIAN_POINT ( 'NONE',  ( -12.77400880930279600, -12.94690501545140800, 4.744062457155559200 ) ) ;
#87 = CARTESIAN_POINT ( 'NONE',  ( -13.28105693957635800, -12.94063715473527200, 4.743470358825383900 ) ) ;
#88 = CARTESIAN_POINT ( 'NONE',  ( -13.27393881370416300, -12.90827869390931500, 5.250537684063046700 ) ) ;
#89 = FACE_OUTER_BOUND ( 'NONE', #4127, .T. ) ;
#90 = DIRECTION ( 'NONE',  ( 0.0000000000000000000, 0.7071067811865475700, 0.7071067811865475700 ) ) ;
#91 = AXIS2_PLACEMENT_3D ( 'NONE', #63, #95, #94 ) ;
#92 = CARTESIAN_POINT ( 'NONE',  ( -6.573126337452393400, -18.61686666656597900, -1.999999999999997800 ) ) ;
#93 = CARTESIAN_POINT ( 'NONE',  ( 0.0000000000000000000, -14.01510599729324000, 6.015105997293233900 ) ) ;
#94 = DIRECTION ( 'NONE',  ( 0.0000000000000000000, -0.7071067811865484600, 0.7071067811865468000 ) ) ;
#95 = DIRECTION ( 'NONE',  ( 0.1360556523687959900, 0.7005315337151137900, 0.7005315337151154500 ) ) ;
#96 = CARTESIAN_POINT ( 'NONE',  ( 10.18561587465039000, -16.81501117316880200, 4.264885152594605900 ) ) ;
#97 = CARTESIAN_POINT ( 'NONE',  ( 9.759690813836826400, -17.19982332769661300, 4.651026668254211000 ) ) ;
#98 =( BOUNDED_SURFACE ( )  B_SPLINE_SURFACE ( 3, 2, ( 
 ( #578, #485, #484 ),
 ( #584, #487, #486 ),
 ( #580, #579, #481 ),
 ( #480, #583, #582 ),
 ( #581, #526, #525 ),
 ( #524, #609, #608 ),
 ( #607, #606, #563 ),
 ( #562, #561, #560 ),
 ( #531, #530, #529 ),
 ( #528, #527, #514 ) ),
 .UNSPECIFIED., .F., .F., .T. ) 
 B_SPLINE_SURFACE_WITH_KNOTS ( ( 4, 2, 2, 2, 4 ),
 ( 3, 3 ),
 ( 0.001341058267969925800, 0.001732950201963944100, 0.002124842135957962400, 0.002516734069951980500, 0.002908626003945999000 ),
 ( 0.0000000000000000000, 1.000000000000000000 ),
 .UNSPECIFIED. ) 
 GEOMETRIC_REPRESENTATION_ITEM ( )  RATIONAL_B_SPLINE_SURFACE ( (
 ( 1.000000000000000000, 0.7258578128815761400, 1.000000000000000000),
 ( 1.000000000000000000, 0.7258381006631077200, 1.000000000000000000),
 ( 1.000000000000000000, 0.7261291502386129100, 1.000000000000000000),
 ( 1.000000000000000000, 0.7265645715240858200, 1.000000000000000000),
 ( 1.000000000000000000, 0.7266960418525645300, 1.000000000000000000),
 ( 1.000000000000000000, 0.7253228511787062100, 1.000000000000000000),
 ( 1.000000000000000000, 0.7237603990423301400, 1.000000000000000000),
 ( 1.000000000000000000, 0.7177245554443333300, 1.000000000000000000),
 ( 1.000000000000000000, 0.7131629759803614900, 1.000000000000000000),
 ( 1.000000000000000000, 0.7071067811865473500, 1.000000000000000000) ) ) 
 REPRESENTATION_ITEM ( '' )  SURFACE ( )  );
#99 = CARTESIAN_POINT ( 'NONE',  ( -12.75383883684968500, -22.34739818229342800, 12.91884495064158300 ) ) ;
#100 = CARTESIAN_POINT ( 'NONE',  ( -13.23793503470481700, -22.37210729362658100, 12.91298160796199400 ) ) ;
#101 = CARTESIAN_POINT ( 'NONE',  ( -13.25297945796687100, -22.49945708931895200, 13.38479690765649400 ) ) ;
#102 = CARTESIAN_POINT ( 'NONE',  ( -12.73712764732563400, -22.46842293307627600, 12.86864144153420000 ) ) ;
#103 = CARTESIAN_POINT ( 'NONE',  ( -13.22505090510300200, -22.50126833834573900, 12.85060981674189100 ) ) ;
#104 = CARTESIAN_POINT ( 'NONE',  ( -13.23561425574929400, -22.74820786077222600, 13.27768860106166700 ) ) ;
#105 = CARTESIAN_POINT ( 'NONE',  ( -12.72628070068478800, -22.52376929402794700, 12.83156976529942200 ) ) ;
#106 = CARTESIAN_POINT ( 'NONE',  ( -13.21789059028566600, -22.55946016052760700, 12.80493215666784900 ) ) ;
#107 = CARTESIAN_POINT ( 'NONE',  ( -13.22434161468869200, -22.86252591247564700, 13.19991989864463400 ) ) ;
#108 = AXIS2_PLACEMENT_3D ( 'NONE', #119, #234, #174 ) ;
#109 = FACE_OUTER_BOUND ( 'NONE', #4242, .T. ) ;
#110 = CYLINDRICAL_SURFACE ( 'NONE', #108, 0.4999999999999982200 ) ;
#111 = CIRCLE ( 'NONE', #117, 0.5000000000000000000 ) ;
#112 = AXIS2_PLACEMENT_3D ( 'NONE', #118, #164, #163 ) ;
#113 = CARTESIAN_POINT ( 'NONE',  ( 9.658956600404643200, -16.90136172924660600, 3.936283661637658000 ) ) ;
#114 = CARTESIAN_POINT ( 'NONE',  ( 10.08881979762011300, -16.97893195617927000, 3.801821166595091800 ) ) ;
#115 = CARTESIAN_POINT ( 'NONE',  ( 9.684385521192707500, -17.21748182249668000, 4.356760057447248300 ) ) ;
#116 = CARTESIAN_POINT ( 'NONE',  ( 9.750708243324018200, -16.81870650029578600, 4.220545806892084300 ) ) ;
#117 = AXIS2_PLACEMENT_3D ( 'NONE', #176, #132, #131 ) ;
#118 = CARTESIAN_POINT ( 'NONE',  ( 0.0000000000000000000, -12.60089243492014400, 4.600892434920137200 ) ) ;
#119 = CARTESIAN_POINT ( 'NONE',  ( 12.58317764542636600, 21.30726588949064700, -32.43284948068696800 ) ) ;
#120 = DIRECTION ( 'NONE',  ( 0.0000000000000000000, 0.7071067811865458000, 0.7071067811865492400 ) ) ;
#121 = DIRECTION ( 'NONE',  ( 4.299995408764718700E-016, 0.7071067811865492400, -0.7071067811865458000 ) ) ;
#122 = CARTESIAN_POINT ( 'NONE',  ( 12.58317764542636600, -22.88690793466857400, 11.76132434347225200 ) ) ;
#123 = CARTESIAN_POINT ( 'NONE',  ( 13.07083174928489600, -23.15531582958991700, 11.86804368344279600 ) ) ;
#124 = CARTESIAN_POINT ( 'NONE',  ( 12.58317764142432300, -23.28728286482787300, 11.45459249244498200 ) ) ;
#125 = CARTESIAN_POINT ( 'NONE',  ( 13.00301101887753300, -23.29418425596107100, 11.46149386267617000 ) ) ;
#126 = CARTESIAN_POINT ( 'NONE',  ( 13.07563918292076400, -23.04171323444424100, 11.79380520506277300 ) ) ;
#127 = CARTESIAN_POINT ( 'NONE',  ( 12.58317764542636400, -23.24046132526185500, 11.40777095287896800 ) ) ;
#128 = CARTESIAN_POINT ( 'NONE',  ( -11.99517808879720900, -9.491495494420672000, 7.710289375419614000 ) ) ;
#129 = TOROIDAL_SURFACE ( 'NONE', #228, 3.499999999999999600, 0.5000000000000000000 ) ;
#130 = AXIS2_PLACEMENT_3D ( 'NONE', #128, #160, #159 ) ;
#131 = DIRECTION ( 'NONE',  ( 0.0000000000000000000, 0.7071067811865484600, -0.7071067811865468000 ) ) ;
#132 = DIRECTION ( 'NONE',  ( -0.4080766565331506200, -0.6455514860925977100, -0.6455514860925996000 ) ) ;
#133 = CARTESIAN_POINT ( 'NONE',  ( 10.25395081124349500, -16.84004704361370800, 4.767633471295377800 ) ) ;
#134 = CARTESIAN_POINT ( 'NONE',  ( 12.71333574833236000, -21.86277634378662100, 12.78545593435420400 ) ) ;
#135 = CARTESIAN_POINT ( 'NONE',  ( 12.71333574833236000, -21.95648306670332100, 12.87916265727090300 ) ) ;
#136 = CARTESIAN_POINT ( 'NONE',  ( 12.72505578835927200, -22.00933467729004500, 13.00934998741253600 ) ) ;
#137 = CARTESIAN_POINT ( 'NONE',  ( 12.75304714057763900, -22.00911085908422000, 13.26952890942817500 ) ) ;
#138 = CARTESIAN_POINT ( 'NONE',  ( 12.76768794479239900, -21.95639862744676300, 13.39894043188060200 ) ) ;
#139 = CARTESIAN_POINT ( 'NONE',  ( 12.77311500707115000, -21.86277634378662100, 13.49256271554074800 ) ) ;
#140 = CIRCLE ( 'NONE', #201, 0.4999999999999994400 ) ;
#141 = CARTESIAN_POINT ( 'NONE',  ( 9.802878583694079500, -17.29993694641976300, 4.941671946027120100 ) ) ;
#142 = B_SPLINE_CURVE_WITH_KNOTS ( 'NONE', 3,
 ( #139, #138, #137, #136, #135, #134 ),
 .UNSPECIFIED., .F., .F.,
 ( 4, 2, 4 ),
 ( 0.0000000000000000000, 0.0003918003236149462400, 0.0007836006472298924800 ),
 .UNSPECIFIED. ) ;
#143 = FACE_OUTER_BOUND ( 'NONE', #4165, .T. ) ;
#144 = DIRECTION ( 'NONE',  ( 0.0000000000000000000, 0.7071067811865458000, -0.7071067811865493500 ) ) ;
#145 = DIRECTION ( 'NONE',  ( -0.5494639798980081000, -0.5908000231866292800, -0.5908000231866278300 ) ) ;
#146 = CARTESIAN_POINT ( 'NONE',  ( 9.003366181982432400, -16.08050300366548100, -0.2929316961982884000 ) ) ;
#147 = AXIS2_PLACEMENT_3D ( 'NONE', #146, #145, #144 ) ;
#148 = CARTESIAN_POINT ( 'NONE',  ( -10.64299401356664500, -20.13153797171811000, 14.51669430642271200 ) ) ;
#149 = AXIS2_PLACEMENT_3D ( 'NONE', #148, #195, #194 ) ;
#150 = DIRECTION ( 'NONE',  ( 0.0000000000000000000, 0.7071067811865475700, 0.7071067811865475700 ) ) ;
#151 = DIRECTION ( 'NONE',  ( 0.0000000000000000000, 0.7071067811865475700, -0.7071067811865475700 ) ) ;
#152 = CARTESIAN_POINT ( 'NONE',  ( -10.64299401356664500, -14.07582983581961500, 8.460986170524213500 ) ) ;
#153 = AXIS2_PLACEMENT_3D ( 'NONE', #152, #151, #150 ) ;
#154 = CIRCLE ( 'NONE', #153, 0.5000000000000006700 ) ;
#155 = DIRECTION ( 'NONE',  ( -1.000000000000000000, 0.0000000000000000000, 0.0000000000000000000 ) ) ;
#156 = DIRECTION ( 'NONE',  ( -0.0000000000000000000, -0.0000000000000000000, -1.000000000000000000 ) ) ;
#157 = CIRCLE ( 'NONE', #147, 0.4999999999999994400 ) ;
#158 = CARTESIAN_POINT ( 'NONE',  ( -27.50000000000000000, 0.0000000000000000000, -1.207106781186547200 ) ) ;
#159 = DIRECTION ( 'NONE',  ( 0.0000000000000000000, -0.7071067811865475700, 0.7071067811865475700 ) ) ;
#160 = DIRECTION ( 'NONE',  ( 0.3441938869959228500, 0.6639015620386188300, 0.6639015620386203900 ) ) ;
#161 = SPHERICAL_SURFACE ( 'NONE', #149, 0.5000000000000000000 ) ;
#162 = CIRCLE ( 'NONE', #130, 0.5000000000000006700 ) ;
#163 = DIRECTION ( 'NONE',  ( 0.0000000000000000000, -0.7071067811865476800, -0.7071067811865474600 ) ) ;
#164 = DIRECTION ( 'NONE',  ( 0.0000000000000000000, -0.7071067811865475700, 0.7071067811865475700 ) ) ;
#165 = CARTESIAN_POINT ( 'NONE',  ( -5.149722733149005200, -19.41830275715578900, -1.193175195715416400 ) ) ;
#166 = CARTESIAN_POINT ( 'NONE',  ( -4.732019977151127300, -18.95141111882079300, -1.999999999999999300 ) ) ;
#167 = CARTESIAN_POINT ( 'NONE',  ( -5.400298070254428300, -19.72512756144045600, -1.999999999999997800 ) ) ;
#168 = CARTESIAN_POINT ( 'NONE',  ( -4.553731958676849000, -19.87978050693865500, -1.182214559250449800 ) ) ;
#169 = CARTESIAN_POINT ( 'NONE',  ( -4.149674639084056900, -19.33680814395652400, -1.999999999999359600 ) ) ;
#170 = CARTESIAN_POINT ( 'NONE',  ( -4.775307561823128200, -20.19756594768795600, -1.999999999999997800 ) ) ;
#171 = CARTESIAN_POINT ( 'NONE',  ( -3.311022785408222400, -20.62545328749304800, -1.164503958311357200 ) ) ;
#172 = CARTESIAN_POINT ( 'NONE',  ( -2.963745090388022300, -19.95326770732779300, -2.000000000000670100 ) ) ;
#173 = CARTESIAN_POINT ( 'NONE',  ( -3.472130614627031000, -20.96094932918194000, -1.999999999999997800 ) ) ;
#174 = DIRECTION ( 'NONE',  ( 0.0000000000000000000, -0.7071067811865475700, -0.7071067811865475700 ) ) ;
#175 = TOROIDAL_SURFACE ( 'NONE', #112, 12.77579727645737500, 0.5000000000000000000 ) ;
#176 = CARTESIAN_POINT ( 'NONE',  ( -9.837738981906927200, -8.784388713234124100, 7.003182594233067000 ) ) ;
#177 = CARTESIAN_POINT ( 'NONE',  ( 12.36592564070143400, -23.94756810644840100, 11.40777095287896800 ) ) ;
#178 = CARTESIAN_POINT ( 'NONE',  ( 12.84988469911138500, -24.03640399385589900, 11.31893506547147200 ) ) ;
#179 = CARTESIAN_POINT ( 'NONE',  ( 12.84988469911138300, -24.38995738444917200, 11.67248845606474800 ) ) ;
#180 = CARTESIAN_POINT ( 'NONE',  ( 12.39891474396826800, -23.90263869736418600, 11.45270036196318700 ) ) ;
#181 = CARTESIAN_POINT ( 'NONE',  ( 12.86841789684920900, -23.99703458485073400, 11.38053057298253100 ) ) ;
#182 = CARTESIAN_POINT ( 'NONE',  ( 12.88415597029049000, -24.29660607481762800, 11.76583975744301100 ) ) ;
#183 = CARTESIAN_POINT ( 'NONE',  ( 12.43052718986896100, -23.84764935338187500, 11.48992412727613500 ) ) ;
#184 = CARTESIAN_POINT ( 'NONE',  ( 12.88881987798789400, -23.94105695073492500, 11.43714884087683200 ) ) ;
#185 = CARTESIAN_POINT ( 'NONE',  ( 12.91701452869072900, -24.18299422070962700, 11.84392046325988800 ) ) ;
#186 = CARTESIAN_POINT ( 'NONE',  ( 12.48493538857810700, -23.72861845867937400, 11.54006998076974200 ) ) ;
#187 = CARTESIAN_POINT ( 'NONE',  ( 12.92610138059805500, -23.81124805332769900, 11.51840166854619700 ) ) ;
#188 = CARTESIAN_POINT ( 'NONE',  ( 12.97355207024514500, -23.93831144432059300, 11.95083315564243500 ) ) ;
#189 = FACE_OUTER_BOUND ( 'NONE', #4039, .T. ) ;
#190 = DIRECTION ( 'NONE',  ( -3.469446951953618100E-015, -0.7071067811865458000, -0.7071067811865492400 ) ) ;
#191 = DIRECTION ( 'NONE',  ( -4.582811879498755100E-015, 0.7071067811865492400, -0.7071067811865459100 ) ) ;
#192 = CARTESIAN_POINT ( 'NONE',  ( -10.64299401356664300, -20.13153797171811400, 14.51669430642271200 ) ) ;
#193 = CARTESIAN_POINT ( 'NONE',  ( -12.71333574833236000, -22.56988312497316300, 12.78545593435420700 ) ) ;
#194 = DIRECTION ( 'NONE',  ( 1.000000000000000000, 0.0000000000000000000, 0.0000000000000000000 ) ) ;
#195 = DIRECTION ( 'NONE',  ( 0.0000000000000000000, 1.000000000000000000, 0.0000000000000000000 ) ) ;
#196 = CARTESIAN_POINT ( 'NONE',  ( 13.00301102224423600, -23.24046132526185100, 11.40777095287896800 ) ) ;
#197 = CARTESIAN_POINT ( 'NONE',  ( 13.07563918708740900, -22.94807013698678900, 11.70016214115403500 ) ) ;
#198 =( BOUNDED_SURFACE ( )  B_SPLINE_SURFACE ( 3, 2, ( 
 ( #197, #196, #127 ),
 ( #126, #125, #124 ),
 ( #123, #246, #245 ),
 ( #244, #243, #242 ),
 ( #241, #240, #239 ),
 ( #238, #237, #236 ),
 ( #188, #187, #186 ),
 ( #185, #184, #183 ),
 ( #182, #181, #180 ),
 ( #179, #178, #177 ) ),
 .UNSPECIFIED., .F., .F., .T. ) 
 B_SPLINE_SURFACE_WITH_KNOTS ( ( 4, 2, 2, 2, 4 ),
 ( 3, 3 ),
 ( 0.001333316809221888900, 0.001729004482579306300, 0.002124692155936723700, 0.002520379829294141300, 0.002916067502651558900 ),
 ( 0.0000000000000000000, 1.000000000000000000 ),
 .UNSPECIFIED. ) 
 GEOMETRIC_REPRESENTATION_ITEM ( )  RATIONAL_B_SPLINE_SURFACE ( (
 ( 1.000000000000000000, 0.7658305400171877600, 1.000000000000000000),
 ( 1.000000000000000000, 0.7658199113653586500, 1.000000000000000000),
 ( 1.000000000000000000, 0.7650527370428613600, 1.000000000000000000),
 ( 1.000000000000000000, 0.7614637297756260400, 1.000000000000000000),
 ( 1.000000000000000000, 0.7586151060497335900, 1.000000000000000000),
 ( 1.000000000000000000, 0.7498857674821212100, 1.000000000000000000),
 ( 1.000000000000000000, 0.7438891413001621500, 1.000000000000000000),
 ( 1.000000000000000000, 0.7282687234046215700, 1.000000000000000000),
 ( 1.000000000000000000, 0.7184299534032963000, 1.000000000000000000),
 ( 1.000000000000000000, 0.7071067811865482400, 1.000000000000000000) ) ) 
 REPRESENTATION_ITEM ( '' )  SURFACE ( )  );
#199 = FACE_OUTER_BOUND ( 'NONE', #4373, .T. ) ;
#200 = CIRCLE ( 'NONE', #233, 0.4999999999999994400 ) ;
#201 = AXIS2_PLACEMENT_3D ( 'NONE', #192, #191, #190 ) ;
#202 = CARTESIAN_POINT ( 'NONE',  ( -2.664335110406881300, -20.90962988276178800, -1.157754431700126300 ) ) ;
#203 = CARTESIAN_POINT ( 'NONE',  ( -2.371695027060880500, -20.17063619898000900, -2.000000000000159400 ) ) ;
#204 = CARTESIAN_POINT ( 'NONE',  ( -2.793976394617000200, -21.25187545106228300, -1.999999999999997800 ) ) ;
#205 = CARTESIAN_POINT ( 'NONE',  ( -1.345082088866147200, -21.28977056969767600, -1.148725645638795500 ) ) ;
#206 = CARTESIAN_POINT ( 'NONE',  ( -1.178688334407392600, -20.46374681159048600, -1.999999999999847700 ) ) ;
#207 = CARTESIAN_POINT ( 'NONE',  ( -1.410531126672155400, -21.64104492405826000, -1.999999999999997800 ) ) ;
#208 = CARTESIAN_POINT ( 'NONE',  ( -0.6725569876096322300, -21.38572526315398300, -1.146446609408559500 ) ) ;
#209 = CARTESIAN_POINT ( 'NONE',  ( -0.5933361501682399300, -20.53217187256254700, -2.000000000000151000 ) ) ;
#210 = CARTESIAN_POINT ( 'NONE',  ( -0.7052822822760375100, -21.73927865374664500, -1.999999999999997800 ) ) ;
#211 = CARTESIAN_POINT ( 'NONE',  ( 1.258422224330061300E-015, -21.38572526315581600, -1.146446609406724000 ) ) ;
#212 = CARTESIAN_POINT ( 'NONE',  ( 1.110594278749142900E-015, -20.53217187256254300, -1.999999999999998000 ) ) ;
#213 = CARTESIAN_POINT ( 'NONE',  ( 1.319654564287428900E-015, -21.73927865374908900, -1.999999999999997800 ) ) ;
#214 =( BOUNDED_SURFACE ( )  B_SPLINE_SURFACE ( 3, 2, ( 
 ( #213, #212, #211 ),
 ( #210, #209, #208 ),
 ( #207, #206, #205 ),
 ( #204, #203, #202 ),
 ( #173, #172, #171 ),
 ( #170, #169, #168 ),
 ( #167, #166, #165 ),
 ( #92, #64, #65 ),
 ( #82, #61, #49 ),
 ( #74, #2, #1 ),
 ( #13, #12, #11 ),
 ( #10, #9, #8 ),
 ( #7, #60, #59 ),
 ( #58, #57, #56 ),
 ( #55, #54, #53 ),
 ( #345, #328, #255 ),
 ( #284, #327, #286 ),
 ( #285, #251, #250 ),
 ( #249, #248, #247 ),
 ( #344, #343, #326 ),
 ( #325, #324, #259 ),
 ( #258, #257, #256 ),
 ( #265, #264, #263 ),
 ( #262, #261, #260 ) ),
 .UNSPECIFIED., .F., .F., .T. ) 
 B_SPLINE_SURFACE_WITH_KNOTS ( ( 4, 2, 2, 2, 2, 2, 2, 2, 2, 2, 2, 4 ),
 ( 3, 3 ),
 ( 3.141592653589793100, 3.337942194439155400, 3.534291735288517300, 3.730641276137879100, 3.926990816987241400, 4.123340357836603700, 4.319689898685965100, 4.712388980384689700, 5.105088062083414300, 5.497787143782138000, 5.890486225480861600, 6.283185307179586200 ),
 ( 0.0000000000000000000, 1.000000000000000000 ),
 .UNSPECIFIED. ) 
 GEOMETRIC_REPRESENTATION_ITEM ( )  RATIONAL_B_SPLINE_SURFACE ( (
 ( 1.000000000000000000, 0.3826834323650890000, 1.000000000000000000),
 ( 1.000000000000000000, 0.3826683969279202100, 1.000000000000000000),
 ( 1.000000000000000000, 0.3856927452418927900, 1.000000000000000000),
 ( 1.000000000000000000, 0.3972249737285225600, 1.000000000000000000),
 ( 1.000000000000000000, 0.4057302575876723900, 1.000000000000000000),
 ( 1.000000000000000000, 0.4269984107813381000, 1.000000000000000000),
 ( 1.000000000000000000, 0.4397450864045657200, 1.000000000000000000),
 ( 1.000000000000000000, 0.4680678885966932400, 1.000000000000000000),
 ( 1.000000000000000000, 0.4836375382896174700, 1.000000000000000000),
 ( 1.000000000000000000, 0.5163624617103762500, 1.000000000000000000),
 ( 1.000000000000000000, 0.5335174740502303100, 1.000000000000000000),
 ( 1.000000000000000000, 0.5684376255853649300, 1.000000000000000000),
 ( 1.000000000000000000, 0.5862044770717972400, 1.000000000000000000),
 ( 1.000000000000000000, 0.6393053651327772500, 1.000000000000000000),
 ( 1.000000000000000000, 0.6743818577263819300, 1.000000000000000000),
 ( 1.000000000000000000, 0.7398317046467138800, 1.000000000000000000),
 ( 1.000000000000000000, 0.7702345535639718600, 1.000000000000000000),
 ( 1.000000000000000000, 0.8238783973106501600, 1.000000000000000000),
 ( 1.000000000000000000, 0.8471316604147105500, 1.000000000000000000),
 ( 1.000000000000000000, 0.8849191471541655300, 1.000000000000000000),
 ( 1.000000000000000000, 0.8994581711920178700, 1.000000000000000000),
 ( 1.000000000000000000, 0.9189375406585061900, 1.000000000000000000),
 ( 1.000000000000000000, 0.9238886108710794300, 1.000000000000000000),
 ( 1.000000000000000000, 0.9238795325112865200, 1.000000000000000000) ) ) 
 REPRESENTATION_ITEM ( '' )  SURFACE ( )  );
#215 = CARTESIAN_POINT ( 'NONE',  ( -13.21089122268854300, -22.60480124303666800, 12.75053781629069900 ) ) ;
#216 = CARTESIAN_POINT ( 'NONE',  ( -13.21089122268854300, -22.95835463362994100, 13.10409120688397500 ) ) ;
#217 = CARTESIAN_POINT ( 'NONE',  ( 9.778164634923944800, -17.22035150060487800, 4.752429879583650600 ) ) ;
#218 = CARTESIAN_POINT ( 'NONE',  ( 9.878289533771756200, -16.85712312294483800, 4.827113817803155600 ) ) ;
#219 = CARTESIAN_POINT ( 'NONE',  ( 9.853772090041637500, -16.82035143143596700, 4.674203516095493800 ) ) ;
#220 = CARTESIAN_POINT ( 'NONE',  ( 10.23457809557877100, -16.80947216315555100, 4.597350490863608900 ) ) ;
#221 = CARTESIAN_POINT ( 'NONE',  ( 10.15560859529881600, -16.85106214523225500, 4.100103348459499300 ) ) ;
#222 = CARTESIAN_POINT ( 'NONE',  ( 9.713000459081827700, -17.19842543398871400, 4.453962895819755000 ) ) ;
#223 = CARTESIAN_POINT ( 'NONE',  ( 9.790585324930377800, -16.80079688383197500, 4.372913505869292700 ) ) ;
#224 = CARTESIAN_POINT ( 'NONE',  ( 9.584966650075012100, -17.34235556362772000, 4.102070011112519200 ) ) ;
#225 = CARTESIAN_POINT ( 'NONE',  ( 9.605167215484561500, -16.96889613616163900, 3.800435314176679100 ) ) ;
#226 = CARTESIAN_POINT ( 'NONE',  ( 10.05134916825282000, -17.07198765459788300, 3.665331121175138900 ) ) ;
#227 = CARTESIAN_POINT ( 'NONE',  ( 9.620695746240279800, -17.28910378871101700, 4.181688724322034600 ) ) ;
#228 = AXIS2_PLACEMENT_3D ( 'NONE', #158, #156, #155 ) ;
#229 = FACE_OUTER_BOUND ( 'NONE', #4135, .T. ) ;
#230 = CARTESIAN_POINT ( 'NONE',  ( 9.548244929532391000, -17.40763904189754600, 4.036786515062022600 ) ) ;
#231 = CARTESIAN_POINT ( 'NONE',  ( 9.548244929532391000, -17.05408565130427300, 3.683233124468748200 ) ) ;
#232 = CARTESIAN_POINT ( 'NONE',  ( 10.01284366930162400, -17.18475318936335600, 3.552565586409667900 ) ) ;
#233 = AXIS2_PLACEMENT_3D ( 'NONE', #122, #121, #120 ) ;
#234 = DIRECTION ( 'NONE',  ( -0.0000000000000000000, -0.7071067811865475700, 0.7071067811865475700 ) ) ;
#235 = FACE_OUTER_BOUND ( 'NONE', #4387, .T. ) ;
#236 = CARTESIAN_POINT ( 'NONE',  ( 12.50849706247052000, -23.66311327082081900, 11.55371510602756900 ) ) ;
#237 = CARTESIAN_POINT ( 'NONE',  ( 12.94365587644692500, -23.73586614414734800, 11.54508955898642600 ) ) ;
#238 = CARTESIAN_POINT ( 'NONE',  ( 12.99803586995597400, -23.80420340314464400, 11.98122107649032500 ) ) ;
#239 = CARTESIAN_POINT ( 'NONE',  ( 12.54579059985516100, -23.53238962526129900, 11.55469209181923200 ) ) ;
#240 = CARTESIAN_POINT ( 'NONE',  ( 12.97225917294867700, -23.58344035903920100, 11.56229937420317100 ) ) ;
#241 = CARTESIAN_POINT ( 'NONE',  ( 13.03678894086119500, -23.53760180954866100, 11.98832934239233200 ) ) ;
#242 = CARTESIAN_POINT ( 'NONE',  ( 12.55989753858522600, -23.46619745878776400, 11.54210998648286900 ) ) ;
#243 = CARTESIAN_POINT ( 'NONE',  ( 12.98375075649861400, -23.50483537449933300, 11.55362773280078800 ) ) ;
#244 = CARTESIAN_POINT ( 'NONE',  ( 13.05144798017882800, -23.40311936384291200, 11.96526325277094600 ) ) ;
#245 = CARTESIAN_POINT ( 'NONE',  ( 12.57855126963554000, -23.34371353193417800, 11.49208236575931300 ) ) ;
#246 = CARTESIAN_POINT ( 'NONE',  ( 12.99906060253719400, -23.36052083933037000, 11.50319079424788300 ) ) ;
#247 = CARTESIAN_POINT ( 'NONE',  ( -8.217214360278069000, 2.647973636238864200, -1.717275076556328100 ) ) ;
#248 = CARTESIAN_POINT ( 'NONE',  ( -8.361535607671795500, 2.681991102487552700, -1.999999999999615200 ) ) ;
#249 = CARTESIAN_POINT ( 'NONE',  ( -8.617047781432523500, 2.865248712795194200, -1.999999999999997800 ) ) ;
#250 = CARTESIAN_POINT ( 'NONE',  ( -8.978851790054699600, 0.9967337777177264200, -1.678056198043654400 ) ) ;
#251 = CARTESIAN_POINT ( 'NONE',  ( -9.112500055453287100, 0.9826839668726878900, -1.999999999998789200 ) ) ;
#252 = CARTESIAN_POINT ( 'NONE',  ( -12.66398478673458200, -20.48509136231138300, 14.87024769701598500 ) ) ;
#253 = CARTESIAN_POINT ( 'NONE',  ( -12.69830948633306800, -20.57621483862185800, 14.77912422070551200 ) ) ;
#254 = CARTESIAN_POINT ( 'NONE',  ( -12.72346542314954700, -20.63070242097390100, 14.65072251120771100 ) ) ;
#255 = CARTESIAN_POINT ( 'NONE',  ( -10.27579727645737200, -4.551463120978811000, -1.546280030572599700 ) ) ;
#256 = CARTESIAN_POINT ( 'NONE',  ( -2.689668198773282400, 7.998289677771957400, -1.844351342159536800 ) ) ;
#257 = CARTESIAN_POINT ( 'NONE',  ( -2.757259873764930100, 8.130568072261168000, -1.999999999999998200 ) ) ;
#258 = CARTESIAN_POINT ( 'NONE',  ( -2.820542141028882900, 8.342641019931496900, -1.999999999999997800 ) ) ;
#259 = CARTESIAN_POINT ( 'NONE',  ( -5.175086545311843100, 6.506944116659686200, -1.808930140278646400 ) ) ;
#260 = CARTESIAN_POINT ( 'NONE',  ( 1.825348277232552100E-014, 8.385725263155798400, -1.853553390593271500 ) ) ;
#261 = CARTESIAN_POINT ( 'NONE',  ( 1.862137831957241700E-014, 8.532171872562523500, -1.999999999999997800 ) ) ;
#262 = CARTESIAN_POINT ( 'NONE',  ( 1.914166119202565000E-014, 8.739278653749071400, -1.999999999999997800 ) ) ;
#263 = CARTESIAN_POINT ( 'NONE',  ( -1.345341234530187200, 8.385725263156334800, -1.853553390593805100 ) ) ;
#264 = CARTESIAN_POINT ( 'NONE',  ( -1.372450364081362600, 8.532171872564971300, -1.999999999999997800 ) ) ;
#265 = CARTESIAN_POINT ( 'NONE',  ( -1.410802881852113400, 8.739278653749071400, -1.999999999999997800 ) ) ;
#266 = DIRECTION ( 'NONE',  ( 0.0000000000000000000, 0.0000000000000000000, -1.000000000000000000 ) ) ;
#267 = DIRECTION ( 'NONE',  ( 1.000000000000000000, 0.0000000000000000000, 0.0000000000000000000 ) ) ;
#268 = CARTESIAN_POINT ( 'NONE',  ( -10.64299401356664300, -20.13153797171811000, 14.51669430642271200 ) ) ;
#269 = FACE_OUTER_BOUND ( 'NONE', #4162, .T. ) ;
#270 = DIRECTION ( 'NONE',  ( 0.0000000000000000000, 0.0000000000000000000, -1.000000000000000000 ) ) ;
#271 = DIRECTION ( 'NONE',  ( 1.000000000000000000, 0.0000000000000000000, 0.0000000000000000000 ) ) ;
#272 = CARTESIAN_POINT ( 'NONE',  ( 0.0000000000000000000, -21.50922295319334800, 13.13900932494747500 ) ) ;
#273 = TOROIDAL_SURFACE ( 'NONE', #280, 4.207106781186547000, 0.5000000000000000000 ) ;
#274 = CYLINDRICAL_SURFACE ( 'NONE', #348, 0.5000000000000004400 ) ;
#275 = FACE_OUTER_BOUND ( 'NONE', #4048, .T. ) ;
#276 = CIRCLE ( 'NONE', #346, 0.5000000000000004400 ) ;
#277 = CARTESIAN_POINT ( 'NONE',  ( -12.75223920105476900, -20.63235362528925500, 14.38897434628790600 ) ) ;
#278 = CARTESIAN_POINT ( 'NONE',  ( -12.75733636444396000, -20.57943441492610500, 14.25748396844415200 ) ) ;
#279 = CARTESIAN_POINT ( 'NONE',  ( -12.75733636444396000, -20.48509136231138700, 14.16314091582943700 ) ) ;
#280 = AXIS2_PLACEMENT_3D ( 'NONE', #338, #337, #336 ) ;
#281 = CIRCLE ( 'NONE', #322, 0.4999999999999994400 ) ;
#282 = B_SPLINE_CURVE_WITH_KNOTS ( 'NONE', 3,
 ( #279, #278, #277, #254, #253, #252 ),
 .UNSPECIFIED., .F., .F.,
 ( 4, 2, 4 ),
 ( 0.0000000000000000000, 0.0003945313083285092600, 0.0007890626166570185100 ),
 .UNSPECIFIED. ) ;
#283 = AXIS2_PLACEMENT_3D ( 'NONE', #313, #312, #311 ) ;
#284 = CARTESIAN_POINT ( 'NONE',  ( -10.49533211616883900, -2.511151051791964400, -1.999999999999997800 ) ) ;
#285 = CARTESIAN_POINT ( 'NONE',  ( -9.415744984250848000, 1.174789975761383100, -1.999999999999997800 ) ) ;
#286 = CARTESIAN_POINT ( 'NONE',  ( -10.00834577785369800, -2.603692903821404900, -1.592541852029438500 ) ) ;
#287 = CARTESIAN_POINT ( 'NONE',  ( 10.67846631720719100, -13.84087196518487100, 3.357834718980205100 ) ) ;
#288 = CARTESIAN_POINT ( 'NONE',  ( 10.13537166749294400, -13.36650203981040400, 2.961773307732601200 ) ) ;
#289 = CARTESIAN_POINT ( 'NONE',  ( 10.09108674597122500, -13.88735483817365500, 3.113299573082085400 ) ) ;
#290 = CARTESIAN_POINT ( 'NONE',  ( 10.62853883351708700, -13.90776112274116500, 3.037503667306282300 ) ) ;
#291 = CARTESIAN_POINT ( 'NONE',  ( 10.10664591022195000, -13.41917890101548300, 2.781501644253028300 ) ) ;
#292 = CARTESIAN_POINT ( 'NONE',  ( 10.06399861330550900, -13.92746912873049700, 2.967344714463820300 ) ) ;
#293 = CARTESIAN_POINT ( 'NONE',  ( 10.59841534014782000, -13.95638134634805800, 2.882554441145842400 ) ) ;
#294 = CARTESIAN_POINT ( 'NONE',  ( 10.03687523388247100, -13.55958848494160000, 2.434177232161037100 ) ) ;
#295 = CARTESIAN_POINT ( 'NONE',  ( 10.00097343631264800, -14.03435363915203900, 2.682141530017554000 ) ) ;
#296 = CARTESIAN_POINT ( 'NONE',  ( 10.52524975785956400, -14.08327773708361400, 2.583229025593937400 ) ) ;
#297 = CARTESIAN_POINT ( 'NONE',  ( 9.995768015590671900, -13.64755164261753100, 2.267944987447118700 ) ) ;
#298 = CARTESIAN_POINT ( 'NONE',  ( 9.965275687536578900, -14.10081169958629000, 2.544325909513805800 ) ) ;
#299 = CARTESIAN_POINT ( 'NONE',  ( 10.48214234526666300, -14.16173397101042400, 2.439548551868875800 ) ) ;
#300 = CARTESIAN_POINT ( 'NONE',  ( 9.903250508309620100, -13.84970428638505000, 1.963349139719540200 ) ) ;
#301 = CARTESIAN_POINT ( 'NONE',  ( 9.886160225028682200, -14.25596774781862700, 2.285739197474816900 ) ) ;
#302 = CARTESIAN_POINT ( 'NONE',  ( 10.38512311794851900, -14.34046841750715600, 2.175444771283382200 ) ) ;
#303 = CARTESIAN_POINT ( 'NONE',  ( 9.851471458009552200, -13.96464343806770700, 1.822927871385690200 ) ) ;
#304 = CARTESIAN_POINT ( 'NONE',  ( 9.842780877067197000, -14.34441342978842600, 2.163999628126846500 ) ) ;
#305 = CARTESIAN_POINT ( 'NONE',  ( 10.33082454052893200, -14.44142837645628000, 2.053249712197457100 ) ) ;
#306 = CARTESIAN_POINT ( 'NONE',  ( 9.793733505595961100, -14.09319394782269800, 1.694377359644493300 ) ) ;
#307 = CARTESIAN_POINT ( 'NONE',  ( 9.793733505595961100, -14.44674733841596900, 2.047930750237769700 ) ) ;
#308 = CARTESIAN_POINT ( 'NONE',  ( 10.27027723461804600, -14.55376620200955700, 1.940911886644181000 ) ) ;
#309 =( BOUNDED_SURFACE ( )  B_SPLINE_SURFACE ( 3, 2, ( 
 ( #308, #307, #306 ),
 ( #305, #304, #303 ),
 ( #302, #301, #300 ),
 ( #299, #298, #297 ),
 ( #296, #295, #294 ),
 ( #293, #292, #291 ),
 ( #290, #289, #288 ),
 ( #287, #374, #373 ),
 ( #372, #371, #370 ),
 ( #369, #368, #367 ),
 ( #366, #365, #364 ),
 ( #363, #362, #361 ),
 ( #360, #359, #358 ),
 ( #357, #356, #355 ),
 ( #354, #353, #352 ),
 ( #351, #350, #349 ) ),
 .UNSPECIFIED., .F., .F., .T. ) 
 B_SPLINE_SURFACE_WITH_KNOTS ( ( 4, 2, 2, 2, 2, 2, 2, 4 ),
 ( 3, 3 ),
 ( 2.168404344971008900E-019, 0.0005919571228352160100, 0.001183914245670431800, 0.001775871368505647700, 0.002367828491340863600, 0.002959785614176079300, 0.003551742737011295400, 0.004735656982681727200 ),
 ( 0.0000000000000000000, 1.000000000000000000 ),
 .UNSPECIFIED. ) 
 GEOMETRIC_REPRESENTATION_ITEM ( )  RATIONAL_B_SPLINE_SURFACE ( (
 ( 1.000000000000000000, 0.7071067811865465700, 1.000000000000000000),
 ( 1.000000000000000000, 0.7003046950240193700, 1.000000000000000000),
 ( 1.000000000000000000, 0.6946487620169411500, 1.000000000000000000),
 ( 1.000000000000000000, 0.6856973558156910200, 1.000000000000000000),
 ( 1.000000000000000000, 0.6823871963647014600, 1.000000000000000000),
 ( 1.000000000000000000, 0.6782282268004769000, 1.000000000000000000),
 ( 1.000000000000000000, 0.6773496460191137400, 1.000000000000000000),
 ( 1.000000000000000000, 0.6774399390628576000, 1.000000000000000000),
 ( 1.000000000000000000, 0.6784325707264177200, 1.000000000000000000),
 ( 1.000000000000000000, 0.6814557051951634100, 1.000000000000000000),
 ( 1.000000000000000000, 0.6834788895379875200, 1.000000000000000000),
 ( 1.000000000000000000, 0.6877805830907248700, 1.000000000000000000),
 ( 1.000000000000000000, 0.6900053139588324700, 1.000000000000000000),
 ( 1.000000000000000000, 0.6958223087715179600, 1.000000000000000000),
 ( 1.000000000000000000, 0.6985557874327537100, 1.000000000000000000),
 ( 1.000000000000000000, 0.6984649659469714900, 1.000000000000000000) ) ) 
 REPRESENTATION_ITEM ( '' )  SURFACE ( )  );
#310 = TOROIDAL_SURFACE ( 'NONE', #317, 3.499999999999999600, 0.5000000000000000000 ) ;
#311 = DIRECTION ( 'NONE',  ( 0.0000000000000000000, 0.7071067811865449100, -0.7071067811865501300 ) ) ;
#312 = DIRECTION ( 'NONE',  ( -0.3026950566476194800, -0.6739346046468830400, -0.6739346046468781500 ) ) ;
#313 = CARTESIAN_POINT ( 'NONE',  ( 10.27027723461804600, -14.20021281141628600, 1.587358496050906200 ) ) ;
#314 = CIRCLE ( 'NONE', #283, 0.5000000000000001100 ) ;
#315 = CARTESIAN_POINT ( 'NONE',  ( -13.24369843320536000, -22.30117035477255200, 12.92991365001037900 ) ) ;
#316 = FACE_OUTER_BOUND ( 'NONE', #4074, .T. ) ;
#317 = AXIS2_PLACEMENT_3D ( 'NONE', #323, #342, #341 ) ;
#318 = FACE_OUTER_BOUND ( 'NONE', #4192, .T. ) ;
#319 = DIRECTION ( 'NONE',  ( 0.0000000000000000000, 0.7071067811865458000, -0.7071067811865492400 ) ) ;
#320 = DIRECTION ( 'NONE',  ( 0.02429338268939548000, 0.7068980943380422900, 0.7068980943380388500 ) ) ;
#321 = CARTESIAN_POINT ( 'NONE',  ( 10.77261703942160400, -21.50922295319334800, 13.13900932494747300 ) ) ;
#322 = AXIS2_PLACEMENT_3D ( 'NONE', #321, #320, #319 ) ;
#323 = CARTESIAN_POINT ( 'NONE',  ( 27.50000000000000000, -1.224646799147353100E-015, -1.207106781186547200 ) ) ;
#324 = CARTESIAN_POINT ( 'NONE',  ( -5.285795962295339700, 6.616586518107715700, -1.999999999999998400 ) ) ;
#325 = CARTESIAN_POINT ( 'NONE',  ( -5.426896035421333600, 6.815874256938335500, -1.999999999999997800 ) ) ;
#326 = CARTESIAN_POINT ( 'NONE',  ( -6.314957512284504300, 5.403620916675808200, -1.782724923443666000 ) ) ;
#327 = CARTESIAN_POINT ( 'NONE',  ( -10.10484900344330800, -2.654406616479499300, -2.000000000001291000 ) ) ;
#328 = CARTESIAN_POINT ( 'NONE',  ( -10.32003020571227700, -4.637652615016091500, -1.999999999999584600 ) ) ;
#329 = CARTESIAN_POINT ( 'NONE',  ( -13.25307184778612100, -22.16173631275791700, 12.93387844737306500 ) ) ;
#330 = CARTESIAN_POINT ( 'NONE',  ( -13.26743863940513000, -22.09902203630986200, 13.41916545588612800 ) ) ;
#331 = DIRECTION ( 'NONE',  ( 3.469446951953611000E-015, -1.000000000000000000, 0.0000000000000000000 ) ) ;
#332 = DIRECTION ( 'NONE',  ( -1.000000000000000000, -2.453269466693419100E-015, 2.453269466693406900E-015 ) ) ;
#333 = CARTESIAN_POINT ( 'NONE',  ( 10.77261703942160200, -21.50922295319334800, 13.13900932494747700 ) ) ;
#334 = AXIS2_PLACEMENT_3D ( 'NONE', #333, #332, #331 ) ;
#335 = CIRCLE ( 'NONE', #334, 0.5000000000000004400 ) ;
#336 = DIRECTION ( 'NONE',  ( -1.000000000000000000, 0.0000000000000000000, 0.0000000000000000000 ) ) ;
#337 = DIRECTION ( 'NONE',  ( 0.0000000000000000000, 0.0000000000000000000, -1.000000000000000000 ) ) ;
#338 = CARTESIAN_POINT ( 'NONE',  ( -27.50000000000000000, 0.0000000000000000000, -0.5000000000000000000 ) ) ;
#339 = CARTESIAN_POINT ( 'NONE',  ( -12.75971715704330800, -22.28188704200214000, 12.93186968521053400 ) ) ;
#340 = CARTESIAN_POINT ( 'NONE',  ( -13.25908784024867700, -22.36536118704583100, 13.41391998558072500 ) ) ;
#341 = DIRECTION ( 'NONE',  ( -1.000000000000000000, 0.0000000000000000000, 0.0000000000000000000 ) ) ;
#342 = DIRECTION ( 'NONE',  ( -0.0000000000000000000, -0.0000000000000000000, -1.000000000000000000 ) ) ;
#343 = CARTESIAN_POINT ( 'NONE',  ( -6.448083572876949900, 5.475328939155669000, -2.000000000000364200 ) ) ;
#344 = CARTESIAN_POINT ( 'NONE',  ( -6.622230872316598600, 5.686345840119477300, -1.999999999999997800 ) ) ;
#345 = CARTESIAN_POINT ( 'NONE',  ( -10.77579727645737500, -4.505183090405991700, -1.999999999999997800 ) ) ;
#346 = AXIS2_PLACEMENT_3D ( 'NONE', #268, #267, #266 ) ;
#347 = FACE_OUTER_BOUND ( 'NONE', #4188, .T. ) ;
#348 = AXIS2_PLACEMENT_3D ( 'NONE', #272, #271, #270 ) ;
#349 = CARTESIAN_POINT ( 'NONE',  ( 10.27276460330732600, -14.19162380359746800, 5.838588190989228500 ) ) ;
#350 = CARTESIAN_POINT ( 'NONE',  ( 10.26031915474388400, -14.55376620200955700, 5.476445792577139900 ) ) ;
#351 = CARTESIAN_POINT ( 'NONE',  ( 10.77261703942160200, -14.55376620200955400, 5.476445792577138100 ) ) ;
#352 = CARTESIAN_POINT ( 'NONE',  ( 10.27276460318141100, -13.91040095229140200, 5.557365332355357300 ) ) ;
#353 = CARTESIAN_POINT ( 'NONE',  ( 10.26031915437777000, -14.32050813079975500, 5.243187715022106200 ) ) ;
#354 = CARTESIAN_POINT ( 'NONE',  ( 10.77261703929258900, -14.31941382291889100, 5.242093413486475800 ) ) ;
#355 = CARTESIAN_POINT ( 'NONE',  ( 10.27162634094300700, -13.68222052494211600, 5.219633707530267200 ) ) ;
#356 = CARTESIAN_POINT ( 'NONE',  ( 10.25525908094446900, -14.13322311160835600, 4.959466354427405600 ) ) ;
#357 = CARTESIAN_POINT ( 'NONE',  ( 10.77142339363101800, -14.13148453012025000, 4.958429329218561500 ) ) ;
#358 = CARTESIAN_POINT ( 'NONE',  ( 10.26155450597387600, -13.45084138976633700, 4.679049172252087300 ) ) ;
#359 = CARTESIAN_POINT ( 'NONE',  ( 10.23649134698759200, -13.94882875854513500, 4.512824556401262100 ) ) ;
#360 = CARTESIAN_POINT ( 'NONE',  ( 10.76086147980658000, -13.94493746946597700, 4.501673331390113800 ) ) ;
#361 = CARTESIAN_POINT ( 'NONE',  ( 10.25665102303074500, -13.39087846012144700, 4.491358434856175900 ) ) ;
#362 = CARTESIAN_POINT ( 'NONE',  ( 10.22818853851278800, -13.90192315239120200, 4.357848290565306600 ) ) ;
#363 = CARTESIAN_POINT ( 'NONE',  ( 10.75571940544632300, -13.89755793614948200, 4.342674807612317200 ) ) ;
#364 = CARTESIAN_POINT ( 'NONE',  ( 10.24118247236176100, -13.30843651333306500, 4.107070695645130200 ) ) ;
#365 = CARTESIAN_POINT ( 'NONE',  ( 10.20611181919540700, -13.83853891705950700, 4.042534218362276600 ) ) ;
#366 = CARTESIAN_POINT ( 'NONE',  ( 10.73949818306928200, -13.83497599160063800, 4.016315349462932000 ) ) ;
#367 = CARTESIAN_POINT ( 'NONE',  ( 10.23079052162631300, -13.28665603509808500, 3.914737030805103000 ) ) ;
#368 = CARTESIAN_POINT ( 'NONE',  ( 10.19257575227402900, -13.82272789093137200, 3.885782652408322300 ) ) ;
#369 = CARTESIAN_POINT ( 'NONE',  ( 10.72860058344018300, -13.82028341763415500, 3.852579470045311100 ) ) ;
#370 = CARTESIAN_POINT ( 'NONE',  ( 10.20184503483642800, -13.28063695877244600, 3.529915130638534600 ) ) ;
#371 = CARTESIAN_POINT ( 'NONE',  ( 10.15896422646893500, -13.81982456674288300, 3.573139371912107200 ) ) ;
#372 = CARTESIAN_POINT ( 'NONE',  ( 10.69824666320816700, -13.82294743535633200, 3.524214637921520700 ) ) ;
#373 = CARTESIAN_POINT ( 'NONE',  ( 10.18298249973171100, -13.29701532853511700, 3.335390295142301600 ) ) ;
#374 = CARTESIAN_POINT ( 'NONE',  ( 10.13863349317643000, -13.83328493917068900, 3.416095384358660800 ) ) ;
#375 = CARTESIAN_POINT ( 'NONE',  ( 8.318604385240545800, -18.66063974093281200, 2.120617141713319500 ) ) ;
#376 = CARTESIAN_POINT ( 'NONE',  ( 8.662931694160926500, -18.79273652032354400, 1.895013037761126300 ) ) ;
#377 = CARTESIAN_POINT ( 'NONE',  ( 8.426204833790322400, -18.88605973414629000, 2.558365804046111200 ) ) ;
#378 = CARTESIAN_POINT ( 'NONE',  ( 8.459755104277963500, -18.52029160267397900, 2.264746165988018100 ) ) ;
#379 = CARTESIAN_POINT ( 'NONE',  ( 8.836204700744318100, -18.69017948557543800, 2.047139290197592200 ) ) ;
#380 = CARTESIAN_POINT ( 'NONE',  ( -13.25676489167150000, -22.09223680404651100, 12.92097778822839700 ) ) ;
#381 = CARTESIAN_POINT ( 'NONE',  ( -12.76775344945798600, -22.15127460712065900, 12.93193527621876600 ) ) ;
#382 =( BOUNDED_SURFACE ( )  B_SPLINE_SURFACE ( 3, 2, ( 
 ( #462, #461, #460 ),
 ( #379, #378, #377 ),
 ( #376, #375, #457 ),
 ( #456, #455, #454 ),
 ( #453, #424, #423 ),
 ( #422, #421, #420 ),
 ( #419, #470, #469 ),
 ( #468, #467, #466 ),
 ( #465, #464, #463 ),
 ( #479, #478, #477 ),
 ( #476, #475, #474 ),
 ( #473, #472, #416 ),
 ( #415, #414, #413 ),
 ( #412, #411, #410 ),
 ( #409, #408, #407 ),
 ( #406, #405, #404 ),
 ( #403, #402, #401 ),
 ( #400, #399, #398 ),
 ( #397, #396, #395 ),
 ( #394, #393, #392 ),
 ( #391, #390, #389 ),
 ( #388, #387, #386 ),
 ( #452, #451, #450 ),
 ( #449, #448, #447 ),
 ( #446, #445, #444 ),
 ( #443, #442, #441 ),
 ( #440, #439, #438 ),
 ( #437, #436, #435 ),
 ( #434, #433, #432 ),
 ( #431, #430, #429 ) ),
 .UNSPECIFIED., .F., .F., .F. ) 
 B_SPLINE_SURFACE_WITH_KNOTS ( ( 4, 2, 2, 2, 2, 2, 2, 2, 2, 2, 2, 2, 2, 2, 4 ),
 ( 3, 3 ),
 ( 0.0000000000000000000, 0.0008989328136898154700, 0.001348399220534723200, 0.001797865627379630900, 0.002247332034224538500, 0.002696798441069446400, 0.003146264847914354400, 0.003595731254759261900, 0.004045197661604169400, 0.004494664068449076900, 0.004944130475293984400, 0.005393596882138892800, 0.005843063288983801200, 0.006292529695828708700, 0.007191462509518523800 ),
 ( 0.0000000000000000000, 1.000000000000000000 ),
 .UNSPECIFIED. ) 
 GEOMETRIC_REPRESENTATION_ITEM ( )  RATIONAL_B_SPLINE_SURFACE ( (
 ( 1.000000000000000000, 0.7071067811865426900, 1.000000000000000000),
 ( 1.000000000000000000, 0.7318123347369709400, 1.000000000000000000),
 ( 1.000000000000000000, 0.7569582233461225100, 1.000000000000000000),
 ( 1.000000000000000000, 0.7942700540410395600, 1.000000000000000000),
 ( 1.000000000000000000, 0.8065868220415868300, 1.000000000000000000),
 ( 1.000000000000000000, 0.8301465889262957800, 1.000000000000000000),
 ( 1.000000000000000000, 0.8414921329611804200, 1.000000000000000000),
 ( 1.000000000000000000, 0.8631487369320667300, 1.000000000000000000),
 ( 1.000000000000000000, 0.8735158007183990700, 1.000000000000000000),
 ( 1.000000000000000000, 0.8922178931330230200, 1.000000000000000000),
 ( 1.000000000000000000, 0.9006520839665709300, 1.000000000000000000),
 ( 1.000000000000000000, 0.9151898690041945200, 1.000000000000000000),
 ( 1.000000000000000000, 0.9210191862974909100, 1.000000000000000000),
 ( 1.000000000000000000, 0.9291871819020830500, 1.000000000000000000),
 ( 1.000000000000000000, 0.9313734973568221800, 1.000000000000000000),
 ( 1.000000000000000000, 0.9314538948187938100, 1.000000000000000000),
 ( 1.000000000000000000, 0.9293058075798152900, 1.000000000000000000),
 ( 1.000000000000000000, 0.9212840368804828800, 1.000000000000000000),
 ( 1.000000000000000000, 0.9153599399872622800, 1.000000000000000000),
 ( 1.000000000000000000, 0.9010811948938544100, 1.000000000000000000),
 ( 1.000000000000000000, 0.8925744004912511400, 1.000000000000000000),
 ( 1.000000000000000000, 0.8738355756930515900, 1.000000000000000000),
 ( 1.000000000000000000, 0.8636876223103620000, 1.000000000000000000),
 ( 1.000000000000000000, 0.8421057608845157200, 1.000000000000000000),
 ( 1.000000000000000000, 0.8305741491349959400, 1.000000000000000000),
 ( 1.000000000000000000, 0.8068677312835349500, 1.000000000000000000),
 ( 1.000000000000000000, 0.7947081414583363500, 1.000000000000000000),
 ( 1.000000000000000000, 0.7575324793762000500, 1.000000000000000000),
 ( 1.000000000000000000, 0.7316593439434224700, 1.000000000000000000),
 ( 1.000000000000000000, 0.7071067811865486800, 1.000000000000000000) ) ) 
 REPRESENTATION_ITEM ( '' )  SURFACE ( )  );
#383 = CARTESIAN_POINT ( 'NONE',  ( -12.77311500707115000, -21.86277634378661700, 12.78545593435420700 ) ) ;
#384 = CARTESIAN_POINT ( 'NONE',  ( -13.26297267697035800, -21.86277634378661700, 12.78545593435420700 ) ) ;
#385 = CARTESIAN_POINT ( 'NONE',  ( -12.77000294669670500, -22.08538802479026900, 12.91884059635596000 ) ) ;
#386 = CARTESIAN_POINT ( 'NONE',  ( 7.427891743468388000, -17.41058731899389400, -0.6322481059180807800 ) ) ;
#387 = CARTESIAN_POINT ( 'NONE',  ( 7.553523520618292700, -17.46709760262650900, -0.3898123629149299900 ) ) ;
#388 = CARTESIAN_POINT ( 'NONE',  ( 7.789318284149929100, -17.61486883093057900, -0.3771148100910902100 ) ) ;
#389 = CARTESIAN_POINT ( 'NONE',  ( 7.282493485350710400, -17.66437619122409000, -0.5892218186886998300 ) ) ;
#390 = CARTESIAN_POINT ( 'NONE',  ( 7.415304080356051500, -17.68994719465176900, -0.3748700722640912500 ) ) ;
#391 = CARTESIAN_POINT ( 'NONE',  ( 7.636845235786380700, -17.80905622123575700, -0.3486908367601442800 ) ) ;
#392 = CARTESIAN_POINT ( 'NONE',  ( 7.214940112620658000, -17.79365051208965200, -0.5545937534316605100 ) ) ;
#393 = CARTESIAN_POINT ( 'NONE',  ( 7.350322842415526000, -17.80441786898454400, -0.3550056870802705300 ) ) ;
#394 = CARTESIAN_POINT ( 'NONE',  ( 7.566004847273769800, -17.90773894651382000, -0.3244467673601531500 ) ) ;
#395 = CARTESIAN_POINT ( 'NONE',  ( 7.099859288747969000, -18.04941816938394400, -0.4568122295868614600 ) ) ;
#396 = CARTESIAN_POINT ( 'NONE',  ( 7.239667660603701400, -18.03044946143880600, -0.2867654733909557100 ) ) ;
#397 = CARTESIAN_POINT ( 'NONE',  ( 7.445324420160086600, -18.10244742811755400, -0.2539933673232185300 ) ) ;
#398 = CARTESIAN_POINT ( 'NONE',  ( 7.051123454059222700, -18.17911266942477500, -0.3921442469779056700 ) ) ;
#399 = CARTESIAN_POINT ( 'NONE',  ( 7.192263101721941600, -18.14550509432071100, -0.2374578659243349600 ) ) ;
#400 = CARTESIAN_POINT ( 'NONE',  ( 7.394217193868118300, -18.20090482276235000, -0.2066788971607727000 ) ) ;
#401 = CARTESIAN_POINT ( 'NONE',  ( 6.984676481455253800, -18.42599608095136400, -0.2331195305884324900 ) ) ;
#402 = CARTESIAN_POINT ( 'NONE',  ( 7.127927638758650100, -18.36223883432210600, -0.1091240289305214600 ) ) ;
#403 = CARTESIAN_POINT ( 'NONE',  ( 7.324537044748052700, -18.38767052139927600, -0.08901350128681545500 ) ) ;
#404 = CARTESIAN_POINT ( 'NONE',  ( 6.966623438439561300, -18.54585104449815000, -0.1366737266621616500 ) ) ;
#405 = CARTESIAN_POINT ( 'NONE',  ( 7.110250789195170300, -18.46708835448528800, -0.02810286101649387200 ) ) ;
#406 = CARTESIAN_POINT ( 'NONE',  ( 7.305605575359858300, -18.47798888471920600, -0.01710628828414541300 ) ) ;
#407 = CARTESIAN_POINT ( 'NONE',  ( 6.967296162597525800, -18.75834510596451900, 0.07669784920714882400 ) ) ;
#408 = CARTESIAN_POINT ( 'NONE',  ( 7.110903651227418200, -18.64889770396902300, 0.1545915729607532900 ) ) ;
#409 = CARTESIAN_POINT ( 'NONE',  ( 7.306311032924576000, -18.63734341678409100, 0.1429384076432817000 ) ) ;
#410 = CARTESIAN_POINT ( 'NONE',  ( 6.985669474727672900, -18.85306782931520100, 0.1952466676167119700 ) ) ;
#411 = CARTESIAN_POINT ( 'NONE',  ( 7.128896516637025700, -18.72840007676185100, 0.2583501291008688000 ) ) ;
#412 = CARTESIAN_POINT ( 'NONE',  ( 7.325578355075386100, -18.70795071620128500, 0.2322847661550254100 ) ) ;
#413 = CARTESIAN_POINT ( 'NONE',  ( 7.053306422193000600, -19.01171746164089500, 0.4433663620447975100 ) ) ;
#414 = CARTESIAN_POINT ( 'NONE',  ( 7.194379296464567200, -18.85625497680322800, 0.4762191872061480900 ) ) ;
#415 = CARTESIAN_POINT ( 'NONE',  ( 7.396506380956245700, -18.82530539214059900, 0.4200070820729890400 ) ) ;
#416 = CARTESIAN_POINT ( 'NONE',  ( 7.101256940190569200, -19.07462469571188600, 0.5702614296506205400 ) ) ;
#417 = CARTESIAN_POINT ( 'NONE',  ( -12.77311500693686100, -21.90873663165331900, 12.83141622222090700 ) ) ;
#418 = CARTESIAN_POINT ( 'NONE',  ( -13.26297267663215800, -21.90963554200439800, 12.83231512749201600 ) ) ;
#419 = CARTESIAN_POINT ( 'NONE',  ( 8.043285002759283500, -18.98837374524370200, 1.287853194101269200 ) ) ;
#420 = CARTESIAN_POINT ( 'NONE',  ( 7.752592089288953900, -19.23669344593140800, 1.696660406774584300 ) ) ;
#421 = CARTESIAN_POINT ( 'NONE',  ( 7.857473234253856000, -18.94192861951441700, 1.572700906431165700 ) ) ;
#422 = CARTESIAN_POINT ( 'NONE',  ( 8.129817909141520400, -18.97527391347151100, 1.378741084302349300 ) ) ;
#423 = CARTESIAN_POINT ( 'NONE',  ( 7.920225732417424800, -19.18728760626960300, 1.926745111948823700 ) ) ;
#424 = CARTESIAN_POINT ( 'NONE',  ( 8.010815009974113100, -18.87053190827132500, 1.765204645345793700 ) ) ;
#425 = CARTESIAN_POINT ( 'NONE',  ( -12.04885361519047000, -10.02078686451495000, 9.913139755833411100 ) ) ;
#426 = CARTESIAN_POINT ( 'NONE',  ( -13.27301003228559800, -21.60838796696002700, 13.22368546257794700 ) ) ;
#427 = CARTESIAN_POINT ( 'NONE',  ( -12.77264726277278200, -21.96485228122323700, 12.86895344346156700 ) ) ;
#428 = CARTESIAN_POINT ( 'NONE',  ( -13.27301003243323800, -21.51646738616756200, 13.13176489197326500 ) ) ;
#429 = CARTESIAN_POINT ( 'NONE',  ( 8.585607479261996700, -15.88623815056366700, -0.09866684309647169600 ) ) ;
#430 = CARTESIAN_POINT ( 'NONE',  ( 8.585607479261998500, -16.23979154115694000, 0.2548865474968002300 ) ) ;
#431 = CARTESIAN_POINT ( 'NONE',  ( 9.003366181982430700, -16.43405639425875400, 0.06062169439498597100 ) ) ;
#432 = CARTESIAN_POINT ( 'NONE',  ( 8.427103907141814800, -16.05666591581394800, -0.2690945934384914600 ) ) ;
#433 = CARTESIAN_POINT ( 'NONE',  ( 8.460498256873339800, -16.35059409454850900, 0.09664677641254082500 ) ) ;
#434 = CARTESIAN_POINT ( 'NONE',  ( 8.837181431418354500, -16.56807148529179200, -0.07339339663805258300 ) ) ;
#435 = CARTESIAN_POINT ( 'NONE',  ( 8.257128164446379900, -16.25726459700111400, -0.4015194944858661000 ) ) ;
#436 = CARTESIAN_POINT ( 'NONE',  ( 8.315220954291129700, -16.49902190846061600, -0.04755152393508795700 ) ) ;
#437 = CARTESIAN_POINT ( 'NONE',  ( 8.658903711345805800, -16.72462233797397600, -0.1788139042427622800 ) ) ;
#438 = CARTESIAN_POINT ( 'NONE',  ( 8.003002395670042900, -16.58025409270626900, -0.5370721632673708400 ) ) ;
#439 = CARTESIAN_POINT ( 'NONE',  ( 8.085635785532957700, -16.76142173586231400, -0.2103230736708225100 ) ) ;
#440 = CARTESIAN_POINT ( 'NONE',  ( 8.392412686278460000, -16.97523136953798300, -0.2888453138019256800 ) ) ;
#441 = CARTESIAN_POINT ( 'NONE',  ( 7.918262287096633000, -16.69185222232413700, -0.5720703342166790800 ) ) ;
#442 = CARTESIAN_POINT ( 'NONE',  ( 8.009052899701513800, -16.85291261833936700, -0.2555434627906521000 ) ) ;
#443 = CARTESIAN_POINT ( 'NONE',  ( 8.303549290301537800, -17.06160487377277200, -0.3177688482834640800 ) ) ;
#444 = CARTESIAN_POINT ( 'NONE',  ( 7.749513526575365900, -16.92366241651839700, -0.6213937190394366300 ) ) ;
#445 = CARTESIAN_POINT ( 'NONE',  ( 7.854651689952057800, -17.04693305287038300, -0.3270542006393963900 ) ) ;
#446 = CARTESIAN_POINT ( 'NONE',  ( 8.126589549428208800, -17.24059229613218500, -0.3598911663250259900 ) ) ;
#447 = CARTESIAN_POINT ( 'NONE',  ( 7.665575974753129400, -17.04386578706119000, -0.6355039520037674100 ) ) ;
#448 = CARTESIAN_POINT ( 'NONE',  ( 7.776734341080535600, -17.14940240718319600, -0.3537493093186466200 ) ) ;
#449 = CARTESIAN_POINT ( 'NONE',  ( 8.038567760690932900, -17.33319561167096600, -0.3729246262573173700 ) ) ;
#450 = CARTESIAN_POINT ( 'NONE',  ( 7.505111978132528200, -17.28689796802828800, -0.6407853965001378800 ) ) ;
#451 = CARTESIAN_POINT ( 'NONE',  ( 7.626644129624851900, -17.35906374523645500, -0.3846504221538361000 ) ) ;
#452 = CARTESIAN_POINT ( 'NONE',  ( 7.870295904732519600, -17.52000066714658300, -0.3814166315143654500 ) ) ;
#453 = CARTESIAN_POINT ( 'NONE',  ( 8.305608272775215200, -18.93311973603919500, 1.556404410486947200 ) ) ;
#454 = CARTESIAN_POINT ( 'NONE',  ( 8.006038069838352200, -19.15171460142252600, 2.039704307976340800 ) ) ;
#455 = CARTESIAN_POINT ( 'NONE',  ( 8.088373405727285400, -18.82461724511998500, 1.857810373937354200 ) ) ;
#456 = CARTESIAN_POINT ( 'NONE',  ( 8.395596070057335300, -18.90372975224896400, 1.643834038677073600 ) ) ;
#457 = CARTESIAN_POINT ( 'NONE',  ( 8.260969247165263600, -19.01492688990943900, 2.363406378995085900 ) ) ;
#458 = CARTESIAN_POINT ( 'NONE',  ( -13.26169192806257300, -21.96700172550475500, 12.87054198378543800 ) ) ;
#459 = CARTESIAN_POINT ( 'NONE',  ( -13.27252398038076600, -21.72134635563875100, 13.29803281564480200 ) ) ;
#460 = CARTESIAN_POINT ( 'NONE',  ( 8.585607479261998500, -18.71466527530985500, 2.729760281649722000 ) ) ;
#461 = CARTESIAN_POINT ( 'NONE',  ( 8.585607479261995000, -18.36111188471658200, 2.376206891056445800 ) ) ;
#462 = CARTESIAN_POINT ( 'NONE',  ( 9.003366181982432400, -18.55537673781839900, 2.181942037954632200 ) ) ;
#463 = CARTESIAN_POINT ( 'NONE',  ( 7.430336290261555700, -19.24861592027924900, 1.209402307249283000 ) ) ;
#464 = CARTESIAN_POINT ( 'NONE',  ( 7.555832320946776400, -19.00574170900026900, 1.152380886566846100 ) ) ;
#465 = CARTESIAN_POINT ( 'NONE',  ( 7.791881777574598500, -18.99332419406590200, 1.004189082995845700 ) ) ;
#466 = CARTESIAN_POINT ( 'NONE',  ( 7.509179385217123600, -19.25703975761931000, 1.335500099382784400 ) ) ;
#467 = CARTESIAN_POINT ( 'NONE',  ( 7.630478694602541800, -19.00021017712115400, 1.262503301366863800 ) ) ;
#468 = CARTESIAN_POINT ( 'NONE',  ( 7.874561223624263900, -18.99749490858229700, 1.100909594338861200 ) ) ;
#469 = CARTESIAN_POINT ( 'NONE',  ( 7.670074335294009900, -19.25094318578422700, 1.578693258759593200 ) ) ;
#470 = CARTESIAN_POINT ( 'NONE',  ( 7.780921491291207900, -18.96850614590986700, 1.472215580117908200 ) ) ;
#471 = CARTESIAN_POINT ( 'NONE',  ( -13.26977617878455200, -21.96518278154984600, 13.39504218254702500 ) ) ;
#472 = CARTESIAN_POINT ( 'NONE',  ( 7.241034159187107000, -18.90414746605377200, 0.5888307459302529700 ) ) ;
#473 = CARTESIAN_POINT ( 'NONE',  ( 7.446790078454212900, -18.87131825759762200, 0.5163459477568179700 ) ) ;
#474 = CARTESIAN_POINT ( 'NONE',  ( 7.218370487107407000, -19.17285396494237700, 0.8293727855569641400 ) ) ;
#475 = CARTESIAN_POINT ( 'NONE',  ( 7.353629722681208000, -18.97247066026085000, 0.8178159725539287900 ) ) ;
#476 = CARTESIAN_POINT ( 'NONE',  ( 7.569602137115002600, -18.94205462140791200, 0.7136150462407294700 ) ) ;
#477 = CARTESIAN_POINT ( 'NONE',  ( 7.285295045232342800, -19.20639070480069700, 0.9567781780449660100 ) ) ;
#478 = CARTESIAN_POINT ( 'NONE',  ( 7.417975240851848000, -18.99145817157857900, 0.9305867853480690500 ) ) ;
#479 = CARTESIAN_POINT ( 'NONE',  ( 7.639783114225849700, -18.96549438576504400, 0.8108818860605504500 ) ) ;
#480 = CARTESIAN_POINT ( 'NONE',  ( -13.24895125625929500, -21.08353651887502900, 14.27923058102716100 ) ) ;
#481 = CARTESIAN_POINT ( 'NONE',  ( -12.75600066085430300, -20.56866762565445900, 14.26522872156141000 ) ) ;
#482 = CYLINDRICAL_SURFACE ( 'NONE', #665, 0.4999999999999994400 ) ;
#483 = TOROIDAL_SURFACE ( 'NONE', #667, 12.77579727645737500, 0.5000000000000000000 ) ;
#484 = CARTESIAN_POINT ( 'NONE',  ( -12.75733636444396000, -20.48509136231138700, 14.16314091582943900 ) ) ;
#485 = CARTESIAN_POINT ( 'NONE',  ( -13.23115145846671000, -20.48509136231138700, 14.16314091582943700 ) ) ;
#486 = CARTESIAN_POINT ( 'NONE',  ( -12.75733636325364600, -20.53148596897383600, 14.20953552249189000 ) ) ;
#487 = CARTESIAN_POINT ( 'NONE',  ( -13.23115145698020500, -20.53383449973795300, 14.21188407058649300 ) ) ;
#488 = CARTESIAN_POINT ( 'NONE',  ( 9.003366181982432400, -18.55537673781839900, 2.181942037954631300 ) ) ;
#489 = DIRECTION ( 'NONE',  ( -1.000000000000000000, -0.0000000000000000000, -0.0000000000000000000 ) ) ;
#490 = VECTOR ( 'NONE', #489, 1000.000000000000000 ) ;
#491 = CARTESIAN_POINT ( 'NONE',  ( 20.00000000000000000, -18.55537673781839900, 2.181942037954631300 ) ) ;
#492 = CARTESIAN_POINT ( 'NONE',  ( 0.0000000000000000000, -21.32411613907041600, 13.32411613907040900 ) ) ;
#493 = CARTESIAN_POINT ( 'NONE',  ( 11.32094482420502100, -16.43405639425875400, 0.06062169439498559000 ) ) ;
#494 = CARTESIAN_POINT ( 'NONE',  ( 11.25342805440457100, -16.57098114252817900, -0.07630305387442966300 ) ) ;
#495 = CARTESIAN_POINT ( 'NONE',  ( 11.18552544253172900, -16.72855868127175300, -0.1827265693654313300 ) ) ;
#496 = CARTESIAN_POINT ( 'NONE',  ( 11.05002861091460500, -17.08453647000979500, -0.3344613093792790400 ) ) ;
#497 = CARTESIAN_POINT ( 'NONE',  ( 10.98673813646991900, -17.27157065448555400, -0.3750602662439260200 ) ) ;
#498 = CARTESIAN_POINT ( 'NONE',  ( 10.87233778914630600, -17.66563717856980300, -0.3819213866510454100 ) ) ;
#499 = CARTESIAN_POINT ( 'NONE',  ( 10.82526084287218500, -17.85902507127881100, -0.3478098631308710900 ) ) ;
#500 = CARTESIAN_POINT ( 'NONE',  ( 10.77435129675637000, -18.14123411037801500, -0.2360142930651288300 ) ) ;
#501 = CARTESIAN_POINT ( 'NONE',  ( 10.76139425162694100, -18.23038030952585900, -0.1898001508216412600 ) ) ;
#502 = CARTESIAN_POINT ( 'NONE',  ( 10.74368669118567100, -18.39899770896415600, -0.07972305193435928700 ) ) ;
#503 = FACE_OUTER_BOUND ( 'NONE', #4230, .T. ) ;
#504 = FACE_OUTER_BOUND ( 'NONE', #4090, .T. ) ;
#505 = CARTESIAN_POINT ( 'NONE',  ( 10.77261703942160200, -14.20021281141628200, 5.829999183170412100 ) ) ;
#506 =( BOUNDED_SURFACE ( )  B_SPLINE_SURFACE ( 3, 2, ( 
 ( #216, #215, #193 ),
 ( #107, #106, #105 ),
 ( #104, #103, #102 ),
 ( #101, #100, #99 ),
 ( #340, #315, #339 ),
 ( #330, #329, #381 ),
 ( #471, #380, #385 ),
 ( #459, #458, #427 ),
 ( #426, #418, #417 ),
 ( #428, #384, #383 ) ),
 .UNSPECIFIED., .F., .F., .F. ) 
 B_SPLINE_SURFACE_WITH_KNOTS ( ( 4, 2, 2, 2, 4 ),
 ( 3, 3 ),
 ( 0.001358556271702194100, 0.001749895345529469600, 0.002141234419356745200, 0.002532573493184021200, 0.002923912567011296700 ),
 ( 0.0000000000000000000, 1.000000000000000000 ),
 .UNSPECIFIED. ) 
 GEOMETRIC_REPRESENTATION_ITEM ( )  RATIONAL_B_SPLINE_SURFACE ( (
 ( 1.000000000000000000, 0.7071067811865460200, 1.000000000000000000),
 ( 1.000000000000000000, 0.7116871146936887300, 1.000000000000000000),
 ( 1.000000000000000000, 0.7147046562759681300, 1.000000000000000000),
 ( 1.000000000000000000, 0.7179946699407221400, 1.000000000000000000),
 ( 1.000000000000000000, 0.7182623518026211000, 1.000000000000000000),
 ( 1.000000000000000000, 0.7174980483477876300, 1.000000000000000000),
 ( 1.000000000000000000, 0.7164956373020896500, 1.000000000000000000),
 ( 1.000000000000000000, 0.7148954867971357700, 1.000000000000000000),
 ( 1.000000000000000000, 0.7142896938053966400, 1.000000000000000000),
 ( 1.000000000000000000, 0.7143144793183480200, 1.000000000000000000) ) ) 
 REPRESENTATION_ITEM ( '' )  SURFACE ( )  );
#507 = CARTESIAN_POINT ( 'NONE',  ( -12.77311500707115000, -21.86277634378661700, 12.78545593435420400 ) ) ;
#508 = CIRCLE ( 'NONE', #590, 0.5000000000000000000 ) ;
#509 = CARTESIAN_POINT ( 'NONE',  ( -12.13193538388294000, -10.29126759667823200, 9.922563505287893500 ) ) ;
#510 = CARTESIAN_POINT ( 'NONE',  ( -12.19650960710811600, -10.14037326499490300, 9.555868863949887900 ) ) ;
#511 = CARTESIAN_POINT ( 'NONE',  ( -11.73715830117373600, -10.32072345665095400, 9.915640510955524800 ) ) ;
#512 = CARTESIAN_POINT ( 'NONE',  ( -11.75877072580232500, -10.41675525768928000, 9.904559994148991500 ) ) ;
#513 = B_SPLINE_CURVE_WITH_KNOTS ( 'NONE', 3,
 ( #507, #594, #593, #592 ),
 .UNSPECIFIED., .F., .F.,
 ( 4, 4 ),
 ( 0.0000000000000000000, 0.0003937107856799961300 ),
 .UNSPECIFIED. ) ;
#514 = CARTESIAN_POINT ( 'NONE',  ( -12.66398478673458200, -20.48509136231138300, 14.87024769701598700 ) ) ;
#515 = CARTESIAN_POINT ( 'NONE',  ( 0.0000000000000000000, -12.60089243492015100, 4.600892434920143400 ) ) ;
#516 = AXIS2_PLACEMENT_3D ( 'NONE', #548, #547, #546 ) ;
#517 = AXIS2_PLACEMENT_3D ( 'NONE', #558, #557, #556 ) ;
#518 = DIRECTION ( 'NONE',  ( 0.0000000000000000000, 0.7071067811865483500, -0.7071067811865466800 ) ) ;
#519 = DIRECTION ( 'NONE',  ( 0.0000000000000000000, -0.7071067811865475700, -0.7071067811865475700 ) ) ;
#520 = DIRECTION ( 'NONE',  ( -1.229312374339167700E-015, -0.7071067811865475700, 0.7071067811865475700 ) ) ;
#521 = CARTESIAN_POINT ( 'NONE',  ( -12.75733636444396000, -14.78293661700616100, 7.753879389337666500 ) ) ;
#522 = AXIS2_PLACEMENT_3D ( 'NONE', #521, #520, #519 ) ;
#523 = TOROIDAL_SURFACE ( 'NONE', #614, 10.77579727645737500, 0.5000000000000000000 ) ;
#524 = CARTESIAN_POINT ( 'NONE',  ( -13.22920457106591200, -21.10156496941132100, 14.67906007431989800 ) ) ;
#525 = CARTESIAN_POINT ( 'NONE',  ( -12.74521421213867700, -20.63166931053891100, 14.45239105376726100 ) ) ;
#526 = CARTESIAN_POINT ( 'NONE',  ( -13.21748077213328700, -20.63499610577268200, 14.47242641987566500 ) ) ;
#527 = CARTESIAN_POINT ( 'NONE',  ( -13.15960883714399400, -20.43841802594161200, 14.91692103338576000 ) ) ;
#528 = CARTESIAN_POINT ( 'NONE',  ( -13.15960883714399000, -20.79197141653487800, 15.27047442397903900 ) ) ;
#529 = CARTESIAN_POINT ( 'NONE',  ( -12.68116721052772900, -20.53070639343886600, 14.82463266588850500 ) ) ;
#530 = CARTESIAN_POINT ( 'NONE',  ( -13.16894468584739100, -20.49395883001119500, 14.87332449365145100 ) ) ;
#531 = CARTESIAN_POINT ( 'NONE',  ( -13.17746099840191900, -20.88675744186220500, 15.17568839040922400 ) ) ;
#532 = DIRECTION ( 'NONE',  ( -1.000000000000000000, 0.0000000000000000000, 0.0000000000000000000 ) ) ;
#533 = DIRECTION ( 'NONE',  ( 0.0000000000000000000, 0.0000000000000000000, -1.000000000000000000 ) ) ;
#534 = AXIS2_PLACEMENT_3D ( 'NONE', #577, #567, #566 ) ;
#535 = CARTESIAN_POINT ( 'NONE',  ( 0.0000000000000000000, -31.93071785686862900, 23.93071785686862500 ) ) ;
#536 = FACE_OUTER_BOUND ( 'NONE', #4277, .T. ) ;
#537 = TOROIDAL_SURFACE ( 'NONE', #534, 13.77579727645737500, 0.5000000000000000000 ) ;
#538 = PLANE ( 'NONE',  #650 ) ;
#539 = TOROIDAL_SURFACE ( 'NONE', #543, 4.207106781186547000, 0.5000000000000000000 ) ;
#540 = DIRECTION ( 'NONE',  ( 0.0000000000000000000, 0.7071067811865454600, -0.7071067811865497900 ) ) ;
#541 = DIRECTION ( 'NONE',  ( -0.3117267721758735200, -0.6718729119070123700, -0.6718729119070088200 ) ) ;
#542 = CARTESIAN_POINT ( 'NONE',  ( 12.13920209287674400, -16.83119979877008600, 3.199012195816397100 ) ) ;
#543 = AXIS2_PLACEMENT_3D ( 'NONE', #545, #533, #532 ) ;
#544 = FACE_OUTER_BOUND ( 'NONE', #4433, .T. ) ;
#545 = CARTESIAN_POINT ( 'NONE',  ( 27.50000000000000000, -1.224646799147353100E-015, -0.5000000000000000000 ) ) ;
#546 = DIRECTION ( 'NONE',  ( 0.0000000000000000000, 0.7071067811871173400, -0.7071067811859777000 ) ) ;
#547 = DIRECTION ( 'NONE',  ( -0.1924730691723999200, -0.6938854796152620400, -0.6938854796163804700 ) ) ;
#548 = CARTESIAN_POINT ( 'NONE',  ( -12.53691868966873500, -12.27633260524779900, 7.753879389338672800 ) ) ;
#549 = FACE_OUTER_BOUND ( 'NONE', #4047, .T. ) ;
#550 = CIRCLE ( 'NONE', #516, 0.5000000000000001100 ) ;
#551 = DIRECTION ( 'NONE',  ( 0.0000000000000000000, -0.7071067811865492400, 0.7071067811865458000 ) ) ;
#552 = DIRECTION ( 'NONE',  ( 0.2281962856052469600, 0.6884498729885733000, 0.6884498729885756300 ) ) ;
#553 = CARTESIAN_POINT ( 'NONE',  ( -10.49147945361104600, -12.98343938643535500, 8.460986170524211800 ) ) ;
#554 = AXIS2_PLACEMENT_3D ( 'NONE', #553, #552, #551 ) ;
#555 = CIRCLE ( 'NONE', #559, 0.4999999999999997200 ) ;
#556 = DIRECTION ( 'NONE',  ( 0.0000000000000000000, 0.7071067811865458000, 0.7071067811865492400 ) ) ;
#557 = DIRECTION ( 'NONE',  ( -2.706532450434471600E-015, -0.7071067811865493500, 0.7071067811865458000 ) ) ;
#558 = CARTESIAN_POINT ( 'NONE',  ( 12.71333574833236000, -22.21632973437989400, 12.43190254376092900 ) ) ;
#559 = AXIS2_PLACEMENT_3D ( 'NONE', #542, #541, #540 ) ;
#560 = CARTESIAN_POINT ( 'NONE',  ( -12.69656981334431800, -20.56815241082968600, 14.76887796698389500 ) ) ;
#561 = CARTESIAN_POINT ( 'NONE',  ( -13.17881751771581700, -20.54238876047200100, 14.81531883907446800 ) ) ;
#562 = CARTESIAN_POINT ( 'NONE',  ( -13.19346912952853200, -20.96531148920613700, 15.06051698892701500 ) ) ;
#563 = CARTESIAN_POINT ( 'NONE',  ( -12.72127345211979900, -20.61813323163689700, 14.64880721313254200 ) ) ;
#564 = CARTESIAN_POINT ( 'NONE',  ( -12.10298520658956000, -10.20158641701035400, 9.924942031609935700 ) ) ;
#565 = CIRCLE ( 'NONE', #634, 10.77579727645737500 ) ;
#566 = DIRECTION ( 'NONE',  ( 0.0000000000000000000, -0.7071067811865475700, -0.7071067811865475700 ) ) ;
#567 = DIRECTION ( 'NONE',  ( 0.0000000000000000000, -0.7071067811865475700, 0.7071067811865475700 ) ) ;
#568 = DIRECTION ( 'NONE',  ( 0.0000000000000000000, -0.7071067811865475700, -0.7071067811865475700 ) ) ;
#569 = DIRECTION ( 'NONE',  ( 0.0000000000000000000, -0.7071067811865475700, 0.7071067811865475700 ) ) ;
#570 = DIRECTION ( 'NONE',  ( -0.0000000000000000000, 0.7071067811865475700, -0.7071067811865475700 ) ) ;
#571 = LINE ( 'NONE', #491, #490 ) ;
#572 = FACE_OUTER_BOUND ( 'NONE', #4275, .T. ) ;
#573 = TOROIDAL_SURFACE ( 'NONE', #644, 14.49999999999999800, 0.5000000000000000000 ) ;
#574 = DIRECTION ( 'NONE',  ( 0.0000000000000000000, -0.7071067811865483500, -0.7071067811865465700 ) ) ;
#575 = DIRECTION ( 'NONE',  ( 0.0000000000000000000, -0.7071067811865466800, 0.7071067811865484600 ) ) ;
#576 = CARTESIAN_POINT ( 'NONE',  ( 20.00000000000000000, -18.55537673781839900, 2.181942037954629000 ) ) ;
#577 = CARTESIAN_POINT ( 'NONE',  ( 0.0000000000000000000, -31.93071785686862900, 23.93071785686862200 ) ) ;
#578 = CARTESIAN_POINT ( 'NONE',  ( -13.25661386894665700, -20.81964510162417200, 13.82858717651665300 ) ) ;
#579 = CARTESIAN_POINT ( 'NONE',  ( -13.22941297131118400, -20.57254380632261000, 14.27087697096956200 ) ) ;
#580 = CARTESIAN_POINT ( 'NONE',  ( -13.25522588878366500, -20.98607314430621800, 14.03348726793353400 ) ) ;
#581 = CARTESIAN_POINT ( 'NONE',  ( -13.24401729550981700, -21.10721730399013300, 14.41267114258680200 ) ) ;
#582 = CARTESIAN_POINT ( 'NONE',  ( -12.74996234333083800, -20.61879545520775300, 14.38670423178817400 ) ) ;
#583 = CARTESIAN_POINT ( 'NONE',  ( -13.22258357327687300, -20.62319497169472600, 14.40110835730093600 ) ) ;
#584 = CARTESIAN_POINT ( 'NONE',  ( -13.25661386770152800, -20.91243430008556500, 13.92137640769783900 ) ) ;
#585 = CARTESIAN_POINT ( 'NONE',  ( -12.19304059221608900, -10.46991494967062400, 9.902115376666104800 ) ) ;
#586 = CARTESIAN_POINT ( 'NONE',  ( -12.26584481094877800, -10.33417512321926600, 9.517421754344738400 ) ) ;
#587 = DIRECTION ( 'NONE',  ( 0.0000000000000000000, -0.7071067811865484600, -0.7071067811865468000 ) ) ;
#588 = DIRECTION ( 'NONE',  ( -1.232707293426084200E-015, -0.7071067811865474600, 0.7071067811865474600 ) ) ;
#589 = CARTESIAN_POINT ( 'NONE',  ( -10.70166887658163500, -14.90731959260282700, 5.122892401983865100 ) ) ;
#590 = AXIS2_PLACEMENT_3D ( 'NONE', #589, #588, #587 ) ;
#591 = CARTESIAN_POINT ( 'NONE',  ( -12.21896786433386600, -10.20579180005942100, 9.547084511625014300 ) ) ;
#592 = CARTESIAN_POINT ( 'NONE',  ( -12.76375074343135900, -22.21632973437985100, 12.93190254376093100 ) ) ;
#593 = CARTESIAN_POINT ( 'NONE',  ( -12.77174865998834500, -22.08619220903721100, 12.93190254376093800 ) ) ;
#594 = CARTESIAN_POINT ( 'NONE',  ( -12.77311500707115000, -21.95615369479989100, 12.87883328536747700 ) ) ;
#595 = DIRECTION ( 'NONE',  ( 0.0000000000000000000, -0.7071067811865458000, 0.7071067811865492400 ) ) ;
#596 = DIRECTION ( 'NONE',  ( -0.1170939406754547400, 0.7022424827141612300, 0.7022424827141577900 ) ) ;
#597 = CARTESIAN_POINT ( 'NONE',  ( -10.70166887658163700, -22.21632973437989000, 12.43190254376093200 ) ) ;
#598 = AXIS2_PLACEMENT_3D ( 'NONE', #597, #596, #595 ) ;
#599 = FACE_OUTER_BOUND ( 'NONE', #4302, .T. ) ;
#600 = DIRECTION ( 'NONE',  ( 0.0000000000000000000, 0.7071067811865475700, 0.7071067811865475700 ) ) ;
#601 = CIRCLE ( 'NONE', #598, 0.4999999999999994400 ) ;
#602 = CARTESIAN_POINT ( 'NONE',  ( -11.69626342049184800, -10.12428233789432300, 9.918770951604933800 ) ) ;
#603 = TOROIDAL_SURFACE ( 'NONE', #636, 10.77579727645737500, 0.5000000000000000000 ) ;
#604 = DIRECTION ( 'NONE',  ( 0.0000000000000000000, -0.7071067811865475700, -0.7071067811865474600 ) ) ;
#605 = DIRECTION ( 'NONE',  ( -0.0000000000000000000, 0.7071067811865475700, -0.7071067811865475700 ) ) ;
#606 = CARTESIAN_POINT ( 'NONE',  ( -13.19643363123320200, -20.60867385490777800, 14.68685504366165500 ) ) ;
#607 = CARTESIAN_POINT ( 'NONE',  ( -13.21913957857073500, -21.07192835374953100, 14.81372025700170500 ) ) ;
#608 = CARTESIAN_POINT ( 'NONE',  ( -12.73095936741921900, -20.63140457950275700, 14.58302407948598900 ) ) ;
#609 = CARTESIAN_POINT ( 'NONE',  ( -13.20448562070740000, -20.62796656056766100, 14.61472679851675200 ) ) ;
#610 = CIRCLE ( 'NONE', #554, 0.4999999999999994400 ) ;
#611 = B_SPLINE_CURVE_WITH_KNOTS ( 'NONE', 3,
 ( #632, #631, #630, #629, #628, #627, #626, #625, #624, #623, #502, #501, #500, #499, #498, #497, #496, #495, #494, #493 ),
 .UNSPECIFIED., .F., .F.,
 ( 4, 2, 2, 2, 2, 2, 2, 2, 2, 4 ),
 ( 4.336808689942017700E-019, 0.001230096717334462400, 0.001537620896668078500, 0.001845145076001694400, 0.002460193434668922700, 0.002767717614002537000, 0.003075241793336150900, 0.003690290152003379700, 0.004305338510670608800, 0.004920386869337836600 ),
 .UNSPECIFIED. ) ;
#612 = DIRECTION ( 'NONE',  ( 0.0000000000000000000, 0.7071067811865475700, 0.7071067811865475700 ) ) ;
#613 = DIRECTION ( 'NONE',  ( -0.0000000000000000000, 0.7071067811865475700, -0.7071067811865475700 ) ) ;
#614 = AXIS2_PLACEMENT_3D ( 'NONE', #622, #613, #612 ) ;
#615 = DIRECTION ( 'NONE',  ( 0.0000000000000000000, -0.7071067811865460200, 0.7071067811865490200 ) ) ;
#616 = DIRECTION ( 'NONE',  ( 0.4634475899995037000, 0.6265845239565260800, 0.6265845239565254200 ) ) ;
#617 = CARTESIAN_POINT ( 'NONE',  ( 11.32094482420502000, -16.78760978485202700, 0.4141750849882596100 ) ) ;
#618 = AXIS2_PLACEMENT_3D ( 'NONE', #617, #616, #615 ) ;
#619 = CIRCLE ( 'NONE', #517, 0.4999999999999994400 ) ;
#620 = CIRCLE ( 'NONE', #618, 0.4999999999999992800 ) ;
#621 = DIRECTION ( 'NONE',  ( 0.0000000000000000000, 0.7071067811865466800, 0.7071067811865484600 ) ) ;
#622 = CARTESIAN_POINT ( 'NONE',  ( 0.0000000000000000000, -21.32411613907041600, 13.32411613907040900 ) ) ;
#623 = CARTESIAN_POINT ( 'NONE',  ( 10.73896340446119500, -18.47938722731850400, -0.01485162692650433000 ) ) ;
#624 = CARTESIAN_POINT ( 'NONE',  ( 10.73850473394329300, -18.69622019145006300, 0.2004716037151151000 ) ) ;
#625 = CARTESIAN_POINT ( 'NONE',  ( 10.75657831329622700, -18.81075737826055800, 0.3740729211017351800 ) ) ;
#626 = CARTESIAN_POINT ( 'NONE',  ( 10.80637323075976200, -18.92336953286742900, 0.6532841555726218700 ) ) ;
#627 = CARTESIAN_POINT ( 'NONE',  ( 10.82692444432874400, -18.95159325055330500, 0.7507154894181147200 ) ) ;
#628 = CARTESIAN_POINT ( 'NONE',  ( 10.87342932186822300, -18.98766816536932100, 0.9454847230779969100 ) ) ;
#629 = CARTESIAN_POINT ( 'NONE',  ( 10.89950408996709400, -18.99594489714921200, 1.043646139087658100 ) ) ;
#630 = CARTESIAN_POINT ( 'NONE',  ( 11.04213740348058100, -18.98907425935688000, 1.536391510020186600 ) ) ;
#631 = CARTESIAN_POINT ( 'NONE',  ( 11.18578928704504500, -18.82947364674253900, 1.907845129030494500 ) ) ;
#632 = CARTESIAN_POINT ( 'NONE',  ( 11.32094482420502000, -18.55537673781839900, 2.181942037954631300 ) ) ;
#633 = CARTESIAN_POINT ( 'NONE',  ( 0.0000000000000000000, -12.24733904432687700, 4.247339044326869500 ) ) ;
#634 = AXIS2_PLACEMENT_3D ( 'NONE', #633, #605, #604 ) ;
#635 = FACE_OUTER_BOUND ( 'NONE', #4325, .T. ) ;
#636 = AXIS2_PLACEMENT_3D ( 'NONE', #492, #570, #600 ) ;
#637 = FACE_OUTER_BOUND ( 'NONE', #4169, .T. ) ;
#638 = TOROIDAL_SURFACE ( 'NONE', #647, 12.77579727645737500, 0.5000000000000000000 ) ;
#639 = DIRECTION ( 'NONE',  ( 0.0000000000000000000, -0.7071067811865475700, -0.7071067811865475700 ) ) ;
#640 = DIRECTION ( 'NONE',  ( -0.0000000000000000000, -0.7071067811865475700, 0.7071067811865475700 ) ) ;
#641 = CARTESIAN_POINT ( 'NONE',  ( -12.75733636444396000, 23.35552907125456200, -30.38458629892305400 ) ) ;
#642 = FACE_OUTER_BOUND ( 'NONE', #4177, .T. ) ;
#643 = CIRCLE ( 'NONE', #522, 0.5000000000000006700 ) ;
#644 = AXIS2_PLACEMENT_3D ( 'NONE', #535, #569, #568 ) ;
#645 = DIRECTION ( 'NONE',  ( 0.0000000000000000000, 0.7071067811865475700, 0.7071067811865475700 ) ) ;
#646 = DIRECTION ( 'NONE',  ( -2.452487132669144300E-015, 0.7071067811865475700, -0.7071067811865475700 ) ) ;
#647 = AXIS2_PLACEMENT_3D ( 'NONE', #515, #518, #621 ) ;
#648 = AXIS2_PLACEMENT_3D ( 'NONE', #641, #640, #639 ) ;
#649 = CYLINDRICAL_SURFACE ( 'NONE', #648, 0.4999999999999982200 ) ;
#650 = AXIS2_PLACEMENT_3D ( 'NONE', #576, #575, #574 ) ;
#651 = DIRECTION ( 'NONE',  ( 0.0000000000000000000, 0.7071067811865458000, 0.7071067811865492400 ) ) ;
#652 = DIRECTION ( 'NONE',  ( 0.0000000000000000000, 0.7071067811865475700, -0.7071067811865475700 ) ) ;
#653 = CARTESIAN_POINT ( 'NONE',  ( 10.77261703942160200, -21.86277634378662100, 13.49256271554074800 ) ) ;
#654 = AXIS2_PLACEMENT_3D ( 'NONE', #653, #652, #651 ) ;
#655 = CYLINDRICAL_SURFACE ( 'NONE', #654, 0.4999999999999994400 ) ;
#656 = DIRECTION ( 'NONE',  ( 0.0000000000000000000, -0.7071067811865484600, -0.7071067811865465700 ) ) ;
#657 = DIRECTION ( 'NONE',  ( 0.0000000000000000000, -0.7071067811865466800, 0.7071067811865484600 ) ) ;
#658 = CARTESIAN_POINT ( 'NONE',  ( 0.0000000000000000000, -14.01510599729324000, 6.015105997293233900 ) ) ;
#659 = AXIS2_PLACEMENT_3D ( 'NONE', #505, #646, #645 ) ;
#660 = FACE_OUTER_BOUND ( 'NONE', #4232, .T. ) ;
#661 = CIRCLE ( 'NONE', #659, 0.5000000000000006700 ) ;
#662 = DIRECTION ( 'NONE',  ( 0.0000000000000000000, 0.7071067811865458000, 0.7071067811865492400 ) ) ;
#663 = DIRECTION ( 'NONE',  ( 0.0000000000000000000, 0.7071067811865475700, -0.7071067811865475700 ) ) ;
#664 = CARTESIAN_POINT ( 'NONE',  ( -10.64299401356664300, -20.48509136231138700, 14.87024769701598500 ) ) ;
#665 = AXIS2_PLACEMENT_3D ( 'NONE', #664, #663, #662 ) ;
#666 = FACE_OUTER_BOUND ( 'NONE', #4174, .T. ) ;
#667 = AXIS2_PLACEMENT_3D ( 'NONE', #658, #657, #656 ) ;
#668 = AXIS2_PLACEMENT_3D ( 'NONE', #674, #673, #679 ) ;
#669 = DIRECTION ( 'NONE',  ( 0.0000000000000000000, 0.7071067811865458000, 0.7071067811865492400 ) ) ;
#670 = DIRECTION ( 'NONE',  ( 0.0000000000000000000, 0.7071067811865475700, -0.7071067811865475700 ) ) ;
#671 = CYLINDRICAL_SURFACE ( 'NONE', #668, 0.5000000000000004400 ) ;
#672 = CYLINDRICAL_SURFACE ( 'NONE', #798, 0.4999999999999994400 ) ;
#673 = DIRECTION ( 'NONE',  ( -1.000000000000000000, -0.0000000000000000000, 0.0000000000000000000 ) ) ;
#674 = CARTESIAN_POINT ( 'NONE',  ( 3.000000000000002700, -22.21632973437989000, 12.43190254376093100 ) ) ;
#675 = FACE_OUTER_BOUND ( 'NONE', #4393, .T. ) ;
#676 = CARTESIAN_POINT ( 'NONE',  ( 0.0000000000000000000, -22.03122292025696500, 14.03122292025695600 ) ) ;
#677 = AXIS2_PLACEMENT_3D ( 'NONE', #676, #776, #775 ) ;
#678 = TOROIDAL_SURFACE ( 'NONE', #677, 12.77579727645737500, 0.5000000000000000000 ) ;
#679 = DIRECTION ( 'NONE',  ( 0.0000000000000000000, 0.0000000000000000000, 1.000000000000000000 ) ) ;
#680 = FACE_OUTER_BOUND ( 'NONE', #4337, .T. ) ;
#681 = CARTESIAN_POINT ( 'NONE',  ( -10.26055724033392900, -11.99303726072225900, 4.868213996533076400 ) ) ;
#682 = CARTESIAN_POINT ( 'NONE',  ( -10.76941069727291000, -11.97661920702142900, 4.873200986961622400 ) ) ;
#683 = CARTESIAN_POINT ( 'NONE',  ( -10.25056334388970600, -11.47752090922582700, 4.524458778792925400 ) ) ;
#684 = CARTESIAN_POINT ( 'NONE',  ( -10.23822188065749600, -11.70562468753990300, 4.984121563612281300 ) ) ;
#685 = CARTESIAN_POINT ( 'NONE',  ( -10.74933550922454700, -11.67437482852140500, 4.998976909499459600 ) ) ;
#686 = CARTESIAN_POINT ( 'NONE',  ( -10.23597969768492000, -11.30843713420046500, 4.612497433642311700 ) ) ;
#687 = CARTESIAN_POINT ( 'NONE',  ( -10.22366969940530400, -11.56734951533206200, 5.055552634469211900 ) ) ;
#688 = CARTESIAN_POINT ( 'NONE',  ( -10.73404225341158900, -11.52825873692523700, 5.077555401239643600 ) ) ;
#689 = CARTESIAN_POINT ( 'NONE',  ( -10.19660928092777900, -10.99762508534644700, 4.816815111597408700 ) ) ;
#690 = CARTESIAN_POINT ( 'NONE',  ( -10.18787872961155500, -11.30958427782539200, 5.220010173854209500 ) ) ;
#691 = CARTESIAN_POINT ( 'NONE',  ( -10.69275614900053200, -11.25880486563071700, 5.258263965055423500 ) ) ;
#692 = CARTESIAN_POINT ( 'NONE',  ( -10.17175085184745800, -10.85376133153865700, 4.933809979758000200 ) ) ;
#693 = CARTESIAN_POINT ( 'NONE',  ( -10.16668930681586300, -11.18916022836921300, 5.313003197368411500 ) ) ;
#694 = CARTESIAN_POINT ( 'NONE',  ( -10.66668813289232700, -11.13362962045160600, 5.361048468202109300 ) ) ;
#695 = CARTESIAN_POINT ( 'NONE',  ( -10.14122704903784800, -10.72170980151414100, 5.065861505953051800 ) ) ;
#696 = CARTESIAN_POINT ( 'NONE',  ( -10.14122704903785700, -11.07526319210744400, 5.419414896546281400 ) ) ;
#697 = CARTESIAN_POINT ( 'NONE',  ( -10.63467912755793200, -11.01823229607640900, 5.476445792577330900 ) ) ;
#698 =( BOUNDED_SURFACE ( )  B_SPLINE_SURFACE ( 3, 2, ( 
 ( #697, #696, #695 ),
 ( #694, #693, #692 ),
 ( #691, #690, #689 ),
 ( #688, #687, #686 ),
 ( #685, #684, #683 ),
 ( #682, #681, #834 ),
 ( #833, #832, #831 ),
 ( #830, #829, #828 ),
 ( #827, #826, #825 ),
 ( #824, #823, #822 ),
 ( #821, #820, #819 ),
 ( #818, #817, #816 ),
 ( #815, #814, #813 ),
 ( #812, #811, #810 ) ),
 .UNSPECIFIED., .F., .F., .F. ) 
 B_SPLINE_SURFACE_WITH_KNOTS ( ( 4, 2, 2, 2, 2, 2, 4 ),
 ( 3, 3 ),
 ( 3.265616943526339400E-016, 0.0005869481874863205300, 0.001173896374972314500, 0.001760844562458308400, 0.002347792749944302400, 0.003521689124916290100, 0.004695585499888277900 ),
 ( 0.0000000000000000000, 1.000000000000000000 ),
 .UNSPECIFIED. ) 
 GEOMETRIC_REPRESENTATION_ITEM ( )  RATIONAL_B_SPLINE_SURFACE ( (
 ( 1.000000000000000000, 0.7071067811865537900, 1.000000000000000000),
 ( 1.000000000000000000, 0.7033825554603124800, 1.000000000000000000),
 ( 1.000000000000000000, 0.7009391518315192200, 1.000000000000000000),
 ( 1.000000000000000000, 0.6985002625598074600, 1.000000000000000000),
 ( 1.000000000000000000, 0.6985281008396238000, 1.000000000000000000),
 ( 1.000000000000000000, 0.7007311397292697000, 1.000000000000000000),
 ( 1.000000000000000000, 0.7028679907997692500, 1.000000000000000000),
 ( 1.000000000000000000, 0.7085541132761676900, 1.000000000000000000),
 ( 1.000000000000000000, 0.7121172929087025100, 1.000000000000000000),
 ( 1.000000000000000000, 0.7233430230394722900, 1.000000000000000000),
 ( 1.000000000000000000, 0.7317145151128301400, 1.000000000000000000),
 ( 1.000000000000000000, 0.7436869199386027000, 1.000000000000000000),
 ( 1.000000000000000000, 0.7474552771922056100, 1.000000000000000000),
 ( 1.000000000000000000, 0.7473600004935571100, 1.000000000000000000) ) ) 
 REPRESENTATION_ITEM ( '' )  SURFACE ( )  );
#699 = CIRCLE ( 'NONE', #700, 0.4999999999999994400 ) ;
#700 = AXIS2_PLACEMENT_3D ( 'NONE', #792, #791, #790 ) ;
#701 = DIRECTION ( 'NONE',  ( 0.0000000000000000000, -0.7071067811865475700, -0.7071067811865475700 ) ) ;
#702 = DIRECTION ( 'NONE',  ( -0.0000000000000000000, -0.7071067811865475700, 0.7071067811865475700 ) ) ;
#703 = CARTESIAN_POINT ( 'NONE',  ( -12.77311500707115000, 22.68495087096587800, -31.05516449921173800 ) ) ;
#704 =( BOUNDED_SURFACE ( )  B_SPLINE_SURFACE ( 3, 2, ( 
 ( #747, #746, #745 ),
 ( #744, #743, #742 ),
 ( #741, #740, #739 ),
 ( #738, #737, #736 ),
 ( #735, #734, #733 ),
 ( #732, #731, #730 ),
 ( #729, #728, #727 ),
 ( #726, #725, #724 ),
 ( #723, #722, #721 ),
 ( #720, #768, #767 ),
 ( #766, #765, #764 ),
 ( #763, #762, #761 ),
 ( #760, #759, #758 ),
 ( #757, #756, #755 ),
 ( #754, #753, #752 ),
 ( #751, #750, #749 ),
 ( #748, #425, #602 ),
 ( #510, #564, #511 ),
 ( #591, #509, #512 ),
 ( #586, #585, #872 ),
 ( #871, #870, #869 ),
 ( #868, #842, #841 ),
 ( #840, #839, #838 ),
 ( #837, #836, #835 ) ),
 .UNSPECIFIED., .F., .F., .F. ) 
 B_SPLINE_SURFACE_WITH_KNOTS ( ( 4, 2, 2, 2, 2, 2, 2, 2, 2, 2, 2, 4 ),
 ( 3, 3 ),
 ( 0.0000000000000000000, 0.0008123834665083811500, 0.001015479333135476400, 0.001218575199762571700, 0.001421671066389667000, 0.001624766933016762300, 0.002030958666270952700, 0.002234054532898047800, 0.002437150399525143300, 0.002640246266152238900, 0.002843342132779334000, 0.003249533866033524600 ),
 ( 0.0000000000000000000, 1.000000000000000000 ),
 .UNSPECIFIED. ) 
 GEOMETRIC_REPRESENTATION_ITEM ( )  RATIONAL_B_SPLINE_SURFACE ( (
 ( 1.000000000000000000, 0.7071067811865475700, 1.000000000000000000),
 ( 1.000000000000000000, 0.7381570943353117400, 1.000000000000000000),
 ( 1.000000000000000000, 0.7724284008509229000, 1.000000000000000000),
 ( 1.000000000000000000, 0.8056236619410083200, 1.000000000000000000),
 ( 1.000000000000000000, 0.8116805984550964400, 1.000000000000000000),
 ( 1.000000000000000000, 0.8225176145688805100, 1.000000000000000000),
 ( 1.000000000000000000, 0.8273424538260660800, 1.000000000000000000),
 ( 1.000000000000000000, 0.8351298804724633900, 1.000000000000000000),
 ( 1.000000000000000000, 0.8381358833765071300, 1.000000000000000000),
 ( 1.000000000000000000, 0.8422517193832239600, 1.000000000000000000),
 ( 1.000000000000000000, 0.8433246537820803200, 1.000000000000000000),
 ( 1.000000000000000000, 0.8433893916073764700, 1.000000000000000000),
 ( 1.000000000000000000, 0.8391881431101233500, 1.000000000000000000),
 ( 1.000000000000000000, 0.8275739820936515200, 1.000000000000000000),
 ( 1.000000000000000000, 0.8227814516105757000, 1.000000000000000000),
 ( 1.000000000000000000, 0.8119480098967893900, 1.000000000000000000),
 ( 1.000000000000000000, 0.8058428585977920300, 1.000000000000000000),
 ( 1.000000000000000000, 0.7925078077354265100, 1.000000000000000000),
 ( 1.000000000000000000, 0.7854290777695087700, 1.000000000000000000),
 ( 1.000000000000000000, 0.7705889284987070800, 1.000000000000000000),
 ( 1.000000000000000000, 0.7627497030300559600, 1.000000000000000000),
 ( 1.000000000000000000, 0.7390758428186139400, 1.000000000000000000),
 ( 1.000000000000000000, 0.7229069462813038100, 1.000000000000000000),
 ( 1.000000000000000000, 0.7071067811865470200, 1.000000000000000000) ) ) 
 REPRESENTATION_ITEM ( '' )  SURFACE ( )  );
#705 = CIRCLE ( 'NONE', #780, 0.5000000000000006700 ) ;
#706 = DIRECTION ( 'NONE',  ( 3.469446951953611000E-015, -1.000000000000000000, 0.0000000000000000000 ) ) ;
#707 = DIRECTION ( 'NONE',  ( -1.000000000000000000, -2.453269466693401800E-015, -2.453269466693389500E-015 ) ) ;
#708 = CARTESIAN_POINT ( 'NONE',  ( 10.28654110211628100, -23.59401471585512800, 11.05421756228569100 ) ) ;
#709 = DIRECTION ( 'NONE',  ( 0.0000000000000000000, -0.7071067811865458000, 0.7071067811865492400 ) ) ;
#710 = DIRECTION ( 'NONE',  ( -0.2979010527150243700, -0.6750018380683420200, -0.6750018380683420200 ) ) ;
#711 = CARTESIAN_POINT ( 'NONE',  ( 10.28654110211628000, -23.59401471585512800, 11.05421756228569500 ) ) ;
#712 = AXIS2_PLACEMENT_3D ( 'NONE', #711, #710, #709 ) ;
#713 = AXIS2_PLACEMENT_3D ( 'NONE', #708, #707, #706 ) ;
#714 = DIRECTION ( 'NONE',  ( 0.0000000000000000000, 0.0000000000000000000, -1.000000000000000000 ) ) ;
#715 = DIRECTION ( 'NONE',  ( -1.000000000000000000, -0.0000000000000000000, 0.0000000000000000000 ) ) ;
#716 = CARTESIAN_POINT ( 'NONE',  ( -10.70166887658163500, -22.21632973437989000, 12.43190254376092900 ) ) ;
#717 = CIRCLE ( 'NONE', #712, 0.4999999999999994400 ) ;
#718 = CIRCLE ( 'NONE', #713, 0.5000000000000004400 ) ;
#719 = CIRCLE ( 'NONE', #779, 0.5000000000000004400 ) ;
#720 = CARTESIAN_POINT ( 'NONE',  ( -12.03647070819423700, -9.249381323977525300, 9.170292874916688300 ) ) ;
#721 = CARTESIAN_POINT ( 'NONE',  ( -11.59604659572103600, -8.887293285711296100, 9.152789934128886500 ) ) ;
#722 = CARTESIAN_POINT ( 'NONE',  ( -11.91908278303372800, -8.907600729580082100, 9.187666094967994500 ) ) ;
#723 = CARTESIAN_POINT ( 'NONE',  ( -12.04987528287331600, -9.176005100016880100, 9.056049855640701200 ) ) ;
#724 = CARTESIAN_POINT ( 'NONE',  ( -11.60545786236569100, -8.841187679551534700, 9.063532846708188400 ) ) ;
#725 = CARTESIAN_POINT ( 'NONE',  ( -11.93112208714092800, -8.863234561701883500, 9.108350928683815800 ) ) ;
#726 = CARTESIAN_POINT ( 'NONE',  ( -12.05965487191544700, -9.145830966179822500, 8.995982194725023400 ) ) ;
#727 = CARTESIAN_POINT ( 'NONE',  ( -11.62973868535661700, -8.767225642580546800, 8.876991568143571600 ) ) ;
#728 = CARTESIAN_POINT ( 'NONE',  ( -11.96225604399673200, -8.788850591136498000, 8.942420701991501600 ) ) ;
#729 = CARTESIAN_POINT ( 'NONE',  ( -12.08488596348348300, -9.097991595659266300, 8.870152689567284200 ) ) ;
#730 = CARTESIAN_POINT ( 'NONE',  ( -11.64474031820379600, -8.739586821220648000, 8.779278036609948500 ) ) ;
#731 = CARTESIAN_POINT ( 'NONE',  ( -11.98164768316890900, -8.758966855973595100, 8.855024762618327800 ) ) ;
#732 = CARTESIAN_POINT ( 'NONE',  ( -12.10047470554136400, -9.080479878344796400, 8.804096174461353300 ) ) ;
#733 = CARTESIAN_POINT ( 'NONE',  ( -11.67826973938143100, -8.704812587962816700, 8.585553702678796000 ) ) ;
#734 = CARTESIAN_POINT ( 'NONE',  ( -12.02522787351728800, -8.716009453038159500, 8.680578469238930900 ) ) ;
#735 = CARTESIAN_POINT ( 'NONE',  ( -12.13531635321722000, -9.059370630265938500, 8.672873037384974300 ) ) ;
#736 = CARTESIAN_POINT ( 'NONE',  ( -11.69693739771896500, -8.697101222945624600, 8.488331513266963700 ) ) ;
#737 = CARTESIAN_POINT ( 'NONE',  ( -12.04973854308478600, -8.702505858252644400, 8.592126700242177500 ) ) ;
#738 = CARTESIAN_POINT ( 'NONE',  ( -12.15471459587693200, -9.055397437013521500, 8.606890529316389800 ) ) ;
#739 = CARTESIAN_POINT ( 'NONE',  ( -11.79872906283532300, -8.705795436807845200, 8.000115055277055000 ) ) ;
#740 = CARTESIAN_POINT ( 'NONE',  ( -12.18797962237858100, -8.673204278792509200, 8.131079481046724000 ) ) ;
#741 = CARTESIAN_POINT ( 'NONE',  ( -12.26049003738705100, -9.067676035220355100, 8.274930444439032600 ) ) ;
#742 = CARTESIAN_POINT ( 'NONE',  ( -11.90143698296115800, -8.866722015357515500, 7.627956073296225300 ) ) ;
#743 = CARTESIAN_POINT ( 'NONE',  ( -12.33140694254487900, -8.789169939005164500, 7.765272566357468000 ) ) ;
#744 = CARTESIAN_POINT ( 'NONE',  ( -12.36724781187369300, -9.181973118092548300, 8.019811812381755400 ) ) ;
#745 = CARTESIAN_POINT ( 'NONE',  ( -11.99517808879720900, -9.137942103827397100, 7.356735984826341800 ) ) ;
#746 = CARTESIAN_POINT ( 'NONE',  ( -12.46462738535506000, -9.016251188058511400, 7.478426900595226600 ) ) ;
#747 = CARTESIAN_POINT ( 'NONE',  ( -12.46462738535506000, -9.369804578651784500, 7.831980291188498800 ) ) ;
#748 = CARTESIAN_POINT ( 'NONE',  ( -12.15401424190757900, -10.00680900898103000, 9.560559321620262500 ) ) ;
#749 = CARTESIAN_POINT ( 'NONE',  ( -11.67744465502280000, -10.02602242263972700, 9.910707674022855700 ) ) ;
#750 = CARTESIAN_POINT ( 'NONE',  ( -12.02414980074055600, -9.931415319484671000, 9.899268893514046000 ) ) ;
#751 = CARTESIAN_POINT ( 'NONE',  ( -12.13445897797515000, -9.940125737161611900, 9.556360474096795300 ) ) ;
#752 = CARTESIAN_POINT ( 'NONE',  ( -11.64392162021739100, -9.831628063751214300, 9.875166036090677200 ) ) ;
#753 = CARTESIAN_POINT ( 'NONE',  ( -11.98058928725717100, -9.756415002061864100, 9.855633281802129300 ) ) ;
#754 = CARTESIAN_POINT ( 'NONE',  ( -12.09962396654937900, -9.808457186816033500, 9.534738354404311200 ) ) ;
#755 = CARTESIAN_POINT ( 'NONE',  ( -11.62901818501300800, -9.734071777244736300, 9.847195996328279600 ) ) ;
#756 = CARTESIAN_POINT ( 'NONE',  ( -11.96132840418635200, -9.669176255653789900, 9.825490647035012500 ) ) ;
#757 = CARTESIAN_POINT ( 'NONE',  ( -12.08413726526331500, -9.742511873867107000, 9.516999452318360800 ) ) ;
#758 = CARTESIAN_POINT ( 'NONE',  ( -11.59280149044967500, -9.453980669972400700, 9.734970946412788700 ) ) ;
#759 = CARTESIAN_POINT ( 'NONE',  ( -11.91511300430704300, -9.421211950944712800, 9.713367202716446200 ) ) ;
#760 = CARTESIAN_POINT ( 'NONE',  ( -12.04650317285409000, -9.553594572770112600, 9.444372649426545900 ) ) ;
#761 = CARTESIAN_POINT ( 'NONE',  ( -11.57957171041254100, -9.279196286151737600, 9.619922406977577700 ) ) ;
#762 = CARTESIAN_POINT ( 'NONE',  ( -11.89812950303454600, -9.265236068485418000, 9.605841013280333100 ) ) ;
#763 = CARTESIAN_POINT ( 'NONE',  ( -12.03275562760791600, -9.436292364719467000, 9.368452908099403200 ) ) ;
#764 = CARTESIAN_POINT ( 'NONE',  ( -11.57977499059146900, -9.063907534135001500, 9.403708496965457200 ) ) ;
#765 = CARTESIAN_POINT ( 'NONE',  ( -11.89838728201891100, -9.071219651634969200, 9.411082631566523900 ) ) ;
#766 = CARTESIAN_POINT ( 'NONE',  ( -12.03296686348136800, -9.292778601040026800, 9.224298230433975100 ) ) ;
#767 = CARTESIAN_POINT ( 'NONE',  ( -11.58314687224415400, -8.998511966819313200, 9.323000112954828100 ) ) ;
#768 = CARTESIAN_POINT ( 'NONE',  ( -11.90267784945715400, -9.011397427809313900, 9.338941261767415000 ) ) ;
#769 = DIRECTION ( 'NONE',  ( 0.0000000000000000000, 0.7071067811865458000, -0.7071067811865492400 ) ) ;
#770 = DIRECTION ( 'NONE',  ( 0.09876335227590575500, -0.7036496998674928200, -0.7036496998674928200 ) ) ;
#771 = CARTESIAN_POINT ( 'NONE',  ( -12.71333574833236000, -22.92343651556644000, 13.13900932494748200 ) ) ;
#772 = AXIS2_PLACEMENT_3D ( 'NONE', #771, #770, #769 ) ;
#773 = CIRCLE ( 'NONE', #772, 0.4999999999999994400 ) ;
#774 = FACE_OUTER_BOUND ( 'NONE', #4427, .T. ) ;
#775 = DIRECTION ( 'NONE',  ( 0.0000000000000000000, 0.7071067811865474600, 0.7071067811865476800 ) ) ;
#776 = DIRECTION ( 'NONE',  ( -0.0000000000000000000, 0.7071067811865475700, -0.7071067811865475700 ) ) ;
#777 = DIRECTION ( 'NONE',  ( 1.000000000000000000, 0.0000000000000000000, 0.0000000000000000000 ) ) ;
#778 = DIRECTION ( 'NONE',  ( 0.0000000000000000000, 1.000000000000000000, 0.0000000000000000000 ) ) ;
#779 = AXIS2_PLACEMENT_3D ( 'NONE', #716, #715, #714 ) ;
#780 = AXIS2_PLACEMENT_3D ( 'NONE', #1008, #1003, #855 ) ;
#781 = DIRECTION ( 'NONE',  ( 0.0000000000000000000, 0.0000000000000000000, 1.000000000000000000 ) ) ;
#782 = AXIS2_PLACEMENT_3D ( 'NONE', #803, #778, #777 ) ;
#783 = DIRECTION ( 'NONE',  ( -1.000000000000000000, 0.0000000000000000000, 0.0000000000000000000 ) ) ;
#784 = CARTESIAN_POINT ( 'NONE',  ( 0.0000000000000000000, -23.59401471585512800, 11.05421756228569300 ) ) ;
#785 = DIRECTION ( 'NONE',  ( 0.0000000000000000000, 0.7071067811865484600, 0.7071067811865468000 ) ) ;
#786 = DIRECTION ( 'NONE',  ( 1.252614432898354100E-015, 0.7071067811865466800, -0.7071067811865484600 ) ) ;
#787 = CARTESIAN_POINT ( 'NONE',  ( -12.77311500707115000, -14.20021281141627900, 5.829999183170413000 ) ) ;
#788 = CIRCLE ( 'NONE', #794, 0.5000000000000000000 ) ;
#789 = AXIS2_PLACEMENT_3D ( 'NONE', #784, #783, #781 ) ;
#790 = DIRECTION ( 'NONE',  ( 0.0000000000000000000, -0.7071067811865526800, -0.7071067811865423500 ) ) ;
#791 = DIRECTION ( 'NONE',  ( -8.662267467318456800E-016, -0.7071067811865423500, 0.7071067811865526800 ) ) ;
#792 = CARTESIAN_POINT ( 'NONE',  ( -10.70166887658163500, -22.21632973437989400, 12.43190254376093200 ) ) ;
#793 = CYLINDRICAL_SURFACE ( 'NONE', #789, 0.5000000000000004400 ) ;
#794 = AXIS2_PLACEMENT_3D ( 'NONE', #787, #786, #785 ) ;
#795 = SPHERICAL_SURFACE ( 'NONE', #782, 0.5000000000000000000 ) ;
#796 = FACE_OUTER_BOUND ( 'NONE', #4059, .T. ) ;
#797 = DIRECTION ( 'NONE',  ( 0.0000000000000000000, 0.7071067811865458000, 0.7071067811865492400 ) ) ;
#798 = AXIS2_PLACEMENT_3D ( 'NONE', #808, #670, #669 ) ;
#799 = CYLINDRICAL_SURFACE ( 'NONE', #806, 0.4999999999999982200 ) ;
#800 = DIRECTION ( 'NONE',  ( -5.129596752952315200E-017, 0.7071067811865493500, -0.7071067811865458000 ) ) ;
#801 = CARTESIAN_POINT ( 'NONE',  ( -12.77311500707115000, -21.50922295319334400, 13.13900932494747700 ) ) ;
#802 = AXIS2_PLACEMENT_3D ( 'NONE', #801, #800, #797 ) ;
#803 = CARTESIAN_POINT ( 'NONE',  ( 10.28654110211628100, -23.59401471585512800, 11.05421756228569300 ) ) ;
#804 = FACE_OUTER_BOUND ( 'NONE', #4375, .T. ) ;
#805 = CIRCLE ( 'NONE', #802, 0.4999999999999994400 ) ;
#806 = AXIS2_PLACEMENT_3D ( 'NONE', #703, #702, #701 ) ;
#807 = FACE_OUTER_BOUND ( 'NONE', #4307, .T. ) ;
#808 = CARTESIAN_POINT ( 'NONE',  ( -10.70166887658163500, -22.56988312497316700, 12.78545593435420400 ) ) ;
#809 = FACE_OUTER_BOUND ( 'NONE', #4349, .T. ) ;
#810 = CARTESIAN_POINT ( 'NONE',  ( -10.20510845501717500, -14.86592063285908900, 5.164291361727603800 ) ) ;
#811 = CARTESIAN_POINT ( 'NONE',  ( -10.25715798677749800, -14.55376620200955500, 5.476445792577140800 ) ) ;
#812 = CARTESIAN_POINT ( 'NONE',  ( -10.70166887658163500, -14.55376620200955200, 5.476445792577139000 ) ) ;
#813 = CARTESIAN_POINT ( 'NONE',  ( -10.20510845564709800, -14.58734479882818900, 4.885715535252304100 ) ) ;
#814 = CARTESIAN_POINT ( 'NONE',  ( -10.25715798712099600, -14.31669995370238400, 5.239379551154420300 ) ) ;
#815 = CARTESIAN_POINT ( 'NONE',  ( -10.70166887724660400, -14.32161967689191700, 5.244299267459503300 ) ) ;
#816 = CARTESIAN_POINT ( 'NONE',  ( -10.21481022104529200, -14.25280524676667900, 4.658836643786168400 ) ) ;
#817 = CARTESIAN_POINT ( 'NONE',  ( -10.26265416041975300, -14.02629837282623400, 5.049131378115582400 ) ) ;
#818 = CARTESIAN_POINT ( 'NONE',  ( -10.71184271350142800, -14.04065398245870500, 5.057416258500053300 ) ) ;
#819 = CARTESIAN_POINT ( 'NONE',  ( -10.24236532858766900, -13.53951442431501400, 4.350676099427729100 ) ) ;
#820 = CARTESIAN_POINT ( 'NONE',  ( -10.27547637902624100, -13.41620614067321400, 4.802228180825133900 ) ) ;
#821 = CARTESIAN_POINT ( 'NONE',  ( -10.74073859391647500, -13.43803128014753600, 4.808829489002235400 ) ) ;
#822 = CARTESIAN_POINT ( 'NONE',  ( -10.26006876037267700, -13.15179913428400700, 4.265236014554874400 ) ) ;
#823 = CARTESIAN_POINT ( 'NONE',  ( -10.28238697872698800, -13.08626789198745800, 4.742215294584058300 ) ) ;
#824 = CARTESIAN_POINT ( 'NONE',  ( -10.75930344496775200, -13.10880682446695300, 4.743757799354082000 ) ) ;
#825 = CARTESIAN_POINT ( 'NONE',  ( -10.27406826383143100, -12.57808367344388500, 4.252413371389258700 ) ) ;
#826 = CARTESIAN_POINT ( 'NONE',  ( -10.28111875165975400, -12.60983934006839900, 4.745256674798795000 ) ) ;
#827 = CARTESIAN_POINT ( 'NONE',  ( -10.77398413193060600, -12.61933896670854300, 4.744443902738058900 ) ) ;
#828 = CARTESIAN_POINT ( 'NONE',  ( -10.27664847365929300, -12.38447823620031400, 4.267179867550389400 ) ) ;
#829 = CARTESIAN_POINT ( 'NONE',  ( -10.27869239992848600, -12.44973771520929200, 4.761984227797871200 ) ) ;
#830 = CARTESIAN_POINT ( 'NONE',  ( -10.77668989242391900, -12.45377653271231600, 4.760973885079367000 ) ) ;
#831 = CARTESIAN_POINT ( 'NONE',  ( -10.27442499801234500, -12.00969601589445200, 4.333962156670394500 ) ) ;
#832 = CARTESIAN_POINT ( 'NONE',  ( -10.26838019049513800, -12.14113706827284900, 4.823642682667967000 ) ) ;
#833 = CARTESIAN_POINT ( 'NONE',  ( -10.77435822446360400, -12.13250565912486300, 4.825578151541915200 ) ) ;
#834 = CARTESIAN_POINT ( 'NONE',  ( -10.26970703504597200, -11.82829800590081200, 4.385443826650536000 ) ) ;
#835 = CARTESIAN_POINT ( 'NONE',  ( -11.99517808879720900, -11.25926244738704300, 9.478056328385985600 ) ) ;
#836 = CARTESIAN_POINT ( 'NONE',  ( -12.46462738535505800, -11.13757153161815700, 9.599747244154869500 ) ) ;
#837 = CARTESIAN_POINT ( 'NONE',  ( -12.46462738535506000, -10.78401814102488400, 9.246193853561596400 ) ) ;
#838 = CARTESIAN_POINT ( 'NONE',  ( -11.94758035692904300, -11.12154846098703600, 9.615770314785992300 ) ) ;
#839 = CARTESIAN_POINT ( 'NONE',  ( -12.39570605579923200, -10.98917250865220100, 9.717227291068239100 ) ) ;
#840 = CARTESIAN_POINT ( 'NONE',  ( -12.41516758657854400, -10.68861714433351100, 9.341594837419251000 ) ) ;
#841 = CARTESIAN_POINT ( 'NONE',  ( -11.89907274450690800, -10.96190509458882200, 9.722767004554452100 ) ) ;
#842 = CARTESIAN_POINT ( 'NONE',  ( -12.32614105075378500, -10.82380123395132500, 9.803039342119356900 ) ) ;
#843 = FACE_OUTER_BOUND ( 'NONE', #4301, .T. ) ;
#844 = AXIS2_PLACEMENT_3D ( 'NONE', #892, #891, #890 ) ;
#845 = CARTESIAN_POINT ( 'NONE',  ( -10.71272814939312000, -14.03587013385523400, 5.072831422883767000 ) ) ;
#846 = CARTESIAN_POINT ( 'NONE',  ( -10.70402438571535000, -14.30968228699677300, 5.255377891426926200 ) ) ;
#847 = CARTESIAN_POINT ( 'NONE',  ( -10.70166887658163400, -14.43673560243193600, 5.359415192999524200 ) ) ;
#848 = B_SPLINE_CURVE_WITH_KNOTS ( 'NONE', 3,
 ( #983, #982, #981, #980, #979, #978 ),
 .UNSPECIFIED., .F., .F.,
 ( 4, 2, 4 ),
 ( 0.003936472685293770400, 0.004642596729127923500, 0.005348720772962076700 ),
 .UNSPECIFIED. ) ;
#849 = CARTESIAN_POINT ( 'NONE',  ( -10.70166887658163500, -14.55376620200955200, 5.476445792577139000 ) ) ;
#850 = CARTESIAN_POINT ( 'NONE',  ( -10.64299401356664300, -20.48509136231138700, 14.16314091582943700 ) ) ;
#851 = B_SPLINE_CURVE_WITH_KNOTS ( 'NONE', 3,
 ( #849, #847, #846, #845, #995, #994, #993, #992, #991, #990, #989, #988, #987, #986, #985, #984 ),
 .UNSPECIFIED., .F., .F.,
 ( 4, 2, 2, 2, 2, 2, 2, 4 ),
 ( 0.0000000000000000000, 0.0004925167518515195500, 0.0009850335037030390900, 0.001970067007406079500, 0.002462583759257599500, 0.002955100511109119400, 0.003447617262960640300, 0.003940134014812160700 ),
 .UNSPECIFIED. ) ;
#852 = FACE_OUTER_BOUND ( 'NONE', #4332, .T. ) ;
#853 = DIRECTION ( 'NONE',  ( 0.0000000000000000000, -0.7071067811865475700, -0.7071067811865474600 ) ) ;
#854 = DIRECTION ( 'NONE',  ( 0.0000000000000000000, -0.7071067811865475700, 0.7071067811865475700 ) ) ;
#855 = DIRECTION ( 'NONE',  ( 0.0000000000000000000, -0.7071067811865510100, -0.7071067811865441300 ) ) ;
#856 = CARTESIAN_POINT ( 'NONE',  ( 9.003366181982432400, -18.55537673781839900, 2.181942037954631300 ) ) ;
#857 = CARTESIAN_POINT ( 'NONE',  ( 8.839484028274286600, -18.68753496440762900, 2.049783811365399000 ) ) ;
#858 = CARTESIAN_POINT ( 'NONE',  ( 8.671012878936814200, -18.78770351550626600, 1.901995262294943400 ) ) ;
#859 = CARTESIAN_POINT ( 'NONE',  ( 8.326631581787868400, -18.93390842947099300, 1.579599920155991200 ) ) ;
#860 = CARTESIAN_POINT ( 'NONE',  ( 8.153292197309278700, -18.97838484895189700, 1.407360483038904800 ) ) ;
#861 = CARTESIAN_POINT ( 'NONE',  ( 7.904577872897554000, -18.99741014169149600, 1.135071531888487600 ) ) ;
#862 = CARTESIAN_POINT ( 'NONE',  ( 7.822585538461936500, -18.99565547369384100, 1.040719924540270700 ) ) ;
#863 = CARTESIAN_POINT ( 'NONE',  ( 7.668540571833735200, -18.97296794160920900, 0.8491041639711930400 ) ) ;
#864 = CARTESIAN_POINT ( 'NONE',  ( 7.596120222457345000, -18.95231632438809300, 0.7516677522547505800 ) ) ;
#865 = CARTESIAN_POINT ( 'NONE',  ( 7.466135843669289500, -18.88593861678018000, 0.5505692815231135700 ) ) ;
#866 = CARTESIAN_POINT ( 'NONE',  ( 7.410092581935738400, -18.84071948267458300, 0.4489994166470152000 ) ) ;
#867 = CARTESIAN_POINT ( 'NONE',  ( 7.329583769467221000, -18.72020570682393300, 0.2484337067834428700 ) ) ;
#868 = CARTESIAN_POINT ( 'NONE',  ( -12.36476081529541700, -10.57870835920945000, 9.416405858912796100 ) ) ;
#869 = CARTESIAN_POINT ( 'NONE',  ( -11.82761511941906500, -10.69775304196683600, 9.835142457422085400 ) ) ;
#870 = CARTESIAN_POINT ( 'NONE',  ( -12.22562821097072900, -10.55980328391165600, 9.883402825722024300 ) ) ;
#871 = CARTESIAN_POINT ( 'NONE',  ( -12.29050658714019800, -10.39769499813206000, 9.496234808220549400 ) ) ;
#872 = CARTESIAN_POINT ( 'NONE',  ( -11.80388216632730500, -10.60486593278461100, 9.864530167036178900 ) ) ;
#873 = DIRECTION ( 'NONE',  ( 0.0000000000000000000, 0.7071067811865475700, -0.7071067811865474600 ) ) ;
#874 = VECTOR ( 'NONE', #873, 1000.000000000000000 ) ;
#875 = CARTESIAN_POINT ( 'NONE',  ( -12.75733636444396000, -14.42938322641288800, 8.107432779930942200 ) ) ;
#876 = LINE ( 'NONE', #875, #874 ) ;
#877 = CARTESIAN_POINT ( 'NONE',  ( 0.0000000000000000000, -12.24733904432687700, 4.247339044326869500 ) ) ;
#878 = DIRECTION ( 'NONE',  ( 0.0000000000000000000, -0.7071067811865475700, -0.7071067811865475700 ) ) ;
#879 = DIRECTION ( 'NONE',  ( 0.0000000000000000000, -0.7071067811865475700, 0.7071067811865475700 ) ) ;
#880 = CARTESIAN_POINT ( 'NONE',  ( 0.0000000000000000000, -11.89378565373360200, 3.893785653733595500 ) ) ;
#881 = TOROIDAL_SURFACE ( 'NONE', #887, 10.77579727645737500, 0.5000000000000000000 ) ;
#882 = CARTESIAN_POINT ( 'NONE',  ( 12.52820474389864600, -23.59401471583845800, 11.55421756228569500 ) ) ;
#883 = CARTESIAN_POINT ( 'NONE',  ( 12.56412086867031200, -23.46689879782200100, 11.55421756228197700 ) ) ;
#884 = CARTESIAN_POINT ( 'NONE',  ( 12.58317764542636600, -23.33517924058645200, 11.50248886820356000 ) ) ;
#885 = CARTESIAN_POINT ( 'NONE',  ( 12.58317764542636600, -23.24046132526185500, 11.40777095287896800 ) ) ;
#886 = FACE_OUTER_BOUND ( 'NONE', #4326, .T. ) ;
#887 = AXIS2_PLACEMENT_3D ( 'NONE', #880, #879, #878 ) ;
#888 = CARTESIAN_POINT ( 'NONE',  ( 11.32094482420502100, -16.43405639425875400, 0.06062169439498559000 ) ) ;
#889 = B_SPLINE_CURVE_WITH_KNOTS ( 'NONE', 3,
 ( #885, #884, #883, #882 ),
 .UNSPECIFIED., .F., .F.,
 ( 4, 4 ),
 ( 0.0000000000000000000, 0.0003956129499179101100 ),
 .UNSPECIFIED. ) ;
#890 = DIRECTION ( 'NONE',  ( 1.000000000000000000, 0.0000000000000000000, 0.0000000000000000000 ) ) ;
#891 = DIRECTION ( 'NONE',  ( 0.0000000000000000000, 1.000000000000000000, 0.0000000000000000000 ) ) ;
#892 = CARTESIAN_POINT ( 'NONE',  ( -10.70166887658163700, -22.21632973437989000, 12.43190254376093100 ) ) ;
#893 = SPHERICAL_SURFACE ( 'NONE', #844, 0.5000000000000000000 ) ;
#894 = FACE_OUTER_BOUND ( 'NONE', #4058, .T. ) ;
#895 = CARTESIAN_POINT ( 'NONE',  ( -8.268631034737032000, -8.899735811233766100, 9.527800577789314200 ) ) ;
#896 = CARTESIAN_POINT ( 'NONE',  ( -8.418538388725467700, -9.058185317566483300, 9.398925254399562900 ) ) ;
#897 = CARTESIAN_POINT ( 'NONE',  ( -8.670966289733215100, -9.067018205842462200, 9.407633693978576500 ) ) ;
#898 = CARTESIAN_POINT ( 'NONE',  ( -8.269312813642743600, -9.098628225200862100, 9.725386085101520800 ) ) ;
#899 = CARTESIAN_POINT ( 'NONE',  ( -8.419172707438230300, -9.225967858488568000, 9.565424653298945800 ) ) ;
#900 = CARTESIAN_POINT ( 'NONE',  ( -8.671681242625878000, -9.216211363250488700, 9.555798977529262200 ) ) ;
#901 = CARTESIAN_POINT ( 'NONE',  ( -8.280349675057442100, -9.209622153490709500, 9.815323080253877600 ) ) ;
#902 = CARTESIAN_POINT ( 'NONE',  ( -8.429523030068001100, -9.321366402692254000, 9.639980635280176500 ) ) ;
#903 = CARTESIAN_POINT ( 'NONE',  ( -8.683255136699800800, -9.299841028380820200, 9.622867505827537500 ) ) ;
#904 = CARTESIAN_POINT ( 'NONE',  ( -8.321614802709575500, -9.442262224147375700, 9.967983546944054800 ) ) ;
#905 = CARTESIAN_POINT ( 'NONE',  ( -8.467805359667069700, -9.521911674861812000, 9.762233853620838200 ) ) ;
#906 = CARTESIAN_POINT ( 'NONE',  ( -8.726528142426959200, -9.475780453595255900, 9.735903481930092700 ) ) ;
#907 = CARTESIAN_POINT ( 'NONE',  ( -8.351379894886576900, -9.563250466234475100, 10.03091660087234000 ) ) ;
#908 = CARTESIAN_POINT ( 'NONE',  ( -8.495536554978619000, -9.627180346627115500, 9.810414461746949800 ) ) ;
#909 = CARTESIAN_POINT ( 'NONE',  ( -8.757741547262368100, -9.567580951909493000, 9.782043956465521700 ) ) ;
#910 = CARTESIAN_POINT ( 'NONE',  ( -8.463948307245967600, -9.939756970148115700, 10.18238691234121000 ) ) ;
#911 = CARTESIAN_POINT ( 'NONE',  ( -8.599808326322241600, -9.955538210076492000, 9.918909472947211400 ) ) ;
#912 = CARTESIAN_POINT ( 'NONE',  ( -8.875787312354170000, -9.854067012533777300, 9.891540507403457000 ) ) ;
#913 = CARTESIAN_POINT ( 'NONE',  ( -8.564160576354307600, -10.19179105310124500, 10.22816044062004400 ) ) ;
#914 = CARTESIAN_POINT ( 'NONE',  ( -8.692508981340893100, -10.17499889537335100, 9.936478039863862600 ) ) ;
#915 = CARTESIAN_POINT ( 'NONE',  ( -8.980875717923176200, -10.04685615952177000, 9.922107067582468100 ) ) ;
#916 = CARTESIAN_POINT ( 'NONE',  ( -8.790045081346209000, -10.69354989146587100, 10.22635419156650200 ) ) ;
#917 = CARTESIAN_POINT ( 'NONE',  ( -8.893528099389737200, -10.59797975121337100, 9.888331442832509300 ) ) ;
#918 = CARTESIAN_POINT ( 'NONE',  ( -9.217751311219743100, -10.43236372120068500, 9.911563950367032300 ) ) ;
#919 = CARTESIAN_POINT ( 'NONE',  ( -8.910548621449329700, -10.93167210513959200, 10.17862225535808900 ) ) ;
#920 = CARTESIAN_POINT ( 'NONE',  ( -8.998734370239011700, -10.79288346945632600, 9.819878525935267900 ) ) ;
#921 = CARTESIAN_POINT ( 'NONE',  ( -9.344118320433617300, -10.61617129059682400, 9.870549083917685700 ) ) ;
#922 = CARTESIAN_POINT ( 'NONE',  ( -9.153726612856006600, -11.38126197348859800, 9.994326175835377400 ) ) ;
#923 = CARTESIAN_POINT ( 'NONE',  ( -9.203141177164118500, -11.14360039888617000, 9.617384947245691200 ) ) ;
#924 = CARTESIAN_POINT ( 'NONE',  ( -9.599128868470899100, -10.96493005974350300, 9.720760664214919800 ) ) ;
#925 = CARTESIAN_POINT ( 'NONE',  ( -9.271017353638844900, -11.58268766851424800, 9.861737869198096400 ) ) ;
#926 = CARTESIAN_POINT ( 'NONE',  ( -9.297366467432450300, -11.28898607861490800, 9.484671018684499800 ) ) ;
#927 = CARTESIAN_POINT ( 'NONE',  ( -9.722129066754076700, -11.12209676424129200, 9.615222011531734800 ) ) ;
#928 = CARTESIAN_POINT ( 'NONE',  ( 7.305974912723426600, -18.64292205415505800, 0.1481882114744298200 ) ) ;
#929 = CARTESIAN_POINT ( 'NONE',  ( 7.305931603133577900, -18.46808842221087600, -0.02668779081558517200 ) ) ;
#930 = CARTESIAN_POINT ( 'NONE',  ( 7.329126785789360300, -18.36916285049778000, -0.1030562391241648800 ) ) ;
#931 = CARTESIAN_POINT ( 'NONE',  ( 7.409121973582019300, -18.16896545417373000, -0.2237268837372811700 ) ) ;
#932 = CARTESIAN_POINT ( 'NONE',  ( 7.465795194623142500, -18.06612808330152500, -0.2695749569699793000 ) ) ;
#933 = CARTESIAN_POINT ( 'NONE',  ( 7.594238933907017300, -17.86707224562488600, -0.3355451902834978300 ) ) ;
#934 = CARTESIAN_POINT ( 'NONE',  ( 7.667767733659644600, -17.76791361859326600, -0.3567779935863212300 ) ) ;
#935 = CARTESIAN_POINT ( 'NONE',  ( 7.821621810193256900, -17.57641991448703000, -0.3795919264586580800 ) ) ;
#936 = CARTESIAN_POINT ( 'NONE',  ( 7.902133923509106600, -17.48369750951600200, -0.3814348709415852400 ) ) ;
#937 = CARTESIAN_POINT ( 'NONE',  ( 8.150636492412640900, -17.21135961991124600, -0.3629097951502805500 ) ) ;
#938 = CARTESIAN_POINT ( 'NONE',  ( 8.324864521848663700, -17.03814357128213100, -0.3184097287543227700 ) ) ;
#939 = CARTESIAN_POINT ( 'NONE',  ( 8.668416738413604600, -16.71634390207320600, -0.1730545599686832700 ) ) ;
#940 = CARTESIAN_POINT ( 'NONE',  ( 8.839745405563984800, -16.56600384036765300, -0.07132575171391684900 ) ) ;
#941 = CARTESIAN_POINT ( 'NONE',  ( 9.003366181982432400, -16.43405639425875400, 0.06062169439498559000 ) ) ;
#942 = CARTESIAN_POINT ( 'NONE',  ( -9.381265148485800500, -8.928665598773385200, 6.858905708693804100 ) ) ;
#943 = CARTESIAN_POINT ( 'NONE',  ( -9.381265148485798700, -9.282218989366660000, 7.212459099287078100 ) ) ;
#944 = CARTESIAN_POINT ( 'NONE',  ( -9.837738981906929000, -9.137942103827397100, 7.356735984826340100 ) ) ;
#945 = CARTESIAN_POINT ( 'NONE',  ( -9.271073551539222600, -8.754349462041471200, 7.033221859670314700 ) ) ;
#946 = CARTESIAN_POINT ( 'NONE',  ( -9.297441381512646400, -9.131462143630933800, 7.326910066436720800 ) ) ;
#947 = CARTESIAN_POINT ( 'NONE',  ( -9.722205285702203900, -9.000866849828073100, 7.493811238825665900 ) ) ;
#948 = CARTESIAN_POINT ( 'NONE',  ( -9.150521862195011700, -8.618754361158057300, 7.240479718486862600 ) ) ;
#949 = CARTESIAN_POINT ( 'NONE',  ( -9.200431531243021200, -8.995502140526072700, 7.476862643277093500 ) ) ;
#950 = CARTESIAN_POINT ( 'NONE',  ( -9.595768181574396000, -8.892891310661427800, 7.655533856447258100 ) ) ;
#951 = CARTESIAN_POINT ( 'NONE',  ( -8.909691220233835200, -8.437223831015670000, 7.686096303965185500 ) ) ;
#952 = CARTESIAN_POINT ( 'NONE',  ( -8.997923328977592000, -8.795727970449545900, 7.824684355771121400 ) ) ;
#953 = CARTESIAN_POINT ( 'NONE',  ( -9.343219199166377100, -8.745300010667168800, 8.001189699300164500 ) ) ;
#954 = CARTESIAN_POINT ( 'NONE',  ( -8.786422153830338600, -8.388836892528521700, 7.929992560465761300 ) ) ;
#955 = CARTESIAN_POINT ( 'NONE',  ( -8.890305945535381200, -8.726200335503108400, 8.024354680197118800 ) ) ;
#956 = CARTESIAN_POINT ( 'NONE',  ( -9.213952099795459800, -8.703676588929470300, 8.189445111492704000 ) ) ;
#957 = CARTESIAN_POINT ( 'NONE',  ( -8.618280131201455400, -8.388674559914351300, 8.304252491766538600 ) ) ;
#958 = CARTESIAN_POINT ( 'NONE',  ( -8.738957835980295700, -8.690993980493212600, 8.343485348522735400 ) ) ;
#959 = CARTESIAN_POINT ( 'NONE',  ( -9.037628621732180200, -8.696722841573803800, 8.476972053928651700 ) ) ;
#960 = CARTESIAN_POINT ( 'NONE',  ( -8.564261985326890400, -8.400746332698545900, 8.432314676468250200 ) ) ;
#961 = CARTESIAN_POINT ( 'NONE',  ( -8.690177235908397100, -8.690042567139885300, 8.452935319857594700 ) ) ;
#962 = CARTESIAN_POINT ( 'NONE',  ( -8.980982057140623800, -8.703660224978977000, 8.575135140630239400 ) ) ;
#963 = CARTESIAN_POINT ( 'NONE',  ( -8.466552404913541000, -8.450441643202514900, 8.686595934920200400 ) ) ;
#964 = CARTESIAN_POINT ( 'NONE',  ( -8.601495459312948500, -8.712960004715126800, 8.671508116151368700 ) ) ;
#965 = CARTESIAN_POINT ( 'NONE',  ( -8.878518124189676900, -8.737198674700232800, 8.769579116264377900 ) ) ;
#966 = CARTESIAN_POINT ( 'NONE',  ( -8.422728563678294500, -8.487747490643242200, 8.812864916158529700 ) ) ;
#967 = CARTESIAN_POINT ( 'NONE',  ( -8.561180579068473400, -8.736143607878059200, 8.781045245182467000 ) ) ;
#968 = CARTESIAN_POINT ( 'NONE',  ( -8.832561898959715700, -8.763554776558010000, 8.865904138707525900 ) ) ;
#969 = CARTESIAN_POINT ( 'NONE',  ( -8.348378632400352800, -8.590573441290658300, 9.064146565043426300 ) ) ;
#970 = CARTESIAN_POINT ( 'NONE',  ( -8.492759190729428200, -8.809701343708651300, 8.998703568727711000 ) ) ;
#971 = CARTESIAN_POINT ( 'NONE',  ( -8.754594249082130000, -8.837965396402200500, 9.057074214290846500 ) ) ;
#972 = CARTESIAN_POINT ( 'NONE',  ( -8.319031155188406900, -8.654632309516623300, 9.185386462114863100 ) ) ;
#973 = CARTESIAN_POINT ( 'NONE',  ( -8.465407595307228300, -8.858929647138559500, 9.104180099370314100 ) ) ;
#974 = CARTESIAN_POINT ( 'NONE',  ( -8.723818779735946500, -8.884966185381095700, 9.149047502133584000 ) ) ;
#975 = CARTESIAN_POINT ( 'NONE',  ( -8.278985758505026400, -8.808961832613107400, 9.417278436630683200 ) ) ;
#976 = CARTESIAN_POINT ( 'NONE',  ( -8.428250140155945800, -8.982809661404958800, 9.304000202031304000 ) ) ;
#977 = CARTESIAN_POINT ( 'NONE',  ( -8.681824854646143000, -8.999298059496103600, 9.324381749752365800 ) ) ;
#978 = CARTESIAN_POINT ( 'NONE',  ( -9.837738981906929000, -11.25926244738704400, 9.478056328385985600 ) ) ;
#979 = CARTESIAN_POINT ( 'NONE',  ( -9.716905472283651000, -11.11589921441670400, 9.621419561356322700 ) ) ;
#980 = CARTESIAN_POINT ( 'NONE',  ( -9.589042598490765500, -10.95198284581427800, 9.729080422774830000 ) ) ;
#981 = CARTESIAN_POINT ( 'NONE',  ( -9.326557566715585800, -10.59121379616550800, 9.878202129897912800 ) ) ;
#982 = CARTESIAN_POINT ( 'NONE',  ( -9.195544110538756800, -10.39934512987024800, 9.917396156606169900 ) ) ;
#983 = CARTESIAN_POINT ( 'NONE',  ( -9.074333061670882800, -10.19860227560722200, 9.917396156606162800 ) ) ;
#984 = CARTESIAN_POINT ( 'NONE',  ( -10.63467912755798400, -11.01823229607660400, 5.476445792577136400 ) ) ;
#985 = CARTESIAN_POINT ( 'NONE',  ( -10.66653714140432500, -11.13308526937728100, 5.361592819276459900 ) ) ;
#986 = CARTESIAN_POINT ( 'NONE',  ( -10.69255440985384800, -11.25778668124038100, 5.259072600899952700 ) ) ;
#987 = CARTESIAN_POINT ( 'NONE',  ( -10.73383509864993400, -11.52661121834199800, 5.078535753378621300 ) ) ;
#988 = CARTESIAN_POINT ( 'NONE',  ( -10.74917585174526200, -11.67261339932646500, 4.999846711182341300 ) ) ;
#989 = CARTESIAN_POINT ( 'NONE',  ( -10.76933474877717200, -11.97484091903852000, 4.873805795206197700 ) ) ;
#990 = CARTESIAN_POINT ( 'NONE',  ( -10.77431929981346000, -12.13077096099915400, 4.826039877419206400 ) ) ;
#991 = CARTESIAN_POINT ( 'NONE',  ( -10.77670465794485800, -12.45221940172911000, 4.761175262316052100 ) ) ;
#992 = CARTESIAN_POINT ( 'NONE',  ( -10.77401433527347600, -12.61794747443963200, 4.744529430303091800 ) ) ;
#993 = CARTESIAN_POINT ( 'NONE',  ( -10.75935760373581100, -13.10776560619228300, 4.743593079708462700 ) ) ;
#994 = CARTESIAN_POINT ( 'NONE',  ( -10.74078411603525200, -13.43715745683752300, 4.808571315710271900 ) ) ;
#995 = CARTESIAN_POINT ( 'NONE',  ( -10.71909207388916000, -13.88943114951886300, 4.994984636260868500 ) ) ;
#996 = CARTESIAN_POINT ( 'NONE',  ( -9.381265148485800500, -11.75709272351958000, 9.687332833439995700 ) ) ;
#997 = CARTESIAN_POINT ( 'NONE',  ( -9.381265148485798700, -11.40353933292630400, 9.333779442846720900 ) ) ;
#998 = CARTESIAN_POINT ( 'NONE',  ( -9.837738981906929000, -11.25926244738704300, 9.478056328385983800 ) ) ;
#999 =( BOUNDED_SURFACE ( )  B_SPLINE_SURFACE ( 3, 2, ( 
 ( #998, #997, #996 ),
 ( #927, #926, #925 ),
 ( #924, #923, #922 ),
 ( #921, #920, #919 ),
 ( #918, #917, #916 ),
 ( #915, #914, #913 ),
 ( #912, #911, #910 ),
 ( #909, #908, #907 ),
 ( #906, #905, #904 ),
 ( #903, #902, #901 ),
 ( #900, #899, #898 ),
 ( #897, #896, #895 ),
 ( #977, #976, #975 ),
 ( #974, #973, #972 ),
 ( #971, #970, #969 ),
 ( #968, #967, #966 ),
 ( #965, #964, #963 ),
 ( #962, #961, #960 ),
 ( #959, #958, #957 ),
 ( #956, #955, #954 ),
 ( #953, #952, #951 ),
 ( #950, #949, #948 ),
 ( #947, #946, #945 ),
 ( #944, #943, #942 ) ),
 .UNSPECIFIED., .F., .F., .T. ) 
 B_SPLINE_SURFACE_WITH_KNOTS ( ( 4, 2, 2, 2, 2, 2, 2, 2, 2, 2, 2, 4 ),
 ( 3, 3 ),
 ( 0.0000000000000000000, 0.0008390144753105568800, 0.001678028950621113800, 0.002517043425931670600, 0.002936550663586948900, 0.003356057901242227500, 0.003775565138897506200, 0.004195072376552784800, 0.004614579614208063500, 0.005034086851863341300, 0.005873101327173897700, 0.006712115802484455000 ),
 ( 0.0000000000000000000, 1.000000000000000000 ),
 .UNSPECIFIED. ) 
 GEOMETRIC_REPRESENTATION_ITEM ( )  RATIONAL_B_SPLINE_SURFACE ( (
 ( 1.000000000000000000, 0.7071067811865475700, 1.000000000000000000),
 ( 1.000000000000000000, 0.7257741926342619100, 1.000000000000000000),
 ( 1.000000000000000000, 0.7461619382693993600, 1.000000000000000000),
 ( 1.000000000000000000, 0.7879585274053366700, 1.000000000000000000),
 ( 1.000000000000000000, 0.8084147300314615800, 1.000000000000000000),
 ( 1.000000000000000000, 0.8458438457704261500, 1.000000000000000000),
 ( 1.000000000000000000, 0.8619707131712136500, 1.000000000000000000),
 ( 1.000000000000000000, 0.8798003643745608800, 1.000000000000000000),
 ( 1.000000000000000000, 0.8844592661722341400, 1.000000000000000000),
 ( 1.000000000000000000, 0.8908963049809846000, 1.000000000000000000),
 ( 1.000000000000000000, 0.8926041467124478100, 1.000000000000000000),
 ( 1.000000000000000000, 0.8927098967463006400, 1.000000000000000000),
 ( 1.000000000000000000, 0.8911079240511808900, 1.000000000000000000),
 ( 1.000000000000000000, 0.8848633291691255800, 1.000000000000000000),
 ( 1.000000000000000000, 0.8802722210067659400, 1.000000000000000000),
 ( 1.000000000000000000, 0.8685026955809895800, 1.000000000000000000),
 ( 1.000000000000000000, 0.8615085088361935700, 1.000000000000000000),
 ( 1.000000000000000000, 0.8457058230426435200, 1.000000000000000000),
 ( 1.000000000000000000, 0.8368725364466429500, 1.000000000000000000),
 ( 1.000000000000000000, 0.8090221555642103100, 1.000000000000000000),
 ( 1.000000000000000000, 0.7881036110626747900, 1.000000000000000000),
 ( 1.000000000000000000, 0.7467150050899801200, 1.000000000000000000),
 ( 1.000000000000000000, 0.7257389630782048500, 1.000000000000000000),
 ( 1.000000000000000000, 0.7071067811865476800, 1.000000000000000000) ) ) 
 REPRESENTATION_ITEM ( '' )  SURFACE ( )  );
#1000 = B_SPLINE_CURVE_WITH_KNOTS ( 'NONE', 3,
 ( #941, #940, #939, #938, #937, #936, #935, #934, #933, #932, #931, #930, #929, #928, #867, #866, #865, #864, #863, #862, #861, #860, #859, #858, #857, #856 ),
 .UNSPECIFIED., .F., .F.,
 ( 4, 2, 2, 2, 2, 2, 2, 2, 2, 2, 2, 2, 4 ),
 ( 5.285485590866834100E-019, 0.0007410016516208183100, 0.001482003303241636000, 0.001852504129052040800, 0.002223004954862447100, 0.002593505780672854300, 0.002964006606483260200, 0.003334507432293667500, 0.003705008258104073800, 0.004075509083914481900, 0.004446009909724886500, 0.005187011561345695700, 0.005928013212966504900 ),
 .UNSPECIFIED. ) ;
#1001 = AXIS2_PLACEMENT_3D ( 'NONE', #877, #854, #853 ) ;
#1002 = CARTESIAN_POINT ( 'NONE',  ( -12.75733636444396000, -20.48509136231138700, 14.16314091582943700 ) ) ;
#1003 = DIRECTION ( 'NONE',  ( -7.847237690376180700E-015, -0.7071067811865449100, 0.7071067811865501300 ) ) ;
#1004 = DIRECTION ( 'NONE',  ( -1.000000000000000000, 0.0000000000000000000, 0.0000000000000000000 ) ) ;
#1005 = VECTOR ( 'NONE', #1004, 1000.000000000000000 ) ;
#1006 = CARTESIAN_POINT ( 'NONE',  ( -13.22266494219535100, -20.48509136231138700, 14.16314091582943700 ) ) ;
#1007 = LINE ( 'NONE', #1006, #1005 ) ;
#1008 = CARTESIAN_POINT ( 'NONE',  ( 10.28654110211628100, -17.53830657995662900, 4.998509426387194300 ) ) ;
#1009 = CIRCLE ( 'NONE', #1001, 12.77579727645737700 ) ;
#1010 = FILL_AREA_STYLE ('',( #1011 ) ) ;
#1011 = FILL_AREA_STYLE_COLOUR ( '', #1031 ) ;
#1012 = CARTESIAN_POINT ( 'NONE',  ( 3.000000000000002700, -10.19860227560722200, 8.417396156606161000 ) ) ;
#1013 = DIRECTION ( 'NONE',  ( 0.0000000000000000000, 0.7071067811865492400, -0.7071067811865458000 ) ) ;
#1014 = DIRECTION ( 'NONE',  ( -0.1613077332827553800, -0.6978466218242990200, -0.6978466218243042400 ) ) ;
#1015 = DIRECTION ( 'NONE',  ( -1.000000000000000000, -0.0000000000000000000, -0.0000000000000000000 ) ) ;
#1016 = DIRECTION ( 'NONE',  ( 0.0000000000000000000, 0.7071067811865475700, -0.7071067811865474600 ) ) ;
#1017 = DIRECTION ( 'NONE',  ( 0.0000000000000000000, -0.7071067811865474600, -0.7071067811865475700 ) ) ;
#1018 = AXIS2_PLACEMENT_3D ( 'NONE', #1119, #1014, #1013 ) ;
#1019 = CYLINDRICAL_SURFACE ( 'NONE', #1128, 1.500000000000001300 ) ;
#1020 = DIRECTION ( 'NONE',  ( 0.0000000000000000000, 0.0000000000000000000, 1.000000000000000000 ) ) ;
#1021 = FACE_OUTER_BOUND ( 'NONE', #4418, .T. ) ;
#1022 = CIRCLE ( 'NONE', #1114, 0.4999999999999994400 ) ;
#1023 =( LENGTH_UNIT ( ) NAMED_UNIT ( * ) SI_UNIT ( .MILLI., .METRE. ) );
#1024 = MECHANICAL_DESIGN_GEOMETRIC_PRESENTATION_REPRESENTATION (  '', ( #1026 ), #1073 ) ;
#1025 = PRESENTATION_LAYER_ASSIGNMENT (  '', '', ( #1026 ) ) ;
#1026 = STYLED_ITEM ( 'NONE', ( #1027 ), #1033 ) ;
#1027 = PRESENTATION_STYLE_ASSIGNMENT (( #1028 ) ) ;
#1028 = SURFACE_STYLE_USAGE ( .BOTH. , #1029 ) ;
#1029 = SURFACE_SIDE_STYLE ('',( #1030 ) ) ;
#1030 = SURFACE_STYLE_FILL_AREA ( #1010 ) ;
#1031 = COLOUR_RGB ( '',0.8431372549019607900, 0.8156862745098039100, 0.7529411764705882200 ) ;
#1032 = APPLICATION_CONTEXT ( 'automotive_design' ) ;
#1033 = ADVANCED_BREP_SHAPE_REPRESENTATION ( 'lamp houder', ( #3573, #1068 ), #1034 ) ;
#1034 =( GEOMETRIC_REPRESENTATION_CONTEXT ( 3 ) GLOBAL_UNCERTAINTY_ASSIGNED_CONTEXT ( ( #1035 ) ) GLOBAL_UNIT_ASSIGNED_CONTEXT ( ( #1121, #1037, #1036 ) ) REPRESENTATION_CONTEXT ( 'NONE', 'WORKASPACE' ) );
#1035 = UNCERTAINTY_MEASURE_WITH_UNIT (LENGTH_MEASURE( 1.000000000000000100E-005 ), #1121, 'distance_accuracy_value', 'NONE');
#1036 =( NAMED_UNIT ( * ) SI_UNIT ( $, .STERADIAN. ) SOLID_ANGLE_UNIT ( ) );
#1037 =( NAMED_UNIT ( * ) PLANE_ANGLE_UNIT ( ) SI_UNIT ( $, .RADIAN. ) );
#1038 = DIRECTION ( 'NONE',  ( 0.0000000000000000000, 0.0000000000000000000, 1.000000000000000000 ) ) ;
#1039 = CARTESIAN_POINT ( 'NONE',  ( 12.36592564070143200, -24.30112149704167400, 11.76132434347224100 ) ) ;
#1040 = CARTESIAN_POINT ( 'NONE',  ( 0.0000000000000000000, -12.24733904432687700, 4.247339044326871300 ) ) ;
#1041 = AXIS2_PLACEMENT_3D ( 'NONE', #1039, #1087, #1141 ) ;
#1042 = DIRECTION ( 'NONE',  ( 0.0000000000000000000, -0.7071067811865474600, -0.7071067811865474600 ) ) ;
#1043 = DIRECTION ( 'NONE',  ( 0.0000000000000000000, -0.7071067811865475700, 0.7071067811865475700 ) ) ;
#1044 = CARTESIAN_POINT ( 'NONE',  ( 3.000000000000002700, -11.01823229607660100, 5.476445792577145300 ) ) ;
#1045 = AXIS2_PLACEMENT_3D ( 'NONE', #1044, #1043, #1042 ) ;
#1046 = CARTESIAN_POINT ( 'NONE',  ( -11.71176773595522400, -10.19860227560722200, 9.917396156606162800 ) ) ;
#1047 = CARTESIAN_POINT ( 'NONE',  ( -11.73224928330027300, -10.29829003342347700, 9.917396156606166400 ) ) ;
#1048 = CARTESIAN_POINT ( 'NONE',  ( -11.75404752690673900, -10.39617560104947500, 9.907548361048103700 ) ) ;
#1049 = CARTESIAN_POINT ( 'NONE',  ( -11.79971859319995700, -10.58823231159149900, 9.869214756290151800 ) ) ;
#1050 = CARTESIAN_POINT ( 'NONE',  ( -11.82387179284722300, -10.68341318587369500, 9.840260505948560200 ) ) ;
#1051 = CARTESIAN_POINT ( 'NONE',  ( -11.89686683191878200, -10.95466135360618800, 9.727630094476490200 ) ) ;
#1052 = CARTESIAN_POINT ( 'NONE',  ( -11.94685368117364500, -11.11944597656347600, 9.617872799209553800 ) ) ;
#1053 = CARTESIAN_POINT ( 'NONE',  ( -11.99517808879720900, -11.25926244738704400, 9.478056328385985600 ) ) ;
#1054 = CARTESIAN_POINT ( 'NONE',  ( 12.35239991182860000, -14.55376620200955900, 1.940911886644183700 ) ) ;
#1055 = CARTESIAN_POINT ( 'NONE',  ( 20.00000000000000000, -16.43405639425875400, 0.06062169439498559000 ) ) ;
#1056 = FACE_OUTER_BOUND ( 'NONE', #4423, .T. ) ;
#1057 = B_SPLINE_CURVE_WITH_KNOTS ( 'NONE', 3,
 ( #1053, #1052, #1051, #1050, #1049, #1048, #1047, #1046 ),
 .UNSPECIFIED., .F., .F.,
 ( 4, 2, 2, 4 ),
 ( 0.0000000000000000000, 0.0006097540821513347800, 0.0009146311232269998400, 0.001219508164302665000 ),
 .UNSPECIFIED. ) ;
#1058 = CIRCLE ( 'NONE', #1041, 0.4999999999999994400 ) ;
#1059 = DIRECTION ( 'NONE',  ( -0.0000000000000000000, -0.7071067811865475700, 0.7071067811865474600 ) ) ;
#1060 = VECTOR ( 'NONE', #1059, 1000.000000000000000 ) ;
#1061 = CARTESIAN_POINT ( 'NONE',  ( -10.64299401356664300, -14.42938322641288800, 8.107432779930940500 ) ) ;
#1062 = LINE ( 'NONE', #1061, #1060 ) ;
#1063 = LINE ( 'NONE', #1055, #1147 ) ;
#1064 = DIRECTION ( 'NONE',  ( 0.0000000000000000000, 0.7071067811865466800, 0.7071067811865482400 ) ) ;
#1065 = PLANE ( 'NONE',  #1045 ) ;
#1066 = FACE_OUTER_BOUND ( 'NONE', #4285, .T. ) ;
#1067 = PRODUCT_DEFINITION_SHAPE ( 'NONE', 'NONE',  #1079 ) ;
#1068 = AXIS2_PLACEMENT_3D ( 'NONE', #1072, #1071, #1070 ) ;
#1069 = SHAPE_DEFINITION_REPRESENTATION ( #1067, #1033 ) ;
#1070 = DIRECTION ( 'NONE',  ( 1.000000000000000000, 0.0000000000000000000, 0.0000000000000000000 ) ) ;
#1071 = DIRECTION ( 'NONE',  ( 0.0000000000000000000, 0.0000000000000000000, 1.000000000000000000 ) ) ;
#1072 = CARTESIAN_POINT ( 'NONE',  ( 0.0000000000000000000, 0.0000000000000000000, 0.0000000000000000000 ) ) ;
#1073 =( GEOMETRIC_REPRESENTATION_CONTEXT ( 3 ) GLOBAL_UNCERTAINTY_ASSIGNED_CONTEXT ( ( #1074 ) ) GLOBAL_UNIT_ASSIGNED_CONTEXT ( ( #1023, #1076, #1075 ) ) REPRESENTATION_CONTEXT ( 'NONE', 'WORKASPACE' ) );
#1074 = UNCERTAINTY_MEASURE_WITH_UNIT (LENGTH_MEASURE( 1.000000000000000100E-005 ), #1023, 'distance_accuracy_value', 'NONE');
#1075 =( NAMED_UNIT ( * ) SI_UNIT ( $, .STERADIAN. ) SOLID_ANGLE_UNIT ( ) );
#1076 =( NAMED_UNIT ( * ) PLANE_ANGLE_UNIT ( ) SI_UNIT ( $, .RADIAN. ) );
#1077 = PRODUCT_RELATED_PRODUCT_CATEGORY ( 'part', '', ( #1083 ) ) ;
#1078 = PRODUCT_DEFINITION_FORMATION_WITH_SPECIFIED_SOURCE ( 'ANY', '', #1083, .NOT_KNOWN. ) ;
#1079 = PRODUCT_DEFINITION ( 'UNKNOWN', '', #1078, #1080 ) ;
#1080 = PRODUCT_DEFINITION_CONTEXT ( 'detailed design', #1082, 'design' ) ;
#1081 = APPLICATION_PROTOCOL_DEFINITION ( 'draft international standard', 'automotive_design', 1998, #1082 ) ;
#1082 = APPLICATION_CONTEXT ( 'automotive_design' ) ;
#1083 = PRODUCT ( 'lamp houder', 'lamp houder', '', ( #1084 ) ) ;
#1084 = PRODUCT_CONTEXT ( 'NONE', #1032, 'mechanical' ) ;
#1085 = APPLICATION_PROTOCOL_DEFINITION ( 'draft international standard', 'automotive_design', 1998, #1032 ) ;
#1086 = DIRECTION ( 'NONE',  ( 0.0000000000000000000, 0.7071067811865483500, -0.7071067811865466800 ) ) ;
#1087 = DIRECTION ( 'NONE',  ( 0.2512658335942609700, 0.6844214640366657100, 0.6844214640366623700 ) ) ;
#1088 = CARTESIAN_POINT ( 'NONE',  ( 11.32094482420502000, -18.55537673781839900, 2.181942037954631300 ) ) ;
#1089 = DIRECTION ( 'NONE',  ( 0.0000000000000000000, 0.7071067811865477900, -0.7071067811865473500 ) ) ;
#1090 = VECTOR ( 'NONE', #1089, 999.9999999999998900 ) ;
#1091 = CARTESIAN_POINT ( 'NONE',  ( -10.70166887658163500, -25.80792901608457200, 16.73060860665215400 ) ) ;
#1092 = CARTESIAN_POINT ( 'NONE',  ( 9.003366181982432400, -16.43405639425875400, 0.06062169439498559000 ) ) ;
#1093 = DIRECTION ( 'NONE',  ( 1.000000000000000000, 0.0000000000000000000, 0.0000000000000000000 ) ) ;
#1094 = VECTOR ( 'NONE', #1093, 1000.000000000000000 ) ;
#1095 = CARTESIAN_POINT ( 'NONE',  ( -10.24752165328568400, -21.86277634378661700, 12.78545593435420400 ) ) ;
#1096 = CIRCLE ( 'NONE', #1101, 10.77579727645737500 ) ;
#1097 = LINE ( 'NONE', #1095, #1094 ) ;
#1098 = DIRECTION ( 'NONE',  ( 0.0000000000000000000, -0.7071067811865477900, 0.7071067811865473500 ) ) ;
#1099 = DIRECTION ( 'NONE',  ( -0.0000000000000000000, 0.7071067811865473500, 0.7071067811865477900 ) ) ;
#1100 = CARTESIAN_POINT ( 'NONE',  ( 10.27027723461804600, -14.55376620200955900, 1.940911886644183700 ) ) ;
#1101 = AXIS2_PLACEMENT_3D ( 'NONE', #1106, #1086, #1064 ) ;
#1102 = DIRECTION ( 'NONE',  ( 0.0000000000000000000, 0.7071067811865458000, 0.7071067811865492400 ) ) ;
#1103 = DIRECTION ( 'NONE',  ( 0.0000000000000000000, 0.7071067811865475700, -0.7071067811865475700 ) ) ;
#1104 = CARTESIAN_POINT ( 'NONE',  ( 10.28654110211628000, -23.94756810644840100, 11.40777095287896800 ) ) ;
#1105 = PLANE ( 'NONE',  #1108 ) ;
#1106 = CARTESIAN_POINT ( 'NONE',  ( 0.0000000000000000000, -12.24733904432687800, 4.247339044326870400 ) ) ;
#1107 = AXIS2_PLACEMENT_3D ( 'NONE', #1104, #1103, #1102 ) ;
#1108 = AXIS2_PLACEMENT_3D ( 'NONE', #1117, #1099, #1098 ) ;
#1109 = LINE ( 'NONE', #1091, #1090 ) ;
#1110 = FACE_OUTER_BOUND ( 'NONE', #4357, .T. ) ;
#1111 = DIRECTION ( 'NONE',  ( 0.0000000000000000000, -0.7071067811865458000, -0.7071067811865492400 ) ) ;
#1112 = DIRECTION ( 'NONE',  ( 1.802369080828464400E-015, -0.7071067811865492400, 0.7071067811865458000 ) ) ;
#1113 = CARTESIAN_POINT ( 'NONE',  ( 10.28654110211628000, -23.59401471585512800, 11.05421756228569300 ) ) ;
#1114 = AXIS2_PLACEMENT_3D ( 'NONE', #1113, #1112, #1111 ) ;
#1115 = CARTESIAN_POINT ( 'NONE',  ( -12.77311500707115000, -21.86277634378661700, 12.78545593435420400 ) ) ;
#1116 = CYLINDRICAL_SURFACE ( 'NONE', #1107, 0.4999999999999994400 ) ;
#1117 = CARTESIAN_POINT ( 'NONE',  ( 3.000000000000002700, -25.80792901608457200, 16.73060860665215400 ) ) ;
#1118 = DIRECTION ( 'NONE',  ( -1.000000000000000000, -0.0000000000000000000, -0.0000000000000000000 ) ) ;
#1119 = CARTESIAN_POINT ( 'NONE',  ( -10.63467912755798400, -10.66467890548333100, 5.122892401983866000 ) ) ;
#1120 = PLANE ( 'NONE',  #1123 ) ;
#1121 =( LENGTH_UNIT ( ) NAMED_UNIT ( * ) SI_UNIT ( .MILLI., .METRE. ) );
#1122 = FACE_OUTER_BOUND ( 'NONE', #4280, .T. ) ;
#1123 = AXIS2_PLACEMENT_3D ( 'NONE', #1136, #1017, #1016 ) ;
#1124 = DIRECTION ( 'NONE',  ( -1.000000000000000000, -0.0000000000000000000, -0.0000000000000000000 ) ) ;
#1125 = VECTOR ( 'NONE', #1124, 1000.000000000000000 ) ;
#1126 = CARTESIAN_POINT ( 'NONE',  ( 20.00000000000000000, -14.55376620200955900, 1.940911886644183700 ) ) ;
#1127 = LINE ( 'NONE', #1126, #1125 ) ;
#1128 = AXIS2_PLACEMENT_3D ( 'NONE', #1012, #1015, #1038 ) ;
#1129 = CIRCLE ( 'NONE', #1018, 0.4999999999999994400 ) ;
#1130 = DIRECTION ( 'NONE',  ( -3.552713678800501700E-015, 0.7071067811865468000, 0.7071067811865483500 ) ) ;
#1131 = DIRECTION ( 'NONE',  ( -0.0000000000000000000, -0.7071067811865483500, 0.7071067811865466800 ) ) ;
#1132 = CIRCLE ( 'NONE', #1144, 12.77579727645737300 ) ;
#1133 = FACE_OUTER_BOUND ( 'NONE', #4284, .T. ) ;
#1134 = CYLINDRICAL_SURFACE ( 'NONE', #1143, 1.500000000000001300 ) ;
#1135 = FACE_OUTER_BOUND ( 'NONE', #4412, .T. ) ;
#1136 = CARTESIAN_POINT ( 'NONE',  ( 3.000000000000002700, -14.42938322641288800, 8.107432779930940500 ) ) ;
#1137 = DIRECTION ( 'NONE',  ( 0.0000000000000000000, 0.7071067811865466800, 0.7071067811865483500 ) ) ;
#1138 = DIRECTION ( 'NONE',  ( 0.0000000000000000000, 0.7071067811865483500, -0.7071067811865466800 ) ) ;
#1139 = CARTESIAN_POINT ( 'NONE',  ( 20.00000000000000000, -14.55376620200955900, 1.940911886644183700 ) ) ;
#1140 = AXIS2_PLACEMENT_3D ( 'NONE', #1139, #1138, #1137 ) ;
#1141 = DIRECTION ( 'NONE',  ( 0.0000000000000000000, 0.7071067811865458000, -0.7071067811865492400 ) ) ;
#1142 = PLANE ( 'NONE',  #1140 ) ;
#1143 = AXIS2_PLACEMENT_3D ( 'NONE', #1145, #1118, #1020 ) ;
#1144 = AXIS2_PLACEMENT_3D ( 'NONE', #1040, #1131, #1130 ) ;
#1145 = CARTESIAN_POINT ( 'NONE',  ( 20.00000000000000000, -17.49471656603857600, 1.121281866174808100 ) ) ;
#1146 = DIRECTION ( 'NONE',  ( -1.000000000000000000, -0.0000000000000000000, -0.0000000000000000000 ) ) ;
#1147 = VECTOR ( 'NONE', #1146, 1000.000000000000000 ) ;
#1148 = DIRECTION ( 'NONE',  ( 0.0000000000000000000, 0.0000000000000000000, 1.000000000000000000 ) ) ;
#1149 = AXIS2_PLACEMENT_3D ( 'NONE', #1259, #1258, #1257 ) ;
#1150 = AXIS2_PLACEMENT_3D ( 'NONE', #1200, #1197, #1196 ) ;
#1151 = TOROIDAL_SURFACE ( 'NONE', #1312, 3.500000000000000000, 0.5000000000000000000 ) ;
#1152 = AXIS2_PLACEMENT_3D ( 'NONE', #1191, #1190, #1189 ) ;
#1153 = DIRECTION ( 'NONE',  ( -1.000000000000000000, 0.0000000000000000000, 0.0000000000000000000 ) ) ;
#1154 = VECTOR ( 'NONE', #1153, 1000.000000000000000 ) ;
#1155 = CIRCLE ( 'NONE', #1152, 10.27579727645737500 ) ;
#1156 = DIRECTION ( 'NONE',  ( 3.469446951953611000E-015, -1.000000000000000000, 0.0000000000000000000 ) ) ;
#1157 = DIRECTION ( 'NONE',  ( -1.000000000000000000, -2.453269466693401800E-015, -2.453269466693389500E-015 ) ) ;
#1158 = CARTESIAN_POINT ( 'NONE',  ( 10.28654110211628100, -23.59401471585512800, 11.05421756228569100 ) ) ;
#1159 = AXIS2_PLACEMENT_3D ( 'NONE', #1158, #1157, #1156 ) ;
#1160 = CARTESIAN_POINT ( 'NONE',  ( 0.0000000000000000000, -14.05803020278914900, 21.29730885653821900 ) ) ;
#1161 = CARTESIAN_POINT ( 'NONE',  ( 14.99999999999999800, -12.52724100959802900, 3.138840091781934600 ) ) ;
#1162 = CARTESIAN_POINT ( 'NONE',  ( 14.85787104195405400, -12.56341853838852700, -1.765554764295853600E-013 ) ) ;
#1163 = CARTESIAN_POINT ( 'NONE',  ( 18.00000000000000000, -12.66608110138032300, -8.673617379884035500E-016 ) ) ;
#1164 = CARTESIAN_POINT ( 'NONE',  ( 15.00000000000000200, -9.472758990402045500, 2.861159908218071600 ) ) ;
#1165 = CARTESIAN_POINT ( 'NONE',  ( 15.13569999189375700, -9.507300089280221300, 1.600918351102202300E-013 ) ) ;
#1166 = CARTESIAN_POINT ( 'NONE',  ( -11.99517808879720900, -9.137942103827400700, 7.356735984826344500 ) ) ;
#1167 = CARTESIAN_POINT ( 'NONE',  ( -11.95936582464545900, -9.034326878475786400, 7.460351210177953400 ) ) ;
#1168 = CARTESIAN_POINT ( 'NONE',  ( -11.92315909890260000, -8.948346512745514400, 7.576057737683773200 ) ) ;
#1169 = CARTESIAN_POINT ( 'NONE',  ( -11.85022402537770100, -8.810437249241431300, 7.830891538296462800 ) ) ;
#1170 = CARTESIAN_POINT ( 'NONE',  ( -11.81388466416226100, -8.759871289093762700, 7.969076366440621200 ) ) ;
#1171 = DIRECTION ( 'NONE',  ( -1.000000000000000000, 0.0000000000000000000, 0.0000000000000000000 ) ) ;
#1172 = DIRECTION ( 'NONE',  ( 0.0000000000000000000, 0.0000000000000000000, -1.000000000000000000 ) ) ;
#1173 = CARTESIAN_POINT ( 'NONE',  ( -27.50000000000000000, 0.0000000000000000000, -2.500000000000000400 ) ) ;
#1174 = AXIS2_PLACEMENT_3D ( 'NONE', #1173, #1172, #1171 ) ;
#1175 = CIRCLE ( 'NONE', #1174, 5.000000000000000900 ) ;
#1176 = CARTESIAN_POINT ( 'NONE',  ( 0.0000000000000000000, 8.739278653749071400, -1.999999999999997800 ) ) ;
#1177 = CARTESIAN_POINT ( 'NONE',  ( 0.0000000000000000000, 8.739278653749071400, -1.499999999999997800 ) ) ;
#1178 = DIRECTION ( 'NONE',  ( -1.731912112470985100E-016, 1.000000000000000000, 0.0000000000000000000 ) ) ;
#1179 = DIRECTION ( 'NONE',  ( 1.000000000000000000, 1.731912112470986800E-016, 0.0000000000000000000 ) ) ;
#1180 = CARTESIAN_POINT ( 'NONE',  ( 1.319654564287428900E-015, -21.73927865374908900, -1.499999999999997800 ) ) ;
#1181 = AXIS2_PLACEMENT_3D ( 'NONE', #1180, #1179, #1178 ) ;
#1182 = CIRCLE ( 'NONE', #1181, 0.5000000000000004400 ) ;
#1183 = DIRECTION ( 'NONE',  ( 0.0000000000000000000, 0.7071067811865474600, 0.7071067811865474600 ) ) ;
#1184 = DIRECTION ( 'NONE',  ( -0.0000000000000000000, 0.7071067811865475700, -0.7071067811865475700 ) ) ;
#1185 = CARTESIAN_POINT ( 'NONE',  ( 0.0000000000000000000, -21.67766952966368900, 13.67766952966368200 ) ) ;
#1186 = AXIS2_PLACEMENT_3D ( 'NONE', #1185, #1184, #1183 ) ;
#1187 = CIRCLE ( 'NONE', #1186, 10.77579727645737500 ) ;
#1188 = CARTESIAN_POINT ( 'NONE',  ( -10.70166887658163500, -21.86277634378661700, 12.78545593435420400 ) ) ;
#1189 = DIRECTION ( 'NONE',  ( 0.0000000000000000000, 0.7071067811865475700, 0.7071067811865475700 ) ) ;
#1190 = DIRECTION ( 'NONE',  ( 0.0000000000000000000, -0.7071067811865475700, 0.7071067811865475700 ) ) ;
#1191 = CARTESIAN_POINT ( 'NONE',  ( 0.0000000000000000000, -21.32411613907041600, 13.32411613907040900 ) ) ;
#1192 = CARTESIAN_POINT ( 'NONE',  ( 10.28654110211628000, -23.59401471585512800, 11.55421756228569300 ) ) ;
#1193 = CARTESIAN_POINT ( 'NONE',  ( 1.625816264074267700E-015, -12.64381664041605500, 23.41862920009786500 ) ) ;
#1194 = CARTESIAN_POINT ( 'NONE',  ( 18.00000000000000000, -9.333918898619755200, -8.673617379884035500E-016 ) ) ;
#1195 = AXIS2_PLACEMENT_3D ( 'NONE', #1254, #1253, #1270 ) ;
#1196 = DIRECTION ( 'NONE',  ( 0.0000000000000000000, -0.7071067811865458000, 0.7071067811865492400 ) ) ;
#1197 = DIRECTION ( 'NONE',  ( -0.1170939406754547400, 0.7022424827141612300, 0.7022424827141577900 ) ) ;
#1198 = TOROIDAL_SURFACE ( 'NONE', #1149, 34.99999999999999300, 0.5000000000000000000 ) ;
#1199 = CIRCLE ( 'NONE', #1150, 0.4999999999999994400 ) ;
#1200 = CARTESIAN_POINT ( 'NONE',  ( -10.70166887658163700, -22.21632973437989000, 12.43190254376093200 ) ) ;
#1201 = AXIS2_PLACEMENT_3D ( 'NONE', #1223, #1222, #1221 ) ;
#1202 = DIRECTION ( 'NONE',  ( 0.0000000000000000000, 0.0000000000000000000, -1.000000000000000000 ) ) ;
#1203 = DIRECTION ( 'NONE',  ( -0.0000000000000000000, -1.000000000000000000, -0.0000000000000000000 ) ) ;
#1204 = CARTESIAN_POINT ( 'NONE',  ( 22.00000000000000000, -1.224646799147353100E-015, -2.500000000000000400 ) ) ;
#1205 = DIRECTION ( 'NONE',  ( -1.000000000000000000, 0.0000000000000000000, 0.0000000000000000000 ) ) ;
#1206 = DIRECTION ( 'NONE',  ( 0.0000000000000000000, 0.0000000000000000000, 1.000000000000000000 ) ) ;
#1207 = DIRECTION ( 'NONE',  ( -1.000000000000000000, 0.0000000000000000000, 0.0000000000000000000 ) ) ;
#1208 = CARTESIAN_POINT ( 'NONE',  ( 0.0000000000000000000, -13.70447681219587600, 20.94375546594494600 ) ) ;
#1209 = AXIS2_PLACEMENT_3D ( 'NONE', #1208, #1207, #1206 ) ;
#1210 = CIRCLE ( 'NONE', #1209, 0.5000000000000004400 ) ;
#1211 = CARTESIAN_POINT ( 'NONE',  ( -9.381265148485800500, -11.75709272351958000, 9.687332833439995700 ) ) ;
#1212 = B_SPLINE_CURVE_WITH_KNOTS ( 'NONE', 3,
 ( #1251, #1244, #1243, #1242, #1241, #1240, #1239, #1238, #1237, #1170, #1169, #1168, #1167, #1166 ),
 .UNSPECIFIED., .F., .F.,
 ( 4, 2, 2, 2, 2, 2, 4 ),
 ( 0.001219508164302665000, 0.002123475535792430100, 0.003027442907282194700, 0.003479426593027076100, 0.003931410278771958400, 0.004383393964516839000, 0.004835377650261723000 ),
 .UNSPECIFIED. ) ;
#1213 = CARTESIAN_POINT ( 'NONE',  ( -35.50000000000000000, 4.347496136973103300E-015, -7.500000000000000000 ) ) ;
#1214 = AXIS2_PLACEMENT_3D ( 'NONE', #1314, #1300, #1205 ) ;
#1215 = CIRCLE ( 'NONE', #1273, 0.5000000000000000000 ) ;
#1216 = CARTESIAN_POINT ( 'NONE',  ( 1.258422224330061300E-015, -21.38572526315581600, -1.146446609406723600 ) ) ;
#1217 = CARTESIAN_POINT ( 'NONE',  ( 20.55159455291474700, -21.38572526315581600, -1.146446609406723200 ) ) ;
#1218 = CARTESIAN_POINT ( 'NONE',  ( 20.55159455291474700, 8.385725263155798400, -1.853553390593273100 ) ) ;
#1219 =( BOUNDED_CURVE ( )  B_SPLINE_CURVE ( 3, ( #1271, #1218, #1217, #1216 ),
 .UNSPECIFIED., .F., .T. ) 
 B_SPLINE_CURVE_WITH_KNOTS ( ( 4, 4 ),
 ( 0.0000000000000000000, 3.141592653589793100 ),
 .UNSPECIFIED. ) 
 CURVE ( )  GEOMETRIC_REPRESENTATION_ITEM ( )  RATIONAL_B_SPLINE_CURVE ( ( 1.000000000000000000, 0.3333333333333333700, 0.3333333333333333700, 1.000000000000000000 ) ) 
 REPRESENTATION_ITEM ( '' )  );
#1220 = FACE_OUTER_BOUND ( 'NONE', #3361, .T. ) ;
#1221 = DIRECTION ( 'NONE',  ( -1.000000000000000000, -1.224646799147351500E-016, 0.0000000000000000000 ) ) ;
#1222 = DIRECTION ( 'NONE',  ( -1.224646799147353200E-016, 1.000000000000000000, 0.0000000000000000000 ) ) ;
#1223 = CARTESIAN_POINT ( 'NONE',  ( -23.00000000000000000, 5.510910596163089600E-016, -7.500000000000000000 ) ) ;
#1224 = CIRCLE ( 'NONE', #1201, 0.5000000000000004400 ) ;
#1225 = CARTESIAN_POINT ( 'NONE',  ( -33.00000000000000000, 0.0000000000000000000, -2.500000000000000400 ) ) ;
#1226 = CIRCLE ( 'NONE', #1230, 0.5000000000000000000 ) ;
#1227 = CARTESIAN_POINT ( 'NONE',  ( -27.50000000000000000, 0.0000000000000000000, -2.000000000000000000 ) ) ;
#1228 = AXIS2_PLACEMENT_3D ( 'NONE', #1227, #1279, #1278 ) ;
#1229 = CARTESIAN_POINT ( 'NONE',  ( 22.00000000000000000, -1.224646799147353100E-015, -2.000000000000000000 ) ) ;
#1230 = AXIS2_PLACEMENT_3D ( 'NONE', #1225, #1288, #1287 ) ;
#1231 = AXIS2_PLACEMENT_3D ( 'NONE', #1285, #1307, #1306 ) ;
#1232 = DIRECTION ( 'NONE',  ( -1.000000000000000000, -1.224646799147351500E-016, 0.0000000000000000000 ) ) ;
#1233 = DIRECTION ( 'NONE',  ( -1.224646799147353200E-016, 1.000000000000000000, 0.0000000000000000000 ) ) ;
#1234 = CARTESIAN_POINT ( 'NONE',  ( 33.00000000000000000, -5.510910596163087600E-016, -2.500000000000000400 ) ) ;
#1235 = AXIS2_PLACEMENT_3D ( 'NONE', #1234, #1233, #1232 ) ;
#1236 = AXIS2_PLACEMENT_3D ( 'NONE', #1284, #1283, #1282 ) ;
#1237 = CARTESIAN_POINT ( 'NONE',  ( -11.74611924101271900, -8.700703656967649000, 8.252359148375557400 ) ) ;
#1238 = CARTESIAN_POINT ( 'NONE',  ( -11.71381602052490800, -8.691609374358510100, 8.401402002736549700 ) ) ;
#1239 = CARTESIAN_POINT ( 'NONE',  ( -11.65851683938504700, -8.716770406264469500, 8.692091858014464400 ) ) ;
#1240 = CARTESIAN_POINT ( 'NONE',  ( -11.63465756518925100, -8.751239153432443600, 8.838227084933736300 ) ) ;
#1241 = CARTESIAN_POINT ( 'NONE',  ( -11.58133968441364600, -8.916721712488442400, 9.250832976390601200 ) ) ;
#1242 = CARTESIAN_POINT ( 'NONE',  ( -11.57049143579142100, -9.111268538773620300, 9.493578437260984200 ) ) ;
#1243 = CARTESIAN_POINT ( 'NONE',  ( -11.60614565242758900, -9.610220607481615200, 9.829582393993307600 ) ) ;
#1244 = CARTESIAN_POINT ( 'NONE',  ( -11.65103948153429400, -9.903025802925238700, 9.917396156606164600 ) ) ;
#1245 = DIRECTION ( 'NONE',  ( -1.000000000000000000, -0.0000000000000000000, -0.0000000000000000000 ) ) ;
#1246 = VECTOR ( 'NONE', #1245, 1000.000000000000000 ) ;
#1247 = CARTESIAN_POINT ( 'NONE',  ( 3.000000000000002700, -9.137942103827400700, 7.356735984826344500 ) ) ;
#1248 = LINE ( 'NONE', #1247, #1246 ) ;
#1249 = CARTESIAN_POINT ( 'NONE',  ( 17.88397041811150200, -7.667878993090862000, -8.673617379884035500E-016 ) ) ;
#1250 = CARTESIAN_POINT ( 'NONE',  ( 14.90330868175831500, -7.945555743666668400, 2.722323249424194500 ) ) ;
#1251 = CARTESIAN_POINT ( 'NONE',  ( -11.71176773595522400, -10.19860227560722200, 9.917396156606162800 ) ) ;
#1252 = CARTESIAN_POINT ( 'NONE',  ( 15.16339971560325700, -7.957513741667609600, 3.183794492627013000E-013 ) ) ;
#1253 = DIRECTION ( 'NONE',  ( -0.0000000000000000000, -1.000000000000000000, -0.0000000000000000000 ) ) ;
#1254 = CARTESIAN_POINT ( 'NONE',  ( 23.29289321881345000, -1.224646799147353100E-015, -0.5000000000000000000 ) ) ;
#1255 = CARTESIAN_POINT ( 'NONE',  ( -35.50000000000000000, 4.347496136973103300E-015, -2.500000000000000400 ) ) ;
#1256 = CIRCLE ( 'NONE', #1195, 0.5000000000000000000 ) ;
#1257 = DIRECTION ( 'NONE',  ( -1.000000000000000000, 0.0000000000000000000, 0.0000000000000000000 ) ) ;
#1258 = DIRECTION ( 'NONE',  ( 0.0000000000000000000, 0.0000000000000000000, -1.000000000000000000 ) ) ;
#1259 = CARTESIAN_POINT ( 'NONE',  ( 0.0000000000000000000, 0.0000000000000000000, -2.500000000000000400 ) ) ;
#1260 = AXIS2_PLACEMENT_3D ( 'NONE', #1292, #1291, #1290 ) ;
#1261 = AXIS2_PLACEMENT_3D ( 'NONE', #1297, #1296, #1295 ) ;
#1262 = CIRCLE ( 'NONE', #1235, 0.5000000000000004400 ) ;
#1263 = CARTESIAN_POINT ( 'NONE',  ( -32.50000000000000000, 6.123233995736765300E-016, -7.500000000000000000 ) ) ;
#1264 = CIRCLE ( 'NONE', #1261, 0.5000000000000000000 ) ;
#1265 = DIRECTION ( 'NONE',  ( 0.0000000000000000000, 0.0000000000000000000, -1.000000000000000000 ) ) ;
#1266 = DIRECTION ( 'NONE',  ( -0.0000000000000000000, -1.000000000000000000, -0.0000000000000000000 ) ) ;
#1267 = CARTESIAN_POINT ( 'NONE',  ( -34.99999999999999300, 0.0000000000000000000, -2.500000000000000400 ) ) ;
#1268 = AXIS2_PLACEMENT_3D ( 'NONE', #1267, #1266, #1265 ) ;
#1269 = CIRCLE ( 'NONE', #1268, 0.5000000000000000000 ) ;
#1270 = DIRECTION ( 'NONE',  ( 0.0000000000000000000, 0.0000000000000000000, -1.000000000000000000 ) ) ;
#1271 = CARTESIAN_POINT ( 'NONE',  ( 0.0000000000000000000, 8.385725263155800100, -1.853553390593274000 ) ) ;
#1272 = FACE_OUTER_BOUND ( 'NONE', #3299, .T. ) ;
#1273 = AXIS2_PLACEMENT_3D ( 'NONE', #1204, #1203, #1202 ) ;
#1274 = DIRECTION ( 'NONE',  ( -1.000000000000000000, 0.0000000000000000000, 0.0000000000000000000 ) ) ;
#1275 = DIRECTION ( 'NONE',  ( 0.0000000000000000000, 0.0000000000000000000, -1.000000000000000000 ) ) ;
#1276 = CARTESIAN_POINT ( 'NONE',  ( -27.50000000000000000, 0.0000000000000000000, -7.500000000000000000 ) ) ;
#1277 = CARTESIAN_POINT ( 'NONE',  ( 22.50000000000000000, -6.123233995736765300E-016, -2.500000000000000400 ) ) ;
#1278 = DIRECTION ( 'NONE',  ( -1.000000000000000000, 0.0000000000000000000, 0.0000000000000000000 ) ) ;
#1279 = DIRECTION ( 'NONE',  ( -0.0000000000000000000, -0.0000000000000000000, 1.000000000000000000 ) ) ;
#1280 = CARTESIAN_POINT ( 'NONE',  ( 10.28654110211628000, -23.94756810644840100, 11.40777095287896800 ) ) ;
#1281 = CIRCLE ( 'NONE', #1228, 5.500000000000001800 ) ;
#1282 = DIRECTION ( 'NONE',  ( -1.000000000000000000, 0.0000000000000000000, 0.0000000000000000000 ) ) ;
#1283 = DIRECTION ( 'NONE',  ( 0.0000000000000000000, 0.0000000000000000000, -1.000000000000000000 ) ) ;
#1284 = CARTESIAN_POINT ( 'NONE',  ( -27.50000000000000000, 0.0000000000000000000, -8.000000000000000000 ) ) ;
#1285 = CARTESIAN_POINT ( 'NONE',  ( 0.0000000000000000000, -21.32411613907041600, 13.32411613907040900 ) ) ;
#1286 = CIRCLE ( 'NONE', #1236, 4.500000000000000900 ) ;
#1287 = DIRECTION ( 'NONE',  ( 0.0000000000000000000, 0.0000000000000000000, -1.000000000000000000 ) ) ;
#1288 = DIRECTION ( 'NONE',  ( -0.0000000000000000000, -1.000000000000000000, -0.0000000000000000000 ) ) ;
#1289 = CARTESIAN_POINT ( 'NONE',  ( -23.00000000000000000, 5.817072295949928400E-016, -8.000000000000000000 ) ) ;
#1290 = DIRECTION ( 'NONE',  ( 1.000000000000000000, 0.0000000000000000000, 0.0000000000000000000 ) ) ;
#1291 = DIRECTION ( 'NONE',  ( -0.0000000000000000000, -0.0000000000000000000, -1.000000000000000000 ) ) ;
#1292 = CARTESIAN_POINT ( 'NONE',  ( 27.50000000000000000, -1.224646799147353100E-015, -0.8535533905932734000 ) ) ;
#1293 = CIRCLE ( 'NONE', #1260, 3.146446609406726900 ) ;
#1294 = CARTESIAN_POINT ( 'NONE',  ( -32.00000000000000000, 0.0000000000000000000, -8.000000000000000000 ) ) ;
#1295 = DIRECTION ( 'NONE',  ( 0.0000000000000000000, 0.0000000000000000000, -1.000000000000000000 ) ) ;
#1296 = DIRECTION ( 'NONE',  ( 0.0000000000000000000, -1.000000000000000000, 0.0000000000000000000 ) ) ;
#1297 = CARTESIAN_POINT ( 'NONE',  ( 24.00000000000000000, -1.224646799147353100E-015, -1.207106781186547200 ) ) ;
#1298 = CARTESIAN_POINT ( 'NONE',  ( -22.50000000000000000, 0.0000000000000000000, -2.500000000000000400 ) ) ;
#1299 = TOROIDAL_SURFACE ( 'NONE', #1214, 4.500000000000000900, 0.5000000000000000000 ) ;
#1300 = DIRECTION ( 'NONE',  ( 0.0000000000000000000, 0.0000000000000000000, -1.000000000000000000 ) ) ;
#1301 = CARTESIAN_POINT ( 'NONE',  ( 33.00000000000000000, -5.510910596163086600E-016, -2.000000000000000000 ) ) ;
#1302 = CARTESIAN_POINT ( 'NONE',  ( 0.0000000000000000000, -23.59401471585512800, 11.55421756228569500 ) ) ;
#1303 = LINE ( 'NONE', #1302, #1154 ) ;
#1304 = CIRCLE ( 'NONE', #1159, 0.5000000000000004400 ) ;
#1305 = CARTESIAN_POINT ( 'NONE',  ( 12.52820474389864600, -23.59401471583845800, 11.55421756228569500 ) ) ;
#1306 = DIRECTION ( 'NONE',  ( 0.0000000000000000000, 0.7071067811865475700, 0.7071067811865475700 ) ) ;
#1307 = DIRECTION ( 'NONE',  ( -0.0000000000000000000, 0.7071067811865475700, -0.7071067811865475700 ) ) ;
#1308 = CARTESIAN_POINT ( 'NONE',  ( -10.14915612201596000, -20.18687393140426100, 14.46135834673656200 ) ) ;
#1309 = TOROIDAL_SURFACE ( 'NONE', #1231, 10.77579727645737500, 0.5000000000000000000 ) ;
#1310 = CARTESIAN_POINT ( 'NONE',  ( 12.36592564070143200, -23.94756810644840100, 11.40777095287896600 ) ) ;
#1311 = FACE_OUTER_BOUND ( 'NONE', #3391, .T. ) ;
#1312 = AXIS2_PLACEMENT_3D ( 'NONE', #1276, #1275, #1274 ) ;
#1313 = DIRECTION ( 'NONE',  ( -1.000000000000000000, -0.0000000000000000000, -0.0000000000000000000 ) ) ;
#1314 = CARTESIAN_POINT ( 'NONE',  ( -27.50000000000000000, 0.0000000000000000000, -7.500000000000000000 ) ) ;
#1315 = FACE_OUTER_BOUND ( 'NONE', #3344, .T. ) ;
#1316 =( BOUNDED_CURVE ( )  B_SPLINE_CURVE ( 3, ( #1349, #1348, #1330, #1329 ),
 .UNSPECIFIED., .F., .F. ) 
 B_SPLINE_CURVE_WITH_KNOTS ( ( 4, 4 ),
 ( 3.141592653589793100, 6.283185307179586200 ),
 .UNSPECIFIED. ) 
 CURVE ( )  GEOMETRIC_REPRESENTATION_ITEM ( )  RATIONAL_B_SPLINE_CURVE ( ( 1.000000000000000000, 0.3333333333333333700, 0.3333333333333333700, 1.000000000000000000 ) ) 
 REPRESENTATION_ITEM ( '' )  );
#1317 = CIRCLE ( 'NONE', #1384, 0.5000000000000004400 ) ;
#1318 = DIRECTION ( 'NONE',  ( -1.000000000000000000, 0.0000000000000000000, 0.0000000000000000000 ) ) ;
#1319 = DIRECTION ( 'NONE',  ( -0.0000000000000000000, -0.0000000000000000000, 1.000000000000000000 ) ) ;
#1320 = CARTESIAN_POINT ( 'NONE',  ( 27.50000000000000000, -1.224646799147353100E-015, -7.500000000000000000 ) ) ;
#1321 = AXIS2_PLACEMENT_3D ( 'NONE', #1320, #1319, #1318 ) ;
#1322 = AXIS2_PLACEMENT_3D ( 'NONE', #1403, #1402, #1401 ) ;
#1323 = CYLINDRICAL_SURFACE ( 'NONE', #1328, 15.00000000000000000 ) ;
#1324 = CIRCLE ( 'NONE', #1372, 1.000000000000000000 ) ;
#1325 = DIRECTION ( 'NONE',  ( -1.000000000000000000, -1.224646799147351500E-016, 0.0000000000000000000 ) ) ;
#1326 = DIRECTION ( 'NONE',  ( -1.224646799147353200E-016, 1.000000000000000000, 0.0000000000000000000 ) ) ;
#1327 = CARTESIAN_POINT ( 'NONE',  ( 32.00000000000000000, -6.735557395310440100E-016, -7.500000000000000000 ) ) ;
#1328 = AXIS2_PLACEMENT_3D ( 'NONE', #1416, #1465, #1340 ) ;
#1329 = CARTESIAN_POINT ( 'NONE',  ( 0.0000000000000000000, 8.385725263155800100, -1.853553390593274000 ) ) ;
#1330 = CARTESIAN_POINT ( 'NONE',  ( -20.55159455291474700, 8.385725263155798400, -1.853553390593273100 ) ) ;
#1331 = CYLINDRICAL_SURFACE ( 'NONE', #1486, 5.000000000000000900 ) ;
#1332 = CIRCLE ( 'NONE', #1391, 36.50000000000000000 ) ;
#1333 = LINE ( 'NONE', #1485, #1484 ) ;
#1334 = DIRECTION ( 'NONE',  ( -8.659560562354925500E-017, 0.0000000000000000000, -1.000000000000000000 ) ) ;
#1335 = DIRECTION ( 'NONE',  ( 1.000000000000000000, -8.659560562354931600E-017, -8.659560562354931600E-017 ) ) ;
#1336 = CARTESIAN_POINT ( 'NONE',  ( 1.687048604031635100E-015, -22.18975818643445000, 33.67167752730280500 ) ) ;
#1337 = CARTESIAN_POINT ( 'NONE',  ( 0.0000000000000000000, 0.0000000000000000000, 0.0000000000000000000 ) ) ;
#1338 = CIRCLE ( 'NONE', #1321, 5.000000000000000900 ) ;
#1339 = AXIS2_PLACEMENT_3D ( 'NONE', #1409, #1408, #1407 ) ;
#1340 = DIRECTION ( 'NONE',  ( 0.0000000000000000000, -0.7071067811865474600, -0.7071067811865475700 ) ) ;
#1341 = TOROIDAL_SURFACE ( 'NONE', #1399, 36.50000000000000000, 1.000000000000000000 ) ;
#1342 = CARTESIAN_POINT ( 'NONE',  ( 1.836970198721029600E-015, 12.33452377915606700, 0.8786796564403589500 ) ) ;
#1343 = CARTESIAN_POINT ( 'NONE',  ( 30.00000000000000400, 12.33452377915606300, 0.8786796564403587300 ) ) ;
#1344 = CARTESIAN_POINT ( 'NONE',  ( 30.00000000000000400, -34.33452377915606500, 5.121320343559640200 ) ) ;
#1345 = CARTESIAN_POINT ( 'NONE',  ( 0.0000000000000000000, -34.33452377915606500, 5.121320343559637500 ) ) ;
#1346 =( BOUNDED_CURVE ( )  B_SPLINE_CURVE ( 3, ( #1345, #1344, #1343, #1342 ),
 .UNSPECIFIED., .F., .T. ) 
 B_SPLINE_CURVE_WITH_KNOTS ( ( 4, 4 ),
 ( 0.0000000000000000000, 3.141592653589793100 ),
 .UNSPECIFIED. ) 
 CURVE ( )  GEOMETRIC_REPRESENTATION_ITEM ( )  RATIONAL_B_SPLINE_CURVE ( ( 1.000000000000000000, 0.3333333333333333700, 0.3333333333333333700, 1.000000000000000000 ) ) 
 REPRESENTATION_ITEM ( '' )  );
#1347 = CARTESIAN_POINT ( 'NONE',  ( 32.50000000000000000, -1.224646799147353100E-015, -7.500000000000000000 ) ) ;
#1348 = CARTESIAN_POINT ( 'NONE',  ( -20.55159455291474700, -21.38572526315582000, -1.146446609406723200 ) ) ;
#1349 = CARTESIAN_POINT ( 'NONE',  ( 1.258422224330061300E-015, -21.38572526315581600, -1.146446609406723600 ) ) ;
#1350 = AXIS2_PLACEMENT_3D ( 'NONE', #1357, #1352, #1351 ) ;
#1351 = DIRECTION ( 'NONE',  ( 0.0000000000000000000, -0.7071067811865475700, -0.7071067811865476800 ) ) ;
#1352 = DIRECTION ( 'NONE',  ( -0.0000000000000000000, 0.7071067811865475700, -0.7071067811865475700 ) ) ;
#1353 = DIRECTION ( 'NONE',  ( 0.7071067811865474600, 0.0000000000000000000, 0.7071067811865474600 ) ) ;
#1354 = VECTOR ( 'NONE', #1353, 1000.000000000000100 ) ;
#1355 = CARTESIAN_POINT ( 'NONE',  ( -24.50000000000000000, 0.0000000000000000000, -1.000000000000000000 ) ) ;
#1356 = LINE ( 'NONE', #1355, #1354 ) ;
#1357 = CARTESIAN_POINT ( 'NONE',  ( 0.0000000000000000000, -32.28427124746190200, 24.28427124746189800 ) ) ;
#1358 = DIRECTION ( 'NONE',  ( -0.7071067811865474600, 8.659560562354932900E-017, 0.7071067811865474600 ) ) ;
#1359 = VECTOR ( 'NONE', #1358, 1000.000000000000100 ) ;
#1360 = CARTESIAN_POINT ( 'NONE',  ( 24.50000000000000000, -8.572527594031471200E-016, -1.000000000000000000 ) ) ;
#1361 = LINE ( 'NONE', #1360, #1359 ) ;
#1362 = AXIS2_PLACEMENT_3D ( 'NONE', #1368, #1535, #1540 ) ;
#1363 = DIRECTION ( 'NONE',  ( 1.000000000000000000, 0.0000000000000000000, 0.0000000000000000000 ) ) ;
#1364 = DIRECTION ( 'NONE',  ( 0.0000000000000000000, 0.0000000000000000000, 1.000000000000000000 ) ) ;
#1365 = CARTESIAN_POINT ( 'NONE',  ( -27.50000000000000000, 0.0000000000000000000, -0.1464466094067262100 ) ) ;
#1366 = AXIS2_PLACEMENT_3D ( 'NONE', #1365, #1364, #1363 ) ;
#1367 = CIRCLE ( 'NONE', #1366, 3.853553390593272200 ) ;
#1368 = CARTESIAN_POINT ( 'NONE',  ( 27.50000000000000000, -1.224646799147353100E-015, -0.8535533905932734000 ) ) ;
#1369 = DIRECTION ( 'NONE',  ( 0.0000000000000000000, -0.7071067811865475700, -0.7071067811865475700 ) ) ;
#1370 = DIRECTION ( 'NONE',  ( 0.0000000000000000000, -0.7071067811865475700, 0.7071067811865475700 ) ) ;
#1371 = CARTESIAN_POINT ( 'NONE',  ( 0.0000000000000000000, -11.89378565373360200, 3.893785653733595500 ) ) ;
#1372 = AXIS2_PLACEMENT_3D ( 'NONE', #1421, #1420, #1419 ) ;
#1373 = DIRECTION ( 'NONE',  ( 0.0000000000000000000, 0.0000000000000000000, -1.000000000000000000 ) ) ;
#1374 = DIRECTION ( 'NONE',  ( -0.0000000000000000000, -1.000000000000000000, -0.0000000000000000000 ) ) ;
#1375 = CARTESIAN_POINT ( 'NONE',  ( 0.9817588406355083300, 12.33452377915338400, 0.8786796564430388000 ) ) ;
#1376 = CARTESIAN_POINT ( 'NONE',  ( 1.063091155478352000, 13.21320343559131400, 5.098401900176087900E-013 ) ) ;
#1377 = CARTESIAN_POINT ( 'NONE',  ( 1.178110608762199800, 14.45584412271162100, -8.673617379884035500E-016 ) ) ;
#1378 = CARTESIAN_POINT ( 'NONE',  ( -1.836970198721029600E-015, 12.33452377915606700, 0.8786796564403562800 ) ) ;
#1379 = CARTESIAN_POINT ( 'NONE',  ( -1.989149792718120100E-015, 13.21320343559642300, -1.084202172485504400E-015 ) ) ;
#1380 = CARTESIAN_POINT ( 'NONE',  ( -2.204364238465235400E-015, 14.45584412271570900, -8.673617379884035500E-016 ) ) ;
#1381 = CARTESIAN_POINT ( 'NONE',  ( 24.00000000000000000, -1.224646799147353100E-015, -7.500000000000000000 ) ) ;
#1382 = AXIS2_PLACEMENT_3D ( 'NONE', #1381, #1374, #1373 ) ;
#1383 = CIRCLE ( 'NONE', #1382, 0.5000000000000004400 ) ;
#1384 = AXIS2_PLACEMENT_3D ( 'NONE', #1327, #1326, #1325 ) ;
#1385 = CARTESIAN_POINT ( 'NONE',  ( -12.71333574833236000, -22.56988312497316300, 12.78545593435420700 ) ) ;
#1386 = CARTESIAN_POINT ( 'NONE',  ( -12.73928702884826300, -22.47743683631753300, 12.87790222300983500 ) ) ;
#1387 = CARTESIAN_POINT ( 'NONE',  ( -12.75567594391850300, -22.34771825522585000, 12.93190254376095500 ) ) ;
#1388 = CARTESIAN_POINT ( 'NONE',  ( -12.76375074343135900, -22.21632973437985100, 12.93190254376093100 ) ) ;
#1389 = AXIS2_PLACEMENT_3D ( 'NONE', #1336, #1335, #1334 ) ;
#1390 = CARTESIAN_POINT ( 'NONE',  ( 1.836970198721029600E-015, -21.32411613907041900, 34.53731957466683900 ) ) ;
#1391 = AXIS2_PLACEMENT_3D ( 'NONE', #1337, #1481, #1480 ) ;
#1392 = B_SPLINE_CURVE_WITH_KNOTS ( 'NONE', 3,
 ( #1388, #1387, #1386, #1385 ),
 .UNSPECIFIED., .F., .F.,
 ( 4, 4 ),
 ( 0.0003937107856799961300, 0.0007912062631405325000 ),
 .UNSPECIFIED. ) ;
#1393 = CARTESIAN_POINT ( 'NONE',  ( -11.71176773595522400, -10.19860227560722200, 9.917396156606162800 ) ) ;
#1394 = DIRECTION ( 'NONE',  ( 0.0000000000000000000, 0.0000000000000000000, 1.000000000000000000 ) ) ;
#1395 = DIRECTION ( 'NONE',  ( -1.000000000000000000, -0.0000000000000000000, 0.0000000000000000000 ) ) ;
#1396 = CARTESIAN_POINT ( 'NONE',  ( 3.000000000000002700, -22.21632973437989000, 12.43190254376093100 ) ) ;
#1397 = AXIS2_PLACEMENT_3D ( 'NONE', #1371, #1370, #1369 ) ;
#1398 = CARTESIAN_POINT ( 'NONE',  ( 0.0000000000000000000, 0.0000000000000000000, -1.000000000000000000 ) ) ;
#1399 = AXIS2_PLACEMENT_3D ( 'NONE', #1398, #1728, #1641 ) ;
#1400 = CARTESIAN_POINT ( 'NONE',  ( 1.258422224330061300E-015, -28.59020207535168000, 6.058030202789142400 ) ) ;
#1401 = DIRECTION ( 'NONE',  ( 0.0000000000000000000, -0.7071067811865474600, -0.7071067811865475700 ) ) ;
#1402 = DIRECTION ( 'NONE',  ( 0.0000000000000000000, -0.7071067811865475700, 0.7071067811865475700 ) ) ;
#1403 = CARTESIAN_POINT ( 'NONE',  ( 0.0000000000000000000, -31.93071785686862900, 23.93071785686862200 ) ) ;
#1404 = FACE_OUTER_BOUND ( 'NONE', #3471, .T. ) ;
#1405 = AXIS2_PLACEMENT_3D ( 'NONE', #1470, #1469, #1468 ) ;
#1406 = CIRCLE ( 'NONE', #1322, 13.27579727645737500 ) ;
#1407 = DIRECTION ( 'NONE',  ( -1.000000000000000000, -1.224646799147349500E-016, 0.0000000000000000000 ) ) ;
#1408 = DIRECTION ( 'NONE',  ( -1.224646799147353200E-016, 1.000000000000000000, 0.0000000000000000000 ) ) ;
#1409 = CARTESIAN_POINT ( 'NONE',  ( 36.50000000000000000, 4.469960816887838400E-015, -1.000000000000000000 ) ) ;
#1410 = DIRECTION ( 'NONE',  ( -0.0000000000000000000, -0.7071067811865475700, 0.7071067811865474600 ) ) ;
#1411 = VECTOR ( 'NONE', #1410, 1000.000000000000000 ) ;
#1412 = CARTESIAN_POINT ( 'NONE',  ( 0.0000000000000000000, -3.292893218813446300, -25.92031021678297600 ) ) ;
#1413 = LINE ( 'NONE', #1412, #1411 ) ;
#1414 = CARTESIAN_POINT ( 'NONE',  ( -10.70166887658163500, -22.21632973437989000, 12.93190254376093100 ) ) ;
#1415 = CIRCLE ( 'NONE', #1339, 1.000000000000000900 ) ;
#1416 = CARTESIAN_POINT ( 'NONE',  ( 0.0000000000000000000, 7.313708498984765600, -15.31370849898476100 ) ) ;
#1417 = CYLINDRICAL_SURFACE ( 'NONE', #1473, 0.5000000000000004400 ) ;
#1418 = FACE_OUTER_BOUND ( 'NONE', #3409, .T. ) ;
#1419 = DIRECTION ( 'NONE',  ( 0.0000000000000000000, 0.0000000000000000000, -1.000000000000000000 ) ) ;
#1420 = DIRECTION ( 'NONE',  ( -0.0000000000000000000, -1.000000000000000000, -0.0000000000000000000 ) ) ;
#1421 = CARTESIAN_POINT ( 'NONE',  ( -36.50000000000000000, 0.0000000000000000000, -1.000000000000000000 ) ) ;
#1422 = CARTESIAN_POINT ( 'NONE',  ( 14.52024973033858900, -4.949764739996155100, 2.449978612726972000 ) ) ;
#1423 = CARTESIAN_POINT ( 'NONE',  ( 14.97725436280868800, -4.898477506020460800, -3.080541961443987200E-013 ) ) ;
#1424 = CARTESIAN_POINT ( 'NONE',  ( 17.42429967640478200, -4.399743352723125300, -8.673617379884035500E-016 ) ) ;
#1425 = CARTESIAN_POINT ( 'NONE',  ( 14.23389156874301300, -3.481251057539922900, 2.316477368866684600 ) ) ;
#1426 = CARTESIAN_POINT ( 'NONE',  ( 14.77220878269895000, -3.382164347291292600, -1.084202172485504400E-015 ) ) ;
#1427 = CARTESIAN_POINT ( 'NONE',  ( 17.08066988249288800, -2.797728426406955300, -8.673617379884035500E-016 ) ) ;
#1428 = CARTESIAN_POINT ( 'NONE',  ( 13.48249440659557200, -0.6592776376355209400, 2.059934330694719800 ) ) ;
#1429 = CARTESIAN_POINT ( 'NONE',  ( 14.13543769063615400, -0.4617284164947632100, -1.084202172485504400E-015 ) ) ;
#1430 = CARTESIAN_POINT ( 'NONE',  ( 16.17899328791341800, 0.2807880316701085200, -8.673617379884035500E-016 ) ) ;
#1431 = CARTESIAN_POINT ( 'NONE',  ( 13.01747398518764600, 0.6941123233024767400, 1.936898879699070900 ) ) ;
#1432 = CARTESIAN_POINT ( 'NONE',  ( 13.70968119642298600, 0.9520091858421617600, -5.071664554537603300E-013 ) ) ;
#1433 = CARTESIAN_POINT ( 'NONE',  ( 15.62096878222550000, 1.757213443603406600, -8.673617379884035500E-016 ) ) ;
#1434 = CARTESIAN_POINT ( 'NONE',  ( 11.92661438388869400, 3.233821303471930500, 1.706016245139619700 ) ) ;
#1435 = CARTESIAN_POINT ( 'NONE',  ( 12.65603931686392700, 3.604096670166636600, 4.897097323208782900E-013 ) ) ;
#1436 = CARTESIAN_POINT ( 'NONE',  ( 14.31193726066610600, 4.527805058332311300, -8.673617379884035500E-016 ) ) ;
#1437 = CARTESIAN_POINT ( 'NONE',  ( 11.30080217664709400, 4.420077525699331200, 1.598174770390951900 ) ) ;
#1438 = CARTESIAN_POINT ( 'NONE',  ( 12.03116183649962600, 4.853024423984014600, 4.729663043922689100E-013 ) ) ;
#1439 = CARTESIAN_POINT ( 'NONE',  ( 13.56096261197652600, 5.821902755307752000, -8.673617379884035500E-016 ) ) ;
#1440 = CARTESIAN_POINT ( 'NONE',  ( 9.912401258949346400, 6.579922474300642100, 1.401825229609049900 ) ) ;
#1441 = CARTESIAN_POINT ( 'NONE',  ( 10.61173866634146500, 7.122222465269683100, -4.657621317315459900E-013 ) ) ;
#1442 = CARTESIAN_POINT ( 'NONE',  ( 11.89488151073920200, 8.178097244692217800, -8.673617379884035500E-016 ) ) ;
#1443 = CARTESIAN_POINT ( 'NONE',  ( 9.149846878002573900, 7.553457796454537700, 1.313322018503836800 ) ) ;
#1444 = CARTESIAN_POINT ( 'NONE',  ( 9.817419556208046000, 8.152663743072766400, -8.673617379884035500E-016 ) ) ;
#1445 = CARTESIAN_POINT ( 'NONE',  ( 10.97981625360226800, 9.240135777949678400, -8.673617379884035500E-016 ) ) ;
#1446 = CARTESIAN_POINT ( 'NONE',  ( 7.517260112585472800, 9.250437083384314400, 1.159051174238084900 ) ) ;
#1447 = CARTESIAN_POINT ( 'NONE',  ( 8.097816609012628700, 9.942850167887741000, -8.673617379884035500E-016 ) ) ;
#1448 = CARTESIAN_POINT ( 'NONE',  ( 9.020712135103389400, 11.09138590914725200, -8.673617379884035500E-016 ) ) ;
#1449 = CARTESIAN_POINT ( 'NONE',  ( 6.647268095113622300, 9.973839088969455700, 1.093287355548335100 ) ) ;
#1450 = CARTESIAN_POINT ( 'NONE',  ( 7.170382985704626400, 10.71123446371725400, -2.758661277109834300E-013 ) ) ;
#1451 = CARTESIAN_POINT ( 'NONE',  ( 7.976721714135890400, 11.88055173342139300, -8.673617379884035500E-016 ) ) ;
#1452 = CARTESIAN_POINT ( 'NONE',  ( 4.833234875839028000, 11.14273875195098600, 0.9870237498225309400 ) ) ;
#1453 = CARTESIAN_POINT ( 'NONE',  ( 5.227811299221620800, 11.94755636208468500, 2.712012041104077200E-013 ) ) ;
#1454 = CARTESIAN_POINT ( 'NONE',  ( 5.799881851007291400, 13.15571500212818100, -8.673617379884035500E-016 ) ) ;
#1455 = CARTESIAN_POINT ( 'NONE',  ( 3.889238527160148200, 11.58820750752619200, 0.9465265902259689700 ) ) ;
#1456 = CARTESIAN_POINT ( 'NONE',  ( 4.208714937599878200, 12.42174004966799600, 1.289675194194130400E-013 ) ) ;
#1457 = CARTESIAN_POINT ( 'NONE',  ( 4.667086232591629800, 13.64168091730100400, -8.673617379884035500E-016 ) ) ;
#1458 = CARTESIAN_POINT ( 'NONE',  ( 1.963471133323673800, 12.18410738810467800, 0.8923538738075858000 ) ) ;
#1459 = CARTESIAN_POINT ( 'NONE',  ( 2.128892052510690900, 13.05292852208173900, -1.313094686734242900E-013 ) ) ;
#1460 = CARTESIAN_POINT ( 'NONE',  ( 2.356165359988956700, 14.29175351429630900, -8.673617379884035500E-016 ) ) ;
#1461 = CARTESIAN_POINT ( 'NONE',  ( 0.0000000000000000000, -36.45584412271570300, -8.673617379884035500E-016 ) ) ;
#1462 = CARTESIAN_POINT ( 'NONE',  ( 35.99999999999999300, -36.45584412271570300, -8.673617379884035500E-016 ) ) ;
#1463 = CARTESIAN_POINT ( 'NONE',  ( 35.99999999999999300, 14.45584412271571800, -8.673617379884035500E-016 ) ) ;
#1464 = CARTESIAN_POINT ( 'NONE',  ( -2.204364238465235400E-015, 14.45584412271570900, -8.673617379884035500E-016 ) ) ;
#1465 = DIRECTION ( 'NONE',  ( -0.0000000000000000000, -0.7071067811865475700, 0.7071067811865474600 ) ) ;
#1466 =( BOUNDED_CURVE ( )  B_SPLINE_CURVE ( 3, ( #1464, #1463, #1462, #1461 ),
 .UNSPECIFIED., .F., .T. ) 
 B_SPLINE_CURVE_WITH_KNOTS ( ( 4, 4 ),
 ( 3.141592653589793100, 6.283185307179586200 ),
 .UNSPECIFIED. ) 
 CURVE ( )  GEOMETRIC_REPRESENTATION_ITEM ( )  RATIONAL_B_SPLINE_CURVE ( ( 1.000000000000000000, 0.3333333333333333700, 0.3333333333333333700, 1.000000000000000000 ) ) 
 REPRESENTATION_ITEM ( '' )  );
#1467 = CARTESIAN_POINT ( 'NONE',  ( 0.0000000000000000000, -42.53731957466683900, 13.32411613907040900 ) ) ;
#1468 = DIRECTION ( 'NONE',  ( 0.0000000000000000000, -0.7071067811865474600, -0.7071067811865475700 ) ) ;
#1469 = DIRECTION ( 'NONE',  ( 0.0000000000000000000, -0.7071067811865475700, 0.7071067811865475700 ) ) ;
#1470 = CARTESIAN_POINT ( 'NONE',  ( 0.0000000000000000000, -32.28427124746190200, 24.28427124746189800 ) ) ;
#1471 = CIRCLE ( 'NONE', #1405, 14.49999999999999800 ) ;
#1472 = CIRCLE ( 'NONE', #1389, 0.5000000000000004400 ) ;
#1473 = AXIS2_PLACEMENT_3D ( 'NONE', #1396, #1395, #1394 ) ;
#1474 =( BOUNDED_SURFACE ( )  B_SPLINE_SURFACE ( 3, 2, ( 
 ( #1380, #1379, #1378 ),
 ( #1377, #1376, #1375 ),
 ( #1460, #1459, #1458 ),
 ( #1457, #1456, #1455 ),
 ( #1454, #1453, #1452 ),
 ( #1451, #1450, #1449 ),
 ( #1448, #1447, #1446 ),
 ( #1445, #1444, #1443 ),
 ( #1442, #1441, #1440 ),
 ( #1439, #1438, #1437 ),
 ( #1436, #1435, #1434 ),
 ( #1433, #1432, #1431 ),
 ( #1430, #1429, #1428 ),
 ( #1427, #1426, #1425 ),
 ( #1424, #1423, #1422 ),
 ( #1249, #1252, #1250 ),
 ( #1194, #1165, #1164 ),
 ( #1163, #1162, #1161 ),
 ( #1556, #1553, #1609 ),
 ( #1566, #1613, #1612 ),
 ( #1576, #1565, #1564 ),
 ( #1511, #1510, #1509 ),
 ( #1608, #1607, #1557 ),
 ( #1575, #1574, #1555 ),
 ( #1554, #1611, #1610 ),
 ( #1521, #1520, #1519 ),
 ( #1603, #1602, #1601 ),
 ( #1606, #1605, #1604 ),
 ( #1552, #1551, #1550 ),
 ( #1549, #1600, #1599 ),
 ( #1598, #1597, #1563 ),
 ( #1562, #1561, #1560 ),
 ( #1559, #1558, #1518 ),
 ( #1517, #1516, #1515 ),
 ( #1514, #1513, #1512 ),
 ( #1530, #1529, #1528 ),
 ( #1527, #1526, #1525 ),
 ( #1524, #1523, #1522 ) ),
 .UNSPECIFIED., .F., .F., .T. ) 
 B_SPLINE_SURFACE_WITH_KNOTS ( ( 4, 2, 2, 2, 2, 2, 2, 2, 2, 2, 2, 2, 2, 2, 2, 2, 2, 2, 4 ),
 ( 3, 3 ),
 ( 3.141592653589793100, 3.337942194439155400, 3.534291735288517300, 3.730641276137879100, 3.926990816987241400, 4.123340357836603700, 4.319689898685965100, 4.516039439535327400, 4.712388980384689700, 4.908738521234052000, 5.105088062083414300, 5.301437602932775700, 5.497787143782138000, 5.694136684631500200, 5.890486225480861600, 5.988660995905542400, 6.086835766330223900, 6.185010536754905500, 6.283185307179586200 ),
 ( 0.0000000000000000000, 1.000000000000000000 ),
 .UNSPECIFIED. ) 
 GEOMETRIC_REPRESENTATION_ITEM ( )  RATIONAL_B_SPLINE_SURFACE ( (
 ( 1.000000000000000000, 0.9238795325112867400, 1.000000000000000000),
 ( 1.000000000000000000, 0.9238800956097199500, 1.000000000000000000),
 ( 1.000000000000000000, 0.9226485632919527700, 1.000000000000000000),
 ( 1.000000000000000000, 0.9177426574331808400, 1.000000000000000000),
 ( 1.000000000000000000, 0.9140676982933807500, 1.000000000000000000),
 ( 1.000000000000000000, 0.9043280135571442100, 1.000000000000000000),
 ( 1.000000000000000000, 0.8982632380487437500, 1.000000000000000000),
 ( 1.000000000000000000, 0.8838354130980884400, 1.000000000000000000),
 ( 1.000000000000000000, 0.8754722754716787200, 1.000000000000000000),
 ( 1.000000000000000000, 0.8565785320971982500, 1.000000000000000000),
 ( 1.000000000000000000, 0.8460477807831071600, 1.000000000000000000),
 ( 1.000000000000000000, 0.8229923500666881400, 1.000000000000000000),
 ( 1.000000000000000000, 0.8104674363768872300, 1.000000000000000000),
 ( 1.000000000000000000, 0.7836455144977356700, 1.000000000000000000),
 ( 1.000000000000000000, 0.7693481336706879900, 1.000000000000000000),
 ( 1.000000000000000000, 0.7392602910979608800, 1.000000000000000000),
 ( 1.000000000000000000, 0.7234692429214039100, 1.000000000000000000),
 ( 1.000000000000000000, 0.6907443194516894600, 1.000000000000000000),
 ( 1.000000000000000000, 0.6738095389383521600, 1.000000000000000000),
 ( 1.000000000000000000, 0.6392405822364096700, 1.000000000000000000),
 ( 1.000000000000000000, 0.6216050691212384700, 1.000000000000000000),
 ( 1.000000000000000000, 0.5862044770630113800, 1.000000000000000000),
 ( 1.000000000000000000, 0.5684376255972524200, 1.000000000000000000),
 ( 1.000000000000000000, 0.5335174740383441500, 1.000000000000000000),
 ( 1.000000000000000000, 0.5163624617278357300, 1.000000000000000000),
 ( 1.000000000000000000, 0.4836375382721649400, 1.000000000000000000),
 ( 1.000000000000000000, 0.4680678886209962400, 1.000000000000000000),
 ( 1.000000000000000000, 0.4397450863802647200, 1.000000000000000000),
 ( 1.000000000000000000, 0.4269984108097249500, 1.000000000000000000),
 ( 1.000000000000000000, 0.4110472958718944800, 1.000000000000000000),
 ( 1.000000000000000000, 0.4062592014715289400, 1.000000000000000000),
 ( 1.000000000000000000, 0.3979062036695076300, 1.000000000000000000),
 ( 1.000000000000000000, 0.3943419166174047000, 1.000000000000000000),
 ( 1.000000000000000000, 0.3885758023530196900, 1.000000000000000000),
 ( 1.000000000000000000, 0.3863745526595731000, 1.000000000000000000),
 ( 1.000000000000000000, 0.3834281899138792800, 1.000000000000000000),
 ( 1.000000000000000000, 0.3826824227054506100, 1.000000000000000000),
 ( 1.000000000000000000, 0.3826834323650877800, 1.000000000000000000) ) ) 
 REPRESENTATION_ITEM ( '' )  SURFACE ( )  );
#1475 = CIRCLE ( 'NONE', #1362, 3.146446609406726900 ) ;
#1476 = CIRCLE ( 'NONE', #1397, 10.27579727645737500 ) ;
#1477 = DIRECTION ( 'NONE',  ( 1.000000000000000000, 0.0000000000000000000, 0.0000000000000000000 ) ) ;
#1478 = DIRECTION ( 'NONE',  ( 0.0000000000000000000, 0.0000000000000000000, 1.000000000000000000 ) ) ;
#1479 = CARTESIAN_POINT ( 'NONE',  ( 27.50000000000000000, -1.224646799147353100E-015, -8.000000000000000000 ) ) ;
#1480 = DIRECTION ( 'NONE',  ( -1.000000000000000000, 0.0000000000000000000, 0.0000000000000000000 ) ) ;
#1481 = DIRECTION ( 'NONE',  ( -0.0000000000000000000, -0.0000000000000000000, 1.000000000000000000 ) ) ;
#1482 = FACE_OUTER_BOUND ( 'NONE', #3439, .T. ) ;
#1483 = DIRECTION ( 'NONE',  ( -0.0000000000000000000, -0.7071067811865475700, 0.7071067811865474600 ) ) ;
#1484 = VECTOR ( 'NONE', #1483, 1000.000000000000000 ) ;
#1485 = CARTESIAN_POINT ( 'NONE',  ( 1.836970198721029600E-015, 17.92031021678297600, -4.707106781186548800 ) ) ;
#1486 = AXIS2_PLACEMENT_3D ( 'NONE', #1479, #1478, #1477 ) ;
#1487 = DIRECTION ( 'NONE',  ( -8.659560562354925500E-017, 0.0000000000000000000, -1.000000000000000000 ) ) ;
#1488 = DIRECTION ( 'NONE',  ( 1.000000000000000000, -8.659560562354931600E-017, -8.659560562354931600E-017 ) ) ;
#1489 = CARTESIAN_POINT ( 'NONE',  ( 1.775737858763662000E-015, -21.67766952966369200, 34.18376618407356900 ) ) ;
#1490 = CIRCLE ( 'NONE', #1492, 0.5000000000000004400 ) ;
#1491 = AXIS2_PLACEMENT_3D ( 'NONE', #1545, #1544, #1543 ) ;
#1492 = AXIS2_PLACEMENT_3D ( 'NONE', #1489, #1488, #1487 ) ;
#1493 = CARTESIAN_POINT ( 'NONE',  ( 1.625816264074267700E-015, -22.54331157702771900, 33.31812413670952100 ) ) ;
#1494 = DIRECTION ( 'NONE',  ( 0.0000000000000000000, 0.0000000000000000000, -1.000000000000000000 ) ) ;
#1495 = DIRECTION ( 'NONE',  ( 1.000000000000000000, -0.0000000000000000000, -0.0000000000000000000 ) ) ;
#1496 = CARTESIAN_POINT ( 'NONE',  ( 0.0000000000000000000, -36.45584412271570300, 2.999999999999999100 ) ) ;
#1497 = AXIS2_PLACEMENT_3D ( 'NONE', #1548, #1534, #1533 ) ;
#1498 = AXIS2_PLACEMENT_3D ( 'NONE', #1496, #1495, #1494 ) ;
#1499 = CARTESIAN_POINT ( 'NONE',  ( 36.50000000000000000, 4.531193156845206000E-015, 0.0000000000000000000 ) ) ;
#1500 = FACE_OUTER_BOUND ( 'NONE', #3418, .T. ) ;
#1501 = DIRECTION ( 'NONE',  ( -1.000000000000000000, 0.0000000000000000000, 0.0000000000000000000 ) ) ;
#1502 = DIRECTION ( 'NONE',  ( 0.0000000000000000000, 0.0000000000000000000, -1.000000000000000000 ) ) ;
#1503 = CARTESIAN_POINT ( 'NONE',  ( 0.0000000000000000000, 0.0000000000000000000, -1.000000000000000000 ) ) ;
#1504 = AXIS2_PLACEMENT_3D ( 'NONE', #1503, #1502, #1501 ) ;
#1505 = CARTESIAN_POINT ( 'NONE',  ( -36.50000000000000000, 0.0000000000000000000, 0.0000000000000000000 ) ) ;
#1506 = CARTESIAN_POINT ( 'NONE',  ( 0.0000000000000000000, -34.33452377915606500, 5.121320343559637500 ) ) ;
#1507 = CIRCLE ( 'NONE', #1498, 3.000000000000000000 ) ;
#1508 = CARTESIAN_POINT ( 'NONE',  ( -9.381265148485798700, -8.928665598773388700, 6.858905708693807700 ) ) ;
#1509 = CARTESIAN_POINT ( 'NONE',  ( 13.48249440659550300, -21.34072236236508500, 3.940065669305647900 ) ) ;
#1510 = CARTESIAN_POINT ( 'NONE',  ( 12.24215541434063100, -20.96592748699216800, 3.580368893666603000E-012 ) ) ;
#1511 = CARTESIAN_POINT ( 'NONE',  ( 16.17899328791343500, -22.28078803167003800, -8.673617379884035500E-016 ) ) ;
#1512 = CARTESIAN_POINT ( 'NONE',  ( 1.958767265050573600, -34.14731377102573600, 5.104301251910538200 ) ) ;
#1513 = CARTESIAN_POINT ( 'NONE',  ( 1.034950968872585800, -29.20419842768200200, -2.739192350219703200E-013 ) ) ;
#1514 = CARTESIAN_POINT ( 'NONE',  ( 2.350520718060491500, -36.25161502293755000, -8.673617379884035500E-016 ) ) ;
#1515 = CARTESIAN_POINT ( 'NONE',  ( 2.444912981783130800, -34.03513241795940300, 5.094102947087264100 ) ) ;
#1516 = CARTESIAN_POINT ( 'NONE',  ( 1.308123346087961100, -29.19662322940006400, -2.630736244256028200E-013 ) ) ;
#1517 = CARTESIAN_POINT ( 'NONE',  ( 2.933895578139680700, -36.12923536504823100, -8.673617379884035500E-016 ) ) ;
#1518 = CARTESIAN_POINT ( 'NONE',  ( 3.407796678700756300, -33.73718247767143900, 5.067016588879180700 ) ) ;
#1519 = CARTESIAN_POINT ( 'NONE',  ( 9.912401258948618100, -28.57992247430127700, 4.598174770390548000 ) ) ;
#1520 = CARTESIAN_POINT ( 'NONE',  ( 7.624057333368043900, -26.81196981311411400, -1.621189941210135100E-012 ) ) ;
#1521 = CARTESIAN_POINT ( 'NONE',  ( 11.89488151073858400, -30.17809724469119800, -8.673617379884035500E-016 ) ) ;
#1522 = CARTESIAN_POINT ( 'NONE',  ( -2.664535259100375400E-014, -34.33452377915606500, 5.121320343559643700 ) ) ;
#1523 = CARTESIAN_POINT ( 'NONE',  ( -1.377983827112069800E-014, -29.21320343559637000, -1.908195823574487800E-014 ) ) ;
#1524 = CARTESIAN_POINT ( 'NONE',  ( -3.197442310920450800E-014, -36.45584412271570300, -8.673617379884035500E-016 ) ) ;
#1525 = CARTESIAN_POINT ( 'NONE',  ( 0.4908742005388642700, -34.33452377915811100, 5.121320343561686500 ) ) ;
#1526 = CARTESIAN_POINT ( 'NONE',  ( 0.2538110523333777500, -29.21320343563110800, 1.785967971487989600E-011 ) ) ;
#1527 = CARTESIAN_POINT ( 'NONE',  ( 0.5890490406464893300, -36.45584412271775700, -8.673617379884035500E-016 ) ) ;
#1528 = CARTESIAN_POINT ( 'NONE',  ( 0.9817469448361660900, -34.29700956734490100, 5.117909960668613100 ) ) ;
#1529 = CARTESIAN_POINT ( 'NONE',  ( 0.5068098624433169400, -29.21249327712602900, 2.394549435143140900E-013 ) ) ;
#1530 = CARTESIAN_POINT ( 'NONE',  ( 1.178096333803596800, -36.41491952801222700, -8.673617379884035500E-016 ) ) ;
#1531 = FACE_OUTER_BOUND ( 'NONE', #3488, .T. ) ;
#1532 = CIRCLE ( 'NONE', #1744, 0.5000000000000004400 ) ;
#1533 = DIRECTION ( 'NONE',  ( 0.0000000000000000000, -0.7071067811865475700, -0.7071067811865475700 ) ) ;
#1534 = DIRECTION ( 'NONE',  ( 0.0000000000000000000, -0.7071067811865475700, 0.7071067811865475700 ) ) ;
#1535 = DIRECTION ( 'NONE',  ( -0.0000000000000000000, -0.0000000000000000000, -1.000000000000000000 ) ) ;
#1536 = DIRECTION ( 'NONE',  ( 0.0000000000000000000, -1.387778780781444400E-014, -1.000000000000000000 ) ) ;
#1537 = DIRECTION ( 'NONE',  ( -1.000000000000000000, -0.0000000000000000000, 0.0000000000000000000 ) ) ;
#1538 = CARTESIAN_POINT ( 'NONE',  ( -10.70166887658163500, -22.21632973437989000, 12.43190254376092900 ) ) ;
#1539 = TOROIDAL_SURFACE ( 'NONE', #1497, 14.49999999999999800, 0.5000000000000000000 ) ;
#1540 = DIRECTION ( 'NONE',  ( 1.000000000000000000, 0.0000000000000000000, 0.0000000000000000000 ) ) ;
#1541 = FACE_OUTER_BOUND ( 'NONE', #3449, .T. ) ;
#1542 = CIRCLE ( 'NONE', #1568, 0.5000000000000004400 ) ;
#1543 = DIRECTION ( 'NONE',  ( 0.0000000000000000000, -0.7071067811865475700, -0.7071067811865476800 ) ) ;
#1544 = DIRECTION ( 'NONE',  ( -0.0000000000000000000, 0.7071067811865475700, -0.7071067811865475700 ) ) ;
#1545 = CARTESIAN_POINT ( 'NONE',  ( 0.0000000000000000000, -32.28427124746190200, 24.28427124746189800 ) ) ;
#1546 = CIRCLE ( 'NONE', #1491, 13.77579727645737300 ) ;
#1547 = CARTESIAN_POINT ( 'NONE',  ( 1.687048604031635300E-015, -22.54331157702771900, 34.02523091789608100 ) ) ;
#1548 = CARTESIAN_POINT ( 'NONE',  ( 0.0000000000000000000, -31.93071785686862900, 23.93071785686862500 ) ) ;
#1549 = CARTESIAN_POINT ( 'NONE',  ( 6.344091816789485500, -34.83692418495090900, -8.673617379884035500E-016 ) ) ;
#1550 = CARTESIAN_POINT ( 'NONE',  ( 6.647268095112847800, -31.97383908897145900, 4.906712644453210500 ) ) ;
#1551 = CARTESIAN_POINT ( 'NONE',  ( 4.293181838767939200, -28.67484892920253300, -3.469446951953613400E-015 ) ) ;
#1552 = CARTESIAN_POINT ( 'NONE',  ( 7.976721714135954300, -33.88055173342247900, -8.673617379884035500E-016 ) ) ;
#1553 = CARTESIAN_POINT ( 'NONE',  ( 14.59668243677220900, -14.07250351897640100, 2.918675343806197200E-012 ) ) ;
#1554 = CARTESIAN_POINT ( 'NONE',  ( 13.56096261197720100, -27.82190275530869200, -8.673617379884035500E-016 ) ) ;
#1555 = CARTESIAN_POINT ( 'NONE',  ( 11.92661438388887300, -25.23382130347238900, 4.293983754861221400 ) ) ;
#1556 = CARTESIAN_POINT ( 'NONE',  ( 17.88397041810864600, -14.33212100690908400, -8.673617379884035500E-016 ) ) ;
#1557 = CARTESIAN_POINT ( 'NONE',  ( 13.01747398518748800, -22.69411232330196500, 4.063101120300084200 ) ) ;
#1558 = CARTESIAN_POINT ( 'NONE',  ( 1.891523168094338300, -29.15995231260827900, 2.575048898851592500E-013 ) ) ;
#1559 = CARTESIAN_POINT ( 'NONE',  ( 4.089356014440984000, -35.80419906654906000, -8.673617379884035500E-016 ) ) ;
#1560 = CARTESIAN_POINT ( 'NONE',  ( 3.884533170186836900, -33.55141435110969900, 5.050128577374053400 ) ) ;
#1561 = CARTESIAN_POINT ( 'NONE',  ( 2.199287144811122200, -29.13118053895322700, 1.075186589864131300E-012 ) ) ;
#1562 = CARTESIAN_POINT ( 'NONE',  ( 4.661439804224268200, -35.60154292848428500, -8.673617379884035500E-016 ) ) ;
#1563 = CARTESIAN_POINT ( 'NONE',  ( 4.824007147447160200, -33.10807968764387300, 5.009825426149003400 ) ) ;
#1564 = CARTESIAN_POINT ( 'NONE',  ( 14.23389156874310900, -18.51874894245934300, 3.683522631132937900 ) ) ;
#1565 = CARTESIAN_POINT ( 'NONE',  ( 13.38427601105559200, -18.36737781394134900, -3.381521809880790500E-012 ) ) ;
#1566 = CARTESIAN_POINT ( 'NONE',  ( 17.42429967640765300, -17.60025664727682200, -8.673617379884035500E-016 ) ) ;
#1567 = AXIS2_PLACEMENT_3D ( 'NONE', #1589, #1570, #1569 ) ;
#1568 = AXIS2_PLACEMENT_3D ( 'NONE', #1538, #1537, #1536 ) ;
#1569 = DIRECTION ( 'NONE',  ( 0.0000000000000000000, 0.7071067811865475700, 0.7071067811865475700 ) ) ;
#1570 = DIRECTION ( 'NONE',  ( 0.0000000000000000000, 0.7071067811865475700, -0.7071067811865475700 ) ) ;
#1571 = CYLINDRICAL_SURFACE ( 'NONE', #1567, 10.27579727645737500 ) ;
#1572 = AXIS2_PLACEMENT_3D ( 'NONE', #1595, #1594, #1593 ) ;
#1573 = CARTESIAN_POINT ( 'NONE',  ( 1.836970198721029600E-015, 12.33452377915606700, 0.8786796564403589500 ) ) ;
#1574 = CARTESIAN_POINT ( 'NONE',  ( 10.09878864851482100, -24.30863477560418700, 3.418002425276015500E-013 ) ) ;
#1575 = CARTESIAN_POINT ( 'NONE',  ( 14.31193726066744700, -26.52780505833228000, -8.673617379884035500E-016 ) ) ;
#1576 = CARTESIAN_POINT ( 'NONE',  ( 17.08066988249290600, -19.20227157359297000, -8.673617379884035500E-016 ) ) ;
#1577 = CARTESIAN_POINT ( 'NONE',  ( -8.779567717053494000, -10.67204077340314300, 10.22914923809345600 ) ) ;
#1578 = CARTESIAN_POINT ( 'NONE',  ( -8.901420132522366300, -10.91410806851845200, 10.18369666454359100 ) ) ;
#1579 = CARTESIAN_POINT ( 'NONE',  ( -9.148459148457844100, -11.37217175895133400, 10.00005750968692400 ) ) ;
#1580 = CARTESIAN_POINT ( 'NONE',  ( -9.268305953042464300, -11.57839841371569300, 9.866027143243881500 ) ) ;
#1581 = CARTESIAN_POINT ( 'NONE',  ( -9.381265148485800500, -11.75709272351958000, 9.687332833439995700 ) ) ;
#1582 = CARTESIAN_POINT ( 'NONE',  ( 0.0000000000000000000, -14.72221277847979300, 6.722212778479786300 ) ) ;
#1583 = B_SPLINE_CURVE_WITH_KNOTS ( 'NONE', 3,
 ( #1581, #1580, #1579, #1578, #1577, #1633, #1632, #1631, #1630, #1629, #1628, #1627, #1626, #1625, #1624, #1623, #1622, #1621, #1620, #1619, #1618, #1617, #1616, #1615, #1614, #1508 ),
 .UNSPECIFIED., .F., .F.,
 ( 4, 2, 2, 2, 2, 2, 2, 2, 2, 2, 2, 2, 4 ),
 ( 0.0000000000000000000, 0.0008170982270949635400, 0.001634196454189927100, 0.002042745567737410400, 0.002451294681284893200, 0.002859843794832376500, 0.003268392908379859800, 0.003676942021927342600, 0.004085491135474826800, 0.004494040249022309200, 0.004902589362569792500, 0.005719687589664765100, 0.006536785816759738700 ),
 .UNSPECIFIED. ) ;
#1584 = CIRCLE ( 'NONE', #1504, 37.50000000000000000 ) ;
#1585 = CARTESIAN_POINT ( 'NONE',  ( -37.50000000000000000, 4.592425496802574400E-015, -1.000000000000000000 ) ) ;
#1586 = AXIS2_PLACEMENT_3D ( 'NONE', #1582, #1636, #1635 ) ;
#1587 = CIRCLE ( 'NONE', #1586, 10.27579727645737500 ) ;
#1588 = CARTESIAN_POINT ( 'NONE',  ( 37.50000000000000000, 0.0000000000000000000, -1.000000000000000000 ) ) ;
#1589 = CARTESIAN_POINT ( 'NONE',  ( 0.0000000000000000000, -21.67766952966368900, 13.67766952966368200 ) ) ;
#1590 = CARTESIAN_POINT ( 'NONE',  ( -12.76375074343135900, -22.21632973437985100, 12.93190254376093100 ) ) ;
#1591 = FACE_OUTER_BOUND ( 'NONE', #3432, .T. ) ;
#1592 = CARTESIAN_POINT ( 'NONE',  ( 0.0000000000000000000, -36.45584412271570300, -8.673617379884035500E-016 ) ) ;
#1593 = DIRECTION ( 'NONE',  ( 1.731912112470986800E-016, -1.000000000000000000, 0.0000000000000000000 ) ) ;
#1594 = DIRECTION ( 'NONE',  ( -1.000000000000000000, -1.731912112470986600E-016, -0.0000000000000000000 ) ) ;
#1595 = CARTESIAN_POINT ( 'NONE',  ( -2.204364238465235400E-015, 14.45584412271570900, 2.999999999999999100 ) ) ;
#1596 = CIRCLE ( 'NONE', #1572, 2.999999999999999100 ) ;
#1597 = CARTESIAN_POINT ( 'NONE',  ( 2.857525748154911700, -29.03302598000004100, -1.053079936797884600E-012 ) ) ;
#1598 = CARTESIAN_POINT ( 'NONE',  ( 5.788808576936528300, -35.11790511379233200, -8.673617379884035500E-016 ) ) ;
#1599 = CARTESIAN_POINT ( 'NONE',  ( 5.286743180658127100, -32.85051383620457000, 4.986410348745240000 ) ) ;
#1600 = CARTESIAN_POINT ( 'NONE',  ( 3.205185425559853800, -28.96464838296279300, -3.469446951953614600E-015 ) ) ;
#1601 = CARTESIAN_POINT ( 'NONE',  ( 9.149846878001453000, -29.55345779645571400, 4.686677981496281100 ) ) ;
#1602 = CARTESIAN_POINT ( 'NONE',  ( 6.765915302285523400, -27.42822680636916400, -2.270628910021745200E-012 ) ) ;
#1603 = CARTESIAN_POINT ( 'NONE',  ( 10.97981625360229400, -31.24013577795199100, -8.673617379884035500E-016 ) ) ;
#1604 = CARTESIAN_POINT ( 'NONE',  ( 7.517260112586639800, -31.25043708338309800, 4.840948825761794100 ) ) ;
#1605 = CARTESIAN_POINT ( 'NONE',  ( 5.092806500996319500, -28.37182559668176300, 2.409711679825972800E-012 ) ) ;
#1606 = CARTESIAN_POINT ( 'NONE',  ( 9.020712135103416100, -33.09138590914488300, -8.673617379884035500E-016 ) ) ;
#1607 = CARTESIAN_POINT ( 'NONE',  ( 11.57072734722439700, -22.16220680950076300, -3.233249951769460100E-013 ) ) ;
#1608 = CARTESIAN_POINT ( 'NONE',  ( 15.62096878222418400, -23.75721344360338000, -8.673617379884035500E-016 ) ) ;
#1609 = CARTESIAN_POINT ( 'NONE',  ( 14.90330868175826300, -14.05444425633419300, 3.277676750576324200 ) ) ;
#1610 = CARTESIAN_POINT ( 'NONE',  ( 11.30080217664786900, -26.42007752569862700, 4.401825229609444000 ) ) ;
#1611 = CARTESIAN_POINT ( 'NONE',  ( 9.291924586903013200, -25.23948948525068700, 1.510886716681444600E-012 ) ) ;
#1612 = CARTESIAN_POINT ( 'NONE',  ( 14.52024973033865500, -17.05023526000288900, 3.550021387272501700 ) ) ;
#1613 = CARTESIAN_POINT ( 'NONE',  ( 13.86593585823315100, -16.97616895028604800, -3.078961685768332700E-012 ) ) ;
#1614 = CARTESIAN_POINT ( 'NONE',  ( -9.268218275970642800, -8.749832589381798100, 7.037738718085397400 ) ) ;
#1615 = CARTESIAN_POINT ( 'NONE',  ( -9.145306320159155800, -8.613128470678734800, 7.249496949642753500 ) ) ;
#1616 = CARTESIAN_POINT ( 'NONE',  ( -8.900731852243268300, -8.432266310575935000, 7.703345113380744500 ) ) ;
#1617 = CARTESIAN_POINT ( 'NONE',  ( -8.776376421247698900, -8.386185277655155100, 7.950626549941925500 ) ) ;
#1618 = CARTESIAN_POINT ( 'NONE',  ( -8.608855113701656200, -8.390164376297574800, 8.326210384672519300 ) ) ;
#1619 = CARTESIAN_POINT ( 'NONE',  ( -8.555384513068304400, -8.403739951497359000, 8.454170288636664300 ) ) ;
#1620 = CARTESIAN_POINT ( 'NONE',  ( -8.459486766047284300, -8.455830629322029800, 8.706455106061509900 ) ) ;
#1621 = CARTESIAN_POINT ( 'NONE',  ( -8.416752050121830900, -8.494135842741346900, 8.831300431909037100 ) ) ;
#1622 = CARTESIAN_POINT ( 'NONE',  ( -8.344832406200266600, -8.597618432588875600, 9.078142458743828400 ) ) ;
#1623 = CARTESIAN_POINT ( 'NONE',  ( -8.316753663199985900, -8.661231179116299500, 9.196413720600460800 ) ) ;
#1624 = CARTESIAN_POINT ( 'NONE',  ( -8.278482618235036800, -8.813241375780524600, 9.422513998035992000 ) ) ;
#1625 = CARTESIAN_POINT ( 'NONE',  ( -8.268664770162953200, -8.901851682665947500, 9.529851781292828500 ) ) ;
#1626 = CARTESIAN_POINT ( 'NONE',  ( -8.269276502777028500, -9.095729920555182700, 9.722557385261600500 ) ) ;
#1627 = CARTESIAN_POINT ( 'NONE',  ( -8.279702677377478900, -9.203481971524338300, 9.810415089454293600 ) ) ;
#1628 = CARTESIAN_POINT ( 'NONE',  ( -8.319091612482083100, -9.430339359190799800, 9.960971225255788000 ) ) ;
#1629 = CARTESIAN_POINT ( 'NONE',  ( -8.347634759896740400, -9.548661555807312200, 10.02367537454802200 ) ) ;
#1630 = CARTESIAN_POINT ( 'NONE',  ( -8.420094387233854500, -9.794876284001860600, 10.12529598634967200 ) ) ;
#1631 = CARTESIAN_POINT ( 'NONE',  ( -8.463366448627743600, -9.920342441219176500, 10.16299619762227200 ) ) ;
#1632 = CARTESIAN_POINT ( 'NONE',  ( -8.558674311039220900, -10.16984377773198400, 10.21326794350717300 ) ) ;
#1633 = CARTESIAN_POINT ( 'NONE',  ( -8.611036504360576800, -10.29491365521712600, 10.22624342249767400 ) ) ;
#1634 = CARTESIAN_POINT ( 'NONE',  ( -2.204364238465235400E-015, 14.45584412271570900, -8.673617379884035500E-016 ) ) ;
#1635 = DIRECTION ( 'NONE',  ( 0.0000000000000000000, 0.7071067811865475700, 0.7071067811865475700 ) ) ;
#1636 = DIRECTION ( 'NONE',  ( 0.0000000000000000000, 0.7071067811865475700, -0.7071067811865475700 ) ) ;
#1637 = CARTESIAN_POINT ( 'NONE',  ( -10.20510845501717500, -22.17493077463615600, 12.47330150350466800 ) ) ;
#1638 = AXIS2_PLACEMENT_3D ( 'NONE', #1698, #1697, #1696 ) ;
#1639 = AXIS2_PLACEMENT_3D ( 'NONE', #1664, #1684, #1729 ) ;
#1640 = AXIS2_PLACEMENT_3D ( 'NONE', #1681, #1694, #1693 ) ;
#1641 = DIRECTION ( 'NONE',  ( -1.000000000000000000, 0.0000000000000000000, 0.0000000000000000000 ) ) ;
#1642 = CARTESIAN_POINT ( 'NONE',  ( 0.0000000000000000000, -41.67167752730281200, 14.18975818643443900 ) ) ;
#1643 = CARTESIAN_POINT ( 'NONE',  ( 0.0000000000000000000, 22.87005768508880300, -30.87005768508881000 ) ) ;
#1644 = DIRECTION ( 'NONE',  ( -0.0000000000000000000, -0.7071067811865475700, 0.7071067811865475700 ) ) ;
#1645 = DIRECTION ( 'NONE',  ( 0.0000000000000000000, 0.0000000000000000000, 1.000000000000000000 ) ) ;
#1646 = VECTOR ( 'NONE', #1645, 1000.000000000000000 ) ;
#1647 = CARTESIAN_POINT ( 'NONE',  ( -22.50000000000000000, 0.0000000000000000000, -8.000000000000000000 ) ) ;
#1648 = LINE ( 'NONE', #1647, #1646 ) ;
#1649 = DIRECTION ( 'NONE',  ( 0.0000000000000000000, 0.7071067811865475700, 0.7071067811865474600 ) ) ;
#1650 = DIRECTION ( 'NONE',  ( -0.0000000000000000000, 0.7071067811865475700, -0.7071067811865475700 ) ) ;
#1651 = CARTESIAN_POINT ( 'NONE',  ( 0.0000000000000000000, -22.03122292025696500, 14.03122292025695600 ) ) ;
#1652 = CIRCLE ( 'NONE', #1654, 13.27579727645737500 ) ;
#1653 = DIRECTION ( 'NONE',  ( 1.000000000000000000, 0.0000000000000000000, 0.0000000000000000000 ) ) ;
#1654 = AXIS2_PLACEMENT_3D ( 'NONE', #1651, #1650, #1649 ) ;
#1655 = DIRECTION ( 'NONE',  ( 0.0000000000000000000, 0.0000000000000000000, 1.000000000000000000 ) ) ;
#1656 = CYLINDRICAL_SURFACE ( 'NONE', #1713, 13.27579727645737500 ) ;
#1657 = AXIS2_PLACEMENT_3D ( 'NONE', #1707, #1655, #1653 ) ;
#1658 = DIRECTION ( 'NONE',  ( 0.0000000000000000000, 0.0000000000000000000, 1.000000000000000000 ) ) ;
#1659 = VECTOR ( 'NONE', #1658, 1000.000000000000000 ) ;
#1660 = FACE_OUTER_BOUND ( 'NONE', #3689, .T. ) ;
#1661 = CIRCLE ( 'NONE', #1708, 2.999999999999999100 ) ;
#1662 = CARTESIAN_POINT ( 'NONE',  ( 32.50000000000000000, -1.224646799147353100E-015, -8.000000000000000000 ) ) ;
#1663 = LINE ( 'NONE', #1662, #1659 ) ;
#1664 = CARTESIAN_POINT ( 'NONE',  ( 0.0000000000000000000, -31.93071785686862900, 23.93071785686862200 ) ) ;
#1665 = LINE ( 'NONE', #1667, #1666 ) ;
#1666 = VECTOR ( 'NONE', #1682, 1000.000000000000000 ) ;
#1667 = CARTESIAN_POINT ( 'NONE',  ( 30.50000000000000000, -1.224646799147353100E-015, -8.000000000000000000 ) ) ;
#1668 = CARTESIAN_POINT ( 'NONE',  ( -35.50000000000000000, 4.347496136973103300E-015, -8.000000000000000000 ) ) ;
#1669 = CIRCLE ( 'NONE', #1723, 5.000000000000000900 ) ;
#1670 = DIRECTION ( 'NONE',  ( 1.000000000000000000, 0.0000000000000000000, 0.0000000000000000000 ) ) ;
#1671 = LINE ( 'NONE', #1717, #1716 ) ;
#1672 = DIRECTION ( 'NONE',  ( -1.000000000000000000, 0.0000000000000000000, 0.0000000000000000000 ) ) ;
#1673 = DIRECTION ( 'NONE',  ( 0.0000000000000000000, 0.0000000000000000000, -1.000000000000000000 ) ) ;
#1674 = CARTESIAN_POINT ( 'NONE',  ( -27.50000000000000000, 0.0000000000000000000, -2.500000000000000400 ) ) ;
#1675 = LINE ( 'NONE', #1721, #1706 ) ;
#1676 = AXIS2_PLACEMENT_3D ( 'NONE', #1712, #1711, #1710 ) ;
#1677 = FACE_OUTER_BOUND ( 'NONE', #3584, .T. ) ;
#1678 = DIRECTION ( 'NONE',  ( 0.0000000000000000000, 0.0000000000000000000, 1.000000000000000000 ) ) ;
#1679 = VECTOR ( 'NONE', #1678, 1000.000000000000000 ) ;
#1680 = CIRCLE ( 'NONE', #1638, 0.5000000000000004400 ) ;
#1681 = CARTESIAN_POINT ( 'NONE',  ( -27.50000000000000000, 0.0000000000000000000, -8.000000000000000000 ) ) ;
#1682 = DIRECTION ( 'NONE',  ( 0.0000000000000000000, 0.0000000000000000000, 1.000000000000000000 ) ) ;
#1683 = CARTESIAN_POINT ( 'NONE',  ( 0.0000000000000000000, -41.31812413670952800, 14.54331157702771400 ) ) ;
#1684 = DIRECTION ( 'NONE',  ( 0.0000000000000000000, -0.7071067811865475700, 0.7071067811865475700 ) ) ;
#1685 = TOROIDAL_SURFACE ( 'NONE', #1639, 13.77579727645737500, 0.5000000000000000000 ) ;
#1686 = FACE_OUTER_BOUND ( 'NONE', #3587, .T. ) ;
#1687 = CARTESIAN_POINT ( 'NONE',  ( -37.50000000000000000, 4.592425496802574400E-015, -8.000000000000000000 ) ) ;
#1688 = DIRECTION ( 'NONE',  ( -0.0000000000000000000, -0.7071067811865474600, 0.7071067811865474600 ) ) ;
#1689 = VECTOR ( 'NONE', #1688, 1000.000000000000100 ) ;
#1690 = CARTESIAN_POINT ( 'NONE',  ( 1.625816264074267700E-015, 32.25746396492971300, -21.48265140524790300 ) ) ;
#1691 = LINE ( 'NONE', #1690, #1689 ) ;
#1692 = CYLINDRICAL_SURFACE ( 'NONE', #1704, 37.50000000000000000 ) ;
#1693 = DIRECTION ( 'NONE',  ( 1.000000000000000000, 0.0000000000000000000, 0.0000000000000000000 ) ) ;
#1694 = DIRECTION ( 'NONE',  ( 0.0000000000000000000, 0.0000000000000000000, 1.000000000000000000 ) ) ;
#1695 = CIRCLE ( 'NONE', #1703, 2.999999999999999100 ) ;
#1696 = DIRECTION ( 'NONE',  ( 0.0000000000000000000, 0.0000000000000000000, 1.000000000000000000 ) ) ;
#1697 = DIRECTION ( 'NONE',  ( -1.000000000000000000, -0.0000000000000000000, 0.0000000000000000000 ) ) ;
#1698 = CARTESIAN_POINT ( 'NONE',  ( 0.0000000000000000000, -42.18376618407356900, 13.67766952966368700 ) ) ;
#1699 = CYLINDRICAL_SURFACE ( 'NONE', #1640, 2.999999999999999100 ) ;
#1700 = DIRECTION ( 'NONE',  ( -1.000000000000000000, 0.0000000000000000000, 0.0000000000000000000 ) ) ;
#1701 = DIRECTION ( 'NONE',  ( 0.0000000000000000000, 0.0000000000000000000, -1.000000000000000000 ) ) ;
#1702 = CARTESIAN_POINT ( 'NONE',  ( -27.50000000000000000, 0.0000000000000000000, -7.500000000000000000 ) ) ;
#1703 = AXIS2_PLACEMENT_3D ( 'NONE', #1702, #1701, #1700 ) ;
#1704 = AXIS2_PLACEMENT_3D ( 'NONE', #1718, #1720, #1670 ) ;
#1705 = DIRECTION ( 'NONE',  ( 0.0000000000000000000, 0.0000000000000000000, 1.000000000000000000 ) ) ;
#1706 = VECTOR ( 'NONE', #1705, 1000.000000000000000 ) ;
#1707 = CARTESIAN_POINT ( 'NONE',  ( 0.0000000000000000000, 0.0000000000000000000, -8.000000000000000000 ) ) ;
#1708 = AXIS2_PLACEMENT_3D ( 'NONE', #1754, #1753, #1752 ) ;
#1709 = CYLINDRICAL_SURFACE ( 'NONE', #1657, 35.50000000000000000 ) ;
#1710 = DIRECTION ( 'NONE',  ( -1.000000000000000000, 0.0000000000000000000, 0.0000000000000000000 ) ) ;
#1711 = DIRECTION ( 'NONE',  ( 0.0000000000000000000, 0.0000000000000000000, -1.000000000000000000 ) ) ;
#1712 = CARTESIAN_POINT ( 'NONE',  ( 27.50000000000000000, -1.224646799147353100E-015, -2.500000000000000400 ) ) ;
#1713 = AXIS2_PLACEMENT_3D ( 'NONE', #1643, #1644, #1756 ) ;
#1714 = CIRCLE ( 'NONE', #1676, 5.000000000000000900 ) ;
#1715 = DIRECTION ( 'NONE',  ( 0.0000000000000000000, 0.0000000000000000000, 1.000000000000000000 ) ) ;
#1716 = VECTOR ( 'NONE', #1715, 1000.000000000000000 ) ;
#1717 = CARTESIAN_POINT ( 'NONE',  ( 35.50000000000000000, 0.0000000000000000000, -8.000000000000000000 ) ) ;
#1718 = CARTESIAN_POINT ( 'NONE',  ( 0.0000000000000000000, 0.0000000000000000000, -8.000000000000000000 ) ) ;
#1719 = LINE ( 'NONE', #1668, #1679 ) ;
#1720 = DIRECTION ( 'NONE',  ( 0.0000000000000000000, 0.0000000000000000000, 1.000000000000000000 ) ) ;
#1721 = CARTESIAN_POINT ( 'NONE',  ( -32.50000000000000000, 6.123233995736766300E-016, -8.000000000000000000 ) ) ;
#1722 = FACE_OUTER_BOUND ( 'NONE', #3670, .T. ) ;
#1723 = AXIS2_PLACEMENT_3D ( 'NONE', #1674, #1673, #1672 ) ;
#1724 = DIRECTION ( 'NONE',  ( 0.0000000000000000000, 0.0000000000000000000, 1.000000000000000000 ) ) ;
#1725 = VECTOR ( 'NONE', #1724, 1000.000000000000000 ) ;
#1726 = CARTESIAN_POINT ( 'NONE',  ( -37.50000000000000000, 4.592425496802574400E-015, -8.000000000000000000 ) ) ;
#1727 = LINE ( 'NONE', #1726, #1725 ) ;
#1728 = DIRECTION ( 'NONE',  ( 0.0000000000000000000, 0.0000000000000000000, -1.000000000000000000 ) ) ;
#1729 = DIRECTION ( 'NONE',  ( 0.0000000000000000000, -0.7071067811865475700, -0.7071067811865475700 ) ) ;
#1730 = FACE_OUTER_BOUND ( 'NONE', #3500, .T. ) ;
#1731 = FACE_OUTER_BOUND ( 'NONE', #3433, .T. ) ;
#1732 = DIRECTION ( 'NONE',  ( 0.0000000000000000000, 0.0000000000000000000, 1.000000000000000000 ) ) ;
#1733 = VECTOR ( 'NONE', #1732, 1000.000000000000000 ) ;
#1734 = CARTESIAN_POINT ( 'NONE',  ( -30.50000000000000000, 3.673940397442059900E-016, -8.000000000000000000 ) ) ;
#1735 = LINE ( 'NONE', #1734, #1733 ) ;
#1736 = DIRECTION ( 'NONE',  ( 0.0000000000000000000, -0.7071067811865474600, -0.7071067811865475700 ) ) ;
#1737 = DIRECTION ( 'NONE',  ( 0.0000000000000000000, -0.7071067811865475700, 0.7071067811865475700 ) ) ;
#1738 = DIRECTION ( 'NONE',  ( 0.0000000000000000000, 0.0000000000000000000, 1.000000000000000000 ) ) ;
#1739 = CIRCLE ( 'NONE', #1745, 13.27579727645737500 ) ;
#1740 = DIRECTION ( 'NONE',  ( 0.0000000000000000000, 0.0000000000000000000, 1.000000000000000000 ) ) ;
#1741 = VECTOR ( 'NONE', #1740, 1000.000000000000000 ) ;
#1742 = CARTESIAN_POINT ( 'NONE',  ( 37.50000000000000000, 0.0000000000000000000, -8.000000000000000000 ) ) ;
#1743 = DIRECTION ( 'NONE',  ( -1.000000000000000000, -0.0000000000000000000, 0.0000000000000000000 ) ) ;
#1744 = AXIS2_PLACEMENT_3D ( 'NONE', #1642, #1743, #1738 ) ;
#1745 = AXIS2_PLACEMENT_3D ( 'NONE', #1755, #1737, #1736 ) ;
#1746 = DIRECTION ( 'NONE',  ( 1.000000000000000000, 1.224646799147353200E-016, 0.0000000000000000000 ) ) ;
#1747 = DIRECTION ( 'NONE',  ( 0.0000000000000000000, 0.0000000000000000000, -1.000000000000000000 ) ) ;
#1748 = CARTESIAN_POINT ( 'NONE',  ( 0.0000000000000000000, 0.0000000000000000000, -8.000000000000000000 ) ) ;
#1749 = AXIS2_PLACEMENT_3D ( 'NONE', #1748, #1747, #1746 ) ;
#1750 = CIRCLE ( 'NONE', #1749, 37.50000000000000000 ) ;
#1751 = LINE ( 'NONE', #1742, #1741 ) ;
#1752 = DIRECTION ( 'NONE',  ( -1.000000000000000000, 0.0000000000000000000, 0.0000000000000000000 ) ) ;
#1753 = DIRECTION ( 'NONE',  ( 0.0000000000000000000, 0.0000000000000000000, 1.000000000000000000 ) ) ;
#1754 = CARTESIAN_POINT ( 'NONE',  ( 27.50000000000000000, -1.224646799147353100E-015, -1.207106781186547200 ) ) ;
#1755 = CARTESIAN_POINT ( 'NONE',  ( 0.0000000000000000000, -31.93071785686862900, 23.93071785686862200 ) ) ;
#1756 = DIRECTION ( 'NONE',  ( 0.0000000000000000000, -0.7071067811865475700, -0.7071067811865474600 ) ) ;
#1757 = UNCERTAINTY_MEASURE_WITH_UNIT (LENGTH_MEASURE( 1.000000000000000100E-005 ), #1760, 'distance_accuracy_value', 'NONE');
#1758 =( NAMED_UNIT ( * ) SI_UNIT ( $, .STERADIAN. ) SOLID_ANGLE_UNIT ( ) );
#1759 =( NAMED_UNIT ( * ) PLANE_ANGLE_UNIT ( ) SI_UNIT ( $, .RADIAN. ) );
#1760 =( LENGTH_UNIT ( ) NAMED_UNIT ( * ) SI_UNIT ( .MILLI., .METRE. ) );
#1761 = MECHANICAL_DESIGN_GEOMETRIC_PRESENTATION_REPRESENTATION (  '', ( #1763 ), #1895 ) ;
#1762 = PRESENTATION_LAYER_ASSIGNMENT (  '', '', ( #1763 ) ) ;
#1763 = STYLED_ITEM ( 'NONE', ( #1764 ), #3573 ) ;
#1764 = PRESENTATION_STYLE_ASSIGNMENT (( #1765 ) ) ;
#1765 = SURFACE_STYLE_USAGE ( .BOTH. , #1766 ) ;
#1766 = SURFACE_SIDE_STYLE ('',( #1767 ) ) ;
#1767 = SURFACE_STYLE_FILL_AREA ( #1771 ) ;
#1768 = DIRECTION ( 'NONE',  ( 0.0000000000000000000, -0.7071067811865475700, -0.7071067811865473500 ) ) ;
#1769 = DIRECTION ( 'NONE',  ( -0.0000000000000000000, 0.7071067811865475700, -0.7071067811865475700 ) ) ;
#1770 = CARTESIAN_POINT ( 'NONE',  ( 0.0000000000000000000, -31.93071785686862900, 23.93071785686862500 ) ) ;
#1771 = FILL_AREA_STYLE ('',( #1772 ) ) ;
#1772 = FILL_AREA_STYLE_COLOUR ( '', #1773 ) ;
#1773 = COLOUR_RGB ( '',0.8431372549019607900, 0.8156862745098039100, 0.7529411764705882200 ) ;
#1774 = DIRECTION ( 'NONE',  ( 0.0000000000000000000, 0.7071067811865474600, -0.7071067811865474600 ) ) ;
#1775 = CARTESIAN_POINT ( 'NONE',  ( -13.25392333210447000, -22.56988312497316300, 12.78545593435420500 ) ) ;
#1776 = AXIS2_PLACEMENT_3D ( 'NONE', #1825, #1824, #1823 ) ;
#1777 = B_SPLINE_CURVE_WITH_KNOTS ( 'NONE', 3,
 ( #1879, #1878, #1877, #1845, #1844, #1843, #1840, #1839 ),
 .UNSPECIFIED., .F., .F.,
 ( 4, 2, 2, 4 ),
 ( 0.0000000000000000000, 0.0002977936176760693900, 0.0005955872353521387800, 0.001191174470704271900 ),
 .UNSPECIFIED. ) ;
#1778 = CYLINDRICAL_SURFACE ( 'NONE', #1876, 2.999999999999999100 ) ;
#1779 = CARTESIAN_POINT ( 'NONE',  ( -10.14122704903789600, -10.72170980151436300, 5.065861505952830700 ) ) ;
#1780 = DIRECTION ( 'NONE',  ( 0.0000000000000000000, 0.0000000000000000000, 1.000000000000000000 ) ) ;
#1781 = DIRECTION ( 'NONE',  ( -1.000000000000000000, 0.0000000000000000000, 0.0000000000000000000 ) ) ;
#1782 = DIRECTION ( 'NONE',  ( 0.0000000000000000000, 0.0000000000000000000, -1.000000000000000000 ) ) ;
#1783 = CARTESIAN_POINT ( 'NONE',  ( 0.0000000000000000000, 0.0000000000000000000, -7.500000000000000000 ) ) ;
#1784 = FACE_OUTER_BOUND ( 'NONE', #3188, .T. ) ;
#1785 = TOROIDAL_SURFACE ( 'NONE', #1838, 4.500000000000000900, 0.5000000000000000000 ) ;
#1786 = AXIS2_PLACEMENT_3D ( 'NONE', #1884, #1788, #1787 ) ;
#1787 = DIRECTION ( 'NONE',  ( 1.000000000000000000, 0.0000000000000000000, 0.0000000000000000000 ) ) ;
#1788 = DIRECTION ( 'NONE',  ( 0.0000000000000000000, 0.0000000000000000000, 1.000000000000000000 ) ) ;
#1789 = DIRECTION ( 'NONE',  ( 1.000000000000000000, 0.0000000000000000000, 0.0000000000000000000 ) ) ;
#1790 = DIRECTION ( 'NONE',  ( -0.0000000000000000000, -0.0000000000000000000, -1.000000000000000000 ) ) ;
#1791 = CONICAL_SURFACE ( 'NONE', #1786, 2.999999999999999100, 0.7853981633974482800 ) ;
#1792 = DIRECTION ( 'NONE',  ( -0.0000000000000000000, -0.7071067811865474600, 0.7071067811865474600 ) ) ;
#1793 = VECTOR ( 'NONE', #1792, 1000.000000000000100 ) ;
#1794 = CARTESIAN_POINT ( 'NONE',  ( -10.20510845501717500, -22.52848416522942900, 12.82685489409794000 ) ) ;
#1795 = LINE ( 'NONE', #1794, #1793 ) ;
#1796 = AXIS2_PLACEMENT_3D ( 'NONE', #1885, #1790, #1789 ) ;
#1797 = DIRECTION ( 'NONE',  ( 1.000000000000000000, 0.0000000000000000000, 0.0000000000000000000 ) ) ;
#1798 = DIRECTION ( 'NONE',  ( 0.0000000000000000000, 0.0000000000000000000, 1.000000000000000000 ) ) ;
#1799 = VECTOR ( 'NONE', #1774, 1000.000000000000100 ) ;
#1800 = CARTESIAN_POINT ( 'NONE',  ( 0.0000000000000000000, -14.41158359338242300, 20.94375546594494600 ) ) ;
#1801 = AXIS2_PLACEMENT_3D ( 'NONE', #1770, #1769, #1768 ) ;
#1802 = LINE ( 'NONE', #1892, #1891 ) ;
#1803 = AXIS2_PLACEMENT_3D ( 'NONE', #1819, #1818, #1817 ) ;
#1804 = LINE ( 'NONE', #1800, #1799 ) ;
#1805 = CARTESIAN_POINT ( 'NONE',  ( -9.074333061670882800, -10.19860227560722200, 9.917396156606162800 ) ) ;
#1806 = CARTESIAN_POINT ( 'NONE',  ( -8.989867735219036100, -10.05871559962677800, 9.917396156606161000 ) ) ;
#1807 = LINE ( 'NONE', #1775, #1913 ) ;
#1808 = AXIS2_PLACEMENT_3D ( 'NONE', #1810, #1780, #1875 ) ;
#1809 = FACE_OUTER_BOUND ( 'NONE', #3516, .T. ) ;
#1810 = CARTESIAN_POINT ( 'NONE',  ( -27.50000000000000000, 0.0000000000000000000, -8.000000000000000000 ) ) ;
#1811 = FACE_OUTER_BOUND ( 'NONE', #3524, .T. ) ;
#1812 = DIRECTION ( 'NONE',  ( 0.0000000000000000000, 0.0000000000000000000, 1.000000000000000000 ) ) ;
#1813 = VECTOR ( 'NONE', #1812, 1000.000000000000000 ) ;
#1814 = CARTESIAN_POINT ( 'NONE',  ( 24.50000000000000000, -8.572527594031471200E-016, -8.000000000000000000 ) ) ;
#1815 = LINE ( 'NONE', #1814, #1813 ) ;
#1816 = CYLINDRICAL_SURFACE ( 'NONE', #1808, 5.000000000000000900 ) ;
#1817 = DIRECTION ( 'NONE',  ( -1.000000000000000000, 0.0000000000000000000, 0.0000000000000000000 ) ) ;
#1818 = DIRECTION ( 'NONE',  ( 0.0000000000000000000, 0.0000000000000000000, -1.000000000000000000 ) ) ;
#1819 = CARTESIAN_POINT ( 'NONE',  ( 27.50000000000000000, -1.224646799147353100E-015, -7.500000000000000000 ) ) ;
#1820 = CIRCLE ( 'NONE', #1893, 35.50000000000000000 ) ;
#1821 = CARTESIAN_POINT ( 'NONE',  ( -12.71333574833236000, -22.56988312497316300, 12.78545593435420700 ) ) ;
#1822 = CARTESIAN_POINT ( 'NONE',  ( 27.50000000000000000, -1.224646799147353100E-015, -7.500000000000000000 ) ) ;
#1823 = DIRECTION ( 'NONE',  ( 0.0000000000000000000, 0.0000000000000000000, -1.000000000000000000 ) ) ;
#1824 = DIRECTION ( 'NONE',  ( -0.0000000000000000000, -1.000000000000000000, -0.0000000000000000000 ) ) ;
#1825 = CARTESIAN_POINT ( 'NONE',  ( -36.00000000000000000, 0.0000000000000000000, -7.500000000000000000 ) ) ;
#1826 = CIRCLE ( 'NONE', #1776, 0.5000000000000004400 ) ;
#1827 = CARTESIAN_POINT ( 'NONE',  ( -10.00467187991380800, -13.06411895693188700, 8.380306600027690700 ) ) ;
#1828 = CARTESIAN_POINT ( 'NONE',  ( -8.912311752985402800, -9.918057049262021300, 9.898461857676277700 ) ) ;
#1829 = CARTESIAN_POINT ( 'NONE',  ( -8.779854217158643300, -9.631803299191856700, 9.814178228099740100 ) ) ;
#1830 = CARTESIAN_POINT ( 'NONE',  ( -8.726732049749555700, -9.488704626551482900, 9.748625332184515100 ) ) ;
#1831 = CARTESIAN_POINT ( 'NONE',  ( -8.682501377300976500, -9.288224038688374800, 9.612278122850547400 ) ) ;
#1832 = CARTESIAN_POINT ( 'NONE',  ( -8.673767984951581400, -9.223641605545893200, 9.560228682279229100 ) ) ;
#1833 = CARTESIAN_POINT ( 'NONE',  ( -8.669779234956781300, -9.105792363228252000, 9.448114830788881600 ) ) ;
#1834 = CARTESIAN_POINT ( 'NONE',  ( -9.837738981906929000, -9.137942103827400700, 7.356735984826344500 ) ) ;
#1835 = CARTESIAN_POINT ( 'NONE',  ( -10.70166887658163700, -22.56988312497316300, 12.78545593435420700 ) ) ;
#1836 = B_SPLINE_CURVE_WITH_KNOTS ( 'NONE', 3,
 ( #1834, #1919, #1918, #1917, #1916, #1915, #1925, #1924, #1923, #1922, #1921, #1920, #1833, #1832, #1831, #1830, #1829, #1828, #1806, #1805 ),
 .UNSPECIFIED., .F., .F.,
 ( 4, 2, 2, 2, 2, 2, 2, 2, 2, 4 ),
 ( 0.0000000000000000000, 0.0004920590856617214100, 0.0009841181713234428200, 0.001476177256985164400, 0.001968236342646885600, 0.002460295428308606800, 0.002706324971139467900, 0.002952354513970329800, 0.003444413599632050100, 0.003936472685293770400 ),
 .UNSPECIFIED. ) ;
#1837 = CIRCLE ( 'NONE', #1801, 15.00000000000000400 ) ;
#1838 = AXIS2_PLACEMENT_3D ( 'NONE', #1822, #1849, #1848 ) ;
#1839 = CARTESIAN_POINT ( 'NONE',  ( -10.00467187991380800, -13.06411895693188700, 8.380306600027690700 ) ) ;
#1840 = CARTESIAN_POINT ( 'NONE',  ( -10.05060628337402800, -13.20269936433913400, 8.241726192620435000 ) ) ;
#1841 = CYLINDRICAL_SURFACE ( 'NONE', #1900, 1.500000000000001300 ) ;
#1842 = CARTESIAN_POINT ( 'NONE',  ( -9.837738981906929000, -9.137942103827400700, 7.356735984826344500 ) ) ;
#1843 = CARTESIAN_POINT ( 'NONE',  ( -10.08885728453608800, -13.40001992253410600, 8.166187668151092500 ) ) ;
#1844 = CARTESIAN_POINT ( 'NONE',  ( -10.12537118887736700, -13.69572788067179700, 8.175077135673364000 ) ) ;
#1845 = CARTESIAN_POINT ( 'NONE',  ( -10.13438522091955300, -13.79446146795463000, 8.197622709364283700 ) ) ;
#1846 = CARTESIAN_POINT ( 'NONE',  ( 1.806354028742345800E-015, -22.03122292025696500, 34.53731957466683900 ) ) ;
#1847 = CARTESIAN_POINT ( 'NONE',  ( -9.074333061670882800, -10.19860227560722200, 9.917396156606162800 ) ) ;
#1848 = DIRECTION ( 'NONE',  ( -1.000000000000000000, 0.0000000000000000000, 0.0000000000000000000 ) ) ;
#1849 = DIRECTION ( 'NONE',  ( 0.0000000000000000000, 0.0000000000000000000, -1.000000000000000000 ) ) ;
#1850 = CARTESIAN_POINT ( 'NONE',  ( -10.17251990203203200, -10.85708838073550300, 4.930482926731689200 ) ) ;
#1851 = CARTESIAN_POINT ( 'NONE',  ( -10.14122704903789600, -10.72170980151436300, 5.065861505952830700 ) ) ;
#1852 = CARTESIAN_POINT ( 'NONE',  ( 27.50000000000000000, -1.224646799147353100E-015, -0.1464466094067262100 ) ) ;
#1853 = CONICAL_SURFACE ( 'NONE', #1870, 2.999999999999999100, 0.7853981633974482800 ) ;
#1854 = CIRCLE ( 'NONE', #1796, 3.146446609406726900 ) ;
#1855 = DIRECTION ( 'NONE',  ( 0.7071067811865474600, 0.0000000000000000000, 0.7071067811865474600 ) ) ;
#1856 = VECTOR ( 'NONE', #1855, 1000.000000000000100 ) ;
#1857 = CARTESIAN_POINT ( 'NONE',  ( 30.50000000000000000, -1.224646799147353100E-015, -1.000000000000000000 ) ) ;
#1858 = CARTESIAN_POINT ( 'NONE',  ( 27.50000000000000000, -1.224646799147353100E-015, -1.000000000000000000 ) ) ;
#1859 = LINE ( 'NONE', #1857, #1856 ) ;
#1860 = FACE_OUTER_BOUND ( 'NONE', #3601, .T. ) ;
#1861 = CIRCLE ( 'NONE', #1889, 3.853553390593272200 ) ;
#1862 = B_SPLINE_CURVE_WITH_KNOTS ( 'NONE', 3,
 ( #1851, #1850, #1911, #1910, #1909, #1908, #1907, #1906, #1905, #1904, #1903, #1902, #1901, #1888, #1887, #1886 ),
 .UNSPECIFIED., .F., .F.,
 ( 4, 2, 2, 2, 2, 2, 2, 4 ),
 ( 0.0000000000000000000, 0.0005730414962549160000, 0.001146082992509832000, 0.001719124488764748100, 0.002292165985019664000, 0.003438248977529501400, 0.004011290473784419500, 0.004584331970039338400 ),
 .UNSPECIFIED. ) ;
#1863 = DIRECTION ( 'NONE',  ( -0.7071067811865474600, 8.659560562354932900E-017, 0.7071067811865474600 ) ) ;
#1864 = VECTOR ( 'NONE', #1863, 1000.000000000000100 ) ;
#1865 = CARTESIAN_POINT ( 'NONE',  ( -30.50000000000000000, 3.673940397442059900E-016, -1.000000000000000000 ) ) ;
#1866 = DIRECTION ( 'NONE',  ( 0.0000000000000000000, 0.0000000000000000000, 1.000000000000000000 ) ) ;
#1867 = VECTOR ( 'NONE', #1866, 1000.000000000000000 ) ;
#1868 = CARTESIAN_POINT ( 'NONE',  ( 22.50000000000000000, -6.123233995736764300E-016, -8.000000000000000000 ) ) ;
#1869 = LINE ( 'NONE', #1868, #1867 ) ;
#1870 = AXIS2_PLACEMENT_3D ( 'NONE', #1858, #1798, #1797 ) ;
#1871 = DIRECTION ( 'NONE',  ( 1.000000000000000000, 0.0000000000000000000, 0.0000000000000000000 ) ) ;
#1872 = DIRECTION ( 'NONE',  ( 0.0000000000000000000, 0.0000000000000000000, 1.000000000000000000 ) ) ;
#1873 = CARTESIAN_POINT ( 'NONE',  ( 27.50000000000000000, -1.224646799147353100E-015, -8.000000000000000000 ) ) ;
#1874 = LINE ( 'NONE', #1865, #1864 ) ;
#1875 = DIRECTION ( 'NONE',  ( 1.000000000000000000, 0.0000000000000000000, 0.0000000000000000000 ) ) ;
#1876 = AXIS2_PLACEMENT_3D ( 'NONE', #1873, #1872, #1871 ) ;
#1877 = CARTESIAN_POINT ( 'NONE',  ( -10.14626122298864200, -13.97699589915865900, 8.277751851873532000 ) ) ;
#1878 = CARTESIAN_POINT ( 'NONE',  ( -10.14915612201595800, -14.06005259362290600, 8.334537008955209100 ) ) ;
#1879 = CARTESIAN_POINT ( 'NONE',  ( -10.14915612201596000, -14.13116579550576200, 8.405650210838066600 ) ) ;
#1880 = FACE_OUTER_BOUND ( 'NONE', #3606, .T. ) ;
#1881 = CARTESIAN_POINT ( 'NONE',  ( -10.20510845501717500, -14.86592063285908900, 5.164291361727602100 ) ) ;
#1882 = DIRECTION ( 'NONE',  ( 1.000000000000000000, 0.0000000000000000000, 0.0000000000000000000 ) ) ;
#1883 = DIRECTION ( 'NONE',  ( 0.0000000000000000000, 0.0000000000000000000, 1.000000000000000000 ) ) ;
#1884 = CARTESIAN_POINT ( 'NONE',  ( -27.50000000000000000, 0.0000000000000000000, -1.000000000000000000 ) ) ;
#1885 = CARTESIAN_POINT ( 'NONE',  ( -27.50000000000000000, 0.0000000000000000000, -0.8535533905932734000 ) ) ;
#1886 = CARTESIAN_POINT ( 'NONE',  ( -10.20510845501717500, -14.86592063285908900, 5.164291361727602100 ) ) ;
#1887 = CARTESIAN_POINT ( 'NONE',  ( -10.20510845501717500, -14.72893157802853300, 5.027302306897049700 ) ) ;
#1888 = CARTESIAN_POINT ( 'NONE',  ( -10.20724484426692200, -14.58094004539921900, 4.904383336543782300 ) ) ;
#1889 = AXIS2_PLACEMENT_3D ( 'NONE', #1852, #1883, #1882 ) ;
#1890 = DIRECTION ( 'NONE',  ( -1.000000000000000000, -0.0000000000000000000, 0.0000000000000000000 ) ) ;
#1891 = VECTOR ( 'NONE', #1890, 1000.000000000000000 ) ;
#1892 = CARTESIAN_POINT ( 'NONE',  ( 3.000000000000002700, -22.21632973437989000, 12.93190254376093100 ) ) ;
#1893 = AXIS2_PLACEMENT_3D ( 'NONE', #1783, #1782, #1781 ) ;
#1894 = CIRCLE ( 'NONE', #1803, 2.999999999999999100 ) ;
#1895 =( GEOMETRIC_REPRESENTATION_CONTEXT ( 3 ) GLOBAL_UNCERTAINTY_ASSIGNED_CONTEXT ( ( #1757 ) ) GLOBAL_UNIT_ASSIGNED_CONTEXT ( ( #1760, #1759, #1758 ) ) REPRESENTATION_CONTEXT ( 'NONE', 'WORKASPACE' ) );
#1896 = CARTESIAN_POINT ( 'NONE',  ( 0.0000000000000000000, -42.53731957466683900, 14.03122292025695800 ) ) ;
#1897 = DIRECTION ( 'NONE',  ( 0.0000000000000000000, 0.0000000000000000000, 1.000000000000000000 ) ) ;
#1898 = DIRECTION ( 'NONE',  ( -1.000000000000000000, -0.0000000000000000000, -0.0000000000000000000 ) ) ;
#1899 = CARTESIAN_POINT ( 'NONE',  ( 3.000000000000002700, -10.19860227560722200, 8.417396156606161000 ) ) ;
#1900 = AXIS2_PLACEMENT_3D ( 'NONE', #1899, #1898, #1897 ) ;
#1901 = CARTESIAN_POINT ( 'NONE',  ( -10.21518797145657200, -14.26319584726470800, 4.686361539148174800 ) ) ;
#1902 = CARTESIAN_POINT ( 'NONE',  ( -10.22102004485228800, -14.09347444038190600, 4.591758431246691300 ) ) ;
#1903 = CARTESIAN_POINT ( 'NONE',  ( -10.24113575067995700, -13.56876280026481400, 4.360115201604474900 ) ) ;
#1904 = CARTESIAN_POINT ( 'NONE',  ( -10.25872052779762100, -13.18601202233882400, 4.270698164674470800 ) ) ;
#1905 = CARTESIAN_POINT ( 'NONE',  ( -10.27344647805126200, -12.61271263496006700, 4.251142830162061500 ) ) ;
#1906 = CARTESIAN_POINT ( 'NONE',  ( -10.27640554645198100, -12.41832651924984700, 4.263521196178826000 ) ) ;
#1907 = CARTESIAN_POINT ( 'NONE',  ( -10.27497397074764700, -12.03897595442966100, 4.326736965106816200 ) ) ;
#1908 = CARTESIAN_POINT ( 'NONE',  ( -10.27065911922116600, -11.85465069389129600, 4.376933852055907800 ) ) ;
#1909 = CARTESIAN_POINT ( 'NONE',  ( -10.25205050877205300, -11.49693813127211900, 4.515062836285020300 ) ) ;
#1910 = CARTESIAN_POINT ( 'NONE',  ( -10.23754214572419500, -11.32338278011658300, 4.603798310907249600 ) ) ;
#1911 = CARTESIAN_POINT ( 'NONE',  ( -10.19780683298703900, -11.00464266614979500, 4.811151425224592200 ) ) ;
#1912 = DIRECTION ( 'NONE',  ( -1.000000000000000000, -0.0000000000000000000, -0.0000000000000000000 ) ) ;
#1913 = VECTOR ( 'NONE', #1912, 1000.000000000000000 ) ;
#1914 = CARTESIAN_POINT ( 'NONE',  ( 23.00000000000000000, -1.224646799147353100E-015, -8.000000000000000000 ) ) ;
#1915 = CARTESIAN_POINT ( 'NONE',  ( -9.210431393326521400, -8.708336179715997700, 8.198773298212168800 ) ) ;
#1916 = CARTESIAN_POINT ( 'NONE',  ( -9.392353879205003900, -8.772410811776893500, 7.932971859865436000 ) ) ;
#1917 = CARTESIAN_POINT ( 'NONE',  ( -9.483588918545827100, -8.821534685622047800, 7.807205957219336400 ) ) ;
#1918 = CARTESIAN_POINT ( 'NONE',  ( -9.664484874038652900, -8.954358454621768700, 7.568570767757059100 ) ) ;
#1919 = CARTESIAN_POINT ( 'NONE',  ( -9.753366974051859400, -9.037838714825353400, 7.456839373828387400 ) ) ;
#1920 = CARTESIAN_POINT ( 'NONE',  ( -8.674268737415181000, -9.051541446026735800, 9.387435936943131100 ) ) ;
#1921 = CARTESIAN_POINT ( 'NONE',  ( -8.707418127865590700, -8.903164496704526700, 9.191181559523471400 ) ) ;
#1922 = CARTESIAN_POINT ( 'NONE',  ( -8.754344162794701800, -8.830202060852116100, 9.050287393713675900 ) ) ;
#1923 = CARTESIAN_POINT ( 'NONE',  ( -8.878942468492258700, -8.731107189784339100, 8.763125297459213300 ) ) ;
#1924 = CARTESIAN_POINT ( 'NONE',  ( -8.955600753266216100, -8.705465393738981200, 8.618662670315673700 ) ) ;
#1925 = CARTESIAN_POINT ( 'NONE',  ( -9.121485368448762900, -8.694146443544763500, 8.336287544799219500 ) ) ;
#1926 = CARTESIAN_POINT ( 'NONE',  ( -10.14915612201596100, -20.54042732199753400, 14.81491173732983500 ) ) ;
#1927 = LINE ( 'NONE', #1926, #1960 ) ;
#1928 = DIRECTION ( 'NONE',  ( 0.0000000000000000000, -0.7071067811865475700, 0.7071067811865475700 ) ) ;
#1929 = AXIS2_PLACEMENT_3D ( 'NONE', #1961, #1928, #1943 ) ;
#1930 = DIRECTION ( 'NONE',  ( -1.000000000000000000, -0.0000000000000000000, -0.0000000000000000000 ) ) ;
#1931 = VECTOR ( 'NONE', #1930, 1000.000000000000000 ) ;
#1932 = CARTESIAN_POINT ( 'NONE',  ( 3.000000000000002700, -10.19860227560722200, 9.917396156606162800 ) ) ;
#1933 = LINE ( 'NONE', #1932, #1931 ) ;
#1934 = CARTESIAN_POINT ( 'NONE',  ( 0.0000000000000000000, 0.0000000000000000000, -1.000000000000000000 ) ) ;
#1935 = DIRECTION ( 'NONE',  ( 0.0000000000000000000, 0.7071067811865474600, -0.7071067811865474600 ) ) ;
#1936 = VECTOR ( 'NONE', #1935, 1000.000000000000100 ) ;
#1937 = CARTESIAN_POINT ( 'NONE',  ( 1.258422224330061300E-015, -28.94375546594495300, 6.411583593382414600 ) ) ;
#1938 = LINE ( 'NONE', #1937, #1936 ) ;
#1939 = CARTESIAN_POINT ( 'NONE',  ( 0.0000000000000000000, -42.02523091789608100, 14.54331157702771500 ) ) ;
#1940 = CARTESIAN_POINT ( 'NONE',  ( 12.99911214328403200, -16.39080861187738600, 4.576366229008306700 ) ) ;
#1941 = DIRECTION ( 'NONE',  ( 0.0000000000000000000, 0.0000000000000000000, -1.000000000000000000 ) ) ;
#1942 = AXIS2_PLACEMENT_3D ( 'NONE', #1934, #1950, #1949 ) ;
#1943 = DIRECTION ( 'NONE',  ( 8.881784197001250400E-016, 0.7071067811865475700, 0.7071067811865475700 ) ) ;
#1944 = FACE_OUTER_BOUND ( 'NONE', #3790, .T. ) ;
#1945 = CARTESIAN_POINT ( 'NONE',  ( -10.14915612201596000, -14.13116579550576200, 8.405650210838066600 ) ) ;
#1946 = CARTESIAN_POINT ( 'NONE',  ( -11.99517808879720900, -9.137942103827400700, 7.356735984826344500 ) ) ;
#1947 = CIRCLE ( 'NONE', #2068, 34.99999999999999300 ) ;
#1948 = CARTESIAN_POINT ( 'NONE',  ( 13.02740023493730000, -16.42860274968033400, 4.812321516550451200 ) ) ;
#1949 = DIRECTION ( 'NONE',  ( -1.000000000000000000, 0.0000000000000000000, 0.0000000000000000000 ) ) ;
#1950 = DIRECTION ( 'NONE',  ( 0.0000000000000000000, 0.0000000000000000000, -1.000000000000000000 ) ) ;
#1951 = CARTESIAN_POINT ( 'NONE',  ( -13.75000000000000000, 0.0000000000000000000, -8.000000000000000000 ) ) ;
#1952 = DIRECTION ( 'NONE',  ( -1.000000000000000000, 0.0000000000000000000, -0.0000000000000000000 ) ) ;
#1953 = CIRCLE ( 'NONE', #1350, 13.77579727645737300 ) ;
#1954 = CIRCLE ( 'NONE', #1929, 10.27579727645737500 ) ;
#1955 = CARTESIAN_POINT ( 'NONE',  ( 13.03913243945645200, -16.45997251493082900, 4.930018308227604800 ) ) ;
#1956 = TOROIDAL_SURFACE ( 'NONE', #1942, 36.50000000000000000, 1.000000000000000000 ) ;
#1957 = AXIS2_PLACEMENT_3D ( 'NONE', #1951, #1941, #1952 ) ;
#1958 = PLANE ( 'NONE',  #1957 ) ;
#1959 = DIRECTION ( 'NONE',  ( 0.0000000000000000000, 0.7071067811865474600, -0.7071067811865474600 ) ) ;
#1960 = VECTOR ( 'NONE', #1959, 1000.000000000000100 ) ;
#1961 = CARTESIAN_POINT ( 'NONE',  ( 0.0000000000000000000, -21.32411613907041600, 13.32411613907040900 ) ) ;
#1962 = B_SPLINE_CURVE_WITH_KNOTS ( 'NONE', 3,
 ( #2009, #2008, #2007, #2006, #2005, #2004, #2003, #2002, #2001, #2086, #2085, #2084, #2083, #2082, #2081, #2080 ),
 .UNSPECIFIED., .F., .F.,
 ( 4, 2, 2, 2, 2, 2, 2, 4 ),
 ( 0.0000000000000000000, 0.0005778124651418736200, 0.001155624930283747200, 0.001733437395425621100, 0.002311249860567494500, 0.003466874790851240800, 0.004044687255993113800, 0.004622499721134987200 ),
 .UNSPECIFIED. ) ;
#1963 = CARTESIAN_POINT ( 'NONE',  ( 9.809242725104772000, -23.48869078860642600, 11.15954148953439800 ) ) ;
#1964 = CARTESIAN_POINT ( 'NONE',  ( 0.0000000000000000000, -21.67766952966368900, 13.67766952966368200 ) ) ;
#1965 = CARTESIAN_POINT ( 'NONE',  ( 13.20949591901215400, -14.76169310118999800, 4.887235594995257900 ) ) ;
#1966 = CARTESIAN_POINT ( 'NONE',  ( 12.83582962054004800, -14.99758508084491600, 2.204199788995369900 ) ) ;
#1967 = CARTESIAN_POINT ( 'NONE',  ( 13.17937965945297700, -14.42157375841873800, 4.160180942623755500 ) ) ;
#1968 = DIRECTION ( 'NONE',  ( 0.0000000000000000000, -0.7071067811865475700, -0.7071067811865473500 ) ) ;
#1969 = CARTESIAN_POINT ( 'NONE',  ( 13.07563918708740900, -16.89236200108828700, 5.644454005255535200 ) ) ;
#1970 = CARTESIAN_POINT ( 'NONE',  ( 0.0000000000000000000, 0.0000000000000000000, -2.000000000000000000 ) ) ;
#1971 = DIRECTION ( 'NONE',  ( -0.0000000000000000000, -0.7071067811865474600, 0.7071067811865474600 ) ) ;
#1972 = VECTOR ( 'NONE', #1971, 1000.000000000000100 ) ;
#1973 = CARTESIAN_POINT ( 'NONE',  ( 9.548244929532392800, -17.40763904189755000, 4.036786515062023500 ) ) ;
#1974 = CARTESIAN_POINT ( 'NONE',  ( 9.586180262519278000, -17.34019800734441200, 4.104227549615163900 ) ) ;
#1975 = CARTESIAN_POINT ( 'NONE',  ( 9.622348720732143000, -17.28670875895257800, 4.185480878832070300 ) ) ;
#1976 = CARTESIAN_POINT ( 'NONE',  ( 9.686769795227462500, -17.21537137972930200, 4.364114062269452500 ) ) ;
#1977 = CARTESIAN_POINT ( 'NONE',  ( 9.715391169621273800, -17.19737310412740800, 4.462734338831928000 ) ) ;
#1978 = CARTESIAN_POINT ( 'NONE',  ( 9.761498187876011200, -17.20110779295377100, 4.660098912590817700 ) ) ;
#1979 = CARTESIAN_POINT ( 'NONE',  ( 9.779404638067349600, -17.22278335907586200, 4.760318963086576500 ) ) ;
#1980 = CARTESIAN_POINT ( 'NONE',  ( 9.803217343756717400, -17.30269502627083600, 4.945980890857125400 ) ) ;
#1981 = CARTESIAN_POINT ( 'NONE',  ( 9.809242725104773800, -17.36037689561336700, 5.031227596541338400 ) ) ;
#1982 = CARTESIAN_POINT ( 'NONE',  ( 12.96589098840867200, -14.65949862368781500, 2.610923217682681300 ) ) ;
#1983 = CARTESIAN_POINT ( 'NONE',  ( 13.06484820263704100, -14.44561046715347400, 3.093133181800563000 ) ) ;
#1984 = CARTESIAN_POINT ( 'NONE',  ( -13.27427146665425900, -13.78562925550841800, 5.498357426851258700 ) ) ;
#1985 = CARTESIAN_POINT ( 'NONE',  ( -13.27331887320847400, -14.00841331646390000, 5.643580170137333600 ) ) ;
#1986 = CARTESIAN_POINT ( 'NONE',  ( -13.27301003243323600, -14.11202329171120900, 5.727320797516908300 ) ) ;
#1987 = CARTESIAN_POINT ( 'NONE',  ( -13.27301003243323800, -14.20745724439049300, 5.822754750196196500 ) ) ;
#1988 = DIRECTION ( 'NONE',  ( -0.0000000000000000000, -0.7071067811865483500, 0.7071067811865466800 ) ) ;
#1989 = CARTESIAN_POINT ( 'NONE',  ( 0.0000000000000000000, -11.89378565373360700, 3.893785653733600400 ) ) ;
#1990 = AXIS2_PLACEMENT_3D ( 'NONE', #1989, #1988, #2079 ) ;
#1991 = AXIS2_PLACEMENT_3D ( 'NONE', #1964, #2075, #2074 ) ;
#1992 = CIRCLE ( 'NONE', #1990, 10.27579727645737500 ) ;
#1993 = CIRCLE ( 'NONE', #1998, 13.27579727645737500 ) ;
#1994 = CARTESIAN_POINT ( 'NONE',  ( 13.10398367100128100, -14.38279382853785800, 3.359121627102515700 ) ) ;
#1995 = DIRECTION ( 'NONE',  ( 0.0000000000000000000, -0.7071067811865474600, -0.7071067811865475700 ) ) ;
#1996 = DIRECTION ( 'NONE',  ( -0.0000000000000000000, 0.7071067811865475700, -0.7071067811865475700 ) ) ;
#1997 = CARTESIAN_POINT ( 'NONE',  ( 0.0000000000000000000, -12.60089243492014400, 4.600892434920137200 ) ) ;
#1998 = AXIS2_PLACEMENT_3D ( 'NONE', #1997, #1996, #1995 ) ;
#1999 = LINE ( 'NONE', #2031, #2030 ) ;
#2000 = CARTESIAN_POINT ( 'NONE',  ( 13.18715759867565000, -14.45664142373390100, 4.289300784897894100 ) ) ;
#2001 = CARTESIAN_POINT ( 'NONE',  ( 10.20492903113659500, -13.27909938528036400, 3.564971127624789300 ) ) ;
#2002 = CARTESIAN_POINT ( 'NONE',  ( 10.18660481327920700, -13.29307687662621300, 3.369368825380654200 ) ) ;
#2003 = CARTESIAN_POINT ( 'NONE',  ( 10.13969065226716300, -13.35905801385732900, 2.990971262295005300 ) ) ;
#2004 = CARTESIAN_POINT ( 'NONE',  ( 10.11119954962716800, -13.41051092987562900, 2.807670954708109300 ) ) ;
#2005 = CARTESIAN_POINT ( 'NONE',  ( 10.04132924224843600, -13.55018852431791000, 2.453270266012701000 ) ) ;
#2006 = CARTESIAN_POINT ( 'NONE',  ( 9.999747910216486300, -13.63895052905676900, 2.282537734338473200 ) ) ;
#2007 = CARTESIAN_POINT ( 'NONE',  ( 9.905736296572406700, -13.84418402965154200, 1.970142182969607500 ) ) ;
#2008 = CARTESIAN_POINT ( 'NONE',  ( 9.852910161313950300, -13.96144023992499300, 1.826131067542198200 ) ) ;
#2009 = CARTESIAN_POINT ( 'NONE',  ( 9.793733505595961100, -14.09319394782269600, 1.694377359644495100 ) ) ;
#2010 = CARTESIAN_POINT ( 'NONE',  ( -13.27301003243323800, -14.20745724439049300, 5.822754750196196500 ) ) ;
#2011 = DIRECTION ( 'NONE',  ( 0.0000000000000000000, 0.7071067811865474600, -0.7071067811865474600 ) ) ;
#2012 = CARTESIAN_POINT ( 'NONE',  ( 13.19938332848525400, -14.55347334090863500, 4.540471601023955200 ) ) ;
#2013 = CARTESIAN_POINT ( 'NONE',  ( 13.20378528870847200, -14.61567030695731300, 4.662400251204964300 ) ) ;
#2014 = CARTESIAN_POINT ( 'NONE',  ( 12.90520981099458600, -14.81179732344737600, 2.389987546392905200 ) ) ;
#2015 = DIRECTION ( 'NONE',  ( 0.0000000000000000000, 0.7071067811865474600, -0.7071067811865474600 ) ) ;
#2016 = VECTOR ( 'NONE', #2015, 1000.000000000000100 ) ;
#2017 = CARTESIAN_POINT ( 'NONE',  ( -13.27301003243324100, 22.67770643799166300, -31.06240893218595300 ) ) ;
#2018 = CARTESIAN_POINT ( 'NONE',  ( 0.0000000000000000000, -31.41862920009787200, 4.643816640416048400 ) ) ;
#2019 = VECTOR ( 'NONE', #2011, 1000.000000000000100 ) ;
#2020 = CARTESIAN_POINT ( 'NONE',  ( 13.21089122268854700, 21.94292597171582700, -31.79718939846178900 ) ) ;
#2021 = LINE ( 'NONE', #2020, #2019 ) ;
#2022 = CARTESIAN_POINT ( 'NONE',  ( -13.15234823764769900, -11.32368274946546400, 5.878102120374818700 ) ) ;
#2023 = CARTESIAN_POINT ( 'NONE',  ( -13.25661386894665800, -14.76393696572567300, 7.772879040618153800 ) ) ;
#2024 = CARTESIAN_POINT ( 'NONE',  ( -13.15234823764769900, -11.32368274946546400, 5.878102120374818700 ) ) ;
#2025 = CARTESIAN_POINT ( 'NONE',  ( -13.18903386061520800, -11.51257189354204700, 5.689212976298227500 ) ) ;
#2026 = CARTESIAN_POINT ( 'NONE',  ( -13.21703524733090700, -11.73688752335372800, 5.535908619686655800 ) ) ;
#2027 = CARTESIAN_POINT ( 'NONE',  ( -13.25531551711893700, -12.22294159404108900, 5.322823154336606200 ) ) ;
#2028 = CARTESIAN_POINT ( 'NONE',  ( -13.26598630428250800, -12.48963541573117000, 5.261587092547602000 ) ) ;
#2029 = DIRECTION ( 'NONE',  ( 0.0000000000000000000, 0.7071067811865474600, -0.7071067811865474600 ) ) ;
#2030 = VECTOR ( 'NONE', #2029, 1000.000000000000100 ) ;
#2031 = CARTESIAN_POINT ( 'NONE',  ( 9.809242725104772000, -23.84224417919970000, 11.51309488012767100 ) ) ;
#2032 = LINE ( 'NONE', #2039, #1972 ) ;
#2033 = DIRECTION ( 'NONE',  ( 0.0000000000000000000, 0.0000000000000000000, 1.000000000000000000 ) ) ;
#2034 = VECTOR ( 'NONE', #2033, 1000.000000000000000 ) ;
#2035 = CARTESIAN_POINT ( 'NONE',  ( 13.21089122268854500, -14.84601960742611700, 4.991756180680146900 ) ) ;
#2036 = CARTESIAN_POINT ( 'NONE',  ( 13.21089122268854500, -14.94223771066632400, 5.087974283920364500 ) ) ;
#2037 = B_SPLINE_CURVE_WITH_KNOTS ( 'NONE', 3,
 ( #2036, #2035, #1965, #2013, #2012, #2000, #1967, #2046, #2045, #1994, #1983, #1982, #2014, #1966 ),
 .UNSPECIFIED., .F., .F.,
 ( 4, 2, 2, 2, 2, 2, 4 ),
 ( 2.453269466693398700E-018, 0.0004019782017790257200, 0.0008039564035580490500, 0.001205934605337072200, 0.001607912807116095500, 0.002411869210674144000, 0.003215825614232191900 ),
 .UNSPECIFIED. ) ;
#2038 = CARTESIAN_POINT ( 'NONE',  ( 9.809242725104772000, -17.43298265270792100, 5.103833353635894600 ) ) ;
#2039 = CARTESIAN_POINT ( 'NONE',  ( 0.0000000000000000000, 13.48265140524789500, -40.25746396492972000 ) ) ;
#2040 = CARTESIAN_POINT ( 'NONE',  ( 13.07563918708740900, -16.72042562162730700, 5.472517625794556500 ) ) ;
#2041 = B_SPLINE_CURVE_WITH_KNOTS ( 'NONE', 3,
 ( #2038, #1981, #1980, #1979, #1978, #1977, #1976, #1975, #1974, #1973 ),
 .UNSPECIFIED., .F., .F.,
 ( 4, 2, 2, 2, 4 ),
 ( 0.0000000000000000000, 0.0003039922340660025800, 0.0006079844681320051600, 0.0009119767021980077500, 0.001215968936264010300 ),
 .UNSPECIFIED. ) ;
#2042 = CARTESIAN_POINT ( 'NONE',  ( -13.21848737544009100, -21.06954817332903900, 14.82100077262532700 ) ) ;
#2043 = CARTESIAN_POINT ( 'NONE',  ( -13.19301883426516900, -20.96309807500665200, 15.06379112121052600 ) ) ;
#2044 = CARTESIAN_POINT ( 'NONE',  ( -13.17742111853736400, -20.88654570388893800, 15.17590013662498400 ) ) ;
#2045 = CARTESIAN_POINT ( 'NONE',  ( 13.14727739192396800, -14.36888394427908000, 3.759051235393941100 ) ) ;
#2046 = CARTESIAN_POINT ( 'NONE',  ( 13.15947883630027500, -14.37749371962729400, 3.895110309018606100 ) ) ;
#2047 = CARTESIAN_POINT ( 'NONE',  ( -13.21089122268854300, -22.95835463362994500, 13.10409120688397900 ) ) ;
#2048 = B_SPLINE_CURVE_WITH_KNOTS ( 'NONE', 3,
 ( #2087, #2044, #2043, #2042, #2051, #2050, #2049, #2065, #2064, #2063 ),
 .UNSPECIFIED., .F., .F.,
 ( 4, 2, 2, 2, 4 ),
 ( 0.0000000000000000000, 0.0004024224398995635400, 0.0008048448797991270900, 0.001207267319698690600, 0.001609689759598254200 ),
 .UNSPECIFIED. ) ;
#2049 = CARTESIAN_POINT ( 'NONE',  ( -13.24869522160981500, -21.08569871475801000, 14.28718312684695300 ) ) ;
#2050 = CARTESIAN_POINT ( 'NONE',  ( -13.24361297068038500, -21.10815423146305000, 14.42188559496937500 ) ) ;
#2051 = CARTESIAN_POINT ( 'NONE',  ( -13.22860123845819700, -21.10016714246795600, 14.68783136311801800 ) ) ;
#2052 = CARTESIAN_POINT ( 'NONE',  ( -13.27369647703262600, -12.88874746641454300, 5.249756219983091800 ) ) ;
#2053 = CARTESIAN_POINT ( 'NONE',  ( -13.27498388995868900, -13.02431027765477000, 5.259043154772063700 ) ) ;
#2054 = CARTESIAN_POINT ( 'NONE',  ( -13.27601638259711500, -13.28752672405083100, 5.304022146175165100 ) ) ;
#2055 = CARTESIAN_POINT ( 'NONE',  ( -13.27579668443755500, -13.41567629975647300, 5.339362963466875600 ) ) ;
#2056 = CARTESIAN_POINT ( 'NONE',  ( -13.27492290782144500, -13.66489049311209300, 5.436368019081745800 ) ) ;
#2057 = B_SPLINE_CURVE_WITH_KNOTS ( 'NONE', 3,
 ( #1987, #1986, #1985, #1984, #2056, #2055, #2054, #2053, #2052, #2028, #2027, #2026, #2025, #2024 ),
 .UNSPECIFIED., .F., .F.,
 ( 4, 2, 2, 2, 2, 2, 4 ),
 ( 0.0000000000000000000, 0.0003986960199864246600, 0.0007973920399728493200, 0.001196088059959274000, 0.001594784079945698600, 0.002392176119918547900, 0.003189568159891397300 ),
 .UNSPECIFIED. ) ;
#2058 = CYLINDRICAL_SURFACE ( 'NONE', #1991, 10.27579727645737500 ) ;
#2059 = LINE ( 'NONE', #2017, #2016 ) ;
#2060 = LINE ( 'NONE', #2062, #2034 ) ;
#2061 = FACE_OUTER_BOUND ( 'NONE', #3946, .T. ) ;
#2062 = CARTESIAN_POINT ( 'NONE',  ( -24.50000000000000000, 0.0000000000000000000, -8.000000000000000000 ) ) ;
#2063 = CARTESIAN_POINT ( 'NONE',  ( -13.25661386894665800, -20.81964510162417200, 13.82858717651665100 ) ) ;
#2064 = CARTESIAN_POINT ( 'NONE',  ( -13.25661386894666200, -20.91516801662728000, 13.92411009151976300 ) ) ;
#2065 = CARTESIAN_POINT ( 'NONE',  ( -13.25516620086335900, -20.98872786904306100, 14.03780027726155800 ) ) ;
#2066 = DIRECTION ( 'NONE',  ( 0.0000000000000000000, 0.0000000000000000000, -1.000000000000000000 ) ) ;
#2067 = FACE_OUTER_BOUND ( 'NONE', #3761, .T. ) ;
#2068 = AXIS2_PLACEMENT_3D ( 'NONE', #1970, #2066, #2070 ) ;
#2069 = FACE_BOUND ( 'NONE', #3737, .T. ) ;
#2070 = DIRECTION ( 'NONE',  ( -1.000000000000000000, 0.0000000000000000000, 0.0000000000000000000 ) ) ;
#2071 = CARTESIAN_POINT ( 'NONE',  ( 10.27276460330732800, -14.19162380359746900, 5.838588190989226800 ) ) ;
#2072 = FACE_OUTER_BOUND ( 'NONE', #3796, .T. ) ;
#2073 = CARTESIAN_POINT ( 'NONE',  ( 9.809242725104772000, -17.43298265270792100, 5.103833353635894600 ) ) ;
#2074 = DIRECTION ( 'NONE',  ( 0.0000000000000000000, 0.7071067811865475700, 0.7071067811865475700 ) ) ;
#2075 = DIRECTION ( 'NONE',  ( 0.0000000000000000000, 0.7071067811865475700, -0.7071067811865475700 ) ) ;
#2076 = CARTESIAN_POINT ( 'NONE',  ( 13.06661533677474700, -16.58755306675737300, 5.264832446070123200 ) ) ;
#2077 = CARTESIAN_POINT ( 'NONE',  ( 9.548244929532392800, -17.40763904189755000, 4.036786515062023500 ) ) ;
#2078 = CARTESIAN_POINT ( 'NONE',  ( 8.585607479261996700, -15.88623815056366700, -0.09866684309647078000 ) ) ;
#2079 = DIRECTION ( 'NONE',  ( 1.421085471520200100E-014, 0.7071067811865465700, 0.7071067811865483500 ) ) ;
#2080 = CARTESIAN_POINT ( 'NONE',  ( 10.27276460330732800, -14.19162380359746900, 5.838588190989226800 ) ) ;
#2081 = CARTESIAN_POINT ( 'NONE',  ( 10.27276460330733000, -14.05349056530434000, 5.700454952696103900 ) ) ;
#2082 = CARTESIAN_POINT ( 'NONE',  ( 10.27237356643248000, -13.92959985560716000, 5.551074677174725000 ) ) ;
#2083 = CARTESIAN_POINT ( 'NONE',  ( 10.27025183187904400, -13.71006572454903800, 5.230010199678110500 ) ) ;
#2084 = CARTESIAN_POINT ( 'NONE',  ( 10.26850415452568700, -13.61519208367714900, 5.058812364021069800 ) ) ;
#2085 = CARTESIAN_POINT ( 'NONE',  ( 10.25898270458208800, -13.38322346932569400, 4.528738902497966700 ) ) ;
#2086 = CARTESIAN_POINT ( 'NONE',  ( 10.24685254524630000, -13.29500781047278800, 4.141958457706292200 ) ) ;
#2087 = CARTESIAN_POINT ( 'NONE',  ( -13.15960883714399000, -20.79197141653488100, 15.27047442397903900 ) ) ;
#2088 = CARTESIAN_POINT ( 'NONE',  ( -1.178096333803688700, -36.41491952801189300, -8.673617379884035500E-016 ) ) ;
#2089 = CARTESIAN_POINT ( 'NONE',  ( -0.4908742005386179100, -34.33452377915811100, 5.121320343561687400 ) ) ;
#2090 = CARTESIAN_POINT ( 'NONE',  ( -0.2538110523311761800, -29.21320343563110800, 1.581639266659395100E-011 ) ) ;
#2091 = CARTESIAN_POINT ( 'NONE',  ( -0.5890490406462834900, -36.45584412271775700, -8.673617379884035500E-016 ) ) ;
#2092 = CARTESIAN_POINT ( 'NONE',  ( -14.90330868175819900, -14.05444425633344400, 3.277676750575119900 ) ) ;
#2093 = CARTESIAN_POINT ( 'NONE',  ( -14.59668243677014800, -14.07250351897074100, 8.645550638530058600E-014 ) ) ;
#2094 = CARTESIAN_POINT ( 'NONE',  ( -17.88397041810706500, -14.33212100690856300, -8.673617379884035500E-016 ) ) ;
#2095 = CARTESIAN_POINT ( 'NONE',  ( -14.52024973033870500, -17.05023526000370600, 3.550021387273712300 ) ) ;
#2096 = CARTESIAN_POINT ( 'NONE',  ( -13.86593585823561400, -16.97616895029084800, -9.257843479702678900E-014 ) ) ;
#2097 = CARTESIAN_POINT ( 'NONE',  ( -17.42429967640922000, -17.60025664727741600, -8.673617379884035500E-016 ) ) ;
#2098 = CARTESIAN_POINT ( 'NONE',  ( -14.23389156874345800, -18.51874894245804600, 3.683522631132808600 ) ) ;
#2099 = CARTESIAN_POINT ( 'NONE',  ( -13.38427601105954100, -18.36737781394552000, 3.040160390491255600E-012 ) ) ;
#2100 = CIRCLE ( 'NONE', #2150, 2.999999999999999100 ) ;
#2101 = CARTESIAN_POINT ( 'NONE',  ( -11.89488151073840600, -30.17809724469261200, -8.673617379884035500E-016 ) ) ;
#2102 = CARTESIAN_POINT ( 'NONE',  ( -9.149846878002721300, -29.55345779645384500, 4.686677981495605200 ) ) ;
#2103 = CARTESIAN_POINT ( 'NONE',  ( -6.765915302268753700, -27.42822680636513900, -6.237290608649038400E-012 ) ) ;
#2104 = CARTESIAN_POINT ( 'NONE',  ( -2.933895578139543000, -36.12923536504531800, -8.673617379884035500E-016 ) ) ;
#2105 = CARTESIAN_POINT ( 'NONE',  ( -1.958767265050475700, -34.14731377102577200, 5.104301251910563900 ) ) ;
#2106 = AXIS2_PLACEMENT_3D ( 'NONE', #2156, #2209, #2172 ) ;
#2107 = CIRCLE ( 'NONE', #2155, 15.00000000000000400 ) ;
#2108 = FACE_OUTER_BOUND ( 'NONE', #3817, .T. ) ;
#2109 = DIRECTION ( 'NONE',  ( 0.0000000000000000000, 0.0000000000000000000, 1.000000000000000000 ) ) ;
#2110 =( BOUNDED_SURFACE ( )  B_SPLINE_SURFACE ( 3, 2, ( 
 ( #2170, #2169, #2133 ),
 ( #2091, #2090, #2089 ),
 ( #2088, #2149, #2148 ),
 ( #2127, #2126, #2105 ),
 ( #2104, #2117, #2116 ),
 ( #2205, #2204, #2203 ),
 ( #2147, #2146, #2208 ),
 ( #2207, #2206, #2153 ),
 ( #2152, #2198, #2197 ),
 ( #2196, #2158, #2157 ),
 ( #2202, #2201, #2200 ),
 ( #2199, #2103, #2102 ),
 ( #2101, #2115, #2114 ),
 ( #2113, #2112, #2111 ),
 ( #2132, #2131, #2130 ),
 ( #2129, #2128, #2178 ),
 ( #2177, #2176, #2175 ),
 ( #2174, #2099, #2098 ),
 ( #2097, #2096, #2095 ),
 ( #2094, #2093, #2092 ),
 ( #2168, #2167, #2166 ),
 ( #2165, #2164, #2163 ),
 ( #2162, #2161, #2145 ),
 ( #2144, #2143, #2142 ),
 ( #2141, #2140, #2139 ),
 ( #2138, #2137, #2136 ),
 ( #2135, #2195, #2194 ),
 ( #2193, #2192, #2191 ),
 ( #2190, #2189, #2188 ),
 ( #2187, #2186, #2185 ),
 ( #2184, #2183, #2182 ),
 ( #2181, #2180, #2125 ),
 ( #2124, #2123, #2122 ),
 ( #2121, #2120, #2119 ),
 ( #2118, #2230, #2329 ),
 ( #2254, #2210, #2293 ),
 ( #2255, #2271, #2294 ),
 ( #2253, #2278, #2240 ) ),
 .UNSPECIFIED., .F., .F., .F. ) 
 B_SPLINE_SURFACE_WITH_KNOTS ( ( 4, 2, 2, 2, 2, 2, 2, 2, 2, 2, 2, 2, 2, 2, 2, 2, 2, 2, 4 ),
 ( 3, 3 ),
 ( 0.0000000000000000000, 0.09817477042468103500, 0.1963495408493620700, 0.2945243112740431000, 0.3926990816987241400, 0.5890486225480862100, 0.7853981633974482800, 0.9817477042468103500, 1.178097245096172400, 1.374446785945534500, 1.570796326794896600, 1.767145867644258600, 1.963495408493620700, 2.159844949342982500, 2.356194490192344800, 2.552544031041707100, 2.748893571891069000, 2.945243112740430800, 3.141592653589793100 ),
 ( 0.0000000000000000000, 1.000000000000000000 ),
 .UNSPECIFIED. ) 
 GEOMETRIC_REPRESENTATION_ITEM ( )  RATIONAL_B_SPLINE_SURFACE ( (
 ( 1.000000000000000000, 0.3826834323650877800, 1.000000000000000000),
 ( 1.000000000000000000, 0.3826824227050357700, 1.000000000000000000),
 ( 1.000000000000000000, 0.3834281899144295600, 1.000000000000000000),
 ( 1.000000000000000000, 0.3863745526590273700, 1.000000000000000000),
 ( 1.000000000000000000, 0.3885758023528142500, 1.000000000000000000),
 ( 1.000000000000000000, 0.3943419166176097000, 1.000000000000000000),
 ( 1.000000000000000000, 0.3979062036694683800, 1.000000000000000000),
 ( 1.000000000000000000, 0.4062592014715650200, 1.000000000000000000),
 ( 1.000000000000000000, 0.4110472958712805300, 1.000000000000000000),
 ( 1.000000000000000000, 0.4269984108109517500, 1.000000000000000000),
 ( 1.000000000000000000, 0.4397450863808209400, 1.000000000000000000),
 ( 1.000000000000000000, 0.4680678886204404100, 1.000000000000000000),
 ( 1.000000000000000000, 0.4836375382724446600, 1.000000000000000000),
 ( 1.000000000000000000, 0.5163624617275548400, 1.000000000000000000),
 ( 1.000000000000000000, 0.5335174740387180800, 1.000000000000000000),
 ( 1.000000000000000000, 0.5684376255968779400, 1.000000000000000000),
 ( 1.000000000000000000, 0.5862044770621952500, 1.000000000000000000),
 ( 1.000000000000000000, 0.6216050691220540400, 1.000000000000000000),
 ( 1.000000000000000000, 0.6392405822366791200, 1.000000000000000000),
 ( 1.000000000000000000, 0.6738095389380822600, 1.000000000000000000),
 ( 1.000000000000000000, 0.6907443194517822700, 1.000000000000000000),
 ( 1.000000000000000000, 0.7234692429213117600, 1.000000000000000000),
 ( 1.000000000000000000, 0.7392602910982426500, 1.000000000000000000),
 ( 1.000000000000000000, 0.7693481336704053300, 1.000000000000000000),
 ( 1.000000000000000000, 0.7836455144977674300, 1.000000000000000000),
 ( 1.000000000000000000, 0.8104674363768547000, 1.000000000000000000),
 ( 1.000000000000000000, 0.8229923500666532800, 1.000000000000000000),
 ( 1.000000000000000000, 0.8460477807831418000, 1.000000000000000000),
 ( 1.000000000000000000, 0.8565785320971184300, 1.000000000000000000),
 ( 1.000000000000000000, 0.8754722754717589900, 1.000000000000000000),
 ( 1.000000000000000000, 0.8838354130980135000, 1.000000000000000000),
 ( 1.000000000000000000, 0.8982632380488184700, 1.000000000000000000),
 ( 1.000000000000000000, 0.9043280135571438700, 1.000000000000000000),
 ( 1.000000000000000000, 0.9140676982933804200, 1.000000000000000000),
 ( 1.000000000000000000, 0.9177426574332473400, 1.000000000000000000),
 ( 1.000000000000000000, 0.9226485632918860500, 1.000000000000000000),
 ( 1.000000000000000000, 0.9238800956097699100, 1.000000000000000000),
 ( 1.000000000000000000, 0.9238795325112867400, 1.000000000000000000) ) ) 
 REPRESENTATION_ITEM ( '' )  SURFACE ( )  );
#2111 = CARTESIAN_POINT ( 'NONE',  ( -11.30080217664789900, -26.42007752569920600, 4.401825229610060400 ) ) ;
#2112 = CARTESIAN_POINT ( 'NONE',  ( -9.291924586899909900, -25.23948948524863000, 1.210964513855684500E-012 ) ) ;
#2113 = CARTESIAN_POINT ( 'NONE',  ( -13.56096261197730100, -27.82190275530738400, -8.673617379884035500E-016 ) ) ;
#2114 = CARTESIAN_POINT ( 'NONE',  ( -9.912401258948524000, -28.57992247430079400, 4.598174770389940500 ) ) ;
#2115 = CARTESIAN_POINT ( 'NONE',  ( -7.624057333372240600, -26.81196981311547100, -1.294696812439087600E-012 ) ) ;
#2116 = CARTESIAN_POINT ( 'NONE',  ( -2.444912981783098800, -34.03513241795899800, 5.094102947086842200 ) ) ;
#2117 = CARTESIAN_POINT ( 'NONE',  ( -1.308123346083518400, -29.19662322939391800, 2.622062626897535500E-013 ) ) ;
#2118 = CARTESIAN_POINT ( 'NONE',  ( -4.667086232591657300, 13.64168091730307900, -8.673617379884035500E-016 ) ) ;
#2119 = CARTESIAN_POINT ( 'NONE',  ( -4.833234875839536900, 11.14273875195082500, 0.9870237498223991500 ) ) ;
#2120 = CARTESIAN_POINT ( 'NONE',  ( -5.227811299221664300, 11.94755636208465800, 2.709843636759105600E-013 ) ) ;
#2121 = CARTESIAN_POINT ( 'NONE',  ( -5.799881851007887300, 13.15571500212815400, -8.673617379884035500E-016 ) ) ;
#2122 = CARTESIAN_POINT ( 'NONE',  ( -6.647268095113195100, 9.973839088969564100, 1.093287355548473200 ) ) ;
#2123 = CARTESIAN_POINT ( 'NONE',  ( -7.170382985704669000, 10.71123446371722200, -2.760829681454804800E-013 ) ) ;
#2124 = CARTESIAN_POINT ( 'NONE',  ( -7.976721714135392100, 11.88055173342136500, -8.673617379884035500E-016 ) ) ;
#2125 = CARTESIAN_POINT ( 'NONE',  ( -7.517260112585822700, 9.250437083384575500, 1.159051174237492700 ) ) ;
#2126 = CARTESIAN_POINT ( 'NONE',  ( -1.034950968869825700, -29.20419842767183000, -4.603550855161859300E-012 ) ) ;
#2127 = CARTESIAN_POINT ( 'NONE',  ( -2.350520718060492800, -36.25161502293787000, -8.673617379884035500E-016 ) ) ;
#2128 = CARTESIAN_POINT ( 'NONE',  ( -11.57072734722397400, -22.16220680949714300, -2.256986593657272100E-012 ) ) ;
#2129 = CARTESIAN_POINT ( 'NONE',  ( -15.62096878222530100, -23.75721344360320600, -8.673617379884035500E-016 ) ) ;
#2130 = CARTESIAN_POINT ( 'NONE',  ( -11.92661438388847700, -25.23382130347222900, 4.293983754860224900 ) ) ;
#2131 = CARTESIAN_POINT ( 'NONE',  ( -10.09878864851628500, -24.30863477560656000, 2.398890070310664800E-012 ) ) ;
#2132 = CARTESIAN_POINT ( 'NONE',  ( -14.31193726066633000, -26.52780505833245400, -8.673617379884035500E-016 ) ) ;
#2133 = CARTESIAN_POINT ( 'NONE',  ( 0.0000000000000000000, -34.33452377915606500, 5.121320343559643700 ) ) ;
#2134 = DIRECTION ( 'NONE',  ( -1.000000000000000000, 0.0000000000000000000, 0.0000000000000000000 ) ) ;
#2135 = CARTESIAN_POINT ( 'NONE',  ( -15.62096878222435100, 1.757213443602258400, -8.673617379884035500E-016 ) ) ;
#2136 = CARTESIAN_POINT ( 'NONE',  ( -13.48249440659595800, -0.6592776376368534300, 2.059934330694743300 ) ) ;
#2137 = CARTESIAN_POINT ( 'NONE',  ( -14.13543769063684500, -0.4617284164958638200, 2.529524789119113100E-013 ) ) ;
#2138 = CARTESIAN_POINT ( 'NONE',  ( -16.17899328791408200, 0.2807880316687517100, -8.673617379884035500E-016 ) ) ;
#2139 = CARTESIAN_POINT ( 'NONE',  ( -14.23389156874264000, -3.481251057538632000, 2.316477368866664700 ) ) ;
#2140 = CARTESIAN_POINT ( 'NONE',  ( -14.77220878269821800, -3.382164347290079300, -2.688885058378548600E-013 ) ) ;
#2141 = CARTESIAN_POINT ( 'NONE',  ( -17.08066988249223400, -2.797728426405644300, -8.673617379884035500E-016 ) ) ;
#2142 = CARTESIAN_POINT ( 'NONE',  ( -14.52024973033864600, -4.949764739996447300, 2.449978612726885400 ) ) ;
#2143 = CARTESIAN_POINT ( 'NONE',  ( -14.97725436281095700, -4.898477506019284900, -2.456898364071062400E-012 ) ) ;
#2144 = CARTESIAN_POINT ( 'NONE',  ( -17.42429967640636700, -4.399743352723332300, -8.673617379884035500E-016 ) ) ;
#2145 = CARTESIAN_POINT ( 'NONE',  ( -14.90330868175827200, -7.945555743666468600, 2.722323249424288600 ) ) ;
#2146 = CARTESIAN_POINT ( 'NONE',  ( -2.199287144811838100, -29.13118053895179200, -2.844091587478901300E-013 ) ) ;
#2147 = CARTESIAN_POINT ( 'NONE',  ( -4.661439804224043500, -35.60154292848255200, -8.673617379884035500E-016 ) ) ;
#2148 = CARTESIAN_POINT ( 'NONE',  ( -0.9817469448363422800, -34.29700956734485800, 5.117909960668582900 ) ) ;
#2149 = CARTESIAN_POINT ( 'NONE',  ( -0.5068098624469193900, -29.21249327713635700, 4.637184358454045500E-012 ) ) ;
#2150 = AXIS2_PLACEMENT_3D ( 'NONE', #2171, #2179, #2134 ) ;
#2151 = CIRCLE ( 'NONE', #2106, 5.000000000000000900 ) ;
#2152 = CARTESIAN_POINT ( 'NONE',  ( -6.344091816789668500, -34.83692418495105900, -8.673617379884035500E-016 ) ) ;
#2153 = CARTESIAN_POINT ( 'NONE',  ( -4.824007147447086500, -33.10807968764478200, 5.009825426149881800 ) ) ;
#2154 = CARTESIAN_POINT ( 'NONE',  ( 10.69727833597627700, -13.82358282046024400, 3.515356582581441900 ) ) ;
#2155 = AXIS2_PLACEMENT_3D ( 'NONE', #2160, #2159, #1968 ) ;
#2156 = CARTESIAN_POINT ( 'NONE',  ( -27.50000000000000000, 0.0000000000000000000, -7.500000000000000000 ) ) ;
#2157 = CARTESIAN_POINT ( 'NONE',  ( -6.647268095112496100, -31.97383908897087700, 4.906712644452425400 ) ) ;
#2158 = CARTESIAN_POINT ( 'NONE',  ( -4.293181838783400700, -28.67484892921070400, 9.066536593006935900E-012 ) ) ;
#2159 = DIRECTION ( 'NONE',  ( -0.0000000000000000000, 0.7071067811865475700, -0.7071067811865475700 ) ) ;
#2160 = CARTESIAN_POINT ( 'NONE',  ( 0.0000000000000000000, -31.93071785686862900, 23.93071785686862500 ) ) ;
#2161 = CARTESIAN_POINT ( 'NONE',  ( -15.16339971560083700, -7.957513741667757900, 2.554570799213715700E-012 ) ) ;
#2162 = CARTESIAN_POINT ( 'NONE',  ( -17.88397041810993600, -7.667878993090755400, -8.673617379884035500E-016 ) ) ;
#2163 = CARTESIAN_POINT ( 'NONE',  ( -15.00000000000000000, -9.472758990402049100, 2.861159908218368300 ) ) ;
#2164 = CARTESIAN_POINT ( 'NONE',  ( -15.13569999189313200, -9.507300089280036600, 1.603396795837713700E-013 ) ) ;
#2165 = CARTESIAN_POINT ( 'NONE',  ( -18.00000000000000000, -9.333918898618971800, -8.673617379884035500E-016 ) ) ;
#2166 = CARTESIAN_POINT ( 'NONE',  ( -15.00000000000000000, -12.52724100959795300, 3.138840091781632600 ) ) ;
#2167 = CARTESIAN_POINT ( 'NONE',  ( -14.85787104195475400, -12.56341853838824300, -1.768150628620202300E-013 ) ) ;
#2168 = CARTESIAN_POINT ( 'NONE',  ( -18.00000000000000000, -12.66608110138103000, -8.673617379884035500E-016 ) ) ;
#2169 = CARTESIAN_POINT ( 'NONE',  ( 0.0000000000000000000, -29.21320343559637000, -1.908195823574487800E-014 ) ) ;
#2170 = CARTESIAN_POINT ( 'NONE',  ( 0.0000000000000000000, -36.45584412271570300, -8.673617379884035500E-016 ) ) ;
#2171 = CARTESIAN_POINT ( 'NONE',  ( -27.50000000000000000, 0.0000000000000000000, -1.207106781186547200 ) ) ;
#2172 = DIRECTION ( 'NONE',  ( -1.000000000000000000, 0.0000000000000000000, 0.0000000000000000000 ) ) ;
#2173 = CARTESIAN_POINT ( 'NONE',  ( 10.67724885574217500, -13.84219367117832500, 3.348592190894529100 ) ) ;
#2174 = CARTESIAN_POINT ( 'NONE',  ( -17.08066988249224100, -19.20227157359294200, -8.673617379884035500E-016 ) ) ;
#2175 = CARTESIAN_POINT ( 'NONE',  ( -13.48249440659515100, -21.34072236236643100, 3.940065669305781200 ) ) ;
#2176 = CARTESIAN_POINT ( 'NONE',  ( -12.24215541433484800, -20.96592748699140400, -3.225541242770091600E-012 ) ) ;
#2177 = CARTESIAN_POINT ( 'NONE',  ( -16.17899328791408900, -22.28078803167012400, -8.673617379884035500E-016 ) ) ;
#2178 = CARTESIAN_POINT ( 'NONE',  ( -13.01747398518787900, -22.69411232330213200, 4.063101120301079800 ) ) ;
#2179 = DIRECTION ( 'NONE',  ( 0.0000000000000000000, 0.0000000000000000000, 1.000000000000000000 ) ) ;
#2180 = CARTESIAN_POINT ( 'NONE',  ( -8.097816609015039200, 9.942850167888803300, -4.359186252881156200E-013 ) ) ;
#2181 = CARTESIAN_POINT ( 'NONE',  ( -9.020712135103410700, 11.09138590914722900, -8.673617379884035500E-016 ) ) ;
#2182 = CARTESIAN_POINT ( 'NONE',  ( -9.149846878002261300, 7.553457796454232200, 1.313322018504431900 ) ) ;
#2183 = CARTESIAN_POINT ( 'NONE',  ( -9.817419556205786400, 8.152663743071487400, 4.408485051330786100E-013 ) ) ;
#2184 = CARTESIAN_POINT ( 'NONE',  ( -10.97981625360229100, 9.240135777949653600, -8.673617379884035500E-016 ) ) ;
#2185 = CARTESIAN_POINT ( 'NONE',  ( -9.912401258948884600, 6.579922474301604900, 1.401825229608733500 ) ) ;
#2186 = CARTESIAN_POINT ( 'NONE',  ( -10.61173866634027100, 7.122222465270847500, -9.300063804215276500E-013 ) ) ;
#2187 = CARTESIAN_POINT ( 'NONE',  ( -11.89488151073918100, 8.178097244692246200, -8.673617379884035500E-016 ) ) ;
#2188 = CARTESIAN_POINT ( 'NONE',  ( -11.30080217664752200, 4.420077525698418200, 1.598174770391262800 ) ) ;
#2189 = CARTESIAN_POINT ( 'NONE',  ( -12.03116183650093700, 4.853024423982669900, 9.474504918261063800E-013 ) ) ;
#2190 = CARTESIAN_POINT ( 'NONE',  ( -13.56096261197650500, 5.821902755307780500, -8.673617379884035500E-016 ) ) ;
#2191 = CARTESIAN_POINT ( 'NONE',  ( -11.92661438388886500, 3.233821303472126800, 1.706016245139068400 ) ) ;
#2192 = CARTESIAN_POINT ( 'NONE',  ( -12.65603931686511200, 3.604096670167692600, 1.633088575868217700E-013 ) ) ;
#2193 = CARTESIAN_POINT ( 'NONE',  ( -14.31193726066729300, 4.527805058333390400, -8.673617379884035500E-016 ) ) ;
#2194 = CARTESIAN_POINT ( 'NONE',  ( -13.01747398518750600, 0.6941123233022172800, 1.936898879699626500 ) ) ;
#2195 = CARTESIAN_POINT ( 'NONE',  ( -13.70968119642184000, 0.9520091858408963300, -1.689832050081796200E-013 ) ) ;
#2196 = CARTESIAN_POINT ( 'NONE',  ( -7.976721714135510200, -33.88055173342220900, -8.673617379884035500E-016 ) ) ;
#2197 = CARTESIAN_POINT ( 'NONE',  ( -5.286743180658270100, -32.85051383620488300, 4.986410348745637000 ) ) ;
#2198 = CARTESIAN_POINT ( 'NONE',  ( -3.205185425550161500, -28.96464838295898000, -4.711822199824806600E-012 ) ) ;
#2199 = CARTESIAN_POINT ( 'NONE',  ( -10.97981625360238100, -31.24013577794944800, -1.301042606982605300E-015 ) ) ;
#2200 = CARTESIAN_POINT ( 'NONE',  ( -7.517260112585351100, -31.25043708338499100, 4.840948825762471800 ) ) ;
#2201 = CARTESIAN_POINT ( 'NONE',  ( -5.092806501016263500, -28.37182559668487900, 6.633646013401794700E-012 ) ) ;
#2202 = CARTESIAN_POINT ( 'NONE',  ( -9.020712135103304200, -33.09138590914746900, -1.301042606982605300E-015 ) ) ;
#2203 = CARTESIAN_POINT ( 'NONE',  ( -3.407796678700747900, -33.73718247767186500, 5.067016588879602600 ) ) ;
#2204 = CARTESIAN_POINT ( 'NONE',  ( -1.891523168098385500, -29.15995231261435100, -2.583722516249845800E-013 ) ) ;
#2205 = CARTESIAN_POINT ( 'NONE',  ( -4.089356014441072800, -35.80419906655198800, -8.673617379884035500E-016 ) ) ;
#2206 = CARTESIAN_POINT ( 'NONE',  ( -2.857525748154026600, -29.03302598000143700, 2.476574729137385000E-013 ) ) ;
#2207 = CARTESIAN_POINT ( 'NONE',  ( -5.788808576936603800, -35.11790511379413000, -8.673617379884035500E-016 ) ) ;
#2208 = CARTESIAN_POINT ( 'NONE',  ( -3.884533170186784500, -33.55141435110884600, 5.050128577373177700 ) ) ;
#2209 = DIRECTION ( 'NONE',  ( -0.0000000000000000000, -0.0000000000000000000, 1.000000000000000000 ) ) ;
#2210 = CARTESIAN_POINT ( 'NONE',  ( -2.128892052510380100, 13.05292852207656100, -1.302252665009481300E-013 ) ) ;
#2211 = DIRECTION ( 'NONE',  ( 0.0000000000000000000, 0.7071067811865475700, 0.7071067811865474600 ) ) ;
#2212 = DIRECTION ( 'NONE',  ( -0.0000000000000000000, 0.7071067811865475700, -0.7071067811865475700 ) ) ;
#2213 = CARTESIAN_POINT ( 'NONE',  ( 0.0000000000000000000, -22.03122292025696500, 14.03122292025695600 ) ) ;
#2214 = CIRCLE ( 'NONE', #2223, 13.27579727645737500 ) ;
#2215 = FACE_BOUND ( 'NONE', #3722, .T. ) ;
#2216 = PLANE ( 'NONE',  #2222 ) ;
#2217 = FACE_BOUND ( 'NONE', #3715, .T. ) ;
#2218 = FACE_OUTER_BOUND ( 'NONE', #3735, .T. ) ;
#2219 = DIRECTION ( 'NONE',  ( 0.0000000000000000000, 0.7071067811865475700, 0.7071067811865474600 ) ) ;
#2220 = DIRECTION ( 'NONE',  ( -0.0000000000000000000, 0.7071067811865475700, -0.7071067811865475700 ) ) ;
#2221 = CARTESIAN_POINT ( 'NONE',  ( 0.0000000000000000000, -22.03122292025696500, 14.03122292025695600 ) ) ;
#2222 = AXIS2_PLACEMENT_3D ( 'NONE', #2306, #2305, #2304 ) ;
#2223 = AXIS2_PLACEMENT_3D ( 'NONE', #2213, #2212, #2211 ) ;
#2224 = CARTESIAN_POINT ( 'NONE',  ( -13.25661386894665800, -14.76393696572567300, 7.772879040618153800 ) ) ;
#2225 = CARTESIAN_POINT ( 'NONE',  ( -13.25661386894665700, -14.59423564281176800, 7.603177717704248600 ) ) ;
#2226 = CARTESIAN_POINT ( 'NONE',  ( -13.25408555718242500, -14.38944697722155500, 7.471284046185156800 ) ) ;
#2227 = CARTESIAN_POINT ( 'NONE',  ( -13.24477126261808000, -14.05883060287844800, 7.343448534305555800 ) ) ;
#2228 = CARTESIAN_POINT ( 'NONE',  ( -13.24065153466016500, -13.94300198297941900, 7.311763175009072100 ) ) ;
#2229 = CARTESIAN_POINT ( 'NONE',  ( -13.22981270483136700, -13.70813111622805300, 7.272523942716583500 ) ) ;
#2230 = CARTESIAN_POINT ( 'NONE',  ( -4.208714937600087900, 12.42174004967322700, 1.300517215918891000E-013 ) ) ;
#2231 = AXIS2_PLACEMENT_3D ( 'NONE', #2235, #2234, #2252 ) ;
#2232 = CYLINDRICAL_SURFACE ( 'NONE', #2238, 35.50000000000000000 ) ;
#2233 = FACE_OUTER_BOUND ( 'NONE', #3763, .T. ) ;
#2234 = DIRECTION ( 'NONE',  ( -0.0000000000000000000, -0.0000000000000000000, 1.000000000000000000 ) ) ;
#2235 = CARTESIAN_POINT ( 'NONE',  ( 0.0000000000000000000, 0.0000000000000000000, -2.500000000000000400 ) ) ;
#2236 = CIRCLE ( 'NONE', #2231, 35.50000000000000000 ) ;
#2237 = CARTESIAN_POINT ( 'NONE',  ( 0.0000000000000000000, 0.0000000000000000000, -8.000000000000000000 ) ) ;
#2238 = AXIS2_PLACEMENT_3D ( 'NONE', #2237, #2310, #2249 ) ;
#2239 = FACE_BOUND ( 'NONE', #3631, .T. ) ;
#2240 = CARTESIAN_POINT ( 'NONE',  ( -1.836970198721029600E-015, 12.33452377915606700, 0.8786796564403562800 ) ) ;
#2241 = DIRECTION ( 'NONE',  ( 1.000000000000000000, 0.0000000000000000000, 0.0000000000000000000 ) ) ;
#2242 = DIRECTION ( 'NONE',  ( 0.0000000000000000000, 0.0000000000000000000, 1.000000000000000000 ) ) ;
#2243 = CARTESIAN_POINT ( 'NONE',  ( 10.59655702858258900, -13.95947592210759300, 2.873840851791124700 ) ) ;
#2244 = CARTESIAN_POINT ( 'NONE',  ( 10.62688734187539700, -13.91030126182065300, 3.028423425863545800 ) ) ;
#2245 = DIRECTION ( 'NONE',  ( 1.000000000000000000, 0.0000000000000000000, 0.0000000000000000000 ) ) ;
#2246 = CARTESIAN_POINT ( 'NONE',  ( -27.50000000000000000, 0.0000000000000000000, -8.000000000000000000 ) ) ;
#2247 = DIRECTION ( 'NONE',  ( -1.000000000000000000, 0.0000000000000000000, -0.0000000000000000000 ) ) ;
#2248 = DIRECTION ( 'NONE',  ( 0.0000000000000000000, 0.0000000000000000000, -1.000000000000000000 ) ) ;
#2249 = DIRECTION ( 'NONE',  ( 1.000000000000000000, 0.0000000000000000000, 0.0000000000000000000 ) ) ;
#2250 = CARTESIAN_POINT ( 'NONE',  ( 0.0000000000000000000, 22.87005768508880300, -30.87005768508881000 ) ) ;
#2251 = FACE_OUTER_BOUND ( 'NONE', #3678, .T. ) ;
#2252 = DIRECTION ( 'NONE',  ( -1.000000000000000000, 0.0000000000000000000, 0.0000000000000000000 ) ) ;
#2253 = CARTESIAN_POINT ( 'NONE',  ( -2.204364238465235400E-015, 14.45584412271570900, -8.673617379884035500E-016 ) ) ;
#2254 = CARTESIAN_POINT ( 'NONE',  ( -2.356165359988984200, 14.29175351429422100, -8.673617379884035500E-016 ) ) ;
#2255 = CARTESIAN_POINT ( 'NONE',  ( -1.178110608762213500, 14.45584412271162100, -8.673617379884035500E-016 ) ) ;
#2256 = CARTESIAN_POINT ( 'NONE',  ( -13.22316878204316700, -13.59030831249504300, 7.264890364987576500 ) ) ;
#2257 = CARTESIAN_POINT ( 'NONE',  ( -13.20658144619252100, -13.35397966458848600, 7.272578981147026100 ) ) ;
#2258 = CARTESIAN_POINT ( 'NONE',  ( -13.19651257742611600, -13.23454381732969100, 7.288315611912371300 ) ) ;
#2259 = CARTESIAN_POINT ( 'NONE',  ( -13.17296468927965900, -13.00473960099874800, 7.341375984036838000 ) ) ;
#2260 = CARTESIAN_POINT ( 'NONE',  ( -13.15944024207507800, -12.89329471082581900, 7.378566799432201500 ) ) ;
#2261 = CARTESIAN_POINT ( 'NONE',  ( -13.12815971511133400, -12.67730369593946400, 7.473936906239278400 ) ) ;
#2262 = CARTESIAN_POINT ( 'NONE',  ( -13.11045901831527500, -12.57357753411798200, 7.532023855815869400 ) ) ;
#2263 = CARTESIAN_POINT ( 'NONE',  ( -13.07176918999884300, -12.38117909427335000, 7.664222875128310800 ) ) ;
#2264 = CARTESIAN_POINT ( 'NONE',  ( -13.05063509915194300, -12.29143584332669000, 7.738776151259654200 ) ) ;
#2265 = CARTESIAN_POINT ( 'NONE',  ( -13.02756981767196400, -12.20828309904400300, 7.821928895542469300 ) ) ;
#2266 = DIRECTION ( 'NONE',  ( -0.0000000000000000000, -0.7071067811865474600, 0.7071067811865474600 ) ) ;
#2267 = VECTOR ( 'NONE', #2266, 1000.000000000000100 ) ;
#2268 = CARTESIAN_POINT ( 'NONE',  ( -13.25661386894666200, 23.37452872253504700, -30.36558664764256900 ) ) ;
#2269 = CARTESIAN_POINT ( 'NONE',  ( -13.25661386894665800, -20.81964510162417200, 13.82858717651665100 ) ) ;
#2270 = CARTESIAN_POINT ( 'NONE',  ( -12.46462738535506000, -10.78401814102488000, 9.246193853561594600 ) ) ;
#2271 = CARTESIAN_POINT ( 'NONE',  ( -1.063091155478502700, 13.21320343559131600, 5.098401900176798800E-013 ) ) ;
#2272 = AXIS2_PLACEMENT_3D ( 'NONE', #2221, #2220, #2219 ) ;
#2273 = B_SPLINE_CURVE_WITH_KNOTS ( 'NONE', 3,
 ( #2302, #2301, #2300, #2299, #2298, #2297, #2296, #2295, #2291, #2290, #2289, #2288, #2287, #2286, #2285, #2284, #2283, #2270 ),
 .UNSPECIFIED., .F., .F.,
 ( 4, 2, 2, 2, 2, 2, 2, 2, 4 ),
 ( 0.0000000000000000000, 0.0004148228417311487200, 0.0008296456834622974500, 0.001244468525193446100, 0.001451879946059022900, 0.001659291366924599700, 0.002074114208655753000, 0.002488937050386906500, 0.003318582733849218400 ),
 .UNSPECIFIED. ) ;
#2274 = CIRCLE ( 'NONE', #2272, 13.27579727645737500 ) ;
#2275 = CARTESIAN_POINT ( 'NONE',  ( 0.0000000000000000000, 0.0000000000000000000, -8.000000000000000000 ) ) ;
#2276 = DIRECTION ( 'NONE',  ( 0.0000000000000000000, -0.7071067811865475700, -0.7071067811865474600 ) ) ;
#2277 = DIRECTION ( 'NONE',  ( -0.0000000000000000000, -0.7071067811865475700, 0.7071067811865475700 ) ) ;
#2278 = CARTESIAN_POINT ( 'NONE',  ( -1.989149792718120100E-015, 13.21320343559642300, -1.084202172485504400E-015 ) ) ;
#2279 = DIRECTION ( 'NONE',  ( -1.000000000000000000, 0.0000000000000000000, 0.0000000000000000000 ) ) ;
#2280 = DIRECTION ( 'NONE',  ( -0.0000000000000000000, -0.0000000000000000000, 1.000000000000000000 ) ) ;
#2281 = CARTESIAN_POINT ( 'NONE',  ( 27.50000000000000000, -1.224646799147353100E-015, -8.000000000000000000 ) ) ;
#2282 = AXIS2_PLACEMENT_3D ( 'NONE', #2281, #2280, #2279 ) ;
#2283 = CARTESIAN_POINT ( 'NONE',  ( -12.36809083144459200, -10.59781271624421200, 9.432399278342259700 ) ) ;
#2284 = CARTESIAN_POINT ( 'NONE',  ( -12.26362171528864500, -10.34930317326463500, 9.546012489402171400 ) ) ;
#2285 = CARTESIAN_POINT ( 'NONE',  ( -12.13562675366296200, -9.949966615190046300, 9.563748961241433500 ) ) ;
#2286 = CARTESIAN_POINT ( 'NONE',  ( -12.09876292531250600, -9.814233667736651500, 9.543474952637639700 ) ) ;
#2287 = CARTESIAN_POINT ( 'NONE',  ( -12.04710371467392700, -9.558219406702287200, 9.447191688427588800 ) ) ;
#2288 = CARTESIAN_POINT ( 'NONE',  ( -12.03274203461897500, -9.438100698229144200, 9.370302484342509800 ) ) ;
#2289 = CARTESIAN_POINT ( 'NONE',  ( -12.03297392330588000, -9.291702087829650100, 9.223200296883156600 ) ) ;
#2290 = CARTESIAN_POINT ( 'NONE',  ( -12.03663895266977400, -9.247488883299508800, 9.167891596760544100 ) ) ;
#2291 = CARTESIAN_POINT ( 'NONE',  ( -12.05055556712620800, -9.173314448378480500, 9.051280857577156200 ) ) ;
#2292 = LINE ( 'NONE', #2268, #2267 ) ;
#2293 = CARTESIAN_POINT ( 'NONE',  ( -1.963471133324154800, 12.18410738810317500, 0.8923538738089553700 ) ) ;
#2294 = CARTESIAN_POINT ( 'NONE',  ( -0.9817588406351761600, 12.33452377915338400, 0.8786796564430386900 ) ) ;
#2295 = CARTESIAN_POINT ( 'NONE',  ( -12.06067596236508300, -9.143071695972183800, 8.990092103174092100 ) ) ;
#2296 = CARTESIAN_POINT ( 'NONE',  ( -12.09964692942800500, -9.071792000317845600, 8.798271331183613600 ) ) ;
#2297 = CARTESIAN_POINT ( 'NONE',  ( -12.13635796827190400, -9.052102072066352500, 8.663547482455529200 ) ) ;
#2298 = CARTESIAN_POINT ( 'NONE',  ( -12.22150737164625400, -9.064402589255319500, 8.398295541364785100 ) ) ;
#2299 = CARTESIAN_POINT ( 'NONE',  ( -12.26884140293831700, -9.095725555861978500, 8.270640628646715300 ) ) ;
#2300 = CARTESIAN_POINT ( 'NONE',  ( -12.36717161188385800, -9.202973652761938800, 8.031917764922216200 ) ) ;
#2301 = CARTESIAN_POINT ( 'NONE',  ( -12.41639888857706200, -9.276778596624206200, 7.925006273216078000 ) ) ;
#2302 = CARTESIAN_POINT ( 'NONE',  ( -12.46462738535506000, -9.369804578651784500, 7.831980291188500600 ) ) ;
#2303 = B_SPLINE_CURVE_WITH_KNOTS ( 'NONE', 3,
 ( #2265, #2264, #2263, #2262, #2261, #2260, #2259, #2258, #2257, #2256, #2229, #2228, #2227, #2226, #2225, #2224 ),
 .UNSPECIFIED., .F., .F.,
 ( 4, 2, 2, 2, 2, 2, 2, 4 ),
 ( 0.0000000000000000000, 0.0003548517397301214400, 0.0007097034794602428900, 0.001064555219190364200, 0.001419406958920485800, 0.001774258698650607100, 0.002129110438380728400, 0.002838813917840966400 ),
 .UNSPECIFIED. ) ;
#2304 = DIRECTION ( 'NONE',  ( -1.000000000000000000, 0.0000000000000000000, -0.0000000000000000000 ) ) ;
#2305 = DIRECTION ( 'NONE',  ( 0.0000000000000000000, 0.0000000000000000000, -1.000000000000000000 ) ) ;
#2306 = CARTESIAN_POINT ( 'NONE',  ( -13.75000000000000000, 0.0000000000000000000, -2.000000000000000000 ) ) ;
#2307 = FACE_OUTER_BOUND ( 'NONE', #3720, .T. ) ;
#2308 = AXIS2_PLACEMENT_3D ( 'NONE', #2275, #2321, #2372 ) ;
#2309 = CIRCLE ( 'NONE', #2282, 3.499999999999999600 ) ;
#2310 = DIRECTION ( 'NONE',  ( 0.0000000000000000000, 0.0000000000000000000, 1.000000000000000000 ) ) ;
#2311 = CARTESIAN_POINT ( 'NONE',  ( 11.15904633611286900, -18.49492140580836600, 0.3241320363020063200 ) ) ;
#2312 = CARTESIAN_POINT ( 'NONE',  ( 11.15910575720935500, -18.34212923407066900, 0.1714702557790160300 ) ) ;
#2313 = CARTESIAN_POINT ( 'NONE',  ( 11.16455112062958800, -18.28420066442805200, 0.1254655260829082000 ) ) ;
#2314 = CARTESIAN_POINT ( 'NONE',  ( 11.18498710930710700, -18.16337842158145200, 0.04970303670682311300 ) ) ;
#2315 = CARTESIAN_POINT ( 'NONE',  ( 11.19989855299730400, -18.09976432459702900, 0.01905676237678073000 ) ) ;
#2316 = CARTESIAN_POINT ( 'NONE',  ( 11.25698665780938300, -17.90135539380607100, -0.05174580218860994800 ) ) ;
#2317 = CARTESIAN_POINT ( 'NONE',  ( 11.30942979624634300, -17.76576952883631200, -0.06855029461251741000 ) ) ;
#2318 = CARTESIAN_POINT ( 'NONE',  ( 11.42867189266333500, -17.50249872726571000, -0.05214247803455900100 ) ) ;
#2319 = CARTESIAN_POINT ( 'NONE',  ( 11.49354999291800200, -17.37855877937236900, -0.01975077456707667900 ) ) ;
#2320 = CARTESIAN_POINT ( 'NONE',  ( 11.62909060482282800, -17.14593074919943300, 0.08722726797634999800 ) ) ;
#2321 = DIRECTION ( 'NONE',  ( 0.0000000000000000000, 0.0000000000000000000, -1.000000000000000000 ) ) ;
#2322 = CIRCLE ( 'NONE', #2308, 37.50000000000000000 ) ;
#2323 = AXIS2_PLACEMENT_3D ( 'NONE', #2353, #2352, #2351 ) ;
#2324 = AXIS2_PLACEMENT_3D ( 'NONE', #2369, #2368, #2367 ) ;
#2325 = CARTESIAN_POINT ( 'NONE',  ( 0.0000000000000000000, 0.0000000000000000000, 0.0000000000000000000 ) ) ;
#2326 = CARTESIAN_POINT ( 'NONE',  ( 11.69675587359603600, -17.04238725195057900, 0.1593976178897075800 ) ) ;
#2327 = CARTESIAN_POINT ( 'NONE',  ( 11.76400699008122400, -16.95146325165863000, 0.2503216181816533300 ) ) ;
#2328 = B_SPLINE_CURVE_WITH_KNOTS ( 'NONE', 3,
 ( #2327, #2326, #2320, #2319, #2318, #2317, #2316, #2315, #2314, #2313, #2312, #2311, #2378, #2377, #2376, #2375, #2374, #2373 ),
 .UNSPECIFIED., .F., .F.,
 ( 4, 2, 2, 2, 2, 2, 2, 2, 4 ),
 ( 0.0000000000000000000, 0.0004296152818424505300, 0.0008592305636849010500, 0.001288845845527351300, 0.001503653486448577400, 0.001718461127369803600, 0.002148076409212247900, 0.002577691691054692200, 0.003436922254739583400 ),
 .UNSPECIFIED. ) ;
#2329 = CARTESIAN_POINT ( 'NONE',  ( -3.889238527159713000, 11.58820750752768100, 0.9465265902246020600 ) ) ;
#2330 = CYLINDRICAL_SURFACE ( 'NONE', #2365, 15.00000000000000000 ) ;
#2331 = AXIS2_PLACEMENT_3D ( 'NONE', #2246, #2242, #2241 ) ;
#2332 = DIRECTION ( 'NONE',  ( -0.0000000000000000000, -0.7071067811865475700, 0.7071067811865474600 ) ) ;
#2333 = CYLINDRICAL_SURFACE ( 'NONE', #2331, 2.999999999999999100 ) ;
#2334 = PLANE ( 'NONE',  #2340 ) ;
#2335 = DIRECTION ( 'NONE',  ( -1.000000000000000000, 0.0000000000000000000, 0.0000000000000000000 ) ) ;
#2336 = DIRECTION ( 'NONE',  ( -0.0000000000000000000, -0.0000000000000000000, 1.000000000000000000 ) ) ;
#2337 = CIRCLE ( 'NONE', #2354, 36.50000000000000000 ) ;
#2338 = CARTESIAN_POINT ( 'NONE',  ( 37.50000000000000000, 4.592425496802574400E-015, -8.000000000000000000 ) ) ;
#2339 = DIRECTION ( 'NONE',  ( 0.0000000000000000000, -0.7071067811865474600, -0.7071067811865475700 ) ) ;
#2340 = AXIS2_PLACEMENT_3D ( 'NONE', #2344, #2248, #2247 ) ;
#2341 = DIRECTION ( 'NONE',  ( -1.000000000000000000, 0.0000000000000000000, 0.0000000000000000000 ) ) ;
#2342 = DIRECTION ( 'NONE',  ( 0.0000000000000000000, 0.0000000000000000000, -1.000000000000000000 ) ) ;
#2343 = CIRCLE ( 'NONE', #2348, 4.207106781186544400 ) ;
#2344 = CARTESIAN_POINT ( 'NONE',  ( -13.75000000000000000, 0.0000000000000000000, -8.000000000000000000 ) ) ;
#2345 = DIRECTION ( 'NONE',  ( -1.000000000000000000, 0.0000000000000000000, 0.0000000000000000000 ) ) ;
#2346 = DIRECTION ( 'NONE',  ( 0.0000000000000000000, 0.0000000000000000000, -1.000000000000000000 ) ) ;
#2347 = CARTESIAN_POINT ( 'NONE',  ( 27.50000000000000000, -1.224646799147353100E-015, 0.0000000000000000000 ) ) ;
#2348 = AXIS2_PLACEMENT_3D ( 'NONE', #2364, #2342, #2341 ) ;
#2349 = CARTESIAN_POINT ( 'NONE',  ( 0.0000000000000000000, 7.313708498984765600, -15.31370849898476100 ) ) ;
#2350 = FACE_OUTER_BOUND ( 'NONE', #3717, .T. ) ;
#2351 = DIRECTION ( 'NONE',  ( -1.000000000000000000, 0.0000000000000000000, 0.0000000000000000000 ) ) ;
#2352 = DIRECTION ( 'NONE',  ( -0.0000000000000000000, -0.0000000000000000000, 1.000000000000000000 ) ) ;
#2353 = CARTESIAN_POINT ( 'NONE',  ( 0.0000000000000000000, 0.0000000000000000000, -8.000000000000000000 ) ) ;
#2354 = AXIS2_PLACEMENT_3D ( 'NONE', #2325, #2336, #2335 ) ;
#2355 = CIRCLE ( 'NONE', #2371, 4.207106781186547900 ) ;
#2356 = CYLINDRICAL_SURFACE ( 'NONE', #2357, 13.27579727645737500 ) ;
#2357 = AXIS2_PLACEMENT_3D ( 'NONE', #2250, #2277, #2276 ) ;
#2358 = CIRCLE ( 'NONE', #2323, 36.00000000000000000 ) ;
#2359 = DIRECTION ( 'NONE',  ( -1.000000000000000000, 0.0000000000000000000, 0.0000000000000000000 ) ) ;
#2360 = DIRECTION ( 'NONE',  ( -0.0000000000000000000, -0.0000000000000000000, 1.000000000000000000 ) ) ;
#2361 = CARTESIAN_POINT ( 'NONE',  ( -27.50000000000000000, 0.0000000000000000000, -8.000000000000000000 ) ) ;
#2362 = AXIS2_PLACEMENT_3D ( 'NONE', #2361, #2360, #2359 ) ;
#2363 = CIRCLE ( 'NONE', #2362, 3.499999999999999600 ) ;
#2364 = CARTESIAN_POINT ( 'NONE',  ( -27.50000000000000000, 0.0000000000000000000, 0.0000000000000000000 ) ) ;
#2365 = AXIS2_PLACEMENT_3D ( 'NONE', #2349, #2332, #2339 ) ;
#2366 = FACE_BOUND ( 'NONE', #3723, .T. ) ;
#2367 = DIRECTION ( 'NONE',  ( -1.000000000000000000, 0.0000000000000000000, 0.0000000000000000000 ) ) ;
#2368 = DIRECTION ( 'NONE',  ( -0.0000000000000000000, -0.0000000000000000000, 1.000000000000000000 ) ) ;
#2369 = CARTESIAN_POINT ( 'NONE',  ( 27.50000000000000000, -1.224646799147353100E-015, -2.000000000000000000 ) ) ;
#2370 = CIRCLE ( 'NONE', #2324, 5.500000000000001800 ) ;
#2371 = AXIS2_PLACEMENT_3D ( 'NONE', #2347, #2346, #2345 ) ;
#2372 = DIRECTION ( 'NONE',  ( 1.000000000000000000, 1.224646799147353200E-016, 0.0000000000000000000 ) ) ;
#2373 = CARTESIAN_POINT ( 'NONE',  ( 11.76400699008122600, -18.36567681403173300, 1.664535180554749000 ) ) ;
#2374 = CARTESIAN_POINT ( 'NONE',  ( 11.62948939452880000, -18.54754558493867800, 1.482666409647810600 ) ) ;
#2375 = CARTESIAN_POINT ( 'NONE',  ( 11.48697446322447900, -18.66072576709637700, 1.242728371885484200 ) ) ;
#2376 = CARTESIAN_POINT ( 'NONE',  ( 11.30840230379588200, -18.68438212099898300, 0.8477046050470851100 ) ) ;
#2377 = CARTESIAN_POINT ( 'NONE',  ( 11.25572724154682000, -18.66676885056870800, 0.7108345239092951400 ) ) ;
#2378 = CARTESIAN_POINT ( 'NONE',  ( 11.18073654541634300, -18.57257876493681100, 0.4490576189650995500 ) ) ;
#2379 = CARTESIAN_POINT ( 'NONE',  ( -13.02756981767196400, -12.20828309904400300, 7.821928895542469300 ) ) ;
#2380 = AXIS2_PLACEMENT_3D ( 'NONE', #2441, #2440, #2439 ) ;
#2381 = CARTESIAN_POINT ( 'NONE',  ( 12.98261496489727700, -16.38397108810173800, 4.458037670259727700 ) ) ;
#2382 = CARTESIAN_POINT ( 'NONE',  ( 12.94409519999062600, -16.39342071185450000, 4.220851388040068200 ) ) ;
#2383 = CARTESIAN_POINT ( 'NONE',  ( 12.92193139461221900, -16.41008837020069300, 4.101710587983551400 ) ) ;
#2384 = CARTESIAN_POINT ( 'NONE',  ( 12.87318208857751500, -16.46446269368598100, 3.873481657231360800 ) ) ;
#2385 = CARTESIAN_POINT ( 'NONE',  ( 12.84639807816129300, -16.50213702407210200, 3.763003422945729000 ) ) ;
#2386 = CARTESIAN_POINT ( 'NONE',  ( 12.75777510740728400, -16.64581512293419200, 3.442480953186059200 ) ) ;
#2387 = CARTESIAN_POINT ( 'NONE',  ( 12.68992569534082200, -16.77838790925775900, 3.251824085328722400 ) ) ;
#2388 = CARTESIAN_POINT ( 'NONE',  ( 12.61428798498174300, -16.94141185601156300, 3.088800138574920400 ) ) ;
#2389 = AXIS2_PLACEMENT_3D ( 'NONE', #2390, #2109, #2245 ) ;
#2390 = CARTESIAN_POINT ( 'NONE',  ( 27.50000000000000000, -1.224646799147353100E-015, -8.000000000000000000 ) ) ;
#2391 =( BOUNDED_CURVE ( )  B_SPLINE_CURVE ( 3, ( #2525, #2495, #2527, #2528 ),
 .UNSPECIFIED., .F., .F. ) 
 B_SPLINE_CURVE_WITH_KNOTS ( ( 4, 4 ),
 ( 3.141592653589793100, 6.283185307179586200 ),
 .UNSPECIFIED. ) 
 CURVE ( )  GEOMETRIC_REPRESENTATION_ITEM ( )  RATIONAL_B_SPLINE_CURVE ( ( 1.000000000000000000, 0.3333333333333333700, 0.3333333333333333700, 1.000000000000000000 ) ) 
 REPRESENTATION_ITEM ( '' )  );
#2392 = B_SPLINE_CURVE_WITH_KNOTS ( 'NONE', 3,
 ( #2388, #2387, #2386, #2385, #2384, #2383, #2382, #2381, #1940, #1948, #1955, #2076, #2040, #1969 ),
 .UNSPECIFIED., .F., .F.,
 ( 4, 2, 2, 2, 2, 2, 4 ),
 ( 1.301042606982605300E-018, 0.0007186873665875768900, 0.001078031049881362600, 0.001437374733175149700, 0.001796718416468936700, 0.002156062099762723100, 0.002874749466350299300 ),
 .UNSPECIFIED. ) ;
#2393 = CARTESIAN_POINT ( 'NONE',  ( -21.55159455291474700, 8.739278653749071400, -1.999999999999997800 ) ) ;
#2394 = CARTESIAN_POINT ( 'NONE',  ( 0.0000000000000000000, 8.739278653749071400, -1.999999999999997800 ) ) ;
#2395 = DIRECTION ( 'NONE',  ( 0.0000000000000000000, 0.7071067811865466800, 0.7071067811865484600 ) ) ;
#2396 = DIRECTION ( 'NONE',  ( 0.0000000000000000000, 0.7071067811865483500, -0.7071067811865466800 ) ) ;
#2397 = CARTESIAN_POINT ( 'NONE',  ( 0.0000000000000000000, -12.60089243492015100, 4.600892434920143400 ) ) ;
#2398 = CARTESIAN_POINT ( 'NONE',  ( 13.27301003243323800, -22.22357416735411200, 13.83887167315981000 ) ) ;
#2399 = CARTESIAN_POINT ( 'NONE',  ( 13.27025010453449900, -22.31879723255801600, 13.74364860795590500 ) ) ;
#2400 = CARTESIAN_POINT ( 'NONE',  ( 13.26543996317644600, -22.39466122358073700, 13.63252313950893900 ) ) ;
#2401 = CARTESIAN_POINT ( 'NONE',  ( 13.25298514803603900, -22.50181871708718300, 13.38762904546816500 ) ) ;
#2402 = CARTESIAN_POINT ( 'NONE',  ( 13.24542401644838600, -22.53191544169280600, 13.25524717555580900 ) ) ;
#2403 = CARTESIAN_POINT ( 'NONE',  ( 13.23082219011876300, -22.53966436668893200, 12.98947568149644000 ) ) ;
#2404 = CARTESIAN_POINT ( 'NONE',  ( 13.22377113622673400, -22.51693285103614900, 12.85467352917034500 ) ) ;
#2405 = CARTESIAN_POINT ( 'NONE',  ( 13.21383140042823500, -22.42077897363255800, 12.60730947517109800 ) ) ;
#2406 = CARTESIAN_POINT ( 'NONE',  ( 13.21089122268854700, -22.34659575738532700, 12.49233233063936600 ) ) ;
#2407 = CARTESIAN_POINT ( 'NONE',  ( 13.21089122268854500, -22.25124785244339200, 12.39698442569743300 ) ) ;
#2408 = FACE_OUTER_BOUND ( 'NONE', #3626, .T. ) ;
#2409 = CARTESIAN_POINT ( 'NONE',  ( 12.83582962054004800, -14.99758508084491600, 2.204199788995369900 ) ) ;
#2410 = B_SPLINE_CURVE_WITH_KNOTS ( 'NONE', 3,
 ( #2407, #2406, #2405, #2404, #2403, #2402, #2401, #2400, #2399, #2398 ),
 .UNSPECIFIED., .F., .F.,
 ( 4, 2, 2, 2, 4 ),
 ( 0.0000000000000000000, 0.0004018301689318773200, 0.0008036603378637546500, 0.001205490506795632000, 0.001607320675727509300 ),
 .UNSPECIFIED. ) ;
#2411 = AXIS2_PLACEMENT_3D ( 'NONE', #2397, #2396, #2395 ) ;
#2412 =( BOUNDED_CURVE ( )  B_SPLINE_CURVE ( 3, ( #2465, #2486, #2485, #2484 ),
 .UNSPECIFIED., .F., .T. ) 
 B_SPLINE_CURVE_WITH_KNOTS ( ( 4, 4 ),
 ( 0.0000000000000000000, 3.141592653589793100 ),
 .UNSPECIFIED. ) 
 CURVE ( )  GEOMETRIC_REPRESENTATION_ITEM ( )  RATIONAL_B_SPLINE_CURVE ( ( 1.000000000000000000, 0.3333333333333333700, 0.3333333333333333700, 1.000000000000000000 ) ) 
 REPRESENTATION_ITEM ( '' )  );
#2413 = FACE_BOUND ( 'NONE', #3630, .T. ) ;
#2414 = FACE_BOUND ( 'NONE', #3708, .T. ) ;
#2415 = PLANE ( 'NONE',  #2380 ) ;
#2416 = CARTESIAN_POINT ( 'NONE',  ( 11.76400699008122400, -16.95146325165863000, 0.2503216181816533300 ) ) ;
#2417 = B_SPLINE_CURVE_WITH_KNOTS ( 'NONE', 3,
 ( #2421, #2420, #2419, #2464, #2463, #2462, #2461, #2460, #2459, #2458 ),
 .UNSPECIFIED., .F., .F.,
 ( 4, 2, 2, 2, 4 ),
 ( 0.0000000000000000000, 0.0004060774103915507300, 0.0008121548207831014700, 0.001218232231174652200, 0.001624309641566202900 ),
 .UNSPECIFIED. ) ;
#2418 = CARTESIAN_POINT ( 'NONE',  ( 11.76400699008122600, -18.36567681403173300, 1.664535180554749000 ) ) ;
#2419 = CARTESIAN_POINT ( 'NONE',  ( 12.91609029710472700, -24.18621313624648600, 11.84172813946158500 ) ) ;
#2420 = CARTESIAN_POINT ( 'NONE',  ( 12.88411802859815200, -24.29670942808747100, 11.76573641242645100 ) ) ;
#2421 = CARTESIAN_POINT ( 'NONE',  ( 12.84988469911138200, -24.38995738444917500, 11.67248845606474800 ) ) ;
#2422 = CARTESIAN_POINT ( 'NONE',  ( 1.319654564287429100E-015, -21.73927865374908900, -1.999999999999997800 ) ) ;
#2423 = CARTESIAN_POINT ( 'NONE',  ( -21.55159455291474700, -21.73927865374908600, -1.999999999999997800 ) ) ;
#2424 = CARTESIAN_POINT ( 'NONE',  ( 13.07563918708740900, -16.89236200108828700, 5.644454005255535200 ) ) ;
#2425 = CARTESIAN_POINT ( 'NONE',  ( -13.27301003243323800, -21.51646738616755900, 13.13176489197326500 ) ) ;
#2426 = B_SPLINE_CURVE_WITH_KNOTS ( 'NONE', 3,
 ( #2425, #2475, #2474, #2473, #2472, #2471, #2470, #2469, #2468, #2467 ),
 .UNSPECIFIED., .F., .F.,
 ( 4, 2, 2, 2, 4 ),
 ( 0.0000000000000000000, 0.0004019480972540362700, 0.0008038961945080725300, 0.001205844291762108800, 0.001607792389016145100 ),
 .UNSPECIFIED. ) ;
#2427 = DIRECTION ( 'NONE',  ( 0.0000000000000000000, 0.7071067811865475700, 0.7071067811865475700 ) ) ;
#2428 = DIRECTION ( 'NONE',  ( -0.0000000000000000000, -0.7071067811865475700, 0.7071067811865475700 ) ) ;
#2429 = CARTESIAN_POINT ( 'NONE',  ( 0.0000000000000000000, -14.01510599729323500, 6.015105997293226800 ) ) ;
#2430 = AXIS2_PLACEMENT_3D ( 'NONE', #2429, #2428, #2427 ) ;
#2431 = CIRCLE ( 'NONE', #2411, 13.27579727645737500 ) ;
#2432 = CARTESIAN_POINT ( 'NONE',  ( 13.21089122268854500, -22.25124785244339200, 12.39698442569743300 ) ) ;
#2433 = CARTESIAN_POINT ( 'NONE',  ( 12.61428798498174300, -16.94141185601156300, 3.088800138574920400 ) ) ;
#2434 = DIRECTION ( 'NONE',  ( -1.000000000000000000, 0.0000000000000000000, 0.0000000000000000000 ) ) ;
#2435 = DIRECTION ( 'NONE',  ( 0.0000000000000000000, 0.0000000000000000000, -1.000000000000000000 ) ) ;
#2436 = FACE_OUTER_BOUND ( 'NONE', #3839, .T. ) ;
#2437 = AXIS2_PLACEMENT_3D ( 'NONE', #2455, #2442, #2453 ) ;
#2438 = FACE_OUTER_BOUND ( 'NONE', #3706, .T. ) ;
#2439 = DIRECTION ( 'NONE',  ( -1.000000000000000000, 0.0000000000000000000, -0.0000000000000000000 ) ) ;
#2440 = DIRECTION ( 'NONE',  ( 0.0000000000000000000, 0.0000000000000000000, -1.000000000000000000 ) ) ;
#2441 = CARTESIAN_POINT ( 'NONE',  ( -13.75000000000000000, 0.0000000000000000000, 0.0000000000000000000 ) ) ;
#2442 = DIRECTION ( 'NONE',  ( 0.0000000000000000000, 0.0000000000000000000, -1.000000000000000000 ) ) ;
#2443 =( BOUNDED_CURVE ( )  B_SPLINE_CURVE ( 3, ( #2394, #2393, #2423, #2422 ),
 .UNSPECIFIED., .F., .T. ) 
 B_SPLINE_CURVE_WITH_KNOTS ( ( 4, 4 ),
 ( 0.0000000000000000000, 3.141592653589793100 ),
 .UNSPECIFIED. ) 
 CURVE ( )  GEOMETRIC_REPRESENTATION_ITEM ( )  RATIONAL_B_SPLINE_CURVE ( ( 1.000000000000000000, 0.3333333333333333700, 0.3333333333333333700, 1.000000000000000000 ) ) 
 REPRESENTATION_ITEM ( '' )  );
#2444 = FACE_BOUND ( 'NONE', #3710, .T. ) ;
#2445 = CIRCLE ( 'NONE', #2450, 4.500000000000000900 ) ;
#2446 = CARTESIAN_POINT ( 'NONE',  ( 13.21089122268854500, -14.94223771066632400, 5.087974283920364500 ) ) ;
#2447 = DIRECTION ( 'NONE',  ( -1.000000000000000000, 0.0000000000000000000, 0.0000000000000000000 ) ) ;
#2448 = DIRECTION ( 'NONE',  ( -0.0000000000000000000, -0.0000000000000000000, 1.000000000000000000 ) ) ;
#2449 = CARTESIAN_POINT ( 'NONE',  ( -27.50000000000000000, 0.0000000000000000000, -2.000000000000000000 ) ) ;
#2450 = AXIS2_PLACEMENT_3D ( 'NONE', #2452, #2435, #2434 ) ;
#2451 = CIRCLE ( 'NONE', #2430, 13.27579727645737700 ) ;
#2452 = CARTESIAN_POINT ( 'NONE',  ( -27.50000000000000000, 0.0000000000000000000, -8.000000000000000000 ) ) ;
#2453 = DIRECTION ( 'NONE',  ( -1.000000000000000000, 0.0000000000000000000, -0.0000000000000000000 ) ) ;
#2454 = AXIS2_PLACEMENT_3D ( 'NONE', #2449, #2448, #2447 ) ;
#2455 = CARTESIAN_POINT ( 'NONE',  ( -13.75000000000000000, 0.0000000000000000000, -8.000000000000000000 ) ) ;
#2456 = CIRCLE ( 'NONE', #2454, 5.500000000000001800 ) ;
#2457 = PLANE ( 'NONE',  #2437 ) ;
#2458 = CARTESIAN_POINT ( 'NONE',  ( 13.07563918708741100, -22.94807013698677900, 11.70016214115404600 ) ) ;
#2459 = CARTESIAN_POINT ( 'NONE',  ( 13.07563918708740900, -23.04457054527040700, 11.79666254943765000 ) ) ;
#2460 = CARTESIAN_POINT ( 'NONE',  ( 13.07062134324227100, -23.15974307174034400, 11.87074756811128800 ) ) ;
#2461 = CARTESIAN_POINT ( 'NONE',  ( 13.05067205606324700, -23.41121265634765100, 11.96742204280668900 ) ) ;
#2462 = CARTESIAN_POINT ( 'NONE',  ( 13.03564846740509800, -23.54689621240670400, 11.98921891380339800 ) ) ;
#2463 = CARTESIAN_POINT ( 'NONE',  ( 12.99653625356395100, -23.81296981346436000, 11.97977003884853200 ) ) ;
#2464 = CARTESIAN_POINT ( 'NONE',  ( 12.97206121628578200, -23.94551147753480100, 11.94843972247672400 ) ) ;
#2465 = CARTESIAN_POINT ( 'NONE',  ( 0.0000000000000000000, -36.45584412271570300, -8.673617379884035500E-016 ) ) ;
#2466 = CARTESIAN_POINT ( 'NONE',  ( 12.84988469911138200, -24.38995738444917500, 11.67248845606474800 ) ) ;
#2467 = CARTESIAN_POINT ( 'NONE',  ( -13.21089122268854300, -22.95835463362994500, 13.10409120688397900 ) ) ;
#2468 = CARTESIAN_POINT ( 'NONE',  ( -13.22419760543010400, -22.86355193600315900, 13.19889390451075400 ) ) ;
#2469 = CARTESIAN_POINT ( 'NONE',  ( -13.23517991205424400, -22.75278480140680100, 13.27470143976236500 ) ) ;
#2470 = CARTESIAN_POINT ( 'NONE',  ( -13.25248180389191300, -22.50814406645945500, 13.38201924749584200 ) ) ;
#2471 = CARTESIAN_POINT ( 'NONE',  ( -13.25866262657265100, -22.37570075609844300, 13.41230166361673200 ) ) ;
#2472 = CARTESIAN_POINT ( 'NONE',  ( -13.26720179304112600, -22.10955560014351600, 13.42026591692183300 ) ) ;
#2473 = CARTESIAN_POINT ( 'NONE',  ( -13.26963496661423700, -21.97453903102849500, 13.39756241854614200 ) ) ;
#2474 = CARTESIAN_POINT ( 'NONE',  ( -13.27249539237309900, -21.72687306391111400, 13.30136345813932800 ) ) ;
#2475 = CARTESIAN_POINT ( 'NONE',  ( -13.27301003243323400, -21.61184452560020500, 13.22714203140590800 ) ) ;
#2476 = CARTESIAN_POINT ( 'NONE',  ( 9.793733505595961100, -14.09319394782269600, 1.694377359644495100 ) ) ;
#2477 = DIRECTION ( 'NONE',  ( -0.0000000000000000000, -0.7071067811865474600, 0.7071067811865474600 ) ) ;
#2478 = VECTOR ( 'NONE', #2477, 1000.000000000000100 ) ;
#2479 = CARTESIAN_POINT ( 'NONE',  ( 13.07563918708741300, 21.24610368717244000, -32.49401168300517600 ) ) ;
#2480 = LINE ( 'NONE', #2479, #2478 ) ;
#2481 = CYLINDRICAL_SURFACE ( 'NONE', #2389, 5.000000000000000900 ) ;
#2482 = CARTESIAN_POINT ( 'NONE',  ( 10.48008730309332900, -14.16549627224092600, 2.433348810427078400 ) ) ;
#2483 = CARTESIAN_POINT ( 'NONE',  ( 10.52315784009369400, -14.08704147022303000, 2.575843570022732000 ) ) ;
#2484 = CARTESIAN_POINT ( 'NONE',  ( -2.204364238465235400E-015, 14.45584412271570900, -8.673617379884035500E-016 ) ) ;
#2485 = CARTESIAN_POINT ( 'NONE',  ( -35.99999999999999300, 14.45584412271570200, -8.673617379884035500E-016 ) ) ;
#2486 = CARTESIAN_POINT ( 'NONE',  ( -35.99999999999999300, -36.45584412271570300, -8.673617379884035500E-016 ) ) ;
#2487 = FACE_BOUND ( 'NONE', #3822, .T. ) ;
#2488 = CARTESIAN_POINT ( 'NONE',  ( -12.46462738535506000, -10.78401814102488000, 9.246193853561594600 ) ) ;
#2489 = CARTESIAN_POINT ( 'NONE',  ( 6.790521724282681000, -17.71470909656691000, -1.233637538278145700 ) ) ;
#2490 = CARTESIAN_POINT ( 'NONE',  ( 2.963745090387391600, -19.95326770733145200, -1.999999999999494800 ) ) ;
#2491 = CARTESIAN_POINT ( 'NONE',  ( 3.472130614627060300, -20.96094932918454400, -1.999999999999997800 ) ) ;
#2492 = CARTESIAN_POINT ( 'NONE',  ( 7.395433864038876600, -16.15624755858559100, -1.999999999999998200 ) ) ;
#2493 = CARTESIAN_POINT ( 'NONE',  ( 2.793976394617172500, -21.25187545106103200, -1.999999999999997800 ) ) ;
#2494 = CARTESIAN_POINT ( 'NONE',  ( 3.311022785407854700, -20.62545328749442700, -1.164503958310205700 ) ) ;
#2495 = CARTESIAN_POINT ( 'NONE',  ( -29.99999999999999300, 12.33452377915607400, 0.8786796564403577300 ) ) ;
#2496 = CARTESIAN_POINT ( 'NONE',  ( 4.732019977151439100, -18.95141111882053400, -1.999999999999456200 ) ) ;
#2497 = CARTESIAN_POINT ( 'NONE',  ( 6.396956119614280600, -17.43726829999104700, -1.999999999999997800 ) ) ;
#2498 = CARTESIAN_POINT ( 'NONE',  ( 4.553731958677270900, -19.87978050693725500, -1.182214559251601800 ) ) ;
#2499 = CARTESIAN_POINT ( 'NONE',  ( 4.149674639085981600, -19.33680814395236100, -2.000000000000478300 ) ) ;
#2500 = CARTESIAN_POINT ( 'NONE',  ( 1.345082088865854800, -21.28977056969838300, -1.148725645638177600 ) ) ;
#2501 = CARTESIAN_POINT ( 'NONE',  ( 1.178688334412579600, -20.46374681159484200, -1.999999999997001100 ) ) ;
#2502 = CARTESIAN_POINT ( 'NONE',  ( 1.410531126672016200, -21.64104492405950000, -1.999999999999997800 ) ) ;
#2503 = CARTESIAN_POINT ( 'NONE',  ( 7.120935099595249600, -17.98107155828885300, -1.999999999999997800 ) ) ;
#2504 = CARTESIAN_POINT ( 'NONE',  ( 6.573126337452757500, -18.61686666656596500, -1.999999999999997800 ) ) ;
#2505 = CARTESIAN_POINT ( 'NONE',  ( 0.5933361501686867900, -20.53217187256254000, -2.000000000000150500 ) ) ;
#2506 = CARTESIAN_POINT ( 'NONE',  ( 0.7052822822761629600, -21.73927865374664500, -1.999999999999997800 ) ) ;
#2507 = CARTESIAN_POINT ( 'NONE',  ( 5.400298070254093500, -19.72512756144044100, -1.999999999999997800 ) ) ;
#2508 = CARTESIAN_POINT ( 'NONE',  ( 6.268131441538229400, -18.33575366964095800, -1.218887003074899100 ) ) ;
#2509 = CARTESIAN_POINT ( 'NONE',  ( 5.149722733149019400, -19.41830275715577500, -1.193175195715417500 ) ) ;
#2510 = CARTESIAN_POINT ( 'NONE',  ( 2.664335110407204600, -20.90962988276107400, -1.157754431700744200 ) ) ;
#2511 = CARTESIAN_POINT ( 'NONE',  ( 2.371695027061382800, -20.17063619897442500, -2.000000000002923000 ) ) ;
#2512 = CARTESIAN_POINT ( 'NONE',  ( 4.775307561823156600, -20.19756594768532300, -1.999999999999997800 ) ) ;
#2513 = CARTESIAN_POINT ( 'NONE',  ( 1.258422224330061300E-015, -21.38572526315581600, -1.146446609406724000 ) ) ;
#2514 = CARTESIAN_POINT ( 'NONE',  ( 1.110594278749142900E-015, -20.53217187256254300, -1.999999999999998000 ) ) ;
#2515 = CARTESIAN_POINT ( 'NONE',  ( 1.319654564287428900E-015, -21.73927865374908900, -1.999999999999997800 ) ) ;
#2516 = CARTESIAN_POINT ( 'NONE',  ( 0.6725569876098712600, -21.38572526315398300, -1.146446609408559200 ) ) ;
#2517 = CARTESIAN_POINT ( 'NONE',  ( 5.858006937232411300, -17.99364626280065600, -2.000000000000506300 ) ) ;
#2518 = CARTESIAN_POINT ( 'NONE',  ( 7.741650148279838100, -16.33688545634787900, -1.266362461721849600 ) ) ;
#2519 = CARTESIAN_POINT ( 'NONE',  ( 10.38365216914466600, -14.34320278506946000, 2.172068716463982700 ) ) ;
#2520 = AXIS2_PLACEMENT_3D ( 'NONE', #1177, #1313, #1148 ) ;
#2521 = DIRECTION ( 'NONE',  ( -1.000000000000000000, 0.0000000000000000000, 0.0000000000000000000 ) ) ;
#2522 = DIRECTION ( 'NONE',  ( 0.0000000000000000000, 0.0000000000000000000, -1.000000000000000000 ) ) ;
#2523 = CARTESIAN_POINT ( 'NONE',  ( 27.50000000000000000, -1.224646799147353100E-015, -0.5000000000000000000 ) ) ;
#2524 = AXIS2_PLACEMENT_3D ( 'NONE', #2523, #2522, #2521 ) ;
#2525 = CARTESIAN_POINT ( 'NONE',  ( 1.836970198721029600E-015, 12.33452377915606700, 0.8786796564403589500 ) ) ;
#2526 = TOROIDAL_SURFACE ( 'NONE', #2524, 4.207106781186547000, 0.5000000000000000000 ) ;
#2527 = CARTESIAN_POINT ( 'NONE',  ( -30.00000000000000400, -34.33452377915606500, 5.121320343559640200 ) ) ;
#2528 = CARTESIAN_POINT ( 'NONE',  ( 0.0000000000000000000, -34.33452377915606500, 5.121320343559637500 ) ) ;
#2529 = CIRCLE ( 'NONE', #2520, 0.5000000000000000000 ) ;
#2530 = FACE_OUTER_BOUND ( 'NONE', #3358, .T. ) ;
#2531 = PLANE ( 'NONE',  #2565 ) ;
#2532 = FACE_OUTER_BOUND ( 'NONE', #3620, .T. ) ;
#2533 = DIRECTION ( 'NONE',  ( 0.0000000000000000000, -0.7071067811865474600, -0.7071067811865475700 ) ) ;
#2534 = DIRECTION ( 'NONE',  ( 0.0000000000000000000, -0.7071067811865475700, 0.7071067811865475700 ) ) ;
#2535 = CARTESIAN_POINT ( 'NONE',  ( -27.50000000000000000, 0.0000000000000000000, -1.000000000000000000 ) ) ;
#2536 = DIRECTION ( 'NONE',  ( 0.0000000000000000000, 0.0000000000000000000, 1.000000000000000000 ) ) ;
#2537 = DIRECTION ( 'NONE',  ( 0.0000000000000000000, -0.7071067811865484600, -0.7071067811865465700 ) ) ;
#2538 = DIRECTION ( 'NONE',  ( 0.0000000000000000000, -0.7071067811865466800, 0.7071067811865484600 ) ) ;
#2539 = CARTESIAN_POINT ( 'NONE',  ( 0.0000000000000000000, -14.01510599729324000, 6.015105997293233900 ) ) ;
#2540 = AXIS2_PLACEMENT_3D ( 'NONE', #2539, #2538, #2537 ) ;
#2541 = CIRCLE ( 'NONE', #2540, 13.27579727645737700 ) ;
#2542 = AXIS2_PLACEMENT_3D ( 'NONE', #2553, #2554, #2562 ) ;
#2543 = CARTESIAN_POINT ( 'NONE',  ( 0.0000000000000000000, -32.28427124746190200, 24.28427124746189800 ) ) ;
#2544 = CIRCLE ( 'NONE', #2546, 14.49999999999999800 ) ;
#2545 = CARTESIAN_POINT ( 'NONE',  ( 0.0000000000000000000, -32.28427124746190200, 24.28427124746189800 ) ) ;
#2546 = AXIS2_PLACEMENT_3D ( 'NONE', #2543, #2534, #2533 ) ;
#2547 = DIRECTION ( 'NONE',  ( 1.000000000000000000, 0.0000000000000000000, 0.0000000000000000000 ) ) ;
#2548 = FACE_BOUND ( 'NONE', #3619, .T. ) ;
#2549 = FACE_OUTER_BOUND ( 'NONE', #3627, .T. ) ;
#2550 = DIRECTION ( 'NONE',  ( 0.0000000000000000000, -0.7071067811865474600, -0.7071067811865474600 ) ) ;
#2551 = CONICAL_SURFACE ( 'NONE', #2564, 2.999999999999999100, 0.7853981633974482800 ) ;
#2552 = DIRECTION ( 'NONE',  ( 0.0000000000000000000, -0.7071067811865475700, 0.7071067811865475700 ) ) ;
#2553 = CARTESIAN_POINT ( 'NONE',  ( 20.00000000000000000, -17.18475318936335600, 5.352062816980469200 ) ) ;
#2554 = DIRECTION ( 'NONE',  ( 0.0000000000000000000, -0.7071067811865474600, -0.7071067811865476800 ) ) ;
#2555 = CARTESIAN_POINT ( 'NONE',  ( 10.27027723461804600, -14.55376620200955900, 1.940911886644183700 ) ) ;
#2556 = CARTESIAN_POINT ( 'NONE',  ( 13.07563918708741100, -22.94807013698677900, 11.70016214115404600 ) ) ;
#2557 = PLANE ( 'NONE',  #2542 ) ;
#2558 = DIRECTION ( 'NONE',  ( 1.000000000000000000, -0.0000000000000000000, -0.0000000000000000000 ) ) ;
#2559 = VECTOR ( 'NONE', #2558, 1000.000000000000000 ) ;
#2560 = CARTESIAN_POINT ( 'NONE',  ( -13.27301003243323800, -21.51646738616755900, 13.13176489197326500 ) ) ;
#2561 = CARTESIAN_POINT ( 'NONE',  ( -12.46462738535506000, -9.369804578651784500, 7.831980291188500600 ) ) ;
#2562 = DIRECTION ( 'NONE',  ( 0.0000000000000000000, 0.7071067811865476800, -0.7071067811865474600 ) ) ;
#2563 = CARTESIAN_POINT ( 'NONE',  ( 10.32989686739673900, -14.44314955784492600, 2.051528530808819800 ) ) ;
#2564 = AXIS2_PLACEMENT_3D ( 'NONE', #2535, #2536, #2547 ) ;
#2565 = AXIS2_PLACEMENT_3D ( 'NONE', #2545, #2552, #2550 ) ;
#2566 = CYLINDRICAL_SURFACE ( 'NONE', #2575, 5.000000000000000900 ) ;
#2567 = CARTESIAN_POINT ( 'NONE',  ( -27.50000000000000000, 0.0000000000000000000, -8.000000000000000000 ) ) ;
#2568 = DIRECTION ( 'NONE',  ( -1.000000000000000000, -0.0000000000000000000, -0.0000000000000000000 ) ) ;
#2569 = VECTOR ( 'NONE', #2568, 1000.000000000000000 ) ;
#2570 = CARTESIAN_POINT ( 'NONE',  ( 20.00000000000000000, -17.18475318936335600, 3.552565586409668800 ) ) ;
#2571 = LINE ( 'NONE', #2620, #2602 ) ;
#2572 = DIRECTION ( 'NONE',  ( -1.000000000000000000, -0.0000000000000000000, -0.0000000000000000000 ) ) ;
#2573 = VECTOR ( 'NONE', #2572, 1000.000000000000000 ) ;
#2574 = CARTESIAN_POINT ( 'NONE',  ( 20.00000000000000000, -17.18475318936335200, 5.352062816980469200 ) ) ;
#2575 = AXIS2_PLACEMENT_3D ( 'NONE', #2567, #2592, #2591 ) ;
#2576 = AXIS2_PLACEMENT_3D ( 'NONE', #2610, #2604, #2603 ) ;
#2577 = DIRECTION ( 'NONE',  ( -1.000000000000000000, 0.0000000000000000000, 0.0000000000000000000 ) ) ;
#2578 = DIRECTION ( 'NONE',  ( 0.0000000000000000000, 0.0000000000000000000, -1.000000000000000000 ) ) ;
#2579 = CARTESIAN_POINT ( 'NONE',  ( 27.50000000000000000, -1.224646799147353100E-015, -8.000000000000000000 ) ) ;
#2580 = AXIS2_PLACEMENT_3D ( 'NONE', #2589, #2588, #2587 ) ;
#2581 = FACE_OUTER_BOUND ( 'NONE', #3828, .T. ) ;
#2582 = CARTESIAN_POINT ( 'NONE',  ( 0.0000000000000000000, -14.36865938788651100, 6.368659387886505200 ) ) ;
#2583 = CARTESIAN_POINT ( 'NONE',  ( 10.28654110211628100, -17.18475318936335200, 5.352062816980469200 ) ) ;
#2584 = CARTESIAN_POINT ( 'NONE',  ( 0.0000000000000000000, 0.0000000000000000000, -8.000000000000000000 ) ) ;
#2585 = AXIS2_PLACEMENT_3D ( 'NONE', #2616, #2613, #2623 ) ;
#2586 = AXIS2_PLACEMENT_3D ( 'NONE', #2584, #2593, #2601 ) ;
#2587 = DIRECTION ( 'NONE',  ( -1.000000000000000000, 0.0000000000000000000, 0.0000000000000000000 ) ) ;
#2588 = DIRECTION ( 'NONE',  ( -0.0000000000000000000, -0.0000000000000000000, 1.000000000000000000 ) ) ;
#2589 = CARTESIAN_POINT ( 'NONE',  ( 27.50000000000000000, -1.224646799147353100E-015, -7.500000000000000000 ) ) ;
#2590 = CIRCLE ( 'NONE', #2580, 5.000000000000000900 ) ;
#2591 = DIRECTION ( 'NONE',  ( 1.000000000000000000, 0.0000000000000000000, 0.0000000000000000000 ) ) ;
#2592 = DIRECTION ( 'NONE',  ( 0.0000000000000000000, 0.0000000000000000000, 1.000000000000000000 ) ) ;
#2593 = DIRECTION ( 'NONE',  ( 0.0000000000000000000, 0.0000000000000000000, 1.000000000000000000 ) ) ;
#2594 = FACE_OUTER_BOUND ( 'NONE', #3835, .T. ) ;
#2595 = CYLINDRICAL_SURFACE ( 'NONE', #2585, 2.999999999999999100 ) ;
#2596 = DIRECTION ( 'NONE',  ( -1.000000000000000000, 0.0000000000000000000, 0.0000000000000000000 ) ) ;
#2597 = DIRECTION ( 'NONE',  ( 0.0000000000000000000, 0.0000000000000000000, -1.000000000000000000 ) ) ;
#2598 = CARTESIAN_POINT ( 'NONE',  ( 0.0000000000000000000, 0.0000000000000000000, -1.000000000000000000 ) ) ;
#2599 = AXIS2_PLACEMENT_3D ( 'NONE', #2598, #2597, #2596 ) ;
#2600 = AXIS2_PLACEMENT_3D ( 'NONE', #2582, #2627, #2626 ) ;
#2601 = DIRECTION ( 'NONE',  ( 1.000000000000000000, 0.0000000000000000000, 0.0000000000000000000 ) ) ;
#2602 = VECTOR ( 'NONE', #2618, 1000.000000000000000 ) ;
#2603 = DIRECTION ( 'NONE',  ( 0.0000000000000000000, -0.7071067811865483500, -0.7071067811865468000 ) ) ;
#2604 = DIRECTION ( 'NONE',  ( 0.0000000000000000000, -0.7071067811865466800, 0.7071067811865484600 ) ) ;
#2605 = CARTESIAN_POINT ( 'NONE',  ( 10.01284366930162400, -17.18475318936335600, 3.552565586409668800 ) ) ;
#2606 = CARTESIAN_POINT ( 'NONE',  ( 12.13920209287674200, -17.18475318936335600, 3.552565586409668800 ) ) ;
#2607 = CARTESIAN_POINT ( 'NONE',  ( 12.58317764542636600, -17.18475318936335200, 5.352062816980469200 ) ) ;
#2608 = LINE ( 'NONE', #2570, #2569 ) ;
#2609 = CYLINDRICAL_SURFACE ( 'NONE', #2586, 37.50000000000000000 ) ;
#2610 = CARTESIAN_POINT ( 'NONE',  ( 0.0000000000000000000, -14.36865938788651100, 6.368659387886504300 ) ) ;
#2611 = LINE ( 'NONE', #2574, #2573 ) ;
#2612 = AXIS2_PLACEMENT_3D ( 'NONE', #2579, #2578, #2577 ) ;
#2613 = DIRECTION ( 'NONE',  ( 0.0000000000000000000, 0.0000000000000000000, 1.000000000000000000 ) ) ;
#2614 = CIRCLE ( 'NONE', #2612, 4.500000000000000900 ) ;
#2615 = FACE_OUTER_BOUND ( 'NONE', #3833, .T. ) ;
#2616 = CARTESIAN_POINT ( 'NONE',  ( 27.50000000000000000, -1.224646799147353100E-015, -8.000000000000000000 ) ) ;
#2617 = CIRCLE ( 'NONE', #2599, 37.50000000000000000 ) ;
#2618 = DIRECTION ( 'NONE',  ( 0.0000000000000000000, -0.7071067811865476800, 0.7071067811865474600 ) ) ;
#2619 = CARTESIAN_POINT ( 'NONE',  ( -12.66472333721271300, -13.11140188890080800, 7.802592609149729500 ) ) ;
#2620 = CARTESIAN_POINT ( 'NONE',  ( 10.28654110211628000, -23.59401471585512800, 11.76132434347224100 ) ) ;
#2621 = CARTESIAN_POINT ( 'NONE',  ( 20.00000000000000000, -23.24046132526185500, 11.40777095287896800 ) ) ;
#2622 = LINE ( 'NONE', #2621, #2559 ) ;
#2623 = DIRECTION ( 'NONE',  ( 1.000000000000000000, 0.0000000000000000000, 0.0000000000000000000 ) ) ;
#2624 = CARTESIAN_POINT ( 'NONE',  ( -12.67776583487415500, -13.19023262873713000, 7.778035747229099100 ) ) ;
#2625 = CIRCLE ( 'NONE', #2576, 10.77579727645737300 ) ;
#2626 = DIRECTION ( 'NONE',  ( -6.217248937900878200E-015, -0.7071067811865483500, -0.7071067811865468000 ) ) ;
#2627 = DIRECTION ( 'NONE',  ( -0.0000000000000000000, 0.7071067811865466800, -0.7071067811865484600 ) ) ;
#2628 = CIRCLE ( 'NONE', #2600, 12.77579727645737300 ) ;
#2629 = FACE_OUTER_BOUND ( 'NONE', #3852, .T. ) ;
#2630 = CARTESIAN_POINT ( 'NONE',  ( 12.38796033034037300, -16.85973867324237200, 4.097600617205404900 ) ) ;
#2631 = CARTESIAN_POINT ( 'NONE',  ( 12.43511958990756800, -16.82425300630226400, 4.258305384008611600 ) ) ;
#2632 = CARTESIAN_POINT ( 'NONE',  ( 10.74338993027254400, -13.81792540921013500, 4.009454055378635800 ) ) ;
#2633 = CARTESIAN_POINT ( 'NONE',  ( 10.75715517989639900, -13.88107944697754300, 4.343758839079846700 ) ) ;
#2634 = CARTESIAN_POINT ( 'NONE',  ( 10.76785264864651000, -14.06763142333349800, 4.802850768857485500 ) ) ;
#2635 = CARTESIAN_POINT ( 'NONE',  ( 10.76981302037546800, -14.14576780509245800, 4.951199305927011600 ) ) ;
#2636 = CARTESIAN_POINT ( 'NONE',  ( 10.77218565318751700, -14.33008287723589200, 5.229184597001175700 ) ) ;
#2637 = CARTESIAN_POINT ( 'NONE',  ( 10.77261703942160200, -14.43530346477889400, 5.357983055346477600 ) ) ;
#2638 = CARTESIAN_POINT ( 'NONE',  ( 10.77261703942160200, -14.55376620200955400, 5.476445792577137300 ) ) ;
#2639 = DIRECTION ( 'NONE',  ( -0.0000000000000000000, 0.7071067811865476800, -0.7071067811865474600 ) ) ;
#2640 = VECTOR ( 'NONE', #2639, 1000.000000000000000 ) ;
#2641 = CARTESIAN_POINT ( 'NONE',  ( 12.58317764542636600, -17.18475318936335600, 5.352062816980469200 ) ) ;
#2642 = LINE ( 'NONE', #2641, #2640 ) ;
#2643 = CARTESIAN_POINT ( 'NONE',  ( 12.53697449169923100, -16.84719292535511000, 4.761137144782472000 ) ) ;
#2644 = AXIS2_PLACEMENT_3D ( 'NONE', #2670, #2660, #2657 ) ;
#2645 = CARTESIAN_POINT ( 'NONE',  ( -12.61932844555746600, -12.88250022469708600, 7.899145892407162300 ) ) ;
#2646 = CARTESIAN_POINT ( 'NONE',  ( 10.28654110211628000, -23.24046132526185500, 11.40777095287896800 ) ) ;
#2647 = B_SPLINE_CURVE_WITH_KNOTS ( 'NONE', 3,
 ( #2638, #2637, #2636, #2635, #2634, #2633, #2632, #2154, #2173, #2244, #2243, #2483, #2482, #2519, #2563, #2555 ),
 .UNSPECIFIED., .F., .F.,
 ( 4, 2, 2, 2, 2, 2, 2, 4 ),
 ( 8.673617379884035500E-019, 0.0004988214981067060400, 0.0009976429962134112200, 0.001995285992426823300, 0.002494107490533528500, 0.002992928988640233600, 0.003491750486746938800, 0.003990571984853644000 ),
 .UNSPECIFIED. ) ;
#2648 = CARTESIAN_POINT ( 'NONE',  ( -12.53691868966881100, -12.62988599584208600, 8.107432779930944000 ) ) ;
#2649 = DIRECTION ( 'NONE',  ( -1.000000000000000000, -0.0000000000000000000, -0.0000000000000000000 ) ) ;
#2650 = VECTOR ( 'NONE', #2649, 1000.000000000000000 ) ;
#2651 = CARTESIAN_POINT ( 'NONE',  ( 12.58317764542636600, -17.18475318936335200, 5.352062816980469200 ) ) ;
#2652 = CARTESIAN_POINT ( 'NONE',  ( 12.27648846894358000, -16.98234838745820600, 3.795883477784170800 ) ) ;
#2653 = CARTESIAN_POINT ( 'NONE',  ( 12.36206073591318800, -16.88496844256063800, 4.020050472151016400 ) ) ;
#2654 = CARTESIAN_POINT ( 'NONE',  ( 20.00000000000000000, -14.55376620200955400, 5.476445792577137300 ) ) ;
#2655 = LINE ( 'NONE', #2654, #2650 ) ;
#2656 = CARTESIAN_POINT ( 'NONE',  ( -12.58160527210577800, -12.74553993297466700, 7.991778842798170900 ) ) ;
#2657 = DIRECTION ( 'NONE',  ( 0.0000000000000000000, 0.0000000000000000000, 1.000000000000000000 ) ) ;
#2658 = CARTESIAN_POINT ( 'NONE',  ( 0.0000000000000000000, -21.32411613907041600, 13.32411613907040900 ) ) ;
#2659 = CARTESIAN_POINT ( 'NONE',  ( 12.45657859939982100, -16.81404142911062700, 4.342481769276347800 ) ) ;
#2660 = DIRECTION ( 'NONE',  ( -1.000000000000000000, -0.0000000000000000000, -0.0000000000000000000 ) ) ;
#2661 = CARTESIAN_POINT ( 'NONE',  ( 12.71333574833236000, -14.55376620200955400, 5.476445792577137300 ) ) ;
#2662 = B_SPLINE_CURVE_WITH_KNOTS ( 'NONE', 3,
 ( #2651, #2669, #2664, #2663, #2643, #2672, #2671, #2659, #2631, #2630, #2653, #2652, #2667, #2666 ),
 .UNSPECIFIED., .F., .F.,
 ( 4, 2, 2, 2, 2, 2, 4 ),
 ( 0.0000000000000000000, 0.0005183513178857162400, 0.0007775269768285766400, 0.001036702635771437000, 0.001295878294714297100, 0.001555053953657157600, 0.002073405271542877100 ),
 .UNSPECIFIED. ) ;
#2663 = CARTESIAN_POINT ( 'NONE',  ( 12.54824053013605800, -16.87102339035026700, 4.844513307447858400 ) ) ;
#2664 = CARTESIAN_POINT ( 'NONE',  ( 12.57459195386201700, -16.96567147411480300, 5.081864254761494900 ) ) ;
#2665 = FACE_OUTER_BOUND ( 'NONE', #3855, .T. ) ;
#2666 = CARTESIAN_POINT ( 'NONE',  ( 12.13920209287674200, -17.18475318936335600, 3.552565586409668800 ) ) ;
#2667 = CARTESIAN_POINT ( 'NONE',  ( 12.21127646312074900, -17.07323150045232300, 3.664087275320701200 ) ) ;
#2668 = CYLINDRICAL_SURFACE ( 'NONE', #2644, 1.272436694463025400 ) ;
#2669 = CARTESIAN_POINT ( 'NONE',  ( 12.58317764542636400, -17.06190228014277800, 5.229211907759898600 ) ) ;
#2670 = CARTESIAN_POINT ( 'NONE',  ( 20.00000000000000000, -18.08450180464875200, 4.452314201695069000 ) ) ;
#2671 = CARTESIAN_POINT ( 'NONE',  ( 12.49381191837640200, -16.81061845925018600, 4.510227510525218100 ) ) ;
#2672 = CARTESIAN_POINT ( 'NONE',  ( 12.50972890892312400, -16.81713039105373000, 4.593998967842402700 ) ) ;
#2673 = DIRECTION ( 'NONE',  ( 1.000000000000000000, 0.0000000000000000000, -0.0000000000000000000 ) ) ;
#2674 = VECTOR ( 'NONE', #2673, 1000.000000000000000 ) ;
#2675 = AXIS2_PLACEMENT_3D ( 'NONE', #2658, #2813, #2748 ) ;
#2676 = CIRCLE ( 'NONE', #2675, 10.27579727645737500 ) ;
#2677 = CIRCLE ( 'NONE', #2706, 10.77579727645737500 ) ;
#2678 = DIRECTION ( 'NONE',  ( -0.0000000000000000000, -0.7071067811865475700, 0.7071067811865475700 ) ) ;
#2679 = CARTESIAN_POINT ( 'NONE',  ( 8.585607479261998500, -18.71466527530985500, 2.729760281649721500 ) ) ;
#2680 = FACE_OUTER_BOUND ( 'NONE', #3885, .T. ) ;
#2681 = DIRECTION ( 'NONE',  ( 8.881784197001252300E-016, 0.7071067811865475700, 0.7071067811865475700 ) ) ;
#2682 = DIRECTION ( 'NONE',  ( 0.0000000000000000000, -0.7071067811865475700, 0.7071067811865475700 ) ) ;
#2683 = CARTESIAN_POINT ( 'NONE',  ( 0.0000000000000000000, -21.67766952966368900, 13.67766952966368200 ) ) ;
#2684 = AXIS2_PLACEMENT_3D ( 'NONE', #2683, #2682, #2681 ) ;
#2685 = CARTESIAN_POINT ( 'NONE',  ( 0.0000000000000000000, -14.36865938788651900, 6.368659387886511400 ) ) ;
#2686 = CARTESIAN_POINT ( 'NONE',  ( 10.77261703942160400, -21.86277634378662100, 13.49256271554074800 ) ) ;
#2687 = CARTESIAN_POINT ( 'NONE',  ( -10.64299401356664500, -14.42938322641288600, 8.107432779930942200 ) ) ;
#2688 = CARTESIAN_POINT ( 'NONE',  ( -10.64299401356664100, -14.31012864539323800, 7.988178198911295900 ) ) ;
#2689 = CARTESIAN_POINT ( 'NONE',  ( -10.63983757757357800, -14.16942593004480200, 7.894664701021061300 ) ) ;
#2690 = DIRECTION ( 'NONE',  ( 1.065814103640150600E-014, -0.7071067811865483500, -0.7071067811865466800 ) ) ;
#2691 = CARTESIAN_POINT ( 'NONE',  ( -10.53725257959440700, -12.88898117615867100, 7.895443621522740200 ) ) ;
#2692 = CARTESIAN_POINT ( 'NONE',  ( -10.51523152639766100, -12.74792853875754700, 7.989390237015472400 ) ) ;
#2693 = LINE ( 'NONE', #2718, #2717 ) ;
#2694 = CIRCLE ( 'NONE', #2684, 12.77579727645737500 ) ;
#2695 = DIRECTION ( 'NONE',  ( 0.0000000000000000000, 0.7071067811865474600, 0.7071067811865475700 ) ) ;
#2696 = CIRCLE ( 'NONE', #2704, 10.27579727645737300 ) ;
#2697 = CARTESIAN_POINT ( 'NONE',  ( -10.64299401356664500, -14.42938322641288600, 8.107432779930942200 ) ) ;
#2698 = CARTESIAN_POINT ( 'NONE',  ( -10.49147945361104700, -12.62988599584208600, 8.107432779930944000 ) ) ;
#2699 = CARTESIAN_POINT ( 'NONE',  ( -10.62704621921032600, -13.86043847375868800, 7.767183358486674300 ) ) ;
#2700 = CARTESIAN_POINT ( 'NONE',  ( -10.61736971983269000, -13.69328500217711700, 7.734442002899007700 ) ) ;
#2701 = CARTESIAN_POINT ( 'NONE',  ( -10.59160522966128000, -13.36131044350566600, 7.735051690413635900 ) ) ;
#2702 = CARTESIAN_POINT ( 'NONE',  ( -10.57526336226268700, -13.19417517452001000, 7.768688493506547700 ) ) ;
#2703 = DIRECTION ( 'NONE',  ( -0.0000000000000000000, 0.7071067811865466800, -0.7071067811865484600 ) ) ;
#2704 = AXIS2_PLACEMENT_3D ( 'NONE', #2705, #2703, #2690 ) ;
#2705 = CARTESIAN_POINT ( 'NONE',  ( 0.0000000000000000000, -14.72221277847978600, 6.722212778479780000 ) ) ;
#2706 = AXIS2_PLACEMENT_3D ( 'NONE', #2685, #2678, #2695 ) ;
#2707 = FACE_OUTER_BOUND ( 'NONE', #3944, .T. ) ;
#2708 = CARTESIAN_POINT ( 'NONE',  ( -10.49147945361104700, -12.62988599584208600, 8.107432779930944000 ) ) ;
#2709 = CARTESIAN_POINT ( 'NONE',  ( -10.20706052273707900, -20.48509136231138300, 14.87024769701598500 ) ) ;
#2710 = LINE ( 'NONE', #2709, #2674 ) ;
#2711 = DIRECTION ( 'NONE',  ( 0.0000000000000000000, 0.7071067811865474600, 0.7071067811865474600 ) ) ;
#2712 = DIRECTION ( 'NONE',  ( -0.0000000000000000000, 0.7071067811865475700, -0.7071067811865475700 ) ) ;
#2713 = CARTESIAN_POINT ( 'NONE',  ( 0.0000000000000000000, -21.67766952966368900, 13.67766952966368200 ) ) ;
#2714 = B_SPLINE_CURVE_WITH_KNOTS ( 'NONE', 3,
 ( #2698, #2692, #2691, #2702, #2701, #2700, #2699, #2689, #2688, #2687 ),
 .UNSPECIFIED., .F., .F.,
 ( 4, 2, 2, 2, 4 ),
 ( 0.0000000000000000000, 0.0005022994393432723700, 0.001004598878686544700, 0.001506898318029817100, 0.002009197757373090400 ),
 .UNSPECIFIED. ) ;
#2715 = PLANE ( 'NONE',  #2722 ) ;
#2716 = DIRECTION ( 'NONE',  ( -0.0000000000000000000, -0.7071067811865474600, 0.7071067811865474600 ) ) ;
#2717 = VECTOR ( 'NONE', #2716, 1000.000000000000100 ) ;
#2718 = CARTESIAN_POINT ( 'NONE',  ( 10.27276460330732600, -21.85418733596780800, 13.50115172335956400 ) ) ;
#2719 = AXIS2_PLACEMENT_3D ( 'NONE', #2880, #2919, #2885 ) ;
#2720 = CARTESIAN_POINT ( 'NONE',  ( -10.63467912755798400, -11.01823229607660400, 5.476445792577136400 ) ) ;
#2721 = CARTESIAN_POINT ( 'NONE',  ( -12.65699763972272900, -11.01823229607660400, 5.476445792577136400 ) ) ;
#2722 = AXIS2_PLACEMENT_3D ( 'NONE', #2713, #2712, #2711 ) ;
#2723 = CARTESIAN_POINT ( 'NONE',  ( 8.422930648044889800, -18.88958024548285100, 2.554845311476730400 ) ) ;
#2724 = CARTESIAN_POINT ( 'NONE',  ( 7.656978157281685100, -19.25257518895297400, 1.559599125074107900 ) ) ;
#2725 = CARTESIAN_POINT ( 'NONE',  ( 8.254735681350101800, -19.01971176164656500, 2.356048440375408100 ) ) ;
#2726 = CARTESIAN_POINT ( 'NONE',  ( 0.0000000000000000000, -21.67766952966368900, 13.67766952966368200 ) ) ;
#2727 = CARTESIAN_POINT ( 'NONE',  ( 7.093745225840912400, -18.06501639782920100, -0.4494346203846154000 ) ) ;
#2728 = CARTESIAN_POINT ( 'NONE',  ( 7.046995018643732700, -18.19197952620256900, -0.3847638080804705600 ) ) ;
#2729 = CARTESIAN_POINT ( 'NONE',  ( 7.495991032226633000, -19.25620240153082100, 1.314741197730747000 ) ) ;
#2730 = AXIS2_PLACEMENT_3D ( 'NONE', #2798, #2797, #2796 ) ;
#2731 = DIRECTION ( 'NONE',  ( 0.0000000000000000000, -0.7071067811865458000, -0.7071067811865492400 ) ) ;
#2732 = DIRECTION ( 'NONE',  ( 1.110542799072642900E-015, -0.7071067811865484600, 0.7071067811865466800 ) ) ;
#2733 = CARTESIAN_POINT ( 'NONE',  ( 12.71333574833236200, -14.90731959260282100, 5.122892401983869500 ) ) ;
#2734 = AXIS2_PLACEMENT_3D ( 'NONE', #2733, #2732, #2731 ) ;
#2735 = DIRECTION ( 'NONE',  ( -0.0000000000000000000, -0.7071067811865475700, 0.7071067811865475700 ) ) ;
#2736 = B_SPLINE_CURVE_WITH_KNOTS ( 'NONE', 3,
 ( #2802, #2723, #2725, #2771, #2737, #2745, #2724, #2729, #2785, #2784, #2803, #2770, #2769, #2836, #2835, #2766, #2765, #2728, #2727, #2776, #2775, #2774, #2773, #2772, #2791, #2790, #2794, #2793, #2792, #2824 ),
 .UNSPECIFIED., .F., .F.,
 ( 4, 2, 2, 2, 2, 2, 2, 2, 2, 2, 2, 2, 2, 2, 4 ),
 ( 0.0000000000000000000, 0.0008732786375156147400, 0.001309917956273422100, 0.001746557275031229500, 0.002183196593789036700, 0.002619835912546844100, 0.003056475231304651600, 0.003493114550062459000, 0.003929753868820266800, 0.004366393187578073400, 0.004803032506335880800, 0.005239671825093688200, 0.005676311143851495700, 0.006112950462609304800, 0.006986229100124922300 ),
 .UNSPECIFIED. ) ;
#2737 = CARTESIAN_POINT ( 'NONE',  ( 7.908890667096166300, -19.19154189689933400, 1.911622493855208700 ) ) ;
#2738 = DIRECTION ( 'NONE',  ( -1.000000000000000000, 0.0000000000000000000, 0.0000000000000000000 ) ) ;
#2739 = DIRECTION ( 'NONE',  ( 0.0000000000000000000, 0.0000000000000000000, -1.000000000000000000 ) ) ;
#2740 = CARTESIAN_POINT ( 'NONE',  ( -27.50000000000000000, 0.0000000000000000000, -7.500000000000000000 ) ) ;
#2741 = TOROIDAL_SURFACE ( 'NONE', #2795, 4.500000000000000900, 0.5000000000000000000 ) ;
#2742 = LINE ( 'NONE', #2757, #2756 ) ;
#2743 = CIRCLE ( 'NONE', #2831, 10.27579727645737500 ) ;
#2744 = DIRECTION ( 'NONE',  ( 1.000000000000000000, 0.0000000000000000000, 0.0000000000000000000 ) ) ;
#2745 = CARTESIAN_POINT ( 'NONE',  ( 7.739880971959340000, -19.23938634224025500, 1.678712078624728500 ) ) ;
#2746 = CARTESIAN_POINT ( 'NONE',  ( 0.0000000000000000000, -21.67766952966368900, 13.67766952966368200 ) ) ;
#2747 = B_SPLINE_CURVE_WITH_KNOTS ( 'NONE', 3,
 ( #2810, #2809, #2808, #2807, #2806, #2805, #2804, #2624, #2619, #2645, #2656, #2648 ),
 .UNSPECIFIED., .F., .F.,
 ( 4, 2, 2, 2, 2, 4 ),
 ( 0.0000000000000000000, 0.0005057353058789531300, 0.001011470611757906300, 0.001264338264697385400, 0.001517205917636864700, 0.002022941223515827700 ),
 .UNSPECIFIED. ) ;
#2748 = DIRECTION ( 'NONE',  ( 0.0000000000000000000, 0.7071067811865475700, 0.7071067811865475700 ) ) ;
#2749 = DIRECTION ( 'NONE',  ( 0.0000000000000000000, 0.7071067811865474600, 0.7071067811865474600 ) ) ;
#2750 = DIRECTION ( 'NONE',  ( -0.0000000000000000000, 0.7071067811865475700, -0.7071067811865475700 ) ) ;
#2751 = DIRECTION ( 'NONE',  ( 1.000000000000000000, 0.0000000000000000000, 0.0000000000000000000 ) ) ;
#2752 = VECTOR ( 'NONE', #2751, 1000.000000000000000 ) ;
#2753 = CARTESIAN_POINT ( 'NONE',  ( 0.0000000000000000000, -21.86277634378662100, 13.49256271554074800 ) ) ;
#2754 = CONICAL_SURFACE ( 'NONE', #2758, 2.999999999999999100, 0.7853981633974482800 ) ;
#2755 = DIRECTION ( 'NONE',  ( -1.000000000000000000, -0.0000000000000000000, -0.0000000000000000000 ) ) ;
#2756 = VECTOR ( 'NONE', #2755, 1000.000000000000000 ) ;
#2757 = CARTESIAN_POINT ( 'NONE',  ( 3.000000000000002700, -14.42938322641288600, 8.107432779930942200 ) ) ;
#2758 = AXIS2_PLACEMENT_3D ( 'NONE', #2786, #2782, #2744 ) ;
#2759 = FACE_OUTER_BOUND ( 'NONE', #4035, .T. ) ;
#2760 = PLANE ( 'NONE',  #2811 ) ;
#2761 = DIRECTION ( 'NONE',  ( -1.000000000000000000, -0.0000000000000000000, -0.0000000000000000000 ) ) ;
#2762 = VECTOR ( 'NONE', #2761, 1000.000000000000000 ) ;
#2763 = CARTESIAN_POINT ( 'NONE',  ( 3.000000000000002700, -12.62988599584208600, 8.107432779930944000 ) ) ;
#2764 = LINE ( 'NONE', #2753, #2752 ) ;
#2765 = CARTESIAN_POINT ( 'NONE',  ( 6.983649053964786200, -18.43249273769640700, -0.2279513865881708500 ) ) ;
#2766 = CARTESIAN_POINT ( 'NONE',  ( 6.966640264271513900, -18.54865906284498700, -0.1338437603491369500 ) ) ;
#2767 = CARTESIAN_POINT ( 'NONE',  ( 12.71333574833236000, 21.97784408977933200, -31.76227128039828400 ) ) ;
#2768 = CARTESIAN_POINT ( 'NONE',  ( 27.50000000000000000, -1.224646799147353100E-015, -2.500000000000000400 ) ) ;
#2769 = CARTESIAN_POINT ( 'NONE',  ( 7.049138628906567000, -19.00442448977404200, 0.4305314753139757300 ) ) ;
#2770 = CARTESIAN_POINT ( 'NONE',  ( 7.095186435565795000, -19.06733340479385700, 0.5548084395037410400 ) ) ;
#2771 = CARTESIAN_POINT ( 'NONE',  ( 7.995715005644536100, -19.15647599123433800, 2.026295614163090300 ) ) ;
#2772 = CARTESIAN_POINT ( 'NONE',  ( 7.652229034943242200, -17.06336954037021100, -0.6370901710224519100 ) ) ;
#2773 = CARTESIAN_POINT ( 'NONE',  ( 7.491917925603492500, -17.30771971605961600, -0.6398663534776141100 ) ) ;
#2774 = CARTESIAN_POINT ( 'NONE',  ( 7.415150735915012200, -17.43167791627682600, -0.6299421248123767700 ) ) ;
#2775 = CARTESIAN_POINT ( 'NONE',  ( 7.271454665805842800, -17.68499810341932500, -0.5842283918037071100 ) ) ;
#2776 = CARTESIAN_POINT ( 'NONE',  ( 7.205496887917308700, -17.81288743260984500, -0.5484711689021769500 ) ) ;
#2777 = DIRECTION ( 'NONE',  ( -1.000000000000000000, 0.0000000000000000000, 0.0000000000000000000 ) ) ;
#2778 = DIRECTION ( 'NONE',  ( 0.0000000000000000000, 0.0000000000000000000, -1.000000000000000000 ) ) ;
#2779 = CARTESIAN_POINT ( 'NONE',  ( -27.50000000000000000, 0.0000000000000000000, -7.500000000000000000 ) ) ;
#2780 = AXIS2_PLACEMENT_3D ( 'NONE', #2779, #2778, #2777 ) ;
#2781 = TOROIDAL_SURFACE ( 'NONE', #2780, 3.500000000000000000, 0.5000000000000000000 ) ;
#2782 = DIRECTION ( 'NONE',  ( 0.0000000000000000000, 0.0000000000000000000, 1.000000000000000000 ) ) ;
#2783 = DIRECTION ( 'NONE',  ( -1.000000000000000000, 0.0000000000000000000, 0.0000000000000000000 ) ) ;
#2784 = CARTESIAN_POINT ( 'NONE',  ( 7.274482397428239500, -19.20155566273322000, 0.9366258296063063600 ) ) ;
#2785 = CARTESIAN_POINT ( 'NONE',  ( 7.417624628110939300, -19.24634758971073700, 1.188382460874295200 ) ) ;
#2786 = CARTESIAN_POINT ( 'NONE',  ( 27.50000000000000000, -1.224646799147353100E-015, -1.000000000000000000 ) ) ;
#2787 = DIRECTION ( 'NONE',  ( 0.0000000000000000000, 0.7071067811865475700, 0.7071067811865475700 ) ) ;
#2788 = DIRECTION ( 'NONE',  ( 0.0000000000000000000, -0.7071067811865475700, 0.7071067811865475700 ) ) ;
#2789 = CARTESIAN_POINT ( 'NONE',  ( 0.0000000000000000000, -21.67766952966368900, 13.67766952966368200 ) ) ;
#2790 = CARTESIAN_POINT ( 'NONE',  ( 7.906843811930945900, -16.70709041867938500, -0.5763443782274896300 ) ) ;
#2791 = CARTESIAN_POINT ( 'NONE',  ( 7.736483019458750800, -16.94207875263859000, -0.6241211585181674100 ) ) ;
#2792 = CARTESIAN_POINT ( 'NONE',  ( 8.423026874692203200, -16.06104965498177600, -0.2734783475145755000 ) ) ;
#2793 = CARTESIAN_POINT ( 'NONE',  ( 8.250471312357454700, -16.26515917540993800, -0.4065305527057632700 ) ) ;
#2794 = CARTESIAN_POINT ( 'NONE',  ( 7.992622546558211000, -16.59375296276993700, -0.5418189011018319500 ) ) ;
#2795 = AXIS2_PLACEMENT_3D ( 'NONE', #2740, #2739, #2738 ) ;
#2796 = DIRECTION ( 'NONE',  ( 0.0000000000000000000, -0.7071067811865458000, 0.7071067811865492400 ) ) ;
#2797 = DIRECTION ( 'NONE',  ( 0.1320121305906759300, 0.7009182539272732500, 0.7009182539272699200 ) ) ;
#2798 = CARTESIAN_POINT ( 'NONE',  ( -12.66398478673458200, -20.83864475290465600, 15.22380108760926000 ) ) ;
#2799 = CIRCLE ( 'NONE', #2730, 0.4999999999999994400 ) ;
#2800 = FACE_OUTER_BOUND ( 'NONE', #3972, .T. ) ;
#2801 = AXIS2_PLACEMENT_3D ( 'NONE', #2843, #2825, #2818 ) ;
#2802 = CARTESIAN_POINT ( 'NONE',  ( 8.585607479261998500, -18.71466527530985500, 2.729760281649721500 ) ) ;
#2803 = CARTESIAN_POINT ( 'NONE',  ( 7.208732018859673300, -19.16668723395154200, 0.8098108893553450600 ) ) ;
#2804 = CARTESIAN_POINT ( 'NONE',  ( -12.70041226033828400, -13.35288375927457100, 7.744346542202794800 ) ) ;
#2805 = CARTESIAN_POINT ( 'NONE',  ( -12.71004770458888400, -13.43739678650590400, 7.735354429485717300 ) ) ;
#2806 = CARTESIAN_POINT ( 'NONE',  ( -12.73374424580352500, -13.68760776327620300, 7.733617244042995300 ) ) ;
#2807 = CARTESIAN_POINT ( 'NONE',  ( -12.74333279143767700, -13.85650069914516000, 7.766138002002939800 ) ) ;
#2808 = CARTESIAN_POINT ( 'NONE',  ( -12.75498448262071500, -14.16591132146063200, 7.892649165434608700 ) ) ;
#2809 = CARTESIAN_POINT ( 'NONE',  ( -12.75733636444396500, -14.30942600515928300, 7.987475558677334500 ) ) ;
#2810 = CARTESIAN_POINT ( 'NONE',  ( -12.75733636444396200, -14.42938322641288600, 8.107432779930942200 ) ) ;
#2811 = AXIS2_PLACEMENT_3D ( 'NONE', #2746, #2750, #2749 ) ;
#2812 = CIRCLE ( 'NONE', #2719, 10.77579727645737500 ) ;
#2813 = DIRECTION ( 'NONE',  ( 0.0000000000000000000, -0.7071067811865475700, 0.7071067811865475700 ) ) ;
#2814 = AXIS2_PLACEMENT_3D ( 'NONE', #2726, #2816, #2815 ) ;
#2815 = DIRECTION ( 'NONE',  ( 0.0000000000000000000, 0.7071067811865474600, 0.7071067811865474600 ) ) ;
#2816 = DIRECTION ( 'NONE',  ( -0.0000000000000000000, 0.7071067811865475700, -0.7071067811865475700 ) ) ;
#2817 = TOROIDAL_SURFACE ( 'NONE', #2840, 5.500000000000000000, 0.5000000000000000000 ) ;
#2818 = DIRECTION ( 'NONE',  ( 0.0000000000000000000, 0.7071067811865474600, 0.7071067811865476800 ) ) ;
#2819 = DIRECTION ( 'NONE',  ( 0.0000000000000000000, 0.0000000000000000000, -1.000000000000000000 ) ) ;
#2820 = CARTESIAN_POINT ( 'NONE',  ( -12.66398478673458200, -20.48509136231138300, 14.87024769701598500 ) ) ;
#2821 = CIRCLE ( 'NONE', #2734, 0.4999999999999994400 ) ;
#2822 = AXIS2_PLACEMENT_3D ( 'NONE', #2767, #2735, #2844 ) ;
#2823 = CIRCLE ( 'NONE', #2814, 10.77579727645737500 ) ;
#2824 = CARTESIAN_POINT ( 'NONE',  ( 8.585607479261996700, -15.88623815056366700, -0.09866684309647078000 ) ) ;
#2825 = DIRECTION ( 'NONE',  ( -0.0000000000000000000, 0.7071067811865475700, -0.7071067811865475700 ) ) ;
#2826 = FACE_OUTER_BOUND ( 'NONE', #3949, .T. ) ;
#2827 = CARTESIAN_POINT ( 'NONE',  ( -12.53691868966881100, -12.62988599584208600, 8.107432779930944000 ) ) ;
#2828 = DIRECTION ( 'NONE',  ( 0.0000000000000000000, 0.7071067811865475700, 0.7071067811865475700 ) ) ;
#2829 = DIRECTION ( 'NONE',  ( 0.0000000000000000000, -0.7071067811865475700, 0.7071067811865475700 ) ) ;
#2830 = CARTESIAN_POINT ( 'NONE',  ( 0.0000000000000000000, -21.32411613907041600, 13.32411613907040900 ) ) ;
#2831 = AXIS2_PLACEMENT_3D ( 'NONE', #2830, #2829, #2828 ) ;
#2832 = LINE ( 'NONE', #2763, #2762 ) ;
#2833 = AXIS2_PLACEMENT_3D ( 'NONE', #2789, #2788, #2787 ) ;
#2834 = CIRCLE ( 'NONE', #2833, 12.77579727645737500 ) ;
#2835 = CARTESIAN_POINT ( 'NONE',  ( 6.967278875132642200, -18.75538948239680100, 0.07371967551034371000 ) ) ;
#2836 = CARTESIAN_POINT ( 'NONE',  ( 6.984576605839238000, -18.84781323226824400, 0.1885776323455530500 ) ) ;
#2837 = FACE_OUTER_BOUND ( 'NONE', #3891, .T. ) ;
#2838 = CYLINDRICAL_SURFACE ( 'NONE', #2822, 0.4999999999999982200 ) ;
#2839 = TOROIDAL_SURFACE ( 'NONE', #2801, 12.77579727645737500, 0.5000000000000000000 ) ;
#2840 = AXIS2_PLACEMENT_3D ( 'NONE', #2768, #2819, #2783 ) ;
#2841 = FACE_OUTER_BOUND ( 'NONE', #4052, .T. ) ;
#2842 = FACE_OUTER_BOUND ( 'NONE', #3953, .T. ) ;
#2843 = CARTESIAN_POINT ( 'NONE',  ( 0.0000000000000000000, -22.03122292025696500, 14.03122292025695600 ) ) ;
#2844 = DIRECTION ( 'NONE',  ( 0.0000000000000000000, -0.7071067811865475700, -0.7071067811865475700 ) ) ;
#2845 = DIRECTION ( 'NONE',  ( 0.0000000000000000000, -0.7071067811865475700, 0.7071067811865474600 ) ) ;
#2846 = CARTESIAN_POINT ( 'NONE',  ( 3.000000000000002700, -11.25926244738704400, 9.478056328385985600 ) ) ;
#2847 = CARTESIAN_POINT ( 'NONE',  ( 20.00000000000000000, -25.80792901608457200, 16.73060860665215400 ) ) ;
#2848 = LINE ( 'NONE', #2874, #2895 ) ;
#2849 = CARTESIAN_POINT ( 'NONE',  ( 13.21089122339530400, -22.34314011820648800, 12.48887670153128400 ) ) ;
#2850 = CARTESIAN_POINT ( 'NONE',  ( 12.71601363450692000, -21.94623968868901200, 12.88749038612631800 ) ) ;
#2851 = CARTESIAN_POINT ( 'NONE',  ( 13.26524868211489600, -21.93831231153300700, 12.87499477032815100 ) ) ;
#2852 = PLANE ( 'NONE',  #2930 ) ;
#2853 = FACE_OUTER_BOUND ( 'NONE', #3875, .T. ) ;
#2854 = CARTESIAN_POINT ( 'NONE',  ( 13.22333493789773400, -22.51441408145260300, 12.84533305733795100 ) ) ;
#2855 = CARTESIAN_POINT ( 'NONE',  ( 12.73197805272660000, -22.00920720601694200, 13.07367310648988100 ) ) ;
#2856 = CARTESIAN_POINT ( 'NONE',  ( 13.26524185989008600, -22.00548143817000500, 13.04556685939205700 ) ) ;
#2857 = CYLINDRICAL_SURFACE ( 'NONE', #2869, 1.272436694463025400 ) ;
#2858 = DIRECTION ( 'NONE',  ( 0.0000000000000000000, -0.7071067811865458000, -0.7071067811865492400 ) ) ;
#2859 = DIRECTION ( 'NONE',  ( -2.454141982286333200E-015, 0.7071067811865475700, -0.7071067811865475700 ) ) ;
#2860 = CARTESIAN_POINT ( 'NONE',  ( 10.77261703942160400, -21.50922295319334800, 13.13900932494747500 ) ) ;
#2861 = CIRCLE ( 'NONE', #2867, 0.4999999999999994400 ) ;
#2862 = LINE ( 'NONE', #2939, #2938 ) ;
#2863 = CARTESIAN_POINT ( 'NONE',  ( 12.77311500707114800, -21.86277634378662400, 13.49256271554075000 ) ) ;
#2864 = CARTESIAN_POINT ( 'NONE',  ( 13.27301003243323600, -21.87002077676084300, 13.48531828256653500 ) ) ;
#2865 = CARTESIAN_POINT ( 'NONE',  ( 10.77261703942160400, -21.50922295319334800, 13.13900932494747500 ) ) ;
#2866 = CARTESIAN_POINT ( 'NONE',  ( 13.27301003243323600, -22.22357416735411200, 13.83887167315980800 ) ) ;
#2867 = AXIS2_PLACEMENT_3D ( 'NONE', #2860, #2859, #2858 ) ;
#2868 = DIRECTION ( 'NONE',  ( -1.000000000000000000, 0.0000000000000000000, 0.0000000000000000000 ) ) ;
#2869 = AXIS2_PLACEMENT_3D ( 'NONE', #2898, #2912, #2886 ) ;
#2870 = CARTESIAN_POINT ( 'NONE',  ( 13.24484048172093000, -22.53352009462225400, 13.24493357245351200 ) ) ;
#2871 = CARTESIAN_POINT ( 'NONE',  ( 12.75339147203316200, -21.99630467043365600, 13.26957793941269000 ) ) ;
#2872 = CARTESIAN_POINT ( 'NONE',  ( 13.26740914683357500, -22.00393245698237600, 13.24294686426417700 ) ) ;
#2873 = DIRECTION ( 'NONE',  ( 0.0000000000000000000, 0.7071067811865474600, 0.7071067811865474600 ) ) ;
#2874 = CARTESIAN_POINT ( 'NONE',  ( 12.71333574833236000, -25.80792901608457200, 16.73060860665215400 ) ) ;
#2875 = CARTESIAN_POINT ( 'NONE',  ( 27.50000000000000000, -1.224646799147353100E-015, -7.500000000000000000 ) ) ;
#2876 = SPHERICAL_SURFACE ( 'NONE', #2903, 0.5000000000000000000 ) ;
#2877 = FACE_OUTER_BOUND ( 'NONE', #3993, .T. ) ;
#2878 = PLANE ( 'NONE',  #2943 ) ;
#2879 = DIRECTION ( 'NONE',  ( 0.0000000000000000000, 1.000000000000000000, 0.0000000000000000000 ) ) ;
#2880 = CARTESIAN_POINT ( 'NONE',  ( 0.0000000000000000000, -21.67766952966368900, 13.67766952966368200 ) ) ;
#2881 = DIRECTION ( 'NONE',  ( 0.0000000000000000000, 0.7071067811865475700, 0.7071067811865475700 ) ) ;
#2882 = DIRECTION ( 'NONE',  ( 0.0000000000000000000, 0.7071067811865475700, -0.7071067811865475700 ) ) ;
#2883 = CARTESIAN_POINT ( 'NONE',  ( 0.0000000000000000000, -14.36865938788651900, 6.368659387886511400 ) ) ;
#2884 = CIRCLE ( 'NONE', #2920, 12.77579727645737500 ) ;
#2885 = DIRECTION ( 'NONE',  ( 0.0000000000000000000, 0.7071067811865474600, 0.7071067811865474600 ) ) ;
#2886 = DIRECTION ( 'NONE',  ( 0.0000000000000000000, 0.0000000000000000000, 1.000000000000000000 ) ) ;
#2887 = CARTESIAN_POINT ( 'NONE',  ( -12.75733636444396200, -14.42938322641288600, 8.107432779930942200 ) ) ;
#2888 = DIRECTION ( 'NONE',  ( -0.0000000000000000000, 0.7071067811865474600, 0.7071067811865475700 ) ) ;
#2889 = AXIS2_PLACEMENT_3D ( 'NONE', #2875, #2892, #2868 ) ;
#2890 = FACE_OUTER_BOUND ( 'NONE', #4201, .T. ) ;
#2891 = DIRECTION ( 'NONE',  ( 1.000000000000000000, 0.0000000000000000000, 0.0000000000000000000 ) ) ;
#2892 = DIRECTION ( 'NONE',  ( 0.0000000000000000000, 0.0000000000000000000, -1.000000000000000000 ) ) ;
#2893 =( BOUNDED_SURFACE ( )  B_SPLINE_SURFACE ( 3, 2, ( 
 ( #2866, #2864, #2863 ),
 ( #2927, #2926, #2925 ),
 ( #2914, #2913, #2942 ),
 ( #2941, #2872, #2871 ),
 ( #2870, #2901, #2900 ),
 ( #2899, #2856, #2855 ),
 ( #2854, #2918, #2917 ),
 ( #2916, #2851, #2850 ),
 ( #2849, #2911, #2910 ),
 ( #2909, #2897, #2896 ) ),
 .UNSPECIFIED., .F., .F., .F. ) 
 B_SPLINE_SURFACE_WITH_KNOTS ( ( 4, 2, 2, 2, 4 ),
 ( 3, 3 ),
 ( 0.001341259799462131900, 0.001732483839662983200, 0.002123707879863834400, 0.002514931920064685700, 0.002906155960265537300 ),
 ( 0.0000000000000000000, 1.000000000000000000 ),
 .UNSPECIFIED. ) 
 GEOMETRIC_REPRESENTATION_ITEM ( )  RATIONAL_B_SPLINE_SURFACE ( (
 ( 1.000000000000000000, 0.7071067811865487900, 1.000000000000000000),
 ( 1.000000000000000000, 0.7061855830543992700, 1.000000000000000000),
 ( 1.000000000000000000, 0.7037155867545247200, 1.000000000000000000),
 ( 1.000000000000000000, 0.6967581622255082400, 1.000000000000000000),
 ( 1.000000000000000000, 0.6922750550513210300, 1.000000000000000000),
 ( 1.000000000000000000, 0.6834809231688039300, 1.000000000000000000),
 ( 1.000000000000000000, 0.6791596658710136200, 1.000000000000000000),
 ( 1.000000000000000000, 0.6730696476470270400, 1.000000000000000000),
 ( 1.000000000000000000, 0.6712378290650108400, 1.000000000000000000),
 ( 1.000000000000000000, 0.6712811064390561400, 1.000000000000000000) ) ) 
 REPRESENTATION_ITEM ( '' )  SURFACE ( )  );
#2894 = FACE_OUTER_BOUND ( 'NONE', #3925, .T. ) ;
#2895 = VECTOR ( 'NONE', #2845, 1000.000000000000000 ) ;
#2896 = CARTESIAN_POINT ( 'NONE',  ( 12.71333574833236000, -21.86277634378662100, 12.78545593435420200 ) ) ;
#2897 = CARTESIAN_POINT ( 'NONE',  ( 13.26541657595146800, -21.86277634378662400, 12.78545593435420400 ) ) ;
#2898 = CARTESIAN_POINT ( 'NONE',  ( 3.000000000000002700, -13.52963461112748300, 9.007181395216338900 ) ) ;
#2899 = CARTESIAN_POINT ( 'NONE',  ( 13.23026311885315400, -22.53856056045028900, 12.97896779007397700 ) ) ;
#2900 = CARTESIAN_POINT ( 'NONE',  ( 12.74600638998252800, -22.00923867127135800, 13.20410430316267300 ) ) ;
#2901 = CARTESIAN_POINT ( 'NONE',  ( 13.26638013269270100, -22.01290332771700900, 13.17472332030985900 ) ) ;
#2902 = TOROIDAL_SURFACE ( 'NONE', #2889, 3.500000000000000000, 0.5000000000000000000 ) ;
#2903 = AXIS2_PLACEMENT_3D ( 'NONE', #2865, #2879, #2891 ) ;
#2904 = CARTESIAN_POINT ( 'NONE',  ( 11.42240730625674400, -18.67059113553200000, 1.100990966017225200 ) ) ;
#2905 = DIRECTION ( 'NONE',  ( -0.0000000000000000000, 0.7071067811865475700, -0.7071067811865474600 ) ) ;
#2906 = VECTOR ( 'NONE', #2905, 1000.000000000000000 ) ;
#2907 = CARTESIAN_POINT ( 'NONE',  ( 10.77261703942160200, -14.55376620200955500, 5.476445792577139000 ) ) ;
#2908 = FACE_OUTER_BOUND ( 'NONE', #3967, .T. ) ;
#2909 = CARTESIAN_POINT ( 'NONE',  ( 13.21089122268854300, -22.25124785244339900, 12.39698442569742200 ) ) ;
#2910 = CARTESIAN_POINT ( 'NONE',  ( 12.71333574901983000, -21.90872247919100600, 12.83140206975858500 ) ) ;
#2911 = CARTESIAN_POINT ( 'NONE',  ( 13.26541657591105800, -21.90362697745126000, 12.82630657175071700 ) ) ;
#2912 = DIRECTION ( 'NONE',  ( -1.000000000000000000, -0.0000000000000000000, -0.0000000000000000000 ) ) ;
#2913 = CARTESIAN_POINT ( 'NONE',  ( 13.27001953362148600, -21.95696886836538300, 13.37277275623846200 ) ) ;
#2914 = CARTESIAN_POINT ( 'NONE',  ( 13.26523428099485000, -22.39764788894197900, 13.62793585899731300 ) ) ;
#2915 = DIRECTION ( 'NONE',  ( 0.0000000000000000000, 0.7071067811865475700, -0.7071067811865475700 ) ) ;
#2916 = CARTESIAN_POINT ( 'NONE',  ( 13.21367391008031700, -22.41744773397121900, 12.60178013751011900 ) ) ;
#2917 = CARTESIAN_POINT ( 'NONE',  ( 12.72531080004384300, -21.99610306727835500, 13.00788664118308100 ) ) ;
#2918 = CARTESIAN_POINT ( 'NONE',  ( 13.26513427303859400, -21.98893711910798000, 12.98399866929254500 ) ) ;
#2919 = DIRECTION ( 'NONE',  ( -0.0000000000000000000, 0.7071067811865475700, -0.7071067811865475700 ) ) ;
#2920 = AXIS2_PLACEMENT_3D ( 'NONE', #2883, #2882, #2881 ) ;
#2921 = DIRECTION ( 'NONE',  ( -1.000000000000000000, -0.0000000000000000000, -0.0000000000000000000 ) ) ;
#2922 = VECTOR ( 'NONE', #2921, 1000.000000000000000 ) ;
#2923 = CARTESIAN_POINT ( 'NONE',  ( 3.000000000000002700, -11.01823229607660400, 5.476445792577136400 ) ) ;
#2924 = LINE ( 'NONE', #2923, #2922 ) ;
#2925 = CARTESIAN_POINT ( 'NONE',  ( 12.77043038774053800, -21.90908869759751100, 13.44625036172986300 ) ) ;
#2926 = CARTESIAN_POINT ( 'NONE',  ( 13.27155921935092500, -21.91912588843781900, 13.43431147156198200 ) ) ;
#2927 = CARTESIAN_POINT ( 'NONE',  ( 13.27022029576500200, -22.31982567917165000, 13.74262012952993000 ) ) ;
#2928 = DIRECTION ( 'NONE',  ( 0.0000000000000000000, -0.7071067811865475700, 0.7071067811865474600 ) ) ;
#2929 = FACE_OUTER_BOUND ( 'NONE', #3914, .T. ) ;
#2930 = AXIS2_PLACEMENT_3D ( 'NONE', #2847, #2888, #2928 ) ;
#2931 = LINE ( 'NONE', #2907, #2906 ) ;
#2932 = DIRECTION ( 'NONE',  ( -1.000000000000000000, -0.0000000000000000000, -0.0000000000000000000 ) ) ;
#2933 = FACE_OUTER_BOUND ( 'NONE', #4056, .T. ) ;
#2934 = DIRECTION ( 'NONE',  ( -1.000000000000000000, -0.0000000000000000000, -0.0000000000000000000 ) ) ;
#2935 = VECTOR ( 'NONE', #2934, 1000.000000000000000 ) ;
#2936 = CARTESIAN_POINT ( 'NONE',  ( 3.000000000000002700, -11.25926244738704400, 9.478056328385985600 ) ) ;
#2937 = LINE ( 'NONE', #2936, #2935 ) ;
#2938 = VECTOR ( 'NONE', #2932, 1000.000000000000000 ) ;
#2939 = CARTESIAN_POINT ( 'NONE',  ( 20.00000000000000000, -21.86277634378662100, 12.78545593435420400 ) ) ;
#2940 = CARTESIAN_POINT ( 'NONE',  ( -9.837738981906929000, -11.25926244738704400, 9.478056328385985600 ) ) ;
#2941 = CARTESIAN_POINT ( 'NONE',  ( 13.25251458486012600, -22.50458350291362600, 13.37894944846135400 ) ) ;
#2942 = CARTESIAN_POINT ( 'NONE',  ( 12.76563210773748100, -21.94618810053675900, 13.39071991741486300 ) ) ;
#2943 = AXIS2_PLACEMENT_3D ( 'NONE', #2846, #2915, #2873 ) ;
#2944 = CARTESIAN_POINT ( 'NONE',  ( -11.99517808879720900, -11.25926244738704400, 9.478056328385985600 ) ) ;
#2945 = FACE_OUTER_BOUND ( 'NONE', #4014, .T. ) ;
#2946 = CARTESIAN_POINT ( 'NONE',  ( 12.71333574833236000, -21.86277634378662100, 12.78545593435420400 ) ) ;
#2947 = CARTESIAN_POINT ( 'NONE',  ( 0.0000000000000000000, 0.0000000000000000000, -7.500000000000000000 ) ) ;
#2948 = DIRECTION ( 'NONE',  ( 0.0000000000000000000, 0.0000000000000000000, -1.000000000000000000 ) ) ;
#2949 = CARTESIAN_POINT ( 'NONE',  ( 27.50000000000000000, -1.224646799147353100E-015, -7.500000000000000000 ) ) ;
#2950 = CARTESIAN_POINT ( 'NONE',  ( 12.41855232210305200, -14.33608765014657600, 2.180777012977836100 ) ) ;
#2951 = CARTESIAN_POINT ( 'NONE',  ( 12.38671889246513700, -14.43889107686829800, 2.055787011785436700 ) ) ;
#2952 = CARTESIAN_POINT ( 'NONE',  ( 12.35239991182860000, -14.55376620200955900, 1.940911886644183700 ) ) ;
#2953 = FACE_OUTER_BOUND ( 'NONE', #3853, .T. ) ;
#2954 = CARTESIAN_POINT ( 'NONE',  ( 12.71333574833235900, -14.43632494050147300, 5.359004531069062200 ) ) ;
#2955 = CARTESIAN_POINT ( 'NONE',  ( 12.71205405833233600, -14.33244544018069000, 5.231950857887617300 ) ) ;
#2956 = CARTESIAN_POINT ( 'NONE',  ( 12.70679786158260100, -14.15070260394653800, 4.959407546218249900 ) ) ;
#2957 = CARTESIAN_POINT ( 'NONE',  ( 12.70275360256800900, -14.07221083652704500, 4.812148844965225400 ) ) ;
#2958 = CARTESIAN_POINT ( 'NONE',  ( 12.69145039761052000, -13.94694278208009100, 4.507689168667702100 ) ) ;
#2959 = CARTESIAN_POINT ( 'NONE',  ( 10.28015043012262500, -16.97038835693427900, 5.089539384253107800 ) ) ;
#2960 = CARTESIAN_POINT ( 'NONE',  ( 10.01284366930162400, -17.18475318936335600, 3.552565586409668800 ) ) ;
#2961 = DIRECTION ( 'NONE',  ( 0.0000000000000000000, 0.0000000000000000000, -1.000000000000000000 ) ) ;
#2962 = FACE_OUTER_BOUND ( 'NONE', #3955, .T. ) ;
#2963 = CARTESIAN_POINT ( 'NONE',  ( -10.70166887658163500, -14.55376620200955200, 5.476445792577139000 ) ) ;
#2964 = CARTESIAN_POINT ( 'NONE',  ( 12.57630211315352000, -13.88981093022203900, 3.044025405686189500 ) ) ;
#2965 = CARTESIAN_POINT ( 'NONE',  ( 12.50445576743563900, -14.07720888520560000, 2.595454754568698800 ) ) ;
#2966 = CARTESIAN_POINT ( 'NONE',  ( 12.47755423147312100, -14.15478192401468300, 2.451035429258227300 ) ) ;
#2967 = CARTESIAN_POINT ( 'NONE',  ( 10.25503269928027400, -16.84320395792986600, 4.778633620969193500 ) ) ;
#2968 = CARTESIAN_POINT ( 'NONE',  ( 10.18787609628157200, -16.81312903155936000, 4.278308297582073600 ) ) ;
#2969 = CARTESIAN_POINT ( 'NONE',  ( 3.000000000000002700, -12.78599924904307600, 7.244212745543610900 ) ) ;
#2970 = CARTESIAN_POINT ( 'NONE',  ( 10.09058576618941500, -16.97470055763395200, 3.808495878983656300 ) ) ;
#2971 = CYLINDRICAL_SURFACE ( 'NONE', #3026, 2.500000000000148800 ) ;
#2972 = TOROIDAL_SURFACE ( 'NONE', #3001, 4.500000000000000900, 0.5000000000000000000 ) ;
#2973 = CARTESIAN_POINT ( 'NONE',  ( -12.77311500707115100, -14.55376620200955200, 5.476445792577139000 ) ) ;
#2974 = CARTESIAN_POINT ( 'NONE',  ( 12.71333574833236000, -14.55376620200955400, 5.476445792577137300 ) ) ;
#2975 =( BOUNDED_SURFACE ( )  B_SPLINE_SURFACE ( 3, 2, ( 
 ( #3063, #3059, #3058 ),
 ( #3069, #3068, #3103 ),
 ( #3127, #3084, #3088 ),
 ( #3076, #3082, #3074 ),
 ( #3130, #3151, #3152 ),
 ( #3149, #3148, #3145 ),
 ( #3147, #3146, #3150 ),
 ( #3154, #3153, #3155 ),
 ( #3156, #3157, #3160 ),
 ( #3159, #3158, #4852 ),
 ( #4913, #4914, #4916 ),
 ( #4912, #4898, #4915 ),
 ( #4920, #4911, #4868 ),
 ( #4919, #4918, #4917 ),
 ( #4853, #4870, #4869 ),
 ( #4925, #4897, #4896 ) ),
 .UNSPECIFIED., .F., .F., .T. ) 
 B_SPLINE_SURFACE_WITH_KNOTS ( ( 4, 2, 2, 2, 2, 2, 2, 4 ),
 ( 3, 3 ),
 ( 0.0000000000000000000, 0.0003943320993365272400, 0.0007886641986730544700, 0.001182996298009581800, 0.001577328397346108900, 0.001971660496682636100, 0.002365992596019163600, 0.003154656794692217900 ),
 ( 0.0000000000000000000, 1.000000000000000000 ),
 .UNSPECIFIED. ) 
 GEOMETRIC_REPRESENTATION_ITEM ( )  RATIONAL_B_SPLINE_SURFACE ( (
 ( 1.000000000000000000, 0.6712811064390580300, 1.000000000000000000),
 ( 1.000000000000000000, 0.6712832548048094400, 1.000000000000000000),
 ( 1.000000000000000000, 0.6711318978841198700, 1.000000000000000000),
 ( 1.000000000000000000, 0.6706340577679530400, 1.000000000000000000),
 ( 1.000000000000000000, 0.6702804966911311000, 1.000000000000000000),
 ( 1.000000000000000000, 0.6696429144913997900, 1.000000000000000000),
 ( 1.000000000000000000, 0.6693612149753641600, 1.000000000000000000),
 ( 1.000000000000000000, 0.6692449023413852300, 1.000000000000000000),
 ( 1.000000000000000000, 0.6694211338298938800, 1.000000000000000000),
 ( 1.000000000000000000, 0.6706458729585465000, 1.000000000000000000),
 ( 1.000000000000000000, 0.6716895953264773200, 1.000000000000000000),
 ( 1.000000000000000000, 0.6750724117458165600, 1.000000000000000000),
 ( 1.000000000000000000, 0.6773818906867571400, 1.000000000000000000),
 ( 1.000000000000000000, 0.6864200278545963300, 1.000000000000000000),
 ( 1.000000000000000000, 0.6954780948826384500, 1.000000000000000000),
 ( 1.000000000000000000, 0.7071067811865479100, 1.000000000000000000) ) ) 
 REPRESENTATION_ITEM ( '' )  SURFACE ( )  );
#2976 = VECTOR ( 'NONE', #2996, 1000.000000000000000 ) ;
#2977 = CARTESIAN_POINT ( 'NONE',  ( 3.000000000000002700, -14.55376620200955200, 5.476445792577139000 ) ) ;
#2978 = LINE ( 'NONE', #2977, #2976 ) ;
#2979 = AXIS2_PLACEMENT_3D ( 'NONE', #2969, #3024, #3002 ) ;
#2980 = FACE_OUTER_BOUND ( 'NONE', #3981, .T. ) ;
#2981 = CARTESIAN_POINT ( 'NONE',  ( 12.68424326864452200, -13.89989174350695000, 4.351012363024488600 ) ) ;
#2982 = CARTESIAN_POINT ( 'NONE',  ( 12.66573301983622300, -13.83669796178070000, 4.028887433656903400 ) ) ;
#2983 = CARTESIAN_POINT ( 'NONE',  ( 12.65432122953177800, -13.82093973459905500, 3.862712207584326800 ) ) ;
#2984 = CARTESIAN_POINT ( 'NONE',  ( 12.61352777528277400, -13.82277242312641100, 3.372569132979450900 ) ) ;
#2985 = AXIS2_PLACEMENT_3D ( 'NONE', #2947, #2961, #3017 ) ;
#2986 = DIRECTION ( 'NONE',  ( -1.000000000000000000, -0.0000000000000000000, -0.0000000000000000000 ) ) ;
#2987 = TOROIDAL_SURFACE ( 'NONE', #2985, 36.00000000000000000, 0.5000000000000000000 ) ;
#2988 = CARTESIAN_POINT ( 'NONE',  ( 12.58317764542636600, -23.24046132526185500, 11.40777095287896800 ) ) ;
#2989 = CARTESIAN_POINT ( 'NONE',  ( 20.00000000000000000, -16.32153315497602400, 3.708678839610661400 ) ) ;
#2990 = CARTESIAN_POINT ( 'NONE',  ( 10.28654110211628100, -17.18475318936335200, 5.352062816980469200 ) ) ;
#2991 = CARTESIAN_POINT ( 'NONE',  ( 10.28654110211628300, -17.06453778320664200, 5.231847410823756500 ) ) ;
#2992 = CYLINDRICAL_SURFACE ( 'NONE', #2979, 2.500000000000147900 ) ;
#2993 = DIRECTION ( 'NONE',  ( 0.0000000000000000000, 0.0000000000000000000, -1.000000000000000000 ) ) ;
#2994 = DIRECTION ( 'NONE',  ( 1.000000000000000000, 0.0000000000000000000, 0.0000000000000000000 ) ) ;
#2995 = CARTESIAN_POINT ( 'NONE',  ( 3.000000000000002700, -20.13153797171811000, 14.51669430642271200 ) ) ;
#2996 = DIRECTION ( 'NONE',  ( -1.000000000000000000, -0.0000000000000000000, -0.0000000000000000000 ) ) ;
#2997 = AXIS2_PLACEMENT_3D ( 'NONE', #2995, #2994, #2993 ) ;
#2998 = CYLINDRICAL_SURFACE ( 'NONE', #2997, 0.5000000000000004400 ) ;
#2999 = CARTESIAN_POINT ( 'NONE',  ( 10.77261703942160200, -21.86277634378662100, 12.78545593435420400 ) ) ;
#3000 = DIRECTION ( 'NONE',  ( 0.0000000000000000000, 0.0000000000000000000, 1.000000000000000000 ) ) ;
#3001 = AXIS2_PLACEMENT_3D ( 'NONE', #2949, #2948, #3019 ) ;
#3002 = DIRECTION ( 'NONE',  ( 0.0000000000000000000, 0.0000000000000000000, 1.000000000000000000 ) ) ;
#3003 = CARTESIAN_POINT ( 'NONE',  ( -12.77311500707115100, -14.55376620200955200, 5.476445792577139000 ) ) ;
#3004 = CARTESIAN_POINT ( 'NONE',  ( -12.77311500707115000, -14.43692222058648000, 5.359601811154068000 ) ) ;
#3005 = CARTESIAN_POINT ( 'NONE',  ( -12.77339969044115400, -14.31056148384129000, 5.256182211325539200 ) ) ;
#3006 = CARTESIAN_POINT ( 'NONE',  ( -12.77428888569900100, -14.03958462040089100, 5.075093309119235000 ) ) ;
#3007 = CARTESIAN_POINT ( 'NONE',  ( -12.77490081397608500, -13.89325062369768200, 4.996798505513278400 ) ) ;
#3008 = CARTESIAN_POINT ( 'NONE',  ( -12.77575988692208500, -13.59027748336454000, 4.871447924757029900 ) ) ;
#3009 = CARTESIAN_POINT ( 'NONE',  ( -12.77600351630301600, -13.43435861897310700, 4.824223434246914800 ) ) ;
#3010 = CARTESIAN_POINT ( 'NONE',  ( -12.77514916723143300, -13.11373485890116400, 4.760403672889821400 ) ) ;
#3011 = CARTESIAN_POINT ( 'NONE',  ( -12.77401864913409400, -12.94799864257689800, 4.744138318391202700 ) ) ;
#3012 = CARTESIAN_POINT ( 'NONE',  ( -12.76932460729097900, -12.62171079893228600, 4.744287696673751500 ) ) ;
#3013 = CARTESIAN_POINT ( 'NONE',  ( -12.76577212971627500, -12.45950676792258300, 4.760178418342866800 ) ) ;
#3014 = CARTESIAN_POINT ( 'NONE',  ( -12.75502489607696100, -12.13704526853244700, 4.824319646640421200 ) ) ;
#3015 = CARTESIAN_POINT ( 'NONE',  ( -12.74787303968220300, -11.97934658710191900, 4.872342955211281400 ) ) ;
#3016 = B_SPLINE_CURVE_WITH_KNOTS ( 'NONE', 3,
 ( #2952, #2951, #2950, #2966, #2965, #2964, #2984, #2983, #2982, #2981, #2958, #2957, #2956, #2955, #2954, #2974 ),
 .UNSPECIFIED., .F., .F.,
 ( 4, 2, 2, 2, 2, 2, 2, 4 ),
 ( 4.336808689942017300E-019, 0.0004947010302376739700, 0.0009894020604753475100, 0.001978804120950695400, 0.002473505151188370000, 0.002968206181426044900, 0.003462907211663719800, 0.003957608241901394400 ),
 .UNSPECIFIED. ) ;
#3017 = DIRECTION ( 'NONE',  ( -1.000000000000000000, 0.0000000000000000000, 0.0000000000000000000 ) ) ;
#3018 = B_SPLINE_CURVE_WITH_KNOTS ( 'NONE', 3,
 ( #2960, #3025, #2970, #3027, #2968, #3028, #2967, #2959, #2991, #2990 ),
 .UNSPECIFIED., .F., .F.,
 ( 4, 2, 2, 2, 4 ),
 ( 4.336808689942017300E-019, 0.0005051005807857854300, 0.001010201161571570400, 0.001515301742357355400, 0.002020402323143140400 ),
 .UNSPECIFIED. ) ;
#3019 = DIRECTION ( 'NONE',  ( -1.000000000000000000, 0.0000000000000000000, 0.0000000000000000000 ) ) ;
#3020 = CARTESIAN_POINT ( 'NONE',  ( -12.72032496511418200, -11.52855803224545600, 5.059113007882229100 ) ) ;
#3021 = CARTESIAN_POINT ( 'NONE',  ( -12.69308959193144700, -11.25052281649360400, 5.244155272160123900 ) ) ;
#3022 = CARTESIAN_POINT ( 'NONE',  ( -12.65699763972272900, -11.01823229607660400, 5.476445792577136400 ) ) ;
#3023 = B_SPLINE_CURVE_WITH_KNOTS ( 'NONE', 3,
 ( #3022, #3021, #3020, #3015, #3014, #3013, #3012, #3011, #3010, #3009, #3008, #3007, #3006, #3005, #3004, #3003 ),
 .UNSPECIFIED., .F., .F.,
 ( 4, 2, 2, 2, 2, 2, 2, 4 ),
 ( 6.064093079401385900E-017, 0.0009851889611896321300, 0.001477783441784419500, 0.001970377922379207000, 0.002462972402973994400, 0.002955566883568781700, 0.003448161364163569500, 0.003940755844758356800 ),
 .UNSPECIFIED. ) ;
#3024 = DIRECTION ( 'NONE',  ( -1.000000000000000000, -0.0000000000000000000, -0.0000000000000000000 ) ) ;
#3025 = CARTESIAN_POINT ( 'NONE',  ( 10.05272211871404900, -17.06796689600891900, 3.669351879764100000 ) ) ;
#3026 = AXIS2_PLACEMENT_3D ( 'NONE', #2989, #2986, #3000 ) ;
#3027 = CARTESIAN_POINT ( 'NONE',  ( 10.15796739511261600, -16.84745006163380100, 4.111926443927211800 ) ) ;
#3028 = CARTESIAN_POINT ( 'NONE',  ( 10.23619237178653700, -16.81105101042067700, 4.610396008045786900 ) ) ;
#3029 = CARTESIAN_POINT ( 'NONE',  ( 10.77261703942160200, -14.55376620200955400, 5.476445792577137300 ) ) ;
#3030 = AXIS2_PLACEMENT_3D ( 'NONE', #3051, #3042, #3060 ) ;
#3031 = AXIS2_PLACEMENT_3D ( 'NONE', #3040, #3047, #3033 ) ;
#3032 = FACE_OUTER_BOUND ( 'NONE', #3904, .T. ) ;
#3033 = DIRECTION ( 'NONE',  ( 0.0000000000000000000, -0.7071067811865475700, 0.7071067811865475700 ) ) ;
#3034 = FACE_OUTER_BOUND ( 'NONE', #4205, .T. ) ;
#3035 = DIRECTION ( 'NONE',  ( -1.000000000000000000, 0.0000000000000000000, 0.0000000000000000000 ) ) ;
#3036 = TOROIDAL_SURFACE ( 'NONE', #3037, 5.500000000000000000, 0.5000000000000000000 ) ;
#3037 = AXIS2_PLACEMENT_3D ( 'NONE', #3038, #3050, #3035 ) ;
#3038 = CARTESIAN_POINT ( 'NONE',  ( -27.50000000000000000, 0.0000000000000000000, -2.500000000000000400 ) ) ;
#3039 = FACE_OUTER_BOUND ( 'NONE', #4044, .T. ) ;
#3040 = CARTESIAN_POINT ( 'NONE',  ( -9.837738981906929000, -11.61281583798031900, 9.831609718979260400 ) ) ;
#3041 = FACE_OUTER_BOUND ( 'NONE', #4116, .T. ) ;
#3042 = DIRECTION ( 'NONE',  ( 0.0000000000000000000, 0.7071067811865475700, -0.7071067811865475700 ) ) ;
#3043 = AXIS2_PLACEMENT_3D ( 'NONE', #3048, #3052, #3061 ) ;
#3044 = DIRECTION ( 'NONE',  ( 0.0000000000000000000, -0.7071067811865458000, 0.7071067811865492400 ) ) ;
#3045 = AXIS2_PLACEMENT_3D ( 'NONE', #3049, #3055, #3057 ) ;
#3046 = TOROIDAL_SURFACE ( 'NONE', #3043, 10.77579727645737500, 0.5000000000000000000 ) ;
#3047 = DIRECTION ( 'NONE',  ( 0.4080766565331506200, 0.6455514860925986000, 0.6455514860925986000 ) ) ;
#3048 = CARTESIAN_POINT ( 'NONE',  ( 0.0000000000000000000, -11.89378565373360500, 3.893785653733598600 ) ) ;
#3049 = CARTESIAN_POINT ( 'NONE',  ( 0.0000000000000000000, 0.0000000000000000000, -2.500000000000000400 ) ) ;
#3050 = DIRECTION ( 'NONE',  ( 0.0000000000000000000, 0.0000000000000000000, -1.000000000000000000 ) ) ;
#3051 = CARTESIAN_POINT ( 'NONE',  ( 0.0000000000000000000, -14.72221277847979300, 6.722212778479786300 ) ) ;
#3052 = DIRECTION ( 'NONE',  ( 0.0000000000000000000, 0.7071067811865483500, -0.7071067811865466800 ) ) ;
#3053 = TOROIDAL_SURFACE ( 'NONE', #3045, 34.99999999999999300, 0.5000000000000000000 ) ;
#3054 = AXIS2_PLACEMENT_3D ( 'NONE', #3065, #3064, #3044 ) ;
#3055 = DIRECTION ( 'NONE',  ( 0.0000000000000000000, 0.0000000000000000000, -1.000000000000000000 ) ) ;
#3056 = FACE_OUTER_BOUND ( 'NONE', #4157, .T. ) ;
#3057 = DIRECTION ( 'NONE',  ( -1.000000000000000000, 0.0000000000000000000, 0.0000000000000000000 ) ) ;
#3058 = CARTESIAN_POINT ( 'NONE',  ( 12.71333574833236000, -14.55376620200955400, 5.476445792577137300 ) ) ;
#3059 = CARTESIAN_POINT ( 'NONE',  ( 13.26541657595146400, -14.55376620200955400, 5.476445792577138100 ) ) ;
#3060 = DIRECTION ( 'NONE',  ( 0.0000000000000000000, 0.7071067811865475700, 0.7071067811865475700 ) ) ;
#3061 = DIRECTION ( 'NONE',  ( 0.0000000000000000000, 0.7071067811865466800, 0.7071067811865483500 ) ) ;
#3062 = TOROIDAL_SURFACE ( 'NONE', #3030, 10.77579727645737500, 0.5000000000000000000 ) ;
#3063 = CARTESIAN_POINT ( 'NONE',  ( 13.21089122268854300, -14.94223771066633000, 5.087974283920358300 ) ) ;
#3064 = DIRECTION ( 'NONE',  ( 0.3695836089701044500, 0.6570418388430973000, 0.6570418388430939700 ) ) ;
#3065 = CARTESIAN_POINT ( 'NONE',  ( 10.01284366930162400, -17.53830657995662900, 3.906118977002943200 ) ) ;
#3066 = CIRCLE ( 'NONE', #3054, 0.4999999999999994400 ) ;
#3067 = CIRCLE ( 'NONE', #3031, 0.5000000000000006700 ) ;
#3068 = CARTESIAN_POINT ( 'NONE',  ( 13.26541657546635600, -14.43334052088627200, 5.356020100961420600 ) ) ;
#3069 = CARTESIAN_POINT ( 'NONE',  ( 13.21089122210199700, -14.84796168859900300, 4.993698253495223200 ) ) ;
#3070 = CARTESIAN_POINT ( 'NONE',  ( 11.15869638921256200, -18.49076352222579100, 0.3192062420867349800 ) ) ;
#3071 = CARTESIAN_POINT ( 'NONE',  ( 10.74416907289884500, -18.39158191181672900, -0.08555490954408275000 ) ) ;
#3072 = CARTESIAN_POINT ( 'NONE',  ( 11.09788548812041100, -18.90457191245274500, 0.5943622965396413400 ) ) ;
#3073 = CARTESIAN_POINT ( 'NONE',  ( 11.23364293386417500, -18.64012402210581200, 0.6348042433265508300 ) ) ;
#3074 = CARTESIAN_POINT ( 'NONE',  ( 12.70675230494015700, -14.14954928988149300, 4.957476729180849700 ) ) ;
#3075 = CARTESIAN_POINT ( 'NONE',  ( 10.87949766026032200, -17.63847411128088900, -0.3844572772208774100 ) ) ;
#3076 = CARTESIAN_POINT ( 'NONE',  ( 13.20405012688022100, -14.62066058046508800, 4.671002633831835600 ) ) ;
#3077 = CARTESIAN_POINT ( 'NONE',  ( 11.05672435972982500, -17.06593128370732900, -0.3284243479675102400 ) ) ;
#3078 = CARTESIAN_POINT ( 'NONE',  ( 11.18297217491746700, -17.75466854010217700, -0.3706240719590380700 ) ) ;
#3079 = CARTESIAN_POINT ( 'NONE',  ( 11.76400699008122400, -16.95146325165863700, 0.2503216181816508300 ) ) ;
#3080 = CARTESIAN_POINT ( 'NONE',  ( 10.73843174686777100, -18.70147212082967100, 0.2054833096050995600 ) ) ;
#3081 = CARTESIAN_POINT ( 'NONE',  ( 11.01096259807671100, -18.68427307998439000, 0.1885733772864273400 ) ) ;
#3082 = CARTESIAN_POINT ( 'NONE',  ( 13.25961152026895300, -14.14181153986546500, 4.944536370379055700 ) ) ;
#3083 = CARTESIAN_POINT ( 'NONE',  ( 10.76319761389395100, -18.21639879617604400, -0.1978076722527938900 ) ) ;
#3084 = CARTESIAN_POINT ( 'NONE',  ( 13.26431453717184200, -14.32706439049810100, 5.225389137911165000 ) ) ;
#3085 = CARTESIAN_POINT ( 'NONE',  ( 10.77708896997558500, -18.12380147933732000, -0.2443466201048390400 ) ) ;
#3086 = CARTESIAN_POINT ( 'NONE',  ( 11.58165920296384300, -16.89904994551443100, -0.2827321398317864100 ) ) ;
#3087 = CARTESIAN_POINT ( 'NONE',  ( 11.62683222200986100, -17.14939728963134500, 0.08484404819120801300 ) ) ;
#3088 = CARTESIAN_POINT ( 'NONE',  ( 12.71204527978550300, -14.33172432941167800, 5.231068709825310100 ) ) ;
#3089 = CARTESIAN_POINT ( 'NONE',  ( 10.75812071071212000, -18.81879702391446700, 0.3871538743041824700 ) ) ;
#3090 = CARTESIAN_POINT ( 'NONE',  ( 11.03486195891803400, -18.79269381336557000, 0.3469932759623382500 ) ) ;
#3091 = CARTESIAN_POINT ( 'NONE',  ( 11.17915590805046500, -18.56814069144469700, 0.4411593820707703800 ) ) ;
#3092 = CARTESIAN_POINT ( 'NONE',  ( 11.30528312719273900, -17.77592690533929300, -0.06791618905789405200 ) ) ;
#3093 = CARTESIAN_POINT ( 'NONE',  ( 11.32618775480035300, -17.40507079593856700, -0.3950398629095618900 ) ) ;
#3094 = CARTESIAN_POINT ( 'NONE',  ( 11.42430945550571600, -17.51119720676245400, -0.05386457917360643700 ) ) ;
#3095 = CARTESIAN_POINT ( 'NONE',  ( 11.30555028261074000, -18.67716808539613600, 0.8350604024701765400 ) ) ;
#3096 = CARTESIAN_POINT ( 'NONE',  ( 10.83198939268537900, -18.95724123648810200, 0.7735117450472754900 ) ) ;
#3097 = CARTESIAN_POINT ( 'NONE',  ( 11.12401895427865600, -18.93447495758038500, 0.6808985178888445900 ) ) ;
#3098 =( BOUNDED_SURFACE ( )  B_SPLINE_SURFACE ( 3, 2, ( 
 ( #3079, #3114, #3123 ),
 ( #3106, #3101, #3100 ),
 ( #3087, #3086, #3099 ),
 ( #3105, #3104, #3077 ),
 ( #3094, #3093, #3128 ),
 ( #3092, #3078, #3075 ),
 ( #3115, #3122, #3121 ),
 ( #3126, #3102, #3085 ),
 ( #3117, #3116, #3083 ),
 ( #3113, #3112, #3071 ),
 ( #3120, #3119, #3118 ),
 ( #3070, #3081, #3080 ),
 ( #3091, #3090, #3089 ),
 ( #3073, #3072, #3125 ),
 ( #3124, #3097, #3096 ),
 ( #3095, #3111, #3110 ),
 ( #3109, #3108, #3107 ),
 ( #2904, #3142, #3140 ),
 ( #3144, #3141, #3137 ),
 ( #3136, #3143, #3134 ),
 ( #3132, #3133, #3135 ),
 ( #3131, #3139, #3138 ) ),
 .UNSPECIFIED., .F., .F., .T. ) 
 B_SPLINE_SURFACE_WITH_KNOTS ( ( 4, 2, 2, 2, 2, 2, 2, 2, 2, 2, 4 ),
 ( 3, 3 ),
 ( -5.312590645178971700E-018, 0.0004203190487279617700, 0.0008406380974559288500, 0.001260957146183895800, 0.001471116670547879300, 0.001681276194911862900, 0.002101595243639830000, 0.002311754768003813400, 0.002521914292367796700, 0.002942233341095763900, 0.003362552389823731000 ),
 ( 0.0000000000000000000, 1.000000000000000000 ),
 .UNSPECIFIED. ) 
 GEOMETRIC_REPRESENTATION_ITEM ( )  RATIONAL_B_SPLINE_SURFACE ( (
 ( 1.000000000000000000, 0.7071067811865496800, 1.000000000000000000),
 ( 1.000000000000000000, 0.7277358353859181300, 1.000000000000000000),
 ( 1.000000000000000000, 0.7480336281161325000, 1.000000000000000000),
 ( 1.000000000000000000, 0.7876820671345367000, 1.000000000000000000),
 ( 1.000000000000000000, 0.8060203133344362400, 1.000000000000000000),
 ( 1.000000000000000000, 0.8389071762476355600, 1.000000000000000000),
 ( 1.000000000000000000, 0.8525630228818814600, 1.000000000000000000),
 ( 1.000000000000000000, 0.8674626998801852100, 1.000000000000000000),
 ( 1.000000000000000000, 0.8712887449645602100, 1.000000000000000000),
 ( 1.000000000000000000, 0.8765195973733234100, 1.000000000000000000),
 ( 1.000000000000000000, 0.8779328526688424700, 1.000000000000000000),
 ( 1.000000000000000000, 0.8780891777366762700, 1.000000000000000000),
 ( 1.000000000000000000, 0.8727239080236014500, 1.000000000000000000),
 ( 1.000000000000000000, 0.8581742105381564600, 1.000000000000000000),
 ( 1.000000000000000000, 0.8521956970293284000, 1.000000000000000000),
 ( 1.000000000000000000, 0.8387423756267772300, 1.000000000000000000),
 ( 1.000000000000000000, 0.8311833762607960800, 1.000000000000000000),
 ( 1.000000000000000000, 0.8065526682958416000, 1.000000000000000000),
 ( 1.000000000000000000, 0.7878394882705532800, 1.000000000000000000),
 ( 1.000000000000000000, 0.7484379525357087700, 1.000000000000000000),
 ( 1.000000000000000000, 0.7279017775671313700, 1.000000000000000000),
 ( 1.000000000000000000, 0.7071067811865504600, 1.000000000000000000) ) ) 
 REPRESENTATION_ITEM ( '' )  SURFACE ( )  );
#3099 = CARTESIAN_POINT ( 'NONE',  ( 11.18893640318077400, -16.72069220827544100, -0.1773293994686494500 ) ) ;
#3100 = CARTESIAN_POINT ( 'NONE',  ( 11.25510559638347600, -16.56757906561775700, -0.07290097696401319500 ) ) ;
#3101 = CARTESIAN_POINT ( 'NONE',  ( 11.67241140376101100, -16.74179059646731500, -0.2070268190956955600 ) ) ;
#3102 = CARTESIAN_POINT ( 'NONE',  ( 11.05743342928521700, -18.17935408640124000, -0.2178516316250878300 ) ) ;
#3103 = CARTESIAN_POINT ( 'NONE',  ( 12.71333574777010800, -14.43592116914287400, 5.358600759710458100 ) ) ;
#3104 = CARTESIAN_POINT ( 'NONE',  ( 11.40682020992412900, -17.23483816292038600, -0.3763794129183750100 ) ) ;
#3105 = CARTESIAN_POINT ( 'NONE',  ( 11.48944586056907200, -17.38603160558426100, -0.02236082556681746500 ) ) ;
#3106 = CARTESIAN_POINT ( 'NONE',  ( 11.69559102177455200, -17.04396215387094000, 0.1578227434824083800 ) ) ;
#3107 = CARTESIAN_POINT ( 'NONE',  ( 10.90638692631728400, -18.99696207679035400, 1.068562923065251100 ) ) ;
#3108 = CARTESIAN_POINT ( 'NONE',  ( 11.21554574242827800, -18.99183482779783500, 0.9405613195109704400 ) ) ;
#3109 = CARTESIAN_POINT ( 'NONE',  ( 11.33322474581279600, -18.68035232177110000, 0.9019971484154786200 ) ) ;
#3110 = CARTESIAN_POINT ( 'NONE',  ( 10.87975475123918300, -18.99038489256215100, 0.9699586166170621700 ) ) ;
#3111 = CARTESIAN_POINT ( 'NONE',  ( 11.18255325166107100, -18.97793575574949900, 0.8531664799844435000 ) ) ;
#3112 = CARTESIAN_POINT ( 'NONE',  ( 11.01784813763452900, -18.41156322987049500, -0.06964712404567528800 ) ) ;
#3113 = CARTESIAN_POINT ( 'NONE',  ( 11.16465825347021500, -18.28392410732825400, 0.1254267061534425600 ) ) ;
#3114 = CARTESIAN_POINT ( 'NONE',  ( 11.76400699008122300, -16.59790986106536800, -0.1032317724116211100 ) ) ;
#3115 = CARTESIAN_POINT ( 'NONE',  ( 11.25463895138791800, -17.90832467589153500, -0.05006157604088496600 ) ) ;
#3116 = CARTESIAN_POINT ( 'NONE',  ( 11.04066297481197800, -18.25961517600386600, -0.1732386611880598600 ) ) ;
#3117 = CARTESIAN_POINT ( 'NONE',  ( 11.18443150630940500, -18.16631441084143000, 0.05141248128306107800 ) ) ;
#3118 = CARTESIAN_POINT ( 'NONE',  ( 10.73900243123460300, -18.47567000624664900, -0.01844039799859856200 ) ) ;
#3119 = CARTESIAN_POINT ( 'NONE',  ( 11.01164480344539100, -18.48503926045620500, -0.009222114329927106500 ) ) ;
#3120 = CARTESIAN_POINT ( 'NONE',  ( 11.15928940821246200, -18.34020426544308100, 0.1699482841509732700 ) ) ;
#3121 = CARTESIAN_POINT ( 'NONE',  ( 10.83076086835118100, -17.83383526531613900, -0.3544398116880647100 ) ) ;
#3122 = CARTESIAN_POINT ( 'NONE',  ( 11.12270827991279300, -17.92654078630113200, -0.3302366078305914400 ) ) ;
#3123 = CARTESIAN_POINT ( 'NONE',  ( 11.32094482420502000, -16.43405639425876100, 0.06062169439498234200 ) ) ;
#3124 = CARTESIAN_POINT ( 'NONE',  ( 11.25591555280989600, -18.65720267514451400, 0.7019654522746136000 ) ) ;
#3125 = CARTESIAN_POINT ( 'NONE',  ( 10.81055561459283400, -18.93020856786003100, 0.6741846121556252000 ) ) ;
#3126 = CARTESIAN_POINT ( 'NONE',  ( 11.19886651982760000, -18.10398200442007900, 0.02098738579230132300 ) ) ;
#3127 = CARTESIAN_POINT ( 'NONE',  ( 13.20955024919710800, -14.76496951553769300, 4.891307314639502300 ) ) ;
#3128 = CARTESIAN_POINT ( 'NONE',  ( 10.99404115371247100, -17.24925426821129900, -0.3712545186793164700 ) ) ;
#3129 = FACE_OUTER_BOUND ( 'NONE', #4078, .T. ) ;
#3130 = CARTESIAN_POINT ( 'NONE',  ( 13.19981672793054300, -14.55885081278590800, 4.551626484312446800 ) ) ;
#3131 = CARTESIAN_POINT ( 'NONE',  ( 11.76400699008122600, -18.36567681403173300, 1.664535180554749200 ) ) ;
#3132 = CARTESIAN_POINT ( 'NONE',  ( 11.69503928684148200, -18.45892164606515700, 1.571290336364391100 ) ) ;
#3133 = CARTESIAN_POINT ( 'NONE',  ( 11.67168898699595500, -18.82384389886571800, 1.873073052052009600 ) ) ;
#3134 = CARTESIAN_POINT ( 'NONE',  ( 11.18760217881888200, -18.79513000172071800, 1.892014427075005700 ) ) ;
#3135 = CARTESIAN_POINT ( 'NONE',  ( 11.25457350566515800, -18.68997849746681800, 2.047340278306210700 ) ) ;
#3136 = CARTESIAN_POINT ( 'NONE',  ( 11.62544578105664800, -18.53242228095733400, 1.464340156512208300 ) ) ;
#3137 = CARTESIAN_POINT ( 'NONE',  ( 11.05618518070231100, -18.94475759624200300, 1.548464256800860000 ) ) ;
#3138 = CARTESIAN_POINT ( 'NONE',  ( 11.32094482420502100, -18.55537673781839900, 2.181942037954629500 ) ) ;
#3139 = CARTESIAN_POINT ( 'NONE',  ( 11.76400699008122400, -18.71923020462500300, 2.018088571148021000 ) ) ;
#3140 = CARTESIAN_POINT ( 'NONE',  ( 10.99221064409664300, -18.98821694453079800, 1.361156970321488700 ) ) ;
#3141 = CARTESIAN_POINT ( 'NONE',  ( 11.40610793773302100, -18.99251381176828700, 1.379634971805433500 ) ) ;
#3142 = CARTESIAN_POINT ( 'NONE',  ( 11.32386252381848000, -19.01131287388467700, 1.205807820221050500 ) ) ;
#3143 = CARTESIAN_POINT ( 'NONE',  ( 11.57983791926102800, -18.89996089767565500, 1.713613886195544100 ) ) ;
#3144 = CARTESIAN_POINT ( 'NONE',  ( 11.48888557967967600, -18.63860774995860200, 1.228872955273172300 ) ) ;
#3145 = CARTESIAN_POINT ( 'NONE',  ( 12.69129705690178200, -13.94569722559065100, 4.504079402982785800 ) ) ;
#3146 = CARTESIAN_POINT ( 'NONE',  ( 13.23801241875110100, -13.88983608454947600, 4.314414196892762700 ) ) ;
#3147 = CARTESIAN_POINT ( 'NONE',  ( 13.18044924689481900, -14.42566915749523000, 4.176891500045135400 ) ) ;
#3148 = CARTESIAN_POINT ( 'NONE',  ( 13.24511793043336300, -13.93631804738281100, 4.477042498194028200 ) ) ;
#3149 = CARTESIAN_POINT ( 'NONE',  ( 13.18799001491132300, -14.46148545821303900, 4.304378242536397000 ) ) ;
#3150 = CARTESIAN_POINT ( 'NONE',  ( 12.68404029537853500, -13.89876901189661000, 4.346878812701293200 ) ) ;
#3151 = CARTESIAN_POINT ( 'NONE',  ( 13.25594182532271000, -14.06216090087416700, 4.792363729383422000 ) ) ;
#3152 = CARTESIAN_POINT ( 'NONE',  ( 12.70267834785402000, -14.07093201929286000, 4.809611602150142500 ) ) ;
#3153 = CARTESIAN_POINT ( 'NONE',  ( 13.21875351128436000, -13.82999907357928200, 3.979263961238173500 ) ) ;
#3154 = CARTESIAN_POINT ( 'NONE',  ( 13.16108263222490400, -14.37954081509514000, 3.914324080590201300 ) ) ;
#3155 = CARTESIAN_POINT ( 'NONE',  ( 12.66540307370373600, -13.83601380447084500, 4.023764315170100600 ) ) ;
#3156 = CARTESIAN_POINT ( 'NONE',  ( 13.14914810420619200, -14.36957011821285100, 3.778717529724517000 ) ) ;
#3157 = CARTESIAN_POINT ( 'NONE',  ( 13.20648791919507300, -13.81713024319410700, 3.806299274516880900 ) ) ;
#3158 = CARTESIAN_POINT ( 'NONE',  ( 13.17594016378156300, -13.82671133038831400, 3.466152971078002100 ) ) ;
#3159 = CARTESIAN_POINT ( 'NONE',  ( 13.12073621592987900, -14.37629963227328400, 3.511815180936986600 ) ) ;
#3160 = CARTESIAN_POINT ( 'NONE',  ( 12.65391803259209300, -13.82059308206719300, 3.857213477867180700 ) ) ;
#3161 = VERTEX_POINT ( 'NONE', #4512 ) ;
#3162 = ADVANCED_FACE ( 'NONE', ( #4497 ), #4489, .F. ) ;
#3163 = EDGE_LOOP ( 'NONE', ( #3306, #3166, #3345, #3365 ) ) ;
#3164 = EDGE_CURVE ( 'NONE', #3375, #3346, #4524, .T. ) ;
#3165 = EDGE_CURVE ( 'NONE', #3369, #3305, #4508, .T. ) ;
#3166 = ORIENTED_EDGE ( 'NONE', *, *, #3165, .T. ) ;
#3167 = VERTEX_POINT ( 'NONE', #4536 ) ;
#3168 = ORIENTED_EDGE ( 'NONE', *, *, #3171, .F. ) ;
#3169 = ORIENTED_EDGE ( 'NONE', *, *, #3185, .T. ) ;
#3170 = ORIENTED_EDGE ( 'NONE', *, *, #3408, .T. ) ;
#3171 = EDGE_CURVE ( 'NONE', #3561, #3183, #4513, .T. ) ;
#3172 = VERTEX_POINT ( 'NONE', #4480 ) ;
#3173 = ORIENTED_EDGE ( 'NONE', *, *, #3174, .F. ) ;
#3174 = EDGE_CURVE ( 'NONE', #3177, #3197, #4527, .T. ) ;
#3175 = ORIENTED_EDGE ( 'NONE', *, *, #3178, .T. ) ;
#3176 = VERTEX_POINT ( 'NONE', #4463 ) ;
#3177 = VERTEX_POINT ( 'NONE', #4476 ) ;
#3178 = EDGE_CURVE ( 'NONE', #3177, #3179, #4493, .T. ) ;
#3179 = VERTEX_POINT ( 'NONE', #4490 ) ;
#3180 = EDGE_CURVE ( 'NONE', #3398, #3179, #4491, .T. ) ;
#3181 = VERTEX_POINT ( 'NONE', #4501 ) ;
#3182 = VERTEX_POINT ( 'NONE', #4500 ) ;
#3183 = VERTEX_POINT ( 'NONE', #4534 ) ;
#3184 = EDGE_CURVE ( 'NONE', #3205, #3202, #4530, .T. ) ;
#3185 = EDGE_CURVE ( 'NONE', #3186, #3172, #4470, .T. ) ;
#3186 = VERTEX_POINT ( 'NONE', #4468 ) ;
#3187 = ORIENTED_EDGE ( 'NONE', *, *, #3180, .F. ) ;
#3188 = EDGE_LOOP ( 'NONE', ( #3420, #3170, #3168, #3545 ) ) ;
#3189 = VERTEX_POINT ( 'NONE', #4529 ) ;
#3190 = EDGE_CURVE ( 'NONE', #3181, #3172, #4484, .T. ) ;
#3191 = ORIENTED_EDGE ( 'NONE', *, *, #3203, .T. ) ;
#3192 = VERTEX_POINT ( 'NONE', #4492 ) ;
#3193 = ORIENTED_EDGE ( 'NONE', *, *, #3190, .F. ) ;
#3194 = ORIENTED_EDGE ( 'NONE', *, *, #3209, .F. ) ;
#3195 = ADVANCED_FACE ( 'NONE', ( #4474 ), #4487, .T. ) ;
#3196 = EDGE_CURVE ( 'NONE', #3182, #3176, #4545, .T. ) ;
#3197 = VERTEX_POINT ( 'NONE', #4521 ) ;
#3198 = EDGE_LOOP ( 'NONE', ( #3204, #3191, #3547, #3207 ) ) ;
#3199 = ORIENTED_EDGE ( 'NONE', *, *, #3206, .F. ) ;
#3200 = VERTEX_POINT ( 'NONE', #4520 ) ;
#3201 = ADVANCED_FACE ( 'NONE', ( #4540 ), #4537, .T. ) ;
#3202 = VERTEX_POINT ( 'NONE', #4462 ) ;
#3203 = EDGE_CURVE ( 'NONE', #3182, #3202, #4541, .T. ) ;
#3204 = ORIENTED_EDGE ( 'NONE', *, *, #3196, .F. ) ;
#3205 = VERTEX_POINT ( 'NONE', #4459 ) ;
#3206 = EDGE_CURVE ( 'NONE', #3186, #3192, #4538, .T. ) ;
#3207 = ORIENTED_EDGE ( 'NONE', *, *, #3404, .F. ) ;
#3208 = EDGE_CURVE ( 'NONE', #3189, #3561, #4458, .T. ) ;
#3209 = EDGE_CURVE ( 'NONE', #3192, #3181, #4626, .T. ) ;
#3210 = EDGE_LOOP ( 'NONE', ( #3321, #3283, #3294 ) ) ;
#3211 = EDGE_CURVE ( 'NONE', #3310, #3284, #4613, .T. ) ;
#3212 = ORIENTED_EDGE ( 'NONE', *, *, #3330, .F. ) ;
#3213 = ORIENTED_EDGE ( 'NONE', *, *, #3280, .T. ) ;
#3214 = EDGE_CURVE ( 'NONE', #3326, #3218, #4650, .T. ) ;
#3215 = EDGE_CURVE ( 'NONE', #3279, #3218, #4608, .T. ) ;
#3216 = EDGE_CURVE ( 'NONE', #3328, #3282, #4631, .T. ) ;
#3217 = EDGE_LOOP ( 'NONE', ( #3236, #3229, #3281, #3390 ) ) ;
#3218 = VERTEX_POINT ( 'NONE', #4563 ) ;
#3219 = EDGE_CURVE ( 'NONE', #3290, #3254, #4648, .T. ) ;
#3220 = EDGE_CURVE ( 'NONE', #3223, #3259, #4628, .T. ) ;
#3221 = EDGE_CURVE ( 'NONE', #3355, #3259, #4627, .T. ) ;
#3222 = ORIENTED_EDGE ( 'NONE', *, *, #3354, .F. ) ;
#3223 = VERTEX_POINT ( 'NONE', #4667 ) ;
#3224 = VERTEX_POINT ( 'NONE', #4612 ) ;
#3225 = ORIENTED_EDGE ( 'NONE', *, *, #3246, .F. ) ;
#3226 = EDGE_CURVE ( 'NONE', #3227, #3245, #4669, .T. ) ;
#3227 = VERTEX_POINT ( 'NONE', #4664 ) ;
#3228 = EDGE_CURVE ( 'NONE', #3296, #3295, #4668, .T. ) ;
#3229 = ORIENTED_EDGE ( 'NONE', *, *, #3215, .T. ) ;
#3230 = ORIENTED_EDGE ( 'NONE', *, *, #3319, .T. ) ;
#3231 = ORIENTED_EDGE ( 'NONE', *, *, #3324, .F. ) ;
#3232 = VERTEX_POINT ( 'NONE', #4610 ) ;
#3233 = EDGE_LOOP ( 'NONE', ( #3285, #3315, #3314, #3287 ) ) ;
#3234 = VERTEX_POINT ( 'NONE', #4587 ) ;
#3235 = EDGE_CURVE ( 'NONE', #3318, #3326, #4663, .T. ) ;
#3236 = ORIENTED_EDGE ( 'NONE', *, *, #3278, .F. ) ;
#3237 = EDGE_CURVE ( 'NONE', #3232, #3310, #4656, .T. ) ;
#3238 = ADVANCED_FACE ( 'NONE', ( #4611 ), #4657, .T. ) ;
#3239 = ORIENTED_EDGE ( 'NONE', *, *, #3265, .F. ) ;
#3240 = VERTEX_POINT ( 'NONE', #4639 ) ;
#3241 = ORIENTED_EDGE ( 'NONE', *, *, #3382, .F. ) ;
#3242 = ADVANCED_FACE ( 'NONE', ( #4567 ), #4652, .F. ) ;
#3243 = EDGE_CURVE ( 'NONE', #3253, #3245, #4581, .T. ) ;
#3244 = ORIENTED_EDGE ( 'NONE', *, *, #3249, .F. ) ;
#3245 = VERTEX_POINT ( 'NONE', #4586 ) ;
#3246 = EDGE_CURVE ( 'NONE', #3223, #3224, #4623, .T. ) ;
#3247 = ORIENTED_EDGE ( 'NONE', *, *, #3337, .T. ) ;
#3248 = VERTEX_POINT ( 'NONE', #4575 ) ;
#3249 = EDGE_CURVE ( 'NONE', #3250, #3357, #4606, .T. ) ;
#3250 = VERTEX_POINT ( 'NONE', #4605 ) ;
#3251 = VERTEX_POINT ( 'NONE', #4619 ) ;
#3252 = ORIENTED_EDGE ( 'NONE', *, *, #3335, .F. ) ;
#3253 = VERTEX_POINT ( 'NONE', #4607 ) ;
#3254 = VERTEX_POINT ( 'NONE', #4599 ) ;
#3255 = EDGE_CURVE ( 'NONE', #3227, #3261, #4597, .T. ) ;
#3256 = VERTEX_POINT ( 'NONE', #4576 ) ;
#3257 = ORIENTED_EDGE ( 'NONE', *, *, #3221, .F. ) ;
#3258 = ORIENTED_EDGE ( 'NONE', *, *, #3220, .T. ) ;
#3259 = VERTEX_POINT ( 'NONE', #4592 ) ;
#3260 = ORIENTED_EDGE ( 'NONE', *, *, #3356, .F. ) ;
#3261 = VERTEX_POINT ( 'NONE', #4659 ) ;
#3262 = EDGE_LOOP ( 'NONE', ( #3244, #3247, #3334, #3252 ) ) ;
#3263 = EDGE_CURVE ( 'NONE', #4024, #4405, #4556, .T. ) ;
#3264 = VERTEX_POINT ( 'NONE', #4558 ) ;
#3265 = EDGE_CURVE ( 'NONE', #3385, #3384, #4267, .T. ) ;
#3266 = ORIENTED_EDGE ( 'NONE', *, *, #3387, .F. ) ;
#3267 = EDGE_CURVE ( 'NONE', #3384, #3380, #4721, .T. ) ;
#3268 = ORIENTED_EDGE ( 'NONE', *, *, #3383, .T. ) ;
#3269 = ORIENTED_EDGE ( 'NONE', *, *, #3270, .T. ) ;
#3270 = EDGE_CURVE ( 'NONE', #3272, #3421, #4709, .T. ) ;
#3271 = ORIENTED_EDGE ( 'NONE', *, *, #3219, .T. ) ;
#3272 = VERTEX_POINT ( 'NONE', #4723 ) ;
#3273 = VERTEX_POINT ( 'NONE', #4705 ) ;
#3274 = ORIENTED_EDGE ( 'NONE', *, *, #3475, .F. ) ;
#3275 = ADVANCED_FACE ( 'NONE', ( #4722 ), #4689, .T. ) ;
#3276 = EDGE_LOOP ( 'NONE', ( #3350, #3269, #3274 ) ) ;
#3277 = ORIENTED_EDGE ( 'NONE', *, *, #3647, .T. ) ;
#3278 = EDGE_CURVE ( 'NONE', #3279, #3318, #4715, .T. ) ;
#3279 = VERTEX_POINT ( 'NONE', #4711 ) ;
#3280 = EDGE_CURVE ( 'NONE', #3296, #3234, #4740, .T. ) ;
#3281 = ORIENTED_EDGE ( 'NONE', *, *, #3214, .F. ) ;
#3282 = VERTEX_POINT ( 'NONE', #4714 ) ;
#3283 = ORIENTED_EDGE ( 'NONE', *, *, #3322, .T. ) ;
#3284 = VERTEX_POINT ( 'NONE', #4731 ) ;
#3285 = ORIENTED_EDGE ( 'NONE', *, *, #3237, .F. ) ;
#3286 = EDGE_CURVE ( 'NONE', #3232, #3311, #4690, .T. ) ;
#3287 = ORIENTED_EDGE ( 'NONE', *, *, #3211, .F. ) ;
#3288 = ADVANCED_FACE ( 'NONE', ( #4692 ), #4716, .T. ) ;
#3289 = ORIENTED_EDGE ( 'NONE', *, *, #3316, .F. ) ;
#3290 = VERTEX_POINT ( 'NONE', #4712 ) ;
#3291 = EDGE_CURVE ( 'NONE', #3379, #3273, #4694, .T. ) ;
#3292 = ADVANCED_FACE ( 'NONE', ( #4717 ), #4691, .F. ) ;
#3293 = EDGE_LOOP ( 'NONE', ( #3231, #3230, #3325, #3213 ) ) ;
#3294 = ORIENTED_EDGE ( 'NONE', *, *, #3216, .F. ) ;
#3295 = VERTEX_POINT ( 'NONE', #4726 ) ;
#3296 = VERTEX_POINT ( 'NONE', #4677 ) ;
#3297 = VERTEX_POINT ( 'NONE', #4728 ) ;
#3298 = ORIENTED_EDGE ( 'NONE', *, *, #3671, .F. ) ;
#3299 = EDGE_LOOP ( 'NONE', ( #3300, #3371, #3303, #3302 ) ) ;
#3300 = ORIENTED_EDGE ( 'NONE', *, *, #3301, .F. ) ;
#3301 = EDGE_CURVE ( 'NONE', #3308, #3367, #4700, .T. ) ;
#3302 = ORIENTED_EDGE ( 'NONE', *, *, #3304, .F. ) ;
#3303 = ORIENTED_EDGE ( 'NONE', *, *, #3372, .F. ) ;
#3304 = EDGE_CURVE ( 'NONE', #3367, #3364, #4704, .T. ) ;
#3305 = VERTEX_POINT ( 'NONE', #4759 ) ;
#3306 = ORIENTED_EDGE ( 'NONE', *, *, #3347, .F. ) ;
#3307 = ORIENTED_EDGE ( 'NONE', *, *, #3363, .T. ) ;
#3308 = VERTEX_POINT ( 'NONE', #4781 ) ;
#3309 = ADVANCED_FACE ( 'NONE', ( #4780 ), #4741, .T. ) ;
#3310 = VERTEX_POINT ( 'NONE', #4766 ) ;
#3311 = VERTEX_POINT ( 'NONE', #4751 ) ;
#3312 = EDGE_CURVE ( 'NONE', #3284, #3311, #4765, .T. ) ;
#3313 = ADVANCED_FACE ( 'NONE', ( #4760 ), #4776, .T. ) ;
#3314 = ORIENTED_EDGE ( 'NONE', *, *, #3312, .F. ) ;
#3315 = ORIENTED_EDGE ( 'NONE', *, *, #3286, .T. ) ;
#3316 = EDGE_CURVE ( 'NONE', #3290, #3297, #4744, .T. ) ;
#3317 = ADVANCED_FACE ( 'NONE', ( #4775 ), #4742, .T. ) ;
#3318 = VERTEX_POINT ( 'NONE', #4769 ) ;
#3319 = EDGE_CURVE ( 'NONE', #3388, #3295, #3574, .T. ) ;
#3320 = EDGE_LOOP ( 'NONE', ( #3289, #3271, #3352, #3260 ) ) ;
#3321 = ORIENTED_EDGE ( 'NONE', *, *, #3327, .F. ) ;
#3322 = EDGE_CURVE ( 'NONE', #3323, #3282, #4821, .T. ) ;
#3323 = VERTEX_POINT ( 'NONE', #4833 ) ;
#3324 = EDGE_CURVE ( 'NONE', #3388, #3234, #4805, .T. ) ;
#3325 = ORIENTED_EDGE ( 'NONE', *, *, #3228, .F. ) ;
#3326 = VERTEX_POINT ( 'NONE', #4824 ) ;
#3327 = EDGE_CURVE ( 'NONE', #3323, #3328, #4816, .T. ) ;
#3328 = VERTEX_POINT ( 'NONE', #4793 ) ;
#3329 = VERTEX_POINT ( 'NONE', #4829 ) ;
#3330 = EDGE_CURVE ( 'NONE', #3329, #3374, #4830, .T. ) ;
#3331 = ADVANCED_FACE ( 'NONE', ( #4827 ), #4804, .T. ) ;
#3332 = ADVANCED_FACE ( 'NONE', ( #2530 ), #2526, .T. ) ;
#3333 = ORIENTED_EDGE ( 'NONE', *, *, #3353, .F. ) ;
#3334 = ORIENTED_EDGE ( 'NONE', *, *, #3338, .F. ) ;
#3335 = EDGE_CURVE ( 'NONE', #3357, #3251, #2529, .T. ) ;
#3336 = ORIENTED_EDGE ( 'NONE', *, *, #3243, .F. ) ;
#3337 = EDGE_CURVE ( 'NONE', #3250, #3256, #1182, .T. ) ;
#3338 = EDGE_CURVE ( 'NONE', #3251, #3256, #1219, .T. ) ;
#3339 = EDGE_CURVE ( 'NONE', #3374, #3375, #1215, .T. ) ;
#3340 = ORIENTED_EDGE ( 'NONE', *, *, #3339, .F. ) ;
#3341 = ADVANCED_FACE ( 'NONE', ( #1272 ), #1299, .T. ) ;
#3342 = EDGE_CURVE ( 'NONE', #3308, #3366, #1224, .T. ) ;
#3343 = ADVANCED_FACE ( 'NONE', ( #1315 ), #1151, .T. ) ;
#3344 = EDGE_LOOP ( 'NONE', ( #3199, #3169, #3193, #3194 ) ) ;
#3345 = ORIENTED_EDGE ( 'NONE', *, *, #3373, .F. ) ;
#3346 = VERTEX_POINT ( 'NONE', #1301 ) ;
#3347 = EDGE_CURVE ( 'NONE', #3369, #3167, #1175, .T. ) ;
#3348 = EDGE_CURVE ( 'NONE', #3571, #3272, #1199, .T. ) ;
#3349 = CARTESIAN_POINT ( 'NONE',  ( 8.217214360279143600, 2.647973636237269400, -1.717275076556247000 ) ) ;
#3350 = ORIENTED_EDGE ( 'NONE', *, *, #3348, .T. ) ;
#3351 = ADVANCED_FACE ( 'NONE', ( #1220 ), #1198, .F. ) ;
#3352 = ORIENTED_EDGE ( 'NONE', *, *, #3360, .F. ) ;
#3353 = EDGE_CURVE ( 'NONE', #3261, #3253, #1256, .T. ) ;
#3354 = EDGE_CURVE ( 'NONE', #3224, #3355, #1269, .T. ) ;
#3355 = VERTEX_POINT ( 'NONE', #1255 ) ;
#3356 = EDGE_CURVE ( 'NONE', #3297, #3248, #1264, .T. ) ;
#3357 = VERTEX_POINT ( 'NONE', #1176 ) ;
#3358 = EDGE_LOOP ( 'NONE', ( #3359, #3362, #3336, #3333 ) ) ;
#3359 = ORIENTED_EDGE ( 'NONE', *, *, #3255, .F. ) ;
#3360 = EDGE_CURVE ( 'NONE', #3248, #3254, #1293, .T. ) ;
#3361 = EDGE_LOOP ( 'NONE', ( #3225, #3258, #3257, #3222 ) ) ;
#3362 = ORIENTED_EDGE ( 'NONE', *, *, #3226, .T. ) ;
#3363 = EDGE_CURVE ( 'NONE', #3329, #3346, #1262, .T. ) ;
#3364 = VERTEX_POINT ( 'NONE', #1294 ) ;
#3365 = ORIENTED_EDGE ( 'NONE', *, *, #3370, .F. ) ;
#3366 = VERTEX_POINT ( 'NONE', #1289 ) ;
#3367 = VERTEX_POINT ( 'NONE', #1263 ) ;
#3368 = ORIENTED_EDGE ( 'NONE', *, *, #3164, .F. ) ;
#3369 = VERTEX_POINT ( 'NONE', #1298 ) ;
#3370 = EDGE_CURVE ( 'NONE', #3167, #3161, #1226, .T. ) ;
#3371 = ORIENTED_EDGE ( 'NONE', *, *, #3342, .T. ) ;
#3372 = EDGE_CURVE ( 'NONE', #3364, #3366, #1286, .T. ) ;
#3373 = EDGE_CURVE ( 'NONE', #3161, #3305, #1281, .T. ) ;
#3374 = VERTEX_POINT ( 'NONE', #1277 ) ;
#3375 = VERTEX_POINT ( 'NONE', #1229 ) ;
#3376 = ADVANCED_FACE ( 'NONE', ( #1311 ), #1309, .T. ) ;
#3377 = EDGE_LOOP ( 'NONE', ( #3212, #3307, #3368, #3340 ) ) ;
#3378 = ORIENTED_EDGE ( 'NONE', *, *, #3267, .F. ) ;
#3379 = VERTEX_POINT ( 'NONE', #1308 ) ;
#3380 = VERTEX_POINT ( 'NONE', #1280 ) ;
#3381 = EDGE_LOOP ( 'NONE', ( #3239, #3268, #3241, #3378 ) ) ;
#3382 = EDGE_CURVE ( 'NONE', #3380, #3392, #1304, .T. ) ;
#3383 = EDGE_CURVE ( 'NONE', #3385, #3392, #1303, .T. ) ;
#3384 = VERTEX_POINT ( 'NONE', #1310 ) ;
#3385 = VERTEX_POINT ( 'NONE', #1305 ) ;
#3386 = VERTEX_POINT ( 'NONE', #1160 ) ;
#3387 = EDGE_CURVE ( 'NONE', #3240, #3379, #1155, .T. ) ;
#3388 = VERTEX_POINT ( 'NONE', #1193 ) ;
#3389 = ORIENTED_EDGE ( 'NONE', *, *, #3291, .F. ) ;
#3390 = ORIENTED_EDGE ( 'NONE', *, *, #3235, .F. ) ;
#3391 = EDGE_LOOP ( 'NONE', ( #3266, #3395, #3393, #3389 ) ) ;
#3392 = VERTEX_POINT ( 'NONE', #1192 ) ;
#3393 = ORIENTED_EDGE ( 'NONE', *, *, #3394, .F. ) ;
#3394 = EDGE_CURVE ( 'NONE', #3273, #3386, #1187, .T. ) ;
#3395 = ORIENTED_EDGE ( 'NONE', *, *, #3396, .T. ) ;
#3396 = EDGE_CURVE ( 'NONE', #3240, #3386, #1210, .T. ) ;
#3397 = VERTEX_POINT ( 'NONE', #1188 ) ;
#3398 = VERTEX_POINT ( 'NONE', #1213 ) ;
#3399 = EDGE_CURVE ( 'NONE', #3434, #3609, #1212, .T. ) ;
#3400 = ORIENTED_EDGE ( 'NONE', *, *, #3613, .T. ) ;
#3401 = EDGE_CURVE ( 'NONE', #3552, #3609, #1248, .T. ) ;
#3402 = VERTEX_POINT ( 'NONE', #1211 ) ;
#3403 = EDGE_CURVE ( 'NONE', #3256, #3251, #1316, .T. ) ;
#3404 = EDGE_CURVE ( 'NONE', #3176, #3205, #1383, .T. ) ;
#3405 = VERTEX_POINT ( 'NONE', #1347 ) ;
#3406 = ORIENTED_EDGE ( 'NONE', *, *, #3470, .T. ) ;
#3407 = EDGE_CURVE ( 'NONE', #3405, #3189, #1338, .T. ) ;
#3408 = EDGE_CURVE ( 'NONE', #3405, #3183, #1317, .T. ) ;
#3409 = EDGE_LOOP ( 'NONE', ( #3415, #3447, #3437, #3412 ) ) ;
#3410 = EDGE_CURVE ( 'NONE', #3468, #3459, #1324, .T. ) ;
#3411 = EDGE_CURVE ( 'NONE', #3460, #3450, #1466, .T. ) ;
#3412 = ORIENTED_EDGE ( 'NONE', *, *, #3414, .F. ) ;
#3413 = ADVANCED_FACE ( 'NONE', ( #1418 ), #1323, .T. ) ;
#3414 = EDGE_CURVE ( 'NONE', #3462, #3429, #1413, .T. ) ;
#3415 = ORIENTED_EDGE ( 'NONE', *, *, #3442, .T. ) ;
#3416 = ORIENTED_EDGE ( 'NONE', *, *, #3417, .T. ) ;
#3417 = EDGE_CURVE ( 'NONE', #3467, #3463, #1415, .T. ) ;
#3418 = EDGE_LOOP ( 'NONE', ( #3426, #3406, #3428, #3492 ) ) ;
#3419 = EDGE_CURVE ( 'NONE', #3494, #3473, #1406, .T. ) ;
#3420 = ORIENTED_EDGE ( 'NONE', *, *, #3407, .F. ) ;
#3421 = VERTEX_POINT ( 'NONE', #1414 ) ;
#3422 = EDGE_CURVE ( 'NONE', #3570, #3560, #1471, .T. ) ;
#3423 = ADVANCED_FACE ( 'NONE', ( #1404 ), #1417, .T. ) ;
#3424 = ORIENTED_EDGE ( 'NONE', *, *, #3575, .T. ) ;
#3425 = VERTEX_POINT ( 'NONE', #1400 ) ;
#3426 = ORIENTED_EDGE ( 'NONE', *, *, #3572, .F. ) ;
#3427 = EDGE_CURVE ( 'NONE', #3472, #3558, #1392, .T. ) ;
#3428 = ORIENTED_EDGE ( 'NONE', *, *, #3422, .F. ) ;
#3429 = VERTEX_POINT ( 'NONE', #1467 ) ;
#3430 = VERTEX_POINT ( 'NONE', #1390 ) ;
#3431 = EDGE_CURVE ( 'NONE', #3476, #3473, #1472, .T. ) ;
#3432 = EDGE_LOOP ( 'NONE', ( #3458, #3435, #3452, #3457, #3616, #3551, #3553, #3453, #3568, #3484, #3595, #3481 ) ) ;
#3433 = EDGE_LOOP ( 'NONE', ( #3436, #3400, #3610, #3567 ) ) ;
#3434 = VERTEX_POINT ( 'NONE', #1393 ) ;
#3435 = ORIENTED_EDGE ( 'NONE', *, *, #3611, .T. ) ;
#3436 = ORIENTED_EDGE ( 'NONE', *, *, #3565, .T. ) ;
#3437 = ORIENTED_EDGE ( 'NONE', *, *, #3572, .T. ) ;
#3438 = ORIENTED_EDGE ( 'NONE', *, *, #3410, .F. ) ;
#3439 = EDGE_LOOP ( 'NONE', ( #3440, #3441, #3465, #3464 ) ) ;
#3440 = ORIENTED_EDGE ( 'NONE', *, *, #3411, .F. ) ;
#3441 = ORIENTED_EDGE ( 'NONE', *, *, #3446, .T. ) ;
#3442 = EDGE_CURVE ( 'NONE', #3462, #3448, #1346, .T. ) ;
#3443 = EDGE_CURVE ( 'NONE', #3448, #3430, #1333, .T. ) ;
#3444 = EDGE_CURVE ( 'NONE', #3467, #3468, #1332, .T. ) ;
#3445 = ADVANCED_FACE ( 'NONE', ( #1482 ), #1474, .F. ) ;
#3446 = EDGE_CURVE ( 'NONE', #3460, #3448, #1596, .T. ) ;
#3447 = ORIENTED_EDGE ( 'NONE', *, *, #3443, .T. ) ;
#3448 = VERTEX_POINT ( 'NONE', #1573 ) ;
#3449 = EDGE_LOOP ( 'NONE', ( #3555, #3490, #3515, #3511 ) ) ;
#3450 = VERTEX_POINT ( 'NONE', #1592 ) ;
#3451 = ADVANCED_FACE ( 'NONE', ( #1591 ), #1571, .F. ) ;
#3452 = ORIENTED_EDGE ( 'NONE', *, *, #3403, .T. ) ;
#3453 = ORIENTED_EDGE ( 'NONE', *, *, #3455, .T. ) ;
#3454 = EDGE_CURVE ( 'NONE', #3402, #3200, #1583, .T. ) ;
#3455 = EDGE_CURVE ( 'NONE', #3564, #3402, #1587, .T. ) ;
#3456 = VERTEX_POINT ( 'NONE', #1637 ) ;
#3457 = ORIENTED_EDGE ( 'NONE', *, *, #3569, .F. ) ;
#3458 = ORIENTED_EDGE ( 'NONE', *, *, #3615, .T. ) ;
#3459 = VERTEX_POINT ( 'NONE', #1585 ) ;
#3460 = VERTEX_POINT ( 'NONE', #1634 ) ;
#3461 = EDGE_CURVE ( 'NONE', #3459, #3463, #1584, .T. ) ;
#3462 = VERTEX_POINT ( 'NONE', #1506 ) ;
#3463 = VERTEX_POINT ( 'NONE', #1588 ) ;
#3464 = ORIENTED_EDGE ( 'NONE', *, *, #3466, .F. ) ;
#3465 = ORIENTED_EDGE ( 'NONE', *, *, #3442, .F. ) ;
#3466 = EDGE_CURVE ( 'NONE', #3450, #3462, #1507, .T. ) ;
#3467 = VERTEX_POINT ( 'NONE', #1499 ) ;
#3468 = VERTEX_POINT ( 'NONE', #1505 ) ;
#3469 = ORIENTED_EDGE ( 'NONE', *, *, #3461, .F. ) ;
#3470 = EDGE_CURVE ( 'NONE', #3430, #3560, #1490, .T. ) ;
#3471 = EDGE_LOOP ( 'NONE', ( #3477, #3424, #3495, #3496 ) ) ;
#3472 = VERTEX_POINT ( 'NONE', #1590 ) ;
#3473 = VERTEX_POINT ( 'NONE', #1493 ) ;
#3474 = EDGE_CURVE ( 'NONE', #3476, #3617, #1546, .T. ) ;
#3475 = EDGE_CURVE ( 'NONE', #3571, #3421, #1542, .T. ) ;
#3476 = VERTEX_POINT ( 'NONE', #1547 ) ;
#3477 = ORIENTED_EDGE ( 'NONE', *, *, #3475, .T. ) ;
#3478 = ADVANCED_FACE ( 'NONE', ( #1500 ), #1539, .T. ) ;
#3479 = ORIENTED_EDGE ( 'NONE', *, *, #3474, .F. ) ;
#3480 = ADVANCED_FACE ( 'NONE', ( #1541 ), #1331, .T. ) ;
#3481 = ORIENTED_EDGE ( 'NONE', *, *, #3598, .T. ) ;
#3482 = EDGE_CURVE ( 'NONE', #3200, #3592, #1476, .T. ) ;
#3483 = EDGE_CURVE ( 'NONE', #3310, #3232, #1367, .T. ) ;
#3484 = ORIENTED_EDGE ( 'NONE', *, *, #3482, .T. ) ;
#3485 = ORIENTED_EDGE ( 'NONE', *, *, #3489, .T. ) ;
#3486 = EDGE_CURVE ( 'NONE', #3248, #3261, #1361, .T. ) ;
#3487 = EDGE_CURVE ( 'NONE', #3218, #3232, #1356, .T. ) ;
#3488 = EDGE_LOOP ( 'NONE', ( #3588, #3416, #3469, #3438 ) ) ;
#3489 = EDGE_CURVE ( 'NONE', #3254, #3248, #1475, .T. ) ;
#3490 = ORIENTED_EDGE ( 'NONE', *, *, #3585, .T. ) ;
#3491 = ADVANCED_FACE ( 'NONE', ( #1531 ), #1341, .T. ) ;
#3492 = ORIENTED_EDGE ( 'NONE', *, *, #3497, .F. ) ;
#3493 = ADVANCED_FACE ( 'NONE', ( #1686 ), #1685, .T. ) ;
#3494 = VERTEX_POINT ( 'NONE', #1683 ) ;
#3495 = ORIENTED_EDGE ( 'NONE', *, *, #3427, .T. ) ;
#3496 = ORIENTED_EDGE ( 'NONE', *, *, #3557, .F. ) ;
#3497 = EDGE_CURVE ( 'NONE', #3429, #3570, #1680, .T. ) ;
#3498 = ORIENTED_EDGE ( 'NONE', *, *, #3647, .F. ) ;
#3499 = ORIENTED_EDGE ( 'NONE', *, *, #3690, .T. ) ;
#3500 = EDGE_LOOP ( 'NONE', ( #3506, #3646, #3539, #3498 ) ) ;
#3501 = EDGE_CURVE ( 'NONE', #3172, #3181, #1695, .T. ) ;
#3502 = EDGE_CURVE ( 'NONE', #3202, #3290, #1665, .T. ) ;
#3503 = ORIENTED_EDGE ( 'NONE', *, *, #3538, .F. ) ;
#3504 = ADVANCED_FACE ( 'NONE', ( #1730 ), #1699, .F. ) ;
#3505 = EDGE_CURVE ( 'NONE', #3388, #3473, #1691, .T. ) ;
#3506 = ORIENTED_EDGE ( 'NONE', *, *, #3501, .T. ) ;
#3507 = ORIENTED_EDGE ( 'NONE', *, *, #3536, .F. ) ;
#3508 = EDGE_CURVE ( 'NONE', #3509, #3459, #1727, .T. ) ;
#3509 = VERTEX_POINT ( 'NONE', #1687 ) ;
#3510 = ADVANCED_FACE ( 'NONE', ( #1722 ), #1692, .T. ) ;
#3511 = ORIENTED_EDGE ( 'NONE', *, *, #3528, .F. ) ;
#3512 = ORIENTED_EDGE ( 'NONE', *, *, #3518, .F. ) ;
#3513 = ORIENTED_EDGE ( 'NONE', *, *, #3530, .T. ) ;
#3514 = EDGE_CURVE ( 'NONE', #3398, #3355, #1719, .T. ) ;
#3515 = ORIENTED_EDGE ( 'NONE', *, *, #3522, .T. ) ;
#3516 = EDGE_LOOP ( 'NONE', ( #3583, #3582, #3527, #3537 ) ) ;
#3517 = EDGE_CURVE ( 'NONE', #3167, #3369, #1669, .T. ) ;
#3518 = EDGE_CURVE ( 'NONE', #3179, #3259, #1671, .T. ) ;
#3519 = ORIENTED_EDGE ( 'NONE', *, *, #3514, .T. ) ;
#3520 = ORIENTED_EDGE ( 'NONE', *, *, #3532, .F. ) ;
#3521 = ORIENTED_EDGE ( 'NONE', *, *, #3301, .T. ) ;
#3522 = EDGE_CURVE ( 'NONE', #3374, #3329, #1714, .T. ) ;
#3523 = ORIENTED_EDGE ( 'NONE', *, *, #3221, .T. ) ;
#3524 = EDGE_LOOP ( 'NONE', ( #3521, #3579, #3531, #3520 ) ) ;
#3525 = EDGE_CURVE ( 'NONE', #3367, #3167, #1675, .T. ) ;
#3526 = ORIENTED_EDGE ( 'NONE', *, *, #3578, .T. ) ;
#3527 = ORIENTED_EDGE ( 'NONE', *, *, #3535, .T. ) ;
#3528 = EDGE_CURVE ( 'NONE', #3405, #3329, #1663, .T. ) ;
#3529 = ADVANCED_FACE ( 'NONE', ( #1677 ), #1709, .F. ) ;
#3530 = EDGE_CURVE ( 'NONE', #3645, #3641, #1652, .T. ) ;
#3531 = ORIENTED_EDGE ( 'NONE', *, *, #3517, .T. ) ;
#3532 = EDGE_CURVE ( 'NONE', #3308, #3369, #1648, .T. ) ;
#3533 = ADVANCED_FACE ( 'NONE', ( #1660 ), #1656, .F. ) ;
#3534 = ORIENTED_EDGE ( 'NONE', *, *, #3770, .F. ) ;
#3535 = EDGE_CURVE ( 'NONE', #3297, #3290, #1661, .T. ) ;
#3536 = EDGE_CURVE ( 'NONE', #3509, #3713, #1750, .T. ) ;
#3537 = ORIENTED_EDGE ( 'NONE', *, *, #3502, .F. ) ;
#3538 = EDGE_CURVE ( 'NONE', #3713, #3463, #1751, .T. ) ;
#3539 = ORIENTED_EDGE ( 'NONE', *, *, #3782, .T. ) ;
#3540 = ORIENTED_EDGE ( 'NONE', *, *, #3505, .T. ) ;
#3541 = EDGE_CURVE ( 'NONE', #3473, #3494, #1739, .T. ) ;
#3542 = ORIENTED_EDGE ( 'NONE', *, *, #3461, .T. ) ;
#3543 = EDGE_CURVE ( 'NONE', #3181, #3318, #1735, .T. ) ;
#3544 = ORIENTED_EDGE ( 'NONE', *, *, #3508, .T. ) ;
#3545 = ORIENTED_EDGE ( 'NONE', *, *, #3208, .F. ) ;
#3546 = ORIENTED_EDGE ( 'NONE', *, *, #3556, .F. ) ;
#3547 = ORIENTED_EDGE ( 'NONE', *, *, #3184, .F. ) ;
#3548 = ORIENTED_EDGE ( 'NONE', *, *, #3549, .F. ) ;
#3549 = EDGE_CURVE ( 'NONE', #3617, #3494, #1532, .T. ) ;
#3550 = ADVANCED_FACE ( 'NONE', ( #1731 ), #1841, .F. ) ;
#3551 = ORIENTED_EDGE ( 'NONE', *, *, #3614, .T. ) ;
#3552 = VERTEX_POINT ( 'NONE', #1842 ) ;
#3553 = ORIENTED_EDGE ( 'NONE', *, *, #3554, .T. ) ;
#3554 = EDGE_CURVE ( 'NONE', #3612, #3564, #1777, .T. ) ;
#3555 = ORIENTED_EDGE ( 'NONE', *, *, #3407, .T. ) ;
#3556 = EDGE_CURVE ( 'NONE', #3197, #3398, #1826, .T. ) ;
#3557 = EDGE_CURVE ( 'NONE', #3571, #3558, #1807, .T. ) ;
#3558 = VERTEX_POINT ( 'NONE', #1821 ) ;
#3559 = ORIENTED_EDGE ( 'NONE', *, *, #3431, .T. ) ;
#3560 = VERTEX_POINT ( 'NONE', #1846 ) ;
#3561 = VERTEX_POINT ( 'NONE', #1914 ) ;
#3562 = EDGE_LOOP ( 'NONE', ( #3173, #3175, #3187, #3546 ) ) ;
#3563 = ADVANCED_FACE ( 'NONE', ( #1784 ), #1785, .T. ) ;
#3564 = VERTEX_POINT ( 'NONE', #1827 ) ;
#3565 = EDGE_CURVE ( 'NONE', #3552, #3566, #1836, .T. ) ;
#3566 = VERTEX_POINT ( 'NONE', #1847 ) ;
#3567 = ORIENTED_EDGE ( 'NONE', *, *, #3401, .F. ) ;
#3568 = ORIENTED_EDGE ( 'NONE', *, *, #3454, .T. ) ;
#3569 = EDGE_CURVE ( 'NONE', #3240, #3251, #1804, .T. ) ;
#3570 = VERTEX_POINT ( 'NONE', #1896 ) ;
#3571 = VERTEX_POINT ( 'NONE', #1835 ) ;
#3572 = EDGE_CURVE ( 'NONE', #3430, #3429, #1837, .T. ) ;
#3573 = MANIFOLD_SOLID_BREP ( 'Importée1', #4266 ) ;
#3574 = CIRCLE ( 'NONE', #4539, 0.5000000000000004400 ) ;
#3575 = EDGE_CURVE ( 'NONE', #3421, #3472, #1802, .T. ) ;
#3576 = EDGE_CURVE ( 'NONE', #3202, #3205, #1894, .T. ) ;
#3577 = EDGE_CURVE ( 'NONE', #3205, #3297, #1815, .T. ) ;
#3578 = EDGE_CURVE ( 'NONE', #3179, #3398, #1820, .T. ) ;
#3579 = ORIENTED_EDGE ( 'NONE', *, *, #3525, .T. ) ;
#3580 = ADVANCED_FACE ( 'NONE', ( #1811 ), #1816, .T. ) ;
#3581 = ADVANCED_FACE ( 'NONE', ( #1809 ), #1778, .F. ) ;
#3582 = ORIENTED_EDGE ( 'NONE', *, *, #3577, .T. ) ;
#3583 = ORIENTED_EDGE ( 'NONE', *, *, #3576, .T. ) ;
#3584 = EDGE_LOOP ( 'NONE', ( #3526, #3519, #3523, #3512 ) ) ;
#3585 = EDGE_CURVE ( 'NONE', #3189, #3374, #1869, .T. ) ;
#3586 = ORIENTED_EDGE ( 'NONE', *, *, #3419, .F. ) ;
#3587 = EDGE_LOOP ( 'NONE', ( #3479, #3559, #3586, #3548 ) ) ;
#3588 = ORIENTED_EDGE ( 'NONE', *, *, #3444, .F. ) ;
#3589 = EDGE_CURVE ( 'NONE', #3326, #3310, #1874, .T. ) ;
#3590 = ORIENTED_EDGE ( 'NONE', *, *, #3487, .F. ) ;
#3591 = EDGE_CURVE ( 'NONE', #3592, #3603, #1862, .T. ) ;
#3592 = VERTEX_POINT ( 'NONE', #1779 ) ;
#3593 = EDGE_CURVE ( 'NONE', #3254, #3227, #1859, .T. ) ;
#3594 = EDGE_CURVE ( 'NONE', #3261, #3227, #1861, .T. ) ;
#3595 = ORIENTED_EDGE ( 'NONE', *, *, #3591, .T. ) ;
#3596 = ADVANCED_FACE ( 'NONE', ( #1860 ), #1853, .F. ) ;
#3597 = ORIENTED_EDGE ( 'NONE', *, *, #3486, .T. ) ;
#3598 = EDGE_CURVE ( 'NONE', #3603, #3456, #1795, .T. ) ;
#3599 = EDGE_CURVE ( 'NONE', #3218, #3326, #1854, .T. ) ;
#3600 = ORIENTED_EDGE ( 'NONE', *, *, #3593, .F. ) ;
#3601 = EDGE_LOOP ( 'NONE', ( #3485, #3597, #3602, #3600 ) ) ;
#3602 = ORIENTED_EDGE ( 'NONE', *, *, #3594, .T. ) ;
#3603 = VERTEX_POINT ( 'NONE', #1881 ) ;
#3604 = ORIENTED_EDGE ( 'NONE', *, *, #3599, .T. ) ;
#3605 = ORIENTED_EDGE ( 'NONE', *, *, #3483, .T. ) ;
#3606 = EDGE_LOOP ( 'NONE', ( #3604, #3608, #3605, #3590 ) ) ;
#3607 = ADVANCED_FACE ( 'NONE', ( #1880 ), #1791, .F. ) ;
#3608 = ORIENTED_EDGE ( 'NONE', *, *, #3589, .T. ) ;
#3609 = VERTEX_POINT ( 'NONE', #1946 ) ;
#3610 = ORIENTED_EDGE ( 'NONE', *, *, #3399, .T. ) ;
#3611 = EDGE_CURVE ( 'NONE', #3425, #3256, #1938, .T. ) ;
#3612 = VERTEX_POINT ( 'NONE', #1945 ) ;
#3613 = EDGE_CURVE ( 'NONE', #3566, #3434, #1933, .T. ) ;
#3614 = EDGE_CURVE ( 'NONE', #3379, #3612, #1927, .T. ) ;
#3615 = EDGE_CURVE ( 'NONE', #3456, #3425, #1954, .T. ) ;
#3616 = ORIENTED_EDGE ( 'NONE', *, *, #3387, .T. ) ;
#3617 = VERTEX_POINT ( 'NONE', #1939 ) ;
#3618 = ORIENTED_EDGE ( 'NONE', *, *, #3794, .T. ) ;
#3619 = EDGE_LOOP ( 'NONE', ( #3786, #3802 ) ) ;
#3620 = EDGE_LOOP ( 'NONE', ( #3657, #3939, #3886, #3658 ) ) ;
#3621 = ADVANCED_FACE ( 'NONE', ( #1944 ), #1956, .T. ) ;
#3622 = ORIENTED_EDGE ( 'NONE', *, *, #3394, .T. ) ;
#3623 = ORIENTED_EDGE ( 'NONE', *, *, #3410, .T. ) ;
#3624 = ORIENTED_EDGE ( 'NONE', *, *, #3838, .F. ) ;
#3625 = EDGE_CURVE ( 'NONE', #3617, #3476, #1953, .T. ) ;
#3626 = EDGE_LOOP ( 'NONE', ( #3792, #3618, #3803, #3805 ) ) ;
#3627 = EDGE_LOOP ( 'NONE', ( #3791, #3788 ) ) ;
#3628 = ORIENTED_EDGE ( 'NONE', *, *, #3692, .T. ) ;
#3629 = EDGE_CURVE ( 'NONE', #3767, #3776, #2037, .T. ) ;
#3630 = EDGE_LOOP ( 'NONE', ( #3693, #3744 ) ) ;
#3631 = EDGE_LOOP ( 'NONE', ( #3725, #3726 ) ) ;
#3632 = ORIENTED_EDGE ( 'NONE', *, *, #3781, .T. ) ;
#3633 = EDGE_CURVE ( 'NONE', #3778, #3767, #2021, .T. ) ;
#3634 = ORIENTED_EDGE ( 'NONE', *, *, #3683, .T. ) ;
#3635 = VERTEX_POINT ( 'NONE', #2023 ) ;
#3636 = VERTEX_POINT ( 'NONE', #2022 ) ;
#3637 = VERTEX_POINT ( 'NONE', #2010 ) ;
#3638 = ORIENTED_EDGE ( 'NONE', *, *, #3639, .F. ) ;
#3639 = EDGE_CURVE ( 'NONE', #3264, #3688, #2048, .T. ) ;
#3640 = ORIENTED_EDGE ( 'NONE', *, *, #3764, .T. ) ;
#3641 = VERTEX_POINT ( 'NONE', #2047 ) ;
#3642 = EDGE_CURVE ( 'NONE', #3636, #3811, #1993, .T. ) ;
#3643 = EDGE_CURVE ( 'NONE', #3637, #3636, #2057, .T. ) ;
#3644 = EDGE_CURVE ( 'NONE', #3812, #3637, #2059, .T. ) ;
#3645 = VERTEX_POINT ( 'NONE', #2018 ) ;
#3646 = ORIENTED_EDGE ( 'NONE', *, *, #3543, .T. ) ;
#3647 = EDGE_CURVE ( 'NONE', #3172, #3279, #2060, .T. ) ;
#3648 = ORIENTED_EDGE ( 'NONE', *, *, #3669, .T. ) ;
#3649 = EDGE_CURVE ( 'NONE', #3665, #3662, #1999, .T. ) ;
#3650 = ORIENTED_EDGE ( 'NONE', *, *, #3593, .T. ) ;
#3651 = EDGE_CURVE ( 'NONE', #3783, #3666, #1962, .T. ) ;
#3652 = ORIENTED_EDGE ( 'NONE', *, *, #3486, .F. ) ;
#3653 = ORIENTED_EDGE ( 'NONE', *, *, #4025, .T. ) ;
#3654 = ORIENTED_EDGE ( 'NONE', *, *, #3656, .T. ) ;
#3655 = ORIENTED_EDGE ( 'NONE', *, *, #3569, .T. ) ;
#3656 = EDGE_CURVE ( 'NONE', #3663, #3783, #1992, .T. ) ;
#3657 = ORIENTED_EDGE ( 'NONE', *, *, #3589, .F. ) ;
#3658 = ORIENTED_EDGE ( 'NONE', *, *, #3237, .T. ) ;
#3659 = ORIENTED_EDGE ( 'NONE', *, *, #3557, .T. ) ;
#3660 = ORIENTED_EDGE ( 'NONE', *, *, #4034, .T. ) ;
#3661 = ADVANCED_FACE ( 'NONE', ( #2061 ), #2058, .F. ) ;
#3662 = VERTEX_POINT ( 'NONE', #2073 ) ;
#3663 = VERTEX_POINT ( 'NONE', #2078 ) ;
#3664 = ORIENTED_EDGE ( 'NONE', *, *, #3611, .F. ) ;
#3665 = VERTEX_POINT ( 'NONE', #1963 ) ;
#3666 = VERTEX_POINT ( 'NONE', #2071 ) ;
#3667 = VERTEX_POINT ( 'NONE', #2077 ) ;
#3668 = ORIENTED_EDGE ( 'NONE', *, *, #3649, .T. ) ;
#3669 = EDGE_CURVE ( 'NONE', #3662, #3667, #2041, .T. ) ;
#3670 = EDGE_LOOP ( 'NONE', ( #3507, #3544, #3542, #3503 ) ) ;
#3671 = EDGE_CURVE ( 'NONE', #3645, #3494, #2032, .T. ) ;
#3672 = ADVANCED_FACE ( 'NONE', ( #2072 ), #2110, .F. ) ;
#3673 = ORIENTED_EDGE ( 'NONE', *, *, #3816, .T. ) ;
#3674 = EDGE_CURVE ( 'NONE', #3176, #3182, #2309, .T. ) ;
#3675 = ORIENTED_EDGE ( 'NONE', *, *, #3525, .F. ) ;
#3676 = EDGE_CURVE ( 'NONE', #3259, #3355, #2236, .T. ) ;
#3677 = ADVANCED_FACE ( 'NONE', ( #2251 ), #2232, .F. ) ;
#3678 = EDGE_LOOP ( 'NONE', ( #3813, #3824, #3679, #3823 ) ) ;
#3679 = ORIENTED_EDGE ( 'NONE', *, *, #3518, .T. ) ;
#3680 = ADVANCED_FACE ( 'NONE', ( #2233 ), #2356, .F. ) ;
#3681 = ORIENTED_EDGE ( 'NONE', *, *, #3643, .T. ) ;
#3682 = ORIENTED_EDGE ( 'NONE', *, *, #3642, .T. ) ;
#3683 = EDGE_CURVE ( 'NONE', #3811, #3752, #2273, .T. ) ;
#3684 = EDGE_CURVE ( 'NONE', #3740, #3635, #2303, .T. ) ;
#3685 = ORIENTED_EDGE ( 'NONE', *, *, #3686, .T. ) ;
#3686 = EDGE_CURVE ( 'NONE', #3635, #3688, #2292, .T. ) ;
#3687 = ORIENTED_EDGE ( 'NONE', *, *, #3644, .T. ) ;
#3688 = VERTEX_POINT ( 'NONE', #2269 ) ;
#3689 = EDGE_LOOP ( 'NONE', ( #3499, #3540, #3806, #3298, #3513, #3766, #3687, #3681, #3682, #3634, #3640, #3739, #3685, #3638 ) ) ;
#3690 = EDGE_CURVE ( 'NONE', #3264, #3388, #2274, .T. ) ;
#3691 = ORIENTED_EDGE ( 'NONE', *, *, #3747, .F. ) ;
#3692 = EDGE_CURVE ( 'NONE', #3769, #3645, #2214, .T. ) ;
#3693 = ORIENTED_EDGE ( 'NONE', *, *, #3243, .T. ) ;
#3694 = ADVANCED_FACE ( 'NONE', ( #2239, #2215, #2218, #2217 ), #2216, .T. ) ;
#3695 = EDGE_CURVE ( 'NONE', #3748, #3749, #2328, .T. ) ;
#3696 = EDGE_CURVE ( 'NONE', #3713, #3509, #2322, .T. ) ;
#3697 = EDGE_CURVE ( 'NONE', #3346, #3375, #2370, .T. ) ;
#3698 = ORIENTED_EDGE ( 'NONE', *, *, #3700, .T. ) ;
#3699 = EDGE_CURVE ( 'NONE', #3192, #3186, #2363, .T. ) ;
#3700 = EDGE_CURVE ( 'NONE', #3197, #3177, #2358, .T. ) ;
#3701 = ORIENTED_EDGE ( 'NONE', *, *, #3736, .T. ) ;
#3702 = EDGE_CURVE ( 'NONE', #3245, #3253, #2355, .T. ) ;
#3703 = ORIENTED_EDGE ( 'NONE', *, *, #3707, .T. ) ;
#3704 = ORIENTED_EDGE ( 'NONE', *, *, #3278, .T. ) ;
#3705 = ORIENTED_EDGE ( 'NONE', *, *, #3709, .T. ) ;
#3706 = EDGE_LOOP ( 'NONE', ( #3705, #3741 ) ) ;
#3707 = EDGE_CURVE ( 'NONE', #3311, #3284, #2343, .T. ) ;
#3708 = EDGE_LOOP ( 'NONE', ( #3743, #3703 ) ) ;
#3709 = EDGE_CURVE ( 'NONE', #3468, #3467, #2337, .T. ) ;
#3710 = EDGE_LOOP ( 'NONE', ( #3712, #3711 ) ) ;
#3711 = ORIENTED_EDGE ( 'NONE', *, *, #3411, .T. ) ;
#3712 = ORIENTED_EDGE ( 'NONE', *, *, #3742, .T. ) ;
#3713 = VERTEX_POINT ( 'NONE', #2338 ) ;
#3714 = ORIENTED_EDGE ( 'NONE', *, *, #3536, .T. ) ;
#3715 = EDGE_LOOP ( 'NONE', ( #3701, #3732 ) ) ;
#3716 = ORIENTED_EDGE ( 'NONE', *, *, #3190, .T. ) ;
#3717 = EDGE_LOOP ( 'NONE', ( #3728, #3714 ) ) ;
#3718 = ADVANCED_FACE ( 'NONE', ( #2366, #2350 ), #2334, .T. ) ;
#3719 = ORIENTED_EDGE ( 'NONE', *, *, #3174, .T. ) ;
#3720 = EDGE_LOOP ( 'NONE', ( #3731, #3716, #3277, #3704 ) ) ;
#3721 = ORIENTED_EDGE ( 'NONE', *, *, #3246, .T. ) ;
#3722 = EDGE_LOOP ( 'NONE', ( #3758, #3733 ) ) ;
#3723 = EDGE_LOOP ( 'NONE', ( #3698, #3719 ) ) ;
#3724 = ADVANCED_FACE ( 'NONE', ( #2307 ), #2333, .F. ) ;
#3725 = ORIENTED_EDGE ( 'NONE', *, *, #3373, .T. ) ;
#3726 = ORIENTED_EDGE ( 'NONE', *, *, #3757, .T. ) ;
#3727 = ORIENTED_EDGE ( 'NONE', *, *, #3734, .T. ) ;
#3728 = ORIENTED_EDGE ( 'NONE', *, *, #3696, .T. ) ;
#3729 = ORIENTED_EDGE ( 'NONE', *, *, #3206, .T. ) ;
#3730 = ADVANCED_FACE ( 'NONE', ( #2069, #2067 ), #1958, .T. ) ;
#3731 = ORIENTED_EDGE ( 'NONE', *, *, #3543, .F. ) ;
#3732 = ORIENTED_EDGE ( 'NONE', *, *, #3249, .T. ) ;
#3733 = ORIENTED_EDGE ( 'NONE', *, *, #3697, .T. ) ;
#3734 = EDGE_CURVE ( 'NONE', #3224, #3223, #1947, .T. ) ;
#3735 = EDGE_LOOP ( 'NONE', ( #3727, #3721 ) ) ;
#3736 = EDGE_CURVE ( 'NONE', #3357, #3250, #2443, .T. ) ;
#3737 = EDGE_LOOP ( 'NONE', ( #3762, #3729 ) ) ;
#3738 = ORIENTED_EDGE ( 'NONE', *, *, #3760, .T. ) ;
#3739 = ORIENTED_EDGE ( 'NONE', *, *, #3684, .T. ) ;
#3740 = VERTEX_POINT ( 'NONE', #2379 ) ;
#3741 = ORIENTED_EDGE ( 'NONE', *, *, #3444, .T. ) ;
#3742 = EDGE_CURVE ( 'NONE', #3450, #3460, #2412, .T. ) ;
#3743 = ORIENTED_EDGE ( 'NONE', *, *, #3312, .T. ) ;
#3744 = ORIENTED_EDGE ( 'NONE', *, *, #3702, .T. ) ;
#3745 = ADVANCED_FACE ( 'NONE', ( #2413, #2414, #2438, #2444 ), #2415, .F. ) ;
#3746 = ORIENTED_EDGE ( 'NONE', *, *, #3777, .T. ) ;
#3747 = EDGE_CURVE ( 'NONE', #3769, #3810, #2417, .T. ) ;
#3748 = VERTEX_POINT ( 'NONE', #2416 ) ;
#3749 = VERTEX_POINT ( 'NONE', #2418 ) ;
#3750 = ORIENTED_EDGE ( 'NONE', *, *, #3505, .F. ) ;
#3751 = ORIENTED_EDGE ( 'NONE', *, *, #3324, .T. ) ;
#3752 = VERTEX_POINT ( 'NONE', #2488 ) ;
#3753 = ORIENTED_EDGE ( 'NONE', *, *, #3827, .T. ) ;
#3754 = ORIENTED_EDGE ( 'NONE', *, *, #3838, .T. ) ;
#3755 = ADVANCED_FACE ( 'NONE', ( #2436, #2487 ), #2457, .T. ) ;
#3756 = ORIENTED_EDGE ( 'NONE', *, *, #3316, .T. ) ;
#3757 = EDGE_CURVE ( 'NONE', #3305, #3161, #2456, .T. ) ;
#3758 = ORIENTED_EDGE ( 'NONE', *, *, #3164, .T. ) ;
#3759 = ORIENTED_EDGE ( 'NONE', *, *, #3372, .T. ) ;
#3760 = EDGE_CURVE ( 'NONE', #3366, #3364, #2445, .T. ) ;
#3761 = EDGE_LOOP ( 'NONE', ( #3759, #3738 ) ) ;
#3762 = ORIENTED_EDGE ( 'NONE', *, *, #3699, .T. ) ;
#3763 = EDGE_LOOP ( 'NONE', ( #3750, #3751, #3534, #3775, #3780, #3807, #3808, #3772, #3632, #3746, #3691, #3628, #3771, #3779 ) ) ;
#3764 = EDGE_CURVE ( 'NONE', #3752, #3740, #2451, .T. ) ;
#3765 = EDGE_CURVE ( 'NONE', #3812, #3641, #2426, .T. ) ;
#3766 = ORIENTED_EDGE ( 'NONE', *, *, #3765, .F. ) ;
#3767 = VERTEX_POINT ( 'NONE', #2446 ) ;
#3768 = VERTEX_POINT ( 'NONE', #2424 ) ;
#3769 = VERTEX_POINT ( 'NONE', #2466 ) ;
#3770 = EDGE_CURVE ( 'NONE', #3778, #3234, #2410, .T. ) ;
#3771 = ORIENTED_EDGE ( 'NONE', *, *, #3671, .T. ) ;
#3772 = ORIENTED_EDGE ( 'NONE', *, *, #3809, .T. ) ;
#3773 = VERTEX_POINT ( 'NONE', #2433 ) ;
#3774 = EDGE_CURVE ( 'NONE', #3776, #3748, #2431, .T. ) ;
#3775 = ORIENTED_EDGE ( 'NONE', *, *, #3633, .T. ) ;
#3776 = VERTEX_POINT ( 'NONE', #2409 ) ;
#3777 = EDGE_CURVE ( 'NONE', #3768, #3810, #2480, .T. ) ;
#3778 = VERTEX_POINT ( 'NONE', #2432 ) ;
#3779 = ORIENTED_EDGE ( 'NONE', *, *, #3419, .T. ) ;
#3780 = ORIENTED_EDGE ( 'NONE', *, *, #3629, .T. ) ;
#3781 = EDGE_CURVE ( 'NONE', #3773, #3768, #2392, .T. ) ;
#3782 = EDGE_CURVE ( 'NONE', #3318, #3279, #2100, .T. ) ;
#3783 = VERTEX_POINT ( 'NONE', #2476 ) ;
#3784 = ORIENTED_EDGE ( 'NONE', *, *, #3882, .T. ) ;
#3785 = ADVANCED_FACE ( 'NONE', ( #2408 ), #2330, .T. ) ;
#3786 = ORIENTED_EDGE ( 'NONE', *, *, #3625, .T. ) ;
#3787 = ORIENTED_EDGE ( 'NONE', *, *, #3466, .T. ) ;
#3788 = ORIENTED_EDGE ( 'NONE', *, *, #3801, .T. ) ;
#3789 = EDGE_CURVE ( 'NONE', #3429, #3430, #2107, .T. ) ;
#3790 = EDGE_LOOP ( 'NONE', ( #3793, #3799, #3623, #3624 ) ) ;
#3791 = ORIENTED_EDGE ( 'NONE', *, *, #3422, .T. ) ;
#3792 = ORIENTED_EDGE ( 'NONE', *, *, #3443, .F. ) ;
#3793 = ORIENTED_EDGE ( 'NONE', *, *, #3417, .F. ) ;
#3794 = EDGE_CURVE ( 'NONE', #3448, #3462, #2391, .T. ) ;
#3795 = ADVANCED_FACE ( 'NONE', ( #2548, #2549 ), #2531, .T. ) ;
#3796 = EDGE_LOOP ( 'NONE', ( #3800, #3797, #3787, #3798 ) ) ;
#3797 = ORIENTED_EDGE ( 'NONE', *, *, #3742, .F. ) ;
#3798 = ORIENTED_EDGE ( 'NONE', *, *, #3794, .F. ) ;
#3799 = ORIENTED_EDGE ( 'NONE', *, *, #3709, .F. ) ;
#3800 = ORIENTED_EDGE ( 'NONE', *, *, #3446, .F. ) ;
#3801 = EDGE_CURVE ( 'NONE', #3560, #3570, #2544, .T. ) ;
#3802 = ORIENTED_EDGE ( 'NONE', *, *, #3474, .T. ) ;
#3803 = ORIENTED_EDGE ( 'NONE', *, *, #3414, .T. ) ;
#3804 = ADVANCED_FACE ( 'NONE', ( #2532 ), #2551, .F. ) ;
#3805 = ORIENTED_EDGE ( 'NONE', *, *, #3789, .T. ) ;
#3806 = ORIENTED_EDGE ( 'NONE', *, *, #3541, .T. ) ;
#3807 = ORIENTED_EDGE ( 'NONE', *, *, #3774, .T. ) ;
#3808 = ORIENTED_EDGE ( 'NONE', *, *, #3695, .T. ) ;
#3809 = EDGE_CURVE ( 'NONE', #3749, #3773, #2541, .T. ) ;
#3810 = VERTEX_POINT ( 'NONE', #2556 ) ;
#3811 = VERTEX_POINT ( 'NONE', #2561 ) ;
#3812 = VERTEX_POINT ( 'NONE', #2560 ) ;
#3813 = ORIENTED_EDGE ( 'NONE', *, *, #3514, .F. ) ;
#3814 = ORIENTED_EDGE ( 'NONE', *, *, #3528, .T. ) ;
#3815 = ORIENTED_EDGE ( 'NONE', *, *, #3532, .T. ) ;
#3816 = EDGE_CURVE ( 'NONE', #3367, #3308, #2151, .T. ) ;
#3817 = EDGE_LOOP ( 'NONE', ( #3821, #3818, #3814, #3837 ) ) ;
#3818 = ORIENTED_EDGE ( 'NONE', *, *, #3820, .T. ) ;
#3819 = ADVANCED_FACE ( 'NONE', ( #2108 ), #2481, .T. ) ;
#3820 = EDGE_CURVE ( 'NONE', #3189, #3405, #2590, .T. ) ;
#3821 = ORIENTED_EDGE ( 'NONE', *, *, #3585, .F. ) ;
#3822 = EDGE_LOOP ( 'NONE', ( #3830, #3829 ) ) ;
#3823 = ORIENTED_EDGE ( 'NONE', *, *, #3676, .T. ) ;
#3824 = ORIENTED_EDGE ( 'NONE', *, *, #3180, .T. ) ;
#3825 = ORIENTED_EDGE ( 'NONE', *, *, #3347, .T. ) ;
#3826 = ADVANCED_FACE ( 'NONE', ( #2581 ), #2566, .T. ) ;
#3827 = EDGE_CURVE ( 'NONE', #3183, #3561, #2614, .T. ) ;
#3828 = EDGE_LOOP ( 'NONE', ( #3675, #3673, #3815, #3825 ) ) ;
#3829 = ORIENTED_EDGE ( 'NONE', *, *, #3196, .T. ) ;
#3830 = ORIENTED_EDGE ( 'NONE', *, *, #3674, .T. ) ;
#3831 = ADVANCED_FACE ( 'NONE', ( #2615 ), #2595, .F. ) ;
#3832 = ORIENTED_EDGE ( 'NONE', *, *, #3577, .F. ) ;
#3833 = EDGE_LOOP ( 'NONE', ( #3832, #3841, #3836, #3756 ) ) ;
#3834 = ADVANCED_FACE ( 'NONE', ( #2594 ), #2609, .T. ) ;
#3835 = EDGE_LOOP ( 'NONE', ( #3840, #3842, #3843, #3754 ) ) ;
#3836 = ORIENTED_EDGE ( 'NONE', *, *, #3502, .T. ) ;
#3837 = ORIENTED_EDGE ( 'NONE', *, *, #3330, .T. ) ;
#3838 = EDGE_CURVE ( 'NONE', #3463, #3459, #2617, .T. ) ;
#3839 = EDGE_LOOP ( 'NONE', ( #3844, #3753 ) ) ;
#3840 = ORIENTED_EDGE ( 'NONE', *, *, #3508, .F. ) ;
#3841 = ORIENTED_EDGE ( 'NONE', *, *, #3184, .T. ) ;
#3842 = ORIENTED_EDGE ( 'NONE', *, *, #3696, .F. ) ;
#3843 = ORIENTED_EDGE ( 'NONE', *, *, #3538, .T. ) ;
#3844 = ORIENTED_EDGE ( 'NONE', *, *, #3171, .T. ) ;
#3845 = EDGE_CURVE ( 'NONE', #3851, #4413, #2628, .T. ) ;
#3846 = EDGE_CURVE ( 'NONE', #3849, #3850, #2611, .T. ) ;
#3847 = EDGE_CURVE ( 'NONE', #3851, #3854, #2608, .T. ) ;
#3848 = EDGE_CURVE ( 'NONE', #4288, #3854, #2625, .T. ) ;
#3849 = VERTEX_POINT ( 'NONE', #2607 ) ;
#3850 = VERTEX_POINT ( 'NONE', #2583 ) ;
#3851 = VERTEX_POINT ( 'NONE', #2606 ) ;
#3852 = EDGE_LOOP ( 'NONE', ( #4005, #3870, #3874, #3954 ) ) ;
#3853 = EDGE_LOOP ( 'NONE', ( #4013, #3860, #3865, #3867 ) ) ;
#3854 = VERTEX_POINT ( 'NONE', #2605 ) ;
#3855 = EDGE_LOOP ( 'NONE', ( #4000, #4004, #4002, #4006 ) ) ;
#3856 = ORIENTED_EDGE ( 'NONE', *, *, #3845, .T. ) ;
#3857 = EDGE_CURVE ( 'NONE', #3849, #3851, #2662, .T. ) ;
#3858 = ORIENTED_EDGE ( 'NONE', *, *, #3848, .T. ) ;
#3859 = ORIENTED_EDGE ( 'NONE', *, *, #4287, .T. ) ;
#3860 = ORIENTED_EDGE ( 'NONE', *, *, #4010, .T. ) ;
#3861 = VERTEX_POINT ( 'NONE', #2661 ) ;
#3862 = ADVANCED_FACE ( 'NONE', ( #2665 ), #2668, .T. ) ;
#3863 = VERTEX_POINT ( 'NONE', #2646 ) ;
#3864 = EDGE_CURVE ( 'NONE', #3861, #4008, #2655, .T. ) ;
#3865 = ORIENTED_EDGE ( 'NONE', *, *, #3864, .T. ) ;
#3866 = EDGE_CURVE ( 'NONE', #4008, #4430, #2647, .T. ) ;
#3867 = ORIENTED_EDGE ( 'NONE', *, *, #3866, .T. ) ;
#3868 = ORIENTED_EDGE ( 'NONE', *, *, #3997, .T. ) ;
#3869 = ADVANCED_FACE ( 'NONE', ( #2629 ), #2557, .F. ) ;
#3870 = ORIENTED_EDGE ( 'NONE', *, *, #3871, .T. ) ;
#3871 = EDGE_CURVE ( 'NONE', #4003, #3849, #2642, .T. ) ;
#3872 = EDGE_CURVE ( 'NONE', #3863, #4003, #2622, .T. ) ;
#3873 = EDGE_CURVE ( 'NONE', #3850, #3863, #2571, .T. ) ;
#3874 = ORIENTED_EDGE ( 'NONE', *, *, #3846, .T. ) ;
#3875 = EDGE_LOOP ( 'NONE', ( #3994, #3996, #3868, #3995 ) ) ;
#3876 = ORIENTED_EDGE ( 'NONE', *, *, #3827, .F. ) ;
#3877 = ORIENTED_EDGE ( 'NONE', *, *, #3185, .F. ) ;
#3878 = ORIENTED_EDGE ( 'NONE', *, *, #3576, .F. ) ;
#3879 = ORIENTED_EDGE ( 'NONE', *, *, #3363, .F. ) ;
#3880 = EDGE_CURVE ( 'NONE', #3667, #3941, #2696, .T. ) ;
#3881 = ORIENTED_EDGE ( 'NONE', *, *, #3880, .T. ) ;
#3882 = EDGE_CURVE ( 'NONE', #3941, #3663, #2736, .T. ) ;
#3883 = EDGE_CURVE ( 'NONE', #3380, #3571, #2823, .T. ) ;
#3884 = VERTEX_POINT ( 'NONE', #2820 ) ;
#3885 = EDGE_LOOP ( 'NONE', ( #3652, #3936, #3650, #3935 ) ) ;
#3886 = ORIENTED_EDGE ( 'NONE', *, *, #3487, .T. ) ;
#3887 = ORIENTED_EDGE ( 'NONE', *, *, #3932, .T. ) ;
#3888 = ORIENTED_EDGE ( 'NONE', *, *, #3912, .F. ) ;
#3889 = ORIENTED_EDGE ( 'NONE', *, *, #3319, .F. ) ;
#3890 = ADVANCED_FACE ( 'NONE', ( #2800 ), #2838, .F. ) ;
#3891 = EDGE_LOOP ( 'NONE', ( #3889, #3971, #4036, #3888 ) ) ;
#3892 = ORIENTED_EDGE ( 'NONE', *, *, #4243, .T. ) ;
#3893 = EDGE_CURVE ( 'NONE', #3767, #3861, #2821, .T. ) ;
#3894 = ORIENTED_EDGE ( 'NONE', *, *, #3893, .F. ) ;
#3895 = ADVANCED_FACE ( 'NONE', ( #2837 ), #2839, .F. ) ;
#3896 = EDGE_CURVE ( 'NONE', #3884, #3264, #2799, .T. ) ;
#3897 = ADVANCED_FACE ( 'NONE', ( #2841 ), #2817, .F. ) ;
#3898 = ORIENTED_EDGE ( 'NONE', *, *, #3522, .F. ) ;
#3899 = ORIENTED_EDGE ( 'NONE', *, *, #3339, .T. ) ;
#3900 = ADVANCED_FACE ( 'NONE', ( #2842 ), #2781, .T. ) ;
#3901 = ORIENTED_EDGE ( 'NONE', *, *, #3209, .T. ) ;
#3902 = ORIENTED_EDGE ( 'NONE', *, *, #3165, .F. ) ;
#3903 = ORIENTED_EDGE ( 'NONE', *, *, #3501, .F. ) ;
#3904 = EDGE_LOOP ( 'NONE', ( #3902, #3952, #4054, #4055 ) ) ;
#3905 = ADVANCED_FACE ( 'NONE', ( #2826 ), #2741, .T. ) ;
#3906 = ORIENTED_EDGE ( 'NONE', *, *, #3304, .T. ) ;
#3907 = ORIENTED_EDGE ( 'NONE', *, *, #3760, .F. ) ;
#3908 = ORIENTED_EDGE ( 'NONE', *, *, #3847, .F. ) ;
#3909 = EDGE_CURVE ( 'NONE', #3328, #3240, #2743, .T. ) ;
#3910 = ORIENTED_EDGE ( 'NONE', *, *, #3934, .T. ) ;
#3911 = VERTEX_POINT ( 'NONE', #2827 ) ;
#3912 = EDGE_CURVE ( 'NONE', #3295, #3884, #2834, .T. ) ;
#3913 = EDGE_CURVE ( 'NONE', #3930, #3911, #2832, .T. ) ;
#3914 = EDGE_LOOP ( 'NONE', ( #3929, #3986, #4030, #4029 ) ) ;
#3915 = ORIENTED_EDGE ( 'NONE', *, *, #3228, .T. ) ;
#3916 = EDGE_CURVE ( 'NONE', #3922, #3988, #2742, .T. ) ;
#3917 = ORIENTED_EDGE ( 'NONE', *, *, #4033, .T. ) ;
#3918 = EDGE_CURVE ( 'NONE', #3926, #3296, #2764, .T. ) ;
#3919 = ORIENTED_EDGE ( 'NONE', *, *, #3918, .T. ) ;
#3920 = EDGE_CURVE ( 'NONE', #3988, #3911, #2747, .T. ) ;
#3921 = EDGE_CURVE ( 'NONE', #3930, #3922, #2714, .T. ) ;
#3922 = VERTEX_POINT ( 'NONE', #2697 ) ;
#3923 = EDGE_CURVE ( 'NONE', #3959, #3930, #2677, .T. ) ;
#3924 = ORIENTED_EDGE ( 'NONE', *, *, #3912, .T. ) ;
#3925 = EDGE_LOOP ( 'NONE', ( #3989, #3961, #3987, #3982 ) ) ;
#3926 = VERTEX_POINT ( 'NONE', #2686 ) ;
#3927 = ORIENTED_EDGE ( 'NONE', *, *, #3983, .T. ) ;
#3928 = VERTEX_POINT ( 'NONE', #2720 ) ;
#3929 = ORIENTED_EDGE ( 'NONE', *, *, #3916, .T. ) ;
#3930 = VERTEX_POINT ( 'NONE', #2708 ) ;
#3931 = ORIENTED_EDGE ( 'NONE', *, *, #3883, .T. ) ;
#3932 = EDGE_CURVE ( 'NONE', #3558, #3384, #2694, .T. ) ;
#3933 = ORIENTED_EDGE ( 'NONE', *, *, #3267, .T. ) ;
#3934 = EDGE_CURVE ( 'NONE', #3666, #3328, #2693, .T. ) ;
#3935 = ORIENTED_EDGE ( 'NONE', *, *, #3255, .T. ) ;
#3936 = ORIENTED_EDGE ( 'NONE', *, *, #3360, .T. ) ;
#3937 = ADVANCED_FACE ( 'NONE', ( #2707 ), #2715, .F. ) ;
#3938 = ORIENTED_EDGE ( 'NONE', *, *, #3940, .T. ) ;
#3939 = ORIENTED_EDGE ( 'NONE', *, *, #3214, .T. ) ;
#3940 = EDGE_CURVE ( 'NONE', #3884, #3273, #2710, .T. ) ;
#3941 = VERTEX_POINT ( 'NONE', #2679 ) ;
#3942 = ORIENTED_EDGE ( 'NONE', *, *, #3909, .T. ) ;
#3943 = ADVANCED_FACE ( 'NONE', ( #2680 ), #2754, .F. ) ;
#3944 = EDGE_LOOP ( 'NONE', ( #3938, #3622, #3917, #3919, #3915, #3924 ) ) ;
#3945 = ADVANCED_FACE ( 'NONE', ( #2759 ), #2760, .F. ) ;
#3946 = EDGE_LOOP ( 'NONE', ( #3664, #3660, #3668, #3648, #3881, #3784, #3654, #3962, #3910, #3942, #3655, #3980 ) ) ;
#3947 = ADVANCED_FACE ( 'NONE', ( #2877 ), #2902, .T. ) ;
#3948 = ORIENTED_EDGE ( 'NONE', *, *, #3816, .F. ) ;
#3949 = EDGE_LOOP ( 'NONE', ( #3999, #3948, #3906, #3907 ) ) ;
#3950 = ORIENTED_EDGE ( 'NONE', *, *, #3699, .F. ) ;
#3951 = ORIENTED_EDGE ( 'NONE', *, *, #3404, .T. ) ;
#3952 = ORIENTED_EDGE ( 'NONE', *, *, #3517, .F. ) ;
#3953 = EDGE_LOOP ( 'NONE', ( #3877, #3950, #3901, #3903 ) ) ;
#3954 = ORIENTED_EDGE ( 'NONE', *, *, #3873, .T. ) ;
#3955 = EDGE_LOOP ( 'NONE', ( #4017, #4019, #4016, #3956 ) ) ;
#3956 = ORIENTED_EDGE ( 'NONE', *, *, #3578, .F. ) ;
#3957 = ADVANCED_FACE ( 'NONE', ( #2853 ), #2852, .F. ) ;
#3958 = EDGE_CURVE ( 'NONE', #3861, #4012, #2848, .T. ) ;
#3959 = VERTEX_POINT ( 'NONE', #2940 ) ;
#3960 = ADVANCED_FACE ( 'NONE', ( #2894 ), #2878, .T. ) ;
#3961 = ORIENTED_EDGE ( 'NONE', *, *, #3990, .T. ) ;
#3962 = ORIENTED_EDGE ( 'NONE', *, *, #3651, .T. ) ;
#3963 = ORIENTED_EDGE ( 'NONE', *, *, #3958, .F. ) ;
#3964 = ORIENTED_EDGE ( 'NONE', *, *, #3770, .T. ) ;
#3965 = ORIENTED_EDGE ( 'NONE', *, *, #4161, .T. ) ;
#3966 = ADVANCED_FACE ( 'NONE', ( #2890 ), #2893, .F. ) ;
#3967 = EDGE_LOOP ( 'NONE', ( #3969, #3977, #3975, #3979 ) ) ;
#3968 = ORIENTED_EDGE ( 'NONE', *, *, #3280, .F. ) ;
#3969 = ORIENTED_EDGE ( 'NONE', *, *, #3322, .F. ) ;
#3970 = ORIENTED_EDGE ( 'NONE', *, *, #4243, .F. ) ;
#3971 = ORIENTED_EDGE ( 'NONE', *, *, #3690, .F. ) ;
#3972 = EDGE_LOOP ( 'NONE', ( #3892, #3963, #3894, #3976 ) ) ;
#3973 = ADVANCED_FACE ( 'NONE', ( #2908 ), #2876, .T. ) ;
#3974 = EDGE_CURVE ( 'NONE', #4011, #3323, #2861, .T. ) ;
#3975 = ORIENTED_EDGE ( 'NONE', *, *, #4200, .T. ) ;
#3976 = ORIENTED_EDGE ( 'NONE', *, *, #3633, .F. ) ;
#3977 = ORIENTED_EDGE ( 'NONE', *, *, #3974, .F. ) ;
#3978 = ORIENTED_EDGE ( 'NONE', *, *, #3781, .F. ) ;
#3979 = ORIENTED_EDGE ( 'NONE', *, *, #4184, .F. ) ;
#3980 = ORIENTED_EDGE ( 'NONE', *, *, #3338, .T. ) ;
#3981 = EDGE_LOOP ( 'NONE', ( #3927, #3653, #4028, #3984 ) ) ;
#3982 = ORIENTED_EDGE ( 'NONE', *, *, #3923, .T. ) ;
#3983 = EDGE_CURVE ( 'NONE', #3928, #4032, #2924, .T. ) ;
#3984 = ORIENTED_EDGE ( 'NONE', *, *, #4368, .T. ) ;
#3985 = ADVANCED_FACE ( 'NONE', ( #2929 ), #2857, .T. ) ;
#3986 = ORIENTED_EDGE ( 'NONE', *, *, #3920, .T. ) ;
#3987 = ORIENTED_EDGE ( 'NONE', *, *, #3992, .F. ) ;
#3988 = VERTEX_POINT ( 'NONE', #2887 ) ;
#3989 = ORIENTED_EDGE ( 'NONE', *, *, #3913, .T. ) ;
#3990 = EDGE_CURVE ( 'NONE', #3911, #3991, #2884, .T. ) ;
#3991 = VERTEX_POINT ( 'NONE', #2944 ) ;
#3992 = EDGE_CURVE ( 'NONE', #3959, #3991, #2937, .T. ) ;
#3993 = EDGE_LOOP ( 'NONE', ( #4022, #4020, #3951, #3878 ) ) ;
#3994 = ORIENTED_EDGE ( 'NONE', *, *, #3864, .F. ) ;
#3995 = ORIENTED_EDGE ( 'NONE', *, *, #3998, .T. ) ;
#3996 = ORIENTED_EDGE ( 'NONE', *, *, #3958, .T. ) ;
#3997 = EDGE_CURVE ( 'NONE', #4012, #4011, #2862, .T. ) ;
#3998 = EDGE_CURVE ( 'NONE', #4011, #4008, #2931, .T. ) ;
#3999 = ORIENTED_EDGE ( 'NONE', *, *, #3342, .F. ) ;
#4000 = ORIENTED_EDGE ( 'NONE', *, *, #3846, .F. ) ;
#4001 = EDGE_CURVE ( 'NONE', #3854, #3850, #3018, .T. ) ;
#4002 = ORIENTED_EDGE ( 'NONE', *, *, #3847, .T. ) ;
#4003 = VERTEX_POINT ( 'NONE', #2988 ) ;
#4004 = ORIENTED_EDGE ( 'NONE', *, *, #3857, .T. ) ;
#4005 = ORIENTED_EDGE ( 'NONE', *, *, #3872, .T. ) ;
#4006 = ORIENTED_EDGE ( 'NONE', *, *, #4001, .T. ) ;
#4007 = ORIENTED_EDGE ( 'NONE', *, *, #3408, .F. ) ;
#4008 = VERTEX_POINT ( 'NONE', #3029 ) ;
#4009 = ADVANCED_FACE ( 'NONE', ( #2953 ), #2971, .F. ) ;
#4010 = EDGE_CURVE ( 'NONE', #4426, #3861, #3016, .T. ) ;
#4011 = VERTEX_POINT ( 'NONE', #2999 ) ;
#4012 = VERTEX_POINT ( 'NONE', #2946 ) ;
#4013 = ORIENTED_EDGE ( 'NONE', *, *, #4435, .F. ) ;
#4014 = EDGE_LOOP ( 'NONE', ( #4007, #4018, #4023, #3876 ) ) ;
#4015 = ADVANCED_FACE ( 'NONE', ( #2962 ), #2987, .T. ) ;
#4016 = ORIENTED_EDGE ( 'NONE', *, *, #3556, .T. ) ;
#4017 = ORIENTED_EDGE ( 'NONE', *, *, #3178, .F. ) ;
#4018 = ORIENTED_EDGE ( 'NONE', *, *, #3820, .F. ) ;
#4019 = ORIENTED_EDGE ( 'NONE', *, *, #3700, .F. ) ;
#4020 = ORIENTED_EDGE ( 'NONE', *, *, #3674, .F. ) ;
#4021 = ADVANCED_FACE ( 'NONE', ( #2945 ), #2972, .T. ) ;
#4022 = ORIENTED_EDGE ( 'NONE', *, *, #3203, .F. ) ;
#4023 = ORIENTED_EDGE ( 'NONE', *, *, #3208, .T. ) ;
#4024 = VERTEX_POINT ( 'NONE', #2973 ) ;
#4025 = EDGE_CURVE ( 'NONE', #4032, #4024, #3023, .T. ) ;
#4026 = VERTEX_POINT ( 'NONE', #2963 ) ;
#4027 = EDGE_CURVE ( 'NONE', #4026, #4024, #2978, .T. ) ;
#4028 = ORIENTED_EDGE ( 'NONE', *, *, #4027, .F. ) ;
#4029 = ORIENTED_EDGE ( 'NONE', *, *, #3921, .T. ) ;
#4030 = ORIENTED_EDGE ( 'NONE', *, *, #3913, .F. ) ;
#4031 = ADVANCED_FACE ( 'NONE', ( #2980 ), #2992, .F. ) ;
#4032 = VERTEX_POINT ( 'NONE', #2721 ) ;
#4033 = EDGE_CURVE ( 'NONE', #3386, #3926, #2812, .T. ) ;
#4034 = EDGE_CURVE ( 'NONE', #3425, #3665, #2676, .T. ) ;
#4035 = EDGE_LOOP ( 'NONE', ( #3659, #3887, #3933, #3931 ) ) ;
#4036 = ORIENTED_EDGE ( 'NONE', *, *, #3896, .F. ) ;
#4037 = ADVANCED_FACE ( 'NONE', ( #2933 ), #2998, .T. ) ;
#4038 = ORIENTED_EDGE ( 'NONE', *, *, #3220, .F. ) ;
#4039 = EDGE_LOOP ( 'NONE', ( #4051, #4049, #4195, #4196 ) ) ;
#4040 = ORIENTED_EDGE ( 'NONE', *, *, #3697, .F. ) ;
#4041 = ORIENTED_EDGE ( 'NONE', *, *, #3734, .F. ) ;
#4042 = ADVANCED_FACE ( 'NONE', ( #3039 ), #3053, .F. ) ;
#4043 = ORIENTED_EDGE ( 'NONE', *, *, #3286, .F. ) ;
#4044 = EDGE_LOOP ( 'NONE', ( #4038, #4041, #4045, #4050 ) ) ;
#4045 = ORIENTED_EDGE ( 'NONE', *, *, #3354, .T. ) ;
#4046 = ORIENTED_EDGE ( 'NONE', *, *, #3594, .F. ) ;
#4047 = EDGE_LOOP ( 'NONE', ( #4262, #4046, #4190, #4185 ) ) ;
#4048 = EDGE_LOOP ( 'NONE', ( #4197, #4189, #4244, #4247 ) ) ;
#4049 = ORIENTED_EDGE ( 'NONE', *, *, #3736, .F. ) ;
#4050 = ORIENTED_EDGE ( 'NONE', *, *, #3676, .F. ) ;
#4051 = ORIENTED_EDGE ( 'NONE', *, *, #3337, .F. ) ;
#4052 = EDGE_LOOP ( 'NONE', ( #3879, #3898, #3899, #4040 ) ) ;
#4053 = ADVANCED_FACE ( 'NONE', ( #3032 ), #3036, .F. ) ;
#4054 = ORIENTED_EDGE ( 'NONE', *, *, #3370, .T. ) ;
#4055 = ORIENTED_EDGE ( 'NONE', *, *, #3757, .F. ) ;
#4056 = EDGE_LOOP ( 'NONE', ( #4225, #4224, #4176, #4238 ) ) ;
#4057 = ORIENTED_EDGE ( 'NONE', *, *, #4147, .T. ) ;
#4058 = EDGE_LOOP ( 'NONE', ( #4057, #4344, #4359, #4381 ) ) ;
#4059 = EDGE_LOOP ( 'NONE', ( #4445, #4398, #4152, #4444, #4146 ) ) ;
#4060 = ORIENTED_EDGE ( 'NONE', *, *, #3923, .F. ) ;
#4061 = ADVANCED_FACE ( 'NONE', ( #3041 ), #3062, .T. ) ;
#4062 = EDGE_LOOP ( 'NONE', ( #4253, #4089, #4088, #4103 ) ) ;
#4063 = EDGE_CURVE ( 'NONE', #3402, #3959, #3067, .T. ) ;
#4064 = ORIENTED_EDGE ( 'NONE', *, *, #4063, .F. ) ;
#4065 = EDGE_LOOP ( 'NONE', ( #4212, #4106, #4105, #3978 ) ) ;
#4066 = EDGE_CURVE ( 'NONE', #3854, #3667, #3066, .T. ) ;
#4067 = ADVANCED_FACE ( 'NONE', ( #3034 ), #3046, .T. ) ;
#4068 = ORIENTED_EDGE ( 'NONE', *, *, #4159, .F. ) ;
#4069 = ORIENTED_EDGE ( 'NONE', *, *, #4237, .T. ) ;
#4070 = ORIENTED_EDGE ( 'NONE', *, *, #4286, .F. ) ;
#4071 = ADVANCED_FACE ( 'NONE', ( #3056 ), #3098, .F. ) ;
#4072 = ORIENTED_EDGE ( 'NONE', *, *, #4111, .F. ) ;
#4073 = ORIENTED_EDGE ( 'NONE', *, *, #4223, .F. ) ;
#4074 = EDGE_LOOP ( 'NONE', ( #4085, #4202, #4167, #4166 ) ) ;
#4075 = ORIENTED_EDGE ( 'NONE', *, *, #4223, .T. ) ;
#4076 = ADVANCED_FACE ( 'NONE', ( #3129 ), #2975, .F. ) ;
#4077 = ORIENTED_EDGE ( 'NONE', *, *, #3629, .F. ) ;
#4078 = EDGE_LOOP ( 'NONE', ( #4080, #4082, #4079, #4077 ) ) ;
#4079 = ORIENTED_EDGE ( 'NONE', *, *, #4081, .F. ) ;
#4080 = ORIENTED_EDGE ( 'NONE', *, *, #3893, .T. ) ;
#4081 = EDGE_CURVE ( 'NONE', #3776, #4426, #4859, .T. ) ;
#4082 = ORIENTED_EDGE ( 'NONE', *, *, #4010, .F. ) ;
#4083 = ORIENTED_EDGE ( 'NONE', *, *, #3866, .F. ) ;
#4084 = ORIENTED_EDGE ( 'NONE', *, *, #4081, .T. ) ;
#4085 = ORIENTED_EDGE ( 'NONE', *, *, #3896, .T. ) ;
#4086 = EDGE_CURVE ( 'NONE', #4371, #3688, #4861, .T. ) ;
#4087 = ADVANCED_FACE ( 'NONE', ( #4924 ), #4858, .T. ) ;
#4088 = ORIENTED_EDGE ( 'NONE', *, *, #4066, .F. ) ;
#4089 = ORIENTED_EDGE ( 'NONE', *, *, #3880, .F. ) ;
#4090 = EDGE_LOOP ( 'NONE', ( #4210, #4211, #4115, #4117 ) ) ;
#4091 = ORIENTED_EDGE ( 'NONE', *, *, #4250, .T. ) ;
#4092 = ORIENTED_EDGE ( 'NONE', *, *, #3695, .F. ) ;
#4093 = ORIENTED_EDGE ( 'NONE', *, *, #3684, .F. ) ;
#4094 = EDGE_CURVE ( 'NONE', #3991, #3752, #4906, .T. ) ;
#4095 = ORIENTED_EDGE ( 'NONE', *, *, #3764, .F. ) ;
#4096 = ORIENTED_EDGE ( 'NONE', *, *, #4249, .T. ) ;
#4097 = ORIENTED_EDGE ( 'NONE', *, *, #3920, .F. ) ;
#4098 = ORIENTED_EDGE ( 'NONE', *, *, #3455, .F. ) ;
#4099 = EDGE_CURVE ( 'NONE', #4288, #3941, #4900, .T. ) ;
#4100 = ADVANCED_FACE ( 'NONE', ( #4892 ), #4891, .F. ) ;
#4101 = ORIENTED_EDGE ( 'NONE', *, *, #4249, .F. ) ;
#4102 = EDGE_CURVE ( 'NONE', #3768, #3849, #4901, .T. ) ;
#4103 = ORIENTED_EDGE ( 'NONE', *, *, #3848, .F. ) ;
#4104 = ADVANCED_FACE ( 'NONE', ( #4910 ), #4928, .F. ) ;
#4105 = ORIENTED_EDGE ( 'NONE', *, *, #4102, .F. ) ;
#4106 = ORIENTED_EDGE ( 'NONE', *, *, #3857, .F. ) ;
#4107 = ADVANCED_FACE ( 'NONE', ( #4958 ), #4999, .T. ) ;
#4108 = ORIENTED_EDGE ( 'NONE', *, *, #4363, .F. ) ;
#4109 = EDGE_LOOP ( 'NONE', ( #4213, #4093, #4255, #4097 ) ) ;
#4110 = ORIENTED_EDGE ( 'NONE', *, *, #4156, .T. ) ;
#4111 = EDGE_CURVE ( 'NONE', #3749, #4413, #4865, .T. ) ;
#4112 = ORIENTED_EDGE ( 'NONE', *, *, #3554, .F. ) ;
#4113 = ADVANCED_FACE ( 'NONE', ( #4959 ), #382, .T. ) ;
#4114 = ORIENTED_EDGE ( 'NONE', *, *, #4099, .F. ) ;
#4115 = ORIENTED_EDGE ( 'NONE', *, *, #4251, .F. ) ;
#4116 = EDGE_LOOP ( 'NONE', ( #4096, #4060, #4064, #4098 ) ) ;
#4117 = ORIENTED_EDGE ( 'NONE', *, *, #3809, .F. ) ;
#4118 = ADVANCED_FACE ( 'NONE', ( #83 ), #76, .F. ) ;
#4119 = ORIENTED_EDGE ( 'NONE', *, *, #3990, .F. ) ;
#4120 = ORIENTED_EDGE ( 'NONE', *, *, #4168, .F. ) ;
#4121 = ORIENTED_EDGE ( 'NONE', *, *, #4175, .T. ) ;
#4122 = ORIENTED_EDGE ( 'NONE', *, *, #3774, .F. ) ;
#4123 = ORIENTED_EDGE ( 'NONE', *, *, #4384, .F. ) ;
#4124 = ORIENTED_EDGE ( 'NONE', *, *, #4151, .T. ) ;
#4125 = EDGE_CURVE ( 'NONE', #4032, #3636, #81, .T. ) ;
#4126 = ORIENTED_EDGE ( 'NONE', *, *, #4102, .T. ) ;
#4127 = EDGE_LOOP ( 'NONE', ( #4372, #4306, #4395, #4353 ) ) ;
#4128 = ORIENTED_EDGE ( 'NONE', *, *, #3747, .T. ) ;
#4129 = ORIENTED_EDGE ( 'NONE', *, *, #3265, .T. ) ;
#4130 = ADVANCED_FACE ( 'NONE', ( #89 ), #73, .F. ) ;
#4131 = EDGE_LOOP ( 'NONE', ( #4345, #4385, #4123, #4390 ) ) ;
#4132 = ORIENTED_EDGE ( 'NONE', *, *, #4369, .F. ) ;
#4133 = ORIENTED_EDGE ( 'NONE', *, *, #3642, .F. ) ;
#4134 = ADVANCED_FACE ( 'NONE', ( #6 ), #35, .T. ) ;
#4135 = EDGE_LOOP ( 'NONE', ( #4126, #4144, #4136, #4143 ) ) ;
#4136 = ORIENTED_EDGE ( 'NONE', *, *, #4137, .F. ) ;
#4137 = EDGE_CURVE ( 'NONE', #3810, #4003, #200, .T. ) ;
#4138 = ORIENTED_EDGE ( 'NONE', *, *, #3872, .F. ) ;
#4139 = ORIENTED_EDGE ( 'NONE', *, *, #4391, .F. ) ;
#4140 = ORIENTED_EDGE ( 'NONE', *, *, #4428, .F. ) ;
#4141 = ORIENTED_EDGE ( 'NONE', *, *, #4354, .T. ) ;
#4142 = ADVANCED_FACE ( 'NONE', ( #199 ), #198, .F. ) ;
#4143 = ORIENTED_EDGE ( 'NONE', *, *, #3777, .F. ) ;
#4144 = ORIENTED_EDGE ( 'NONE', *, *, #3871, .F. ) ;
#4145 = ADVANCED_FACE ( 'NONE', ( #229 ), #110, .F. ) ;
#4146 = ORIENTED_EDGE ( 'NONE', *, *, #4420, .F. ) ;
#4147 = EDGE_CURVE ( 'NONE', #3200, #3552, #111, .T. ) ;
#4148 = ORIENTED_EDGE ( 'NONE', *, *, #4384, .T. ) ;
#4149 = ADVANCED_FACE ( 'NONE', ( #235 ), #175, .F. ) ;
#4150 = ORIENTED_EDGE ( 'NONE', *, *, #4367, .F. ) ;
#4151 = EDGE_CURVE ( 'NONE', #3609, #3811, #162, .T. ) ;
#4152 = ORIENTED_EDGE ( 'NONE', *, *, #4151, .F. ) ;
#4153 = ORIENTED_EDGE ( 'NONE', *, *, #4125, .F. ) ;
#4154 = ADVANCED_FACE ( 'NONE', ( #109 ), #129, .T. ) ;
#4155 = ORIENTED_EDGE ( 'NONE', *, *, #4156, .F. ) ;
#4156 = EDGE_CURVE ( 'NONE', #3612, #3922, #154, .T. ) ;
#4157 = EDGE_LOOP ( 'NONE', ( #4069, #4070, #4072, #4092 ) ) ;
#4158 = ORIENTED_EDGE ( 'NONE', *, *, #3656, .F. ) ;
#4159 = EDGE_CURVE ( 'NONE', #4411, #3663, #157, .T. ) ;
#4160 = ORIENTED_EDGE ( 'NONE', *, *, #4180, .T. ) ;
#4161 = EDGE_CURVE ( 'NONE', #3296, #4012, #142, .T. ) ;
#4162 = EDGE_LOOP ( 'NONE', ( #4075, #4181, #4183, #4083 ) ) ;
#4163 = ADVANCED_FACE ( 'NONE', ( #143 ), #161, .T. ) ;
#4164 = ORIENTED_EDGE ( 'NONE', *, *, #4410, .F. ) ;
#4165 = EDGE_LOOP ( 'NONE', ( #4215, #4121, #4120 ) ) ;
#4166 = ORIENTED_EDGE ( 'NONE', *, *, #4178, .T. ) ;
#4167 = ORIENTED_EDGE ( 'NONE', *, *, #4086, .F. ) ;
#4168 = EDGE_CURVE ( 'NONE', #3379, #4370, #140, .T. ) ;
#4169 = EDGE_LOOP ( 'NONE', ( #4084, #4182, #4235, #4122 ) ) ;
#4170 = ADVANCED_FACE ( 'NONE', ( #189 ), #214, .T. ) ;
#4171 = ADVANCED_FACE ( 'NONE', ( #347 ), #274, .T. ) ;
#4172 = ORIENTED_EDGE ( 'NONE', *, *, #3211, .T. ) ;
#4173 = ORIENTED_EDGE ( 'NONE', *, *, #3707, .F. ) ;
#4174 = EDGE_LOOP ( 'NONE', ( #4218, #4219, #4221, #4073, #4222 ) ) ;
#4175 = EDGE_CURVE ( 'NONE', #3273, #4370, #276, .T. ) ;
#4176 = ORIENTED_EDGE ( 'NONE', *, *, #4178, .F. ) ;
#4177 = EDGE_LOOP ( 'NONE', ( #4239, #4240, #4214, #4216, #4217 ) ) ;
#4178 = EDGE_CURVE ( 'NONE', #4371, #3884, #282, .T. ) ;
#4179 = ADVANCED_FACE ( 'NONE', ( #269 ), #309, .T. ) ;
#4180 = EDGE_CURVE ( 'NONE', #4430, #3783, #314, .T. ) ;
#4181 = ORIENTED_EDGE ( 'NONE', *, *, #3651, .F. ) ;
#4182 = ORIENTED_EDGE ( 'NONE', *, *, #4432, .F. ) ;
#4183 = ORIENTED_EDGE ( 'NONE', *, *, #4180, .F. ) ;
#4184 = EDGE_CURVE ( 'NONE', #3282, #3926, #281, .T. ) ;
#4185 = ORIENTED_EDGE ( 'NONE', *, *, #3702, .F. ) ;
#4186 = ORIENTED_EDGE ( 'NONE', *, *, #4161, .F. ) ;
#4187 = ORIENTED_EDGE ( 'NONE', *, *, #3599, .F. ) ;
#4188 = EDGE_LOOP ( 'NONE', ( #4186, #4198, #4259, #4191 ) ) ;
#4189 = ORIENTED_EDGE ( 'NONE', *, *, #3535, .F. ) ;
#4190 = ORIENTED_EDGE ( 'NONE', *, *, #3353, .T. ) ;
#4191 = ORIENTED_EDGE ( 'NONE', *, *, #3997, .F. ) ;
#4192 = EDGE_LOOP ( 'NONE', ( #4043, #4261, #4172, #4173 ) ) ;
#4193 = ADVANCED_FACE ( 'NONE', ( #275 ), #310, .T. ) ;
#4194 = ADVANCED_FACE ( 'NONE', ( #318 ), #273, .T. ) ;
#4195 = ORIENTED_EDGE ( 'NONE', *, *, #3335, .T. ) ;
#4196 = ORIENTED_EDGE ( 'NONE', *, *, #3403, .F. ) ;
#4197 = ORIENTED_EDGE ( 'NONE', *, *, #3219, .F. ) ;
#4198 = ORIENTED_EDGE ( 'NONE', *, *, #3918, .F. ) ;
#4199 = ORIENTED_EDGE ( 'NONE', *, *, #3235, .T. ) ;
#4200 = EDGE_CURVE ( 'NONE', #4011, #3926, #335, .T. ) ;
#4201 = EDGE_LOOP ( 'NONE', ( #3968, #3965, #3970, #3964 ) ) ;
#4202 = ORIENTED_EDGE ( 'NONE', *, *, #3639, .T. ) ;
#4203 = ADVANCED_FACE ( 'NONE', ( #316 ), #98, .F. ) ;
#4204 = ORIENTED_EDGE ( 'NONE', *, *, #4233, .F. ) ;
#4205 = EDGE_LOOP ( 'NONE', ( #4160, #4158, #4068, #4164 ) ) ;
#4206 = ORIENTED_EDGE ( 'NONE', *, *, #4415, .F. ) ;
#4207 = ADVANCED_FACE ( 'NONE', ( #503 ), #482, .T. ) ;
#4208 = ADVANCED_FACE ( 'NONE', ( #504 ), #483, .F. ) ;
#4209 = EDGE_LOOP ( 'NONE', ( #4091, #4095, #4248, #4119 ) ) ;
#4210 = ORIENTED_EDGE ( 'NONE', *, *, #4111, .T. ) ;
#4211 = ORIENTED_EDGE ( 'NONE', *, *, #3845, .F. ) ;
#4212 = ORIENTED_EDGE ( 'NONE', *, *, #4251, .T. ) ;
#4213 = ORIENTED_EDGE ( 'NONE', *, *, #4233, .T. ) ;
#4214 = ORIENTED_EDGE ( 'NONE', *, *, #3216, .T. ) ;
#4215 = ORIENTED_EDGE ( 'NONE', *, *, #3291, .T. ) ;
#4216 = ORIENTED_EDGE ( 'NONE', *, *, #4184, .T. ) ;
#4217 = ORIENTED_EDGE ( 'NONE', *, *, #4033, .F. ) ;
#4218 = ORIENTED_EDGE ( 'NONE', *, *, #3974, .T. ) ;
#4219 = ORIENTED_EDGE ( 'NONE', *, *, #3327, .T. ) ;
#4220 = ADVANCED_FACE ( 'NONE', ( #666 ), #655, .T. ) ;
#4221 = ORIENTED_EDGE ( 'NONE', *, *, #3934, .F. ) ;
#4222 = ORIENTED_EDGE ( 'NONE', *, *, #3998, .F. ) ;
#4223 = EDGE_CURVE ( 'NONE', #4008, #3666, #661, .T. ) ;
#4224 = ORIENTED_EDGE ( 'NONE', *, *, #3940, .F. ) ;
#4225 = ORIENTED_EDGE ( 'NONE', *, *, #4175, .F. ) ;
#4226 = ORIENTED_EDGE ( 'NONE', *, *, #4086, .T. ) ;
#4227 = ORIENTED_EDGE ( 'NONE', *, *, #3686, .F. ) ;
#4228 = ADVANCED_FACE ( 'NONE', ( #660 ), #649, .F. ) ;
#4229 = ORIENTED_EDGE ( 'NONE', *, *, #4361, .F. ) ;
#4230 = EDGE_LOOP ( 'NONE', ( #4231, #4206, #4155, #4236 ) ) ;
#4231 = ORIENTED_EDGE ( 'NONE', *, *, #4168, .T. ) ;
#4232 = EDGE_LOOP ( 'NONE', ( #4226, #4227, #4204, #4229 ) ) ;
#4233 = EDGE_CURVE ( 'NONE', #3988, #3635, #643, .T. ) ;
#4234 = ADVANCED_FACE ( 'NONE', ( #637 ), #638, .F. ) ;
#4235 = ORIENTED_EDGE ( 'NONE', *, *, #4237, .F. ) ;
#4236 = ORIENTED_EDGE ( 'NONE', *, *, #3614, .F. ) ;
#4237 = EDGE_CURVE ( 'NONE', #3748, #4365, #620, .T. ) ;
#4238 = ORIENTED_EDGE ( 'NONE', *, *, #4366, .F. ) ;
#4239 = ORIENTED_EDGE ( 'NONE', *, *, #3396, .F. ) ;
#4240 = ORIENTED_EDGE ( 'NONE', *, *, #3909, .F. ) ;
#4241 = ADVANCED_FACE ( 'NONE', ( #642 ), #523, .T. ) ;
#4242 = EDGE_LOOP ( 'NONE', ( #4245, #4246, #4199, #4187 ) ) ;
#4243 = EDGE_CURVE ( 'NONE', #3778, #4012, #619, .T. ) ;
#4244 = ORIENTED_EDGE ( 'NONE', *, *, #3356, .T. ) ;
#4245 = ORIENTED_EDGE ( 'NONE', *, *, #3215, .F. ) ;
#4246 = ORIENTED_EDGE ( 'NONE', *, *, #3782, .F. ) ;
#4247 = ORIENTED_EDGE ( 'NONE', *, *, #3489, .F. ) ;
#4248 = ORIENTED_EDGE ( 'NONE', *, *, #4094, .F. ) ;
#4249 = EDGE_CURVE ( 'NONE', #3564, #3930, #610, .T. ) ;
#4250 = EDGE_CURVE ( 'NONE', #3911, #3740, #550, .T. ) ;
#4251 = EDGE_CURVE ( 'NONE', #3773, #3851, #555, .T. ) ;
#4252 = ORIENTED_EDGE ( 'NONE', *, *, #4159, .T. ) ;
#4253 = ORIENTED_EDGE ( 'NONE', *, *, #4099, .T. ) ;
#4254 = ORIENTED_EDGE ( 'NONE', *, *, #3882, .F. ) ;
#4255 = ORIENTED_EDGE ( 'NONE', *, *, #4250, .F. ) ;
#4256 = EDGE_LOOP ( 'NONE', ( #4110, #4258, #4101, #4112 ) ) ;
#4257 = EDGE_LOOP ( 'NONE', ( #4252, #4254, #4114, #4108 ) ) ;
#4258 = ORIENTED_EDGE ( 'NONE', *, *, #3921, .F. ) ;
#4259 = ORIENTED_EDGE ( 'NONE', *, *, #4200, .F. ) ;
#4260 = ADVANCED_FACE ( 'NONE', ( #549 ), #539, .T. ) ;
#4261 = ORIENTED_EDGE ( 'NONE', *, *, #3483, .F. ) ;
#4262 = ORIENTED_EDGE ( 'NONE', *, *, #3226, .F. ) ;
#4263 = ADVANCED_FACE ( 'NONE', ( #544 ), #538, .F. ) ;
#4264 = ORIENTED_EDGE ( 'NONE', *, *, #3789, .F. ) ;
#4265 = ORIENTED_EDGE ( 'NONE', *, *, #3470, .F. ) ;
#4266 = CLOSED_SHELL ( 'NONE', ( #3478, #3493, #3423, #3275, #3238, #3376, #3292, #3313, #3317, #3309, #3288, #3332, #3331, #3351, #3242, #3162, #3341, #3343, #3201, #3563, #3195, #3550, #3451, #3596, #3607, #3491, #3445, #3413, #3480, #3529, #3580, #3581, #3510, #3504, #3533, #3680, #3745, #3694, #3718, #3730, #3724, #3834, #3831, #3755, #3826, #3677, #3819, #3785, #3795, #3672, #3621, #3804, #3943, #3945, #3661, #3937, #3960, #3985, #4031, #4421, #4477, #4441, #4402, #4429, #4439, #4263, #3862, #4009, #3869, #3957, #4015, #4021, #3947, #3900, #3905, #4053, #3897, #4042, #4170, #4260, #4193, #4194, #4154, #4171, #3966, #3973, #3890, #3895, #4037, #4241, #4220, #4076, #4203, #4163, #4179, #4234, #4228, #4207, #4067, #4071, #4100, #4107, #4113, #4208, #4118, #4061, #4087, #4104, #4347, #4360, #4134, #4145, #4149, #4358, #4400, #4346, #4142, #4130, #4323, #4374, #4321, #4327, #4319, #4293, #4308, #4350, #4314, #4273, #4268 ) ) ;
#4267 = B_SPLINE_CURVE_WITH_KNOTS ( 'NONE', 3,
 ( #4557, #4549, #4600, #4598 ),
 .UNSPECIFIED., .F., .F.,
 ( 4, 4 ),
 ( 0.0003956129499179101100, 0.0008185827417899022800 ),
 .UNSPECIFIED. ) ;
#4268 = ADVANCED_FACE ( 'NONE', ( #572 ), #573, .T. ) ;
#4269 = ORIENTED_EDGE ( 'NONE', *, *, #3497, .T. ) ;
#4270 = ORIENTED_EDGE ( 'NONE', *, *, #3625, .F. ) ;
#4271 = ORIENTED_EDGE ( 'NONE', *, *, #3549, .T. ) ;
#4272 = ORIENTED_EDGE ( 'NONE', *, *, #3431, .F. ) ;
#4273 = ADVANCED_FACE ( 'NONE', ( #536 ), #537, .T. ) ;
#4274 = ORIENTED_EDGE ( 'NONE', *, *, #3541, .F. ) ;
#4275 = EDGE_LOOP ( 'NONE', ( #4265, #4264, #4269, #4276 ) ) ;
#4276 = ORIENTED_EDGE ( 'NONE', *, *, #3801, .F. ) ;
#4277 = EDGE_LOOP ( 'NONE', ( #4272, #4270, #4271, #4274 ) ) ;
#4278 = ORIENTED_EDGE ( 'NONE', *, *, #4137, .T. ) ;
#4279 = ORIENTED_EDGE ( 'NONE', *, *, #4063, .T. ) ;
#4280 = EDGE_LOOP ( 'NONE', ( #4442, #4364, #4362, #4424 ) ) ;
#4281 = ORIENTED_EDGE ( 'NONE', *, *, #3983, .F. ) ;
#4282 = ORIENTED_EDGE ( 'NONE', *, *, #3613, .F. ) ;
#4283 = ORIENTED_EDGE ( 'NONE', *, *, #4290, .T. ) ;
#4284 = EDGE_LOOP ( 'NONE', ( #4282, #4422, #4417, #4416 ) ) ;
#4285 = EDGE_LOOP ( 'NONE', ( #4289, #4437, #4281, #4283 ) ) ;
#4286 = EDGE_CURVE ( 'NONE', #4413, #4365, #611, .T. ) ;
#4287 = EDGE_CURVE ( 'NONE', #4413, #4288, #571, .T. ) ;
#4288 = VERTEX_POINT ( 'NONE', #488 ) ;
#4289 = ORIENTED_EDGE ( 'NONE', *, *, #3401, .T. ) ;
#4290 = EDGE_CURVE ( 'NONE', #3928, #3552, #565, .T. ) ;
#4291 = ORIENTED_EDGE ( 'NONE', *, *, #4363, .T. ) ;
#4292 = ORIENTED_EDGE ( 'NONE', *, *, #4425, .T. ) ;
#4293 = ADVANCED_FACE ( 'NONE', ( #635 ), #603, .T. ) ;
#4294 = ORIENTED_EDGE ( 'NONE', *, *, #4378, .F. ) ;
#4295 = ORIENTED_EDGE ( 'NONE', *, *, #3615, .F. ) ;
#4296 = ORIENTED_EDGE ( 'NONE', *, *, #3348, .F. ) ;
#4297 = ORIENTED_EDGE ( 'NONE', *, *, #4034, .F. ) ;
#4298 = EDGE_CURVE ( 'NONE', #3272, #3456, #601, .T. ) ;
#4299 = ORIENTED_EDGE ( 'NONE', *, *, #4330, .T. ) ;
#4300 = ORIENTED_EDGE ( 'NONE', *, *, #4298, .F. ) ;
#4301 = EDGE_LOOP ( 'NONE', ( #4348, #4377, #4376, #4294 ) ) ;
#4302 = EDGE_LOOP ( 'NONE', ( #4336, #4310, #4309, #4343, #4299 ) ) ;
#4303 = ORIENTED_EDGE ( 'NONE', *, *, #3883, .F. ) ;
#4304 = ORIENTED_EDGE ( 'NONE', *, *, #4382, .F. ) ;
#4305 = ORIENTED_EDGE ( 'NONE', *, *, #4391, .T. ) ;
#4306 = ORIENTED_EDGE ( 'NONE', *, *, #3643, .F. ) ;
#4307 = EDGE_LOOP ( 'NONE', ( #4383, #4339, #4380, #4397, #4324 ) ) ;
#4308 = ADVANCED_FACE ( 'NONE', ( #599 ), #506, .F. ) ;
#4309 = ORIENTED_EDGE ( 'NONE', *, *, #3427, .F. ) ;
#4310 = ORIENTED_EDGE ( 'NONE', *, *, #4322, .T. ) ;
#4311 = EDGE_CURVE ( 'NONE', #4405, #3472, #513, .T. ) ;
#4312 = ORIENTED_EDGE ( 'NONE', *, *, #4378, .T. ) ;
#4313 = EDGE_CURVE ( 'NONE', #3603, #4026, #508, .T. ) ;
#4314 = ADVANCED_FACE ( 'NONE', ( #809 ), #671, .T. ) ;
#4315 = ORIENTED_EDGE ( 'NONE', *, *, #4407, .F. ) ;
#4316 = ORIENTED_EDGE ( 'NONE', *, *, #3575, .F. ) ;
#4317 = ORIENTED_EDGE ( 'NONE', *, *, #4311, .T. ) ;
#4318 = ORIENTED_EDGE ( 'NONE', *, *, #4313, .T. ) ;
#4319 = ADVANCED_FACE ( 'NONE', ( #680 ), #672, .T. ) ;
#4320 = ORIENTED_EDGE ( 'NONE', *, *, #4334, .F. ) ;
#4321 = ADVANCED_FACE ( 'NONE', ( #807 ), #678, .F. ) ;
#4322 = EDGE_CURVE ( 'NONE', #3641, #3558, #773, .T. ) ;
#4323 = ADVANCED_FACE ( 'NONE', ( #675 ), #698, .T. ) ;
#4324 = ORIENTED_EDGE ( 'NONE', *, *, #3692, .F. ) ;
#4325 = EDGE_LOOP ( 'NONE', ( #4335, #4297, #4295, #4300, #4296, #4303 ) ) ;
#4326 = EDGE_LOOP ( 'NONE', ( #4279, #4132, #4389, #4388, #4414 ) ) ;
#4327 = ADVANCED_FACE ( 'NONE', ( #804 ), #799, .F. ) ;
#4328 = ORIENTED_EDGE ( 'NONE', *, *, #3263, .F. ) ;
#4329 = ORIENTED_EDGE ( 'NONE', *, *, #4330, .F. ) ;
#4330 = EDGE_CURVE ( 'NONE', #4405, #3812, #805, .T. ) ;
#4331 = ORIENTED_EDGE ( 'NONE', *, *, #4409, .F. ) ;
#4332 = EDGE_LOOP ( 'NONE', ( #4396, #4305, #4333, #4304 ) ) ;
#4333 = ORIENTED_EDGE ( 'NONE', *, *, #4399, .T. ) ;
#4334 = EDGE_CURVE ( 'NONE', #3456, #3397, #699, .T. ) ;
#4335 = ORIENTED_EDGE ( 'NONE', *, *, #4382, .T. ) ;
#4336 = ORIENTED_EDGE ( 'NONE', *, *, #3765, .T. ) ;
#4337 = EDGE_LOOP ( 'NONE', ( #4318, #4331, #4320, #4341 ) ) ;
#4338 = EDGE_CURVE ( 'NONE', #4024, #3637, #788, .T. ) ;
#4339 = ORIENTED_EDGE ( 'NONE', *, *, #3932, .F. ) ;
#4340 = ORIENTED_EDGE ( 'NONE', *, *, #4338, .T. ) ;
#4341 = ORIENTED_EDGE ( 'NONE', *, *, #3598, .F. ) ;
#4342 = ORIENTED_EDGE ( 'NONE', *, *, #3644, .F. ) ;
#4343 = ORIENTED_EDGE ( 'NONE', *, *, #4311, .F. ) ;
#4344 = ORIENTED_EDGE ( 'NONE', *, *, #4290, .F. ) ;
#4345 = ORIENTED_EDGE ( 'NONE', *, *, #4066, .T. ) ;
#4346 = ADVANCED_FACE ( 'NONE', ( #774 ), #793, .T. ) ;
#4347 = ADVANCED_FACE ( 'NONE', ( #796 ), #704, .F. ) ;
#4348 = ORIENTED_EDGE ( 'NONE', *, *, #3270, .F. ) ;
#4349 = EDGE_LOOP ( 'NONE', ( #4316, #4312, #4315, #4317 ) ) ;
#4350 = ADVANCED_FACE ( 'NONE', ( #843 ), #893, .T. ) ;
#4351 = ORIENTED_EDGE ( 'NONE', *, *, #4313, .F. ) ;
#4352 = ORIENTED_EDGE ( 'NONE', *, *, #4443, .T. ) ;
#4353 = ORIENTED_EDGE ( 'NONE', *, *, #4025, .F. ) ;
#4354 = EDGE_CURVE ( 'NONE', #4003, #3385, #889, .T. ) ;
#4355 = ORIENTED_EDGE ( 'NONE', *, *, #3383, .F. ) ;
#4356 = ORIENTED_EDGE ( 'NONE', *, *, #4354, .F. ) ;
#4357 = EDGE_LOOP ( 'NONE', ( #4148, #4392, #4401, #4386 ) ) ;
#4358 = ADVANCED_FACE ( 'NONE', ( #894 ), #881, .T. ) ;
#4359 = ORIENTED_EDGE ( 'NONE', *, *, #4443, .F. ) ;
#4360 = ADVANCED_FACE ( 'NONE', ( #886 ), #999, .T. ) ;
#4361 = EDGE_CURVE ( 'NONE', #4371, #3988, #876, .T. ) ;
#4362 = ORIENTED_EDGE ( 'NONE', *, *, #3916, .F. ) ;
#4363 = EDGE_CURVE ( 'NONE', #4411, #4288, #1000, .T. ) ;
#4364 = ORIENTED_EDGE ( 'NONE', *, *, #4361, .T. ) ;
#4365 = VERTEX_POINT ( 'NONE', #888 ) ;
#4366 = EDGE_CURVE ( 'NONE', #4370, #4371, #1007, .T. ) ;
#4367 = EDGE_CURVE ( 'NONE', #3609, #4032, #1009, .T. ) ;
#4368 = EDGE_CURVE ( 'NONE', #4026, #3928, #851, .T. ) ;
#4369 = EDGE_CURVE ( 'NONE', #3566, #3959, #848, .T. ) ;
#4370 = VERTEX_POINT ( 'NONE', #850 ) ;
#4371 = VERTEX_POINT ( 'NONE', #1002 ) ;
#4372 = ORIENTED_EDGE ( 'NONE', *, *, #4125, .T. ) ;
#4373 = EDGE_LOOP ( 'NONE', ( #4278, #4141, #4129, #4140, #4128 ) ) ;
#4374 = ADVANCED_FACE ( 'NONE', ( #852 ), #795, .T. ) ;
#4375 = EDGE_LOOP ( 'NONE', ( #4340, #4342, #4329, #4328 ) ) ;
#4376 = ORIENTED_EDGE ( 'NONE', *, *, #4334, .T. ) ;
#4377 = ORIENTED_EDGE ( 'NONE', *, *, #4298, .T. ) ;
#4378 = EDGE_CURVE ( 'NONE', #3421, #3397, #719, .T. ) ;
#4379 = ORIENTED_EDGE ( 'NONE', *, *, #3591, .F. ) ;
#4380 = ORIENTED_EDGE ( 'NONE', *, *, #4322, .F. ) ;
#4381 = ORIENTED_EDGE ( 'NONE', *, *, #3482, .F. ) ;
#4382 = EDGE_CURVE ( 'NONE', #3380, #3665, #717, .T. ) ;
#4383 = ORIENTED_EDGE ( 'NONE', *, *, #4428, .T. ) ;
#4384 = EDGE_CURVE ( 'NONE', #3850, #3662, #705, .T. ) ;
#4385 = ORIENTED_EDGE ( 'NONE', *, *, #3669, .F. ) ;
#4386 = ORIENTED_EDGE ( 'NONE', *, *, #3873, .F. ) ;
#4387 = EDGE_LOOP ( 'NONE', ( #4124, #4133, #4153, #4150 ) ) ;
#4388 = ORIENTED_EDGE ( 'NONE', *, *, #4147, .F. ) ;
#4389 = ORIENTED_EDGE ( 'NONE', *, *, #3565, .F. ) ;
#4390 = ORIENTED_EDGE ( 'NONE', *, *, #4001, .F. ) ;
#4391 = EDGE_CURVE ( 'NONE', #3392, #3863, #718, .T. ) ;
#4392 = ORIENTED_EDGE ( 'NONE', *, *, #3649, .F. ) ;
#4393 = EDGE_LOOP ( 'NONE', ( #4352, #4394, #4351, #4379 ) ) ;
#4394 = ORIENTED_EDGE ( 'NONE', *, *, #4368, .F. ) ;
#4395 = ORIENTED_EDGE ( 'NONE', *, *, #4338, .F. ) ;
#4396 = ORIENTED_EDGE ( 'NONE', *, *, #3382, .T. ) ;
#4397 = ORIENTED_EDGE ( 'NONE', *, *, #3530, .F. ) ;
#4398 = ORIENTED_EDGE ( 'NONE', *, *, #3683, .F. ) ;
#4399 = EDGE_CURVE ( 'NONE', #3863, #3665, #1022, .T. ) ;
#4400 = ADVANCED_FACE ( 'NONE', ( #1110 ), #1116, .T. ) ;
#4401 = ORIENTED_EDGE ( 'NONE', *, *, #4399, .F. ) ;
#4402 = ADVANCED_FACE ( 'NONE', ( #1021 ), #1105, .T. ) ;
#4403 = ORIENTED_EDGE ( 'NONE', *, *, #4409, .T. ) ;
#4404 = ORIENTED_EDGE ( 'NONE', *, *, #4027, .T. ) ;
#4405 = VERTEX_POINT ( 'NONE', #1115 ) ;
#4406 = ORIENTED_EDGE ( 'NONE', *, *, #3263, .T. ) ;
#4407 = EDGE_CURVE ( 'NONE', #4405, #3397, #1097, .T. ) ;
#4408 = ORIENTED_EDGE ( 'NONE', *, *, #4432, .T. ) ;
#4409 = EDGE_CURVE ( 'NONE', #3397, #4026, #1109, .T. ) ;
#4410 = EDGE_CURVE ( 'NONE', #4430, #4411, #1096, .T. ) ;
#4411 = VERTEX_POINT ( 'NONE', #1092 ) ;
#4412 = EDGE_LOOP ( 'NONE', ( #4440, #4436, #4292, #4291 ) ) ;
#4413 = VERTEX_POINT ( 'NONE', #1088 ) ;
#4414 = ORIENTED_EDGE ( 'NONE', *, *, #3454, .F. ) ;
#4415 = EDGE_CURVE ( 'NONE', #3922, #4370, #1062, .T. ) ;
#4416 = ORIENTED_EDGE ( 'NONE', *, *, #4420, .T. ) ;
#4417 = ORIENTED_EDGE ( 'NONE', *, *, #3992, .T. ) ;
#4418 = EDGE_LOOP ( 'NONE', ( #4404, #4406, #4419, #4403 ) ) ;
#4419 = ORIENTED_EDGE ( 'NONE', *, *, #4407, .T. ) ;
#4420 = EDGE_CURVE ( 'NONE', #3991, #3434, #1057, .T. ) ;
#4421 = ADVANCED_FACE ( 'NONE', ( #1066 ), #1065, .T. ) ;
#4422 = ORIENTED_EDGE ( 'NONE', *, *, #4369, .T. ) ;
#4423 = EDGE_LOOP ( 'NONE', ( #4431, #4408, #4434, #4438 ) ) ;
#4424 = ORIENTED_EDGE ( 'NONE', *, *, #4415, .T. ) ;
#4425 = EDGE_CURVE ( 'NONE', #4365, #4411, #1063, .T. ) ;
#4426 = VERTEX_POINT ( 'NONE', #1054 ) ;
#4427 = EDGE_LOOP ( 'NONE', ( #4355, #4356, #4138, #4139 ) ) ;
#4428 = EDGE_CURVE ( 'NONE', #3769, #3384, #1058, .T. ) ;
#4429 = ADVANCED_FACE ( 'NONE', ( #1056 ), #1142, .F. ) ;
#4430 = VERTEX_POINT ( 'NONE', #1100 ) ;
#4431 = ORIENTED_EDGE ( 'NONE', *, *, #4425, .F. ) ;
#4432 = EDGE_CURVE ( 'NONE', #4365, #4426, #1132, .T. ) ;
#4433 = EDGE_LOOP ( 'NONE', ( #3908, #3856, #3859, #3858 ) ) ;
#4434 = ORIENTED_EDGE ( 'NONE', *, *, #4435, .T. ) ;
#4435 = EDGE_CURVE ( 'NONE', #4426, #4430, #1127, .T. ) ;
#4436 = ORIENTED_EDGE ( 'NONE', *, *, #4286, .T. ) ;
#4437 = ORIENTED_EDGE ( 'NONE', *, *, #4367, .T. ) ;
#4438 = ORIENTED_EDGE ( 'NONE', *, *, #4410, .T. ) ;
#4439 = ADVANCED_FACE ( 'NONE', ( #1135 ), #1134, .F. ) ;
#4440 = ORIENTED_EDGE ( 'NONE', *, *, #4287, .F. ) ;
#4441 = ADVANCED_FACE ( 'NONE', ( #1122 ), #1120, .T. ) ;
#4442 = ORIENTED_EDGE ( 'NONE', *, *, #4366, .T. ) ;
#4443 = EDGE_CURVE ( 'NONE', #3592, #3928, #1129, .T. ) ;
#4444 = ORIENTED_EDGE ( 'NONE', *, *, #3399, .F. ) ;
#4445 = ORIENTED_EDGE ( 'NONE', *, *, #4094, .T. ) ;
#4446 = AXIS2_PLACEMENT_3D ( 'NONE', #4479, #4478, #4515 ) ;
#4447 = DIRECTION ( 'NONE',  ( -1.000000000000000000, 0.0000000000000000000, 0.0000000000000000000 ) ) ;
#4448 = DIRECTION ( 'NONE',  ( -0.0000000000000000000, -0.0000000000000000000, 1.000000000000000000 ) ) ;
#4449 = CARTESIAN_POINT ( 'NONE',  ( -27.50000000000000000, 0.0000000000000000000, -8.000000000000000000 ) ) ;
#4450 = DIRECTION ( 'NONE',  ( 0.0000000000000000000, 0.0000000000000000000, -1.000000000000000000 ) ) ;
#4451 = DIRECTION ( 'NONE',  ( -0.0000000000000000000, -1.000000000000000000, -0.0000000000000000000 ) ) ;
#4452 = DIRECTION ( 'NONE',  ( -1.000000000000000000, 0.0000000000000000000, 0.0000000000000000000 ) ) ;
#4453 = AXIS2_PLACEMENT_3D ( 'NONE', #4449, #4448, #4447 ) ;
#4454 = DIRECTION ( 'NONE',  ( -1.000000000000000000, -1.224646799147351500E-016, 0.0000000000000000000 ) ) ;
#4455 = DIRECTION ( 'NONE',  ( -1.224646799147353200E-016, 1.000000000000000000, 0.0000000000000000000 ) ) ;
#4456 = CARTESIAN_POINT ( 'NONE',  ( 31.00000000000000000, -7.960204194457793500E-016, -7.500000000000000000 ) ) ;
#4457 = AXIS2_PLACEMENT_3D ( 'NONE', #4456, #4455, #4454 ) ;
#4458 = CIRCLE ( 'NONE', #4460, 0.5000000000000004400 ) ;
#4459 = CARTESIAN_POINT ( 'NONE',  ( 24.50000000000000000, -8.572527594031470200E-016, -7.500000000000000000 ) ) ;
#4460 = AXIS2_PLACEMENT_3D ( 'NONE', #4546, #4451, #4450 ) ;
#4461 = CARTESIAN_POINT ( 'NONE',  ( 0.0000000000000000000, -12.99737003100932900, 23.06507580950459200 ) ) ;
#4462 = CARTESIAN_POINT ( 'NONE',  ( 30.50000000000000000, -1.224646799147353100E-015, -7.500000000000000000 ) ) ;
#4463 = CARTESIAN_POINT ( 'NONE',  ( 24.00000000000000000, -1.224646799147353100E-015, -8.000000000000000000 ) ) ;
#4464 = DIRECTION ( 'NONE',  ( -1.000000000000000000, 0.0000000000000000000, 0.0000000000000000000 ) ) ;
#4465 = DIRECTION ( 'NONE',  ( -0.0000000000000000000, -0.0000000000000000000, 1.000000000000000000 ) ) ;
#4466 = DIRECTION ( 'NONE',  ( -1.224646799147353200E-016, 1.000000000000000000, 0.0000000000000000000 ) ) ;
#4467 = CARTESIAN_POINT ( 'NONE',  ( -24.00000000000000000, 4.286263797015736600E-016, -7.500000000000000000 ) ) ;
#4468 = CARTESIAN_POINT ( 'NONE',  ( -24.00000000000000000, 4.286263797015738100E-016, -8.000000000000000000 ) ) ;
#4469 = CARTESIAN_POINT ( 'NONE',  ( 27.50000000000000000, -1.224646799147353100E-015, -7.500000000000000000 ) ) ;
#4470 = CIRCLE ( 'NONE', #4494, 0.5000000000000004400 ) ;
#4471 = DIRECTION ( 'NONE',  ( -1.000000000000000000, 0.0000000000000000000, 0.0000000000000000000 ) ) ;
#4472 = DIRECTION ( 'NONE',  ( 0.0000000000000000000, 0.0000000000000000000, -1.000000000000000000 ) ) ;
#4473 = CARTESIAN_POINT ( 'NONE',  ( 27.50000000000000000, -1.224646799147353100E-015, -7.500000000000000000 ) ) ;
#4474 = FACE_OUTER_BOUND ( 'NONE', #3562, .T. ) ;
#4475 = AXIS2_PLACEMENT_3D ( 'NONE', #4498, #4465, #4464 ) ;
#4476 = CARTESIAN_POINT ( 'NONE',  ( 36.00000000000000000, 4.408728476930470900E-015, -8.000000000000000000 ) ) ;
#4477 = ADVANCED_FACE ( 'NONE', ( #1133 ), #1019, .F. ) ;
#4478 = DIRECTION ( 'NONE',  ( 0.0000000000000000000, 0.0000000000000000000, -1.000000000000000000 ) ) ;
#4479 = CARTESIAN_POINT ( 'NONE',  ( 27.50000000000000000, -1.224646799147353100E-015, -8.000000000000000000 ) ) ;
#4480 = CARTESIAN_POINT ( 'NONE',  ( -24.50000000000000000, 0.0000000000000000000, -7.500000000000000000 ) ) ;
#4481 = AXIS2_PLACEMENT_3D ( 'NONE', #4503, #4533, #4532 ) ;
#4482 = DIRECTION ( 'NONE',  ( 0.0000000000000000000, 0.0000000000000000000, -1.000000000000000000 ) ) ;
#4483 = CARTESIAN_POINT ( 'NONE',  ( -27.50000000000000000, 0.0000000000000000000, -7.500000000000000000 ) ) ;
#4484 = CIRCLE ( 'NONE', #4486, 2.999999999999999100 ) ;
#4485 = DIRECTION ( 'NONE',  ( 0.0000000000000000000, 0.0000000000000000000, -1.000000000000000000 ) ) ;
#4486 = AXIS2_PLACEMENT_3D ( 'NONE', #4483, #4482, #4523 ) ;
#4487 = TOROIDAL_SURFACE ( 'NONE', #4531, 36.00000000000000000, 0.5000000000000000000 ) ;
#4488 = DIRECTION ( 'NONE',  ( -1.000000000000000000, -1.224646799147352500E-016, 0.0000000000000000000 ) ) ;
#4489 = TOROIDAL_SURFACE ( 'NONE', #4517, 5.500000000000000000, 0.5000000000000000000 ) ;
#4490 = CARTESIAN_POINT ( 'NONE',  ( 35.50000000000000000, 0.0000000000000000000, -7.500000000000000000 ) ) ;
#4491 = CIRCLE ( 'NONE', #4481, 35.50000000000000000 ) ;
#4492 = CARTESIAN_POINT ( 'NONE',  ( -31.00000000000000000, 0.0000000000000000000, -8.000000000000000000 ) ) ;
#4493 = CIRCLE ( 'NONE', #4514, 0.5000000000000004400 ) ;
#4494 = AXIS2_PLACEMENT_3D ( 'NONE', #4467, #4466, #4488 ) ;
#4495 = DIRECTION ( 'NONE',  ( -1.000000000000000000, 0.0000000000000000000, 0.0000000000000000000 ) ) ;
#4496 = DIRECTION ( 'NONE',  ( -0.0000000000000000000, -0.0000000000000000000, 1.000000000000000000 ) ) ;
#4497 = FACE_OUTER_BOUND ( 'NONE', #3163, .T. ) ;
#4498 = CARTESIAN_POINT ( 'NONE',  ( 27.50000000000000000, -1.224646799147353100E-015, -2.000000000000000000 ) ) ;
#4499 = CARTESIAN_POINT ( 'NONE',  ( -27.50000000000000000, 0.0000000000000000000, -2.500000000000000400 ) ) ;
#4500 = CARTESIAN_POINT ( 'NONE',  ( 31.00000000000000000, -7.960204194457793500E-016, -8.000000000000000000 ) ) ;
#4501 = CARTESIAN_POINT ( 'NONE',  ( -30.50000000000000000, 3.673940397442060900E-016, -7.500000000000000000 ) ) ;
#4502 = CARTESIAN_POINT ( 'NONE',  ( 0.0000000000000000000, 0.0000000000000000000, -7.500000000000000000 ) ) ;
#4503 = CARTESIAN_POINT ( 'NONE',  ( 0.0000000000000000000, 0.0000000000000000000, -7.500000000000000000 ) ) ;
#4504 = DIRECTION ( 'NONE',  ( -1.000000000000000000, -1.224646799147349500E-016, 0.0000000000000000000 ) ) ;
#4505 = DIRECTION ( 'NONE',  ( -1.224646799147353200E-016, 1.000000000000000000, 0.0000000000000000000 ) ) ;
#4506 = CARTESIAN_POINT ( 'NONE',  ( 36.00000000000000000, 4.408728476930470900E-015, -7.500000000000000000 ) ) ;
#4507 = DIRECTION ( 'NONE',  ( 0.0000000000000000000, 0.0000000000000000000, -1.000000000000000000 ) ) ;
#4508 = CIRCLE ( 'NONE', #4511, 0.5000000000000004400 ) ;
#4509 = DIRECTION ( 'NONE',  ( -1.224646799147353200E-016, 1.000000000000000000, 0.0000000000000000000 ) ) ;
#4510 = CARTESIAN_POINT ( 'NONE',  ( -22.00000000000000000, 6.735557395310442000E-016, -2.500000000000000400 ) ) ;
#4511 = AXIS2_PLACEMENT_3D ( 'NONE', #4510, #4509, #4516 ) ;
#4512 = CARTESIAN_POINT ( 'NONE',  ( -33.00000000000000000, 0.0000000000000000000, -2.000000000000000000 ) ) ;
#4513 = CIRCLE ( 'NONE', #4446, 4.500000000000000900 ) ;
#4514 = AXIS2_PLACEMENT_3D ( 'NONE', #4506, #4505, #4504 ) ;
#4515 = DIRECTION ( 'NONE',  ( -1.000000000000000000, 0.0000000000000000000, 0.0000000000000000000 ) ) ;
#4516 = DIRECTION ( 'NONE',  ( -1.000000000000000000, -1.224646799147351500E-016, 0.0000000000000000000 ) ) ;
#4517 = AXIS2_PLACEMENT_3D ( 'NONE', #4499, #4507, #4535 ) ;
#4518 = AXIS2_PLACEMENT_3D ( 'NONE', #4544, #4543, #4542 ) ;
#4519 = DIRECTION ( 'NONE',  ( -1.000000000000000000, 0.0000000000000000000, 0.0000000000000000000 ) ) ;
#4520 = CARTESIAN_POINT ( 'NONE',  ( -9.381265148485798700, -8.928665598773388700, 6.858905708693807700 ) ) ;
#4521 = CARTESIAN_POINT ( 'NONE',  ( -36.00000000000000000, 0.0000000000000000000, -8.000000000000000000 ) ) ;
#4522 = AXIS2_PLACEMENT_3D ( 'NONE', #4469, #4485, #4519 ) ;
#4523 = DIRECTION ( 'NONE',  ( -1.000000000000000000, 0.0000000000000000000, 0.0000000000000000000 ) ) ;
#4524 = CIRCLE ( 'NONE', #4475, 5.500000000000001800 ) ;
#4525 = CARTESIAN_POINT ( 'NONE',  ( 0.0000000000000000000, 0.0000000000000000000, -8.000000000000000000 ) ) ;
#4526 = AXIS2_PLACEMENT_3D ( 'NONE', #4525, #4496, #4495 ) ;
#4527 = CIRCLE ( 'NONE', #4526, 36.00000000000000000 ) ;
#4528 = AXIS2_PLACEMENT_3D ( 'NONE', #4473, #4472, #4471 ) ;
#4529 = CARTESIAN_POINT ( 'NONE',  ( 22.50000000000000000, -6.123233995736765300E-016, -7.500000000000000000 ) ) ;
#4530 = CIRCLE ( 'NONE', #4528, 2.999999999999999100 ) ;
#4531 = AXIS2_PLACEMENT_3D ( 'NONE', #4502, #4548, #4547 ) ;
#4532 = DIRECTION ( 'NONE',  ( -1.000000000000000000, 0.0000000000000000000, 0.0000000000000000000 ) ) ;
#4533 = DIRECTION ( 'NONE',  ( 0.0000000000000000000, 0.0000000000000000000, -1.000000000000000000 ) ) ;
#4534 = CARTESIAN_POINT ( 'NONE',  ( 32.00000000000000000, -6.429395695523601200E-016, -8.000000000000000000 ) ) ;
#4535 = DIRECTION ( 'NONE',  ( -1.000000000000000000, 0.0000000000000000000, 0.0000000000000000000 ) ) ;
#4536 = CARTESIAN_POINT ( 'NONE',  ( -32.50000000000000000, 6.123233995736765300E-016, -2.500000000000000400 ) ) ;
#4537 = TOROIDAL_SURFACE ( 'NONE', #4522, 3.500000000000000000, 0.5000000000000000000 ) ;
#4538 = CIRCLE ( 'NONE', #4453, 3.499999999999999600 ) ;
#4539 = AXIS2_PLACEMENT_3D ( 'NONE', #4461, #4452, #4559 ) ;
#4540 = FACE_OUTER_BOUND ( 'NONE', #3198, .T. ) ;
#4541 = CIRCLE ( 'NONE', #4457, 0.5000000000000004400 ) ;
#4542 = DIRECTION ( 'NONE',  ( -1.000000000000000000, 0.0000000000000000000, 0.0000000000000000000 ) ) ;
#4543 = DIRECTION ( 'NONE',  ( -0.0000000000000000000, -0.0000000000000000000, 1.000000000000000000 ) ) ;
#4544 = CARTESIAN_POINT ( 'NONE',  ( 27.50000000000000000, -1.224646799147353100E-015, -8.000000000000000000 ) ) ;
#4545 = CIRCLE ( 'NONE', #4518, 3.499999999999999600 ) ;
#4546 = CARTESIAN_POINT ( 'NONE',  ( 23.00000000000000000, -1.224646799147353100E-015, -7.500000000000000000 ) ) ;
#4547 = DIRECTION ( 'NONE',  ( -1.000000000000000000, 0.0000000000000000000, 0.0000000000000000000 ) ) ;
#4548 = DIRECTION ( 'NONE',  ( 0.0000000000000000000, 0.0000000000000000000, -1.000000000000000000 ) ) ;
#4549 = CARTESIAN_POINT ( 'NONE',  ( 12.48980500035439100, -23.72992076592650800, 11.55421756229075600 ) ) ;
#4550 = CARTESIAN_POINT ( 'NONE',  ( 10.10484900343950400, -2.654406616479561000, -1.999999999999998000 ) ) ;
#4551 = CARTESIAN_POINT ( 'NONE',  ( 10.49533211616726200, -2.511151051792952100, -1.999999999999997800 ) ) ;
#4552 = CARTESIAN_POINT ( 'NONE',  ( 8.978851790054973100, 0.9967337777178244500, -1.678056198044685800 ) ) ;
#4553 = DIRECTION ( 'NONE',  ( -0.0000000000000000000, -0.7071067811865477900, 0.7071067811865473500 ) ) ;
#4554 = VECTOR ( 'NONE', #4553, 999.9999999999998900 ) ;
#4555 = CARTESIAN_POINT ( 'NONE',  ( -12.77311500707115000, -22.21632973437989700, 13.13900932494747800 ) ) ;
#4556 = LINE ( 'NONE', #4555, #4554 ) ;
#4557 = CARTESIAN_POINT ( 'NONE',  ( 12.52820474389864600, -23.59401471583845800, 11.55421756228569500 ) ) ;
#4558 = CARTESIAN_POINT ( 'NONE',  ( -13.15960883714399000, -20.79197141653488100, 15.27047442397903900 ) ) ;
#4559 = DIRECTION ( 'NONE',  ( 0.0000000000000000000, 0.0000000000000000000, 1.000000000000000000 ) ) ;
#4560 = DIRECTION ( 'NONE',  ( -0.0000000000000000000, -0.0000000000000000000, -1.000000000000000000 ) ) ;
#4561 = CARTESIAN_POINT ( 'NONE',  ( -27.50000000000000000, 0.0000000000000000000, -0.8535533905932734000 ) ) ;
#4562 = AXIS2_PLACEMENT_3D ( 'NONE', #4561, #4560, #4609 ) ;
#4563 = CARTESIAN_POINT ( 'NONE',  ( -24.35355339059327300, 0.0000000000000000000, -0.8535533905932734000 ) ) ;
#4564 = CARTESIAN_POINT ( 'NONE',  ( 10.77261703942160400, -21.50922295319334800, 13.13900932494747300 ) ) ;
#4565 = AXIS2_PLACEMENT_3D ( 'NONE', #4568, #4589, #4588 ) ;
#4566 = AXIS2_PLACEMENT_3D ( 'NONE', #4622, #4621, #4620 ) ;
#4567 = FACE_OUTER_BOUND ( 'NONE', #3377, .T. ) ;
#4568 = CARTESIAN_POINT ( 'NONE',  ( 0.0000000000000000000, -21.67766952966368900, 13.67766952966368200 ) ) ;
#4569 = CARTESIAN_POINT ( 'NONE',  ( -31.70710678118654600, 0.0000000000000000000, -0.5000000000000000000 ) ) ;
#4570 = DIRECTION ( 'NONE',  ( 0.0000000000000000000, 0.0000000000000000000, -1.000000000000000000 ) ) ;
#4571 = DIRECTION ( 'NONE',  ( -1.000000000000000000, 0.0000000000000000000, 0.0000000000000000000 ) ) ;
#4572 = DIRECTION ( 'NONE',  ( 0.0000000000000000000, 0.0000000000000000000, -1.000000000000000000 ) ) ;
#4573 = CARTESIAN_POINT ( 'NONE',  ( 0.0000000000000000000, 0.0000000000000000000, -2.000000000000000000 ) ) ;
#4574 = AXIS2_PLACEMENT_3D ( 'NONE', #4573, #4572, #4571 ) ;
#4575 = CARTESIAN_POINT ( 'NONE',  ( 24.35355339059327300, -7.960204194457795500E-016, -0.8535533905932734000 ) ) ;
#4576 = CARTESIAN_POINT ( 'NONE',  ( 1.258422224330061300E-015, -21.38572526315581600, -1.146446609406723600 ) ) ;
#4577 = DIRECTION ( 'NONE',  ( -1.000000000000000000, 0.0000000000000000000, 0.0000000000000000000 ) ) ;
#4578 = DIRECTION ( 'NONE',  ( 0.0000000000000000000, 0.0000000000000000000, -1.000000000000000000 ) ) ;
#4579 = CARTESIAN_POINT ( 'NONE',  ( 27.50000000000000000, -1.224646799147353100E-015, 0.0000000000000000000 ) ) ;
#4580 = AXIS2_PLACEMENT_3D ( 'NONE', #4579, #4578, #4577 ) ;
#4581 = CIRCLE ( 'NONE', #4580, 4.207106781186547900 ) ;
#4582 = DIRECTION ( 'NONE',  ( -1.000000000000000000, 0.0000000000000000000, 0.0000000000000000000 ) ) ;
#4583 = DIRECTION ( 'NONE',  ( -0.0000000000000000000, -0.0000000000000000000, 1.000000000000000000 ) ) ;
#4584 = CARTESIAN_POINT ( 'NONE',  ( 0.0000000000000000000, 0.0000000000000000000, -2.500000000000000400 ) ) ;
#4585 = AXIS2_PLACEMENT_3D ( 'NONE', #4584, #4583, #4582 ) ;
#4586 = CARTESIAN_POINT ( 'NONE',  ( 31.70710678118654600, -7.094248138222297000E-016, 0.0000000000000000000 ) ) ;
#4587 = CARTESIAN_POINT ( 'NONE',  ( 13.27301003243323800, -22.22357416735411200, 13.83887167315981000 ) ) ;
#4588 = DIRECTION ( 'NONE',  ( 8.881784197001252300E-016, 0.7071067811865475700, 0.7071067811865475700 ) ) ;
#4589 = DIRECTION ( 'NONE',  ( 0.0000000000000000000, -0.7071067811865475700, 0.7071067811865475700 ) ) ;
#4590 = CARTESIAN_POINT ( 'NONE',  ( 9.112500055456292700, 0.9826839668747486800, -1.999999999999997800 ) ) ;
#4591 = CARTESIAN_POINT ( 'NONE',  ( 9.415744984252414800, 1.174789975762407800, -1.999999999999997800 ) ) ;
#4592 = CARTESIAN_POINT ( 'NONE',  ( 35.50000000000000000, 0.0000000000000000000, -2.500000000000000400 ) ) ;
#4593 = DIRECTION ( 'NONE',  ( 1.000000000000000000, 0.0000000000000000000, 0.0000000000000000000 ) ) ;
#4594 = DIRECTION ( 'NONE',  ( 0.0000000000000000000, 0.0000000000000000000, 1.000000000000000000 ) ) ;
#4595 = CARTESIAN_POINT ( 'NONE',  ( 27.50000000000000000, -1.224646799147353100E-015, -0.1464466094067262100 ) ) ;
#4596 = AXIS2_PLACEMENT_3D ( 'NONE', #4595, #4594, #4593 ) ;
#4597 = CIRCLE ( 'NONE', #4596, 3.853553390593272200 ) ;
#4598 = CARTESIAN_POINT ( 'NONE',  ( 12.36592564070143200, -23.94756810644840100, 11.40777095287896600 ) ) ;
#4599 = CARTESIAN_POINT ( 'NONE',  ( 30.64644660940672700, -1.224646799147353100E-015, -0.8535533905932734000 ) ) ;
#4600 = CARTESIAN_POINT ( 'NONE',  ( 12.43176269703660000, -23.85790152934118100, 11.49743752998618800 ) ) ;
#4601 = CARTESIAN_POINT ( 'NONE',  ( 0.0000000000000000000, 8.739278653749071400, -1.999999999999997800 ) ) ;
#4602 = CARTESIAN_POINT ( 'NONE',  ( 21.55159455291474700, 8.739278653749071400, -1.999999999999997800 ) ) ;
#4603 = CARTESIAN_POINT ( 'NONE',  ( 21.55159455291474700, -21.73927865374909300, -1.999999999999997800 ) ) ;
#4604 = CARTESIAN_POINT ( 'NONE',  ( 1.319654564287429100E-015, -21.73927865374908900, -1.999999999999997800 ) ) ;
#4605 = CARTESIAN_POINT ( 'NONE',  ( 1.319654564287429100E-015, -21.73927865374908900, -1.999999999999997800 ) ) ;
#4606 =( BOUNDED_CURVE ( )  B_SPLINE_CURVE ( 3, ( #4604, #4603, #4602, #4601 ),
 .UNSPECIFIED., .F., .T. ) 
 B_SPLINE_CURVE_WITH_KNOTS ( ( 4, 4 ),
 ( 3.141592653589793100, 6.283185307179586200 ),
 .UNSPECIFIED. ) 
 CURVE ( )  GEOMETRIC_REPRESENTATION_ITEM ( )  RATIONAL_B_SPLINE_CURVE ( ( 1.000000000000000000, 0.3333333333333333700, 0.3333333333333333700, 1.000000000000000000 ) ) 
 REPRESENTATION_ITEM ( '' )  );
#4607 = CARTESIAN_POINT ( 'NONE',  ( 23.29289321881345000, -1.224646799147353100E-015, 0.0000000000000000000 ) ) ;
#4608 = CIRCLE ( 'NONE', #4671, 0.5000000000000004400 ) ;
#4609 = DIRECTION ( 'NONE',  ( 1.000000000000000000, 0.0000000000000000000, 0.0000000000000000000 ) ) ;
#4610 = CARTESIAN_POINT ( 'NONE',  ( -23.64644660940672700, 0.0000000000000000000, -0.1464466094067261000 ) ) ;
#4611 = FACE_OUTER_BOUND ( 'NONE', #3381, .T. ) ;
#4612 = CARTESIAN_POINT ( 'NONE',  ( -34.99999999999999300, 0.0000000000000000000, -2.000000000000000000 ) ) ;
#4613 = CIRCLE ( 'NONE', #4665, 0.5000000000000000000 ) ;
#4614 = CARTESIAN_POINT ( 'NONE',  ( 34.99999999999999300, 4.286263797015735700E-015, -2.500000000000000400 ) ) ;
#4615 = DIRECTION ( 'NONE',  ( 0.0000000000000000000, 0.0000000000000000000, 1.000000000000000000 ) ) ;
#4616 = DIRECTION ( 'NONE',  ( -1.000000000000000000, 0.0000000000000000000, 0.0000000000000000000 ) ) ;
#4617 = CARTESIAN_POINT ( 'NONE',  ( 0.0000000000000000000, -23.59401471585512800, 11.05421756228569300 ) ) ;
#4618 = AXIS2_PLACEMENT_3D ( 'NONE', #4617, #4616, #4615 ) ;
#4619 = CARTESIAN_POINT ( 'NONE',  ( 0.0000000000000000000, 8.385725263155800100, -1.853553390593274000 ) ) ;
#4620 = DIRECTION ( 'NONE',  ( -1.000000000000000000, 0.0000000000000000000, 0.0000000000000000000 ) ) ;
#4621 = DIRECTION ( 'NONE',  ( 0.0000000000000000000, 0.0000000000000000000, -1.000000000000000000 ) ) ;
#4622 = CARTESIAN_POINT ( 'NONE',  ( 27.50000000000000000, -1.224646799147353100E-015, -2.500000000000000400 ) ) ;
#4623 = CIRCLE ( 'NONE', #4574, 34.99999999999999300 ) ;
#4624 = DIRECTION ( 'NONE',  ( -1.000000000000000000, -1.224646799147349500E-016, 0.0000000000000000000 ) ) ;
#4625 = DIRECTION ( 'NONE',  ( -1.224646799147353200E-016, 1.000000000000000000, 0.0000000000000000000 ) ) ;
#4626 = CIRCLE ( 'NONE', #4658, 0.5000000000000004400 ) ;
#4627 = CIRCLE ( 'NONE', #4585, 35.50000000000000000 ) ;
#4628 = CIRCLE ( 'NONE', #4670, 0.5000000000000004400 ) ;
#4629 = DIRECTION ( 'NONE',  ( -1.000000000000000000, -1.224646799147351500E-016, 0.0000000000000000000 ) ) ;
#4630 = DIRECTION ( 'NONE',  ( -1.224646799147353200E-016, 1.000000000000000000, 0.0000000000000000000 ) ) ;
#4631 = CIRCLE ( 'NONE', #4640, 0.4999999999999994400 ) ;
#4632 = DIRECTION ( 'NONE',  ( -1.000000000000000000, -1.224646799147352500E-016, 0.0000000000000000000 ) ) ;
#4633 = DIRECTION ( 'NONE',  ( -1.224646799147353200E-016, 1.000000000000000000, 0.0000000000000000000 ) ) ;
#4634 = AXIS2_PLACEMENT_3D ( 'NONE', #4655, #4654, #4653 ) ;
#4635 = DIRECTION ( 'NONE',  ( 0.0000000000000000000, 0.0000000000000000000, -1.000000000000000000 ) ) ;
#4636 = DIRECTION ( 'NONE',  ( 0.0000000000000000000, -1.000000000000000000, 0.0000000000000000000 ) ) ;
#4637 = CARTESIAN_POINT ( 'NONE',  ( -31.00000000000000000, 0.0000000000000000000, -1.207106781186547200 ) ) ;
#4638 = AXIS2_PLACEMENT_3D ( 'NONE', #4637, #4636, #4635 ) ;
#4639 = CARTESIAN_POINT ( 'NONE',  ( 0.0000000000000000000, -14.05803020278914900, 20.59020207535167300 ) ) ;
#4640 = AXIS2_PLACEMENT_3D ( 'NONE', #4564, #4643, #4642 ) ;
#4641 = CARTESIAN_POINT ( 'NONE',  ( 31.00000000000000000, -7.960204194457793500E-016, -1.207106781186547200 ) ) ;
#4642 = DIRECTION ( 'NONE',  ( -2.775557561562894500E-014, 0.7071067811865458000, -0.7071067811865492400 ) ) ;
#4643 = DIRECTION ( 'NONE',  ( 0.02429338268939548000, 0.7068980943380422900, 0.7068980943380388500 ) ) ;
#4644 = DIRECTION ( 'NONE',  ( 0.0000000000000000000, 0.0000000000000000000, -1.000000000000000000 ) ) ;
#4645 = DIRECTION ( 'NONE',  ( -0.0000000000000000000, -1.000000000000000000, -0.0000000000000000000 ) ) ;
#4646 = DIRECTION ( 'NONE',  ( -0.0000000000000000000, -1.000000000000000000, -0.0000000000000000000 ) ) ;
#4647 = CARTESIAN_POINT ( 'NONE',  ( -31.00000000000000000, 0.0000000000000000000, -7.500000000000000000 ) ) ;
#4648 = CIRCLE ( 'NONE', #4651, 0.5000000000000004400 ) ;
#4649 = AXIS2_PLACEMENT_3D ( 'NONE', #4662, #4661, #4660 ) ;
#4650 = CIRCLE ( 'NONE', #4562, 3.146446609406726900 ) ;
#4651 = AXIS2_PLACEMENT_3D ( 'NONE', #4641, #4630, #4629 ) ;
#4652 = TOROIDAL_SURFACE ( 'NONE', #4566, 5.500000000000000000, 0.5000000000000000000 ) ;
#4653 = DIRECTION ( 'NONE',  ( 1.000000000000000000, 0.0000000000000000000, 0.0000000000000000000 ) ) ;
#4654 = DIRECTION ( 'NONE',  ( 0.0000000000000000000, 0.0000000000000000000, 1.000000000000000000 ) ) ;
#4655 = CARTESIAN_POINT ( 'NONE',  ( -27.50000000000000000, 0.0000000000000000000, -0.1464466094067262100 ) ) ;
#4656 = CIRCLE ( 'NONE', #4634, 3.853553390593272200 ) ;
#4657 = CYLINDRICAL_SURFACE ( 'NONE', #4618, 0.5000000000000004400 ) ;
#4658 = AXIS2_PLACEMENT_3D ( 'NONE', #4647, #4646, #4570 ) ;
#4659 = CARTESIAN_POINT ( 'NONE',  ( 23.64644660940672700, -7.527226166340047200E-016, -0.1464466094067261000 ) ) ;
#4660 = DIRECTION ( 'NONE',  ( -1.000000000000000000, -1.224646799147351500E-016, 0.0000000000000000000 ) ) ;
#4661 = DIRECTION ( 'NONE',  ( -1.224646799147353200E-016, 1.000000000000000000, 0.0000000000000000000 ) ) ;
#4662 = CARTESIAN_POINT ( 'NONE',  ( 31.70710678118654600, -7.094248138222300000E-016, -0.5000000000000000000 ) ) ;
#4663 = CIRCLE ( 'NONE', #4638, 0.5000000000000000000 ) ;
#4664 = CARTESIAN_POINT ( 'NONE',  ( 31.35355339059327300, -1.224646799147353100E-015, -0.1464466094067261000 ) ) ;
#4665 = AXIS2_PLACEMENT_3D ( 'NONE', #4569, #4645, #4644 ) ;
#4666 = CARTESIAN_POINT ( 'NONE',  ( -24.00000000000000000, 4.286263797015736100E-016, -1.207106781186547200 ) ) ;
#4667 = CARTESIAN_POINT ( 'NONE',  ( 34.99999999999999300, 4.316879966994419500E-015, -2.000000000000000000 ) ) ;
#4668 = CIRCLE ( 'NONE', #4565, 12.77579727645737500 ) ;
#4669 = CIRCLE ( 'NONE', #4649, 0.5000000000000004400 ) ;
#4670 = AXIS2_PLACEMENT_3D ( 'NONE', #4614, #4625, #4624 ) ;
#4671 = AXIS2_PLACEMENT_3D ( 'NONE', #4666, #4633, #4632 ) ;
#4672 = AXIS2_PLACEMENT_3D ( 'NONE', #4720, #4719, #4681 ) ;
#4673 = AXIS2_PLACEMENT_3D ( 'NONE', #4738, #4687, #4686 ) ;
#4674 = DIRECTION ( 'NONE',  ( -1.000000000000000000, -1.224646799147351500E-016, 0.0000000000000000000 ) ) ;
#4675 = DIRECTION ( 'NONE',  ( -1.224646799147353200E-016, 1.000000000000000000, 0.0000000000000000000 ) ) ;
#4676 = CARTESIAN_POINT ( 'NONE',  ( -32.00000000000000000, 0.0000000000000000000, -7.500000000000000000 ) ) ;
#4677 = CARTESIAN_POINT ( 'NONE',  ( 12.77311500707115000, -21.86277634378662100, 13.49256271554074800 ) ) ;
#4678 = DIRECTION ( 'NONE',  ( 0.0000000000000000000, 0.7071067811865388000, -0.7071067811865561200 ) ) ;
#4679 = DIRECTION ( 'NONE',  ( -0.1565137293501614700, -0.6983922438447193200, -0.6983922438447055500 ) ) ;
#4680 = CARTESIAN_POINT ( 'NONE',  ( -10.64299401356664500, -20.13153797171811400, 14.51669430642271100 ) ) ;
#4681 = DIRECTION ( 'NONE',  ( 0.0000000000000000000, 0.0000000000000000000, -1.000000000000000000 ) ) ;
#4682 = CARTESIAN_POINT ( 'NONE',  ( -10.70166887658163700, -22.21632973437989000, 12.43190254376093100 ) ) ;
#4683 = AXIS2_PLACEMENT_3D ( 'NONE', #4699, #4698, #4697 ) ;
#4684 = VECTOR ( 'NONE', #4710, 1000.000000000000000 ) ;
#4685 = CARTESIAN_POINT ( 'NONE',  ( 0.0000000000000000000, -23.94756810644840100, 11.40777095287896800 ) ) ;
#4686 = DIRECTION ( 'NONE',  ( 0.0000000000000000000, -0.7071067811865458000, 0.7071067811865492400 ) ) ;
#4687 = DIRECTION ( 'NONE',  ( -0.02049035072767687100, -0.7069583246299111500, -0.7069583246299077100 ) ) ;
#4688 = CARTESIAN_POINT ( 'NONE',  ( 0.0000000000000000000, -22.03122292025696500, 14.03122292025695600 ) ) ;
#4689 = SPHERICAL_SURFACE ( 'NONE', #4718, 0.5000000000000000000 ) ;
#4690 = CIRCLE ( 'NONE', #4730, 0.5000000000000004400 ) ;
#4691 = TOROIDAL_SURFACE ( 'NONE', #4695, 12.77579727645737500, 0.5000000000000000000 ) ;
#4692 = FACE_OUTER_BOUND ( 'NONE', #3320, .T. ) ;
#4693 = AXIS2_PLACEMENT_3D ( 'NONE', #4680, #4679, #4678 ) ;
#4694 = CIRCLE ( 'NONE', #4693, 0.4999999999999995000 ) ;
#4695 = AXIS2_PLACEMENT_3D ( 'NONE', #4688, #4737, #4736 ) ;
#4696 = CARTESIAN_POINT ( 'NONE',  ( -23.29289321881345000, 5.152219853251229600E-016, -0.5000000000000000000 ) ) ;
#4697 = DIRECTION ( 'NONE',  ( -1.000000000000000000, 0.0000000000000000000, 0.0000000000000000000 ) ) ;
#4698 = DIRECTION ( 'NONE',  ( -0.0000000000000000000, -0.0000000000000000000, 1.000000000000000000 ) ) ;
#4699 = CARTESIAN_POINT ( 'NONE',  ( -27.50000000000000000, 0.0000000000000000000, -7.500000000000000000 ) ) ;
#4700 = CIRCLE ( 'NONE', #4683, 5.000000000000000900 ) ;
#4701 = CARTESIAN_POINT ( 'NONE',  ( 10.00834577785341600, -2.603692903821466700, -1.592541852028408500 ) ) ;
#4702 = DIRECTION ( 'NONE',  ( 0.0000000000000000000, 0.0000000000000000000, -1.000000000000000000 ) ) ;
#4703 = DIRECTION ( 'NONE',  ( -0.0000000000000000000, -1.000000000000000000, -0.0000000000000000000 ) ) ;
#4704 = CIRCLE ( 'NONE', #4733, 0.5000000000000004400 ) ;
#4705 = CARTESIAN_POINT ( 'NONE',  ( -10.64299401356664300, -20.48509136231138300, 14.87024769701598500 ) ) ;
#4706 = DIRECTION ( 'NONE',  ( -1.000000000000000000, 0.0000000000000000000, 0.0000000000000000000 ) ) ;
#4707 = DIRECTION ( 'NONE',  ( 0.0000000000000000000, 0.0000000000000000000, 1.000000000000000000 ) ) ;
#4708 = CARTESIAN_POINT ( 'NONE',  ( -27.50000000000000000, 0.0000000000000000000, -1.207106781186547200 ) ) ;
#4709 = CIRCLE ( 'NONE', #4672, 0.5000000000000004400 ) ;
#4710 = DIRECTION ( 'NONE',  ( -1.000000000000000000, 0.0000000000000000000, 0.0000000000000000000 ) ) ;
#4711 = CARTESIAN_POINT ( 'NONE',  ( -24.50000000000000000, 0.0000000000000000000, -1.207106781186547200 ) ) ;
#4712 = CARTESIAN_POINT ( 'NONE',  ( 30.50000000000000000, -1.224646799147353100E-015, -1.207106781186547200 ) ) ;
#4713 = DIRECTION ( 'NONE',  ( 0.0000000000000000000, 1.000000000000000000, 0.0000000000000000000 ) ) ;
#4714 = CARTESIAN_POINT ( 'NONE',  ( 10.27291203661952000, -21.50922295319334800, 13.15618227386628900 ) ) ;
#4715 = CIRCLE ( 'NONE', #4732, 2.999999999999999100 ) ;
#4716 = TOROIDAL_SURFACE ( 'NONE', #4739, 3.499999999999999600, 0.5000000000000000000 ) ;
#4717 = FACE_OUTER_BOUND ( 'NONE', #3293, .T. ) ;
#4718 = AXIS2_PLACEMENT_3D ( 'NONE', #4682, #4713, #4729 ) ;
#4719 = DIRECTION ( 'NONE',  ( 0.0000000000000000000, -1.000000000000000000, 0.0000000000000000000 ) ) ;
#4720 = CARTESIAN_POINT ( 'NONE',  ( -10.70166887658163700, -22.21632973437989000, 12.43190254376093100 ) ) ;
#4721 = LINE ( 'NONE', #4685, #4684 ) ;
#4722 = FACE_OUTER_BOUND ( 'NONE', #3276, .T. ) ;
#4723 = CARTESIAN_POINT ( 'NONE',  ( -10.20847801208503600, -22.21632973437989000, 12.51413861356667700 ) ) ;
#4724 = DIRECTION ( 'NONE',  ( -0.0000000000000000000, -0.0000000000000000000, -1.000000000000000000 ) ) ;
#4725 = CARTESIAN_POINT ( 'NONE',  ( 27.50000000000000000, -1.224646799147353100E-015, -1.207106781186547200 ) ) ;
#4726 = CARTESIAN_POINT ( 'NONE',  ( 0.0000000000000000000, -12.64381664041605400, 22.71152241891131500 ) ) ;
#4727 = DIRECTION ( 'NONE',  ( -1.000000000000000000, 0.0000000000000000000, 0.0000000000000000000 ) ) ;
#4728 = CARTESIAN_POINT ( 'NONE',  ( 24.50000000000000000, -8.572527594031470200E-016, -1.207106781186547200 ) ) ;
#4729 = DIRECTION ( 'NONE',  ( 1.000000000000000000, 0.0000000000000000000, 0.0000000000000000000 ) ) ;
#4730 = AXIS2_PLACEMENT_3D ( 'NONE', #4696, #4675, #4674 ) ;
#4731 = CARTESIAN_POINT ( 'NONE',  ( -31.70710678118654600, 0.0000000000000000000, 0.0000000000000000000 ) ) ;
#4732 = AXIS2_PLACEMENT_3D ( 'NONE', #4708, #4707, #4706 ) ;
#4733 = AXIS2_PLACEMENT_3D ( 'NONE', #4676, #4703, #4702 ) ;
#4734 = CARTESIAN_POINT ( 'NONE',  ( 10.32003020571092800, -4.637652615013983800, -1.999999999999998000 ) ) ;
#4735 = CARTESIAN_POINT ( 'NONE',  ( 10.77579727645737500, -4.505183090405494400, -1.999999999999997800 ) ) ;
#4736 = DIRECTION ( 'NONE',  ( 0.0000000000000000000, 0.7071067811865474600, 0.7071067811865476800 ) ) ;
#4737 = DIRECTION ( 'NONE',  ( -0.0000000000000000000, 0.7071067811865475700, -0.7071067811865475700 ) ) ;
#4738 = CARTESIAN_POINT ( 'NONE',  ( 12.77311500707115000, -22.21632973437989700, 13.84611610613402600 ) ) ;
#4739 = AXIS2_PLACEMENT_3D ( 'NONE', #4725, #4724, #4727 ) ;
#4740 = CIRCLE ( 'NONE', #4673, 0.4999999999999994400 ) ;
#4741 = TOROIDAL_SURFACE ( 'NONE', #4755, 4.207106781186547000, 0.5000000000000000000 ) ;
#4742 = TOROIDAL_SURFACE ( 'NONE', #4772, 3.499999999999999600, 0.5000000000000000000 ) ;
#4743 = CARTESIAN_POINT ( 'NONE',  ( -27.50000000000000000, 0.0000000000000000000, -1.207106781186547200 ) ) ;
#4744 = CIRCLE ( 'NONE', #4773, 2.999999999999999100 ) ;
#4745 = CARTESIAN_POINT ( 'NONE',  ( 10.27579727645737300, -8.448536879022256600, -1.453719969427516000 ) ) ;
#4746 = CARTESIAN_POINT ( 'NONE',  ( 10.00834577785331800, -10.39630709617940100, -1.407458147971071700 ) ) ;
#4747 = CARTESIAN_POINT ( 'NONE',  ( 9.869829294624855400, -10.48132396755994500, -1.999999999999605900 ) ) ;
#4748 = DIRECTION ( 'NONE',  ( -1.000000000000000000, 0.0000000000000000000, 0.0000000000000000000 ) ) ;
#4749 = DIRECTION ( 'NONE',  ( 0.0000000000000000000, 0.0000000000000000000, 1.000000000000000000 ) ) ;
#4750 = CARTESIAN_POINT ( 'NONE',  ( 27.50000000000000000, -1.224646799147353100E-015, -1.207106781186547200 ) ) ;
#4751 = CARTESIAN_POINT ( 'NONE',  ( -23.29289321881345000, 5.152219853251231600E-016, 0.0000000000000000000 ) ) ;
#4752 = DIRECTION ( 'NONE',  ( -1.000000000000000000, 0.0000000000000000000, 0.0000000000000000000 ) ) ;
#4753 = DIRECTION ( 'NONE',  ( 0.0000000000000000000, 0.0000000000000000000, -1.000000000000000000 ) ) ;
#4754 = CARTESIAN_POINT ( 'NONE',  ( -27.50000000000000000, 0.0000000000000000000, -0.5000000000000000000 ) ) ;
#4755 = AXIS2_PLACEMENT_3D ( 'NONE', #4754, #4753, #4752 ) ;
#4756 = AXIS2_PLACEMENT_3D ( 'NONE', #4778, #4757, #4774 ) ;
#4757 = DIRECTION ( 'NONE',  ( 0.0000000000000000000, 1.000000000000000000, 0.0000000000000000000 ) ) ;
#4758 = DIRECTION ( 'NONE',  ( -1.000000000000000000, 0.0000000000000000000, 0.0000000000000000000 ) ) ;
#4759 = CARTESIAN_POINT ( 'NONE',  ( -22.00000000000000000, 6.735557395310443000E-016, -2.000000000000000000 ) ) ;
#4760 = FACE_OUTER_BOUND ( 'NONE', #3210, .T. ) ;
#4761 = DIRECTION ( 'NONE',  ( -1.000000000000000000, 0.0000000000000000000, 0.0000000000000000000 ) ) ;
#4762 = DIRECTION ( 'NONE',  ( 0.0000000000000000000, 0.0000000000000000000, -1.000000000000000000 ) ) ;
#4763 = CARTESIAN_POINT ( 'NONE',  ( -27.50000000000000000, 0.0000000000000000000, 0.0000000000000000000 ) ) ;
#4764 = AXIS2_PLACEMENT_3D ( 'NONE', #4763, #4762, #4761 ) ;
#4765 = CIRCLE ( 'NONE', #4764, 4.207106781186544400 ) ;
#4766 = CARTESIAN_POINT ( 'NONE',  ( -31.35355339059327300, 4.719241825133483400E-016, -0.1464466094067261000 ) ) ;
#4767 = CARTESIAN_POINT ( 'NONE',  ( 10.49533211616892300, -10.48884894820790900, -1.999999999999997800 ) ) ;
#4768 = CARTESIAN_POINT ( 'NONE',  ( 10.22727147008189900, -8.543091202250522500, -1.999999999999997800 ) ) ;
#4769 = CARTESIAN_POINT ( 'NONE',  ( -30.50000000000000000, 3.673940397442060900E-016, -1.207106781186547200 ) ) ;
#4770 = CARTESIAN_POINT ( 'NONE',  ( 9.685641767230290400, -13.25330471887318000, -1.999999999999997800 ) ) ;
#4771 = CARTESIAN_POINT ( 'NONE',  ( 10.27579727645737300, -4.551463120977759400, -1.546280030572479800 ) ) ;
#4772 = AXIS2_PLACEMENT_3D ( 'NONE', #4743, #4779, #4758 ) ;
#4773 = AXIS2_PLACEMENT_3D ( 'NONE', #4750, #4749, #4748 ) ;
#4774 = DIRECTION ( 'NONE',  ( 1.000000000000000000, 0.0000000000000000000, 0.0000000000000000000 ) ) ;
#4775 = FACE_OUTER_BOUND ( 'NONE', #3217, .T. ) ;
#4776 = SPHERICAL_SURFACE ( 'NONE', #4756, 0.5000000000000000000 ) ;
#4777 = CARTESIAN_POINT ( 'NONE',  ( 10.77579727645737500, -8.494816909594524300, -1.999999999999997800 ) ) ;
#4778 = CARTESIAN_POINT ( 'NONE',  ( 10.77261703942160400, -21.50922295319334800, 13.13900932494747500 ) ) ;
#4779 = DIRECTION ( 'NONE',  ( -0.0000000000000000000, -0.0000000000000000000, -1.000000000000000000 ) ) ;
#4780 = FACE_OUTER_BOUND ( 'NONE', #3233, .T. ) ;
#4781 = CARTESIAN_POINT ( 'NONE',  ( -22.50000000000000000, 0.0000000000000000000, -7.500000000000000000 ) ) ;
#4782 = CARTESIAN_POINT ( 'NONE',  ( 8.170364773758944200, -15.58014045468949000, -1.284336040866504100 ) ) ;
#4783 = CARTESIAN_POINT ( 'NONE',  ( 8.118343554153815600, -16.57052299462593600, -1.999999999999997800 ) ) ;
#4784 = CARTESIAN_POINT ( 'NONE',  ( 9.351577380847935200, -14.13717477160477300, -1.999999999999997800 ) ) ;
#4785 = CARTESIAN_POINT ( 'NONE',  ( 7.856473992654548200, -15.44552719691281200, -2.000000000000001800 ) ) ;
#4786 = CARTESIAN_POINT ( 'NONE',  ( 9.236225287004625500, -13.09662710733261000, -1.343322388459636800 ) ) ;
#4787 = CARTESIAN_POINT ( 'NONE',  ( 8.567918586565745900, -15.79580441382328500, -1.999999999999997800 ) ) ;
#4788 = CARTESIAN_POINT ( 'NONE',  ( 9.023621481281166400, -13.05423905695286600, -2.000000000000214100 ) ) ;
#4789 = CARTESIAN_POINT ( 'NONE',  ( 8.667852421207275200, -13.88972171843973200, -2.000000000000001800 ) ) ;
#4790 = CARTESIAN_POINT ( 'NONE',  ( 8.917661581352190200, -13.95999125154501300, -1.322816479939940700 ) ) ;
#4791 = DIRECTION ( 'NONE',  ( 0.0000000000000000000, 0.0000000000000000000, -1.000000000000000000 ) ) ;
#4792 = CARTESIAN_POINT ( 'NONE',  ( 27.50000000000000000, -1.224646799147353100E-015, -2.500000000000000400 ) ) ;
#4793 = CARTESIAN_POINT ( 'NONE',  ( 10.27276460330732800, -21.50063394537453500, 13.14759833276629000 ) ) ;
#4794 = CARTESIAN_POINT ( 'NONE',  ( 8.361535607672337300, 2.681991102486530400, -1.999999999999615000 ) ) ;
#4795 = CARTESIAN_POINT ( 'NONE',  ( 8.617047781433889500, 2.865248712793519100, -1.999999999999997800 ) ) ;
#4796 = CARTESIAN_POINT ( 'NONE',  ( 6.314957512283386100, 5.403620916677464700, -1.782724923443748100 ) ) ;
#4797 = CARTESIAN_POINT ( 'NONE',  ( 6.448083572876568900, 5.475328939156447000, -2.000000000000365000 ) ) ;
#4798 = CARTESIAN_POINT ( 'NONE',  ( 6.622230872315188100, 5.686345840121214600, -1.999999999999997800 ) ) ;
#4799 = CARTESIAN_POINT ( 'NONE',  ( 5.175086545311582000, 6.506944116659842500, -1.808930140278648000 ) ) ;
#4800 = CARTESIAN_POINT ( 'NONE',  ( 5.285795962295232200, 6.616586518108567500, -2.000000000000328600 ) ) ;
#4801 = CARTESIAN_POINT ( 'NONE',  ( 5.426896035421551200, 6.815874256938656100, -1.999999999999997800 ) ) ;
#4802 = CARTESIAN_POINT ( 'NONE',  ( 2.689668198773516900, 7.998289677771816200, -1.844351342159536100 ) ) ;
#4803 = CARTESIAN_POINT ( 'NONE',  ( 2.757259873765364400, 8.130568072260137700, -1.999999999999674000 ) ) ;
#4804 =( BOUNDED_SURFACE ( )  B_SPLINE_SURFACE ( 3, 2, ( 
 ( #4812, #4811, #4810 ),
 ( #4809, #4808, #4807 ),
 ( #4806, #4803, #4802 ),
 ( #4801, #4800, #4799 ),
 ( #4798, #4797, #4796 ),
 ( #4795, #4794, #3349 ),
 ( #4591, #4590, #4552 ),
 ( #4551, #4550, #4701 ),
 ( #4735, #4734, #4771 ),
 ( #4777, #4768, #4745 ),
 ( #4767, #4747, #4746 ),
 ( #4770, #4788, #4786 ),
 ( #4784, #4789, #4790 ),
 ( #4787, #4785, #4782 ),
 ( #4783, #2492, #2518 ),
 ( #2503, #2497, #2489 ),
 ( #2504, #2517, #2508 ),
 ( #2507, #2496, #2509 ),
 ( #2512, #2499, #2498 ),
 ( #2491, #2490, #2494 ),
 ( #2493, #2511, #2510 ),
 ( #2502, #2501, #2500 ),
 ( #2506, #2505, #2516 ),
 ( #2515, #2514, #2513 ) ),
 .UNSPECIFIED., .F., .F., .T. ) 
 B_SPLINE_SURFACE_WITH_KNOTS ( ( 4, 2, 2, 2, 2, 2, 2, 2, 2, 2, 2, 4 ),
 ( 3, 3 ),
 ( 0.0000000000000000000, 0.3926990816987241400, 0.7853981633974482800, 1.178097245096172400, 1.570796326794896600, 1.963495408493620700, 2.159844949342982500, 2.356194490192344800, 2.552544031041707100, 2.748893571891069000, 2.945243112740430800, 3.141592653589793100 ),
 ( 0.0000000000000000000, 1.000000000000000000 ),
 .UNSPECIFIED. ) 
 GEOMETRIC_REPRESENTATION_ITEM ( )  RATIONAL_B_SPLINE_SURFACE ( (
 ( 1.000000000000000000, 0.9238795325112865200, 1.000000000000000000),
 ( 1.000000000000000000, 0.9238886108709817300, 1.000000000000000000),
 ( 1.000000000000000000, 0.9189375406586366400, 1.000000000000000000),
 ( 1.000000000000000000, 0.8994581711918878700, 1.000000000000000000),
 ( 1.000000000000000000, 0.8849191471542492400, 1.000000000000000000),
 ( 1.000000000000000000, 0.8471316604146279500, 1.000000000000000000),
 ( 1.000000000000000000, 0.8238783973102048500, 1.000000000000000000),
 ( 1.000000000000000000, 0.7702345535644177200, 1.000000000000000000),
 ( 1.000000000000000000, 0.7398317046466028600, 1.000000000000000000),
 ( 1.000000000000000000, 0.6743818577264922800, 1.000000000000000000),
 ( 1.000000000000000000, 0.6393053651344907700, 1.000000000000000000),
 ( 1.000000000000000000, 0.5862044770709392600, 1.000000000000000000),
 ( 1.000000000000000000, 0.5684376255852614500, 1.000000000000000000),
 ( 1.000000000000000000, 0.5335174740503304500, 1.000000000000000000),
 ( 1.000000000000000000, 0.5163624617099715800, 1.000000000000000000),
 ( 1.000000000000000000, 0.4836375382900279200, 1.000000000000000000),
 ( 1.000000000000000000, 0.4680678885964709200, 1.000000000000000000),
 ( 1.000000000000000000, 0.4397450864047912600, 1.000000000000000000),
 ( 1.000000000000000000, 0.4269984107808754100, 1.000000000000000000),
 ( 1.000000000000000000, 0.4057302575881318600, 1.000000000000000000),
 ( 1.000000000000000000, 0.3972249737266876900, 1.000000000000000000),
 ( 1.000000000000000000, 0.3856927452437277100, 1.000000000000000000),
 ( 1.000000000000000000, 0.3826683969265411400, 1.000000000000000000),
 ( 1.000000000000000000, 0.3826834323650890000, 1.000000000000000000) ) ) 
 REPRESENTATION_ITEM ( '' )  SURFACE ( )  );
#4805 = CIRCLE ( 'NONE', #4822, 13.27579727645737500 ) ;
#4806 = CARTESIAN_POINT ( 'NONE',  ( 2.820542141028637300, 8.342641019931191300, -1.999999999999997800 ) ) ;
#4807 = CARTESIAN_POINT ( 'NONE',  ( 1.345341234529966000, 8.385725263156333000, -1.853553390593806900 ) ) ;
#4808 = CARTESIAN_POINT ( 'NONE',  ( 1.372450364081265800, 8.532171872564971300, -1.999999999999997800 ) ) ;
#4809 = CARTESIAN_POINT ( 'NONE',  ( 1.410802881852251100, 8.739278653749071400, -1.999999999999997800 ) ) ;
#4810 = CARTESIAN_POINT ( 'NONE',  ( 0.0000000000000000000, 8.385725263155798400, -1.853553390593271500 ) ) ;
#4811 = CARTESIAN_POINT ( 'NONE',  ( 0.0000000000000000000, 8.532171872562523500, -1.999999999999997800 ) ) ;
#4812 = CARTESIAN_POINT ( 'NONE',  ( 0.0000000000000000000, 8.739278653749071400, -1.999999999999997800 ) ) ;
#4813 = DIRECTION ( 'NONE',  ( -2.454141982286333200E-015, 0.7071067811865475700, -0.7071067811865475700 ) ) ;
#4814 = AXIS2_PLACEMENT_3D ( 'NONE', #4815, #4817, #4819 ) ;
#4815 = CARTESIAN_POINT ( 'NONE',  ( 10.77261703942160400, -21.50922295319334800, 13.13900932494747500 ) ) ;
#4816 = CIRCLE ( 'NONE', #4820, 0.4999999999999994400 ) ;
#4817 = DIRECTION ( 'NONE',  ( 1.224646799147353200E-016, 1.000000000000000000, -0.0000000000000000000 ) ) ;
#4818 = DIRECTION ( 'NONE',  ( -1.734723475976809100E-013, -0.7071067811865458000, -0.7071067811865492400 ) ) ;
#4819 = DIRECTION ( 'NONE',  ( -1.000000000000000000, 0.0000000000000000000, 0.0000000000000000000 ) ) ;
#4820 = AXIS2_PLACEMENT_3D ( 'NONE', #4823, #4813, #4818 ) ;
#4821 = CIRCLE ( 'NONE', #4814, 0.5000000000000004400 ) ;
#4822 = AXIS2_PLACEMENT_3D ( 'NONE', #4826, #4825, #4832 ) ;
#4823 = CARTESIAN_POINT ( 'NONE',  ( 10.77261703942160400, -21.50922295319334800, 13.13900932494747500 ) ) ;
#4824 = CARTESIAN_POINT ( 'NONE',  ( -30.64644660940672700, 4.286263797015734100E-016, -0.8535533905932734000 ) ) ;
#4825 = DIRECTION ( 'NONE',  ( -0.0000000000000000000, 0.7071067811865475700, -0.7071067811865475700 ) ) ;
#4826 = CARTESIAN_POINT ( 'NONE',  ( 0.0000000000000000000, -22.03122292025696500, 14.03122292025695600 ) ) ;
#4827 = FACE_OUTER_BOUND ( 'NONE', #3262, .T. ) ;
#4828 = DIRECTION ( 'NONE',  ( -1.000000000000000000, 0.0000000000000000000, 0.0000000000000000000 ) ) ;
#4829 = CARTESIAN_POINT ( 'NONE',  ( 32.50000000000000000, -1.224646799147353100E-015, -2.500000000000000400 ) ) ;
#4830 = CIRCLE ( 'NONE', #4831, 5.000000000000000900 ) ;
#4831 = AXIS2_PLACEMENT_3D ( 'NONE', #4792, #4791, #4828 ) ;
#4832 = DIRECTION ( 'NONE',  ( 0.0000000000000000000, 0.7071067811865475700, 0.7071067811865474600 ) ) ;
#4833 = CARTESIAN_POINT ( 'NONE',  ( 10.27261703942160400, -21.50922295319334800, 13.13900932494747800 ) ) ;
#4834 = CARTESIAN_POINT ( 'NONE',  ( -13.17675838571561000, -13.40592700787397500, 7.737265054207576900 ) ) ;
#4835 = CARTESIAN_POINT ( 'NONE',  ( -12.71049680354492800, -13.44161717998276400, 7.735069006487695000 ) ) ;
#4836 = CARTESIAN_POINT ( 'NONE',  ( -13.25419125595971300, -14.39744961180435500, 7.476205438577773400 ) ) ;
#4837 = CARTESIAN_POINT ( 'NONE',  ( -12.74346865057224300, -13.85934993488315400, 7.766987276583648700 ) ) ;
#4838 = CARTESIAN_POINT ( 'NONE',  ( -13.21279408260338400, -13.84363056663833700, 7.762182033768821700 ) ) ;
#4839 = CARTESIAN_POINT ( 'NONE',  ( -13.24220342317851300, -13.96365288702474300, 7.304914543538447300 ) ) ;
#4840 = CARTESIAN_POINT ( 'NONE',  ( -12.73398278607771400, -13.69120847173094000, 7.734123480473037700 ) ) ;
#4841 = CARTESIAN_POINT ( 'NONE',  ( -13.20128919261055100, -13.66806169634621400, 7.730088679780652500 ) ) ;
#4842 = CARTESIAN_POINT ( 'NONE',  ( -13.23234631041638200, -13.72575342925035500, 7.262824355162988100 ) ) ;
#4843 = CARTESIAN_POINT ( 'NONE',  ( -13.20794117294935100, -13.37125700796175700, 7.270970441462931300 ) ) ;
#4844 = CARTESIAN_POINT ( 'NONE',  ( -13.22760473868987700, -14.16174826939651500, 7.889596159592334100 ) ) ;
#4845 = CARTESIAN_POINT ( 'NONE',  ( -12.75500499499741400, -14.16722485964239400, 7.893506253350852700 ) ) ;
#4846 = CARTESIAN_POINT ( 'NONE',  ( -13.25661386847862600, -14.59827291828883700, 7.607215005480324700 ) ) ;
#4847 = CARTESIAN_POINT ( 'NONE',  ( -13.23115145782171000, -14.30810397750412800, 7.986153539853361000 ) ) ;
#4848 = CARTESIAN_POINT ( 'NONE',  ( -12.75733636399873000, -14.31045260069459600, 7.988502154212649300 ) ) ;
#4849 = CARTESIAN_POINT ( 'NONE',  ( -13.23115145846671200, -14.42938322641288800, 8.107432779930940500 ) ) ;
#4850 = CARTESIAN_POINT ( 'NONE',  ( -13.25661386894665700, -14.76393696572567500, 7.772879040618155600 ) ) ;
#4851 = CARTESIAN_POINT ( 'NONE',  ( -12.75733636444396000, -14.42938322641288600, 8.107432779930940500 ) ) ;
#4852 = CARTESIAN_POINT ( 'NONE',  ( 12.62657620523525800, -13.82256393579842400, 3.530026583408484100 ) ) ;
#4853 = CARTESIAN_POINT ( 'NONE',  ( 12.90611817358809600, -14.80936489371441000, 2.392419982208620100 ) ) ;
#4854 = DIRECTION ( 'NONE',  ( 0.0000000000000000000, 0.7071067811865458000, 0.7071067811865492400 ) ) ;
#4855 = DIRECTION ( 'NONE',  ( -1.325404177185094000E-016, -0.7071067811865492400, 0.7071067811865458000 ) ) ;
#4856 = CARTESIAN_POINT ( 'NONE',  ( -12.75733636444396200, -20.83864475290466000, 13.80958752523616300 ) ) ;
#4857 = AXIS2_PLACEMENT_3D ( 'NONE', #4856, #4855, #4854 ) ;
#4858 = TOROIDAL_SURFACE ( 'NONE', #4860, 10.77579727645737500, 0.5000000000000000000 ) ;
#4859 = CIRCLE ( 'NONE', #4862, 0.5000000000000001100 ) ;
#4860 = AXIS2_PLACEMENT_3D ( 'NONE', #4909, #4908, #4907 ) ;
#4861 = CIRCLE ( 'NONE', #4857, 0.4999999999999994400 ) ;
#4862 = AXIS2_PLACEMENT_3D ( 'NONE', #4923, #4922, #4921 ) ;
#4863 = CARTESIAN_POINT ( 'NONE',  ( 11.32094482420502100, -18.20182334722512600, 1.828388647361355500 ) ) ;
#4864 = AXIS2_PLACEMENT_3D ( 'NONE', #4863, #4927, #4957 ) ;
#4865 = CIRCLE ( 'NONE', #4864, 0.4999999999999994400 ) ;
#4866 = DIRECTION ( 'NONE',  ( 0.0000000000000000000, 0.7071067811865458000, 0.7071067811865492400 ) ) ;
#4867 = DIRECTION ( 'NONE',  ( 2.149997704382425400E-016, 0.7071067811865483500, -0.7071067811865466800 ) ) ;
#4868 = CARTESIAN_POINT ( 'NONE',  ( 12.55156058424272400, -13.95418599770849600, 2.889051911808332200 ) ) ;
#4869 = CARTESIAN_POINT ( 'NONE',  ( 12.42003688016822600, -14.32736654808716500, 2.167311540566571300 ) ) ;
#4870 = CARTESIAN_POINT ( 'NONE',  ( 12.92333308920766500, -14.39796298530136700, 2.073215013370389000 ) ) ;
#4871 = CARTESIAN_POINT ( 'NONE',  ( -12.70094148522964300, -13.35721749732730000, 7.743745842746669400 ) ) ;
#4872 = CARTESIAN_POINT ( 'NONE',  ( -13.16717691778322100, -13.31693906532011300, 7.748921614363991800 ) ) ;
#4873 = CARTESIAN_POINT ( 'NONE',  ( -13.19801189043200100, -13.25115569951136700, 7.285593850109724400 ) ) ;
#4874 = CARTESIAN_POINT ( 'NONE',  ( -12.67841665763738800, -13.19440136595909000, 7.776890483395320100 ) ) ;
#4875 = CARTESIAN_POINT ( 'NONE',  ( -13.14570366918134100, -13.14547853685422000, 7.789879596518072300 ) ) ;
#4876 = CARTESIAN_POINT ( 'NONE',  ( -13.17460552203986500, -13.01902007302021100, 7.337103976991873100 ) ) ;
#4877 = CARTESIAN_POINT ( 'NONE',  ( -12.66542444714484400, -13.11536356383083800, 7.801206629682757100 ) ) ;
#4878 = CARTESIAN_POINT ( 'NONE',  ( -13.13374215523238100, -13.06215106354303800, 7.819123736680468000 ) ) ;
#4879 = CARTESIAN_POINT ( 'NONE',  ( -13.16110483964241600, -12.90610744118436600, 7.373792250118602200 ) ) ;
#4880 = CARTESIAN_POINT ( 'NONE',  ( -12.62007652250142100, -12.88544922182079100, 7.897351542092935400 ) ) ;
#4881 = CARTESIAN_POINT ( 'NONE',  ( -13.09365871522457200, -12.82068080581823600, 7.933171833323817700 ) ) ;
#4882 = CARTESIAN_POINT ( 'NONE',  ( -13.11398215945887300, -12.57696141181656600, 7.516604579733611400 ) ) ;
#4883 = CARTESIAN_POINT ( 'NONE',  ( -12.58175798301250800, -12.74593517055342000, 7.991383605219499300 ) ) ;
#4884 = CARTESIAN_POINT ( 'NONE',  ( -13.06156794387909200, -12.67573227571208100, 8.044244493584395500 ) ) ;
#4885 = CARTESIAN_POINT ( 'NONE',  ( -13.07415968135362900, -12.37624442148755400, 7.653967586887509000 ) ) ;
#4886 = CARTESIAN_POINT ( 'NONE',  ( -12.53691868966886400, -12.62988599584169300, 8.107432779931325900 ) ) ;
#4887 = CARTESIAN_POINT ( 'NONE',  ( -13.02756981767214100, -12.56183648963793900, 8.175482286135137500 ) ) ;
#4888 = CARTESIAN_POINT ( 'NONE',  ( -13.02756981767209700, -12.20828309904449100, 7.821928895541979900 ) ) ;
#4889 = CARTESIAN_POINT ( 'NONE',  ( 12.58317764542636400, -16.83119979877007900, 5.705616207573742200 ) ) ;
#4890 = AXIS2_PLACEMENT_3D ( 'NONE', #4889, #4867, #4866 ) ;
#4891 =( BOUNDED_SURFACE ( )  B_SPLINE_SURFACE ( 3, 2, ( 
 ( #4888, #4887, #4886 ),
 ( #4885, #4884, #4883 ),
 ( #4882, #4881, #4880 ),
 ( #4879, #4878, #4877 ),
 ( #4876, #4875, #4874 ),
 ( #4873, #4872, #4871 ),
 ( #4843, #4834, #4835 ),
 ( #4842, #4841, #4840 ),
 ( #4839, #4838, #4837 ),
 ( #4836, #4844, #4845 ),
 ( #4846, #4847, #4848 ),
 ( #4850, #4849, #4851 ) ),
 .UNSPECIFIED., .F., .F., .T. ) 
 B_SPLINE_SURFACE_WITH_KNOTS ( ( 4, 2, 2, 2, 2, 4 ),
 ( 3, 3 ),
 ( -6.674348573820765300E-016, 0.0006956249096620212100, 0.001043437364493365500, 0.001391249819324709900, 0.002086874728987398500, 0.002782499638650087200 ),
 ( 0.0000000000000000000, 1.000000000000000000 ),
 .UNSPECIFIED. ) 
 GEOMETRIC_REPRESENTATION_ITEM ( )  RATIONAL_B_SPLINE_SURFACE ( (
 ( 1.000000000000000000, 0.7071067811865179300, 1.000000000000000000),
 ( 1.000000000000000000, 0.7159258744564349600, 1.000000000000000000),
 ( 1.000000000000000000, 0.7219994065227197700, 1.000000000000000000),
 ( 1.000000000000000000, 0.7274403745436103200, 1.000000000000000000),
 ( 1.000000000000000000, 0.7286372200078229400, 1.000000000000000000),
 ( 1.000000000000000000, 0.7301061645364000900, 1.000000000000000000),
 ( 1.000000000000000000, 0.7303695718191121100, 1.000000000000000000),
 ( 1.000000000000000000, 0.7302274688723647800, 1.000000000000000000),
 ( 1.000000000000000000, 0.7289305719492154000, 1.000000000000000000),
 ( 1.000000000000000000, 0.7267297556040004400, 1.000000000000000000),
 ( 1.000000000000000000, 0.7258201680937862400, 1.000000000000000000),
 ( 1.000000000000000000, 0.7258578128815752500, 1.000000000000000000) ) ) 
 REPRESENTATION_ITEM ( '' )  SURFACE ( )  );
#4892 = FACE_OUTER_BOUND ( 'NONE', #4109, .T. ) ;
#4893 = DIRECTION ( 'NONE',  ( 0.0000000000000000000, -0.7071067811865454600, 0.7071067811865497900 ) ) ;
#4894 = DIRECTION ( 'NONE',  ( 0.5494639798980078800, 0.5908000231866300500, 0.5908000231866271700 ) ) ;
#4895 = CARTESIAN_POINT ( 'NONE',  ( 9.003366181982432400, -18.90893012841167200, 2.535495428547906100 ) ) ;
#4896 = CARTESIAN_POINT ( 'NONE',  ( 12.35239991182860200, -14.55376620200955700, 1.940911886644181200 ) ) ;
#4897 = CARTESIAN_POINT ( 'NONE',  ( 12.83582962054004800, -14.64403169025164300, 1.850646398402095100 ) ) ;
#4898 = CARTESIAN_POINT ( 'NONE',  ( 13.11283828457160900, -13.92752967389599500, 2.963578004748956400 ) ) ;
#4899 = AXIS2_PLACEMENT_3D ( 'NONE', #4895, #4894, #4893 ) ;
#4900 = CIRCLE ( 'NONE', #4899, 0.4999999999999997200 ) ;
#4901 = CIRCLE ( 'NONE', #4890, 0.4999999999999994400 ) ;
#4902 = DIRECTION ( 'NONE',  ( 0.0000000000000000000, 0.7071067811865475700, -0.7071067811865475700 ) ) ;
#4903 = DIRECTION ( 'NONE',  ( -0.3441938869959228500, -0.6639015620386195000, -0.6639015620386195000 ) ) ;
#4904 = CARTESIAN_POINT ( 'NONE',  ( -11.99517808879720900, -10.90570905679377100, 9.124502937792710700 ) ) ;
#4905 = AXIS2_PLACEMENT_3D ( 'NONE', #4904, #4903, #4902 ) ;
#4906 = CIRCLE ( 'NONE', #4905, 0.5000000000000006700 ) ;
#4907 = DIRECTION ( 'NONE',  ( 0.0000000000000000000, -0.7071067811865484600, -0.7071067811865465700 ) ) ;
#4908 = DIRECTION ( 'NONE',  ( 0.0000000000000000000, -0.7071067811865466800, 0.7071067811865484600 ) ) ;
#4909 = CARTESIAN_POINT ( 'NONE',  ( 0.0000000000000000000, -14.72221277847978600, 6.722212778479780000 ) ) ;
#4910 = FACE_OUTER_BOUND ( 'NONE', #4065, .T. ) ;
#4911 = CARTESIAN_POINT ( 'NONE',  ( 13.08693398939542300, -13.98354199318034900, 2.802766141866371200 ) ) ;
#4912 = CARTESIAN_POINT ( 'NONE',  ( 13.06498874482832800, -14.45159917054894200, 3.115048269610926300 ) ) ;
#4913 = CARTESIAN_POINT ( 'NONE',  ( 13.10417554281329800, -14.39261742109093200, 3.379048041468217800 ) ) ;
#4914 = CARTESIAN_POINT ( 'NONE',  ( 13.15763655970761200, -13.84857607312402000, 3.297528933444644500 ) ) ;
#4915 = CARTESIAN_POINT ( 'NONE',  ( 12.57292832423529400, -13.90557634676907600, 3.045179951791185500 ) ) ;
#4916 = CARTESIAN_POINT ( 'NONE',  ( 12.61063925148423200, -13.83945185190234500, 3.367576980642911900 ) ) ;
#4917 = CARTESIAN_POINT ( 'NONE',  ( 12.47972342291754100, -14.14204394529996900, 2.442065149448427800 ) ) ;
#4918 = CARTESIAN_POINT ( 'NONE',  ( 12.99838045331830100, -14.19544847012875400, 2.347435266015808400 ) ) ;
#4919 = CARTESIAN_POINT ( 'NONE',  ( 12.96813613015652700, -14.65391657363792200, 2.619413100082710800 ) ) ;
#4920 = CARTESIAN_POINT ( 'NONE',  ( 13.04278474384565600, -14.49369197604502400, 2.986940750983371200 ) ) ;
#4921 = DIRECTION ( 'NONE',  ( 0.0000000000000000000, -0.7071067811865449100, 0.7071067811865501300 ) ) ;
#4922 = DIRECTION ( 'NONE',  ( 0.2553093553723759200, 0.6836728505138068800, 0.6836728505138022200 ) ) ;
#4923 = CARTESIAN_POINT ( 'NONE',  ( 12.35239991182860000, -14.90731959260282800, 2.294465277237456300 ) ) ;
#4924 = FACE_OUTER_BOUND ( 'NONE', #4062, .T. ) ;
#4925 = CARTESIAN_POINT ( 'NONE',  ( 12.83582962054005000, -14.99758508084491700, 2.204199788995369900 ) ) ;
#4926 = CARTESIAN_POINT ( 'NONE',  ( 12.69075687062502700, -16.77659646041737700, 3.253615544395831900 ) ) ;
#4927 = DIRECTION ( 'NONE',  ( -0.4634475899995038600, -0.6265845239565264200, -0.6265845239565249700 ) ) ;
#4928 =( BOUNDED_SURFACE ( )  B_SPLINE_SURFACE ( 3, 2, ( 
 ( #4931, #4930, #4929 ),
 ( #4926, #4935, #5000 ),
 ( #4932, #4933, #4938 ),
 ( #4934, #4937, #4936 ),
 ( #4956, #4955, #5003 ),
 ( #5002, #5001, #4941 ),
 ( #4940, #4939, #4998 ),
 ( #4997, #4996, #4995 ),
 ( #4994, #4993, #4992 ),
 ( #4991, #4973, #4972 ),
 ( #4971, #4970, #4969 ),
 ( #4968, #4967, #4966 ),
 ( #4965, #4964, #4963 ),
 ( #4962, #4961, #4960 ) ),
 .UNSPECIFIED., .F., .F., .T. ) 
 B_SPLINE_SURFACE_WITH_KNOTS ( ( 4, 2, 2, 2, 2, 2, 4 ),
 ( 3, 3 ),
 ( 0.0000000000000000000, 0.0007042155782013858600, 0.001056323367302078800, 0.001408431156402771700, 0.001760538945503464700, 0.002112646734604157600, 0.002816862312805543500 ),
 ( 0.0000000000000000000, 1.000000000000000000 ),
 .UNSPECIFIED. ) 
 GEOMETRIC_REPRESENTATION_ITEM ( )  RATIONAL_B_SPLINE_SURFACE ( (
 ( 1.000000000000000000, 0.7071067811865475700, 1.000000000000000000),
 ( 1.000000000000000000, 0.7210878536234151000, 1.000000000000000000),
 ( 1.000000000000000000, 0.7322470836089568500, 1.000000000000000000),
 ( 1.000000000000000000, 0.7448905131635270600, 1.000000000000000000),
 ( 1.000000000000000000, 0.7483698015722122200, 1.000000000000000000),
 ( 1.000000000000000000, 0.7541748657197266900, 1.000000000000000000),
 ( 1.000000000000000000, 0.7565131949495813600, 1.000000000000000000),
 ( 1.000000000000000000, 0.7601550603452393900, 1.000000000000000000),
 ( 1.000000000000000000, 0.7614872384344693000, 1.000000000000000000),
 ( 1.000000000000000000, 0.7635098684098209400, 1.000000000000000000),
 ( 1.000000000000000000, 0.7641911881922174300, 1.000000000000000000),
 ( 1.000000000000000000, 0.7656093896106962400, 1.000000000000000000),
 ( 1.000000000000000000, 0.7658013736768049000, 1.000000000000000000),
 ( 1.000000000000000000, 0.7658305400171888700, 1.000000000000000000) ) ) 
 REPRESENTATION_ITEM ( '' )  SURFACE ( )  );
#4929 = CARTESIAN_POINT ( 'NONE',  ( 12.13920209287674200, -17.18475318936335600, 3.552565586409667500 ) ) ;
#4930 = CARTESIAN_POINT ( 'NONE',  ( 12.61428798498174200, -17.29496524660483200, 3.442353529168190800 ) ) ;
#4931 = CARTESIAN_POINT ( 'NONE',  ( 12.61428798498174200, -16.94141185601155900, 3.088800138574916400 ) ) ;
#4932 = CARTESIAN_POINT ( 'NONE',  ( 12.76032730656572400, -16.64089814598377300, 3.449883704616702600 ) ) ;
#4933 = CARTESIAN_POINT ( 'NONE',  ( 12.72719994271109200, -17.04094301795541000, 3.691450638914038700 ) ) ;
#4934 = CARTESIAN_POINT ( 'NONE',  ( 12.84960648662630200, -16.49735510223418400, 3.775591609209989000 ) ) ;
#4935 = CARTESIAN_POINT ( 'NONE',  ( 12.67091558714203400, -17.15923232407503100, 3.550722526010235700 ) ) ;
#4936 = CARTESIAN_POINT ( 'NONE',  ( 12.36565790749792800, -16.88125169366216800, 4.030326938013679700 ) ) ;
#4937 = CARTESIAN_POINT ( 'NONE',  ( 12.80158577714506400, -16.91491527064473400, 3.933068217933033400 ) ) ;
#4938 = CARTESIAN_POINT ( 'NONE',  ( 12.27974120317985300, -16.97795778965842600, 3.802844233309216700 ) ) ;
#4939 = CARTESIAN_POINT ( 'NONE',  ( 12.88550043015501800, -16.81826849866838500, 4.281217666440867700 ) ) ;
#4940 = CARTESIAN_POINT ( 'NONE',  ( 12.94715699775945200, -16.39167384296290600, 4.238181352167512900 ) ) ;
#4941 = CARTESIAN_POINT ( 'NONE',  ( 12.43835068315795300, -16.82242291203488100, 4.270427527445257000 ) ) ;
#4942 = CARTESIAN_POINT ( 'NONE',  ( -10.00467187991380900, -13.06411895693188200, 8.380306600027687100 ) ) ;
#4943 = CARTESIAN_POINT ( 'NONE',  ( -10.00467187991380800, -12.71056556633860300, 8.026753209434414100 ) ) ;
#4944 = CARTESIAN_POINT ( 'NONE',  ( -10.49147945361104700, -12.62988599584208100, 8.107432779930940500 ) ) ;
#4945 = CARTESIAN_POINT ( 'NONE',  ( -10.02694803054519400, -13.13132432576285100, 8.313101252819388200 ) ) ;
#4946 = CARTESIAN_POINT ( 'NONE',  ( -10.04074821682503100, -12.82966340918165200, 7.928172191708194200 ) ) ;
#4947 = CARTESIAN_POINT ( 'NONE',  ( -10.51483843094783800, -12.74597494841889600, 7.991343827354126200 ) ) ;
#4948 = CARTESIAN_POINT ( 'NONE',  ( -10.04794411871918100, -13.21323111344492900, 8.259185064209273000 ) ) ;
#4949 = CARTESIAN_POINT ( 'NONE',  ( -10.07350211705235000, -12.96947916152842800, 7.850029426124063300 ) ) ;
#4950 = CARTESIAN_POINT ( 'NONE',  ( -10.53685723199582100, -12.88634900540306900, 7.897078784094675000 ) ) ;
#4951 = CARTESIAN_POINT ( 'NONE',  ( -10.08410455938836000, -13.39134404320858000, 8.188104305839155800 ) ) ;
#4952 = CARTESIAN_POINT ( 'NONE',  ( -10.12738022120205600, -13.26320980409057300, 7.751223236495114600 ) ) ;
#4953 = CARTESIAN_POINT ( 'NONE',  ( -10.57477717247825700, -13.18974182541427700, 7.770000296115855900 ) ) ;
#4954 = CARTESIAN_POINT ( 'NONE',  ( -10.09973522075916300, -13.48973206032627900, 8.170100508871922100 ) ) ;
#4955 = CARTESIAN_POINT ( 'NONE',  ( 12.82435930830580300, -16.88178604773551300, 4.016802698649349200 ) ) ;
#4956 = CARTESIAN_POINT ( 'NONE',  ( 12.87645781308262500, -16.46014625042304000, 3.887561121368906300 ) ) ;
#4957 = DIRECTION ( 'NONE',  ( 0.0000000000000000000, 0.7071067811865458000, -0.7071067811865492400 ) ) ;
#4958 = FACE_OUTER_BOUND ( 'NONE', #4256, .T. ) ;
#4959 = FACE_OUTER_BOUND ( 'NONE', #4257, .T. ) ;
#4960 = CARTESIAN_POINT ( 'NONE',  ( 12.58317764542636400, -17.18475318936335200, 5.352062816980469200 ) ) ;
#4961 = CARTESIAN_POINT ( 'NONE',  ( 13.00301102224423600, -17.18475318936335200, 5.352062816980471800 ) ) ;
#4962 = CARTESIAN_POINT ( 'NONE',  ( 13.07563918708740900, -16.89236200108828700, 5.644454005255537000 ) ) ;
#4963 = CARTESIAN_POINT ( 'NONE',  ( 12.58317764403658100, -17.06394716275696400, 5.231256790374081900 ) ) ;
#4964 = CARTESIAN_POINT ( 'NONE',  ( 13.00301102086163700, -17.05696143626933300, 5.224271054891184800 ) ) ;
#4965 = CARTESIAN_POINT ( 'NONE',  ( 13.07563918563759800, -16.72408563196680100, 5.476177624460566700 ) ) ;
#4966 = CARTESIAN_POINT ( 'NONE',  ( 12.57486331137366700, -16.96856112146568700, 5.086392904085617100 ) ) ;
#4967 = CARTESIAN_POINT ( 'NONE',  ( 12.99464067619011600, -16.95729067127429000, 5.069363911257389600 ) ) ;
#4968 = CARTESIAN_POINT ( 'NONE',  ( 13.06699945712092200, -16.59256658274663800, 5.273041291558087100 ) ) ;
#4969 = CARTESIAN_POINT ( 'NONE',  ( 12.54924862490010700, -16.87374901192714900, 4.852618939714644400 ) ) ;
#4970 = CARTESIAN_POINT ( 'NONE',  ( 12.96974303874444900, -16.86205481825614100, 4.818395081468833200 ) ) ;
#4971 = CARTESIAN_POINT ( 'NONE',  ( 13.04038230440941200, -16.46428611128989100, 4.943618824540019200 ) ) ;
#4972 = CARTESIAN_POINT ( 'NONE',  ( 12.53830381452479300, -16.84961022970298200, 4.770481950355809400 ) ) ;
#4973 = CARTESIAN_POINT ( 'NONE',  ( 12.95916912808487400, -16.83874698892095300, 4.729863097555121200 ) ) ;
#4974 = CARTESIAN_POINT ( 'NONE',  ( -10.14966008271659200, -13.42174248873955400, 7.727944147649870900 ) ) ;
#4975 = CARTESIAN_POINT ( 'NONE',  ( -10.59116838600008700, -13.35648128998667700, 7.735677947498773600 ) ) ;
#4976 = CARTESIAN_POINT ( 'NONE',  ( -10.12444559870404400, -13.68675466336281200, 8.173696704627515100 ) ) ;
#4977 = CARTESIAN_POINT ( 'NONE',  ( -10.18369998879271400, -13.73424162959391000, 7.740897613094198900 ) ) ;
#4978 = CARTESIAN_POINT ( 'NONE',  ( -10.61708112786011800, -13.68878905923796200, 7.733849956891503100 ) ) ;
#4979 = CARTESIAN_POINT ( 'NONE',  ( -10.13377155781856800, -13.78681131908485500, 8.195184634072942800 ) ) ;
#4980 = CARTESIAN_POINT ( 'NONE',  ( -10.19605895289937100, -13.89161982668665200, 7.776492801270451100 ) ) ;
#4981 = CARTESIAN_POINT ( 'NONE',  ( -10.62686086476267600, -13.85676142429076100, 7.766098276424498800 ) ) ;
#4982 = CARTESIAN_POINT ( 'NONE',  ( -10.14610335799214800, -13.97289679300650900, 8.275088638690240500 ) ) ;
#4983 = CARTESIAN_POINT ( 'NONE',  ( -10.21212082070312600, -14.18245726653376000, 7.903450453552648200 ) ) ;
#4984 = CARTESIAN_POINT ( 'NONE',  ( -10.63979271017327300, -14.16755591315607400, 7.893468832631812800 ) ) ;
#4985 = CARTESIAN_POINT ( 'NONE',  ( -10.14915611758373100, -14.05904634468437600, 8.333530799571455800 ) ) ;
#4986 = CARTESIAN_POINT ( 'NONE',  ( -10.21598836242245200, -14.31689239249382900, 7.994942007083246000 ) ) ;
#4987 = CARTESIAN_POINT ( 'NONE',  ( -10.64299400893102800, -14.31058072964522100, 7.988630283163277400 ) ) ;
#4988 = CARTESIAN_POINT ( 'NONE',  ( -10.14915612201595800, -14.13116579550575800, 8.405650210838066600 ) ) ;
#4989 = CARTESIAN_POINT ( 'NONE',  ( -10.21598836804943000, -14.42938322641288600, 8.107432779930944000 ) ) ;
#4990 = CARTESIAN_POINT ( 'NONE',  ( -10.64299401356664300, -14.42938322641288500, 8.107432779930942200 ) ) ;
#4991 = CARTESIAN_POINT ( 'NONE',  ( 13.02900915031081700, -16.43224296048621700, 4.827625475201047700 ) ) ;
#4992 = CARTESIAN_POINT ( 'NONE',  ( 12.51168599148000200, -16.81844906062271900, 4.604952229407778000 ) ) ;
#4993 = CARTESIAN_POINT ( 'NONE',  ( 12.93389183612331700, -16.81158101163216800, 4.551336179354351000 ) ) ;
#4994 = CARTESIAN_POINT ( 'NONE',  ( 13.00134960112824000, -16.39249965837376900, 4.593388816153624700 ) ) ;
#4995 = CARTESIAN_POINT ( 'NONE',  ( 12.49610483014455100, -16.81122015079968100, 4.521780289527025200 ) ) ;
#4996 = CARTESIAN_POINT ( 'NONE',  ( 12.91923729249720900, -16.80751688725790100, 4.461419074040600600 ) ) ;
#4997 = CARTESIAN_POINT ( 'NONE',  ( 12.98515864506569000, -16.38450019197690100, 4.475464704122083900 ) ) ;
#4998 = CARTESIAN_POINT ( 'NONE',  ( 12.45953441792981300, -16.81306531455091500, 4.354738799902394300 ) ) ;
#4999 =( BOUNDED_SURFACE ( )  B_SPLINE_SURFACE ( 3, 2, ( 
 ( #4990, #4989, #4988 ),
 ( #4987, #4986, #4985 ),
 ( #4984, #4983, #4982 ),
 ( #4981, #4980, #4979 ),
 ( #4978, #4977, #4976 ),
 ( #4975, #4974, #4954 ),
 ( #4953, #4952, #4951 ),
 ( #4950, #4949, #4948 ),
 ( #4947, #4946, #4945 ),
 ( #4944, #4943, #4942 ) ),
 .UNSPECIFIED., .F., .F., .T. ) 
 B_SPLINE_SURFACE_WITH_KNOTS ( ( 4, 2, 2, 2, 4 ),
 ( 3, 3 ),
 ( -2.439454888092385000E-018, 0.0003047495892756870500, 0.0006094991785513765900, 0.0009142487678270661300, 0.001218998357102755600 ),
 ( 0.0000000000000000000, 1.000000000000000000 ),
 .UNSPECIFIED. ) 
 GEOMETRIC_REPRESENTATION_ITEM ( )  RATIONAL_B_SPLINE_SURFACE ( (
 ( 1.000000000000000000, 0.7604320250193827800, 1.000000000000000000),
 ( 1.000000000000000000, 0.7604218751335345400, 1.000000000000000000),
 ( 1.000000000000000000, 0.7597361579102971400, 1.000000000000000000),
 ( 1.000000000000000000, 0.7565109696647119900, 1.000000000000000000),
 ( 1.000000000000000000, 0.7539494157043341600, 1.000000000000000000),
 ( 1.000000000000000000, 0.7460653318664988200, 1.000000000000000000),
 ( 1.000000000000000000, 0.7406380189803617500, 1.000000000000000000),
 ( 1.000000000000000000, 0.7264638948877567600, 1.000000000000000000),
 ( 1.000000000000000000, 0.7175444440261217200, 1.000000000000000000),
 ( 1.000000000000000000, 0.7071067811865452400, 1.000000000000000000) ) ) 
 REPRESENTATION_ITEM ( '' )  SURFACE ( )  );
#5000 = CARTESIAN_POINT ( 'NONE',  ( 12.21279957202780300, -17.07087476998371000, 3.666444005789311500 ) ) ;
#5001 = CARTESIAN_POINT ( 'NONE',  ( 12.86618524300746800, -16.83355196475341500, 4.190250432893785500 ) ) ;
#5002 = CARTESIAN_POINT ( 'NONE',  ( 12.92514420325093200, -16.40726166178128400, 4.118187048653425100 ) ) ;
#5003 = CARTESIAN_POINT ( 'NONE',  ( 12.39149794318942300, -16.85655611055513600, 4.108693384793567400 ) ) ;
ENDSEC;
END-ISO-10303-21;
