999
"DXF R12 Output" (www.mydxf.blogspot.com)
 0 
SECTION
 2 
HEADER
 9 
$ACADVER
 1 
AC1009
 9 
$EXTMIN
 10 
 0 
 20 
 0 
 9 
$EXTMAX
 10 
 8.5 
 20 
 11 
 0 
ENDSEC
 0 
SECTION
 2 
ENTITIES
0
POLYLINE
8
Layer 1
62
7
70
0
10
0.000000
20
0.000000
66
1
0
VERTEX
8
Layer 1
10
10.927608
20
297.000000
70
0
0
VERTEX
8
Layer 1
10
94.072392
20
297.000000
70
0
0
VERTEX
8
Layer 1
10
96.214218
20
296.788089
70
0
0
VERTEX
8
Layer 1
10
98.254207
20
296.168185
70
0
0
VERTEX
8
Layer 1
10
100.135034
20
295.164034
70
0
0
VERTEX
8
Layer 1
10
101.799378
20
293.799378
70
0
0
VERTEX
8
Layer 1
10
103.164034
20
292.135034
70
0
0
VERTEX
8
Layer 1
10
104.168185
20
290.254207
70
0
0
VERTEX
8
Layer 1
10
104.788089
20
288.214218
70
0
0
VERTEX
8
Layer 1
10
105.000000
20
286.072392
70
0
0
VERTEX
8
Layer 1
10
105.000000
20
233.677608
70
0
0
VERTEX
8
Layer 1
10
104.788089
20
231.535782
70
0
0
VERTEX
8
Layer 1
10
104.168185
20
229.495793
70
0
0
VERTEX
8
Layer 1
10
103.164034
20
227.614966
70
0
0
VERTEX
8
Layer 1
10
101.799378
20
225.950622
70
0
0
VERTEX
8
Layer 1
10
100.135034
20
224.585966
70
0
0
VERTEX
8
Layer 1
10
98.254207
20
223.581815
70
0
0
VERTEX
8
Layer 1
10
96.214218
20
222.961911
70
0
0
VERTEX
8
Layer 1
10
94.072392
20
222.750000
70
0
0
VERTEX
8
Layer 1
10
10.927608
20
222.750000
70
0
0
VERTEX
8
Layer 1
10
8.785782
20
222.961911
70
0
0
VERTEX
8
Layer 1
10
6.745793
20
223.581815
70
0
0
VERTEX
8
Layer 1
10
4.864966
20
224.585966
70
0
0
VERTEX
8
Layer 1
10
3.200622
20
225.950622
70
0
0
VERTEX
8
Layer 1
10
1.835966
20
227.614966
70
0
0
VERTEX
8
Layer 1
10
0.831815
20
229.495793
70
0
0
VERTEX
8
Layer 1
10
0.211911
20
231.535782
70
0
0
VERTEX
8
Layer 1
10
0.000000
20
233.677608
70
0
0
VERTEX
8
Layer 1
10
0.000000
20
286.072392
70
0
0
VERTEX
8
Layer 1
10
0.211911
20
288.214218
70
0
0
VERTEX
8
Layer 1
10
0.831815
20
290.254207
70
0
0
VERTEX
8
Layer 1
10
1.835966
20
292.135034
70
0
0
VERTEX
8
Layer 1
10
3.200622
20
293.799378
70
0
0
VERTEX
8
Layer 1
10
4.864966
20
295.164034
70
0
0
VERTEX
8
Layer 1
10
6.745793
20
296.168185
70
0
0
VERTEX
8
Layer 1
10
8.785782
20
296.788089
70
0
0
VERTEX
8
Layer 1
10
10.927608
20
297.000000
70
0
0
VERTEX
8
Layer 1
10
10.927608
20
297.000000
70
0
0
SEQEND
8
Layer 1
0
POLYLINE
8
Layer 1
62
7
70
0
10
0.000000
20
0.000000
66
1
0
VERTEX
8
Layer 1
10
59.353145
20
257.349089
70
0
0
VERTEX
8
Layer 1
10
59.353145
20
258.166651
70
0
0
VERTEX
8
Layer 1
10
55.141748
20
258.166651
70
0
0
VERTEX
8
Layer 1
10
55.141748
20
257.729351
70
0
0
VERTEX
8
Layer 1
10
58.934858
20
257.729351
70
0
0
VERTEX
8
Layer 1
10
58.934858
20
257.634285
70
0
0
VERTEX
8
Layer 1
10
55.293853
20
256.569553
70
0
0
VERTEX
8
Layer 1
10
55.293853
20
255.989654
70
0
0
VERTEX
8
Layer 1
10
58.934858
20
254.915415
70
0
0
VERTEX
8
Layer 1
10
58.934858
20
254.829856
70
0
0
VERTEX
8
Layer 1
10
55.141748
20
254.829856
70
0
0
VERTEX
8
Layer 1
10
55.141748
20
254.383048
70
0
0
VERTEX
8
Layer 1
10
59.353145
20
254.383048
70
0
0
VERTEX
8
Layer 1
10
59.353145
20
255.200611
70
0
0
VERTEX
8
Layer 1
10
55.740660
20
256.274850
70
0
0
VERTEX
8
Layer 1
10
59.353145
20
257.349089
70
0
0
SEQEND
8
Layer 1
0
POLYLINE
8
Layer 1
62
7
70
0
10
0.000000
20
0.000000
66
1
0
VERTEX
8
Layer 1
10
58.934858
20
252.320129
70
0
0
VERTEX
8
Layer 1
10
58.934858
20
252.139505
70
0
0
VERTEX
8
Layer 1
10
56.624768
20
251.540593
70
0
0
VERTEX
8
Layer 1
10
56.624768
20
252.928548
70
0
0
VERTEX
8
Layer 1
10
58.934858
20
252.320129
70
0
0
SEQEND
8
Layer 1
0
POLYLINE
8
Layer 1
62
7
70
0
10
0.000000
20
0.000000
66
1
0
VERTEX
8
Layer 1
10
55.141748
20
253.784136
70
0
0
VERTEX
8
Layer 1
10
55.141748
20
253.318316
70
0
0
VERTEX
8
Layer 1
10
56.215987
20
253.023613
70
0
0
VERTEX
8
Layer 1
10
56.215987
20
251.445528
70
0
0
VERTEX
8
Layer 1
10
55.141748
20
251.150825
70
0
0
VERTEX
8
Layer 1
10
55.141748
20
250.685004
70
0
0
VERTEX
8
Layer 1
10
59.353145
20
251.768750
70
0
0
VERTEX
8
Layer 1
10
59.353145
20
252.690884
70
0
0
VERTEX
8
Layer 1
10
55.141748
20
253.784136
70
0
0
SEQEND
8
Layer 1
0
POLYLINE
8
Layer 1
62
7
70
0
10
0.000000
20
0.000000
66
1
0
VERTEX
8
Layer 1
10
55.141748
20
247.966134
70
0
0
VERTEX
8
Layer 1
10
55.141748
20
247.443274
70
0
0
VERTEX
8
Layer 1
10
57.271213
20
248.641098
70
0
0
VERTEX
8
Layer 1
10
59.353145
20
247.509820
70
0
0
VERTEX
8
Layer 1
10
59.353145
20
248.032680
70
0
0
VERTEX
8
Layer 1
10
57.432824
20
249.049880
70
0
0
VERTEX
8
Layer 1
10
57.404305
20
249.620272
70
0
0
VERTEX
8
Layer 1
10
59.353145
20
249.620272
70
0
0
VERTEX
8
Layer 1
10
59.353145
20
250.076586
70
0
0
VERTEX
8
Layer 1
10
55.141748
20
250.076586
70
0
0
VERTEX
8
Layer 1
10
55.141748
20
249.620272
70
0
0
VERTEX
8
Layer 1
10
56.995523
20
249.620272
70
0
0
VERTEX
8
Layer 1
10
57.014537
20
249.040373
70
0
0
VERTEX
8
Layer 1
10
55.141748
20
247.966134
70
0
0
SEQEND
8
Layer 1
0
POLYLINE
8
Layer 1
62
7
70
0
10
0.000000
20
0.000000
66
1
0
VERTEX
8
Layer 1
10
55.141748
20
244.534273
70
0
0
VERTEX
8
Layer 1
10
55.560036
20
244.534273
70
0
0
VERTEX
8
Layer 1
10
55.560036
20
246.426074
70
0
0
VERTEX
8
Layer 1
10
57.081082
20
246.426074
70
0
0
VERTEX
8
Layer 1
10
57.081082
20
244.876508
70
0
0
VERTEX
8
Layer 1
10
57.489864
20
244.876508
70
0
0
VERTEX
8
Layer 1
10
57.489864
20
246.426074
70
0
0
VERTEX
8
Layer 1
10
58.934858
20
246.426074
70
0
0
VERTEX
8
Layer 1
10
58.934858
20
244.534273
70
0
0
VERTEX
8
Layer 1
10
59.353145
20
244.534273
70
0
0
VERTEX
8
Layer 1
10
59.353145
20
246.882388
70
0
0
VERTEX
8
Layer 1
10
55.141748
20
246.882388
70
0
0
VERTEX
8
Layer 1
10
55.141748
20
244.534273
70
0
0
SEQEND
8
Layer 1
0
POLYLINE
8
Layer 1
62
7
70
0
10
0.000000
20
0.000000
66
1
0
VERTEX
8
Layer 1
10
58.069762
20
241.625272
70
0
0
VERTEX
8
Layer 1
10
57.381727
20
241.816591
70
0
0
VERTEX
8
Layer 1
10
57.157135
20
242.414315
70
0
0
VERTEX
8
Layer 1
10
57.157135
20
243.336449
70
0
0
VERTEX
8
Layer 1
10
58.944364
20
243.336449
70
0
0
VERTEX
8
Layer 1
10
58.944364
20
242.414315
70
0
0
VERTEX
8
Layer 1
10
58.728090
20
241.816591
70
0
0
VERTEX
8
Layer 1
10
58.069762
20
241.625272
70
0
0
VERTEX
8
Layer 1
10
58.069762
20
241.625272
70
0
0
SEQEND
8
Layer 1
0
POLYLINE
8
Layer 1
62
7
70
0
10
0.000000
20
0.000000
66
1
0
VERTEX
8
Layer 1
10
55.141748
20
241.549219
70
0
0
VERTEX
8
Layer 1
10
55.141748
20
241.045373
70
0
0
VERTEX
8
Layer 1
10
56.843419
20
241.853429
70
0
0
VERTEX
8
Layer 1
10
57.221304
20
241.351959
70
0
0
VERTEX
8
Layer 1
10
58.069762
20
241.149945
70
0
0
VERTEX
8
Layer 1
10
58.641789
20
241.231196
70
0
0
VERTEX
8
Layer 1
10
59.038241
20
241.471979
70
0
0
VERTEX
8
Layer 1
10
59.268923
20
241.867837
70
0
0
VERTEX
8
Layer 1
10
59.343639
20
242.414315
70
0
0
VERTEX
8
Layer 1
10
59.343639
20
243.802269
70
0
0
VERTEX
8
Layer 1
10
55.132242
20
243.802269
70
0
0
VERTEX
8
Layer 1
10
55.132242
20
243.336449
70
0
0
VERTEX
8
Layer 1
10
56.748353
20
243.336449
70
0
0
VERTEX
8
Layer 1
10
56.748353
20
242.300236
70
0
0
VERTEX
8
Layer 1
10
55.141748
20
241.549219
70
0
0
SEQEND
8
Layer 1
0
POLYLINE
8
Layer 1
62
7
70
0
10
0.000000
20
0.000000
66
1
0
VERTEX
8
Layer 1
10
59.362652
20
240.018667
70
0
0
VERTEX
8
Layer 1
10
59.362652
20
240.446461
70
0
0
VERTEX
8
Layer 1
10
57.974697
20
240.427448
70
0
0
VERTEX
8
Layer 1
10
57.974697
20
240.028173
70
0
0
VERTEX
8
Layer 1
10
59.362652
20
240.018667
70
0
0
SEQEND
8
Layer 1
0
POLYLINE
8
Layer 1
62
7
70
0
10
0.000000
20
0.000000
66
1
0
VERTEX
8
Layer 1
10
59.286600
20
236.957561
70
0
0
VERTEX
8
Layer 1
10
59.410185
20
238.079332
70
0
0
VERTEX
8
Layer 1
10
59.341114
20
238.634277
70
0
0
VERTEX
8
Layer 1
10
59.128553
20
239.039493
70
0
0
VERTEX
8
Layer 1
10
58.764483
20
239.287851
70
0
0
VERTEX
8
Layer 1
10
58.240880
20
239.372222
70
0
0
VERTEX
8
Layer 1
10
57.788577
20
239.294684
70
0
0
VERTEX
8
Layer 1
10
57.474415
20
239.065636
70
0
0
VERTEX
8
Layer 1
10
57.100095
20
238.174398
70
0
0
VERTEX
8
Layer 1
10
56.856490
20
237.532706
70
0
0
VERTEX
8
Layer 1
10
56.320559
20
237.318809
70
0
0
VERTEX
8
Layer 1
10
55.695504
20
237.510128
70
0
0
VERTEX
8
Layer 1
10
55.483984
20
238.107852
70
0
0
VERTEX
8
Layer 1
10
55.569542
20
239.286663
70
0
0
VERTEX
8
Layer 1
10
55.189281
20
239.315183
70
0
0
VERTEX
8
Layer 1
10
55.075202
20
238.107852
70
0
0
VERTEX
8
Layer 1
10
55.158236
20
237.545332
70
0
0
VERTEX
8
Layer 1
10
55.404366
20
237.151256
70
0
0
VERTEX
8
Layer 1
10
55.809137
20
236.919386
70
0
0
VERTEX
8
Layer 1
10
56.368092
20
236.843482
70
0
0
VERTEX
8
Layer 1
10
56.837923
20
236.914633
70
0
0
VERTEX
8
Layer 1
10
57.153570
20
237.127490
70
0
0
VERTEX
8
Layer 1
10
57.518383
20
237.974760
70
0
0
VERTEX
8
Layer 1
10
57.775060
20
238.669926
70
0
0
VERTEX
8
Layer 1
10
58.288413
20
238.887388
70
0
0
VERTEX
8
Layer 1
10
58.829097
20
238.679433
70
0
0
VERTEX
8
Layer 1
10
58.991897
20
238.050813
70
0
0
VERTEX
8
Layer 1
10
58.906338
20
236.976574
70
0
0
VERTEX
8
Layer 1
10
59.286600
20
236.957561
70
0
0
SEQEND
8
Layer 1
0
POLYLINE
8
Layer 1
62
7
70
0
10
0.000000
20
0.000000
66
1
0
VERTEX
8
Layer 1
10
52.651035
20
256.949814
70
0
0
VERTEX
8
Layer 1
10
52.651035
20
256.769190
70
0
0
VERTEX
8
Layer 1
10
50.340945
20
256.170278
70
0
0
VERTEX
8
Layer 1
10
50.340945
20
257.558233
70
0
0
VERTEX
8
Layer 1
10
52.651035
20
256.949814
70
0
0
SEQEND
8
Layer 1
0
POLYLINE
8
Layer 1
62
7
70
0
10
0.000000
20
0.000000
66
1
0
VERTEX
8
Layer 1
10
48.857925
20
258.413821
70
0
0
VERTEX
8
Layer 1
10
48.857925
20
257.948001
70
0
0
VERTEX
8
Layer 1
10
49.932164
20
257.653298
70
0
0
VERTEX
8
Layer 1
10
49.932164
20
256.075213
70
0
0
VERTEX
8
Layer 1
10
48.857925
20
255.780510
70
0
0
VERTEX
8
Layer 1
10
48.857925
20
255.314689
70
0
0
VERTEX
8
Layer 1
10
53.069322
20
256.398435
70
0
0
VERTEX
8
Layer 1
10
53.069322
20
257.320569
70
0
0
VERTEX
8
Layer 1
10
48.857925
20
258.413821
70
0
0
SEQEND
8
Layer 1
0
POLYLINE
8
Layer 1
62
7
70
0
10
0.000000
20
0.000000
66
1
0
VERTEX
8
Layer 1
10
53.002777
20
252.548286
70
0
0
VERTEX
8
Layer 1
10
53.126362
20
253.670058
70
0
0
VERTEX
8
Layer 1
10
53.057291
20
254.225002
70
0
0
VERTEX
8
Layer 1
10
52.844730
20
254.630218
70
0
0
VERTEX
8
Layer 1
10
52.480660
20
254.878577
70
0
0
VERTEX
8
Layer 1
10
51.957057
20
254.962947
70
0
0
VERTEX
8
Layer 1
10
51.504754
20
254.885410
70
0
0
VERTEX
8
Layer 1
10
51.190592
20
254.656361
70
0
0
VERTEX
8
Layer 1
10
50.816272
20
253.765123
70
0
0
VERTEX
8
Layer 1
10
50.572667
20
253.123432
70
0
0
VERTEX
8
Layer 1
10
50.036736
20
252.909535
70
0
0
VERTEX
8
Layer 1
10
49.411681
20
253.100854
70
0
0
VERTEX
8
Layer 1
10
49.200161
20
253.698578
70
0
0
VERTEX
8
Layer 1
10
49.285720
20
254.877389
70
0
0
VERTEX
8
Layer 1
10
48.905458
20
254.905908
70
0
0
VERTEX
8
Layer 1
10
48.791379
20
253.698578
70
0
0
VERTEX
8
Layer 1
10
48.874413
20
253.136058
70
0
0
VERTEX
8
Layer 1
10
49.120543
20
252.741982
70
0
0
VERTEX
8
Layer 1
10
49.525314
20
252.510112
70
0
0
VERTEX
8
Layer 1
10
50.084269
20
252.434208
70
0
0
VERTEX
8
Layer 1
10
50.554100
20
252.505358
70
0
0
VERTEX
8
Layer 1
10
50.869747
20
252.718216
70
0
0
VERTEX
8
Layer 1
10
51.234560
20
253.565486
70
0
0
VERTEX
8
Layer 1
10
51.491237
20
254.260652
70
0
0
VERTEX
8
Layer 1
10
52.004590
20
254.478114
70
0
0
VERTEX
8
Layer 1
10
52.545274
20
254.270158
70
0
0
VERTEX
8
Layer 1
10
52.708074
20
253.641538
70
0
0
VERTEX
8
Layer 1
10
52.622515
20
252.567299
70
0
0
VERTEX
8
Layer 1
10
53.002777
20
252.548286
70
0
0
SEQEND
8
Layer 1
0
POLYLINE
8
Layer 1
62
7
70
0
10
0.000000
20
0.000000
66
1
0
VERTEX
8
Layer 1
10
53.069322
20
252.206051
70
0
0
VERTEX
8
Layer 1
10
50.626142
20
250.979707
70
0
0
VERTEX
8
Layer 1
10
48.857925
20
250.979707
70
0
0
VERTEX
8
Layer 1
10
48.857925
20
250.532900
70
0
0
VERTEX
8
Layer 1
10
50.626142
20
250.532900
70
0
0
VERTEX
8
Layer 1
10
53.069322
20
249.316063
70
0
0
VERTEX
8
Layer 1
10
53.069322
20
249.810403
70
0
0
VERTEX
8
Layer 1
10
51.129988
20
250.761057
70
0
0
VERTEX
8
Layer 1
10
53.069322
20
251.702204
70
0
0
VERTEX
8
Layer 1
10
53.069322
20
252.206051
70
0
0
SEQEND
8
Layer 1
0
POLYLINE
8
Layer 1
62
7
70
0
10
0.000000
20
0.000000
66
1
0
VERTEX
8
Layer 1
10
49.266706
20
246.654231
70
0
0
VERTEX
8
Layer 1
10
49.266706
20
248.308369
70
0
0
VERTEX
8
Layer 1
10
53.069322
20
248.308369
70
0
0
VERTEX
8
Layer 1
10
53.069322
20
248.774190
70
0
0
VERTEX
8
Layer 1
10
48.857925
20
248.774190
70
0
0
VERTEX
8
Layer 1
10
48.857925
20
246.654231
70
0
0
VERTEX
8
Layer 1
10
49.266706
20
246.654231
70
0
0
SEQEND
8
Layer 1
0
POLYLINE
8
Layer 1
62
7
70
0
10
0.000000
20
0.000000
66
1
0
VERTEX
8
Layer 1
10
53.069322
20
245.751110
70
0
0
VERTEX
8
Layer 1
10
53.069322
20
246.216931
70
0
0
VERTEX
8
Layer 1
10
50.141308
20
246.216931
70
0
0
VERTEX
8
Layer 1
10
49.542842
20
246.134045
70
0
0
VERTEX
8
Layer 1
10
49.125297
20
245.881825
70
0
0
VERTEX
8
Layer 1
10
48.880652
20
245.454922
70
0
0
VERTEX
8
Layer 1
10
48.800886
20
244.847989
70
0
0
VERTEX
8
Layer 1
10
48.880652
20
244.235560
70
0
0
VERTEX
8
Layer 1
10
49.125297
20
243.805834
70
0
0
VERTEX
8
Layer 1
10
49.542842
20
243.552574
70
0
0
VERTEX
8
Layer 1
10
50.141308
20
243.469541
70
0
0
VERTEX
8
Layer 1
10
53.069322
20
243.469541
70
0
0
VERTEX
8
Layer 1
10
53.069322
20
243.935361
70
0
0
VERTEX
8
Layer 1
10
50.112789
20
243.935361
70
0
0
VERTEX
8
Layer 1
10
49.418811
20
244.151635
70
0
0
VERTEX
8
Layer 1
10
49.209667
20
244.838482
70
0
0
VERTEX
8
Layer 1
10
49.418811
20
245.521765
70
0
0
VERTEX
8
Layer 1
10
50.112789
20
245.741604
70
0
0
VERTEX
8
Layer 1
10
53.069322
20
245.741604
70
0
0
VERTEX
8
Layer 1
10
53.069322
20
245.751110
70
0
0
SEQEND
8
Layer 1
0
POLYLINE
8
Layer 1
62
7
70
0
10
0.000000
20
0.000000
66
1
0
VERTEX
8
Layer 1
10
53.069322
20
241.729844
70
0
0
VERTEX
8
Layer 1
10
53.069322
20
242.556913
70
0
0
VERTEX
8
Layer 1
10
48.857925
20
242.556913
70
0
0
VERTEX
8
Layer 1
10
48.857925
20
242.119612
70
0
0
VERTEX
8
Layer 1
10
52.651035
20
242.119612
70
0
0
VERTEX
8
Layer 1
10
52.651035
20
242.024546
70
0
0
VERTEX
8
Layer 1
10
49.010030
20
240.950307
70
0
0
VERTEX
8
Layer 1
10
49.010030
20
240.379915
70
0
0
VERTEX
8
Layer 1
10
52.651035
20
239.296169
70
0
0
VERTEX
8
Layer 1
10
52.651035
20
239.210611
70
0
0
VERTEX
8
Layer 1
10
48.857925
20
239.210611
70
0
0
VERTEX
8
Layer 1
10
48.857925
20
238.773310
70
0
0
VERTEX
8
Layer 1
10
53.069322
20
238.773310
70
0
0
VERTEX
8
Layer 1
10
53.069322
20
239.581366
70
0
0
VERTEX
8
Layer 1
10
49.456837
20
240.665111
70
0
0
VERTEX
8
Layer 1
10
53.069322
20
241.729844
70
0
0
SEQEND
8
Layer 1
0
POLYLINE
8
Layer 1
62
7
70
0
10
0.000000
20
0.000000
66
1
0
VERTEX
8
Layer 1
10
59.695381
20
235.826282
70
0
0
VERTEX
8
Layer 1
10
59.695381
20
235.645658
70
0
0
VERTEX
8
Layer 1
10
60.465411
20
235.645658
70
0
0
VERTEX
8
Layer 1
10
59.752420
20
235.427008
70
0
0
VERTEX
8
Layer 1
10
59.752420
20
235.284410
70
0
0
VERTEX
8
Layer 1
10
60.465411
20
235.056253
70
0
0
VERTEX
8
Layer 1
10
59.695381
20
235.056253
70
0
0
VERTEX
8
Layer 1
10
59.695381
20
234.875628
70
0
0
VERTEX
8
Layer 1
10
60.722087
20
234.875628
70
0
0
VERTEX
8
Layer 1
10
60.722087
20
235.122798
70
0
0
VERTEX
8
Layer 1
10
60.009097
20
235.360462
70
0
0
VERTEX
8
Layer 1
10
60.722087
20
235.588619
70
0
0
VERTEX
8
Layer 1
10
60.722087
20
235.835789
70
0
0
VERTEX
8
Layer 1
10
59.695381
20
235.826282
70
0
0
SEQEND
8
Layer 1
0
POLYLINE
8
Layer 1
62
7
70
0
10
0.000000
20
0.000000
66
1
0
VERTEX
8
Layer 1
10
60.550969
20
236.624832
70
0
0
VERTEX
8
Layer 1
10
60.550969
20
236.358649
70
0
0
VERTEX
8
Layer 1
10
59.704887
20
236.358649
70
0
0
VERTEX
8
Layer 1
10
59.704887
20
236.168518
70
0
0
VERTEX
8
Layer 1
10
60.550969
20
236.168518
70
0
0
VERTEX
8
Layer 1
10
60.550969
20
235.940361
70
0
0
VERTEX
8
Layer 1
10
60.722087
20
235.940361
70
0
0
VERTEX
8
Layer 1
10
60.722087
20
236.624832
70
0
0
VERTEX
8
Layer 1
10
60.550969
20
236.624832
70
0
0
SEQEND
8
Layer 1
0
POLYLINE
8
Layer 1
62
7
70
0
10
0.000000
20
0.000000
66
1
0
VERTEX
8
Layer 1
10
46.557343
20
260.961574
70
0
0
VERTEX
8
Layer 1
10
49.618448
20
262.900908
70
0
0
VERTEX
8
Layer 1
10
50.331439
20
262.786830
70
0
0
VERTEX
8
Layer 1
10
50.245880
20
263.300183
70
0
0
VERTEX
8
Layer 1
10
50.645155
20
263.556860
70
0
0
VERTEX
8
Layer 1
10
50.645155
20
263.528340
70
0
0
VERTEX
8
Layer 1
10
50.721207
20
263.404755
70
0
0
VERTEX
8
Layer 1
10
50.920844
20
262.748804
70
0
0
VERTEX
8
Layer 1
10
51.510250
20
262.729791
70
0
0
VERTEX
8
Layer 1
10
52.042616
20
262.748804
70
0
0
VERTEX
8
Layer 1
10
51.861992
20
263.252650
70
0
0
VERTEX
8
Layer 1
10
51.857239
20
263.400002
70
0
0
VERTEX
8
Layer 1
10
52.023603
20
263.547353
70
0
0
VERTEX
8
Layer 1
10
52.245818
20
263.509327
70
0
0
VERTEX
8
Layer 1
10
52.318306
20
263.414261
70
0
0
VERTEX
8
Layer 1
10
52.622515
20
262.805843
70
0
0
VERTEX
8
Layer 1
10
53.734780
20
262.995974
70
0
0
VERTEX
8
Layer 1
10
53.468597
20
263.461794
70
0
0
VERTEX
8
Layer 1
10
53.438889
20
263.604392
70
0
0
VERTEX
8
Layer 1
10
53.573169
20
263.775510
70
0
0
VERTEX
8
Layer 1
10
53.797761
20
263.771945
70
0
0
VERTEX
8
Layer 1
10
53.886885
20
263.689951
70
0
0
VERTEX
8
Layer 1
10
54.295666
20
263.138572
70
0
0
VERTEX
8
Layer 1
10
55.350892
20
263.518833
70
0
0
VERTEX
8
Layer 1
10
55.008657
20
263.937121
70
0
0
VERTEX
8
Layer 1
10
54.953994
20
264.071401
70
0
0
VERTEX
8
Layer 1
10
55.056189
20
264.269850
70
0
0
VERTEX
8
Layer 1
10
55.278405
20
264.305500
70
0
0
VERTEX
8
Layer 1
10
55.379412
20
264.241330
70
0
0
VERTEX
8
Layer 1
10
55.873752
20
263.766003
70
0
0
VERTEX
8
Layer 1
10
56.852925
20
264.326889
70
0
0
VERTEX
8
Layer 1
10
56.444144
20
264.678631
70
0
0
VERTEX
8
Layer 1
10
56.368092
20
264.802216
70
0
0
VERTEX
8
Layer 1
10
56.434638
20
265.011360
70
0
0
VERTEX
8
Layer 1
10
56.646158
20
265.086224
70
0
0
VERTEX
8
Layer 1
10
56.757860
20
265.039880
70
0
0
VERTEX
8
Layer 1
10
57.328252
20
264.659618
70
0
0
VERTEX
8
Layer 1
10
58.193348
20
265.372609
70
0
0
VERTEX
8
Layer 1
10
57.727527
20
265.648298
70
0
0
VERTEX
8
Layer 1
10
57.630085
20
265.756435
70
0
0
VERTEX
8
Layer 1
10
57.660981
20
265.971521
70
0
0
VERTEX
8
Layer 1
10
57.857054
20
266.082034
70
0
0
VERTEX
8
Layer 1
10
57.974697
20
266.057080
70
0
0
VERTEX
8
Layer 1
10
58.602129
20
265.781390
70
0
0
VERTEX
8
Layer 1
10
59.334132
20
266.636979
70
0
0
VERTEX
8
Layer 1
10
58.830286
20
266.827109
70
0
0
VERTEX
8
Layer 1
10
58.715019
20
266.919798
70
0
0
VERTEX
8
Layer 1
10
58.706701
20
267.140825
70
0
0
VERTEX
8
Layer 1
10
58.882572
20
267.282235
70
0
0
VERTEX
8
Layer 1
10
59.001403
20
267.273917
70
0
0
VERTEX
8
Layer 1
10
59.666861
20
267.112306
70
0
0
VERTEX
8
Layer 1
10
60.237254
20
268.081973
70
0
0
VERTEX
8
Layer 1
10
59.704887
20
268.177038
70
0
0
VERTEX
8
Layer 1
10
59.576549
20
268.248337
70
0
0
VERTEX
8
Layer 1
10
59.533770
20
268.462234
70
0
0
VERTEX
8
Layer 1
10
59.681121
20
268.630975
70
0
0
VERTEX
8
Layer 1
10
59.799953
20
268.642858
70
0
0
VERTEX
8
Layer 1
10
60.484424
20
268.595326
70
0
0
VERTEX
8
Layer 1
10
60.893205
20
269.707591
70
0
0
VERTEX
8
Layer 1
10
60.351332
20
269.707591
70
0
0
VERTEX
8
Layer 1
10
60.142188
20
269.707591
70
0
0
VERTEX
8
Layer 1
10
62.062509
20
270.943441
70
0
0
VERTEX
8
Layer 1
10
62.976920
20
271.791900
70
0
0
VERTEX
8
Layer 1
10
63.281723
20
272.725917
70
0
0
VERTEX
8
Layer 1
10
62.976920
20
273.659935
70
0
0
VERTEX
8
Layer 1
10
62.062509
20
274.508394
70
0
0
VERTEX
8
Layer 1
10
60.902711
20
275.249904
70
0
0
VERTEX
8
Layer 1
10
60.912218
20
275.316450
70
0
0
VERTEX
8
Layer 1
10
60.531956
20
276.371675
70
0
0
VERTEX
8
Layer 1
10
60.113669
20
276.019933
70
0
0
VERTEX
8
Layer 1
10
59.979389
20
275.965271
70
0
0
VERTEX
8
Layer 1
10
59.780940
20
276.067466
70
0
0
VERTEX
8
Layer 1
10
59.745290
20
276.289682
70
0
0
VERTEX
8
Layer 1
10
59.809459
20
276.390689
70
0
0
VERTEX
8
Layer 1
10
60.284786
20
276.885029
70
0
0
VERTEX
8
Layer 1
10
59.723900
20
277.864202
70
0
0
VERTEX
8
Layer 1
10
59.372158
20
277.455421
70
0
0
VERTEX
8
Layer 1
10
59.248573
20
277.379369
70
0
0
VERTEX
8
Layer 1
10
59.039430
20
277.445915
70
0
0
VERTEX
8
Layer 1
10
58.964566
20
277.657435
70
0
0
VERTEX
8
Layer 1
10
59.010910
20
277.769137
70
0
0
VERTEX
8
Layer 1
10
59.391172
20
278.339529
70
0
0
VERTEX
8
Layer 1
10
58.678181
20
279.204624
70
0
0
VERTEX
8
Layer 1
10
58.402491
20
278.738804
70
0
0
VERTEX
8
Layer 1
10
58.294354
20
278.641362
70
0
0
VERTEX
8
Layer 1
10
58.079269
20
278.672258
70
0
0
VERTEX
8
Layer 1
10
57.968755
20
278.868331
70
0
0
VERTEX
8
Layer 1
10
57.993710
20
278.985974
70
0
0
VERTEX
8
Layer 1
10
58.269400
20
279.613406
70
0
0
VERTEX
8
Layer 1
10
57.413811
20
280.345409
70
0
0
VERTEX
8
Layer 1
10
57.223680
20
279.841563
70
0
0
VERTEX
8
Layer 1
10
57.130992
20
279.726296
70
0
0
VERTEX
8
Layer 1
10
56.909965
20
279.717978
70
0
0
VERTEX
8
Layer 1
10
56.768555
20
279.893849
70
0
0
VERTEX
8
Layer 1
10
56.776873
20
280.012680
70
0
0
VERTEX
8
Layer 1
10
56.938484
20
280.678138
70
0
0
VERTEX
8
Layer 1
10
55.968817
20
281.248531
70
0
0
VERTEX
8
Layer 1
10
55.873752
20
280.716164
70
0
0
VERTEX
8
Layer 1
10
55.802453
20
280.587826
70
0
0
VERTEX
8
Layer 1
10
55.588556
20
280.545047
70
0
0
VERTEX
8
Layer 1
10
55.419814
20
280.692398
70
0
0
VERTEX
8
Layer 1
10
55.407931
20
280.811230
70
0
0
VERTEX
8
Layer 1
10
55.455464
20
281.495701
70
0
0
VERTEX
8
Layer 1
10
54.343199
20
281.904482
70
0
0
VERTEX
8
Layer 1
10
54.343199
20
281.362609
70
0
0
VERTEX
8
Layer 1
10
54.298043
20
281.224764
70
0
0
VERTEX
8
Layer 1
10
54.096029
20
281.143959
70
0
0
VERTEX
8
Layer 1
10
53.903521
20
281.258037
70
0
0
VERTEX
8
Layer 1
10
53.867872
20
281.372116
70
0
0
VERTEX
8
Layer 1
10
53.791819
20
282.056586
70
0
0
VERTEX
8
Layer 1
10
52.689061
20
282.256224
70
0
0
VERTEX
8
Layer 1
10
52.784126
20
281.723858
70
0
0
VERTEX
8
Layer 1
10
52.767490
20
281.589578
70
0
0
VERTEX
8
Layer 1
10
52.622515
20
281.476687
70
0
0
VERTEX
8
Layer 1
10
52.527450
20
280.630605
70
0
0
VERTEX
8
Layer 1
10
52.299293
20
280.773204
70
0
0
VERTEX
8
Layer 1
10
52.384852
20
281.533727
70
0
0
VERTEX
8
Layer 1
10
52.308799
20
281.657312
70
0
0
VERTEX
8
Layer 1
10
52.109162
20
282.313263
70
0
0
VERTEX
8
Layer 1
10
51.519756
20
282.332276
70
0
0
VERTEX
8
Layer 1
10
50.987390
20
282.313263
70
0
0
VERTEX
8
Layer 1
10
51.168014
20
281.809416
70
0
0
VERTEX
8
Layer 1
10
51.072949
20
281.552740
70
0
0
VERTEX
8
Layer 1
10
50.626142
20
281.837936
70
0
0
VERTEX
8
Layer 1
10
50.407491
20
282.275237
70
0
0
VERTEX
8
Layer 1
10
50.017723
20
282.218198
70
0
0
VERTEX
8
Layer 1
10
46.566849
20
284.404702
70
0
0
VERTEX
8
Layer 1
10
45.419083
20
284.859233
70
0
0
VERTEX
8
Layer 1
10
44.917000
20
284.854554
70
0
0
VERTEX
8
Layer 1
10
44.478975
20
284.704158
70
0
0
VERTEX
8
Layer 1
10
44.117151
20
284.414728
70
0
0
VERTEX
8
Layer 1
10
43.843671
20
283.992950
70
0
0
VERTEX
8
Layer 1
10
43.610315
20
282.779083
70
0
0
VERTEX
8
Layer 1
10
43.610315
20
277.911735
70
0
0
VERTEX
8
Layer 1
10
43.363145
20
277.968774
70
0
0
VERTEX
8
Layer 1
10
42.792753
20
276.999107
70
0
0
VERTEX
8
Layer 1
10
43.325119
20
276.904042
70
0
0
VERTEX
8
Layer 1
10
43.453457
20
276.836308
70
0
0
VERTEX
8
Layer 1
10
43.496237
20
276.618846
70
0
0
VERTEX
8
Layer 1
10
43.348885
20
276.450104
70
0
0
VERTEX
8
Layer 1
10
43.230054
20
276.438221
70
0
0
VERTEX
8
Layer 1
10
42.545583
20
276.485754
70
0
0
VERTEX
8
Layer 1
10
42.136801
20
275.373489
70
0
0
VERTEX
8
Layer 1
10
42.678674
20
275.373489
70
0
0
VERTEX
8
Layer 1
10
42.816519
20
275.328333
70
0
0
VERTEX
8
Layer 1
10
42.897325
20
275.126319
70
0
0
VERTEX
8
Layer 1
10
42.783246
20
274.933811
70
0
0
VERTEX
8
Layer 1
10
42.669168
20
274.898162
70
0
0
VERTEX
8
Layer 1
10
41.984697
20
274.822109
70
0
0
VERTEX
8
Layer 1
10
41.785059
20
273.719351
70
0
0
VERTEX
8
Layer 1
10
42.317426
20
273.814416
70
0
0
VERTEX
8
Layer 1
10
42.451706
20
273.797780
70
0
0
VERTEX
8
Layer 1
10
42.564596
20
273.652805
70
0
0
VERTEX
8
Layer 1
10
43.610315
20
273.538727
70
0
0
VERTEX
8
Layer 1
10
43.610315
20
273.301063
70
0
0
VERTEX
8
Layer 1
10
42.517063
20
273.424648
70
0
0
VERTEX
8
Layer 1
10
42.393478
20
273.348596
70
0
0
VERTEX
8
Layer 1
10
41.737527
20
273.158465
70
0
0
VERTEX
8
Layer 1
10
41.718514
20
272.569059
70
0
0
VERTEX
8
Layer 1
10
41.737527
20
272.036693
70
0
0
VERTEX
8
Layer 1
10
42.241373
20
272.217317
70
0
0
VERTEX
8
Layer 1
10
42.388725
20
272.222071
70
0
0
VERTEX
8
Layer 1
10
42.536076
20
272.055706
70
0
0
VERTEX
8
Layer 1
10
42.498050
20
271.833491
70
0
0
VERTEX
8
Layer 1
10
42.402985
20
271.761004
70
0
0
VERTEX
8
Layer 1
10
41.794566
20
271.456794
70
0
0
VERTEX
8
Layer 1
10
41.984697
20
270.344529
70
0
0
VERTEX
8
Layer 1
10
42.450517
20
270.610712
70
0
0
VERTEX
8
Layer 1
10
42.593115
20
270.640420
70
0
0
VERTEX
8
Layer 1
10
42.764233
20
270.506140
70
0
0
VERTEX
8
Layer 1
10
42.760668
20
270.281548
70
0
0
VERTEX
8
Layer 1
10
42.678674
20
270.192424
70
0
0
VERTEX
8
Layer 1
10
42.127295
20
269.783643
70
0
0
VERTEX
8
Layer 1
10
42.507557
20
268.728417
70
0
0
VERTEX
8
Layer 1
10
42.925844
20
269.070653
70
0
0
VERTEX
8
Layer 1
10
43.060124
20
269.125315
70
0
0
VERTEX
8
Layer 1
10
43.258573
20
269.023120
70
0
0
VERTEX
8
Layer 1
10
43.294223
20
268.800905
70
0
0
VERTEX
8
Layer 1
10
43.230054
20
268.699898
70
0
0
VERTEX
8
Layer 1
10
42.754727
20
268.205558
70
0
0
VERTEX
8
Layer 1
10
43.315612
20
267.226384
70
0
0
VERTEX
8
Layer 1
10
43.629328
20
267.597139
70
0
0
VERTEX
8
Layer 1
10
43.629328
20
262.625219
70
0
0
VERTEX
8
Layer 1
10
43.846196
20
261.389368
70
0
0
VERTEX
8
Layer 1
10
44.114607
20
260.960831
70
0
0
VERTEX
8
Layer 1
10
44.473034
20
260.666871
70
0
0
VERTEX
8
Layer 1
10
44.908998
20
260.513727
70
0
0
VERTEX
8
Layer 1
10
45.410022
20
260.507637
70
0
0
VERTEX
8
Layer 1
10
46.557343
20
260.961574
70
0
0
VERTEX
8
Layer 1
10
46.557343
20
260.961574
70
0
0
SEQEND
8
Layer 1
0
POLYLINE
8
Layer 1
62
7
70
0
10
0.000000
20
0.000000
66
1
0
VERTEX
8
Layer 1
10
44.713074
20
262.549166
70
0
0
VERTEX
8
Layer 1
10
44.713074
20
282.788590
70
0
0
VERTEX
8
Layer 1
10
44.813041
20
283.308776
70
0
0
VERTEX
8
Layer 1
10
45.085017
20
283.613282
70
0
0
VERTEX
8
Layer 1
10
45.487114
20
283.678937
70
0
0
VERTEX
8
Layer 1
10
45.977444
20
283.482567
70
0
0
VERTEX
8
Layer 1
10
61.568169
20
273.491194
70
0
0
VERTEX
8
Layer 1
10
61.958531
20
273.111526
70
0
0
VERTEX
8
Layer 1
10
62.088652
20
272.678385
70
0
0
VERTEX
8
Layer 1
10
61.958531
20
272.245243
70
0
0
VERTEX
8
Layer 1
10
61.568169
20
271.865576
70
0
0
VERTEX
8
Layer 1
10
45.986950
20
261.855189
70
0
0
VERTEX
8
Layer 1
10
45.491125
20
261.658819
70
0
0
VERTEX
8
Layer 1
10
45.086205
20
261.724474
70
0
0
VERTEX
8
Layer 1
10
44.813190
20
262.028980
70
0
0
VERTEX
8
Layer 1
10
44.713074
20
262.549166
70
0
0
VERTEX
8
Layer 1
10
44.713074
20
262.549166
70
0
0
SEQEND
8
Layer 1
0
POLYLINE
8
Layer 1
62
7
70
0
10
0.000000
20
0.000000
66
1
0
VERTEX
8
Layer 1
10
50.179334
20
273.196491
70
0
0
VERTEX
8
Layer 1
10
50.160321
20
273.215504
70
0
0
VERTEX
8
Layer 1
10
50.150815
20
273.225011
70
0
0
VERTEX
8
Layer 1
10
50.141308
20
273.234517
70
0
0
VERTEX
8
Layer 1
10
50.141308
20
273.244024
70
0
0
VERTEX
8
Layer 1
10
50.141308
20
273.244024
70
0
0
VERTEX
8
Layer 1
10
50.141308
20
273.244024
70
0
0
VERTEX
8
Layer 1
10
50.141308
20
273.244024
70
0
0
VERTEX
8
Layer 1
10
50.141308
20
273.244024
70
0
0
VERTEX
8
Layer 1
10
50.131802
20
273.253530
70
0
0
VERTEX
8
Layer 1
10
50.131802
20
273.263037
70
0
0
VERTEX
8
Layer 1
10
50.131802
20
273.263037
70
0
0
VERTEX
8
Layer 1
10
50.131802
20
273.263037
70
0
0
VERTEX
8
Layer 1
10
50.131802
20
273.263037
70
0
0
VERTEX
8
Layer 1
10
50.131802
20
273.263037
70
0
0
VERTEX
8
Layer 1
10
50.122295
20
273.272543
70
0
0
VERTEX
8
Layer 1
10
50.112788
20
273.282050
70
0
0
VERTEX
8
Layer 1
10
50.112788
20
273.282050
70
0
0
VERTEX
8
Layer 1
10
50.112788
20
273.282050
70
0
0
VERTEX
8
Layer 1
10
50.112788
20
273.282050
70
0
0
VERTEX
8
Layer 1
10
50.103282
20
273.301063
70
0
0
VERTEX
8
Layer 1
10
50.093775
20
273.320076
70
0
0
VERTEX
8
Layer 1
10
50.084269
20
273.329583
70
0
0
VERTEX
8
Layer 1
10
50.074762
20
273.339089
70
0
0
VERTEX
8
Layer 1
10
50.065256
20
273.358102
70
0
0
VERTEX
8
Layer 1
10
50.065256
20
273.358102
70
0
0
VERTEX
8
Layer 1
10
50.065256
20
273.358102
70
0
0
VERTEX
8
Layer 1
10
50.065256
20
273.358102
70
0
0
VERTEX
8
Layer 1
10
50.055749
20
273.367609
70
0
0
VERTEX
8
Layer 1
10
50.046243
20
273.386622
70
0
0
VERTEX
8
Layer 1
10
50.036736
20
273.405635
70
0
0
VERTEX
8
Layer 1
10
50.027230
20
273.415142
70
0
0
VERTEX
8
Layer 1
10
50.027230
20
273.424648
70
0
0
VERTEX
8
Layer 1
10
50.027230
20
273.434155
70
0
0
VERTEX
8
Layer 1
10
49.960684
20
273.643299
70
0
0
VERTEX
8
Layer 1
10
49.960684
20
273.662312
70
0
0
VERTEX
8
Layer 1
10
49.951177
20
273.681325
70
0
0
VERTEX
8
Layer 1
10
49.941671
20
273.690831
70
0
0
VERTEX
8
Layer 1
10
49.941671
20
273.700338
70
0
0
VERTEX
8
Layer 1
10
49.941671
20
273.709844
70
0
0
VERTEX
8
Layer 1
10
49.941671
20
273.719351
70
0
0
VERTEX
8
Layer 1
10
49.941671
20
273.728857
70
0
0
VERTEX
8
Layer 1
10
49.941671
20
273.728857
70
0
0
VERTEX
8
Layer 1
10
49.932164
20
273.728857
70
0
0
VERTEX
8
Layer 1
10
49.932164
20
273.728857
70
0
0
VERTEX
8
Layer 1
10
49.922658
20
273.728857
70
0
0
VERTEX
8
Layer 1
10
49.913151
20
273.738364
70
0
0
VERTEX
8
Layer 1
10
49.913151
20
273.738364
70
0
0
VERTEX
8
Layer 1
10
49.903645
20
273.738364
70
0
0
VERTEX
8
Layer 1
10
49.894138
20
273.738364
70
0
0
VERTEX
8
Layer 1
10
49.884632
20
273.738364
70
0
0
VERTEX
8
Layer 1
10
49.875125
20
273.738364
70
0
0
VERTEX
8
Layer 1
10
49.865618
20
273.738364
70
0
0
VERTEX
8
Layer 1
10
49.846605
20
273.738364
70
0
0
VERTEX
8
Layer 1
10
49.827592
20
273.728857
70
0
0
VERTEX
8
Layer 1
10
49.808579
20
273.719351
70
0
0
VERTEX
8
Layer 1
10
49.789566
20
273.709844
70
0
0
VERTEX
8
Layer 1
10
49.780060
20
273.700338
70
0
0
VERTEX
8
Layer 1
10
49.770553
20
273.690831
70
0
0
VERTEX
8
Layer 1
10
49.713514
20
273.633792
70
0
0
VERTEX
8
Layer 1
10
49.656475
20
273.576753
70
0
0
VERTEX
8
Layer 1
10
49.599435
20
273.519713
70
0
0
VERTEX
8
Layer 1
10
49.542396
20
273.462674
70
0
0
VERTEX
8
Layer 1
10
49.485357
20
273.405635
70
0
0
VERTEX
8
Layer 1
10
49.456837
20
273.377115
70
0
0
VERTEX
8
Layer 1
10
49.428318
20
273.348596
70
0
0
VERTEX
8
Layer 1
10
49.371278
20
273.282050
70
0
0
VERTEX
8
Layer 1
10
49.314239
20
273.215504
70
0
0
VERTEX
8
Layer 1
10
49.342759
20
273.129945
70
0
0
VERTEX
8
Layer 1
10
49.390291
20
273.101426
70
0
0
VERTEX
8
Layer 1
10
49.437824
20
273.072906
70
0
0
VERTEX
8
Layer 1
10
49.475850
20
273.044386
70
0
0
VERTEX
8
Layer 1
10
49.513876
20
273.015867
70
0
0
VERTEX
8
Layer 1
10
49.542396
20
272.996854
70
0
0
VERTEX
8
Layer 1
10
49.561409
20
272.977841
70
0
0
VERTEX
8
Layer 1
10
49.580422
20
272.958828
70
0
0
VERTEX
8
Layer 1
10
49.599435
20
272.939815
70
0
0
VERTEX
8
Layer 1
10
49.694501
20
272.835243
70
0
0
VERTEX
8
Layer 1
10
49.723020
20
272.797216
70
0
0
VERTEX
8
Layer 1
10
49.770553
20
272.740177
70
0
0
VERTEX
8
Layer 1
10
49.808579
20
272.740177
70
0
0
VERTEX
8
Layer 1
10
50.179334
20
273.196491
70
0
0
VERTEX
8
Layer 1
10
50.179334
20
273.196491
70
0
0
SEQEND
8
Layer 1
0
POLYLINE
8
Layer 1
62
7
70
0
10
0.000000
20
0.000000
66
1
0
VERTEX
8
Layer 1
10
51.681368
20
270.762817
70
0
0
VERTEX
8
Layer 1
10
51.757420
20
270.677258
70
0
0
VERTEX
8
Layer 1
10
51.833472
20
270.591699
70
0
0
VERTEX
8
Layer 1
10
51.909525
20
270.506140
70
0
0
VERTEX
8
Layer 1
10
51.938044
20
270.468114
70
0
0
VERTEX
8
Layer 1
10
52.270773
20
270.743804
70
0
0
VERTEX
8
Layer 1
10
52.261267
20
270.762817
70
0
0
VERTEX
8
Layer 1
10
52.242253
20
270.781830
70
0
0
VERTEX
8
Layer 1
10
52.166201
20
270.876895
70
0
0
VERTEX
8
Layer 1
10
52.090149
20
270.971961
70
0
0
VERTEX
8
Layer 1
10
52.014096
20
271.067026
70
0
0
VERTEX
8
Layer 1
10
51.976070
20
271.114559
70
0
0
VERTEX
8
Layer 1
10
51.938044
20
271.162092
70
0
0
VERTEX
8
Layer 1
10
51.900018
20
271.209624
70
0
0
VERTEX
8
Layer 1
10
51.861992
20
271.257157
70
0
0
VERTEX
8
Layer 1
10
51.823966
20
271.304690
70
0
0
VERTEX
8
Layer 1
10
51.804953
20
271.323703
70
0
0
VERTEX
8
Layer 1
10
51.795446
20
271.333209
70
0
0
VERTEX
8
Layer 1
10
51.785940
20
271.342716
70
0
0
VERTEX
8
Layer 1
10
51.719394
20
271.428275
70
0
0
VERTEX
8
Layer 1
10
51.396171
20
271.846562
70
0
0
VERTEX
8
Layer 1
10
51.339132
20
271.922615
70
0
0
VERTEX
8
Layer 1
10
51.301106
20
271.970147
70
0
0
VERTEX
8
Layer 1
10
51.263080
20
272.017680
70
0
0
VERTEX
8
Layer 1
10
51.234560
20
272.046200
70
0
0
VERTEX
8
Layer 1
10
51.187028
20
272.103239
70
0
0
VERTEX
8
Layer 1
10
51.139495
20
272.160278
70
0
0
VERTEX
8
Layer 1
10
51.129988
20
272.179291
70
0
0
VERTEX
8
Layer 1
10
51.120482
20
272.198304
70
0
0
VERTEX
8
Layer 1
10
51.082456
20
272.245837
70
0
0
VERTEX
8
Layer 1
10
51.044429
20
272.293370
70
0
0
VERTEX
8
Layer 1
10
51.006403
20
272.331396
70
0
0
VERTEX
8
Layer 1
10
50.958871
20
272.378929
70
0
0
VERTEX
8
Layer 1
10
50.911338
20
272.426461
70
0
0
VERTEX
8
Layer 1
10
50.873312
20
272.464488
70
0
0
VERTEX
8
Layer 1
10
50.844792
20
272.502514
70
0
0
VERTEX
8
Layer 1
10
50.835286
20
272.521527
70
0
0
VERTEX
8
Layer 1
10
50.550089
20
272.131759
70
0
0
VERTEX
8
Layer 1
10
50.550089
20
272.103239
70
0
0
VERTEX
8
Layer 1
10
50.540583
20
271.941628
70
0
0
VERTEX
8
Layer 1
10
50.597622
20
271.884589
70
0
0
VERTEX
8
Layer 1
10
50.626142
20
271.846562
70
0
0
VERTEX
8
Layer 1
10
50.692687
20
271.770510
70
0
0
VERTEX
8
Layer 1
10
50.721207
20
271.741990
70
0
0
VERTEX
8
Layer 1
10
50.797259
20
271.665938
70
0
0
VERTEX
8
Layer 1
10
50.825779
20
271.637419
70
0
0
VERTEX
8
Layer 1
10
50.863805
20
271.589886
70
0
0
VERTEX
8
Layer 1
10
50.901831
20
271.551860
70
0
0
VERTEX
8
Layer 1
10
50.968377
20
271.475807
70
0
0
VERTEX
8
Layer 1
10
51.034923
20
271.399755
70
0
0
VERTEX
8
Layer 1
10
51.101469
20
271.323703
70
0
0
VERTEX
8
Layer 1
10
51.168014
20
271.257157
70
0
0
VERTEX
8
Layer 1
10
51.367652
20
271.095546
70
0
0
VERTEX
8
Layer 1
10
51.443704
20
271.019493
70
0
0
VERTEX
8
Layer 1
10
51.519756
20
270.943441
70
0
0
VERTEX
8
Layer 1
10
51.595809
20
270.867389
70
0
0
VERTEX
8
Layer 1
10
51.681368
20
270.762817
70
0
0
SEQEND
8
Layer 1
0
POLYLINE
8
Layer 1
62
7
70
0
10
0.000000
20
0.000000
66
1
0
VERTEX
8
Layer 1
10
47.850232
20
269.564993
70
0
0
VERTEX
8
Layer 1
10
51.995083
20
269.564993
70
0
0
VERTEX
8
Layer 1
10
52.269585
20
269.302375
70
0
0
VERTEX
8
Layer 1
10
52.651035
20
269.203744
70
0
0
VERTEX
8
Layer 1
10
52.850672
20
269.232264
70
0
0
VERTEX
8
Layer 1
10
52.822152
20
269.260784
70
0
0
VERTEX
8
Layer 1
10
52.746100
20
269.355849
70
0
0
VERTEX
8
Layer 1
10
52.670048
20
269.450914
70
0
0
VERTEX
8
Layer 1
10
52.593995
20
269.545980
70
0
0
VERTEX
8
Layer 1
10
52.555969
20
269.593512
70
0
0
VERTEX
8
Layer 1
10
52.489424
20
269.593512
70
0
0
VERTEX
8
Layer 1
10
52.280280
20
269.802656
70
0
0
VERTEX
8
Layer 1
10
52.280280
20
269.907228
70
0
0
VERTEX
8
Layer 1
10
52.280280
20
270.097359
70
0
0
VERTEX
8
Layer 1
10
52.280280
20
270.116372
70
0
0
VERTEX
8
Layer 1
10
52.489424
20
270.354036
70
0
0
VERTEX
8
Layer 1
10
52.632022
20
270.354036
70
0
0
VERTEX
8
Layer 1
10
52.803139
20
270.354036
70
0
0
VERTEX
8
Layer 1
10
52.812646
20
270.354036
70
0
0
VERTEX
8
Layer 1
10
53.059816
20
270.116372
70
0
0
VERTEX
8
Layer 1
10
53.059816
20
270.068839
70
0
0
VERTEX
8
Layer 1
10
53.145375
20
269.973774
70
0
0
VERTEX
8
Layer 1
10
53.183401
20
269.926241
70
0
0
VERTEX
8
Layer 1
10
53.221427
20
269.878709
70
0
0
VERTEX
8
Layer 1
10
53.240440
20
269.859696
70
0
0
VERTEX
8
Layer 1
10
53.259453
20
269.840683
70
0
0
VERTEX
8
Layer 1
10
53.297479
20
269.793150
70
0
0
VERTEX
8
Layer 1
10
53.345012
20
269.745617
70
0
0
VERTEX
8
Layer 1
10
53.383038
20
269.707591
70
0
0
VERTEX
8
Layer 1
10
53.421064
20
269.954761
70
0
0
VERTEX
8
Layer 1
10
53.196472
20
270.500199
70
0
0
VERTEX
8
Layer 1
10
52.651035
20
270.724791
70
0
0
VERTEX
8
Layer 1
10
52.337319
20
270.658245
70
0
0
VERTEX
8
Layer 1
10
52.004590
20
270.382555
70
0
0
VERTEX
8
Layer 1
10
51.976070
20
270.335023
70
0
0
VERTEX
8
Layer 1
10
47.850232
20
270.335023
70
0
0
VERTEX
8
Layer 1
10
47.511561
20
270.736674
70
0
0
VERTEX
8
Layer 1
10
46.994643
20
270.895908
70
0
0
VERTEX
8
Layer 1
10
46.582297
20
270.802031
70
0
0
VERTEX
8
Layer 1
10
46.262640
20
270.544166
70
0
0
VERTEX
8
Layer 1
10
46.262640
20
270.458608
70
0
0
VERTEX
8
Layer 1
10
46.852045
20
270.458608
70
0
0
VERTEX
8
Layer 1
10
47.251320
20
269.954761
70
0
0
VERTEX
8
Layer 1
10
46.852045
20
269.441408
70
0
0
VERTEX
8
Layer 1
10
46.262640
20
269.441408
70
0
0
VERTEX
8
Layer 1
10
46.262640
20
269.365356
70
0
0
VERTEX
8
Layer 1
10
46.262640
20
269.355849
70
0
0
VERTEX
8
Layer 1
10
46.582297
20
269.097984
70
0
0
VERTEX
8
Layer 1
10
46.994643
20
269.004107
70
0
0
VERTEX
8
Layer 1
10
47.511561
20
269.166906
70
0
0
VERTEX
8
Layer 1
10
47.850232
20
269.564993
70
0
0
VERTEX
8
Layer 1
10
47.850232
20
269.564993
70
0
0
SEQEND
8
Layer 1
0
POLYLINE
8
Layer 1
62
7
70
0
10
0.000000
20
0.000000
66
1
0
VERTEX
8
Layer 1
10
47.983324
20
269.878709
70
0
0
VERTEX
8
Layer 1
10
47.935791
20
269.888215
70
0
0
VERTEX
8
Layer 1
10
47.888258
20
269.973774
70
0
0
VERTEX
8
Layer 1
10
47.935791
20
270.059333
70
0
0
VERTEX
8
Layer 1
10
47.983324
20
270.068839
70
0
0
VERTEX
8
Layer 1
10
51.519756
20
270.068839
70
0
0
VERTEX
8
Layer 1
10
51.614822
20
269.973774
70
0
0
VERTEX
8
Layer 1
10
51.519756
20
269.878709
70
0
0
VERTEX
8
Layer 1
10
47.983324
20
269.878709
70
0
0
SEQEND
8
Layer 1
0
POLYLINE
8
Layer 1
62
7
70
0
10
0.000000
20
0.000000
66
1
0
VERTEX
8
Layer 1
10
53.278466
20
275.525593
70
0
0
VERTEX
8
Layer 1
10
53.487610
20
275.725231
70
0
0
VERTEX
8
Layer 1
10
53.724085
20
275.764445
70
0
0
VERTEX
8
Layer 1
10
54.010470
20
275.924868
70
0
0
VERTEX
8
Layer 1
10
54.200601
20
276.343156
70
0
0
VERTEX
8
Layer 1
10
54.200601
20
276.381182
70
0
0
VERTEX
8
Layer 1
10
54.181588
20
276.552300
70
0
0
VERTEX
8
Layer 1
10
54.153068
20
276.637859
70
0
0
VERTEX
8
Layer 1
10
54.134055
20
276.666378
70
0
0
VERTEX
8
Layer 1
10
53.829846
20
276.333649
70
0
0
VERTEX
8
Layer 1
10
53.620702
20
276.343156
70
0
0
VERTEX
8
Layer 1
10
53.525636
20
276.409702
70
0
0
VERTEX
8
Layer 1
10
53.468597
20
276.485754
70
0
0
VERTEX
8
Layer 1
10
53.440077
20
276.552300
70
0
0
VERTEX
8
Layer 1
10
53.715767
20
276.866016
70
0
0
VERTEX
8
Layer 1
10
53.706261
20
277.018120
70
0
0
VERTEX
8
Layer 1
10
53.520883
20
277.018120
70
0
0
VERTEX
8
Layer 1
10
53.135868
20
276.789963
70
0
0
VERTEX
8
Layer 1
10
53.021790
20
276.447728
70
0
0
VERTEX
8
Layer 1
10
53.040803
20
276.219571
70
0
0
VERTEX
8
Layer 1
10
53.040803
20
276.210064
70
0
0
VERTEX
8
Layer 1
10
52.470410
20
275.516087
70
0
0
VERTEX
8
Layer 1
10
53.278466
20
275.516087
70
0
0
VERTEX
8
Layer 1
10
53.278466
20
275.525593
70
0
0
SEQEND
8
Layer 1
0
POLYLINE
8
Layer 1
62
7
70
0
10
0.000000
20
0.000000
66
1
0
VERTEX
8
Layer 1
10
50.188841
20
271.561366
70
0
0
VERTEX
8
Layer 1
10
50.354017
20
271.895283
70
0
0
VERTEX
8
Layer 1
10
50.369465
20
272.150772
70
0
0
VERTEX
8
Layer 1
10
52.755607
20
274.955201
70
0
0
VERTEX
8
Layer 1
10
51.995083
20
274.955201
70
0
0
VERTEX
8
Layer 1
10
49.903645
20
272.597579
70
0
0
VERTEX
8
Layer 1
10
49.646968
20
272.557176
70
0
0
VERTEX
8
Layer 1
10
49.304733
20
272.388435
70
0
0
VERTEX
8
Layer 1
10
49.133615
20
272.036693
70
0
0
VERTEX
8
Layer 1
10
49.152628
20
271.922615
70
0
0
VERTEX
8
Layer 1
10
49.209667
20
271.732484
70
0
0
VERTEX
8
Layer 1
10
49.513876
20
272.046200
70
0
0
VERTEX
8
Layer 1
10
49.513876
20
272.046200
70
0
0
VERTEX
8
Layer 1
10
49.513876
20
272.046200
70
0
0
VERTEX
8
Layer 1
10
49.682618
20
272.010550
70
0
0
VERTEX
8
Layer 1
10
49.894138
20
271.789523
70
0
0
VERTEX
8
Layer 1
10
49.894138
20
271.789523
70
0
0
VERTEX
8
Layer 1
10
49.599435
20
271.466301
70
0
0
VERTEX
8
Layer 1
10
49.608942
20
271.352222
70
0
0
VERTEX
8
Layer 1
10
49.795508
20
271.353411
70
0
0
VERTEX
8
Layer 1
10
50.188841
20
271.561366
70
0
0
VERTEX
8
Layer 1
10
50.188841
20
271.561366
70
0
0
SEQEND
8
Layer 1
0
POLYLINE
8
Layer 1
62
7
70
0
10
0.000000
20
0.000000
66
1
0
VERTEX
8
Layer 1
10
53.097842
20
268.158025
70
0
0
VERTEX
8
Layer 1
10
53.135868
20
268.177038
70
0
0
VERTEX
8
Layer 1
10
53.183401
20
268.196051
70
0
0
VERTEX
8
Layer 1
10
53.259453
20
268.234077
70
0
0
VERTEX
8
Layer 1
10
53.345012
20
268.272103
70
0
0
VERTEX
8
Layer 1
10
53.421064
20
268.310130
70
0
0
VERTEX
8
Layer 1
10
53.506623
20
268.348156
70
0
0
VERTEX
8
Layer 1
10
53.544649
20
268.367169
70
0
0
VERTEX
8
Layer 1
10
53.592182
20
268.395688
70
0
0
VERTEX
8
Layer 1
10
53.668234
20
268.433715
70
0
0
VERTEX
8
Layer 1
10
53.753793
20
268.481247
70
0
0
VERTEX
8
Layer 1
10
53.791819
20
268.509767
70
0
0
VERTEX
8
Layer 1
10
53.839352
20
268.528780
70
0
0
VERTEX
8
Layer 1
10
53.877378
20
268.557300
70
0
0
VERTEX
8
Layer 1
10
53.905898
20
268.585819
70
0
0
VERTEX
8
Layer 1
10
53.943924
20
268.604832
70
0
0
VERTEX
8
Layer 1
10
53.981950
20
268.633352
70
0
0
VERTEX
8
Layer 1
10
54.010470
20
268.661872
70
0
0
VERTEX
8
Layer 1
10
54.038990
20
268.690391
70
0
0
VERTEX
8
Layer 1
10
54.067509
20
268.718911
70
0
0
VERTEX
8
Layer 1
10
54.086522
20
268.747430
70
0
0
VERTEX
8
Layer 1
10
54.105535
20
268.766443
70
0
0
VERTEX
8
Layer 1
10
54.134055
20
268.804470
70
0
0
VERTEX
8
Layer 1
10
54.153068
20
268.832989
70
0
0
VERTEX
8
Layer 1
10
54.162575
20
268.861509
70
0
0
VERTEX
8
Layer 1
10
54.181588
20
268.890028
70
0
0
VERTEX
8
Layer 1
10
54.191094
20
268.918548
70
0
0
VERTEX
8
Layer 1
10
54.191094
20
268.928055
70
0
0
VERTEX
8
Layer 1
10
54.181588
20
268.937561
70
0
0
VERTEX
8
Layer 1
10
54.181588
20
268.956574
70
0
0
VERTEX
8
Layer 1
10
54.181588
20
268.966081
70
0
0
VERTEX
8
Layer 1
10
54.181588
20
268.975587
70
0
0
VERTEX
8
Layer 1
10
54.181588
20
268.985094
70
0
0
VERTEX
8
Layer 1
10
54.181588
20
269.004107
70
0
0
VERTEX
8
Layer 1
10
54.181588
20
269.004107
70
0
0
VERTEX
8
Layer 1
10
54.181588
20
269.013614
70
0
0
VERTEX
8
Layer 1
10
54.181588
20
269.013614
70
0
0
VERTEX
8
Layer 1
10
54.181588
20
269.023120
70
0
0
VERTEX
8
Layer 1
10
54.191094
20
269.032627
70
0
0
VERTEX
8
Layer 1
10
54.191094
20
269.042133
70
0
0
VERTEX
8
Layer 1
10
54.191094
20
269.051640
70
0
0
VERTEX
8
Layer 1
10
54.200601
20
269.051640
70
0
0
VERTEX
8
Layer 1
10
54.200601
20
269.061146
70
0
0
VERTEX
8
Layer 1
10
54.210107
20
269.070653
70
0
0
VERTEX
8
Layer 1
10
54.219614
20
269.080159
70
0
0
VERTEX
8
Layer 1
10
54.219614
20
269.089666
70
0
0
VERTEX
8
Layer 1
10
54.229120
20
269.099172
70
0
0
VERTEX
8
Layer 1
10
54.229120
20
269.099172
70
0
0
VERTEX
8
Layer 1
10
54.248133
20
269.108679
70
0
0
VERTEX
8
Layer 1
10
54.257640
20
269.118185
70
0
0
VERTEX
8
Layer 1
10
54.257640
20
269.127692
70
0
0
VERTEX
8
Layer 1
10
54.267146
20
269.127692
70
0
0
VERTEX
8
Layer 1
10
54.276653
20
269.137199
70
0
0
VERTEX
8
Layer 1
10
54.295666
20
269.146705
70
0
0
VERTEX
8
Layer 1
10
54.295666
20
269.146705
70
0
0
VERTEX
8
Layer 1
10
54.305173
20
269.156212
70
0
0
VERTEX
8
Layer 1
10
54.305173
20
269.156212
70
0
0
VERTEX
8
Layer 1
10
54.324186
20
269.165718
70
0
0
VERTEX
8
Layer 1
10
54.333692
20
269.165718
70
0
0
VERTEX
8
Layer 1
10
54.352705
20
269.175225
70
0
0
VERTEX
8
Layer 1
10
54.371718
20
269.184731
70
0
0
VERTEX
8
Layer 1
10
54.390732
20
269.194238
70
0
0
VERTEX
8
Layer 1
10
54.400238
20
269.194238
70
0
0
VERTEX
8
Layer 1
10
54.409745
20
269.194238
70
0
0
VERTEX
8
Layer 1
10
54.428758
20
269.203744
70
0
0
VERTEX
8
Layer 1
10
54.447771
20
269.213251
70
0
0
VERTEX
8
Layer 1
10
54.476290
20
269.213251
70
0
0
VERTEX
8
Layer 1
10
54.495303
20
269.222757
70
0
0
VERTEX
8
Layer 1
10
54.723460
20
269.441408
70
0
0
VERTEX
8
Layer 1
10
54.713954
20
269.460421
70
0
0
VERTEX
8
Layer 1
10
54.704447
20
269.488941
70
0
0
VERTEX
8
Layer 1
10
54.694941
20
269.507954
70
0
0
VERTEX
8
Layer 1
10
54.694941
20
269.536473
70
0
0
VERTEX
8
Layer 1
10
54.685434
20
269.555486
70
0
0
VERTEX
8
Layer 1
10
54.675928
20
269.574499
70
0
0
VERTEX
8
Layer 1
10
54.666421
20
269.593512
70
0
0
VERTEX
8
Layer 1
10
54.656915
20
269.612526
70
0
0
VERTEX
8
Layer 1
10
54.647408
20
269.631539
70
0
0
VERTEX
8
Layer 1
10
54.637902
20
269.650552
70
0
0
VERTEX
8
Layer 1
10
54.628395
20
269.660058
70
0
0
VERTEX
8
Layer 1
10
54.618888
20
269.679071
70
0
0
VERTEX
8
Layer 1
10
54.609382
20
269.688578
70
0
0
VERTEX
8
Layer 1
10
54.590369
20
269.698084
70
0
0
VERTEX
8
Layer 1
10
54.580862
20
269.717097
70
0
0
VERTEX
8
Layer 1
10
54.571356
20
269.726604
70
0
0
VERTEX
8
Layer 1
10
54.552343
20
269.736111
70
0
0
VERTEX
8
Layer 1
10
54.533330
20
269.745617
70
0
0
VERTEX
8
Layer 1
10
54.523823
20
269.755124
70
0
0
VERTEX
8
Layer 1
10
54.504810
20
269.764630
70
0
0
VERTEX
8
Layer 1
10
54.485797
20
269.774137
70
0
0
VERTEX
8
Layer 1
10
54.466784
20
269.774137
70
0
0
VERTEX
8
Layer 1
10
54.447771
20
269.783643
70
0
0
VERTEX
8
Layer 1
10
54.419251
20
269.783643
70
0
0
VERTEX
8
Layer 1
10
54.172081
20
269.603019
70
0
0
VERTEX
8
Layer 1
10
54.162575
20
269.584006
70
0
0
VERTEX
8
Layer 1
10
54.162575
20
269.555486
70
0
0
VERTEX
8
Layer 1
10
54.153068
20
269.536473
70
0
0
VERTEX
8
Layer 1
10
54.153068
20
269.517460
70
0
0
VERTEX
8
Layer 1
10
54.134055
20
269.479434
70
0
0
VERTEX
8
Layer 1
10
54.115042
20
269.441408
70
0
0
VERTEX
8
Layer 1
10
54.096029
20
269.403382
70
0
0
VERTEX
8
Layer 1
10
54.077016
20
269.374862
70
0
0
VERTEX
8
Layer 1
10
54.058003
20
269.365356
70
0
0
VERTEX
8
Layer 1
10
54.048496
20
269.355849
70
0
0
VERTEX
8
Layer 1
10
54.029483
20
269.336836
70
0
0
VERTEX
8
Layer 1
10
54.019976
20
269.327329
70
0
0
VERTEX
8
Layer 1
10
54.000963
20
269.317823
70
0
0
VERTEX
8
Layer 1
10
53.981950
20
269.308316
70
0
0
VERTEX
8
Layer 1
10
53.962937
20
269.308316
70
0
0
VERTEX
8
Layer 1
10
53.943924
20
269.298810
70
0
0
VERTEX
8
Layer 1
10
53.934418
20
269.289303
70
0
0
VERTEX
8
Layer 1
10
53.905898
20
269.289303
70
0
0
VERTEX
8
Layer 1
10
53.886885
20
269.279797
70
0
0
VERTEX
8
Layer 1
10
53.867872
20
269.279797
70
0
0
VERTEX
8
Layer 1
10
53.848859
20
269.270290
70
0
0
VERTEX
8
Layer 1
10
53.820339
20
269.270290
70
0
0
VERTEX
8
Layer 1
10
53.801326
20
269.270290
70
0
0
VERTEX
8
Layer 1
10
53.772806
20
269.270290
70
0
0
VERTEX
8
Layer 1
10
53.725274
20
269.270290
70
0
0
VERTEX
8
Layer 1
10
53.668234
20
269.279797
70
0
0
VERTEX
8
Layer 1
10
53.658728
20
269.298810
70
0
0
VERTEX
8
Layer 1
10
53.649221
20
269.308316
70
0
0
VERTEX
8
Layer 1
10
53.630208
20
269.336836
70
0
0
VERTEX
8
Layer 1
10
53.611195
20
269.346342
70
0
0
VERTEX
8
Layer 1
10
53.601689
20
269.365356
70
0
0
VERTEX
8
Layer 1
10
53.582676
20
269.384369
70
0
0
VERTEX
8
Layer 1
10
53.573169
20
269.393875
70
0
0
VERTEX
8
Layer 1
10
53.563663
20
269.403382
70
0
0
VERTEX
8
Layer 1
10
53.544649
20
269.403382
70
0
0
VERTEX
8
Layer 1
10
53.535143
20
269.412888
70
0
0
VERTEX
8
Layer 1
10
53.516130
20
269.422395
70
0
0
VERTEX
8
Layer 1
10
53.497117
20
269.422395
70
0
0
VERTEX
8
Layer 1
10
53.487610
20
269.431901
70
0
0
VERTEX
8
Layer 1
10
53.392545
20
269.517460
70
0
0
VERTEX
8
Layer 1
10
53.373532
20
269.545980
70
0
0
VERTEX
8
Layer 1
10
53.364025
20
269.555486
70
0
0
VERTEX
8
Layer 1
10
53.345012
20
269.564993
70
0
0
VERTEX
8
Layer 1
10
53.297479
20
269.612526
70
0
0
VERTEX
8
Layer 1
10
53.259453
20
269.660058
70
0
0
VERTEX
8
Layer 1
10
53.211921
20
269.707591
70
0
0
VERTEX
8
Layer 1
10
53.164388
20
269.755124
70
0
0
VERTEX
8
Layer 1
10
53.145375
20
269.774137
70
0
0
VERTEX
8
Layer 1
10
53.116855
20
269.802656
70
0
0
VERTEX
8
Layer 1
10
53.078829
20
269.840683
70
0
0
VERTEX
8
Layer 1
10
53.031296
20
269.888215
70
0
0
VERTEX
8
Layer 1
10
52.765113
20
270.192424
70
0
0
VERTEX
8
Layer 1
10
52.622515
20
270.192424
70
0
0
VERTEX
8
Layer 1
10
52.413371
20
269.954761
70
0
0
VERTEX
8
Layer 1
10
52.413371
20
269.945254
70
0
0
VERTEX
8
Layer 1
10
52.689061
20
269.622032
70
0
0
VERTEX
8
Layer 1
10
52.765113
20
269.526967
70
0
0
VERTEX
8
Layer 1
10
52.841165
20
269.431901
70
0
0
VERTEX
8
Layer 1
10
52.926724
20
269.336836
70
0
0
VERTEX
8
Layer 1
10
53.002777
20
269.232264
70
0
0
VERTEX
8
Layer 1
10
53.088336
20
269.127692
70
0
0
VERTEX
8
Layer 1
10
53.088336
20
269.118185
70
0
0
VERTEX
8
Layer 1
10
53.088336
20
269.118185
70
0
0
VERTEX
8
Layer 1
10
53.088336
20
269.118185
70
0
0
VERTEX
8
Layer 1
10
53.088336
20
269.099172
70
0
0
VERTEX
8
Layer 1
10
53.088336
20
269.089666
70
0
0
VERTEX
8
Layer 1
10
53.088336
20
269.080159
70
0
0
VERTEX
8
Layer 1
10
53.088336
20
269.061146
70
0
0
VERTEX
8
Layer 1
10
53.097842
20
269.032627
70
0
0
VERTEX
8
Layer 1
10
53.097842
20
269.013614
70
0
0
VERTEX
8
Layer 1
10
53.107349
20
268.994600
70
0
0
VERTEX
8
Layer 1
10
53.107349
20
268.975587
70
0
0
VERTEX
8
Layer 1
10
53.116855
20
268.966081
70
0
0
VERTEX
8
Layer 1
10
53.116855
20
268.966081
70
0
0
VERTEX
8
Layer 1
10
53.116855
20
268.956574
70
0
0
VERTEX
8
Layer 1
10
53.126362
20
268.947068
70
0
0
VERTEX
8
Layer 1
10
53.135868
20
268.918548
70
0
0
VERTEX
8
Layer 1
10
53.145375
20
268.890028
70
0
0
VERTEX
8
Layer 1
10
53.154881
20
268.861509
70
0
0
VERTEX
8
Layer 1
10
53.173894
20
268.832989
70
0
0
VERTEX
8
Layer 1
10
53.173894
20
268.813976
70
0
0
VERTEX
8
Layer 1
10
53.183401
20
268.794963
70
0
0
VERTEX
8
Layer 1
10
53.202414
20
268.766443
70
0
0
VERTEX
8
Layer 1
10
53.202414
20
268.756937
70
0
0
VERTEX
8
Layer 1
10
53.211921
20
268.747430
70
0
0
VERTEX
8
Layer 1
10
53.221427
20
268.737924
70
0
0
VERTEX
8
Layer 1
10
53.221427
20
268.718911
70
0
0
VERTEX
8
Layer 1
10
53.221427
20
268.699898
70
0
0
VERTEX
8
Layer 1
10
53.221427
20
268.690391
70
0
0
VERTEX
8
Layer 1
10
53.221427
20
268.671378
70
0
0
VERTEX
8
Layer 1
10
53.221427
20
268.661872
70
0
0
VERTEX
8
Layer 1
10
53.211921
20
268.652365
70
0
0
VERTEX
8
Layer 1
10
53.202414
20
268.633352
70
0
0
VERTEX
8
Layer 1
10
53.192907
20
268.623845
70
0
0
VERTEX
8
Layer 1
10
53.183401
20
268.614339
70
0
0
VERTEX
8
Layer 1
10
53.173894
20
268.604832
70
0
0
VERTEX
8
Layer 1
10
53.154881
20
268.595326
70
0
0
VERTEX
8
Layer 1
10
53.145375
20
268.585819
70
0
0
VERTEX
8
Layer 1
10
53.126362
20
268.576313
70
0
0
VERTEX
8
Layer 1
10
53.107349
20
268.576313
70
0
0
VERTEX
8
Layer 1
10
53.078829
20
268.566806
70
0
0
VERTEX
8
Layer 1
10
53.059816
20
268.557300
70
0
0
VERTEX
8
Layer 1
10
53.031296
20
268.519273
70
0
0
VERTEX
8
Layer 1
10
53.012283
20
268.509767
70
0
0
VERTEX
8
Layer 1
10
52.993270
20
268.490754
70
0
0
VERTEX
8
Layer 1
10
52.955244
20
268.452728
70
0
0
VERTEX
8
Layer 1
10
52.917218
20
268.424208
70
0
0
VERTEX
8
Layer 1
10
52.879192
20
268.386182
70
0
0
VERTEX
8
Layer 1
10
52.841165
20
268.357662
70
0
0
VERTEX
8
Layer 1
10
52.793633
20
268.329143
70
0
0
VERTEX
8
Layer 1
10
52.774620
20
268.310130
70
0
0
VERTEX
8
Layer 1
10
52.746100
20
268.300623
70
0
0
VERTEX
8
Layer 1
10
52.698567
20
268.272103
70
0
0
VERTEX
8
Layer 1
10
52.651035
20
268.243584
70
0
0
VERTEX
8
Layer 1
10
52.603502
20
268.215064
70
0
0
VERTEX
8
Layer 1
10
52.574982
20
268.196051
70
0
0
VERTEX
8
Layer 1
10
52.546463
20
268.186545
70
0
0
VERTEX
8
Layer 1
10
52.489423
20
268.167531
70
0
0
VERTEX
8
Layer 1
10
52.432384
20
268.139012
70
0
0
VERTEX
8
Layer 1
10
52.375345
20
268.119999
70
0
0
VERTEX
8
Layer 1
10
52.318306
20
268.091479
70
0
0
VERTEX
8
Layer 1
10
52.308799
20
268.072466
70
0
0
VERTEX
8
Layer 1
10
52.308799
20
268.043946
70
0
0
VERTEX
8
Layer 1
10
52.308799
20
268.024933
70
0
0
VERTEX
8
Layer 1
10
52.308799
20
267.996414
70
0
0
VERTEX
8
Layer 1
10
52.318306
20
267.977401
70
0
0
VERTEX
8
Layer 1
10
52.318306
20
267.958388
70
0
0
VERTEX
8
Layer 1
10
52.327812
20
267.948881
70
0
0
VERTEX
8
Layer 1
10
52.337319
20
267.929868
70
0
0
VERTEX
8
Layer 1
10
52.441891
20
267.967894
70
0
0
VERTEX
8
Layer 1
10
52.517943
20
267.986907
70
0
0
VERTEX
8
Layer 1
10
52.565476
20
267.996414
70
0
0
VERTEX
8
Layer 1
10
52.603502
20
268.005920
70
0
0
VERTEX
8
Layer 1
10
52.641528
20
268.015427
70
0
0
VERTEX
8
Layer 1
10
52.689061
20
268.024933
70
0
0
VERTEX
8
Layer 1
10
52.727087
20
268.034440
70
0
0
VERTEX
8
Layer 1
10
52.765113
20
268.043946
70
0
0
VERTEX
8
Layer 1
10
52.812646
20
268.062960
70
0
0
VERTEX
8
Layer 1
10
52.850672
20
268.072466
70
0
0
VERTEX
8
Layer 1
10
52.888698
20
268.081973
70
0
0
VERTEX
8
Layer 1
10
52.936231
20
268.100986
70
0
0
VERTEX
8
Layer 1
10
52.974257
20
268.110492
70
0
0
VERTEX
8
Layer 1
10
53.012283
20
268.129505
70
0
0
VERTEX
8
Layer 1
10
53.097842
20
268.158025
70
0
0
SEQEND
8
Layer 1
0
POLYLINE
8
Layer 1
62
7
70
0
10
0.000000
20
0.000000
66
1
0
VERTEX
8
Layer 1
10
49.418811
20
274.803096
70
0
0
VERTEX
8
Layer 1
10
49.418811
20
274.803096
70
0
0
VERTEX
8
Layer 1
10
49.418811
20
274.803096
70
0
0
VERTEX
8
Layer 1
10
49.513876
20
275.040760
70
0
0
VERTEX
8
Layer 1
10
49.523383
20
275.164345
70
0
0
VERTEX
8
Layer 1
10
53.981950
20
275.164345
70
0
0
VERTEX
8
Layer 1
10
54.124548
20
275.107306
70
0
0
VERTEX
8
Layer 1
10
54.580862
20
275.173851
70
0
0
VERTEX
8
Layer 1
10
54.580862
20
275.344969
70
0
0
VERTEX
8
Layer 1
10
54.124548
20
275.411515
70
0
0
VERTEX
8
Layer 1
10
53.991457
20
275.335463
70
0
0
VERTEX
8
Layer 1
10
49.532890
20
275.335463
70
0
0
VERTEX
8
Layer 1
10
49.532890
20
275.363982
70
0
0
VERTEX
8
Layer 1
10
49.456837
20
275.601646
70
0
0
VERTEX
8
Layer 1
10
49.456837
20
275.601646
70
0
0
VERTEX
8
Layer 1
10
49.447331
20
275.601646
70
0
0
VERTEX
8
Layer 1
10
49.399798
20
275.563620
70
0
0
VERTEX
8
Layer 1
10
49.190654
20
275.478061
70
0
0
VERTEX
8
Layer 1
10
49.048056
20
275.525593
70
0
0
VERTEX
8
Layer 1
10
46.623888
20
275.677698
70
0
0
VERTEX
8
Layer 1
10
46.313737
20
275.617094
70
0
0
VERTEX
8
Layer 1
10
46.082016
20
275.363982
70
0
0
VERTEX
8
Layer 1
10
46.072509
20
275.240397
70
0
0
VERTEX
8
Layer 1
10
46.082016
20
275.145332
70
0
0
VERTEX
8
Layer 1
10
46.305419
20
274.886279
70
0
0
VERTEX
8
Layer 1
10
46.614382
20
274.812603
70
0
0
VERTEX
8
Layer 1
10
49.048056
20
274.898162
70
0
0
VERTEX
8
Layer 1
10
49.190654
20
274.936188
70
0
0
VERTEX
8
Layer 1
10
49.390291
20
274.841123
70
0
0
VERTEX
8
Layer 1
10
49.418811
20
274.803096
70
0
0
VERTEX
8
Layer 1
10
49.418811
20
274.803096
70
0
0
SEQEND
8
Layer 1
0
POLYLINE
8
Layer 1
62
7
70
0
10
0.000000
20
0.000000
66
1
0
VERTEX
8
Layer 1
10
115.927608
20
297.000000
70
0
0
VERTEX
8
Layer 1
10
199.072392
20
297.000000
70
0
0
VERTEX
8
Layer 1
10
201.214218
20
296.788089
70
0
0
VERTEX
8
Layer 1
10
203.254207
20
296.168185
70
0
0
VERTEX
8
Layer 1
10
205.135034
20
295.164034
70
0
0
VERTEX
8
Layer 1
10
206.799378
20
293.799378
70
0
0
VERTEX
8
Layer 1
10
208.164034
20
292.135034
70
0
0
VERTEX
8
Layer 1
10
209.168185
20
290.254207
70
0
0
VERTEX
8
Layer 1
10
209.788089
20
288.214218
70
0
0
VERTEX
8
Layer 1
10
210.000000
20
286.072392
70
0
0
VERTEX
8
Layer 1
10
210.000000
20
233.677608
70
0
0
VERTEX
8
Layer 1
10
209.788089
20
231.535782
70
0
0
VERTEX
8
Layer 1
10
209.168185
20
229.495793
70
0
0
VERTEX
8
Layer 1
10
208.164034
20
227.614966
70
0
0
VERTEX
8
Layer 1
10
206.799378
20
225.950622
70
0
0
VERTEX
8
Layer 1
10
205.135034
20
224.585966
70
0
0
VERTEX
8
Layer 1
10
203.254207
20
223.581815
70
0
0
VERTEX
8
Layer 1
10
201.214218
20
222.961911
70
0
0
VERTEX
8
Layer 1
10
199.072392
20
222.750000
70
0
0
VERTEX
8
Layer 1
10
115.927608
20
222.750000
70
0
0
VERTEX
8
Layer 1
10
113.785782
20
222.961911
70
0
0
VERTEX
8
Layer 1
10
111.745793
20
223.581815
70
0
0
VERTEX
8
Layer 1
10
109.864966
20
224.585966
70
0
0
VERTEX
8
Layer 1
10
108.200622
20
225.950622
70
0
0
VERTEX
8
Layer 1
10
106.835966
20
227.614966
70
0
0
VERTEX
8
Layer 1
10
105.831815
20
229.495793
70
0
0
VERTEX
8
Layer 1
10
105.211911
20
231.535782
70
0
0
VERTEX
8
Layer 1
10
105.000000
20
233.677608
70
0
0
VERTEX
8
Layer 1
10
105.000000
20
286.072392
70
0
0
VERTEX
8
Layer 1
10
105.211911
20
288.214218
70
0
0
VERTEX
8
Layer 1
10
105.831815
20
290.254207
70
0
0
VERTEX
8
Layer 1
10
106.835966
20
292.135034
70
0
0
VERTEX
8
Layer 1
10
108.200622
20
293.799378
70
0
0
VERTEX
8
Layer 1
10
109.864966
20
295.164034
70
0
0
VERTEX
8
Layer 1
10
111.745793
20
296.168185
70
0
0
VERTEX
8
Layer 1
10
113.785782
20
296.788089
70
0
0
VERTEX
8
Layer 1
10
115.927608
20
297.000000
70
0
0
VERTEX
8
Layer 1
10
115.927608
20
297.000000
70
0
0
SEQEND
8
Layer 1
0
POLYLINE
8
Layer 1
62
7
70
0
10
0.000000
20
0.000000
66
1
0
VERTEX
8
Layer 1
10
164.353145
20
257.349089
70
0
0
VERTEX
8
Layer 1
10
164.353145
20
258.166651
70
0
0
VERTEX
8
Layer 1
10
160.141748
20
258.166651
70
0
0
VERTEX
8
Layer 1
10
160.141748
20
257.729351
70
0
0
VERTEX
8
Layer 1
10
163.934858
20
257.729351
70
0
0
VERTEX
8
Layer 1
10
163.934858
20
257.634285
70
0
0
VERTEX
8
Layer 1
10
160.293853
20
256.569553
70
0
0
VERTEX
8
Layer 1
10
160.293853
20
255.989654
70
0
0
VERTEX
8
Layer 1
10
163.934858
20
254.915415
70
0
0
VERTEX
8
Layer 1
10
163.934858
20
254.829856
70
0
0
VERTEX
8
Layer 1
10
160.141748
20
254.829856
70
0
0
VERTEX
8
Layer 1
10
160.141748
20
254.383048
70
0
0
VERTEX
8
Layer 1
10
164.353145
20
254.383048
70
0
0
VERTEX
8
Layer 1
10
164.353145
20
255.200611
70
0
0
VERTEX
8
Layer 1
10
160.740660
20
256.274850
70
0
0
VERTEX
8
Layer 1
10
164.353145
20
257.349089
70
0
0
SEQEND
8
Layer 1
0
POLYLINE
8
Layer 1
62
7
70
0
10
0.000000
20
0.000000
66
1
0
VERTEX
8
Layer 1
10
163.934858
20
252.320129
70
0
0
VERTEX
8
Layer 1
10
163.934858
20
252.139505
70
0
0
VERTEX
8
Layer 1
10
161.624768
20
251.540593
70
0
0
VERTEX
8
Layer 1
10
161.624768
20
252.928548
70
0
0
VERTEX
8
Layer 1
10
163.934858
20
252.320129
70
0
0
SEQEND
8
Layer 1
0
POLYLINE
8
Layer 1
62
7
70
0
10
0.000000
20
0.000000
66
1
0
VERTEX
8
Layer 1
10
160.141748
20
253.784136
70
0
0
VERTEX
8
Layer 1
10
160.141748
20
253.318316
70
0
0
VERTEX
8
Layer 1
10
161.215987
20
253.023613
70
0
0
VERTEX
8
Layer 1
10
161.215987
20
251.445528
70
0
0
VERTEX
8
Layer 1
10
160.141748
20
251.150825
70
0
0
VERTEX
8
Layer 1
10
160.141748
20
250.685004
70
0
0
VERTEX
8
Layer 1
10
164.353145
20
251.768750
70
0
0
VERTEX
8
Layer 1
10
164.353145
20
252.690884
70
0
0
VERTEX
8
Layer 1
10
160.141748
20
253.784136
70
0
0
SEQEND
8
Layer 1
0
POLYLINE
8
Layer 1
62
7
70
0
10
0.000000
20
0.000000
66
1
0
VERTEX
8
Layer 1
10
160.141748
20
247.966134
70
0
0
VERTEX
8
Layer 1
10
160.141748
20
247.443274
70
0
0
VERTEX
8
Layer 1
10
162.271213
20
248.641098
70
0
0
VERTEX
8
Layer 1
10
164.353145
20
247.509820
70
0
0
VERTEX
8
Layer 1
10
164.353145
20
248.032680
70
0
0
VERTEX
8
Layer 1
10
162.432824
20
249.049880
70
0
0
VERTEX
8
Layer 1
10
162.404305
20
249.620272
70
0
0
VERTEX
8
Layer 1
10
164.353145
20
249.620272
70
0
0
VERTEX
8
Layer 1
10
164.353145
20
250.076586
70
0
0
VERTEX
8
Layer 1
10
160.141748
20
250.076586
70
0
0
VERTEX
8
Layer 1
10
160.141748
20
249.620272
70
0
0
VERTEX
8
Layer 1
10
161.995523
20
249.620272
70
0
0
VERTEX
8
Layer 1
10
162.014537
20
249.040373
70
0
0
VERTEX
8
Layer 1
10
160.141748
20
247.966134
70
0
0
SEQEND
8
Layer 1
0
POLYLINE
8
Layer 1
62
7
70
0
10
0.000000
20
0.000000
66
1
0
VERTEX
8
Layer 1
10
160.141748
20
244.534273
70
0
0
VERTEX
8
Layer 1
10
160.560036
20
244.534273
70
0
0
VERTEX
8
Layer 1
10
160.560036
20
246.426074
70
0
0
VERTEX
8
Layer 1
10
162.081082
20
246.426074
70
0
0
VERTEX
8
Layer 1
10
162.081082
20
244.876508
70
0
0
VERTEX
8
Layer 1
10
162.489864
20
244.876508
70
0
0
VERTEX
8
Layer 1
10
162.489864
20
246.426074
70
0
0
VERTEX
8
Layer 1
10
163.934858
20
246.426074
70
0
0
VERTEX
8
Layer 1
10
163.934858
20
244.534273
70
0
0
VERTEX
8
Layer 1
10
164.353145
20
244.534273
70
0
0
VERTEX
8
Layer 1
10
164.353145
20
246.882388
70
0
0
VERTEX
8
Layer 1
10
160.141748
20
246.882388
70
0
0
VERTEX
8
Layer 1
10
160.141748
20
244.534273
70
0
0
SEQEND
8
Layer 1
0
POLYLINE
8
Layer 1
62
7
70
0
10
0.000000
20
0.000000
66
1
0
VERTEX
8
Layer 1
10
163.069762
20
241.625272
70
0
0
VERTEX
8
Layer 1
10
162.381727
20
241.816591
70
0
0
VERTEX
8
Layer 1
10
162.157135
20
242.414315
70
0
0
VERTEX
8
Layer 1
10
162.157135
20
243.336449
70
0
0
VERTEX
8
Layer 1
10
163.944364
20
243.336449
70
0
0
VERTEX
8
Layer 1
10
163.944364
20
242.414315
70
0
0
VERTEX
8
Layer 1
10
163.728090
20
241.816591
70
0
0
VERTEX
8
Layer 1
10
163.069762
20
241.625272
70
0
0
VERTEX
8
Layer 1
10
163.069762
20
241.625272
70
0
0
SEQEND
8
Layer 1
0
POLYLINE
8
Layer 1
62
7
70
0
10
0.000000
20
0.000000
66
1
0
VERTEX
8
Layer 1
10
160.141748
20
241.549219
70
0
0
VERTEX
8
Layer 1
10
160.141748
20
241.045373
70
0
0
VERTEX
8
Layer 1
10
161.843419
20
241.853429
70
0
0
VERTEX
8
Layer 1
10
162.221304
20
241.351959
70
0
0
VERTEX
8
Layer 1
10
163.069762
20
241.149945
70
0
0
VERTEX
8
Layer 1
10
163.641789
20
241.231196
70
0
0
VERTEX
8
Layer 1
10
164.038241
20
241.471979
70
0
0
VERTEX
8
Layer 1
10
164.268923
20
241.867837
70
0
0
VERTEX
8
Layer 1
10
164.343639
20
242.414315
70
0
0
VERTEX
8
Layer 1
10
164.343639
20
243.802269
70
0
0
VERTEX
8
Layer 1
10
160.132242
20
243.802269
70
0
0
VERTEX
8
Layer 1
10
160.132242
20
243.336449
70
0
0
VERTEX
8
Layer 1
10
161.748353
20
243.336449
70
0
0
VERTEX
8
Layer 1
10
161.748353
20
242.300236
70
0
0
VERTEX
8
Layer 1
10
160.141748
20
241.549219
70
0
0
SEQEND
8
Layer 1
0
POLYLINE
8
Layer 1
62
7
70
0
10
0.000000
20
0.000000
66
1
0
VERTEX
8
Layer 1
10
164.362652
20
240.018667
70
0
0
VERTEX
8
Layer 1
10
164.362652
20
240.446461
70
0
0
VERTEX
8
Layer 1
10
162.974697
20
240.427448
70
0
0
VERTEX
8
Layer 1
10
162.974697
20
240.028173
70
0
0
VERTEX
8
Layer 1
10
164.362652
20
240.018667
70
0
0
SEQEND
8
Layer 1
0
POLYLINE
8
Layer 1
62
7
70
0
10
0.000000
20
0.000000
66
1
0
VERTEX
8
Layer 1
10
164.286600
20
236.957561
70
0
0
VERTEX
8
Layer 1
10
164.410185
20
238.079332
70
0
0
VERTEX
8
Layer 1
10
164.341114
20
238.634277
70
0
0
VERTEX
8
Layer 1
10
164.128553
20
239.039493
70
0
0
VERTEX
8
Layer 1
10
163.764483
20
239.287851
70
0
0
VERTEX
8
Layer 1
10
163.240880
20
239.372222
70
0
0
VERTEX
8
Layer 1
10
162.788577
20
239.294684
70
0
0
VERTEX
8
Layer 1
10
162.474415
20
239.065636
70
0
0
VERTEX
8
Layer 1
10
162.100095
20
238.174398
70
0
0
VERTEX
8
Layer 1
10
161.856490
20
237.532706
70
0
0
VERTEX
8
Layer 1
10
161.320559
20
237.318809
70
0
0
VERTEX
8
Layer 1
10
160.695504
20
237.510128
70
0
0
VERTEX
8
Layer 1
10
160.483984
20
238.107852
70
0
0
VERTEX
8
Layer 1
10
160.569542
20
239.286663
70
0
0
VERTEX
8
Layer 1
10
160.189281
20
239.315183
70
0
0
VERTEX
8
Layer 1
10
160.075202
20
238.107852
70
0
0
VERTEX
8
Layer 1
10
160.158236
20
237.545332
70
0
0
VERTEX
8
Layer 1
10
160.404366
20
237.151256
70
0
0
VERTEX
8
Layer 1
10
160.809137
20
236.919386
70
0
0
VERTEX
8
Layer 1
10
161.368092
20
236.843482
70
0
0
VERTEX
8
Layer 1
10
161.837923
20
236.914633
70
0
0
VERTEX
8
Layer 1
10
162.153570
20
237.127490
70
0
0
VERTEX
8
Layer 1
10
162.518383
20
237.974760
70
0
0
VERTEX
8
Layer 1
10
162.775060
20
238.669926
70
0
0
VERTEX
8
Layer 1
10
163.288413
20
238.887388
70
0
0
VERTEX
8
Layer 1
10
163.829097
20
238.679433
70
0
0
VERTEX
8
Layer 1
10
163.991897
20
238.050813
70
0
0
VERTEX
8
Layer 1
10
163.906338
20
236.976574
70
0
0
VERTEX
8
Layer 1
10
164.286600
20
236.957561
70
0
0
SEQEND
8
Layer 1
0
POLYLINE
8
Layer 1
62
7
70
0
10
0.000000
20
0.000000
66
1
0
VERTEX
8
Layer 1
10
157.651035
20
256.949814
70
0
0
VERTEX
8
Layer 1
10
157.651035
20
256.769190
70
0
0
VERTEX
8
Layer 1
10
155.340945
20
256.170278
70
0
0
VERTEX
8
Layer 1
10
155.340945
20
257.558233
70
0
0
VERTEX
8
Layer 1
10
157.651035
20
256.949814
70
0
0
SEQEND
8
Layer 1
0
POLYLINE
8
Layer 1
62
7
70
0
10
0.000000
20
0.000000
66
1
0
VERTEX
8
Layer 1
10
153.857925
20
258.413821
70
0
0
VERTEX
8
Layer 1
10
153.857925
20
257.948001
70
0
0
VERTEX
8
Layer 1
10
154.932164
20
257.653298
70
0
0
VERTEX
8
Layer 1
10
154.932164
20
256.075213
70
0
0
VERTEX
8
Layer 1
10
153.857925
20
255.780510
70
0
0
VERTEX
8
Layer 1
10
153.857925
20
255.314689
70
0
0
VERTEX
8
Layer 1
10
158.069322
20
256.398435
70
0
0
VERTEX
8
Layer 1
10
158.069322
20
257.320569
70
0
0
VERTEX
8
Layer 1
10
153.857925
20
258.413821
70
0
0
SEQEND
8
Layer 1
0
POLYLINE
8
Layer 1
62
7
70
0
10
0.000000
20
0.000000
66
1
0
VERTEX
8
Layer 1
10
158.002777
20
252.548286
70
0
0
VERTEX
8
Layer 1
10
158.126362
20
253.670058
70
0
0
VERTEX
8
Layer 1
10
158.057291
20
254.225002
70
0
0
VERTEX
8
Layer 1
10
157.844730
20
254.630218
70
0
0
VERTEX
8
Layer 1
10
157.480660
20
254.878577
70
0
0
VERTEX
8
Layer 1
10
156.957057
20
254.962947
70
0
0
VERTEX
8
Layer 1
10
156.504754
20
254.885410
70
0
0
VERTEX
8
Layer 1
10
156.190592
20
254.656361
70
0
0
VERTEX
8
Layer 1
10
155.816272
20
253.765123
70
0
0
VERTEX
8
Layer 1
10
155.572667
20
253.123432
70
0
0
VERTEX
8
Layer 1
10
155.036736
20
252.909535
70
0
0
VERTEX
8
Layer 1
10
154.411681
20
253.100854
70
0
0
VERTEX
8
Layer 1
10
154.200161
20
253.698578
70
0
0
VERTEX
8
Layer 1
10
154.285720
20
254.877389
70
0
0
VERTEX
8
Layer 1
10
153.905458
20
254.905908
70
0
0
VERTEX
8
Layer 1
10
153.791379
20
253.698578
70
0
0
VERTEX
8
Layer 1
10
153.874413
20
253.136058
70
0
0
VERTEX
8
Layer 1
10
154.120543
20
252.741982
70
0
0
VERTEX
8
Layer 1
10
154.525314
20
252.510112
70
0
0
VERTEX
8
Layer 1
10
155.084269
20
252.434208
70
0
0
VERTEX
8
Layer 1
10
155.554100
20
252.505358
70
0
0
VERTEX
8
Layer 1
10
155.869747
20
252.718216
70
0
0
VERTEX
8
Layer 1
10
156.234560
20
253.565486
70
0
0
VERTEX
8
Layer 1
10
156.491237
20
254.260652
70
0
0
VERTEX
8
Layer 1
10
157.004590
20
254.478114
70
0
0
VERTEX
8
Layer 1
10
157.545274
20
254.270158
70
0
0
VERTEX
8
Layer 1
10
157.708074
20
253.641538
70
0
0
VERTEX
8
Layer 1
10
157.622515
20
252.567299
70
0
0
VERTEX
8
Layer 1
10
158.002777
20
252.548286
70
0
0
SEQEND
8
Layer 1
0
POLYLINE
8
Layer 1
62
7
70
0
10
0.000000
20
0.000000
66
1
0
VERTEX
8
Layer 1
10
158.069322
20
252.206051
70
0
0
VERTEX
8
Layer 1
10
155.626142
20
250.979707
70
0
0
VERTEX
8
Layer 1
10
153.857925
20
250.979707
70
0
0
VERTEX
8
Layer 1
10
153.857925
20
250.532900
70
0
0
VERTEX
8
Layer 1
10
155.626142
20
250.532900
70
0
0
VERTEX
8
Layer 1
10
158.069322
20
249.316063
70
0
0
VERTEX
8
Layer 1
10
158.069322
20
249.810403
70
0
0
VERTEX
8
Layer 1
10
156.129988
20
250.761057
70
0
0
VERTEX
8
Layer 1
10
158.069322
20
251.702204
70
0
0
VERTEX
8
Layer 1
10
158.069322
20
252.206051
70
0
0
SEQEND
8
Layer 1
0
POLYLINE
8
Layer 1
62
7
70
0
10
0.000000
20
0.000000
66
1
0
VERTEX
8
Layer 1
10
154.266706
20
246.654231
70
0
0
VERTEX
8
Layer 1
10
154.266706
20
248.308369
70
0
0
VERTEX
8
Layer 1
10
158.069322
20
248.308369
70
0
0
VERTEX
8
Layer 1
10
158.069322
20
248.774190
70
0
0
VERTEX
8
Layer 1
10
153.857925
20
248.774190
70
0
0
VERTEX
8
Layer 1
10
153.857925
20
246.654231
70
0
0
VERTEX
8
Layer 1
10
154.266706
20
246.654231
70
0
0
SEQEND
8
Layer 1
0
POLYLINE
8
Layer 1
62
7
70
0
10
0.000000
20
0.000000
66
1
0
VERTEX
8
Layer 1
10
158.069322
20
245.751110
70
0
0
VERTEX
8
Layer 1
10
158.069322
20
246.216931
70
0
0
VERTEX
8
Layer 1
10
155.141308
20
246.216931
70
0
0
VERTEX
8
Layer 1
10
154.542842
20
246.134045
70
0
0
VERTEX
8
Layer 1
10
154.125297
20
245.881825
70
0
0
VERTEX
8
Layer 1
10
153.880652
20
245.454922
70
0
0
VERTEX
8
Layer 1
10
153.800886
20
244.847989
70
0
0
VERTEX
8
Layer 1
10
153.880652
20
244.235560
70
0
0
VERTEX
8
Layer 1
10
154.125297
20
243.805834
70
0
0
VERTEX
8
Layer 1
10
154.542842
20
243.552574
70
0
0
VERTEX
8
Layer 1
10
155.141308
20
243.469541
70
0
0
VERTEX
8
Layer 1
10
158.069322
20
243.469541
70
0
0
VERTEX
8
Layer 1
10
158.069322
20
243.935361
70
0
0
VERTEX
8
Layer 1
10
155.112788
20
243.935361
70
0
0
VERTEX
8
Layer 1
10
154.418811
20
244.151635
70
0
0
VERTEX
8
Layer 1
10
154.209667
20
244.838482
70
0
0
VERTEX
8
Layer 1
10
154.418811
20
245.521765
70
0
0
VERTEX
8
Layer 1
10
155.112788
20
245.741604
70
0
0
VERTEX
8
Layer 1
10
158.069322
20
245.741604
70
0
0
VERTEX
8
Layer 1
10
158.069322
20
245.751110
70
0
0
SEQEND
8
Layer 1
0
POLYLINE
8
Layer 1
62
7
70
0
10
0.000000
20
0.000000
66
1
0
VERTEX
8
Layer 1
10
158.069322
20
241.729844
70
0
0
VERTEX
8
Layer 1
10
158.069322
20
242.556913
70
0
0
VERTEX
8
Layer 1
10
153.857925
20
242.556913
70
0
0
VERTEX
8
Layer 1
10
153.857925
20
242.119612
70
0
0
VERTEX
8
Layer 1
10
157.651035
20
242.119612
70
0
0
VERTEX
8
Layer 1
10
157.651035
20
242.024546
70
0
0
VERTEX
8
Layer 1
10
154.010030
20
240.950307
70
0
0
VERTEX
8
Layer 1
10
154.010030
20
240.379915
70
0
0
VERTEX
8
Layer 1
10
157.651035
20
239.296169
70
0
0
VERTEX
8
Layer 1
10
157.651035
20
239.210611
70
0
0
VERTEX
8
Layer 1
10
153.857925
20
239.210611
70
0
0
VERTEX
8
Layer 1
10
153.857925
20
238.773310
70
0
0
VERTEX
8
Layer 1
10
158.069322
20
238.773310
70
0
0
VERTEX
8
Layer 1
10
158.069322
20
239.581366
70
0
0
VERTEX
8
Layer 1
10
154.456837
20
240.665111
70
0
0
VERTEX
8
Layer 1
10
158.069322
20
241.729844
70
0
0
SEQEND
8
Layer 1
0
POLYLINE
8
Layer 1
62
7
70
0
10
0.000000
20
0.000000
66
1
0
VERTEX
8
Layer 1
10
164.695381
20
235.826282
70
0
0
VERTEX
8
Layer 1
10
164.695381
20
235.645658
70
0
0
VERTEX
8
Layer 1
10
165.465411
20
235.645658
70
0
0
VERTEX
8
Layer 1
10
164.752420
20
235.427008
70
0
0
VERTEX
8
Layer 1
10
164.752420
20
235.284410
70
0
0
VERTEX
8
Layer 1
10
165.465411
20
235.056253
70
0
0
VERTEX
8
Layer 1
10
164.695381
20
235.056253
70
0
0
VERTEX
8
Layer 1
10
164.695381
20
234.875628
70
0
0
VERTEX
8
Layer 1
10
165.722087
20
234.875628
70
0
0
VERTEX
8
Layer 1
10
165.722087
20
235.122798
70
0
0
VERTEX
8
Layer 1
10
165.009097
20
235.360462
70
0
0
VERTEX
8
Layer 1
10
165.722087
20
235.588619
70
0
0
VERTEX
8
Layer 1
10
165.722087
20
235.835789
70
0
0
VERTEX
8
Layer 1
10
164.695381
20
235.826282
70
0
0
SEQEND
8
Layer 1
0
POLYLINE
8
Layer 1
62
7
70
0
10
0.000000
20
0.000000
66
1
0
VERTEX
8
Layer 1
10
165.550969
20
236.624832
70
0
0
VERTEX
8
Layer 1
10
165.550969
20
236.358649
70
0
0
VERTEX
8
Layer 1
10
164.704887
20
236.358649
70
0
0
VERTEX
8
Layer 1
10
164.704887
20
236.168518
70
0
0
VERTEX
8
Layer 1
10
165.550969
20
236.168518
70
0
0
VERTEX
8
Layer 1
10
165.550969
20
235.940361
70
0
0
VERTEX
8
Layer 1
10
165.722087
20
235.940361
70
0
0
VERTEX
8
Layer 1
10
165.722087
20
236.624832
70
0
0
VERTEX
8
Layer 1
10
165.550969
20
236.624832
70
0
0
SEQEND
8
Layer 1
0
POLYLINE
8
Layer 1
62
7
70
0
10
0.000000
20
0.000000
66
1
0
VERTEX
8
Layer 1
10
151.557343
20
260.961574
70
0
0
VERTEX
8
Layer 1
10
154.618448
20
262.900908
70
0
0
VERTEX
8
Layer 1
10
155.331439
20
262.786830
70
0
0
VERTEX
8
Layer 1
10
155.245880
20
263.300183
70
0
0
VERTEX
8
Layer 1
10
155.645155
20
263.556860
70
0
0
VERTEX
8
Layer 1
10
155.645155
20
263.528340
70
0
0
VERTEX
8
Layer 1
10
155.721207
20
263.404755
70
0
0
VERTEX
8
Layer 1
10
155.920844
20
262.748804
70
0
0
VERTEX
8
Layer 1
10
156.510250
20
262.729791
70
0
0
VERTEX
8
Layer 1
10
157.042616
20
262.748804
70
0
0
VERTEX
8
Layer 1
10
156.861992
20
263.252650
70
0
0
VERTEX
8
Layer 1
10
156.857239
20
263.400002
70
0
0
VERTEX
8
Layer 1
10
157.023603
20
263.547353
70
0
0
VERTEX
8
Layer 1
10
157.245818
20
263.509327
70
0
0
VERTEX
8
Layer 1
10
157.318306
20
263.414261
70
0
0
VERTEX
8
Layer 1
10
157.622515
20
262.805843
70
0
0
VERTEX
8
Layer 1
10
158.734780
20
262.995974
70
0
0
VERTEX
8
Layer 1
10
158.468597
20
263.461794
70
0
0
VERTEX
8
Layer 1
10
158.438889
20
263.604392
70
0
0
VERTEX
8
Layer 1
10
158.573169
20
263.775510
70
0
0
VERTEX
8
Layer 1
10
158.797761
20
263.771945
70
0
0
VERTEX
8
Layer 1
10
158.886885
20
263.689951
70
0
0
VERTEX
8
Layer 1
10
159.295666
20
263.138572
70
0
0
VERTEX
8
Layer 1
10
160.350892
20
263.518833
70
0
0
VERTEX
8
Layer 1
10
160.008657
20
263.937121
70
0
0
VERTEX
8
Layer 1
10
159.953994
20
264.071401
70
0
0
VERTEX
8
Layer 1
10
160.056189
20
264.269850
70
0
0
VERTEX
8
Layer 1
10
160.278405
20
264.305500
70
0
0
VERTEX
8
Layer 1
10
160.379412
20
264.241330
70
0
0
VERTEX
8
Layer 1
10
160.873752
20
263.766003
70
0
0
VERTEX
8
Layer 1
10
161.852925
20
264.326889
70
0
0
VERTEX
8
Layer 1
10
161.444144
20
264.678631
70
0
0
VERTEX
8
Layer 1
10
161.368092
20
264.802216
70
0
0
VERTEX
8
Layer 1
10
161.434638
20
265.011360
70
0
0
VERTEX
8
Layer 1
10
161.646158
20
265.086224
70
0
0
VERTEX
8
Layer 1
10
161.757860
20
265.039880
70
0
0
VERTEX
8
Layer 1
10
162.328252
20
264.659618
70
0
0
VERTEX
8
Layer 1
10
163.193348
20
265.372609
70
0
0
VERTEX
8
Layer 1
10
162.727527
20
265.648298
70
0
0
VERTEX
8
Layer 1
10
162.630085
20
265.756435
70
0
0
VERTEX
8
Layer 1
10
162.660981
20
265.971521
70
0
0
VERTEX
8
Layer 1
10
162.857054
20
266.082034
70
0
0
VERTEX
8
Layer 1
10
162.974697
20
266.057080
70
0
0
VERTEX
8
Layer 1
10
163.602129
20
265.781390
70
0
0
VERTEX
8
Layer 1
10
164.334132
20
266.636979
70
0
0
VERTEX
8
Layer 1
10
163.830286
20
266.827109
70
0
0
VERTEX
8
Layer 1
10
163.715019
20
266.919798
70
0
0
VERTEX
8
Layer 1
10
163.706701
20
267.140825
70
0
0
VERTEX
8
Layer 1
10
163.882572
20
267.282235
70
0
0
VERTEX
8
Layer 1
10
164.001403
20
267.273917
70
0
0
VERTEX
8
Layer 1
10
164.666861
20
267.112306
70
0
0
VERTEX
8
Layer 1
10
165.237254
20
268.081973
70
0
0
VERTEX
8
Layer 1
10
164.704887
20
268.177038
70
0
0
VERTEX
8
Layer 1
10
164.576549
20
268.248337
70
0
0
VERTEX
8
Layer 1
10
164.533770
20
268.462234
70
0
0
VERTEX
8
Layer 1
10
164.681121
20
268.630975
70
0
0
VERTEX
8
Layer 1
10
164.799953
20
268.642858
70
0
0
VERTEX
8
Layer 1
10
165.484424
20
268.595326
70
0
0
VERTEX
8
Layer 1
10
165.893205
20
269.707591
70
0
0
VERTEX
8
Layer 1
10
165.351332
20
269.707591
70
0
0
VERTEX
8
Layer 1
10
165.142188
20
269.707591
70
0
0
VERTEX
8
Layer 1
10
167.062509
20
270.943441
70
0
0
VERTEX
8
Layer 1
10
167.976920
20
271.791900
70
0
0
VERTEX
8
Layer 1
10
168.281723
20
272.725917
70
0
0
VERTEX
8
Layer 1
10
167.976920
20
273.659935
70
0
0
VERTEX
8
Layer 1
10
167.062509
20
274.508394
70
0
0
VERTEX
8
Layer 1
10
165.902711
20
275.249904
70
0
0
VERTEX
8
Layer 1
10
165.912218
20
275.316450
70
0
0
VERTEX
8
Layer 1
10
165.531956
20
276.371675
70
0
0
VERTEX
8
Layer 1
10
165.113669
20
276.019933
70
0
0
VERTEX
8
Layer 1
10
164.979389
20
275.965271
70
0
0
VERTEX
8
Layer 1
10
164.780940
20
276.067466
70
0
0
VERTEX
8
Layer 1
10
164.745290
20
276.289682
70
0
0
VERTEX
8
Layer 1
10
164.809459
20
276.390689
70
0
0
VERTEX
8
Layer 1
10
165.284786
20
276.885029
70
0
0
VERTEX
8
Layer 1
10
164.723900
20
277.864202
70
0
0
VERTEX
8
Layer 1
10
164.372158
20
277.455421
70
0
0
VERTEX
8
Layer 1
10
164.248573
20
277.379369
70
0
0
VERTEX
8
Layer 1
10
164.039430
20
277.445915
70
0
0
VERTEX
8
Layer 1
10
163.964566
20
277.657435
70
0
0
VERTEX
8
Layer 1
10
164.010910
20
277.769137
70
0
0
VERTEX
8
Layer 1
10
164.391172
20
278.339529
70
0
0
VERTEX
8
Layer 1
10
163.678181
20
279.204624
70
0
0
VERTEX
8
Layer 1
10
163.402491
20
278.738804
70
0
0
VERTEX
8
Layer 1
10
163.294354
20
278.641362
70
0
0
VERTEX
8
Layer 1
10
163.079269
20
278.672258
70
0
0
VERTEX
8
Layer 1
10
162.968755
20
278.868331
70
0
0
VERTEX
8
Layer 1
10
162.993710
20
278.985974
70
0
0
VERTEX
8
Layer 1
10
163.269400
20
279.613406
70
0
0
VERTEX
8
Layer 1
10
162.413811
20
280.345409
70
0
0
VERTEX
8
Layer 1
10
162.223680
20
279.841563
70
0
0
VERTEX
8
Layer 1
10
162.130992
20
279.726296
70
0
0
VERTEX
8
Layer 1
10
161.909965
20
279.717978
70
0
0
VERTEX
8
Layer 1
10
161.768555
20
279.893849
70
0
0
VERTEX
8
Layer 1
10
161.776873
20
280.012680
70
0
0
VERTEX
8
Layer 1
10
161.938484
20
280.678138
70
0
0
VERTEX
8
Layer 1
10
160.968817
20
281.248531
70
0
0
VERTEX
8
Layer 1
10
160.873752
20
280.716164
70
0
0
VERTEX
8
Layer 1
10
160.802453
20
280.587826
70
0
0
VERTEX
8
Layer 1
10
160.588556
20
280.545047
70
0
0
VERTEX
8
Layer 1
10
160.419814
20
280.692398
70
0
0
VERTEX
8
Layer 1
10
160.407931
20
280.811230
70
0
0
VERTEX
8
Layer 1
10
160.455464
20
281.495701
70
0
0
VERTEX
8
Layer 1
10
159.343199
20
281.904482
70
0
0
VERTEX
8
Layer 1
10
159.343199
20
281.362609
70
0
0
VERTEX
8
Layer 1
10
159.298043
20
281.224764
70
0
0
VERTEX
8
Layer 1
10
159.096029
20
281.143959
70
0
0
VERTEX
8
Layer 1
10
158.903521
20
281.258037
70
0
0
VERTEX
8
Layer 1
10
158.867872
20
281.372116
70
0
0
VERTEX
8
Layer 1
10
158.791819
20
282.056586
70
0
0
VERTEX
8
Layer 1
10
157.689061
20
282.256224
70
0
0
VERTEX
8
Layer 1
10
157.784126
20
281.723858
70
0
0
VERTEX
8
Layer 1
10
157.767490
20
281.589578
70
0
0
VERTEX
8
Layer 1
10
157.622515
20
281.476687
70
0
0
VERTEX
8
Layer 1
10
157.527450
20
280.630605
70
0
0
VERTEX
8
Layer 1
10
157.299293
20
280.773204
70
0
0
VERTEX
8
Layer 1
10
157.384852
20
281.533727
70
0
0
VERTEX
8
Layer 1
10
157.308799
20
281.657312
70
0
0
VERTEX
8
Layer 1
10
157.109162
20
282.313263
70
0
0
VERTEX
8
Layer 1
10
156.519756
20
282.332276
70
0
0
VERTEX
8
Layer 1
10
155.987390
20
282.313263
70
0
0
VERTEX
8
Layer 1
10
156.168014
20
281.809416
70
0
0
VERTEX
8
Layer 1
10
156.072949
20
281.552740
70
0
0
VERTEX
8
Layer 1
10
155.626142
20
281.837936
70
0
0
VERTEX
8
Layer 1
10
155.407491
20
282.275237
70
0
0
VERTEX
8
Layer 1
10
155.017723
20
282.218198
70
0
0
VERTEX
8
Layer 1
10
151.566849
20
284.404702
70
0
0
VERTEX
8
Layer 1
10
150.419083
20
284.859233
70
0
0
VERTEX
8
Layer 1
10
149.917000
20
284.854554
70
0
0
VERTEX
8
Layer 1
10
149.478975
20
284.704158
70
0
0
VERTEX
8
Layer 1
10
149.117151
20
284.414728
70
0
0
VERTEX
8
Layer 1
10
148.843671
20
283.992950
70
0
0
VERTEX
8
Layer 1
10
148.610315
20
282.779083
70
0
0
VERTEX
8
Layer 1
10
148.610315
20
277.911735
70
0
0
VERTEX
8
Layer 1
10
148.363145
20
277.968774
70
0
0
VERTEX
8
Layer 1
10
147.792753
20
276.999107
70
0
0
VERTEX
8
Layer 1
10
148.325119
20
276.904042
70
0
0
VERTEX
8
Layer 1
10
148.453457
20
276.836308
70
0
0
VERTEX
8
Layer 1
10
148.496237
20
276.618846
70
0
0
VERTEX
8
Layer 1
10
148.348885
20
276.450104
70
0
0
VERTEX
8
Layer 1
10
148.230054
20
276.438221
70
0
0
VERTEX
8
Layer 1
10
147.545583
20
276.485754
70
0
0
VERTEX
8
Layer 1
10
147.136801
20
275.373489
70
0
0
VERTEX
8
Layer 1
10
147.678674
20
275.373489
70
0
0
VERTEX
8
Layer 1
10
147.816519
20
275.328333
70
0
0
VERTEX
8
Layer 1
10
147.897325
20
275.126319
70
0
0
VERTEX
8
Layer 1
10
147.783246
20
274.933811
70
0
0
VERTEX
8
Layer 1
10
147.669168
20
274.898162
70
0
0
VERTEX
8
Layer 1
10
146.984697
20
274.822109
70
0
0
VERTEX
8
Layer 1
10
146.785059
20
273.719351
70
0
0
VERTEX
8
Layer 1
10
147.317426
20
273.814416
70
0
0
VERTEX
8
Layer 1
10
147.451706
20
273.797780
70
0
0
VERTEX
8
Layer 1
10
147.564596
20
273.652805
70
0
0
VERTEX
8
Layer 1
10
148.610315
20
273.538727
70
0
0
VERTEX
8
Layer 1
10
148.610315
20
273.301063
70
0
0
VERTEX
8
Layer 1
10
147.517063
20
273.424648
70
0
0
VERTEX
8
Layer 1
10
147.393478
20
273.348596
70
0
0
VERTEX
8
Layer 1
10
146.737527
20
273.158465
70
0
0
VERTEX
8
Layer 1
10
146.718514
20
272.569059
70
0
0
VERTEX
8
Layer 1
10
146.737527
20
272.036693
70
0
0
VERTEX
8
Layer 1
10
147.241373
20
272.217317
70
0
0
VERTEX
8
Layer 1
10
147.388725
20
272.222071
70
0
0
VERTEX
8
Layer 1
10
147.536076
20
272.055706
70
0
0
VERTEX
8
Layer 1
10
147.498050
20
271.833491
70
0
0
VERTEX
8
Layer 1
10
147.402985
20
271.761004
70
0
0
VERTEX
8
Layer 1
10
146.794566
20
271.456794
70
0
0
VERTEX
8
Layer 1
10
146.984697
20
270.344529
70
0
0
VERTEX
8
Layer 1
10
147.450517
20
270.610712
70
0
0
VERTEX
8
Layer 1
10
147.593115
20
270.640420
70
0
0
VERTEX
8
Layer 1
10
147.764233
20
270.506140
70
0
0
VERTEX
8
Layer 1
10
147.760668
20
270.281548
70
0
0
VERTEX
8
Layer 1
10
147.678674
20
270.192424
70
0
0
VERTEX
8
Layer 1
10
147.127295
20
269.783643
70
0
0
VERTEX
8
Layer 1
10
147.507557
20
268.728417
70
0
0
VERTEX
8
Layer 1
10
147.925844
20
269.070653
70
0
0
VERTEX
8
Layer 1
10
148.060124
20
269.125315
70
0
0
VERTEX
8
Layer 1
10
148.258573
20
269.023120
70
0
0
VERTEX
8
Layer 1
10
148.294223
20
268.800905
70
0
0
VERTEX
8
Layer 1
10
148.230054
20
268.699898
70
0
0
VERTEX
8
Layer 1
10
147.754727
20
268.205558
70
0
0
VERTEX
8
Layer 1
10
148.315612
20
267.226384
70
0
0
VERTEX
8
Layer 1
10
148.629328
20
267.597139
70
0
0
VERTEX
8
Layer 1
10
148.629328
20
262.625219
70
0
0
VERTEX
8
Layer 1
10
148.846196
20
261.389368
70
0
0
VERTEX
8
Layer 1
10
149.114607
20
260.960831
70
0
0
VERTEX
8
Layer 1
10
149.473034
20
260.666871
70
0
0
VERTEX
8
Layer 1
10
149.908998
20
260.513727
70
0
0
VERTEX
8
Layer 1
10
150.410022
20
260.507637
70
0
0
VERTEX
8
Layer 1
10
151.557343
20
260.961574
70
0
0
VERTEX
8
Layer 1
10
151.557343
20
260.961574
70
0
0
SEQEND
8
Layer 1
0
POLYLINE
8
Layer 1
62
7
70
0
10
0.000000
20
0.000000
66
1
0
VERTEX
8
Layer 1
10
149.713074
20
262.549166
70
0
0
VERTEX
8
Layer 1
10
149.713074
20
282.788590
70
0
0
VERTEX
8
Layer 1
10
149.813041
20
283.308776
70
0
0
VERTEX
8
Layer 1
10
150.085017
20
283.613282
70
0
0
VERTEX
8
Layer 1
10
150.487114
20
283.678937
70
0
0
VERTEX
8
Layer 1
10
150.977444
20
283.482567
70
0
0
VERTEX
8
Layer 1
10
166.568169
20
273.491194
70
0
0
VERTEX
8
Layer 1
10
166.958531
20
273.111526
70
0
0
VERTEX
8
Layer 1
10
167.088652
20
272.678385
70
0
0
VERTEX
8
Layer 1
10
166.958531
20
272.245243
70
0
0
VERTEX
8
Layer 1
10
166.568169
20
271.865576
70
0
0
VERTEX
8
Layer 1
10
150.986950
20
261.855189
70
0
0
VERTEX
8
Layer 1
10
150.491125
20
261.658819
70
0
0
VERTEX
8
Layer 1
10
150.086205
20
261.724474
70
0
0
VERTEX
8
Layer 1
10
149.813190
20
262.028980
70
0
0
VERTEX
8
Layer 1
10
149.713074
20
262.549166
70
0
0
VERTEX
8
Layer 1
10
149.713074
20
262.549166
70
0
0
SEQEND
8
Layer 1
0
POLYLINE
8
Layer 1
62
7
70
0
10
0.000000
20
0.000000
66
1
0
VERTEX
8
Layer 1
10
155.179334
20
273.196491
70
0
0
VERTEX
8
Layer 1
10
155.160321
20
273.215504
70
0
0
VERTEX
8
Layer 1
10
155.150815
20
273.225011
70
0
0
VERTEX
8
Layer 1
10
155.141308
20
273.234517
70
0
0
VERTEX
8
Layer 1
10
155.141308
20
273.244024
70
0
0
VERTEX
8
Layer 1
10
155.141308
20
273.244024
70
0
0
VERTEX
8
Layer 1
10
155.141308
20
273.244024
70
0
0
VERTEX
8
Layer 1
10
155.141308
20
273.244024
70
0
0
VERTEX
8
Layer 1
10
155.141308
20
273.244024
70
0
0
VERTEX
8
Layer 1
10
155.131802
20
273.253530
70
0
0
VERTEX
8
Layer 1
10
155.131802
20
273.263037
70
0
0
VERTEX
8
Layer 1
10
155.131802
20
273.263037
70
0
0
VERTEX
8
Layer 1
10
155.131802
20
273.263037
70
0
0
VERTEX
8
Layer 1
10
155.131802
20
273.263037
70
0
0
VERTEX
8
Layer 1
10
155.131802
20
273.263037
70
0
0
VERTEX
8
Layer 1
10
155.122295
20
273.272543
70
0
0
VERTEX
8
Layer 1
10
155.112788
20
273.282050
70
0
0
VERTEX
8
Layer 1
10
155.112788
20
273.282050
70
0
0
VERTEX
8
Layer 1
10
155.112788
20
273.282050
70
0
0
VERTEX
8
Layer 1
10
155.112788
20
273.282050
70
0
0
VERTEX
8
Layer 1
10
155.103282
20
273.301063
70
0
0
VERTEX
8
Layer 1
10
155.093775
20
273.320076
70
0
0
VERTEX
8
Layer 1
10
155.084269
20
273.329583
70
0
0
VERTEX
8
Layer 1
10
155.074762
20
273.339089
70
0
0
VERTEX
8
Layer 1
10
155.065256
20
273.358102
70
0
0
VERTEX
8
Layer 1
10
155.065256
20
273.358102
70
0
0
VERTEX
8
Layer 1
10
155.065256
20
273.358102
70
0
0
VERTEX
8
Layer 1
10
155.065256
20
273.358102
70
0
0
VERTEX
8
Layer 1
10
155.055749
20
273.367609
70
0
0
VERTEX
8
Layer 1
10
155.046243
20
273.386622
70
0
0
VERTEX
8
Layer 1
10
155.036736
20
273.405635
70
0
0
VERTEX
8
Layer 1
10
155.027230
20
273.415142
70
0
0
VERTEX
8
Layer 1
10
155.027230
20
273.424648
70
0
0
VERTEX
8
Layer 1
10
155.027230
20
273.434155
70
0
0
VERTEX
8
Layer 1
10
154.960684
20
273.643299
70
0
0
VERTEX
8
Layer 1
10
154.960684
20
273.662312
70
0
0
VERTEX
8
Layer 1
10
154.951177
20
273.681325
70
0
0
VERTEX
8
Layer 1
10
154.941671
20
273.690831
70
0
0
VERTEX
8
Layer 1
10
154.941671
20
273.700338
70
0
0
VERTEX
8
Layer 1
10
154.941671
20
273.709844
70
0
0
VERTEX
8
Layer 1
10
154.941671
20
273.719351
70
0
0
VERTEX
8
Layer 1
10
154.941671
20
273.728857
70
0
0
VERTEX
8
Layer 1
10
154.941671
20
273.728857
70
0
0
VERTEX
8
Layer 1
10
154.932164
20
273.728857
70
0
0
VERTEX
8
Layer 1
10
154.932164
20
273.728857
70
0
0
VERTEX
8
Layer 1
10
154.922658
20
273.728857
70
0
0
VERTEX
8
Layer 1
10
154.913151
20
273.738364
70
0
0
VERTEX
8
Layer 1
10
154.913151
20
273.738364
70
0
0
VERTEX
8
Layer 1
10
154.903645
20
273.738364
70
0
0
VERTEX
8
Layer 1
10
154.894138
20
273.738364
70
0
0
VERTEX
8
Layer 1
10
154.884632
20
273.738364
70
0
0
VERTEX
8
Layer 1
10
154.875125
20
273.738364
70
0
0
VERTEX
8
Layer 1
10
154.865618
20
273.738364
70
0
0
VERTEX
8
Layer 1
10
154.846605
20
273.738364
70
0
0
VERTEX
8
Layer 1
10
154.827592
20
273.728857
70
0
0
VERTEX
8
Layer 1
10
154.808579
20
273.719351
70
0
0
VERTEX
8
Layer 1
10
154.789566
20
273.709844
70
0
0
VERTEX
8
Layer 1
10
154.780060
20
273.700338
70
0
0
VERTEX
8
Layer 1
10
154.770553
20
273.690831
70
0
0
VERTEX
8
Layer 1
10
154.713514
20
273.633792
70
0
0
VERTEX
8
Layer 1
10
154.656475
20
273.576753
70
0
0
VERTEX
8
Layer 1
10
154.599435
20
273.519713
70
0
0
VERTEX
8
Layer 1
10
154.542396
20
273.462674
70
0
0
VERTEX
8
Layer 1
10
154.485357
20
273.405635
70
0
0
VERTEX
8
Layer 1
10
154.456837
20
273.377115
70
0
0
VERTEX
8
Layer 1
10
154.428318
20
273.348596
70
0
0
VERTEX
8
Layer 1
10
154.371278
20
273.282050
70
0
0
VERTEX
8
Layer 1
10
154.314239
20
273.215504
70
0
0
VERTEX
8
Layer 1
10
154.342759
20
273.129945
70
0
0
VERTEX
8
Layer 1
10
154.390291
20
273.101426
70
0
0
VERTEX
8
Layer 1
10
154.437824
20
273.072906
70
0
0
VERTEX
8
Layer 1
10
154.475850
20
273.044386
70
0
0
VERTEX
8
Layer 1
10
154.513876
20
273.015867
70
0
0
VERTEX
8
Layer 1
10
154.542396
20
272.996854
70
0
0
VERTEX
8
Layer 1
10
154.561409
20
272.977841
70
0
0
VERTEX
8
Layer 1
10
154.580422
20
272.958828
70
0
0
VERTEX
8
Layer 1
10
154.599435
20
272.939815
70
0
0
VERTEX
8
Layer 1
10
154.694501
20
272.835243
70
0
0
VERTEX
8
Layer 1
10
154.723020
20
272.797216
70
0
0
VERTEX
8
Layer 1
10
154.770553
20
272.740177
70
0
0
VERTEX
8
Layer 1
10
154.808579
20
272.740177
70
0
0
VERTEX
8
Layer 1
10
155.179334
20
273.196491
70
0
0
VERTEX
8
Layer 1
10
155.179334
20
273.196491
70
0
0
SEQEND
8
Layer 1
0
POLYLINE
8
Layer 1
62
7
70
0
10
0.000000
20
0.000000
66
1
0
VERTEX
8
Layer 1
10
156.681368
20
270.762817
70
0
0
VERTEX
8
Layer 1
10
156.757420
20
270.677258
70
0
0
VERTEX
8
Layer 1
10
156.833472
20
270.591699
70
0
0
VERTEX
8
Layer 1
10
156.909525
20
270.506140
70
0
0
VERTEX
8
Layer 1
10
156.938044
20
270.468114
70
0
0
VERTEX
8
Layer 1
10
157.270773
20
270.743804
70
0
0
VERTEX
8
Layer 1
10
157.261267
20
270.762817
70
0
0
VERTEX
8
Layer 1
10
157.242253
20
270.781830
70
0
0
VERTEX
8
Layer 1
10
157.166201
20
270.876895
70
0
0
VERTEX
8
Layer 1
10
157.090149
20
270.971961
70
0
0
VERTEX
8
Layer 1
10
157.014096
20
271.067026
70
0
0
VERTEX
8
Layer 1
10
156.976070
20
271.114559
70
0
0
VERTEX
8
Layer 1
10
156.938044
20
271.162092
70
0
0
VERTEX
8
Layer 1
10
156.900018
20
271.209624
70
0
0
VERTEX
8
Layer 1
10
156.861992
20
271.257157
70
0
0
VERTEX
8
Layer 1
10
156.823966
20
271.304690
70
0
0
VERTEX
8
Layer 1
10
156.804953
20
271.323703
70
0
0
VERTEX
8
Layer 1
10
156.795446
20
271.333209
70
0
0
VERTEX
8
Layer 1
10
156.785940
20
271.342716
70
0
0
VERTEX
8
Layer 1
10
156.719394
20
271.428275
70
0
0
VERTEX
8
Layer 1
10
156.396171
20
271.846562
70
0
0
VERTEX
8
Layer 1
10
156.339132
20
271.922615
70
0
0
VERTEX
8
Layer 1
10
156.301106
20
271.970147
70
0
0
VERTEX
8
Layer 1
10
156.263080
20
272.017680
70
0
0
VERTEX
8
Layer 1
10
156.234560
20
272.046200
70
0
0
VERTEX
8
Layer 1
10
156.187028
20
272.103239
70
0
0
VERTEX
8
Layer 1
10
156.139495
20
272.160278
70
0
0
VERTEX
8
Layer 1
10
156.129988
20
272.179291
70
0
0
VERTEX
8
Layer 1
10
156.120482
20
272.198304
70
0
0
VERTEX
8
Layer 1
10
156.082456
20
272.245837
70
0
0
VERTEX
8
Layer 1
10
156.044429
20
272.293370
70
0
0
VERTEX
8
Layer 1
10
156.006403
20
272.331396
70
0
0
VERTEX
8
Layer 1
10
155.958871
20
272.378929
70
0
0
VERTEX
8
Layer 1
10
155.911338
20
272.426461
70
0
0
VERTEX
8
Layer 1
10
155.873312
20
272.464488
70
0
0
VERTEX
8
Layer 1
10
155.844792
20
272.502514
70
0
0
VERTEX
8
Layer 1
10
155.835286
20
272.521527
70
0
0
VERTEX
8
Layer 1
10
155.550089
20
272.131759
70
0
0
VERTEX
8
Layer 1
10
155.550089
20
272.103239
70
0
0
VERTEX
8
Layer 1
10
155.540583
20
271.941628
70
0
0
VERTEX
8
Layer 1
10
155.597622
20
271.884589
70
0
0
VERTEX
8
Layer 1
10
155.626142
20
271.846562
70
0
0
VERTEX
8
Layer 1
10
155.692687
20
271.770510
70
0
0
VERTEX
8
Layer 1
10
155.721207
20
271.741990
70
0
0
VERTEX
8
Layer 1
10
155.797259
20
271.665938
70
0
0
VERTEX
8
Layer 1
10
155.825779
20
271.637419
70
0
0
VERTEX
8
Layer 1
10
155.863805
20
271.589886
70
0
0
VERTEX
8
Layer 1
10
155.901831
20
271.551860
70
0
0
VERTEX
8
Layer 1
10
155.968377
20
271.475807
70
0
0
VERTEX
8
Layer 1
10
156.034923
20
271.399755
70
0
0
VERTEX
8
Layer 1
10
156.101469
20
271.323703
70
0
0
VERTEX
8
Layer 1
10
156.168014
20
271.257157
70
0
0
VERTEX
8
Layer 1
10
156.367652
20
271.095546
70
0
0
VERTEX
8
Layer 1
10
156.443704
20
271.019493
70
0
0
VERTEX
8
Layer 1
10
156.519756
20
270.943441
70
0
0
VERTEX
8
Layer 1
10
156.595809
20
270.867389
70
0
0
VERTEX
8
Layer 1
10
156.681368
20
270.762817
70
0
0
SEQEND
8
Layer 1
0
POLYLINE
8
Layer 1
62
7
70
0
10
0.000000
20
0.000000
66
1
0
VERTEX
8
Layer 1
10
152.850232
20
269.564993
70
0
0
VERTEX
8
Layer 1
10
156.995083
20
269.564993
70
0
0
VERTEX
8
Layer 1
10
157.269585
20
269.302375
70
0
0
VERTEX
8
Layer 1
10
157.651035
20
269.203744
70
0
0
VERTEX
8
Layer 1
10
157.850672
20
269.232264
70
0
0
VERTEX
8
Layer 1
10
157.822152
20
269.260784
70
0
0
VERTEX
8
Layer 1
10
157.746100
20
269.355849
70
0
0
VERTEX
8
Layer 1
10
157.670048
20
269.450914
70
0
0
VERTEX
8
Layer 1
10
157.593995
20
269.545980
70
0
0
VERTEX
8
Layer 1
10
157.555969
20
269.593512
70
0
0
VERTEX
8
Layer 1
10
157.489424
20
269.593512
70
0
0
VERTEX
8
Layer 1
10
157.280280
20
269.802656
70
0
0
VERTEX
8
Layer 1
10
157.280280
20
269.907228
70
0
0
VERTEX
8
Layer 1
10
157.280280
20
270.097359
70
0
0
VERTEX
8
Layer 1
10
157.280280
20
270.116372
70
0
0
VERTEX
8
Layer 1
10
157.489424
20
270.354036
70
0
0
VERTEX
8
Layer 1
10
157.632022
20
270.354036
70
0
0
VERTEX
8
Layer 1
10
157.803139
20
270.354036
70
0
0
VERTEX
8
Layer 1
10
157.812646
20
270.354036
70
0
0
VERTEX
8
Layer 1
10
158.059816
20
270.116372
70
0
0
VERTEX
8
Layer 1
10
158.059816
20
270.068839
70
0
0
VERTEX
8
Layer 1
10
158.145375
20
269.973774
70
0
0
VERTEX
8
Layer 1
10
158.183401
20
269.926241
70
0
0
VERTEX
8
Layer 1
10
158.221427
20
269.878709
70
0
0
VERTEX
8
Layer 1
10
158.240440
20
269.859696
70
0
0
VERTEX
8
Layer 1
10
158.259453
20
269.840683
70
0
0
VERTEX
8
Layer 1
10
158.297479
20
269.793150
70
0
0
VERTEX
8
Layer 1
10
158.345012
20
269.745617
70
0
0
VERTEX
8
Layer 1
10
158.383038
20
269.707591
70
0
0
VERTEX
8
Layer 1
10
158.421064
20
269.954761
70
0
0
VERTEX
8
Layer 1
10
158.196472
20
270.500199
70
0
0
VERTEX
8
Layer 1
10
157.651035
20
270.724791
70
0
0
VERTEX
8
Layer 1
10
157.337319
20
270.658245
70
0
0
VERTEX
8
Layer 1
10
157.004590
20
270.382555
70
0
0
VERTEX
8
Layer 1
10
156.976070
20
270.335023
70
0
0
VERTEX
8
Layer 1
10
152.850232
20
270.335023
70
0
0
VERTEX
8
Layer 1
10
152.511561
20
270.736674
70
0
0
VERTEX
8
Layer 1
10
151.994643
20
270.895908
70
0
0
VERTEX
8
Layer 1
10
151.582297
20
270.802031
70
0
0
VERTEX
8
Layer 1
10
151.262640
20
270.544166
70
0
0
VERTEX
8
Layer 1
10
151.262640
20
270.458608
70
0
0
VERTEX
8
Layer 1
10
151.852045
20
270.458608
70
0
0
VERTEX
8
Layer 1
10
152.251320
20
269.954761
70
0
0
VERTEX
8
Layer 1
10
151.852045
20
269.441408
70
0
0
VERTEX
8
Layer 1
10
151.262640
20
269.441408
70
0
0
VERTEX
8
Layer 1
10
151.262640
20
269.365356
70
0
0
VERTEX
8
Layer 1
10
151.262640
20
269.355849
70
0
0
VERTEX
8
Layer 1
10
151.582297
20
269.097984
70
0
0
VERTEX
8
Layer 1
10
151.994643
20
269.004107
70
0
0
VERTEX
8
Layer 1
10
152.511561
20
269.166906
70
0
0
VERTEX
8
Layer 1
10
152.850232
20
269.564993
70
0
0
VERTEX
8
Layer 1
10
152.850232
20
269.564993
70
0
0
SEQEND
8
Layer 1
0
POLYLINE
8
Layer 1
62
7
70
0
10
0.000000
20
0.000000
66
1
0
VERTEX
8
Layer 1
10
152.983324
20
269.878709
70
0
0
VERTEX
8
Layer 1
10
152.935791
20
269.888215
70
0
0
VERTEX
8
Layer 1
10
152.888258
20
269.973774
70
0
0
VERTEX
8
Layer 1
10
152.935791
20
270.059333
70
0
0
VERTEX
8
Layer 1
10
152.983324
20
270.068839
70
0
0
VERTEX
8
Layer 1
10
156.519756
20
270.068839
70
0
0
VERTEX
8
Layer 1
10
156.614822
20
269.973774
70
0
0
VERTEX
8
Layer 1
10
156.519756
20
269.878709
70
0
0
VERTEX
8
Layer 1
10
152.983324
20
269.878709
70
0
0
SEQEND
8
Layer 1
0
POLYLINE
8
Layer 1
62
7
70
0
10
0.000000
20
0.000000
66
1
0
VERTEX
8
Layer 1
10
158.278466
20
275.525593
70
0
0
VERTEX
8
Layer 1
10
158.487610
20
275.725231
70
0
0
VERTEX
8
Layer 1
10
158.724085
20
275.764445
70
0
0
VERTEX
8
Layer 1
10
159.010470
20
275.924868
70
0
0
VERTEX
8
Layer 1
10
159.200601
20
276.343156
70
0
0
VERTEX
8
Layer 1
10
159.200601
20
276.381182
70
0
0
VERTEX
8
Layer 1
10
159.181588
20
276.552300
70
0
0
VERTEX
8
Layer 1
10
159.153068
20
276.637859
70
0
0
VERTEX
8
Layer 1
10
159.134055
20
276.666378
70
0
0
VERTEX
8
Layer 1
10
158.829846
20
276.333649
70
0
0
VERTEX
8
Layer 1
10
158.620702
20
276.343156
70
0
0
VERTEX
8
Layer 1
10
158.525636
20
276.409702
70
0
0
VERTEX
8
Layer 1
10
158.468597
20
276.485754
70
0
0
VERTEX
8
Layer 1
10
158.440077
20
276.552300
70
0
0
VERTEX
8
Layer 1
10
158.715767
20
276.866016
70
0
0
VERTEX
8
Layer 1
10
158.706261
20
277.018120
70
0
0
VERTEX
8
Layer 1
10
158.520883
20
277.018120
70
0
0
VERTEX
8
Layer 1
10
158.135868
20
276.789963
70
0
0
VERTEX
8
Layer 1
10
158.021790
20
276.447728
70
0
0
VERTEX
8
Layer 1
10
158.040803
20
276.219571
70
0
0
VERTEX
8
Layer 1
10
158.040803
20
276.210064
70
0
0
VERTEX
8
Layer 1
10
157.470410
20
275.516087
70
0
0
VERTEX
8
Layer 1
10
158.278466
20
275.516087
70
0
0
VERTEX
8
Layer 1
10
158.278466
20
275.525593
70
0
0
SEQEND
8
Layer 1
0
POLYLINE
8
Layer 1
62
7
70
0
10
0.000000
20
0.000000
66
1
0
VERTEX
8
Layer 1
10
155.188841
20
271.561366
70
0
0
VERTEX
8
Layer 1
10
155.354017
20
271.895283
70
0
0
VERTEX
8
Layer 1
10
155.369465
20
272.150772
70
0
0
VERTEX
8
Layer 1
10
157.755607
20
274.955201
70
0
0
VERTEX
8
Layer 1
10
156.995083
20
274.955201
70
0
0
VERTEX
8
Layer 1
10
154.903645
20
272.597579
70
0
0
VERTEX
8
Layer 1
10
154.646968
20
272.557176
70
0
0
VERTEX
8
Layer 1
10
154.304733
20
272.388435
70
0
0
VERTEX
8
Layer 1
10
154.133615
20
272.036693
70
0
0
VERTEX
8
Layer 1
10
154.152628
20
271.922615
70
0
0
VERTEX
8
Layer 1
10
154.209667
20
271.732484
70
0
0
VERTEX
8
Layer 1
10
154.513876
20
272.046200
70
0
0
VERTEX
8
Layer 1
10
154.513876
20
272.046200
70
0
0
VERTEX
8
Layer 1
10
154.513876
20
272.046200
70
0
0
VERTEX
8
Layer 1
10
154.682618
20
272.010550
70
0
0
VERTEX
8
Layer 1
10
154.894138
20
271.789523
70
0
0
VERTEX
8
Layer 1
10
154.894138
20
271.789523
70
0
0
VERTEX
8
Layer 1
10
154.599435
20
271.466301
70
0
0
VERTEX
8
Layer 1
10
154.608942
20
271.352222
70
0
0
VERTEX
8
Layer 1
10
154.795508
20
271.353411
70
0
0
VERTEX
8
Layer 1
10
155.188841
20
271.561366
70
0
0
VERTEX
8
Layer 1
10
155.188841
20
271.561366
70
0
0
SEQEND
8
Layer 1
0
POLYLINE
8
Layer 1
62
7
70
0
10
0.000000
20
0.000000
66
1
0
VERTEX
8
Layer 1
10
158.097842
20
268.158025
70
0
0
VERTEX
8
Layer 1
10
158.135868
20
268.177038
70
0
0
VERTEX
8
Layer 1
10
158.183401
20
268.196051
70
0
0
VERTEX
8
Layer 1
10
158.259453
20
268.234077
70
0
0
VERTEX
8
Layer 1
10
158.345012
20
268.272103
70
0
0
VERTEX
8
Layer 1
10
158.421064
20
268.310130
70
0
0
VERTEX
8
Layer 1
10
158.506623
20
268.348156
70
0
0
VERTEX
8
Layer 1
10
158.544649
20
268.367169
70
0
0
VERTEX
8
Layer 1
10
158.592182
20
268.395688
70
0
0
VERTEX
8
Layer 1
10
158.668234
20
268.433715
70
0
0
VERTEX
8
Layer 1
10
158.753793
20
268.481247
70
0
0
VERTEX
8
Layer 1
10
158.791819
20
268.509767
70
0
0
VERTEX
8
Layer 1
10
158.839352
20
268.528780
70
0
0
VERTEX
8
Layer 1
10
158.877378
20
268.557300
70
0
0
VERTEX
8
Layer 1
10
158.905898
20
268.585819
70
0
0
VERTEX
8
Layer 1
10
158.943924
20
268.604832
70
0
0
VERTEX
8
Layer 1
10
158.981950
20
268.633352
70
0
0
VERTEX
8
Layer 1
10
159.010470
20
268.661872
70
0
0
VERTEX
8
Layer 1
10
159.038990
20
268.690391
70
0
0
VERTEX
8
Layer 1
10
159.067509
20
268.718911
70
0
0
VERTEX
8
Layer 1
10
159.086522
20
268.747430
70
0
0
VERTEX
8
Layer 1
10
159.105535
20
268.766443
70
0
0
VERTEX
8
Layer 1
10
159.134055
20
268.804470
70
0
0
VERTEX
8
Layer 1
10
159.153068
20
268.832989
70
0
0
VERTEX
8
Layer 1
10
159.162575
20
268.861509
70
0
0
VERTEX
8
Layer 1
10
159.181588
20
268.890028
70
0
0
VERTEX
8
Layer 1
10
159.191094
20
268.918548
70
0
0
VERTEX
8
Layer 1
10
159.191094
20
268.928055
70
0
0
VERTEX
8
Layer 1
10
159.181588
20
268.937561
70
0
0
VERTEX
8
Layer 1
10
159.181588
20
268.956574
70
0
0
VERTEX
8
Layer 1
10
159.181588
20
268.966081
70
0
0
VERTEX
8
Layer 1
10
159.181588
20
268.975587
70
0
0
VERTEX
8
Layer 1
10
159.181588
20
268.985094
70
0
0
VERTEX
8
Layer 1
10
159.181588
20
269.004107
70
0
0
VERTEX
8
Layer 1
10
159.181588
20
269.004107
70
0
0
VERTEX
8
Layer 1
10
159.181588
20
269.013614
70
0
0
VERTEX
8
Layer 1
10
159.181588
20
269.013614
70
0
0
VERTEX
8
Layer 1
10
159.181588
20
269.023120
70
0
0
VERTEX
8
Layer 1
10
159.191094
20
269.032627
70
0
0
VERTEX
8
Layer 1
10
159.191094
20
269.042133
70
0
0
VERTEX
8
Layer 1
10
159.191094
20
269.051640
70
0
0
VERTEX
8
Layer 1
10
159.200601
20
269.051640
70
0
0
VERTEX
8
Layer 1
10
159.200601
20
269.061146
70
0
0
VERTEX
8
Layer 1
10
159.210107
20
269.070653
70
0
0
VERTEX
8
Layer 1
10
159.219614
20
269.080159
70
0
0
VERTEX
8
Layer 1
10
159.219614
20
269.089666
70
0
0
VERTEX
8
Layer 1
10
159.229120
20
269.099172
70
0
0
VERTEX
8
Layer 1
10
159.229120
20
269.099172
70
0
0
VERTEX
8
Layer 1
10
159.248133
20
269.108679
70
0
0
VERTEX
8
Layer 1
10
159.257640
20
269.118185
70
0
0
VERTEX
8
Layer 1
10
159.257640
20
269.127692
70
0
0
VERTEX
8
Layer 1
10
159.267146
20
269.127692
70
0
0
VERTEX
8
Layer 1
10
159.276653
20
269.137199
70
0
0
VERTEX
8
Layer 1
10
159.295666
20
269.146705
70
0
0
VERTEX
8
Layer 1
10
159.295666
20
269.146705
70
0
0
VERTEX
8
Layer 1
10
159.305173
20
269.156212
70
0
0
VERTEX
8
Layer 1
10
159.305173
20
269.156212
70
0
0
VERTEX
8
Layer 1
10
159.324186
20
269.165718
70
0
0
VERTEX
8
Layer 1
10
159.333692
20
269.165718
70
0
0
VERTEX
8
Layer 1
10
159.352705
20
269.175225
70
0
0
VERTEX
8
Layer 1
10
159.371718
20
269.184731
70
0
0
VERTEX
8
Layer 1
10
159.390732
20
269.194238
70
0
0
VERTEX
8
Layer 1
10
159.400238
20
269.194238
70
0
0
VERTEX
8
Layer 1
10
159.409745
20
269.194238
70
0
0
VERTEX
8
Layer 1
10
159.428758
20
269.203744
70
0
0
VERTEX
8
Layer 1
10
159.447771
20
269.213251
70
0
0
VERTEX
8
Layer 1
10
159.476290
20
269.213251
70
0
0
VERTEX
8
Layer 1
10
159.495303
20
269.222757
70
0
0
VERTEX
8
Layer 1
10
159.723460
20
269.441408
70
0
0
VERTEX
8
Layer 1
10
159.713954
20
269.460421
70
0
0
VERTEX
8
Layer 1
10
159.704447
20
269.488941
70
0
0
VERTEX
8
Layer 1
10
159.694941
20
269.507954
70
0
0
VERTEX
8
Layer 1
10
159.694941
20
269.536473
70
0
0
VERTEX
8
Layer 1
10
159.685434
20
269.555486
70
0
0
VERTEX
8
Layer 1
10
159.675928
20
269.574499
70
0
0
VERTEX
8
Layer 1
10
159.666421
20
269.593512
70
0
0
VERTEX
8
Layer 1
10
159.656915
20
269.612526
70
0
0
VERTEX
8
Layer 1
10
159.647408
20
269.631539
70
0
0
VERTEX
8
Layer 1
10
159.637902
20
269.650552
70
0
0
VERTEX
8
Layer 1
10
159.628395
20
269.660058
70
0
0
VERTEX
8
Layer 1
10
159.618888
20
269.679071
70
0
0
VERTEX
8
Layer 1
10
159.609382
20
269.688578
70
0
0
VERTEX
8
Layer 1
10
159.590369
20
269.698084
70
0
0
VERTEX
8
Layer 1
10
159.580862
20
269.717097
70
0
0
VERTEX
8
Layer 1
10
159.571356
20
269.726604
70
0
0
VERTEX
8
Layer 1
10
159.552343
20
269.736111
70
0
0
VERTEX
8
Layer 1
10
159.533330
20
269.745617
70
0
0
VERTEX
8
Layer 1
10
159.523823
20
269.755124
70
0
0
VERTEX
8
Layer 1
10
159.504810
20
269.764630
70
0
0
VERTEX
8
Layer 1
10
159.485797
20
269.774137
70
0
0
VERTEX
8
Layer 1
10
159.466784
20
269.774137
70
0
0
VERTEX
8
Layer 1
10
159.447771
20
269.783643
70
0
0
VERTEX
8
Layer 1
10
159.419251
20
269.783643
70
0
0
VERTEX
8
Layer 1
10
159.172081
20
269.603019
70
0
0
VERTEX
8
Layer 1
10
159.162575
20
269.584006
70
0
0
VERTEX
8
Layer 1
10
159.162575
20
269.555486
70
0
0
VERTEX
8
Layer 1
10
159.153068
20
269.536473
70
0
0
VERTEX
8
Layer 1
10
159.153068
20
269.517460
70
0
0
VERTEX
8
Layer 1
10
159.134055
20
269.479434
70
0
0
VERTEX
8
Layer 1
10
159.115042
20
269.441408
70
0
0
VERTEX
8
Layer 1
10
159.096029
20
269.403382
70
0
0
VERTEX
8
Layer 1
10
159.077016
20
269.374862
70
0
0
VERTEX
8
Layer 1
10
159.058003
20
269.365356
70
0
0
VERTEX
8
Layer 1
10
159.048496
20
269.355849
70
0
0
VERTEX
8
Layer 1
10
159.029483
20
269.336836
70
0
0
VERTEX
8
Layer 1
10
159.019976
20
269.327329
70
0
0
VERTEX
8
Layer 1
10
159.000963
20
269.317823
70
0
0
VERTEX
8
Layer 1
10
158.981950
20
269.308316
70
0
0
VERTEX
8
Layer 1
10
158.962937
20
269.308316
70
0
0
VERTEX
8
Layer 1
10
158.943924
20
269.298810
70
0
0
VERTEX
8
Layer 1
10
158.934418
20
269.289303
70
0
0
VERTEX
8
Layer 1
10
158.905898
20
269.289303
70
0
0
VERTEX
8
Layer 1
10
158.886885
20
269.279797
70
0
0
VERTEX
8
Layer 1
10
158.867872
20
269.279797
70
0
0
VERTEX
8
Layer 1
10
158.848859
20
269.270290
70
0
0
VERTEX
8
Layer 1
10
158.820339
20
269.270290
70
0
0
VERTEX
8
Layer 1
10
158.801326
20
269.270290
70
0
0
VERTEX
8
Layer 1
10
158.772806
20
269.270290
70
0
0
VERTEX
8
Layer 1
10
158.725274
20
269.270290
70
0
0
VERTEX
8
Layer 1
10
158.668234
20
269.279797
70
0
0
VERTEX
8
Layer 1
10
158.658728
20
269.298810
70
0
0
VERTEX
8
Layer 1
10
158.649221
20
269.308316
70
0
0
VERTEX
8
Layer 1
10
158.630208
20
269.336836
70
0
0
VERTEX
8
Layer 1
10
158.611195
20
269.346342
70
0
0
VERTEX
8
Layer 1
10
158.601689
20
269.365356
70
0
0
VERTEX
8
Layer 1
10
158.582676
20
269.384369
70
0
0
VERTEX
8
Layer 1
10
158.573169
20
269.393875
70
0
0
VERTEX
8
Layer 1
10
158.563663
20
269.403382
70
0
0
VERTEX
8
Layer 1
10
158.544649
20
269.403382
70
0
0
VERTEX
8
Layer 1
10
158.535143
20
269.412888
70
0
0
VERTEX
8
Layer 1
10
158.516130
20
269.422395
70
0
0
VERTEX
8
Layer 1
10
158.497117
20
269.422395
70
0
0
VERTEX
8
Layer 1
10
158.487610
20
269.431901
70
0
0
VERTEX
8
Layer 1
10
158.392545
20
269.517460
70
0
0
VERTEX
8
Layer 1
10
158.373532
20
269.545980
70
0
0
VERTEX
8
Layer 1
10
158.364025
20
269.555486
70
0
0
VERTEX
8
Layer 1
10
158.345012
20
269.564993
70
0
0
VERTEX
8
Layer 1
10
158.297479
20
269.612526
70
0
0
VERTEX
8
Layer 1
10
158.259453
20
269.660058
70
0
0
VERTEX
8
Layer 1
10
158.211921
20
269.707591
70
0
0
VERTEX
8
Layer 1
10
158.164388
20
269.755124
70
0
0
VERTEX
8
Layer 1
10
158.145375
20
269.774137
70
0
0
VERTEX
8
Layer 1
10
158.116855
20
269.802656
70
0
0
VERTEX
8
Layer 1
10
158.078829
20
269.840683
70
0
0
VERTEX
8
Layer 1
10
158.031296
20
269.888215
70
0
0
VERTEX
8
Layer 1
10
157.765113
20
270.192424
70
0
0
VERTEX
8
Layer 1
10
157.622515
20
270.192424
70
0
0
VERTEX
8
Layer 1
10
157.413371
20
269.954761
70
0
0
VERTEX
8
Layer 1
10
157.413371
20
269.945254
70
0
0
VERTEX
8
Layer 1
10
157.689061
20
269.622032
70
0
0
VERTEX
8
Layer 1
10
157.765113
20
269.526967
70
0
0
VERTEX
8
Layer 1
10
157.841165
20
269.431901
70
0
0
VERTEX
8
Layer 1
10
157.926724
20
269.336836
70
0
0
VERTEX
8
Layer 1
10
158.002777
20
269.232264
70
0
0
VERTEX
8
Layer 1
10
158.088336
20
269.127692
70
0
0
VERTEX
8
Layer 1
10
158.088336
20
269.118185
70
0
0
VERTEX
8
Layer 1
10
158.088336
20
269.118185
70
0
0
VERTEX
8
Layer 1
10
158.088336
20
269.118185
70
0
0
VERTEX
8
Layer 1
10
158.088336
20
269.099172
70
0
0
VERTEX
8
Layer 1
10
158.088336
20
269.089666
70
0
0
VERTEX
8
Layer 1
10
158.088336
20
269.080159
70
0
0
VERTEX
8
Layer 1
10
158.088336
20
269.061146
70
0
0
VERTEX
8
Layer 1
10
158.097842
20
269.032627
70
0
0
VERTEX
8
Layer 1
10
158.097842
20
269.013614
70
0
0
VERTEX
8
Layer 1
10
158.107349
20
268.994600
70
0
0
VERTEX
8
Layer 1
10
158.107349
20
268.975587
70
0
0
VERTEX
8
Layer 1
10
158.116855
20
268.966081
70
0
0
VERTEX
8
Layer 1
10
158.116855
20
268.966081
70
0
0
VERTEX
8
Layer 1
10
158.116855
20
268.956574
70
0
0
VERTEX
8
Layer 1
10
158.126362
20
268.947068
70
0
0
VERTEX
8
Layer 1
10
158.135868
20
268.918548
70
0
0
VERTEX
8
Layer 1
10
158.145375
20
268.890028
70
0
0
VERTEX
8
Layer 1
10
158.154881
20
268.861509
70
0
0
VERTEX
8
Layer 1
10
158.173894
20
268.832989
70
0
0
VERTEX
8
Layer 1
10
158.173894
20
268.813976
70
0
0
VERTEX
8
Layer 1
10
158.183401
20
268.794963
70
0
0
VERTEX
8
Layer 1
10
158.202414
20
268.766443
70
0
0
VERTEX
8
Layer 1
10
158.202414
20
268.756937
70
0
0
VERTEX
8
Layer 1
10
158.211921
20
268.747430
70
0
0
VERTEX
8
Layer 1
10
158.221427
20
268.737924
70
0
0
VERTEX
8
Layer 1
10
158.221427
20
268.718911
70
0
0
VERTEX
8
Layer 1
10
158.221427
20
268.699898
70
0
0
VERTEX
8
Layer 1
10
158.221427
20
268.690391
70
0
0
VERTEX
8
Layer 1
10
158.221427
20
268.671378
70
0
0
VERTEX
8
Layer 1
10
158.221427
20
268.661872
70
0
0
VERTEX
8
Layer 1
10
158.211921
20
268.652365
70
0
0
VERTEX
8
Layer 1
10
158.202414
20
268.633352
70
0
0
VERTEX
8
Layer 1
10
158.192907
20
268.623845
70
0
0
VERTEX
8
Layer 1
10
158.183401
20
268.614339
70
0
0
VERTEX
8
Layer 1
10
158.173894
20
268.604832
70
0
0
VERTEX
8
Layer 1
10
158.154881
20
268.595326
70
0
0
VERTEX
8
Layer 1
10
158.145375
20
268.585819
70
0
0
VERTEX
8
Layer 1
10
158.126362
20
268.576313
70
0
0
VERTEX
8
Layer 1
10
158.107349
20
268.576313
70
0
0
VERTEX
8
Layer 1
10
158.078829
20
268.566806
70
0
0
VERTEX
8
Layer 1
10
158.059816
20
268.557300
70
0
0
VERTEX
8
Layer 1
10
158.031296
20
268.519273
70
0
0
VERTEX
8
Layer 1
10
158.012283
20
268.509767
70
0
0
VERTEX
8
Layer 1
10
157.993270
20
268.490754
70
0
0
VERTEX
8
Layer 1
10
157.955244
20
268.452728
70
0
0
VERTEX
8
Layer 1
10
157.917218
20
268.424208
70
0
0
VERTEX
8
Layer 1
10
157.879192
20
268.386182
70
0
0
VERTEX
8
Layer 1
10
157.841165
20
268.357662
70
0
0
VERTEX
8
Layer 1
10
157.793633
20
268.329143
70
0
0
VERTEX
8
Layer 1
10
157.774620
20
268.310130
70
0
0
VERTEX
8
Layer 1
10
157.746100
20
268.300623
70
0
0
VERTEX
8
Layer 1
10
157.698567
20
268.272103
70
0
0
VERTEX
8
Layer 1
10
157.651035
20
268.243584
70
0
0
VERTEX
8
Layer 1
10
157.603502
20
268.215064
70
0
0
VERTEX
8
Layer 1
10
157.574982
20
268.196051
70
0
0
VERTEX
8
Layer 1
10
157.546463
20
268.186545
70
0
0
VERTEX
8
Layer 1
10
157.489423
20
268.167531
70
0
0
VERTEX
8
Layer 1
10
157.432384
20
268.139012
70
0
0
VERTEX
8
Layer 1
10
157.375345
20
268.119999
70
0
0
VERTEX
8
Layer 1
10
157.318306
20
268.091479
70
0
0
VERTEX
8
Layer 1
10
157.308799
20
268.072466
70
0
0
VERTEX
8
Layer 1
10
157.308799
20
268.043946
70
0
0
VERTEX
8
Layer 1
10
157.308799
20
268.024933
70
0
0
VERTEX
8
Layer 1
10
157.308799
20
267.996414
70
0
0
VERTEX
8
Layer 1
10
157.318306
20
267.977401
70
0
0
VERTEX
8
Layer 1
10
157.318306
20
267.958388
70
0
0
VERTEX
8
Layer 1
10
157.327812
20
267.948881
70
0
0
VERTEX
8
Layer 1
10
157.337319
20
267.929868
70
0
0
VERTEX
8
Layer 1
10
157.441891
20
267.967894
70
0
0
VERTEX
8
Layer 1
10
157.517943
20
267.986907
70
0
0
VERTEX
8
Layer 1
10
157.565476
20
267.996414
70
0
0
VERTEX
8
Layer 1
10
157.603502
20
268.005920
70
0
0
VERTEX
8
Layer 1
10
157.641528
20
268.015427
70
0
0
VERTEX
8
Layer 1
10
157.689061
20
268.024933
70
0
0
VERTEX
8
Layer 1
10
157.727087
20
268.034440
70
0
0
VERTEX
8
Layer 1
10
157.765113
20
268.043946
70
0
0
VERTEX
8
Layer 1
10
157.812646
20
268.062960
70
0
0
VERTEX
8
Layer 1
10
157.850672
20
268.072466
70
0
0
VERTEX
8
Layer 1
10
157.888698
20
268.081973
70
0
0
VERTEX
8
Layer 1
10
157.936231
20
268.100986
70
0
0
VERTEX
8
Layer 1
10
157.974257
20
268.110492
70
0
0
VERTEX
8
Layer 1
10
158.012283
20
268.129505
70
0
0
VERTEX
8
Layer 1
10
158.097842
20
268.158025
70
0
0
SEQEND
8
Layer 1
0
POLYLINE
8
Layer 1
62
7
70
0
10
0.000000
20
0.000000
66
1
0
VERTEX
8
Layer 1
10
154.418811
20
274.803096
70
0
0
VERTEX
8
Layer 1
10
154.418811
20
274.803096
70
0
0
VERTEX
8
Layer 1
10
154.418811
20
274.803096
70
0
0
VERTEX
8
Layer 1
10
154.513876
20
275.040760
70
0
0
VERTEX
8
Layer 1
10
154.523383
20
275.164345
70
0
0
VERTEX
8
Layer 1
10
158.981950
20
275.164345
70
0
0
VERTEX
8
Layer 1
10
159.124548
20
275.107306
70
0
0
VERTEX
8
Layer 1
10
159.580862
20
275.173851
70
0
0
VERTEX
8
Layer 1
10
159.580862
20
275.344969
70
0
0
VERTEX
8
Layer 1
10
159.124548
20
275.411515
70
0
0
VERTEX
8
Layer 1
10
158.991457
20
275.335463
70
0
0
VERTEX
8
Layer 1
10
154.532890
20
275.335463
70
0
0
VERTEX
8
Layer 1
10
154.532890
20
275.363982
70
0
0
VERTEX
8
Layer 1
10
154.456837
20
275.601646
70
0
0
VERTEX
8
Layer 1
10
154.456837
20
275.601646
70
0
0
VERTEX
8
Layer 1
10
154.447331
20
275.601646
70
0
0
VERTEX
8
Layer 1
10
154.399798
20
275.563620
70
0
0
VERTEX
8
Layer 1
10
154.190654
20
275.478061
70
0
0
VERTEX
8
Layer 1
10
154.048056
20
275.525593
70
0
0
VERTEX
8
Layer 1
10
151.623888
20
275.677698
70
0
0
VERTEX
8
Layer 1
10
151.313737
20
275.617094
70
0
0
VERTEX
8
Layer 1
10
151.082016
20
275.363982
70
0
0
VERTEX
8
Layer 1
10
151.072509
20
275.240397
70
0
0
VERTEX
8
Layer 1
10
151.082016
20
275.145332
70
0
0
VERTEX
8
Layer 1
10
151.305419
20
274.886279
70
0
0
VERTEX
8
Layer 1
10
151.614382
20
274.812603
70
0
0
VERTEX
8
Layer 1
10
154.048056
20
274.898162
70
0
0
VERTEX
8
Layer 1
10
154.190654
20
274.936188
70
0
0
VERTEX
8
Layer 1
10
154.390291
20
274.841123
70
0
0
VERTEX
8
Layer 1
10
154.418811
20
274.803096
70
0
0
VERTEX
8
Layer 1
10
154.418811
20
274.803096
70
0
0
SEQEND
8
Layer 1
0
POLYLINE
8
Layer 1
62
7
70
0
10
0.000000
20
0.000000
66
1
0
VERTEX
8
Layer 1
10
10.927608
20
222.750000
70
0
0
VERTEX
8
Layer 1
10
94.072392
20
222.750000
70
0
0
VERTEX
8
Layer 1
10
96.214218
20
222.538089
70
0
0
VERTEX
8
Layer 1
10
98.254207
20
221.918185
70
0
0
VERTEX
8
Layer 1
10
100.135034
20
220.914034
70
0
0
VERTEX
8
Layer 1
10
101.799378
20
219.549378
70
0
0
VERTEX
8
Layer 1
10
103.164034
20
217.885034
70
0
0
VERTEX
8
Layer 1
10
104.168185
20
216.004207
70
0
0
VERTEX
8
Layer 1
10
104.788089
20
213.964218
70
0
0
VERTEX
8
Layer 1
10
105.000000
20
211.822392
70
0
0
VERTEX
8
Layer 1
10
105.000000
20
159.427608
70
0
0
VERTEX
8
Layer 1
10
104.788089
20
157.285782
70
0
0
VERTEX
8
Layer 1
10
104.168185
20
155.245793
70
0
0
VERTEX
8
Layer 1
10
103.164034
20
153.364966
70
0
0
VERTEX
8
Layer 1
10
101.799378
20
151.700622
70
0
0
VERTEX
8
Layer 1
10
100.135034
20
150.335966
70
0
0
VERTEX
8
Layer 1
10
98.254207
20
149.331815
70
0
0
VERTEX
8
Layer 1
10
96.214218
20
148.711911
70
0
0
VERTEX
8
Layer 1
10
94.072392
20
148.500000
70
0
0
VERTEX
8
Layer 1
10
10.927608
20
148.500000
70
0
0
VERTEX
8
Layer 1
10
8.785782
20
148.711911
70
0
0
VERTEX
8
Layer 1
10
6.745793
20
149.331815
70
0
0
VERTEX
8
Layer 1
10
4.864966
20
150.335966
70
0
0
VERTEX
8
Layer 1
10
3.200622
20
151.700622
70
0
0
VERTEX
8
Layer 1
10
1.835966
20
153.364966
70
0
0
VERTEX
8
Layer 1
10
0.831815
20
155.245793
70
0
0
VERTEX
8
Layer 1
10
0.211911
20
157.285782
70
0
0
VERTEX
8
Layer 1
10
0.000000
20
159.427608
70
0
0
VERTEX
8
Layer 1
10
0.000000
20
211.822392
70
0
0
VERTEX
8
Layer 1
10
0.211911
20
213.964218
70
0
0
VERTEX
8
Layer 1
10
0.831815
20
216.004207
70
0
0
VERTEX
8
Layer 1
10
1.835966
20
217.885034
70
0
0
VERTEX
8
Layer 1
10
3.200622
20
219.549378
70
0
0
VERTEX
8
Layer 1
10
4.864966
20
220.914034
70
0
0
VERTEX
8
Layer 1
10
6.745793
20
221.918185
70
0
0
VERTEX
8
Layer 1
10
8.785782
20
222.538089
70
0
0
VERTEX
8
Layer 1
10
10.927608
20
222.750000
70
0
0
VERTEX
8
Layer 1
10
10.927608
20
222.750000
70
0
0
SEQEND
8
Layer 1
0
POLYLINE
8
Layer 1
62
7
70
0
10
0.000000
20
0.000000
66
1
0
VERTEX
8
Layer 1
10
59.353145
20
183.098089
70
0
0
VERTEX
8
Layer 1
10
59.353145
20
183.915651
70
0
0
VERTEX
8
Layer 1
10
55.141748
20
183.915651
70
0
0
VERTEX
8
Layer 1
10
55.141748
20
183.478351
70
0
0
VERTEX
8
Layer 1
10
58.934858
20
183.478351
70
0
0
VERTEX
8
Layer 1
10
58.934858
20
183.383285
70
0
0
VERTEX
8
Layer 1
10
55.293853
20
182.318553
70
0
0
VERTEX
8
Layer 1
10
55.293853
20
181.738654
70
0
0
VERTEX
8
Layer 1
10
58.934858
20
180.664415
70
0
0
VERTEX
8
Layer 1
10
58.934858
20
180.578856
70
0
0
VERTEX
8
Layer 1
10
55.141748
20
180.578856
70
0
0
VERTEX
8
Layer 1
10
55.141748
20
180.132048
70
0
0
VERTEX
8
Layer 1
10
59.353145
20
180.132048
70
0
0
VERTEX
8
Layer 1
10
59.353145
20
180.949611
70
0
0
VERTEX
8
Layer 1
10
55.740660
20
182.023850
70
0
0
VERTEX
8
Layer 1
10
59.353145
20
183.098089
70
0
0
SEQEND
8
Layer 1
0
POLYLINE
8
Layer 1
62
7
70
0
10
0.000000
20
0.000000
66
1
0
VERTEX
8
Layer 1
10
58.934858
20
178.070129
70
0
0
VERTEX
8
Layer 1
10
58.934858
20
177.889505
70
0
0
VERTEX
8
Layer 1
10
56.624768
20
177.290593
70
0
0
VERTEX
8
Layer 1
10
56.624768
20
178.678548
70
0
0
VERTEX
8
Layer 1
10
58.934858
20
178.070129
70
0
0
SEQEND
8
Layer 1
0
POLYLINE
8
Layer 1
62
7
70
0
10
0.000000
20
0.000000
66
1
0
VERTEX
8
Layer 1
10
55.141748
20
179.534136
70
0
0
VERTEX
8
Layer 1
10
55.141748
20
179.068316
70
0
0
VERTEX
8
Layer 1
10
56.215987
20
178.773613
70
0
0
VERTEX
8
Layer 1
10
56.215987
20
177.195528
70
0
0
VERTEX
8
Layer 1
10
55.141748
20
176.900825
70
0
0
VERTEX
8
Layer 1
10
55.141748
20
176.435004
70
0
0
VERTEX
8
Layer 1
10
59.353145
20
177.518750
70
0
0
VERTEX
8
Layer 1
10
59.353145
20
178.440884
70
0
0
VERTEX
8
Layer 1
10
55.141748
20
179.534136
70
0
0
SEQEND
8
Layer 1
0
POLYLINE
8
Layer 1
62
7
70
0
10
0.000000
20
0.000000
66
1
0
VERTEX
8
Layer 1
10
55.141748
20
173.716134
70
0
0
VERTEX
8
Layer 1
10
55.141748
20
173.193274
70
0
0
VERTEX
8
Layer 1
10
57.271213
20
174.391098
70
0
0
VERTEX
8
Layer 1
10
59.353145
20
173.259820
70
0
0
VERTEX
8
Layer 1
10
59.353145
20
173.782680
70
0
0
VERTEX
8
Layer 1
10
57.432824
20
174.799880
70
0
0
VERTEX
8
Layer 1
10
57.404305
20
175.370272
70
0
0
VERTEX
8
Layer 1
10
59.353145
20
175.370272
70
0
0
VERTEX
8
Layer 1
10
59.353145
20
175.826586
70
0
0
VERTEX
8
Layer 1
10
55.141748
20
175.826586
70
0
0
VERTEX
8
Layer 1
10
55.141748
20
175.370272
70
0
0
VERTEX
8
Layer 1
10
56.995523
20
175.370272
70
0
0
VERTEX
8
Layer 1
10
57.014537
20
174.790373
70
0
0
VERTEX
8
Layer 1
10
55.141748
20
173.716134
70
0
0
SEQEND
8
Layer 1
0
POLYLINE
8
Layer 1
62
7
70
0
10
0.000000
20
0.000000
66
1
0
VERTEX
8
Layer 1
10
55.141748
20
170.284273
70
0
0
VERTEX
8
Layer 1
10
55.560036
20
170.284273
70
0
0
VERTEX
8
Layer 1
10
55.560036
20
172.176074
70
0
0
VERTEX
8
Layer 1
10
57.081082
20
172.176074
70
0
0
VERTEX
8
Layer 1
10
57.081082
20
170.626508
70
0
0
VERTEX
8
Layer 1
10
57.489864
20
170.626508
70
0
0
VERTEX
8
Layer 1
10
57.489864
20
172.176074
70
0
0
VERTEX
8
Layer 1
10
58.934858
20
172.176074
70
0
0
VERTEX
8
Layer 1
10
58.934858
20
170.284273
70
0
0
VERTEX
8
Layer 1
10
59.353145
20
170.284273
70
0
0
VERTEX
8
Layer 1
10
59.353145
20
172.632388
70
0
0
VERTEX
8
Layer 1
10
55.141748
20
172.632388
70
0
0
VERTEX
8
Layer 1
10
55.141748
20
170.284273
70
0
0
SEQEND
8
Layer 1
0
POLYLINE
8
Layer 1
62
7
70
0
10
0.000000
20
0.000000
66
1
0
VERTEX
8
Layer 1
10
58.069762
20
167.375272
70
0
0
VERTEX
8
Layer 1
10
57.381727
20
167.566591
70
0
0
VERTEX
8
Layer 1
10
57.157135
20
168.164315
70
0
0
VERTEX
8
Layer 1
10
57.157135
20
169.086449
70
0
0
VERTEX
8
Layer 1
10
58.944364
20
169.086449
70
0
0
VERTEX
8
Layer 1
10
58.944364
20
168.164315
70
0
0
VERTEX
8
Layer 1
10
58.728090
20
167.566591
70
0
0
VERTEX
8
Layer 1
10
58.069762
20
167.375272
70
0
0
VERTEX
8
Layer 1
10
58.069762
20
167.375272
70
0
0
SEQEND
8
Layer 1
0
POLYLINE
8
Layer 1
62
7
70
0
10
0.000000
20
0.000000
66
1
0
VERTEX
8
Layer 1
10
55.141748
20
167.299219
70
0
0
VERTEX
8
Layer 1
10
55.141748
20
166.795373
70
0
0
VERTEX
8
Layer 1
10
56.843419
20
167.603429
70
0
0
VERTEX
8
Layer 1
10
57.221304
20
167.101959
70
0
0
VERTEX
8
Layer 1
10
58.069762
20
166.899945
70
0
0
VERTEX
8
Layer 1
10
58.641789
20
166.981196
70
0
0
VERTEX
8
Layer 1
10
59.038241
20
167.221979
70
0
0
VERTEX
8
Layer 1
10
59.268923
20
167.617837
70
0
0
VERTEX
8
Layer 1
10
59.343639
20
168.164315
70
0
0
VERTEX
8
Layer 1
10
59.343639
20
169.552269
70
0
0
VERTEX
8
Layer 1
10
55.132242
20
169.552269
70
0
0
VERTEX
8
Layer 1
10
55.132242
20
169.086449
70
0
0
VERTEX
8
Layer 1
10
56.748353
20
169.086449
70
0
0
VERTEX
8
Layer 1
10
56.748353
20
168.050236
70
0
0
VERTEX
8
Layer 1
10
55.141748
20
167.299219
70
0
0
SEQEND
8
Layer 1
0
POLYLINE
8
Layer 1
62
7
70
0
10
0.000000
20
0.000000
66
1
0
VERTEX
8
Layer 1
10
59.362652
20
165.768667
70
0
0
VERTEX
8
Layer 1
10
59.362652
20
166.196461
70
0
0
VERTEX
8
Layer 1
10
57.974697
20
166.177448
70
0
0
VERTEX
8
Layer 1
10
57.974697
20
165.778173
70
0
0
VERTEX
8
Layer 1
10
59.362652
20
165.768667
70
0
0
SEQEND
8
Layer 1
0
POLYLINE
8
Layer 1
62
7
70
0
10
0.000000
20
0.000000
66
1
0
VERTEX
8
Layer 1
10
59.286600
20
162.707561
70
0
0
VERTEX
8
Layer 1
10
59.410185
20
163.829332
70
0
0
VERTEX
8
Layer 1
10
59.341114
20
164.384277
70
0
0
VERTEX
8
Layer 1
10
59.128553
20
164.789493
70
0
0
VERTEX
8
Layer 1
10
58.764483
20
165.037851
70
0
0
VERTEX
8
Layer 1
10
58.240880
20
165.122222
70
0
0
VERTEX
8
Layer 1
10
57.788577
20
165.044684
70
0
0
VERTEX
8
Layer 1
10
57.474415
20
164.815636
70
0
0
VERTEX
8
Layer 1
10
57.100095
20
163.924398
70
0
0
VERTEX
8
Layer 1
10
56.856490
20
163.282706
70
0
0
VERTEX
8
Layer 1
10
56.320559
20
163.068809
70
0
0
VERTEX
8
Layer 1
10
55.695504
20
163.260128
70
0
0
VERTEX
8
Layer 1
10
55.483984
20
163.857852
70
0
0
VERTEX
8
Layer 1
10
55.569542
20
165.036663
70
0
0
VERTEX
8
Layer 1
10
55.189281
20
165.065183
70
0
0
VERTEX
8
Layer 1
10
55.075202
20
163.857852
70
0
0
VERTEX
8
Layer 1
10
55.158236
20
163.295332
70
0
0
VERTEX
8
Layer 1
10
55.404366
20
162.901256
70
0
0
VERTEX
8
Layer 1
10
55.809137
20
162.669386
70
0
0
VERTEX
8
Layer 1
10
56.368092
20
162.593482
70
0
0
VERTEX
8
Layer 1
10
56.837923
20
162.664633
70
0
0
VERTEX
8
Layer 1
10
57.153570
20
162.877490
70
0
0
VERTEX
8
Layer 1
10
57.518383
20
163.724760
70
0
0
VERTEX
8
Layer 1
10
57.775060
20
164.419926
70
0
0
VERTEX
8
Layer 1
10
58.288413
20
164.637388
70
0
0
VERTEX
8
Layer 1
10
58.829097
20
164.429433
70
0
0
VERTEX
8
Layer 1
10
58.991897
20
163.800813
70
0
0
VERTEX
8
Layer 1
10
58.906338
20
162.726574
70
0
0
VERTEX
8
Layer 1
10
59.286600
20
162.707561
70
0
0
SEQEND
8
Layer 1
0
POLYLINE
8
Layer 1
62
7
70
0
10
0.000000
20
0.000000
66
1
0
VERTEX
8
Layer 1
10
52.651035
20
182.699814
70
0
0
VERTEX
8
Layer 1
10
52.651035
20
182.519190
70
0
0
VERTEX
8
Layer 1
10
50.340945
20
181.920278
70
0
0
VERTEX
8
Layer 1
10
50.340945
20
183.308233
70
0
0
VERTEX
8
Layer 1
10
52.651035
20
182.699814
70
0
0
SEQEND
8
Layer 1
0
POLYLINE
8
Layer 1
62
7
70
0
10
0.000000
20
0.000000
66
1
0
VERTEX
8
Layer 1
10
48.857925
20
184.163821
70
0
0
VERTEX
8
Layer 1
10
48.857925
20
183.698001
70
0
0
VERTEX
8
Layer 1
10
49.932164
20
183.403298
70
0
0
VERTEX
8
Layer 1
10
49.932164
20
181.825213
70
0
0
VERTEX
8
Layer 1
10
48.857925
20
181.530510
70
0
0
VERTEX
8
Layer 1
10
48.857925
20
181.064689
70
0
0
VERTEX
8
Layer 1
10
53.069322
20
182.148435
70
0
0
VERTEX
8
Layer 1
10
53.069322
20
183.070569
70
0
0
VERTEX
8
Layer 1
10
48.857925
20
184.163821
70
0
0
SEQEND
8
Layer 1
0
POLYLINE
8
Layer 1
62
7
70
0
10
0.000000
20
0.000000
66
1
0
VERTEX
8
Layer 1
10
53.002777
20
178.298286
70
0
0
VERTEX
8
Layer 1
10
53.126362
20
179.420058
70
0
0
VERTEX
8
Layer 1
10
53.057291
20
179.975002
70
0
0
VERTEX
8
Layer 1
10
52.844730
20
180.380218
70
0
0
VERTEX
8
Layer 1
10
52.480660
20
180.628577
70
0
0
VERTEX
8
Layer 1
10
51.957057
20
180.712947
70
0
0
VERTEX
8
Layer 1
10
51.504754
20
180.635410
70
0
0
VERTEX
8
Layer 1
10
51.190592
20
180.406361
70
0
0
VERTEX
8
Layer 1
10
50.816272
20
179.515123
70
0
0
VERTEX
8
Layer 1
10
50.572667
20
178.873432
70
0
0
VERTEX
8
Layer 1
10
50.036736
20
178.659535
70
0
0
VERTEX
8
Layer 1
10
49.411681
20
178.850854
70
0
0
VERTEX
8
Layer 1
10
49.200161
20
179.448578
70
0
0
VERTEX
8
Layer 1
10
49.285720
20
180.627389
70
0
0
VERTEX
8
Layer 1
10
48.905458
20
180.655908
70
0
0
VERTEX
8
Layer 1
10
48.791379
20
179.448578
70
0
0
VERTEX
8
Layer 1
10
48.874413
20
178.886058
70
0
0
VERTEX
8
Layer 1
10
49.120543
20
178.491982
70
0
0
VERTEX
8
Layer 1
10
49.525314
20
178.260112
70
0
0
VERTEX
8
Layer 1
10
50.084269
20
178.184208
70
0
0
VERTEX
8
Layer 1
10
50.554100
20
178.255358
70
0
0
VERTEX
8
Layer 1
10
50.869747
20
178.468216
70
0
0
VERTEX
8
Layer 1
10
51.234560
20
179.315486
70
0
0
VERTEX
8
Layer 1
10
51.491237
20
180.010652
70
0
0
VERTEX
8
Layer 1
10
52.004590
20
180.228114
70
0
0
VERTEX
8
Layer 1
10
52.545274
20
180.020158
70
0
0
VERTEX
8
Layer 1
10
52.708074
20
179.391538
70
0
0
VERTEX
8
Layer 1
10
52.622515
20
178.317299
70
0
0
VERTEX
8
Layer 1
10
53.002777
20
178.298286
70
0
0
SEQEND
8
Layer 1
0
POLYLINE
8
Layer 1
62
7
70
0
10
0.000000
20
0.000000
66
1
0
VERTEX
8
Layer 1
10
53.069322
20
177.956051
70
0
0
VERTEX
8
Layer 1
10
50.626142
20
176.729707
70
0
0
VERTEX
8
Layer 1
10
48.857925
20
176.729707
70
0
0
VERTEX
8
Layer 1
10
48.857925
20
176.282900
70
0
0
VERTEX
8
Layer 1
10
50.626142
20
176.282900
70
0
0
VERTEX
8
Layer 1
10
53.069322
20
175.066063
70
0
0
VERTEX
8
Layer 1
10
53.069322
20
175.560403
70
0
0
VERTEX
8
Layer 1
10
51.129988
20
176.511057
70
0
0
VERTEX
8
Layer 1
10
53.069322
20
177.452204
70
0
0
VERTEX
8
Layer 1
10
53.069322
20
177.956051
70
0
0
SEQEND
8
Layer 1
0
POLYLINE
8
Layer 1
62
7
70
0
10
0.000000
20
0.000000
66
1
0
VERTEX
8
Layer 1
10
49.266706
20
172.404231
70
0
0
VERTEX
8
Layer 1
10
49.266706
20
174.058369
70
0
0
VERTEX
8
Layer 1
10
53.069322
20
174.058369
70
0
0
VERTEX
8
Layer 1
10
53.069322
20
174.524190
70
0
0
VERTEX
8
Layer 1
10
48.857925
20
174.524190
70
0
0
VERTEX
8
Layer 1
10
48.857925
20
172.404231
70
0
0
VERTEX
8
Layer 1
10
49.266706
20
172.404231
70
0
0
SEQEND
8
Layer 1
0
POLYLINE
8
Layer 1
62
7
70
0
10
0.000000
20
0.000000
66
1
0
VERTEX
8
Layer 1
10
53.069322
20
171.501110
70
0
0
VERTEX
8
Layer 1
10
53.069322
20
171.966931
70
0
0
VERTEX
8
Layer 1
10
50.141308
20
171.966931
70
0
0
VERTEX
8
Layer 1
10
49.542842
20
171.884045
70
0
0
VERTEX
8
Layer 1
10
49.125297
20
171.631825
70
0
0
VERTEX
8
Layer 1
10
48.880652
20
171.204922
70
0
0
VERTEX
8
Layer 1
10
48.800886
20
170.597989
70
0
0
VERTEX
8
Layer 1
10
48.880652
20
169.985560
70
0
0
VERTEX
8
Layer 1
10
49.125297
20
169.555834
70
0
0
VERTEX
8
Layer 1
10
49.542842
20
169.302574
70
0
0
VERTEX
8
Layer 1
10
50.141308
20
169.219541
70
0
0
VERTEX
8
Layer 1
10
53.069322
20
169.219541
70
0
0
VERTEX
8
Layer 1
10
53.069322
20
169.685361
70
0
0
VERTEX
8
Layer 1
10
50.112789
20
169.685361
70
0
0
VERTEX
8
Layer 1
10
49.418811
20
169.901635
70
0
0
VERTEX
8
Layer 1
10
49.209667
20
170.588482
70
0
0
VERTEX
8
Layer 1
10
49.418811
20
171.271765
70
0
0
VERTEX
8
Layer 1
10
50.112789
20
171.491604
70
0
0
VERTEX
8
Layer 1
10
53.069322
20
171.491604
70
0
0
VERTEX
8
Layer 1
10
53.069322
20
171.501110
70
0
0
SEQEND
8
Layer 1
0
POLYLINE
8
Layer 1
62
7
70
0
10
0.000000
20
0.000000
66
1
0
VERTEX
8
Layer 1
10
53.069322
20
167.479844
70
0
0
VERTEX
8
Layer 1
10
53.069322
20
168.306913
70
0
0
VERTEX
8
Layer 1
10
48.857925
20
168.306913
70
0
0
VERTEX
8
Layer 1
10
48.857925
20
167.869612
70
0
0
VERTEX
8
Layer 1
10
52.651035
20
167.869612
70
0
0
VERTEX
8
Layer 1
10
52.651035
20
167.774546
70
0
0
VERTEX
8
Layer 1
10
49.010030
20
166.700307
70
0
0
VERTEX
8
Layer 1
10
49.010030
20
166.129915
70
0
0
VERTEX
8
Layer 1
10
52.651035
20
165.046169
70
0
0
VERTEX
8
Layer 1
10
52.651035
20
164.960611
70
0
0
VERTEX
8
Layer 1
10
48.857925
20
164.960611
70
0
0
VERTEX
8
Layer 1
10
48.857925
20
164.523310
70
0
0
VERTEX
8
Layer 1
10
53.069322
20
164.523310
70
0
0
VERTEX
8
Layer 1
10
53.069322
20
165.331366
70
0
0
VERTEX
8
Layer 1
10
49.456837
20
166.415111
70
0
0
VERTEX
8
Layer 1
10
53.069322
20
167.479844
70
0
0
SEQEND
8
Layer 1
0
POLYLINE
8
Layer 1
62
7
70
0
10
0.000000
20
0.000000
66
1
0
VERTEX
8
Layer 1
10
59.695381
20
161.576282
70
0
0
VERTEX
8
Layer 1
10
59.695381
20
161.395658
70
0
0
VERTEX
8
Layer 1
10
60.465411
20
161.395658
70
0
0
VERTEX
8
Layer 1
10
59.752420
20
161.177008
70
0
0
VERTEX
8
Layer 1
10
59.752420
20
161.034410
70
0
0
VERTEX
8
Layer 1
10
60.465411
20
160.806253
70
0
0
VERTEX
8
Layer 1
10
59.695381
20
160.806253
70
0
0
VERTEX
8
Layer 1
10
59.695381
20
160.625628
70
0
0
VERTEX
8
Layer 1
10
60.722087
20
160.625628
70
0
0
VERTEX
8
Layer 1
10
60.722087
20
160.872798
70
0
0
VERTEX
8
Layer 1
10
60.009097
20
161.110462
70
0
0
VERTEX
8
Layer 1
10
60.722087
20
161.338619
70
0
0
VERTEX
8
Layer 1
10
60.722087
20
161.585789
70
0
0
VERTEX
8
Layer 1
10
59.695381
20
161.576282
70
0
0
SEQEND
8
Layer 1
0
POLYLINE
8
Layer 1
62
7
70
0
10
0.000000
20
0.000000
66
1
0
VERTEX
8
Layer 1
10
60.550969
20
162.374832
70
0
0
VERTEX
8
Layer 1
10
60.550969
20
162.108649
70
0
0
VERTEX
8
Layer 1
10
59.704887
20
162.108649
70
0
0
VERTEX
8
Layer 1
10
59.704887
20
161.918518
70
0
0
VERTEX
8
Layer 1
10
60.550969
20
161.918518
70
0
0
VERTEX
8
Layer 1
10
60.550969
20
161.690361
70
0
0
VERTEX
8
Layer 1
10
60.722087
20
161.690361
70
0
0
VERTEX
8
Layer 1
10
60.722087
20
162.374832
70
0
0
VERTEX
8
Layer 1
10
60.550969
20
162.374832
70
0
0
SEQEND
8
Layer 1
0
POLYLINE
8
Layer 1
62
7
70
0
10
0.000000
20
0.000000
66
1
0
VERTEX
8
Layer 1
10
46.557343
20
186.711574
70
0
0
VERTEX
8
Layer 1
10
49.618448
20
188.650908
70
0
0
VERTEX
8
Layer 1
10
50.331439
20
188.536830
70
0
0
VERTEX
8
Layer 1
10
50.245880
20
189.050183
70
0
0
VERTEX
8
Layer 1
10
50.645155
20
189.306860
70
0
0
VERTEX
8
Layer 1
10
50.645155
20
189.278340
70
0
0
VERTEX
8
Layer 1
10
50.721207
20
189.154755
70
0
0
VERTEX
8
Layer 1
10
50.920844
20
188.498804
70
0
0
VERTEX
8
Layer 1
10
51.510250
20
188.479791
70
0
0
VERTEX
8
Layer 1
10
52.042616
20
188.498804
70
0
0
VERTEX
8
Layer 1
10
51.861992
20
189.002650
70
0
0
VERTEX
8
Layer 1
10
51.857239
20
189.150002
70
0
0
VERTEX
8
Layer 1
10
52.023603
20
189.297353
70
0
0
VERTEX
8
Layer 1
10
52.245818
20
189.259327
70
0
0
VERTEX
8
Layer 1
10
52.318306
20
189.164261
70
0
0
VERTEX
8
Layer 1
10
52.622515
20
188.555843
70
0
0
VERTEX
8
Layer 1
10
53.734780
20
188.745974
70
0
0
VERTEX
8
Layer 1
10
53.468597
20
189.211794
70
0
0
VERTEX
8
Layer 1
10
53.438889
20
189.354392
70
0
0
VERTEX
8
Layer 1
10
53.573169
20
189.525510
70
0
0
VERTEX
8
Layer 1
10
53.797761
20
189.521945
70
0
0
VERTEX
8
Layer 1
10
53.886885
20
189.439951
70
0
0
VERTEX
8
Layer 1
10
54.295666
20
188.888572
70
0
0
VERTEX
8
Layer 1
10
55.350892
20
189.268833
70
0
0
VERTEX
8
Layer 1
10
55.008657
20
189.687121
70
0
0
VERTEX
8
Layer 1
10
54.953994
20
189.821401
70
0
0
VERTEX
8
Layer 1
10
55.056189
20
190.019850
70
0
0
VERTEX
8
Layer 1
10
55.278405
20
190.055500
70
0
0
VERTEX
8
Layer 1
10
55.379412
20
189.991330
70
0
0
VERTEX
8
Layer 1
10
55.873752
20
189.516003
70
0
0
VERTEX
8
Layer 1
10
56.852925
20
190.076889
70
0
0
VERTEX
8
Layer 1
10
56.444144
20
190.428631
70
0
0
VERTEX
8
Layer 1
10
56.368092
20
190.552216
70
0
0
VERTEX
8
Layer 1
10
56.434638
20
190.761360
70
0
0
VERTEX
8
Layer 1
10
56.646158
20
190.836224
70
0
0
VERTEX
8
Layer 1
10
56.757860
20
190.789880
70
0
0
VERTEX
8
Layer 1
10
57.328252
20
190.409618
70
0
0
VERTEX
8
Layer 1
10
58.193348
20
191.122609
70
0
0
VERTEX
8
Layer 1
10
57.727527
20
191.398298
70
0
0
VERTEX
8
Layer 1
10
57.630085
20
191.506435
70
0
0
VERTEX
8
Layer 1
10
57.660981
20
191.721521
70
0
0
VERTEX
8
Layer 1
10
57.857054
20
191.832034
70
0
0
VERTEX
8
Layer 1
10
57.974697
20
191.807080
70
0
0
VERTEX
8
Layer 1
10
58.602129
20
191.531390
70
0
0
VERTEX
8
Layer 1
10
59.334132
20
192.386979
70
0
0
VERTEX
8
Layer 1
10
58.830286
20
192.577109
70
0
0
VERTEX
8
Layer 1
10
58.715019
20
192.669798
70
0
0
VERTEX
8
Layer 1
10
58.706701
20
192.890825
70
0
0
VERTEX
8
Layer 1
10
58.882572
20
193.032235
70
0
0
VERTEX
8
Layer 1
10
59.001403
20
193.023917
70
0
0
VERTEX
8
Layer 1
10
59.666861
20
192.862306
70
0
0
VERTEX
8
Layer 1
10
60.237254
20
193.831973
70
0
0
VERTEX
8
Layer 1
10
59.704887
20
193.927038
70
0
0
VERTEX
8
Layer 1
10
59.576549
20
193.998337
70
0
0
VERTEX
8
Layer 1
10
59.533770
20
194.212234
70
0
0
VERTEX
8
Layer 1
10
59.681121
20
194.380975
70
0
0
VERTEX
8
Layer 1
10
59.799953
20
194.392858
70
0
0
VERTEX
8
Layer 1
10
60.484424
20
194.345326
70
0
0
VERTEX
8
Layer 1
10
60.893205
20
195.457591
70
0
0
VERTEX
8
Layer 1
10
60.351332
20
195.457591
70
0
0
VERTEX
8
Layer 1
10
60.142188
20
195.457591
70
0
0
VERTEX
8
Layer 1
10
62.062509
20
196.693441
70
0
0
VERTEX
8
Layer 1
10
62.976920
20
197.541900
70
0
0
VERTEX
8
Layer 1
10
63.281723
20
198.475917
70
0
0
VERTEX
8
Layer 1
10
62.976920
20
199.409935
70
0
0
VERTEX
8
Layer 1
10
62.062509
20
200.258394
70
0
0
VERTEX
8
Layer 1
10
60.902711
20
200.999904
70
0
0
VERTEX
8
Layer 1
10
60.912218
20
201.066450
70
0
0
VERTEX
8
Layer 1
10
60.531956
20
202.121675
70
0
0
VERTEX
8
Layer 1
10
60.113669
20
201.769934
70
0
0
VERTEX
8
Layer 1
10
59.979389
20
201.715271
70
0
0
VERTEX
8
Layer 1
10
59.780940
20
201.817466
70
0
0
VERTEX
8
Layer 1
10
59.745290
20
202.039682
70
0
0
VERTEX
8
Layer 1
10
59.809459
20
202.140689
70
0
0
VERTEX
8
Layer 1
10
60.284786
20
202.635029
70
0
0
VERTEX
8
Layer 1
10
59.723900
20
203.614202
70
0
0
VERTEX
8
Layer 1
10
59.372158
20
203.205421
70
0
0
VERTEX
8
Layer 1
10
59.248573
20
203.129369
70
0
0
VERTEX
8
Layer 1
10
59.039430
20
203.195914
70
0
0
VERTEX
8
Layer 1
10
58.964566
20
203.407435
70
0
0
VERTEX
8
Layer 1
10
59.010910
20
203.519137
70
0
0
VERTEX
8
Layer 1
10
59.391172
20
204.089529
70
0
0
VERTEX
8
Layer 1
10
58.678181
20
204.954624
70
0
0
VERTEX
8
Layer 1
10
58.402491
20
204.488804
70
0
0
VERTEX
8
Layer 1
10
58.294354
20
204.391362
70
0
0
VERTEX
8
Layer 1
10
58.079269
20
204.422258
70
0
0
VERTEX
8
Layer 1
10
57.968755
20
204.618331
70
0
0
VERTEX
8
Layer 1
10
57.993710
20
204.735974
70
0
0
VERTEX
8
Layer 1
10
58.269400
20
205.363406
70
0
0
VERTEX
8
Layer 1
10
57.413811
20
206.095409
70
0
0
VERTEX
8
Layer 1
10
57.223680
20
205.591563
70
0
0
VERTEX
8
Layer 1
10
57.130992
20
205.476296
70
0
0
VERTEX
8
Layer 1
10
56.909965
20
205.467978
70
0
0
VERTEX
8
Layer 1
10
56.768555
20
205.643849
70
0
0
VERTEX
8
Layer 1
10
56.776873
20
205.762680
70
0
0
VERTEX
8
Layer 1
10
56.938484
20
206.428138
70
0
0
VERTEX
8
Layer 1
10
55.968817
20
206.998530
70
0
0
VERTEX
8
Layer 1
10
55.873752
20
206.466164
70
0
0
VERTEX
8
Layer 1
10
55.802453
20
206.337826
70
0
0
VERTEX
8
Layer 1
10
55.588556
20
206.295047
70
0
0
VERTEX
8
Layer 1
10
55.419814
20
206.442398
70
0
0
VERTEX
8
Layer 1
10
55.407931
20
206.561230
70
0
0
VERTEX
8
Layer 1
10
55.455464
20
207.245701
70
0
0
VERTEX
8
Layer 1
10
54.343199
20
207.654482
70
0
0
VERTEX
8
Layer 1
10
54.343199
20
207.112609
70
0
0
VERTEX
8
Layer 1
10
54.298043
20
206.974764
70
0
0
VERTEX
8
Layer 1
10
54.096029
20
206.893959
70
0
0
VERTEX
8
Layer 1
10
53.903521
20
207.008037
70
0
0
VERTEX
8
Layer 1
10
53.867872
20
207.122116
70
0
0
VERTEX
8
Layer 1
10
53.791819
20
207.806586
70
0
0
VERTEX
8
Layer 1
10
52.689061
20
208.006224
70
0
0
VERTEX
8
Layer 1
10
52.784126
20
207.473858
70
0
0
VERTEX
8
Layer 1
10
52.767490
20
207.339578
70
0
0
VERTEX
8
Layer 1
10
52.622515
20
207.226687
70
0
0
VERTEX
8
Layer 1
10
52.527450
20
206.380605
70
0
0
VERTEX
8
Layer 1
10
52.299293
20
206.523203
70
0
0
VERTEX
8
Layer 1
10
52.384852
20
207.283727
70
0
0
VERTEX
8
Layer 1
10
52.308799
20
207.407312
70
0
0
VERTEX
8
Layer 1
10
52.109162
20
208.063263
70
0
0
VERTEX
8
Layer 1
10
51.519756
20
208.082276
70
0
0
VERTEX
8
Layer 1
10
50.987390
20
208.063263
70
0
0
VERTEX
8
Layer 1
10
51.168014
20
207.559416
70
0
0
VERTEX
8
Layer 1
10
51.072949
20
207.302740
70
0
0
VERTEX
8
Layer 1
10
50.626142
20
207.587936
70
0
0
VERTEX
8
Layer 1
10
50.407491
20
208.025237
70
0
0
VERTEX
8
Layer 1
10
50.017723
20
207.968198
70
0
0
VERTEX
8
Layer 1
10
46.566849
20
210.154702
70
0
0
VERTEX
8
Layer 1
10
45.419083
20
210.609233
70
0
0
VERTEX
8
Layer 1
10
44.917000
20
210.604554
70
0
0
VERTEX
8
Layer 1
10
44.478975
20
210.454158
70
0
0
VERTEX
8
Layer 1
10
44.117151
20
210.164728
70
0
0
VERTEX
8
Layer 1
10
43.843671
20
209.742950
70
0
0
VERTEX
8
Layer 1
10
43.610315
20
208.529083
70
0
0
VERTEX
8
Layer 1
10
43.610315
20
203.661735
70
0
0
VERTEX
8
Layer 1
10
43.363145
20
203.718774
70
0
0
VERTEX
8
Layer 1
10
42.792753
20
202.749107
70
0
0
VERTEX
8
Layer 1
10
43.325119
20
202.654042
70
0
0
VERTEX
8
Layer 1
10
43.453457
20
202.586308
70
0
0
VERTEX
8
Layer 1
10
43.496237
20
202.368846
70
0
0
VERTEX
8
Layer 1
10
43.348885
20
202.200104
70
0
0
VERTEX
8
Layer 1
10
43.230054
20
202.188221
70
0
0
VERTEX
8
Layer 1
10
42.545583
20
202.235754
70
0
0
VERTEX
8
Layer 1
10
42.136801
20
201.123489
70
0
0
VERTEX
8
Layer 1
10
42.678674
20
201.123489
70
0
0
VERTEX
8
Layer 1
10
42.816519
20
201.078333
70
0
0
VERTEX
8
Layer 1
10
42.897325
20
200.876319
70
0
0
VERTEX
8
Layer 1
10
42.783246
20
200.683811
70
0
0
VERTEX
8
Layer 1
10
42.669168
20
200.648162
70
0
0
VERTEX
8
Layer 1
10
41.984697
20
200.572109
70
0
0
VERTEX
8
Layer 1
10
41.785059
20
199.469351
70
0
0
VERTEX
8
Layer 1
10
42.317426
20
199.564416
70
0
0
VERTEX
8
Layer 1
10
42.451706
20
199.547780
70
0
0
VERTEX
8
Layer 1
10
42.564596
20
199.402805
70
0
0
VERTEX
8
Layer 1
10
43.610315
20
199.288727
70
0
0
VERTEX
8
Layer 1
10
43.610315
20
199.051063
70
0
0
VERTEX
8
Layer 1
10
42.517063
20
199.174648
70
0
0
VERTEX
8
Layer 1
10
42.393478
20
199.098596
70
0
0
VERTEX
8
Layer 1
10
41.737527
20
198.908465
70
0
0
VERTEX
8
Layer 1
10
41.718514
20
198.319059
70
0
0
VERTEX
8
Layer 1
10
41.737527
20
197.786693
70
0
0
VERTEX
8
Layer 1
10
42.241373
20
197.967318
70
0
0
VERTEX
8
Layer 1
10
42.388725
20
197.972071
70
0
0
VERTEX
8
Layer 1
10
42.536076
20
197.805706
70
0
0
VERTEX
8
Layer 1
10
42.498050
20
197.583491
70
0
0
VERTEX
8
Layer 1
10
42.402985
20
197.511004
70
0
0
VERTEX
8
Layer 1
10
41.794566
20
197.206794
70
0
0
VERTEX
8
Layer 1
10
41.984697
20
196.094529
70
0
0
VERTEX
8
Layer 1
10
42.450517
20
196.360712
70
0
0
VERTEX
8
Layer 1
10
42.593115
20
196.390420
70
0
0
VERTEX
8
Layer 1
10
42.764233
20
196.256140
70
0
0
VERTEX
8
Layer 1
10
42.760668
20
196.031548
70
0
0
VERTEX
8
Layer 1
10
42.678674
20
195.942424
70
0
0
VERTEX
8
Layer 1
10
42.127295
20
195.533643
70
0
0
VERTEX
8
Layer 1
10
42.507557
20
194.478417
70
0
0
VERTEX
8
Layer 1
10
42.925844
20
194.820653
70
0
0
VERTEX
8
Layer 1
10
43.060124
20
194.875315
70
0
0
VERTEX
8
Layer 1
10
43.258573
20
194.773120
70
0
0
VERTEX
8
Layer 1
10
43.294223
20
194.550905
70
0
0
VERTEX
8
Layer 1
10
43.230054
20
194.449898
70
0
0
VERTEX
8
Layer 1
10
42.754727
20
193.955558
70
0
0
VERTEX
8
Layer 1
10
43.315612
20
192.976384
70
0
0
VERTEX
8
Layer 1
10
43.629328
20
193.347139
70
0
0
VERTEX
8
Layer 1
10
43.629328
20
188.375219
70
0
0
VERTEX
8
Layer 1
10
43.846196
20
187.139368
70
0
0
VERTEX
8
Layer 1
10
44.114607
20
186.710831
70
0
0
VERTEX
8
Layer 1
10
44.473034
20
186.416871
70
0
0
VERTEX
8
Layer 1
10
44.908998
20
186.263727
70
0
0
VERTEX
8
Layer 1
10
45.410022
20
186.257637
70
0
0
VERTEX
8
Layer 1
10
46.557343
20
186.711574
70
0
0
VERTEX
8
Layer 1
10
46.557343
20
186.711574
70
0
0
SEQEND
8
Layer 1
0
POLYLINE
8
Layer 1
62
7
70
0
10
0.000000
20
0.000000
66
1
0
VERTEX
8
Layer 1
10
44.713074
20
188.299166
70
0
0
VERTEX
8
Layer 1
10
44.713074
20
208.538590
70
0
0
VERTEX
8
Layer 1
10
44.813041
20
209.058776
70
0
0
VERTEX
8
Layer 1
10
45.085017
20
209.363282
70
0
0
VERTEX
8
Layer 1
10
45.487114
20
209.428937
70
0
0
VERTEX
8
Layer 1
10
45.977444
20
209.232567
70
0
0
VERTEX
8
Layer 1
10
61.568169
20
199.241194
70
0
0
VERTEX
8
Layer 1
10
61.958531
20
198.861526
70
0
0
VERTEX
8
Layer 1
10
62.088652
20
198.428385
70
0
0
VERTEX
8
Layer 1
10
61.958531
20
197.995243
70
0
0
VERTEX
8
Layer 1
10
61.568169
20
197.615576
70
0
0
VERTEX
8
Layer 1
10
45.986950
20
187.605189
70
0
0
VERTEX
8
Layer 1
10
45.491125
20
187.408819
70
0
0
VERTEX
8
Layer 1
10
45.086205
20
187.474474
70
0
0
VERTEX
8
Layer 1
10
44.813190
20
187.778980
70
0
0
VERTEX
8
Layer 1
10
44.713074
20
188.299166
70
0
0
VERTEX
8
Layer 1
10
44.713074
20
188.299166
70
0
0
SEQEND
8
Layer 1
0
POLYLINE
8
Layer 1
62
7
70
0
10
0.000000
20
0.000000
66
1
0
VERTEX
8
Layer 1
10
50.179334
20
198.946491
70
0
0
VERTEX
8
Layer 1
10
50.160321
20
198.965504
70
0
0
VERTEX
8
Layer 1
10
50.150815
20
198.975011
70
0
0
VERTEX
8
Layer 1
10
50.141308
20
198.984517
70
0
0
VERTEX
8
Layer 1
10
50.141308
20
198.994024
70
0
0
VERTEX
8
Layer 1
10
50.141308
20
198.994024
70
0
0
VERTEX
8
Layer 1
10
50.141308
20
198.994024
70
0
0
VERTEX
8
Layer 1
10
50.141308
20
198.994024
70
0
0
VERTEX
8
Layer 1
10
50.141308
20
198.994024
70
0
0
VERTEX
8
Layer 1
10
50.131802
20
199.003530
70
0
0
VERTEX
8
Layer 1
10
50.131802
20
199.013037
70
0
0
VERTEX
8
Layer 1
10
50.131802
20
199.013037
70
0
0
VERTEX
8
Layer 1
10
50.131802
20
199.013037
70
0
0
VERTEX
8
Layer 1
10
50.131802
20
199.013037
70
0
0
VERTEX
8
Layer 1
10
50.131802
20
199.013037
70
0
0
VERTEX
8
Layer 1
10
50.122295
20
199.022543
70
0
0
VERTEX
8
Layer 1
10
50.112788
20
199.032050
70
0
0
VERTEX
8
Layer 1
10
50.112788
20
199.032050
70
0
0
VERTEX
8
Layer 1
10
50.112788
20
199.032050
70
0
0
VERTEX
8
Layer 1
10
50.112788
20
199.032050
70
0
0
VERTEX
8
Layer 1
10
50.103282
20
199.051063
70
0
0
VERTEX
8
Layer 1
10
50.093775
20
199.070076
70
0
0
VERTEX
8
Layer 1
10
50.084269
20
199.079583
70
0
0
VERTEX
8
Layer 1
10
50.074762
20
199.089089
70
0
0
VERTEX
8
Layer 1
10
50.065256
20
199.108102
70
0
0
VERTEX
8
Layer 1
10
50.065256
20
199.108102
70
0
0
VERTEX
8
Layer 1
10
50.065256
20
199.108102
70
0
0
VERTEX
8
Layer 1
10
50.065256
20
199.108102
70
0
0
VERTEX
8
Layer 1
10
50.055749
20
199.117609
70
0
0
VERTEX
8
Layer 1
10
50.046243
20
199.136622
70
0
0
VERTEX
8
Layer 1
10
50.036736
20
199.155635
70
0
0
VERTEX
8
Layer 1
10
50.027230
20
199.165142
70
0
0
VERTEX
8
Layer 1
10
50.027230
20
199.174648
70
0
0
VERTEX
8
Layer 1
10
50.027230
20
199.184155
70
0
0
VERTEX
8
Layer 1
10
49.960684
20
199.393298
70
0
0
VERTEX
8
Layer 1
10
49.960684
20
199.412312
70
0
0
VERTEX
8
Layer 1
10
49.951177
20
199.431325
70
0
0
VERTEX
8
Layer 1
10
49.941671
20
199.440831
70
0
0
VERTEX
8
Layer 1
10
49.941671
20
199.450338
70
0
0
VERTEX
8
Layer 1
10
49.941671
20
199.459844
70
0
0
VERTEX
8
Layer 1
10
49.941671
20
199.469351
70
0
0
VERTEX
8
Layer 1
10
49.941671
20
199.478857
70
0
0
VERTEX
8
Layer 1
10
49.941671
20
199.478857
70
0
0
VERTEX
8
Layer 1
10
49.932164
20
199.478857
70
0
0
VERTEX
8
Layer 1
10
49.932164
20
199.478857
70
0
0
VERTEX
8
Layer 1
10
49.922658
20
199.478857
70
0
0
VERTEX
8
Layer 1
10
49.913151
20
199.488364
70
0
0
VERTEX
8
Layer 1
10
49.913151
20
199.488364
70
0
0
VERTEX
8
Layer 1
10
49.903645
20
199.488364
70
0
0
VERTEX
8
Layer 1
10
49.894138
20
199.488364
70
0
0
VERTEX
8
Layer 1
10
49.884632
20
199.488364
70
0
0
VERTEX
8
Layer 1
10
49.875125
20
199.488364
70
0
0
VERTEX
8
Layer 1
10
49.865618
20
199.488364
70
0
0
VERTEX
8
Layer 1
10
49.846605
20
199.488364
70
0
0
VERTEX
8
Layer 1
10
49.827592
20
199.478857
70
0
0
VERTEX
8
Layer 1
10
49.808579
20
199.469351
70
0
0
VERTEX
8
Layer 1
10
49.789566
20
199.459844
70
0
0
VERTEX
8
Layer 1
10
49.780060
20
199.450338
70
0
0
VERTEX
8
Layer 1
10
49.770553
20
199.440831
70
0
0
VERTEX
8
Layer 1
10
49.713514
20
199.383792
70
0
0
VERTEX
8
Layer 1
10
49.656475
20
199.326753
70
0
0
VERTEX
8
Layer 1
10
49.599435
20
199.269713
70
0
0
VERTEX
8
Layer 1
10
49.542396
20
199.212674
70
0
0
VERTEX
8
Layer 1
10
49.485357
20
199.155635
70
0
0
VERTEX
8
Layer 1
10
49.456837
20
199.127115
70
0
0
VERTEX
8
Layer 1
10
49.428318
20
199.098596
70
0
0
VERTEX
8
Layer 1
10
49.371278
20
199.032050
70
0
0
VERTEX
8
Layer 1
10
49.314239
20
198.965504
70
0
0
VERTEX
8
Layer 1
10
49.342759
20
198.879945
70
0
0
VERTEX
8
Layer 1
10
49.390291
20
198.851426
70
0
0
VERTEX
8
Layer 1
10
49.437824
20
198.822906
70
0
0
VERTEX
8
Layer 1
10
49.475850
20
198.794386
70
0
0
VERTEX
8
Layer 1
10
49.513876
20
198.765867
70
0
0
VERTEX
8
Layer 1
10
49.542396
20
198.746854
70
0
0
VERTEX
8
Layer 1
10
49.561409
20
198.727841
70
0
0
VERTEX
8
Layer 1
10
49.580422
20
198.708828
70
0
0
VERTEX
8
Layer 1
10
49.599435
20
198.689815
70
0
0
VERTEX
8
Layer 1
10
49.694501
20
198.585243
70
0
0
VERTEX
8
Layer 1
10
49.723020
20
198.547216
70
0
0
VERTEX
8
Layer 1
10
49.770553
20
198.490177
70
0
0
VERTEX
8
Layer 1
10
49.808579
20
198.490177
70
0
0
VERTEX
8
Layer 1
10
50.179334
20
198.946491
70
0
0
VERTEX
8
Layer 1
10
50.179334
20
198.946491
70
0
0
SEQEND
8
Layer 1
0
POLYLINE
8
Layer 1
62
7
70
0
10
0.000000
20
0.000000
66
1
0
VERTEX
8
Layer 1
10
51.681368
20
196.512817
70
0
0
VERTEX
8
Layer 1
10
51.757420
20
196.427258
70
0
0
VERTEX
8
Layer 1
10
51.833472
20
196.341699
70
0
0
VERTEX
8
Layer 1
10
51.909525
20
196.256140
70
0
0
VERTEX
8
Layer 1
10
51.938044
20
196.218114
70
0
0
VERTEX
8
Layer 1
10
52.270773
20
196.493804
70
0
0
VERTEX
8
Layer 1
10
52.261267
20
196.512817
70
0
0
VERTEX
8
Layer 1
10
52.242253
20
196.531830
70
0
0
VERTEX
8
Layer 1
10
52.166201
20
196.626895
70
0
0
VERTEX
8
Layer 1
10
52.090149
20
196.721961
70
0
0
VERTEX
8
Layer 1
10
52.014096
20
196.817026
70
0
0
VERTEX
8
Layer 1
10
51.976070
20
196.864559
70
0
0
VERTEX
8
Layer 1
10
51.938044
20
196.912092
70
0
0
VERTEX
8
Layer 1
10
51.900018
20
196.959624
70
0
0
VERTEX
8
Layer 1
10
51.861992
20
197.007157
70
0
0
VERTEX
8
Layer 1
10
51.823966
20
197.054690
70
0
0
VERTEX
8
Layer 1
10
51.804953
20
197.073703
70
0
0
VERTEX
8
Layer 1
10
51.795446
20
197.083209
70
0
0
VERTEX
8
Layer 1
10
51.785940
20
197.092716
70
0
0
VERTEX
8
Layer 1
10
51.719394
20
197.178275
70
0
0
VERTEX
8
Layer 1
10
51.396171
20
197.596562
70
0
0
VERTEX
8
Layer 1
10
51.339132
20
197.672615
70
0
0
VERTEX
8
Layer 1
10
51.301106
20
197.720147
70
0
0
VERTEX
8
Layer 1
10
51.263080
20
197.767680
70
0
0
VERTEX
8
Layer 1
10
51.234560
20
197.796200
70
0
0
VERTEX
8
Layer 1
10
51.187028
20
197.853239
70
0
0
VERTEX
8
Layer 1
10
51.139495
20
197.910278
70
0
0
VERTEX
8
Layer 1
10
51.129988
20
197.929291
70
0
0
VERTEX
8
Layer 1
10
51.120482
20
197.948304
70
0
0
VERTEX
8
Layer 1
10
51.082456
20
197.995837
70
0
0
VERTEX
8
Layer 1
10
51.044429
20
198.043370
70
0
0
VERTEX
8
Layer 1
10
51.006403
20
198.081396
70
0
0
VERTEX
8
Layer 1
10
50.958871
20
198.128929
70
0
0
VERTEX
8
Layer 1
10
50.911338
20
198.176461
70
0
0
VERTEX
8
Layer 1
10
50.873312
20
198.214488
70
0
0
VERTEX
8
Layer 1
10
50.844792
20
198.252514
70
0
0
VERTEX
8
Layer 1
10
50.835286
20
198.271527
70
0
0
VERTEX
8
Layer 1
10
50.550089
20
197.881759
70
0
0
VERTEX
8
Layer 1
10
50.550089
20
197.853239
70
0
0
VERTEX
8
Layer 1
10
50.540583
20
197.691628
70
0
0
VERTEX
8
Layer 1
10
50.597622
20
197.634589
70
0
0
VERTEX
8
Layer 1
10
50.626142
20
197.596562
70
0
0
VERTEX
8
Layer 1
10
50.692687
20
197.520510
70
0
0
VERTEX
8
Layer 1
10
50.721207
20
197.491990
70
0
0
VERTEX
8
Layer 1
10
50.797259
20
197.415938
70
0
0
VERTEX
8
Layer 1
10
50.825779
20
197.387419
70
0
0
VERTEX
8
Layer 1
10
50.863805
20
197.339886
70
0
0
VERTEX
8
Layer 1
10
50.901831
20
197.301860
70
0
0
VERTEX
8
Layer 1
10
50.968377
20
197.225807
70
0
0
VERTEX
8
Layer 1
10
51.034923
20
197.149755
70
0
0
VERTEX
8
Layer 1
10
51.101469
20
197.073703
70
0
0
VERTEX
8
Layer 1
10
51.168014
20
197.007157
70
0
0
VERTEX
8
Layer 1
10
51.367652
20
196.845546
70
0
0
VERTEX
8
Layer 1
10
51.443704
20
196.769493
70
0
0
VERTEX
8
Layer 1
10
51.519756
20
196.693441
70
0
0
VERTEX
8
Layer 1
10
51.595809
20
196.617389
70
0
0
VERTEX
8
Layer 1
10
51.681368
20
196.512817
70
0
0
SEQEND
8
Layer 1
0
POLYLINE
8
Layer 1
62
7
70
0
10
0.000000
20
0.000000
66
1
0
VERTEX
8
Layer 1
10
47.850232
20
195.314993
70
0
0
VERTEX
8
Layer 1
10
51.995083
20
195.314993
70
0
0
VERTEX
8
Layer 1
10
52.269585
20
195.052375
70
0
0
VERTEX
8
Layer 1
10
52.651035
20
194.953744
70
0
0
VERTEX
8
Layer 1
10
52.850672
20
194.982264
70
0
0
VERTEX
8
Layer 1
10
52.822152
20
195.010784
70
0
0
VERTEX
8
Layer 1
10
52.746100
20
195.105849
70
0
0
VERTEX
8
Layer 1
10
52.670048
20
195.200914
70
0
0
VERTEX
8
Layer 1
10
52.593995
20
195.295980
70
0
0
VERTEX
8
Layer 1
10
52.555969
20
195.343512
70
0
0
VERTEX
8
Layer 1
10
52.489424
20
195.343512
70
0
0
VERTEX
8
Layer 1
10
52.280280
20
195.552656
70
0
0
VERTEX
8
Layer 1
10
52.280280
20
195.657228
70
0
0
VERTEX
8
Layer 1
10
52.280280
20
195.847359
70
0
0
VERTEX
8
Layer 1
10
52.280280
20
195.866372
70
0
0
VERTEX
8
Layer 1
10
52.489424
20
196.104036
70
0
0
VERTEX
8
Layer 1
10
52.632022
20
196.104036
70
0
0
VERTEX
8
Layer 1
10
52.803139
20
196.104036
70
0
0
VERTEX
8
Layer 1
10
52.812646
20
196.104036
70
0
0
VERTEX
8
Layer 1
10
53.059816
20
195.866372
70
0
0
VERTEX
8
Layer 1
10
53.059816
20
195.818839
70
0
0
VERTEX
8
Layer 1
10
53.145375
20
195.723774
70
0
0
VERTEX
8
Layer 1
10
53.183401
20
195.676241
70
0
0
VERTEX
8
Layer 1
10
53.221427
20
195.628709
70
0
0
VERTEX
8
Layer 1
10
53.240440
20
195.609696
70
0
0
VERTEX
8
Layer 1
10
53.259453
20
195.590682
70
0
0
VERTEX
8
Layer 1
10
53.297479
20
195.543150
70
0
0
VERTEX
8
Layer 1
10
53.345012
20
195.495617
70
0
0
VERTEX
8
Layer 1
10
53.383038
20
195.457591
70
0
0
VERTEX
8
Layer 1
10
53.421064
20
195.704761
70
0
0
VERTEX
8
Layer 1
10
53.196472
20
196.250199
70
0
0
VERTEX
8
Layer 1
10
52.651035
20
196.474791
70
0
0
VERTEX
8
Layer 1
10
52.337319
20
196.408245
70
0
0
VERTEX
8
Layer 1
10
52.004590
20
196.132555
70
0
0
VERTEX
8
Layer 1
10
51.976070
20
196.085023
70
0
0
VERTEX
8
Layer 1
10
47.850232
20
196.085023
70
0
0
VERTEX
8
Layer 1
10
47.511561
20
196.486674
70
0
0
VERTEX
8
Layer 1
10
46.994643
20
196.645908
70
0
0
VERTEX
8
Layer 1
10
46.582297
20
196.552031
70
0
0
VERTEX
8
Layer 1
10
46.262640
20
196.294166
70
0
0
VERTEX
8
Layer 1
10
46.262640
20
196.208608
70
0
0
VERTEX
8
Layer 1
10
46.852045
20
196.208608
70
0
0
VERTEX
8
Layer 1
10
47.251320
20
195.704761
70
0
0
VERTEX
8
Layer 1
10
46.852045
20
195.191408
70
0
0
VERTEX
8
Layer 1
10
46.262640
20
195.191408
70
0
0
VERTEX
8
Layer 1
10
46.262640
20
195.115355
70
0
0
VERTEX
8
Layer 1
10
46.262640
20
195.105849
70
0
0
VERTEX
8
Layer 1
10
46.582297
20
194.847984
70
0
0
VERTEX
8
Layer 1
10
46.994643
20
194.754107
70
0
0
VERTEX
8
Layer 1
10
47.511561
20
194.916906
70
0
0
VERTEX
8
Layer 1
10
47.850232
20
195.314993
70
0
0
VERTEX
8
Layer 1
10
47.850232
20
195.314993
70
0
0
SEQEND
8
Layer 1
0
POLYLINE
8
Layer 1
62
7
70
0
10
0.000000
20
0.000000
66
1
0
VERTEX
8
Layer 1
10
47.983324
20
195.628709
70
0
0
VERTEX
8
Layer 1
10
47.935791
20
195.638215
70
0
0
VERTEX
8
Layer 1
10
47.888258
20
195.723774
70
0
0
VERTEX
8
Layer 1
10
47.935791
20
195.809333
70
0
0
VERTEX
8
Layer 1
10
47.983324
20
195.818839
70
0
0
VERTEX
8
Layer 1
10
51.519756
20
195.818839
70
0
0
VERTEX
8
Layer 1
10
51.614822
20
195.723774
70
0
0
VERTEX
8
Layer 1
10
51.519756
20
195.628709
70
0
0
VERTEX
8
Layer 1
10
47.983324
20
195.628709
70
0
0
SEQEND
8
Layer 1
0
POLYLINE
8
Layer 1
62
7
70
0
10
0.000000
20
0.000000
66
1
0
VERTEX
8
Layer 1
10
53.278466
20
201.275593
70
0
0
VERTEX
8
Layer 1
10
53.487610
20
201.475231
70
0
0
VERTEX
8
Layer 1
10
53.724085
20
201.514445
70
0
0
VERTEX
8
Layer 1
10
54.010470
20
201.674868
70
0
0
VERTEX
8
Layer 1
10
54.200601
20
202.093156
70
0
0
VERTEX
8
Layer 1
10
54.200601
20
202.131182
70
0
0
VERTEX
8
Layer 1
10
54.181588
20
202.302300
70
0
0
VERTEX
8
Layer 1
10
54.153068
20
202.387859
70
0
0
VERTEX
8
Layer 1
10
54.134055
20
202.416378
70
0
0
VERTEX
8
Layer 1
10
53.829846
20
202.083649
70
0
0
VERTEX
8
Layer 1
10
53.620702
20
202.093156
70
0
0
VERTEX
8
Layer 1
10
53.525636
20
202.159702
70
0
0
VERTEX
8
Layer 1
10
53.468597
20
202.235754
70
0
0
VERTEX
8
Layer 1
10
53.440077
20
202.302300
70
0
0
VERTEX
8
Layer 1
10
53.715767
20
202.616016
70
0
0
VERTEX
8
Layer 1
10
53.706261
20
202.768120
70
0
0
VERTEX
8
Layer 1
10
53.520883
20
202.768120
70
0
0
VERTEX
8
Layer 1
10
53.135868
20
202.539963
70
0
0
VERTEX
8
Layer 1
10
53.021790
20
202.197728
70
0
0
VERTEX
8
Layer 1
10
53.040803
20
201.969571
70
0
0
VERTEX
8
Layer 1
10
53.040803
20
201.960064
70
0
0
VERTEX
8
Layer 1
10
52.470410
20
201.266087
70
0
0
VERTEX
8
Layer 1
10
53.278466
20
201.266087
70
0
0
VERTEX
8
Layer 1
10
53.278466
20
201.275593
70
0
0
SEQEND
8
Layer 1
0
POLYLINE
8
Layer 1
62
7
70
0
10
0.000000
20
0.000000
66
1
0
VERTEX
8
Layer 1
10
50.188841
20
197.311366
70
0
0
VERTEX
8
Layer 1
10
50.354017
20
197.645283
70
0
0
VERTEX
8
Layer 1
10
50.369465
20
197.900772
70
0
0
VERTEX
8
Layer 1
10
52.755607
20
200.705201
70
0
0
VERTEX
8
Layer 1
10
51.995083
20
200.705201
70
0
0
VERTEX
8
Layer 1
10
49.903645
20
198.347579
70
0
0
VERTEX
8
Layer 1
10
49.646968
20
198.307176
70
0
0
VERTEX
8
Layer 1
10
49.304733
20
198.138435
70
0
0
VERTEX
8
Layer 1
10
49.133615
20
197.786693
70
0
0
VERTEX
8
Layer 1
10
49.152628
20
197.672615
70
0
0
VERTEX
8
Layer 1
10
49.209667
20
197.482484
70
0
0
VERTEX
8
Layer 1
10
49.513876
20
197.796200
70
0
0
VERTEX
8
Layer 1
10
49.513876
20
197.796200
70
0
0
VERTEX
8
Layer 1
10
49.513876
20
197.796200
70
0
0
VERTEX
8
Layer 1
10
49.682618
20
197.760550
70
0
0
VERTEX
8
Layer 1
10
49.894138
20
197.539523
70
0
0
VERTEX
8
Layer 1
10
49.894138
20
197.539523
70
0
0
VERTEX
8
Layer 1
10
49.599435
20
197.216301
70
0
0
VERTEX
8
Layer 1
10
49.608942
20
197.102222
70
0
0
VERTEX
8
Layer 1
10
49.795508
20
197.103411
70
0
0
VERTEX
8
Layer 1
10
50.188841
20
197.311366
70
0
0
VERTEX
8
Layer 1
10
50.188841
20
197.311366
70
0
0
SEQEND
8
Layer 1
0
POLYLINE
8
Layer 1
62
7
70
0
10
0.000000
20
0.000000
66
1
0
VERTEX
8
Layer 1
10
53.097842
20
193.908025
70
0
0
VERTEX
8
Layer 1
10
53.135868
20
193.927038
70
0
0
VERTEX
8
Layer 1
10
53.183401
20
193.946051
70
0
0
VERTEX
8
Layer 1
10
53.259453
20
193.984077
70
0
0
VERTEX
8
Layer 1
10
53.345012
20
194.022103
70
0
0
VERTEX
8
Layer 1
10
53.421064
20
194.060130
70
0
0
VERTEX
8
Layer 1
10
53.506623
20
194.098156
70
0
0
VERTEX
8
Layer 1
10
53.544649
20
194.117169
70
0
0
VERTEX
8
Layer 1
10
53.592182
20
194.145688
70
0
0
VERTEX
8
Layer 1
10
53.668234
20
194.183715
70
0
0
VERTEX
8
Layer 1
10
53.753793
20
194.231247
70
0
0
VERTEX
8
Layer 1
10
53.791819
20
194.259767
70
0
0
VERTEX
8
Layer 1
10
53.839352
20
194.278780
70
0
0
VERTEX
8
Layer 1
10
53.877378
20
194.307300
70
0
0
VERTEX
8
Layer 1
10
53.905898
20
194.335819
70
0
0
VERTEX
8
Layer 1
10
53.943924
20
194.354832
70
0
0
VERTEX
8
Layer 1
10
53.981950
20
194.383352
70
0
0
VERTEX
8
Layer 1
10
54.010470
20
194.411872
70
0
0
VERTEX
8
Layer 1
10
54.038990
20
194.440391
70
0
0
VERTEX
8
Layer 1
10
54.067509
20
194.468911
70
0
0
VERTEX
8
Layer 1
10
54.086522
20
194.497430
70
0
0
VERTEX
8
Layer 1
10
54.105535
20
194.516443
70
0
0
VERTEX
8
Layer 1
10
54.134055
20
194.554470
70
0
0
VERTEX
8
Layer 1
10
54.153068
20
194.582989
70
0
0
VERTEX
8
Layer 1
10
54.162575
20
194.611509
70
0
0
VERTEX
8
Layer 1
10
54.181588
20
194.640028
70
0
0
VERTEX
8
Layer 1
10
54.191094
20
194.668548
70
0
0
VERTEX
8
Layer 1
10
54.191094
20
194.678055
70
0
0
VERTEX
8
Layer 1
10
54.181588
20
194.687561
70
0
0
VERTEX
8
Layer 1
10
54.181588
20
194.706574
70
0
0
VERTEX
8
Layer 1
10
54.181588
20
194.716081
70
0
0
VERTEX
8
Layer 1
10
54.181588
20
194.725587
70
0
0
VERTEX
8
Layer 1
10
54.181588
20
194.735094
70
0
0
VERTEX
8
Layer 1
10
54.181588
20
194.754107
70
0
0
VERTEX
8
Layer 1
10
54.181588
20
194.754107
70
0
0
VERTEX
8
Layer 1
10
54.181588
20
194.763614
70
0
0
VERTEX
8
Layer 1
10
54.181588
20
194.763614
70
0
0
VERTEX
8
Layer 1
10
54.181588
20
194.773120
70
0
0
VERTEX
8
Layer 1
10
54.191094
20
194.782627
70
0
0
VERTEX
8
Layer 1
10
54.191094
20
194.792133
70
0
0
VERTEX
8
Layer 1
10
54.191094
20
194.801640
70
0
0
VERTEX
8
Layer 1
10
54.200601
20
194.801640
70
0
0
VERTEX
8
Layer 1
10
54.200601
20
194.811146
70
0
0
VERTEX
8
Layer 1
10
54.210107
20
194.820653
70
0
0
VERTEX
8
Layer 1
10
54.219614
20
194.830159
70
0
0
VERTEX
8
Layer 1
10
54.219614
20
194.839666
70
0
0
VERTEX
8
Layer 1
10
54.229120
20
194.849172
70
0
0
VERTEX
8
Layer 1
10
54.229120
20
194.849172
70
0
0
VERTEX
8
Layer 1
10
54.248133
20
194.858679
70
0
0
VERTEX
8
Layer 1
10
54.257640
20
194.868185
70
0
0
VERTEX
8
Layer 1
10
54.257640
20
194.877692
70
0
0
VERTEX
8
Layer 1
10
54.267146
20
194.877692
70
0
0
VERTEX
8
Layer 1
10
54.276653
20
194.887199
70
0
0
VERTEX
8
Layer 1
10
54.295666
20
194.896705
70
0
0
VERTEX
8
Layer 1
10
54.295666
20
194.896705
70
0
0
VERTEX
8
Layer 1
10
54.305173
20
194.906212
70
0
0
VERTEX
8
Layer 1
10
54.305173
20
194.906212
70
0
0
VERTEX
8
Layer 1
10
54.324186
20
194.915718
70
0
0
VERTEX
8
Layer 1
10
54.333692
20
194.915718
70
0
0
VERTEX
8
Layer 1
10
54.352705
20
194.925225
70
0
0
VERTEX
8
Layer 1
10
54.371718
20
194.934731
70
0
0
VERTEX
8
Layer 1
10
54.390732
20
194.944238
70
0
0
VERTEX
8
Layer 1
10
54.400238
20
194.944238
70
0
0
VERTEX
8
Layer 1
10
54.409745
20
194.944238
70
0
0
VERTEX
8
Layer 1
10
54.428758
20
194.953744
70
0
0
VERTEX
8
Layer 1
10
54.447771
20
194.963251
70
0
0
VERTEX
8
Layer 1
10
54.476290
20
194.963251
70
0
0
VERTEX
8
Layer 1
10
54.495303
20
194.972757
70
0
0
VERTEX
8
Layer 1
10
54.723460
20
195.191408
70
0
0
VERTEX
8
Layer 1
10
54.713954
20
195.210421
70
0
0
VERTEX
8
Layer 1
10
54.704447
20
195.238941
70
0
0
VERTEX
8
Layer 1
10
54.694941
20
195.257954
70
0
0
VERTEX
8
Layer 1
10
54.694941
20
195.286473
70
0
0
VERTEX
8
Layer 1
10
54.685434
20
195.305486
70
0
0
VERTEX
8
Layer 1
10
54.675928
20
195.324499
70
0
0
VERTEX
8
Layer 1
10
54.666421
20
195.343512
70
0
0
VERTEX
8
Layer 1
10
54.656915
20
195.362526
70
0
0
VERTEX
8
Layer 1
10
54.647408
20
195.381539
70
0
0
VERTEX
8
Layer 1
10
54.637902
20
195.400552
70
0
0
VERTEX
8
Layer 1
10
54.628395
20
195.410058
70
0
0
VERTEX
8
Layer 1
10
54.618888
20
195.429071
70
0
0
VERTEX
8
Layer 1
10
54.609382
20
195.438578
70
0
0
VERTEX
8
Layer 1
10
54.590369
20
195.448084
70
0
0
VERTEX
8
Layer 1
10
54.580862
20
195.467097
70
0
0
VERTEX
8
Layer 1
10
54.571356
20
195.476604
70
0
0
VERTEX
8
Layer 1
10
54.552343
20
195.486111
70
0
0
VERTEX
8
Layer 1
10
54.533330
20
195.495617
70
0
0
VERTEX
8
Layer 1
10
54.523823
20
195.505124
70
0
0
VERTEX
8
Layer 1
10
54.504810
20
195.514630
70
0
0
VERTEX
8
Layer 1
10
54.485797
20
195.524137
70
0
0
VERTEX
8
Layer 1
10
54.466784
20
195.524137
70
0
0
VERTEX
8
Layer 1
10
54.447771
20
195.533643
70
0
0
VERTEX
8
Layer 1
10
54.419251
20
195.533643
70
0
0
VERTEX
8
Layer 1
10
54.172081
20
195.353019
70
0
0
VERTEX
8
Layer 1
10
54.162575
20
195.334006
70
0
0
VERTEX
8
Layer 1
10
54.162575
20
195.305486
70
0
0
VERTEX
8
Layer 1
10
54.153068
20
195.286473
70
0
0
VERTEX
8
Layer 1
10
54.153068
20
195.267460
70
0
0
VERTEX
8
Layer 1
10
54.134055
20
195.229434
70
0
0
VERTEX
8
Layer 1
10
54.115042
20
195.191408
70
0
0
VERTEX
8
Layer 1
10
54.096029
20
195.153382
70
0
0
VERTEX
8
Layer 1
10
54.077016
20
195.124862
70
0
0
VERTEX
8
Layer 1
10
54.058003
20
195.115355
70
0
0
VERTEX
8
Layer 1
10
54.048496
20
195.105849
70
0
0
VERTEX
8
Layer 1
10
54.029483
20
195.086836
70
0
0
VERTEX
8
Layer 1
10
54.019976
20
195.077329
70
0
0
VERTEX
8
Layer 1
10
54.000963
20
195.067823
70
0
0
VERTEX
8
Layer 1
10
53.981950
20
195.058316
70
0
0
VERTEX
8
Layer 1
10
53.962937
20
195.058316
70
0
0
VERTEX
8
Layer 1
10
53.943924
20
195.048810
70
0
0
VERTEX
8
Layer 1
10
53.934418
20
195.039303
70
0
0
VERTEX
8
Layer 1
10
53.905898
20
195.039303
70
0
0
VERTEX
8
Layer 1
10
53.886885
20
195.029797
70
0
0
VERTEX
8
Layer 1
10
53.867872
20
195.029797
70
0
0
VERTEX
8
Layer 1
10
53.848859
20
195.020290
70
0
0
VERTEX
8
Layer 1
10
53.820339
20
195.020290
70
0
0
VERTEX
8
Layer 1
10
53.801326
20
195.020290
70
0
0
VERTEX
8
Layer 1
10
53.772806
20
195.020290
70
0
0
VERTEX
8
Layer 1
10
53.725274
20
195.020290
70
0
0
VERTEX
8
Layer 1
10
53.668234
20
195.029797
70
0
0
VERTEX
8
Layer 1
10
53.658728
20
195.048810
70
0
0
VERTEX
8
Layer 1
10
53.649221
20
195.058316
70
0
0
VERTEX
8
Layer 1
10
53.630208
20
195.086836
70
0
0
VERTEX
8
Layer 1
10
53.611195
20
195.096342
70
0
0
VERTEX
8
Layer 1
10
53.601689
20
195.115355
70
0
0
VERTEX
8
Layer 1
10
53.582676
20
195.134369
70
0
0
VERTEX
8
Layer 1
10
53.573169
20
195.143875
70
0
0
VERTEX
8
Layer 1
10
53.563663
20
195.153382
70
0
0
VERTEX
8
Layer 1
10
53.544649
20
195.153382
70
0
0
VERTEX
8
Layer 1
10
53.535143
20
195.162888
70
0
0
VERTEX
8
Layer 1
10
53.516130
20
195.172395
70
0
0
VERTEX
8
Layer 1
10
53.497117
20
195.172395
70
0
0
VERTEX
8
Layer 1
10
53.487610
20
195.181901
70
0
0
VERTEX
8
Layer 1
10
53.392545
20
195.267460
70
0
0
VERTEX
8
Layer 1
10
53.373532
20
195.295980
70
0
0
VERTEX
8
Layer 1
10
53.364025
20
195.305486
70
0
0
VERTEX
8
Layer 1
10
53.345012
20
195.314993
70
0
0
VERTEX
8
Layer 1
10
53.297479
20
195.362526
70
0
0
VERTEX
8
Layer 1
10
53.259453
20
195.410058
70
0
0
VERTEX
8
Layer 1
10
53.211921
20
195.457591
70
0
0
VERTEX
8
Layer 1
10
53.164388
20
195.505124
70
0
0
VERTEX
8
Layer 1
10
53.145375
20
195.524137
70
0
0
VERTEX
8
Layer 1
10
53.116855
20
195.552656
70
0
0
VERTEX
8
Layer 1
10
53.078829
20
195.590682
70
0
0
VERTEX
8
Layer 1
10
53.031296
20
195.638215
70
0
0
VERTEX
8
Layer 1
10
52.765113
20
195.942424
70
0
0
VERTEX
8
Layer 1
10
52.622515
20
195.942424
70
0
0
VERTEX
8
Layer 1
10
52.413371
20
195.704761
70
0
0
VERTEX
8
Layer 1
10
52.413371
20
195.695254
70
0
0
VERTEX
8
Layer 1
10
52.689061
20
195.372032
70
0
0
VERTEX
8
Layer 1
10
52.765113
20
195.276967
70
0
0
VERTEX
8
Layer 1
10
52.841165
20
195.181901
70
0
0
VERTEX
8
Layer 1
10
52.926724
20
195.086836
70
0
0
VERTEX
8
Layer 1
10
53.002777
20
194.982264
70
0
0
VERTEX
8
Layer 1
10
53.088336
20
194.877692
70
0
0
VERTEX
8
Layer 1
10
53.088336
20
194.868185
70
0
0
VERTEX
8
Layer 1
10
53.088336
20
194.868185
70
0
0
VERTEX
8
Layer 1
10
53.088336
20
194.868185
70
0
0
VERTEX
8
Layer 1
10
53.088336
20
194.849172
70
0
0
VERTEX
8
Layer 1
10
53.088336
20
194.839666
70
0
0
VERTEX
8
Layer 1
10
53.088336
20
194.830159
70
0
0
VERTEX
8
Layer 1
10
53.088336
20
194.811146
70
0
0
VERTEX
8
Layer 1
10
53.097842
20
194.782627
70
0
0
VERTEX
8
Layer 1
10
53.097842
20
194.763614
70
0
0
VERTEX
8
Layer 1
10
53.107349
20
194.744600
70
0
0
VERTEX
8
Layer 1
10
53.107349
20
194.725587
70
0
0
VERTEX
8
Layer 1
10
53.116855
20
194.716081
70
0
0
VERTEX
8
Layer 1
10
53.116855
20
194.716081
70
0
0
VERTEX
8
Layer 1
10
53.116855
20
194.706574
70
0
0
VERTEX
8
Layer 1
10
53.126362
20
194.697068
70
0
0
VERTEX
8
Layer 1
10
53.135868
20
194.668548
70
0
0
VERTEX
8
Layer 1
10
53.145375
20
194.640028
70
0
0
VERTEX
8
Layer 1
10
53.154881
20
194.611509
70
0
0
VERTEX
8
Layer 1
10
53.173894
20
194.582989
70
0
0
VERTEX
8
Layer 1
10
53.173894
20
194.563976
70
0
0
VERTEX
8
Layer 1
10
53.183401
20
194.544963
70
0
0
VERTEX
8
Layer 1
10
53.202414
20
194.516443
70
0
0
VERTEX
8
Layer 1
10
53.202414
20
194.506937
70
0
0
VERTEX
8
Layer 1
10
53.211921
20
194.497430
70
0
0
VERTEX
8
Layer 1
10
53.221427
20
194.487924
70
0
0
VERTEX
8
Layer 1
10
53.221427
20
194.468911
70
0
0
VERTEX
8
Layer 1
10
53.221427
20
194.449898
70
0
0
VERTEX
8
Layer 1
10
53.221427
20
194.440391
70
0
0
VERTEX
8
Layer 1
10
53.221427
20
194.421378
70
0
0
VERTEX
8
Layer 1
10
53.221427
20
194.411872
70
0
0
VERTEX
8
Layer 1
10
53.211921
20
194.402365
70
0
0
VERTEX
8
Layer 1
10
53.202414
20
194.383352
70
0
0
VERTEX
8
Layer 1
10
53.192907
20
194.373845
70
0
0
VERTEX
8
Layer 1
10
53.183401
20
194.364339
70
0
0
VERTEX
8
Layer 1
10
53.173894
20
194.354832
70
0
0
VERTEX
8
Layer 1
10
53.154881
20
194.345326
70
0
0
VERTEX
8
Layer 1
10
53.145375
20
194.335819
70
0
0
VERTEX
8
Layer 1
10
53.126362
20
194.326313
70
0
0
VERTEX
8
Layer 1
10
53.107349
20
194.326313
70
0
0
VERTEX
8
Layer 1
10
53.078829
20
194.316806
70
0
0
VERTEX
8
Layer 1
10
53.059816
20
194.307300
70
0
0
VERTEX
8
Layer 1
10
53.031296
20
194.269273
70
0
0
VERTEX
8
Layer 1
10
53.012283
20
194.259767
70
0
0
VERTEX
8
Layer 1
10
52.993270
20
194.240754
70
0
0
VERTEX
8
Layer 1
10
52.955244
20
194.202728
70
0
0
VERTEX
8
Layer 1
10
52.917218
20
194.174208
70
0
0
VERTEX
8
Layer 1
10
52.879192
20
194.136182
70
0
0
VERTEX
8
Layer 1
10
52.841165
20
194.107662
70
0
0
VERTEX
8
Layer 1
10
52.793633
20
194.079143
70
0
0
VERTEX
8
Layer 1
10
52.774620
20
194.060130
70
0
0
VERTEX
8
Layer 1
10
52.746100
20
194.050623
70
0
0
VERTEX
8
Layer 1
10
52.698567
20
194.022103
70
0
0
VERTEX
8
Layer 1
10
52.651035
20
193.993584
70
0
0
VERTEX
8
Layer 1
10
52.603502
20
193.965064
70
0
0
VERTEX
8
Layer 1
10
52.574982
20
193.946051
70
0
0
VERTEX
8
Layer 1
10
52.546463
20
193.936545
70
0
0
VERTEX
8
Layer 1
10
52.489423
20
193.917531
70
0
0
VERTEX
8
Layer 1
10
52.432384
20
193.889012
70
0
0
VERTEX
8
Layer 1
10
52.375345
20
193.869999
70
0
0
VERTEX
8
Layer 1
10
52.318306
20
193.841479
70
0
0
VERTEX
8
Layer 1
10
52.308799
20
193.822466
70
0
0
VERTEX
8
Layer 1
10
52.308799
20
193.793946
70
0
0
VERTEX
8
Layer 1
10
52.308799
20
193.774933
70
0
0
VERTEX
8
Layer 1
10
52.308799
20
193.746414
70
0
0
VERTEX
8
Layer 1
10
52.318306
20
193.727401
70
0
0
VERTEX
8
Layer 1
10
52.318306
20
193.708388
70
0
0
VERTEX
8
Layer 1
10
52.327812
20
193.698881
70
0
0
VERTEX
8
Layer 1
10
52.337319
20
193.679868
70
0
0
VERTEX
8
Layer 1
10
52.441891
20
193.717894
70
0
0
VERTEX
8
Layer 1
10
52.517943
20
193.736907
70
0
0
VERTEX
8
Layer 1
10
52.565476
20
193.746414
70
0
0
VERTEX
8
Layer 1
10
52.603502
20
193.755920
70
0
0
VERTEX
8
Layer 1
10
52.641528
20
193.765427
70
0
0
VERTEX
8
Layer 1
10
52.689061
20
193.774933
70
0
0
VERTEX
8
Layer 1
10
52.727087
20
193.784440
70
0
0
VERTEX
8
Layer 1
10
52.765113
20
193.793946
70
0
0
VERTEX
8
Layer 1
10
52.812646
20
193.812960
70
0
0
VERTEX
8
Layer 1
10
52.850672
20
193.822466
70
0
0
VERTEX
8
Layer 1
10
52.888698
20
193.831973
70
0
0
VERTEX
8
Layer 1
10
52.936231
20
193.850986
70
0
0
VERTEX
8
Layer 1
10
52.974257
20
193.860492
70
0
0
VERTEX
8
Layer 1
10
53.012283
20
193.879505
70
0
0
VERTEX
8
Layer 1
10
53.097842
20
193.908025
70
0
0
SEQEND
8
Layer 1
0
POLYLINE
8
Layer 1
62
7
70
0
10
0.000000
20
0.000000
66
1
0
VERTEX
8
Layer 1
10
49.418811
20
200.553096
70
0
0
VERTEX
8
Layer 1
10
49.418811
20
200.553096
70
0
0
VERTEX
8
Layer 1
10
49.418811
20
200.553096
70
0
0
VERTEX
8
Layer 1
10
49.513876
20
200.790760
70
0
0
VERTEX
8
Layer 1
10
49.523383
20
200.914345
70
0
0
VERTEX
8
Layer 1
10
53.981950
20
200.914345
70
0
0
VERTEX
8
Layer 1
10
54.124548
20
200.857306
70
0
0
VERTEX
8
Layer 1
10
54.580862
20
200.923851
70
0
0
VERTEX
8
Layer 1
10
54.580862
20
201.094969
70
0
0
VERTEX
8
Layer 1
10
54.124548
20
201.161515
70
0
0
VERTEX
8
Layer 1
10
53.991457
20
201.085463
70
0
0
VERTEX
8
Layer 1
10
49.532890
20
201.085463
70
0
0
VERTEX
8
Layer 1
10
49.532890
20
201.113982
70
0
0
VERTEX
8
Layer 1
10
49.456837
20
201.351646
70
0
0
VERTEX
8
Layer 1
10
49.456837
20
201.351646
70
0
0
VERTEX
8
Layer 1
10
49.447331
20
201.351646
70
0
0
VERTEX
8
Layer 1
10
49.399798
20
201.313620
70
0
0
VERTEX
8
Layer 1
10
49.190654
20
201.228061
70
0
0
VERTEX
8
Layer 1
10
49.048056
20
201.275593
70
0
0
VERTEX
8
Layer 1
10
46.623888
20
201.427698
70
0
0
VERTEX
8
Layer 1
10
46.313737
20
201.367094
70
0
0
VERTEX
8
Layer 1
10
46.082016
20
201.113982
70
0
0
VERTEX
8
Layer 1
10
46.072509
20
200.990397
70
0
0
VERTEX
8
Layer 1
10
46.082016
20
200.895332
70
0
0
VERTEX
8
Layer 1
10
46.305419
20
200.636279
70
0
0
VERTEX
8
Layer 1
10
46.614382
20
200.562603
70
0
0
VERTEX
8
Layer 1
10
49.048056
20
200.648162
70
0
0
VERTEX
8
Layer 1
10
49.190654
20
200.686188
70
0
0
VERTEX
8
Layer 1
10
49.390291
20
200.591123
70
0
0
VERTEX
8
Layer 1
10
49.418811
20
200.553096
70
0
0
VERTEX
8
Layer 1
10
49.418811
20
200.553096
70
0
0
SEQEND
8
Layer 1
0
POLYLINE
8
Layer 1
62
7
70
0
10
0.000000
20
0.000000
66
1
0
VERTEX
8
Layer 1
10
115.927608
20
222.750000
70
0
0
VERTEX
8
Layer 1
10
199.072392
20
222.750000
70
0
0
VERTEX
8
Layer 1
10
201.214218
20
222.538089
70
0
0
VERTEX
8
Layer 1
10
203.254207
20
221.918185
70
0
0
VERTEX
8
Layer 1
10
205.135034
20
220.914034
70
0
0
VERTEX
8
Layer 1
10
206.799378
20
219.549378
70
0
0
VERTEX
8
Layer 1
10
208.164034
20
217.885034
70
0
0
VERTEX
8
Layer 1
10
209.168185
20
216.004207
70
0
0
VERTEX
8
Layer 1
10
209.788089
20
213.964218
70
0
0
VERTEX
8
Layer 1
10
210.000000
20
211.822392
70
0
0
VERTEX
8
Layer 1
10
210.000000
20
159.427608
70
0
0
VERTEX
8
Layer 1
10
209.788089
20
157.285782
70
0
0
VERTEX
8
Layer 1
10
209.168185
20
155.245793
70
0
0
VERTEX
8
Layer 1
10
208.164034
20
153.364966
70
0
0
VERTEX
8
Layer 1
10
206.799378
20
151.700622
70
0
0
VERTEX
8
Layer 1
10
205.135034
20
150.335966
70
0
0
VERTEX
8
Layer 1
10
203.254207
20
149.331815
70
0
0
VERTEX
8
Layer 1
10
201.214218
20
148.711911
70
0
0
VERTEX
8
Layer 1
10
199.072392
20
148.500000
70
0
0
VERTEX
8
Layer 1
10
115.927608
20
148.500000
70
0
0
VERTEX
8
Layer 1
10
113.785782
20
148.711911
70
0
0
VERTEX
8
Layer 1
10
111.745793
20
149.331815
70
0
0
VERTEX
8
Layer 1
10
109.864966
20
150.335966
70
0
0
VERTEX
8
Layer 1
10
108.200622
20
151.700622
70
0
0
VERTEX
8
Layer 1
10
106.835966
20
153.364966
70
0
0
VERTEX
8
Layer 1
10
105.831815
20
155.245793
70
0
0
VERTEX
8
Layer 1
10
105.211911
20
157.285782
70
0
0
VERTEX
8
Layer 1
10
105.000000
20
159.427608
70
0
0
VERTEX
8
Layer 1
10
105.000000
20
211.822392
70
0
0
VERTEX
8
Layer 1
10
105.211911
20
213.964218
70
0
0
VERTEX
8
Layer 1
10
105.831815
20
216.004207
70
0
0
VERTEX
8
Layer 1
10
106.835966
20
217.885034
70
0
0
VERTEX
8
Layer 1
10
108.200622
20
219.549378
70
0
0
VERTEX
8
Layer 1
10
109.864966
20
220.914034
70
0
0
VERTEX
8
Layer 1
10
111.745793
20
221.918185
70
0
0
VERTEX
8
Layer 1
10
113.785782
20
222.538089
70
0
0
VERTEX
8
Layer 1
10
115.927608
20
222.750000
70
0
0
VERTEX
8
Layer 1
10
115.927608
20
222.750000
70
0
0
SEQEND
8
Layer 1
0
POLYLINE
8
Layer 1
62
7
70
0
10
0.000000
20
0.000000
66
1
0
VERTEX
8
Layer 1
10
164.353145
20
183.098089
70
0
0
VERTEX
8
Layer 1
10
164.353145
20
183.915651
70
0
0
VERTEX
8
Layer 1
10
160.141748
20
183.915651
70
0
0
VERTEX
8
Layer 1
10
160.141748
20
183.478351
70
0
0
VERTEX
8
Layer 1
10
163.934858
20
183.478351
70
0
0
VERTEX
8
Layer 1
10
163.934858
20
183.383285
70
0
0
VERTEX
8
Layer 1
10
160.293853
20
182.318553
70
0
0
VERTEX
8
Layer 1
10
160.293853
20
181.738654
70
0
0
VERTEX
8
Layer 1
10
163.934858
20
180.664415
70
0
0
VERTEX
8
Layer 1
10
163.934858
20
180.578856
70
0
0
VERTEX
8
Layer 1
10
160.141748
20
180.578856
70
0
0
VERTEX
8
Layer 1
10
160.141748
20
180.132048
70
0
0
VERTEX
8
Layer 1
10
164.353145
20
180.132048
70
0
0
VERTEX
8
Layer 1
10
164.353145
20
180.949611
70
0
0
VERTEX
8
Layer 1
10
160.740660
20
182.023850
70
0
0
VERTEX
8
Layer 1
10
164.353145
20
183.098089
70
0
0
SEQEND
8
Layer 1
0
POLYLINE
8
Layer 1
62
7
70
0
10
0.000000
20
0.000000
66
1
0
VERTEX
8
Layer 1
10
163.934858
20
178.070129
70
0
0
VERTEX
8
Layer 1
10
163.934858
20
177.889505
70
0
0
VERTEX
8
Layer 1
10
161.624768
20
177.290593
70
0
0
VERTEX
8
Layer 1
10
161.624768
20
178.678548
70
0
0
VERTEX
8
Layer 1
10
163.934858
20
178.070129
70
0
0
SEQEND
8
Layer 1
0
POLYLINE
8
Layer 1
62
7
70
0
10
0.000000
20
0.000000
66
1
0
VERTEX
8
Layer 1
10
160.141748
20
179.534136
70
0
0
VERTEX
8
Layer 1
10
160.141748
20
179.068316
70
0
0
VERTEX
8
Layer 1
10
161.215987
20
178.773613
70
0
0
VERTEX
8
Layer 1
10
161.215987
20
177.195528
70
0
0
VERTEX
8
Layer 1
10
160.141748
20
176.900825
70
0
0
VERTEX
8
Layer 1
10
160.141748
20
176.435004
70
0
0
VERTEX
8
Layer 1
10
164.353145
20
177.518750
70
0
0
VERTEX
8
Layer 1
10
164.353145
20
178.440884
70
0
0
VERTEX
8
Layer 1
10
160.141748
20
179.534136
70
0
0
SEQEND
8
Layer 1
0
POLYLINE
8
Layer 1
62
7
70
0
10
0.000000
20
0.000000
66
1
0
VERTEX
8
Layer 1
10
160.141748
20
173.716134
70
0
0
VERTEX
8
Layer 1
10
160.141748
20
173.193274
70
0
0
VERTEX
8
Layer 1
10
162.271213
20
174.391098
70
0
0
VERTEX
8
Layer 1
10
164.353145
20
173.259820
70
0
0
VERTEX
8
Layer 1
10
164.353145
20
173.782680
70
0
0
VERTEX
8
Layer 1
10
162.432824
20
174.799880
70
0
0
VERTEX
8
Layer 1
10
162.404305
20
175.370272
70
0
0
VERTEX
8
Layer 1
10
164.353145
20
175.370272
70
0
0
VERTEX
8
Layer 1
10
164.353145
20
175.826586
70
0
0
VERTEX
8
Layer 1
10
160.141748
20
175.826586
70
0
0
VERTEX
8
Layer 1
10
160.141748
20
175.370272
70
0
0
VERTEX
8
Layer 1
10
161.995523
20
175.370272
70
0
0
VERTEX
8
Layer 1
10
162.014537
20
174.790373
70
0
0
VERTEX
8
Layer 1
10
160.141748
20
173.716134
70
0
0
SEQEND
8
Layer 1
0
POLYLINE
8
Layer 1
62
7
70
0
10
0.000000
20
0.000000
66
1
0
VERTEX
8
Layer 1
10
160.141748
20
170.284273
70
0
0
VERTEX
8
Layer 1
10
160.560036
20
170.284273
70
0
0
VERTEX
8
Layer 1
10
160.560036
20
172.176074
70
0
0
VERTEX
8
Layer 1
10
162.081082
20
172.176074
70
0
0
VERTEX
8
Layer 1
10
162.081082
20
170.626508
70
0
0
VERTEX
8
Layer 1
10
162.489864
20
170.626508
70
0
0
VERTEX
8
Layer 1
10
162.489864
20
172.176074
70
0
0
VERTEX
8
Layer 1
10
163.934858
20
172.176074
70
0
0
VERTEX
8
Layer 1
10
163.934858
20
170.284273
70
0
0
VERTEX
8
Layer 1
10
164.353145
20
170.284273
70
0
0
VERTEX
8
Layer 1
10
164.353145
20
172.632388
70
0
0
VERTEX
8
Layer 1
10
160.141748
20
172.632388
70
0
0
VERTEX
8
Layer 1
10
160.141748
20
170.284273
70
0
0
SEQEND
8
Layer 1
0
POLYLINE
8
Layer 1
62
7
70
0
10
0.000000
20
0.000000
66
1
0
VERTEX
8
Layer 1
10
163.069762
20
167.375272
70
0
0
VERTEX
8
Layer 1
10
162.381727
20
167.566591
70
0
0
VERTEX
8
Layer 1
10
162.157135
20
168.164315
70
0
0
VERTEX
8
Layer 1
10
162.157135
20
169.086449
70
0
0
VERTEX
8
Layer 1
10
163.944364
20
169.086449
70
0
0
VERTEX
8
Layer 1
10
163.944364
20
168.164315
70
0
0
VERTEX
8
Layer 1
10
163.728090
20
167.566591
70
0
0
VERTEX
8
Layer 1
10
163.069762
20
167.375272
70
0
0
VERTEX
8
Layer 1
10
163.069762
20
167.375272
70
0
0
SEQEND
8
Layer 1
0
POLYLINE
8
Layer 1
62
7
70
0
10
0.000000
20
0.000000
66
1
0
VERTEX
8
Layer 1
10
160.141748
20
167.299219
70
0
0
VERTEX
8
Layer 1
10
160.141748
20
166.795373
70
0
0
VERTEX
8
Layer 1
10
161.843419
20
167.603429
70
0
0
VERTEX
8
Layer 1
10
162.221304
20
167.101959
70
0
0
VERTEX
8
Layer 1
10
163.069762
20
166.899945
70
0
0
VERTEX
8
Layer 1
10
163.641789
20
166.981196
70
0
0
VERTEX
8
Layer 1
10
164.038241
20
167.221979
70
0
0
VERTEX
8
Layer 1
10
164.268923
20
167.617837
70
0
0
VERTEX
8
Layer 1
10
164.343639
20
168.164315
70
0
0
VERTEX
8
Layer 1
10
164.343639
20
169.552269
70
0
0
VERTEX
8
Layer 1
10
160.132242
20
169.552269
70
0
0
VERTEX
8
Layer 1
10
160.132242
20
169.086449
70
0
0
VERTEX
8
Layer 1
10
161.748353
20
169.086449
70
0
0
VERTEX
8
Layer 1
10
161.748353
20
168.050236
70
0
0
VERTEX
8
Layer 1
10
160.141748
20
167.299219
70
0
0
SEQEND
8
Layer 1
0
POLYLINE
8
Layer 1
62
7
70
0
10
0.000000
20
0.000000
66
1
0
VERTEX
8
Layer 1
10
164.362652
20
165.768667
70
0
0
VERTEX
8
Layer 1
10
164.362652
20
166.196461
70
0
0
VERTEX
8
Layer 1
10
162.974697
20
166.177448
70
0
0
VERTEX
8
Layer 1
10
162.974697
20
165.778173
70
0
0
VERTEX
8
Layer 1
10
164.362652
20
165.768667
70
0
0
SEQEND
8
Layer 1
0
POLYLINE
8
Layer 1
62
7
70
0
10
0.000000
20
0.000000
66
1
0
VERTEX
8
Layer 1
10
164.286600
20
162.707561
70
0
0
VERTEX
8
Layer 1
10
164.410185
20
163.829332
70
0
0
VERTEX
8
Layer 1
10
164.341114
20
164.384277
70
0
0
VERTEX
8
Layer 1
10
164.128553
20
164.789493
70
0
0
VERTEX
8
Layer 1
10
163.764483
20
165.037851
70
0
0
VERTEX
8
Layer 1
10
163.240880
20
165.122222
70
0
0
VERTEX
8
Layer 1
10
162.788577
20
165.044684
70
0
0
VERTEX
8
Layer 1
10
162.474415
20
164.815636
70
0
0
VERTEX
8
Layer 1
10
162.100095
20
163.924398
70
0
0
VERTEX
8
Layer 1
10
161.856490
20
163.282706
70
0
0
VERTEX
8
Layer 1
10
161.320559
20
163.068809
70
0
0
VERTEX
8
Layer 1
10
160.695504
20
163.260128
70
0
0
VERTEX
8
Layer 1
10
160.483984
20
163.857852
70
0
0
VERTEX
8
Layer 1
10
160.569542
20
165.036663
70
0
0
VERTEX
8
Layer 1
10
160.189281
20
165.065183
70
0
0
VERTEX
8
Layer 1
10
160.075202
20
163.857852
70
0
0
VERTEX
8
Layer 1
10
160.158236
20
163.295332
70
0
0
VERTEX
8
Layer 1
10
160.404366
20
162.901256
70
0
0
VERTEX
8
Layer 1
10
160.809137
20
162.669386
70
0
0
VERTEX
8
Layer 1
10
161.368092
20
162.593482
70
0
0
VERTEX
8
Layer 1
10
161.837923
20
162.664633
70
0
0
VERTEX
8
Layer 1
10
162.153570
20
162.877490
70
0
0
VERTEX
8
Layer 1
10
162.518383
20
163.724760
70
0
0
VERTEX
8
Layer 1
10
162.775060
20
164.419926
70
0
0
VERTEX
8
Layer 1
10
163.288413
20
164.637388
70
0
0
VERTEX
8
Layer 1
10
163.829097
20
164.429433
70
0
0
VERTEX
8
Layer 1
10
163.991897
20
163.800813
70
0
0
VERTEX
8
Layer 1
10
163.906338
20
162.726574
70
0
0
VERTEX
8
Layer 1
10
164.286600
20
162.707561
70
0
0
SEQEND
8
Layer 1
0
POLYLINE
8
Layer 1
62
7
70
0
10
0.000000
20
0.000000
66
1
0
VERTEX
8
Layer 1
10
157.651035
20
182.699814
70
0
0
VERTEX
8
Layer 1
10
157.651035
20
182.519190
70
0
0
VERTEX
8
Layer 1
10
155.340945
20
181.920278
70
0
0
VERTEX
8
Layer 1
10
155.340945
20
183.308233
70
0
0
VERTEX
8
Layer 1
10
157.651035
20
182.699814
70
0
0
SEQEND
8
Layer 1
0
POLYLINE
8
Layer 1
62
7
70
0
10
0.000000
20
0.000000
66
1
0
VERTEX
8
Layer 1
10
153.857925
20
184.163821
70
0
0
VERTEX
8
Layer 1
10
153.857925
20
183.698001
70
0
0
VERTEX
8
Layer 1
10
154.932164
20
183.403298
70
0
0
VERTEX
8
Layer 1
10
154.932164
20
181.825213
70
0
0
VERTEX
8
Layer 1
10
153.857925
20
181.530510
70
0
0
VERTEX
8
Layer 1
10
153.857925
20
181.064689
70
0
0
VERTEX
8
Layer 1
10
158.069322
20
182.148435
70
0
0
VERTEX
8
Layer 1
10
158.069322
20
183.070569
70
0
0
VERTEX
8
Layer 1
10
153.857925
20
184.163821
70
0
0
SEQEND
8
Layer 1
0
POLYLINE
8
Layer 1
62
7
70
0
10
0.000000
20
0.000000
66
1
0
VERTEX
8
Layer 1
10
158.002777
20
178.298286
70
0
0
VERTEX
8
Layer 1
10
158.126362
20
179.420058
70
0
0
VERTEX
8
Layer 1
10
158.057291
20
179.975002
70
0
0
VERTEX
8
Layer 1
10
157.844730
20
180.380218
70
0
0
VERTEX
8
Layer 1
10
157.480660
20
180.628577
70
0
0
VERTEX
8
Layer 1
10
156.957057
20
180.712947
70
0
0
VERTEX
8
Layer 1
10
156.504754
20
180.635410
70
0
0
VERTEX
8
Layer 1
10
156.190592
20
180.406361
70
0
0
VERTEX
8
Layer 1
10
155.816272
20
179.515123
70
0
0
VERTEX
8
Layer 1
10
155.572667
20
178.873432
70
0
0
VERTEX
8
Layer 1
10
155.036736
20
178.659535
70
0
0
VERTEX
8
Layer 1
10
154.411681
20
178.850854
70
0
0
VERTEX
8
Layer 1
10
154.200161
20
179.448578
70
0
0
VERTEX
8
Layer 1
10
154.285720
20
180.627389
70
0
0
VERTEX
8
Layer 1
10
153.905458
20
180.655908
70
0
0
VERTEX
8
Layer 1
10
153.791379
20
179.448578
70
0
0
VERTEX
8
Layer 1
10
153.874413
20
178.886058
70
0
0
VERTEX
8
Layer 1
10
154.120543
20
178.491982
70
0
0
VERTEX
8
Layer 1
10
154.525314
20
178.260112
70
0
0
VERTEX
8
Layer 1
10
155.084269
20
178.184208
70
0
0
VERTEX
8
Layer 1
10
155.554100
20
178.255358
70
0
0
VERTEX
8
Layer 1
10
155.869747
20
178.468216
70
0
0
VERTEX
8
Layer 1
10
156.234560
20
179.315486
70
0
0
VERTEX
8
Layer 1
10
156.491237
20
180.010652
70
0
0
VERTEX
8
Layer 1
10
157.004590
20
180.228114
70
0
0
VERTEX
8
Layer 1
10
157.545274
20
180.020158
70
0
0
VERTEX
8
Layer 1
10
157.708074
20
179.391538
70
0
0
VERTEX
8
Layer 1
10
157.622515
20
178.317299
70
0
0
VERTEX
8
Layer 1
10
158.002777
20
178.298286
70
0
0
SEQEND
8
Layer 1
0
POLYLINE
8
Layer 1
62
7
70
0
10
0.000000
20
0.000000
66
1
0
VERTEX
8
Layer 1
10
158.069322
20
177.956051
70
0
0
VERTEX
8
Layer 1
10
155.626142
20
176.729707
70
0
0
VERTEX
8
Layer 1
10
153.857925
20
176.729707
70
0
0
VERTEX
8
Layer 1
10
153.857925
20
176.282900
70
0
0
VERTEX
8
Layer 1
10
155.626142
20
176.282900
70
0
0
VERTEX
8
Layer 1
10
158.069322
20
175.066063
70
0
0
VERTEX
8
Layer 1
10
158.069322
20
175.560403
70
0
0
VERTEX
8
Layer 1
10
156.129988
20
176.511057
70
0
0
VERTEX
8
Layer 1
10
158.069322
20
177.452204
70
0
0
VERTEX
8
Layer 1
10
158.069322
20
177.956051
70
0
0
SEQEND
8
Layer 1
0
POLYLINE
8
Layer 1
62
7
70
0
10
0.000000
20
0.000000
66
1
0
VERTEX
8
Layer 1
10
154.266706
20
172.404231
70
0
0
VERTEX
8
Layer 1
10
154.266706
20
174.058369
70
0
0
VERTEX
8
Layer 1
10
158.069322
20
174.058369
70
0
0
VERTEX
8
Layer 1
10
158.069322
20
174.524190
70
0
0
VERTEX
8
Layer 1
10
153.857925
20
174.524190
70
0
0
VERTEX
8
Layer 1
10
153.857925
20
172.404231
70
0
0
VERTEX
8
Layer 1
10
154.266706
20
172.404231
70
0
0
SEQEND
8
Layer 1
0
POLYLINE
8
Layer 1
62
7
70
0
10
0.000000
20
0.000000
66
1
0
VERTEX
8
Layer 1
10
158.069322
20
171.501110
70
0
0
VERTEX
8
Layer 1
10
158.069322
20
171.966931
70
0
0
VERTEX
8
Layer 1
10
155.141308
20
171.966931
70
0
0
VERTEX
8
Layer 1
10
154.542842
20
171.884045
70
0
0
VERTEX
8
Layer 1
10
154.125297
20
171.631825
70
0
0
VERTEX
8
Layer 1
10
153.880652
20
171.204922
70
0
0
VERTEX
8
Layer 1
10
153.800886
20
170.597989
70
0
0
VERTEX
8
Layer 1
10
153.880652
20
169.985560
70
0
0
VERTEX
8
Layer 1
10
154.125297
20
169.555834
70
0
0
VERTEX
8
Layer 1
10
154.542842
20
169.302574
70
0
0
VERTEX
8
Layer 1
10
155.141308
20
169.219541
70
0
0
VERTEX
8
Layer 1
10
158.069322
20
169.219541
70
0
0
VERTEX
8
Layer 1
10
158.069322
20
169.685361
70
0
0
VERTEX
8
Layer 1
10
155.112788
20
169.685361
70
0
0
VERTEX
8
Layer 1
10
154.418811
20
169.901635
70
0
0
VERTEX
8
Layer 1
10
154.209667
20
170.588482
70
0
0
VERTEX
8
Layer 1
10
154.418811
20
171.271765
70
0
0
VERTEX
8
Layer 1
10
155.112788
20
171.491604
70
0
0
VERTEX
8
Layer 1
10
158.069322
20
171.491604
70
0
0
VERTEX
8
Layer 1
10
158.069322
20
171.501110
70
0
0
SEQEND
8
Layer 1
0
POLYLINE
8
Layer 1
62
7
70
0
10
0.000000
20
0.000000
66
1
0
VERTEX
8
Layer 1
10
158.069322
20
167.479844
70
0
0
VERTEX
8
Layer 1
10
158.069322
20
168.306913
70
0
0
VERTEX
8
Layer 1
10
153.857925
20
168.306913
70
0
0
VERTEX
8
Layer 1
10
153.857925
20
167.869612
70
0
0
VERTEX
8
Layer 1
10
157.651035
20
167.869612
70
0
0
VERTEX
8
Layer 1
10
157.651035
20
167.774546
70
0
0
VERTEX
8
Layer 1
10
154.010030
20
166.700307
70
0
0
VERTEX
8
Layer 1
10
154.010030
20
166.129915
70
0
0
VERTEX
8
Layer 1
10
157.651035
20
165.046169
70
0
0
VERTEX
8
Layer 1
10
157.651035
20
164.960611
70
0
0
VERTEX
8
Layer 1
10
153.857925
20
164.960611
70
0
0
VERTEX
8
Layer 1
10
153.857925
20
164.523310
70
0
0
VERTEX
8
Layer 1
10
158.069322
20
164.523310
70
0
0
VERTEX
8
Layer 1
10
158.069322
20
165.331366
70
0
0
VERTEX
8
Layer 1
10
154.456837
20
166.415111
70
0
0
VERTEX
8
Layer 1
10
158.069322
20
167.479844
70
0
0
SEQEND
8
Layer 1
0
POLYLINE
8
Layer 1
62
7
70
0
10
0.000000
20
0.000000
66
1
0
VERTEX
8
Layer 1
10
164.695381
20
161.576282
70
0
0
VERTEX
8
Layer 1
10
164.695381
20
161.395658
70
0
0
VERTEX
8
Layer 1
10
165.465411
20
161.395658
70
0
0
VERTEX
8
Layer 1
10
164.752420
20
161.177008
70
0
0
VERTEX
8
Layer 1
10
164.752420
20
161.034410
70
0
0
VERTEX
8
Layer 1
10
165.465411
20
160.806253
70
0
0
VERTEX
8
Layer 1
10
164.695381
20
160.806253
70
0
0
VERTEX
8
Layer 1
10
164.695381
20
160.625628
70
0
0
VERTEX
8
Layer 1
10
165.722087
20
160.625628
70
0
0
VERTEX
8
Layer 1
10
165.722087
20
160.872798
70
0
0
VERTEX
8
Layer 1
10
165.009097
20
161.110462
70
0
0
VERTEX
8
Layer 1
10
165.722087
20
161.338619
70
0
0
VERTEX
8
Layer 1
10
165.722087
20
161.585789
70
0
0
VERTEX
8
Layer 1
10
164.695381
20
161.576282
70
0
0
SEQEND
8
Layer 1
0
POLYLINE
8
Layer 1
62
7
70
0
10
0.000000
20
0.000000
66
1
0
VERTEX
8
Layer 1
10
165.550969
20
162.374832
70
0
0
VERTEX
8
Layer 1
10
165.550969
20
162.108649
70
0
0
VERTEX
8
Layer 1
10
164.704887
20
162.108649
70
0
0
VERTEX
8
Layer 1
10
164.704887
20
161.918518
70
0
0
VERTEX
8
Layer 1
10
165.550969
20
161.918518
70
0
0
VERTEX
8
Layer 1
10
165.550969
20
161.690361
70
0
0
VERTEX
8
Layer 1
10
165.722087
20
161.690361
70
0
0
VERTEX
8
Layer 1
10
165.722087
20
162.374832
70
0
0
VERTEX
8
Layer 1
10
165.550969
20
162.374832
70
0
0
SEQEND
8
Layer 1
0
POLYLINE
8
Layer 1
62
7
70
0
10
0.000000
20
0.000000
66
1
0
VERTEX
8
Layer 1
10
151.557343
20
186.711574
70
0
0
VERTEX
8
Layer 1
10
154.618448
20
188.650908
70
0
0
VERTEX
8
Layer 1
10
155.331439
20
188.536830
70
0
0
VERTEX
8
Layer 1
10
155.245880
20
189.050183
70
0
0
VERTEX
8
Layer 1
10
155.645155
20
189.306860
70
0
0
VERTEX
8
Layer 1
10
155.645155
20
189.278340
70
0
0
VERTEX
8
Layer 1
10
155.721207
20
189.154755
70
0
0
VERTEX
8
Layer 1
10
155.920844
20
188.498804
70
0
0
VERTEX
8
Layer 1
10
156.510250
20
188.479791
70
0
0
VERTEX
8
Layer 1
10
157.042616
20
188.498804
70
0
0
VERTEX
8
Layer 1
10
156.861992
20
189.002650
70
0
0
VERTEX
8
Layer 1
10
156.857239
20
189.150002
70
0
0
VERTEX
8
Layer 1
10
157.023603
20
189.297353
70
0
0
VERTEX
8
Layer 1
10
157.245818
20
189.259327
70
0
0
VERTEX
8
Layer 1
10
157.318306
20
189.164261
70
0
0
VERTEX
8
Layer 1
10
157.622515
20
188.555843
70
0
0
VERTEX
8
Layer 1
10
158.734780
20
188.745974
70
0
0
VERTEX
8
Layer 1
10
158.468597
20
189.211794
70
0
0
VERTEX
8
Layer 1
10
158.438889
20
189.354392
70
0
0
VERTEX
8
Layer 1
10
158.573169
20
189.525510
70
0
0
VERTEX
8
Layer 1
10
158.797761
20
189.521945
70
0
0
VERTEX
8
Layer 1
10
158.886885
20
189.439951
70
0
0
VERTEX
8
Layer 1
10
159.295666
20
188.888572
70
0
0
VERTEX
8
Layer 1
10
160.350892
20
189.268833
70
0
0
VERTEX
8
Layer 1
10
160.008657
20
189.687121
70
0
0
VERTEX
8
Layer 1
10
159.953994
20
189.821401
70
0
0
VERTEX
8
Layer 1
10
160.056189
20
190.019850
70
0
0
VERTEX
8
Layer 1
10
160.278405
20
190.055500
70
0
0
VERTEX
8
Layer 1
10
160.379412
20
189.991330
70
0
0
VERTEX
8
Layer 1
10
160.873752
20
189.516003
70
0
0
VERTEX
8
Layer 1
10
161.852925
20
190.076889
70
0
0
VERTEX
8
Layer 1
10
161.444144
20
190.428631
70
0
0
VERTEX
8
Layer 1
10
161.368092
20
190.552216
70
0
0
VERTEX
8
Layer 1
10
161.434638
20
190.761360
70
0
0
VERTEX
8
Layer 1
10
161.646158
20
190.836224
70
0
0
VERTEX
8
Layer 1
10
161.757860
20
190.789880
70
0
0
VERTEX
8
Layer 1
10
162.328252
20
190.409618
70
0
0
VERTEX
8
Layer 1
10
163.193348
20
191.122609
70
0
0
VERTEX
8
Layer 1
10
162.727527
20
191.398298
70
0
0
VERTEX
8
Layer 1
10
162.630085
20
191.506435
70
0
0
VERTEX
8
Layer 1
10
162.660981
20
191.721521
70
0
0
VERTEX
8
Layer 1
10
162.857054
20
191.832034
70
0
0
VERTEX
8
Layer 1
10
162.974697
20
191.807080
70
0
0
VERTEX
8
Layer 1
10
163.602129
20
191.531390
70
0
0
VERTEX
8
Layer 1
10
164.334132
20
192.386979
70
0
0
VERTEX
8
Layer 1
10
163.830286
20
192.577109
70
0
0
VERTEX
8
Layer 1
10
163.715019
20
192.669798
70
0
0
VERTEX
8
Layer 1
10
163.706701
20
192.890825
70
0
0
VERTEX
8
Layer 1
10
163.882572
20
193.032235
70
0
0
VERTEX
8
Layer 1
10
164.001403
20
193.023917
70
0
0
VERTEX
8
Layer 1
10
164.666861
20
192.862306
70
0
0
VERTEX
8
Layer 1
10
165.237254
20
193.831973
70
0
0
VERTEX
8
Layer 1
10
164.704887
20
193.927038
70
0
0
VERTEX
8
Layer 1
10
164.576549
20
193.998337
70
0
0
VERTEX
8
Layer 1
10
164.533770
20
194.212234
70
0
0
VERTEX
8
Layer 1
10
164.681121
20
194.380975
70
0
0
VERTEX
8
Layer 1
10
164.799953
20
194.392858
70
0
0
VERTEX
8
Layer 1
10
165.484424
20
194.345326
70
0
0
VERTEX
8
Layer 1
10
165.893205
20
195.457591
70
0
0
VERTEX
8
Layer 1
10
165.351332
20
195.457591
70
0
0
VERTEX
8
Layer 1
10
165.142188
20
195.457591
70
0
0
VERTEX
8
Layer 1
10
167.062509
20
196.693441
70
0
0
VERTEX
8
Layer 1
10
167.976920
20
197.541900
70
0
0
VERTEX
8
Layer 1
10
168.281723
20
198.475917
70
0
0
VERTEX
8
Layer 1
10
167.976920
20
199.409935
70
0
0
VERTEX
8
Layer 1
10
167.062509
20
200.258394
70
0
0
VERTEX
8
Layer 1
10
165.902711
20
200.999904
70
0
0
VERTEX
8
Layer 1
10
165.912218
20
201.066450
70
0
0
VERTEX
8
Layer 1
10
165.531956
20
202.121675
70
0
0
VERTEX
8
Layer 1
10
165.113669
20
201.769934
70
0
0
VERTEX
8
Layer 1
10
164.979389
20
201.715271
70
0
0
VERTEX
8
Layer 1
10
164.780940
20
201.817466
70
0
0
VERTEX
8
Layer 1
10
164.745290
20
202.039682
70
0
0
VERTEX
8
Layer 1
10
164.809459
20
202.140689
70
0
0
VERTEX
8
Layer 1
10
165.284786
20
202.635029
70
0
0
VERTEX
8
Layer 1
10
164.723900
20
203.614202
70
0
0
VERTEX
8
Layer 1
10
164.372158
20
203.205421
70
0
0
VERTEX
8
Layer 1
10
164.248573
20
203.129369
70
0
0
VERTEX
8
Layer 1
10
164.039430
20
203.195914
70
0
0
VERTEX
8
Layer 1
10
163.964566
20
203.407435
70
0
0
VERTEX
8
Layer 1
10
164.010910
20
203.519137
70
0
0
VERTEX
8
Layer 1
10
164.391172
20
204.089529
70
0
0
VERTEX
8
Layer 1
10
163.678181
20
204.954624
70
0
0
VERTEX
8
Layer 1
10
163.402491
20
204.488804
70
0
0
VERTEX
8
Layer 1
10
163.294354
20
204.391362
70
0
0
VERTEX
8
Layer 1
10
163.079269
20
204.422258
70
0
0
VERTEX
8
Layer 1
10
162.968755
20
204.618331
70
0
0
VERTEX
8
Layer 1
10
162.993710
20
204.735974
70
0
0
VERTEX
8
Layer 1
10
163.269400
20
205.363406
70
0
0
VERTEX
8
Layer 1
10
162.413811
20
206.095409
70
0
0
VERTEX
8
Layer 1
10
162.223680
20
205.591563
70
0
0
VERTEX
8
Layer 1
10
162.130992
20
205.476296
70
0
0
VERTEX
8
Layer 1
10
161.909965
20
205.467978
70
0
0
VERTEX
8
Layer 1
10
161.768555
20
205.643849
70
0
0
VERTEX
8
Layer 1
10
161.776873
20
205.762680
70
0
0
VERTEX
8
Layer 1
10
161.938484
20
206.428138
70
0
0
VERTEX
8
Layer 1
10
160.968817
20
206.998530
70
0
0
VERTEX
8
Layer 1
10
160.873752
20
206.466164
70
0
0
VERTEX
8
Layer 1
10
160.802453
20
206.337826
70
0
0
VERTEX
8
Layer 1
10
160.588556
20
206.295047
70
0
0
VERTEX
8
Layer 1
10
160.419814
20
206.442398
70
0
0
VERTEX
8
Layer 1
10
160.407931
20
206.561230
70
0
0
VERTEX
8
Layer 1
10
160.455464
20
207.245701
70
0
0
VERTEX
8
Layer 1
10
159.343199
20
207.654482
70
0
0
VERTEX
8
Layer 1
10
159.343199
20
207.112609
70
0
0
VERTEX
8
Layer 1
10
159.298043
20
206.974764
70
0
0
VERTEX
8
Layer 1
10
159.096029
20
206.893959
70
0
0
VERTEX
8
Layer 1
10
158.903521
20
207.008037
70
0
0
VERTEX
8
Layer 1
10
158.867872
20
207.122116
70
0
0
VERTEX
8
Layer 1
10
158.791819
20
207.806586
70
0
0
VERTEX
8
Layer 1
10
157.689061
20
208.006224
70
0
0
VERTEX
8
Layer 1
10
157.784126
20
207.473858
70
0
0
VERTEX
8
Layer 1
10
157.767490
20
207.339578
70
0
0
VERTEX
8
Layer 1
10
157.622515
20
207.226687
70
0
0
VERTEX
8
Layer 1
10
157.527450
20
206.380605
70
0
0
VERTEX
8
Layer 1
10
157.299293
20
206.523203
70
0
0
VERTEX
8
Layer 1
10
157.384852
20
207.283727
70
0
0
VERTEX
8
Layer 1
10
157.308799
20
207.407312
70
0
0
VERTEX
8
Layer 1
10
157.109162
20
208.063263
70
0
0
VERTEX
8
Layer 1
10
156.519756
20
208.082276
70
0
0
VERTEX
8
Layer 1
10
155.987390
20
208.063263
70
0
0
VERTEX
8
Layer 1
10
156.168014
20
207.559416
70
0
0
VERTEX
8
Layer 1
10
156.072949
20
207.302740
70
0
0
VERTEX
8
Layer 1
10
155.626142
20
207.587936
70
0
0
VERTEX
8
Layer 1
10
155.407491
20
208.025237
70
0
0
VERTEX
8
Layer 1
10
155.017723
20
207.968198
70
0
0
VERTEX
8
Layer 1
10
151.566849
20
210.154702
70
0
0
VERTEX
8
Layer 1
10
150.419083
20
210.609233
70
0
0
VERTEX
8
Layer 1
10
149.917000
20
210.604554
70
0
0
VERTEX
8
Layer 1
10
149.478975
20
210.454158
70
0
0
VERTEX
8
Layer 1
10
149.117151
20
210.164728
70
0
0
VERTEX
8
Layer 1
10
148.843671
20
209.742950
70
0
0
VERTEX
8
Layer 1
10
148.610315
20
208.529083
70
0
0
VERTEX
8
Layer 1
10
148.610315
20
203.661735
70
0
0
VERTEX
8
Layer 1
10
148.363145
20
203.718774
70
0
0
VERTEX
8
Layer 1
10
147.792753
20
202.749107
70
0
0
VERTEX
8
Layer 1
10
148.325119
20
202.654042
70
0
0
VERTEX
8
Layer 1
10
148.453457
20
202.586308
70
0
0
VERTEX
8
Layer 1
10
148.496237
20
202.368846
70
0
0
VERTEX
8
Layer 1
10
148.348885
20
202.200104
70
0
0
VERTEX
8
Layer 1
10
148.230054
20
202.188221
70
0
0
VERTEX
8
Layer 1
10
147.545583
20
202.235754
70
0
0
VERTEX
8
Layer 1
10
147.136801
20
201.123489
70
0
0
VERTEX
8
Layer 1
10
147.678674
20
201.123489
70
0
0
VERTEX
8
Layer 1
10
147.816519
20
201.078333
70
0
0
VERTEX
8
Layer 1
10
147.897325
20
200.876319
70
0
0
VERTEX
8
Layer 1
10
147.783246
20
200.683811
70
0
0
VERTEX
8
Layer 1
10
147.669168
20
200.648162
70
0
0
VERTEX
8
Layer 1
10
146.984697
20
200.572109
70
0
0
VERTEX
8
Layer 1
10
146.785059
20
199.469351
70
0
0
VERTEX
8
Layer 1
10
147.317426
20
199.564416
70
0
0
VERTEX
8
Layer 1
10
147.451706
20
199.547780
70
0
0
VERTEX
8
Layer 1
10
147.564596
20
199.402805
70
0
0
VERTEX
8
Layer 1
10
148.610315
20
199.288727
70
0
0
VERTEX
8
Layer 1
10
148.610315
20
199.051063
70
0
0
VERTEX
8
Layer 1
10
147.517063
20
199.174648
70
0
0
VERTEX
8
Layer 1
10
147.393478
20
199.098596
70
0
0
VERTEX
8
Layer 1
10
146.737527
20
198.908465
70
0
0
VERTEX
8
Layer 1
10
146.718514
20
198.319059
70
0
0
VERTEX
8
Layer 1
10
146.737527
20
197.786693
70
0
0
VERTEX
8
Layer 1
10
147.241373
20
197.967318
70
0
0
VERTEX
8
Layer 1
10
147.388725
20
197.972071
70
0
0
VERTEX
8
Layer 1
10
147.536076
20
197.805706
70
0
0
VERTEX
8
Layer 1
10
147.498050
20
197.583491
70
0
0
VERTEX
8
Layer 1
10
147.402985
20
197.511004
70
0
0
VERTEX
8
Layer 1
10
146.794566
20
197.206794
70
0
0
VERTEX
8
Layer 1
10
146.984697
20
196.094529
70
0
0
VERTEX
8
Layer 1
10
147.450517
20
196.360712
70
0
0
VERTEX
8
Layer 1
10
147.593115
20
196.390420
70
0
0
VERTEX
8
Layer 1
10
147.764233
20
196.256140
70
0
0
VERTEX
8
Layer 1
10
147.760668
20
196.031548
70
0
0
VERTEX
8
Layer 1
10
147.678674
20
195.942424
70
0
0
VERTEX
8
Layer 1
10
147.127295
20
195.533643
70
0
0
VERTEX
8
Layer 1
10
147.507557
20
194.478417
70
0
0
VERTEX
8
Layer 1
10
147.925844
20
194.820653
70
0
0
VERTEX
8
Layer 1
10
148.060124
20
194.875315
70
0
0
VERTEX
8
Layer 1
10
148.258573
20
194.773120
70
0
0
VERTEX
8
Layer 1
10
148.294223
20
194.550905
70
0
0
VERTEX
8
Layer 1
10
148.230054
20
194.449898
70
0
0
VERTEX
8
Layer 1
10
147.754727
20
193.955558
70
0
0
VERTEX
8
Layer 1
10
148.315612
20
192.976384
70
0
0
VERTEX
8
Layer 1
10
148.629328
20
193.347139
70
0
0
VERTEX
8
Layer 1
10
148.629328
20
188.375219
70
0
0
VERTEX
8
Layer 1
10
148.846196
20
187.139368
70
0
0
VERTEX
8
Layer 1
10
149.114607
20
186.710831
70
0
0
VERTEX
8
Layer 1
10
149.473034
20
186.416871
70
0
0
VERTEX
8
Layer 1
10
149.908998
20
186.263727
70
0
0
VERTEX
8
Layer 1
10
150.410022
20
186.257637
70
0
0
VERTEX
8
Layer 1
10
151.557343
20
186.711574
70
0
0
VERTEX
8
Layer 1
10
151.557343
20
186.711574
70
0
0
SEQEND
8
Layer 1
0
POLYLINE
8
Layer 1
62
7
70
0
10
0.000000
20
0.000000
66
1
0
VERTEX
8
Layer 1
10
149.713074
20
188.299166
70
0
0
VERTEX
8
Layer 1
10
149.713074
20
208.538590
70
0
0
VERTEX
8
Layer 1
10
149.813041
20
209.058776
70
0
0
VERTEX
8
Layer 1
10
150.085017
20
209.363282
70
0
0
VERTEX
8
Layer 1
10
150.487114
20
209.428937
70
0
0
VERTEX
8
Layer 1
10
150.977444
20
209.232567
70
0
0
VERTEX
8
Layer 1
10
166.568169
20
199.241194
70
0
0
VERTEX
8
Layer 1
10
166.958531
20
198.861526
70
0
0
VERTEX
8
Layer 1
10
167.088652
20
198.428385
70
0
0
VERTEX
8
Layer 1
10
166.958531
20
197.995243
70
0
0
VERTEX
8
Layer 1
10
166.568169
20
197.615576
70
0
0
VERTEX
8
Layer 1
10
150.986950
20
187.605189
70
0
0
VERTEX
8
Layer 1
10
150.491125
20
187.408819
70
0
0
VERTEX
8
Layer 1
10
150.086205
20
187.474474
70
0
0
VERTEX
8
Layer 1
10
149.813190
20
187.778980
70
0
0
VERTEX
8
Layer 1
10
149.713074
20
188.299166
70
0
0
VERTEX
8
Layer 1
10
149.713074
20
188.299166
70
0
0
SEQEND
8
Layer 1
0
POLYLINE
8
Layer 1
62
7
70
0
10
0.000000
20
0.000000
66
1
0
VERTEX
8
Layer 1
10
155.179334
20
198.946491
70
0
0
VERTEX
8
Layer 1
10
155.160321
20
198.965504
70
0
0
VERTEX
8
Layer 1
10
155.150815
20
198.975011
70
0
0
VERTEX
8
Layer 1
10
155.141308
20
198.984517
70
0
0
VERTEX
8
Layer 1
10
155.141308
20
198.994024
70
0
0
VERTEX
8
Layer 1
10
155.141308
20
198.994024
70
0
0
VERTEX
8
Layer 1
10
155.141308
20
198.994024
70
0
0
VERTEX
8
Layer 1
10
155.141308
20
198.994024
70
0
0
VERTEX
8
Layer 1
10
155.141308
20
198.994024
70
0
0
VERTEX
8
Layer 1
10
155.131802
20
199.003530
70
0
0
VERTEX
8
Layer 1
10
155.131802
20
199.013037
70
0
0
VERTEX
8
Layer 1
10
155.131802
20
199.013037
70
0
0
VERTEX
8
Layer 1
10
155.131802
20
199.013037
70
0
0
VERTEX
8
Layer 1
10
155.131802
20
199.013037
70
0
0
VERTEX
8
Layer 1
10
155.131802
20
199.013037
70
0
0
VERTEX
8
Layer 1
10
155.122295
20
199.022543
70
0
0
VERTEX
8
Layer 1
10
155.112788
20
199.032050
70
0
0
VERTEX
8
Layer 1
10
155.112788
20
199.032050
70
0
0
VERTEX
8
Layer 1
10
155.112788
20
199.032050
70
0
0
VERTEX
8
Layer 1
10
155.112788
20
199.032050
70
0
0
VERTEX
8
Layer 1
10
155.103282
20
199.051063
70
0
0
VERTEX
8
Layer 1
10
155.093775
20
199.070076
70
0
0
VERTEX
8
Layer 1
10
155.084269
20
199.079583
70
0
0
VERTEX
8
Layer 1
10
155.074762
20
199.089089
70
0
0
VERTEX
8
Layer 1
10
155.065256
20
199.108102
70
0
0
VERTEX
8
Layer 1
10
155.065256
20
199.108102
70
0
0
VERTEX
8
Layer 1
10
155.065256
20
199.108102
70
0
0
VERTEX
8
Layer 1
10
155.065256
20
199.108102
70
0
0
VERTEX
8
Layer 1
10
155.055749
20
199.117609
70
0
0
VERTEX
8
Layer 1
10
155.046243
20
199.136622
70
0
0
VERTEX
8
Layer 1
10
155.036736
20
199.155635
70
0
0
VERTEX
8
Layer 1
10
155.027230
20
199.165142
70
0
0
VERTEX
8
Layer 1
10
155.027230
20
199.174648
70
0
0
VERTEX
8
Layer 1
10
155.027230
20
199.184155
70
0
0
VERTEX
8
Layer 1
10
154.960684
20
199.393298
70
0
0
VERTEX
8
Layer 1
10
154.960684
20
199.412312
70
0
0
VERTEX
8
Layer 1
10
154.951177
20
199.431325
70
0
0
VERTEX
8
Layer 1
10
154.941671
20
199.440831
70
0
0
VERTEX
8
Layer 1
10
154.941671
20
199.450338
70
0
0
VERTEX
8
Layer 1
10
154.941671
20
199.459844
70
0
0
VERTEX
8
Layer 1
10
154.941671
20
199.469351
70
0
0
VERTEX
8
Layer 1
10
154.941671
20
199.478857
70
0
0
VERTEX
8
Layer 1
10
154.941671
20
199.478857
70
0
0
VERTEX
8
Layer 1
10
154.932164
20
199.478857
70
0
0
VERTEX
8
Layer 1
10
154.932164
20
199.478857
70
0
0
VERTEX
8
Layer 1
10
154.922658
20
199.478857
70
0
0
VERTEX
8
Layer 1
10
154.913151
20
199.488364
70
0
0
VERTEX
8
Layer 1
10
154.913151
20
199.488364
70
0
0
VERTEX
8
Layer 1
10
154.903645
20
199.488364
70
0
0
VERTEX
8
Layer 1
10
154.894138
20
199.488364
70
0
0
VERTEX
8
Layer 1
10
154.884632
20
199.488364
70
0
0
VERTEX
8
Layer 1
10
154.875125
20
199.488364
70
0
0
VERTEX
8
Layer 1
10
154.865618
20
199.488364
70
0
0
VERTEX
8
Layer 1
10
154.846605
20
199.488364
70
0
0
VERTEX
8
Layer 1
10
154.827592
20
199.478857
70
0
0
VERTEX
8
Layer 1
10
154.808579
20
199.469351
70
0
0
VERTEX
8
Layer 1
10
154.789566
20
199.459844
70
0
0
VERTEX
8
Layer 1
10
154.780060
20
199.450338
70
0
0
VERTEX
8
Layer 1
10
154.770553
20
199.440831
70
0
0
VERTEX
8
Layer 1
10
154.713514
20
199.383792
70
0
0
VERTEX
8
Layer 1
10
154.656475
20
199.326753
70
0
0
VERTEX
8
Layer 1
10
154.599435
20
199.269713
70
0
0
VERTEX
8
Layer 1
10
154.542396
20
199.212674
70
0
0
VERTEX
8
Layer 1
10
154.485357
20
199.155635
70
0
0
VERTEX
8
Layer 1
10
154.456837
20
199.127115
70
0
0
VERTEX
8
Layer 1
10
154.428318
20
199.098596
70
0
0
VERTEX
8
Layer 1
10
154.371278
20
199.032050
70
0
0
VERTEX
8
Layer 1
10
154.314239
20
198.965504
70
0
0
VERTEX
8
Layer 1
10
154.342759
20
198.879945
70
0
0
VERTEX
8
Layer 1
10
154.390291
20
198.851426
70
0
0
VERTEX
8
Layer 1
10
154.437824
20
198.822906
70
0
0
VERTEX
8
Layer 1
10
154.475850
20
198.794386
70
0
0
VERTEX
8
Layer 1
10
154.513876
20
198.765867
70
0
0
VERTEX
8
Layer 1
10
154.542396
20
198.746854
70
0
0
VERTEX
8
Layer 1
10
154.561409
20
198.727841
70
0
0
VERTEX
8
Layer 1
10
154.580422
20
198.708828
70
0
0
VERTEX
8
Layer 1
10
154.599435
20
198.689815
70
0
0
VERTEX
8
Layer 1
10
154.694501
20
198.585243
70
0
0
VERTEX
8
Layer 1
10
154.723020
20
198.547216
70
0
0
VERTEX
8
Layer 1
10
154.770553
20
198.490177
70
0
0
VERTEX
8
Layer 1
10
154.808579
20
198.490177
70
0
0
VERTEX
8
Layer 1
10
155.179334
20
198.946491
70
0
0
VERTEX
8
Layer 1
10
155.179334
20
198.946491
70
0
0
SEQEND
8
Layer 1
0
POLYLINE
8
Layer 1
62
7
70
0
10
0.000000
20
0.000000
66
1
0
VERTEX
8
Layer 1
10
156.681368
20
196.512817
70
0
0
VERTEX
8
Layer 1
10
156.757420
20
196.427258
70
0
0
VERTEX
8
Layer 1
10
156.833472
20
196.341699
70
0
0
VERTEX
8
Layer 1
10
156.909525
20
196.256140
70
0
0
VERTEX
8
Layer 1
10
156.938044
20
196.218114
70
0
0
VERTEX
8
Layer 1
10
157.270773
20
196.493804
70
0
0
VERTEX
8
Layer 1
10
157.261267
20
196.512817
70
0
0
VERTEX
8
Layer 1
10
157.242253
20
196.531830
70
0
0
VERTEX
8
Layer 1
10
157.166201
20
196.626895
70
0
0
VERTEX
8
Layer 1
10
157.090149
20
196.721961
70
0
0
VERTEX
8
Layer 1
10
157.014096
20
196.817026
70
0
0
VERTEX
8
Layer 1
10
156.976070
20
196.864559
70
0
0
VERTEX
8
Layer 1
10
156.938044
20
196.912092
70
0
0
VERTEX
8
Layer 1
10
156.900018
20
196.959624
70
0
0
VERTEX
8
Layer 1
10
156.861992
20
197.007157
70
0
0
VERTEX
8
Layer 1
10
156.823966
20
197.054690
70
0
0
VERTEX
8
Layer 1
10
156.804953
20
197.073703
70
0
0
VERTEX
8
Layer 1
10
156.795446
20
197.083209
70
0
0
VERTEX
8
Layer 1
10
156.785940
20
197.092716
70
0
0
VERTEX
8
Layer 1
10
156.719394
20
197.178275
70
0
0
VERTEX
8
Layer 1
10
156.396171
20
197.596562
70
0
0
VERTEX
8
Layer 1
10
156.339132
20
197.672615
70
0
0
VERTEX
8
Layer 1
10
156.301106
20
197.720147
70
0
0
VERTEX
8
Layer 1
10
156.263080
20
197.767680
70
0
0
VERTEX
8
Layer 1
10
156.234560
20
197.796200
70
0
0
VERTEX
8
Layer 1
10
156.187028
20
197.853239
70
0
0
VERTEX
8
Layer 1
10
156.139495
20
197.910278
70
0
0
VERTEX
8
Layer 1
10
156.129988
20
197.929291
70
0
0
VERTEX
8
Layer 1
10
156.120482
20
197.948304
70
0
0
VERTEX
8
Layer 1
10
156.082456
20
197.995837
70
0
0
VERTEX
8
Layer 1
10
156.044429
20
198.043370
70
0
0
VERTEX
8
Layer 1
10
156.006403
20
198.081396
70
0
0
VERTEX
8
Layer 1
10
155.958871
20
198.128929
70
0
0
VERTEX
8
Layer 1
10
155.911338
20
198.176461
70
0
0
VERTEX
8
Layer 1
10
155.873312
20
198.214488
70
0
0
VERTEX
8
Layer 1
10
155.844792
20
198.252514
70
0
0
VERTEX
8
Layer 1
10
155.835286
20
198.271527
70
0
0
VERTEX
8
Layer 1
10
155.550089
20
197.881759
70
0
0
VERTEX
8
Layer 1
10
155.550089
20
197.853239
70
0
0
VERTEX
8
Layer 1
10
155.540583
20
197.691628
70
0
0
VERTEX
8
Layer 1
10
155.597622
20
197.634589
70
0
0
VERTEX
8
Layer 1
10
155.626142
20
197.596562
70
0
0
VERTEX
8
Layer 1
10
155.692687
20
197.520510
70
0
0
VERTEX
8
Layer 1
10
155.721207
20
197.491990
70
0
0
VERTEX
8
Layer 1
10
155.797259
20
197.415938
70
0
0
VERTEX
8
Layer 1
10
155.825779
20
197.387419
70
0
0
VERTEX
8
Layer 1
10
155.863805
20
197.339886
70
0
0
VERTEX
8
Layer 1
10
155.901831
20
197.301860
70
0
0
VERTEX
8
Layer 1
10
155.968377
20
197.225807
70
0
0
VERTEX
8
Layer 1
10
156.034923
20
197.149755
70
0
0
VERTEX
8
Layer 1
10
156.101469
20
197.073703
70
0
0
VERTEX
8
Layer 1
10
156.168014
20
197.007157
70
0
0
VERTEX
8
Layer 1
10
156.367652
20
196.845546
70
0
0
VERTEX
8
Layer 1
10
156.443704
20
196.769493
70
0
0
VERTEX
8
Layer 1
10
156.519756
20
196.693441
70
0
0
VERTEX
8
Layer 1
10
156.595809
20
196.617389
70
0
0
VERTEX
8
Layer 1
10
156.681368
20
196.512817
70
0
0
SEQEND
8
Layer 1
0
POLYLINE
8
Layer 1
62
7
70
0
10
0.000000
20
0.000000
66
1
0
VERTEX
8
Layer 1
10
152.850232
20
195.314993
70
0
0
VERTEX
8
Layer 1
10
156.995083
20
195.314993
70
0
0
VERTEX
8
Layer 1
10
157.269585
20
195.052375
70
0
0
VERTEX
8
Layer 1
10
157.651035
20
194.953744
70
0
0
VERTEX
8
Layer 1
10
157.850672
20
194.982264
70
0
0
VERTEX
8
Layer 1
10
157.822152
20
195.010784
70
0
0
VERTEX
8
Layer 1
10
157.746100
20
195.105849
70
0
0
VERTEX
8
Layer 1
10
157.670048
20
195.200914
70
0
0
VERTEX
8
Layer 1
10
157.593995
20
195.295980
70
0
0
VERTEX
8
Layer 1
10
157.555969
20
195.343512
70
0
0
VERTEX
8
Layer 1
10
157.489424
20
195.343512
70
0
0
VERTEX
8
Layer 1
10
157.280280
20
195.552656
70
0
0
VERTEX
8
Layer 1
10
157.280280
20
195.657228
70
0
0
VERTEX
8
Layer 1
10
157.280280
20
195.847359
70
0
0
VERTEX
8
Layer 1
10
157.280280
20
195.866372
70
0
0
VERTEX
8
Layer 1
10
157.489424
20
196.104036
70
0
0
VERTEX
8
Layer 1
10
157.632022
20
196.104036
70
0
0
VERTEX
8
Layer 1
10
157.803139
20
196.104036
70
0
0
VERTEX
8
Layer 1
10
157.812646
20
196.104036
70
0
0
VERTEX
8
Layer 1
10
158.059816
20
195.866372
70
0
0
VERTEX
8
Layer 1
10
158.059816
20
195.818839
70
0
0
VERTEX
8
Layer 1
10
158.145375
20
195.723774
70
0
0
VERTEX
8
Layer 1
10
158.183401
20
195.676241
70
0
0
VERTEX
8
Layer 1
10
158.221427
20
195.628709
70
0
0
VERTEX
8
Layer 1
10
158.240440
20
195.609696
70
0
0
VERTEX
8
Layer 1
10
158.259453
20
195.590682
70
0
0
VERTEX
8
Layer 1
10
158.297479
20
195.543150
70
0
0
VERTEX
8
Layer 1
10
158.345012
20
195.495617
70
0
0
VERTEX
8
Layer 1
10
158.383038
20
195.457591
70
0
0
VERTEX
8
Layer 1
10
158.421064
20
195.704761
70
0
0
VERTEX
8
Layer 1
10
158.196472
20
196.250199
70
0
0
VERTEX
8
Layer 1
10
157.651035
20
196.474791
70
0
0
VERTEX
8
Layer 1
10
157.337319
20
196.408245
70
0
0
VERTEX
8
Layer 1
10
157.004590
20
196.132555
70
0
0
VERTEX
8
Layer 1
10
156.976070
20
196.085023
70
0
0
VERTEX
8
Layer 1
10
152.850232
20
196.085023
70
0
0
VERTEX
8
Layer 1
10
152.511561
20
196.486674
70
0
0
VERTEX
8
Layer 1
10
151.994643
20
196.645908
70
0
0
VERTEX
8
Layer 1
10
151.582297
20
196.552031
70
0
0
VERTEX
8
Layer 1
10
151.262640
20
196.294166
70
0
0
VERTEX
8
Layer 1
10
151.262640
20
196.208608
70
0
0
VERTEX
8
Layer 1
10
151.852045
20
196.208608
70
0
0
VERTEX
8
Layer 1
10
152.251320
20
195.704761
70
0
0
VERTEX
8
Layer 1
10
151.852045
20
195.191408
70
0
0
VERTEX
8
Layer 1
10
151.262640
20
195.191408
70
0
0
VERTEX
8
Layer 1
10
151.262640
20
195.115355
70
0
0
VERTEX
8
Layer 1
10
151.262640
20
195.105849
70
0
0
VERTEX
8
Layer 1
10
151.582297
20
194.847984
70
0
0
VERTEX
8
Layer 1
10
151.994643
20
194.754107
70
0
0
VERTEX
8
Layer 1
10
152.511561
20
194.916906
70
0
0
VERTEX
8
Layer 1
10
152.850232
20
195.314993
70
0
0
VERTEX
8
Layer 1
10
152.850232
20
195.314993
70
0
0
SEQEND
8
Layer 1
0
POLYLINE
8
Layer 1
62
7
70
0
10
0.000000
20
0.000000
66
1
0
VERTEX
8
Layer 1
10
152.983324
20
195.628709
70
0
0
VERTEX
8
Layer 1
10
152.935791
20
195.638215
70
0
0
VERTEX
8
Layer 1
10
152.888258
20
195.723774
70
0
0
VERTEX
8
Layer 1
10
152.935791
20
195.809333
70
0
0
VERTEX
8
Layer 1
10
152.983324
20
195.818839
70
0
0
VERTEX
8
Layer 1
10
156.519756
20
195.818839
70
0
0
VERTEX
8
Layer 1
10
156.614822
20
195.723774
70
0
0
VERTEX
8
Layer 1
10
156.519756
20
195.628709
70
0
0
VERTEX
8
Layer 1
10
152.983324
20
195.628709
70
0
0
SEQEND
8
Layer 1
0
POLYLINE
8
Layer 1
62
7
70
0
10
0.000000
20
0.000000
66
1
0
VERTEX
8
Layer 1
10
158.278466
20
201.275593
70
0
0
VERTEX
8
Layer 1
10
158.487610
20
201.475231
70
0
0
VERTEX
8
Layer 1
10
158.724085
20
201.514445
70
0
0
VERTEX
8
Layer 1
10
159.010470
20
201.674868
70
0
0
VERTEX
8
Layer 1
10
159.200601
20
202.093156
70
0
0
VERTEX
8
Layer 1
10
159.200601
20
202.131182
70
0
0
VERTEX
8
Layer 1
10
159.181588
20
202.302300
70
0
0
VERTEX
8
Layer 1
10
159.153068
20
202.387859
70
0
0
VERTEX
8
Layer 1
10
159.134055
20
202.416378
70
0
0
VERTEX
8
Layer 1
10
158.829846
20
202.083649
70
0
0
VERTEX
8
Layer 1
10
158.620702
20
202.093156
70
0
0
VERTEX
8
Layer 1
10
158.525636
20
202.159702
70
0
0
VERTEX
8
Layer 1
10
158.468597
20
202.235754
70
0
0
VERTEX
8
Layer 1
10
158.440077
20
202.302300
70
0
0
VERTEX
8
Layer 1
10
158.715767
20
202.616016
70
0
0
VERTEX
8
Layer 1
10
158.706261
20
202.768120
70
0
0
VERTEX
8
Layer 1
10
158.520883
20
202.768120
70
0
0
VERTEX
8
Layer 1
10
158.135868
20
202.539963
70
0
0
VERTEX
8
Layer 1
10
158.021790
20
202.197728
70
0
0
VERTEX
8
Layer 1
10
158.040803
20
201.969571
70
0
0
VERTEX
8
Layer 1
10
158.040803
20
201.960064
70
0
0
VERTEX
8
Layer 1
10
157.470410
20
201.266087
70
0
0
VERTEX
8
Layer 1
10
158.278466
20
201.266087
70
0
0
VERTEX
8
Layer 1
10
158.278466
20
201.275593
70
0
0
SEQEND
8
Layer 1
0
POLYLINE
8
Layer 1
62
7
70
0
10
0.000000
20
0.000000
66
1
0
VERTEX
8
Layer 1
10
155.188841
20
197.311366
70
0
0
VERTEX
8
Layer 1
10
155.354017
20
197.645283
70
0
0
VERTEX
8
Layer 1
10
155.369465
20
197.900772
70
0
0
VERTEX
8
Layer 1
10
157.755607
20
200.705201
70
0
0
VERTEX
8
Layer 1
10
156.995083
20
200.705201
70
0
0
VERTEX
8
Layer 1
10
154.903645
20
198.347579
70
0
0
VERTEX
8
Layer 1
10
154.646968
20
198.307176
70
0
0
VERTEX
8
Layer 1
10
154.304733
20
198.138435
70
0
0
VERTEX
8
Layer 1
10
154.133615
20
197.786693
70
0
0
VERTEX
8
Layer 1
10
154.152628
20
197.672615
70
0
0
VERTEX
8
Layer 1
10
154.209667
20
197.482484
70
0
0
VERTEX
8
Layer 1
10
154.513876
20
197.796200
70
0
0
VERTEX
8
Layer 1
10
154.513876
20
197.796200
70
0
0
VERTEX
8
Layer 1
10
154.513876
20
197.796200
70
0
0
VERTEX
8
Layer 1
10
154.682618
20
197.760550
70
0
0
VERTEX
8
Layer 1
10
154.894138
20
197.539523
70
0
0
VERTEX
8
Layer 1
10
154.894138
20
197.539523
70
0
0
VERTEX
8
Layer 1
10
154.599435
20
197.216301
70
0
0
VERTEX
8
Layer 1
10
154.608942
20
197.102222
70
0
0
VERTEX
8
Layer 1
10
154.795508
20
197.103411
70
0
0
VERTEX
8
Layer 1
10
155.188841
20
197.311366
70
0
0
VERTEX
8
Layer 1
10
155.188841
20
197.311366
70
0
0
SEQEND
8
Layer 1
0
POLYLINE
8
Layer 1
62
7
70
0
10
0.000000
20
0.000000
66
1
0
VERTEX
8
Layer 1
10
158.097842
20
193.908025
70
0
0
VERTEX
8
Layer 1
10
158.135868
20
193.927038
70
0
0
VERTEX
8
Layer 1
10
158.183401
20
193.946051
70
0
0
VERTEX
8
Layer 1
10
158.259453
20
193.984077
70
0
0
VERTEX
8
Layer 1
10
158.345012
20
194.022103
70
0
0
VERTEX
8
Layer 1
10
158.421064
20
194.060130
70
0
0
VERTEX
8
Layer 1
10
158.506623
20
194.098156
70
0
0
VERTEX
8
Layer 1
10
158.544649
20
194.117169
70
0
0
VERTEX
8
Layer 1
10
158.592182
20
194.145688
70
0
0
VERTEX
8
Layer 1
10
158.668234
20
194.183715
70
0
0
VERTEX
8
Layer 1
10
158.753793
20
194.231247
70
0
0
VERTEX
8
Layer 1
10
158.791819
20
194.259767
70
0
0
VERTEX
8
Layer 1
10
158.839352
20
194.278780
70
0
0
VERTEX
8
Layer 1
10
158.877378
20
194.307300
70
0
0
VERTEX
8
Layer 1
10
158.905898
20
194.335819
70
0
0
VERTEX
8
Layer 1
10
158.943924
20
194.354832
70
0
0
VERTEX
8
Layer 1
10
158.981950
20
194.383352
70
0
0
VERTEX
8
Layer 1
10
159.010470
20
194.411872
70
0
0
VERTEX
8
Layer 1
10
159.038990
20
194.440391
70
0
0
VERTEX
8
Layer 1
10
159.067509
20
194.468911
70
0
0
VERTEX
8
Layer 1
10
159.086522
20
194.497430
70
0
0
VERTEX
8
Layer 1
10
159.105535
20
194.516443
70
0
0
VERTEX
8
Layer 1
10
159.134055
20
194.554470
70
0
0
VERTEX
8
Layer 1
10
159.153068
20
194.582989
70
0
0
VERTEX
8
Layer 1
10
159.162575
20
194.611509
70
0
0
VERTEX
8
Layer 1
10
159.181588
20
194.640028
70
0
0
VERTEX
8
Layer 1
10
159.191094
20
194.668548
70
0
0
VERTEX
8
Layer 1
10
159.191094
20
194.678055
70
0
0
VERTEX
8
Layer 1
10
159.181588
20
194.687561
70
0
0
VERTEX
8
Layer 1
10
159.181588
20
194.706574
70
0
0
VERTEX
8
Layer 1
10
159.181588
20
194.716081
70
0
0
VERTEX
8
Layer 1
10
159.181588
20
194.725587
70
0
0
VERTEX
8
Layer 1
10
159.181588
20
194.735094
70
0
0
VERTEX
8
Layer 1
10
159.181588
20
194.754107
70
0
0
VERTEX
8
Layer 1
10
159.181588
20
194.754107
70
0
0
VERTEX
8
Layer 1
10
159.181588
20
194.763614
70
0
0
VERTEX
8
Layer 1
10
159.181588
20
194.763614
70
0
0
VERTEX
8
Layer 1
10
159.181588
20
194.773120
70
0
0
VERTEX
8
Layer 1
10
159.191094
20
194.782627
70
0
0
VERTEX
8
Layer 1
10
159.191094
20
194.792133
70
0
0
VERTEX
8
Layer 1
10
159.191094
20
194.801640
70
0
0
VERTEX
8
Layer 1
10
159.200601
20
194.801640
70
0
0
VERTEX
8
Layer 1
10
159.200601
20
194.811146
70
0
0
VERTEX
8
Layer 1
10
159.210107
20
194.820653
70
0
0
VERTEX
8
Layer 1
10
159.219614
20
194.830159
70
0
0
VERTEX
8
Layer 1
10
159.219614
20
194.839666
70
0
0
VERTEX
8
Layer 1
10
159.229120
20
194.849172
70
0
0
VERTEX
8
Layer 1
10
159.229120
20
194.849172
70
0
0
VERTEX
8
Layer 1
10
159.248133
20
194.858679
70
0
0
VERTEX
8
Layer 1
10
159.257640
20
194.868185
70
0
0
VERTEX
8
Layer 1
10
159.257640
20
194.877692
70
0
0
VERTEX
8
Layer 1
10
159.267146
20
194.877692
70
0
0
VERTEX
8
Layer 1
10
159.276653
20
194.887199
70
0
0
VERTEX
8
Layer 1
10
159.295666
20
194.896705
70
0
0
VERTEX
8
Layer 1
10
159.295666
20
194.896705
70
0
0
VERTEX
8
Layer 1
10
159.305173
20
194.906212
70
0
0
VERTEX
8
Layer 1
10
159.305173
20
194.906212
70
0
0
VERTEX
8
Layer 1
10
159.324186
20
194.915718
70
0
0
VERTEX
8
Layer 1
10
159.333692
20
194.915718
70
0
0
VERTEX
8
Layer 1
10
159.352705
20
194.925225
70
0
0
VERTEX
8
Layer 1
10
159.371718
20
194.934731
70
0
0
VERTEX
8
Layer 1
10
159.390732
20
194.944238
70
0
0
VERTEX
8
Layer 1
10
159.400238
20
194.944238
70
0
0
VERTEX
8
Layer 1
10
159.409745
20
194.944238
70
0
0
VERTEX
8
Layer 1
10
159.428758
20
194.953744
70
0
0
VERTEX
8
Layer 1
10
159.447771
20
194.963251
70
0
0
VERTEX
8
Layer 1
10
159.476290
20
194.963251
70
0
0
VERTEX
8
Layer 1
10
159.495303
20
194.972757
70
0
0
VERTEX
8
Layer 1
10
159.723460
20
195.191408
70
0
0
VERTEX
8
Layer 1
10
159.713954
20
195.210421
70
0
0
VERTEX
8
Layer 1
10
159.704447
20
195.238941
70
0
0
VERTEX
8
Layer 1
10
159.694941
20
195.257954
70
0
0
VERTEX
8
Layer 1
10
159.694941
20
195.286473
70
0
0
VERTEX
8
Layer 1
10
159.685434
20
195.305486
70
0
0
VERTEX
8
Layer 1
10
159.675928
20
195.324499
70
0
0
VERTEX
8
Layer 1
10
159.666421
20
195.343512
70
0
0
VERTEX
8
Layer 1
10
159.656915
20
195.362526
70
0
0
VERTEX
8
Layer 1
10
159.647408
20
195.381539
70
0
0
VERTEX
8
Layer 1
10
159.637902
20
195.400552
70
0
0
VERTEX
8
Layer 1
10
159.628395
20
195.410058
70
0
0
VERTEX
8
Layer 1
10
159.618888
20
195.429071
70
0
0
VERTEX
8
Layer 1
10
159.609382
20
195.438578
70
0
0
VERTEX
8
Layer 1
10
159.590369
20
195.448084
70
0
0
VERTEX
8
Layer 1
10
159.580862
20
195.467097
70
0
0
VERTEX
8
Layer 1
10
159.571356
20
195.476604
70
0
0
VERTEX
8
Layer 1
10
159.552343
20
195.486111
70
0
0
VERTEX
8
Layer 1
10
159.533330
20
195.495617
70
0
0
VERTEX
8
Layer 1
10
159.523823
20
195.505124
70
0
0
VERTEX
8
Layer 1
10
159.504810
20
195.514630
70
0
0
VERTEX
8
Layer 1
10
159.485797
20
195.524137
70
0
0
VERTEX
8
Layer 1
10
159.466784
20
195.524137
70
0
0
VERTEX
8
Layer 1
10
159.447771
20
195.533643
70
0
0
VERTEX
8
Layer 1
10
159.419251
20
195.533643
70
0
0
VERTEX
8
Layer 1
10
159.172081
20
195.353019
70
0
0
VERTEX
8
Layer 1
10
159.162575
20
195.334006
70
0
0
VERTEX
8
Layer 1
10
159.162575
20
195.305486
70
0
0
VERTEX
8
Layer 1
10
159.153068
20
195.286473
70
0
0
VERTEX
8
Layer 1
10
159.153068
20
195.267460
70
0
0
VERTEX
8
Layer 1
10
159.134055
20
195.229434
70
0
0
VERTEX
8
Layer 1
10
159.115042
20
195.191408
70
0
0
VERTEX
8
Layer 1
10
159.096029
20
195.153382
70
0
0
VERTEX
8
Layer 1
10
159.077016
20
195.124862
70
0
0
VERTEX
8
Layer 1
10
159.058003
20
195.115355
70
0
0
VERTEX
8
Layer 1
10
159.048496
20
195.105849
70
0
0
VERTEX
8
Layer 1
10
159.029483
20
195.086836
70
0
0
VERTEX
8
Layer 1
10
159.019976
20
195.077329
70
0
0
VERTEX
8
Layer 1
10
159.000963
20
195.067823
70
0
0
VERTEX
8
Layer 1
10
158.981950
20
195.058316
70
0
0
VERTEX
8
Layer 1
10
158.962937
20
195.058316
70
0
0
VERTEX
8
Layer 1
10
158.943924
20
195.048810
70
0
0
VERTEX
8
Layer 1
10
158.934418
20
195.039303
70
0
0
VERTEX
8
Layer 1
10
158.905898
20
195.039303
70
0
0
VERTEX
8
Layer 1
10
158.886885
20
195.029797
70
0
0
VERTEX
8
Layer 1
10
158.867872
20
195.029797
70
0
0
VERTEX
8
Layer 1
10
158.848859
20
195.020290
70
0
0
VERTEX
8
Layer 1
10
158.820339
20
195.020290
70
0
0
VERTEX
8
Layer 1
10
158.801326
20
195.020290
70
0
0
VERTEX
8
Layer 1
10
158.772806
20
195.020290
70
0
0
VERTEX
8
Layer 1
10
158.725274
20
195.020290
70
0
0
VERTEX
8
Layer 1
10
158.668234
20
195.029797
70
0
0
VERTEX
8
Layer 1
10
158.658728
20
195.048810
70
0
0
VERTEX
8
Layer 1
10
158.649221
20
195.058316
70
0
0
VERTEX
8
Layer 1
10
158.630208
20
195.086836
70
0
0
VERTEX
8
Layer 1
10
158.611195
20
195.096342
70
0
0
VERTEX
8
Layer 1
10
158.601689
20
195.115355
70
0
0
VERTEX
8
Layer 1
10
158.582676
20
195.134369
70
0
0
VERTEX
8
Layer 1
10
158.573169
20
195.143875
70
0
0
VERTEX
8
Layer 1
10
158.563663
20
195.153382
70
0
0
VERTEX
8
Layer 1
10
158.544649
20
195.153382
70
0
0
VERTEX
8
Layer 1
10
158.535143
20
195.162888
70
0
0
VERTEX
8
Layer 1
10
158.516130
20
195.172395
70
0
0
VERTEX
8
Layer 1
10
158.497117
20
195.172395
70
0
0
VERTEX
8
Layer 1
10
158.487610
20
195.181901
70
0
0
VERTEX
8
Layer 1
10
158.392545
20
195.267460
70
0
0
VERTEX
8
Layer 1
10
158.373532
20
195.295980
70
0
0
VERTEX
8
Layer 1
10
158.364025
20
195.305486
70
0
0
VERTEX
8
Layer 1
10
158.345012
20
195.314993
70
0
0
VERTEX
8
Layer 1
10
158.297479
20
195.362526
70
0
0
VERTEX
8
Layer 1
10
158.259453
20
195.410058
70
0
0
VERTEX
8
Layer 1
10
158.211921
20
195.457591
70
0
0
VERTEX
8
Layer 1
10
158.164388
20
195.505124
70
0
0
VERTEX
8
Layer 1
10
158.145375
20
195.524137
70
0
0
VERTEX
8
Layer 1
10
158.116855
20
195.552656
70
0
0
VERTEX
8
Layer 1
10
158.078829
20
195.590682
70
0
0
VERTEX
8
Layer 1
10
158.031296
20
195.638215
70
0
0
VERTEX
8
Layer 1
10
157.765113
20
195.942424
70
0
0
VERTEX
8
Layer 1
10
157.622515
20
195.942424
70
0
0
VERTEX
8
Layer 1
10
157.413371
20
195.704761
70
0
0
VERTEX
8
Layer 1
10
157.413371
20
195.695254
70
0
0
VERTEX
8
Layer 1
10
157.689061
20
195.372032
70
0
0
VERTEX
8
Layer 1
10
157.765113
20
195.276967
70
0
0
VERTEX
8
Layer 1
10
157.841165
20
195.181901
70
0
0
VERTEX
8
Layer 1
10
157.926724
20
195.086836
70
0
0
VERTEX
8
Layer 1
10
158.002777
20
194.982264
70
0
0
VERTEX
8
Layer 1
10
158.088336
20
194.877692
70
0
0
VERTEX
8
Layer 1
10
158.088336
20
194.868185
70
0
0
VERTEX
8
Layer 1
10
158.088336
20
194.868185
70
0
0
VERTEX
8
Layer 1
10
158.088336
20
194.868185
70
0
0
VERTEX
8
Layer 1
10
158.088336
20
194.849172
70
0
0
VERTEX
8
Layer 1
10
158.088336
20
194.839666
70
0
0
VERTEX
8
Layer 1
10
158.088336
20
194.830159
70
0
0
VERTEX
8
Layer 1
10
158.088336
20
194.811146
70
0
0
VERTEX
8
Layer 1
10
158.097842
20
194.782627
70
0
0
VERTEX
8
Layer 1
10
158.097842
20
194.763614
70
0
0
VERTEX
8
Layer 1
10
158.107349
20
194.744600
70
0
0
VERTEX
8
Layer 1
10
158.107349
20
194.725587
70
0
0
VERTEX
8
Layer 1
10
158.116855
20
194.716081
70
0
0
VERTEX
8
Layer 1
10
158.116855
20
194.716081
70
0
0
VERTEX
8
Layer 1
10
158.116855
20
194.706574
70
0
0
VERTEX
8
Layer 1
10
158.126362
20
194.697068
70
0
0
VERTEX
8
Layer 1
10
158.135868
20
194.668548
70
0
0
VERTEX
8
Layer 1
10
158.145375
20
194.640028
70
0
0
VERTEX
8
Layer 1
10
158.154881
20
194.611509
70
0
0
VERTEX
8
Layer 1
10
158.173894
20
194.582989
70
0
0
VERTEX
8
Layer 1
10
158.173894
20
194.563976
70
0
0
VERTEX
8
Layer 1
10
158.183401
20
194.544963
70
0
0
VERTEX
8
Layer 1
10
158.202414
20
194.516443
70
0
0
VERTEX
8
Layer 1
10
158.202414
20
194.506937
70
0
0
VERTEX
8
Layer 1
10
158.211921
20
194.497430
70
0
0
VERTEX
8
Layer 1
10
158.221427
20
194.487924
70
0
0
VERTEX
8
Layer 1
10
158.221427
20
194.468911
70
0
0
VERTEX
8
Layer 1
10
158.221427
20
194.449898
70
0
0
VERTEX
8
Layer 1
10
158.221427
20
194.440391
70
0
0
VERTEX
8
Layer 1
10
158.221427
20
194.421378
70
0
0
VERTEX
8
Layer 1
10
158.221427
20
194.411872
70
0
0
VERTEX
8
Layer 1
10
158.211921
20
194.402365
70
0
0
VERTEX
8
Layer 1
10
158.202414
20
194.383352
70
0
0
VERTEX
8
Layer 1
10
158.192907
20
194.373845
70
0
0
VERTEX
8
Layer 1
10
158.183401
20
194.364339
70
0
0
VERTEX
8
Layer 1
10
158.173894
20
194.354832
70
0
0
VERTEX
8
Layer 1
10
158.154881
20
194.345326
70
0
0
VERTEX
8
Layer 1
10
158.145375
20
194.335819
70
0
0
VERTEX
8
Layer 1
10
158.126362
20
194.326313
70
0
0
VERTEX
8
Layer 1
10
158.107349
20
194.326313
70
0
0
VERTEX
8
Layer 1
10
158.078829
20
194.316806
70
0
0
VERTEX
8
Layer 1
10
158.059816
20
194.307300
70
0
0
VERTEX
8
Layer 1
10
158.031296
20
194.269273
70
0
0
VERTEX
8
Layer 1
10
158.012283
20
194.259767
70
0
0
VERTEX
8
Layer 1
10
157.993270
20
194.240754
70
0
0
VERTEX
8
Layer 1
10
157.955244
20
194.202728
70
0
0
VERTEX
8
Layer 1
10
157.917218
20
194.174208
70
0
0
VERTEX
8
Layer 1
10
157.879192
20
194.136182
70
0
0
VERTEX
8
Layer 1
10
157.841165
20
194.107662
70
0
0
VERTEX
8
Layer 1
10
157.793633
20
194.079143
70
0
0
VERTEX
8
Layer 1
10
157.774620
20
194.060130
70
0
0
VERTEX
8
Layer 1
10
157.746100
20
194.050623
70
0
0
VERTEX
8
Layer 1
10
157.698567
20
194.022103
70
0
0
VERTEX
8
Layer 1
10
157.651035
20
193.993584
70
0
0
VERTEX
8
Layer 1
10
157.603502
20
193.965064
70
0
0
VERTEX
8
Layer 1
10
157.574982
20
193.946051
70
0
0
VERTEX
8
Layer 1
10
157.546463
20
193.936545
70
0
0
VERTEX
8
Layer 1
10
157.489423
20
193.917531
70
0
0
VERTEX
8
Layer 1
10
157.432384
20
193.889012
70
0
0
VERTEX
8
Layer 1
10
157.375345
20
193.869999
70
0
0
VERTEX
8
Layer 1
10
157.318306
20
193.841479
70
0
0
VERTEX
8
Layer 1
10
157.308799
20
193.822466
70
0
0
VERTEX
8
Layer 1
10
157.308799
20
193.793946
70
0
0
VERTEX
8
Layer 1
10
157.308799
20
193.774933
70
0
0
VERTEX
8
Layer 1
10
157.308799
20
193.746414
70
0
0
VERTEX
8
Layer 1
10
157.318306
20
193.727401
70
0
0
VERTEX
8
Layer 1
10
157.318306
20
193.708388
70
0
0
VERTEX
8
Layer 1
10
157.327812
20
193.698881
70
0
0
VERTEX
8
Layer 1
10
157.337319
20
193.679868
70
0
0
VERTEX
8
Layer 1
10
157.441891
20
193.717894
70
0
0
VERTEX
8
Layer 1
10
157.517943
20
193.736907
70
0
0
VERTEX
8
Layer 1
10
157.565476
20
193.746414
70
0
0
VERTEX
8
Layer 1
10
157.603502
20
193.755920
70
0
0
VERTEX
8
Layer 1
10
157.641528
20
193.765427
70
0
0
VERTEX
8
Layer 1
10
157.689061
20
193.774933
70
0
0
VERTEX
8
Layer 1
10
157.727087
20
193.784440
70
0
0
VERTEX
8
Layer 1
10
157.765113
20
193.793946
70
0
0
VERTEX
8
Layer 1
10
157.812646
20
193.812960
70
0
0
VERTEX
8
Layer 1
10
157.850672
20
193.822466
70
0
0
VERTEX
8
Layer 1
10
157.888698
20
193.831973
70
0
0
VERTEX
8
Layer 1
10
157.936231
20
193.850986
70
0
0
VERTEX
8
Layer 1
10
157.974257
20
193.860492
70
0
0
VERTEX
8
Layer 1
10
158.012283
20
193.879505
70
0
0
VERTEX
8
Layer 1
10
158.097842
20
193.908025
70
0
0
SEQEND
8
Layer 1
0
POLYLINE
8
Layer 1
62
7
70
0
10
0.000000
20
0.000000
66
1
0
VERTEX
8
Layer 1
10
154.418811
20
200.553096
70
0
0
VERTEX
8
Layer 1
10
154.418811
20
200.553096
70
0
0
VERTEX
8
Layer 1
10
154.418811
20
200.553096
70
0
0
VERTEX
8
Layer 1
10
154.513876
20
200.790760
70
0
0
VERTEX
8
Layer 1
10
154.523383
20
200.914345
70
0
0
VERTEX
8
Layer 1
10
158.981950
20
200.914345
70
0
0
VERTEX
8
Layer 1
10
159.124548
20
200.857306
70
0
0
VERTEX
8
Layer 1
10
159.580862
20
200.923851
70
0
0
VERTEX
8
Layer 1
10
159.580862
20
201.094969
70
0
0
VERTEX
8
Layer 1
10
159.124548
20
201.161515
70
0
0
VERTEX
8
Layer 1
10
158.991457
20
201.085463
70
0
0
VERTEX
8
Layer 1
10
154.532890
20
201.085463
70
0
0
VERTEX
8
Layer 1
10
154.532890
20
201.113982
70
0
0
VERTEX
8
Layer 1
10
154.456837
20
201.351646
70
0
0
VERTEX
8
Layer 1
10
154.456837
20
201.351646
70
0
0
VERTEX
8
Layer 1
10
154.447331
20
201.351646
70
0
0
VERTEX
8
Layer 1
10
154.399798
20
201.313620
70
0
0
VERTEX
8
Layer 1
10
154.190654
20
201.228061
70
0
0
VERTEX
8
Layer 1
10
154.048056
20
201.275593
70
0
0
VERTEX
8
Layer 1
10
151.623888
20
201.427698
70
0
0
VERTEX
8
Layer 1
10
151.313737
20
201.367094
70
0
0
VERTEX
8
Layer 1
10
151.082016
20
201.113982
70
0
0
VERTEX
8
Layer 1
10
151.072509
20
200.990397
70
0
0
VERTEX
8
Layer 1
10
151.082016
20
200.895332
70
0
0
VERTEX
8
Layer 1
10
151.305419
20
200.636279
70
0
0
VERTEX
8
Layer 1
10
151.614382
20
200.562603
70
0
0
VERTEX
8
Layer 1
10
154.048056
20
200.648162
70
0
0
VERTEX
8
Layer 1
10
154.190654
20
200.686188
70
0
0
VERTEX
8
Layer 1
10
154.390291
20
200.591123
70
0
0
VERTEX
8
Layer 1
10
154.418811
20
200.553096
70
0
0
VERTEX
8
Layer 1
10
154.418811
20
200.553096
70
0
0
SEQEND
8
Layer 1
0
POLYLINE
8
Layer 1
62
7
70
0
10
0.000000
20
0.000000
66
1
0
VERTEX
8
Layer 1
10
10.927608
20
148.500000
70
0
0
VERTEX
8
Layer 1
10
94.072392
20
148.500000
70
0
0
VERTEX
8
Layer 1
10
96.214218
20
148.288089
70
0
0
VERTEX
8
Layer 1
10
98.254207
20
147.668185
70
0
0
VERTEX
8
Layer 1
10
100.135034
20
146.664034
70
0
0
VERTEX
8
Layer 1
10
101.799378
20
145.299378
70
0
0
VERTEX
8
Layer 1
10
103.164034
20
143.635034
70
0
0
VERTEX
8
Layer 1
10
104.168185
20
141.754207
70
0
0
VERTEX
8
Layer 1
10
104.788089
20
139.714218
70
0
0
VERTEX
8
Layer 1
10
105.000000
20
137.572392
70
0
0
VERTEX
8
Layer 1
10
105.000000
20
85.177608
70
0
0
VERTEX
8
Layer 1
10
104.788089
20
83.035782
70
0
0
VERTEX
8
Layer 1
10
104.168185
20
80.995793
70
0
0
VERTEX
8
Layer 1
10
103.164034
20
79.114966
70
0
0
VERTEX
8
Layer 1
10
101.799378
20
77.450622
70
0
0
VERTEX
8
Layer 1
10
100.135034
20
76.085966
70
0
0
VERTEX
8
Layer 1
10
98.254207
20
75.081815
70
0
0
VERTEX
8
Layer 1
10
96.214218
20
74.461911
70
0
0
VERTEX
8
Layer 1
10
94.072392
20
74.250000
70
0
0
VERTEX
8
Layer 1
10
10.927608
20
74.250000
70
0
0
VERTEX
8
Layer 1
10
8.785782
20
74.461911
70
0
0
VERTEX
8
Layer 1
10
6.745793
20
75.081815
70
0
0
VERTEX
8
Layer 1
10
4.864966
20
76.085966
70
0
0
VERTEX
8
Layer 1
10
3.200622
20
77.450622
70
0
0
VERTEX
8
Layer 1
10
1.835966
20
79.114966
70
0
0
VERTEX
8
Layer 1
10
0.831815
20
80.995793
70
0
0
VERTEX
8
Layer 1
10
0.211911
20
83.035782
70
0
0
VERTEX
8
Layer 1
10
-0.000000
20
85.177608
70
0
0
VERTEX
8
Layer 1
10
0.000000
20
137.572392
70
0
0
VERTEX
8
Layer 1
10
0.211911
20
139.714218
70
0
0
VERTEX
8
Layer 1
10
0.831815
20
141.754207
70
0
0
VERTEX
8
Layer 1
10
1.835966
20
143.635034
70
0
0
VERTEX
8
Layer 1
10
3.200622
20
145.299378
70
0
0
VERTEX
8
Layer 1
10
4.864966
20
146.664034
70
0
0
VERTEX
8
Layer 1
10
6.745793
20
147.668185
70
0
0
VERTEX
8
Layer 1
10
8.785782
20
148.288089
70
0
0
VERTEX
8
Layer 1
10
10.927608
20
148.500000
70
0
0
VERTEX
8
Layer 1
10
10.927608
20
148.500000
70
0
0
SEQEND
8
Layer 1
0
POLYLINE
8
Layer 1
62
7
70
0
10
0.000000
20
0.000000
66
1
0
VERTEX
8
Layer 1
10
59.353145
20
108.848089
70
0
0
VERTEX
8
Layer 1
10
59.353145
20
109.665651
70
0
0
VERTEX
8
Layer 1
10
55.141748
20
109.665651
70
0
0
VERTEX
8
Layer 1
10
55.141748
20
109.228351
70
0
0
VERTEX
8
Layer 1
10
58.934858
20
109.228351
70
0
0
VERTEX
8
Layer 1
10
58.934858
20
109.133285
70
0
0
VERTEX
8
Layer 1
10
55.293853
20
108.068553
70
0
0
VERTEX
8
Layer 1
10
55.293853
20
107.488654
70
0
0
VERTEX
8
Layer 1
10
58.934858
20
106.414415
70
0
0
VERTEX
8
Layer 1
10
58.934858
20
106.328856
70
0
0
VERTEX
8
Layer 1
10
55.141748
20
106.328856
70
0
0
VERTEX
8
Layer 1
10
55.141748
20
105.882048
70
0
0
VERTEX
8
Layer 1
10
59.353145
20
105.882048
70
0
0
VERTEX
8
Layer 1
10
59.353145
20
106.699611
70
0
0
VERTEX
8
Layer 1
10
55.740660
20
107.773850
70
0
0
VERTEX
8
Layer 1
10
59.353145
20
108.848089
70
0
0
SEQEND
8
Layer 1
0
POLYLINE
8
Layer 1
62
7
70
0
10
0.000000
20
0.000000
66
1
0
VERTEX
8
Layer 1
10
58.934858
20
103.820129
70
0
0
VERTEX
8
Layer 1
10
58.934858
20
103.639505
70
0
0
VERTEX
8
Layer 1
10
56.624768
20
103.040593
70
0
0
VERTEX
8
Layer 1
10
56.624768
20
104.428548
70
0
0
VERTEX
8
Layer 1
10
58.934858
20
103.820129
70
0
0
SEQEND
8
Layer 1
0
POLYLINE
8
Layer 1
62
7
70
0
10
0.000000
20
0.000000
66
1
0
VERTEX
8
Layer 1
10
55.141748
20
105.284136
70
0
0
VERTEX
8
Layer 1
10
55.141748
20
104.818316
70
0
0
VERTEX
8
Layer 1
10
56.215987
20
104.523613
70
0
0
VERTEX
8
Layer 1
10
56.215987
20
102.945528
70
0
0
VERTEX
8
Layer 1
10
55.141748
20
102.650825
70
0
0
VERTEX
8
Layer 1
10
55.141748
20
102.185004
70
0
0
VERTEX
8
Layer 1
10
59.353145
20
103.268750
70
0
0
VERTEX
8
Layer 1
10
59.353145
20
104.190884
70
0
0
VERTEX
8
Layer 1
10
55.141748
20
105.284136
70
0
0
SEQEND
8
Layer 1
0
POLYLINE
8
Layer 1
62
7
70
0
10
0.000000
20
0.000000
66
1
0
VERTEX
8
Layer 1
10
55.141748
20
99.466134
70
0
0
VERTEX
8
Layer 1
10
55.141748
20
98.943274
70
0
0
VERTEX
8
Layer 1
10
57.271213
20
100.141098
70
0
0
VERTEX
8
Layer 1
10
59.353145
20
99.009820
70
0
0
VERTEX
8
Layer 1
10
59.353145
20
99.532680
70
0
0
VERTEX
8
Layer 1
10
57.432824
20
100.549880
70
0
0
VERTEX
8
Layer 1
10
57.404305
20
101.120272
70
0
0
VERTEX
8
Layer 1
10
59.353145
20
101.120272
70
0
0
VERTEX
8
Layer 1
10
59.353145
20
101.576586
70
0
0
VERTEX
8
Layer 1
10
55.141748
20
101.576586
70
0
0
VERTEX
8
Layer 1
10
55.141748
20
101.120272
70
0
0
VERTEX
8
Layer 1
10
56.995523
20
101.120272
70
0
0
VERTEX
8
Layer 1
10
57.014537
20
100.540373
70
0
0
VERTEX
8
Layer 1
10
55.141748
20
99.466134
70
0
0
SEQEND
8
Layer 1
0
POLYLINE
8
Layer 1
62
7
70
0
10
0.000000
20
0.000000
66
1
0
VERTEX
8
Layer 1
10
55.141748
20
96.034273
70
0
0
VERTEX
8
Layer 1
10
55.560036
20
96.034273
70
0
0
VERTEX
8
Layer 1
10
55.560036
20
97.926074
70
0
0
VERTEX
8
Layer 1
10
57.081082
20
97.926074
70
0
0
VERTEX
8
Layer 1
10
57.081082
20
96.376508
70
0
0
VERTEX
8
Layer 1
10
57.489864
20
96.376508
70
0
0
VERTEX
8
Layer 1
10
57.489864
20
97.926074
70
0
0
VERTEX
8
Layer 1
10
58.934858
20
97.926074
70
0
0
VERTEX
8
Layer 1
10
58.934858
20
96.034273
70
0
0
VERTEX
8
Layer 1
10
59.353145
20
96.034273
70
0
0
VERTEX
8
Layer 1
10
59.353145
20
98.382388
70
0
0
VERTEX
8
Layer 1
10
55.141748
20
98.382388
70
0
0
VERTEX
8
Layer 1
10
55.141748
20
96.034273
70
0
0
SEQEND
8
Layer 1
0
POLYLINE
8
Layer 1
62
7
70
0
10
0.000000
20
0.000000
66
1
0
VERTEX
8
Layer 1
10
58.069762
20
93.125272
70
0
0
VERTEX
8
Layer 1
10
57.381727
20
93.316591
70
0
0
VERTEX
8
Layer 1
10
57.157135
20
93.914315
70
0
0
VERTEX
8
Layer 1
10
57.157135
20
94.836449
70
0
0
VERTEX
8
Layer 1
10
58.944364
20
94.836449
70
0
0
VERTEX
8
Layer 1
10
58.944364
20
93.914315
70
0
0
VERTEX
8
Layer 1
10
58.728090
20
93.316591
70
0
0
VERTEX
8
Layer 1
10
58.069762
20
93.125272
70
0
0
VERTEX
8
Layer 1
10
58.069762
20
93.125272
70
0
0
SEQEND
8
Layer 1
0
POLYLINE
8
Layer 1
62
7
70
0
10
0.000000
20
0.000000
66
1
0
VERTEX
8
Layer 1
10
55.141748
20
93.049219
70
0
0
VERTEX
8
Layer 1
10
55.141748
20
92.545373
70
0
0
VERTEX
8
Layer 1
10
56.843419
20
93.353429
70
0
0
VERTEX
8
Layer 1
10
57.221304
20
92.851959
70
0
0
VERTEX
8
Layer 1
10
58.069762
20
92.649945
70
0
0
VERTEX
8
Layer 1
10
58.641789
20
92.731196
70
0
0
VERTEX
8
Layer 1
10
59.038241
20
92.971979
70
0
0
VERTEX
8
Layer 1
10
59.268923
20
93.367837
70
0
0
VERTEX
8
Layer 1
10
59.343639
20
93.914315
70
0
0
VERTEX
8
Layer 1
10
59.343639
20
95.302269
70
0
0
VERTEX
8
Layer 1
10
55.132242
20
95.302269
70
0
0
VERTEX
8
Layer 1
10
55.132242
20
94.836449
70
0
0
VERTEX
8
Layer 1
10
56.748353
20
94.836449
70
0
0
VERTEX
8
Layer 1
10
56.748353
20
93.800236
70
0
0
VERTEX
8
Layer 1
10
55.141748
20
93.049219
70
0
0
SEQEND
8
Layer 1
0
POLYLINE
8
Layer 1
62
7
70
0
10
0.000000
20
0.000000
66
1
0
VERTEX
8
Layer 1
10
59.362652
20
91.518667
70
0
0
VERTEX
8
Layer 1
10
59.362652
20
91.946461
70
0
0
VERTEX
8
Layer 1
10
57.974697
20
91.927448
70
0
0
VERTEX
8
Layer 1
10
57.974697
20
91.528173
70
0
0
VERTEX
8
Layer 1
10
59.362652
20
91.518667
70
0
0
SEQEND
8
Layer 1
0
POLYLINE
8
Layer 1
62
7
70
0
10
0.000000
20
0.000000
66
1
0
VERTEX
8
Layer 1
10
59.286600
20
88.457561
70
0
0
VERTEX
8
Layer 1
10
59.410185
20
89.579332
70
0
0
VERTEX
8
Layer 1
10
59.341114
20
90.134277
70
0
0
VERTEX
8
Layer 1
10
59.128553
20
90.539493
70
0
0
VERTEX
8
Layer 1
10
58.764483
20
90.787851
70
0
0
VERTEX
8
Layer 1
10
58.240880
20
90.872222
70
0
0
VERTEX
8
Layer 1
10
57.788577
20
90.794684
70
0
0
VERTEX
8
Layer 1
10
57.474415
20
90.565636
70
0
0
VERTEX
8
Layer 1
10
57.100095
20
89.674398
70
0
0
VERTEX
8
Layer 1
10
56.856490
20
89.032706
70
0
0
VERTEX
8
Layer 1
10
56.320559
20
88.818809
70
0
0
VERTEX
8
Layer 1
10
55.695504
20
89.010128
70
0
0
VERTEX
8
Layer 1
10
55.483984
20
89.607852
70
0
0
VERTEX
8
Layer 1
10
55.569542
20
90.786663
70
0
0
VERTEX
8
Layer 1
10
55.189281
20
90.815183
70
0
0
VERTEX
8
Layer 1
10
55.075202
20
89.607852
70
0
0
VERTEX
8
Layer 1
10
55.158236
20
89.045332
70
0
0
VERTEX
8
Layer 1
10
55.404366
20
88.651256
70
0
0
VERTEX
8
Layer 1
10
55.809137
20
88.419386
70
0
0
VERTEX
8
Layer 1
10
56.368092
20
88.343482
70
0
0
VERTEX
8
Layer 1
10
56.837923
20
88.414633
70
0
0
VERTEX
8
Layer 1
10
57.153570
20
88.627490
70
0
0
VERTEX
8
Layer 1
10
57.518383
20
89.474760
70
0
0
VERTEX
8
Layer 1
10
57.775060
20
90.169926
70
0
0
VERTEX
8
Layer 1
10
58.288413
20
90.387388
70
0
0
VERTEX
8
Layer 1
10
58.829097
20
90.179433
70
0
0
VERTEX
8
Layer 1
10
58.991897
20
89.550813
70
0
0
VERTEX
8
Layer 1
10
58.906338
20
88.476574
70
0
0
VERTEX
8
Layer 1
10
59.286600
20
88.457561
70
0
0
SEQEND
8
Layer 1
0
POLYLINE
8
Layer 1
62
7
70
0
10
0.000000
20
0.000000
66
1
0
VERTEX
8
Layer 1
10
52.651035
20
108.449814
70
0
0
VERTEX
8
Layer 1
10
52.651035
20
108.269190
70
0
0
VERTEX
8
Layer 1
10
50.340945
20
107.670278
70
0
0
VERTEX
8
Layer 1
10
50.340945
20
109.058233
70
0
0
VERTEX
8
Layer 1
10
52.651035
20
108.449814
70
0
0
SEQEND
8
Layer 1
0
POLYLINE
8
Layer 1
62
7
70
0
10
0.000000
20
0.000000
66
1
0
VERTEX
8
Layer 1
10
48.857925
20
109.913821
70
0
0
VERTEX
8
Layer 1
10
48.857925
20
109.448001
70
0
0
VERTEX
8
Layer 1
10
49.932164
20
109.153298
70
0
0
VERTEX
8
Layer 1
10
49.932164
20
107.575213
70
0
0
VERTEX
8
Layer 1
10
48.857925
20
107.280510
70
0
0
VERTEX
8
Layer 1
10
48.857925
20
106.814689
70
0
0
VERTEX
8
Layer 1
10
53.069322
20
107.898435
70
0
0
VERTEX
8
Layer 1
10
53.069322
20
108.820569
70
0
0
VERTEX
8
Layer 1
10
48.857925
20
109.913821
70
0
0
SEQEND
8
Layer 1
0
POLYLINE
8
Layer 1
62
7
70
0
10
0.000000
20
0.000000
66
1
0
VERTEX
8
Layer 1
10
53.002777
20
104.048286
70
0
0
VERTEX
8
Layer 1
10
53.126362
20
105.170058
70
0
0
VERTEX
8
Layer 1
10
53.057291
20
105.725002
70
0
0
VERTEX
8
Layer 1
10
52.844730
20
106.130218
70
0
0
VERTEX
8
Layer 1
10
52.480660
20
106.378577
70
0
0
VERTEX
8
Layer 1
10
51.957057
20
106.462947
70
0
0
VERTEX
8
Layer 1
10
51.504754
20
106.385410
70
0
0
VERTEX
8
Layer 1
10
51.190592
20
106.156361
70
0
0
VERTEX
8
Layer 1
10
50.816272
20
105.265123
70
0
0
VERTEX
8
Layer 1
10
50.572667
20
104.623432
70
0
0
VERTEX
8
Layer 1
10
50.036736
20
104.409535
70
0
0
VERTEX
8
Layer 1
10
49.411681
20
104.600854
70
0
0
VERTEX
8
Layer 1
10
49.200161
20
105.198578
70
0
0
VERTEX
8
Layer 1
10
49.285720
20
106.377389
70
0
0
VERTEX
8
Layer 1
10
48.905458
20
106.405908
70
0
0
VERTEX
8
Layer 1
10
48.791379
20
105.198578
70
0
0
VERTEX
8
Layer 1
10
48.874413
20
104.636058
70
0
0
VERTEX
8
Layer 1
10
49.120543
20
104.241982
70
0
0
VERTEX
8
Layer 1
10
49.525314
20
104.010112
70
0
0
VERTEX
8
Layer 1
10
50.084269
20
103.934208
70
0
0
VERTEX
8
Layer 1
10
50.554100
20
104.005358
70
0
0
VERTEX
8
Layer 1
10
50.869747
20
104.218216
70
0
0
VERTEX
8
Layer 1
10
51.234560
20
105.065486
70
0
0
VERTEX
8
Layer 1
10
51.491237
20
105.760652
70
0
0
VERTEX
8
Layer 1
10
52.004590
20
105.978114
70
0
0
VERTEX
8
Layer 1
10
52.545274
20
105.770158
70
0
0
VERTEX
8
Layer 1
10
52.708074
20
105.141538
70
0
0
VERTEX
8
Layer 1
10
52.622515
20
104.067299
70
0
0
VERTEX
8
Layer 1
10
53.002777
20
104.048286
70
0
0
SEQEND
8
Layer 1
0
POLYLINE
8
Layer 1
62
7
70
0
10
0.000000
20
0.000000
66
1
0
VERTEX
8
Layer 1
10
53.069322
20
103.706051
70
0
0
VERTEX
8
Layer 1
10
50.626142
20
102.479707
70
0
0
VERTEX
8
Layer 1
10
48.857925
20
102.479707
70
0
0
VERTEX
8
Layer 1
10
48.857925
20
102.032900
70
0
0
VERTEX
8
Layer 1
10
50.626142
20
102.032900
70
0
0
VERTEX
8
Layer 1
10
53.069322
20
100.816063
70
0
0
VERTEX
8
Layer 1
10
53.069322
20
101.310403
70
0
0
VERTEX
8
Layer 1
10
51.129988
20
102.261057
70
0
0
VERTEX
8
Layer 1
10
53.069322
20
103.202204
70
0
0
VERTEX
8
Layer 1
10
53.069322
20
103.706051
70
0
0
SEQEND
8
Layer 1
0
POLYLINE
8
Layer 1
62
7
70
0
10
0.000000
20
0.000000
66
1
0
VERTEX
8
Layer 1
10
49.266706
20
98.154231
70
0
0
VERTEX
8
Layer 1
10
49.266706
20
99.808369
70
0
0
VERTEX
8
Layer 1
10
53.069322
20
99.808369
70
0
0
VERTEX
8
Layer 1
10
53.069322
20
100.274190
70
0
0
VERTEX
8
Layer 1
10
48.857925
20
100.274190
70
0
0
VERTEX
8
Layer 1
10
48.857925
20
98.154231
70
0
0
VERTEX
8
Layer 1
10
49.266706
20
98.154231
70
0
0
SEQEND
8
Layer 1
0
POLYLINE
8
Layer 1
62
7
70
0
10
0.000000
20
0.000000
66
1
0
VERTEX
8
Layer 1
10
53.069322
20
97.251110
70
0
0
VERTEX
8
Layer 1
10
53.069322
20
97.716931
70
0
0
VERTEX
8
Layer 1
10
50.141308
20
97.716931
70
0
0
VERTEX
8
Layer 1
10
49.542842
20
97.634045
70
0
0
VERTEX
8
Layer 1
10
49.125297
20
97.381825
70
0
0
VERTEX
8
Layer 1
10
48.880652
20
96.954922
70
0
0
VERTEX
8
Layer 1
10
48.800886
20
96.347989
70
0
0
VERTEX
8
Layer 1
10
48.880652
20
95.735560
70
0
0
VERTEX
8
Layer 1
10
49.125297
20
95.305834
70
0
0
VERTEX
8
Layer 1
10
49.542842
20
95.052574
70
0
0
VERTEX
8
Layer 1
10
50.141308
20
94.969541
70
0
0
VERTEX
8
Layer 1
10
53.069322
20
94.969541
70
0
0
VERTEX
8
Layer 1
10
53.069322
20
95.435361
70
0
0
VERTEX
8
Layer 1
10
50.112789
20
95.435361
70
0
0
VERTEX
8
Layer 1
10
49.418811
20
95.651635
70
0
0
VERTEX
8
Layer 1
10
49.209667
20
96.338482
70
0
0
VERTEX
8
Layer 1
10
49.418811
20
97.021765
70
0
0
VERTEX
8
Layer 1
10
50.112789
20
97.241604
70
0
0
VERTEX
8
Layer 1
10
53.069322
20
97.241604
70
0
0
VERTEX
8
Layer 1
10
53.069322
20
97.251110
70
0
0
SEQEND
8
Layer 1
0
POLYLINE
8
Layer 1
62
7
70
0
10
0.000000
20
0.000000
66
1
0
VERTEX
8
Layer 1
10
53.069322
20
93.229844
70
0
0
VERTEX
8
Layer 1
10
53.069322
20
94.056913
70
0
0
VERTEX
8
Layer 1
10
48.857925
20
94.056913
70
0
0
VERTEX
8
Layer 1
10
48.857925
20
93.619612
70
0
0
VERTEX
8
Layer 1
10
52.651035
20
93.619612
70
0
0
VERTEX
8
Layer 1
10
52.651035
20
93.524546
70
0
0
VERTEX
8
Layer 1
10
49.010030
20
92.450307
70
0
0
VERTEX
8
Layer 1
10
49.010030
20
91.879915
70
0
0
VERTEX
8
Layer 1
10
52.651035
20
90.796169
70
0
0
VERTEX
8
Layer 1
10
52.651035
20
90.710611
70
0
0
VERTEX
8
Layer 1
10
48.857925
20
90.710611
70
0
0
VERTEX
8
Layer 1
10
48.857925
20
90.273310
70
0
0
VERTEX
8
Layer 1
10
53.069322
20
90.273310
70
0
0
VERTEX
8
Layer 1
10
53.069322
20
91.081366
70
0
0
VERTEX
8
Layer 1
10
49.456837
20
92.165111
70
0
0
VERTEX
8
Layer 1
10
53.069322
20
93.229844
70
0
0
SEQEND
8
Layer 1
0
POLYLINE
8
Layer 1
62
7
70
0
10
0.000000
20
0.000000
66
1
0
VERTEX
8
Layer 1
10
59.695381
20
87.326282
70
0
0
VERTEX
8
Layer 1
10
59.695381
20
87.145658
70
0
0
VERTEX
8
Layer 1
10
60.465411
20
87.145658
70
0
0
VERTEX
8
Layer 1
10
59.752420
20
86.927008
70
0
0
VERTEX
8
Layer 1
10
59.752420
20
86.784410
70
0
0
VERTEX
8
Layer 1
10
60.465411
20
86.556253
70
0
0
VERTEX
8
Layer 1
10
59.695381
20
86.556253
70
0
0
VERTEX
8
Layer 1
10
59.695381
20
86.375628
70
0
0
VERTEX
8
Layer 1
10
60.722087
20
86.375628
70
0
0
VERTEX
8
Layer 1
10
60.722087
20
86.622798
70
0
0
VERTEX
8
Layer 1
10
60.009097
20
86.860462
70
0
0
VERTEX
8
Layer 1
10
60.722087
20
87.088619
70
0
0
VERTEX
8
Layer 1
10
60.722087
20
87.335789
70
0
0
VERTEX
8
Layer 1
10
59.695381
20
87.326282
70
0
0
SEQEND
8
Layer 1
0
POLYLINE
8
Layer 1
62
7
70
0
10
0.000000
20
0.000000
66
1
0
VERTEX
8
Layer 1
10
60.550969
20
88.124832
70
0
0
VERTEX
8
Layer 1
10
60.550969
20
87.858649
70
0
0
VERTEX
8
Layer 1
10
59.704887
20
87.858649
70
0
0
VERTEX
8
Layer 1
10
59.704887
20
87.668518
70
0
0
VERTEX
8
Layer 1
10
60.550969
20
87.668518
70
0
0
VERTEX
8
Layer 1
10
60.550969
20
87.440361
70
0
0
VERTEX
8
Layer 1
10
60.722087
20
87.440361
70
0
0
VERTEX
8
Layer 1
10
60.722087
20
88.124832
70
0
0
VERTEX
8
Layer 1
10
60.550969
20
88.124832
70
0
0
SEQEND
8
Layer 1
0
POLYLINE
8
Layer 1
62
7
70
0
10
0.000000
20
0.000000
66
1
0
VERTEX
8
Layer 1
10
46.557343
20
112.461574
70
0
0
VERTEX
8
Layer 1
10
49.618448
20
114.400908
70
0
0
VERTEX
8
Layer 1
10
50.331439
20
114.286830
70
0
0
VERTEX
8
Layer 1
10
50.245880
20
114.800183
70
0
0
VERTEX
8
Layer 1
10
50.645155
20
115.056860
70
0
0
VERTEX
8
Layer 1
10
50.645155
20
115.028340
70
0
0
VERTEX
8
Layer 1
10
50.721207
20
114.904755
70
0
0
VERTEX
8
Layer 1
10
50.920844
20
114.248804
70
0
0
VERTEX
8
Layer 1
10
51.510250
20
114.229791
70
0
0
VERTEX
8
Layer 1
10
52.042616
20
114.248804
70
0
0
VERTEX
8
Layer 1
10
51.861992
20
114.752650
70
0
0
VERTEX
8
Layer 1
10
51.857239
20
114.900002
70
0
0
VERTEX
8
Layer 1
10
52.023603
20
115.047353
70
0
0
VERTEX
8
Layer 1
10
52.245818
20
115.009327
70
0
0
VERTEX
8
Layer 1
10
52.318306
20
114.914261
70
0
0
VERTEX
8
Layer 1
10
52.622515
20
114.305843
70
0
0
VERTEX
8
Layer 1
10
53.734780
20
114.495974
70
0
0
VERTEX
8
Layer 1
10
53.468597
20
114.961794
70
0
0
VERTEX
8
Layer 1
10
53.438889
20
115.104392
70
0
0
VERTEX
8
Layer 1
10
53.573169
20
115.275510
70
0
0
VERTEX
8
Layer 1
10
53.797761
20
115.271945
70
0
0
VERTEX
8
Layer 1
10
53.886885
20
115.189951
70
0
0
VERTEX
8
Layer 1
10
54.295666
20
114.638572
70
0
0
VERTEX
8
Layer 1
10
55.350892
20
115.018833
70
0
0
VERTEX
8
Layer 1
10
55.008657
20
115.437121
70
0
0
VERTEX
8
Layer 1
10
54.953994
20
115.571401
70
0
0
VERTEX
8
Layer 1
10
55.056189
20
115.769850
70
0
0
VERTEX
8
Layer 1
10
55.278405
20
115.805500
70
0
0
VERTEX
8
Layer 1
10
55.379412
20
115.741330
70
0
0
VERTEX
8
Layer 1
10
55.873752
20
115.266003
70
0
0
VERTEX
8
Layer 1
10
56.852925
20
115.826889
70
0
0
VERTEX
8
Layer 1
10
56.444144
20
116.178631
70
0
0
VERTEX
8
Layer 1
10
56.368092
20
116.302216
70
0
0
VERTEX
8
Layer 1
10
56.434638
20
116.511360
70
0
0
VERTEX
8
Layer 1
10
56.646158
20
116.586224
70
0
0
VERTEX
8
Layer 1
10
56.757860
20
116.539880
70
0
0
VERTEX
8
Layer 1
10
57.328252
20
116.159618
70
0
0
VERTEX
8
Layer 1
10
58.193348
20
116.872609
70
0
0
VERTEX
8
Layer 1
10
57.727527
20
117.148298
70
0
0
VERTEX
8
Layer 1
10
57.630085
20
117.256435
70
0
0
VERTEX
8
Layer 1
10
57.660981
20
117.471521
70
0
0
VERTEX
8
Layer 1
10
57.857054
20
117.582034
70
0
0
VERTEX
8
Layer 1
10
57.974697
20
117.557080
70
0
0
VERTEX
8
Layer 1
10
58.602129
20
117.281390
70
0
0
VERTEX
8
Layer 1
10
59.334132
20
118.136979
70
0
0
VERTEX
8
Layer 1
10
58.830286
20
118.327109
70
0
0
VERTEX
8
Layer 1
10
58.715019
20
118.419798
70
0
0
VERTEX
8
Layer 1
10
58.706701
20
118.640825
70
0
0
VERTEX
8
Layer 1
10
58.882572
20
118.782235
70
0
0
VERTEX
8
Layer 1
10
59.001403
20
118.773917
70
0
0
VERTEX
8
Layer 1
10
59.666861
20
118.612306
70
0
0
VERTEX
8
Layer 1
10
60.237254
20
119.581973
70
0
0
VERTEX
8
Layer 1
10
59.704887
20
119.677038
70
0
0
VERTEX
8
Layer 1
10
59.576549
20
119.748337
70
0
0
VERTEX
8
Layer 1
10
59.533770
20
119.962234
70
0
0
VERTEX
8
Layer 1
10
59.681121
20
120.130975
70
0
0
VERTEX
8
Layer 1
10
59.799953
20
120.142858
70
0
0
VERTEX
8
Layer 1
10
60.484424
20
120.095326
70
0
0
VERTEX
8
Layer 1
10
60.893205
20
121.207591
70
0
0
VERTEX
8
Layer 1
10
60.351332
20
121.207591
70
0
0
VERTEX
8
Layer 1
10
60.142188
20
121.207591
70
0
0
VERTEX
8
Layer 1
10
62.062509
20
122.443441
70
0
0
VERTEX
8
Layer 1
10
62.976920
20
123.291900
70
0
0
VERTEX
8
Layer 1
10
63.281723
20
124.225917
70
0
0
VERTEX
8
Layer 1
10
62.976920
20
125.159935
70
0
0
VERTEX
8
Layer 1
10
62.062509
20
126.008394
70
0
0
VERTEX
8
Layer 1
10
60.902711
20
126.749904
70
0
0
VERTEX
8
Layer 1
10
60.912218
20
126.816450
70
0
0
VERTEX
8
Layer 1
10
60.531956
20
127.871675
70
0
0
VERTEX
8
Layer 1
10
60.113669
20
127.519933
70
0
0
VERTEX
8
Layer 1
10
59.979389
20
127.465271
70
0
0
VERTEX
8
Layer 1
10
59.780940
20
127.567466
70
0
0
VERTEX
8
Layer 1
10
59.745290
20
127.789682
70
0
0
VERTEX
8
Layer 1
10
59.809459
20
127.890689
70
0
0
VERTEX
8
Layer 1
10
60.284786
20
128.385029
70
0
0
VERTEX
8
Layer 1
10
59.723900
20
129.364202
70
0
0
VERTEX
8
Layer 1
10
59.372158
20
128.955421
70
0
0
VERTEX
8
Layer 1
10
59.248573
20
128.879369
70
0
0
VERTEX
8
Layer 1
10
59.039430
20
128.945914
70
0
0
VERTEX
8
Layer 1
10
58.964566
20
129.157435
70
0
0
VERTEX
8
Layer 1
10
59.010910
20
129.269137
70
0
0
VERTEX
8
Layer 1
10
59.391172
20
129.839529
70
0
0
VERTEX
8
Layer 1
10
58.678181
20
130.704624
70
0
0
VERTEX
8
Layer 1
10
58.402491
20
130.238804
70
0
0
VERTEX
8
Layer 1
10
58.294354
20
130.141362
70
0
0
VERTEX
8
Layer 1
10
58.079269
20
130.172258
70
0
0
VERTEX
8
Layer 1
10
57.968755
20
130.368331
70
0
0
VERTEX
8
Layer 1
10
57.993710
20
130.485974
70
0
0
VERTEX
8
Layer 1
10
58.269400
20
131.113406
70
0
0
VERTEX
8
Layer 1
10
57.413811
20
131.845409
70
0
0
VERTEX
8
Layer 1
10
57.223680
20
131.341563
70
0
0
VERTEX
8
Layer 1
10
57.130992
20
131.226296
70
0
0
VERTEX
8
Layer 1
10
56.909965
20
131.217978
70
0
0
VERTEX
8
Layer 1
10
56.768555
20
131.393849
70
0
0
VERTEX
8
Layer 1
10
56.776873
20
131.512680
70
0
0
VERTEX
8
Layer 1
10
56.938484
20
132.178138
70
0
0
VERTEX
8
Layer 1
10
55.968817
20
132.748530
70
0
0
VERTEX
8
Layer 1
10
55.873752
20
132.216164
70
0
0
VERTEX
8
Layer 1
10
55.802453
20
132.087826
70
0
0
VERTEX
8
Layer 1
10
55.588556
20
132.045047
70
0
0
VERTEX
8
Layer 1
10
55.419814
20
132.192398
70
0
0
VERTEX
8
Layer 1
10
55.407931
20
132.311230
70
0
0
VERTEX
8
Layer 1
10
55.455464
20
132.995701
70
0
0
VERTEX
8
Layer 1
10
54.343199
20
133.404482
70
0
0
VERTEX
8
Layer 1
10
54.343199
20
132.862609
70
0
0
VERTEX
8
Layer 1
10
54.298043
20
132.724764
70
0
0
VERTEX
8
Layer 1
10
54.096029
20
132.643959
70
0
0
VERTEX
8
Layer 1
10
53.903521
20
132.758037
70
0
0
VERTEX
8
Layer 1
10
53.867872
20
132.872116
70
0
0
VERTEX
8
Layer 1
10
53.791819
20
133.556586
70
0
0
VERTEX
8
Layer 1
10
52.689061
20
133.756224
70
0
0
VERTEX
8
Layer 1
10
52.784126
20
133.223858
70
0
0
VERTEX
8
Layer 1
10
52.767490
20
133.089578
70
0
0
VERTEX
8
Layer 1
10
52.622515
20
132.976687
70
0
0
VERTEX
8
Layer 1
10
52.527450
20
132.130605
70
0
0
VERTEX
8
Layer 1
10
52.299293
20
132.273203
70
0
0
VERTEX
8
Layer 1
10
52.384852
20
133.033727
70
0
0
VERTEX
8
Layer 1
10
52.308799
20
133.157312
70
0
0
VERTEX
8
Layer 1
10
52.109162
20
133.813263
70
0
0
VERTEX
8
Layer 1
10
51.519756
20
133.832276
70
0
0
VERTEX
8
Layer 1
10
50.987390
20
133.813263
70
0
0
VERTEX
8
Layer 1
10
51.168014
20
133.309416
70
0
0
VERTEX
8
Layer 1
10
51.072949
20
133.052740
70
0
0
VERTEX
8
Layer 1
10
50.626142
20
133.337936
70
0
0
VERTEX
8
Layer 1
10
50.407491
20
133.775237
70
0
0
VERTEX
8
Layer 1
10
50.017723
20
133.718198
70
0
0
VERTEX
8
Layer 1
10
46.566849
20
135.904702
70
0
0
VERTEX
8
Layer 1
10
45.419083
20
136.359233
70
0
0
VERTEX
8
Layer 1
10
44.917000
20
136.354554
70
0
0
VERTEX
8
Layer 1
10
44.478975
20
136.204158
70
0
0
VERTEX
8
Layer 1
10
44.117151
20
135.914728
70
0
0
VERTEX
8
Layer 1
10
43.843671
20
135.492950
70
0
0
VERTEX
8
Layer 1
10
43.610315
20
134.279083
70
0
0
VERTEX
8
Layer 1
10
43.610315
20
129.411735
70
0
0
VERTEX
8
Layer 1
10
43.363145
20
129.468774
70
0
0
VERTEX
8
Layer 1
10
42.792753
20
128.499107
70
0
0
VERTEX
8
Layer 1
10
43.325119
20
128.404042
70
0
0
VERTEX
8
Layer 1
10
43.453457
20
128.336308
70
0
0
VERTEX
8
Layer 1
10
43.496237
20
128.118846
70
0
0
VERTEX
8
Layer 1
10
43.348885
20
127.950104
70
0
0
VERTEX
8
Layer 1
10
43.230054
20
127.938221
70
0
0
VERTEX
8
Layer 1
10
42.545583
20
127.985754
70
0
0
VERTEX
8
Layer 1
10
42.136801
20
126.873489
70
0
0
VERTEX
8
Layer 1
10
42.678674
20
126.873489
70
0
0
VERTEX
8
Layer 1
10
42.816519
20
126.828333
70
0
0
VERTEX
8
Layer 1
10
42.897325
20
126.626319
70
0
0
VERTEX
8
Layer 1
10
42.783246
20
126.433811
70
0
0
VERTEX
8
Layer 1
10
42.669168
20
126.398162
70
0
0
VERTEX
8
Layer 1
10
41.984697
20
126.322109
70
0
0
VERTEX
8
Layer 1
10
41.785059
20
125.219351
70
0
0
VERTEX
8
Layer 1
10
42.317426
20
125.314416
70
0
0
VERTEX
8
Layer 1
10
42.451706
20
125.297780
70
0
0
VERTEX
8
Layer 1
10
42.564596
20
125.152805
70
0
0
VERTEX
8
Layer 1
10
43.610315
20
125.038727
70
0
0
VERTEX
8
Layer 1
10
43.610315
20
124.801063
70
0
0
VERTEX
8
Layer 1
10
42.517063
20
124.924648
70
0
0
VERTEX
8
Layer 1
10
42.393478
20
124.848596
70
0
0
VERTEX
8
Layer 1
10
41.737527
20
124.658465
70
0
0
VERTEX
8
Layer 1
10
41.718514
20
124.069059
70
0
0
VERTEX
8
Layer 1
10
41.737527
20
123.536693
70
0
0
VERTEX
8
Layer 1
10
42.241373
20
123.717317
70
0
0
VERTEX
8
Layer 1
10
42.388725
20
123.722071
70
0
0
VERTEX
8
Layer 1
10
42.536076
20
123.555706
70
0
0
VERTEX
8
Layer 1
10
42.498050
20
123.333491
70
0
0
VERTEX
8
Layer 1
10
42.402985
20
123.261004
70
0
0
VERTEX
8
Layer 1
10
41.794566
20
122.956794
70
0
0
VERTEX
8
Layer 1
10
41.984697
20
121.844529
70
0
0
VERTEX
8
Layer 1
10
42.450517
20
122.110712
70
0
0
VERTEX
8
Layer 1
10
42.593115
20
122.140420
70
0
0
VERTEX
8
Layer 1
10
42.764233
20
122.006140
70
0
0
VERTEX
8
Layer 1
10
42.760668
20
121.781548
70
0
0
VERTEX
8
Layer 1
10
42.678674
20
121.692424
70
0
0
VERTEX
8
Layer 1
10
42.127295
20
121.283643
70
0
0
VERTEX
8
Layer 1
10
42.507557
20
120.228417
70
0
0
VERTEX
8
Layer 1
10
42.925844
20
120.570653
70
0
0
VERTEX
8
Layer 1
10
43.060124
20
120.625315
70
0
0
VERTEX
8
Layer 1
10
43.258573
20
120.523120
70
0
0
VERTEX
8
Layer 1
10
43.294223
20
120.300905
70
0
0
VERTEX
8
Layer 1
10
43.230054
20
120.199898
70
0
0
VERTEX
8
Layer 1
10
42.754727
20
119.705558
70
0
0
VERTEX
8
Layer 1
10
43.315612
20
118.726384
70
0
0
VERTEX
8
Layer 1
10
43.629328
20
119.097139
70
0
0
VERTEX
8
Layer 1
10
43.629328
20
114.125219
70
0
0
VERTEX
8
Layer 1
10
43.846196
20
112.889368
70
0
0
VERTEX
8
Layer 1
10
44.114607
20
112.460831
70
0
0
VERTEX
8
Layer 1
10
44.473034
20
112.166871
70
0
0
VERTEX
8
Layer 1
10
44.908998
20
112.013727
70
0
0
VERTEX
8
Layer 1
10
45.410022
20
112.007637
70
0
0
VERTEX
8
Layer 1
10
46.557343
20
112.461574
70
0
0
VERTEX
8
Layer 1
10
46.557343
20
112.461574
70
0
0
SEQEND
8
Layer 1
0
POLYLINE
8
Layer 1
62
7
70
0
10
0.000000
20
0.000000
66
1
0
VERTEX
8
Layer 1
10
44.713074
20
114.049166
70
0
0
VERTEX
8
Layer 1
10
44.713074
20
134.288590
70
0
0
VERTEX
8
Layer 1
10
44.813041
20
134.808776
70
0
0
VERTEX
8
Layer 1
10
45.085017
20
135.113282
70
0
0
VERTEX
8
Layer 1
10
45.487114
20
135.178937
70
0
0
VERTEX
8
Layer 1
10
45.977444
20
134.982567
70
0
0
VERTEX
8
Layer 1
10
61.568169
20
124.991194
70
0
0
VERTEX
8
Layer 1
10
61.958531
20
124.611526
70
0
0
VERTEX
8
Layer 1
10
62.088652
20
124.178385
70
0
0
VERTEX
8
Layer 1
10
61.958531
20
123.745243
70
0
0
VERTEX
8
Layer 1
10
61.568169
20
123.365576
70
0
0
VERTEX
8
Layer 1
10
45.986950
20
113.355189
70
0
0
VERTEX
8
Layer 1
10
45.491125
20
113.158819
70
0
0
VERTEX
8
Layer 1
10
45.086205
20
113.224474
70
0
0
VERTEX
8
Layer 1
10
44.813190
20
113.528980
70
0
0
VERTEX
8
Layer 1
10
44.713074
20
114.049166
70
0
0
VERTEX
8
Layer 1
10
44.713074
20
114.049166
70
0
0
SEQEND
8
Layer 1
0
POLYLINE
8
Layer 1
62
7
70
0
10
0.000000
20
0.000000
66
1
0
VERTEX
8
Layer 1
10
50.179334
20
124.696491
70
0
0
VERTEX
8
Layer 1
10
50.160321
20
124.715504
70
0
0
VERTEX
8
Layer 1
10
50.150815
20
124.725011
70
0
0
VERTEX
8
Layer 1
10
50.141308
20
124.734517
70
0
0
VERTEX
8
Layer 1
10
50.141308
20
124.744024
70
0
0
VERTEX
8
Layer 1
10
50.141308
20
124.744024
70
0
0
VERTEX
8
Layer 1
10
50.141308
20
124.744024
70
0
0
VERTEX
8
Layer 1
10
50.141308
20
124.744024
70
0
0
VERTEX
8
Layer 1
10
50.141308
20
124.744024
70
0
0
VERTEX
8
Layer 1
10
50.131802
20
124.753530
70
0
0
VERTEX
8
Layer 1
10
50.131802
20
124.763037
70
0
0
VERTEX
8
Layer 1
10
50.131802
20
124.763037
70
0
0
VERTEX
8
Layer 1
10
50.131802
20
124.763037
70
0
0
VERTEX
8
Layer 1
10
50.131802
20
124.763037
70
0
0
VERTEX
8
Layer 1
10
50.131802
20
124.763037
70
0
0
VERTEX
8
Layer 1
10
50.122295
20
124.772543
70
0
0
VERTEX
8
Layer 1
10
50.112788
20
124.782050
70
0
0
VERTEX
8
Layer 1
10
50.112788
20
124.782050
70
0
0
VERTEX
8
Layer 1
10
50.112788
20
124.782050
70
0
0
VERTEX
8
Layer 1
10
50.112788
20
124.782050
70
0
0
VERTEX
8
Layer 1
10
50.103282
20
124.801063
70
0
0
VERTEX
8
Layer 1
10
50.093775
20
124.820076
70
0
0
VERTEX
8
Layer 1
10
50.084269
20
124.829583
70
0
0
VERTEX
8
Layer 1
10
50.074762
20
124.839089
70
0
0
VERTEX
8
Layer 1
10
50.065256
20
124.858102
70
0
0
VERTEX
8
Layer 1
10
50.065256
20
124.858102
70
0
0
VERTEX
8
Layer 1
10
50.065256
20
124.858102
70
0
0
VERTEX
8
Layer 1
10
50.065256
20
124.858102
70
0
0
VERTEX
8
Layer 1
10
50.055749
20
124.867609
70
0
0
VERTEX
8
Layer 1
10
50.046243
20
124.886622
70
0
0
VERTEX
8
Layer 1
10
50.036736
20
124.905635
70
0
0
VERTEX
8
Layer 1
10
50.027230
20
124.915142
70
0
0
VERTEX
8
Layer 1
10
50.027230
20
124.924648
70
0
0
VERTEX
8
Layer 1
10
50.027230
20
124.934155
70
0
0
VERTEX
8
Layer 1
10
49.960684
20
125.143299
70
0
0
VERTEX
8
Layer 1
10
49.960684
20
125.162312
70
0
0
VERTEX
8
Layer 1
10
49.951177
20
125.181325
70
0
0
VERTEX
8
Layer 1
10
49.941671
20
125.190831
70
0
0
VERTEX
8
Layer 1
10
49.941671
20
125.200338
70
0
0
VERTEX
8
Layer 1
10
49.941671
20
125.209844
70
0
0
VERTEX
8
Layer 1
10
49.941671
20
125.219351
70
0
0
VERTEX
8
Layer 1
10
49.941671
20
125.228857
70
0
0
VERTEX
8
Layer 1
10
49.941671
20
125.228857
70
0
0
VERTEX
8
Layer 1
10
49.932164
20
125.228857
70
0
0
VERTEX
8
Layer 1
10
49.932164
20
125.228857
70
0
0
VERTEX
8
Layer 1
10
49.922658
20
125.228857
70
0
0
VERTEX
8
Layer 1
10
49.913151
20
125.238364
70
0
0
VERTEX
8
Layer 1
10
49.913151
20
125.238364
70
0
0
VERTEX
8
Layer 1
10
49.903645
20
125.238364
70
0
0
VERTEX
8
Layer 1
10
49.894138
20
125.238364
70
0
0
VERTEX
8
Layer 1
10
49.884632
20
125.238364
70
0
0
VERTEX
8
Layer 1
10
49.875125
20
125.238364
70
0
0
VERTEX
8
Layer 1
10
49.865618
20
125.238364
70
0
0
VERTEX
8
Layer 1
10
49.846605
20
125.238364
70
0
0
VERTEX
8
Layer 1
10
49.827592
20
125.228857
70
0
0
VERTEX
8
Layer 1
10
49.808579
20
125.219351
70
0
0
VERTEX
8
Layer 1
10
49.789566
20
125.209844
70
0
0
VERTEX
8
Layer 1
10
49.780060
20
125.200338
70
0
0
VERTEX
8
Layer 1
10
49.770553
20
125.190831
70
0
0
VERTEX
8
Layer 1
10
49.713514
20
125.133792
70
0
0
VERTEX
8
Layer 1
10
49.656475
20
125.076753
70
0
0
VERTEX
8
Layer 1
10
49.599435
20
125.019713
70
0
0
VERTEX
8
Layer 1
10
49.542396
20
124.962674
70
0
0
VERTEX
8
Layer 1
10
49.485357
20
124.905635
70
0
0
VERTEX
8
Layer 1
10
49.456837
20
124.877115
70
0
0
VERTEX
8
Layer 1
10
49.428318
20
124.848596
70
0
0
VERTEX
8
Layer 1
10
49.371278
20
124.782050
70
0
0
VERTEX
8
Layer 1
10
49.314239
20
124.715504
70
0
0
VERTEX
8
Layer 1
10
49.342759
20
124.629945
70
0
0
VERTEX
8
Layer 1
10
49.390291
20
124.601426
70
0
0
VERTEX
8
Layer 1
10
49.437824
20
124.572906
70
0
0
VERTEX
8
Layer 1
10
49.475850
20
124.544386
70
0
0
VERTEX
8
Layer 1
10
49.513876
20
124.515867
70
0
0
VERTEX
8
Layer 1
10
49.542396
20
124.496854
70
0
0
VERTEX
8
Layer 1
10
49.561409
20
124.477841
70
0
0
VERTEX
8
Layer 1
10
49.580422
20
124.458828
70
0
0
VERTEX
8
Layer 1
10
49.599435
20
124.439815
70
0
0
VERTEX
8
Layer 1
10
49.694501
20
124.335243
70
0
0
VERTEX
8
Layer 1
10
49.723020
20
124.297216
70
0
0
VERTEX
8
Layer 1
10
49.770553
20
124.240177
70
0
0
VERTEX
8
Layer 1
10
49.808579
20
124.240177
70
0
0
VERTEX
8
Layer 1
10
50.179334
20
124.696491
70
0
0
VERTEX
8
Layer 1
10
50.179334
20
124.696491
70
0
0
SEQEND
8
Layer 1
0
POLYLINE
8
Layer 1
62
7
70
0
10
0.000000
20
0.000000
66
1
0
VERTEX
8
Layer 1
10
51.681368
20
122.262817
70
0
0
VERTEX
8
Layer 1
10
51.757420
20
122.177258
70
0
0
VERTEX
8
Layer 1
10
51.833472
20
122.091699
70
0
0
VERTEX
8
Layer 1
10
51.909525
20
122.006140
70
0
0
VERTEX
8
Layer 1
10
51.938044
20
121.968114
70
0
0
VERTEX
8
Layer 1
10
52.270773
20
122.243804
70
0
0
VERTEX
8
Layer 1
10
52.261267
20
122.262817
70
0
0
VERTEX
8
Layer 1
10
52.242253
20
122.281830
70
0
0
VERTEX
8
Layer 1
10
52.166201
20
122.376895
70
0
0
VERTEX
8
Layer 1
10
52.090149
20
122.471961
70
0
0
VERTEX
8
Layer 1
10
52.014096
20
122.567026
70
0
0
VERTEX
8
Layer 1
10
51.976070
20
122.614559
70
0
0
VERTEX
8
Layer 1
10
51.938044
20
122.662092
70
0
0
VERTEX
8
Layer 1
10
51.900018
20
122.709624
70
0
0
VERTEX
8
Layer 1
10
51.861992
20
122.757157
70
0
0
VERTEX
8
Layer 1
10
51.823966
20
122.804690
70
0
0
VERTEX
8
Layer 1
10
51.804953
20
122.823703
70
0
0
VERTEX
8
Layer 1
10
51.795446
20
122.833209
70
0
0
VERTEX
8
Layer 1
10
51.785940
20
122.842716
70
0
0
VERTEX
8
Layer 1
10
51.719394
20
122.928275
70
0
0
VERTEX
8
Layer 1
10
51.396171
20
123.346562
70
0
0
VERTEX
8
Layer 1
10
51.339132
20
123.422615
70
0
0
VERTEX
8
Layer 1
10
51.301106
20
123.470147
70
0
0
VERTEX
8
Layer 1
10
51.263080
20
123.517680
70
0
0
VERTEX
8
Layer 1
10
51.234560
20
123.546200
70
0
0
VERTEX
8
Layer 1
10
51.187028
20
123.603239
70
0
0
VERTEX
8
Layer 1
10
51.139495
20
123.660278
70
0
0
VERTEX
8
Layer 1
10
51.129988
20
123.679291
70
0
0
VERTEX
8
Layer 1
10
51.120482
20
123.698304
70
0
0
VERTEX
8
Layer 1
10
51.082456
20
123.745837
70
0
0
VERTEX
8
Layer 1
10
51.044429
20
123.793370
70
0
0
VERTEX
8
Layer 1
10
51.006403
20
123.831396
70
0
0
VERTEX
8
Layer 1
10
50.958871
20
123.878929
70
0
0
VERTEX
8
Layer 1
10
50.911338
20
123.926461
70
0
0
VERTEX
8
Layer 1
10
50.873312
20
123.964488
70
0
0
VERTEX
8
Layer 1
10
50.844792
20
124.002514
70
0
0
VERTEX
8
Layer 1
10
50.835286
20
124.021527
70
0
0
VERTEX
8
Layer 1
10
50.550089
20
123.631759
70
0
0
VERTEX
8
Layer 1
10
50.550089
20
123.603239
70
0
0
VERTEX
8
Layer 1
10
50.540583
20
123.441628
70
0
0
VERTEX
8
Layer 1
10
50.597622
20
123.384589
70
0
0
VERTEX
8
Layer 1
10
50.626142
20
123.346562
70
0
0
VERTEX
8
Layer 1
10
50.692687
20
123.270510
70
0
0
VERTEX
8
Layer 1
10
50.721207
20
123.241990
70
0
0
VERTEX
8
Layer 1
10
50.797259
20
123.165938
70
0
0
VERTEX
8
Layer 1
10
50.825779
20
123.137419
70
0
0
VERTEX
8
Layer 1
10
50.863805
20
123.089886
70
0
0
VERTEX
8
Layer 1
10
50.901831
20
123.051860
70
0
0
VERTEX
8
Layer 1
10
50.968377
20
122.975807
70
0
0
VERTEX
8
Layer 1
10
51.034923
20
122.899755
70
0
0
VERTEX
8
Layer 1
10
51.101469
20
122.823703
70
0
0
VERTEX
8
Layer 1
10
51.168014
20
122.757157
70
0
0
VERTEX
8
Layer 1
10
51.367652
20
122.595546
70
0
0
VERTEX
8
Layer 1
10
51.443704
20
122.519493
70
0
0
VERTEX
8
Layer 1
10
51.519756
20
122.443441
70
0
0
VERTEX
8
Layer 1
10
51.595809
20
122.367389
70
0
0
VERTEX
8
Layer 1
10
51.681368
20
122.262817
70
0
0
SEQEND
8
Layer 1
0
POLYLINE
8
Layer 1
62
7
70
0
10
0.000000
20
0.000000
66
1
0
VERTEX
8
Layer 1
10
47.850232
20
121.064993
70
0
0
VERTEX
8
Layer 1
10
51.995083
20
121.064993
70
0
0
VERTEX
8
Layer 1
10
52.269585
20
120.802375
70
0
0
VERTEX
8
Layer 1
10
52.651035
20
120.703744
70
0
0
VERTEX
8
Layer 1
10
52.850672
20
120.732264
70
0
0
VERTEX
8
Layer 1
10
52.822152
20
120.760784
70
0
0
VERTEX
8
Layer 1
10
52.746100
20
120.855849
70
0
0
VERTEX
8
Layer 1
10
52.670048
20
120.950914
70
0
0
VERTEX
8
Layer 1
10
52.593995
20
121.045980
70
0
0
VERTEX
8
Layer 1
10
52.555969
20
121.093512
70
0
0
VERTEX
8
Layer 1
10
52.489424
20
121.093512
70
0
0
VERTEX
8
Layer 1
10
52.280280
20
121.302656
70
0
0
VERTEX
8
Layer 1
10
52.280280
20
121.407228
70
0
0
VERTEX
8
Layer 1
10
52.280280
20
121.597359
70
0
0
VERTEX
8
Layer 1
10
52.280280
20
121.616372
70
0
0
VERTEX
8
Layer 1
10
52.489424
20
121.854036
70
0
0
VERTEX
8
Layer 1
10
52.632022
20
121.854036
70
0
0
VERTEX
8
Layer 1
10
52.803139
20
121.854036
70
0
0
VERTEX
8
Layer 1
10
52.812646
20
121.854036
70
0
0
VERTEX
8
Layer 1
10
53.059816
20
121.616372
70
0
0
VERTEX
8
Layer 1
10
53.059816
20
121.568839
70
0
0
VERTEX
8
Layer 1
10
53.145375
20
121.473774
70
0
0
VERTEX
8
Layer 1
10
53.183401
20
121.426241
70
0
0
VERTEX
8
Layer 1
10
53.221427
20
121.378709
70
0
0
VERTEX
8
Layer 1
10
53.240440
20
121.359696
70
0
0
VERTEX
8
Layer 1
10
53.259453
20
121.340682
70
0
0
VERTEX
8
Layer 1
10
53.297479
20
121.293150
70
0
0
VERTEX
8
Layer 1
10
53.345012
20
121.245617
70
0
0
VERTEX
8
Layer 1
10
53.383038
20
121.207591
70
0
0
VERTEX
8
Layer 1
10
53.421064
20
121.454761
70
0
0
VERTEX
8
Layer 1
10
53.196472
20
122.000199
70
0
0
VERTEX
8
Layer 1
10
52.651035
20
122.224791
70
0
0
VERTEX
8
Layer 1
10
52.337319
20
122.158245
70
0
0
VERTEX
8
Layer 1
10
52.004590
20
121.882555
70
0
0
VERTEX
8
Layer 1
10
51.976070
20
121.835023
70
0
0
VERTEX
8
Layer 1
10
47.850232
20
121.835023
70
0
0
VERTEX
8
Layer 1
10
47.511561
20
122.236674
70
0
0
VERTEX
8
Layer 1
10
46.994643
20
122.395908
70
0
0
VERTEX
8
Layer 1
10
46.582297
20
122.302031
70
0
0
VERTEX
8
Layer 1
10
46.262640
20
122.044166
70
0
0
VERTEX
8
Layer 1
10
46.262640
20
121.958608
70
0
0
VERTEX
8
Layer 1
10
46.852045
20
121.958608
70
0
0
VERTEX
8
Layer 1
10
47.251320
20
121.454761
70
0
0
VERTEX
8
Layer 1
10
46.852045
20
120.941408
70
0
0
VERTEX
8
Layer 1
10
46.262640
20
120.941408
70
0
0
VERTEX
8
Layer 1
10
46.262640
20
120.865355
70
0
0
VERTEX
8
Layer 1
10
46.262640
20
120.855849
70
0
0
VERTEX
8
Layer 1
10
46.582297
20
120.597984
70
0
0
VERTEX
8
Layer 1
10
46.994643
20
120.504107
70
0
0
VERTEX
8
Layer 1
10
47.511561
20
120.666906
70
0
0
VERTEX
8
Layer 1
10
47.850232
20
121.064993
70
0
0
VERTEX
8
Layer 1
10
47.850232
20
121.064993
70
0
0
SEQEND
8
Layer 1
0
POLYLINE
8
Layer 1
62
7
70
0
10
0.000000
20
0.000000
66
1
0
VERTEX
8
Layer 1
10
47.983324
20
121.378709
70
0
0
VERTEX
8
Layer 1
10
47.935791
20
121.388215
70
0
0
VERTEX
8
Layer 1
10
47.888258
20
121.473774
70
0
0
VERTEX
8
Layer 1
10
47.935791
20
121.559333
70
0
0
VERTEX
8
Layer 1
10
47.983324
20
121.568839
70
0
0
VERTEX
8
Layer 1
10
51.519756
20
121.568839
70
0
0
VERTEX
8
Layer 1
10
51.614822
20
121.473774
70
0
0
VERTEX
8
Layer 1
10
51.519756
20
121.378709
70
0
0
VERTEX
8
Layer 1
10
47.983324
20
121.378709
70
0
0
SEQEND
8
Layer 1
0
POLYLINE
8
Layer 1
62
7
70
0
10
0.000000
20
0.000000
66
1
0
VERTEX
8
Layer 1
10
53.278466
20
127.025593
70
0
0
VERTEX
8
Layer 1
10
53.487610
20
127.225231
70
0
0
VERTEX
8
Layer 1
10
53.724085
20
127.264445
70
0
0
VERTEX
8
Layer 1
10
54.010470
20
127.424868
70
0
0
VERTEX
8
Layer 1
10
54.200601
20
127.843156
70
0
0
VERTEX
8
Layer 1
10
54.200601
20
127.881182
70
0
0
VERTEX
8
Layer 1
10
54.181588
20
128.052300
70
0
0
VERTEX
8
Layer 1
10
54.153068
20
128.137859
70
0
0
VERTEX
8
Layer 1
10
54.134055
20
128.166378
70
0
0
VERTEX
8
Layer 1
10
53.829846
20
127.833649
70
0
0
VERTEX
8
Layer 1
10
53.620702
20
127.843156
70
0
0
VERTEX
8
Layer 1
10
53.525636
20
127.909702
70
0
0
VERTEX
8
Layer 1
10
53.468597
20
127.985754
70
0
0
VERTEX
8
Layer 1
10
53.440077
20
128.052300
70
0
0
VERTEX
8
Layer 1
10
53.715767
20
128.366016
70
0
0
VERTEX
8
Layer 1
10
53.706261
20
128.518120
70
0
0
VERTEX
8
Layer 1
10
53.520883
20
128.518120
70
0
0
VERTEX
8
Layer 1
10
53.135868
20
128.289963
70
0
0
VERTEX
8
Layer 1
10
53.021790
20
127.947728
70
0
0
VERTEX
8
Layer 1
10
53.040803
20
127.719571
70
0
0
VERTEX
8
Layer 1
10
53.040803
20
127.710064
70
0
0
VERTEX
8
Layer 1
10
52.470410
20
127.016087
70
0
0
VERTEX
8
Layer 1
10
53.278466
20
127.016087
70
0
0
VERTEX
8
Layer 1
10
53.278466
20
127.025593
70
0
0
SEQEND
8
Layer 1
0
POLYLINE
8
Layer 1
62
7
70
0
10
0.000000
20
0.000000
66
1
0
VERTEX
8
Layer 1
10
50.188841
20
123.061366
70
0
0
VERTEX
8
Layer 1
10
50.354017
20
123.395283
70
0
0
VERTEX
8
Layer 1
10
50.369465
20
123.650772
70
0
0
VERTEX
8
Layer 1
10
52.755607
20
126.455201
70
0
0
VERTEX
8
Layer 1
10
51.995083
20
126.455201
70
0
0
VERTEX
8
Layer 1
10
49.903645
20
124.097579
70
0
0
VERTEX
8
Layer 1
10
49.646968
20
124.057176
70
0
0
VERTEX
8
Layer 1
10
49.304733
20
123.888435
70
0
0
VERTEX
8
Layer 1
10
49.133615
20
123.536693
70
0
0
VERTEX
8
Layer 1
10
49.152628
20
123.422615
70
0
0
VERTEX
8
Layer 1
10
49.209667
20
123.232484
70
0
0
VERTEX
8
Layer 1
10
49.513876
20
123.546200
70
0
0
VERTEX
8
Layer 1
10
49.513876
20
123.546200
70
0
0
VERTEX
8
Layer 1
10
49.513876
20
123.546200
70
0
0
VERTEX
8
Layer 1
10
49.682618
20
123.510550
70
0
0
VERTEX
8
Layer 1
10
49.894138
20
123.289523
70
0
0
VERTEX
8
Layer 1
10
49.894138
20
123.289523
70
0
0
VERTEX
8
Layer 1
10
49.599435
20
122.966301
70
0
0
VERTEX
8
Layer 1
10
49.608942
20
122.852222
70
0
0
VERTEX
8
Layer 1
10
49.795508
20
122.853411
70
0
0
VERTEX
8
Layer 1
10
50.188841
20
123.061366
70
0
0
VERTEX
8
Layer 1
10
50.188841
20
123.061366
70
0
0
SEQEND
8
Layer 1
0
POLYLINE
8
Layer 1
62
7
70
0
10
0.000000
20
0.000000
66
1
0
VERTEX
8
Layer 1
10
53.097842
20
119.658025
70
0
0
VERTEX
8
Layer 1
10
53.135868
20
119.677038
70
0
0
VERTEX
8
Layer 1
10
53.183401
20
119.696051
70
0
0
VERTEX
8
Layer 1
10
53.259453
20
119.734077
70
0
0
VERTEX
8
Layer 1
10
53.345012
20
119.772103
70
0
0
VERTEX
8
Layer 1
10
53.421064
20
119.810130
70
0
0
VERTEX
8
Layer 1
10
53.506623
20
119.848156
70
0
0
VERTEX
8
Layer 1
10
53.544649
20
119.867169
70
0
0
VERTEX
8
Layer 1
10
53.592182
20
119.895688
70
0
0
VERTEX
8
Layer 1
10
53.668234
20
119.933715
70
0
0
VERTEX
8
Layer 1
10
53.753793
20
119.981247
70
0
0
VERTEX
8
Layer 1
10
53.791819
20
120.009767
70
0
0
VERTEX
8
Layer 1
10
53.839352
20
120.028780
70
0
0
VERTEX
8
Layer 1
10
53.877378
20
120.057300
70
0
0
VERTEX
8
Layer 1
10
53.905898
20
120.085819
70
0
0
VERTEX
8
Layer 1
10
53.943924
20
120.104832
70
0
0
VERTEX
8
Layer 1
10
53.981950
20
120.133352
70
0
0
VERTEX
8
Layer 1
10
54.010470
20
120.161872
70
0
0
VERTEX
8
Layer 1
10
54.038990
20
120.190391
70
0
0
VERTEX
8
Layer 1
10
54.067509
20
120.218911
70
0
0
VERTEX
8
Layer 1
10
54.086522
20
120.247430
70
0
0
VERTEX
8
Layer 1
10
54.105535
20
120.266443
70
0
0
VERTEX
8
Layer 1
10
54.134055
20
120.304470
70
0
0
VERTEX
8
Layer 1
10
54.153068
20
120.332989
70
0
0
VERTEX
8
Layer 1
10
54.162575
20
120.361509
70
0
0
VERTEX
8
Layer 1
10
54.181588
20
120.390028
70
0
0
VERTEX
8
Layer 1
10
54.191094
20
120.418548
70
0
0
VERTEX
8
Layer 1
10
54.191094
20
120.428055
70
0
0
VERTEX
8
Layer 1
10
54.181588
20
120.437561
70
0
0
VERTEX
8
Layer 1
10
54.181588
20
120.456574
70
0
0
VERTEX
8
Layer 1
10
54.181588
20
120.466081
70
0
0
VERTEX
8
Layer 1
10
54.181588
20
120.475587
70
0
0
VERTEX
8
Layer 1
10
54.181588
20
120.485094
70
0
0
VERTEX
8
Layer 1
10
54.181588
20
120.504107
70
0
0
VERTEX
8
Layer 1
10
54.181588
20
120.504107
70
0
0
VERTEX
8
Layer 1
10
54.181588
20
120.513614
70
0
0
VERTEX
8
Layer 1
10
54.181588
20
120.513614
70
0
0
VERTEX
8
Layer 1
10
54.181588
20
120.523120
70
0
0
VERTEX
8
Layer 1
10
54.191094
20
120.532627
70
0
0
VERTEX
8
Layer 1
10
54.191094
20
120.542133
70
0
0
VERTEX
8
Layer 1
10
54.191094
20
120.551640
70
0
0
VERTEX
8
Layer 1
10
54.200601
20
120.551640
70
0
0
VERTEX
8
Layer 1
10
54.200601
20
120.561146
70
0
0
VERTEX
8
Layer 1
10
54.210107
20
120.570653
70
0
0
VERTEX
8
Layer 1
10
54.219614
20
120.580159
70
0
0
VERTEX
8
Layer 1
10
54.219614
20
120.589666
70
0
0
VERTEX
8
Layer 1
10
54.229120
20
120.599172
70
0
0
VERTEX
8
Layer 1
10
54.229120
20
120.599172
70
0
0
VERTEX
8
Layer 1
10
54.248133
20
120.608679
70
0
0
VERTEX
8
Layer 1
10
54.257640
20
120.618185
70
0
0
VERTEX
8
Layer 1
10
54.257640
20
120.627692
70
0
0
VERTEX
8
Layer 1
10
54.267146
20
120.627692
70
0
0
VERTEX
8
Layer 1
10
54.276653
20
120.637199
70
0
0
VERTEX
8
Layer 1
10
54.295666
20
120.646705
70
0
0
VERTEX
8
Layer 1
10
54.295666
20
120.646705
70
0
0
VERTEX
8
Layer 1
10
54.305173
20
120.656212
70
0
0
VERTEX
8
Layer 1
10
54.305173
20
120.656212
70
0
0
VERTEX
8
Layer 1
10
54.324186
20
120.665718
70
0
0
VERTEX
8
Layer 1
10
54.333692
20
120.665718
70
0
0
VERTEX
8
Layer 1
10
54.352705
20
120.675225
70
0
0
VERTEX
8
Layer 1
10
54.371718
20
120.684731
70
0
0
VERTEX
8
Layer 1
10
54.390732
20
120.694238
70
0
0
VERTEX
8
Layer 1
10
54.400238
20
120.694238
70
0
0
VERTEX
8
Layer 1
10
54.409745
20
120.694238
70
0
0
VERTEX
8
Layer 1
10
54.428758
20
120.703744
70
0
0
VERTEX
8
Layer 1
10
54.447771
20
120.713251
70
0
0
VERTEX
8
Layer 1
10
54.476290
20
120.713251
70
0
0
VERTEX
8
Layer 1
10
54.495303
20
120.722757
70
0
0
VERTEX
8
Layer 1
10
54.723460
20
120.941408
70
0
0
VERTEX
8
Layer 1
10
54.713954
20
120.960421
70
0
0
VERTEX
8
Layer 1
10
54.704447
20
120.988941
70
0
0
VERTEX
8
Layer 1
10
54.694941
20
121.007954
70
0
0
VERTEX
8
Layer 1
10
54.694941
20
121.036473
70
0
0
VERTEX
8
Layer 1
10
54.685434
20
121.055486
70
0
0
VERTEX
8
Layer 1
10
54.675928
20
121.074499
70
0
0
VERTEX
8
Layer 1
10
54.666421
20
121.093512
70
0
0
VERTEX
8
Layer 1
10
54.656915
20
121.112526
70
0
0
VERTEX
8
Layer 1
10
54.647408
20
121.131539
70
0
0
VERTEX
8
Layer 1
10
54.637902
20
121.150552
70
0
0
VERTEX
8
Layer 1
10
54.628395
20
121.160058
70
0
0
VERTEX
8
Layer 1
10
54.618888
20
121.179071
70
0
0
VERTEX
8
Layer 1
10
54.609382
20
121.188578
70
0
0
VERTEX
8
Layer 1
10
54.590369
20
121.198084
70
0
0
VERTEX
8
Layer 1
10
54.580862
20
121.217097
70
0
0
VERTEX
8
Layer 1
10
54.571356
20
121.226604
70
0
0
VERTEX
8
Layer 1
10
54.552343
20
121.236111
70
0
0
VERTEX
8
Layer 1
10
54.533330
20
121.245617
70
0
0
VERTEX
8
Layer 1
10
54.523823
20
121.255124
70
0
0
VERTEX
8
Layer 1
10
54.504810
20
121.264630
70
0
0
VERTEX
8
Layer 1
10
54.485797
20
121.274137
70
0
0
VERTEX
8
Layer 1
10
54.466784
20
121.274137
70
0
0
VERTEX
8
Layer 1
10
54.447771
20
121.283643
70
0
0
VERTEX
8
Layer 1
10
54.419251
20
121.283643
70
0
0
VERTEX
8
Layer 1
10
54.172081
20
121.103019
70
0
0
VERTEX
8
Layer 1
10
54.162575
20
121.084006
70
0
0
VERTEX
8
Layer 1
10
54.162575
20
121.055486
70
0
0
VERTEX
8
Layer 1
10
54.153068
20
121.036473
70
0
0
VERTEX
8
Layer 1
10
54.153068
20
121.017460
70
0
0
VERTEX
8
Layer 1
10
54.134055
20
120.979434
70
0
0
VERTEX
8
Layer 1
10
54.115042
20
120.941408
70
0
0
VERTEX
8
Layer 1
10
54.096029
20
120.903382
70
0
0
VERTEX
8
Layer 1
10
54.077016
20
120.874862
70
0
0
VERTEX
8
Layer 1
10
54.058003
20
120.865355
70
0
0
VERTEX
8
Layer 1
10
54.048496
20
120.855849
70
0
0
VERTEX
8
Layer 1
10
54.029483
20
120.836836
70
0
0
VERTEX
8
Layer 1
10
54.019976
20
120.827329
70
0
0
VERTEX
8
Layer 1
10
54.000963
20
120.817823
70
0
0
VERTEX
8
Layer 1
10
53.981950
20
120.808316
70
0
0
VERTEX
8
Layer 1
10
53.962937
20
120.808316
70
0
0
VERTEX
8
Layer 1
10
53.943924
20
120.798810
70
0
0
VERTEX
8
Layer 1
10
53.934418
20
120.789303
70
0
0
VERTEX
8
Layer 1
10
53.905898
20
120.789303
70
0
0
VERTEX
8
Layer 1
10
53.886885
20
120.779797
70
0
0
VERTEX
8
Layer 1
10
53.867872
20
120.779797
70
0
0
VERTEX
8
Layer 1
10
53.848859
20
120.770290
70
0
0
VERTEX
8
Layer 1
10
53.820339
20
120.770290
70
0
0
VERTEX
8
Layer 1
10
53.801326
20
120.770290
70
0
0
VERTEX
8
Layer 1
10
53.772806
20
120.770290
70
0
0
VERTEX
8
Layer 1
10
53.725274
20
120.770290
70
0
0
VERTEX
8
Layer 1
10
53.668234
20
120.779797
70
0
0
VERTEX
8
Layer 1
10
53.658728
20
120.798810
70
0
0
VERTEX
8
Layer 1
10
53.649221
20
120.808316
70
0
0
VERTEX
8
Layer 1
10
53.630208
20
120.836836
70
0
0
VERTEX
8
Layer 1
10
53.611195
20
120.846342
70
0
0
VERTEX
8
Layer 1
10
53.601689
20
120.865355
70
0
0
VERTEX
8
Layer 1
10
53.582676
20
120.884369
70
0
0
VERTEX
8
Layer 1
10
53.573169
20
120.893875
70
0
0
VERTEX
8
Layer 1
10
53.563663
20
120.903382
70
0
0
VERTEX
8
Layer 1
10
53.544649
20
120.903382
70
0
0
VERTEX
8
Layer 1
10
53.535143
20
120.912888
70
0
0
VERTEX
8
Layer 1
10
53.516130
20
120.922395
70
0
0
VERTEX
8
Layer 1
10
53.497117
20
120.922395
70
0
0
VERTEX
8
Layer 1
10
53.487610
20
120.931901
70
0
0
VERTEX
8
Layer 1
10
53.392545
20
121.017460
70
0
0
VERTEX
8
Layer 1
10
53.373532
20
121.045980
70
0
0
VERTEX
8
Layer 1
10
53.364025
20
121.055486
70
0
0
VERTEX
8
Layer 1
10
53.345012
20
121.064993
70
0
0
VERTEX
8
Layer 1
10
53.297479
20
121.112526
70
0
0
VERTEX
8
Layer 1
10
53.259453
20
121.160058
70
0
0
VERTEX
8
Layer 1
10
53.211921
20
121.207591
70
0
0
VERTEX
8
Layer 1
10
53.164388
20
121.255124
70
0
0
VERTEX
8
Layer 1
10
53.145375
20
121.274137
70
0
0
VERTEX
8
Layer 1
10
53.116855
20
121.302656
70
0
0
VERTEX
8
Layer 1
10
53.078829
20
121.340682
70
0
0
VERTEX
8
Layer 1
10
53.031296
20
121.388215
70
0
0
VERTEX
8
Layer 1
10
52.765113
20
121.692424
70
0
0
VERTEX
8
Layer 1
10
52.622515
20
121.692424
70
0
0
VERTEX
8
Layer 1
10
52.413371
20
121.454761
70
0
0
VERTEX
8
Layer 1
10
52.413371
20
121.445254
70
0
0
VERTEX
8
Layer 1
10
52.689061
20
121.122032
70
0
0
VERTEX
8
Layer 1
10
52.765113
20
121.026967
70
0
0
VERTEX
8
Layer 1
10
52.841165
20
120.931901
70
0
0
VERTEX
8
Layer 1
10
52.926724
20
120.836836
70
0
0
VERTEX
8
Layer 1
10
53.002777
20
120.732264
70
0
0
VERTEX
8
Layer 1
10
53.088336
20
120.627692
70
0
0
VERTEX
8
Layer 1
10
53.088336
20
120.618185
70
0
0
VERTEX
8
Layer 1
10
53.088336
20
120.618185
70
0
0
VERTEX
8
Layer 1
10
53.088336
20
120.618185
70
0
0
VERTEX
8
Layer 1
10
53.088336
20
120.599172
70
0
0
VERTEX
8
Layer 1
10
53.088336
20
120.589666
70
0
0
VERTEX
8
Layer 1
10
53.088336
20
120.580159
70
0
0
VERTEX
8
Layer 1
10
53.088336
20
120.561146
70
0
0
VERTEX
8
Layer 1
10
53.097842
20
120.532627
70
0
0
VERTEX
8
Layer 1
10
53.097842
20
120.513614
70
0
0
VERTEX
8
Layer 1
10
53.107349
20
120.494600
70
0
0
VERTEX
8
Layer 1
10
53.107349
20
120.475587
70
0
0
VERTEX
8
Layer 1
10
53.116855
20
120.466081
70
0
0
VERTEX
8
Layer 1
10
53.116855
20
120.466081
70
0
0
VERTEX
8
Layer 1
10
53.116855
20
120.456574
70
0
0
VERTEX
8
Layer 1
10
53.126362
20
120.447068
70
0
0
VERTEX
8
Layer 1
10
53.135868
20
120.418548
70
0
0
VERTEX
8
Layer 1
10
53.145375
20
120.390028
70
0
0
VERTEX
8
Layer 1
10
53.154881
20
120.361509
70
0
0
VERTEX
8
Layer 1
10
53.173894
20
120.332989
70
0
0
VERTEX
8
Layer 1
10
53.173894
20
120.313976
70
0
0
VERTEX
8
Layer 1
10
53.183401
20
120.294963
70
0
0
VERTEX
8
Layer 1
10
53.202414
20
120.266443
70
0
0
VERTEX
8
Layer 1
10
53.202414
20
120.256937
70
0
0
VERTEX
8
Layer 1
10
53.211921
20
120.247430
70
0
0
VERTEX
8
Layer 1
10
53.221427
20
120.237924
70
0
0
VERTEX
8
Layer 1
10
53.221427
20
120.218911
70
0
0
VERTEX
8
Layer 1
10
53.221427
20
120.199898
70
0
0
VERTEX
8
Layer 1
10
53.221427
20
120.190391
70
0
0
VERTEX
8
Layer 1
10
53.221427
20
120.171378
70
0
0
VERTEX
8
Layer 1
10
53.221427
20
120.161872
70
0
0
VERTEX
8
Layer 1
10
53.211921
20
120.152365
70
0
0
VERTEX
8
Layer 1
10
53.202414
20
120.133352
70
0
0
VERTEX
8
Layer 1
10
53.192907
20
120.123845
70
0
0
VERTEX
8
Layer 1
10
53.183401
20
120.114339
70
0
0
VERTEX
8
Layer 1
10
53.173894
20
120.104832
70
0
0
VERTEX
8
Layer 1
10
53.154881
20
120.095326
70
0
0
VERTEX
8
Layer 1
10
53.145375
20
120.085819
70
0
0
VERTEX
8
Layer 1
10
53.126362
20
120.076313
70
0
0
VERTEX
8
Layer 1
10
53.107349
20
120.076313
70
0
0
VERTEX
8
Layer 1
10
53.078829
20
120.066806
70
0
0
VERTEX
8
Layer 1
10
53.059816
20
120.057300
70
0
0
VERTEX
8
Layer 1
10
53.031296
20
120.019273
70
0
0
VERTEX
8
Layer 1
10
53.012283
20
120.009767
70
0
0
VERTEX
8
Layer 1
10
52.993270
20
119.990754
70
0
0
VERTEX
8
Layer 1
10
52.955244
20
119.952728
70
0
0
VERTEX
8
Layer 1
10
52.917218
20
119.924208
70
0
0
VERTEX
8
Layer 1
10
52.879192
20
119.886182
70
0
0
VERTEX
8
Layer 1
10
52.841165
20
119.857662
70
0
0
VERTEX
8
Layer 1
10
52.793633
20
119.829143
70
0
0
VERTEX
8
Layer 1
10
52.774620
20
119.810130
70
0
0
VERTEX
8
Layer 1
10
52.746100
20
119.800623
70
0
0
VERTEX
8
Layer 1
10
52.698567
20
119.772103
70
0
0
VERTEX
8
Layer 1
10
52.651035
20
119.743584
70
0
0
VERTEX
8
Layer 1
10
52.603502
20
119.715064
70
0
0
VERTEX
8
Layer 1
10
52.574982
20
119.696051
70
0
0
VERTEX
8
Layer 1
10
52.546463
20
119.686545
70
0
0
VERTEX
8
Layer 1
10
52.489423
20
119.667531
70
0
0
VERTEX
8
Layer 1
10
52.432384
20
119.639012
70
0
0
VERTEX
8
Layer 1
10
52.375345
20
119.619999
70
0
0
VERTEX
8
Layer 1
10
52.318306
20
119.591479
70
0
0
VERTEX
8
Layer 1
10
52.308799
20
119.572466
70
0
0
VERTEX
8
Layer 1
10
52.308799
20
119.543946
70
0
0
VERTEX
8
Layer 1
10
52.308799
20
119.524933
70
0
0
VERTEX
8
Layer 1
10
52.308799
20
119.496414
70
0
0
VERTEX
8
Layer 1
10
52.318306
20
119.477401
70
0
0
VERTEX
8
Layer 1
10
52.318306
20
119.458388
70
0
0
VERTEX
8
Layer 1
10
52.327812
20
119.448881
70
0
0
VERTEX
8
Layer 1
10
52.337319
20
119.429868
70
0
0
VERTEX
8
Layer 1
10
52.441891
20
119.467894
70
0
0
VERTEX
8
Layer 1
10
52.517943
20
119.486907
70
0
0
VERTEX
8
Layer 1
10
52.565476
20
119.496414
70
0
0
VERTEX
8
Layer 1
10
52.603502
20
119.505920
70
0
0
VERTEX
8
Layer 1
10
52.641528
20
119.515427
70
0
0
VERTEX
8
Layer 1
10
52.689061
20
119.524933
70
0
0
VERTEX
8
Layer 1
10
52.727087
20
119.534440
70
0
0
VERTEX
8
Layer 1
10
52.765113
20
119.543946
70
0
0
VERTEX
8
Layer 1
10
52.812646
20
119.562960
70
0
0
VERTEX
8
Layer 1
10
52.850672
20
119.572466
70
0
0
VERTEX
8
Layer 1
10
52.888698
20
119.581973
70
0
0
VERTEX
8
Layer 1
10
52.936231
20
119.600986
70
0
0
VERTEX
8
Layer 1
10
52.974257
20
119.610492
70
0
0
VERTEX
8
Layer 1
10
53.012283
20
119.629505
70
0
0
VERTEX
8
Layer 1
10
53.097842
20
119.658025
70
0
0
SEQEND
8
Layer 1
0
POLYLINE
8
Layer 1
62
7
70
0
10
0.000000
20
0.000000
66
1
0
VERTEX
8
Layer 1
10
49.418811
20
126.303096
70
0
0
VERTEX
8
Layer 1
10
49.418811
20
126.303096
70
0
0
VERTEX
8
Layer 1
10
49.418811
20
126.303096
70
0
0
VERTEX
8
Layer 1
10
49.513876
20
126.540760
70
0
0
VERTEX
8
Layer 1
10
49.523383
20
126.664345
70
0
0
VERTEX
8
Layer 1
10
53.981950
20
126.664345
70
0
0
VERTEX
8
Layer 1
10
54.124548
20
126.607306
70
0
0
VERTEX
8
Layer 1
10
54.580862
20
126.673851
70
0
0
VERTEX
8
Layer 1
10
54.580862
20
126.844969
70
0
0
VERTEX
8
Layer 1
10
54.124548
20
126.911515
70
0
0
VERTEX
8
Layer 1
10
53.991457
20
126.835463
70
0
0
VERTEX
8
Layer 1
10
49.532890
20
126.835463
70
0
0
VERTEX
8
Layer 1
10
49.532890
20
126.863982
70
0
0
VERTEX
8
Layer 1
10
49.456837
20
127.101646
70
0
0
VERTEX
8
Layer 1
10
49.456837
20
127.101646
70
0
0
VERTEX
8
Layer 1
10
49.447331
20
127.101646
70
0
0
VERTEX
8
Layer 1
10
49.399798
20
127.063620
70
0
0
VERTEX
8
Layer 1
10
49.190654
20
126.978061
70
0
0
VERTEX
8
Layer 1
10
49.048056
20
127.025593
70
0
0
VERTEX
8
Layer 1
10
46.623888
20
127.177698
70
0
0
VERTEX
8
Layer 1
10
46.313737
20
127.117094
70
0
0
VERTEX
8
Layer 1
10
46.082016
20
126.863982
70
0
0
VERTEX
8
Layer 1
10
46.072509
20
126.740397
70
0
0
VERTEX
8
Layer 1
10
46.082016
20
126.645332
70
0
0
VERTEX
8
Layer 1
10
46.305419
20
126.386279
70
0
0
VERTEX
8
Layer 1
10
46.614382
20
126.312603
70
0
0
VERTEX
8
Layer 1
10
49.048056
20
126.398162
70
0
0
VERTEX
8
Layer 1
10
49.190654
20
126.436188
70
0
0
VERTEX
8
Layer 1
10
49.390291
20
126.341123
70
0
0
VERTEX
8
Layer 1
10
49.418811
20
126.303096
70
0
0
VERTEX
8
Layer 1
10
49.418811
20
126.303096
70
0
0
SEQEND
8
Layer 1
0
POLYLINE
8
Layer 1
62
7
70
0
10
0.000000
20
0.000000
66
1
0
VERTEX
8
Layer 1
10
115.927608
20
148.500000
70
0
0
VERTEX
8
Layer 1
10
199.072392
20
148.500000
70
0
0
VERTEX
8
Layer 1
10
201.214218
20
148.288089
70
0
0
VERTEX
8
Layer 1
10
203.254207
20
147.668185
70
0
0
VERTEX
8
Layer 1
10
205.135034
20
146.664034
70
0
0
VERTEX
8
Layer 1
10
206.799378
20
145.299378
70
0
0
VERTEX
8
Layer 1
10
208.164034
20
143.635034
70
0
0
VERTEX
8
Layer 1
10
209.168185
20
141.754207
70
0
0
VERTEX
8
Layer 1
10
209.788089
20
139.714218
70
0
0
VERTEX
8
Layer 1
10
210.000000
20
137.572392
70
0
0
VERTEX
8
Layer 1
10
210.000000
20
85.177608
70
0
0
VERTEX
8
Layer 1
10
209.788089
20
83.035782
70
0
0
VERTEX
8
Layer 1
10
209.168185
20
80.995793
70
0
0
VERTEX
8
Layer 1
10
208.164034
20
79.114966
70
0
0
VERTEX
8
Layer 1
10
206.799378
20
77.450622
70
0
0
VERTEX
8
Layer 1
10
205.135034
20
76.085966
70
0
0
VERTEX
8
Layer 1
10
203.254207
20
75.081815
70
0
0
VERTEX
8
Layer 1
10
201.214218
20
74.461911
70
0
0
VERTEX
8
Layer 1
10
199.072392
20
74.250000
70
0
0
VERTEX
8
Layer 1
10
115.927608
20
74.250000
70
0
0
VERTEX
8
Layer 1
10
113.785782
20
74.461911
70
0
0
VERTEX
8
Layer 1
10
111.745793
20
75.081815
70
0
0
VERTEX
8
Layer 1
10
109.864966
20
76.085966
70
0
0
VERTEX
8
Layer 1
10
108.200622
20
77.450622
70
0
0
VERTEX
8
Layer 1
10
106.835966
20
79.114966
70
0
0
VERTEX
8
Layer 1
10
105.831815
20
80.995793
70
0
0
VERTEX
8
Layer 1
10
105.211911
20
83.035782
70
0
0
VERTEX
8
Layer 1
10
105.000000
20
85.177608
70
0
0
VERTEX
8
Layer 1
10
105.000000
20
137.572392
70
0
0
VERTEX
8
Layer 1
10
105.211911
20
139.714218
70
0
0
VERTEX
8
Layer 1
10
105.831815
20
141.754207
70
0
0
VERTEX
8
Layer 1
10
106.835966
20
143.635034
70
0
0
VERTEX
8
Layer 1
10
108.200622
20
145.299378
70
0
0
VERTEX
8
Layer 1
10
109.864966
20
146.664034
70
0
0
VERTEX
8
Layer 1
10
111.745793
20
147.668185
70
0
0
VERTEX
8
Layer 1
10
113.785782
20
148.288089
70
0
0
VERTEX
8
Layer 1
10
115.927608
20
148.500000
70
0
0
VERTEX
8
Layer 1
10
115.927608
20
148.500000
70
0
0
SEQEND
8
Layer 1
0
POLYLINE
8
Layer 1
62
7
70
0
10
0.000000
20
0.000000
66
1
0
VERTEX
8
Layer 1
10
164.353145
20
108.848089
70
0
0
VERTEX
8
Layer 1
10
164.353145
20
109.665651
70
0
0
VERTEX
8
Layer 1
10
160.141748
20
109.665651
70
0
0
VERTEX
8
Layer 1
10
160.141748
20
109.228351
70
0
0
VERTEX
8
Layer 1
10
163.934858
20
109.228351
70
0
0
VERTEX
8
Layer 1
10
163.934858
20
109.133285
70
0
0
VERTEX
8
Layer 1
10
160.293853
20
108.068553
70
0
0
VERTEX
8
Layer 1
10
160.293853
20
107.488654
70
0
0
VERTEX
8
Layer 1
10
163.934858
20
106.414415
70
0
0
VERTEX
8
Layer 1
10
163.934858
20
106.328856
70
0
0
VERTEX
8
Layer 1
10
160.141748
20
106.328856
70
0
0
VERTEX
8
Layer 1
10
160.141748
20
105.882048
70
0
0
VERTEX
8
Layer 1
10
164.353145
20
105.882048
70
0
0
VERTEX
8
Layer 1
10
164.353145
20
106.699611
70
0
0
VERTEX
8
Layer 1
10
160.740660
20
107.773850
70
0
0
VERTEX
8
Layer 1
10
164.353145
20
108.848089
70
0
0
SEQEND
8
Layer 1
0
POLYLINE
8
Layer 1
62
7
70
0
10
0.000000
20
0.000000
66
1
0
VERTEX
8
Layer 1
10
163.934858
20
103.820129
70
0
0
VERTEX
8
Layer 1
10
163.934858
20
103.639505
70
0
0
VERTEX
8
Layer 1
10
161.624768
20
103.040593
70
0
0
VERTEX
8
Layer 1
10
161.624768
20
104.428548
70
0
0
VERTEX
8
Layer 1
10
163.934858
20
103.820129
70
0
0
SEQEND
8
Layer 1
0
POLYLINE
8
Layer 1
62
7
70
0
10
0.000000
20
0.000000
66
1
0
VERTEX
8
Layer 1
10
160.141748
20
105.284136
70
0
0
VERTEX
8
Layer 1
10
160.141748
20
104.818316
70
0
0
VERTEX
8
Layer 1
10
161.215987
20
104.523613
70
0
0
VERTEX
8
Layer 1
10
161.215987
20
102.945528
70
0
0
VERTEX
8
Layer 1
10
160.141748
20
102.650825
70
0
0
VERTEX
8
Layer 1
10
160.141748
20
102.185004
70
0
0
VERTEX
8
Layer 1
10
164.353145
20
103.268750
70
0
0
VERTEX
8
Layer 1
10
164.353145
20
104.190884
70
0
0
VERTEX
8
Layer 1
10
160.141748
20
105.284136
70
0
0
SEQEND
8
Layer 1
0
POLYLINE
8
Layer 1
62
7
70
0
10
0.000000
20
0.000000
66
1
0
VERTEX
8
Layer 1
10
160.141748
20
99.466134
70
0
0
VERTEX
8
Layer 1
10
160.141748
20
98.943274
70
0
0
VERTEX
8
Layer 1
10
162.271213
20
100.141098
70
0
0
VERTEX
8
Layer 1
10
164.353145
20
99.009820
70
0
0
VERTEX
8
Layer 1
10
164.353145
20
99.532680
70
0
0
VERTEX
8
Layer 1
10
162.432824
20
100.549880
70
0
0
VERTEX
8
Layer 1
10
162.404305
20
101.120272
70
0
0
VERTEX
8
Layer 1
10
164.353145
20
101.120272
70
0
0
VERTEX
8
Layer 1
10
164.353145
20
101.576586
70
0
0
VERTEX
8
Layer 1
10
160.141748
20
101.576586
70
0
0
VERTEX
8
Layer 1
10
160.141748
20
101.120272
70
0
0
VERTEX
8
Layer 1
10
161.995523
20
101.120272
70
0
0
VERTEX
8
Layer 1
10
162.014537
20
100.540373
70
0
0
VERTEX
8
Layer 1
10
160.141748
20
99.466134
70
0
0
SEQEND
8
Layer 1
0
POLYLINE
8
Layer 1
62
7
70
0
10
0.000000
20
0.000000
66
1
0
VERTEX
8
Layer 1
10
160.141748
20
96.034273
70
0
0
VERTEX
8
Layer 1
10
160.560036
20
96.034273
70
0
0
VERTEX
8
Layer 1
10
160.560036
20
97.926074
70
0
0
VERTEX
8
Layer 1
10
162.081082
20
97.926074
70
0
0
VERTEX
8
Layer 1
10
162.081082
20
96.376508
70
0
0
VERTEX
8
Layer 1
10
162.489864
20
96.376508
70
0
0
VERTEX
8
Layer 1
10
162.489864
20
97.926074
70
0
0
VERTEX
8
Layer 1
10
163.934858
20
97.926074
70
0
0
VERTEX
8
Layer 1
10
163.934858
20
96.034273
70
0
0
VERTEX
8
Layer 1
10
164.353145
20
96.034273
70
0
0
VERTEX
8
Layer 1
10
164.353145
20
98.382388
70
0
0
VERTEX
8
Layer 1
10
160.141748
20
98.382388
70
0
0
VERTEX
8
Layer 1
10
160.141748
20
96.034273
70
0
0
SEQEND
8
Layer 1
0
POLYLINE
8
Layer 1
62
7
70
0
10
0.000000
20
0.000000
66
1
0
VERTEX
8
Layer 1
10
163.069762
20
93.125272
70
0
0
VERTEX
8
Layer 1
10
162.381727
20
93.316591
70
0
0
VERTEX
8
Layer 1
10
162.157135
20
93.914315
70
0
0
VERTEX
8
Layer 1
10
162.157135
20
94.836449
70
0
0
VERTEX
8
Layer 1
10
163.944364
20
94.836449
70
0
0
VERTEX
8
Layer 1
10
163.944364
20
93.914315
70
0
0
VERTEX
8
Layer 1
10
163.728090
20
93.316591
70
0
0
VERTEX
8
Layer 1
10
163.069762
20
93.125272
70
0
0
VERTEX
8
Layer 1
10
163.069762
20
93.125272
70
0
0
SEQEND
8
Layer 1
0
POLYLINE
8
Layer 1
62
7
70
0
10
0.000000
20
0.000000
66
1
0
VERTEX
8
Layer 1
10
160.141748
20
93.049219
70
0
0
VERTEX
8
Layer 1
10
160.141748
20
92.545373
70
0
0
VERTEX
8
Layer 1
10
161.843419
20
93.353429
70
0
0
VERTEX
8
Layer 1
10
162.221304
20
92.851959
70
0
0
VERTEX
8
Layer 1
10
163.069762
20
92.649945
70
0
0
VERTEX
8
Layer 1
10
163.641789
20
92.731196
70
0
0
VERTEX
8
Layer 1
10
164.038241
20
92.971979
70
0
0
VERTEX
8
Layer 1
10
164.268923
20
93.367837
70
0
0
VERTEX
8
Layer 1
10
164.343639
20
93.914315
70
0
0
VERTEX
8
Layer 1
10
164.343639
20
95.302269
70
0
0
VERTEX
8
Layer 1
10
160.132242
20
95.302269
70
0
0
VERTEX
8
Layer 1
10
160.132242
20
94.836449
70
0
0
VERTEX
8
Layer 1
10
161.748353
20
94.836449
70
0
0
VERTEX
8
Layer 1
10
161.748353
20
93.800236
70
0
0
VERTEX
8
Layer 1
10
160.141748
20
93.049219
70
0
0
SEQEND
8
Layer 1
0
POLYLINE
8
Layer 1
62
7
70
0
10
0.000000
20
0.000000
66
1
0
VERTEX
8
Layer 1
10
164.362652
20
91.518667
70
0
0
VERTEX
8
Layer 1
10
164.362652
20
91.946461
70
0
0
VERTEX
8
Layer 1
10
162.974697
20
91.927448
70
0
0
VERTEX
8
Layer 1
10
162.974697
20
91.528173
70
0
0
VERTEX
8
Layer 1
10
164.362652
20
91.518667
70
0
0
SEQEND
8
Layer 1
0
POLYLINE
8
Layer 1
62
7
70
0
10
0.000000
20
0.000000
66
1
0
VERTEX
8
Layer 1
10
164.286600
20
88.457561
70
0
0
VERTEX
8
Layer 1
10
164.410185
20
89.579332
70
0
0
VERTEX
8
Layer 1
10
164.341114
20
90.134277
70
0
0
VERTEX
8
Layer 1
10
164.128553
20
90.539493
70
0
0
VERTEX
8
Layer 1
10
163.764483
20
90.787851
70
0
0
VERTEX
8
Layer 1
10
163.240880
20
90.872222
70
0
0
VERTEX
8
Layer 1
10
162.788577
20
90.794684
70
0
0
VERTEX
8
Layer 1
10
162.474415
20
90.565636
70
0
0
VERTEX
8
Layer 1
10
162.100095
20
89.674398
70
0
0
VERTEX
8
Layer 1
10
161.856490
20
89.032706
70
0
0
VERTEX
8
Layer 1
10
161.320559
20
88.818809
70
0
0
VERTEX
8
Layer 1
10
160.695504
20
89.010128
70
0
0
VERTEX
8
Layer 1
10
160.483984
20
89.607852
70
0
0
VERTEX
8
Layer 1
10
160.569542
20
90.786663
70
0
0
VERTEX
8
Layer 1
10
160.189281
20
90.815183
70
0
0
VERTEX
8
Layer 1
10
160.075202
20
89.607852
70
0
0
VERTEX
8
Layer 1
10
160.158236
20
89.045332
70
0
0
VERTEX
8
Layer 1
10
160.404366
20
88.651256
70
0
0
VERTEX
8
Layer 1
10
160.809137
20
88.419386
70
0
0
VERTEX
8
Layer 1
10
161.368092
20
88.343482
70
0
0
VERTEX
8
Layer 1
10
161.837923
20
88.414633
70
0
0
VERTEX
8
Layer 1
10
162.153570
20
88.627490
70
0
0
VERTEX
8
Layer 1
10
162.518383
20
89.474760
70
0
0
VERTEX
8
Layer 1
10
162.775060
20
90.169926
70
0
0
VERTEX
8
Layer 1
10
163.288413
20
90.387388
70
0
0
VERTEX
8
Layer 1
10
163.829097
20
90.179433
70
0
0
VERTEX
8
Layer 1
10
163.991897
20
89.550813
70
0
0
VERTEX
8
Layer 1
10
163.906338
20
88.476574
70
0
0
VERTEX
8
Layer 1
10
164.286600
20
88.457561
70
0
0
SEQEND
8
Layer 1
0
POLYLINE
8
Layer 1
62
7
70
0
10
0.000000
20
0.000000
66
1
0
VERTEX
8
Layer 1
10
157.651035
20
108.449814
70
0
0
VERTEX
8
Layer 1
10
157.651035
20
108.269190
70
0
0
VERTEX
8
Layer 1
10
155.340945
20
107.670278
70
0
0
VERTEX
8
Layer 1
10
155.340945
20
109.058233
70
0
0
VERTEX
8
Layer 1
10
157.651035
20
108.449814
70
0
0
SEQEND
8
Layer 1
0
POLYLINE
8
Layer 1
62
7
70
0
10
0.000000
20
0.000000
66
1
0
VERTEX
8
Layer 1
10
153.857925
20
109.913821
70
0
0
VERTEX
8
Layer 1
10
153.857925
20
109.448001
70
0
0
VERTEX
8
Layer 1
10
154.932164
20
109.153298
70
0
0
VERTEX
8
Layer 1
10
154.932164
20
107.575213
70
0
0
VERTEX
8
Layer 1
10
153.857925
20
107.280510
70
0
0
VERTEX
8
Layer 1
10
153.857925
20
106.814689
70
0
0
VERTEX
8
Layer 1
10
158.069322
20
107.898435
70
0
0
VERTEX
8
Layer 1
10
158.069322
20
108.820569
70
0
0
VERTEX
8
Layer 1
10
153.857925
20
109.913821
70
0
0
SEQEND
8
Layer 1
0
POLYLINE
8
Layer 1
62
7
70
0
10
0.000000
20
0.000000
66
1
0
VERTEX
8
Layer 1
10
158.002777
20
104.048286
70
0
0
VERTEX
8
Layer 1
10
158.126362
20
105.170058
70
0
0
VERTEX
8
Layer 1
10
158.057291
20
105.725002
70
0
0
VERTEX
8
Layer 1
10
157.844730
20
106.130218
70
0
0
VERTEX
8
Layer 1
10
157.480660
20
106.378577
70
0
0
VERTEX
8
Layer 1
10
156.957057
20
106.462947
70
0
0
VERTEX
8
Layer 1
10
156.504754
20
106.385410
70
0
0
VERTEX
8
Layer 1
10
156.190592
20
106.156361
70
0
0
VERTEX
8
Layer 1
10
155.816272
20
105.265123
70
0
0
VERTEX
8
Layer 1
10
155.572667
20
104.623432
70
0
0
VERTEX
8
Layer 1
10
155.036736
20
104.409535
70
0
0
VERTEX
8
Layer 1
10
154.411681
20
104.600854
70
0
0
VERTEX
8
Layer 1
10
154.200161
20
105.198578
70
0
0
VERTEX
8
Layer 1
10
154.285720
20
106.377389
70
0
0
VERTEX
8
Layer 1
10
153.905458
20
106.405908
70
0
0
VERTEX
8
Layer 1
10
153.791379
20
105.198578
70
0
0
VERTEX
8
Layer 1
10
153.874413
20
104.636058
70
0
0
VERTEX
8
Layer 1
10
154.120543
20
104.241982
70
0
0
VERTEX
8
Layer 1
10
154.525314
20
104.010112
70
0
0
VERTEX
8
Layer 1
10
155.084269
20
103.934208
70
0
0
VERTEX
8
Layer 1
10
155.554100
20
104.005358
70
0
0
VERTEX
8
Layer 1
10
155.869747
20
104.218216
70
0
0
VERTEX
8
Layer 1
10
156.234560
20
105.065486
70
0
0
VERTEX
8
Layer 1
10
156.491237
20
105.760652
70
0
0
VERTEX
8
Layer 1
10
157.004590
20
105.978114
70
0
0
VERTEX
8
Layer 1
10
157.545274
20
105.770158
70
0
0
VERTEX
8
Layer 1
10
157.708074
20
105.141538
70
0
0
VERTEX
8
Layer 1
10
157.622515
20
104.067299
70
0
0
VERTEX
8
Layer 1
10
158.002777
20
104.048286
70
0
0
SEQEND
8
Layer 1
0
POLYLINE
8
Layer 1
62
7
70
0
10
0.000000
20
0.000000
66
1
0
VERTEX
8
Layer 1
10
158.069322
20
103.706051
70
0
0
VERTEX
8
Layer 1
10
155.626142
20
102.479707
70
0
0
VERTEX
8
Layer 1
10
153.857925
20
102.479707
70
0
0
VERTEX
8
Layer 1
10
153.857925
20
102.032900
70
0
0
VERTEX
8
Layer 1
10
155.626142
20
102.032900
70
0
0
VERTEX
8
Layer 1
10
158.069322
20
100.816063
70
0
0
VERTEX
8
Layer 1
10
158.069322
20
101.310403
70
0
0
VERTEX
8
Layer 1
10
156.129988
20
102.261057
70
0
0
VERTEX
8
Layer 1
10
158.069322
20
103.202204
70
0
0
VERTEX
8
Layer 1
10
158.069322
20
103.706051
70
0
0
SEQEND
8
Layer 1
0
POLYLINE
8
Layer 1
62
7
70
0
10
0.000000
20
0.000000
66
1
0
VERTEX
8
Layer 1
10
154.266706
20
98.154231
70
0
0
VERTEX
8
Layer 1
10
154.266706
20
99.808369
70
0
0
VERTEX
8
Layer 1
10
158.069322
20
99.808369
70
0
0
VERTEX
8
Layer 1
10
158.069322
20
100.274190
70
0
0
VERTEX
8
Layer 1
10
153.857925
20
100.274190
70
0
0
VERTEX
8
Layer 1
10
153.857925
20
98.154231
70
0
0
VERTEX
8
Layer 1
10
154.266706
20
98.154231
70
0
0
SEQEND
8
Layer 1
0
POLYLINE
8
Layer 1
62
7
70
0
10
0.000000
20
0.000000
66
1
0
VERTEX
8
Layer 1
10
158.069322
20
97.251110
70
0
0
VERTEX
8
Layer 1
10
158.069322
20
97.716931
70
0
0
VERTEX
8
Layer 1
10
155.141308
20
97.716931
70
0
0
VERTEX
8
Layer 1
10
154.542842
20
97.634045
70
0
0
VERTEX
8
Layer 1
10
154.125297
20
97.381825
70
0
0
VERTEX
8
Layer 1
10
153.880652
20
96.954922
70
0
0
VERTEX
8
Layer 1
10
153.800886
20
96.347989
70
0
0
VERTEX
8
Layer 1
10
153.880652
20
95.735560
70
0
0
VERTEX
8
Layer 1
10
154.125297
20
95.305834
70
0
0
VERTEX
8
Layer 1
10
154.542842
20
95.052574
70
0
0
VERTEX
8
Layer 1
10
155.141308
20
94.969541
70
0
0
VERTEX
8
Layer 1
10
158.069322
20
94.969541
70
0
0
VERTEX
8
Layer 1
10
158.069322
20
95.435361
70
0
0
VERTEX
8
Layer 1
10
155.112788
20
95.435361
70
0
0
VERTEX
8
Layer 1
10
154.418811
20
95.651635
70
0
0
VERTEX
8
Layer 1
10
154.209667
20
96.338482
70
0
0
VERTEX
8
Layer 1
10
154.418811
20
97.021765
70
0
0
VERTEX
8
Layer 1
10
155.112788
20
97.241604
70
0
0
VERTEX
8
Layer 1
10
158.069322
20
97.241604
70
0
0
VERTEX
8
Layer 1
10
158.069322
20
97.251110
70
0
0
SEQEND
8
Layer 1
0
POLYLINE
8
Layer 1
62
7
70
0
10
0.000000
20
0.000000
66
1
0
VERTEX
8
Layer 1
10
158.069322
20
93.229844
70
0
0
VERTEX
8
Layer 1
10
158.069322
20
94.056913
70
0
0
VERTEX
8
Layer 1
10
153.857925
20
94.056913
70
0
0
VERTEX
8
Layer 1
10
153.857925
20
93.619612
70
0
0
VERTEX
8
Layer 1
10
157.651035
20
93.619612
70
0
0
VERTEX
8
Layer 1
10
157.651035
20
93.524546
70
0
0
VERTEX
8
Layer 1
10
154.010030
20
92.450307
70
0
0
VERTEX
8
Layer 1
10
154.010030
20
91.879915
70
0
0
VERTEX
8
Layer 1
10
157.651035
20
90.796169
70
0
0
VERTEX
8
Layer 1
10
157.651035
20
90.710611
70
0
0
VERTEX
8
Layer 1
10
153.857925
20
90.710611
70
0
0
VERTEX
8
Layer 1
10
153.857925
20
90.273310
70
0
0
VERTEX
8
Layer 1
10
158.069322
20
90.273310
70
0
0
VERTEX
8
Layer 1
10
158.069322
20
91.081366
70
0
0
VERTEX
8
Layer 1
10
154.456837
20
92.165111
70
0
0
VERTEX
8
Layer 1
10
158.069322
20
93.229844
70
0
0
SEQEND
8
Layer 1
0
POLYLINE
8
Layer 1
62
7
70
0
10
0.000000
20
0.000000
66
1
0
VERTEX
8
Layer 1
10
164.695381
20
87.326282
70
0
0
VERTEX
8
Layer 1
10
164.695381
20
87.145658
70
0
0
VERTEX
8
Layer 1
10
165.465411
20
87.145658
70
0
0
VERTEX
8
Layer 1
10
164.752420
20
86.927008
70
0
0
VERTEX
8
Layer 1
10
164.752420
20
86.784410
70
0
0
VERTEX
8
Layer 1
10
165.465411
20
86.556253
70
0
0
VERTEX
8
Layer 1
10
164.695381
20
86.556253
70
0
0
VERTEX
8
Layer 1
10
164.695381
20
86.375628
70
0
0
VERTEX
8
Layer 1
10
165.722087
20
86.375628
70
0
0
VERTEX
8
Layer 1
10
165.722087
20
86.622798
70
0
0
VERTEX
8
Layer 1
10
165.009097
20
86.860462
70
0
0
VERTEX
8
Layer 1
10
165.722087
20
87.088619
70
0
0
VERTEX
8
Layer 1
10
165.722087
20
87.335789
70
0
0
VERTEX
8
Layer 1
10
164.695381
20
87.326282
70
0
0
SEQEND
8
Layer 1
0
POLYLINE
8
Layer 1
62
7
70
0
10
0.000000
20
0.000000
66
1
0
VERTEX
8
Layer 1
10
165.550969
20
88.124832
70
0
0
VERTEX
8
Layer 1
10
165.550969
20
87.858649
70
0
0
VERTEX
8
Layer 1
10
164.704887
20
87.858649
70
0
0
VERTEX
8
Layer 1
10
164.704887
20
87.668518
70
0
0
VERTEX
8
Layer 1
10
165.550969
20
87.668518
70
0
0
VERTEX
8
Layer 1
10
165.550969
20
87.440361
70
0
0
VERTEX
8
Layer 1
10
165.722087
20
87.440361
70
0
0
VERTEX
8
Layer 1
10
165.722087
20
88.124832
70
0
0
VERTEX
8
Layer 1
10
165.550969
20
88.124832
70
0
0
SEQEND
8
Layer 1
0
POLYLINE
8
Layer 1
62
7
70
0
10
0.000000
20
0.000000
66
1
0
VERTEX
8
Layer 1
10
151.557343
20
112.461574
70
0
0
VERTEX
8
Layer 1
10
154.618448
20
114.400908
70
0
0
VERTEX
8
Layer 1
10
155.331439
20
114.286830
70
0
0
VERTEX
8
Layer 1
10
155.245880
20
114.800183
70
0
0
VERTEX
8
Layer 1
10
155.645155
20
115.056860
70
0
0
VERTEX
8
Layer 1
10
155.645155
20
115.028340
70
0
0
VERTEX
8
Layer 1
10
155.721207
20
114.904755
70
0
0
VERTEX
8
Layer 1
10
155.920844
20
114.248804
70
0
0
VERTEX
8
Layer 1
10
156.510250
20
114.229791
70
0
0
VERTEX
8
Layer 1
10
157.042616
20
114.248804
70
0
0
VERTEX
8
Layer 1
10
156.861992
20
114.752650
70
0
0
VERTEX
8
Layer 1
10
156.857239
20
114.900002
70
0
0
VERTEX
8
Layer 1
10
157.023603
20
115.047353
70
0
0
VERTEX
8
Layer 1
10
157.245818
20
115.009327
70
0
0
VERTEX
8
Layer 1
10
157.318306
20
114.914261
70
0
0
VERTEX
8
Layer 1
10
157.622515
20
114.305843
70
0
0
VERTEX
8
Layer 1
10
158.734780
20
114.495974
70
0
0
VERTEX
8
Layer 1
10
158.468597
20
114.961794
70
0
0
VERTEX
8
Layer 1
10
158.438889
20
115.104392
70
0
0
VERTEX
8
Layer 1
10
158.573169
20
115.275510
70
0
0
VERTEX
8
Layer 1
10
158.797761
20
115.271945
70
0
0
VERTEX
8
Layer 1
10
158.886885
20
115.189951
70
0
0
VERTEX
8
Layer 1
10
159.295666
20
114.638572
70
0
0
VERTEX
8
Layer 1
10
160.350892
20
115.018833
70
0
0
VERTEX
8
Layer 1
10
160.008657
20
115.437121
70
0
0
VERTEX
8
Layer 1
10
159.953994
20
115.571401
70
0
0
VERTEX
8
Layer 1
10
160.056189
20
115.769850
70
0
0
VERTEX
8
Layer 1
10
160.278405
20
115.805500
70
0
0
VERTEX
8
Layer 1
10
160.379412
20
115.741330
70
0
0
VERTEX
8
Layer 1
10
160.873752
20
115.266003
70
0
0
VERTEX
8
Layer 1
10
161.852925
20
115.826889
70
0
0
VERTEX
8
Layer 1
10
161.444144
20
116.178631
70
0
0
VERTEX
8
Layer 1
10
161.368092
20
116.302216
70
0
0
VERTEX
8
Layer 1
10
161.434638
20
116.511360
70
0
0
VERTEX
8
Layer 1
10
161.646158
20
116.586224
70
0
0
VERTEX
8
Layer 1
10
161.757860
20
116.539880
70
0
0
VERTEX
8
Layer 1
10
162.328252
20
116.159618
70
0
0
VERTEX
8
Layer 1
10
163.193348
20
116.872609
70
0
0
VERTEX
8
Layer 1
10
162.727527
20
117.148298
70
0
0
VERTEX
8
Layer 1
10
162.630085
20
117.256435
70
0
0
VERTEX
8
Layer 1
10
162.660981
20
117.471521
70
0
0
VERTEX
8
Layer 1
10
162.857054
20
117.582034
70
0
0
VERTEX
8
Layer 1
10
162.974697
20
117.557080
70
0
0
VERTEX
8
Layer 1
10
163.602129
20
117.281390
70
0
0
VERTEX
8
Layer 1
10
164.334132
20
118.136979
70
0
0
VERTEX
8
Layer 1
10
163.830286
20
118.327109
70
0
0
VERTEX
8
Layer 1
10
163.715019
20
118.419798
70
0
0
VERTEX
8
Layer 1
10
163.706701
20
118.640825
70
0
0
VERTEX
8
Layer 1
10
163.882572
20
118.782235
70
0
0
VERTEX
8
Layer 1
10
164.001403
20
118.773917
70
0
0
VERTEX
8
Layer 1
10
164.666861
20
118.612306
70
0
0
VERTEX
8
Layer 1
10
165.237254
20
119.581973
70
0
0
VERTEX
8
Layer 1
10
164.704887
20
119.677038
70
0
0
VERTEX
8
Layer 1
10
164.576549
20
119.748337
70
0
0
VERTEX
8
Layer 1
10
164.533770
20
119.962234
70
0
0
VERTEX
8
Layer 1
10
164.681121
20
120.130975
70
0
0
VERTEX
8
Layer 1
10
164.799953
20
120.142858
70
0
0
VERTEX
8
Layer 1
10
165.484424
20
120.095326
70
0
0
VERTEX
8
Layer 1
10
165.893205
20
121.207591
70
0
0
VERTEX
8
Layer 1
10
165.351332
20
121.207591
70
0
0
VERTEX
8
Layer 1
10
165.142188
20
121.207591
70
0
0
VERTEX
8
Layer 1
10
167.062509
20
122.443441
70
0
0
VERTEX
8
Layer 1
10
167.976920
20
123.291900
70
0
0
VERTEX
8
Layer 1
10
168.281723
20
124.225917
70
0
0
VERTEX
8
Layer 1
10
167.976920
20
125.159935
70
0
0
VERTEX
8
Layer 1
10
167.062509
20
126.008394
70
0
0
VERTEX
8
Layer 1
10
165.902711
20
126.749904
70
0
0
VERTEX
8
Layer 1
10
165.912218
20
126.816450
70
0
0
VERTEX
8
Layer 1
10
165.531956
20
127.871675
70
0
0
VERTEX
8
Layer 1
10
165.113669
20
127.519933
70
0
0
VERTEX
8
Layer 1
10
164.979389
20
127.465271
70
0
0
VERTEX
8
Layer 1
10
164.780940
20
127.567466
70
0
0
VERTEX
8
Layer 1
10
164.745290
20
127.789682
70
0
0
VERTEX
8
Layer 1
10
164.809459
20
127.890689
70
0
0
VERTEX
8
Layer 1
10
165.284786
20
128.385029
70
0
0
VERTEX
8
Layer 1
10
164.723900
20
129.364202
70
0
0
VERTEX
8
Layer 1
10
164.372158
20
128.955421
70
0
0
VERTEX
8
Layer 1
10
164.248573
20
128.879369
70
0
0
VERTEX
8
Layer 1
10
164.039430
20
128.945914
70
0
0
VERTEX
8
Layer 1
10
163.964566
20
129.157435
70
0
0
VERTEX
8
Layer 1
10
164.010910
20
129.269137
70
0
0
VERTEX
8
Layer 1
10
164.391172
20
129.839529
70
0
0
VERTEX
8
Layer 1
10
163.678181
20
130.704624
70
0
0
VERTEX
8
Layer 1
10
163.402491
20
130.238804
70
0
0
VERTEX
8
Layer 1
10
163.294354
20
130.141362
70
0
0
VERTEX
8
Layer 1
10
163.079269
20
130.172258
70
0
0
VERTEX
8
Layer 1
10
162.968755
20
130.368331
70
0
0
VERTEX
8
Layer 1
10
162.993710
20
130.485974
70
0
0
VERTEX
8
Layer 1
10
163.269400
20
131.113406
70
0
0
VERTEX
8
Layer 1
10
162.413811
20
131.845409
70
0
0
VERTEX
8
Layer 1
10
162.223680
20
131.341563
70
0
0
VERTEX
8
Layer 1
10
162.130992
20
131.226296
70
0
0
VERTEX
8
Layer 1
10
161.909965
20
131.217978
70
0
0
VERTEX
8
Layer 1
10
161.768555
20
131.393849
70
0
0
VERTEX
8
Layer 1
10
161.776873
20
131.512680
70
0
0
VERTEX
8
Layer 1
10
161.938484
20
132.178138
70
0
0
VERTEX
8
Layer 1
10
160.968817
20
132.748530
70
0
0
VERTEX
8
Layer 1
10
160.873752
20
132.216164
70
0
0
VERTEX
8
Layer 1
10
160.802453
20
132.087826
70
0
0
VERTEX
8
Layer 1
10
160.588556
20
132.045047
70
0
0
VERTEX
8
Layer 1
10
160.419814
20
132.192398
70
0
0
VERTEX
8
Layer 1
10
160.407931
20
132.311230
70
0
0
VERTEX
8
Layer 1
10
160.455464
20
132.995701
70
0
0
VERTEX
8
Layer 1
10
159.343199
20
133.404482
70
0
0
VERTEX
8
Layer 1
10
159.343199
20
132.862609
70
0
0
VERTEX
8
Layer 1
10
159.298043
20
132.724764
70
0
0
VERTEX
8
Layer 1
10
159.096029
20
132.643959
70
0
0
VERTEX
8
Layer 1
10
158.903521
20
132.758037
70
0
0
VERTEX
8
Layer 1
10
158.867872
20
132.872116
70
0
0
VERTEX
8
Layer 1
10
158.791819
20
133.556586
70
0
0
VERTEX
8
Layer 1
10
157.689061
20
133.756224
70
0
0
VERTEX
8
Layer 1
10
157.784126
20
133.223858
70
0
0
VERTEX
8
Layer 1
10
157.767490
20
133.089578
70
0
0
VERTEX
8
Layer 1
10
157.622515
20
132.976687
70
0
0
VERTEX
8
Layer 1
10
157.527450
20
132.130605
70
0
0
VERTEX
8
Layer 1
10
157.299293
20
132.273203
70
0
0
VERTEX
8
Layer 1
10
157.384852
20
133.033727
70
0
0
VERTEX
8
Layer 1
10
157.308799
20
133.157312
70
0
0
VERTEX
8
Layer 1
10
157.109162
20
133.813263
70
0
0
VERTEX
8
Layer 1
10
156.519756
20
133.832276
70
0
0
VERTEX
8
Layer 1
10
155.987390
20
133.813263
70
0
0
VERTEX
8
Layer 1
10
156.168014
20
133.309416
70
0
0
VERTEX
8
Layer 1
10
156.072949
20
133.052740
70
0
0
VERTEX
8
Layer 1
10
155.626142
20
133.337936
70
0
0
VERTEX
8
Layer 1
10
155.407491
20
133.775237
70
0
0
VERTEX
8
Layer 1
10
155.017723
20
133.718198
70
0
0
VERTEX
8
Layer 1
10
151.566849
20
135.904702
70
0
0
VERTEX
8
Layer 1
10
150.419083
20
136.359233
70
0
0
VERTEX
8
Layer 1
10
149.917000
20
136.354554
70
0
0
VERTEX
8
Layer 1
10
149.478975
20
136.204158
70
0
0
VERTEX
8
Layer 1
10
149.117151
20
135.914728
70
0
0
VERTEX
8
Layer 1
10
148.843671
20
135.492950
70
0
0
VERTEX
8
Layer 1
10
148.610315
20
134.279083
70
0
0
VERTEX
8
Layer 1
10
148.610315
20
129.411735
70
0
0
VERTEX
8
Layer 1
10
148.363145
20
129.468774
70
0
0
VERTEX
8
Layer 1
10
147.792753
20
128.499107
70
0
0
VERTEX
8
Layer 1
10
148.325119
20
128.404042
70
0
0
VERTEX
8
Layer 1
10
148.453457
20
128.336308
70
0
0
VERTEX
8
Layer 1
10
148.496237
20
128.118846
70
0
0
VERTEX
8
Layer 1
10
148.348885
20
127.950104
70
0
0
VERTEX
8
Layer 1
10
148.230054
20
127.938221
70
0
0
VERTEX
8
Layer 1
10
147.545583
20
127.985754
70
0
0
VERTEX
8
Layer 1
10
147.136801
20
126.873489
70
0
0
VERTEX
8
Layer 1
10
147.678674
20
126.873489
70
0
0
VERTEX
8
Layer 1
10
147.816519
20
126.828333
70
0
0
VERTEX
8
Layer 1
10
147.897325
20
126.626319
70
0
0
VERTEX
8
Layer 1
10
147.783246
20
126.433811
70
0
0
VERTEX
8
Layer 1
10
147.669168
20
126.398162
70
0
0
VERTEX
8
Layer 1
10
146.984697
20
126.322109
70
0
0
VERTEX
8
Layer 1
10
146.785059
20
125.219351
70
0
0
VERTEX
8
Layer 1
10
147.317426
20
125.314416
70
0
0
VERTEX
8
Layer 1
10
147.451706
20
125.297780
70
0
0
VERTEX
8
Layer 1
10
147.564596
20
125.152805
70
0
0
VERTEX
8
Layer 1
10
148.610315
20
125.038727
70
0
0
VERTEX
8
Layer 1
10
148.610315
20
124.801063
70
0
0
VERTEX
8
Layer 1
10
147.517063
20
124.924648
70
0
0
VERTEX
8
Layer 1
10
147.393478
20
124.848596
70
0
0
VERTEX
8
Layer 1
10
146.737527
20
124.658465
70
0
0
VERTEX
8
Layer 1
10
146.718514
20
124.069059
70
0
0
VERTEX
8
Layer 1
10
146.737527
20
123.536693
70
0
0
VERTEX
8
Layer 1
10
147.241373
20
123.717317
70
0
0
VERTEX
8
Layer 1
10
147.388725
20
123.722071
70
0
0
VERTEX
8
Layer 1
10
147.536076
20
123.555706
70
0
0
VERTEX
8
Layer 1
10
147.498050
20
123.333491
70
0
0
VERTEX
8
Layer 1
10
147.402985
20
123.261004
70
0
0
VERTEX
8
Layer 1
10
146.794566
20
122.956794
70
0
0
VERTEX
8
Layer 1
10
146.984697
20
121.844529
70
0
0
VERTEX
8
Layer 1
10
147.450517
20
122.110712
70
0
0
VERTEX
8
Layer 1
10
147.593115
20
122.140420
70
0
0
VERTEX
8
Layer 1
10
147.764233
20
122.006140
70
0
0
VERTEX
8
Layer 1
10
147.760668
20
121.781548
70
0
0
VERTEX
8
Layer 1
10
147.678674
20
121.692424
70
0
0
VERTEX
8
Layer 1
10
147.127295
20
121.283643
70
0
0
VERTEX
8
Layer 1
10
147.507557
20
120.228417
70
0
0
VERTEX
8
Layer 1
10
147.925844
20
120.570653
70
0
0
VERTEX
8
Layer 1
10
148.060124
20
120.625315
70
0
0
VERTEX
8
Layer 1
10
148.258573
20
120.523120
70
0
0
VERTEX
8
Layer 1
10
148.294223
20
120.300905
70
0
0
VERTEX
8
Layer 1
10
148.230054
20
120.199898
70
0
0
VERTEX
8
Layer 1
10
147.754727
20
119.705558
70
0
0
VERTEX
8
Layer 1
10
148.315612
20
118.726384
70
0
0
VERTEX
8
Layer 1
10
148.629328
20
119.097139
70
0
0
VERTEX
8
Layer 1
10
148.629328
20
114.125219
70
0
0
VERTEX
8
Layer 1
10
148.846196
20
112.889368
70
0
0
VERTEX
8
Layer 1
10
149.114607
20
112.460831
70
0
0
VERTEX
8
Layer 1
10
149.473034
20
112.166871
70
0
0
VERTEX
8
Layer 1
10
149.908998
20
112.013727
70
0
0
VERTEX
8
Layer 1
10
150.410022
20
112.007637
70
0
0
VERTEX
8
Layer 1
10
151.557343
20
112.461574
70
0
0
VERTEX
8
Layer 1
10
151.557343
20
112.461574
70
0
0
SEQEND
8
Layer 1
0
POLYLINE
8
Layer 1
62
7
70
0
10
0.000000
20
0.000000
66
1
0
VERTEX
8
Layer 1
10
149.713074
20
114.049166
70
0
0
VERTEX
8
Layer 1
10
149.713074
20
134.288590
70
0
0
VERTEX
8
Layer 1
10
149.813041
20
134.808776
70
0
0
VERTEX
8
Layer 1
10
150.085017
20
135.113282
70
0
0
VERTEX
8
Layer 1
10
150.487114
20
135.178937
70
0
0
VERTEX
8
Layer 1
10
150.977444
20
134.982567
70
0
0
VERTEX
8
Layer 1
10
166.568169
20
124.991194
70
0
0
VERTEX
8
Layer 1
10
166.958531
20
124.611526
70
0
0
VERTEX
8
Layer 1
10
167.088652
20
124.178385
70
0
0
VERTEX
8
Layer 1
10
166.958531
20
123.745243
70
0
0
VERTEX
8
Layer 1
10
166.568169
20
123.365576
70
0
0
VERTEX
8
Layer 1
10
150.986950
20
113.355189
70
0
0
VERTEX
8
Layer 1
10
150.491125
20
113.158819
70
0
0
VERTEX
8
Layer 1
10
150.086205
20
113.224474
70
0
0
VERTEX
8
Layer 1
10
149.813190
20
113.528980
70
0
0
VERTEX
8
Layer 1
10
149.713074
20
114.049166
70
0
0
VERTEX
8
Layer 1
10
149.713074
20
114.049166
70
0
0
SEQEND
8
Layer 1
0
POLYLINE
8
Layer 1
62
7
70
0
10
0.000000
20
0.000000
66
1
0
VERTEX
8
Layer 1
10
155.179334
20
124.696491
70
0
0
VERTEX
8
Layer 1
10
155.160321
20
124.715504
70
0
0
VERTEX
8
Layer 1
10
155.150815
20
124.725011
70
0
0
VERTEX
8
Layer 1
10
155.141308
20
124.734517
70
0
0
VERTEX
8
Layer 1
10
155.141308
20
124.744024
70
0
0
VERTEX
8
Layer 1
10
155.141308
20
124.744024
70
0
0
VERTEX
8
Layer 1
10
155.141308
20
124.744024
70
0
0
VERTEX
8
Layer 1
10
155.141308
20
124.744024
70
0
0
VERTEX
8
Layer 1
10
155.141308
20
124.744024
70
0
0
VERTEX
8
Layer 1
10
155.131802
20
124.753530
70
0
0
VERTEX
8
Layer 1
10
155.131802
20
124.763037
70
0
0
VERTEX
8
Layer 1
10
155.131802
20
124.763037
70
0
0
VERTEX
8
Layer 1
10
155.131802
20
124.763037
70
0
0
VERTEX
8
Layer 1
10
155.131802
20
124.763037
70
0
0
VERTEX
8
Layer 1
10
155.131802
20
124.763037
70
0
0
VERTEX
8
Layer 1
10
155.122295
20
124.772543
70
0
0
VERTEX
8
Layer 1
10
155.112788
20
124.782050
70
0
0
VERTEX
8
Layer 1
10
155.112788
20
124.782050
70
0
0
VERTEX
8
Layer 1
10
155.112788
20
124.782050
70
0
0
VERTEX
8
Layer 1
10
155.112788
20
124.782050
70
0
0
VERTEX
8
Layer 1
10
155.103282
20
124.801063
70
0
0
VERTEX
8
Layer 1
10
155.093775
20
124.820076
70
0
0
VERTEX
8
Layer 1
10
155.084269
20
124.829583
70
0
0
VERTEX
8
Layer 1
10
155.074762
20
124.839089
70
0
0
VERTEX
8
Layer 1
10
155.065256
20
124.858102
70
0
0
VERTEX
8
Layer 1
10
155.065256
20
124.858102
70
0
0
VERTEX
8
Layer 1
10
155.065256
20
124.858102
70
0
0
VERTEX
8
Layer 1
10
155.065256
20
124.858102
70
0
0
VERTEX
8
Layer 1
10
155.055749
20
124.867609
70
0
0
VERTEX
8
Layer 1
10
155.046243
20
124.886622
70
0
0
VERTEX
8
Layer 1
10
155.036736
20
124.905635
70
0
0
VERTEX
8
Layer 1
10
155.027230
20
124.915142
70
0
0
VERTEX
8
Layer 1
10
155.027230
20
124.924648
70
0
0
VERTEX
8
Layer 1
10
155.027230
20
124.934155
70
0
0
VERTEX
8
Layer 1
10
154.960684
20
125.143299
70
0
0
VERTEX
8
Layer 1
10
154.960684
20
125.162312
70
0
0
VERTEX
8
Layer 1
10
154.951177
20
125.181325
70
0
0
VERTEX
8
Layer 1
10
154.941671
20
125.190831
70
0
0
VERTEX
8
Layer 1
10
154.941671
20
125.200338
70
0
0
VERTEX
8
Layer 1
10
154.941671
20
125.209844
70
0
0
VERTEX
8
Layer 1
10
154.941671
20
125.219351
70
0
0
VERTEX
8
Layer 1
10
154.941671
20
125.228857
70
0
0
VERTEX
8
Layer 1
10
154.941671
20
125.228857
70
0
0
VERTEX
8
Layer 1
10
154.932164
20
125.228857
70
0
0
VERTEX
8
Layer 1
10
154.932164
20
125.228857
70
0
0
VERTEX
8
Layer 1
10
154.922658
20
125.228857
70
0
0
VERTEX
8
Layer 1
10
154.913151
20
125.238364
70
0
0
VERTEX
8
Layer 1
10
154.913151
20
125.238364
70
0
0
VERTEX
8
Layer 1
10
154.903645
20
125.238364
70
0
0
VERTEX
8
Layer 1
10
154.894138
20
125.238364
70
0
0
VERTEX
8
Layer 1
10
154.884632
20
125.238364
70
0
0
VERTEX
8
Layer 1
10
154.875125
20
125.238364
70
0
0
VERTEX
8
Layer 1
10
154.865618
20
125.238364
70
0
0
VERTEX
8
Layer 1
10
154.846605
20
125.238364
70
0
0
VERTEX
8
Layer 1
10
154.827592
20
125.228857
70
0
0
VERTEX
8
Layer 1
10
154.808579
20
125.219351
70
0
0
VERTEX
8
Layer 1
10
154.789566
20
125.209844
70
0
0
VERTEX
8
Layer 1
10
154.780060
20
125.200338
70
0
0
VERTEX
8
Layer 1
10
154.770553
20
125.190831
70
0
0
VERTEX
8
Layer 1
10
154.713514
20
125.133792
70
0
0
VERTEX
8
Layer 1
10
154.656475
20
125.076753
70
0
0
VERTEX
8
Layer 1
10
154.599435
20
125.019713
70
0
0
VERTEX
8
Layer 1
10
154.542396
20
124.962674
70
0
0
VERTEX
8
Layer 1
10
154.485357
20
124.905635
70
0
0
VERTEX
8
Layer 1
10
154.456837
20
124.877115
70
0
0
VERTEX
8
Layer 1
10
154.428318
20
124.848596
70
0
0
VERTEX
8
Layer 1
10
154.371278
20
124.782050
70
0
0
VERTEX
8
Layer 1
10
154.314239
20
124.715504
70
0
0
VERTEX
8
Layer 1
10
154.342759
20
124.629945
70
0
0
VERTEX
8
Layer 1
10
154.390291
20
124.601426
70
0
0
VERTEX
8
Layer 1
10
154.437824
20
124.572906
70
0
0
VERTEX
8
Layer 1
10
154.475850
20
124.544386
70
0
0
VERTEX
8
Layer 1
10
154.513876
20
124.515867
70
0
0
VERTEX
8
Layer 1
10
154.542396
20
124.496854
70
0
0
VERTEX
8
Layer 1
10
154.561409
20
124.477841
70
0
0
VERTEX
8
Layer 1
10
154.580422
20
124.458828
70
0
0
VERTEX
8
Layer 1
10
154.599435
20
124.439815
70
0
0
VERTEX
8
Layer 1
10
154.694501
20
124.335243
70
0
0
VERTEX
8
Layer 1
10
154.723020
20
124.297216
70
0
0
VERTEX
8
Layer 1
10
154.770553
20
124.240177
70
0
0
VERTEX
8
Layer 1
10
154.808579
20
124.240177
70
0
0
VERTEX
8
Layer 1
10
155.179334
20
124.696491
70
0
0
VERTEX
8
Layer 1
10
155.179334
20
124.696491
70
0
0
SEQEND
8
Layer 1
0
POLYLINE
8
Layer 1
62
7
70
0
10
0.000000
20
0.000000
66
1
0
VERTEX
8
Layer 1
10
156.681368
20
122.262817
70
0
0
VERTEX
8
Layer 1
10
156.757420
20
122.177258
70
0
0
VERTEX
8
Layer 1
10
156.833472
20
122.091699
70
0
0
VERTEX
8
Layer 1
10
156.909525
20
122.006140
70
0
0
VERTEX
8
Layer 1
10
156.938044
20
121.968114
70
0
0
VERTEX
8
Layer 1
10
157.270773
20
122.243804
70
0
0
VERTEX
8
Layer 1
10
157.261267
20
122.262817
70
0
0
VERTEX
8
Layer 1
10
157.242253
20
122.281830
70
0
0
VERTEX
8
Layer 1
10
157.166201
20
122.376895
70
0
0
VERTEX
8
Layer 1
10
157.090149
20
122.471961
70
0
0
VERTEX
8
Layer 1
10
157.014096
20
122.567026
70
0
0
VERTEX
8
Layer 1
10
156.976070
20
122.614559
70
0
0
VERTEX
8
Layer 1
10
156.938044
20
122.662092
70
0
0
VERTEX
8
Layer 1
10
156.900018
20
122.709624
70
0
0
VERTEX
8
Layer 1
10
156.861992
20
122.757157
70
0
0
VERTEX
8
Layer 1
10
156.823966
20
122.804690
70
0
0
VERTEX
8
Layer 1
10
156.804953
20
122.823703
70
0
0
VERTEX
8
Layer 1
10
156.795446
20
122.833209
70
0
0
VERTEX
8
Layer 1
10
156.785940
20
122.842716
70
0
0
VERTEX
8
Layer 1
10
156.719394
20
122.928275
70
0
0
VERTEX
8
Layer 1
10
156.396171
20
123.346562
70
0
0
VERTEX
8
Layer 1
10
156.339132
20
123.422615
70
0
0
VERTEX
8
Layer 1
10
156.301106
20
123.470147
70
0
0
VERTEX
8
Layer 1
10
156.263080
20
123.517680
70
0
0
VERTEX
8
Layer 1
10
156.234560
20
123.546200
70
0
0
VERTEX
8
Layer 1
10
156.187028
20
123.603239
70
0
0
VERTEX
8
Layer 1
10
156.139495
20
123.660278
70
0
0
VERTEX
8
Layer 1
10
156.129988
20
123.679291
70
0
0
VERTEX
8
Layer 1
10
156.120482
20
123.698304
70
0
0
VERTEX
8
Layer 1
10
156.082456
20
123.745837
70
0
0
VERTEX
8
Layer 1
10
156.044429
20
123.793370
70
0
0
VERTEX
8
Layer 1
10
156.006403
20
123.831396
70
0
0
VERTEX
8
Layer 1
10
155.958871
20
123.878929
70
0
0
VERTEX
8
Layer 1
10
155.911338
20
123.926461
70
0
0
VERTEX
8
Layer 1
10
155.873312
20
123.964488
70
0
0
VERTEX
8
Layer 1
10
155.844792
20
124.002514
70
0
0
VERTEX
8
Layer 1
10
155.835286
20
124.021527
70
0
0
VERTEX
8
Layer 1
10
155.550089
20
123.631759
70
0
0
VERTEX
8
Layer 1
10
155.550089
20
123.603239
70
0
0
VERTEX
8
Layer 1
10
155.540583
20
123.441628
70
0
0
VERTEX
8
Layer 1
10
155.597622
20
123.384589
70
0
0
VERTEX
8
Layer 1
10
155.626142
20
123.346562
70
0
0
VERTEX
8
Layer 1
10
155.692687
20
123.270510
70
0
0
VERTEX
8
Layer 1
10
155.721207
20
123.241990
70
0
0
VERTEX
8
Layer 1
10
155.797259
20
123.165938
70
0
0
VERTEX
8
Layer 1
10
155.825779
20
123.137419
70
0
0
VERTEX
8
Layer 1
10
155.863805
20
123.089886
70
0
0
VERTEX
8
Layer 1
10
155.901831
20
123.051860
70
0
0
VERTEX
8
Layer 1
10
155.968377
20
122.975807
70
0
0
VERTEX
8
Layer 1
10
156.034923
20
122.899755
70
0
0
VERTEX
8
Layer 1
10
156.101469
20
122.823703
70
0
0
VERTEX
8
Layer 1
10
156.168014
20
122.757157
70
0
0
VERTEX
8
Layer 1
10
156.367652
20
122.595546
70
0
0
VERTEX
8
Layer 1
10
156.443704
20
122.519493
70
0
0
VERTEX
8
Layer 1
10
156.519756
20
122.443441
70
0
0
VERTEX
8
Layer 1
10
156.595809
20
122.367389
70
0
0
VERTEX
8
Layer 1
10
156.681368
20
122.262817
70
0
0
SEQEND
8
Layer 1
0
POLYLINE
8
Layer 1
62
7
70
0
10
0.000000
20
0.000000
66
1
0
VERTEX
8
Layer 1
10
152.850232
20
121.064993
70
0
0
VERTEX
8
Layer 1
10
156.995083
20
121.064993
70
0
0
VERTEX
8
Layer 1
10
157.269585
20
120.802375
70
0
0
VERTEX
8
Layer 1
10
157.651035
20
120.703744
70
0
0
VERTEX
8
Layer 1
10
157.850672
20
120.732264
70
0
0
VERTEX
8
Layer 1
10
157.822152
20
120.760784
70
0
0
VERTEX
8
Layer 1
10
157.746100
20
120.855849
70
0
0
VERTEX
8
Layer 1
10
157.670048
20
120.950914
70
0
0
VERTEX
8
Layer 1
10
157.593995
20
121.045980
70
0
0
VERTEX
8
Layer 1
10
157.555969
20
121.093512
70
0
0
VERTEX
8
Layer 1
10
157.489424
20
121.093512
70
0
0
VERTEX
8
Layer 1
10
157.280280
20
121.302656
70
0
0
VERTEX
8
Layer 1
10
157.280280
20
121.407228
70
0
0
VERTEX
8
Layer 1
10
157.280280
20
121.597359
70
0
0
VERTEX
8
Layer 1
10
157.280280
20
121.616372
70
0
0
VERTEX
8
Layer 1
10
157.489424
20
121.854036
70
0
0
VERTEX
8
Layer 1
10
157.632022
20
121.854036
70
0
0
VERTEX
8
Layer 1
10
157.803139
20
121.854036
70
0
0
VERTEX
8
Layer 1
10
157.812646
20
121.854036
70
0
0
VERTEX
8
Layer 1
10
158.059816
20
121.616372
70
0
0
VERTEX
8
Layer 1
10
158.059816
20
121.568839
70
0
0
VERTEX
8
Layer 1
10
158.145375
20
121.473774
70
0
0
VERTEX
8
Layer 1
10
158.183401
20
121.426241
70
0
0
VERTEX
8
Layer 1
10
158.221427
20
121.378709
70
0
0
VERTEX
8
Layer 1
10
158.240440
20
121.359696
70
0
0
VERTEX
8
Layer 1
10
158.259453
20
121.340682
70
0
0
VERTEX
8
Layer 1
10
158.297479
20
121.293150
70
0
0
VERTEX
8
Layer 1
10
158.345012
20
121.245617
70
0
0
VERTEX
8
Layer 1
10
158.383038
20
121.207591
70
0
0
VERTEX
8
Layer 1
10
158.421064
20
121.454761
70
0
0
VERTEX
8
Layer 1
10
158.196472
20
122.000199
70
0
0
VERTEX
8
Layer 1
10
157.651035
20
122.224791
70
0
0
VERTEX
8
Layer 1
10
157.337319
20
122.158245
70
0
0
VERTEX
8
Layer 1
10
157.004590
20
121.882555
70
0
0
VERTEX
8
Layer 1
10
156.976070
20
121.835023
70
0
0
VERTEX
8
Layer 1
10
152.850232
20
121.835023
70
0
0
VERTEX
8
Layer 1
10
152.511561
20
122.236674
70
0
0
VERTEX
8
Layer 1
10
151.994643
20
122.395908
70
0
0
VERTEX
8
Layer 1
10
151.582297
20
122.302031
70
0
0
VERTEX
8
Layer 1
10
151.262640
20
122.044166
70
0
0
VERTEX
8
Layer 1
10
151.262640
20
121.958608
70
0
0
VERTEX
8
Layer 1
10
151.852045
20
121.958608
70
0
0
VERTEX
8
Layer 1
10
152.251320
20
121.454761
70
0
0
VERTEX
8
Layer 1
10
151.852045
20
120.941408
70
0
0
VERTEX
8
Layer 1
10
151.262640
20
120.941408
70
0
0
VERTEX
8
Layer 1
10
151.262640
20
120.865355
70
0
0
VERTEX
8
Layer 1
10
151.262640
20
120.855849
70
0
0
VERTEX
8
Layer 1
10
151.582297
20
120.597984
70
0
0
VERTEX
8
Layer 1
10
151.994643
20
120.504107
70
0
0
VERTEX
8
Layer 1
10
152.511561
20
120.666906
70
0
0
VERTEX
8
Layer 1
10
152.850232
20
121.064993
70
0
0
VERTEX
8
Layer 1
10
152.850232
20
121.064993
70
0
0
SEQEND
8
Layer 1
0
POLYLINE
8
Layer 1
62
7
70
0
10
0.000000
20
0.000000
66
1
0
VERTEX
8
Layer 1
10
152.983324
20
121.378709
70
0
0
VERTEX
8
Layer 1
10
152.935791
20
121.388215
70
0
0
VERTEX
8
Layer 1
10
152.888258
20
121.473774
70
0
0
VERTEX
8
Layer 1
10
152.935791
20
121.559333
70
0
0
VERTEX
8
Layer 1
10
152.983324
20
121.568839
70
0
0
VERTEX
8
Layer 1
10
156.519756
20
121.568839
70
0
0
VERTEX
8
Layer 1
10
156.614822
20
121.473774
70
0
0
VERTEX
8
Layer 1
10
156.519756
20
121.378709
70
0
0
VERTEX
8
Layer 1
10
152.983324
20
121.378709
70
0
0
SEQEND
8
Layer 1
0
POLYLINE
8
Layer 1
62
7
70
0
10
0.000000
20
0.000000
66
1
0
VERTEX
8
Layer 1
10
158.278466
20
127.025593
70
0
0
VERTEX
8
Layer 1
10
158.487610
20
127.225231
70
0
0
VERTEX
8
Layer 1
10
158.724085
20
127.264445
70
0
0
VERTEX
8
Layer 1
10
159.010470
20
127.424868
70
0
0
VERTEX
8
Layer 1
10
159.200601
20
127.843156
70
0
0
VERTEX
8
Layer 1
10
159.200601
20
127.881182
70
0
0
VERTEX
8
Layer 1
10
159.181588
20
128.052300
70
0
0
VERTEX
8
Layer 1
10
159.153068
20
128.137859
70
0
0
VERTEX
8
Layer 1
10
159.134055
20
128.166378
70
0
0
VERTEX
8
Layer 1
10
158.829846
20
127.833649
70
0
0
VERTEX
8
Layer 1
10
158.620702
20
127.843156
70
0
0
VERTEX
8
Layer 1
10
158.525636
20
127.909702
70
0
0
VERTEX
8
Layer 1
10
158.468597
20
127.985754
70
0
0
VERTEX
8
Layer 1
10
158.440077
20
128.052300
70
0
0
VERTEX
8
Layer 1
10
158.715767
20
128.366016
70
0
0
VERTEX
8
Layer 1
10
158.706261
20
128.518120
70
0
0
VERTEX
8
Layer 1
10
158.520883
20
128.518120
70
0
0
VERTEX
8
Layer 1
10
158.135868
20
128.289963
70
0
0
VERTEX
8
Layer 1
10
158.021790
20
127.947728
70
0
0
VERTEX
8
Layer 1
10
158.040803
20
127.719571
70
0
0
VERTEX
8
Layer 1
10
158.040803
20
127.710064
70
0
0
VERTEX
8
Layer 1
10
157.470410
20
127.016087
70
0
0
VERTEX
8
Layer 1
10
158.278466
20
127.016087
70
0
0
VERTEX
8
Layer 1
10
158.278466
20
127.025593
70
0
0
SEQEND
8
Layer 1
0
POLYLINE
8
Layer 1
62
7
70
0
10
0.000000
20
0.000000
66
1
0
VERTEX
8
Layer 1
10
155.188841
20
123.061366
70
0
0
VERTEX
8
Layer 1
10
155.354017
20
123.395283
70
0
0
VERTEX
8
Layer 1
10
155.369465
20
123.650772
70
0
0
VERTEX
8
Layer 1
10
157.755607
20
126.455201
70
0
0
VERTEX
8
Layer 1
10
156.995083
20
126.455201
70
0
0
VERTEX
8
Layer 1
10
154.903645
20
124.097579
70
0
0
VERTEX
8
Layer 1
10
154.646968
20
124.057176
70
0
0
VERTEX
8
Layer 1
10
154.304733
20
123.888435
70
0
0
VERTEX
8
Layer 1
10
154.133615
20
123.536693
70
0
0
VERTEX
8
Layer 1
10
154.152628
20
123.422615
70
0
0
VERTEX
8
Layer 1
10
154.209667
20
123.232484
70
0
0
VERTEX
8
Layer 1
10
154.513876
20
123.546200
70
0
0
VERTEX
8
Layer 1
10
154.513876
20
123.546200
70
0
0
VERTEX
8
Layer 1
10
154.513876
20
123.546200
70
0
0
VERTEX
8
Layer 1
10
154.682618
20
123.510550
70
0
0
VERTEX
8
Layer 1
10
154.894138
20
123.289523
70
0
0
VERTEX
8
Layer 1
10
154.894138
20
123.289523
70
0
0
VERTEX
8
Layer 1
10
154.599435
20
122.966301
70
0
0
VERTEX
8
Layer 1
10
154.608942
20
122.852222
70
0
0
VERTEX
8
Layer 1
10
154.795508
20
122.853411
70
0
0
VERTEX
8
Layer 1
10
155.188841
20
123.061366
70
0
0
VERTEX
8
Layer 1
10
155.188841
20
123.061366
70
0
0
SEQEND
8
Layer 1
0
POLYLINE
8
Layer 1
62
7
70
0
10
0.000000
20
0.000000
66
1
0
VERTEX
8
Layer 1
10
158.097842
20
119.658025
70
0
0
VERTEX
8
Layer 1
10
158.135868
20
119.677038
70
0
0
VERTEX
8
Layer 1
10
158.183401
20
119.696051
70
0
0
VERTEX
8
Layer 1
10
158.259453
20
119.734077
70
0
0
VERTEX
8
Layer 1
10
158.345012
20
119.772103
70
0
0
VERTEX
8
Layer 1
10
158.421064
20
119.810130
70
0
0
VERTEX
8
Layer 1
10
158.506623
20
119.848156
70
0
0
VERTEX
8
Layer 1
10
158.544649
20
119.867169
70
0
0
VERTEX
8
Layer 1
10
158.592182
20
119.895688
70
0
0
VERTEX
8
Layer 1
10
158.668234
20
119.933715
70
0
0
VERTEX
8
Layer 1
10
158.753793
20
119.981247
70
0
0
VERTEX
8
Layer 1
10
158.791819
20
120.009767
70
0
0
VERTEX
8
Layer 1
10
158.839352
20
120.028780
70
0
0
VERTEX
8
Layer 1
10
158.877378
20
120.057300
70
0
0
VERTEX
8
Layer 1
10
158.905898
20
120.085819
70
0
0
VERTEX
8
Layer 1
10
158.943924
20
120.104832
70
0
0
VERTEX
8
Layer 1
10
158.981950
20
120.133352
70
0
0
VERTEX
8
Layer 1
10
159.010470
20
120.161872
70
0
0
VERTEX
8
Layer 1
10
159.038990
20
120.190391
70
0
0
VERTEX
8
Layer 1
10
159.067509
20
120.218911
70
0
0
VERTEX
8
Layer 1
10
159.086522
20
120.247430
70
0
0
VERTEX
8
Layer 1
10
159.105535
20
120.266443
70
0
0
VERTEX
8
Layer 1
10
159.134055
20
120.304470
70
0
0
VERTEX
8
Layer 1
10
159.153068
20
120.332989
70
0
0
VERTEX
8
Layer 1
10
159.162575
20
120.361509
70
0
0
VERTEX
8
Layer 1
10
159.181588
20
120.390028
70
0
0
VERTEX
8
Layer 1
10
159.191094
20
120.418548
70
0
0
VERTEX
8
Layer 1
10
159.191094
20
120.428055
70
0
0
VERTEX
8
Layer 1
10
159.181588
20
120.437561
70
0
0
VERTEX
8
Layer 1
10
159.181588
20
120.456574
70
0
0
VERTEX
8
Layer 1
10
159.181588
20
120.466081
70
0
0
VERTEX
8
Layer 1
10
159.181588
20
120.475587
70
0
0
VERTEX
8
Layer 1
10
159.181588
20
120.485094
70
0
0
VERTEX
8
Layer 1
10
159.181588
20
120.504107
70
0
0
VERTEX
8
Layer 1
10
159.181588
20
120.504107
70
0
0
VERTEX
8
Layer 1
10
159.181588
20
120.513614
70
0
0
VERTEX
8
Layer 1
10
159.181588
20
120.513614
70
0
0
VERTEX
8
Layer 1
10
159.181588
20
120.523120
70
0
0
VERTEX
8
Layer 1
10
159.191094
20
120.532627
70
0
0
VERTEX
8
Layer 1
10
159.191094
20
120.542133
70
0
0
VERTEX
8
Layer 1
10
159.191094
20
120.551640
70
0
0
VERTEX
8
Layer 1
10
159.200601
20
120.551640
70
0
0
VERTEX
8
Layer 1
10
159.200601
20
120.561146
70
0
0
VERTEX
8
Layer 1
10
159.210107
20
120.570653
70
0
0
VERTEX
8
Layer 1
10
159.219614
20
120.580159
70
0
0
VERTEX
8
Layer 1
10
159.219614
20
120.589666
70
0
0
VERTEX
8
Layer 1
10
159.229120
20
120.599172
70
0
0
VERTEX
8
Layer 1
10
159.229120
20
120.599172
70
0
0
VERTEX
8
Layer 1
10
159.248133
20
120.608679
70
0
0
VERTEX
8
Layer 1
10
159.257640
20
120.618185
70
0
0
VERTEX
8
Layer 1
10
159.257640
20
120.627692
70
0
0
VERTEX
8
Layer 1
10
159.267146
20
120.627692
70
0
0
VERTEX
8
Layer 1
10
159.276653
20
120.637199
70
0
0
VERTEX
8
Layer 1
10
159.295666
20
120.646705
70
0
0
VERTEX
8
Layer 1
10
159.295666
20
120.646705
70
0
0
VERTEX
8
Layer 1
10
159.305173
20
120.656212
70
0
0
VERTEX
8
Layer 1
10
159.305173
20
120.656212
70
0
0
VERTEX
8
Layer 1
10
159.324186
20
120.665718
70
0
0
VERTEX
8
Layer 1
10
159.333692
20
120.665718
70
0
0
VERTEX
8
Layer 1
10
159.352705
20
120.675225
70
0
0
VERTEX
8
Layer 1
10
159.371718
20
120.684731
70
0
0
VERTEX
8
Layer 1
10
159.390732
20
120.694238
70
0
0
VERTEX
8
Layer 1
10
159.400238
20
120.694238
70
0
0
VERTEX
8
Layer 1
10
159.409745
20
120.694238
70
0
0
VERTEX
8
Layer 1
10
159.428758
20
120.703744
70
0
0
VERTEX
8
Layer 1
10
159.447771
20
120.713251
70
0
0
VERTEX
8
Layer 1
10
159.476290
20
120.713251
70
0
0
VERTEX
8
Layer 1
10
159.495303
20
120.722757
70
0
0
VERTEX
8
Layer 1
10
159.723460
20
120.941408
70
0
0
VERTEX
8
Layer 1
10
159.713954
20
120.960421
70
0
0
VERTEX
8
Layer 1
10
159.704447
20
120.988941
70
0
0
VERTEX
8
Layer 1
10
159.694941
20
121.007954
70
0
0
VERTEX
8
Layer 1
10
159.694941
20
121.036473
70
0
0
VERTEX
8
Layer 1
10
159.685434
20
121.055486
70
0
0
VERTEX
8
Layer 1
10
159.675928
20
121.074499
70
0
0
VERTEX
8
Layer 1
10
159.666421
20
121.093512
70
0
0
VERTEX
8
Layer 1
10
159.656915
20
121.112526
70
0
0
VERTEX
8
Layer 1
10
159.647408
20
121.131539
70
0
0
VERTEX
8
Layer 1
10
159.637902
20
121.150552
70
0
0
VERTEX
8
Layer 1
10
159.628395
20
121.160058
70
0
0
VERTEX
8
Layer 1
10
159.618888
20
121.179071
70
0
0
VERTEX
8
Layer 1
10
159.609382
20
121.188578
70
0
0
VERTEX
8
Layer 1
10
159.590369
20
121.198084
70
0
0
VERTEX
8
Layer 1
10
159.580862
20
121.217097
70
0
0
VERTEX
8
Layer 1
10
159.571356
20
121.226604
70
0
0
VERTEX
8
Layer 1
10
159.552343
20
121.236111
70
0
0
VERTEX
8
Layer 1
10
159.533330
20
121.245617
70
0
0
VERTEX
8
Layer 1
10
159.523823
20
121.255124
70
0
0
VERTEX
8
Layer 1
10
159.504810
20
121.264630
70
0
0
VERTEX
8
Layer 1
10
159.485797
20
121.274137
70
0
0
VERTEX
8
Layer 1
10
159.466784
20
121.274137
70
0
0
VERTEX
8
Layer 1
10
159.447771
20
121.283643
70
0
0
VERTEX
8
Layer 1
10
159.419251
20
121.283643
70
0
0
VERTEX
8
Layer 1
10
159.172081
20
121.103019
70
0
0
VERTEX
8
Layer 1
10
159.162575
20
121.084006
70
0
0
VERTEX
8
Layer 1
10
159.162575
20
121.055486
70
0
0
VERTEX
8
Layer 1
10
159.153068
20
121.036473
70
0
0
VERTEX
8
Layer 1
10
159.153068
20
121.017460
70
0
0
VERTEX
8
Layer 1
10
159.134055
20
120.979434
70
0
0
VERTEX
8
Layer 1
10
159.115042
20
120.941408
70
0
0
VERTEX
8
Layer 1
10
159.096029
20
120.903382
70
0
0
VERTEX
8
Layer 1
10
159.077016
20
120.874862
70
0
0
VERTEX
8
Layer 1
10
159.058003
20
120.865355
70
0
0
VERTEX
8
Layer 1
10
159.048496
20
120.855849
70
0
0
VERTEX
8
Layer 1
10
159.029483
20
120.836836
70
0
0
VERTEX
8
Layer 1
10
159.019976
20
120.827329
70
0
0
VERTEX
8
Layer 1
10
159.000963
20
120.817823
70
0
0
VERTEX
8
Layer 1
10
158.981950
20
120.808316
70
0
0
VERTEX
8
Layer 1
10
158.962937
20
120.808316
70
0
0
VERTEX
8
Layer 1
10
158.943924
20
120.798810
70
0
0
VERTEX
8
Layer 1
10
158.934418
20
120.789303
70
0
0
VERTEX
8
Layer 1
10
158.905898
20
120.789303
70
0
0
VERTEX
8
Layer 1
10
158.886885
20
120.779797
70
0
0
VERTEX
8
Layer 1
10
158.867872
20
120.779797
70
0
0
VERTEX
8
Layer 1
10
158.848859
20
120.770290
70
0
0
VERTEX
8
Layer 1
10
158.820339
20
120.770290
70
0
0
VERTEX
8
Layer 1
10
158.801326
20
120.770290
70
0
0
VERTEX
8
Layer 1
10
158.772806
20
120.770290
70
0
0
VERTEX
8
Layer 1
10
158.725274
20
120.770290
70
0
0
VERTEX
8
Layer 1
10
158.668234
20
120.779797
70
0
0
VERTEX
8
Layer 1
10
158.658728
20
120.798810
70
0
0
VERTEX
8
Layer 1
10
158.649221
20
120.808316
70
0
0
VERTEX
8
Layer 1
10
158.630208
20
120.836836
70
0
0
VERTEX
8
Layer 1
10
158.611195
20
120.846342
70
0
0
VERTEX
8
Layer 1
10
158.601689
20
120.865355
70
0
0
VERTEX
8
Layer 1
10
158.582676
20
120.884369
70
0
0
VERTEX
8
Layer 1
10
158.573169
20
120.893875
70
0
0
VERTEX
8
Layer 1
10
158.563663
20
120.903382
70
0
0
VERTEX
8
Layer 1
10
158.544649
20
120.903382
70
0
0
VERTEX
8
Layer 1
10
158.535143
20
120.912888
70
0
0
VERTEX
8
Layer 1
10
158.516130
20
120.922395
70
0
0
VERTEX
8
Layer 1
10
158.497117
20
120.922395
70
0
0
VERTEX
8
Layer 1
10
158.487610
20
120.931901
70
0
0
VERTEX
8
Layer 1
10
158.392545
20
121.017460
70
0
0
VERTEX
8
Layer 1
10
158.373532
20
121.045980
70
0
0
VERTEX
8
Layer 1
10
158.364025
20
121.055486
70
0
0
VERTEX
8
Layer 1
10
158.345012
20
121.064993
70
0
0
VERTEX
8
Layer 1
10
158.297479
20
121.112526
70
0
0
VERTEX
8
Layer 1
10
158.259453
20
121.160058
70
0
0
VERTEX
8
Layer 1
10
158.211921
20
121.207591
70
0
0
VERTEX
8
Layer 1
10
158.164388
20
121.255124
70
0
0
VERTEX
8
Layer 1
10
158.145375
20
121.274137
70
0
0
VERTEX
8
Layer 1
10
158.116855
20
121.302656
70
0
0
VERTEX
8
Layer 1
10
158.078829
20
121.340682
70
0
0
VERTEX
8
Layer 1
10
158.031296
20
121.388215
70
0
0
VERTEX
8
Layer 1
10
157.765113
20
121.692424
70
0
0
VERTEX
8
Layer 1
10
157.622515
20
121.692424
70
0
0
VERTEX
8
Layer 1
10
157.413371
20
121.454761
70
0
0
VERTEX
8
Layer 1
10
157.413371
20
121.445254
70
0
0
VERTEX
8
Layer 1
10
157.689061
20
121.122032
70
0
0
VERTEX
8
Layer 1
10
157.765113
20
121.026967
70
0
0
VERTEX
8
Layer 1
10
157.841165
20
120.931901
70
0
0
VERTEX
8
Layer 1
10
157.926724
20
120.836836
70
0
0
VERTEX
8
Layer 1
10
158.002777
20
120.732264
70
0
0
VERTEX
8
Layer 1
10
158.088336
20
120.627692
70
0
0
VERTEX
8
Layer 1
10
158.088336
20
120.618185
70
0
0
VERTEX
8
Layer 1
10
158.088336
20
120.618185
70
0
0
VERTEX
8
Layer 1
10
158.088336
20
120.618185
70
0
0
VERTEX
8
Layer 1
10
158.088336
20
120.599172
70
0
0
VERTEX
8
Layer 1
10
158.088336
20
120.589666
70
0
0
VERTEX
8
Layer 1
10
158.088336
20
120.580159
70
0
0
VERTEX
8
Layer 1
10
158.088336
20
120.561146
70
0
0
VERTEX
8
Layer 1
10
158.097842
20
120.532627
70
0
0
VERTEX
8
Layer 1
10
158.097842
20
120.513614
70
0
0
VERTEX
8
Layer 1
10
158.107349
20
120.494600
70
0
0
VERTEX
8
Layer 1
10
158.107349
20
120.475587
70
0
0
VERTEX
8
Layer 1
10
158.116855
20
120.466081
70
0
0
VERTEX
8
Layer 1
10
158.116855
20
120.466081
70
0
0
VERTEX
8
Layer 1
10
158.116855
20
120.456574
70
0
0
VERTEX
8
Layer 1
10
158.126362
20
120.447068
70
0
0
VERTEX
8
Layer 1
10
158.135868
20
120.418548
70
0
0
VERTEX
8
Layer 1
10
158.145375
20
120.390028
70
0
0
VERTEX
8
Layer 1
10
158.154881
20
120.361509
70
0
0
VERTEX
8
Layer 1
10
158.173894
20
120.332989
70
0
0
VERTEX
8
Layer 1
10
158.173894
20
120.313976
70
0
0
VERTEX
8
Layer 1
10
158.183401
20
120.294963
70
0
0
VERTEX
8
Layer 1
10
158.202414
20
120.266443
70
0
0
VERTEX
8
Layer 1
10
158.202414
20
120.256937
70
0
0
VERTEX
8
Layer 1
10
158.211921
20
120.247430
70
0
0
VERTEX
8
Layer 1
10
158.221427
20
120.237924
70
0
0
VERTEX
8
Layer 1
10
158.221427
20
120.218911
70
0
0
VERTEX
8
Layer 1
10
158.221427
20
120.199898
70
0
0
VERTEX
8
Layer 1
10
158.221427
20
120.190391
70
0
0
VERTEX
8
Layer 1
10
158.221427
20
120.171378
70
0
0
VERTEX
8
Layer 1
10
158.221427
20
120.161872
70
0
0
VERTEX
8
Layer 1
10
158.211921
20
120.152365
70
0
0
VERTEX
8
Layer 1
10
158.202414
20
120.133352
70
0
0
VERTEX
8
Layer 1
10
158.192907
20
120.123845
70
0
0
VERTEX
8
Layer 1
10
158.183401
20
120.114339
70
0
0
VERTEX
8
Layer 1
10
158.173894
20
120.104832
70
0
0
VERTEX
8
Layer 1
10
158.154881
20
120.095326
70
0
0
VERTEX
8
Layer 1
10
158.145375
20
120.085819
70
0
0
VERTEX
8
Layer 1
10
158.126362
20
120.076313
70
0
0
VERTEX
8
Layer 1
10
158.107349
20
120.076313
70
0
0
VERTEX
8
Layer 1
10
158.078829
20
120.066806
70
0
0
VERTEX
8
Layer 1
10
158.059816
20
120.057300
70
0
0
VERTEX
8
Layer 1
10
158.031296
20
120.019273
70
0
0
VERTEX
8
Layer 1
10
158.012283
20
120.009767
70
0
0
VERTEX
8
Layer 1
10
157.993270
20
119.990754
70
0
0
VERTEX
8
Layer 1
10
157.955244
20
119.952728
70
0
0
VERTEX
8
Layer 1
10
157.917218
20
119.924208
70
0
0
VERTEX
8
Layer 1
10
157.879192
20
119.886182
70
0
0
VERTEX
8
Layer 1
10
157.841165
20
119.857662
70
0
0
VERTEX
8
Layer 1
10
157.793633
20
119.829143
70
0
0
VERTEX
8
Layer 1
10
157.774620
20
119.810130
70
0
0
VERTEX
8
Layer 1
10
157.746100
20
119.800623
70
0
0
VERTEX
8
Layer 1
10
157.698567
20
119.772103
70
0
0
VERTEX
8
Layer 1
10
157.651035
20
119.743584
70
0
0
VERTEX
8
Layer 1
10
157.603502
20
119.715064
70
0
0
VERTEX
8
Layer 1
10
157.574982
20
119.696051
70
0
0
VERTEX
8
Layer 1
10
157.546463
20
119.686545
70
0
0
VERTEX
8
Layer 1
10
157.489423
20
119.667531
70
0
0
VERTEX
8
Layer 1
10
157.432384
20
119.639012
70
0
0
VERTEX
8
Layer 1
10
157.375345
20
119.619999
70
0
0
VERTEX
8
Layer 1
10
157.318306
20
119.591479
70
0
0
VERTEX
8
Layer 1
10
157.308799
20
119.572466
70
0
0
VERTEX
8
Layer 1
10
157.308799
20
119.543946
70
0
0
VERTEX
8
Layer 1
10
157.308799
20
119.524933
70
0
0
VERTEX
8
Layer 1
10
157.308799
20
119.496414
70
0
0
VERTEX
8
Layer 1
10
157.318306
20
119.477401
70
0
0
VERTEX
8
Layer 1
10
157.318306
20
119.458388
70
0
0
VERTEX
8
Layer 1
10
157.327812
20
119.448881
70
0
0
VERTEX
8
Layer 1
10
157.337319
20
119.429868
70
0
0
VERTEX
8
Layer 1
10
157.441891
20
119.467894
70
0
0
VERTEX
8
Layer 1
10
157.517943
20
119.486907
70
0
0
VERTEX
8
Layer 1
10
157.565476
20
119.496414
70
0
0
VERTEX
8
Layer 1
10
157.603502
20
119.505920
70
0
0
VERTEX
8
Layer 1
10
157.641528
20
119.515427
70
0
0
VERTEX
8
Layer 1
10
157.689061
20
119.524933
70
0
0
VERTEX
8
Layer 1
10
157.727087
20
119.534440
70
0
0
VERTEX
8
Layer 1
10
157.765113
20
119.543946
70
0
0
VERTEX
8
Layer 1
10
157.812646
20
119.562960
70
0
0
VERTEX
8
Layer 1
10
157.850672
20
119.572466
70
0
0
VERTEX
8
Layer 1
10
157.888698
20
119.581973
70
0
0
VERTEX
8
Layer 1
10
157.936231
20
119.600986
70
0
0
VERTEX
8
Layer 1
10
157.974257
20
119.610492
70
0
0
VERTEX
8
Layer 1
10
158.012283
20
119.629505
70
0
0
VERTEX
8
Layer 1
10
158.097842
20
119.658025
70
0
0
SEQEND
8
Layer 1
0
POLYLINE
8
Layer 1
62
7
70
0
10
0.000000
20
0.000000
66
1
0
VERTEX
8
Layer 1
10
154.418811
20
126.303096
70
0
0
VERTEX
8
Layer 1
10
154.418811
20
126.303096
70
0
0
VERTEX
8
Layer 1
10
154.418811
20
126.303096
70
0
0
VERTEX
8
Layer 1
10
154.513876
20
126.540760
70
0
0
VERTEX
8
Layer 1
10
154.523383
20
126.664345
70
0
0
VERTEX
8
Layer 1
10
158.981950
20
126.664345
70
0
0
VERTEX
8
Layer 1
10
159.124548
20
126.607306
70
0
0
VERTEX
8
Layer 1
10
159.580862
20
126.673851
70
0
0
VERTEX
8
Layer 1
10
159.580862
20
126.844969
70
0
0
VERTEX
8
Layer 1
10
159.124548
20
126.911515
70
0
0
VERTEX
8
Layer 1
10
158.991457
20
126.835463
70
0
0
VERTEX
8
Layer 1
10
154.532890
20
126.835463
70
0
0
VERTEX
8
Layer 1
10
154.532890
20
126.863982
70
0
0
VERTEX
8
Layer 1
10
154.456837
20
127.101646
70
0
0
VERTEX
8
Layer 1
10
154.456837
20
127.101646
70
0
0
VERTEX
8
Layer 1
10
154.447331
20
127.101646
70
0
0
VERTEX
8
Layer 1
10
154.399798
20
127.063620
70
0
0
VERTEX
8
Layer 1
10
154.190654
20
126.978061
70
0
0
VERTEX
8
Layer 1
10
154.048056
20
127.025593
70
0
0
VERTEX
8
Layer 1
10
151.623888
20
127.177698
70
0
0
VERTEX
8
Layer 1
10
151.313737
20
127.117094
70
0
0
VERTEX
8
Layer 1
10
151.082016
20
126.863982
70
0
0
VERTEX
8
Layer 1
10
151.072509
20
126.740397
70
0
0
VERTEX
8
Layer 1
10
151.082016
20
126.645332
70
0
0
VERTEX
8
Layer 1
10
151.305419
20
126.386279
70
0
0
VERTEX
8
Layer 1
10
151.614382
20
126.312603
70
0
0
VERTEX
8
Layer 1
10
154.048056
20
126.398162
70
0
0
VERTEX
8
Layer 1
10
154.190654
20
126.436188
70
0
0
VERTEX
8
Layer 1
10
154.390291
20
126.341123
70
0
0
VERTEX
8
Layer 1
10
154.418811
20
126.303096
70
0
0
VERTEX
8
Layer 1
10
154.418811
20
126.303096
70
0
0
SEQEND
8
Layer 1
0
POLYLINE
8
Layer 1
62
7
70
0
10
0.000000
20
0.000000
66
1
0
VERTEX
8
Layer 1
10
10.927608
20
74.250000
70
0
0
VERTEX
8
Layer 1
10
94.072392
20
74.250000
70
0
0
VERTEX
8
Layer 1
10
96.214218
20
74.038089
70
0
0
VERTEX
8
Layer 1
10
98.254207
20
73.418185
70
0
0
VERTEX
8
Layer 1
10
100.135034
20
72.414034
70
0
0
VERTEX
8
Layer 1
10
101.799378
20
71.049378
70
0
0
VERTEX
8
Layer 1
10
103.164034
20
69.385034
70
0
0
VERTEX
8
Layer 1
10
104.168185
20
67.504207
70
0
0
VERTEX
8
Layer 1
10
104.788089
20
65.464218
70
0
0
VERTEX
8
Layer 1
10
105.000000
20
63.322392
70
0
0
VERTEX
8
Layer 1
10
105.000000
20
10.927608
70
0
0
VERTEX
8
Layer 1
10
104.788089
20
8.785782
70
0
0
VERTEX
8
Layer 1
10
104.168185
20
6.745793
70
0
0
VERTEX
8
Layer 1
10
103.164034
20
4.864966
70
0
0
VERTEX
8
Layer 1
10
101.799378
20
3.200622
70
0
0
VERTEX
8
Layer 1
10
100.135034
20
1.835966
70
0
0
VERTEX
8
Layer 1
10
98.254207
20
0.831815
70
0
0
VERTEX
8
Layer 1
10
96.214218
20
0.211911
70
0
0
VERTEX
8
Layer 1
10
94.072392
20
0.000000
70
0
0
VERTEX
8
Layer 1
10
10.927608
20
0.000000
70
0
0
VERTEX
8
Layer 1
10
8.785782
20
0.211911
70
0
0
VERTEX
8
Layer 1
10
6.745793
20
0.831815
70
0
0
VERTEX
8
Layer 1
10
4.864966
20
1.835966
70
0
0
VERTEX
8
Layer 1
10
3.200622
20
3.200622
70
0
0
VERTEX
8
Layer 1
10
1.835966
20
4.864966
70
0
0
VERTEX
8
Layer 1
10
0.831815
20
6.745793
70
0
0
VERTEX
8
Layer 1
10
0.211911
20
8.785782
70
0
0
VERTEX
8
Layer 1
10
0.000000
20
10.927608
70
0
0
VERTEX
8
Layer 1
10
0.000000
20
63.322392
70
0
0
VERTEX
8
Layer 1
10
0.211911
20
65.464218
70
0
0
VERTEX
8
Layer 1
10
0.831815
20
67.504207
70
0
0
VERTEX
8
Layer 1
10
1.835966
20
69.385034
70
0
0
VERTEX
8
Layer 1
10
3.200622
20
71.049378
70
0
0
VERTEX
8
Layer 1
10
4.864966
20
72.414034
70
0
0
VERTEX
8
Layer 1
10
6.745793
20
73.418185
70
0
0
VERTEX
8
Layer 1
10
8.785782
20
74.038089
70
0
0
VERTEX
8
Layer 1
10
10.927608
20
74.250000
70
0
0
VERTEX
8
Layer 1
10
10.927608
20
74.250000
70
0
0
SEQEND
8
Layer 1
0
POLYLINE
8
Layer 1
62
7
70
0
10
0.000000
20
0.000000
66
1
0
VERTEX
8
Layer 1
10
59.353145
20
34.598089
70
0
0
VERTEX
8
Layer 1
10
59.353145
20
35.415651
70
0
0
VERTEX
8
Layer 1
10
55.141748
20
35.415651
70
0
0
VERTEX
8
Layer 1
10
55.141748
20
34.978351
70
0
0
VERTEX
8
Layer 1
10
58.934858
20
34.978351
70
0
0
VERTEX
8
Layer 1
10
58.934858
20
34.883285
70
0
0
VERTEX
8
Layer 1
10
55.293853
20
33.818553
70
0
0
VERTEX
8
Layer 1
10
55.293853
20
33.238654
70
0
0
VERTEX
8
Layer 1
10
58.934858
20
32.164415
70
0
0
VERTEX
8
Layer 1
10
58.934858
20
32.078856
70
0
0
VERTEX
8
Layer 1
10
55.141748
20
32.078856
70
0
0
VERTEX
8
Layer 1
10
55.141748
20
31.632048
70
0
0
VERTEX
8
Layer 1
10
59.353145
20
31.632048
70
0
0
VERTEX
8
Layer 1
10
59.353145
20
32.449611
70
0
0
VERTEX
8
Layer 1
10
55.740660
20
33.523850
70
0
0
VERTEX
8
Layer 1
10
59.353145
20
34.598089
70
0
0
SEQEND
8
Layer 1
0
POLYLINE
8
Layer 1
62
7
70
0
10
0.000000
20
0.000000
66
1
0
VERTEX
8
Layer 1
10
58.934858
20
29.570129
70
0
0
VERTEX
8
Layer 1
10
58.934858
20
29.389505
70
0
0
VERTEX
8
Layer 1
10
56.624768
20
28.790593
70
0
0
VERTEX
8
Layer 1
10
56.624768
20
30.178548
70
0
0
VERTEX
8
Layer 1
10
58.934858
20
29.570129
70
0
0
SEQEND
8
Layer 1
0
POLYLINE
8
Layer 1
62
7
70
0
10
0.000000
20
0.000000
66
1
0
VERTEX
8
Layer 1
10
55.141748
20
31.034136
70
0
0
VERTEX
8
Layer 1
10
55.141748
20
30.568316
70
0
0
VERTEX
8
Layer 1
10
56.215987
20
30.273613
70
0
0
VERTEX
8
Layer 1
10
56.215987
20
28.695528
70
0
0
VERTEX
8
Layer 1
10
55.141748
20
28.400825
70
0
0
VERTEX
8
Layer 1
10
55.141748
20
27.935004
70
0
0
VERTEX
8
Layer 1
10
59.353145
20
29.018750
70
0
0
VERTEX
8
Layer 1
10
59.353145
20
29.940884
70
0
0
VERTEX
8
Layer 1
10
55.141748
20
31.034136
70
0
0
SEQEND
8
Layer 1
0
POLYLINE
8
Layer 1
62
7
70
0
10
0.000000
20
0.000000
66
1
0
VERTEX
8
Layer 1
10
55.141748
20
25.216134
70
0
0
VERTEX
8
Layer 1
10
55.141748
20
24.693274
70
0
0
VERTEX
8
Layer 1
10
57.271213
20
25.891098
70
0
0
VERTEX
8
Layer 1
10
59.353145
20
24.759820
70
0
0
VERTEX
8
Layer 1
10
59.353145
20
25.282680
70
0
0
VERTEX
8
Layer 1
10
57.432824
20
26.299880
70
0
0
VERTEX
8
Layer 1
10
57.404305
20
26.870272
70
0
0
VERTEX
8
Layer 1
10
59.353145
20
26.870272
70
0
0
VERTEX
8
Layer 1
10
59.353145
20
27.326586
70
0
0
VERTEX
8
Layer 1
10
55.141748
20
27.326586
70
0
0
VERTEX
8
Layer 1
10
55.141748
20
26.870272
70
0
0
VERTEX
8
Layer 1
10
56.995523
20
26.870272
70
0
0
VERTEX
8
Layer 1
10
57.014537
20
26.290373
70
0
0
VERTEX
8
Layer 1
10
55.141748
20
25.216134
70
0
0
SEQEND
8
Layer 1
0
POLYLINE
8
Layer 1
62
7
70
0
10
0.000000
20
0.000000
66
1
0
VERTEX
8
Layer 1
10
55.141748
20
21.784273
70
0
0
VERTEX
8
Layer 1
10
55.560036
20
21.784273
70
0
0
VERTEX
8
Layer 1
10
55.560036
20
23.676074
70
0
0
VERTEX
8
Layer 1
10
57.081082
20
23.676074
70
0
0
VERTEX
8
Layer 1
10
57.081082
20
22.126508
70
0
0
VERTEX
8
Layer 1
10
57.489864
20
22.126508
70
0
0
VERTEX
8
Layer 1
10
57.489864
20
23.676074
70
0
0
VERTEX
8
Layer 1
10
58.934858
20
23.676074
70
0
0
VERTEX
8
Layer 1
10
58.934858
20
21.784273
70
0
0
VERTEX
8
Layer 1
10
59.353145
20
21.784273
70
0
0
VERTEX
8
Layer 1
10
59.353145
20
24.132388
70
0
0
VERTEX
8
Layer 1
10
55.141748
20
24.132388
70
0
0
VERTEX
8
Layer 1
10
55.141748
20
21.784273
70
0
0
SEQEND
8
Layer 1
0
POLYLINE
8
Layer 1
62
7
70
0
10
0.000000
20
0.000000
66
1
0
VERTEX
8
Layer 1
10
58.069762
20
18.875272
70
0
0
VERTEX
8
Layer 1
10
57.381727
20
19.066591
70
0
0
VERTEX
8
Layer 1
10
57.157135
20
19.664315
70
0
0
VERTEX
8
Layer 1
10
57.157135
20
20.586449
70
0
0
VERTEX
8
Layer 1
10
58.944364
20
20.586449
70
0
0
VERTEX
8
Layer 1
10
58.944364
20
19.664315
70
0
0
VERTEX
8
Layer 1
10
58.728090
20
19.066591
70
0
0
VERTEX
8
Layer 1
10
58.069762
20
18.875272
70
0
0
VERTEX
8
Layer 1
10
58.069762
20
18.875272
70
0
0
SEQEND
8
Layer 1
0
POLYLINE
8
Layer 1
62
7
70
0
10
0.000000
20
0.000000
66
1
0
VERTEX
8
Layer 1
10
55.141748
20
18.799219
70
0
0
VERTEX
8
Layer 1
10
55.141748
20
18.295373
70
0
0
VERTEX
8
Layer 1
10
56.843419
20
19.103429
70
0
0
VERTEX
8
Layer 1
10
57.221304
20
18.601959
70
0
0
VERTEX
8
Layer 1
10
58.069762
20
18.399945
70
0
0
VERTEX
8
Layer 1
10
58.641789
20
18.481196
70
0
0
VERTEX
8
Layer 1
10
59.038241
20
18.721979
70
0
0
VERTEX
8
Layer 1
10
59.268923
20
19.117837
70
0
0
VERTEX
8
Layer 1
10
59.343639
20
19.664315
70
0
0
VERTEX
8
Layer 1
10
59.343639
20
21.052269
70
0
0
VERTEX
8
Layer 1
10
55.132242
20
21.052269
70
0
0
VERTEX
8
Layer 1
10
55.132242
20
20.586449
70
0
0
VERTEX
8
Layer 1
10
56.748353
20
20.586449
70
0
0
VERTEX
8
Layer 1
10
56.748353
20
19.550236
70
0
0
VERTEX
8
Layer 1
10
55.141748
20
18.799219
70
0
0
SEQEND
8
Layer 1
0
POLYLINE
8
Layer 1
62
7
70
0
10
0.000000
20
0.000000
66
1
0
VERTEX
8
Layer 1
10
59.362652
20
17.268667
70
0
0
VERTEX
8
Layer 1
10
59.362652
20
17.696461
70
0
0
VERTEX
8
Layer 1
10
57.974697
20
17.677448
70
0
0
VERTEX
8
Layer 1
10
57.974697
20
17.278173
70
0
0
VERTEX
8
Layer 1
10
59.362652
20
17.268667
70
0
0
SEQEND
8
Layer 1
0
POLYLINE
8
Layer 1
62
7
70
0
10
0.000000
20
0.000000
66
1
0
VERTEX
8
Layer 1
10
59.286600
20
14.207561
70
0
0
VERTEX
8
Layer 1
10
59.410185
20
15.329332
70
0
0
VERTEX
8
Layer 1
10
59.341114
20
15.884277
70
0
0
VERTEX
8
Layer 1
10
59.128553
20
16.289493
70
0
0
VERTEX
8
Layer 1
10
58.764483
20
16.537851
70
0
0
VERTEX
8
Layer 1
10
58.240880
20
16.622222
70
0
0
VERTEX
8
Layer 1
10
57.788577
20
16.544684
70
0
0
VERTEX
8
Layer 1
10
57.474415
20
16.315636
70
0
0
VERTEX
8
Layer 1
10
57.100095
20
15.424398
70
0
0
VERTEX
8
Layer 1
10
56.856490
20
14.782706
70
0
0
VERTEX
8
Layer 1
10
56.320559
20
14.568809
70
0
0
VERTEX
8
Layer 1
10
55.695504
20
14.760128
70
0
0
VERTEX
8
Layer 1
10
55.483984
20
15.357852
70
0
0
VERTEX
8
Layer 1
10
55.569542
20
16.536663
70
0
0
VERTEX
8
Layer 1
10
55.189281
20
16.565183
70
0
0
VERTEX
8
Layer 1
10
55.075202
20
15.357852
70
0
0
VERTEX
8
Layer 1
10
55.158236
20
14.795332
70
0
0
VERTEX
8
Layer 1
10
55.404366
20
14.401256
70
0
0
VERTEX
8
Layer 1
10
55.809137
20
14.169386
70
0
0
VERTEX
8
Layer 1
10
56.368092
20
14.093482
70
0
0
VERTEX
8
Layer 1
10
56.837923
20
14.164633
70
0
0
VERTEX
8
Layer 1
10
57.153570
20
14.377490
70
0
0
VERTEX
8
Layer 1
10
57.518383
20
15.224760
70
0
0
VERTEX
8
Layer 1
10
57.775060
20
15.919926
70
0
0
VERTEX
8
Layer 1
10
58.288413
20
16.137388
70
0
0
VERTEX
8
Layer 1
10
58.829097
20
15.929433
70
0
0
VERTEX
8
Layer 1
10
58.991897
20
15.300813
70
0
0
VERTEX
8
Layer 1
10
58.906338
20
14.226574
70
0
0
VERTEX
8
Layer 1
10
59.286600
20
14.207561
70
0
0
SEQEND
8
Layer 1
0
POLYLINE
8
Layer 1
62
7
70
0
10
0.000000
20
0.000000
66
1
0
VERTEX
8
Layer 1
10
52.651035
20
34.199814
70
0
0
VERTEX
8
Layer 1
10
52.651035
20
34.019190
70
0
0
VERTEX
8
Layer 1
10
50.340945
20
33.420278
70
0
0
VERTEX
8
Layer 1
10
50.340945
20
34.808233
70
0
0
VERTEX
8
Layer 1
10
52.651035
20
34.199814
70
0
0
SEQEND
8
Layer 1
0
POLYLINE
8
Layer 1
62
7
70
0
10
0.000000
20
0.000000
66
1
0
VERTEX
8
Layer 1
10
48.857925
20
35.663821
70
0
0
VERTEX
8
Layer 1
10
48.857925
20
35.198001
70
0
0
VERTEX
8
Layer 1
10
49.932164
20
34.903298
70
0
0
VERTEX
8
Layer 1
10
49.932164
20
33.325213
70
0
0
VERTEX
8
Layer 1
10
48.857925
20
33.030510
70
0
0
VERTEX
8
Layer 1
10
48.857925
20
32.564689
70
0
0
VERTEX
8
Layer 1
10
53.069322
20
33.648435
70
0
0
VERTEX
8
Layer 1
10
53.069322
20
34.570569
70
0
0
VERTEX
8
Layer 1
10
48.857925
20
35.663821
70
0
0
SEQEND
8
Layer 1
0
POLYLINE
8
Layer 1
62
7
70
0
10
0.000000
20
0.000000
66
1
0
VERTEX
8
Layer 1
10
53.002777
20
29.798286
70
0
0
VERTEX
8
Layer 1
10
53.126362
20
30.920058
70
0
0
VERTEX
8
Layer 1
10
53.057291
20
31.475002
70
0
0
VERTEX
8
Layer 1
10
52.844730
20
31.880219
70
0
0
VERTEX
8
Layer 1
10
52.480660
20
32.128577
70
0
0
VERTEX
8
Layer 1
10
51.957057
20
32.212947
70
0
0
VERTEX
8
Layer 1
10
51.504754
20
32.135410
70
0
0
VERTEX
8
Layer 1
10
51.190592
20
31.906361
70
0
0
VERTEX
8
Layer 1
10
50.816272
20
31.015123
70
0
0
VERTEX
8
Layer 1
10
50.572667
20
30.373432
70
0
0
VERTEX
8
Layer 1
10
50.036736
20
30.159535
70
0
0
VERTEX
8
Layer 1
10
49.411681
20
30.350854
70
0
0
VERTEX
8
Layer 1
10
49.200161
20
30.948578
70
0
0
VERTEX
8
Layer 1
10
49.285720
20
32.127389
70
0
0
VERTEX
8
Layer 1
10
48.905458
20
32.155908
70
0
0
VERTEX
8
Layer 1
10
48.791379
20
30.948578
70
0
0
VERTEX
8
Layer 1
10
48.874413
20
30.386058
70
0
0
VERTEX
8
Layer 1
10
49.120543
20
29.991982
70
0
0
VERTEX
8
Layer 1
10
49.525314
20
29.760112
70
0
0
VERTEX
8
Layer 1
10
50.084269
20
29.684208
70
0
0
VERTEX
8
Layer 1
10
50.554100
20
29.755358
70
0
0
VERTEX
8
Layer 1
10
50.869747
20
29.968216
70
0
0
VERTEX
8
Layer 1
10
51.234560
20
30.815486
70
0
0
VERTEX
8
Layer 1
10
51.491237
20
31.510652
70
0
0
VERTEX
8
Layer 1
10
52.004590
20
31.728114
70
0
0
VERTEX
8
Layer 1
10
52.545274
20
31.520158
70
0
0
VERTEX
8
Layer 1
10
52.708074
20
30.891538
70
0
0
VERTEX
8
Layer 1
10
52.622515
20
29.817299
70
0
0
VERTEX
8
Layer 1
10
53.002777
20
29.798286
70
0
0
SEQEND
8
Layer 1
0
POLYLINE
8
Layer 1
62
7
70
0
10
0.000000
20
0.000000
66
1
0
VERTEX
8
Layer 1
10
53.069322
20
29.456051
70
0
0
VERTEX
8
Layer 1
10
50.626142
20
28.229707
70
0
0
VERTEX
8
Layer 1
10
48.857925
20
28.229707
70
0
0
VERTEX
8
Layer 1
10
48.857925
20
27.782900
70
0
0
VERTEX
8
Layer 1
10
50.626142
20
27.782900
70
0
0
VERTEX
8
Layer 1
10
53.069322
20
26.566063
70
0
0
VERTEX
8
Layer 1
10
53.069322
20
27.060403
70
0
0
VERTEX
8
Layer 1
10
51.129988
20
28.011057
70
0
0
VERTEX
8
Layer 1
10
53.069322
20
28.952204
70
0
0
VERTEX
8
Layer 1
10
53.069322
20
29.456051
70
0
0
SEQEND
8
Layer 1
0
POLYLINE
8
Layer 1
62
7
70
0
10
0.000000
20
0.000000
66
1
0
VERTEX
8
Layer 1
10
49.266706
20
23.904231
70
0
0
VERTEX
8
Layer 1
10
49.266706
20
25.558369
70
0
0
VERTEX
8
Layer 1
10
53.069322
20
25.558369
70
0
0
VERTEX
8
Layer 1
10
53.069322
20
26.024190
70
0
0
VERTEX
8
Layer 1
10
48.857925
20
26.024190
70
0
0
VERTEX
8
Layer 1
10
48.857925
20
23.904231
70
0
0
VERTEX
8
Layer 1
10
49.266706
20
23.904231
70
0
0
SEQEND
8
Layer 1
0
POLYLINE
8
Layer 1
62
7
70
0
10
0.000000
20
0.000000
66
1
0
VERTEX
8
Layer 1
10
53.069322
20
23.001110
70
0
0
VERTEX
8
Layer 1
10
53.069322
20
23.466931
70
0
0
VERTEX
8
Layer 1
10
50.141308
20
23.466931
70
0
0
VERTEX
8
Layer 1
10
49.542842
20
23.384045
70
0
0
VERTEX
8
Layer 1
10
49.125297
20
23.131825
70
0
0
VERTEX
8
Layer 1
10
48.880652
20
22.704922
70
0
0
VERTEX
8
Layer 1
10
48.800886
20
22.097989
70
0
0
VERTEX
8
Layer 1
10
48.880652
20
21.485560
70
0
0
VERTEX
8
Layer 1
10
49.125297
20
21.055834
70
0
0
VERTEX
8
Layer 1
10
49.542842
20
20.802574
70
0
0
VERTEX
8
Layer 1
10
50.141308
20
20.719541
70
0
0
VERTEX
8
Layer 1
10
53.069322
20
20.719541
70
0
0
VERTEX
8
Layer 1
10
53.069322
20
21.185361
70
0
0
VERTEX
8
Layer 1
10
50.112789
20
21.185361
70
0
0
VERTEX
8
Layer 1
10
49.418811
20
21.401635
70
0
0
VERTEX
8
Layer 1
10
49.209667
20
22.088482
70
0
0
VERTEX
8
Layer 1
10
49.418811
20
22.771765
70
0
0
VERTEX
8
Layer 1
10
50.112789
20
22.991604
70
0
0
VERTEX
8
Layer 1
10
53.069322
20
22.991604
70
0
0
VERTEX
8
Layer 1
10
53.069322
20
23.001110
70
0
0
SEQEND
8
Layer 1
0
POLYLINE
8
Layer 1
62
7
70
0
10
0.000000
20
0.000000
66
1
0
VERTEX
8
Layer 1
10
53.069322
20
18.979844
70
0
0
VERTEX
8
Layer 1
10
53.069322
20
19.806913
70
0
0
VERTEX
8
Layer 1
10
48.857925
20
19.806913
70
0
0
VERTEX
8
Layer 1
10
48.857925
20
19.369612
70
0
0
VERTEX
8
Layer 1
10
52.651035
20
19.369612
70
0
0
VERTEX
8
Layer 1
10
52.651035
20
19.274546
70
0
0
VERTEX
8
Layer 1
10
49.010030
20
18.200307
70
0
0
VERTEX
8
Layer 1
10
49.010030
20
17.629915
70
0
0
VERTEX
8
Layer 1
10
52.651035
20
16.546169
70
0
0
VERTEX
8
Layer 1
10
52.651035
20
16.460611
70
0
0
VERTEX
8
Layer 1
10
48.857925
20
16.460611
70
0
0
VERTEX
8
Layer 1
10
48.857925
20
16.023310
70
0
0
VERTEX
8
Layer 1
10
53.069322
20
16.023310
70
0
0
VERTEX
8
Layer 1
10
53.069322
20
16.831366
70
0
0
VERTEX
8
Layer 1
10
49.456837
20
17.915111
70
0
0
VERTEX
8
Layer 1
10
53.069322
20
18.979844
70
0
0
SEQEND
8
Layer 1
0
POLYLINE
8
Layer 1
62
7
70
0
10
0.000000
20
0.000000
66
1
0
VERTEX
8
Layer 1
10
59.695381
20
13.076282
70
0
0
VERTEX
8
Layer 1
10
59.695381
20
12.895658
70
0
0
VERTEX
8
Layer 1
10
60.465411
20
12.895658
70
0
0
VERTEX
8
Layer 1
10
59.752420
20
12.677008
70
0
0
VERTEX
8
Layer 1
10
59.752420
20
12.534410
70
0
0
VERTEX
8
Layer 1
10
60.465411
20
12.306253
70
0
0
VERTEX
8
Layer 1
10
59.695381
20
12.306253
70
0
0
VERTEX
8
Layer 1
10
59.695381
20
12.125628
70
0
0
VERTEX
8
Layer 1
10
60.722087
20
12.125628
70
0
0
VERTEX
8
Layer 1
10
60.722087
20
12.372798
70
0
0
VERTEX
8
Layer 1
10
60.009097
20
12.610462
70
0
0
VERTEX
8
Layer 1
10
60.722087
20
12.838619
70
0
0
VERTEX
8
Layer 1
10
60.722087
20
13.085789
70
0
0
VERTEX
8
Layer 1
10
59.695381
20
13.076282
70
0
0
SEQEND
8
Layer 1
0
POLYLINE
8
Layer 1
62
7
70
0
10
0.000000
20
0.000000
66
1
0
VERTEX
8
Layer 1
10
60.550969
20
13.874832
70
0
0
VERTEX
8
Layer 1
10
60.550969
20
13.608649
70
0
0
VERTEX
8
Layer 1
10
59.704887
20
13.608649
70
0
0
VERTEX
8
Layer 1
10
59.704887
20
13.418518
70
0
0
VERTEX
8
Layer 1
10
60.550969
20
13.418518
70
0
0
VERTEX
8
Layer 1
10
60.550969
20
13.190361
70
0
0
VERTEX
8
Layer 1
10
60.722087
20
13.190361
70
0
0
VERTEX
8
Layer 1
10
60.722087
20
13.874832
70
0
0
VERTEX
8
Layer 1
10
60.550969
20
13.874832
70
0
0
SEQEND
8
Layer 1
0
POLYLINE
8
Layer 1
62
7
70
0
10
0.000000
20
0.000000
66
1
0
VERTEX
8
Layer 1
10
46.557343
20
38.211574
70
0
0
VERTEX
8
Layer 1
10
49.618448
20
40.150908
70
0
0
VERTEX
8
Layer 1
10
50.331439
20
40.036830
70
0
0
VERTEX
8
Layer 1
10
50.245880
20
40.550183
70
0
0
VERTEX
8
Layer 1
10
50.645155
20
40.806860
70
0
0
VERTEX
8
Layer 1
10
50.645155
20
40.778340
70
0
0
VERTEX
8
Layer 1
10
50.721207
20
40.654755
70
0
0
VERTEX
8
Layer 1
10
50.920844
20
39.998804
70
0
0
VERTEX
8
Layer 1
10
51.510250
20
39.979791
70
0
0
VERTEX
8
Layer 1
10
52.042616
20
39.998804
70
0
0
VERTEX
8
Layer 1
10
51.861992
20
40.502650
70
0
0
VERTEX
8
Layer 1
10
51.857239
20
40.650002
70
0
0
VERTEX
8
Layer 1
10
52.023603
20
40.797353
70
0
0
VERTEX
8
Layer 1
10
52.245818
20
40.759327
70
0
0
VERTEX
8
Layer 1
10
52.318306
20
40.664261
70
0
0
VERTEX
8
Layer 1
10
52.622515
20
40.055843
70
0
0
VERTEX
8
Layer 1
10
53.734780
20
40.245974
70
0
0
VERTEX
8
Layer 1
10
53.468597
20
40.711794
70
0
0
VERTEX
8
Layer 1
10
53.438889
20
40.854392
70
0
0
VERTEX
8
Layer 1
10
53.573169
20
41.025510
70
0
0
VERTEX
8
Layer 1
10
53.797761
20
41.021945
70
0
0
VERTEX
8
Layer 1
10
53.886885
20
40.939951
70
0
0
VERTEX
8
Layer 1
10
54.295666
20
40.388572
70
0
0
VERTEX
8
Layer 1
10
55.350892
20
40.768833
70
0
0
VERTEX
8
Layer 1
10
55.008657
20
41.187121
70
0
0
VERTEX
8
Layer 1
10
54.953994
20
41.321401
70
0
0
VERTEX
8
Layer 1
10
55.056189
20
41.519850
70
0
0
VERTEX
8
Layer 1
10
55.278405
20
41.555500
70
0
0
VERTEX
8
Layer 1
10
55.379412
20
41.491330
70
0
0
VERTEX
8
Layer 1
10
55.873752
20
41.016003
70
0
0
VERTEX
8
Layer 1
10
56.852925
20
41.576889
70
0
0
VERTEX
8
Layer 1
10
56.444144
20
41.928631
70
0
0
VERTEX
8
Layer 1
10
56.368092
20
42.052216
70
0
0
VERTEX
8
Layer 1
10
56.434638
20
42.261360
70
0
0
VERTEX
8
Layer 1
10
56.646158
20
42.336224
70
0
0
VERTEX
8
Layer 1
10
56.757860
20
42.289880
70
0
0
VERTEX
8
Layer 1
10
57.328252
20
41.909618
70
0
0
VERTEX
8
Layer 1
10
58.193348
20
42.622609
70
0
0
VERTEX
8
Layer 1
10
57.727527
20
42.898298
70
0
0
VERTEX
8
Layer 1
10
57.630085
20
43.006435
70
0
0
VERTEX
8
Layer 1
10
57.660981
20
43.221521
70
0
0
VERTEX
8
Layer 1
10
57.857054
20
43.332034
70
0
0
VERTEX
8
Layer 1
10
57.974697
20
43.307080
70
0
0
VERTEX
8
Layer 1
10
58.602129
20
43.031390
70
0
0
VERTEX
8
Layer 1
10
59.334132
20
43.886979
70
0
0
VERTEX
8
Layer 1
10
58.830286
20
44.077109
70
0
0
VERTEX
8
Layer 1
10
58.715019
20
44.169798
70
0
0
VERTEX
8
Layer 1
10
58.706701
20
44.390825
70
0
0
VERTEX
8
Layer 1
10
58.882572
20
44.532235
70
0
0
VERTEX
8
Layer 1
10
59.001403
20
44.523917
70
0
0
VERTEX
8
Layer 1
10
59.666861
20
44.362306
70
0
0
VERTEX
8
Layer 1
10
60.237254
20
45.331973
70
0
0
VERTEX
8
Layer 1
10
59.704887
20
45.427038
70
0
0
VERTEX
8
Layer 1
10
59.576549
20
45.498337
70
0
0
VERTEX
8
Layer 1
10
59.533770
20
45.712234
70
0
0
VERTEX
8
Layer 1
10
59.681121
20
45.880975
70
0
0
VERTEX
8
Layer 1
10
59.799953
20
45.892858
70
0
0
VERTEX
8
Layer 1
10
60.484424
20
45.845326
70
0
0
VERTEX
8
Layer 1
10
60.893205
20
46.957591
70
0
0
VERTEX
8
Layer 1
10
60.351332
20
46.957591
70
0
0
VERTEX
8
Layer 1
10
60.142188
20
46.957591
70
0
0
VERTEX
8
Layer 1
10
62.062509
20
48.193441
70
0
0
VERTEX
8
Layer 1
10
62.976920
20
49.041900
70
0
0
VERTEX
8
Layer 1
10
63.281723
20
49.975917
70
0
0
VERTEX
8
Layer 1
10
62.976920
20
50.909935
70
0
0
VERTEX
8
Layer 1
10
62.062509
20
51.758394
70
0
0
VERTEX
8
Layer 1
10
60.902711
20
52.499904
70
0
0
VERTEX
8
Layer 1
10
60.912218
20
52.566450
70
0
0
VERTEX
8
Layer 1
10
60.531956
20
53.621675
70
0
0
VERTEX
8
Layer 1
10
60.113669
20
53.269934
70
0
0
VERTEX
8
Layer 1
10
59.979389
20
53.215271
70
0
0
VERTEX
8
Layer 1
10
59.780940
20
53.317466
70
0
0
VERTEX
8
Layer 1
10
59.745290
20
53.539682
70
0
0
VERTEX
8
Layer 1
10
59.809459
20
53.640689
70
0
0
VERTEX
8
Layer 1
10
60.284786
20
54.135029
70
0
0
VERTEX
8
Layer 1
10
59.723900
20
55.114202
70
0
0
VERTEX
8
Layer 1
10
59.372158
20
54.705421
70
0
0
VERTEX
8
Layer 1
10
59.248573
20
54.629369
70
0
0
VERTEX
8
Layer 1
10
59.039430
20
54.695915
70
0
0
VERTEX
8
Layer 1
10
58.964566
20
54.907435
70
0
0
VERTEX
8
Layer 1
10
59.010910
20
55.019137
70
0
0
VERTEX
8
Layer 1
10
59.391172
20
55.589529
70
0
0
VERTEX
8
Layer 1
10
58.678181
20
56.454624
70
0
0
VERTEX
8
Layer 1
10
58.402491
20
55.988804
70
0
0
VERTEX
8
Layer 1
10
58.294354
20
55.891362
70
0
0
VERTEX
8
Layer 1
10
58.079269
20
55.922258
70
0
0
VERTEX
8
Layer 1
10
57.968755
20
56.118331
70
0
0
VERTEX
8
Layer 1
10
57.993710
20
56.235974
70
0
0
VERTEX
8
Layer 1
10
58.269400
20
56.863406
70
0
0
VERTEX
8
Layer 1
10
57.413811
20
57.595409
70
0
0
VERTEX
8
Layer 1
10
57.223680
20
57.091563
70
0
0
VERTEX
8
Layer 1
10
57.130992
20
56.976296
70
0
0
VERTEX
8
Layer 1
10
56.909965
20
56.967978
70
0
0
VERTEX
8
Layer 1
10
56.768555
20
57.143849
70
0
0
VERTEX
8
Layer 1
10
56.776873
20
57.262680
70
0
0
VERTEX
8
Layer 1
10
56.938484
20
57.928138
70
0
0
VERTEX
8
Layer 1
10
55.968817
20
58.498531
70
0
0
VERTEX
8
Layer 1
10
55.873752
20
57.966164
70
0
0
VERTEX
8
Layer 1
10
55.802453
20
57.837826
70
0
0
VERTEX
8
Layer 1
10
55.588556
20
57.795047
70
0
0
VERTEX
8
Layer 1
10
55.419814
20
57.942398
70
0
0
VERTEX
8
Layer 1
10
55.407931
20
58.061230
70
0
0
VERTEX
8
Layer 1
10
55.455464
20
58.745701
70
0
0
VERTEX
8
Layer 1
10
54.343199
20
59.154482
70
0
0
VERTEX
8
Layer 1
10
54.343199
20
58.612609
70
0
0
VERTEX
8
Layer 1
10
54.298043
20
58.474764
70
0
0
VERTEX
8
Layer 1
10
54.096029
20
58.393959
70
0
0
VERTEX
8
Layer 1
10
53.903521
20
58.508037
70
0
0
VERTEX
8
Layer 1
10
53.867872
20
58.622116
70
0
0
VERTEX
8
Layer 1
10
53.791819
20
59.306586
70
0
0
VERTEX
8
Layer 1
10
52.689061
20
59.506224
70
0
0
VERTEX
8
Layer 1
10
52.784126
20
58.973858
70
0
0
VERTEX
8
Layer 1
10
52.767490
20
58.839578
70
0
0
VERTEX
8
Layer 1
10
52.622515
20
58.726687
70
0
0
VERTEX
8
Layer 1
10
52.527450
20
57.880605
70
0
0
VERTEX
8
Layer 1
10
52.299293
20
58.023204
70
0
0
VERTEX
8
Layer 1
10
52.384852
20
58.783727
70
0
0
VERTEX
8
Layer 1
10
52.308799
20
58.907312
70
0
0
VERTEX
8
Layer 1
10
52.109162
20
59.563263
70
0
0
VERTEX
8
Layer 1
10
51.519756
20
59.582276
70
0
0
VERTEX
8
Layer 1
10
50.987390
20
59.563263
70
0
0
VERTEX
8
Layer 1
10
51.168014
20
59.059416
70
0
0
VERTEX
8
Layer 1
10
51.072949
20
58.802740
70
0
0
VERTEX
8
Layer 1
10
50.626142
20
59.087936
70
0
0
VERTEX
8
Layer 1
10
50.407491
20
59.525237
70
0
0
VERTEX
8
Layer 1
10
50.017723
20
59.468198
70
0
0
VERTEX
8
Layer 1
10
46.566849
20
61.654702
70
0
0
VERTEX
8
Layer 1
10
45.419083
20
62.109233
70
0
0
VERTEX
8
Layer 1
10
44.917000
20
62.104554
70
0
0
VERTEX
8
Layer 1
10
44.478975
20
61.954158
70
0
0
VERTEX
8
Layer 1
10
44.117151
20
61.664728
70
0
0
VERTEX
8
Layer 1
10
43.843671
20
61.242950
70
0
0
VERTEX
8
Layer 1
10
43.610315
20
60.029083
70
0
0
VERTEX
8
Layer 1
10
43.610315
20
55.161735
70
0
0
VERTEX
8
Layer 1
10
43.363145
20
55.218774
70
0
0
VERTEX
8
Layer 1
10
42.792753
20
54.249107
70
0
0
VERTEX
8
Layer 1
10
43.325119
20
54.154042
70
0
0
VERTEX
8
Layer 1
10
43.453457
20
54.086308
70
0
0
VERTEX
8
Layer 1
10
43.496237
20
53.868846
70
0
0
VERTEX
8
Layer 1
10
43.348885
20
53.700104
70
0
0
VERTEX
8
Layer 1
10
43.230054
20
53.688221
70
0
0
VERTEX
8
Layer 1
10
42.545583
20
53.735754
70
0
0
VERTEX
8
Layer 1
10
42.136801
20
52.623489
70
0
0
VERTEX
8
Layer 1
10
42.678674
20
52.623489
70
0
0
VERTEX
8
Layer 1
10
42.816519
20
52.578333
70
0
0
VERTEX
8
Layer 1
10
42.897325
20
52.376319
70
0
0
VERTEX
8
Layer 1
10
42.783246
20
52.183811
70
0
0
VERTEX
8
Layer 1
10
42.669168
20
52.148162
70
0
0
VERTEX
8
Layer 1
10
41.984697
20
52.072109
70
0
0
VERTEX
8
Layer 1
10
41.785059
20
50.969351
70
0
0
VERTEX
8
Layer 1
10
42.317426
20
51.064416
70
0
0
VERTEX
8
Layer 1
10
42.451706
20
51.047780
70
0
0
VERTEX
8
Layer 1
10
42.564596
20
50.902805
70
0
0
VERTEX
8
Layer 1
10
43.610315
20
50.788727
70
0
0
VERTEX
8
Layer 1
10
43.610315
20
50.551063
70
0
0
VERTEX
8
Layer 1
10
42.517063
20
50.674648
70
0
0
VERTEX
8
Layer 1
10
42.393478
20
50.598596
70
0
0
VERTEX
8
Layer 1
10
41.737527
20
50.408465
70
0
0
VERTEX
8
Layer 1
10
41.718514
20
49.819059
70
0
0
VERTEX
8
Layer 1
10
41.737527
20
49.286693
70
0
0
VERTEX
8
Layer 1
10
42.241373
20
49.467318
70
0
0
VERTEX
8
Layer 1
10
42.388725
20
49.472071
70
0
0
VERTEX
8
Layer 1
10
42.536076
20
49.305706
70
0
0
VERTEX
8
Layer 1
10
42.498050
20
49.083491
70
0
0
VERTEX
8
Layer 1
10
42.402985
20
49.011004
70
0
0
VERTEX
8
Layer 1
10
41.794566
20
48.706794
70
0
0
VERTEX
8
Layer 1
10
41.984697
20
47.594529
70
0
0
VERTEX
8
Layer 1
10
42.450517
20
47.860712
70
0
0
VERTEX
8
Layer 1
10
42.593115
20
47.890420
70
0
0
VERTEX
8
Layer 1
10
42.764233
20
47.756140
70
0
0
VERTEX
8
Layer 1
10
42.760668
20
47.531548
70
0
0
VERTEX
8
Layer 1
10
42.678674
20
47.442424
70
0
0
VERTEX
8
Layer 1
10
42.127295
20
47.033643
70
0
0
VERTEX
8
Layer 1
10
42.507557
20
45.978417
70
0
0
VERTEX
8
Layer 1
10
42.925844
20
46.320653
70
0
0
VERTEX
8
Layer 1
10
43.060124
20
46.375315
70
0
0
VERTEX
8
Layer 1
10
43.258573
20
46.273120
70
0
0
VERTEX
8
Layer 1
10
43.294223
20
46.050905
70
0
0
VERTEX
8
Layer 1
10
43.230054
20
45.949898
70
0
0
VERTEX
8
Layer 1
10
42.754727
20
45.455558
70
0
0
VERTEX
8
Layer 1
10
43.315612
20
44.476384
70
0
0
VERTEX
8
Layer 1
10
43.629328
20
44.847139
70
0
0
VERTEX
8
Layer 1
10
43.629328
20
39.875219
70
0
0
VERTEX
8
Layer 1
10
43.846196
20
38.639368
70
0
0
VERTEX
8
Layer 1
10
44.114607
20
38.210831
70
0
0
VERTEX
8
Layer 1
10
44.473034
20
37.916871
70
0
0
VERTEX
8
Layer 1
10
44.908998
20
37.763727
70
0
0
VERTEX
8
Layer 1
10
45.410022
20
37.757637
70
0
0
VERTEX
8
Layer 1
10
46.557343
20
38.211574
70
0
0
VERTEX
8
Layer 1
10
46.557343
20
38.211574
70
0
0
SEQEND
8
Layer 1
0
POLYLINE
8
Layer 1
62
7
70
0
10
0.000000
20
0.000000
66
1
0
VERTEX
8
Layer 1
10
44.713074
20
39.799166
70
0
0
VERTEX
8
Layer 1
10
44.713074
20
60.038590
70
0
0
VERTEX
8
Layer 1
10
44.813041
20
60.558776
70
0
0
VERTEX
8
Layer 1
10
45.085017
20
60.863282
70
0
0
VERTEX
8
Layer 1
10
45.487114
20
60.928937
70
0
0
VERTEX
8
Layer 1
10
45.977444
20
60.732567
70
0
0
VERTEX
8
Layer 1
10
61.568169
20
50.741194
70
0
0
VERTEX
8
Layer 1
10
61.958531
20
50.361526
70
0
0
VERTEX
8
Layer 1
10
62.088652
20
49.928385
70
0
0
VERTEX
8
Layer 1
10
61.958531
20
49.495243
70
0
0
VERTEX
8
Layer 1
10
61.568169
20
49.115576
70
0
0
VERTEX
8
Layer 1
10
45.986950
20
39.105189
70
0
0
VERTEX
8
Layer 1
10
45.491125
20
38.908819
70
0
0
VERTEX
8
Layer 1
10
45.086205
20
38.974474
70
0
0
VERTEX
8
Layer 1
10
44.813190
20
39.278980
70
0
0
VERTEX
8
Layer 1
10
44.713074
20
39.799166
70
0
0
VERTEX
8
Layer 1
10
44.713074
20
39.799166
70
0
0
SEQEND
8
Layer 1
0
POLYLINE
8
Layer 1
62
7
70
0
10
0.000000
20
0.000000
66
1
0
VERTEX
8
Layer 1
10
50.179334
20
50.446491
70
0
0
VERTEX
8
Layer 1
10
50.160321
20
50.465504
70
0
0
VERTEX
8
Layer 1
10
50.150815
20
50.475011
70
0
0
VERTEX
8
Layer 1
10
50.141308
20
50.484517
70
0
0
VERTEX
8
Layer 1
10
50.141308
20
50.494024
70
0
0
VERTEX
8
Layer 1
10
50.141308
20
50.494024
70
0
0
VERTEX
8
Layer 1
10
50.141308
20
50.494024
70
0
0
VERTEX
8
Layer 1
10
50.141308
20
50.494024
70
0
0
VERTEX
8
Layer 1
10
50.141308
20
50.494024
70
0
0
VERTEX
8
Layer 1
10
50.131802
20
50.503530
70
0
0
VERTEX
8
Layer 1
10
50.131802
20
50.513037
70
0
0
VERTEX
8
Layer 1
10
50.131802
20
50.513037
70
0
0
VERTEX
8
Layer 1
10
50.131802
20
50.513037
70
0
0
VERTEX
8
Layer 1
10
50.131802
20
50.513037
70
0
0
VERTEX
8
Layer 1
10
50.131802
20
50.513037
70
0
0
VERTEX
8
Layer 1
10
50.122295
20
50.522543
70
0
0
VERTEX
8
Layer 1
10
50.112788
20
50.532050
70
0
0
VERTEX
8
Layer 1
10
50.112788
20
50.532050
70
0
0
VERTEX
8
Layer 1
10
50.112788
20
50.532050
70
0
0
VERTEX
8
Layer 1
10
50.112788
20
50.532050
70
0
0
VERTEX
8
Layer 1
10
50.103282
20
50.551063
70
0
0
VERTEX
8
Layer 1
10
50.093775
20
50.570076
70
0
0
VERTEX
8
Layer 1
10
50.084269
20
50.579583
70
0
0
VERTEX
8
Layer 1
10
50.074762
20
50.589089
70
0
0
VERTEX
8
Layer 1
10
50.065256
20
50.608102
70
0
0
VERTEX
8
Layer 1
10
50.065256
20
50.608102
70
0
0
VERTEX
8
Layer 1
10
50.065256
20
50.608102
70
0
0
VERTEX
8
Layer 1
10
50.065256
20
50.608102
70
0
0
VERTEX
8
Layer 1
10
50.055749
20
50.617609
70
0
0
VERTEX
8
Layer 1
10
50.046243
20
50.636622
70
0
0
VERTEX
8
Layer 1
10
50.036736
20
50.655635
70
0
0
VERTEX
8
Layer 1
10
50.027230
20
50.665142
70
0
0
VERTEX
8
Layer 1
10
50.027230
20
50.674648
70
0
0
VERTEX
8
Layer 1
10
50.027230
20
50.684155
70
0
0
VERTEX
8
Layer 1
10
49.960684
20
50.893299
70
0
0
VERTEX
8
Layer 1
10
49.960684
20
50.912312
70
0
0
VERTEX
8
Layer 1
10
49.951177
20
50.931325
70
0
0
VERTEX
8
Layer 1
10
49.941671
20
50.940831
70
0
0
VERTEX
8
Layer 1
10
49.941671
20
50.950338
70
0
0
VERTEX
8
Layer 1
10
49.941671
20
50.959844
70
0
0
VERTEX
8
Layer 1
10
49.941671
20
50.969351
70
0
0
VERTEX
8
Layer 1
10
49.941671
20
50.978857
70
0
0
VERTEX
8
Layer 1
10
49.941671
20
50.978857
70
0
0
VERTEX
8
Layer 1
10
49.932164
20
50.978857
70
0
0
VERTEX
8
Layer 1
10
49.932164
20
50.978857
70
0
0
VERTEX
8
Layer 1
10
49.922658
20
50.978857
70
0
0
VERTEX
8
Layer 1
10
49.913151
20
50.988364
70
0
0
VERTEX
8
Layer 1
10
49.913151
20
50.988364
70
0
0
VERTEX
8
Layer 1
10
49.903645
20
50.988364
70
0
0
VERTEX
8
Layer 1
10
49.894138
20
50.988364
70
0
0
VERTEX
8
Layer 1
10
49.884632
20
50.988364
70
0
0
VERTEX
8
Layer 1
10
49.875125
20
50.988364
70
0
0
VERTEX
8
Layer 1
10
49.865618
20
50.988364
70
0
0
VERTEX
8
Layer 1
10
49.846605
20
50.988364
70
0
0
VERTEX
8
Layer 1
10
49.827592
20
50.978857
70
0
0
VERTEX
8
Layer 1
10
49.808579
20
50.969351
70
0
0
VERTEX
8
Layer 1
10
49.789566
20
50.959844
70
0
0
VERTEX
8
Layer 1
10
49.780060
20
50.950338
70
0
0
VERTEX
8
Layer 1
10
49.770553
20
50.940831
70
0
0
VERTEX
8
Layer 1
10
49.713514
20
50.883792
70
0
0
VERTEX
8
Layer 1
10
49.656475
20
50.826753
70
0
0
VERTEX
8
Layer 1
10
49.599435
20
50.769713
70
0
0
VERTEX
8
Layer 1
10
49.542396
20
50.712674
70
0
0
VERTEX
8
Layer 1
10
49.485357
20
50.655635
70
0
0
VERTEX
8
Layer 1
10
49.456837
20
50.627115
70
0
0
VERTEX
8
Layer 1
10
49.428318
20
50.598596
70
0
0
VERTEX
8
Layer 1
10
49.371278
20
50.532050
70
0
0
VERTEX
8
Layer 1
10
49.314239
20
50.465504
70
0
0
VERTEX
8
Layer 1
10
49.342759
20
50.379945
70
0
0
VERTEX
8
Layer 1
10
49.390291
20
50.351426
70
0
0
VERTEX
8
Layer 1
10
49.437824
20
50.322906
70
0
0
VERTEX
8
Layer 1
10
49.475850
20
50.294386
70
0
0
VERTEX
8
Layer 1
10
49.513876
20
50.265867
70
0
0
VERTEX
8
Layer 1
10
49.542396
20
50.246854
70
0
0
VERTEX
8
Layer 1
10
49.561409
20
50.227841
70
0
0
VERTEX
8
Layer 1
10
49.580422
20
50.208828
70
0
0
VERTEX
8
Layer 1
10
49.599435
20
50.189815
70
0
0
VERTEX
8
Layer 1
10
49.694501
20
50.085243
70
0
0
VERTEX
8
Layer 1
10
49.723020
20
50.047216
70
0
0
VERTEX
8
Layer 1
10
49.770553
20
49.990177
70
0
0
VERTEX
8
Layer 1
10
49.808579
20
49.990177
70
0
0
VERTEX
8
Layer 1
10
50.179334
20
50.446491
70
0
0
VERTEX
8
Layer 1
10
50.179334
20
50.446491
70
0
0
SEQEND
8
Layer 1
0
POLYLINE
8
Layer 1
62
7
70
0
10
0.000000
20
0.000000
66
1
0
VERTEX
8
Layer 1
10
51.681368
20
48.012817
70
0
0
VERTEX
8
Layer 1
10
51.757420
20
47.927258
70
0
0
VERTEX
8
Layer 1
10
51.833472
20
47.841699
70
0
0
VERTEX
8
Layer 1
10
51.909525
20
47.756140
70
0
0
VERTEX
8
Layer 1
10
51.938044
20
47.718114
70
0
0
VERTEX
8
Layer 1
10
52.270773
20
47.993804
70
0
0
VERTEX
8
Layer 1
10
52.261267
20
48.012817
70
0
0
VERTEX
8
Layer 1
10
52.242253
20
48.031830
70
0
0
VERTEX
8
Layer 1
10
52.166201
20
48.126895
70
0
0
VERTEX
8
Layer 1
10
52.090149
20
48.221961
70
0
0
VERTEX
8
Layer 1
10
52.014096
20
48.317026
70
0
0
VERTEX
8
Layer 1
10
51.976070
20
48.364559
70
0
0
VERTEX
8
Layer 1
10
51.938044
20
48.412092
70
0
0
VERTEX
8
Layer 1
10
51.900018
20
48.459624
70
0
0
VERTEX
8
Layer 1
10
51.861992
20
48.507157
70
0
0
VERTEX
8
Layer 1
10
51.823966
20
48.554690
70
0
0
VERTEX
8
Layer 1
10
51.804953
20
48.573703
70
0
0
VERTEX
8
Layer 1
10
51.795446
20
48.583209
70
0
0
VERTEX
8
Layer 1
10
51.785940
20
48.592716
70
0
0
VERTEX
8
Layer 1
10
51.719394
20
48.678275
70
0
0
VERTEX
8
Layer 1
10
51.396171
20
49.096562
70
0
0
VERTEX
8
Layer 1
10
51.339132
20
49.172615
70
0
0
VERTEX
8
Layer 1
10
51.301106
20
49.220147
70
0
0
VERTEX
8
Layer 1
10
51.263080
20
49.267680
70
0
0
VERTEX
8
Layer 1
10
51.234560
20
49.296200
70
0
0
VERTEX
8
Layer 1
10
51.187028
20
49.353239
70
0
0
VERTEX
8
Layer 1
10
51.139495
20
49.410278
70
0
0
VERTEX
8
Layer 1
10
51.129988
20
49.429291
70
0
0
VERTEX
8
Layer 1
10
51.120482
20
49.448304
70
0
0
VERTEX
8
Layer 1
10
51.082456
20
49.495837
70
0
0
VERTEX
8
Layer 1
10
51.044429
20
49.543370
70
0
0
VERTEX
8
Layer 1
10
51.006403
20
49.581396
70
0
0
VERTEX
8
Layer 1
10
50.958871
20
49.628929
70
0
0
VERTEX
8
Layer 1
10
50.911338
20
49.676461
70
0
0
VERTEX
8
Layer 1
10
50.873312
20
49.714488
70
0
0
VERTEX
8
Layer 1
10
50.844792
20
49.752514
70
0
0
VERTEX
8
Layer 1
10
50.835286
20
49.771527
70
0
0
VERTEX
8
Layer 1
10
50.550089
20
49.381759
70
0
0
VERTEX
8
Layer 1
10
50.550089
20
49.353239
70
0
0
VERTEX
8
Layer 1
10
50.540583
20
49.191628
70
0
0
VERTEX
8
Layer 1
10
50.597622
20
49.134589
70
0
0
VERTEX
8
Layer 1
10
50.626142
20
49.096562
70
0
0
VERTEX
8
Layer 1
10
50.692687
20
49.020510
70
0
0
VERTEX
8
Layer 1
10
50.721207
20
48.991990
70
0
0
VERTEX
8
Layer 1
10
50.797259
20
48.915938
70
0
0
VERTEX
8
Layer 1
10
50.825779
20
48.887419
70
0
0
VERTEX
8
Layer 1
10
50.863805
20
48.839886
70
0
0
VERTEX
8
Layer 1
10
50.901831
20
48.801860
70
0
0
VERTEX
8
Layer 1
10
50.968377
20
48.725807
70
0
0
VERTEX
8
Layer 1
10
51.034923
20
48.649755
70
0
0
VERTEX
8
Layer 1
10
51.101469
20
48.573703
70
0
0
VERTEX
8
Layer 1
10
51.168014
20
48.507157
70
0
0
VERTEX
8
Layer 1
10
51.367652
20
48.345546
70
0
0
VERTEX
8
Layer 1
10
51.443704
20
48.269493
70
0
0
VERTEX
8
Layer 1
10
51.519756
20
48.193441
70
0
0
VERTEX
8
Layer 1
10
51.595809
20
48.117389
70
0
0
VERTEX
8
Layer 1
10
51.681368
20
48.012817
70
0
0
SEQEND
8
Layer 1
0
POLYLINE
8
Layer 1
62
7
70
0
10
0.000000
20
0.000000
66
1
0
VERTEX
8
Layer 1
10
47.850232
20
46.814993
70
0
0
VERTEX
8
Layer 1
10
51.995083
20
46.814993
70
0
0
VERTEX
8
Layer 1
10
52.269585
20
46.552375
70
0
0
VERTEX
8
Layer 1
10
52.651035
20
46.453744
70
0
0
VERTEX
8
Layer 1
10
52.850672
20
46.482264
70
0
0
VERTEX
8
Layer 1
10
52.822152
20
46.510784
70
0
0
VERTEX
8
Layer 1
10
52.746100
20
46.605849
70
0
0
VERTEX
8
Layer 1
10
52.670048
20
46.700914
70
0
0
VERTEX
8
Layer 1
10
52.593995
20
46.795980
70
0
0
VERTEX
8
Layer 1
10
52.555969
20
46.843512
70
0
0
VERTEX
8
Layer 1
10
52.489424
20
46.843512
70
0
0
VERTEX
8
Layer 1
10
52.280280
20
47.052656
70
0
0
VERTEX
8
Layer 1
10
52.280280
20
47.157228
70
0
0
VERTEX
8
Layer 1
10
52.280280
20
47.347359
70
0
0
VERTEX
8
Layer 1
10
52.280280
20
47.366372
70
0
0
VERTEX
8
Layer 1
10
52.489424
20
47.604036
70
0
0
VERTEX
8
Layer 1
10
52.632022
20
47.604036
70
0
0
VERTEX
8
Layer 1
10
52.803139
20
47.604036
70
0
0
VERTEX
8
Layer 1
10
52.812646
20
47.604036
70
0
0
VERTEX
8
Layer 1
10
53.059816
20
47.366372
70
0
0
VERTEX
8
Layer 1
10
53.059816
20
47.318839
70
0
0
VERTEX
8
Layer 1
10
53.145375
20
47.223774
70
0
0
VERTEX
8
Layer 1
10
53.183401
20
47.176241
70
0
0
VERTEX
8
Layer 1
10
53.221427
20
47.128709
70
0
0
VERTEX
8
Layer 1
10
53.240440
20
47.109696
70
0
0
VERTEX
8
Layer 1
10
53.259453
20
47.090683
70
0
0
VERTEX
8
Layer 1
10
53.297479
20
47.043150
70
0
0
VERTEX
8
Layer 1
10
53.345012
20
46.995617
70
0
0
VERTEX
8
Layer 1
10
53.383038
20
46.957591
70
0
0
VERTEX
8
Layer 1
10
53.421064
20
47.204761
70
0
0
VERTEX
8
Layer 1
10
53.196472
20
47.750199
70
0
0
VERTEX
8
Layer 1
10
52.651035
20
47.974791
70
0
0
VERTEX
8
Layer 1
10
52.337319
20
47.908245
70
0
0
VERTEX
8
Layer 1
10
52.004590
20
47.632555
70
0
0
VERTEX
8
Layer 1
10
51.976070
20
47.585023
70
0
0
VERTEX
8
Layer 1
10
47.850232
20
47.585023
70
0
0
VERTEX
8
Layer 1
10
47.511561
20
47.986674
70
0
0
VERTEX
8
Layer 1
10
46.994643
20
48.145908
70
0
0
VERTEX
8
Layer 1
10
46.582297
20
48.052031
70
0
0
VERTEX
8
Layer 1
10
46.262640
20
47.794166
70
0
0
VERTEX
8
Layer 1
10
46.262640
20
47.708608
70
0
0
VERTEX
8
Layer 1
10
46.852045
20
47.708608
70
0
0
VERTEX
8
Layer 1
10
47.251320
20
47.204761
70
0
0
VERTEX
8
Layer 1
10
46.852045
20
46.691408
70
0
0
VERTEX
8
Layer 1
10
46.262640
20
46.691408
70
0
0
VERTEX
8
Layer 1
10
46.262640
20
46.615356
70
0
0
VERTEX
8
Layer 1
10
46.262640
20
46.605849
70
0
0
VERTEX
8
Layer 1
10
46.582297
20
46.347984
70
0
0
VERTEX
8
Layer 1
10
46.994643
20
46.254107
70
0
0
VERTEX
8
Layer 1
10
47.511561
20
46.416906
70
0
0
VERTEX
8
Layer 1
10
47.850232
20
46.814993
70
0
0
VERTEX
8
Layer 1
10
47.850232
20
46.814993
70
0
0
SEQEND
8
Layer 1
0
POLYLINE
8
Layer 1
62
7
70
0
10
0.000000
20
0.000000
66
1
0
VERTEX
8
Layer 1
10
47.983324
20
47.128709
70
0
0
VERTEX
8
Layer 1
10
47.935791
20
47.138215
70
0
0
VERTEX
8
Layer 1
10
47.888258
20
47.223774
70
0
0
VERTEX
8
Layer 1
10
47.935791
20
47.309333
70
0
0
VERTEX
8
Layer 1
10
47.983324
20
47.318839
70
0
0
VERTEX
8
Layer 1
10
51.519756
20
47.318839
70
0
0
VERTEX
8
Layer 1
10
51.614822
20
47.223774
70
0
0
VERTEX
8
Layer 1
10
51.519756
20
47.128709
70
0
0
VERTEX
8
Layer 1
10
47.983324
20
47.128709
70
0
0
SEQEND
8
Layer 1
0
POLYLINE
8
Layer 1
62
7
70
0
10
0.000000
20
0.000000
66
1
0
VERTEX
8
Layer 1
10
53.278466
20
52.775593
70
0
0
VERTEX
8
Layer 1
10
53.487610
20
52.975231
70
0
0
VERTEX
8
Layer 1
10
53.724085
20
53.014445
70
0
0
VERTEX
8
Layer 1
10
54.010470
20
53.174868
70
0
0
VERTEX
8
Layer 1
10
54.200601
20
53.593156
70
0
0
VERTEX
8
Layer 1
10
54.200601
20
53.631182
70
0
0
VERTEX
8
Layer 1
10
54.181588
20
53.802300
70
0
0
VERTEX
8
Layer 1
10
54.153068
20
53.887859
70
0
0
VERTEX
8
Layer 1
10
54.134055
20
53.916378
70
0
0
VERTEX
8
Layer 1
10
53.829846
20
53.583649
70
0
0
VERTEX
8
Layer 1
10
53.620702
20
53.593156
70
0
0
VERTEX
8
Layer 1
10
53.525636
20
53.659702
70
0
0
VERTEX
8
Layer 1
10
53.468597
20
53.735754
70
0
0
VERTEX
8
Layer 1
10
53.440077
20
53.802300
70
0
0
VERTEX
8
Layer 1
10
53.715767
20
54.116016
70
0
0
VERTEX
8
Layer 1
10
53.706261
20
54.268120
70
0
0
VERTEX
8
Layer 1
10
53.520883
20
54.268120
70
0
0
VERTEX
8
Layer 1
10
53.135868
20
54.039963
70
0
0
VERTEX
8
Layer 1
10
53.021790
20
53.697728
70
0
0
VERTEX
8
Layer 1
10
53.040803
20
53.469571
70
0
0
VERTEX
8
Layer 1
10
53.040803
20
53.460064
70
0
0
VERTEX
8
Layer 1
10
52.470410
20
52.766087
70
0
0
VERTEX
8
Layer 1
10
53.278466
20
52.766087
70
0
0
VERTEX
8
Layer 1
10
53.278466
20
52.775593
70
0
0
SEQEND
8
Layer 1
0
POLYLINE
8
Layer 1
62
7
70
0
10
0.000000
20
0.000000
66
1
0
VERTEX
8
Layer 1
10
50.188841
20
48.811366
70
0
0
VERTEX
8
Layer 1
10
50.354017
20
49.145283
70
0
0
VERTEX
8
Layer 1
10
50.369465
20
49.400772
70
0
0
VERTEX
8
Layer 1
10
52.755607
20
52.205201
70
0
0
VERTEX
8
Layer 1
10
51.995083
20
52.205201
70
0
0
VERTEX
8
Layer 1
10
49.903645
20
49.847579
70
0
0
VERTEX
8
Layer 1
10
49.646968
20
49.807176
70
0
0
VERTEX
8
Layer 1
10
49.304733
20
49.638435
70
0
0
VERTEX
8
Layer 1
10
49.133615
20
49.286693
70
0
0
VERTEX
8
Layer 1
10
49.152628
20
49.172615
70
0
0
VERTEX
8
Layer 1
10
49.209667
20
48.982484
70
0
0
VERTEX
8
Layer 1
10
49.513876
20
49.296200
70
0
0
VERTEX
8
Layer 1
10
49.513876
20
49.296200
70
0
0
VERTEX
8
Layer 1
10
49.513876
20
49.296200
70
0
0
VERTEX
8
Layer 1
10
49.682618
20
49.260550
70
0
0
VERTEX
8
Layer 1
10
49.894138
20
49.039523
70
0
0
VERTEX
8
Layer 1
10
49.894138
20
49.039523
70
0
0
VERTEX
8
Layer 1
10
49.599435
20
48.716301
70
0
0
VERTEX
8
Layer 1
10
49.608942
20
48.602222
70
0
0
VERTEX
8
Layer 1
10
49.795508
20
48.603411
70
0
0
VERTEX
8
Layer 1
10
50.188841
20
48.811366
70
0
0
VERTEX
8
Layer 1
10
50.188841
20
48.811366
70
0
0
SEQEND
8
Layer 1
0
POLYLINE
8
Layer 1
62
7
70
0
10
0.000000
20
0.000000
66
1
0
VERTEX
8
Layer 1
10
53.097842
20
45.408025
70
0
0
VERTEX
8
Layer 1
10
53.135868
20
45.427038
70
0
0
VERTEX
8
Layer 1
10
53.183401
20
45.446051
70
0
0
VERTEX
8
Layer 1
10
53.259453
20
45.484077
70
0
0
VERTEX
8
Layer 1
10
53.345012
20
45.522103
70
0
0
VERTEX
8
Layer 1
10
53.421064
20
45.560130
70
0
0
VERTEX
8
Layer 1
10
53.506623
20
45.598156
70
0
0
VERTEX
8
Layer 1
10
53.544649
20
45.617169
70
0
0
VERTEX
8
Layer 1
10
53.592182
20
45.645688
70
0
0
VERTEX
8
Layer 1
10
53.668234
20
45.683715
70
0
0
VERTEX
8
Layer 1
10
53.753793
20
45.731247
70
0
0
VERTEX
8
Layer 1
10
53.791819
20
45.759767
70
0
0
VERTEX
8
Layer 1
10
53.839352
20
45.778780
70
0
0
VERTEX
8
Layer 1
10
53.877378
20
45.807300
70
0
0
VERTEX
8
Layer 1
10
53.905898
20
45.835819
70
0
0
VERTEX
8
Layer 1
10
53.943924
20
45.854832
70
0
0
VERTEX
8
Layer 1
10
53.981950
20
45.883352
70
0
0
VERTEX
8
Layer 1
10
54.010470
20
45.911872
70
0
0
VERTEX
8
Layer 1
10
54.038990
20
45.940391
70
0
0
VERTEX
8
Layer 1
10
54.067509
20
45.968911
70
0
0
VERTEX
8
Layer 1
10
54.086522
20
45.997430
70
0
0
VERTEX
8
Layer 1
10
54.105535
20
46.016443
70
0
0
VERTEX
8
Layer 1
10
54.134055
20
46.054470
70
0
0
VERTEX
8
Layer 1
10
54.153068
20
46.082989
70
0
0
VERTEX
8
Layer 1
10
54.162575
20
46.111509
70
0
0
VERTEX
8
Layer 1
10
54.181588
20
46.140028
70
0
0
VERTEX
8
Layer 1
10
54.191094
20
46.168548
70
0
0
VERTEX
8
Layer 1
10
54.191094
20
46.178055
70
0
0
VERTEX
8
Layer 1
10
54.181588
20
46.187561
70
0
0
VERTEX
8
Layer 1
10
54.181588
20
46.206574
70
0
0
VERTEX
8
Layer 1
10
54.181588
20
46.216081
70
0
0
VERTEX
8
Layer 1
10
54.181588
20
46.225587
70
0
0
VERTEX
8
Layer 1
10
54.181588
20
46.235094
70
0
0
VERTEX
8
Layer 1
10
54.181588
20
46.254107
70
0
0
VERTEX
8
Layer 1
10
54.181588
20
46.254107
70
0
0
VERTEX
8
Layer 1
10
54.181588
20
46.263614
70
0
0
VERTEX
8
Layer 1
10
54.181588
20
46.263614
70
0
0
VERTEX
8
Layer 1
10
54.181588
20
46.273120
70
0
0
VERTEX
8
Layer 1
10
54.191094
20
46.282627
70
0
0
VERTEX
8
Layer 1
10
54.191094
20
46.292133
70
0
0
VERTEX
8
Layer 1
10
54.191094
20
46.301640
70
0
0
VERTEX
8
Layer 1
10
54.200601
20
46.301640
70
0
0
VERTEX
8
Layer 1
10
54.200601
20
46.311146
70
0
0
VERTEX
8
Layer 1
10
54.210107
20
46.320653
70
0
0
VERTEX
8
Layer 1
10
54.219614
20
46.330159
70
0
0
VERTEX
8
Layer 1
10
54.219614
20
46.339666
70
0
0
VERTEX
8
Layer 1
10
54.229120
20
46.349172
70
0
0
VERTEX
8
Layer 1
10
54.229120
20
46.349172
70
0
0
VERTEX
8
Layer 1
10
54.248133
20
46.358679
70
0
0
VERTEX
8
Layer 1
10
54.257640
20
46.368185
70
0
0
VERTEX
8
Layer 1
10
54.257640
20
46.377692
70
0
0
VERTEX
8
Layer 1
10
54.267146
20
46.377692
70
0
0
VERTEX
8
Layer 1
10
54.276653
20
46.387199
70
0
0
VERTEX
8
Layer 1
10
54.295666
20
46.396705
70
0
0
VERTEX
8
Layer 1
10
54.295666
20
46.396705
70
0
0
VERTEX
8
Layer 1
10
54.305173
20
46.406212
70
0
0
VERTEX
8
Layer 1
10
54.305173
20
46.406212
70
0
0
VERTEX
8
Layer 1
10
54.324186
20
46.415718
70
0
0
VERTEX
8
Layer 1
10
54.333692
20
46.415718
70
0
0
VERTEX
8
Layer 1
10
54.352705
20
46.425225
70
0
0
VERTEX
8
Layer 1
10
54.371718
20
46.434731
70
0
0
VERTEX
8
Layer 1
10
54.390732
20
46.444238
70
0
0
VERTEX
8
Layer 1
10
54.400238
20
46.444238
70
0
0
VERTEX
8
Layer 1
10
54.409745
20
46.444238
70
0
0
VERTEX
8
Layer 1
10
54.428758
20
46.453744
70
0
0
VERTEX
8
Layer 1
10
54.447771
20
46.463251
70
0
0
VERTEX
8
Layer 1
10
54.476290
20
46.463251
70
0
0
VERTEX
8
Layer 1
10
54.495303
20
46.472757
70
0
0
VERTEX
8
Layer 1
10
54.723460
20
46.691408
70
0
0
VERTEX
8
Layer 1
10
54.713954
20
46.710421
70
0
0
VERTEX
8
Layer 1
10
54.704447
20
46.738941
70
0
0
VERTEX
8
Layer 1
10
54.694941
20
46.757954
70
0
0
VERTEX
8
Layer 1
10
54.694941
20
46.786473
70
0
0
VERTEX
8
Layer 1
10
54.685434
20
46.805486
70
0
0
VERTEX
8
Layer 1
10
54.675928
20
46.824499
70
0
0
VERTEX
8
Layer 1
10
54.666421
20
46.843512
70
0
0
VERTEX
8
Layer 1
10
54.656915
20
46.862526
70
0
0
VERTEX
8
Layer 1
10
54.647408
20
46.881539
70
0
0
VERTEX
8
Layer 1
10
54.637902
20
46.900552
70
0
0
VERTEX
8
Layer 1
10
54.628395
20
46.910058
70
0
0
VERTEX
8
Layer 1
10
54.618888
20
46.929071
70
0
0
VERTEX
8
Layer 1
10
54.609382
20
46.938578
70
0
0
VERTEX
8
Layer 1
10
54.590369
20
46.948084
70
0
0
VERTEX
8
Layer 1
10
54.580862
20
46.967097
70
0
0
VERTEX
8
Layer 1
10
54.571356
20
46.976604
70
0
0
VERTEX
8
Layer 1
10
54.552343
20
46.986111
70
0
0
VERTEX
8
Layer 1
10
54.533330
20
46.995617
70
0
0
VERTEX
8
Layer 1
10
54.523823
20
47.005124
70
0
0
VERTEX
8
Layer 1
10
54.504810
20
47.014630
70
0
0
VERTEX
8
Layer 1
10
54.485797
20
47.024137
70
0
0
VERTEX
8
Layer 1
10
54.466784
20
47.024137
70
0
0
VERTEX
8
Layer 1
10
54.447771
20
47.033643
70
0
0
VERTEX
8
Layer 1
10
54.419251
20
47.033643
70
0
0
VERTEX
8
Layer 1
10
54.172081
20
46.853019
70
0
0
VERTEX
8
Layer 1
10
54.162575
20
46.834006
70
0
0
VERTEX
8
Layer 1
10
54.162575
20
46.805486
70
0
0
VERTEX
8
Layer 1
10
54.153068
20
46.786473
70
0
0
VERTEX
8
Layer 1
10
54.153068
20
46.767460
70
0
0
VERTEX
8
Layer 1
10
54.134055
20
46.729434
70
0
0
VERTEX
8
Layer 1
10
54.115042
20
46.691408
70
0
0
VERTEX
8
Layer 1
10
54.096029
20
46.653382
70
0
0
VERTEX
8
Layer 1
10
54.077016
20
46.624862
70
0
0
VERTEX
8
Layer 1
10
54.058003
20
46.615356
70
0
0
VERTEX
8
Layer 1
10
54.048496
20
46.605849
70
0
0
VERTEX
8
Layer 1
10
54.029483
20
46.586836
70
0
0
VERTEX
8
Layer 1
10
54.019976
20
46.577329
70
0
0
VERTEX
8
Layer 1
10
54.000963
20
46.567823
70
0
0
VERTEX
8
Layer 1
10
53.981950
20
46.558316
70
0
0
VERTEX
8
Layer 1
10
53.962937
20
46.558316
70
0
0
VERTEX
8
Layer 1
10
53.943924
20
46.548810
70
0
0
VERTEX
8
Layer 1
10
53.934418
20
46.539303
70
0
0
VERTEX
8
Layer 1
10
53.905898
20
46.539303
70
0
0
VERTEX
8
Layer 1
10
53.886885
20
46.529797
70
0
0
VERTEX
8
Layer 1
10
53.867872
20
46.529797
70
0
0
VERTEX
8
Layer 1
10
53.848859
20
46.520290
70
0
0
VERTEX
8
Layer 1
10
53.820339
20
46.520290
70
0
0
VERTEX
8
Layer 1
10
53.801326
20
46.520290
70
0
0
VERTEX
8
Layer 1
10
53.772806
20
46.520290
70
0
0
VERTEX
8
Layer 1
10
53.725274
20
46.520290
70
0
0
VERTEX
8
Layer 1
10
53.668234
20
46.529797
70
0
0
VERTEX
8
Layer 1
10
53.658728
20
46.548810
70
0
0
VERTEX
8
Layer 1
10
53.649221
20
46.558316
70
0
0
VERTEX
8
Layer 1
10
53.630208
20
46.586836
70
0
0
VERTEX
8
Layer 1
10
53.611195
20
46.596342
70
0
0
VERTEX
8
Layer 1
10
53.601689
20
46.615356
70
0
0
VERTEX
8
Layer 1
10
53.582676
20
46.634369
70
0
0
VERTEX
8
Layer 1
10
53.573169
20
46.643875
70
0
0
VERTEX
8
Layer 1
10
53.563663
20
46.653382
70
0
0
VERTEX
8
Layer 1
10
53.544649
20
46.653382
70
0
0
VERTEX
8
Layer 1
10
53.535143
20
46.662888
70
0
0
VERTEX
8
Layer 1
10
53.516130
20
46.672395
70
0
0
VERTEX
8
Layer 1
10
53.497117
20
46.672395
70
0
0
VERTEX
8
Layer 1
10
53.487610
20
46.681901
70
0
0
VERTEX
8
Layer 1
10
53.392545
20
46.767460
70
0
0
VERTEX
8
Layer 1
10
53.373532
20
46.795980
70
0
0
VERTEX
8
Layer 1
10
53.364025
20
46.805486
70
0
0
VERTEX
8
Layer 1
10
53.345012
20
46.814993
70
0
0
VERTEX
8
Layer 1
10
53.297479
20
46.862526
70
0
0
VERTEX
8
Layer 1
10
53.259453
20
46.910058
70
0
0
VERTEX
8
Layer 1
10
53.211921
20
46.957591
70
0
0
VERTEX
8
Layer 1
10
53.164388
20
47.005124
70
0
0
VERTEX
8
Layer 1
10
53.145375
20
47.024137
70
0
0
VERTEX
8
Layer 1
10
53.116855
20
47.052656
70
0
0
VERTEX
8
Layer 1
10
53.078829
20
47.090683
70
0
0
VERTEX
8
Layer 1
10
53.031296
20
47.138215
70
0
0
VERTEX
8
Layer 1
10
52.765113
20
47.442424
70
0
0
VERTEX
8
Layer 1
10
52.622515
20
47.442424
70
0
0
VERTEX
8
Layer 1
10
52.413371
20
47.204761
70
0
0
VERTEX
8
Layer 1
10
52.413371
20
47.195254
70
0
0
VERTEX
8
Layer 1
10
52.689061
20
46.872032
70
0
0
VERTEX
8
Layer 1
10
52.765113
20
46.776967
70
0
0
VERTEX
8
Layer 1
10
52.841165
20
46.681901
70
0
0
VERTEX
8
Layer 1
10
52.926724
20
46.586836
70
0
0
VERTEX
8
Layer 1
10
53.002777
20
46.482264
70
0
0
VERTEX
8
Layer 1
10
53.088336
20
46.377692
70
0
0
VERTEX
8
Layer 1
10
53.088336
20
46.368185
70
0
0
VERTEX
8
Layer 1
10
53.088336
20
46.368185
70
0
0
VERTEX
8
Layer 1
10
53.088336
20
46.368185
70
0
0
VERTEX
8
Layer 1
10
53.088336
20
46.349172
70
0
0
VERTEX
8
Layer 1
10
53.088336
20
46.339666
70
0
0
VERTEX
8
Layer 1
10
53.088336
20
46.330159
70
0
0
VERTEX
8
Layer 1
10
53.088336
20
46.311146
70
0
0
VERTEX
8
Layer 1
10
53.097842
20
46.282627
70
0
0
VERTEX
8
Layer 1
10
53.097842
20
46.263614
70
0
0
VERTEX
8
Layer 1
10
53.107349
20
46.244600
70
0
0
VERTEX
8
Layer 1
10
53.107349
20
46.225587
70
0
0
VERTEX
8
Layer 1
10
53.116855
20
46.216081
70
0
0
VERTEX
8
Layer 1
10
53.116855
20
46.216081
70
0
0
VERTEX
8
Layer 1
10
53.116855
20
46.206574
70
0
0
VERTEX
8
Layer 1
10
53.126362
20
46.197068
70
0
0
VERTEX
8
Layer 1
10
53.135868
20
46.168548
70
0
0
VERTEX
8
Layer 1
10
53.145375
20
46.140028
70
0
0
VERTEX
8
Layer 1
10
53.154881
20
46.111509
70
0
0
VERTEX
8
Layer 1
10
53.173894
20
46.082989
70
0
0
VERTEX
8
Layer 1
10
53.173894
20
46.063976
70
0
0
VERTEX
8
Layer 1
10
53.183401
20
46.044963
70
0
0
VERTEX
8
Layer 1
10
53.202414
20
46.016443
70
0
0
VERTEX
8
Layer 1
10
53.202414
20
46.006937
70
0
0
VERTEX
8
Layer 1
10
53.211921
20
45.997430
70
0
0
VERTEX
8
Layer 1
10
53.221427
20
45.987924
70
0
0
VERTEX
8
Layer 1
10
53.221427
20
45.968911
70
0
0
VERTEX
8
Layer 1
10
53.221427
20
45.949898
70
0
0
VERTEX
8
Layer 1
10
53.221427
20
45.940391
70
0
0
VERTEX
8
Layer 1
10
53.221427
20
45.921378
70
0
0
VERTEX
8
Layer 1
10
53.221427
20
45.911872
70
0
0
VERTEX
8
Layer 1
10
53.211921
20
45.902365
70
0
0
VERTEX
8
Layer 1
10
53.202414
20
45.883352
70
0
0
VERTEX
8
Layer 1
10
53.192907
20
45.873845
70
0
0
VERTEX
8
Layer 1
10
53.183401
20
45.864339
70
0
0
VERTEX
8
Layer 1
10
53.173894
20
45.854832
70
0
0
VERTEX
8
Layer 1
10
53.154881
20
45.845326
70
0
0
VERTEX
8
Layer 1
10
53.145375
20
45.835819
70
0
0
VERTEX
8
Layer 1
10
53.126362
20
45.826313
70
0
0
VERTEX
8
Layer 1
10
53.107349
20
45.826313
70
0
0
VERTEX
8
Layer 1
10
53.078829
20
45.816806
70
0
0
VERTEX
8
Layer 1
10
53.059816
20
45.807300
70
0
0
VERTEX
8
Layer 1
10
53.031296
20
45.769273
70
0
0
VERTEX
8
Layer 1
10
53.012283
20
45.759767
70
0
0
VERTEX
8
Layer 1
10
52.993270
20
45.740754
70
0
0
VERTEX
8
Layer 1
10
52.955244
20
45.702728
70
0
0
VERTEX
8
Layer 1
10
52.917218
20
45.674208
70
0
0
VERTEX
8
Layer 1
10
52.879192
20
45.636182
70
0
0
VERTEX
8
Layer 1
10
52.841165
20
45.607662
70
0
0
VERTEX
8
Layer 1
10
52.793633
20
45.579143
70
0
0
VERTEX
8
Layer 1
10
52.774620
20
45.560130
70
0
0
VERTEX
8
Layer 1
10
52.746100
20
45.550623
70
0
0
VERTEX
8
Layer 1
10
52.698567
20
45.522103
70
0
0
VERTEX
8
Layer 1
10
52.651035
20
45.493584
70
0
0
VERTEX
8
Layer 1
10
52.603502
20
45.465064
70
0
0
VERTEX
8
Layer 1
10
52.574982
20
45.446051
70
0
0
VERTEX
8
Layer 1
10
52.546463
20
45.436545
70
0
0
VERTEX
8
Layer 1
10
52.489423
20
45.417531
70
0
0
VERTEX
8
Layer 1
10
52.432384
20
45.389012
70
0
0
VERTEX
8
Layer 1
10
52.375345
20
45.369999
70
0
0
VERTEX
8
Layer 1
10
52.318306
20
45.341479
70
0
0
VERTEX
8
Layer 1
10
52.308799
20
45.322466
70
0
0
VERTEX
8
Layer 1
10
52.308799
20
45.293946
70
0
0
VERTEX
8
Layer 1
10
52.308799
20
45.274933
70
0
0
VERTEX
8
Layer 1
10
52.308799
20
45.246414
70
0
0
VERTEX
8
Layer 1
10
52.318306
20
45.227401
70
0
0
VERTEX
8
Layer 1
10
52.318306
20
45.208388
70
0
0
VERTEX
8
Layer 1
10
52.327812
20
45.198881
70
0
0
VERTEX
8
Layer 1
10
52.337319
20
45.179868
70
0
0
VERTEX
8
Layer 1
10
52.441891
20
45.217894
70
0
0
VERTEX
8
Layer 1
10
52.517943
20
45.236907
70
0
0
VERTEX
8
Layer 1
10
52.565476
20
45.246414
70
0
0
VERTEX
8
Layer 1
10
52.603502
20
45.255920
70
0
0
VERTEX
8
Layer 1
10
52.641528
20
45.265427
70
0
0
VERTEX
8
Layer 1
10
52.689061
20
45.274933
70
0
0
VERTEX
8
Layer 1
10
52.727087
20
45.284440
70
0
0
VERTEX
8
Layer 1
10
52.765113
20
45.293946
70
0
0
VERTEX
8
Layer 1
10
52.812646
20
45.312960
70
0
0
VERTEX
8
Layer 1
10
52.850672
20
45.322466
70
0
0
VERTEX
8
Layer 1
10
52.888698
20
45.331973
70
0
0
VERTEX
8
Layer 1
10
52.936231
20
45.350986
70
0
0
VERTEX
8
Layer 1
10
52.974257
20
45.360492
70
0
0
VERTEX
8
Layer 1
10
53.012283
20
45.379505
70
0
0
VERTEX
8
Layer 1
10
53.097842
20
45.408025
70
0
0
SEQEND
8
Layer 1
0
POLYLINE
8
Layer 1
62
7
70
0
10
0.000000
20
0.000000
66
1
0
VERTEX
8
Layer 1
10
49.418811
20
52.053096
70
0
0
VERTEX
8
Layer 1
10
49.418811
20
52.053096
70
0
0
VERTEX
8
Layer 1
10
49.418811
20
52.053096
70
0
0
VERTEX
8
Layer 1
10
49.513876
20
52.290760
70
0
0
VERTEX
8
Layer 1
10
49.523383
20
52.414345
70
0
0
VERTEX
8
Layer 1
10
53.981950
20
52.414345
70
0
0
VERTEX
8
Layer 1
10
54.124548
20
52.357306
70
0
0
VERTEX
8
Layer 1
10
54.580862
20
52.423851
70
0
0
VERTEX
8
Layer 1
10
54.580862
20
52.594969
70
0
0
VERTEX
8
Layer 1
10
54.124548
20
52.661515
70
0
0
VERTEX
8
Layer 1
10
53.991457
20
52.585463
70
0
0
VERTEX
8
Layer 1
10
49.532890
20
52.585463
70
0
0
VERTEX
8
Layer 1
10
49.532890
20
52.613982
70
0
0
VERTEX
8
Layer 1
10
49.456837
20
52.851646
70
0
0
VERTEX
8
Layer 1
10
49.456837
20
52.851646
70
0
0
VERTEX
8
Layer 1
10
49.447331
20
52.851646
70
0
0
VERTEX
8
Layer 1
10
49.399798
20
52.813620
70
0
0
VERTEX
8
Layer 1
10
49.190654
20
52.728061
70
0
0
VERTEX
8
Layer 1
10
49.048056
20
52.775593
70
0
0
VERTEX
8
Layer 1
10
46.623888
20
52.927698
70
0
0
VERTEX
8
Layer 1
10
46.313737
20
52.867094
70
0
0
VERTEX
8
Layer 1
10
46.082016
20
52.613982
70
0
0
VERTEX
8
Layer 1
10
46.072509
20
52.490397
70
0
0
VERTEX
8
Layer 1
10
46.082016
20
52.395332
70
0
0
VERTEX
8
Layer 1
10
46.305419
20
52.136279
70
0
0
VERTEX
8
Layer 1
10
46.614382
20
52.062603
70
0
0
VERTEX
8
Layer 1
10
49.048056
20
52.148162
70
0
0
VERTEX
8
Layer 1
10
49.190654
20
52.186188
70
0
0
VERTEX
8
Layer 1
10
49.390291
20
52.091123
70
0
0
VERTEX
8
Layer 1
10
49.418811
20
52.053096
70
0
0
VERTEX
8
Layer 1
10
49.418811
20
52.053096
70
0
0
SEQEND
8
Layer 1
0
POLYLINE
8
Layer 1
62
7
70
0
10
0.000000
20
0.000000
66
1
0
VERTEX
8
Layer 1
10
115.927608
20
74.250000
70
0
0
VERTEX
8
Layer 1
10
199.072392
20
74.250000
70
0
0
VERTEX
8
Layer 1
10
201.214218
20
74.038089
70
0
0
VERTEX
8
Layer 1
10
203.254207
20
73.418185
70
0
0
VERTEX
8
Layer 1
10
205.135034
20
72.414034
70
0
0
VERTEX
8
Layer 1
10
206.799378
20
71.049378
70
0
0
VERTEX
8
Layer 1
10
208.164034
20
69.385034
70
0
0
VERTEX
8
Layer 1
10
209.168185
20
67.504207
70
0
0
VERTEX
8
Layer 1
10
209.788089
20
65.464218
70
0
0
VERTEX
8
Layer 1
10
210.000000
20
63.322392
70
0
0
VERTEX
8
Layer 1
10
210.000000
20
10.927608
70
0
0
VERTEX
8
Layer 1
10
209.788089
20
8.785782
70
0
0
VERTEX
8
Layer 1
10
209.168185
20
6.745793
70
0
0
VERTEX
8
Layer 1
10
208.164034
20
4.864966
70
0
0
VERTEX
8
Layer 1
10
206.799378
20
3.200622
70
0
0
VERTEX
8
Layer 1
10
205.135034
20
1.835966
70
0
0
VERTEX
8
Layer 1
10
203.254207
20
0.831815
70
0
0
VERTEX
8
Layer 1
10
201.214218
20
0.211911
70
0
0
VERTEX
8
Layer 1
10
199.072392
20
0.000000
70
0
0
VERTEX
8
Layer 1
10
115.927608
20
0.000000
70
0
0
VERTEX
8
Layer 1
10
113.785782
20
0.211911
70
0
0
VERTEX
8
Layer 1
10
111.745793
20
0.831815
70
0
0
VERTEX
8
Layer 1
10
109.864966
20
1.835966
70
0
0
VERTEX
8
Layer 1
10
108.200622
20
3.200622
70
0
0
VERTEX
8
Layer 1
10
106.835966
20
4.864966
70
0
0
VERTEX
8
Layer 1
10
105.831815
20
6.745793
70
0
0
VERTEX
8
Layer 1
10
105.211911
20
8.785782
70
0
0
VERTEX
8
Layer 1
10
105.000000
20
10.927608
70
0
0
VERTEX
8
Layer 1
10
105.000000
20
63.322392
70
0
0
VERTEX
8
Layer 1
10
105.211911
20
65.464218
70
0
0
VERTEX
8
Layer 1
10
105.831815
20
67.504207
70
0
0
VERTEX
8
Layer 1
10
106.835966
20
69.385034
70
0
0
VERTEX
8
Layer 1
10
108.200622
20
71.049378
70
0
0
VERTEX
8
Layer 1
10
109.864966
20
72.414034
70
0
0
VERTEX
8
Layer 1
10
111.745793
20
73.418185
70
0
0
VERTEX
8
Layer 1
10
113.785782
20
74.038089
70
0
0
VERTEX
8
Layer 1
10
115.927608
20
74.250000
70
0
0
VERTEX
8
Layer 1
10
115.927608
20
74.250000
70
0
0
SEQEND
8
Layer 1
0
POLYLINE
8
Layer 1
62
7
70
0
10
0.000000
20
0.000000
66
1
0
VERTEX
8
Layer 1
10
164.353145
20
34.598089
70
0
0
VERTEX
8
Layer 1
10
164.353145
20
35.415651
70
0
0
VERTEX
8
Layer 1
10
160.141748
20
35.415651
70
0
0
VERTEX
8
Layer 1
10
160.141748
20
34.978351
70
0
0
VERTEX
8
Layer 1
10
163.934858
20
34.978351
70
0
0
VERTEX
8
Layer 1
10
163.934858
20
34.883285
70
0
0
VERTEX
8
Layer 1
10
160.293853
20
33.818553
70
0
0
VERTEX
8
Layer 1
10
160.293853
20
33.238654
70
0
0
VERTEX
8
Layer 1
10
163.934858
20
32.164415
70
0
0
VERTEX
8
Layer 1
10
163.934858
20
32.078856
70
0
0
VERTEX
8
Layer 1
10
160.141748
20
32.078856
70
0
0
VERTEX
8
Layer 1
10
160.141748
20
31.632048
70
0
0
VERTEX
8
Layer 1
10
164.353145
20
31.632048
70
0
0
VERTEX
8
Layer 1
10
164.353145
20
32.449611
70
0
0
VERTEX
8
Layer 1
10
160.740660
20
33.523850
70
0
0
VERTEX
8
Layer 1
10
164.353145
20
34.598089
70
0
0
SEQEND
8
Layer 1
0
POLYLINE
8
Layer 1
62
7
70
0
10
0.000000
20
0.000000
66
1
0
VERTEX
8
Layer 1
10
163.934858
20
29.570129
70
0
0
VERTEX
8
Layer 1
10
163.934858
20
29.389505
70
0
0
VERTEX
8
Layer 1
10
161.624768
20
28.790593
70
0
0
VERTEX
8
Layer 1
10
161.624768
20
30.178548
70
0
0
VERTEX
8
Layer 1
10
163.934858
20
29.570129
70
0
0
SEQEND
8
Layer 1
0
POLYLINE
8
Layer 1
62
7
70
0
10
0.000000
20
0.000000
66
1
0
VERTEX
8
Layer 1
10
160.141748
20
31.034136
70
0
0
VERTEX
8
Layer 1
10
160.141748
20
30.568316
70
0
0
VERTEX
8
Layer 1
10
161.215987
20
30.273613
70
0
0
VERTEX
8
Layer 1
10
161.215987
20
28.695528
70
0
0
VERTEX
8
Layer 1
10
160.141748
20
28.400825
70
0
0
VERTEX
8
Layer 1
10
160.141748
20
27.935004
70
0
0
VERTEX
8
Layer 1
10
164.353145
20
29.018750
70
0
0
VERTEX
8
Layer 1
10
164.353145
20
29.940884
70
0
0
VERTEX
8
Layer 1
10
160.141748
20
31.034136
70
0
0
SEQEND
8
Layer 1
0
POLYLINE
8
Layer 1
62
7
70
0
10
0.000000
20
0.000000
66
1
0
VERTEX
8
Layer 1
10
160.141748
20
25.216134
70
0
0
VERTEX
8
Layer 1
10
160.141748
20
24.693274
70
0
0
VERTEX
8
Layer 1
10
162.271213
20
25.891098
70
0
0
VERTEX
8
Layer 1
10
164.353145
20
24.759820
70
0
0
VERTEX
8
Layer 1
10
164.353145
20
25.282680
70
0
0
VERTEX
8
Layer 1
10
162.432824
20
26.299880
70
0
0
VERTEX
8
Layer 1
10
162.404305
20
26.870272
70
0
0
VERTEX
8
Layer 1
10
164.353145
20
26.870272
70
0
0
VERTEX
8
Layer 1
10
164.353145
20
27.326586
70
0
0
VERTEX
8
Layer 1
10
160.141748
20
27.326586
70
0
0
VERTEX
8
Layer 1
10
160.141748
20
26.870272
70
0
0
VERTEX
8
Layer 1
10
161.995523
20
26.870272
70
0
0
VERTEX
8
Layer 1
10
162.014537
20
26.290373
70
0
0
VERTEX
8
Layer 1
10
160.141748
20
25.216134
70
0
0
SEQEND
8
Layer 1
0
POLYLINE
8
Layer 1
62
7
70
0
10
0.000000
20
0.000000
66
1
0
VERTEX
8
Layer 1
10
160.141748
20
21.784273
70
0
0
VERTEX
8
Layer 1
10
160.560036
20
21.784273
70
0
0
VERTEX
8
Layer 1
10
160.560036
20
23.676074
70
0
0
VERTEX
8
Layer 1
10
162.081082
20
23.676074
70
0
0
VERTEX
8
Layer 1
10
162.081082
20
22.126508
70
0
0
VERTEX
8
Layer 1
10
162.489864
20
22.126508
70
0
0
VERTEX
8
Layer 1
10
162.489864
20
23.676074
70
0
0
VERTEX
8
Layer 1
10
163.934858
20
23.676074
70
0
0
VERTEX
8
Layer 1
10
163.934858
20
21.784273
70
0
0
VERTEX
8
Layer 1
10
164.353145
20
21.784273
70
0
0
VERTEX
8
Layer 1
10
164.353145
20
24.132388
70
0
0
VERTEX
8
Layer 1
10
160.141748
20
24.132388
70
0
0
VERTEX
8
Layer 1
10
160.141748
20
21.784273
70
0
0
SEQEND
8
Layer 1
0
POLYLINE
8
Layer 1
62
7
70
0
10
0.000000
20
0.000000
66
1
0
VERTEX
8
Layer 1
10
163.069762
20
18.875272
70
0
0
VERTEX
8
Layer 1
10
162.381727
20
19.066591
70
0
0
VERTEX
8
Layer 1
10
162.157135
20
19.664315
70
0
0
VERTEX
8
Layer 1
10
162.157135
20
20.586449
70
0
0
VERTEX
8
Layer 1
10
163.944364
20
20.586449
70
0
0
VERTEX
8
Layer 1
10
163.944364
20
19.664315
70
0
0
VERTEX
8
Layer 1
10
163.728090
20
19.066591
70
0
0
VERTEX
8
Layer 1
10
163.069762
20
18.875272
70
0
0
VERTEX
8
Layer 1
10
163.069762
20
18.875272
70
0
0
SEQEND
8
Layer 1
0
POLYLINE
8
Layer 1
62
7
70
0
10
0.000000
20
0.000000
66
1
0
VERTEX
8
Layer 1
10
160.141748
20
18.799219
70
0
0
VERTEX
8
Layer 1
10
160.141748
20
18.295373
70
0
0
VERTEX
8
Layer 1
10
161.843419
20
19.103429
70
0
0
VERTEX
8
Layer 1
10
162.221304
20
18.601959
70
0
0
VERTEX
8
Layer 1
10
163.069762
20
18.399945
70
0
0
VERTEX
8
Layer 1
10
163.641789
20
18.481196
70
0
0
VERTEX
8
Layer 1
10
164.038241
20
18.721979
70
0
0
VERTEX
8
Layer 1
10
164.268923
20
19.117837
70
0
0
VERTEX
8
Layer 1
10
164.343639
20
19.664315
70
0
0
VERTEX
8
Layer 1
10
164.343639
20
21.052269
70
0
0
VERTEX
8
Layer 1
10
160.132242
20
21.052269
70
0
0
VERTEX
8
Layer 1
10
160.132242
20
20.586449
70
0
0
VERTEX
8
Layer 1
10
161.748353
20
20.586449
70
0
0
VERTEX
8
Layer 1
10
161.748353
20
19.550236
70
0
0
VERTEX
8
Layer 1
10
160.141748
20
18.799219
70
0
0
SEQEND
8
Layer 1
0
POLYLINE
8
Layer 1
62
7
70
0
10
0.000000
20
0.000000
66
1
0
VERTEX
8
Layer 1
10
164.362652
20
17.268667
70
0
0
VERTEX
8
Layer 1
10
164.362652
20
17.696461
70
0
0
VERTEX
8
Layer 1
10
162.974697
20
17.677448
70
0
0
VERTEX
8
Layer 1
10
162.974697
20
17.278173
70
0
0
VERTEX
8
Layer 1
10
164.362652
20
17.268667
70
0
0
SEQEND
8
Layer 1
0
POLYLINE
8
Layer 1
62
7
70
0
10
0.000000
20
0.000000
66
1
0
VERTEX
8
Layer 1
10
164.286600
20
14.207561
70
0
0
VERTEX
8
Layer 1
10
164.410185
20
15.329332
70
0
0
VERTEX
8
Layer 1
10
164.341114
20
15.884277
70
0
0
VERTEX
8
Layer 1
10
164.128553
20
16.289493
70
0
0
VERTEX
8
Layer 1
10
163.764483
20
16.537851
70
0
0
VERTEX
8
Layer 1
10
163.240880
20
16.622222
70
0
0
VERTEX
8
Layer 1
10
162.788577
20
16.544684
70
0
0
VERTEX
8
Layer 1
10
162.474415
20
16.315636
70
0
0
VERTEX
8
Layer 1
10
162.100095
20
15.424398
70
0
0
VERTEX
8
Layer 1
10
161.856490
20
14.782706
70
0
0
VERTEX
8
Layer 1
10
161.320559
20
14.568809
70
0
0
VERTEX
8
Layer 1
10
160.695504
20
14.760128
70
0
0
VERTEX
8
Layer 1
10
160.483984
20
15.357852
70
0
0
VERTEX
8
Layer 1
10
160.569542
20
16.536663
70
0
0
VERTEX
8
Layer 1
10
160.189281
20
16.565183
70
0
0
VERTEX
8
Layer 1
10
160.075202
20
15.357852
70
0
0
VERTEX
8
Layer 1
10
160.158236
20
14.795332
70
0
0
VERTEX
8
Layer 1
10
160.404366
20
14.401256
70
0
0
VERTEX
8
Layer 1
10
160.809137
20
14.169386
70
0
0
VERTEX
8
Layer 1
10
161.368092
20
14.093482
70
0
0
VERTEX
8
Layer 1
10
161.837923
20
14.164633
70
0
0
VERTEX
8
Layer 1
10
162.153570
20
14.377490
70
0
0
VERTEX
8
Layer 1
10
162.518383
20
15.224760
70
0
0
VERTEX
8
Layer 1
10
162.775060
20
15.919926
70
0
0
VERTEX
8
Layer 1
10
163.288413
20
16.137388
70
0
0
VERTEX
8
Layer 1
10
163.829097
20
15.929433
70
0
0
VERTEX
8
Layer 1
10
163.991897
20
15.300813
70
0
0
VERTEX
8
Layer 1
10
163.906338
20
14.226574
70
0
0
VERTEX
8
Layer 1
10
164.286600
20
14.207561
70
0
0
SEQEND
8
Layer 1
0
POLYLINE
8
Layer 1
62
7
70
0
10
0.000000
20
0.000000
66
1
0
VERTEX
8
Layer 1
10
157.651035
20
34.199814
70
0
0
VERTEX
8
Layer 1
10
157.651035
20
34.019190
70
0
0
VERTEX
8
Layer 1
10
155.340945
20
33.420278
70
0
0
VERTEX
8
Layer 1
10
155.340945
20
34.808233
70
0
0
VERTEX
8
Layer 1
10
157.651035
20
34.199814
70
0
0
SEQEND
8
Layer 1
0
POLYLINE
8
Layer 1
62
7
70
0
10
0.000000
20
0.000000
66
1
0
VERTEX
8
Layer 1
10
153.857925
20
35.663821
70
0
0
VERTEX
8
Layer 1
10
153.857925
20
35.198001
70
0
0
VERTEX
8
Layer 1
10
154.932164
20
34.903298
70
0
0
VERTEX
8
Layer 1
10
154.932164
20
33.325213
70
0
0
VERTEX
8
Layer 1
10
153.857925
20
33.030510
70
0
0
VERTEX
8
Layer 1
10
153.857925
20
32.564689
70
0
0
VERTEX
8
Layer 1
10
158.069322
20
33.648435
70
0
0
VERTEX
8
Layer 1
10
158.069322
20
34.570569
70
0
0
VERTEX
8
Layer 1
10
153.857925
20
35.663821
70
0
0
SEQEND
8
Layer 1
0
POLYLINE
8
Layer 1
62
7
70
0
10
0.000000
20
0.000000
66
1
0
VERTEX
8
Layer 1
10
158.002777
20
29.798286
70
0
0
VERTEX
8
Layer 1
10
158.126362
20
30.920058
70
0
0
VERTEX
8
Layer 1
10
158.057291
20
31.475002
70
0
0
VERTEX
8
Layer 1
10
157.844730
20
31.880219
70
0
0
VERTEX
8
Layer 1
10
157.480660
20
32.128577
70
0
0
VERTEX
8
Layer 1
10
156.957057
20
32.212947
70
0
0
VERTEX
8
Layer 1
10
156.504754
20
32.135410
70
0
0
VERTEX
8
Layer 1
10
156.190592
20
31.906361
70
0
0
VERTEX
8
Layer 1
10
155.816272
20
31.015123
70
0
0
VERTEX
8
Layer 1
10
155.572667
20
30.373432
70
0
0
VERTEX
8
Layer 1
10
155.036736
20
30.159535
70
0
0
VERTEX
8
Layer 1
10
154.411681
20
30.350854
70
0
0
VERTEX
8
Layer 1
10
154.200161
20
30.948578
70
0
0
VERTEX
8
Layer 1
10
154.285720
20
32.127389
70
0
0
VERTEX
8
Layer 1
10
153.905458
20
32.155908
70
0
0
VERTEX
8
Layer 1
10
153.791379
20
30.948578
70
0
0
VERTEX
8
Layer 1
10
153.874413
20
30.386058
70
0
0
VERTEX
8
Layer 1
10
154.120543
20
29.991982
70
0
0
VERTEX
8
Layer 1
10
154.525314
20
29.760112
70
0
0
VERTEX
8
Layer 1
10
155.084269
20
29.684208
70
0
0
VERTEX
8
Layer 1
10
155.554100
20
29.755358
70
0
0
VERTEX
8
Layer 1
10
155.869747
20
29.968216
70
0
0
VERTEX
8
Layer 1
10
156.234560
20
30.815486
70
0
0
VERTEX
8
Layer 1
10
156.491237
20
31.510652
70
0
0
VERTEX
8
Layer 1
10
157.004590
20
31.728114
70
0
0
VERTEX
8
Layer 1
10
157.545274
20
31.520158
70
0
0
VERTEX
8
Layer 1
10
157.708074
20
30.891538
70
0
0
VERTEX
8
Layer 1
10
157.622515
20
29.817299
70
0
0
VERTEX
8
Layer 1
10
158.002777
20
29.798286
70
0
0
SEQEND
8
Layer 1
0
POLYLINE
8
Layer 1
62
7
70
0
10
0.000000
20
0.000000
66
1
0
VERTEX
8
Layer 1
10
158.069322
20
29.456051
70
0
0
VERTEX
8
Layer 1
10
155.626142
20
28.229707
70
0
0
VERTEX
8
Layer 1
10
153.857925
20
28.229707
70
0
0
VERTEX
8
Layer 1
10
153.857925
20
27.782900
70
0
0
VERTEX
8
Layer 1
10
155.626142
20
27.782900
70
0
0
VERTEX
8
Layer 1
10
158.069322
20
26.566063
70
0
0
VERTEX
8
Layer 1
10
158.069322
20
27.060403
70
0
0
VERTEX
8
Layer 1
10
156.129988
20
28.011057
70
0
0
VERTEX
8
Layer 1
10
158.069322
20
28.952204
70
0
0
VERTEX
8
Layer 1
10
158.069322
20
29.456051
70
0
0
SEQEND
8
Layer 1
0
POLYLINE
8
Layer 1
62
7
70
0
10
0.000000
20
0.000000
66
1
0
VERTEX
8
Layer 1
10
154.266706
20
23.904231
70
0
0
VERTEX
8
Layer 1
10
154.266706
20
25.558369
70
0
0
VERTEX
8
Layer 1
10
158.069322
20
25.558369
70
0
0
VERTEX
8
Layer 1
10
158.069322
20
26.024190
70
0
0
VERTEX
8
Layer 1
10
153.857925
20
26.024190
70
0
0
VERTEX
8
Layer 1
10
153.857925
20
23.904231
70
0
0
VERTEX
8
Layer 1
10
154.266706
20
23.904231
70
0
0
SEQEND
8
Layer 1
0
POLYLINE
8
Layer 1
62
7
70
0
10
0.000000
20
0.000000
66
1
0
VERTEX
8
Layer 1
10
158.069322
20
23.001110
70
0
0
VERTEX
8
Layer 1
10
158.069322
20
23.466931
70
0
0
VERTEX
8
Layer 1
10
155.141308
20
23.466931
70
0
0
VERTEX
8
Layer 1
10
154.542842
20
23.384045
70
0
0
VERTEX
8
Layer 1
10
154.125297
20
23.131825
70
0
0
VERTEX
8
Layer 1
10
153.880652
20
22.704922
70
0
0
VERTEX
8
Layer 1
10
153.800886
20
22.097989
70
0
0
VERTEX
8
Layer 1
10
153.880652
20
21.485560
70
0
0
VERTEX
8
Layer 1
10
154.125297
20
21.055834
70
0
0
VERTEX
8
Layer 1
10
154.542842
20
20.802574
70
0
0
VERTEX
8
Layer 1
10
155.141308
20
20.719541
70
0
0
VERTEX
8
Layer 1
10
158.069322
20
20.719541
70
0
0
VERTEX
8
Layer 1
10
158.069322
20
21.185361
70
0
0
VERTEX
8
Layer 1
10
155.112788
20
21.185361
70
0
0
VERTEX
8
Layer 1
10
154.418811
20
21.401635
70
0
0
VERTEX
8
Layer 1
10
154.209667
20
22.088482
70
0
0
VERTEX
8
Layer 1
10
154.418811
20
22.771765
70
0
0
VERTEX
8
Layer 1
10
155.112788
20
22.991604
70
0
0
VERTEX
8
Layer 1
10
158.069322
20
22.991604
70
0
0
VERTEX
8
Layer 1
10
158.069322
20
23.001110
70
0
0
SEQEND
8
Layer 1
0
POLYLINE
8
Layer 1
62
7
70
0
10
0.000000
20
0.000000
66
1
0
VERTEX
8
Layer 1
10
158.069322
20
18.979844
70
0
0
VERTEX
8
Layer 1
10
158.069322
20
19.806913
70
0
0
VERTEX
8
Layer 1
10
153.857925
20
19.806913
70
0
0
VERTEX
8
Layer 1
10
153.857925
20
19.369612
70
0
0
VERTEX
8
Layer 1
10
157.651035
20
19.369612
70
0
0
VERTEX
8
Layer 1
10
157.651035
20
19.274546
70
0
0
VERTEX
8
Layer 1
10
154.010030
20
18.200307
70
0
0
VERTEX
8
Layer 1
10
154.010030
20
17.629915
70
0
0
VERTEX
8
Layer 1
10
157.651035
20
16.546169
70
0
0
VERTEX
8
Layer 1
10
157.651035
20
16.460611
70
0
0
VERTEX
8
Layer 1
10
153.857925
20
16.460611
70
0
0
VERTEX
8
Layer 1
10
153.857925
20
16.023310
70
0
0
VERTEX
8
Layer 1
10
158.069322
20
16.023310
70
0
0
VERTEX
8
Layer 1
10
158.069322
20
16.831366
70
0
0
VERTEX
8
Layer 1
10
154.456837
20
17.915111
70
0
0
VERTEX
8
Layer 1
10
158.069322
20
18.979844
70
0
0
SEQEND
8
Layer 1
0
POLYLINE
8
Layer 1
62
7
70
0
10
0.000000
20
0.000000
66
1
0
VERTEX
8
Layer 1
10
164.695381
20
13.076282
70
0
0
VERTEX
8
Layer 1
10
164.695381
20
12.895658
70
0
0
VERTEX
8
Layer 1
10
165.465411
20
12.895658
70
0
0
VERTEX
8
Layer 1
10
164.752420
20
12.677008
70
0
0
VERTEX
8
Layer 1
10
164.752420
20
12.534410
70
0
0
VERTEX
8
Layer 1
10
165.465411
20
12.306253
70
0
0
VERTEX
8
Layer 1
10
164.695381
20
12.306253
70
0
0
VERTEX
8
Layer 1
10
164.695381
20
12.125628
70
0
0
VERTEX
8
Layer 1
10
165.722087
20
12.125628
70
0
0
VERTEX
8
Layer 1
10
165.722087
20
12.372798
70
0
0
VERTEX
8
Layer 1
10
165.009097
20
12.610462
70
0
0
VERTEX
8
Layer 1
10
165.722087
20
12.838619
70
0
0
VERTEX
8
Layer 1
10
165.722087
20
13.085789
70
0
0
VERTEX
8
Layer 1
10
164.695381
20
13.076282
70
0
0
SEQEND
8
Layer 1
0
POLYLINE
8
Layer 1
62
7
70
0
10
0.000000
20
0.000000
66
1
0
VERTEX
8
Layer 1
10
165.550969
20
13.874832
70
0
0
VERTEX
8
Layer 1
10
165.550969
20
13.608649
70
0
0
VERTEX
8
Layer 1
10
164.704887
20
13.608649
70
0
0
VERTEX
8
Layer 1
10
164.704887
20
13.418518
70
0
0
VERTEX
8
Layer 1
10
165.550969
20
13.418518
70
0
0
VERTEX
8
Layer 1
10
165.550969
20
13.190361
70
0
0
VERTEX
8
Layer 1
10
165.722087
20
13.190361
70
0
0
VERTEX
8
Layer 1
10
165.722087
20
13.874832
70
0
0
VERTEX
8
Layer 1
10
165.550969
20
13.874832
70
0
0
SEQEND
8
Layer 1
0
POLYLINE
8
Layer 1
62
7
70
0
10
0.000000
20
0.000000
66
1
0
VERTEX
8
Layer 1
10
151.557343
20
38.211574
70
0
0
VERTEX
8
Layer 1
10
154.618448
20
40.150908
70
0
0
VERTEX
8
Layer 1
10
155.331439
20
40.036830
70
0
0
VERTEX
8
Layer 1
10
155.245880
20
40.550183
70
0
0
VERTEX
8
Layer 1
10
155.645155
20
40.806860
70
0
0
VERTEX
8
Layer 1
10
155.645155
20
40.778340
70
0
0
VERTEX
8
Layer 1
10
155.721207
20
40.654755
70
0
0
VERTEX
8
Layer 1
10
155.920844
20
39.998804
70
0
0
VERTEX
8
Layer 1
10
156.510250
20
39.979791
70
0
0
VERTEX
8
Layer 1
10
157.042616
20
39.998804
70
0
0
VERTEX
8
Layer 1
10
156.861992
20
40.502650
70
0
0
VERTEX
8
Layer 1
10
156.857239
20
40.650002
70
0
0
VERTEX
8
Layer 1
10
157.023603
20
40.797353
70
0
0
VERTEX
8
Layer 1
10
157.245818
20
40.759327
70
0
0
VERTEX
8
Layer 1
10
157.318306
20
40.664261
70
0
0
VERTEX
8
Layer 1
10
157.622515
20
40.055843
70
0
0
VERTEX
8
Layer 1
10
158.734780
20
40.245974
70
0
0
VERTEX
8
Layer 1
10
158.468597
20
40.711794
70
0
0
VERTEX
8
Layer 1
10
158.438889
20
40.854392
70
0
0
VERTEX
8
Layer 1
10
158.573169
20
41.025510
70
0
0
VERTEX
8
Layer 1
10
158.797761
20
41.021945
70
0
0
VERTEX
8
Layer 1
10
158.886885
20
40.939951
70
0
0
VERTEX
8
Layer 1
10
159.295666
20
40.388572
70
0
0
VERTEX
8
Layer 1
10
160.350892
20
40.768833
70
0
0
VERTEX
8
Layer 1
10
160.008657
20
41.187121
70
0
0
VERTEX
8
Layer 1
10
159.953994
20
41.321401
70
0
0
VERTEX
8
Layer 1
10
160.056189
20
41.519850
70
0
0
VERTEX
8
Layer 1
10
160.278405
20
41.555500
70
0
0
VERTEX
8
Layer 1
10
160.379412
20
41.491330
70
0
0
VERTEX
8
Layer 1
10
160.873752
20
41.016003
70
0
0
VERTEX
8
Layer 1
10
161.852925
20
41.576889
70
0
0
VERTEX
8
Layer 1
10
161.444144
20
41.928631
70
0
0
VERTEX
8
Layer 1
10
161.368092
20
42.052216
70
0
0
VERTEX
8
Layer 1
10
161.434638
20
42.261360
70
0
0
VERTEX
8
Layer 1
10
161.646158
20
42.336224
70
0
0
VERTEX
8
Layer 1
10
161.757860
20
42.289880
70
0
0
VERTEX
8
Layer 1
10
162.328252
20
41.909618
70
0
0
VERTEX
8
Layer 1
10
163.193348
20
42.622609
70
0
0
VERTEX
8
Layer 1
10
162.727527
20
42.898298
70
0
0
VERTEX
8
Layer 1
10
162.630085
20
43.006435
70
0
0
VERTEX
8
Layer 1
10
162.660981
20
43.221521
70
0
0
VERTEX
8
Layer 1
10
162.857054
20
43.332034
70
0
0
VERTEX
8
Layer 1
10
162.974697
20
43.307080
70
0
0
VERTEX
8
Layer 1
10
163.602129
20
43.031390
70
0
0
VERTEX
8
Layer 1
10
164.334132
20
43.886979
70
0
0
VERTEX
8
Layer 1
10
163.830286
20
44.077109
70
0
0
VERTEX
8
Layer 1
10
163.715019
20
44.169798
70
0
0
VERTEX
8
Layer 1
10
163.706701
20
44.390825
70
0
0
VERTEX
8
Layer 1
10
163.882572
20
44.532235
70
0
0
VERTEX
8
Layer 1
10
164.001403
20
44.523917
70
0
0
VERTEX
8
Layer 1
10
164.666861
20
44.362306
70
0
0
VERTEX
8
Layer 1
10
165.237254
20
45.331973
70
0
0
VERTEX
8
Layer 1
10
164.704887
20
45.427038
70
0
0
VERTEX
8
Layer 1
10
164.576549
20
45.498337
70
0
0
VERTEX
8
Layer 1
10
164.533770
20
45.712234
70
0
0
VERTEX
8
Layer 1
10
164.681121
20
45.880975
70
0
0
VERTEX
8
Layer 1
10
164.799953
20
45.892858
70
0
0
VERTEX
8
Layer 1
10
165.484424
20
45.845326
70
0
0
VERTEX
8
Layer 1
10
165.893205
20
46.957591
70
0
0
VERTEX
8
Layer 1
10
165.351332
20
46.957591
70
0
0
VERTEX
8
Layer 1
10
165.142188
20
46.957591
70
0
0
VERTEX
8
Layer 1
10
167.062509
20
48.193441
70
0
0
VERTEX
8
Layer 1
10
167.976920
20
49.041900
70
0
0
VERTEX
8
Layer 1
10
168.281723
20
49.975917
70
0
0
VERTEX
8
Layer 1
10
167.976920
20
50.909935
70
0
0
VERTEX
8
Layer 1
10
167.062509
20
51.758394
70
0
0
VERTEX
8
Layer 1
10
165.902711
20
52.499904
70
0
0
VERTEX
8
Layer 1
10
165.912218
20
52.566450
70
0
0
VERTEX
8
Layer 1
10
165.531956
20
53.621675
70
0
0
VERTEX
8
Layer 1
10
165.113669
20
53.269934
70
0
0
VERTEX
8
Layer 1
10
164.979389
20
53.215271
70
0
0
VERTEX
8
Layer 1
10
164.780940
20
53.317466
70
0
0
VERTEX
8
Layer 1
10
164.745290
20
53.539682
70
0
0
VERTEX
8
Layer 1
10
164.809459
20
53.640689
70
0
0
VERTEX
8
Layer 1
10
165.284786
20
54.135029
70
0
0
VERTEX
8
Layer 1
10
164.723900
20
55.114202
70
0
0
VERTEX
8
Layer 1
10
164.372158
20
54.705421
70
0
0
VERTEX
8
Layer 1
10
164.248573
20
54.629369
70
0
0
VERTEX
8
Layer 1
10
164.039430
20
54.695915
70
0
0
VERTEX
8
Layer 1
10
163.964566
20
54.907435
70
0
0
VERTEX
8
Layer 1
10
164.010910
20
55.019137
70
0
0
VERTEX
8
Layer 1
10
164.391172
20
55.589529
70
0
0
VERTEX
8
Layer 1
10
163.678181
20
56.454624
70
0
0
VERTEX
8
Layer 1
10
163.402491
20
55.988804
70
0
0
VERTEX
8
Layer 1
10
163.294354
20
55.891362
70
0
0
VERTEX
8
Layer 1
10
163.079269
20
55.922258
70
0
0
VERTEX
8
Layer 1
10
162.968755
20
56.118331
70
0
0
VERTEX
8
Layer 1
10
162.993710
20
56.235974
70
0
0
VERTEX
8
Layer 1
10
163.269400
20
56.863406
70
0
0
VERTEX
8
Layer 1
10
162.413811
20
57.595409
70
0
0
VERTEX
8
Layer 1
10
162.223680
20
57.091563
70
0
0
VERTEX
8
Layer 1
10
162.130992
20
56.976296
70
0
0
VERTEX
8
Layer 1
10
161.909965
20
56.967978
70
0
0
VERTEX
8
Layer 1
10
161.768555
20
57.143849
70
0
0
VERTEX
8
Layer 1
10
161.776873
20
57.262680
70
0
0
VERTEX
8
Layer 1
10
161.938484
20
57.928138
70
0
0
VERTEX
8
Layer 1
10
160.968817
20
58.498531
70
0
0
VERTEX
8
Layer 1
10
160.873752
20
57.966164
70
0
0
VERTEX
8
Layer 1
10
160.802453
20
57.837826
70
0
0
VERTEX
8
Layer 1
10
160.588556
20
57.795047
70
0
0
VERTEX
8
Layer 1
10
160.419814
20
57.942398
70
0
0
VERTEX
8
Layer 1
10
160.407931
20
58.061230
70
0
0
VERTEX
8
Layer 1
10
160.455464
20
58.745701
70
0
0
VERTEX
8
Layer 1
10
159.343199
20
59.154482
70
0
0
VERTEX
8
Layer 1
10
159.343199
20
58.612609
70
0
0
VERTEX
8
Layer 1
10
159.298043
20
58.474764
70
0
0
VERTEX
8
Layer 1
10
159.096029
20
58.393959
70
0
0
VERTEX
8
Layer 1
10
158.903521
20
58.508037
70
0
0
VERTEX
8
Layer 1
10
158.867872
20
58.622116
70
0
0
VERTEX
8
Layer 1
10
158.791819
20
59.306586
70
0
0
VERTEX
8
Layer 1
10
157.689061
20
59.506224
70
0
0
VERTEX
8
Layer 1
10
157.784126
20
58.973858
70
0
0
VERTEX
8
Layer 1
10
157.767490
20
58.839578
70
0
0
VERTEX
8
Layer 1
10
157.622515
20
58.726687
70
0
0
VERTEX
8
Layer 1
10
157.527450
20
57.880605
70
0
0
VERTEX
8
Layer 1
10
157.299293
20
58.023204
70
0
0
VERTEX
8
Layer 1
10
157.384852
20
58.783727
70
0
0
VERTEX
8
Layer 1
10
157.308799
20
58.907312
70
0
0
VERTEX
8
Layer 1
10
157.109162
20
59.563263
70
0
0
VERTEX
8
Layer 1
10
156.519756
20
59.582276
70
0
0
VERTEX
8
Layer 1
10
155.987390
20
59.563263
70
0
0
VERTEX
8
Layer 1
10
156.168014
20
59.059416
70
0
0
VERTEX
8
Layer 1
10
156.072949
20
58.802740
70
0
0
VERTEX
8
Layer 1
10
155.626142
20
59.087936
70
0
0
VERTEX
8
Layer 1
10
155.407491
20
59.525237
70
0
0
VERTEX
8
Layer 1
10
155.017723
20
59.468198
70
0
0
VERTEX
8
Layer 1
10
151.566849
20
61.654702
70
0
0
VERTEX
8
Layer 1
10
150.419083
20
62.109233
70
0
0
VERTEX
8
Layer 1
10
149.917000
20
62.104554
70
0
0
VERTEX
8
Layer 1
10
149.478975
20
61.954158
70
0
0
VERTEX
8
Layer 1
10
149.117151
20
61.664728
70
0
0
VERTEX
8
Layer 1
10
148.843671
20
61.242950
70
0
0
VERTEX
8
Layer 1
10
148.610315
20
60.029083
70
0
0
VERTEX
8
Layer 1
10
148.610315
20
55.161735
70
0
0
VERTEX
8
Layer 1
10
148.363145
20
55.218774
70
0
0
VERTEX
8
Layer 1
10
147.792753
20
54.249107
70
0
0
VERTEX
8
Layer 1
10
148.325119
20
54.154042
70
0
0
VERTEX
8
Layer 1
10
148.453457
20
54.086308
70
0
0
VERTEX
8
Layer 1
10
148.496237
20
53.868846
70
0
0
VERTEX
8
Layer 1
10
148.348885
20
53.700104
70
0
0
VERTEX
8
Layer 1
10
148.230054
20
53.688221
70
0
0
VERTEX
8
Layer 1
10
147.545583
20
53.735754
70
0
0
VERTEX
8
Layer 1
10
147.136801
20
52.623489
70
0
0
VERTEX
8
Layer 1
10
147.678674
20
52.623489
70
0
0
VERTEX
8
Layer 1
10
147.816519
20
52.578333
70
0
0
VERTEX
8
Layer 1
10
147.897325
20
52.376319
70
0
0
VERTEX
8
Layer 1
10
147.783246
20
52.183811
70
0
0
VERTEX
8
Layer 1
10
147.669168
20
52.148162
70
0
0
VERTEX
8
Layer 1
10
146.984697
20
52.072109
70
0
0
VERTEX
8
Layer 1
10
146.785059
20
50.969351
70
0
0
VERTEX
8
Layer 1
10
147.317426
20
51.064416
70
0
0
VERTEX
8
Layer 1
10
147.451706
20
51.047780
70
0
0
VERTEX
8
Layer 1
10
147.564596
20
50.902805
70
0
0
VERTEX
8
Layer 1
10
148.610315
20
50.788727
70
0
0
VERTEX
8
Layer 1
10
148.610315
20
50.551063
70
0
0
VERTEX
8
Layer 1
10
147.517063
20
50.674648
70
0
0
VERTEX
8
Layer 1
10
147.393478
20
50.598596
70
0
0
VERTEX
8
Layer 1
10
146.737527
20
50.408465
70
0
0
VERTEX
8
Layer 1
10
146.718514
20
49.819059
70
0
0
VERTEX
8
Layer 1
10
146.737527
20
49.286693
70
0
0
VERTEX
8
Layer 1
10
147.241373
20
49.467318
70
0
0
VERTEX
8
Layer 1
10
147.388725
20
49.472071
70
0
0
VERTEX
8
Layer 1
10
147.536076
20
49.305706
70
0
0
VERTEX
8
Layer 1
10
147.498050
20
49.083491
70
0
0
VERTEX
8
Layer 1
10
147.402985
20
49.011004
70
0
0
VERTEX
8
Layer 1
10
146.794566
20
48.706794
70
0
0
VERTEX
8
Layer 1
10
146.984697
20
47.594529
70
0
0
VERTEX
8
Layer 1
10
147.450517
20
47.860712
70
0
0
VERTEX
8
Layer 1
10
147.593115
20
47.890420
70
0
0
VERTEX
8
Layer 1
10
147.764233
20
47.756140
70
0
0
VERTEX
8
Layer 1
10
147.760668
20
47.531548
70
0
0
VERTEX
8
Layer 1
10
147.678674
20
47.442424
70
0
0
VERTEX
8
Layer 1
10
147.127295
20
47.033643
70
0
0
VERTEX
8
Layer 1
10
147.507557
20
45.978417
70
0
0
VERTEX
8
Layer 1
10
147.925844
20
46.320653
70
0
0
VERTEX
8
Layer 1
10
148.060124
20
46.375315
70
0
0
VERTEX
8
Layer 1
10
148.258573
20
46.273120
70
0
0
VERTEX
8
Layer 1
10
148.294223
20
46.050905
70
0
0
VERTEX
8
Layer 1
10
148.230054
20
45.949898
70
0
0
VERTEX
8
Layer 1
10
147.754727
20
45.455558
70
0
0
VERTEX
8
Layer 1
10
148.315612
20
44.476384
70
0
0
VERTEX
8
Layer 1
10
148.629328
20
44.847139
70
0
0
VERTEX
8
Layer 1
10
148.629328
20
39.875219
70
0
0
VERTEX
8
Layer 1
10
148.846196
20
38.639368
70
0
0
VERTEX
8
Layer 1
10
149.114607
20
38.210831
70
0
0
VERTEX
8
Layer 1
10
149.473034
20
37.916871
70
0
0
VERTEX
8
Layer 1
10
149.908998
20
37.763727
70
0
0
VERTEX
8
Layer 1
10
150.410022
20
37.757637
70
0
0
VERTEX
8
Layer 1
10
151.557343
20
38.211574
70
0
0
VERTEX
8
Layer 1
10
151.557343
20
38.211574
70
0
0
SEQEND
8
Layer 1
0
POLYLINE
8
Layer 1
62
7
70
0
10
0.000000
20
0.000000
66
1
0
VERTEX
8
Layer 1
10
149.713074
20
39.799166
70
0
0
VERTEX
8
Layer 1
10
149.713074
20
60.038590
70
0
0
VERTEX
8
Layer 1
10
149.813041
20
60.558776
70
0
0
VERTEX
8
Layer 1
10
150.085017
20
60.863282
70
0
0
VERTEX
8
Layer 1
10
150.487114
20
60.928937
70
0
0
VERTEX
8
Layer 1
10
150.977444
20
60.732567
70
0
0
VERTEX
8
Layer 1
10
166.568169
20
50.741194
70
0
0
VERTEX
8
Layer 1
10
166.958531
20
50.361526
70
0
0
VERTEX
8
Layer 1
10
167.088652
20
49.928385
70
0
0
VERTEX
8
Layer 1
10
166.958531
20
49.495243
70
0
0
VERTEX
8
Layer 1
10
166.568169
20
49.115576
70
0
0
VERTEX
8
Layer 1
10
150.986950
20
39.105189
70
0
0
VERTEX
8
Layer 1
10
150.491125
20
38.908819
70
0
0
VERTEX
8
Layer 1
10
150.086205
20
38.974474
70
0
0
VERTEX
8
Layer 1
10
149.813190
20
39.278980
70
0
0
VERTEX
8
Layer 1
10
149.713074
20
39.799166
70
0
0
VERTEX
8
Layer 1
10
149.713074
20
39.799166
70
0
0
SEQEND
8
Layer 1
0
POLYLINE
8
Layer 1
62
7
70
0
10
0.000000
20
0.000000
66
1
0
VERTEX
8
Layer 1
10
155.179334
20
50.446491
70
0
0
VERTEX
8
Layer 1
10
155.160321
20
50.465504
70
0
0
VERTEX
8
Layer 1
10
155.150815
20
50.475011
70
0
0
VERTEX
8
Layer 1
10
155.141308
20
50.484517
70
0
0
VERTEX
8
Layer 1
10
155.141308
20
50.494024
70
0
0
VERTEX
8
Layer 1
10
155.141308
20
50.494024
70
0
0
VERTEX
8
Layer 1
10
155.141308
20
50.494024
70
0
0
VERTEX
8
Layer 1
10
155.141308
20
50.494024
70
0
0
VERTEX
8
Layer 1
10
155.141308
20
50.494024
70
0
0
VERTEX
8
Layer 1
10
155.131802
20
50.503530
70
0
0
VERTEX
8
Layer 1
10
155.131802
20
50.513037
70
0
0
VERTEX
8
Layer 1
10
155.131802
20
50.513037
70
0
0
VERTEX
8
Layer 1
10
155.131802
20
50.513037
70
0
0
VERTEX
8
Layer 1
10
155.131802
20
50.513037
70
0
0
VERTEX
8
Layer 1
10
155.131802
20
50.513037
70
0
0
VERTEX
8
Layer 1
10
155.122295
20
50.522543
70
0
0
VERTEX
8
Layer 1
10
155.112788
20
50.532050
70
0
0
VERTEX
8
Layer 1
10
155.112788
20
50.532050
70
0
0
VERTEX
8
Layer 1
10
155.112788
20
50.532050
70
0
0
VERTEX
8
Layer 1
10
155.112788
20
50.532050
70
0
0
VERTEX
8
Layer 1
10
155.103282
20
50.551063
70
0
0
VERTEX
8
Layer 1
10
155.093775
20
50.570076
70
0
0
VERTEX
8
Layer 1
10
155.084269
20
50.579583
70
0
0
VERTEX
8
Layer 1
10
155.074762
20
50.589089
70
0
0
VERTEX
8
Layer 1
10
155.065256
20
50.608102
70
0
0
VERTEX
8
Layer 1
10
155.065256
20
50.608102
70
0
0
VERTEX
8
Layer 1
10
155.065256
20
50.608102
70
0
0
VERTEX
8
Layer 1
10
155.065256
20
50.608102
70
0
0
VERTEX
8
Layer 1
10
155.055749
20
50.617609
70
0
0
VERTEX
8
Layer 1
10
155.046243
20
50.636622
70
0
0
VERTEX
8
Layer 1
10
155.036736
20
50.655635
70
0
0
VERTEX
8
Layer 1
10
155.027230
20
50.665142
70
0
0
VERTEX
8
Layer 1
10
155.027230
20
50.674648
70
0
0
VERTEX
8
Layer 1
10
155.027230
20
50.684155
70
0
0
VERTEX
8
Layer 1
10
154.960684
20
50.893299
70
0
0
VERTEX
8
Layer 1
10
154.960684
20
50.912312
70
0
0
VERTEX
8
Layer 1
10
154.951177
20
50.931325
70
0
0
VERTEX
8
Layer 1
10
154.941671
20
50.940831
70
0
0
VERTEX
8
Layer 1
10
154.941671
20
50.950338
70
0
0
VERTEX
8
Layer 1
10
154.941671
20
50.959844
70
0
0
VERTEX
8
Layer 1
10
154.941671
20
50.969351
70
0
0
VERTEX
8
Layer 1
10
154.941671
20
50.978857
70
0
0
VERTEX
8
Layer 1
10
154.941671
20
50.978857
70
0
0
VERTEX
8
Layer 1
10
154.932164
20
50.978857
70
0
0
VERTEX
8
Layer 1
10
154.932164
20
50.978857
70
0
0
VERTEX
8
Layer 1
10
154.922658
20
50.978857
70
0
0
VERTEX
8
Layer 1
10
154.913151
20
50.988364
70
0
0
VERTEX
8
Layer 1
10
154.913151
20
50.988364
70
0
0
VERTEX
8
Layer 1
10
154.903645
20
50.988364
70
0
0
VERTEX
8
Layer 1
10
154.894138
20
50.988364
70
0
0
VERTEX
8
Layer 1
10
154.884632
20
50.988364
70
0
0
VERTEX
8
Layer 1
10
154.875125
20
50.988364
70
0
0
VERTEX
8
Layer 1
10
154.865618
20
50.988364
70
0
0
VERTEX
8
Layer 1
10
154.846605
20
50.988364
70
0
0
VERTEX
8
Layer 1
10
154.827592
20
50.978857
70
0
0
VERTEX
8
Layer 1
10
154.808579
20
50.969351
70
0
0
VERTEX
8
Layer 1
10
154.789566
20
50.959844
70
0
0
VERTEX
8
Layer 1
10
154.780060
20
50.950338
70
0
0
VERTEX
8
Layer 1
10
154.770553
20
50.940831
70
0
0
VERTEX
8
Layer 1
10
154.713514
20
50.883792
70
0
0
VERTEX
8
Layer 1
10
154.656475
20
50.826753
70
0
0
VERTEX
8
Layer 1
10
154.599435
20
50.769713
70
0
0
VERTEX
8
Layer 1
10
154.542396
20
50.712674
70
0
0
VERTEX
8
Layer 1
10
154.485357
20
50.655635
70
0
0
VERTEX
8
Layer 1
10
154.456837
20
50.627115
70
0
0
VERTEX
8
Layer 1
10
154.428318
20
50.598596
70
0
0
VERTEX
8
Layer 1
10
154.371278
20
50.532050
70
0
0
VERTEX
8
Layer 1
10
154.314239
20
50.465504
70
0
0
VERTEX
8
Layer 1
10
154.342759
20
50.379945
70
0
0
VERTEX
8
Layer 1
10
154.390291
20
50.351426
70
0
0
VERTEX
8
Layer 1
10
154.437824
20
50.322906
70
0
0
VERTEX
8
Layer 1
10
154.475850
20
50.294386
70
0
0
VERTEX
8
Layer 1
10
154.513876
20
50.265867
70
0
0
VERTEX
8
Layer 1
10
154.542396
20
50.246854
70
0
0
VERTEX
8
Layer 1
10
154.561409
20
50.227841
70
0
0
VERTEX
8
Layer 1
10
154.580422
20
50.208828
70
0
0
VERTEX
8
Layer 1
10
154.599435
20
50.189815
70
0
0
VERTEX
8
Layer 1
10
154.694501
20
50.085243
70
0
0
VERTEX
8
Layer 1
10
154.723020
20
50.047216
70
0
0
VERTEX
8
Layer 1
10
154.770553
20
49.990177
70
0
0
VERTEX
8
Layer 1
10
154.808579
20
49.990177
70
0
0
VERTEX
8
Layer 1
10
155.179334
20
50.446491
70
0
0
VERTEX
8
Layer 1
10
155.179334
20
50.446491
70
0
0
SEQEND
8
Layer 1
0
POLYLINE
8
Layer 1
62
7
70
0
10
0.000000
20
0.000000
66
1
0
VERTEX
8
Layer 1
10
156.681368
20
48.012817
70
0
0
VERTEX
8
Layer 1
10
156.757420
20
47.927258
70
0
0
VERTEX
8
Layer 1
10
156.833472
20
47.841699
70
0
0
VERTEX
8
Layer 1
10
156.909525
20
47.756140
70
0
0
VERTEX
8
Layer 1
10
156.938044
20
47.718114
70
0
0
VERTEX
8
Layer 1
10
157.270773
20
47.993804
70
0
0
VERTEX
8
Layer 1
10
157.261267
20
48.012817
70
0
0
VERTEX
8
Layer 1
10
157.242253
20
48.031830
70
0
0
VERTEX
8
Layer 1
10
157.166201
20
48.126895
70
0
0
VERTEX
8
Layer 1
10
157.090149
20
48.221961
70
0
0
VERTEX
8
Layer 1
10
157.014096
20
48.317026
70
0
0
VERTEX
8
Layer 1
10
156.976070
20
48.364559
70
0
0
VERTEX
8
Layer 1
10
156.938044
20
48.412092
70
0
0
VERTEX
8
Layer 1
10
156.900018
20
48.459624
70
0
0
VERTEX
8
Layer 1
10
156.861992
20
48.507157
70
0
0
VERTEX
8
Layer 1
10
156.823966
20
48.554690
70
0
0
VERTEX
8
Layer 1
10
156.804953
20
48.573703
70
0
0
VERTEX
8
Layer 1
10
156.795446
20
48.583209
70
0
0
VERTEX
8
Layer 1
10
156.785940
20
48.592716
70
0
0
VERTEX
8
Layer 1
10
156.719394
20
48.678275
70
0
0
VERTEX
8
Layer 1
10
156.396171
20
49.096562
70
0
0
VERTEX
8
Layer 1
10
156.339132
20
49.172615
70
0
0
VERTEX
8
Layer 1
10
156.301106
20
49.220147
70
0
0
VERTEX
8
Layer 1
10
156.263080
20
49.267680
70
0
0
VERTEX
8
Layer 1
10
156.234560
20
49.296200
70
0
0
VERTEX
8
Layer 1
10
156.187028
20
49.353239
70
0
0
VERTEX
8
Layer 1
10
156.139495
20
49.410278
70
0
0
VERTEX
8
Layer 1
10
156.129988
20
49.429291
70
0
0
VERTEX
8
Layer 1
10
156.120482
20
49.448304
70
0
0
VERTEX
8
Layer 1
10
156.082456
20
49.495837
70
0
0
VERTEX
8
Layer 1
10
156.044429
20
49.543370
70
0
0
VERTEX
8
Layer 1
10
156.006403
20
49.581396
70
0
0
VERTEX
8
Layer 1
10
155.958871
20
49.628929
70
0
0
VERTEX
8
Layer 1
10
155.911338
20
49.676461
70
0
0
VERTEX
8
Layer 1
10
155.873312
20
49.714488
70
0
0
VERTEX
8
Layer 1
10
155.844792
20
49.752514
70
0
0
VERTEX
8
Layer 1
10
155.835286
20
49.771527
70
0
0
VERTEX
8
Layer 1
10
155.550089
20
49.381759
70
0
0
VERTEX
8
Layer 1
10
155.550089
20
49.353239
70
0
0
VERTEX
8
Layer 1
10
155.540583
20
49.191628
70
0
0
VERTEX
8
Layer 1
10
155.597622
20
49.134589
70
0
0
VERTEX
8
Layer 1
10
155.626142
20
49.096562
70
0
0
VERTEX
8
Layer 1
10
155.692687
20
49.020510
70
0
0
VERTEX
8
Layer 1
10
155.721207
20
48.991990
70
0
0
VERTEX
8
Layer 1
10
155.797259
20
48.915938
70
0
0
VERTEX
8
Layer 1
10
155.825779
20
48.887419
70
0
0
VERTEX
8
Layer 1
10
155.863805
20
48.839886
70
0
0
VERTEX
8
Layer 1
10
155.901831
20
48.801860
70
0
0
VERTEX
8
Layer 1
10
155.968377
20
48.725807
70
0
0
VERTEX
8
Layer 1
10
156.034923
20
48.649755
70
0
0
VERTEX
8
Layer 1
10
156.101469
20
48.573703
70
0
0
VERTEX
8
Layer 1
10
156.168014
20
48.507157
70
0
0
VERTEX
8
Layer 1
10
156.367652
20
48.345546
70
0
0
VERTEX
8
Layer 1
10
156.443704
20
48.269493
70
0
0
VERTEX
8
Layer 1
10
156.519756
20
48.193441
70
0
0
VERTEX
8
Layer 1
10
156.595809
20
48.117389
70
0
0
VERTEX
8
Layer 1
10
156.681368
20
48.012817
70
0
0
SEQEND
8
Layer 1
0
POLYLINE
8
Layer 1
62
7
70
0
10
0.000000
20
0.000000
66
1
0
VERTEX
8
Layer 1
10
152.850232
20
46.814993
70
0
0
VERTEX
8
Layer 1
10
156.995083
20
46.814993
70
0
0
VERTEX
8
Layer 1
10
157.269585
20
46.552375
70
0
0
VERTEX
8
Layer 1
10
157.651035
20
46.453744
70
0
0
VERTEX
8
Layer 1
10
157.850672
20
46.482264
70
0
0
VERTEX
8
Layer 1
10
157.822152
20
46.510784
70
0
0
VERTEX
8
Layer 1
10
157.746100
20
46.605849
70
0
0
VERTEX
8
Layer 1
10
157.670048
20
46.700914
70
0
0
VERTEX
8
Layer 1
10
157.593995
20
46.795980
70
0
0
VERTEX
8
Layer 1
10
157.555969
20
46.843512
70
0
0
VERTEX
8
Layer 1
10
157.489424
20
46.843512
70
0
0
VERTEX
8
Layer 1
10
157.280280
20
47.052656
70
0
0
VERTEX
8
Layer 1
10
157.280280
20
47.157228
70
0
0
VERTEX
8
Layer 1
10
157.280280
20
47.347359
70
0
0
VERTEX
8
Layer 1
10
157.280280
20
47.366372
70
0
0
VERTEX
8
Layer 1
10
157.489424
20
47.604036
70
0
0
VERTEX
8
Layer 1
10
157.632022
20
47.604036
70
0
0
VERTEX
8
Layer 1
10
157.803139
20
47.604036
70
0
0
VERTEX
8
Layer 1
10
157.812646
20
47.604036
70
0
0
VERTEX
8
Layer 1
10
158.059816
20
47.366372
70
0
0
VERTEX
8
Layer 1
10
158.059816
20
47.318839
70
0
0
VERTEX
8
Layer 1
10
158.145375
20
47.223774
70
0
0
VERTEX
8
Layer 1
10
158.183401
20
47.176241
70
0
0
VERTEX
8
Layer 1
10
158.221427
20
47.128709
70
0
0
VERTEX
8
Layer 1
10
158.240440
20
47.109696
70
0
0
VERTEX
8
Layer 1
10
158.259453
20
47.090683
70
0
0
VERTEX
8
Layer 1
10
158.297479
20
47.043150
70
0
0
VERTEX
8
Layer 1
10
158.345012
20
46.995617
70
0
0
VERTEX
8
Layer 1
10
158.383038
20
46.957591
70
0
0
VERTEX
8
Layer 1
10
158.421064
20
47.204761
70
0
0
VERTEX
8
Layer 1
10
158.196472
20
47.750199
70
0
0
VERTEX
8
Layer 1
10
157.651035
20
47.974791
70
0
0
VERTEX
8
Layer 1
10
157.337319
20
47.908245
70
0
0
VERTEX
8
Layer 1
10
157.004590
20
47.632555
70
0
0
VERTEX
8
Layer 1
10
156.976070
20
47.585023
70
0
0
VERTEX
8
Layer 1
10
152.850232
20
47.585023
70
0
0
VERTEX
8
Layer 1
10
152.511561
20
47.986674
70
0
0
VERTEX
8
Layer 1
10
151.994643
20
48.145908
70
0
0
VERTEX
8
Layer 1
10
151.582297
20
48.052031
70
0
0
VERTEX
8
Layer 1
10
151.262640
20
47.794166
70
0
0
VERTEX
8
Layer 1
10
151.262640
20
47.708608
70
0
0
VERTEX
8
Layer 1
10
151.852045
20
47.708608
70
0
0
VERTEX
8
Layer 1
10
152.251320
20
47.204761
70
0
0
VERTEX
8
Layer 1
10
151.852045
20
46.691408
70
0
0
VERTEX
8
Layer 1
10
151.262640
20
46.691408
70
0
0
VERTEX
8
Layer 1
10
151.262640
20
46.615356
70
0
0
VERTEX
8
Layer 1
10
151.262640
20
46.605849
70
0
0
VERTEX
8
Layer 1
10
151.582297
20
46.347984
70
0
0
VERTEX
8
Layer 1
10
151.994643
20
46.254107
70
0
0
VERTEX
8
Layer 1
10
152.511561
20
46.416906
70
0
0
VERTEX
8
Layer 1
10
152.850232
20
46.814993
70
0
0
VERTEX
8
Layer 1
10
152.850232
20
46.814993
70
0
0
SEQEND
8
Layer 1
0
POLYLINE
8
Layer 1
62
7
70
0
10
0.000000
20
0.000000
66
1
0
VERTEX
8
Layer 1
10
152.983324
20
47.128709
70
0
0
VERTEX
8
Layer 1
10
152.935791
20
47.138215
70
0
0
VERTEX
8
Layer 1
10
152.888258
20
47.223774
70
0
0
VERTEX
8
Layer 1
10
152.935791
20
47.309333
70
0
0
VERTEX
8
Layer 1
10
152.983324
20
47.318839
70
0
0
VERTEX
8
Layer 1
10
156.519756
20
47.318839
70
0
0
VERTEX
8
Layer 1
10
156.614822
20
47.223774
70
0
0
VERTEX
8
Layer 1
10
156.519756
20
47.128709
70
0
0
VERTEX
8
Layer 1
10
152.983324
20
47.128709
70
0
0
SEQEND
8
Layer 1
0
POLYLINE
8
Layer 1
62
7
70
0
10
0.000000
20
0.000000
66
1
0
VERTEX
8
Layer 1
10
158.278466
20
52.775593
70
0
0
VERTEX
8
Layer 1
10
158.487610
20
52.975231
70
0
0
VERTEX
8
Layer 1
10
158.724085
20
53.014445
70
0
0
VERTEX
8
Layer 1
10
159.010470
20
53.174868
70
0
0
VERTEX
8
Layer 1
10
159.200601
20
53.593156
70
0
0
VERTEX
8
Layer 1
10
159.200601
20
53.631182
70
0
0
VERTEX
8
Layer 1
10
159.181588
20
53.802300
70
0
0
VERTEX
8
Layer 1
10
159.153068
20
53.887859
70
0
0
VERTEX
8
Layer 1
10
159.134055
20
53.916378
70
0
0
VERTEX
8
Layer 1
10
158.829846
20
53.583649
70
0
0
VERTEX
8
Layer 1
10
158.620702
20
53.593156
70
0
0
VERTEX
8
Layer 1
10
158.525636
20
53.659702
70
0
0
VERTEX
8
Layer 1
10
158.468597
20
53.735754
70
0
0
VERTEX
8
Layer 1
10
158.440077
20
53.802300
70
0
0
VERTEX
8
Layer 1
10
158.715767
20
54.116016
70
0
0
VERTEX
8
Layer 1
10
158.706261
20
54.268120
70
0
0
VERTEX
8
Layer 1
10
158.520883
20
54.268120
70
0
0
VERTEX
8
Layer 1
10
158.135868
20
54.039963
70
0
0
VERTEX
8
Layer 1
10
158.021790
20
53.697728
70
0
0
VERTEX
8
Layer 1
10
158.040803
20
53.469571
70
0
0
VERTEX
8
Layer 1
10
158.040803
20
53.460064
70
0
0
VERTEX
8
Layer 1
10
157.470410
20
52.766087
70
0
0
VERTEX
8
Layer 1
10
158.278466
20
52.766087
70
0
0
VERTEX
8
Layer 1
10
158.278466
20
52.775593
70
0
0
SEQEND
8
Layer 1
0
POLYLINE
8
Layer 1
62
7
70
0
10
0.000000
20
0.000000
66
1
0
VERTEX
8
Layer 1
10
155.188841
20
48.811366
70
0
0
VERTEX
8
Layer 1
10
155.354017
20
49.145283
70
0
0
VERTEX
8
Layer 1
10
155.369465
20
49.400772
70
0
0
VERTEX
8
Layer 1
10
157.755607
20
52.205201
70
0
0
VERTEX
8
Layer 1
10
156.995083
20
52.205201
70
0
0
VERTEX
8
Layer 1
10
154.903645
20
49.847579
70
0
0
VERTEX
8
Layer 1
10
154.646968
20
49.807176
70
0
0
VERTEX
8
Layer 1
10
154.304733
20
49.638435
70
0
0
VERTEX
8
Layer 1
10
154.133615
20
49.286693
70
0
0
VERTEX
8
Layer 1
10
154.152628
20
49.172615
70
0
0
VERTEX
8
Layer 1
10
154.209667
20
48.982484
70
0
0
VERTEX
8
Layer 1
10
154.513876
20
49.296200
70
0
0
VERTEX
8
Layer 1
10
154.513876
20
49.296200
70
0
0
VERTEX
8
Layer 1
10
154.513876
20
49.296200
70
0
0
VERTEX
8
Layer 1
10
154.682618
20
49.260550
70
0
0
VERTEX
8
Layer 1
10
154.894138
20
49.039523
70
0
0
VERTEX
8
Layer 1
10
154.894138
20
49.039523
70
0
0
VERTEX
8
Layer 1
10
154.599435
20
48.716301
70
0
0
VERTEX
8
Layer 1
10
154.608942
20
48.602222
70
0
0
VERTEX
8
Layer 1
10
154.795508
20
48.603411
70
0
0
VERTEX
8
Layer 1
10
155.188841
20
48.811366
70
0
0
VERTEX
8
Layer 1
10
155.188841
20
48.811366
70
0
0
SEQEND
8
Layer 1
0
POLYLINE
8
Layer 1
62
7
70
0
10
0.000000
20
0.000000
66
1
0
VERTEX
8
Layer 1
10
158.097842
20
45.408025
70
0
0
VERTEX
8
Layer 1
10
158.135868
20
45.427038
70
0
0
VERTEX
8
Layer 1
10
158.183401
20
45.446051
70
0
0
VERTEX
8
Layer 1
10
158.259453
20
45.484077
70
0
0
VERTEX
8
Layer 1
10
158.345012
20
45.522103
70
0
0
VERTEX
8
Layer 1
10
158.421064
20
45.560130
70
0
0
VERTEX
8
Layer 1
10
158.506623
20
45.598156
70
0
0
VERTEX
8
Layer 1
10
158.544649
20
45.617169
70
0
0
VERTEX
8
Layer 1
10
158.592182
20
45.645688
70
0
0
VERTEX
8
Layer 1
10
158.668234
20
45.683715
70
0
0
VERTEX
8
Layer 1
10
158.753793
20
45.731247
70
0
0
VERTEX
8
Layer 1
10
158.791819
20
45.759767
70
0
0
VERTEX
8
Layer 1
10
158.839352
20
45.778780
70
0
0
VERTEX
8
Layer 1
10
158.877378
20
45.807300
70
0
0
VERTEX
8
Layer 1
10
158.905898
20
45.835819
70
0
0
VERTEX
8
Layer 1
10
158.943924
20
45.854832
70
0
0
VERTEX
8
Layer 1
10
158.981950
20
45.883352
70
0
0
VERTEX
8
Layer 1
10
159.010470
20
45.911872
70
0
0
VERTEX
8
Layer 1
10
159.038990
20
45.940391
70
0
0
VERTEX
8
Layer 1
10
159.067509
20
45.968911
70
0
0
VERTEX
8
Layer 1
10
159.086522
20
45.997430
70
0
0
VERTEX
8
Layer 1
10
159.105535
20
46.016443
70
0
0
VERTEX
8
Layer 1
10
159.134055
20
46.054470
70
0
0
VERTEX
8
Layer 1
10
159.153068
20
46.082989
70
0
0
VERTEX
8
Layer 1
10
159.162575
20
46.111509
70
0
0
VERTEX
8
Layer 1
10
159.181588
20
46.140028
70
0
0
VERTEX
8
Layer 1
10
159.191094
20
46.168548
70
0
0
VERTEX
8
Layer 1
10
159.191094
20
46.178055
70
0
0
VERTEX
8
Layer 1
10
159.181588
20
46.187561
70
0
0
VERTEX
8
Layer 1
10
159.181588
20
46.206574
70
0
0
VERTEX
8
Layer 1
10
159.181588
20
46.216081
70
0
0
VERTEX
8
Layer 1
10
159.181588
20
46.225587
70
0
0
VERTEX
8
Layer 1
10
159.181588
20
46.235094
70
0
0
VERTEX
8
Layer 1
10
159.181588
20
46.254107
70
0
0
VERTEX
8
Layer 1
10
159.181588
20
46.254107
70
0
0
VERTEX
8
Layer 1
10
159.181588
20
46.263614
70
0
0
VERTEX
8
Layer 1
10
159.181588
20
46.263614
70
0
0
VERTEX
8
Layer 1
10
159.181588
20
46.273120
70
0
0
VERTEX
8
Layer 1
10
159.191094
20
46.282627
70
0
0
VERTEX
8
Layer 1
10
159.191094
20
46.292133
70
0
0
VERTEX
8
Layer 1
10
159.191094
20
46.301640
70
0
0
VERTEX
8
Layer 1
10
159.200601
20
46.301640
70
0
0
VERTEX
8
Layer 1
10
159.200601
20
46.311146
70
0
0
VERTEX
8
Layer 1
10
159.210107
20
46.320653
70
0
0
VERTEX
8
Layer 1
10
159.219614
20
46.330159
70
0
0
VERTEX
8
Layer 1
10
159.219614
20
46.339666
70
0
0
VERTEX
8
Layer 1
10
159.229120
20
46.349172
70
0
0
VERTEX
8
Layer 1
10
159.229120
20
46.349172
70
0
0
VERTEX
8
Layer 1
10
159.248133
20
46.358679
70
0
0
VERTEX
8
Layer 1
10
159.257640
20
46.368185
70
0
0
VERTEX
8
Layer 1
10
159.257640
20
46.377692
70
0
0
VERTEX
8
Layer 1
10
159.267146
20
46.377692
70
0
0
VERTEX
8
Layer 1
10
159.276653
20
46.387199
70
0
0
VERTEX
8
Layer 1
10
159.295666
20
46.396705
70
0
0
VERTEX
8
Layer 1
10
159.295666
20
46.396705
70
0
0
VERTEX
8
Layer 1
10
159.305173
20
46.406212
70
0
0
VERTEX
8
Layer 1
10
159.305173
20
46.406212
70
0
0
VERTEX
8
Layer 1
10
159.324186
20
46.415718
70
0
0
VERTEX
8
Layer 1
10
159.333692
20
46.415718
70
0
0
VERTEX
8
Layer 1
10
159.352705
20
46.425225
70
0
0
VERTEX
8
Layer 1
10
159.371718
20
46.434731
70
0
0
VERTEX
8
Layer 1
10
159.390732
20
46.444238
70
0
0
VERTEX
8
Layer 1
10
159.400238
20
46.444238
70
0
0
VERTEX
8
Layer 1
10
159.409745
20
46.444238
70
0
0
VERTEX
8
Layer 1
10
159.428758
20
46.453744
70
0
0
VERTEX
8
Layer 1
10
159.447771
20
46.463251
70
0
0
VERTEX
8
Layer 1
10
159.476290
20
46.463251
70
0
0
VERTEX
8
Layer 1
10
159.495303
20
46.472757
70
0
0
VERTEX
8
Layer 1
10
159.723460
20
46.691408
70
0
0
VERTEX
8
Layer 1
10
159.713954
20
46.710421
70
0
0
VERTEX
8
Layer 1
10
159.704447
20
46.738941
70
0
0
VERTEX
8
Layer 1
10
159.694941
20
46.757954
70
0
0
VERTEX
8
Layer 1
10
159.694941
20
46.786473
70
0
0
VERTEX
8
Layer 1
10
159.685434
20
46.805486
70
0
0
VERTEX
8
Layer 1
10
159.675928
20
46.824499
70
0
0
VERTEX
8
Layer 1
10
159.666421
20
46.843512
70
0
0
VERTEX
8
Layer 1
10
159.656915
20
46.862526
70
0
0
VERTEX
8
Layer 1
10
159.647408
20
46.881539
70
0
0
VERTEX
8
Layer 1
10
159.637902
20
46.900552
70
0
0
VERTEX
8
Layer 1
10
159.628395
20
46.910058
70
0
0
VERTEX
8
Layer 1
10
159.618888
20
46.929071
70
0
0
VERTEX
8
Layer 1
10
159.609382
20
46.938578
70
0
0
VERTEX
8
Layer 1
10
159.590369
20
46.948084
70
0
0
VERTEX
8
Layer 1
10
159.580862
20
46.967097
70
0
0
VERTEX
8
Layer 1
10
159.571356
20
46.976604
70
0
0
VERTEX
8
Layer 1
10
159.552343
20
46.986111
70
0
0
VERTEX
8
Layer 1
10
159.533330
20
46.995617
70
0
0
VERTEX
8
Layer 1
10
159.523823
20
47.005124
70
0
0
VERTEX
8
Layer 1
10
159.504810
20
47.014630
70
0
0
VERTEX
8
Layer 1
10
159.485797
20
47.024137
70
0
0
VERTEX
8
Layer 1
10
159.466784
20
47.024137
70
0
0
VERTEX
8
Layer 1
10
159.447771
20
47.033643
70
0
0
VERTEX
8
Layer 1
10
159.419251
20
47.033643
70
0
0
VERTEX
8
Layer 1
10
159.172081
20
46.853019
70
0
0
VERTEX
8
Layer 1
10
159.162575
20
46.834006
70
0
0
VERTEX
8
Layer 1
10
159.162575
20
46.805486
70
0
0
VERTEX
8
Layer 1
10
159.153068
20
46.786473
70
0
0
VERTEX
8
Layer 1
10
159.153068
20
46.767460
70
0
0
VERTEX
8
Layer 1
10
159.134055
20
46.729434
70
0
0
VERTEX
8
Layer 1
10
159.115042
20
46.691408
70
0
0
VERTEX
8
Layer 1
10
159.096029
20
46.653382
70
0
0
VERTEX
8
Layer 1
10
159.077016
20
46.624862
70
0
0
VERTEX
8
Layer 1
10
159.058003
20
46.615356
70
0
0
VERTEX
8
Layer 1
10
159.048496
20
46.605849
70
0
0
VERTEX
8
Layer 1
10
159.029483
20
46.586836
70
0
0
VERTEX
8
Layer 1
10
159.019976
20
46.577329
70
0
0
VERTEX
8
Layer 1
10
159.000963
20
46.567823
70
0
0
VERTEX
8
Layer 1
10
158.981950
20
46.558316
70
0
0
VERTEX
8
Layer 1
10
158.962937
20
46.558316
70
0
0
VERTEX
8
Layer 1
10
158.943924
20
46.548810
70
0
0
VERTEX
8
Layer 1
10
158.934418
20
46.539303
70
0
0
VERTEX
8
Layer 1
10
158.905898
20
46.539303
70
0
0
VERTEX
8
Layer 1
10
158.886885
20
46.529797
70
0
0
VERTEX
8
Layer 1
10
158.867872
20
46.529797
70
0
0
VERTEX
8
Layer 1
10
158.848859
20
46.520290
70
0
0
VERTEX
8
Layer 1
10
158.820339
20
46.520290
70
0
0
VERTEX
8
Layer 1
10
158.801326
20
46.520290
70
0
0
VERTEX
8
Layer 1
10
158.772806
20
46.520290
70
0
0
VERTEX
8
Layer 1
10
158.725274
20
46.520290
70
0
0
VERTEX
8
Layer 1
10
158.668234
20
46.529797
70
0
0
VERTEX
8
Layer 1
10
158.658728
20
46.548810
70
0
0
VERTEX
8
Layer 1
10
158.649221
20
46.558316
70
0
0
VERTEX
8
Layer 1
10
158.630208
20
46.586836
70
0
0
VERTEX
8
Layer 1
10
158.611195
20
46.596342
70
0
0
VERTEX
8
Layer 1
10
158.601689
20
46.615356
70
0
0
VERTEX
8
Layer 1
10
158.582676
20
46.634369
70
0
0
VERTEX
8
Layer 1
10
158.573169
20
46.643875
70
0
0
VERTEX
8
Layer 1
10
158.563663
20
46.653382
70
0
0
VERTEX
8
Layer 1
10
158.544649
20
46.653382
70
0
0
VERTEX
8
Layer 1
10
158.535143
20
46.662888
70
0
0
VERTEX
8
Layer 1
10
158.516130
20
46.672395
70
0
0
VERTEX
8
Layer 1
10
158.497117
20
46.672395
70
0
0
VERTEX
8
Layer 1
10
158.487610
20
46.681901
70
0
0
VERTEX
8
Layer 1
10
158.392545
20
46.767460
70
0
0
VERTEX
8
Layer 1
10
158.373532
20
46.795980
70
0
0
VERTEX
8
Layer 1
10
158.364025
20
46.805486
70
0
0
VERTEX
8
Layer 1
10
158.345012
20
46.814993
70
0
0
VERTEX
8
Layer 1
10
158.297479
20
46.862526
70
0
0
VERTEX
8
Layer 1
10
158.259453
20
46.910058
70
0
0
VERTEX
8
Layer 1
10
158.211921
20
46.957591
70
0
0
VERTEX
8
Layer 1
10
158.164388
20
47.005124
70
0
0
VERTEX
8
Layer 1
10
158.145375
20
47.024137
70
0
0
VERTEX
8
Layer 1
10
158.116855
20
47.052656
70
0
0
VERTEX
8
Layer 1
10
158.078829
20
47.090683
70
0
0
VERTEX
8
Layer 1
10
158.031296
20
47.138215
70
0
0
VERTEX
8
Layer 1
10
157.765113
20
47.442424
70
0
0
VERTEX
8
Layer 1
10
157.622515
20
47.442424
70
0
0
VERTEX
8
Layer 1
10
157.413371
20
47.204761
70
0
0
VERTEX
8
Layer 1
10
157.413371
20
47.195254
70
0
0
VERTEX
8
Layer 1
10
157.689061
20
46.872032
70
0
0
VERTEX
8
Layer 1
10
157.765113
20
46.776967
70
0
0
VERTEX
8
Layer 1
10
157.841165
20
46.681901
70
0
0
VERTEX
8
Layer 1
10
157.926724
20
46.586836
70
0
0
VERTEX
8
Layer 1
10
158.002777
20
46.482264
70
0
0
VERTEX
8
Layer 1
10
158.088336
20
46.377692
70
0
0
VERTEX
8
Layer 1
10
158.088336
20
46.368185
70
0
0
VERTEX
8
Layer 1
10
158.088336
20
46.368185
70
0
0
VERTEX
8
Layer 1
10
158.088336
20
46.368185
70
0
0
VERTEX
8
Layer 1
10
158.088336
20
46.349172
70
0
0
VERTEX
8
Layer 1
10
158.088336
20
46.339666
70
0
0
VERTEX
8
Layer 1
10
158.088336
20
46.330159
70
0
0
VERTEX
8
Layer 1
10
158.088336
20
46.311146
70
0
0
VERTEX
8
Layer 1
10
158.097842
20
46.282627
70
0
0
VERTEX
8
Layer 1
10
158.097842
20
46.263614
70
0
0
VERTEX
8
Layer 1
10
158.107349
20
46.244600
70
0
0
VERTEX
8
Layer 1
10
158.107349
20
46.225587
70
0
0
VERTEX
8
Layer 1
10
158.116855
20
46.216081
70
0
0
VERTEX
8
Layer 1
10
158.116855
20
46.216081
70
0
0
VERTEX
8
Layer 1
10
158.116855
20
46.206574
70
0
0
VERTEX
8
Layer 1
10
158.126362
20
46.197068
70
0
0
VERTEX
8
Layer 1
10
158.135868
20
46.168548
70
0
0
VERTEX
8
Layer 1
10
158.145375
20
46.140028
70
0
0
VERTEX
8
Layer 1
10
158.154881
20
46.111509
70
0
0
VERTEX
8
Layer 1
10
158.173894
20
46.082989
70
0
0
VERTEX
8
Layer 1
10
158.173894
20
46.063976
70
0
0
VERTEX
8
Layer 1
10
158.183401
20
46.044963
70
0
0
VERTEX
8
Layer 1
10
158.202414
20
46.016443
70
0
0
VERTEX
8
Layer 1
10
158.202414
20
46.006937
70
0
0
VERTEX
8
Layer 1
10
158.211921
20
45.997430
70
0
0
VERTEX
8
Layer 1
10
158.221427
20
45.987924
70
0
0
VERTEX
8
Layer 1
10
158.221427
20
45.968911
70
0
0
VERTEX
8
Layer 1
10
158.221427
20
45.949898
70
0
0
VERTEX
8
Layer 1
10
158.221427
20
45.940391
70
0
0
VERTEX
8
Layer 1
10
158.221427
20
45.921378
70
0
0
VERTEX
8
Layer 1
10
158.221427
20
45.911872
70
0
0
VERTEX
8
Layer 1
10
158.211921
20
45.902365
70
0
0
VERTEX
8
Layer 1
10
158.202414
20
45.883352
70
0
0
VERTEX
8
Layer 1
10
158.192907
20
45.873845
70
0
0
VERTEX
8
Layer 1
10
158.183401
20
45.864339
70
0
0
VERTEX
8
Layer 1
10
158.173894
20
45.854832
70
0
0
VERTEX
8
Layer 1
10
158.154881
20
45.845326
70
0
0
VERTEX
8
Layer 1
10
158.145375
20
45.835819
70
0
0
VERTEX
8
Layer 1
10
158.126362
20
45.826313
70
0
0
VERTEX
8
Layer 1
10
158.107349
20
45.826313
70
0
0
VERTEX
8
Layer 1
10
158.078829
20
45.816806
70
0
0
VERTEX
8
Layer 1
10
158.059816
20
45.807300
70
0
0
VERTEX
8
Layer 1
10
158.031296
20
45.769273
70
0
0
VERTEX
8
Layer 1
10
158.012283
20
45.759767
70
0
0
VERTEX
8
Layer 1
10
157.993270
20
45.740754
70
0
0
VERTEX
8
Layer 1
10
157.955244
20
45.702728
70
0
0
VERTEX
8
Layer 1
10
157.917218
20
45.674208
70
0
0
VERTEX
8
Layer 1
10
157.879192
20
45.636182
70
0
0
VERTEX
8
Layer 1
10
157.841165
20
45.607662
70
0
0
VERTEX
8
Layer 1
10
157.793633
20
45.579143
70
0
0
VERTEX
8
Layer 1
10
157.774620
20
45.560130
70
0
0
VERTEX
8
Layer 1
10
157.746100
20
45.550623
70
0
0
VERTEX
8
Layer 1
10
157.698567
20
45.522103
70
0
0
VERTEX
8
Layer 1
10
157.651035
20
45.493584
70
0
0
VERTEX
8
Layer 1
10
157.603502
20
45.465064
70
0
0
VERTEX
8
Layer 1
10
157.574982
20
45.446051
70
0
0
VERTEX
8
Layer 1
10
157.546463
20
45.436545
70
0
0
VERTEX
8
Layer 1
10
157.489423
20
45.417531
70
0
0
VERTEX
8
Layer 1
10
157.432384
20
45.389012
70
0
0
VERTEX
8
Layer 1
10
157.375345
20
45.369999
70
0
0
VERTEX
8
Layer 1
10
157.318306
20
45.341479
70
0
0
VERTEX
8
Layer 1
10
157.308799
20
45.322466
70
0
0
VERTEX
8
Layer 1
10
157.308799
20
45.293946
70
0
0
VERTEX
8
Layer 1
10
157.308799
20
45.274933
70
0
0
VERTEX
8
Layer 1
10
157.308799
20
45.246414
70
0
0
VERTEX
8
Layer 1
10
157.318306
20
45.227401
70
0
0
VERTEX
8
Layer 1
10
157.318306
20
45.208388
70
0
0
VERTEX
8
Layer 1
10
157.327812
20
45.198881
70
0
0
VERTEX
8
Layer 1
10
157.337319
20
45.179868
70
0
0
VERTEX
8
Layer 1
10
157.441891
20
45.217894
70
0
0
VERTEX
8
Layer 1
10
157.517943
20
45.236907
70
0
0
VERTEX
8
Layer 1
10
157.565476
20
45.246414
70
0
0
VERTEX
8
Layer 1
10
157.603502
20
45.255920
70
0
0
VERTEX
8
Layer 1
10
157.641528
20
45.265427
70
0
0
VERTEX
8
Layer 1
10
157.689061
20
45.274933
70
0
0
VERTEX
8
Layer 1
10
157.727087
20
45.284440
70
0
0
VERTEX
8
Layer 1
10
157.765113
20
45.293946
70
0
0
VERTEX
8
Layer 1
10
157.812646
20
45.312960
70
0
0
VERTEX
8
Layer 1
10
157.850672
20
45.322466
70
0
0
VERTEX
8
Layer 1
10
157.888698
20
45.331973
70
0
0
VERTEX
8
Layer 1
10
157.936231
20
45.350986
70
0
0
VERTEX
8
Layer 1
10
157.974257
20
45.360492
70
0
0
VERTEX
8
Layer 1
10
158.012283
20
45.379505
70
0
0
VERTEX
8
Layer 1
10
158.097842
20
45.408025
70
0
0
SEQEND
8
Layer 1
0
POLYLINE
8
Layer 1
62
7
70
0
10
0.000000
20
0.000000
66
1
0
VERTEX
8
Layer 1
10
154.418811
20
52.053096
70
0
0
VERTEX
8
Layer 1
10
154.418811
20
52.053096
70
0
0
VERTEX
8
Layer 1
10
154.418811
20
52.053096
70
0
0
VERTEX
8
Layer 1
10
154.513876
20
52.290760
70
0
0
VERTEX
8
Layer 1
10
154.523383
20
52.414345
70
0
0
VERTEX
8
Layer 1
10
158.981950
20
52.414345
70
0
0
VERTEX
8
Layer 1
10
159.124548
20
52.357306
70
0
0
VERTEX
8
Layer 1
10
159.580862
20
52.423851
70
0
0
VERTEX
8
Layer 1
10
159.580862
20
52.594969
70
0
0
VERTEX
8
Layer 1
10
159.124548
20
52.661515
70
0
0
VERTEX
8
Layer 1
10
158.991457
20
52.585463
70
0
0
VERTEX
8
Layer 1
10
154.532890
20
52.585463
70
0
0
VERTEX
8
Layer 1
10
154.532890
20
52.613982
70
0
0
VERTEX
8
Layer 1
10
154.456837
20
52.851646
70
0
0
VERTEX
8
Layer 1
10
154.456837
20
52.851646
70
0
0
VERTEX
8
Layer 1
10
154.447331
20
52.851646
70
0
0
VERTEX
8
Layer 1
10
154.399798
20
52.813620
70
0
0
VERTEX
8
Layer 1
10
154.190654
20
52.728061
70
0
0
VERTEX
8
Layer 1
10
154.048056
20
52.775593
70
0
0
VERTEX
8
Layer 1
10
151.623888
20
52.927698
70
0
0
VERTEX
8
Layer 1
10
151.313737
20
52.867094
70
0
0
VERTEX
8
Layer 1
10
151.082016
20
52.613982
70
0
0
VERTEX
8
Layer 1
10
151.072509
20
52.490397
70
0
0
VERTEX
8
Layer 1
10
151.082016
20
52.395332
70
0
0
VERTEX
8
Layer 1
10
151.305419
20
52.136279
70
0
0
VERTEX
8
Layer 1
10
151.614382
20
52.062603
70
0
0
VERTEX
8
Layer 1
10
154.048056
20
52.148162
70
0
0
VERTEX
8
Layer 1
10
154.190654
20
52.186188
70
0
0
VERTEX
8
Layer 1
10
154.390291
20
52.091123
70
0
0
VERTEX
8
Layer 1
10
154.418811
20
52.053096
70
0
0
VERTEX
8
Layer 1
10
154.418811
20
52.053096
70
0
0
SEQEND
8
Layer 1
 0 
ENDSEC
 0 
EOF