ISO-10303-21;
HEADER;
FILE_DESCRIPTION(('FreeCAD Model'),'2;1');
FILE_NAME('Open CASCADE Shape Model','2025-11-05T11:32:52',(''),(''),
  'Open CASCADE STEP processor 7.8','FreeCAD','Unknown');
FILE_SCHEMA(('AUTOMOTIVE_DESIGN { 1 0 10303 214 1 1 1 1 }'));
ENDSEC;
DATA;
#1 = APPLICATION_PROTOCOL_DEFINITION('international standard',
  'automotive_design',2000,#2);
#2 = APPLICATION_CONTEXT(
  'core data for automotive mechanical design processes');
#3 = SHAPE_DEFINITION_REPRESENTATION(#4,#10);
#4 = PRODUCT_DEFINITION_SHAPE('','',#5);
#5 = PRODUCT_DEFINITION('design','',#6,#9);
#6 = PRODUCT_DEFINITION_FORMATION('','',#7);
#7 = PRODUCT('Unnamed','Unnamed','',(#8));
#8 = PRODUCT_CONTEXT('',#2,'mechanical');
#9 = PRODUCT_DEFINITION_CONTEXT('part definition',#2,'design');
#10 = SHAPE_REPRESENTATION('',(#11,#15,#19),#23);
#11 = AXIS2_PLACEMENT_3D('',#12,#13,#14);
#12 = CARTESIAN_POINT('',(0.,0.,0.));
#13 = DIRECTION('',(0.,0.,1.));
#14 = DIRECTION('',(1.,0.,-0.));
#15 = AXIS2_PLACEMENT_3D('',#16,#17,#18);
#16 = CARTESIAN_POINT('',(0.,0.,0.));
#17 = DIRECTION('',(0.,0.,1.));
#18 = DIRECTION('',(1.,0.,0.));
#19 = AXIS2_PLACEMENT_3D('',#20,#21,#22);
#20 = CARTESIAN_POINT('',(0.,0.,0.));
#21 = DIRECTION('',(0.,0.,1.));
#22 = DIRECTION('',(1.,0.,0.));
#23 = ( GEOMETRIC_REPRESENTATION_CONTEXT(3) 
GLOBAL_UNCERTAINTY_ASSIGNED_CONTEXT((#27)) GLOBAL_UNIT_ASSIGNED_CONTEXT(
(#24,#25,#26)) REPRESENTATION_CONTEXT('Context #1',
  '3D Context with UNIT and UNCERTAINTY') );
#24 = ( LENGTH_UNIT() NAMED_UNIT(*) SI_UNIT(.MILLI.,.METRE.) );
#25 = ( NAMED_UNIT(*) PLANE_ANGLE_UNIT() SI_UNIT($,.RADIAN.) );
#26 = ( NAMED_UNIT(*) SI_UNIT($,.STERADIAN.) SOLID_ANGLE_UNIT() );
#27 = UNCERTAINTY_MEASURE_WITH_UNIT(LENGTH_MEASURE(1.E-07),#24,
  'distance_accuracy_value','confusion accuracy');
#28 = PRODUCT_RELATED_PRODUCT_CATEGORY('part',$,(#7));
#29 = SHAPE_DEFINITION_REPRESENTATION(#30,#36);
#30 = PRODUCT_DEFINITION_SHAPE('','',#31);
#31 = PRODUCT_DEFINITION('design','',#32,#35);
#32 = PRODUCT_DEFINITION_FORMATION('','',#33);
#33 = PRODUCT('Body','Body','',(#34));
#34 = PRODUCT_CONTEXT('',#2,'mechanical');
#35 = PRODUCT_DEFINITION_CONTEXT('part definition',#2,'design');
#36 = ADVANCED_BREP_SHAPE_REPRESENTATION('',(#11,#37),#471);
#37 = MANIFOLD_SOLID_BREP('',#38);
#38 = CLOSED_SHELL('',(#39,#79,#110,#141,#158,#243,#255,#286,#310,#334,
    #351,#382,#406,#430,#447,#459));
#39 = ADVANCED_FACE('',(#40),#74,.F.);
#40 = FACE_BOUND('',#41,.F.);
#41 = EDGE_LOOP('',(#42,#52,#60,#68));
#42 = ORIENTED_EDGE('',*,*,#43,.T.);
#43 = EDGE_CURVE('',#44,#46,#48,.T.);
#44 = VERTEX_POINT('',#45);
#45 = CARTESIAN_POINT('',(-30.,-12.5,0.));
#46 = VERTEX_POINT('',#47);
#47 = CARTESIAN_POINT('',(-30.,-12.5,1.));
#48 = LINE('',#49,#50);
#49 = CARTESIAN_POINT('',(-30.,-12.5,0.));
#50 = VECTOR('',#51,1.);
#51 = DIRECTION('',(0.,0.,1.));
#52 = ORIENTED_EDGE('',*,*,#53,.T.);
#53 = EDGE_CURVE('',#46,#54,#56,.T.);
#54 = VERTEX_POINT('',#55);
#55 = CARTESIAN_POINT('',(30.,-12.5,1.));
#56 = LINE('',#57,#58);
#57 = CARTESIAN_POINT('',(-30.,-12.5,1.));
#58 = VECTOR('',#59,1.);
#59 = DIRECTION('',(1.,0.,0.));
#60 = ORIENTED_EDGE('',*,*,#61,.F.);
#61 = EDGE_CURVE('',#62,#54,#64,.T.);
#62 = VERTEX_POINT('',#63);
#63 = CARTESIAN_POINT('',(30.,-12.5,0.));
#64 = LINE('',#65,#66);
#65 = CARTESIAN_POINT('',(30.,-12.5,0.));
#66 = VECTOR('',#67,1.);
#67 = DIRECTION('',(0.,0.,1.));
#68 = ORIENTED_EDGE('',*,*,#69,.F.);
#69 = EDGE_CURVE('',#44,#62,#70,.T.);
#70 = LINE('',#71,#72);
#71 = CARTESIAN_POINT('',(-30.,-12.5,0.));
#72 = VECTOR('',#73,1.);
#73 = DIRECTION('',(1.,0.,0.));
#74 = PLANE('',#75);
#75 = AXIS2_PLACEMENT_3D('',#76,#77,#78);
#76 = CARTESIAN_POINT('',(-30.,-12.5,0.));
#77 = DIRECTION('',(0.,1.,0.));
#78 = DIRECTION('',(1.,0.,0.));
#79 = ADVANCED_FACE('',(#80),#105,.F.);
#80 = FACE_BOUND('',#81,.F.);
#81 = EDGE_LOOP('',(#82,#92,#98,#99));
#82 = ORIENTED_EDGE('',*,*,#83,.T.);
#83 = EDGE_CURVE('',#84,#86,#88,.T.);
#84 = VERTEX_POINT('',#85);
#85 = CARTESIAN_POINT('',(-30.,12.5,0.));
#86 = VERTEX_POINT('',#87);
#87 = CARTESIAN_POINT('',(-30.,12.5,1.));
#88 = LINE('',#89,#90);
#89 = CARTESIAN_POINT('',(-30.,12.5,0.));
#90 = VECTOR('',#91,1.);
#91 = DIRECTION('',(0.,0.,1.));
#92 = ORIENTED_EDGE('',*,*,#93,.T.);
#93 = EDGE_CURVE('',#86,#46,#94,.T.);
#94 = LINE('',#95,#96);
#95 = CARTESIAN_POINT('',(-30.,12.5,1.));
#96 = VECTOR('',#97,1.);
#97 = DIRECTION('',(0.,-1.,0.));
#98 = ORIENTED_EDGE('',*,*,#43,.F.);
#99 = ORIENTED_EDGE('',*,*,#100,.F.);
#100 = EDGE_CURVE('',#84,#44,#101,.T.);
#101 = LINE('',#102,#103);
#102 = CARTESIAN_POINT('',(-30.,12.5,0.));
#103 = VECTOR('',#104,1.);
#104 = DIRECTION('',(0.,-1.,0.));
#105 = PLANE('',#106);
#106 = AXIS2_PLACEMENT_3D('',#107,#108,#109);
#107 = CARTESIAN_POINT('',(-30.,12.5,0.));
#108 = DIRECTION('',(1.,0.,0.));
#109 = DIRECTION('',(0.,-1.,0.));
#110 = ADVANCED_FACE('',(#111),#136,.F.);
#111 = FACE_BOUND('',#112,.F.);
#112 = EDGE_LOOP('',(#113,#114,#122,#130));
#113 = ORIENTED_EDGE('',*,*,#61,.T.);
#114 = ORIENTED_EDGE('',*,*,#115,.T.);
#115 = EDGE_CURVE('',#54,#116,#118,.T.);
#116 = VERTEX_POINT('',#117);
#117 = CARTESIAN_POINT('',(30.,12.5,1.));
#118 = LINE('',#119,#120);
#119 = CARTESIAN_POINT('',(30.,-12.5,1.));
#120 = VECTOR('',#121,1.);
#121 = DIRECTION('',(0.,1.,0.));
#122 = ORIENTED_EDGE('',*,*,#123,.F.);
#123 = EDGE_CURVE('',#124,#116,#126,.T.);
#124 = VERTEX_POINT('',#125);
#125 = CARTESIAN_POINT('',(30.,12.5,0.));
#126 = LINE('',#127,#128);
#127 = CARTESIAN_POINT('',(30.,12.5,0.));
#128 = VECTOR('',#129,1.);
#129 = DIRECTION('',(0.,0.,1.));
#130 = ORIENTED_EDGE('',*,*,#131,.F.);
#131 = EDGE_CURVE('',#62,#124,#132,.T.);
#132 = LINE('',#133,#134);
#133 = CARTESIAN_POINT('',(30.,-12.5,0.));
#134 = VECTOR('',#135,1.);
#135 = DIRECTION('',(0.,1.,0.));
#136 = PLANE('',#137);
#137 = AXIS2_PLACEMENT_3D('',#138,#139,#140);
#138 = CARTESIAN_POINT('',(30.,-12.5,0.));
#139 = DIRECTION('',(-1.,0.,0.));
#140 = DIRECTION('',(0.,1.,0.));
#141 = ADVANCED_FACE('',(#142),#153,.F.);
#142 = FACE_BOUND('',#143,.F.);
#143 = EDGE_LOOP('',(#144,#145,#146,#152));
#144 = ORIENTED_EDGE('',*,*,#69,.T.);
#145 = ORIENTED_EDGE('',*,*,#131,.T.);
#146 = ORIENTED_EDGE('',*,*,#147,.T.);
#147 = EDGE_CURVE('',#124,#84,#148,.T.);
#148 = LINE('',#149,#150);
#149 = CARTESIAN_POINT('',(30.,12.5,0.));
#150 = VECTOR('',#151,1.);
#151 = DIRECTION('',(-1.,0.,0.));
#152 = ORIENTED_EDGE('',*,*,#100,.T.);
#153 = PLANE('',#154);
#154 = AXIS2_PLACEMENT_3D('',#155,#156,#157);
#155 = CARTESIAN_POINT('',(0.,0.,0.));
#156 = DIRECTION('',(0.,0.,1.));
#157 = DIRECTION('',(1.,0.,0.));
#158 = ADVANCED_FACE('',(#159,#170,#204),#238,.T.);
#159 = FACE_BOUND('',#160,.T.);
#160 = EDGE_LOOP('',(#161,#162,#163,#169));
#161 = ORIENTED_EDGE('',*,*,#53,.T.);
#162 = ORIENTED_EDGE('',*,*,#115,.T.);
#163 = ORIENTED_EDGE('',*,*,#164,.T.);
#164 = EDGE_CURVE('',#116,#86,#165,.T.);
#165 = LINE('',#166,#167);
#166 = CARTESIAN_POINT('',(30.,12.5,1.));
#167 = VECTOR('',#168,1.);
#168 = DIRECTION('',(-1.,0.,0.));
#169 = ORIENTED_EDGE('',*,*,#93,.T.);
#170 = FACE_BOUND('',#171,.T.);
#171 = EDGE_LOOP('',(#172,#182,#190,#198));
#172 = ORIENTED_EDGE('',*,*,#173,.F.);
#173 = EDGE_CURVE('',#174,#176,#178,.T.);
#174 = VERTEX_POINT('',#175);
#175 = CARTESIAN_POINT('',(-26.,-9.,1.));
#176 = VERTEX_POINT('',#177);
#177 = CARTESIAN_POINT('',(26.,-9.,1.));
#178 = LINE('',#179,#180);
#179 = CARTESIAN_POINT('',(-26.,-9.,1.));
#180 = VECTOR('',#181,1.);
#181 = DIRECTION('',(1.,0.,0.));
#182 = ORIENTED_EDGE('',*,*,#183,.F.);
#183 = EDGE_CURVE('',#184,#174,#186,.T.);
#184 = VERTEX_POINT('',#185);
#185 = CARTESIAN_POINT('',(-26.,-8.,1.));
#186 = LINE('',#187,#188);
#187 = CARTESIAN_POINT('',(-26.,-8.,1.));
#188 = VECTOR('',#189,1.);
#189 = DIRECTION('',(0.,-1.,0.));
#190 = ORIENTED_EDGE('',*,*,#191,.F.);
#191 = EDGE_CURVE('',#192,#184,#194,.T.);
#192 = VERTEX_POINT('',#193);
#193 = CARTESIAN_POINT('',(26.,-8.,1.));
#194 = LINE('',#195,#196);
#195 = CARTESIAN_POINT('',(26.,-8.,1.));
#196 = VECTOR('',#197,1.);
#197 = DIRECTION('',(-1.,0.,0.));
#198 = ORIENTED_EDGE('',*,*,#199,.F.);
#199 = EDGE_CURVE('',#176,#192,#200,.T.);
#200 = LINE('',#201,#202);
#201 = CARTESIAN_POINT('',(26.,-9.,1.));
#202 = VECTOR('',#203,1.);
#203 = DIRECTION('',(0.,1.,0.));
#204 = FACE_BOUND('',#205,.T.);
#205 = EDGE_LOOP('',(#206,#216,#224,#232));
#206 = ORIENTED_EDGE('',*,*,#207,.F.);
#207 = EDGE_CURVE('',#208,#210,#212,.T.);
#208 = VERTEX_POINT('',#209);
#209 = CARTESIAN_POINT('',(-26.,8.,1.));
#210 = VERTEX_POINT('',#211);
#211 = CARTESIAN_POINT('',(26.,8.,1.));
#212 = LINE('',#213,#214);
#213 = CARTESIAN_POINT('',(-26.,8.,1.));
#214 = VECTOR('',#215,1.);
#215 = DIRECTION('',(1.,0.,0.));
#216 = ORIENTED_EDGE('',*,*,#217,.F.);
#217 = EDGE_CURVE('',#218,#208,#220,.T.);
#218 = VERTEX_POINT('',#219);
#219 = CARTESIAN_POINT('',(-26.,9.,1.));
#220 = LINE('',#221,#222);
#221 = CARTESIAN_POINT('',(-26.,9.,1.));
#222 = VECTOR('',#223,1.);
#223 = DIRECTION('',(0.,-1.,0.));
#224 = ORIENTED_EDGE('',*,*,#225,.F.);
#225 = EDGE_CURVE('',#226,#218,#228,.T.);
#226 = VERTEX_POINT('',#227);
#227 = CARTESIAN_POINT('',(26.,9.,1.));
#228 = LINE('',#229,#230);
#229 = CARTESIAN_POINT('',(26.,9.,1.));
#230 = VECTOR('',#231,1.);
#231 = DIRECTION('',(-1.,0.,0.));
#232 = ORIENTED_EDGE('',*,*,#233,.F.);
#233 = EDGE_CURVE('',#210,#226,#234,.T.);
#234 = LINE('',#235,#236);
#235 = CARTESIAN_POINT('',(26.,8.,1.));
#236 = VECTOR('',#237,1.);
#237 = DIRECTION('',(0.,1.,0.));
#238 = PLANE('',#239);
#239 = AXIS2_PLACEMENT_3D('',#240,#241,#242);
#240 = CARTESIAN_POINT('',(0.,0.,1.));
#241 = DIRECTION('',(0.,0.,1.));
#242 = DIRECTION('',(1.,0.,0.));
#243 = ADVANCED_FACE('',(#244),#250,.F.);
#244 = FACE_BOUND('',#245,.F.);
#245 = EDGE_LOOP('',(#246,#247,#248,#249));
#246 = ORIENTED_EDGE('',*,*,#123,.T.);
#247 = ORIENTED_EDGE('',*,*,#164,.T.);
#248 = ORIENTED_EDGE('',*,*,#83,.F.);
#249 = ORIENTED_EDGE('',*,*,#147,.F.);
#250 = PLANE('',#251);
#251 = AXIS2_PLACEMENT_3D('',#252,#253,#254);
#252 = CARTESIAN_POINT('',(30.,12.5,0.));
#253 = DIRECTION('',(0.,-1.,0.));
#254 = DIRECTION('',(-1.,0.,0.));
#255 = ADVANCED_FACE('',(#256),#281,.F.);
#256 = FACE_BOUND('',#257,.F.);
#257 = EDGE_LOOP('',(#258,#266,#274,#280));
#258 = ORIENTED_EDGE('',*,*,#259,.T.);
#259 = EDGE_CURVE('',#174,#260,#262,.T.);
#260 = VERTEX_POINT('',#261);
#261 = CARTESIAN_POINT('',(-26.,-9.,2.));
#262 = LINE('',#263,#264);
#263 = CARTESIAN_POINT('',(-26.,-9.,1.));
#264 = VECTOR('',#265,1.);
#265 = DIRECTION('',(0.,0.,1.));
#266 = ORIENTED_EDGE('',*,*,#267,.T.);
#267 = EDGE_CURVE('',#260,#268,#270,.T.);
#268 = VERTEX_POINT('',#269);
#269 = CARTESIAN_POINT('',(26.,-9.,2.));
#270 = LINE('',#271,#272);
#271 = CARTESIAN_POINT('',(-26.,-9.,2.));
#272 = VECTOR('',#273,1.);
#273 = DIRECTION('',(1.,0.,0.));
#274 = ORIENTED_EDGE('',*,*,#275,.F.);
#275 = EDGE_CURVE('',#176,#268,#276,.T.);
#276 = LINE('',#277,#278);
#277 = CARTESIAN_POINT('',(26.,-9.,1.));
#278 = VECTOR('',#279,1.);
#279 = DIRECTION('',(0.,0.,1.));
#280 = ORIENTED_EDGE('',*,*,#173,.F.);
#281 = PLANE('',#282);
#282 = AXIS2_PLACEMENT_3D('',#283,#284,#285);
#283 = CARTESIAN_POINT('',(-26.,-9.,1.));
#284 = DIRECTION('',(0.,1.,0.));
#285 = DIRECTION('',(1.,0.,0.));
#286 = ADVANCED_FACE('',(#287),#305,.F.);
#287 = FACE_BOUND('',#288,.F.);
#288 = EDGE_LOOP('',(#289,#290,#298,#304));
#289 = ORIENTED_EDGE('',*,*,#275,.T.);
#290 = ORIENTED_EDGE('',*,*,#291,.T.);
#291 = EDGE_CURVE('',#268,#292,#294,.T.);
#292 = VERTEX_POINT('',#293);
#293 = CARTESIAN_POINT('',(26.,-8.,2.));
#294 = LINE('',#295,#296);
#295 = CARTESIAN_POINT('',(26.,-9.,2.));
#296 = VECTOR('',#297,1.);
#297 = DIRECTION('',(0.,1.,0.));
#298 = ORIENTED_EDGE('',*,*,#299,.F.);
#299 = EDGE_CURVE('',#192,#292,#300,.T.);
#300 = LINE('',#301,#302);
#301 = CARTESIAN_POINT('',(26.,-8.,1.));
#302 = VECTOR('',#303,1.);
#303 = DIRECTION('',(0.,0.,1.));
#304 = ORIENTED_EDGE('',*,*,#199,.F.);
#305 = PLANE('',#306);
#306 = AXIS2_PLACEMENT_3D('',#307,#308,#309);
#307 = CARTESIAN_POINT('',(26.,-9.,1.));
#308 = DIRECTION('',(-1.,0.,0.));
#309 = DIRECTION('',(0.,1.,0.));
#310 = ADVANCED_FACE('',(#311),#329,.F.);
#311 = FACE_BOUND('',#312,.F.);
#312 = EDGE_LOOP('',(#313,#314,#322,#328));
#313 = ORIENTED_EDGE('',*,*,#299,.T.);
#314 = ORIENTED_EDGE('',*,*,#315,.T.);
#315 = EDGE_CURVE('',#292,#316,#318,.T.);
#316 = VERTEX_POINT('',#317);
#317 = CARTESIAN_POINT('',(-26.,-8.,2.));
#318 = LINE('',#319,#320);
#319 = CARTESIAN_POINT('',(26.,-8.,2.));
#320 = VECTOR('',#321,1.);
#321 = DIRECTION('',(-1.,0.,0.));
#322 = ORIENTED_EDGE('',*,*,#323,.F.);
#323 = EDGE_CURVE('',#184,#316,#324,.T.);
#324 = LINE('',#325,#326);
#325 = CARTESIAN_POINT('',(-26.,-8.,1.));
#326 = VECTOR('',#327,1.);
#327 = DIRECTION('',(0.,0.,1.));
#328 = ORIENTED_EDGE('',*,*,#191,.F.);
#329 = PLANE('',#330);
#330 = AXIS2_PLACEMENT_3D('',#331,#332,#333);
#331 = CARTESIAN_POINT('',(26.,-8.,1.));
#332 = DIRECTION('',(0.,-1.,0.));
#333 = DIRECTION('',(-1.,0.,0.));
#334 = ADVANCED_FACE('',(#335),#346,.F.);
#335 = FACE_BOUND('',#336,.F.);
#336 = EDGE_LOOP('',(#337,#338,#344,#345));
#337 = ORIENTED_EDGE('',*,*,#323,.T.);
#338 = ORIENTED_EDGE('',*,*,#339,.T.);
#339 = EDGE_CURVE('',#316,#260,#340,.T.);
#340 = LINE('',#341,#342);
#341 = CARTESIAN_POINT('',(-26.,-8.,2.));
#342 = VECTOR('',#343,1.);
#343 = DIRECTION('',(0.,-1.,0.));
#344 = ORIENTED_EDGE('',*,*,#259,.F.);
#345 = ORIENTED_EDGE('',*,*,#183,.F.);
#346 = PLANE('',#347);
#347 = AXIS2_PLACEMENT_3D('',#348,#349,#350);
#348 = CARTESIAN_POINT('',(-26.,-8.,1.));
#349 = DIRECTION('',(1.,0.,0.));
#350 = DIRECTION('',(0.,-1.,0.));
#351 = ADVANCED_FACE('',(#352),#377,.F.);
#352 = FACE_BOUND('',#353,.F.);
#353 = EDGE_LOOP('',(#354,#362,#370,#376));
#354 = ORIENTED_EDGE('',*,*,#355,.T.);
#355 = EDGE_CURVE('',#208,#356,#358,.T.);
#356 = VERTEX_POINT('',#357);
#357 = CARTESIAN_POINT('',(-26.,8.,2.));
#358 = LINE('',#359,#360);
#359 = CARTESIAN_POINT('',(-26.,8.,1.));
#360 = VECTOR('',#361,1.);
#361 = DIRECTION('',(0.,0.,1.));
#362 = ORIENTED_EDGE('',*,*,#363,.T.);
#363 = EDGE_CURVE('',#356,#364,#366,.T.);
#364 = VERTEX_POINT('',#365);
#365 = CARTESIAN_POINT('',(26.,8.,2.));
#366 = LINE('',#367,#368);
#367 = CARTESIAN_POINT('',(-26.,8.,2.));
#368 = VECTOR('',#369,1.);
#369 = DIRECTION('',(1.,0.,0.));
#370 = ORIENTED_EDGE('',*,*,#371,.F.);
#371 = EDGE_CURVE('',#210,#364,#372,.T.);
#372 = LINE('',#373,#374);
#373 = CARTESIAN_POINT('',(26.,8.,1.));
#374 = VECTOR('',#375,1.);
#375 = DIRECTION('',(0.,0.,1.));
#376 = ORIENTED_EDGE('',*,*,#207,.F.);
#377 = PLANE('',#378);
#378 = AXIS2_PLACEMENT_3D('',#379,#380,#381);
#379 = CARTESIAN_POINT('',(-26.,8.,1.));
#380 = DIRECTION('',(0.,1.,0.));
#381 = DIRECTION('',(1.,0.,0.));
#382 = ADVANCED_FACE('',(#383),#401,.F.);
#383 = FACE_BOUND('',#384,.F.);
#384 = EDGE_LOOP('',(#385,#386,#394,#400));
#385 = ORIENTED_EDGE('',*,*,#371,.T.);
#386 = ORIENTED_EDGE('',*,*,#387,.T.);
#387 = EDGE_CURVE('',#364,#388,#390,.T.);
#388 = VERTEX_POINT('',#389);
#389 = CARTESIAN_POINT('',(26.,9.,2.));
#390 = LINE('',#391,#392);
#391 = CARTESIAN_POINT('',(26.,8.,2.));
#392 = VECTOR('',#393,1.);
#393 = DIRECTION('',(0.,1.,0.));
#394 = ORIENTED_EDGE('',*,*,#395,.F.);
#395 = EDGE_CURVE('',#226,#388,#396,.T.);
#396 = LINE('',#397,#398);
#397 = CARTESIAN_POINT('',(26.,9.,1.));
#398 = VECTOR('',#399,1.);
#399 = DIRECTION('',(0.,0.,1.));
#400 = ORIENTED_EDGE('',*,*,#233,.F.);
#401 = PLANE('',#402);
#402 = AXIS2_PLACEMENT_3D('',#403,#404,#405);
#403 = CARTESIAN_POINT('',(26.,8.,1.));
#404 = DIRECTION('',(-1.,0.,0.));
#405 = DIRECTION('',(0.,1.,0.));
#406 = ADVANCED_FACE('',(#407),#425,.F.);
#407 = FACE_BOUND('',#408,.F.);
#408 = EDGE_LOOP('',(#409,#410,#418,#424));
#409 = ORIENTED_EDGE('',*,*,#395,.T.);
#410 = ORIENTED_EDGE('',*,*,#411,.T.);
#411 = EDGE_CURVE('',#388,#412,#414,.T.);
#412 = VERTEX_POINT('',#413);
#413 = CARTESIAN_POINT('',(-26.,9.,2.));
#414 = LINE('',#415,#416);
#415 = CARTESIAN_POINT('',(26.,9.,2.));
#416 = VECTOR('',#417,1.);
#417 = DIRECTION('',(-1.,0.,0.));
#418 = ORIENTED_EDGE('',*,*,#419,.F.);
#419 = EDGE_CURVE('',#218,#412,#420,.T.);
#420 = LINE('',#421,#422);
#421 = CARTESIAN_POINT('',(-26.,9.,1.));
#422 = VECTOR('',#423,1.);
#423 = DIRECTION('',(0.,0.,1.));
#424 = ORIENTED_EDGE('',*,*,#225,.F.);
#425 = PLANE('',#426);
#426 = AXIS2_PLACEMENT_3D('',#427,#428,#429);
#427 = CARTESIAN_POINT('',(26.,9.,1.));
#428 = DIRECTION('',(0.,-1.,0.));
#429 = DIRECTION('',(-1.,0.,0.));
#430 = ADVANCED_FACE('',(#431),#442,.F.);
#431 = FACE_BOUND('',#432,.F.);
#432 = EDGE_LOOP('',(#433,#434,#440,#441));
#433 = ORIENTED_EDGE('',*,*,#419,.T.);
#434 = ORIENTED_EDGE('',*,*,#435,.T.);
#435 = EDGE_CURVE('',#412,#356,#436,.T.);
#436 = LINE('',#437,#438);
#437 = CARTESIAN_POINT('',(-26.,9.,2.));
#438 = VECTOR('',#439,1.);
#439 = DIRECTION('',(0.,-1.,0.));
#440 = ORIENTED_EDGE('',*,*,#355,.F.);
#441 = ORIENTED_EDGE('',*,*,#217,.F.);
#442 = PLANE('',#443);
#443 = AXIS2_PLACEMENT_3D('',#444,#445,#446);
#444 = CARTESIAN_POINT('',(-26.,9.,1.));
#445 = DIRECTION('',(1.,0.,0.));
#446 = DIRECTION('',(0.,-1.,0.));
#447 = ADVANCED_FACE('',(#448),#454,.T.);
#448 = FACE_BOUND('',#449,.T.);
#449 = EDGE_LOOP('',(#450,#451,#452,#453));
#450 = ORIENTED_EDGE('',*,*,#267,.T.);
#451 = ORIENTED_EDGE('',*,*,#291,.T.);
#452 = ORIENTED_EDGE('',*,*,#315,.T.);
#453 = ORIENTED_EDGE('',*,*,#339,.T.);
#454 = PLANE('',#455);
#455 = AXIS2_PLACEMENT_3D('',#456,#457,#458);
#456 = CARTESIAN_POINT('',(2.161792757383E-15,0.,2.));
#457 = DIRECTION('',(0.,0.,1.));
#458 = DIRECTION('',(1.,0.,0.));
#459 = ADVANCED_FACE('',(#460),#466,.T.);
#460 = FACE_BOUND('',#461,.T.);
#461 = EDGE_LOOP('',(#462,#463,#464,#465));
#462 = ORIENTED_EDGE('',*,*,#363,.T.);
#463 = ORIENTED_EDGE('',*,*,#387,.T.);
#464 = ORIENTED_EDGE('',*,*,#411,.T.);
#465 = ORIENTED_EDGE('',*,*,#435,.T.);
#466 = PLANE('',#467);
#467 = AXIS2_PLACEMENT_3D('',#468,#469,#470);
#468 = CARTESIAN_POINT('',(2.161792757383E-15,0.,2.));
#469 = DIRECTION('',(0.,0.,1.));
#470 = DIRECTION('',(1.,0.,0.));
#471 = ( GEOMETRIC_REPRESENTATION_CONTEXT(3) 
GLOBAL_UNCERTAINTY_ASSIGNED_CONTEXT((#475)) GLOBAL_UNIT_ASSIGNED_CONTEXT
((#472,#473,#474)) REPRESENTATION_CONTEXT('Context #1',
  '3D Context with UNIT and UNCERTAINTY') );
#472 = ( LENGTH_UNIT() NAMED_UNIT(*) SI_UNIT(.MILLI.,.METRE.) );
#473 = ( NAMED_UNIT(*) PLANE_ANGLE_UNIT() SI_UNIT($,.RADIAN.) );
#474 = ( NAMED_UNIT(*) SI_UNIT($,.STERADIAN.) SOLID_ANGLE_UNIT() );
#475 = UNCERTAINTY_MEASURE_WITH_UNIT(LENGTH_MEASURE(1.E-07),#472,
  'distance_accuracy_value','confusion accuracy');
#476 = CONTEXT_DEPENDENT_SHAPE_REPRESENTATION(#477,#479);
#477 = ( REPRESENTATION_RELATIONSHIP('','',#36,#10) 
REPRESENTATION_RELATIONSHIP_WITH_TRANSFORMATION(#478) 
SHAPE_REPRESENTATION_RELATIONSHIP() );
#478 = ITEM_DEFINED_TRANSFORMATION('','',#11,#15);
#479 = PRODUCT_DEFINITION_SHAPE('Placement','Placement of an item',#480
  );
#480 = NEXT_ASSEMBLY_USAGE_OCCURRENCE('1','Body','',#5,#31,$);
#481 = PRODUCT_RELATED_PRODUCT_CATEGORY('part',$,(#33));
#482 = SHAPE_DEFINITION_REPRESENTATION(#483,#489);
#483 = PRODUCT_DEFINITION_SHAPE('','',#484);
#484 = PRODUCT_DEFINITION('design','',#485,#488);
#485 = PRODUCT_DEFINITION_FORMATION('','',#486);
#486 = PRODUCT('Extrude','Extrude','',(#487));
#487 = PRODUCT_CONTEXT('',#2,'mechanical');
#488 = PRODUCT_DEFINITION_CONTEXT('part definition',#2,'design');
#489 = SHAPE_REPRESENTATION('',(#11,#490,#2324,#3100,#3876,#4652,#4868,
    #5018,#5432),#7266);
#490 = MANIFOLD_SOLID_BREP('',#491);
#491 = CLOSED_SHELL('',(#492,#534,#565,#598,#631,#664,#697,#730,#763,
    #796,#829,#862,#895,#928,#961,#994,#1027,#1060,#1093,#1126,#1159,
    #1192,#1225,#1258,#1291,#1324,#1357,#1388,#1421,#1454,#1487,#1520,
    #1553,#1586,#1619,#1652,#1685,#1718,#1751,#1784,#1817,#1850,#1883,
    #1916,#1949,#1982,#2015,#2048,#2081,#2114,#2147,#2180,#2204,#2264));
#492 = ADVANCED_FACE('',(#493),#527,.T.);
#493 = FACE_BOUND('',#494,.T.);
#494 = EDGE_LOOP('',(#495,#505,#513,#521));
#495 = ORIENTED_EDGE('',*,*,#496,.T.);
#496 = EDGE_CURVE('',#497,#499,#501,.T.);
#497 = VERTEX_POINT('',#498);
#498 = CARTESIAN_POINT('',(-19.21458030531,2.696468241375,1.));
#499 = VERTEX_POINT('',#500);
#500 = CARTESIAN_POINT('',(-19.21458030531,2.696468241375,2.));
#501 = LINE('',#502,#503);
#502 = CARTESIAN_POINT('',(-19.21458030531,2.696468241375,1.));
#503 = VECTOR('',#504,1.);
#504 = DIRECTION('',(0.,0.,1.));
#505 = ORIENTED_EDGE('',*,*,#506,.T.);
#506 = EDGE_CURVE('',#499,#507,#509,.T.);
#507 = VERTEX_POINT('',#508);
#508 = CARTESIAN_POINT('',(-19.33136862648,2.557192727932,2.));
#509 = B_SPLINE_CURVE_WITH_KNOTS('',2,(#510,#511,#512),.UNSPECIFIED.,.F.
  ,.F.,(3,3),(0.,1.),.PIECEWISE_BEZIER_KNOTS.);
#510 = CARTESIAN_POINT('',(-19.21458030531,2.696468241375,2.));
#511 = CARTESIAN_POINT('',(-19.2700728927,2.601804415832,2.));
#512 = CARTESIAN_POINT('',(-19.33136862648,2.557192727932,2.));
#513 = ORIENTED_EDGE('',*,*,#514,.F.);
#514 = EDGE_CURVE('',#515,#507,#517,.T.);
#515 = VERTEX_POINT('',#516);
#516 = CARTESIAN_POINT('',(-19.33136862648,2.557192727932,1.));
#517 = LINE('',#518,#519);
#518 = CARTESIAN_POINT('',(-19.33136862648,2.557192727932,1.));
#519 = VECTOR('',#520,1.);
#520 = DIRECTION('',(0.,0.,1.));
#521 = ORIENTED_EDGE('',*,*,#522,.F.);
#522 = EDGE_CURVE('',#497,#515,#523,.T.);
#523 = B_SPLINE_CURVE_WITH_KNOTS('',2,(#524,#525,#526),.UNSPECIFIED.,.F.
  ,.F.,(3,3),(0.,1.),.PIECEWISE_BEZIER_KNOTS.);
#524 = CARTESIAN_POINT('',(-19.21458030531,2.696468241375,1.));
#525 = CARTESIAN_POINT('',(-19.2700728927,2.601804415832,1.));
#526 = CARTESIAN_POINT('',(-19.33136862648,2.557192727932,1.));
#527 = SURFACE_OF_LINEAR_EXTRUSION('',#528,#532);
#528 = B_SPLINE_CURVE_WITH_KNOTS('',2,(#529,#530,#531),.UNSPECIFIED.,.F.
  ,.F.,(3,3),(0.,1.),.PIECEWISE_BEZIER_KNOTS.);
#529 = CARTESIAN_POINT('',(-19.21458030531,2.696468241375,1.));
#530 = CARTESIAN_POINT('',(-19.2700728927,2.601804415832,1.));
#531 = CARTESIAN_POINT('',(-19.33136862648,2.557192727932,1.));
#532 = VECTOR('',#533,1.);
#533 = DIRECTION('',(-0.,-0.,-1.));
#534 = ADVANCED_FACE('',(#535),#560,.T.);
#535 = FACE_BOUND('',#536,.T.);
#536 = EDGE_LOOP('',(#537,#547,#553,#554));
#537 = ORIENTED_EDGE('',*,*,#538,.T.);
#538 = EDGE_CURVE('',#539,#541,#543,.T.);
#539 = VERTEX_POINT('',#540);
#540 = CARTESIAN_POINT('',(-18.92478568229,3.259010744888,1.));
#541 = VERTEX_POINT('',#542);
#542 = CARTESIAN_POINT('',(-18.92478568229,3.259010744888,2.));
#543 = LINE('',#544,#545);
#544 = CARTESIAN_POINT('',(-18.92478568229,3.259010744888,1.));
#545 = VECTOR('',#546,1.);
#546 = DIRECTION('',(0.,0.,1.));
#547 = ORIENTED_EDGE('',*,*,#548,.T.);
#548 = EDGE_CURVE('',#541,#499,#549,.T.);
#549 = LINE('',#550,#551);
#550 = CARTESIAN_POINT('',(-18.92478568229,3.259010744888,2.));
#551 = VECTOR('',#552,1.);
#552 = DIRECTION('',(-0.457956589674,-0.888974556427,0.));
#553 = ORIENTED_EDGE('',*,*,#496,.F.);
#554 = ORIENTED_EDGE('',*,*,#555,.F.);
#555 = EDGE_CURVE('',#539,#497,#556,.T.);
#556 = LINE('',#557,#558);
#557 = CARTESIAN_POINT('',(-18.92478568229,3.259010744888,1.));
#558 = VECTOR('',#559,1.);
#559 = DIRECTION('',(-0.457956589674,-0.888974556427,0.));
#560 = PLANE('',#561);
#561 = AXIS2_PLACEMENT_3D('',#562,#563,#564);
#562 = CARTESIAN_POINT('',(-18.92478568229,3.259010744888,1.));
#563 = DIRECTION('',(0.888974556427,-0.457956589674,0.));
#564 = DIRECTION('',(-0.457956589674,-0.888974556427,0.));
#565 = ADVANCED_FACE('',(#566),#591,.T.);
#566 = FACE_BOUND('',#567,.T.);
#567 = EDGE_LOOP('',(#568,#578,#584,#585));
#568 = ORIENTED_EDGE('',*,*,#569,.T.);
#569 = EDGE_CURVE('',#570,#572,#574,.T.);
#570 = VERTEX_POINT('',#571);
#571 = CARTESIAN_POINT('',(-19.90805629932,3.874506959242,1.));
#572 = VERTEX_POINT('',#573);
#573 = CARTESIAN_POINT('',(-19.90805629932,3.874506959242,2.));
#574 = LINE('',#575,#576);
#575 = CARTESIAN_POINT('',(-19.90805629932,3.874506959242,1.));
#576 = VECTOR('',#577,1.);
#577 = DIRECTION('',(0.,0.,1.));
#578 = ORIENTED_EDGE('',*,*,#579,.T.);
#579 = EDGE_CURVE('',#572,#541,#580,.T.);
#580 = B_SPLINE_CURVE_WITH_KNOTS('',2,(#581,#582,#583),.UNSPECIFIED.,.F.
  ,.F.,(3,3),(0.,1.),.PIECEWISE_BEZIER_KNOTS.);
#581 = CARTESIAN_POINT('',(-19.90805629932,3.874506959242,2.));
#582 = CARTESIAN_POINT('',(-19.34261222261,3.660153239334,2.));
#583 = CARTESIAN_POINT('',(-18.92478568229,3.259010744888,2.));
#584 = ORIENTED_EDGE('',*,*,#538,.F.);
#585 = ORIENTED_EDGE('',*,*,#586,.F.);
#586 = EDGE_CURVE('',#570,#539,#587,.T.);
#587 = B_SPLINE_CURVE_WITH_KNOTS('',2,(#588,#589,#590),.UNSPECIFIED.,.F.
  ,.F.,(3,3),(0.,1.),.PIECEWISE_BEZIER_KNOTS.);
#588 = CARTESIAN_POINT('',(-19.90805629932,3.874506959242,1.));
#589 = CARTESIAN_POINT('',(-19.34261222261,3.660153239334,1.));
#590 = CARTESIAN_POINT('',(-18.92478568229,3.259010744888,1.));
#591 = SURFACE_OF_LINEAR_EXTRUSION('',#592,#596);
#592 = B_SPLINE_CURVE_WITH_KNOTS('',2,(#593,#594,#595),.UNSPECIFIED.,.F.
  ,.F.,(3,3),(0.,1.),.PIECEWISE_BEZIER_KNOTS.);
#593 = CARTESIAN_POINT('',(-19.90805629932,3.874506959242,1.));
#594 = CARTESIAN_POINT('',(-19.34261222261,3.660153239334,1.));
#595 = CARTESIAN_POINT('',(-18.92478568229,3.259010744888,1.));
#596 = VECTOR('',#597,1.);
#597 = DIRECTION('',(-0.,-0.,-1.));
#598 = ADVANCED_FACE('',(#599),#624,.T.);
#599 = FACE_BOUND('',#600,.T.);
#600 = EDGE_LOOP('',(#601,#611,#617,#618));
#601 = ORIENTED_EDGE('',*,*,#602,.T.);
#602 = EDGE_CURVE('',#603,#605,#607,.T.);
#603 = VERTEX_POINT('',#604);
#604 = CARTESIAN_POINT('',(-21.14775344762,4.089223375799,1.));
#605 = VERTEX_POINT('',#606);
#606 = CARTESIAN_POINT('',(-21.14775344762,4.089223375799,2.));
#607 = LINE('',#608,#609);
#608 = CARTESIAN_POINT('',(-21.14775344762,4.089223375799,1.));
#609 = VECTOR('',#610,1.);
#610 = DIRECTION('',(0.,0.,1.));
#611 = ORIENTED_EDGE('',*,*,#612,.T.);
#612 = EDGE_CURVE('',#605,#572,#613,.T.);
#613 = B_SPLINE_CURVE_WITH_KNOTS('',2,(#614,#615,#616),.UNSPECIFIED.,.F.
  ,.F.,(3,3),(0.,1.),.PIECEWISE_BEZIER_KNOTS.);
#614 = CARTESIAN_POINT('',(-21.14775344762,4.089223375799,2.));
#615 = CARTESIAN_POINT('',(-20.47350037603,4.089223375799,2.));
#616 = CARTESIAN_POINT('',(-19.90805629932,3.874506959242,2.));
#617 = ORIENTED_EDGE('',*,*,#569,.F.);
#618 = ORIENTED_EDGE('',*,*,#619,.F.);
#619 = EDGE_CURVE('',#603,#570,#620,.T.);
#620 = B_SPLINE_CURVE_WITH_KNOTS('',2,(#621,#622,#623),.UNSPECIFIED.,.F.
  ,.F.,(3,3),(0.,1.),.PIECEWISE_BEZIER_KNOTS.);
#621 = CARTESIAN_POINT('',(-21.14775344762,4.089223375799,1.));
#622 = CARTESIAN_POINT('',(-20.47350037603,4.089223375799,1.));
#623 = CARTESIAN_POINT('',(-19.90805629932,3.874506959242,1.));
#624 = SURFACE_OF_LINEAR_EXTRUSION('',#625,#629);
#625 = B_SPLINE_CURVE_WITH_KNOTS('',2,(#626,#627,#628),.UNSPECIFIED.,.F.
  ,.F.,(3,3),(0.,1.),.PIECEWISE_BEZIER_KNOTS.);
#626 = CARTESIAN_POINT('',(-21.14775344762,4.089223375799,1.));
#627 = CARTESIAN_POINT('',(-20.47350037603,4.089223375799,1.));
#628 = CARTESIAN_POINT('',(-19.90805629932,3.874506959242,1.));
#629 = VECTOR('',#630,1.);
#630 = DIRECTION('',(-0.,-0.,-1.));
#631 = ADVANCED_FACE('',(#632),#657,.T.);
#632 = FACE_BOUND('',#633,.T.);
#633 = EDGE_LOOP('',(#634,#644,#650,#651));
#634 = ORIENTED_EDGE('',*,*,#635,.T.);
#635 = EDGE_CURVE('',#636,#638,#640,.T.);
#636 = VERTEX_POINT('',#637);
#637 = CARTESIAN_POINT('',(-22.21734586726,3.90243460126,1.));
#638 = VERTEX_POINT('',#639);
#639 = CARTESIAN_POINT('',(-22.21734586726,3.90243460126,2.));
#640 = LINE('',#641,#642);
#641 = CARTESIAN_POINT('',(-22.21734586726,3.90243460126,1.));
#642 = VECTOR('',#643,1.);
#643 = DIRECTION('',(0.,0.,1.));
#644 = ORIENTED_EDGE('',*,*,#645,.T.);
#645 = EDGE_CURVE('',#638,#605,#646,.T.);
#646 = B_SPLINE_CURVE_WITH_KNOTS('',2,(#647,#648,#649),.UNSPECIFIED.,.F.
  ,.F.,(3,3),(0.,1.),.PIECEWISE_BEZIER_KNOTS.);
#647 = CARTESIAN_POINT('',(-22.21734586726,3.90243460126,2.));
#648 = CARTESIAN_POINT('',(-21.74946718929,4.089223375799,2.));
#649 = CARTESIAN_POINT('',(-21.14775344762,4.089223375799,2.));
#650 = ORIENTED_EDGE('',*,*,#602,.F.);
#651 = ORIENTED_EDGE('',*,*,#652,.F.);
#652 = EDGE_CURVE('',#636,#603,#653,.T.);
#653 = B_SPLINE_CURVE_WITH_KNOTS('',2,(#654,#655,#656),.UNSPECIFIED.,.F.
  ,.F.,(3,3),(0.,1.),.PIECEWISE_BEZIER_KNOTS.);
#654 = CARTESIAN_POINT('',(-22.21734586726,3.90243460126,1.));
#655 = CARTESIAN_POINT('',(-21.74946718929,4.089223375799,1.));
#656 = CARTESIAN_POINT('',(-21.14775344762,4.089223375799,1.));
#657 = SURFACE_OF_LINEAR_EXTRUSION('',#658,#662);
#658 = B_SPLINE_CURVE_WITH_KNOTS('',2,(#659,#660,#661),.UNSPECIFIED.,.F.
  ,.F.,(3,3),(0.,1.),.PIECEWISE_BEZIER_KNOTS.);
#659 = CARTESIAN_POINT('',(-22.21734586726,3.90243460126,1.));
#660 = CARTESIAN_POINT('',(-21.74946718929,4.089223375799,1.));
#661 = CARTESIAN_POINT('',(-21.14775344762,4.089223375799,1.));
#662 = VECTOR('',#663,1.);
#663 = DIRECTION('',(-0.,-0.,-1.));
#664 = ADVANCED_FACE('',(#665),#690,.T.);
#665 = FACE_BOUND('',#666,.T.);
#666 = EDGE_LOOP('',(#667,#677,#683,#684));
#667 = ORIENTED_EDGE('',*,*,#668,.T.);
#668 = EDGE_CURVE('',#669,#671,#673,.T.);
#669 = VERTEX_POINT('',#670);
#670 = CARTESIAN_POINT('',(-23.00548568682,3.406628281271,1.));
#671 = VERTEX_POINT('',#672);
#672 = CARTESIAN_POINT('',(-23.00548568682,3.406628281271,2.));
#673 = LINE('',#674,#675);
#674 = CARTESIAN_POINT('',(-23.00548568682,3.406628281271,1.));
#675 = VECTOR('',#676,1.);
#676 = DIRECTION('',(0.,0.,1.));
#677 = ORIENTED_EDGE('',*,*,#678,.T.);
#678 = EDGE_CURVE('',#671,#638,#679,.T.);
#679 = B_SPLINE_CURVE_WITH_KNOTS('',2,(#680,#681,#682),.UNSPECIFIED.,.F.
  ,.F.,(3,3),(0.,1.),.PIECEWISE_BEZIER_KNOTS.);
#680 = CARTESIAN_POINT('',(-23.00548568682,3.406628281271,2.));
#681 = CARTESIAN_POINT('',(-22.68522454523,3.716008523371,2.));
#682 = CARTESIAN_POINT('',(-22.21734586726,3.90243460126,2.));
#683 = ORIENTED_EDGE('',*,*,#635,.F.);
#684 = ORIENTED_EDGE('',*,*,#685,.F.);
#685 = EDGE_CURVE('',#669,#636,#686,.T.);
#686 = B_SPLINE_CURVE_WITH_KNOTS('',2,(#687,#688,#689),.UNSPECIFIED.,.F.
  ,.F.,(3,3),(0.,1.),.PIECEWISE_BEZIER_KNOTS.);
#687 = CARTESIAN_POINT('',(-23.00548568682,3.406628281271,1.));
#688 = CARTESIAN_POINT('',(-22.68522454523,3.716008523371,1.));
#689 = CARTESIAN_POINT('',(-22.21734586726,3.90243460126,1.));
#690 = SURFACE_OF_LINEAR_EXTRUSION('',#691,#695);
#691 = B_SPLINE_CURVE_WITH_KNOTS('',2,(#692,#693,#694),.UNSPECIFIED.,.F.
  ,.F.,(3,3),(0.,1.),.PIECEWISE_BEZIER_KNOTS.);
#692 = CARTESIAN_POINT('',(-23.00548568682,3.406628281271,1.));
#693 = CARTESIAN_POINT('',(-22.68522454523,3.716008523371,1.));
#694 = CARTESIAN_POINT('',(-22.21734586726,3.90243460126,1.));
#695 = VECTOR('',#696,1.);
#696 = DIRECTION('',(-0.,-0.,-1.));
#697 = ADVANCED_FACE('',(#698),#723,.T.);
#698 = FACE_BOUND('',#699,.T.);
#699 = EDGE_LOOP('',(#700,#710,#716,#717));
#700 = ORIENTED_EDGE('',*,*,#701,.T.);
#701 = EDGE_CURVE('',#702,#704,#706,.T.);
#702 = VERTEX_POINT('',#703);
#703 = CARTESIAN_POINT('',(-23.49294998387,2.696468241375,1.));
#704 = VERTEX_POINT('',#705);
#705 = CARTESIAN_POINT('',(-23.49294998387,2.696468241375,2.));
#706 = LINE('',#707,#708);
#707 = CARTESIAN_POINT('',(-23.49294998387,2.696468241375,1.));
#708 = VECTOR('',#709,1.);
#709 = DIRECTION('',(0.,0.,1.));
#710 = ORIENTED_EDGE('',*,*,#711,.T.);
#711 = EDGE_CURVE('',#704,#671,#712,.T.);
#712 = B_SPLINE_CURVE_WITH_KNOTS('',2,(#713,#714,#715),.UNSPECIFIED.,.F.
  ,.F.,(3,3),(0.,1.),.PIECEWISE_BEZIER_KNOTS.);
#713 = CARTESIAN_POINT('',(-23.49294998387,2.696468241375,2.));
#714 = CARTESIAN_POINT('',(-23.32574682841,3.097610735821,2.));
#715 = CARTESIAN_POINT('',(-23.00548568682,3.406628281271,2.));
#716 = ORIENTED_EDGE('',*,*,#668,.F.);
#717 = ORIENTED_EDGE('',*,*,#718,.F.);
#718 = EDGE_CURVE('',#702,#669,#719,.T.);
#719 = B_SPLINE_CURVE_WITH_KNOTS('',2,(#720,#721,#722),.UNSPECIFIED.,.F.
  ,.F.,(3,3),(0.,1.),.PIECEWISE_BEZIER_KNOTS.);
#720 = CARTESIAN_POINT('',(-23.49294998387,2.696468241375,1.));
#721 = CARTESIAN_POINT('',(-23.32574682841,3.097610735821,1.));
#722 = CARTESIAN_POINT('',(-23.00548568682,3.406628281271,1.));
#723 = SURFACE_OF_LINEAR_EXTRUSION('',#724,#728);
#724 = B_SPLINE_CURVE_WITH_KNOTS('',2,(#725,#726,#727),.UNSPECIFIED.,.F.
  ,.F.,(3,3),(0.,1.),.PIECEWISE_BEZIER_KNOTS.);
#725 = CARTESIAN_POINT('',(-23.49294998387,2.696468241375,1.));
#726 = CARTESIAN_POINT('',(-23.32574682841,3.097610735821,1.));
#727 = CARTESIAN_POINT('',(-23.00548568682,3.406628281271,1.));
#728 = VECTOR('',#729,1.);
#729 = DIRECTION('',(-0.,-0.,-1.));
#730 = ADVANCED_FACE('',(#731),#756,.T.);
#731 = FACE_BOUND('',#732,.T.);
#732 = EDGE_LOOP('',(#733,#743,#749,#750));
#733 = ORIENTED_EDGE('',*,*,#734,.T.);
#734 = EDGE_CURVE('',#735,#737,#739,.T.);
#735 = VERTEX_POINT('',#736);
#736 = CARTESIAN_POINT('',(-23.66015313933,1.866255610464,1.));
#737 = VERTEX_POINT('',#738);
#738 = CARTESIAN_POINT('',(-23.66015313933,1.866255610464,2.));
#739 = LINE('',#740,#741);
#740 = CARTESIAN_POINT('',(-23.66015313933,1.866255610464,1.));
#741 = VECTOR('',#742,1.);
#742 = DIRECTION('',(0.,0.,1.));
#743 = ORIENTED_EDGE('',*,*,#744,.T.);
#744 = EDGE_CURVE('',#737,#704,#745,.T.);
#745 = B_SPLINE_CURVE_WITH_KNOTS('',2,(#746,#747,#748),.UNSPECIFIED.,.F.
  ,.F.,(3,3),(0.,1.),.PIECEWISE_BEZIER_KNOTS.);
#746 = CARTESIAN_POINT('',(-23.66015313933,1.866255610464,2.));
#747 = CARTESIAN_POINT('',(-23.66015313933,2.295325746928,2.));
#748 = CARTESIAN_POINT('',(-23.49294998387,2.696468241375,2.));
#749 = ORIENTED_EDGE('',*,*,#701,.F.);
#750 = ORIENTED_EDGE('',*,*,#751,.F.);
#751 = EDGE_CURVE('',#735,#702,#752,.T.);
#752 = B_SPLINE_CURVE_WITH_KNOTS('',2,(#753,#754,#755),.UNSPECIFIED.,.F.
  ,.F.,(3,3),(0.,1.),.PIECEWISE_BEZIER_KNOTS.);
#753 = CARTESIAN_POINT('',(-23.66015313933,1.866255610464,1.));
#754 = CARTESIAN_POINT('',(-23.66015313933,2.295325746928,1.));
#755 = CARTESIAN_POINT('',(-23.49294998387,2.696468241375,1.));
#756 = SURFACE_OF_LINEAR_EXTRUSION('',#757,#761);
#757 = B_SPLINE_CURVE_WITH_KNOTS('',2,(#758,#759,#760),.UNSPECIFIED.,.F.
  ,.F.,(3,3),(0.,1.),.PIECEWISE_BEZIER_KNOTS.);
#758 = CARTESIAN_POINT('',(-23.66015313933,1.866255610464,1.));
#759 = CARTESIAN_POINT('',(-23.66015313933,2.295325746928,1.));
#760 = CARTESIAN_POINT('',(-23.49294998387,2.696468241375,1.));
#761 = VECTOR('',#762,1.);
#762 = DIRECTION('',(-0.,-0.,-1.));
#763 = ADVANCED_FACE('',(#764),#789,.T.);
#764 = FACE_BOUND('',#765,.T.);
#765 = EDGE_LOOP('',(#766,#776,#782,#783));
#766 = ORIENTED_EDGE('',*,*,#767,.T.);
#767 = EDGE_CURVE('',#768,#770,#772,.T.);
#768 = VERTEX_POINT('',#769);
#769 = CARTESIAN_POINT('',(-23.49875313026,0.966405222832,1.));
#770 = VERTEX_POINT('',#771);
#771 = CARTESIAN_POINT('',(-23.49875313026,0.966405222832,2.));
#772 = LINE('',#773,#774);
#773 = CARTESIAN_POINT('',(-23.49875313026,0.966405222832,1.));
#774 = VECTOR('',#775,1.);
#775 = DIRECTION('',(0.,0.,1.));
#776 = ORIENTED_EDGE('',*,*,#777,.T.);
#777 = EDGE_CURVE('',#770,#737,#778,.T.);
#778 = B_SPLINE_CURVE_WITH_KNOTS('',2,(#779,#780,#781),.UNSPECIFIED.,.F.
  ,.F.,(3,3),(0.,1.),.PIECEWISE_BEZIER_KNOTS.);
#779 = CARTESIAN_POINT('',(-23.49875313026,0.966405222832,2.));
#780 = CARTESIAN_POINT('',(-23.66015313933,1.331640748969,2.));
#781 = CARTESIAN_POINT('',(-23.66015313933,1.866255610464,2.));
#782 = ORIENTED_EDGE('',*,*,#734,.F.);
#783 = ORIENTED_EDGE('',*,*,#784,.F.);
#784 = EDGE_CURVE('',#768,#735,#785,.T.);
#785 = B_SPLINE_CURVE_WITH_KNOTS('',2,(#786,#787,#788),.UNSPECIFIED.,.F.
  ,.F.,(3,3),(0.,1.),.PIECEWISE_BEZIER_KNOTS.);
#786 = CARTESIAN_POINT('',(-23.49875313026,0.966405222832,1.));
#787 = CARTESIAN_POINT('',(-23.66015313933,1.331640748969,1.));
#788 = CARTESIAN_POINT('',(-23.66015313933,1.866255610464,1.));
#789 = SURFACE_OF_LINEAR_EXTRUSION('',#790,#794);
#790 = B_SPLINE_CURVE_WITH_KNOTS('',2,(#791,#792,#793),.UNSPECIFIED.,.F.
  ,.F.,(3,3),(0.,1.),.PIECEWISE_BEZIER_KNOTS.);
#791 = CARTESIAN_POINT('',(-23.49875313026,0.966405222832,1.));
#792 = CARTESIAN_POINT('',(-23.66015313933,1.331640748969,1.));
#793 = CARTESIAN_POINT('',(-23.66015313933,1.866255610464,1.));
#794 = VECTOR('',#795,1.);
#795 = DIRECTION('',(-0.,-0.,-1.));
#796 = ADVANCED_FACE('',(#797),#822,.T.);
#797 = FACE_BOUND('',#798,.T.);
#798 = EDGE_LOOP('',(#799,#809,#815,#816));
#799 = ORIENTED_EDGE('',*,*,#800,.T.);
#800 = EDGE_CURVE('',#801,#803,#805,.T.);
#801 = VERTEX_POINT('',#802);
#802 = CARTESIAN_POINT('',(-23.0696829938,0.359251031419,1.));
#803 = VERTEX_POINT('',#804);
#804 = CARTESIAN_POINT('',(-23.0696829938,0.359251031419,2.));
#805 = LINE('',#806,#807);
#806 = CARTESIAN_POINT('',(-23.0696829938,0.359251031419,1.));
#807 = VECTOR('',#808,1.);
#808 = DIRECTION('',(0.,0.,1.));
#809 = ORIENTED_EDGE('',*,*,#810,.T.);
#810 = EDGE_CURVE('',#803,#770,#811,.T.);
#811 = B_SPLINE_CURVE_WITH_KNOTS('',2,(#812,#813,#814),.UNSPECIFIED.,.F.
  ,.F.,(3,3),(0.,1.),.PIECEWISE_BEZIER_KNOTS.);
#812 = CARTESIAN_POINT('',(-23.0696829938,0.359251031419,2.));
#813 = CARTESIAN_POINT('',(-23.33699042455,0.601532393345,2.));
#814 = CARTESIAN_POINT('',(-23.49875313026,0.966405222832,2.));
#815 = ORIENTED_EDGE('',*,*,#767,.F.);
#816 = ORIENTED_EDGE('',*,*,#817,.F.);
#817 = EDGE_CURVE('',#801,#768,#818,.T.);
#818 = B_SPLINE_CURVE_WITH_KNOTS('',2,(#819,#820,#821),.UNSPECIFIED.,.F.
  ,.F.,(3,3),(0.,1.),.PIECEWISE_BEZIER_KNOTS.);
#819 = CARTESIAN_POINT('',(-23.0696829938,0.359251031419,1.));
#820 = CARTESIAN_POINT('',(-23.33699042455,0.601532393345,1.));
#821 = CARTESIAN_POINT('',(-23.49875313026,0.966405222832,1.));
#822 = SURFACE_OF_LINEAR_EXTRUSION('',#823,#827);
#823 = B_SPLINE_CURVE_WITH_KNOTS('',2,(#824,#825,#826),.UNSPECIFIED.,.F.
  ,.F.,(3,3),(0.,1.),.PIECEWISE_BEZIER_KNOTS.);
#824 = CARTESIAN_POINT('',(-23.0696829938,0.359251031419,1.));
#825 = CARTESIAN_POINT('',(-23.33699042455,0.601532393345,1.));
#826 = CARTESIAN_POINT('',(-23.49875313026,0.966405222832,1.));
#827 = VECTOR('',#828,1.);
#828 = DIRECTION('',(-0.,-0.,-1.));
#829 = ADVANCED_FACE('',(#830),#855,.T.);
#830 = FACE_BOUND('',#831,.T.);
#831 = EDGE_LOOP('',(#832,#842,#848,#849));
#832 = ORIENTED_EDGE('',*,*,#833,.T.);
#833 = EDGE_CURVE('',#834,#836,#838,.T.);
#834 = VERTEX_POINT('',#835);
#835 = CARTESIAN_POINT('',(-22.46252880238,-3.354944008705E-02,1.));
#836 = VERTEX_POINT('',#837);
#837 = CARTESIAN_POINT('',(-22.46252880238,-3.354944008705E-02,2.));
#838 = LINE('',#839,#840);
#839 = CARTESIAN_POINT('',(-22.46252880238,-3.354944008705E-02,1.));
#840 = VECTOR('',#841,1.);
#841 = DIRECTION('',(0.,0.,1.));
#842 = ORIENTED_EDGE('',*,*,#843,.T.);
#843 = EDGE_CURVE('',#836,#803,#844,.T.);
#844 = B_SPLINE_CURVE_WITH_KNOTS('',2,(#845,#846,#847),.UNSPECIFIED.,.F.
  ,.F.,(3,3),(0.,1.),.PIECEWISE_BEZIER_KNOTS.);
#845 = CARTESIAN_POINT('',(-22.46252880238,-3.354944008705E-02,2.));
#846 = CARTESIAN_POINT('',(-22.80237556305,0.116969669493,2.));
#847 = CARTESIAN_POINT('',(-23.0696829938,0.359251031419,2.));
#848 = ORIENTED_EDGE('',*,*,#800,.F.);
#849 = ORIENTED_EDGE('',*,*,#850,.F.);
#850 = EDGE_CURVE('',#834,#801,#851,.T.);
#851 = B_SPLINE_CURVE_WITH_KNOTS('',2,(#852,#853,#854),.UNSPECIFIED.,.F.
  ,.F.,(3,3),(0.,1.),.PIECEWISE_BEZIER_KNOTS.);
#852 = CARTESIAN_POINT('',(-22.46252880238,-3.354944008705E-02,1.));
#853 = CARTESIAN_POINT('',(-22.80237556305,0.116969669493,1.));
#854 = CARTESIAN_POINT('',(-23.0696829938,0.359251031419,1.));
#855 = SURFACE_OF_LINEAR_EXTRUSION('',#856,#860);
#856 = B_SPLINE_CURVE_WITH_KNOTS('',2,(#857,#858,#859),.UNSPECIFIED.,.F.
  ,.F.,(3,3),(0.,1.),.PIECEWISE_BEZIER_KNOTS.);
#857 = CARTESIAN_POINT('',(-22.46252880238,-3.354944008705E-02,1.));
#858 = CARTESIAN_POINT('',(-22.80237556305,0.116969669493,1.));
#859 = CARTESIAN_POINT('',(-23.0696829938,0.359251031419,1.));
#860 = VECTOR('',#861,1.);
#861 = DIRECTION('',(-0.,-0.,-1.));
#862 = ADVANCED_FACE('',(#863),#888,.T.);
#863 = FACE_BOUND('',#864,.T.);
#864 = EDGE_LOOP('',(#865,#875,#881,#882));
#865 = ORIENTED_EDGE('',*,*,#866,.T.);
#866 = EDGE_CURVE('',#867,#869,#871,.T.);
#867 = VERTEX_POINT('',#868);
#868 = CARTESIAN_POINT('',(-21.76615123517,-0.297955297638,1.));
#869 = VERTEX_POINT('',#870);
#870 = CARTESIAN_POINT('',(-21.76615123517,-0.297955297638,2.));
#871 = LINE('',#872,#873);
#872 = CARTESIAN_POINT('',(-21.76615123517,-0.297955297638,1.));
#873 = VECTOR('',#874,1.);
#874 = DIRECTION('',(0.,0.,1.));
#875 = ORIENTED_EDGE('',*,*,#876,.T.);
#876 = EDGE_CURVE('',#869,#836,#877,.T.);
#877 = B_SPLINE_CURVE_WITH_KNOTS('',2,(#878,#879,#880),.UNSPECIFIED.,.F.
  ,.F.,(3,3),(0.,1.),.PIECEWISE_BEZIER_KNOTS.);
#878 = CARTESIAN_POINT('',(-21.76615123517,-0.297955297638,2.));
#879 = CARTESIAN_POINT('',(-22.12268204172,-0.183705853017,2.));
#880 = CARTESIAN_POINT('',(-22.46252880238,-3.354944008705E-02,2.));
#881 = ORIENTED_EDGE('',*,*,#833,.F.);
#882 = ORIENTED_EDGE('',*,*,#883,.F.);
#883 = EDGE_CURVE('',#867,#834,#884,.T.);
#884 = B_SPLINE_CURVE_WITH_KNOTS('',2,(#885,#886,#887),.UNSPECIFIED.,.F.
  ,.F.,(3,3),(0.,1.),.PIECEWISE_BEZIER_KNOTS.);
#885 = CARTESIAN_POINT('',(-21.76615123517,-0.297955297638,1.));
#886 = CARTESIAN_POINT('',(-22.12268204172,-0.183705853017,1.));
#887 = CARTESIAN_POINT('',(-22.46252880238,-3.354944008705E-02,1.));
#888 = SURFACE_OF_LINEAR_EXTRUSION('',#889,#893);
#889 = B_SPLINE_CURVE_WITH_KNOTS('',2,(#890,#891,#892),.UNSPECIFIED.,.F.
  ,.F.,(3,3),(0.,1.),.PIECEWISE_BEZIER_KNOTS.);
#890 = CARTESIAN_POINT('',(-21.76615123517,-0.297955297638,1.));
#891 = CARTESIAN_POINT('',(-22.12268204172,-0.183705853017,1.));
#892 = CARTESIAN_POINT('',(-22.46252880238,-3.354944008705E-02,1.));
#893 = VECTOR('',#894,1.);
#894 = DIRECTION('',(-0.,-0.,-1.));
#895 = ADVANCED_FACE('',(#896),#921,.T.);
#896 = FACE_BOUND('',#897,.T.);
#897 = EDGE_LOOP('',(#898,#908,#914,#915));
#898 = ORIENTED_EDGE('',*,*,#899,.T.);
#899 = EDGE_CURVE('',#900,#902,#904,.T.);
#900 = VERTEX_POINT('',#901);
#901 = CARTESIAN_POINT('',(-21.06977366796,-0.518112163939,1.));
#902 = VERTEX_POINT('',#903);
#903 = CARTESIAN_POINT('',(-21.06977366796,-0.518112163939,2.));
#904 = LINE('',#905,#906);
#905 = CARTESIAN_POINT('',(-21.06977366796,-0.518112163939,1.));
#906 = VECTOR('',#907,1.);
#907 = DIRECTION('',(0.,0.,1.));
#908 = ORIENTED_EDGE('',*,*,#909,.T.);
#909 = EDGE_CURVE('',#902,#869,#910,.T.);
#910 = B_SPLINE_CURVE_WITH_KNOTS('',2,(#911,#912,#913),.UNSPECIFIED.,.F.
  ,.F.,(3,3),(0.,1.),.PIECEWISE_BEZIER_KNOTS.);
#911 = CARTESIAN_POINT('',(-21.06977366796,-0.518112163939,2.));
#912 = CARTESIAN_POINT('',(-21.40962042863,-0.412204742259,2.));
#913 = CARTESIAN_POINT('',(-21.76615123517,-0.297955297638,2.));
#914 = ORIENTED_EDGE('',*,*,#866,.F.);
#915 = ORIENTED_EDGE('',*,*,#916,.F.);
#916 = EDGE_CURVE('',#900,#867,#917,.T.);
#917 = B_SPLINE_CURVE_WITH_KNOTS('',2,(#918,#919,#920),.UNSPECIFIED.,.F.
  ,.F.,(3,3),(0.,1.),.PIECEWISE_BEZIER_KNOTS.);
#918 = CARTESIAN_POINT('',(-21.06977366796,-0.518112163939,1.));
#919 = CARTESIAN_POINT('',(-21.40962042863,-0.412204742259,1.));
#920 = CARTESIAN_POINT('',(-21.76615123517,-0.297955297638,1.));
#921 = SURFACE_OF_LINEAR_EXTRUSION('',#922,#926);
#922 = B_SPLINE_CURVE_WITH_KNOTS('',2,(#923,#924,#925),.UNSPECIFIED.,.F.
  ,.F.,(3,3),(0.,1.),.PIECEWISE_BEZIER_KNOTS.);
#923 = CARTESIAN_POINT('',(-21.06977366796,-0.518112163939,1.));
#924 = CARTESIAN_POINT('',(-21.40962042863,-0.412204742259,1.));
#925 = CARTESIAN_POINT('',(-21.76615123517,-0.297955297638,1.));
#926 = VECTOR('',#927,1.);
#927 = DIRECTION('',(-0.,-0.,-1.));
#928 = ADVANCED_FACE('',(#929),#954,.T.);
#929 = FACE_BOUND('',#930,.T.);
#930 = EDGE_LOOP('',(#931,#941,#947,#948));
#931 = ORIENTED_EDGE('',*,*,#932,.T.);
#932 = EDGE_CURVE('',#933,#935,#937,.T.);
#933 = VERTEX_POINT('',#934);
#934 = CARTESIAN_POINT('',(-20.46261947655,-0.774538695199,1.));
#935 = VERTEX_POINT('',#936);
#936 = CARTESIAN_POINT('',(-20.46261947655,-0.774538695199,2.));
#937 = LINE('',#938,#939);
#938 = CARTESIAN_POINT('',(-20.46261947655,-0.774538695199,1.));
#939 = VECTOR('',#940,1.);
#940 = DIRECTION('',(0.,0.,1.));
#941 = ORIENTED_EDGE('',*,*,#942,.T.);
#942 = EDGE_CURVE('',#935,#902,#943,.T.);
#943 = B_SPLINE_CURVE_WITH_KNOTS('',2,(#944,#945,#946),.UNSPECIFIED.,.F.
  ,.F.,(3,3),(0.,1.),.PIECEWISE_BEZIER_KNOTS.);
#944 = CARTESIAN_POINT('',(-20.46261947655,-0.774538695199,2.));
#945 = CARTESIAN_POINT('',(-20.72992690729,-0.624019585619,2.));
#946 = CARTESIAN_POINT('',(-21.06977366796,-0.518112163939,2.));
#947 = ORIENTED_EDGE('',*,*,#899,.F.);
#948 = ORIENTED_EDGE('',*,*,#949,.F.);
#949 = EDGE_CURVE('',#933,#900,#950,.T.);
#950 = B_SPLINE_CURVE_WITH_KNOTS('',2,(#951,#952,#953),.UNSPECIFIED.,.F.
  ,.F.,(3,3),(0.,1.),.PIECEWISE_BEZIER_KNOTS.);
#951 = CARTESIAN_POINT('',(-20.46261947655,-0.774538695199,1.));
#952 = CARTESIAN_POINT('',(-20.72992690729,-0.624019585619,1.));
#953 = CARTESIAN_POINT('',(-21.06977366796,-0.518112163939,1.));
#954 = SURFACE_OF_LINEAR_EXTRUSION('',#955,#959);
#955 = B_SPLINE_CURVE_WITH_KNOTS('',2,(#956,#957,#958),.UNSPECIFIED.,.F.
  ,.F.,(3,3),(0.,1.),.PIECEWISE_BEZIER_KNOTS.);
#956 = CARTESIAN_POINT('',(-20.46261947655,-0.774538695199,1.));
#957 = CARTESIAN_POINT('',(-20.72992690729,-0.624019585619,1.));
#958 = CARTESIAN_POINT('',(-21.06977366796,-0.518112163939,1.));
#959 = VECTOR('',#960,1.);
#960 = DIRECTION('',(-0.,-0.,-1.));
#961 = ADVANCED_FACE('',(#962),#987,.T.);
#962 = FACE_BOUND('',#963,.T.);
#963 = EDGE_LOOP('',(#964,#974,#980,#981));
#964 = ORIENTED_EDGE('',*,*,#965,.T.);
#965 = EDGE_CURVE('',#966,#968,#970,.T.);
#966 = VERTEX_POINT('',#967);
#967 = CARTESIAN_POINT('',(-20.03354934008,-1.147753547627,1.));
#968 = VERTEX_POINT('',#969);
#969 = CARTESIAN_POINT('',(-20.03354934008,-1.147753547627,2.));
#970 = LINE('',#971,#972);
#971 = CARTESIAN_POINT('',(-20.03354934008,-1.147753547627,1.));
#972 = VECTOR('',#973,1.);
#973 = DIRECTION('',(0.,0.,1.));
#974 = ORIENTED_EDGE('',*,*,#975,.T.);
#975 = EDGE_CURVE('',#968,#935,#976,.T.);
#976 = B_SPLINE_CURVE_WITH_KNOTS('',2,(#977,#978,#979),.UNSPECIFIED.,.F.
  ,.F.,(3,3),(0.,1.),.PIECEWISE_BEZIER_KNOTS.);
#977 = CARTESIAN_POINT('',(-20.03354934008,-1.147753547627,2.));
#978 = CARTESIAN_POINT('',(-20.19494934915,-0.924695108129,2.));
#979 = CARTESIAN_POINT('',(-20.46261947655,-0.774538695199,2.));
#980 = ORIENTED_EDGE('',*,*,#932,.F.);
#981 = ORIENTED_EDGE('',*,*,#982,.F.);
#982 = EDGE_CURVE('',#966,#933,#983,.T.);
#983 = B_SPLINE_CURVE_WITH_KNOTS('',2,(#984,#985,#986),.UNSPECIFIED.,.F.
  ,.F.,(3,3),(0.,1.),.PIECEWISE_BEZIER_KNOTS.);
#984 = CARTESIAN_POINT('',(-20.03354934008,-1.147753547627,1.));
#985 = CARTESIAN_POINT('',(-20.19494934915,-0.924695108129,1.));
#986 = CARTESIAN_POINT('',(-20.46261947655,-0.774538695199,1.));
#987 = SURFACE_OF_LINEAR_EXTRUSION('',#988,#992);
#988 = B_SPLINE_CURVE_WITH_KNOTS('',2,(#989,#990,#991),.UNSPECIFIED.,.F.
  ,.F.,(3,3),(0.,1.),.PIECEWISE_BEZIER_KNOTS.);
#989 = CARTESIAN_POINT('',(-20.03354934008,-1.147753547627,1.));
#990 = CARTESIAN_POINT('',(-20.19494934915,-0.924695108129,1.));
#991 = CARTESIAN_POINT('',(-20.46261947655,-0.774538695199,1.));
#992 = VECTOR('',#993,1.);
#993 = DIRECTION('',(-0.,-0.,-1.));
#994 = ADVANCED_FACE('',(#995),#1020,.T.);
#995 = FACE_BOUND('',#996,.T.);
#996 = EDGE_LOOP('',(#997,#1007,#1013,#1014));
#997 = ORIENTED_EDGE('',*,*,#998,.T.);
#998 = EDGE_CURVE('',#999,#1001,#1003,.T.);
#999 = VERTEX_POINT('',#1000);
#1000 = CARTESIAN_POINT('',(-19.87178663437,-1.721539647278,1.));
#1001 = VERTEX_POINT('',#1002);
#1002 = CARTESIAN_POINT('',(-19.87178663437,-1.721539647278,2.));
#1003 = LINE('',#1004,#1005);
#1004 = CARTESIAN_POINT('',(-19.87178663437,-1.721539647278,1.));
#1005 = VECTOR('',#1006,1.);
#1006 = DIRECTION('',(0.,0.,1.));
#1007 = ORIENTED_EDGE('',*,*,#1008,.T.);
#1008 = EDGE_CURVE('',#1001,#968,#1009,.T.);
#1009 = B_SPLINE_CURVE_WITH_KNOTS('',2,(#1010,#1011,#1012),
  .UNSPECIFIED.,.F.,.F.,(3,3),(0.,1.),.PIECEWISE_BEZIER_KNOTS.);
#1010 = CARTESIAN_POINT('',(-19.87178663437,-1.721539647278,2.));
#1011 = CARTESIAN_POINT('',(-19.87178663437,-1.370449290475,2.));
#1012 = CARTESIAN_POINT('',(-20.03354934008,-1.147753547627,2.));
#1013 = ORIENTED_EDGE('',*,*,#965,.F.);
#1014 = ORIENTED_EDGE('',*,*,#1015,.F.);
#1015 = EDGE_CURVE('',#999,#966,#1016,.T.);
#1016 = B_SPLINE_CURVE_WITH_KNOTS('',2,(#1017,#1018,#1019),
  .UNSPECIFIED.,.F.,.F.,(3,3),(0.,1.),.PIECEWISE_BEZIER_KNOTS.);
#1017 = CARTESIAN_POINT('',(-19.87178663437,-1.721539647278,1.));
#1018 = CARTESIAN_POINT('',(-19.87178663437,-1.370449290475,1.));
#1019 = CARTESIAN_POINT('',(-20.03354934008,-1.147753547627,1.));
#1020 = SURFACE_OF_LINEAR_EXTRUSION('',#1021,#1025);
#1021 = B_SPLINE_CURVE_WITH_KNOTS('',2,(#1022,#1023,#1024),
  .UNSPECIFIED.,.F.,.F.,(3,3),(0.,1.),.PIECEWISE_BEZIER_KNOTS.);
#1022 = CARTESIAN_POINT('',(-19.87178663437,-1.721539647278,1.));
#1023 = CARTESIAN_POINT('',(-19.87178663437,-1.370449290475,1.));
#1024 = CARTESIAN_POINT('',(-20.03354934008,-1.147753547627,1.));
#1025 = VECTOR('',#1026,1.);
#1026 = DIRECTION('',(-0.,-0.,-1.));
#1027 = ADVANCED_FACE('',(#1028),#1053,.T.);
#1028 = FACE_BOUND('',#1029,.T.);
#1029 = EDGE_LOOP('',(#1030,#1040,#1046,#1047));
#1030 = ORIENTED_EDGE('',*,*,#1031,.T.);
#1031 = EDGE_CURVE('',#1032,#1034,#1036,.T.);
#1032 = VERTEX_POINT('',#1033);
#1033 = CARTESIAN_POINT('',(-19.97769405605,-2.289885297185,1.));
#1034 = VERTEX_POINT('',#1035);
#1035 = CARTESIAN_POINT('',(-19.97769405605,-2.289885297185,2.));
#1036 = LINE('',#1037,#1038);
#1037 = CARTESIAN_POINT('',(-19.97769405605,-2.289885297185,1.));
#1038 = VECTOR('',#1039,1.);
#1039 = DIRECTION('',(0.,0.,1.));
#1040 = ORIENTED_EDGE('',*,*,#1041,.T.);
#1041 = EDGE_CURVE('',#1034,#1001,#1042,.T.);
#1042 = B_SPLINE_CURVE_WITH_KNOTS('',2,(#1043,#1044,#1045),
  .UNSPECIFIED.,.F.,.F.,(3,3),(0.,1.),.PIECEWISE_BEZIER_KNOTS.);
#1043 = CARTESIAN_POINT('',(-19.97769405605,-2.289885297185,2.));
#1044 = CARTESIAN_POINT('',(-19.87178663437,-2.033458765925,2.));
#1045 = CARTESIAN_POINT('',(-19.87178663437,-1.721539647278,2.));
#1046 = ORIENTED_EDGE('',*,*,#998,.F.);
#1047 = ORIENTED_EDGE('',*,*,#1048,.F.);
#1048 = EDGE_CURVE('',#1032,#999,#1049,.T.);
#1049 = B_SPLINE_CURVE_WITH_KNOTS('',2,(#1050,#1051,#1052),
  .UNSPECIFIED.,.F.,.F.,(3,3),(0.,1.),.PIECEWISE_BEZIER_KNOTS.);
#1050 = CARTESIAN_POINT('',(-19.97769405605,-2.289885297185,1.));
#1051 = CARTESIAN_POINT('',(-19.87178663437,-2.033458765925,1.));
#1052 = CARTESIAN_POINT('',(-19.87178663437,-1.721539647278,1.));
#1053 = SURFACE_OF_LINEAR_EXTRUSION('',#1054,#1058);
#1054 = B_SPLINE_CURVE_WITH_KNOTS('',2,(#1055,#1056,#1057),
  .UNSPECIFIED.,.F.,.F.,(3,3),(0.,1.),.PIECEWISE_BEZIER_KNOTS.);
#1055 = CARTESIAN_POINT('',(-19.97769405605,-2.289885297185,1.));
#1056 = CARTESIAN_POINT('',(-19.87178663437,-2.033458765925,1.));
#1057 = CARTESIAN_POINT('',(-19.87178663437,-1.721539647278,1.));
#1058 = VECTOR('',#1059,1.);
#1059 = DIRECTION('',(-0.,-0.,-1.));
#1060 = ADVANCED_FACE('',(#1061),#1086,.T.);
#1061 = FACE_BOUND('',#1062,.T.);
#1062 = EDGE_LOOP('',(#1063,#1073,#1079,#1080));
#1063 = ORIENTED_EDGE('',*,*,#1064,.T.);
#1064 = EDGE_CURVE('',#1065,#1067,#1069,.T.);
#1065 = VERTEX_POINT('',#1066);
#1066 = CARTESIAN_POINT('',(-20.2816338484,-2.72693475994,1.));
#1067 = VERTEX_POINT('',#1068);
#1068 = CARTESIAN_POINT('',(-20.2816338484,-2.72693475994,2.));
#1069 = LINE('',#1070,#1071);
#1070 = CARTESIAN_POINT('',(-20.2816338484,-2.72693475994,1.));
#1071 = VECTOR('',#1072,1.);
#1072 = DIRECTION('',(0.,0.,1.));
#1073 = ORIENTED_EDGE('',*,*,#1074,.T.);
#1074 = EDGE_CURVE('',#1067,#1034,#1075,.T.);
#1075 = B_SPLINE_CURVE_WITH_KNOTS('',2,(#1076,#1077,#1078),
  .UNSPECIFIED.,.F.,.F.,(3,3),(0.,1.),.PIECEWISE_BEZIER_KNOTS.);
#1076 = CARTESIAN_POINT('',(-20.2816338484,-2.72693475994,2.));
#1077 = CARTESIAN_POINT('',(-20.08360147773,-2.545949131795,2.));
#1078 = CARTESIAN_POINT('',(-19.97769405605,-2.289885297185,2.));
#1079 = ORIENTED_EDGE('',*,*,#1031,.F.);
#1080 = ORIENTED_EDGE('',*,*,#1081,.F.);
#1081 = EDGE_CURVE('',#1065,#1032,#1082,.T.);
#1082 = B_SPLINE_CURVE_WITH_KNOTS('',2,(#1083,#1084,#1085),
  .UNSPECIFIED.,.F.,.F.,(3,3),(0.,1.),.PIECEWISE_BEZIER_KNOTS.);
#1083 = CARTESIAN_POINT('',(-20.2816338484,-2.72693475994,1.));
#1084 = CARTESIAN_POINT('',(-20.08360147773,-2.545949131795,1.));
#1085 = CARTESIAN_POINT('',(-19.97769405605,-2.289885297185,1.));
#1086 = SURFACE_OF_LINEAR_EXTRUSION('',#1087,#1091);
#1087 = B_SPLINE_CURVE_WITH_KNOTS('',2,(#1088,#1089,#1090),
  .UNSPECIFIED.,.F.,.F.,(3,3),(0.,1.),.PIECEWISE_BEZIER_KNOTS.);
#1088 = CARTESIAN_POINT('',(-20.2816338484,-2.72693475994,1.));
#1089 = CARTESIAN_POINT('',(-20.08360147773,-2.545949131795,1.));
#1090 = CARTESIAN_POINT('',(-19.97769405605,-2.289885297185,1.));
#1091 = VECTOR('',#1092,1.);
#1092 = DIRECTION('',(-0.,-0.,-1.));
#1093 = ADVANCED_FACE('',(#1094),#1119,.T.);
#1094 = FACE_BOUND('',#1095,.T.);
#1095 = EDGE_LOOP('',(#1096,#1106,#1112,#1113));
#1096 = ORIENTED_EDGE('',*,*,#1097,.T.);
#1097 = EDGE_CURVE('',#1098,#1100,#1102,.T.);
#1098 = VERTEX_POINT('',#1099);
#1099 = CARTESIAN_POINT('',(-20.76909814545,-3.005485786825,1.));
#1100 = VERTEX_POINT('',#1101);
#1101 = CARTESIAN_POINT('',(-20.76909814545,-3.005485786825,2.));
#1102 = LINE('',#1103,#1104);
#1103 = CARTESIAN_POINT('',(-20.76909814545,-3.005485786825,1.));
#1104 = VECTOR('',#1105,1.);
#1105 = DIRECTION('',(0.,0.,1.));
#1106 = ORIENTED_EDGE('',*,*,#1107,.T.);
#1107 = EDGE_CURVE('',#1100,#1067,#1108,.T.);
#1108 = B_SPLINE_CURVE_WITH_KNOTS('',2,(#1109,#1110,#1111),
  .UNSPECIFIED.,.F.,.F.,(3,3),(0.,1.),.PIECEWISE_BEZIER_KNOTS.);
#1109 = CARTESIAN_POINT('',(-20.76909814545,-3.005485786825,2.));
#1110 = CARTESIAN_POINT('',(-20.47930352243,-2.907920388085,2.));
#1111 = CARTESIAN_POINT('',(-20.2816338484,-2.72693475994,2.));
#1112 = ORIENTED_EDGE('',*,*,#1064,.F.);
#1113 = ORIENTED_EDGE('',*,*,#1114,.F.);
#1114 = EDGE_CURVE('',#1098,#1065,#1115,.T.);
#1115 = B_SPLINE_CURVE_WITH_KNOTS('',2,(#1116,#1117,#1118),
  .UNSPECIFIED.,.F.,.F.,(3,3),(0.,1.),.PIECEWISE_BEZIER_KNOTS.);
#1116 = CARTESIAN_POINT('',(-20.76909814545,-3.005485786825,1.));
#1117 = CARTESIAN_POINT('',(-20.47930352243,-2.907920388085,1.));
#1118 = CARTESIAN_POINT('',(-20.2816338484,-2.72693475994,1.));
#1119 = SURFACE_OF_LINEAR_EXTRUSION('',#1120,#1124);
#1120 = B_SPLINE_CURVE_WITH_KNOTS('',2,(#1121,#1122,#1123),
  .UNSPECIFIED.,.F.,.F.,(3,3),(0.,1.),.PIECEWISE_BEZIER_KNOTS.);
#1121 = CARTESIAN_POINT('',(-20.76909814545,-3.005485786825,1.));
#1122 = CARTESIAN_POINT('',(-20.47930352243,-2.907920388085,1.));
#1123 = CARTESIAN_POINT('',(-20.2816338484,-2.72693475994,1.));
#1124 = VECTOR('',#1125,1.);
#1125 = DIRECTION('',(-0.,-0.,-1.));
#1126 = ADVANCED_FACE('',(#1127),#1152,.T.);
#1127 = FACE_BOUND('',#1128,.T.);
#1128 = EDGE_LOOP('',(#1129,#1139,#1145,#1146));
#1129 = ORIENTED_EDGE('',*,*,#1130,.T.);
#1130 = EDGE_CURVE('',#1131,#1133,#1135,.T.);
#1131 = VERTEX_POINT('',#1132);
#1132 = CARTESIAN_POINT('',(-21.42630447451,-3.103051185565,1.));
#1133 = VERTEX_POINT('',#1134);
#1134 = CARTESIAN_POINT('',(-21.42630447451,-3.103051185565,2.));
#1135 = LINE('',#1136,#1137);
#1136 = CARTESIAN_POINT('',(-21.42630447451,-3.103051185565,1.));
#1137 = VECTOR('',#1138,1.);
#1138 = DIRECTION('',(0.,0.,1.));
#1139 = ORIENTED_EDGE('',*,*,#1140,.T.);
#1140 = EDGE_CURVE('',#1133,#1100,#1141,.T.);
#1141 = B_SPLINE_CURVE_WITH_KNOTS('',2,(#1142,#1143,#1144),
  .UNSPECIFIED.,.F.,.F.,(3,3),(0.,1.),.PIECEWISE_BEZIER_KNOTS.);
#1142 = CARTESIAN_POINT('',(-21.42630447451,-3.103051185565,2.));
#1143 = CARTESIAN_POINT('',(-21.05853007182,-3.103051185565,2.));
#1144 = CARTESIAN_POINT('',(-20.76909814545,-3.005485786825,2.));
#1145 = ORIENTED_EDGE('',*,*,#1097,.F.);
#1146 = ORIENTED_EDGE('',*,*,#1147,.F.);
#1147 = EDGE_CURVE('',#1131,#1098,#1148,.T.);
#1148 = B_SPLINE_CURVE_WITH_KNOTS('',2,(#1149,#1150,#1151),
  .UNSPECIFIED.,.F.,.F.,(3,3),(0.,1.),.PIECEWISE_BEZIER_KNOTS.);
#1149 = CARTESIAN_POINT('',(-21.42630447451,-3.103051185565,1.));
#1150 = CARTESIAN_POINT('',(-21.05853007182,-3.103051185565,1.));
#1151 = CARTESIAN_POINT('',(-20.76909814545,-3.005485786825,1.));
#1152 = SURFACE_OF_LINEAR_EXTRUSION('',#1153,#1157);
#1153 = B_SPLINE_CURVE_WITH_KNOTS('',2,(#1154,#1155,#1156),
  .UNSPECIFIED.,.F.,.F.,(3,3),(0.,1.),.PIECEWISE_BEZIER_KNOTS.);
#1154 = CARTESIAN_POINT('',(-21.42630447451,-3.103051185565,1.));
#1155 = CARTESIAN_POINT('',(-21.05853007182,-3.103051185565,1.));
#1156 = CARTESIAN_POINT('',(-20.76909814545,-3.005485786825,1.));
#1157 = VECTOR('',#1158,1.);
#1158 = DIRECTION('',(-0.,-0.,-1.));
#1159 = ADVANCED_FACE('',(#1160),#1185,.T.);
#1160 = FACE_BOUND('',#1161,.T.);
#1161 = EDGE_LOOP('',(#1162,#1172,#1178,#1179));
#1162 = ORIENTED_EDGE('',*,*,#1163,.T.);
#1163 = EDGE_CURVE('',#1164,#1166,#1168,.T.);
#1164 = VERTEX_POINT('',#1165);
#1165 = CARTESIAN_POINT('',(-22.19231979844,-2.980459718003,1.));
#1166 = VERTEX_POINT('',#1167);
#1167 = CARTESIAN_POINT('',(-22.19231979844,-2.980459718003,2.));
#1168 = LINE('',#1169,#1170);
#1169 = CARTESIAN_POINT('',(-22.19231979844,-2.980459718003,1.));
#1170 = VECTOR('',#1171,1.);
#1171 = DIRECTION('',(0.,0.,1.));
#1172 = ORIENTED_EDGE('',*,*,#1173,.T.);
#1173 = EDGE_CURVE('',#1166,#1133,#1174,.T.);
#1174 = B_SPLINE_CURVE_WITH_KNOTS('',2,(#1175,#1176,#1177),
  .UNSPECIFIED.,.F.,.F.,(3,3),(0.,1.),.PIECEWISE_BEZIER_KNOTS.);
#1175 = CARTESIAN_POINT('',(-22.19231979844,-2.980459718003,2.));
#1176 = CARTESIAN_POINT('',(-21.8774991066,-3.103051185565,2.));
#1177 = CARTESIAN_POINT('',(-21.42630447451,-3.103051185565,2.));
#1178 = ORIENTED_EDGE('',*,*,#1130,.F.);
#1179 = ORIENTED_EDGE('',*,*,#1180,.F.);
#1180 = EDGE_CURVE('',#1164,#1131,#1181,.T.);
#1181 = B_SPLINE_CURVE_WITH_KNOTS('',2,(#1182,#1183,#1184),
  .UNSPECIFIED.,.F.,.F.,(3,3),(0.,1.),.PIECEWISE_BEZIER_KNOTS.);
#1182 = CARTESIAN_POINT('',(-22.19231979844,-2.980459718003,1.));
#1183 = CARTESIAN_POINT('',(-21.8774991066,-3.103051185565,1.));
#1184 = CARTESIAN_POINT('',(-21.42630447451,-3.103051185565,1.));
#1185 = SURFACE_OF_LINEAR_EXTRUSION('',#1186,#1190);
#1186 = B_SPLINE_CURVE_WITH_KNOTS('',2,(#1187,#1188,#1189),
  .UNSPECIFIED.,.F.,.F.,(3,3),(0.,1.),.PIECEWISE_BEZIER_KNOTS.);
#1187 = CARTESIAN_POINT('',(-22.19231979844,-2.980459718003,1.));
#1188 = CARTESIAN_POINT('',(-21.8774991066,-3.103051185565,1.));
#1189 = CARTESIAN_POINT('',(-21.42630447451,-3.103051185565,1.));
#1190 = VECTOR('',#1191,1.);
#1191 = DIRECTION('',(-0.,-0.,-1.));
#1192 = ADVANCED_FACE('',(#1193),#1218,.T.);
#1193 = FACE_BOUND('',#1194,.T.);
#1194 = EDGE_LOOP('',(#1195,#1205,#1211,#1212));
#1195 = ORIENTED_EDGE('',*,*,#1196,.T.);
#1196 = EDGE_CURVE('',#1197,#1199,#1201,.T.);
#1197 = VERTEX_POINT('',#1198);
#1198 = CARTESIAN_POINT('',(-22.73273780633,-2.710250714059,1.));
#1199 = VERTEX_POINT('',#1200);
#1200 = CARTESIAN_POINT('',(-22.73273780633,-2.710250714059,2.));
#1201 = LINE('',#1202,#1203);
#1202 = CARTESIAN_POINT('',(-22.73273780633,-2.710250714059,1.));
#1203 = VECTOR('',#1204,1.);
#1204 = DIRECTION('',(0.,0.,1.));
#1205 = ORIENTED_EDGE('',*,*,#1206,.T.);
#1206 = EDGE_CURVE('',#1199,#1166,#1207,.T.);
#1207 = B_SPLINE_CURVE_WITH_KNOTS('',2,(#1208,#1209,#1210),
  .UNSPECIFIED.,.F.,.F.,(3,3),(0.,1.),.PIECEWISE_BEZIER_KNOTS.);
#1208 = CARTESIAN_POINT('',(-22.73273780633,-2.710250714059,2.));
#1209 = CARTESIAN_POINT('',(-22.50714049028,-2.857868250442,2.));
#1210 = CARTESIAN_POINT('',(-22.19231979844,-2.980459718003,2.));
#1211 = ORIENTED_EDGE('',*,*,#1163,.F.);
#1212 = ORIENTED_EDGE('',*,*,#1213,.F.);
#1213 = EDGE_CURVE('',#1197,#1164,#1214,.T.);
#1214 = B_SPLINE_CURVE_WITH_KNOTS('',2,(#1215,#1216,#1217),
  .UNSPECIFIED.,.F.,.F.,(3,3),(0.,1.),.PIECEWISE_BEZIER_KNOTS.);
#1215 = CARTESIAN_POINT('',(-22.73273780633,-2.710250714059,1.));
#1216 = CARTESIAN_POINT('',(-22.50714049028,-2.857868250442,1.));
#1217 = CARTESIAN_POINT('',(-22.19231979844,-2.980459718003,1.));
#1218 = SURFACE_OF_LINEAR_EXTRUSION('',#1219,#1223);
#1219 = B_SPLINE_CURVE_WITH_KNOTS('',2,(#1220,#1221,#1222),
  .UNSPECIFIED.,.F.,.F.,(3,3),(0.,1.),.PIECEWISE_BEZIER_KNOTS.);
#1220 = CARTESIAN_POINT('',(-22.73273780633,-2.710250714059,1.));
#1221 = CARTESIAN_POINT('',(-22.50714049028,-2.857868250442,1.));
#1222 = CARTESIAN_POINT('',(-22.19231979844,-2.980459718003,1.));
#1223 = VECTOR('',#1224,1.);
#1224 = DIRECTION('',(-0.,-0.,-1.));
#1225 = ADVANCED_FACE('',(#1226),#1251,.T.);
#1226 = FACE_BOUND('',#1227,.T.);
#1227 = EDGE_LOOP('',(#1228,#1238,#1244,#1245));
#1228 = ORIENTED_EDGE('',*,*,#1229,.T.);
#1229 = EDGE_CURVE('',#1230,#1232,#1234,.T.);
#1230 = VERTEX_POINT('',#1231);
#1231 = CARTESIAN_POINT('',(-23.11175580515,-2.440041710115,1.));
#1232 = VERTEX_POINT('',#1233);
#1233 = CARTESIAN_POINT('',(-23.11175580515,-2.440041710115,2.));
#1234 = LINE('',#1235,#1236);
#1235 = CARTESIAN_POINT('',(-23.11175580515,-2.440041710115,1.));
#1236 = VECTOR('',#1237,1.);
#1237 = DIRECTION('',(0.,0.,1.));
#1238 = ORIENTED_EDGE('',*,*,#1239,.T.);
#1239 = EDGE_CURVE('',#1232,#1199,#1240,.T.);
#1240 = B_SPLINE_CURVE_WITH_KNOTS('',2,(#1241,#1242,#1243),
  .UNSPECIFIED.,.F.,.F.,(3,3),(0.,1.),.PIECEWISE_BEZIER_KNOTS.);
#1241 = CARTESIAN_POINT('',(-23.11175580515,-2.440041710115,2.));
#1242 = CARTESIAN_POINT('',(-22.95833512237,-2.562633177676,2.));
#1243 = CARTESIAN_POINT('',(-22.73273780633,-2.710250714059,2.));
#1244 = ORIENTED_EDGE('',*,*,#1196,.F.);
#1245 = ORIENTED_EDGE('',*,*,#1246,.F.);
#1246 = EDGE_CURVE('',#1230,#1197,#1247,.T.);
#1247 = B_SPLINE_CURVE_WITH_KNOTS('',2,(#1248,#1249,#1250),
  .UNSPECIFIED.,.F.,.F.,(3,3),(0.,1.),.PIECEWISE_BEZIER_KNOTS.);
#1248 = CARTESIAN_POINT('',(-23.11175580515,-2.440041710115,1.));
#1249 = CARTESIAN_POINT('',(-22.95833512237,-2.562633177676,1.));
#1250 = CARTESIAN_POINT('',(-22.73273780633,-2.710250714059,1.));
#1251 = SURFACE_OF_LINEAR_EXTRUSION('',#1252,#1256);
#1252 = B_SPLINE_CURVE_WITH_KNOTS('',2,(#1253,#1254,#1255),
  .UNSPECIFIED.,.F.,.F.,(3,3),(0.,1.),.PIECEWISE_BEZIER_KNOTS.);
#1253 = CARTESIAN_POINT('',(-23.11175580515,-2.440041710115,1.));
#1254 = CARTESIAN_POINT('',(-22.95833512237,-2.562633177676,1.));
#1255 = CARTESIAN_POINT('',(-22.73273780633,-2.710250714059,1.));
#1256 = VECTOR('',#1257,1.);
#1257 = DIRECTION('',(-0.,-0.,-1.));
#1258 = ADVANCED_FACE('',(#1259),#1284,.T.);
#1259 = FACE_BOUND('',#1260,.T.);
#1260 = EDGE_LOOP('',(#1261,#1271,#1277,#1278));
#1261 = ORIENTED_EDGE('',*,*,#1262,.T.);
#1262 = EDGE_CURVE('',#1263,#1265,#1267,.T.);
#1263 = VERTEX_POINT('',#1264);
#1264 = CARTESIAN_POINT('',(-23.38160211245,-2.317450242553,1.));
#1265 = VERTEX_POINT('',#1266);
#1266 = CARTESIAN_POINT('',(-23.38160211245,-2.317450242553,2.));
#1267 = LINE('',#1268,#1269);
#1268 = CARTESIAN_POINT('',(-23.38160211245,-2.317450242553,1.));
#1269 = VECTOR('',#1270,1.);
#1270 = DIRECTION('',(0.,0.,1.));
#1271 = ORIENTED_EDGE('',*,*,#1272,.T.);
#1272 = EDGE_CURVE('',#1265,#1232,#1273,.T.);
#1273 = B_SPLINE_CURVE_WITH_KNOTS('',2,(#1274,#1275,#1276),
  .UNSPECIFIED.,.F.,.F.,(3,3),(0.,1.),.PIECEWISE_BEZIER_KNOTS.);
#1274 = CARTESIAN_POINT('',(-23.38160211245,-2.317450242553,2.));
#1275 = CARTESIAN_POINT('',(-23.26481379128,-2.317450242553,2.));
#1276 = CARTESIAN_POINT('',(-23.11175580515,-2.440041710115,2.));
#1277 = ORIENTED_EDGE('',*,*,#1229,.F.);
#1278 = ORIENTED_EDGE('',*,*,#1279,.F.);
#1279 = EDGE_CURVE('',#1263,#1230,#1280,.T.);
#1280 = B_SPLINE_CURVE_WITH_KNOTS('',2,(#1281,#1282,#1283),
  .UNSPECIFIED.,.F.,.F.,(3,3),(0.,1.),.PIECEWISE_BEZIER_KNOTS.);
#1281 = CARTESIAN_POINT('',(-23.38160211245,-2.317450242553,1.));
#1282 = CARTESIAN_POINT('',(-23.26481379128,-2.317450242553,1.));
#1283 = CARTESIAN_POINT('',(-23.11175580515,-2.440041710115,1.));
#1284 = SURFACE_OF_LINEAR_EXTRUSION('',#1285,#1289);
#1285 = B_SPLINE_CURVE_WITH_KNOTS('',2,(#1286,#1287,#1288),
  .UNSPECIFIED.,.F.,.F.,(3,3),(0.,1.),.PIECEWISE_BEZIER_KNOTS.);
#1286 = CARTESIAN_POINT('',(-23.38160211245,-2.317450242553,1.));
#1287 = CARTESIAN_POINT('',(-23.26481379128,-2.317450242553,1.));
#1288 = CARTESIAN_POINT('',(-23.11175580515,-2.440041710115,1.));
#1289 = VECTOR('',#1290,1.);
#1290 = DIRECTION('',(-0.,-0.,-1.));
#1291 = ADVANCED_FACE('',(#1292),#1317,.T.);
#1292 = FACE_BOUND('',#1293,.T.);
#1293 = EDGE_LOOP('',(#1294,#1304,#1310,#1311));
#1294 = ORIENTED_EDGE('',*,*,#1295,.T.);
#1295 = EDGE_CURVE('',#1296,#1298,#1300,.T.);
#1296 = VERTEX_POINT('',#1297);
#1297 = CARTESIAN_POINT('',(-23.54046324497,-2.362061930453,1.));
#1298 = VERTEX_POINT('',#1299);
#1299 = CARTESIAN_POINT('',(-23.54046324497,-2.362061930453,2.));
#1300 = LINE('',#1301,#1302);
#1301 = CARTESIAN_POINT('',(-23.54046324497,-2.362061930453,1.));
#1302 = VECTOR('',#1303,1.);
#1303 = DIRECTION('',(0.,0.,1.));
#1304 = ORIENTED_EDGE('',*,*,#1305,.T.);
#1305 = EDGE_CURVE('',#1298,#1265,#1306,.T.);
#1306 = B_SPLINE_CURVE_WITH_KNOTS('',2,(#1307,#1308,#1309),
  .UNSPECIFIED.,.F.,.F.,(3,3),(0.,1.),.PIECEWISE_BEZIER_KNOTS.);
#1307 = CARTESIAN_POINT('',(-23.54046324497,-2.362061930453,2.));
#1308 = CARTESIAN_POINT('',(-23.47082548824,-2.317450242553,2.));
#1309 = CARTESIAN_POINT('',(-23.38160211245,-2.317450242553,2.));
#1310 = ORIENTED_EDGE('',*,*,#1262,.F.);
#1311 = ORIENTED_EDGE('',*,*,#1312,.F.);
#1312 = EDGE_CURVE('',#1296,#1263,#1313,.T.);
#1313 = B_SPLINE_CURVE_WITH_KNOTS('',2,(#1314,#1315,#1316),
  .UNSPECIFIED.,.F.,.F.,(3,3),(0.,1.),.PIECEWISE_BEZIER_KNOTS.);
#1314 = CARTESIAN_POINT('',(-23.54046324497,-2.362061930453,1.));
#1315 = CARTESIAN_POINT('',(-23.47082548824,-2.317450242553,1.));
#1316 = CARTESIAN_POINT('',(-23.38160211245,-2.317450242553,1.));
#1317 = SURFACE_OF_LINEAR_EXTRUSION('',#1318,#1322);
#1318 = B_SPLINE_CURVE_WITH_KNOTS('',2,(#1319,#1320,#1321),
  .UNSPECIFIED.,.F.,.F.,(3,3),(0.,1.),.PIECEWISE_BEZIER_KNOTS.);
#1319 = CARTESIAN_POINT('',(-23.54046324497,-2.362061930453,1.));
#1320 = CARTESIAN_POINT('',(-23.47082548824,-2.317450242553,1.));
#1321 = CARTESIAN_POINT('',(-23.38160211245,-2.317450242553,1.));
#1322 = VECTOR('',#1323,1.);
#1323 = DIRECTION('',(-0.,-0.,-1.));
#1324 = ADVANCED_FACE('',(#1325),#1350,.T.);
#1325 = FACE_BOUND('',#1326,.T.);
#1326 = EDGE_LOOP('',(#1327,#1337,#1343,#1344));
#1327 = ORIENTED_EDGE('',*,*,#1328,.T.);
#1328 = EDGE_CURVE('',#1329,#1331,#1333,.T.);
#1329 = VERTEX_POINT('',#1330);
#1330 = CARTESIAN_POINT('',(-23.66015313933,-2.473409801877,1.));
#1331 = VERTEX_POINT('',#1332);
#1332 = CARTESIAN_POINT('',(-23.66015313933,-2.473409801877,2.));
#1333 = LINE('',#1334,#1335);
#1334 = CARTESIAN_POINT('',(-23.66015313933,-2.473409801877,1.));
#1335 = VECTOR('',#1336,1.);
#1336 = DIRECTION('',(0.,0.,1.));
#1337 = ORIENTED_EDGE('',*,*,#1338,.T.);
#1338 = EDGE_CURVE('',#1331,#1298,#1339,.T.);
#1339 = B_SPLINE_CURVE_WITH_KNOTS('',2,(#1340,#1341,#1342),
  .UNSPECIFIED.,.F.,.F.,(3,3),(0.,1.),.PIECEWISE_BEZIER_KNOTS.);
#1340 = CARTESIAN_POINT('',(-23.66015313933,-2.473409801877,2.));
#1341 = CARTESIAN_POINT('',(-23.61010100169,-2.406673618352,2.));
#1342 = CARTESIAN_POINT('',(-23.54046324497,-2.362061930453,2.));
#1343 = ORIENTED_EDGE('',*,*,#1295,.F.);
#1344 = ORIENTED_EDGE('',*,*,#1345,.F.);
#1345 = EDGE_CURVE('',#1329,#1296,#1346,.T.);
#1346 = B_SPLINE_CURVE_WITH_KNOTS('',2,(#1347,#1348,#1349),
  .UNSPECIFIED.,.F.,.F.,(3,3),(0.,1.),.PIECEWISE_BEZIER_KNOTS.);
#1347 = CARTESIAN_POINT('',(-23.66015313933,-2.473409801877,1.));
#1348 = CARTESIAN_POINT('',(-23.61010100169,-2.406673618352,1.));
#1349 = CARTESIAN_POINT('',(-23.54046324497,-2.362061930453,1.));
#1350 = SURFACE_OF_LINEAR_EXTRUSION('',#1351,#1355);
#1351 = B_SPLINE_CURVE_WITH_KNOTS('',2,(#1352,#1353,#1354),
  .UNSPECIFIED.,.F.,.F.,(3,3),(0.,1.),.PIECEWISE_BEZIER_KNOTS.);
#1352 = CARTESIAN_POINT('',(-23.66015313933,-2.473409801877,1.));
#1353 = CARTESIAN_POINT('',(-23.61010100169,-2.406673618352,1.));
#1354 = CARTESIAN_POINT('',(-23.54046324497,-2.362061930453,1.));
#1355 = VECTOR('',#1356,1.);
#1356 = DIRECTION('',(-0.,-0.,-1.));
#1357 = ADVANCED_FACE('',(#1358),#1383,.T.);
#1358 = FACE_BOUND('',#1359,.T.);
#1359 = EDGE_LOOP('',(#1360,#1370,#1376,#1377));
#1360 = ORIENTED_EDGE('',*,*,#1361,.T.);
#1361 = EDGE_CURVE('',#1362,#1364,#1366,.T.);
#1362 = VERTEX_POINT('',#1363);
#1363 = CARTESIAN_POINT('',(-23.9999999,-3.041755451784,1.));
#1364 = VERTEX_POINT('',#1365);
#1365 = CARTESIAN_POINT('',(-23.9999999,-3.041755451784,2.));
#1366 = LINE('',#1367,#1368);
#1367 = CARTESIAN_POINT('',(-23.9999999,-3.041755451784,1.));
#1368 = VECTOR('',#1369,1.);
#1369 = DIRECTION('',(0.,0.,1.));
#1370 = ORIENTED_EDGE('',*,*,#1371,.T.);
#1371 = EDGE_CURVE('',#1364,#1331,#1372,.T.);
#1372 = LINE('',#1373,#1374);
#1373 = CARTESIAN_POINT('',(-23.9999999,-3.041755451784,2.));
#1374 = VECTOR('',#1375,1.);
#1375 = DIRECTION('',(0.513206439512,0.858265198201,0.));
#1376 = ORIENTED_EDGE('',*,*,#1328,.F.);
#1377 = ORIENTED_EDGE('',*,*,#1378,.F.);
#1378 = EDGE_CURVE('',#1362,#1329,#1379,.T.);
#1379 = LINE('',#1380,#1381);
#1380 = CARTESIAN_POINT('',(-23.9999999,-3.041755451784,1.));
#1381 = VECTOR('',#1382,1.);
#1382 = DIRECTION('',(0.513206439512,0.858265198201,0.));
#1383 = PLANE('',#1384);
#1384 = AXIS2_PLACEMENT_3D('',#1385,#1386,#1387);
#1385 = CARTESIAN_POINT('',(-23.9999999,-3.041755451784,1.));
#1386 = DIRECTION('',(-0.858265198201,0.513206439512,0.));
#1387 = DIRECTION('',(0.513206439512,0.858265198201,0.));
#1388 = ADVANCED_FACE('',(#1389),#1414,.T.);
#1389 = FACE_BOUND('',#1390,.T.);
#1390 = EDGE_LOOP('',(#1391,#1401,#1407,#1408));
#1391 = ORIENTED_EDGE('',*,*,#1392,.T.);
#1392 = EDGE_CURVE('',#1393,#1395,#1397,.T.);
#1393 = VERTEX_POINT('',#1394);
#1394 = CARTESIAN_POINT('',(-23.49585155707,-3.473727161445,1.));
#1395 = VERTEX_POINT('',#1396);
#1396 = CARTESIAN_POINT('',(-23.49585155707,-3.473727161445,2.));
#1397 = LINE('',#1398,#1399);
#1398 = CARTESIAN_POINT('',(-23.49585155707,-3.473727161445,1.));
#1399 = VECTOR('',#1400,1.);
#1400 = DIRECTION('',(0.,0.,1.));
#1401 = ORIENTED_EDGE('',*,*,#1402,.T.);
#1402 = EDGE_CURVE('',#1395,#1364,#1403,.T.);
#1403 = B_SPLINE_CURVE_WITH_KNOTS('',2,(#1404,#1405,#1406),
  .UNSPECIFIED.,.F.,.F.,(3,3),(0.,1.),.PIECEWISE_BEZIER_KNOTS.);
#1404 = CARTESIAN_POINT('',(-23.49585155707,-3.473727161445,2.));
#1405 = CARTESIAN_POINT('',(-23.77730415715,-3.281497937163,2.));
#1406 = CARTESIAN_POINT('',(-23.9999999,-3.041755451784,2.));
#1407 = ORIENTED_EDGE('',*,*,#1361,.F.);
#1408 = ORIENTED_EDGE('',*,*,#1409,.F.);
#1409 = EDGE_CURVE('',#1393,#1362,#1410,.T.);
#1410 = B_SPLINE_CURVE_WITH_KNOTS('',2,(#1411,#1412,#1413),
  .UNSPECIFIED.,.F.,.F.,(3,3),(0.,1.),.PIECEWISE_BEZIER_KNOTS.);
#1411 = CARTESIAN_POINT('',(-23.49585155707,-3.473727161445,1.));
#1412 = CARTESIAN_POINT('',(-23.77730415715,-3.281497937163,1.));
#1413 = CARTESIAN_POINT('',(-23.9999999,-3.041755451784,1.));
#1414 = SURFACE_OF_LINEAR_EXTRUSION('',#1415,#1419);
#1415 = B_SPLINE_CURVE_WITH_KNOTS('',2,(#1416,#1417,#1418),
  .UNSPECIFIED.,.F.,.F.,(3,3),(0.,1.),.PIECEWISE_BEZIER_KNOTS.);
#1416 = CARTESIAN_POINT('',(-23.49585155707,-3.473727161445,1.));
#1417 = CARTESIAN_POINT('',(-23.77730415715,-3.281497937163,1.));
#1418 = CARTESIAN_POINT('',(-23.9999999,-3.041755451784,1.));
#1419 = VECTOR('',#1420,1.);
#1420 = DIRECTION('',(-0.,-0.,-1.));
#1421 = ADVANCED_FACE('',(#1422),#1447,.T.);
#1422 = FACE_BOUND('',#1423,.T.);
#1423 = EDGE_LOOP('',(#1424,#1434,#1440,#1441));
#1424 = ORIENTED_EDGE('',*,*,#1425,.T.);
#1425 = EDGE_CURVE('',#1426,#1428,#1430,.T.);
#1426 = VERTEX_POINT('',#1427);
#1427 = CARTESIAN_POINT('',(-22.89159893885,-3.802330325974,1.));
#1428 = VERTEX_POINT('',#1429);
#1429 = CARTESIAN_POINT('',(-22.89159893885,-3.802330325974,2.));
#1430 = LINE('',#1431,#1432);
#1431 = CARTESIAN_POINT('',(-22.89159893885,-3.802330325974,1.));
#1432 = VECTOR('',#1433,1.);
#1433 = DIRECTION('',(0.,0.,1.));
#1434 = ORIENTED_EDGE('',*,*,#1435,.T.);
#1435 = EDGE_CURVE('',#1428,#1395,#1436,.T.);
#1436 = B_SPLINE_CURVE_WITH_KNOTS('',2,(#1437,#1438,#1439),
  .UNSPECIFIED.,.F.,.F.,(3,3),(0.,1.),.PIECEWISE_BEZIER_KNOTS.);
#1437 = CARTESIAN_POINT('',(-22.89159893885,-3.802330325974,2.));
#1438 = CARTESIAN_POINT('',(-23.21439895698,-3.665593689078,2.));
#1439 = CARTESIAN_POINT('',(-23.49585155707,-3.473727161445,2.));
#1440 = ORIENTED_EDGE('',*,*,#1392,.F.);
#1441 = ORIENTED_EDGE('',*,*,#1442,.F.);
#1442 = EDGE_CURVE('',#1426,#1393,#1443,.T.);
#1443 = B_SPLINE_CURVE_WITH_KNOTS('',2,(#1444,#1445,#1446),
  .UNSPECIFIED.,.F.,.F.,(3,3),(0.,1.),.PIECEWISE_BEZIER_KNOTS.);
#1444 = CARTESIAN_POINT('',(-22.89159893885,-3.802330325974,1.));
#1445 = CARTESIAN_POINT('',(-23.21439895698,-3.665593689078,1.));
#1446 = CARTESIAN_POINT('',(-23.49585155707,-3.473727161445,1.));
#1447 = SURFACE_OF_LINEAR_EXTRUSION('',#1448,#1452);
#1448 = B_SPLINE_CURVE_WITH_KNOTS('',2,(#1449,#1450,#1451),
  .UNSPECIFIED.,.F.,.F.,(3,3),(0.,1.),.PIECEWISE_BEZIER_KNOTS.);
#1449 = CARTESIAN_POINT('',(-22.89159893885,-3.802330325974,1.));
#1450 = CARTESIAN_POINT('',(-23.21439895698,-3.665593689078,1.));
#1451 = CARTESIAN_POINT('',(-23.49585155707,-3.473727161445,1.));
#1452 = VECTOR('',#1453,1.);
#1453 = DIRECTION('',(-0.,-0.,-1.));
#1454 = ADVANCED_FACE('',(#1455),#1480,.T.);
#1455 = FACE_BOUND('',#1456,.T.);
#1456 = EDGE_LOOP('',(#1457,#1467,#1473,#1474));
#1457 = ORIENTED_EDGE('',*,*,#1458,.T.);
#1458 = EDGE_CURVE('',#1459,#1461,#1463,.T.);
#1459 = VERTEX_POINT('',#1460);
#1460 = CARTESIAN_POINT('',(-22.20646496777,-4.013782472684,1.));
#1461 = VERTEX_POINT('',#1462);
#1462 = CARTESIAN_POINT('',(-22.20646496777,-4.013782472684,2.));
#1463 = LINE('',#1464,#1465);
#1464 = CARTESIAN_POINT('',(-22.20646496777,-4.013782472684,1.));
#1465 = VECTOR('',#1466,1.);
#1466 = DIRECTION('',(0.,0.,1.));
#1467 = ORIENTED_EDGE('',*,*,#1468,.T.);
#1468 = EDGE_CURVE('',#1461,#1428,#1469,.T.);
#1469 = B_SPLINE_CURVE_WITH_KNOTS('',2,(#1470,#1471,#1472),
  .UNSPECIFIED.,.F.,.F.,(3,3),(0.,1.),.PIECEWISE_BEZIER_KNOTS.);
#1470 = CARTESIAN_POINT('',(-22.20646496777,-4.013782472684,2.));
#1471 = CARTESIAN_POINT('',(-22.56843622406,-3.938704266219,2.));
#1472 = CARTESIAN_POINT('',(-22.89159893885,-3.802330325974,2.));
#1473 = ORIENTED_EDGE('',*,*,#1425,.F.);
#1474 = ORIENTED_EDGE('',*,*,#1475,.F.);
#1475 = EDGE_CURVE('',#1459,#1426,#1476,.T.);
#1476 = B_SPLINE_CURVE_WITH_KNOTS('',2,(#1477,#1478,#1479),
  .UNSPECIFIED.,.F.,.F.,(3,3),(0.,1.),.PIECEWISE_BEZIER_KNOTS.);
#1477 = CARTESIAN_POINT('',(-22.20646496777,-4.013782472684,1.));
#1478 = CARTESIAN_POINT('',(-22.56843622406,-3.938704266219,1.));
#1479 = CARTESIAN_POINT('',(-22.89159893885,-3.802330325974,1.));
#1480 = SURFACE_OF_LINEAR_EXTRUSION('',#1481,#1485);
#1481 = B_SPLINE_CURVE_WITH_KNOTS('',2,(#1482,#1483,#1484),
  .UNSPECIFIED.,.F.,.F.,(3,3),(0.,1.),.PIECEWISE_BEZIER_KNOTS.);
#1482 = CARTESIAN_POINT('',(-22.20646496777,-4.013782472684,1.));
#1483 = CARTESIAN_POINT('',(-22.56843622406,-3.938704266219,1.));
#1484 = CARTESIAN_POINT('',(-22.89159893885,-3.802330325974,1.));
#1485 = VECTOR('',#1486,1.);
#1486 = DIRECTION('',(-0.,-0.,-1.));
#1487 = ADVANCED_FACE('',(#1488),#1513,.T.);
#1488 = FACE_BOUND('',#1489,.T.);
#1489 = EDGE_LOOP('',(#1490,#1500,#1506,#1507));
#1490 = ORIENTED_EDGE('',*,*,#1491,.T.);
#1491 = EDGE_CURVE('',#1492,#1494,#1496,.T.);
#1492 = VERTEX_POINT('',#1493);
#1493 = CARTESIAN_POINT('',(-21.45967256627,-4.089223375799,1.));
#1494 = VERTEX_POINT('',#1495);
#1495 = CARTESIAN_POINT('',(-21.45967256627,-4.089223375799,2.));
#1496 = LINE('',#1497,#1498);
#1497 = CARTESIAN_POINT('',(-21.45967256627,-4.089223375799,1.));
#1498 = VECTOR('',#1499,1.);
#1499 = DIRECTION('',(0.,0.,1.));
#1500 = ORIENTED_EDGE('',*,*,#1501,.T.);
#1501 = EDGE_CURVE('',#1494,#1461,#1502,.T.);
#1502 = B_SPLINE_CURVE_WITH_KNOTS('',2,(#1503,#1504,#1505),
  .UNSPECIFIED.,.F.,.F.,(3,3),(0.,1.),.PIECEWISE_BEZIER_KNOTS.);
#1503 = CARTESIAN_POINT('',(-21.45967256627,-4.089223375799,2.));
#1504 = CARTESIAN_POINT('',(-21.84413101483,-4.089223375799,2.));
#1505 = CARTESIAN_POINT('',(-22.20646496777,-4.013782472684,2.));
#1506 = ORIENTED_EDGE('',*,*,#1458,.F.);
#1507 = ORIENTED_EDGE('',*,*,#1508,.F.);
#1508 = EDGE_CURVE('',#1492,#1459,#1509,.T.);
#1509 = B_SPLINE_CURVE_WITH_KNOTS('',2,(#1510,#1511,#1512),
  .UNSPECIFIED.,.F.,.F.,(3,3),(0.,1.),.PIECEWISE_BEZIER_KNOTS.);
#1510 = CARTESIAN_POINT('',(-21.45967256627,-4.089223375799,1.));
#1511 = CARTESIAN_POINT('',(-21.84413101483,-4.089223375799,1.));
#1512 = CARTESIAN_POINT('',(-22.20646496777,-4.013782472684,1.));
#1513 = SURFACE_OF_LINEAR_EXTRUSION('',#1514,#1518);
#1514 = B_SPLINE_CURVE_WITH_KNOTS('',2,(#1515,#1516,#1517),
  .UNSPECIFIED.,.F.,.F.,(3,3),(0.,1.),.PIECEWISE_BEZIER_KNOTS.);
#1515 = CARTESIAN_POINT('',(-21.45967256627,-4.089223375799,1.));
#1516 = CARTESIAN_POINT('',(-21.84413101483,-4.089223375799,1.));
#1517 = CARTESIAN_POINT('',(-22.20646496777,-4.013782472684,1.));
#1518 = VECTOR('',#1519,1.);
#1519 = DIRECTION('',(-0.,-0.,-1.));
#1520 = ADVANCED_FACE('',(#1521),#1546,.T.);
#1521 = FACE_BOUND('',#1522,.T.);
#1522 = EDGE_LOOP('',(#1523,#1533,#1539,#1540));
#1523 = ORIENTED_EDGE('',*,*,#1524,.T.);
#1524 = EDGE_CURVE('',#1525,#1527,#1529,.T.);
#1525 = VERTEX_POINT('',#1526);
#1526 = CARTESIAN_POINT('',(-20.31463924351,-3.891553701773,1.));
#1527 = VERTEX_POINT('',#1528);
#1528 = CARTESIAN_POINT('',(-20.31463924351,-3.891553701773,2.));
#1529 = LINE('',#1530,#1531);
#1530 = CARTESIAN_POINT('',(-20.31463924351,-3.891553701773,1.));
#1531 = VECTOR('',#1532,1.);
#1532 = DIRECTION('',(0.,0.,1.));
#1533 = ORIENTED_EDGE('',*,*,#1534,.T.);
#1534 = EDGE_CURVE('',#1527,#1494,#1535,.T.);
#1535 = B_SPLINE_CURVE_WITH_KNOTS('',2,(#1536,#1537,#1538),
  .UNSPECIFIED.,.F.,.F.,(3,3),(0.,1.),.PIECEWISE_BEZIER_KNOTS.);
#1536 = CARTESIAN_POINT('',(-20.31463924351,-3.891553701773,2.));
#1537 = CARTESIAN_POINT('',(-20.81878758644,-4.089223375799,2.));
#1538 = CARTESIAN_POINT('',(-21.45967256627,-4.089223375799,2.));
#1539 = ORIENTED_EDGE('',*,*,#1491,.F.);
#1540 = ORIENTED_EDGE('',*,*,#1541,.F.);
#1541 = EDGE_CURVE('',#1525,#1492,#1542,.T.);
#1542 = B_SPLINE_CURVE_WITH_KNOTS('',2,(#1543,#1544,#1545),
  .UNSPECIFIED.,.F.,.F.,(3,3),(0.,1.),.PIECEWISE_BEZIER_KNOTS.);
#1543 = CARTESIAN_POINT('',(-20.31463924351,-3.891553701773,1.));
#1544 = CARTESIAN_POINT('',(-20.81878758644,-4.089223375799,1.));
#1545 = CARTESIAN_POINT('',(-21.45967256627,-4.089223375799,1.));
#1546 = SURFACE_OF_LINEAR_EXTRUSION('',#1547,#1551);
#1547 = B_SPLINE_CURVE_WITH_KNOTS('',2,(#1548,#1549,#1550),
  .UNSPECIFIED.,.F.,.F.,(3,3),(0.,1.),.PIECEWISE_BEZIER_KNOTS.);
#1548 = CARTESIAN_POINT('',(-20.31463924351,-3.891553701773,1.));
#1549 = CARTESIAN_POINT('',(-20.81878758644,-4.089223375799,1.));
#1550 = CARTESIAN_POINT('',(-21.45967256627,-4.089223375799,1.));
#1551 = VECTOR('',#1552,1.);
#1552 = DIRECTION('',(-0.,-0.,-1.));
#1553 = ADVANCED_FACE('',(#1554),#1579,.T.);
#1554 = FACE_BOUND('',#1555,.T.);
#1555 = EDGE_LOOP('',(#1556,#1566,#1572,#1573));
#1556 = ORIENTED_EDGE('',*,*,#1557,.T.);
#1557 = EDGE_CURVE('',#1558,#1560,#1562,.T.);
#1558 = VERTEX_POINT('',#1559);
#1559 = CARTESIAN_POINT('',(-19.46520369018,-3.348234120687,1.));
#1560 = VERTEX_POINT('',#1561);
#1561 = CARTESIAN_POINT('',(-19.46520369018,-3.348234120687,2.));
#1562 = LINE('',#1563,#1564);
#1563 = CARTESIAN_POINT('',(-19.46520369018,-3.348234120687,1.));
#1564 = VECTOR('',#1565,1.);
#1565 = DIRECTION('',(0.,0.,1.));
#1566 = ORIENTED_EDGE('',*,*,#1567,.T.);
#1567 = EDGE_CURVE('',#1560,#1527,#1568,.T.);
#1568 = B_SPLINE_CURVE_WITH_KNOTS('',2,(#1569,#1570,#1571),
  .UNSPECIFIED.,.F.,.F.,(3,3),(0.,1.),.PIECEWISE_BEZIER_KNOTS.);
#1569 = CARTESIAN_POINT('',(-19.46520369018,-3.348234120687,2.));
#1570 = CARTESIAN_POINT('',(-19.81049090058,-3.693521331097,2.));
#1571 = CARTESIAN_POINT('',(-20.31463924351,-3.891553701773,2.));
#1572 = ORIENTED_EDGE('',*,*,#1524,.F.);
#1573 = ORIENTED_EDGE('',*,*,#1574,.F.);
#1574 = EDGE_CURVE('',#1558,#1525,#1575,.T.);
#1575 = B_SPLINE_CURVE_WITH_KNOTS('',2,(#1576,#1577,#1578),
  .UNSPECIFIED.,.F.,.F.,(3,3),(0.,1.),.PIECEWISE_BEZIER_KNOTS.);
#1576 = CARTESIAN_POINT('',(-19.46520369018,-3.348234120687,1.));
#1577 = CARTESIAN_POINT('',(-19.81049090058,-3.693521331097,1.));
#1578 = CARTESIAN_POINT('',(-20.31463924351,-3.891553701773,1.));
#1579 = SURFACE_OF_LINEAR_EXTRUSION('',#1580,#1584);
#1580 = B_SPLINE_CURVE_WITH_KNOTS('',2,(#1581,#1582,#1583),
  .UNSPECIFIED.,.F.,.F.,(3,3),(0.,1.),.PIECEWISE_BEZIER_KNOTS.);
#1581 = CARTESIAN_POINT('',(-19.46520369018,-3.348234120687,1.));
#1582 = CARTESIAN_POINT('',(-19.81049090058,-3.693521331097,1.));
#1583 = CARTESIAN_POINT('',(-20.31463924351,-3.891553701773,1.));
#1584 = VECTOR('',#1585,1.);
#1585 = DIRECTION('',(-0.,-0.,-1.));
#1586 = ADVANCED_FACE('',(#1587),#1612,.T.);
#1587 = FACE_BOUND('',#1588,.T.);
#1588 = EDGE_LOOP('',(#1589,#1599,#1605,#1606));
#1589 = ORIENTED_EDGE('',*,*,#1590,.T.);
#1590 = EDGE_CURVE('',#1591,#1593,#1595,.T.);
#1591 = VERTEX_POINT('',#1592);
#1592 = CARTESIAN_POINT('',(-18.93893085162,-2.540508682051,1.));
#1593 = VERTEX_POINT('',#1594);
#1594 = CARTESIAN_POINT('',(-18.93893085162,-2.540508682051,2.));
#1595 = LINE('',#1596,#1597);
#1596 = CARTESIAN_POINT('',(-18.93893085162,-2.540508682051,1.));
#1597 = VECTOR('',#1598,1.);
#1598 = DIRECTION('',(0.,0.,1.));
#1599 = ORIENTED_EDGE('',*,*,#1600,.T.);
#1600 = EDGE_CURVE('',#1593,#1560,#1601,.T.);
#1601 = B_SPLINE_CURVE_WITH_KNOTS('',2,(#1602,#1603,#1604),
  .UNSPECIFIED.,.F.,.F.,(3,3),(0.,1.),.PIECEWISE_BEZIER_KNOTS.);
#1602 = CARTESIAN_POINT('',(-18.93893085162,-2.540508682051,2.));
#1603 = CARTESIAN_POINT('',(-19.11991647977,-3.002946910278,2.));
#1604 = CARTESIAN_POINT('',(-19.46520369018,-3.348234120687,2.));
#1605 = ORIENTED_EDGE('',*,*,#1557,.F.);
#1606 = ORIENTED_EDGE('',*,*,#1607,.F.);
#1607 = EDGE_CURVE('',#1591,#1558,#1608,.T.);
#1608 = B_SPLINE_CURVE_WITH_KNOTS('',2,(#1609,#1610,#1611),
  .UNSPECIFIED.,.F.,.F.,(3,3),(0.,1.),.PIECEWISE_BEZIER_KNOTS.);
#1609 = CARTESIAN_POINT('',(-18.93893085162,-2.540508682051,1.));
#1610 = CARTESIAN_POINT('',(-19.11991647977,-3.002946910278,1.));
#1611 = CARTESIAN_POINT('',(-19.46520369018,-3.348234120687,1.));
#1612 = SURFACE_OF_LINEAR_EXTRUSION('',#1613,#1617);
#1613 = B_SPLINE_CURVE_WITH_KNOTS('',2,(#1614,#1615,#1616),
  .UNSPECIFIED.,.F.,.F.,(3,3),(0.,1.),.PIECEWISE_BEZIER_KNOTS.);
#1614 = CARTESIAN_POINT('',(-18.93893085162,-2.540508682051,1.));
#1615 = CARTESIAN_POINT('',(-19.11991647977,-3.002946910278,1.));
#1616 = CARTESIAN_POINT('',(-19.46520369018,-3.348234120687,1.));
#1617 = VECTOR('',#1618,1.);
#1618 = DIRECTION('',(-0.,-0.,-1.));
#1619 = ADVANCED_FACE('',(#1620),#1645,.T.);
#1620 = FACE_BOUND('',#1621,.T.);
#1621 = EDGE_LOOP('',(#1622,#1632,#1638,#1639));
#1622 = ORIENTED_EDGE('',*,*,#1623,.T.);
#1623 = EDGE_CURVE('',#1624,#1626,#1628,.T.);
#1624 = VERTEX_POINT('',#1625);
#1625 = CARTESIAN_POINT('',(-18.75758252683,-1.548896042073,1.));
#1626 = VERTEX_POINT('',#1627);
#1627 = CARTESIAN_POINT('',(-18.75758252683,-1.548896042073,2.));
#1628 = LINE('',#1629,#1630);
#1629 = CARTESIAN_POINT('',(-18.75758252683,-1.548896042073,1.));
#1630 = VECTOR('',#1631,1.);
#1631 = DIRECTION('',(0.,0.,1.));
#1632 = ORIENTED_EDGE('',*,*,#1633,.T.);
#1633 = EDGE_CURVE('',#1626,#1593,#1634,.T.);
#1634 = B_SPLINE_CURVE_WITH_KNOTS('',2,(#1635,#1636,#1637),
  .UNSPECIFIED.,.F.,.F.,(3,3),(0.,1.),.PIECEWISE_BEZIER_KNOTS.);
#1635 = CARTESIAN_POINT('',(-18.75758252683,-1.548896042073,2.));
#1636 = CARTESIAN_POINT('',(-18.75758252683,-2.078070453824,2.));
#1637 = CARTESIAN_POINT('',(-18.93893085162,-2.540508682051,2.));
#1638 = ORIENTED_EDGE('',*,*,#1590,.F.);
#1639 = ORIENTED_EDGE('',*,*,#1640,.F.);
#1640 = EDGE_CURVE('',#1624,#1591,#1641,.T.);
#1641 = B_SPLINE_CURVE_WITH_KNOTS('',2,(#1642,#1643,#1644),
  .UNSPECIFIED.,.F.,.F.,(3,3),(0.,1.),.PIECEWISE_BEZIER_KNOTS.);
#1642 = CARTESIAN_POINT('',(-18.75758252683,-1.548896042073,1.));
#1643 = CARTESIAN_POINT('',(-18.75758252683,-2.078070453824,1.));
#1644 = CARTESIAN_POINT('',(-18.93893085162,-2.540508682051,1.));
#1645 = SURFACE_OF_LINEAR_EXTRUSION('',#1646,#1650);
#1646 = B_SPLINE_CURVE_WITH_KNOTS('',2,(#1647,#1648,#1649),
  .UNSPECIFIED.,.F.,.F.,(3,3),(0.,1.),.PIECEWISE_BEZIER_KNOTS.);
#1647 = CARTESIAN_POINT('',(-18.75758252683,-1.548896042073,1.));
#1648 = CARTESIAN_POINT('',(-18.75758252683,-2.078070453824,1.));
#1649 = CARTESIAN_POINT('',(-18.93893085162,-2.540508682051,1.));
#1650 = VECTOR('',#1651,1.);
#1651 = DIRECTION('',(-0.,-0.,-1.));
#1652 = ADVANCED_FACE('',(#1653),#1678,.T.);
#1653 = FACE_BOUND('',#1654,.T.);
#1654 = EDGE_LOOP('',(#1655,#1665,#1671,#1672));
#1655 = ORIENTED_EDGE('',*,*,#1656,.T.);
#1656 = EDGE_CURVE('',#1657,#1659,#1661,.T.);
#1657 = VERTEX_POINT('',#1658);
#1658 = CARTESIAN_POINT('',(-18.92224680574,-0.710341388221,1.));
#1659 = VERTEX_POINT('',#1660);
#1660 = CARTESIAN_POINT('',(-18.92224680574,-0.710341388221,2.));
#1661 = LINE('',#1662,#1663);
#1662 = CARTESIAN_POINT('',(-18.92224680574,-0.710341388221,1.));
#1663 = VECTOR('',#1664,1.);
#1664 = DIRECTION('',(0.,0.,1.));
#1665 = ORIENTED_EDGE('',*,*,#1666,.T.);
#1666 = EDGE_CURVE('',#1659,#1626,#1667,.T.);
#1667 = B_SPLINE_CURVE_WITH_KNOTS('',2,(#1668,#1669,#1670),
  .UNSPECIFIED.,.F.,.F.,(3,3),(0.,1.),.PIECEWISE_BEZIER_KNOTS.);
#1668 = CARTESIAN_POINT('',(-18.92224680574,-0.710341388221,2.));
#1669 = CARTESIAN_POINT('',(-18.75758252683,-1.053089722084,2.));
#1670 = CARTESIAN_POINT('',(-18.75758252683,-1.548896042073,2.));
#1671 = ORIENTED_EDGE('',*,*,#1623,.F.);
#1672 = ORIENTED_EDGE('',*,*,#1673,.F.);
#1673 = EDGE_CURVE('',#1657,#1624,#1674,.T.);
#1674 = B_SPLINE_CURVE_WITH_KNOTS('',2,(#1675,#1676,#1677),
  .UNSPECIFIED.,.F.,.F.,(3,3),(0.,1.),.PIECEWISE_BEZIER_KNOTS.);
#1675 = CARTESIAN_POINT('',(-18.92224680574,-0.710341388221,1.));
#1676 = CARTESIAN_POINT('',(-18.75758252683,-1.053089722084,1.));
#1677 = CARTESIAN_POINT('',(-18.75758252683,-1.548896042073,1.));
#1678 = SURFACE_OF_LINEAR_EXTRUSION('',#1679,#1683);
#1679 = B_SPLINE_CURVE_WITH_KNOTS('',2,(#1680,#1681,#1682),
  .UNSPECIFIED.,.F.,.F.,(3,3),(0.,1.),.PIECEWISE_BEZIER_KNOTS.);
#1680 = CARTESIAN_POINT('',(-18.92224680574,-0.710341388221,1.));
#1681 = CARTESIAN_POINT('',(-18.75758252683,-1.053089722084,1.));
#1682 = CARTESIAN_POINT('',(-18.75758252683,-1.548896042073,1.));
#1683 = VECTOR('',#1684,1.);
#1684 = DIRECTION('',(-0.,-0.,-1.));
#1685 = ADVANCED_FACE('',(#1686),#1711,.T.);
#1686 = FACE_BOUND('',#1687,.T.);
#1687 = EDGE_LOOP('',(#1688,#1698,#1704,#1705));
#1688 = ORIENTED_EDGE('',*,*,#1689,.T.);
#1689 = EDGE_CURVE('',#1690,#1692,#1694,.T.);
#1690 = VERTEX_POINT('',#1691);
#1691 = CARTESIAN_POINT('',(-19.35385581875,-0.131114838827,1.));
#1692 = VERTEX_POINT('',#1693);
#1693 = CARTESIAN_POINT('',(-19.35385581875,-0.131114838827,2.));
#1694 = LINE('',#1695,#1696);
#1695 = CARTESIAN_POINT('',(-19.35385581875,-0.131114838827,1.));
#1696 = VECTOR('',#1697,1.);
#1697 = DIRECTION('',(0.,0.,1.));
#1698 = ORIENTED_EDGE('',*,*,#1699,.T.);
#1699 = EDGE_CURVE('',#1692,#1659,#1700,.T.);
#1700 = B_SPLINE_CURVE_WITH_KNOTS('',2,(#1701,#1702,#1703),
  .UNSPECIFIED.,.F.,.F.,(3,3),(0.,1.),.PIECEWISE_BEZIER_KNOTS.);
#1701 = CARTESIAN_POINT('',(-19.35385581875,-0.131114838827,2.));
#1702 = CARTESIAN_POINT('',(-19.086548388,-0.367593054359,2.));
#1703 = CARTESIAN_POINT('',(-18.92224680574,-0.710341388221,2.));
#1704 = ORIENTED_EDGE('',*,*,#1656,.F.);
#1705 = ORIENTED_EDGE('',*,*,#1706,.F.);
#1706 = EDGE_CURVE('',#1690,#1657,#1707,.T.);
#1707 = B_SPLINE_CURVE_WITH_KNOTS('',2,(#1708,#1709,#1710),
  .UNSPECIFIED.,.F.,.F.,(3,3),(0.,1.),.PIECEWISE_BEZIER_KNOTS.);
#1708 = CARTESIAN_POINT('',(-19.35385581875,-0.131114838827,1.));
#1709 = CARTESIAN_POINT('',(-19.086548388,-0.367593054359,1.));
#1710 = CARTESIAN_POINT('',(-18.92224680574,-0.710341388221,1.));
#1711 = SURFACE_OF_LINEAR_EXTRUSION('',#1712,#1716);
#1712 = B_SPLINE_CURVE_WITH_KNOTS('',2,(#1713,#1714,#1715),
  .UNSPECIFIED.,.F.,.F.,(3,3),(0.,1.),.PIECEWISE_BEZIER_KNOTS.);
#1713 = CARTESIAN_POINT('',(-19.35385581875,-0.131114838827,1.));
#1714 = CARTESIAN_POINT('',(-19.086548388,-0.367593054359,1.));
#1715 = CARTESIAN_POINT('',(-18.92224680574,-0.710341388221,1.));
#1716 = VECTOR('',#1717,1.);
#1717 = DIRECTION('',(-0.,-0.,-1.));
#1718 = ADVANCED_FACE('',(#1719),#1744,.T.);
#1719 = FACE_BOUND('',#1720,.T.);
#1720 = EDGE_LOOP('',(#1721,#1731,#1737,#1738));
#1721 = ORIENTED_EDGE('',*,*,#1722,.T.);
#1722 = EDGE_CURVE('',#1723,#1725,#1727,.T.);
#1723 = VERTEX_POINT('',#1724);
#1724 = CARTESIAN_POINT('',(-19.96101001016,0.261685632679,1.));
#1725 = VERTEX_POINT('',#1726);
#1726 = CARTESIAN_POINT('',(-19.96101001016,0.261685632679,2.));
#1727 = LINE('',#1728,#1729);
#1728 = CARTESIAN_POINT('',(-19.96101001016,0.261685632679,1.));
#1729 = VECTOR('',#1730,1.);
#1730 = DIRECTION('',(0.,0.,1.));
#1731 = ORIENTED_EDGE('',*,*,#1732,.T.);
#1732 = EDGE_CURVE('',#1725,#1692,#1733,.T.);
#1733 = B_SPLINE_CURVE_WITH_KNOTS('',2,(#1734,#1735,#1736),
  .UNSPECIFIED.,.F.,.F.,(3,3),(0.,1.),.PIECEWISE_BEZIER_KNOTS.);
#1734 = CARTESIAN_POINT('',(-19.96101001016,0.261685632679,2.));
#1735 = CARTESIAN_POINT('',(-19.6211632495,0.105726073355,2.));
#1736 = CARTESIAN_POINT('',(-19.35385581875,-0.131114838827,2.));
#1737 = ORIENTED_EDGE('',*,*,#1689,.F.);
#1738 = ORIENTED_EDGE('',*,*,#1739,.F.);
#1739 = EDGE_CURVE('',#1723,#1690,#1740,.T.);
#1740 = B_SPLINE_CURVE_WITH_KNOTS('',2,(#1741,#1742,#1743),
  .UNSPECIFIED.,.F.,.F.,(3,3),(0.,1.),.PIECEWISE_BEZIER_KNOTS.);
#1741 = CARTESIAN_POINT('',(-19.96101001016,0.261685632679,1.));
#1742 = CARTESIAN_POINT('',(-19.6211632495,0.105726073355,1.));
#1743 = CARTESIAN_POINT('',(-19.35385581875,-0.131114838827,1.));
#1744 = SURFACE_OF_LINEAR_EXTRUSION('',#1745,#1749);
#1745 = B_SPLINE_CURVE_WITH_KNOTS('',2,(#1746,#1747,#1748),
  .UNSPECIFIED.,.F.,.F.,(3,3),(0.,1.),.PIECEWISE_BEZIER_KNOTS.);
#1746 = CARTESIAN_POINT('',(-19.96101001016,0.261685632679,1.));
#1747 = CARTESIAN_POINT('',(-19.6211632495,0.105726073355,1.));
#1748 = CARTESIAN_POINT('',(-19.35385581875,-0.131114838827,1.));
#1749 = VECTOR('',#1750,1.);
#1750 = DIRECTION('',(-0.,-0.,-1.));
#1751 = ADVANCED_FACE('',(#1752),#1777,.T.);
#1752 = FACE_BOUND('',#1753,.T.);
#1753 = EDGE_LOOP('',(#1754,#1764,#1770,#1771));
#1754 = ORIENTED_EDGE('',*,*,#1755,.T.);
#1755 = EDGE_CURVE('',#1756,#1758,#1760,.T.);
#1756 = VERTEX_POINT('',#1757);
#1757 = CARTESIAN_POINT('',(-20.65738757738,0.537335086367,1.));
#1758 = VERTEX_POINT('',#1759);
#1759 = CARTESIAN_POINT('',(-20.65738757738,0.537335086367,2.));
#1760 = LINE('',#1761,#1762);
#1761 = CARTESIAN_POINT('',(-20.65738757738,0.537335086367,1.));
#1762 = VECTOR('',#1763,1.);
#1763 = DIRECTION('',(0.,0.,1.));
#1764 = ORIENTED_EDGE('',*,*,#1765,.T.);
#1765 = EDGE_CURVE('',#1758,#1725,#1766,.T.);
#1766 = B_SPLINE_CURVE_WITH_KNOTS('',2,(#1767,#1768,#1769),
  .UNSPECIFIED.,.F.,.F.,(3,3),(0.,1.),.PIECEWISE_BEZIER_KNOTS.);
#1767 = CARTESIAN_POINT('',(-20.65738757738,0.537335086367,2.));
#1768 = CARTESIAN_POINT('',(-20.30085677083,0.417645192003,2.));
#1769 = CARTESIAN_POINT('',(-19.96101001016,0.261685632679,2.));
#1770 = ORIENTED_EDGE('',*,*,#1722,.F.);
#1771 = ORIENTED_EDGE('',*,*,#1772,.F.);
#1772 = EDGE_CURVE('',#1756,#1723,#1773,.T.);
#1773 = B_SPLINE_CURVE_WITH_KNOTS('',2,(#1774,#1775,#1776),
  .UNSPECIFIED.,.F.,.F.,(3,3),(0.,1.),.PIECEWISE_BEZIER_KNOTS.);
#1774 = CARTESIAN_POINT('',(-20.65738757738,0.537335086367,1.));
#1775 = CARTESIAN_POINT('',(-20.30085677083,0.417645192003,1.));
#1776 = CARTESIAN_POINT('',(-19.96101001016,0.261685632679,1.));
#1777 = SURFACE_OF_LINEAR_EXTRUSION('',#1778,#1782);
#1778 = B_SPLINE_CURVE_WITH_KNOTS('',2,(#1779,#1780,#1781),
  .UNSPECIFIED.,.F.,.F.,(3,3),(0.,1.),.PIECEWISE_BEZIER_KNOTS.);
#1779 = CARTESIAN_POINT('',(-20.65738757738,0.537335086367,1.));
#1780 = CARTESIAN_POINT('',(-20.30085677083,0.417645192003,1.));
#1781 = CARTESIAN_POINT('',(-19.96101001016,0.261685632679,1.));
#1782 = VECTOR('',#1783,1.);
#1783 = DIRECTION('',(-0.,-0.,-1.));
#1784 = ADVANCED_FACE('',(#1785),#1810,.T.);
#1785 = FACE_BOUND('',#1786,.T.);
#1786 = EDGE_LOOP('',(#1787,#1797,#1803,#1804));
#1787 = ORIENTED_EDGE('',*,*,#1788,.T.);
#1788 = EDGE_CURVE('',#1789,#1791,#1793,.T.);
#1789 = VERTEX_POINT('',#1790);
#1790 = CARTESIAN_POINT('',(-21.35376514459,0.768735548805,1.));
#1791 = VERTEX_POINT('',#1792);
#1792 = CARTESIAN_POINT('',(-21.35376514459,0.768735548805,2.));
#1793 = LINE('',#1794,#1795);
#1794 = CARTESIAN_POINT('',(-21.35376514459,0.768735548805,1.));
#1795 = VECTOR('',#1796,1.);
#1796 = DIRECTION('',(0.,0.,1.));
#1797 = ORIENTED_EDGE('',*,*,#1798,.T.);
#1798 = EDGE_CURVE('',#1791,#1758,#1799,.T.);
#1799 = B_SPLINE_CURVE_WITH_KNOTS('',2,(#1800,#1801,#1802),
  .UNSPECIFIED.,.F.,.F.,(3,3),(0.,1.),.PIECEWISE_BEZIER_KNOTS.);
#1800 = CARTESIAN_POINT('',(-21.35376514459,0.768735548805,2.));
#1801 = CARTESIAN_POINT('',(-21.01391838392,0.657387677381,2.));
#1802 = CARTESIAN_POINT('',(-20.65738757738,0.537335086367,2.));
#1803 = ORIENTED_EDGE('',*,*,#1755,.F.);
#1804 = ORIENTED_EDGE('',*,*,#1805,.F.);
#1805 = EDGE_CURVE('',#1789,#1756,#1806,.T.);
#1806 = B_SPLINE_CURVE_WITH_KNOTS('',2,(#1807,#1808,#1809),
  .UNSPECIFIED.,.F.,.F.,(3,3),(0.,1.),.PIECEWISE_BEZIER_KNOTS.);
#1807 = CARTESIAN_POINT('',(-21.35376514459,0.768735548805,1.));
#1808 = CARTESIAN_POINT('',(-21.01391838392,0.657387677381,1.));
#1809 = CARTESIAN_POINT('',(-20.65738757738,0.537335086367,1.));
#1810 = SURFACE_OF_LINEAR_EXTRUSION('',#1811,#1815);
#1811 = B_SPLINE_CURVE_WITH_KNOTS('',2,(#1812,#1813,#1814),
  .UNSPECIFIED.,.F.,.F.,(3,3),(0.,1.),.PIECEWISE_BEZIER_KNOTS.);
#1812 = CARTESIAN_POINT('',(-21.35376514459,0.768735548805,1.));
#1813 = CARTESIAN_POINT('',(-21.01391838392,0.657387677381,1.));
#1814 = CARTESIAN_POINT('',(-20.65738757738,0.537335086367,1.));
#1815 = VECTOR('',#1816,1.);
#1816 = DIRECTION('',(-0.,-0.,-1.));
#1817 = ADVANCED_FACE('',(#1818),#1843,.T.);
#1818 = FACE_BOUND('',#1819,.T.);
#1819 = EDGE_LOOP('',(#1820,#1830,#1836,#1837));
#1820 = ORIENTED_EDGE('',*,*,#1821,.T.);
#1821 = EDGE_CURVE('',#1822,#1824,#1826,.T.);
#1822 = VERTEX_POINT('',#1823);
#1823 = CARTESIAN_POINT('',(-21.96128203265,1.030602529809,1.));
#1824 = VERTEX_POINT('',#1825);
#1825 = CARTESIAN_POINT('',(-21.96128203265,1.030602529809,2.));
#1826 = LINE('',#1827,#1828);
#1827 = CARTESIAN_POINT('',(-21.96128203265,1.030602529809,1.));
#1828 = VECTOR('',#1829,1.);
#1829 = DIRECTION('',(0.,0.,1.));
#1830 = ORIENTED_EDGE('',*,*,#1831,.T.);
#1831 = EDGE_CURVE('',#1824,#1791,#1832,.T.);
#1832 = B_SPLINE_CURVE_WITH_KNOTS('',2,(#1833,#1834,#1835),
  .UNSPECIFIED.,.F.,.F.,(3,3),(0.,1.),.PIECEWISE_BEZIER_KNOTS.);
#1833 = CARTESIAN_POINT('',(-21.96128203265,1.030602529809,2.));
#1834 = CARTESIAN_POINT('',(-21.69361190525,0.880083420229,2.));
#1835 = CARTESIAN_POINT('',(-21.35376514459,0.768735548805,2.));
#1836 = ORIENTED_EDGE('',*,*,#1788,.F.);
#1837 = ORIENTED_EDGE('',*,*,#1838,.F.);
#1838 = EDGE_CURVE('',#1822,#1789,#1839,.T.);
#1839 = B_SPLINE_CURVE_WITH_KNOTS('',2,(#1840,#1841,#1842),
  .UNSPECIFIED.,.F.,.F.,(3,3),(0.,1.),.PIECEWISE_BEZIER_KNOTS.);
#1840 = CARTESIAN_POINT('',(-21.96128203265,1.030602529809,1.));
#1841 = CARTESIAN_POINT('',(-21.69361190525,0.880083420229,1.));
#1842 = CARTESIAN_POINT('',(-21.35376514459,0.768735548805,1.));
#1843 = SURFACE_OF_LINEAR_EXTRUSION('',#1844,#1848);
#1844 = B_SPLINE_CURVE_WITH_KNOTS('',2,(#1845,#1846,#1847),
  .UNSPECIFIED.,.F.,.F.,(3,3),(0.,1.),.PIECEWISE_BEZIER_KNOTS.);
#1845 = CARTESIAN_POINT('',(-21.96128203265,1.030602529809,1.));
#1846 = CARTESIAN_POINT('',(-21.69361190525,0.880083420229,1.));
#1847 = CARTESIAN_POINT('',(-21.35376514459,0.768735548805,1.));
#1848 = VECTOR('',#1849,1.);
#1849 = DIRECTION('',(-0.,-0.,-1.));
#1850 = ADVANCED_FACE('',(#1851),#1876,.T.);
#1851 = FACE_BOUND('',#1852,.T.);
#1852 = EDGE_LOOP('',(#1853,#1863,#1869,#1870));
#1853 = ORIENTED_EDGE('',*,*,#1854,.T.);
#1854 = EDGE_CURVE('',#1855,#1857,#1859,.T.);
#1855 = VERTEX_POINT('',#1856);
#1856 = CARTESIAN_POINT('',(-22.39289104566,1.3925737861,1.));
#1857 = VERTEX_POINT('',#1858);
#1858 = CARTESIAN_POINT('',(-22.39289104566,1.3925737861,2.));
#1859 = LINE('',#1860,#1861);
#1860 = CARTESIAN_POINT('',(-22.39289104566,1.3925737861,1.));
#1861 = VECTOR('',#1862,1.);
#1862 = DIRECTION('',(0.,0.,1.));
#1863 = ORIENTED_EDGE('',*,*,#1864,.T.);
#1864 = EDGE_CURVE('',#1857,#1824,#1865,.T.);
#1865 = B_SPLINE_CURVE_WITH_KNOTS('',2,(#1866,#1867,#1868),
  .UNSPECIFIED.,.F.,.F.,(3,3),(0.,1.),.PIECEWISE_BEZIER_KNOTS.);
#1866 = CARTESIAN_POINT('',(-22.39289104566,1.3925737861,2.));
#1867 = CARTESIAN_POINT('',(-22.2285894634,1.181121639389,2.));
#1868 = CARTESIAN_POINT('',(-21.96128203265,1.030602529809,2.));
#1869 = ORIENTED_EDGE('',*,*,#1821,.F.);
#1870 = ORIENTED_EDGE('',*,*,#1871,.F.);
#1871 = EDGE_CURVE('',#1855,#1822,#1872,.T.);
#1872 = B_SPLINE_CURVE_WITH_KNOTS('',2,(#1873,#1874,#1875),
  .UNSPECIFIED.,.F.,.F.,(3,3),(0.,1.),.PIECEWISE_BEZIER_KNOTS.);
#1873 = CARTESIAN_POINT('',(-22.39289104566,1.3925737861,1.));
#1874 = CARTESIAN_POINT('',(-22.2285894634,1.181121639389,1.));
#1875 = CARTESIAN_POINT('',(-21.96128203265,1.030602529809,1.));
#1876 = SURFACE_OF_LINEAR_EXTRUSION('',#1877,#1881);
#1877 = B_SPLINE_CURVE_WITH_KNOTS('',2,(#1878,#1879,#1880),
  .UNSPECIFIED.,.F.,.F.,(3,3),(0.,1.),.PIECEWISE_BEZIER_KNOTS.);
#1878 = CARTESIAN_POINT('',(-22.39289104566,1.3925737861,1.));
#1879 = CARTESIAN_POINT('',(-22.2285894634,1.181121639389,1.));
#1880 = CARTESIAN_POINT('',(-21.96128203265,1.030602529809,1.));
#1881 = VECTOR('',#1882,1.);
#1882 = DIRECTION('',(-0.,-0.,-1.));
#1883 = ADVANCED_FACE('',(#1884),#1909,.T.);
#1884 = FACE_BOUND('',#1885,.T.);
#1885 = EDGE_LOOP('',(#1886,#1896,#1902,#1903));
#1886 = ORIENTED_EDGE('',*,*,#1887,.T.);
#1887 = EDGE_CURVE('',#1888,#1890,#1892,.T.);
#1888 = VERTEX_POINT('',#1889);
#1889 = CARTESIAN_POINT('',(-22.55719262793,1.927551344244,1.));
#1890 = VERTEX_POINT('',#1891);
#1891 = CARTESIAN_POINT('',(-22.55719262793,1.927551344244,2.));
#1892 = LINE('',#1893,#1894);
#1893 = CARTESIAN_POINT('',(-22.55719262793,1.927551344244,1.));
#1894 = VECTOR('',#1895,1.);
#1895 = DIRECTION('',(0.,0.,1.));
#1896 = ORIENTED_EDGE('',*,*,#1897,.T.);
#1897 = EDGE_CURVE('',#1890,#1857,#1898,.T.);
#1898 = B_SPLINE_CURVE_WITH_KNOTS('',2,(#1899,#1900,#1901),
  .UNSPECIFIED.,.F.,.F.,(3,3),(0.,1.),.PIECEWISE_BEZIER_KNOTS.);
#1899 = CARTESIAN_POINT('',(-22.55719262793,1.927551344244,2.));
#1900 = CARTESIAN_POINT('',(-22.55719262793,1.60438862946,2.));
#1901 = CARTESIAN_POINT('',(-22.39289104566,1.3925737861,2.));
#1902 = ORIENTED_EDGE('',*,*,#1854,.F.);
#1903 = ORIENTED_EDGE('',*,*,#1904,.F.);
#1904 = EDGE_CURVE('',#1888,#1855,#1905,.T.);
#1905 = B_SPLINE_CURVE_WITH_KNOTS('',2,(#1906,#1907,#1908),
  .UNSPECIFIED.,.F.,.F.,(3,3),(0.,1.),.PIECEWISE_BEZIER_KNOTS.);
#1906 = CARTESIAN_POINT('',(-22.55719262793,1.927551344244,1.));
#1907 = CARTESIAN_POINT('',(-22.55719262793,1.60438862946,1.));
#1908 = CARTESIAN_POINT('',(-22.39289104566,1.3925737861,1.));
#1909 = SURFACE_OF_LINEAR_EXTRUSION('',#1910,#1914);
#1910 = B_SPLINE_CURVE_WITH_KNOTS('',2,(#1911,#1912,#1913),
  .UNSPECIFIED.,.F.,.F.,(3,3),(0.,1.),.PIECEWISE_BEZIER_KNOTS.);
#1911 = CARTESIAN_POINT('',(-22.55719262793,1.927551344244,1.));
#1912 = CARTESIAN_POINT('',(-22.55719262793,1.60438862946,1.));
#1913 = CARTESIAN_POINT('',(-22.39289104566,1.3925737861,1.));
#1914 = VECTOR('',#1915,1.);
#1915 = DIRECTION('',(-0.,-0.,-1.));
#1916 = ADVANCED_FACE('',(#1917),#1942,.T.);
#1917 = FACE_BOUND('',#1918,.T.);
#1918 = EDGE_LOOP('',(#1919,#1929,#1935,#1936));
#1919 = ORIENTED_EDGE('',*,*,#1920,.T.);
#1920 = EDGE_CURVE('',#1921,#1923,#1925,.T.);
#1921 = VERTEX_POINT('',#1922);
#1922 = CARTESIAN_POINT('',(-22.46543037558,2.392528449018,1.));
#1923 = VERTEX_POINT('',#1924);
#1924 = CARTESIAN_POINT('',(-22.46543037558,2.392528449018,2.));
#1925 = LINE('',#1926,#1927);
#1926 = CARTESIAN_POINT('',(-22.46543037558,2.392528449018,1.));
#1927 = VECTOR('',#1928,1.);
#1928 = DIRECTION('',(0.,0.,1.));
#1929 = ORIENTED_EDGE('',*,*,#1930,.T.);
#1930 = EDGE_CURVE('',#1923,#1890,#1931,.T.);
#1931 = B_SPLINE_CURVE_WITH_KNOTS('',2,(#1932,#1933,#1934),
  .UNSPECIFIED.,.F.,.F.,(3,3),(0.,1.),.PIECEWISE_BEZIER_KNOTS.);
#1932 = CARTESIAN_POINT('',(-22.46543037558,2.392528449018,2.));
#1933 = CARTESIAN_POINT('',(-22.55719262793,2.178174729111,2.));
#1934 = CARTESIAN_POINT('',(-22.55719262793,1.927551344244,2.));
#1935 = ORIENTED_EDGE('',*,*,#1887,.F.);
#1936 = ORIENTED_EDGE('',*,*,#1937,.F.);
#1937 = EDGE_CURVE('',#1921,#1888,#1938,.T.);
#1938 = B_SPLINE_CURVE_WITH_KNOTS('',2,(#1939,#1940,#1941),
  .UNSPECIFIED.,.F.,.F.,(3,3),(0.,1.),.PIECEWISE_BEZIER_KNOTS.);
#1939 = CARTESIAN_POINT('',(-22.46543037558,2.392528449018,1.));
#1940 = CARTESIAN_POINT('',(-22.55719262793,2.178174729111,1.));
#1941 = CARTESIAN_POINT('',(-22.55719262793,1.927551344244,1.));
#1942 = SURFACE_OF_LINEAR_EXTRUSION('',#1943,#1947);
#1943 = B_SPLINE_CURVE_WITH_KNOTS('',2,(#1944,#1945,#1946),
  .UNSPECIFIED.,.F.,.F.,(3,3),(0.,1.),.PIECEWISE_BEZIER_KNOTS.);
#1944 = CARTESIAN_POINT('',(-22.46543037558,2.392528449018,1.));
#1945 = CARTESIAN_POINT('',(-22.55719262793,2.178174729111,1.));
#1946 = CARTESIAN_POINT('',(-22.55719262793,1.927551344244,1.));
#1947 = VECTOR('',#1948,1.);
#1948 = DIRECTION('',(-0.,-0.,-1.));
#1949 = ADVANCED_FACE('',(#1950),#1975,.T.);
#1950 = FACE_BOUND('',#1951,.T.);
#1951 = EDGE_LOOP('',(#1952,#1962,#1968,#1969));
#1952 = ORIENTED_EDGE('',*,*,#1953,.T.);
#1953 = EDGE_CURVE('',#1954,#1956,#1958,.T.);
#1954 = VERTEX_POINT('',#1955);
#1955 = CARTESIAN_POINT('',(-22.19522137164,2.765743301446,1.));
#1956 = VERTEX_POINT('',#1957);
#1957 = CARTESIAN_POINT('',(-22.19522137164,2.765743301446,2.));
#1958 = LINE('',#1959,#1960);
#1959 = CARTESIAN_POINT('',(-22.19522137164,2.765743301446,1.));
#1960 = VECTOR('',#1961,1.);
#1961 = DIRECTION('',(0.,0.,1.));
#1962 = ORIENTED_EDGE('',*,*,#1963,.T.);
#1963 = EDGE_CURVE('',#1956,#1923,#1964,.T.);
#1964 = B_SPLINE_CURVE_WITH_KNOTS('',2,(#1965,#1966,#1967),
  .UNSPECIFIED.,.F.,.F.,(3,3),(0.,1.),.PIECEWISE_BEZIER_KNOTS.);
#1965 = CARTESIAN_POINT('',(-22.19522137164,2.765743301446,2.));
#1966 = CARTESIAN_POINT('',(-22.37330542659,2.607244865576,2.));
#1967 = CARTESIAN_POINT('',(-22.46543037558,2.392528449018,2.));
#1968 = ORIENTED_EDGE('',*,*,#1920,.F.);
#1969 = ORIENTED_EDGE('',*,*,#1970,.F.);
#1970 = EDGE_CURVE('',#1954,#1921,#1971,.T.);
#1971 = B_SPLINE_CURVE_WITH_KNOTS('',2,(#1972,#1973,#1974),
  .UNSPECIFIED.,.F.,.F.,(3,3),(0.,1.),.PIECEWISE_BEZIER_KNOTS.);
#1972 = CARTESIAN_POINT('',(-22.19522137164,2.765743301446,1.));
#1973 = CARTESIAN_POINT('',(-22.37330542659,2.607244865576,1.));
#1974 = CARTESIAN_POINT('',(-22.46543037558,2.392528449018,1.));
#1975 = SURFACE_OF_LINEAR_EXTRUSION('',#1976,#1980);
#1976 = B_SPLINE_CURVE_WITH_KNOTS('',2,(#1977,#1978,#1979),
  .UNSPECIFIED.,.F.,.F.,(3,3),(0.,1.),.PIECEWISE_BEZIER_KNOTS.);
#1977 = CARTESIAN_POINT('',(-22.19522137164,2.765743301446,1.));
#1978 = CARTESIAN_POINT('',(-22.37330542659,2.607244865576,1.));
#1979 = CARTESIAN_POINT('',(-22.46543037558,2.392528449018,1.));
#1980 = VECTOR('',#1981,1.);
#1981 = DIRECTION('',(-0.,-0.,-1.));
#1982 = ADVANCED_FACE('',(#1983),#2008,.T.);
#1983 = FACE_BOUND('',#1984,.T.);
#1984 = EDGE_LOOP('',(#1985,#1995,#2001,#2002));
#1985 = ORIENTED_EDGE('',*,*,#1986,.T.);
#1986 = EDGE_CURVE('',#1987,#1989,#1991,.T.);
#1987 = VERTEX_POINT('',#1988);
#1988 = CARTESIAN_POINT('',(-21.75236876249,3.016366686313,1.));
#1989 = VERTEX_POINT('',#1990);
#1990 = CARTESIAN_POINT('',(-21.75236876249,3.016366686313,2.));
#1991 = LINE('',#1992,#1993);
#1992 = CARTESIAN_POINT('',(-21.75236876249,3.016366686313,1.));
#1993 = VECTOR('',#1994,1.);
#1994 = DIRECTION('',(0.,0.,1.));
#1995 = ORIENTED_EDGE('',*,*,#1996,.T.);
#1996 = EDGE_CURVE('',#1989,#1956,#1997,.T.);
#1997 = B_SPLINE_CURVE_WITH_KNOTS('',2,(#1998,#1999,#2000),
  .UNSPECIFIED.,.F.,.F.,(3,3),(0.,1.),.PIECEWISE_BEZIER_KNOTS.);
#1998 = CARTESIAN_POINT('',(-21.75236876249,3.016366686313,2.));
#1999 = CARTESIAN_POINT('',(-22.01677462004,2.924604433967,2.));
#2000 = CARTESIAN_POINT('',(-22.19522137164,2.765743301446,2.));
#2001 = ORIENTED_EDGE('',*,*,#1953,.F.);
#2002 = ORIENTED_EDGE('',*,*,#2003,.F.);
#2003 = EDGE_CURVE('',#1987,#1954,#2004,.T.);
#2004 = B_SPLINE_CURVE_WITH_KNOTS('',2,(#2005,#2006,#2007),
  .UNSPECIFIED.,.F.,.F.,(3,3),(0.,1.),.PIECEWISE_BEZIER_KNOTS.);
#2005 = CARTESIAN_POINT('',(-21.75236876249,3.016366686313,1.));
#2006 = CARTESIAN_POINT('',(-22.01677462004,2.924604433967,1.));
#2007 = CARTESIAN_POINT('',(-22.19522137164,2.765743301446,1.));
#2008 = SURFACE_OF_LINEAR_EXTRUSION('',#2009,#2013);
#2009 = B_SPLINE_CURVE_WITH_KNOTS('',2,(#2010,#2011,#2012),
  .UNSPECIFIED.,.F.,.F.,(3,3),(0.,1.),.PIECEWISE_BEZIER_KNOTS.);
#2010 = CARTESIAN_POINT('',(-21.75236876249,3.016366686313,1.));
#2011 = CARTESIAN_POINT('',(-22.01677462004,2.924604433967,1.));
#2012 = CARTESIAN_POINT('',(-22.19522137164,2.765743301446,1.));
#2013 = VECTOR('',#2014,1.);
#2014 = DIRECTION('',(-0.,-0.,-1.));
#2015 = ADVANCED_FACE('',(#2016),#2041,.T.);
#2016 = FACE_BOUND('',#2017,.T.);
#2017 = EDGE_LOOP('',(#2018,#2028,#2034,#2035));
#2018 = ORIENTED_EDGE('',*,*,#2019,.T.);
#2019 = EDGE_CURVE('',#2020,#2022,#2024,.T.);
#2020 = VERTEX_POINT('',#2021);
#2021 = CARTESIAN_POINT('',(-21.13650985148,3.108491635309,1.));
#2022 = VERTEX_POINT('',#2023);
#2023 = CARTESIAN_POINT('',(-21.13650985148,3.108491635309,2.));
#2024 = LINE('',#2025,#2026);
#2025 = CARTESIAN_POINT('',(-21.13650985148,3.108491635309,1.));
#2026 = VECTOR('',#2027,1.);
#2027 = DIRECTION('',(0.,0.,1.));
#2028 = ORIENTED_EDGE('',*,*,#2029,.T.);
#2029 = EDGE_CURVE('',#2022,#1989,#2030,.T.);
#2030 = B_SPLINE_CURVE_WITH_KNOTS('',2,(#2031,#2032,#2033),
  .UNSPECIFIED.,.F.,.F.,(3,3),(0.,1.),.PIECEWISE_BEZIER_KNOTS.);
#2031 = CARTESIAN_POINT('',(-21.13650985148,3.108491635309,2.));
#2032 = CARTESIAN_POINT('',(-21.48760020829,3.108491635309,2.));
#2033 = CARTESIAN_POINT('',(-21.75236876249,3.016366686313,2.));
#2034 = ORIENTED_EDGE('',*,*,#1986,.F.);
#2035 = ORIENTED_EDGE('',*,*,#2036,.F.);
#2036 = EDGE_CURVE('',#2020,#1987,#2037,.T.);
#2037 = B_SPLINE_CURVE_WITH_KNOTS('',2,(#2038,#2039,#2040),
  .UNSPECIFIED.,.F.,.F.,(3,3),(0.,1.),.PIECEWISE_BEZIER_KNOTS.);
#2038 = CARTESIAN_POINT('',(-21.13650985148,3.108491635309,1.));
#2039 = CARTESIAN_POINT('',(-21.48760020829,3.108491635309,1.));
#2040 = CARTESIAN_POINT('',(-21.75236876249,3.016366686313,1.));
#2041 = SURFACE_OF_LINEAR_EXTRUSION('',#2042,#2046);
#2042 = B_SPLINE_CURVE_WITH_KNOTS('',2,(#2043,#2044,#2045),
  .UNSPECIFIED.,.F.,.F.,(3,3),(0.,1.),.PIECEWISE_BEZIER_KNOTS.);
#2043 = CARTESIAN_POINT('',(-21.13650985148,3.108491635309,1.));
#2044 = CARTESIAN_POINT('',(-21.48760020829,3.108491635309,1.));
#2045 = CARTESIAN_POINT('',(-21.75236876249,3.016366686313,1.));
#2046 = VECTOR('',#2047,1.);
#2047 = DIRECTION('',(-0.,-0.,-1.));
#2048 = ADVANCED_FACE('',(#2049),#2074,.T.);
#2049 = FACE_BOUND('',#2050,.T.);
#2050 = EDGE_LOOP('',(#2051,#2061,#2067,#2068));
#2051 = ORIENTED_EDGE('',*,*,#2052,.T.);
#2052 = EDGE_CURVE('',#2053,#2055,#2057,.T.);
#2053 = VERTEX_POINT('',#2054);
#2054 = CARTESIAN_POINT('',(-20.49598756831,3.016366686313,1.));
#2055 = VERTEX_POINT('',#2056);
#2056 = CARTESIAN_POINT('',(-20.49598756831,3.016366686313,2.));
#2057 = LINE('',#2058,#2059);
#2058 = CARTESIAN_POINT('',(-20.49598756831,3.016366686313,1.));
#2059 = VECTOR('',#2060,1.);
#2060 = DIRECTION('',(0.,0.,1.));
#2061 = ORIENTED_EDGE('',*,*,#2062,.T.);
#2062 = EDGE_CURVE('',#2055,#2022,#2063,.T.);
#2063 = B_SPLINE_CURVE_WITH_KNOTS('',2,(#2064,#2065,#2066),
  .UNSPECIFIED.,.F.,.F.,(3,3),(0.,1.),.PIECEWISE_BEZIER_KNOTS.);
#2064 = CARTESIAN_POINT('',(-20.49598756831,3.016366686313,2.));
#2065 = CARTESIAN_POINT('',(-20.76329499906,3.108491635309,2.));
#2066 = CARTESIAN_POINT('',(-21.13650985148,3.108491635309,2.));
#2067 = ORIENTED_EDGE('',*,*,#2019,.F.);
#2068 = ORIENTED_EDGE('',*,*,#2069,.F.);
#2069 = EDGE_CURVE('',#2053,#2020,#2070,.T.);
#2070 = B_SPLINE_CURVE_WITH_KNOTS('',2,(#2071,#2072,#2073),
  .UNSPECIFIED.,.F.,.F.,(3,3),(0.,1.),.PIECEWISE_BEZIER_KNOTS.);
#2071 = CARTESIAN_POINT('',(-20.49598756831,3.016366686313,1.));
#2072 = CARTESIAN_POINT('',(-20.76329499906,3.108491635309,1.));
#2073 = CARTESIAN_POINT('',(-21.13650985148,3.108491635309,1.));
#2074 = SURFACE_OF_LINEAR_EXTRUSION('',#2075,#2079);
#2075 = B_SPLINE_CURVE_WITH_KNOTS('',2,(#2076,#2077,#2078),
  .UNSPECIFIED.,.F.,.F.,(3,3),(0.,1.),.PIECEWISE_BEZIER_KNOTS.);
#2076 = CARTESIAN_POINT('',(-20.49598756831,3.016366686313,1.));
#2077 = CARTESIAN_POINT('',(-20.76329499906,3.108491635309,1.));
#2078 = CARTESIAN_POINT('',(-21.13650985148,3.108491635309,1.));
#2079 = VECTOR('',#2080,1.);
#2080 = DIRECTION('',(-0.,-0.,-1.));
#2081 = ADVANCED_FACE('',(#2082),#2107,.T.);
#2082 = FACE_BOUND('',#2083,.T.);
#2083 = EDGE_LOOP('',(#2084,#2094,#2100,#2101));
#2084 = ORIENTED_EDGE('',*,*,#2085,.T.);
#2085 = EDGE_CURVE('',#2086,#2088,#2090,.T.);
#2086 = VERTEX_POINT('',#2087);
#2087 = CARTESIAN_POINT('',(-20.03608821663,2.810354989346,1.));
#2088 = VERTEX_POINT('',#2089);
#2089 = CARTESIAN_POINT('',(-20.03608821663,2.810354989346,2.));
#2090 = LINE('',#2091,#2092);
#2091 = CARTESIAN_POINT('',(-20.03608821663,2.810354989346,1.));
#2092 = VECTOR('',#2093,1.);
#2093 = DIRECTION('',(0.,0.,1.));
#2094 = ORIENTED_EDGE('',*,*,#2095,.T.);
#2095 = EDGE_CURVE('',#2088,#2055,#2096,.T.);
#2096 = B_SPLINE_CURVE_WITH_KNOTS('',2,(#2097,#2098,#2099),
  .UNSPECIFIED.,.F.,.F.,(3,3),(0.,1.),.PIECEWISE_BEZIER_KNOTS.);
#2097 = CARTESIAN_POINT('',(-20.03608821663,2.810354989346,2.));
#2098 = CARTESIAN_POINT('',(-20.22831744091,2.924604433967,2.));
#2099 = CARTESIAN_POINT('',(-20.49598756831,3.016366686313,2.));
#2100 = ORIENTED_EDGE('',*,*,#2052,.F.);
#2101 = ORIENTED_EDGE('',*,*,#2102,.F.);
#2102 = EDGE_CURVE('',#2086,#2053,#2103,.T.);
#2103 = B_SPLINE_CURVE_WITH_KNOTS('',2,(#2104,#2105,#2106),
  .UNSPECIFIED.,.F.,.F.,(3,3),(0.,1.),.PIECEWISE_BEZIER_KNOTS.);
#2104 = CARTESIAN_POINT('',(-20.03608821663,2.810354989346,1.));
#2105 = CARTESIAN_POINT('',(-20.22831744091,2.924604433967,1.));
#2106 = CARTESIAN_POINT('',(-20.49598756831,3.016366686313,1.));
#2107 = SURFACE_OF_LINEAR_EXTRUSION('',#2108,#2112);
#2108 = B_SPLINE_CURVE_WITH_KNOTS('',2,(#2109,#2110,#2111),
  .UNSPECIFIED.,.F.,.F.,(3,3),(0.,1.),.PIECEWISE_BEZIER_KNOTS.);
#2109 = CARTESIAN_POINT('',(-20.03608821663,2.810354989346,1.));
#2110 = CARTESIAN_POINT('',(-20.22831744091,2.924604433967,1.));
#2111 = CARTESIAN_POINT('',(-20.49598756831,3.016366686313,1.));
#2112 = VECTOR('',#2113,1.);
#2113 = DIRECTION('',(-0.,-0.,-1.));
#2114 = ADVANCED_FACE('',(#2115),#2140,.T.);
#2115 = FACE_BOUND('',#2116,.T.);
#2116 = EDGE_LOOP('',(#2117,#2127,#2133,#2134));
#2117 = ORIENTED_EDGE('',*,*,#2118,.T.);
#2118 = EDGE_CURVE('',#2119,#2121,#2123,.T.);
#2119 = VERTEX_POINT('',#2120);
#2120 = CARTESIAN_POINT('',(-19.71582707504,2.604343292379,1.));
#2121 = VERTEX_POINT('',#2122);
#2122 = CARTESIAN_POINT('',(-19.71582707504,2.604343292379,2.));
#2123 = LINE('',#2124,#2125);
#2124 = CARTESIAN_POINT('',(-19.71582707504,2.604343292379,1.));
#2125 = VECTOR('',#2126,1.);
#2126 = DIRECTION('',(0.,0.,1.));
#2127 = ORIENTED_EDGE('',*,*,#2128,.T.);
#2128 = EDGE_CURVE('',#2121,#2088,#2129,.T.);
#2129 = B_SPLINE_CURVE_WITH_KNOTS('',2,(#2130,#2131,#2132),
  .UNSPECIFIED.,.F.,.F.,(3,3),(0.,1.),.PIECEWISE_BEZIER_KNOTS.);
#2130 = CARTESIAN_POINT('',(-19.71582707504,2.604343292379,2.));
#2131 = CARTESIAN_POINT('',(-19.84385899235,2.696468241375,2.));
#2132 = CARTESIAN_POINT('',(-20.03608821663,2.810354989346,2.));
#2133 = ORIENTED_EDGE('',*,*,#2085,.F.);
#2134 = ORIENTED_EDGE('',*,*,#2135,.F.);
#2135 = EDGE_CURVE('',#2119,#2086,#2136,.T.);
#2136 = B_SPLINE_CURVE_WITH_KNOTS('',2,(#2137,#2138,#2139),
  .UNSPECIFIED.,.F.,.F.,(3,3),(0.,1.),.PIECEWISE_BEZIER_KNOTS.);
#2137 = CARTESIAN_POINT('',(-19.71582707504,2.604343292379,1.));
#2138 = CARTESIAN_POINT('',(-19.84385899235,2.696468241375,1.));
#2139 = CARTESIAN_POINT('',(-20.03608821663,2.810354989346,1.));
#2140 = SURFACE_OF_LINEAR_EXTRUSION('',#2141,#2145);
#2141 = B_SPLINE_CURVE_WITH_KNOTS('',2,(#2142,#2143,#2144),
  .UNSPECIFIED.,.F.,.F.,(3,3),(0.,1.),.PIECEWISE_BEZIER_KNOTS.);
#2142 = CARTESIAN_POINT('',(-19.71582707504,2.604343292379,1.));
#2143 = CARTESIAN_POINT('',(-19.84385899235,2.696468241375,1.));
#2144 = CARTESIAN_POINT('',(-20.03608821663,2.810354989346,1.));
#2145 = VECTOR('',#2146,1.);
#2146 = DIRECTION('',(-0.,-0.,-1.));
#2147 = ADVANCED_FACE('',(#2148),#2173,.T.);
#2148 = FACE_BOUND('',#2149,.T.);
#2149 = EDGE_LOOP('',(#2150,#2160,#2166,#2167));
#2150 = ORIENTED_EDGE('',*,*,#2151,.T.);
#2151 = EDGE_CURVE('',#2152,#2154,#2156,.T.);
#2152 = VERTEX_POINT('',#2153);
#2153 = CARTESIAN_POINT('',(-19.4873281858,2.512581040033,1.));
#2154 = VERTEX_POINT('',#2155);
#2155 = CARTESIAN_POINT('',(-19.4873281858,2.512581040033,2.));
#2156 = LINE('',#2157,#2158);
#2157 = CARTESIAN_POINT('',(-19.4873281858,2.512581040033,1.));
#2158 = VECTOR('',#2159,1.);
#2159 = DIRECTION('',(0.,0.,1.));
#2160 = ORIENTED_EDGE('',*,*,#2161,.T.);
#2161 = EDGE_CURVE('',#2154,#2121,#2162,.T.);
#2162 = B_SPLINE_CURVE_WITH_KNOTS('',2,(#2163,#2164,#2165),
  .UNSPECIFIED.,.F.,.F.,(3,3),(0.,1.),.PIECEWISE_BEZIER_KNOTS.);
#2163 = CARTESIAN_POINT('',(-19.4873281858,2.512581040033,2.));
#2164 = CARTESIAN_POINT('',(-19.58779515774,2.512581040033,2.));
#2165 = CARTESIAN_POINT('',(-19.71582707504,2.604343292379,2.));
#2166 = ORIENTED_EDGE('',*,*,#2118,.F.);
#2167 = ORIENTED_EDGE('',*,*,#2168,.F.);
#2168 = EDGE_CURVE('',#2152,#2119,#2169,.T.);
#2169 = B_SPLINE_CURVE_WITH_KNOTS('',2,(#2170,#2171,#2172),
  .UNSPECIFIED.,.F.,.F.,(3,3),(0.,1.),.PIECEWISE_BEZIER_KNOTS.);
#2170 = CARTESIAN_POINT('',(-19.4873281858,2.512581040033,1.));
#2171 = CARTESIAN_POINT('',(-19.58779515774,2.512581040033,1.));
#2172 = CARTESIAN_POINT('',(-19.71582707504,2.604343292379,1.));
#2173 = SURFACE_OF_LINEAR_EXTRUSION('',#2174,#2178);
#2174 = B_SPLINE_CURVE_WITH_KNOTS('',2,(#2175,#2176,#2177),
  .UNSPECIFIED.,.F.,.F.,(3,3),(0.,1.),.PIECEWISE_BEZIER_KNOTS.);
#2175 = CARTESIAN_POINT('',(-19.4873281858,2.512581040033,1.));
#2176 = CARTESIAN_POINT('',(-19.58779515774,2.512581040033,1.));
#2177 = CARTESIAN_POINT('',(-19.71582707504,2.604343292379,1.));
#2178 = VECTOR('',#2179,1.);
#2179 = DIRECTION('',(-0.,-0.,-1.));
#2180 = ADVANCED_FACE('',(#2181),#2197,.T.);
#2181 = FACE_BOUND('',#2182,.T.);
#2182 = EDGE_LOOP('',(#2183,#2184,#2190,#2191));
#2183 = ORIENTED_EDGE('',*,*,#514,.T.);
#2184 = ORIENTED_EDGE('',*,*,#2185,.T.);
#2185 = EDGE_CURVE('',#507,#2154,#2186,.T.);
#2186 = B_SPLINE_CURVE_WITH_KNOTS('',2,(#2187,#2188,#2189),
  .UNSPECIFIED.,.F.,.F.,(3,3),(0.,1.),.PIECEWISE_BEZIER_KNOTS.);
#2187 = CARTESIAN_POINT('',(-19.33136862648,2.557192727932,2.));
#2188 = CARTESIAN_POINT('',(-19.39266436026,2.512581040033,2.));
#2189 = CARTESIAN_POINT('',(-19.4873281858,2.512581040033,2.));
#2190 = ORIENTED_EDGE('',*,*,#2151,.F.);
#2191 = ORIENTED_EDGE('',*,*,#2192,.F.);
#2192 = EDGE_CURVE('',#515,#2152,#2193,.T.);
#2193 = B_SPLINE_CURVE_WITH_KNOTS('',2,(#2194,#2195,#2196),
  .UNSPECIFIED.,.F.,.F.,(3,3),(0.,1.),.PIECEWISE_BEZIER_KNOTS.);
#2194 = CARTESIAN_POINT('',(-19.33136862648,2.557192727932,1.));
#2195 = CARTESIAN_POINT('',(-19.39266436026,2.512581040033,1.));
#2196 = CARTESIAN_POINT('',(-19.4873281858,2.512581040033,1.));
#2197 = SURFACE_OF_LINEAR_EXTRUSION('',#2198,#2202);
#2198 = B_SPLINE_CURVE_WITH_KNOTS('',2,(#2199,#2200,#2201),
  .UNSPECIFIED.,.F.,.F.,(3,3),(0.,1.),.PIECEWISE_BEZIER_KNOTS.);
#2199 = CARTESIAN_POINT('',(-19.33136862648,2.557192727932,1.));
#2200 = CARTESIAN_POINT('',(-19.39266436026,2.512581040033,1.));
#2201 = CARTESIAN_POINT('',(-19.4873281858,2.512581040033,1.));
#2202 = VECTOR('',#2203,1.);
#2203 = DIRECTION('',(-0.,-0.,-1.));
#2204 = ADVANCED_FACE('',(#2205),#2259,.F.);
#2205 = FACE_BOUND('',#2206,.F.);
#2206 = EDGE_LOOP('',(#2207,#2208,#2209,#2210,#2211,#2212,#2213,#2214,
    #2215,#2216,#2217,#2218,#2219,#2220,#2221,#2222,#2223,#2224,#2225,
    #2226,#2227,#2228,#2229,#2230,#2231,#2232,#2233,#2234,#2235,#2236,
    #2237,#2238,#2239,#2240,#2241,#2242,#2243,#2244,#2245,#2246,#2247,
    #2248,#2249,#2250,#2251,#2252,#2253,#2254,#2255,#2256,#2257,#2258));
#2207 = ORIENTED_EDGE('',*,*,#522,.F.);
#2208 = ORIENTED_EDGE('',*,*,#555,.F.);
#2209 = ORIENTED_EDGE('',*,*,#586,.F.);
#2210 = ORIENTED_EDGE('',*,*,#619,.F.);
#2211 = ORIENTED_EDGE('',*,*,#652,.F.);
#2212 = ORIENTED_EDGE('',*,*,#685,.F.);
#2213 = ORIENTED_EDGE('',*,*,#718,.F.);
#2214 = ORIENTED_EDGE('',*,*,#751,.F.);
#2215 = ORIENTED_EDGE('',*,*,#784,.F.);
#2216 = ORIENTED_EDGE('',*,*,#817,.F.);
#2217 = ORIENTED_EDGE('',*,*,#850,.F.);
#2218 = ORIENTED_EDGE('',*,*,#883,.F.);
#2219 = ORIENTED_EDGE('',*,*,#916,.F.);
#2220 = ORIENTED_EDGE('',*,*,#949,.F.);
#2221 = ORIENTED_EDGE('',*,*,#982,.F.);
#2222 = ORIENTED_EDGE('',*,*,#1015,.F.);
#2223 = ORIENTED_EDGE('',*,*,#1048,.F.);
#2224 = ORIENTED_EDGE('',*,*,#1081,.F.);
#2225 = ORIENTED_EDGE('',*,*,#1114,.F.);
#2226 = ORIENTED_EDGE('',*,*,#1147,.F.);
#2227 = ORIENTED_EDGE('',*,*,#1180,.F.);
#2228 = ORIENTED_EDGE('',*,*,#1213,.F.);
#2229 = ORIENTED_EDGE('',*,*,#1246,.F.);
#2230 = ORIENTED_EDGE('',*,*,#1279,.F.);
#2231 = ORIENTED_EDGE('',*,*,#1312,.F.);
#2232 = ORIENTED_EDGE('',*,*,#1345,.F.);
#2233 = ORIENTED_EDGE('',*,*,#1378,.F.);
#2234 = ORIENTED_EDGE('',*,*,#1409,.F.);
#2235 = ORIENTED_EDGE('',*,*,#1442,.F.);
#2236 = ORIENTED_EDGE('',*,*,#1475,.F.);
#2237 = ORIENTED_EDGE('',*,*,#1508,.F.);
#2238 = ORIENTED_EDGE('',*,*,#1541,.F.);
#2239 = ORIENTED_EDGE('',*,*,#1574,.F.);
#2240 = ORIENTED_EDGE('',*,*,#1607,.F.);
#2241 = ORIENTED_EDGE('',*,*,#1640,.F.);
#2242 = ORIENTED_EDGE('',*,*,#1673,.F.);
#2243 = ORIENTED_EDGE('',*,*,#1706,.F.);
#2244 = ORIENTED_EDGE('',*,*,#1739,.F.);
#2245 = ORIENTED_EDGE('',*,*,#1772,.F.);
#2246 = ORIENTED_EDGE('',*,*,#1805,.F.);
#2247 = ORIENTED_EDGE('',*,*,#1838,.F.);
#2248 = ORIENTED_EDGE('',*,*,#1871,.F.);
#2249 = ORIENTED_EDGE('',*,*,#1904,.F.);
#2250 = ORIENTED_EDGE('',*,*,#1937,.F.);
#2251 = ORIENTED_EDGE('',*,*,#1970,.F.);
#2252 = ORIENTED_EDGE('',*,*,#2003,.F.);
#2253 = ORIENTED_EDGE('',*,*,#2036,.F.);
#2254 = ORIENTED_EDGE('',*,*,#2069,.F.);
#2255 = ORIENTED_EDGE('',*,*,#2102,.F.);
#2256 = ORIENTED_EDGE('',*,*,#2135,.F.);
#2257 = ORIENTED_EDGE('',*,*,#2168,.F.);
#2258 = ORIENTED_EDGE('',*,*,#2192,.F.);
#2259 = PLANE('',#2260);
#2260 = AXIS2_PLACEMENT_3D('',#2261,#2262,#2263);
#2261 = CARTESIAN_POINT('',(-21.28425554041,-5.84392173669E-02,1.));
#2262 = DIRECTION('',(0.,0.,1.));
#2263 = DIRECTION('',(1.,0.,0.));
#2264 = ADVANCED_FACE('',(#2265),#2319,.T.);
#2265 = FACE_BOUND('',#2266,.T.);
#2266 = EDGE_LOOP('',(#2267,#2268,#2269,#2270,#2271,#2272,#2273,#2274,
    #2275,#2276,#2277,#2278,#2279,#2280,#2281,#2282,#2283,#2284,#2285,
    #2286,#2287,#2288,#2289,#2290,#2291,#2292,#2293,#2294,#2295,#2296,
    #2297,#2298,#2299,#2300,#2301,#2302,#2303,#2304,#2305,#2306,#2307,
    #2308,#2309,#2310,#2311,#2312,#2313,#2314,#2315,#2316,#2317,#2318));
#2267 = ORIENTED_EDGE('',*,*,#506,.F.);
#2268 = ORIENTED_EDGE('',*,*,#548,.F.);
#2269 = ORIENTED_EDGE('',*,*,#579,.F.);
#2270 = ORIENTED_EDGE('',*,*,#612,.F.);
#2271 = ORIENTED_EDGE('',*,*,#645,.F.);
#2272 = ORIENTED_EDGE('',*,*,#678,.F.);
#2273 = ORIENTED_EDGE('',*,*,#711,.F.);
#2274 = ORIENTED_EDGE('',*,*,#744,.F.);
#2275 = ORIENTED_EDGE('',*,*,#777,.F.);
#2276 = ORIENTED_EDGE('',*,*,#810,.F.);
#2277 = ORIENTED_EDGE('',*,*,#843,.F.);
#2278 = ORIENTED_EDGE('',*,*,#876,.F.);
#2279 = ORIENTED_EDGE('',*,*,#909,.F.);
#2280 = ORIENTED_EDGE('',*,*,#942,.F.);
#2281 = ORIENTED_EDGE('',*,*,#975,.F.);
#2282 = ORIENTED_EDGE('',*,*,#1008,.F.);
#2283 = ORIENTED_EDGE('',*,*,#1041,.F.);
#2284 = ORIENTED_EDGE('',*,*,#1074,.F.);
#2285 = ORIENTED_EDGE('',*,*,#1107,.F.);
#2286 = ORIENTED_EDGE('',*,*,#1140,.F.);
#2287 = ORIENTED_EDGE('',*,*,#1173,.F.);
#2288 = ORIENTED_EDGE('',*,*,#1206,.F.);
#2289 = ORIENTED_EDGE('',*,*,#1239,.F.);
#2290 = ORIENTED_EDGE('',*,*,#1272,.F.);
#2291 = ORIENTED_EDGE('',*,*,#1305,.F.);
#2292 = ORIENTED_EDGE('',*,*,#1338,.F.);
#2293 = ORIENTED_EDGE('',*,*,#1371,.F.);
#2294 = ORIENTED_EDGE('',*,*,#1402,.F.);
#2295 = ORIENTED_EDGE('',*,*,#1435,.F.);
#2296 = ORIENTED_EDGE('',*,*,#1468,.F.);
#2297 = ORIENTED_EDGE('',*,*,#1501,.F.);
#2298 = ORIENTED_EDGE('',*,*,#1534,.F.);
#2299 = ORIENTED_EDGE('',*,*,#1567,.F.);
#2300 = ORIENTED_EDGE('',*,*,#1600,.F.);
#2301 = ORIENTED_EDGE('',*,*,#1633,.F.);
#2302 = ORIENTED_EDGE('',*,*,#1666,.F.);
#2303 = ORIENTED_EDGE('',*,*,#1699,.F.);
#2304 = ORIENTED_EDGE('',*,*,#1732,.F.);
#2305 = ORIENTED_EDGE('',*,*,#1765,.F.);
#2306 = ORIENTED_EDGE('',*,*,#1798,.F.);
#2307 = ORIENTED_EDGE('',*,*,#1831,.F.);
#2308 = ORIENTED_EDGE('',*,*,#1864,.F.);
#2309 = ORIENTED_EDGE('',*,*,#1897,.F.);
#2310 = ORIENTED_EDGE('',*,*,#1930,.F.);
#2311 = ORIENTED_EDGE('',*,*,#1963,.F.);
#2312 = ORIENTED_EDGE('',*,*,#1996,.F.);
#2313 = ORIENTED_EDGE('',*,*,#2029,.F.);
#2314 = ORIENTED_EDGE('',*,*,#2062,.F.);
#2315 = ORIENTED_EDGE('',*,*,#2095,.F.);
#2316 = ORIENTED_EDGE('',*,*,#2128,.F.);
#2317 = ORIENTED_EDGE('',*,*,#2161,.F.);
#2318 = ORIENTED_EDGE('',*,*,#2185,.F.);
#2319 = PLANE('',#2320);
#2320 = AXIS2_PLACEMENT_3D('',#2321,#2322,#2323);
#2321 = CARTESIAN_POINT('',(-21.28425554041,-5.84392173669E-02,2.));
#2322 = DIRECTION('',(0.,0.,1.));
#2323 = DIRECTION('',(1.,0.,0.));
#2324 = MANIFOLD_SOLID_BREP('',#2325);
#2325 = CLOSED_SHELL('',(#2326,#2368,#2401,#2434,#2467,#2500,#2531,#2562
    ,#2593,#2626,#2659,#2692,#2725,#2758,#2791,#2824,#2857,#2888,#2919,
    #2950,#2983,#3016,#3040,#3070));
#2326 = ADVANCED_FACE('',(#2327),#2361,.T.);
#2327 = FACE_BOUND('',#2328,.T.);
#2328 = EDGE_LOOP('',(#2329,#2339,#2347,#2355));
#2329 = ORIENTED_EDGE('',*,*,#2330,.T.);
#2330 = EDGE_CURVE('',#2331,#2333,#2335,.T.);
#2331 = VERTEX_POINT('',#2332);
#2332 = CARTESIAN_POINT('',(-14.17563575256,-3.047195901528,1.));
#2333 = VERTEX_POINT('',#2334);
#2334 = CARTESIAN_POINT('',(-14.17563575256,-3.047195901528,2.));
#2335 = LINE('',#2336,#2337);
#2336 = CARTESIAN_POINT('',(-14.17563575256,-3.047195901528,1.));
#2337 = VECTOR('',#2338,1.);
#2338 = DIRECTION('',(0.,0.,1.));
#2339 = ORIENTED_EDGE('',*,*,#2340,.T.);
#2340 = EDGE_CURVE('',#2333,#2341,#2343,.T.);
#2341 = VERTEX_POINT('',#2342);
#2342 = CARTESIAN_POINT('',(-13.31785817628,-2.88579589246,2.));
#2343 = B_SPLINE_CURVE_WITH_KNOTS('',2,(#2344,#2345,#2346),
  .UNSPECIFIED.,.F.,.F.,(3,3),(0.,1.),.PIECEWISE_BEZIER_KNOTS.);
#2344 = CARTESIAN_POINT('',(-14.17563575256,-3.047195901528,2.));
#2345 = CARTESIAN_POINT('',(-13.69651347845,-3.047195901528,2.));
#2346 = CARTESIAN_POINT('',(-13.31785817628,-2.88579589246,2.));
#2347 = ORIENTED_EDGE('',*,*,#2348,.F.);
#2348 = EDGE_CURVE('',#2349,#2341,#2351,.T.);
#2349 = VERTEX_POINT('',#2350);
#2350 = CARTESIAN_POINT('',(-13.31785817628,-2.88579589246,1.));
#2351 = LINE('',#2352,#2353);
#2352 = CARTESIAN_POINT('',(-13.31785817628,-2.88579589246,1.));
#2353 = VECTOR('',#2354,1.);
#2354 = DIRECTION('',(0.,0.,1.));
#2355 = ORIENTED_EDGE('',*,*,#2356,.F.);
#2356 = EDGE_CURVE('',#2331,#2349,#2357,.T.);
#2357 = B_SPLINE_CURVE_WITH_KNOTS('',2,(#2358,#2359,#2360),
  .UNSPECIFIED.,.F.,.F.,(3,3),(0.,1.),.PIECEWISE_BEZIER_KNOTS.);
#2358 = CARTESIAN_POINT('',(-14.17563575256,-3.047195901528,1.));
#2359 = CARTESIAN_POINT('',(-13.69651347845,-3.047195901528,1.));
#2360 = CARTESIAN_POINT('',(-13.31785817628,-2.88579589246,1.));
#2361 = SURFACE_OF_LINEAR_EXTRUSION('',#2362,#2366);
#2362 = B_SPLINE_CURVE_WITH_KNOTS('',2,(#2363,#2364,#2365),
  .UNSPECIFIED.,.F.,.F.,(3,3),(0.,1.),.PIECEWISE_BEZIER_KNOTS.);
#2363 = CARTESIAN_POINT('',(-14.17563575256,-3.047195901528,1.));
#2364 = CARTESIAN_POINT('',(-13.69651347845,-3.047195901528,1.));
#2365 = CARTESIAN_POINT('',(-13.31785817628,-2.88579589246,1.));
#2366 = VECTOR('',#2367,1.);
#2367 = DIRECTION('',(-0.,-0.,-1.));
#2368 = ADVANCED_FACE('',(#2369),#2394,.T.);
#2369 = FACE_BOUND('',#2370,.T.);
#2370 = EDGE_LOOP('',(#2371,#2381,#2387,#2388));
#2371 = ORIENTED_EDGE('',*,*,#2372,.T.);
#2372 = EDGE_CURVE('',#2373,#2375,#2377,.T.);
#2373 = VERTEX_POINT('',#2374);
#2374 = CARTESIAN_POINT('',(-15.03377602549,-2.88579589246,1.));
#2375 = VERTEX_POINT('',#2376);
#2376 = CARTESIAN_POINT('',(-15.03377602549,-2.88579589246,2.));
#2377 = LINE('',#2378,#2379);
#2378 = CARTESIAN_POINT('',(-15.03377602549,-2.88579589246,1.));
#2379 = VECTOR('',#2380,1.);
#2380 = DIRECTION('',(0.,0.,1.));
#2381 = ORIENTED_EDGE('',*,*,#2382,.T.);
#2382 = EDGE_CURVE('',#2375,#2333,#2383,.T.);
#2383 = B_SPLINE_CURVE_WITH_KNOTS('',2,(#2384,#2385,#2386),
  .UNSPECIFIED.,.F.,.F.,(3,3),(0.,1.),.PIECEWISE_BEZIER_KNOTS.);
#2384 = CARTESIAN_POINT('',(-15.03377602549,-2.88579589246,2.));
#2385 = CARTESIAN_POINT('',(-14.65475802667,-3.047195901528,2.));
#2386 = CARTESIAN_POINT('',(-14.17563575256,-3.047195901528,2.));
#2387 = ORIENTED_EDGE('',*,*,#2330,.F.);
#2388 = ORIENTED_EDGE('',*,*,#2389,.F.);
#2389 = EDGE_CURVE('',#2373,#2331,#2390,.T.);
#2390 = B_SPLINE_CURVE_WITH_KNOTS('',2,(#2391,#2392,#2393),
  .UNSPECIFIED.,.F.,.F.,(3,3),(0.,1.),.PIECEWISE_BEZIER_KNOTS.);
#2391 = CARTESIAN_POINT('',(-15.03377602549,-2.88579589246,1.));
#2392 = CARTESIAN_POINT('',(-14.65475802667,-3.047195901528,1.));
#2393 = CARTESIAN_POINT('',(-14.17563575256,-3.047195901528,1.));
#2394 = SURFACE_OF_LINEAR_EXTRUSION('',#2395,#2399);
#2395 = B_SPLINE_CURVE_WITH_KNOTS('',2,(#2396,#2397,#2398),
  .UNSPECIFIED.,.F.,.F.,(3,3),(0.,1.),.PIECEWISE_BEZIER_KNOTS.);
#2396 = CARTESIAN_POINT('',(-15.03377602549,-2.88579589246,1.));
#2397 = CARTESIAN_POINT('',(-14.65475802667,-3.047195901528,1.));
#2398 = CARTESIAN_POINT('',(-14.17563575256,-3.047195901528,1.));
#2399 = VECTOR('',#2400,1.);
#2400 = DIRECTION('',(-0.,-0.,-1.));
#2401 = ADVANCED_FACE('',(#2402),#2427,.T.);
#2402 = FACE_BOUND('',#2403,.T.);
#2403 = EDGE_LOOP('',(#2404,#2414,#2420,#2421));
#2404 = ORIENTED_EDGE('',*,*,#2405,.T.);
#2405 = EDGE_CURVE('',#2406,#2408,#2410,.T.);
#2406 = VERTEX_POINT('',#2407);
#2407 = CARTESIAN_POINT('',(-15.67429830866,-2.432062383824,1.));
#2408 = VERTEX_POINT('',#2409);
#2409 = CARTESIAN_POINT('',(-15.67429830866,-2.432062383824,2.));
#2410 = LINE('',#2411,#2412);
#2411 = CARTESIAN_POINT('',(-15.67429830866,-2.432062383824,1.));
#2412 = VECTOR('',#2413,1.);
#2413 = DIRECTION('',(0.,0.,1.));
#2414 = ORIENTED_EDGE('',*,*,#2415,.T.);
#2415 = EDGE_CURVE('',#2408,#2375,#2416,.T.);
#2416 = B_SPLINE_CURVE_WITH_KNOTS('',2,(#2417,#2418,#2419),
  .UNSPECIFIED.,.F.,.F.,(3,3),(0.,1.),.PIECEWISE_BEZIER_KNOTS.);
#2417 = CARTESIAN_POINT('',(-15.67429830866,-2.432062383824,2.));
#2418 = CARTESIAN_POINT('',(-15.41243132766,-2.724395883393,2.));
#2419 = CARTESIAN_POINT('',(-15.03377602549,-2.88579589246,2.));
#2420 = ORIENTED_EDGE('',*,*,#2372,.F.);
#2421 = ORIENTED_EDGE('',*,*,#2422,.F.);
#2422 = EDGE_CURVE('',#2406,#2373,#2423,.T.);
#2423 = B_SPLINE_CURVE_WITH_KNOTS('',2,(#2424,#2425,#2426),
  .UNSPECIFIED.,.F.,.F.,(3,3),(0.,1.),.PIECEWISE_BEZIER_KNOTS.);
#2424 = CARTESIAN_POINT('',(-15.67429830866,-2.432062383824,1.));
#2425 = CARTESIAN_POINT('',(-15.41243132766,-2.724395883393,1.));
#2426 = CARTESIAN_POINT('',(-15.03377602549,-2.88579589246,1.));
#2427 = SURFACE_OF_LINEAR_EXTRUSION('',#2428,#2432);
#2428 = B_SPLINE_CURVE_WITH_KNOTS('',2,(#2429,#2430,#2431),
  .UNSPECIFIED.,.F.,.F.,(3,3),(0.,1.),.PIECEWISE_BEZIER_KNOTS.);
#2429 = CARTESIAN_POINT('',(-15.67429830866,-2.432062383824,1.));
#2430 = CARTESIAN_POINT('',(-15.41243132766,-2.724395883393,1.));
#2431 = CARTESIAN_POINT('',(-15.03377602549,-2.88579589246,1.));
#2432 = VECTOR('',#2433,1.);
#2433 = DIRECTION('',(-0.,-0.,-1.));
#2434 = ADVANCED_FACE('',(#2435),#2460,.T.);
#2435 = FACE_BOUND('',#2436,.T.);
#2436 = EDGE_LOOP('',(#2437,#2447,#2453,#2454));
#2437 = ORIENTED_EDGE('',*,*,#2438,.T.);
#2438 = EDGE_CURVE('',#2439,#2441,#2443,.T.);
#2439 = VERTEX_POINT('',#2440);
#2440 = CARTESIAN_POINT('',(-16.07253922991,-1.732783243415,1.));
#2441 = VERTEX_POINT('',#2442);
#2442 = CARTESIAN_POINT('',(-16.07253922991,-1.732783243415,2.));
#2443 = LINE('',#2444,#2445);
#2444 = CARTESIAN_POINT('',(-16.07253922991,-1.732783243415,1.));
#2445 = VECTOR('',#2446,1.);
#2446 = DIRECTION('',(0.,0.,1.));
#2447 = ORIENTED_EDGE('',*,*,#2448,.T.);
#2448 = EDGE_CURVE('',#2441,#2408,#2449,.T.);
#2449 = B_SPLINE_CURVE_WITH_KNOTS('',2,(#2450,#2451,#2452),
  .UNSPECIFIED.,.F.,.F.,(3,3),(0.,1.),.PIECEWISE_BEZIER_KNOTS.);
#2450 = CARTESIAN_POINT('',(-16.07253922991,-1.732783243415,2.));
#2451 = CARTESIAN_POINT('',(-15.93580259302,-2.139366187605,2.));
#2452 = CARTESIAN_POINT('',(-15.67429830866,-2.432062383824,2.));
#2453 = ORIENTED_EDGE('',*,*,#2405,.F.);
#2454 = ORIENTED_EDGE('',*,*,#2455,.F.);
#2455 = EDGE_CURVE('',#2439,#2406,#2456,.T.);
#2456 = B_SPLINE_CURVE_WITH_KNOTS('',2,(#2457,#2458,#2459),
  .UNSPECIFIED.,.F.,.F.,(3,3),(0.,1.),.PIECEWISE_BEZIER_KNOTS.);
#2457 = CARTESIAN_POINT('',(-16.07253922991,-1.732783243415,1.));
#2458 = CARTESIAN_POINT('',(-15.93580259302,-2.139366187605,1.));
#2459 = CARTESIAN_POINT('',(-15.67429830866,-2.432062383824,1.));
#2460 = SURFACE_OF_LINEAR_EXTRUSION('',#2461,#2465);
#2461 = B_SPLINE_CURVE_WITH_KNOTS('',2,(#2462,#2463,#2464),
  .UNSPECIFIED.,.F.,.F.,(3,3),(0.,1.),.PIECEWISE_BEZIER_KNOTS.);
#2462 = CARTESIAN_POINT('',(-16.07253922991,-1.732783243415,1.));
#2463 = CARTESIAN_POINT('',(-15.93580259302,-2.139366187605,1.));
#2464 = CARTESIAN_POINT('',(-15.67429830866,-2.432062383824,1.));
#2465 = VECTOR('',#2466,1.);
#2466 = DIRECTION('',(-0.,-0.,-1.));
#2467 = ADVANCED_FACE('',(#2468),#2493,.T.);
#2468 = FACE_BOUND('',#2469,.T.);
#2469 = EDGE_LOOP('',(#2470,#2480,#2486,#2487));
#2470 = ORIENTED_EDGE('',*,*,#2471,.T.);
#2471 = EDGE_CURVE('',#2472,#2474,#2476,.T.);
#2472 = VERTEX_POINT('',#2473);
#2473 = CARTESIAN_POINT('',(-16.20891317016,-0.835834428979,1.));
#2474 = VERTEX_POINT('',#2475);
#2475 = CARTESIAN_POINT('',(-16.20891317016,-0.835834428979,2.));
#2476 = LINE('',#2477,#2478);
#2477 = CARTESIAN_POINT('',(-16.20891317016,-0.835834428979,1.));
#2478 = VECTOR('',#2479,1.);
#2479 = DIRECTION('',(0.,0.,1.));
#2480 = ORIENTED_EDGE('',*,*,#2481,.T.);
#2481 = EDGE_CURVE('',#2474,#2441,#2482,.T.);
#2482 = B_SPLINE_CURVE_WITH_KNOTS('',2,(#2483,#2484,#2485),
  .UNSPECIFIED.,.F.,.F.,(3,3),(0.,1.),.PIECEWISE_BEZIER_KNOTS.);
#2483 = CARTESIAN_POINT('',(-16.20891317016,-0.835834428979,2.));
#2484 = CARTESIAN_POINT('',(-16.20891317016,-1.325837602575,2.));
#2485 = CARTESIAN_POINT('',(-16.07253922991,-1.732783243415,2.));
#2486 = ORIENTED_EDGE('',*,*,#2438,.F.);
#2487 = ORIENTED_EDGE('',*,*,#2488,.F.);
#2488 = EDGE_CURVE('',#2472,#2439,#2489,.T.);
#2489 = B_SPLINE_CURVE_WITH_KNOTS('',2,(#2490,#2491,#2492),
  .UNSPECIFIED.,.F.,.F.,(3,3),(0.,1.),.PIECEWISE_BEZIER_KNOTS.);
#2490 = CARTESIAN_POINT('',(-16.20891317016,-0.835834428979,1.));
#2491 = CARTESIAN_POINT('',(-16.20891317016,-1.325837602575,1.));
#2492 = CARTESIAN_POINT('',(-16.07253922991,-1.732783243415,1.));
#2493 = SURFACE_OF_LINEAR_EXTRUSION('',#2494,#2498);
#2494 = B_SPLINE_CURVE_WITH_KNOTS('',2,(#2495,#2496,#2497),
  .UNSPECIFIED.,.F.,.F.,(3,3),(0.,1.),.PIECEWISE_BEZIER_KNOTS.);
#2495 = CARTESIAN_POINT('',(-16.20891317016,-0.835834428979,1.));
#2496 = CARTESIAN_POINT('',(-16.20891317016,-1.325837602575,1.));
#2497 = CARTESIAN_POINT('',(-16.07253922991,-1.732783243415,1.));
#2498 = VECTOR('',#2499,1.);
#2499 = DIRECTION('',(-0.,-0.,-1.));
#2500 = ADVANCED_FACE('',(#2501),#2526,.T.);
#2501 = FACE_BOUND('',#2502,.T.);
#2502 = EDGE_LOOP('',(#2503,#2513,#2519,#2520));
#2503 = ORIENTED_EDGE('',*,*,#2504,.T.);
#2504 = EDGE_CURVE('',#2505,#2507,#2509,.T.);
#2505 = VERTEX_POINT('',#2506);
#2506 = CARTESIAN_POINT('',(-16.20891317016,4.,1.));
#2507 = VERTEX_POINT('',#2508);
#2508 = CARTESIAN_POINT('',(-16.20891317016,4.,2.));
#2509 = LINE('',#2510,#2511);
#2510 = CARTESIAN_POINT('',(-16.20891317016,4.,1.));
#2511 = VECTOR('',#2512,1.);
#2512 = DIRECTION('',(0.,0.,1.));
#2513 = ORIENTED_EDGE('',*,*,#2514,.T.);
#2514 = EDGE_CURVE('',#2507,#2474,#2515,.T.);
#2515 = LINE('',#2516,#2517);
#2516 = CARTESIAN_POINT('',(-16.20891317016,4.,2.));
#2517 = VECTOR('',#2518,1.);
#2518 = DIRECTION('',(0.,-1.,0.));
#2519 = ORIENTED_EDGE('',*,*,#2471,.F.);
#2520 = ORIENTED_EDGE('',*,*,#2521,.F.);
#2521 = EDGE_CURVE('',#2505,#2472,#2522,.T.);
#2522 = LINE('',#2523,#2524);
#2523 = CARTESIAN_POINT('',(-16.20891317016,4.,1.));
#2524 = VECTOR('',#2525,1.);
#2525 = DIRECTION('',(0.,-1.,0.));
#2526 = PLANE('',#2527);
#2527 = AXIS2_PLACEMENT_3D('',#2528,#2529,#2530);
#2528 = CARTESIAN_POINT('',(-16.20891317016,4.,1.));
#2529 = DIRECTION('',(1.,0.,-0.));
#2530 = DIRECTION('',(0.,-1.,0.));
#2531 = ADVANCED_FACE('',(#2532),#2557,.T.);
#2532 = FACE_BOUND('',#2533,.T.);
#2533 = EDGE_LOOP('',(#2534,#2544,#2550,#2551));
#2534 = ORIENTED_EDGE('',*,*,#2535,.T.);
#2535 = EDGE_CURVE('',#2536,#2538,#2540,.T.);
#2536 = VERTEX_POINT('',#2537);
#2537 = CARTESIAN_POINT('',(-17.39565660762,4.,1.));
#2538 = VERTEX_POINT('',#2539);
#2539 = CARTESIAN_POINT('',(-17.39565660762,4.,2.));
#2540 = LINE('',#2541,#2542);
#2541 = CARTESIAN_POINT('',(-17.39565660762,4.,1.));
#2542 = VECTOR('',#2543,1.);
#2543 = DIRECTION('',(0.,0.,1.));
#2544 = ORIENTED_EDGE('',*,*,#2545,.T.);
#2545 = EDGE_CURVE('',#2538,#2507,#2546,.T.);
#2546 = LINE('',#2547,#2548);
#2547 = CARTESIAN_POINT('',(-17.39565660762,4.,2.));
#2548 = VECTOR('',#2549,1.);
#2549 = DIRECTION('',(1.,0.,0.));
#2550 = ORIENTED_EDGE('',*,*,#2504,.F.);
#2551 = ORIENTED_EDGE('',*,*,#2552,.F.);
#2552 = EDGE_CURVE('',#2536,#2505,#2553,.T.);
#2553 = LINE('',#2554,#2555);
#2554 = CARTESIAN_POINT('',(-17.39565660762,4.,1.));
#2555 = VECTOR('',#2556,1.);
#2556 = DIRECTION('',(1.,0.,0.));
#2557 = PLANE('',#2558);
#2558 = AXIS2_PLACEMENT_3D('',#2559,#2560,#2561);
#2559 = CARTESIAN_POINT('',(-17.39565660762,4.,1.));
#2560 = DIRECTION('',(0.,1.,0.));
#2561 = DIRECTION('',(1.,0.,0.));
#2562 = ADVANCED_FACE('',(#2563),#2588,.T.);
#2563 = FACE_BOUND('',#2564,.T.);
#2564 = EDGE_LOOP('',(#2565,#2575,#2581,#2582));
#2565 = ORIENTED_EDGE('',*,*,#2566,.T.);
#2566 = EDGE_CURVE('',#2567,#2569,#2571,.T.);
#2567 = VERTEX_POINT('',#2568);
#2568 = CARTESIAN_POINT('',(-17.39565660762,-0.841274878723,1.));
#2569 = VERTEX_POINT('',#2570);
#2570 = CARTESIAN_POINT('',(-17.39565660762,-0.841274878723,2.));
#2571 = LINE('',#2572,#2573);
#2572 = CARTESIAN_POINT('',(-17.39565660762,-0.841274878723,1.));
#2573 = VECTOR('',#2574,1.);
#2574 = DIRECTION('',(0.,0.,1.));
#2575 = ORIENTED_EDGE('',*,*,#2576,.T.);
#2576 = EDGE_CURVE('',#2569,#2538,#2577,.T.);
#2577 = LINE('',#2578,#2579);
#2578 = CARTESIAN_POINT('',(-17.39565660762,-0.841274878723,2.));
#2579 = VECTOR('',#2580,1.);
#2580 = DIRECTION('',(0.,1.,0.));
#2581 = ORIENTED_EDGE('',*,*,#2535,.F.);
#2582 = ORIENTED_EDGE('',*,*,#2583,.F.);
#2583 = EDGE_CURVE('',#2567,#2536,#2584,.T.);
#2584 = LINE('',#2585,#2586);
#2585 = CARTESIAN_POINT('',(-17.39565660762,-0.841274878723,1.));
#2586 = VECTOR('',#2587,1.);
#2587 = DIRECTION('',(0.,1.,0.));
#2588 = PLANE('',#2589);
#2589 = AXIS2_PLACEMENT_3D('',#2590,#2591,#2592);
#2590 = CARTESIAN_POINT('',(-17.39565660762,-0.841274878723,1.));
#2591 = DIRECTION('',(-1.,0.,0.));
#2592 = DIRECTION('',(0.,1.,0.));
#2593 = ADVANCED_FACE('',(#2594),#2619,.T.);
#2594 = FACE_BOUND('',#2595,.T.);
#2595 = EDGE_LOOP('',(#2596,#2606,#2612,#2613));
#2596 = ORIENTED_EDGE('',*,*,#2597,.T.);
#2597 = EDGE_CURVE('',#2598,#2600,#2602,.T.);
#2598 = VERTEX_POINT('',#2599);
#2599 = CARTESIAN_POINT('',(-17.17296086477,-2.139366187605,1.));
#2600 = VERTEX_POINT('',#2601);
#2601 = CARTESIAN_POINT('',(-17.17296086477,-2.139366187605,2.));
#2602 = LINE('',#2603,#2604);
#2603 = CARTESIAN_POINT('',(-17.17296086477,-2.139366187605,1.));
#2604 = VECTOR('',#2605,1.);
#2605 = DIRECTION('',(0.,0.,1.));
#2606 = ORIENTED_EDGE('',*,*,#2607,.T.);
#2607 = EDGE_CURVE('',#2600,#2569,#2608,.T.);
#2608 = B_SPLINE_CURVE_WITH_KNOTS('',2,(#2609,#2610,#2611),
  .UNSPECIFIED.,.F.,.F.,(3,3),(0.,1.),.PIECEWISE_BEZIER_KNOTS.);
#2609 = CARTESIAN_POINT('',(-17.17296086477,-2.139366187605,2.));
#2610 = CARTESIAN_POINT('',(-17.39565660762,-1.543092895679,2.));
#2611 = CARTESIAN_POINT('',(-17.39565660762,-0.841274878723,2.));
#2612 = ORIENTED_EDGE('',*,*,#2566,.F.);
#2613 = ORIENTED_EDGE('',*,*,#2614,.F.);
#2614 = EDGE_CURVE('',#2598,#2567,#2615,.T.);
#2615 = B_SPLINE_CURVE_WITH_KNOTS('',2,(#2616,#2617,#2618),
  .UNSPECIFIED.,.F.,.F.,(3,3),(0.,1.),.PIECEWISE_BEZIER_KNOTS.);
#2616 = CARTESIAN_POINT('',(-17.17296086477,-2.139366187605,1.));
#2617 = CARTESIAN_POINT('',(-17.39565660762,-1.543092895679,1.));
#2618 = CARTESIAN_POINT('',(-17.39565660762,-0.841274878723,1.));
#2619 = SURFACE_OF_LINEAR_EXTRUSION('',#2620,#2624);
#2620 = B_SPLINE_CURVE_WITH_KNOTS('',2,(#2621,#2622,#2623),
  .UNSPECIFIED.,.F.,.F.,(3,3),(0.,1.),.PIECEWISE_BEZIER_KNOTS.);
#2621 = CARTESIAN_POINT('',(-17.17296086477,-2.139366187605,1.));
#2622 = CARTESIAN_POINT('',(-17.39565660762,-1.543092895679,1.));
#2623 = CARTESIAN_POINT('',(-17.39565660762,-0.841274878723,1.));
#2624 = VECTOR('',#2625,1.);
#2625 = DIRECTION('',(-0.,-0.,-1.));
#2626 = ADVANCED_FACE('',(#2627),#2652,.T.);
#2627 = FACE_BOUND('',#2628,.T.);
#2628 = EDGE_LOOP('',(#2629,#2639,#2645,#2646));
#2629 = ORIENTED_EDGE('',*,*,#2630,.T.);
#2630 = EDGE_CURVE('',#2631,#2633,#2635,.T.);
#2631 = VERTEX_POINT('',#2632);
#2632 = CARTESIAN_POINT('',(-16.53207588494,-3.169787369089,1.));
#2633 = VERTEX_POINT('',#2634);
#2634 = CARTESIAN_POINT('',(-16.53207588494,-3.169787369089,2.));
#2635 = LINE('',#2636,#2637);
#2636 = CARTESIAN_POINT('',(-16.53207588494,-3.169787369089,1.));
#2637 = VECTOR('',#2638,1.);
#2638 = DIRECTION('',(0.,0.,1.));
#2639 = ORIENTED_EDGE('',*,*,#2640,.T.);
#2640 = EDGE_CURVE('',#2633,#2600,#2641,.T.);
#2641 = B_SPLINE_CURVE_WITH_KNOTS('',2,(#2642,#2643,#2644),
  .UNSPECIFIED.,.F.,.F.,(3,3),(0.,1.),.PIECEWISE_BEZIER_KNOTS.);
#2642 = CARTESIAN_POINT('',(-16.53207588494,-3.169787369089,2.));
#2643 = CARTESIAN_POINT('',(-16.94990242527,-2.735276782881,2.));
#2644 = CARTESIAN_POINT('',(-17.17296086477,-2.139366187605,2.));
#2645 = ORIENTED_EDGE('',*,*,#2597,.F.);
#2646 = ORIENTED_EDGE('',*,*,#2647,.F.);
#2647 = EDGE_CURVE('',#2631,#2598,#2648,.T.);
#2648 = B_SPLINE_CURVE_WITH_KNOTS('',2,(#2649,#2650,#2651),
  .UNSPECIFIED.,.F.,.F.,(3,3),(0.,1.),.PIECEWISE_BEZIER_KNOTS.);
#2649 = CARTESIAN_POINT('',(-16.53207588494,-3.169787369089,1.));
#2650 = CARTESIAN_POINT('',(-16.94990242527,-2.735276782881,1.));
#2651 = CARTESIAN_POINT('',(-17.17296086477,-2.139366187605,1.));
#2652 = SURFACE_OF_LINEAR_EXTRUSION('',#2653,#2657);
#2653 = B_SPLINE_CURVE_WITH_KNOTS('',2,(#2654,#2655,#2656),
  .UNSPECIFIED.,.F.,.F.,(3,3),(0.,1.),.PIECEWISE_BEZIER_KNOTS.);
#2654 = CARTESIAN_POINT('',(-16.53207588494,-3.169787369089,1.));
#2655 = CARTESIAN_POINT('',(-16.94990242527,-2.735276782881,1.));
#2656 = CARTESIAN_POINT('',(-17.17296086477,-2.139366187605,1.));
#2657 = VECTOR('',#2658,1.);
#2658 = DIRECTION('',(-0.,-0.,-1.));
#2659 = ADVANCED_FACE('',(#2660),#2685,.T.);
#2660 = FACE_BOUND('',#2661,.T.);
#2661 = EDGE_LOOP('',(#2662,#2672,#2678,#2679));
#2662 = ORIENTED_EDGE('',*,*,#2663,.T.);
#2663 = EDGE_CURVE('',#2664,#2666,#2668,.T.);
#2664 = VERTEX_POINT('',#2665);
#2665 = CARTESIAN_POINT('',(-15.51833874934,-3.84948089042,1.));
#2666 = VERTEX_POINT('',#2667);
#2667 = CARTESIAN_POINT('',(-15.51833874934,-3.84948089042,2.));
#2668 = LINE('',#2669,#2670);
#2669 = CARTESIAN_POINT('',(-15.51833874934,-3.84948089042,1.));
#2670 = VECTOR('',#2671,1.);
#2671 = DIRECTION('',(0.,0.,1.));
#2672 = ORIENTED_EDGE('',*,*,#2673,.T.);
#2673 = EDGE_CURVE('',#2666,#2633,#2674,.T.);
#2674 = B_SPLINE_CURVE_WITH_KNOTS('',2,(#2675,#2676,#2677),
  .UNSPECIFIED.,.F.,.F.,(3,3),(0.,1.),.PIECEWISE_BEZIER_KNOTS.);
#2675 = CARTESIAN_POINT('',(-15.51833874934,-3.84948089042,2.));
#2676 = CARTESIAN_POINT('',(-16.11424934462,-3.604297955298,2.));
#2677 = CARTESIAN_POINT('',(-16.53207588494,-3.169787369089,2.));
#2678 = ORIENTED_EDGE('',*,*,#2630,.F.);
#2679 = ORIENTED_EDGE('',*,*,#2680,.F.);
#2680 = EDGE_CURVE('',#2664,#2631,#2681,.T.);
#2681 = B_SPLINE_CURVE_WITH_KNOTS('',2,(#2682,#2683,#2684),
  .UNSPECIFIED.,.F.,.F.,(3,3),(0.,1.),.PIECEWISE_BEZIER_KNOTS.);
#2682 = CARTESIAN_POINT('',(-15.51833874934,-3.84948089042,1.));
#2683 = CARTESIAN_POINT('',(-16.11424934462,-3.604297955298,1.));
#2684 = CARTESIAN_POINT('',(-16.53207588494,-3.169787369089,1.));
#2685 = SURFACE_OF_LINEAR_EXTRUSION('',#2686,#2690);
#2686 = B_SPLINE_CURVE_WITH_KNOTS('',2,(#2687,#2688,#2689),
  .UNSPECIFIED.,.F.,.F.,(3,3),(0.,1.),.PIECEWISE_BEZIER_KNOTS.);
#2687 = CARTESIAN_POINT('',(-15.51833874934,-3.84948089042,1.));
#2688 = CARTESIAN_POINT('',(-16.11424934462,-3.604297955298,1.));
#2689 = CARTESIAN_POINT('',(-16.53207588494,-3.169787369089,1.));
#2690 = VECTOR('',#2691,1.);
#2691 = DIRECTION('',(-0.,-0.,-1.));
#2692 = ADVANCED_FACE('',(#2693),#2718,.T.);
#2693 = FACE_BOUND('',#2694,.T.);
#2694 = EDGE_LOOP('',(#2695,#2705,#2711,#2712));
#2695 = ORIENTED_EDGE('',*,*,#2696,.T.);
#2696 = EDGE_CURVE('',#2697,#2699,#2701,.T.);
#2697 = VERTEX_POINT('',#2698);
#2698 = CARTESIAN_POINT('',(-14.17563575256,-4.094663825543,1.));
#2699 = VERTEX_POINT('',#2700);
#2700 = CARTESIAN_POINT('',(-14.17563575256,-4.094663825543,2.));
#2701 = LINE('',#2702,#2703);
#2702 = CARTESIAN_POINT('',(-14.17563575256,-4.094663825543,1.));
#2703 = VECTOR('',#2704,1.);
#2704 = DIRECTION('',(0.,0.,1.));
#2705 = ORIENTED_EDGE('',*,*,#2706,.T.);
#2706 = EDGE_CURVE('',#2699,#2666,#2707,.T.);
#2707 = B_SPLINE_CURVE_WITH_KNOTS('',2,(#2708,#2709,#2710),
  .UNSPECIFIED.,.F.,.F.,(3,3),(0.,1.),.PIECEWISE_BEZIER_KNOTS.);
#2708 = CARTESIAN_POINT('',(-14.17563575256,-4.094663825543,2.));
#2709 = CARTESIAN_POINT('',(-14.92206545741,-4.094663825543,2.));
#2710 = CARTESIAN_POINT('',(-15.51833874934,-3.84948089042,2.));
#2711 = ORIENTED_EDGE('',*,*,#2663,.F.);
#2712 = ORIENTED_EDGE('',*,*,#2713,.F.);
#2713 = EDGE_CURVE('',#2697,#2664,#2714,.T.);
#2714 = B_SPLINE_CURVE_WITH_KNOTS('',2,(#2715,#2716,#2717),
  .UNSPECIFIED.,.F.,.F.,(3,3),(0.,1.),.PIECEWISE_BEZIER_KNOTS.);
#2715 = CARTESIAN_POINT('',(-14.17563575256,-4.094663825543,1.));
#2716 = CARTESIAN_POINT('',(-14.92206545741,-4.094663825543,1.));
#2717 = CARTESIAN_POINT('',(-15.51833874934,-3.84948089042,1.));
#2718 = SURFACE_OF_LINEAR_EXTRUSION('',#2719,#2723);
#2719 = B_SPLINE_CURVE_WITH_KNOTS('',2,(#2720,#2721,#2722),
  .UNSPECIFIED.,.F.,.F.,(3,3),(0.,1.),.PIECEWISE_BEZIER_KNOTS.);
#2720 = CARTESIAN_POINT('',(-14.17563575256,-4.094663825543,1.));
#2721 = CARTESIAN_POINT('',(-14.92206545741,-4.094663825543,1.));
#2722 = CARTESIAN_POINT('',(-15.51833874934,-3.84948089042,1.));
#2723 = VECTOR('',#2724,1.);
#2724 = DIRECTION('',(-0.,-0.,-1.));
#2725 = ADVANCED_FACE('',(#2726),#2751,.T.);
#2726 = FACE_BOUND('',#2727,.T.);
#2727 = EDGE_LOOP('',(#2728,#2738,#2744,#2745));
#2728 = ORIENTED_EDGE('',*,*,#2729,.T.);
#2729 = EDGE_CURVE('',#2730,#2732,#2734,.T.);
#2730 = VERTEX_POINT('',#2731);
#2731 = CARTESIAN_POINT('',(-12.83293275578,-3.84948089042,1.));
#2732 = VERTEX_POINT('',#2733);
#2733 = CARTESIAN_POINT('',(-12.83293275578,-3.84948089042,2.));
#2734 = LINE('',#2735,#2736);
#2735 = CARTESIAN_POINT('',(-12.83293275578,-3.84948089042,1.));
#2736 = VECTOR('',#2737,1.);
#2737 = DIRECTION('',(0.,0.,1.));
#2738 = ORIENTED_EDGE('',*,*,#2739,.T.);
#2739 = EDGE_CURVE('',#2732,#2699,#2740,.T.);
#2740 = B_SPLINE_CURVE_WITH_KNOTS('',2,(#2741,#2742,#2743),
  .UNSPECIFIED.,.F.,.F.,(3,3),(0.,1.),.PIECEWISE_BEZIER_KNOTS.);
#2741 = CARTESIAN_POINT('',(-12.83293275578,-3.84948089042,2.));
#2742 = CARTESIAN_POINT('',(-13.42884335105,-4.094663825543,2.));
#2743 = CARTESIAN_POINT('',(-14.17563575256,-4.094663825543,2.));
#2744 = ORIENTED_EDGE('',*,*,#2696,.F.);
#2745 = ORIENTED_EDGE('',*,*,#2746,.F.);
#2746 = EDGE_CURVE('',#2730,#2697,#2747,.T.);
#2747 = B_SPLINE_CURVE_WITH_KNOTS('',2,(#2748,#2749,#2750),
  .UNSPECIFIED.,.F.,.F.,(3,3),(0.,1.),.PIECEWISE_BEZIER_KNOTS.);
#2748 = CARTESIAN_POINT('',(-12.83293275578,-3.84948089042,1.));
#2749 = CARTESIAN_POINT('',(-13.42884335105,-4.094663825543,1.));
#2750 = CARTESIAN_POINT('',(-14.17563575256,-4.094663825543,1.));
#2751 = SURFACE_OF_LINEAR_EXTRUSION('',#2752,#2756);
#2752 = B_SPLINE_CURVE_WITH_KNOTS('',2,(#2753,#2754,#2755),
  .UNSPECIFIED.,.F.,.F.,(3,3),(0.,1.),.PIECEWISE_BEZIER_KNOTS.);
#2753 = CARTESIAN_POINT('',(-12.83293275578,-3.84948089042,1.));
#2754 = CARTESIAN_POINT('',(-13.42884335105,-4.094663825543,1.));
#2755 = CARTESIAN_POINT('',(-14.17563575256,-4.094663825543,1.));
#2756 = VECTOR('',#2757,1.);
#2757 = DIRECTION('',(-0.,-0.,-1.));
#2758 = ADVANCED_FACE('',(#2759),#2784,.T.);
#2759 = FACE_BOUND('',#2760,.T.);
#2760 = EDGE_LOOP('',(#2761,#2771,#2777,#2778));
#2761 = ORIENTED_EDGE('',*,*,#2762,.T.);
#2762 = EDGE_CURVE('',#2763,#2765,#2767,.T.);
#2763 = VERTEX_POINT('',#2764);
#2764 = CARTESIAN_POINT('',(-11.81883292353,-3.169787369089,1.));
#2765 = VERTEX_POINT('',#2766);
#2766 = CARTESIAN_POINT('',(-11.81883292353,-3.169787369089,2.));
#2767 = LINE('',#2768,#2769);
#2768 = CARTESIAN_POINT('',(-11.81883292353,-3.169787369089,1.));
#2769 = VECTOR('',#2770,1.);
#2770 = DIRECTION('',(0.,0.,1.));
#2771 = ORIENTED_EDGE('',*,*,#2772,.T.);
#2772 = EDGE_CURVE('',#2765,#2732,#2773,.T.);
#2773 = B_SPLINE_CURVE_WITH_KNOTS('',2,(#2774,#2775,#2776),
  .UNSPECIFIED.,.F.,.F.,(3,3),(0.,1.),.PIECEWISE_BEZIER_KNOTS.);
#2774 = CARTESIAN_POINT('',(-11.81883292353,-3.169787369089,2.));
#2775 = CARTESIAN_POINT('',(-12.23665946385,-3.604297955298,2.));
#2776 = CARTESIAN_POINT('',(-12.83293275578,-3.84948089042,2.));
#2777 = ORIENTED_EDGE('',*,*,#2729,.F.);
#2778 = ORIENTED_EDGE('',*,*,#2779,.F.);
#2779 = EDGE_CURVE('',#2763,#2730,#2780,.T.);
#2780 = B_SPLINE_CURVE_WITH_KNOTS('',2,(#2781,#2782,#2783),
  .UNSPECIFIED.,.F.,.F.,(3,3),(0.,1.),.PIECEWISE_BEZIER_KNOTS.);
#2781 = CARTESIAN_POINT('',(-11.81883292353,-3.169787369089,1.));
#2782 = CARTESIAN_POINT('',(-12.23665946385,-3.604297955298,1.));
#2783 = CARTESIAN_POINT('',(-12.83293275578,-3.84948089042,1.));
#2784 = SURFACE_OF_LINEAR_EXTRUSION('',#2785,#2789);
#2785 = B_SPLINE_CURVE_WITH_KNOTS('',2,(#2786,#2787,#2788),
  .UNSPECIFIED.,.F.,.F.,(3,3),(0.,1.),.PIECEWISE_BEZIER_KNOTS.);
#2786 = CARTESIAN_POINT('',(-11.81883292353,-3.169787369089,1.));
#2787 = CARTESIAN_POINT('',(-12.23665946385,-3.604297955298,1.));
#2788 = CARTESIAN_POINT('',(-12.83293275578,-3.84948089042,1.));
#2789 = VECTOR('',#2790,1.);
#2790 = DIRECTION('',(-0.,-0.,-1.));
#2791 = ADVANCED_FACE('',(#2792),#2817,.T.);
#2792 = FACE_BOUND('',#2793,.T.);
#2793 = EDGE_LOOP('',(#2794,#2804,#2810,#2811));
#2794 = ORIENTED_EDGE('',*,*,#2795,.T.);
#2795 = EDGE_CURVE('',#2796,#2798,#2800,.T.);
#2796 = VERTEX_POINT('',#2797);
#2797 = CARTESIAN_POINT('',(-11.17831064035,-2.139366187605,1.));
#2798 = VERTEX_POINT('',#2799);
#2799 = CARTESIAN_POINT('',(-11.17831064035,-2.139366187605,2.));
#2800 = LINE('',#2801,#2802);
#2801 = CARTESIAN_POINT('',(-11.17831064035,-2.139366187605,1.));
#2802 = VECTOR('',#2803,1.);
#2803 = DIRECTION('',(0.,0.,1.));
#2804 = ORIENTED_EDGE('',*,*,#2805,.T.);
#2805 = EDGE_CURVE('',#2798,#2765,#2806,.T.);
#2806 = B_SPLINE_CURVE_WITH_KNOTS('',2,(#2807,#2808,#2809),
  .UNSPECIFIED.,.F.,.F.,(3,3),(0.,1.),.PIECEWISE_BEZIER_KNOTS.);
#2807 = CARTESIAN_POINT('',(-11.17831064035,-2.139366187605,2.));
#2808 = CARTESIAN_POINT('',(-11.4010063832,-2.735276782881,2.));
#2809 = CARTESIAN_POINT('',(-11.81883292353,-3.169787369089,2.));
#2810 = ORIENTED_EDGE('',*,*,#2762,.F.);
#2811 = ORIENTED_EDGE('',*,*,#2812,.F.);
#2812 = EDGE_CURVE('',#2796,#2763,#2813,.T.);
#2813 = B_SPLINE_CURVE_WITH_KNOTS('',2,(#2814,#2815,#2816),
  .UNSPECIFIED.,.F.,.F.,(3,3),(0.,1.),.PIECEWISE_BEZIER_KNOTS.);
#2814 = CARTESIAN_POINT('',(-11.17831064035,-2.139366187605,1.));
#2815 = CARTESIAN_POINT('',(-11.4010063832,-2.735276782881,1.));
#2816 = CARTESIAN_POINT('',(-11.81883292353,-3.169787369089,1.));
#2817 = SURFACE_OF_LINEAR_EXTRUSION('',#2818,#2822);
#2818 = B_SPLINE_CURVE_WITH_KNOTS('',2,(#2819,#2820,#2821),
  .UNSPECIFIED.,.F.,.F.,(3,3),(0.,1.),.PIECEWISE_BEZIER_KNOTS.);
#2819 = CARTESIAN_POINT('',(-11.17831064035,-2.139366187605,1.));
#2820 = CARTESIAN_POINT('',(-11.4010063832,-2.735276782881,1.));
#2821 = CARTESIAN_POINT('',(-11.81883292353,-3.169787369089,1.));
#2822 = VECTOR('',#2823,1.);
#2823 = DIRECTION('',(-0.,-0.,-1.));
#2824 = ADVANCED_FACE('',(#2825),#2850,.T.);
#2825 = FACE_BOUND('',#2826,.T.);
#2826 = EDGE_LOOP('',(#2827,#2837,#2843,#2844));
#2827 = ORIENTED_EDGE('',*,*,#2828,.T.);
#2828 = EDGE_CURVE('',#2829,#2831,#2833,.T.);
#2829 = VERTEX_POINT('',#2830);
#2830 = CARTESIAN_POINT('',(-10.9556148975,-0.841274878723,1.));
#2831 = VERTEX_POINT('',#2832);
#2832 = CARTESIAN_POINT('',(-10.9556148975,-0.841274878723,2.));
#2833 = LINE('',#2834,#2835);
#2834 = CARTESIAN_POINT('',(-10.9556148975,-0.841274878723,1.));
#2835 = VECTOR('',#2836,1.);
#2836 = DIRECTION('',(0.,0.,1.));
#2837 = ORIENTED_EDGE('',*,*,#2838,.T.);
#2838 = EDGE_CURVE('',#2831,#2798,#2839,.T.);
#2839 = B_SPLINE_CURVE_WITH_KNOTS('',2,(#2840,#2841,#2842),
  .UNSPECIFIED.,.F.,.F.,(3,3),(0.,1.),.PIECEWISE_BEZIER_KNOTS.);
#2840 = CARTESIAN_POINT('',(-10.9556148975,-0.841274878723,2.));
#2841 = CARTESIAN_POINT('',(-10.9556148975,-1.543092895679,2.));
#2842 = CARTESIAN_POINT('',(-11.17831064035,-2.139366187605,2.));
#2843 = ORIENTED_EDGE('',*,*,#2795,.F.);
#2844 = ORIENTED_EDGE('',*,*,#2845,.F.);
#2845 = EDGE_CURVE('',#2829,#2796,#2846,.T.);
#2846 = B_SPLINE_CURVE_WITH_KNOTS('',2,(#2847,#2848,#2849),
  .UNSPECIFIED.,.F.,.F.,(3,3),(0.,1.),.PIECEWISE_BEZIER_KNOTS.);
#2847 = CARTESIAN_POINT('',(-10.9556148975,-0.841274878723,1.));
#2848 = CARTESIAN_POINT('',(-10.9556148975,-1.543092895679,1.));
#2849 = CARTESIAN_POINT('',(-11.17831064035,-2.139366187605,1.));
#2850 = SURFACE_OF_LINEAR_EXTRUSION('',#2851,#2855);
#2851 = B_SPLINE_CURVE_WITH_KNOTS('',2,(#2852,#2853,#2854),
  .UNSPECIFIED.,.F.,.F.,(3,3),(0.,1.),.PIECEWISE_BEZIER_KNOTS.);
#2852 = CARTESIAN_POINT('',(-10.9556148975,-0.841274878723,1.));
#2853 = CARTESIAN_POINT('',(-10.9556148975,-1.543092895679,1.));
#2854 = CARTESIAN_POINT('',(-11.17831064035,-2.139366187605,1.));
#2855 = VECTOR('',#2856,1.);
#2856 = DIRECTION('',(-0.,-0.,-1.));
#2857 = ADVANCED_FACE('',(#2858),#2883,.T.);
#2858 = FACE_BOUND('',#2859,.T.);
#2859 = EDGE_LOOP('',(#2860,#2870,#2876,#2877));
#2860 = ORIENTED_EDGE('',*,*,#2861,.T.);
#2861 = EDGE_CURVE('',#2862,#2864,#2866,.T.);
#2862 = VERTEX_POINT('',#2863);
#2863 = CARTESIAN_POINT('',(-10.9556148975,4.,1.));
#2864 = VERTEX_POINT('',#2865);
#2865 = CARTESIAN_POINT('',(-10.9556148975,4.,2.));
#2866 = LINE('',#2867,#2868);
#2867 = CARTESIAN_POINT('',(-10.9556148975,4.,1.));
#2868 = VECTOR('',#2869,1.);
#2869 = DIRECTION('',(0.,0.,1.));
#2870 = ORIENTED_EDGE('',*,*,#2871,.T.);
#2871 = EDGE_CURVE('',#2864,#2831,#2872,.T.);
#2872 = LINE('',#2873,#2874);
#2873 = CARTESIAN_POINT('',(-10.9556148975,4.,2.));
#2874 = VECTOR('',#2875,1.);
#2875 = DIRECTION('',(0.,-1.,0.));
#2876 = ORIENTED_EDGE('',*,*,#2828,.F.);
#2877 = ORIENTED_EDGE('',*,*,#2878,.F.);
#2878 = EDGE_CURVE('',#2862,#2829,#2879,.T.);
#2879 = LINE('',#2880,#2881);
#2880 = CARTESIAN_POINT('',(-10.9556148975,4.,1.));
#2881 = VECTOR('',#2882,1.);
#2882 = DIRECTION('',(0.,-1.,0.));
#2883 = PLANE('',#2884);
#2884 = AXIS2_PLACEMENT_3D('',#2885,#2886,#2887);
#2885 = CARTESIAN_POINT('',(-10.9556148975,4.,1.));
#2886 = DIRECTION('',(1.,0.,-0.));
#2887 = DIRECTION('',(0.,-1.,0.));
#2888 = ADVANCED_FACE('',(#2889),#2914,.T.);
#2889 = FACE_BOUND('',#2890,.T.);
#2890 = EDGE_LOOP('',(#2891,#2901,#2907,#2908));
#2891 = ORIENTED_EDGE('',*,*,#2892,.T.);
#2892 = EDGE_CURVE('',#2893,#2895,#2897,.T.);
#2893 = VERTEX_POINT('',#2894);
#2894 = CARTESIAN_POINT('',(-12.13655518857,4.,1.));
#2895 = VERTEX_POINT('',#2896);
#2896 = CARTESIAN_POINT('',(-12.13655518857,4.,2.));
#2897 = LINE('',#2898,#2899);
#2898 = CARTESIAN_POINT('',(-12.13655518857,4.,1.));
#2899 = VECTOR('',#2900,1.);
#2900 = DIRECTION('',(0.,0.,1.));
#2901 = ORIENTED_EDGE('',*,*,#2902,.T.);
#2902 = EDGE_CURVE('',#2895,#2864,#2903,.T.);
#2903 = LINE('',#2904,#2905);
#2904 = CARTESIAN_POINT('',(-12.13655518857,4.,2.));
#2905 = VECTOR('',#2906,1.);
#2906 = DIRECTION('',(1.,0.,0.));
#2907 = ORIENTED_EDGE('',*,*,#2861,.F.);
#2908 = ORIENTED_EDGE('',*,*,#2909,.F.);
#2909 = EDGE_CURVE('',#2893,#2862,#2910,.T.);
#2910 = LINE('',#2911,#2912);
#2911 = CARTESIAN_POINT('',(-12.13655518857,4.,1.));
#2912 = VECTOR('',#2913,1.);
#2913 = DIRECTION('',(1.,0.,0.));
#2914 = PLANE('',#2915);
#2915 = AXIS2_PLACEMENT_3D('',#2916,#2917,#2918);
#2916 = CARTESIAN_POINT('',(-12.13655518857,4.,1.));
#2917 = DIRECTION('',(0.,1.,0.));
#2918 = DIRECTION('',(1.,0.,0.));
#2919 = ADVANCED_FACE('',(#2920),#2945,.T.);
#2920 = FACE_BOUND('',#2921,.T.);
#2921 = EDGE_LOOP('',(#2922,#2932,#2938,#2939));
#2922 = ORIENTED_EDGE('',*,*,#2923,.T.);
#2923 = EDGE_CURVE('',#2924,#2926,#2928,.T.);
#2924 = VERTEX_POINT('',#2925);
#2925 = CARTESIAN_POINT('',(-12.13655518857,-0.841274878723,1.));
#2926 = VERTEX_POINT('',#2927);
#2927 = CARTESIAN_POINT('',(-12.13655518857,-0.841274878723,2.));
#2928 = LINE('',#2929,#2930);
#2929 = CARTESIAN_POINT('',(-12.13655518857,-0.841274878723,1.));
#2930 = VECTOR('',#2931,1.);
#2931 = DIRECTION('',(0.,0.,1.));
#2932 = ORIENTED_EDGE('',*,*,#2933,.T.);
#2933 = EDGE_CURVE('',#2926,#2895,#2934,.T.);
#2934 = LINE('',#2935,#2936);
#2935 = CARTESIAN_POINT('',(-12.13655518857,-0.841274878723,2.));
#2936 = VECTOR('',#2937,1.);
#2937 = DIRECTION('',(0.,1.,0.));
#2938 = ORIENTED_EDGE('',*,*,#2892,.F.);
#2939 = ORIENTED_EDGE('',*,*,#2940,.F.);
#2940 = EDGE_CURVE('',#2924,#2893,#2941,.T.);
#2941 = LINE('',#2942,#2943);
#2942 = CARTESIAN_POINT('',(-12.13655518857,-0.841274878723,1.));
#2943 = VECTOR('',#2944,1.);
#2944 = DIRECTION('',(0.,1.,0.));
#2945 = PLANE('',#2946);
#2946 = AXIS2_PLACEMENT_3D('',#2947,#2948,#2949);
#2947 = CARTESIAN_POINT('',(-12.13655518857,-0.841274878723,1.));
#2948 = DIRECTION('',(-1.,0.,0.));
#2949 = DIRECTION('',(0.,1.,0.));
#2950 = ADVANCED_FACE('',(#2951),#2976,.T.);
#2951 = FACE_BOUND('',#2952,.T.);
#2952 = EDGE_LOOP('',(#2953,#2963,#2969,#2970));
#2953 = ORIENTED_EDGE('',*,*,#2954,.T.);
#2954 = EDGE_CURVE('',#2955,#2957,#2959,.T.);
#2955 = VERTEX_POINT('',#2956);
#2956 = CARTESIAN_POINT('',(-12.27583070201,-1.735684816612,1.));
#2957 = VERTEX_POINT('',#2958);
#2958 = CARTESIAN_POINT('',(-12.27583070201,-1.735684816612,2.));
#2959 = LINE('',#2960,#2961);
#2960 = CARTESIAN_POINT('',(-12.27583070201,-1.735684816612,1.));
#2961 = VECTOR('',#2962,1.);
#2962 = DIRECTION('',(0.,0.,1.));
#2963 = ORIENTED_EDGE('',*,*,#2964,.T.);
#2964 = EDGE_CURVE('',#2957,#2926,#2965,.T.);
#2965 = B_SPLINE_CURVE_WITH_KNOTS('',2,(#2966,#2967,#2968),
  .UNSPECIFIED.,.F.,.F.,(3,3),(0.,1.),.PIECEWISE_BEZIER_KNOTS.);
#2966 = CARTESIAN_POINT('',(-12.27583070201,-1.735684816612,2.));
#2967 = CARTESIAN_POINT('',(-12.13655518857,-1.331640748969,2.));
#2968 = CARTESIAN_POINT('',(-12.13655518857,-0.841274878723,2.));
#2969 = ORIENTED_EDGE('',*,*,#2923,.F.);
#2970 = ORIENTED_EDGE('',*,*,#2971,.F.);
#2971 = EDGE_CURVE('',#2955,#2924,#2972,.T.);
#2972 = B_SPLINE_CURVE_WITH_KNOTS('',2,(#2973,#2974,#2975),
  .UNSPECIFIED.,.F.,.F.,(3,3),(0.,1.),.PIECEWISE_BEZIER_KNOTS.);
#2973 = CARTESIAN_POINT('',(-12.27583070201,-1.735684816612,1.));
#2974 = CARTESIAN_POINT('',(-12.13655518857,-1.331640748969,1.));
#2975 = CARTESIAN_POINT('',(-12.13655518857,-0.841274878723,1.));
#2976 = SURFACE_OF_LINEAR_EXTRUSION('',#2977,#2981);
#2977 = B_SPLINE_CURVE_WITH_KNOTS('',2,(#2978,#2979,#2980),
  .UNSPECIFIED.,.F.,.F.,(3,3),(0.,1.),.PIECEWISE_BEZIER_KNOTS.);
#2978 = CARTESIAN_POINT('',(-12.27583070201,-1.735684816612,1.));
#2979 = CARTESIAN_POINT('',(-12.13655518857,-1.331640748969,1.));
#2980 = CARTESIAN_POINT('',(-12.13655518857,-0.841274878723,1.));
#2981 = VECTOR('',#2982,1.);
#2982 = DIRECTION('',(-0.,-0.,-1.));
#2983 = ADVANCED_FACE('',(#2984),#3009,.T.);
#2984 = FACE_BOUND('',#2985,.T.);
#2985 = EDGE_LOOP('',(#2986,#2996,#3002,#3003));
#2986 = ORIENTED_EDGE('',*,*,#2987,.T.);
#2987 = EDGE_CURVE('',#2988,#2990,#2992,.T.);
#2988 = VERTEX_POINT('',#2989);
#2989 = CARTESIAN_POINT('',(-12.67697319645,-2.432062383824,1.));
#2990 = VERTEX_POINT('',#2991);
#2991 = CARTESIAN_POINT('',(-12.67697319645,-2.432062383824,2.));
#2992 = LINE('',#2993,#2994);
#2993 = CARTESIAN_POINT('',(-12.67697319645,-2.432062383824,1.));
#2994 = VECTOR('',#2995,1.);
#2995 = DIRECTION('',(0.,0.,1.));
#2996 = ORIENTED_EDGE('',*,*,#2997,.T.);
#2997 = EDGE_CURVE('',#2990,#2957,#2998,.T.);
#2998 = B_SPLINE_CURVE_WITH_KNOTS('',2,(#2999,#3000,#3001),
  .UNSPECIFIED.,.F.,.F.,(3,3),(0.,1.),.PIECEWISE_BEZIER_KNOTS.);
#2999 = CARTESIAN_POINT('',(-12.67697319645,-2.432062383824,2.));
#3000 = CARTESIAN_POINT('',(-12.41510621545,-2.139366187605,2.));
#3001 = CARTESIAN_POINT('',(-12.27583070201,-1.735684816612,2.));
#3002 = ORIENTED_EDGE('',*,*,#2954,.F.);
#3003 = ORIENTED_EDGE('',*,*,#3004,.F.);
#3004 = EDGE_CURVE('',#2988,#2955,#3005,.T.);
#3005 = B_SPLINE_CURVE_WITH_KNOTS('',2,(#3006,#3007,#3008),
  .UNSPECIFIED.,.F.,.F.,(3,3),(0.,1.),.PIECEWISE_BEZIER_KNOTS.);
#3006 = CARTESIAN_POINT('',(-12.67697319645,-2.432062383824,1.));
#3007 = CARTESIAN_POINT('',(-12.41510621545,-2.139366187605,1.));
#3008 = CARTESIAN_POINT('',(-12.27583070201,-1.735684816612,1.));
#3009 = SURFACE_OF_LINEAR_EXTRUSION('',#3010,#3014);
#3010 = B_SPLINE_CURVE_WITH_KNOTS('',2,(#3011,#3012,#3013),
  .UNSPECIFIED.,.F.,.F.,(3,3),(0.,1.),.PIECEWISE_BEZIER_KNOTS.);
#3011 = CARTESIAN_POINT('',(-12.67697319645,-2.432062383824,1.));
#3012 = CARTESIAN_POINT('',(-12.41510621545,-2.139366187605,1.));
#3013 = CARTESIAN_POINT('',(-12.27583070201,-1.735684816612,1.));
#3014 = VECTOR('',#3015,1.);
#3015 = DIRECTION('',(-0.,-0.,-1.));
#3016 = ADVANCED_FACE('',(#3017),#3033,.T.);
#3017 = FACE_BOUND('',#3018,.T.);
#3018 = EDGE_LOOP('',(#3019,#3020,#3026,#3027));
#3019 = ORIENTED_EDGE('',*,*,#2348,.T.);
#3020 = ORIENTED_EDGE('',*,*,#3021,.T.);
#3021 = EDGE_CURVE('',#2341,#2990,#3022,.T.);
#3022 = B_SPLINE_CURVE_WITH_KNOTS('',2,(#3023,#3024,#3025),
  .UNSPECIFIED.,.F.,.F.,(3,3),(0.,1.),.PIECEWISE_BEZIER_KNOTS.);
#3023 = CARTESIAN_POINT('',(-13.31785817628,-2.88579589246,2.));
#3024 = CARTESIAN_POINT('',(-12.93884017746,-2.724395883393,2.));
#3025 = CARTESIAN_POINT('',(-12.67697319645,-2.432062383824,2.));
#3026 = ORIENTED_EDGE('',*,*,#2987,.F.);
#3027 = ORIENTED_EDGE('',*,*,#3028,.F.);
#3028 = EDGE_CURVE('',#2349,#2988,#3029,.T.);
#3029 = B_SPLINE_CURVE_WITH_KNOTS('',2,(#3030,#3031,#3032),
  .UNSPECIFIED.,.F.,.F.,(3,3),(0.,1.),.PIECEWISE_BEZIER_KNOTS.);
#3030 = CARTESIAN_POINT('',(-13.31785817628,-2.88579589246,1.));
#3031 = CARTESIAN_POINT('',(-12.93884017746,-2.724395883393,1.));
#3032 = CARTESIAN_POINT('',(-12.67697319645,-2.432062383824,1.));
#3033 = SURFACE_OF_LINEAR_EXTRUSION('',#3034,#3038);
#3034 = B_SPLINE_CURVE_WITH_KNOTS('',2,(#3035,#3036,#3037),
  .UNSPECIFIED.,.F.,.F.,(3,3),(0.,1.),.PIECEWISE_BEZIER_KNOTS.);
#3035 = CARTESIAN_POINT('',(-13.31785817628,-2.88579589246,1.));
#3036 = CARTESIAN_POINT('',(-12.93884017746,-2.724395883393,1.));
#3037 = CARTESIAN_POINT('',(-12.67697319645,-2.432062383824,1.));
#3038 = VECTOR('',#3039,1.);
#3039 = DIRECTION('',(-0.,-0.,-1.));
#3040 = ADVANCED_FACE('',(#3041),#3065,.F.);
#3041 = FACE_BOUND('',#3042,.F.);
#3042 = EDGE_LOOP('',(#3043,#3044,#3045,#3046,#3047,#3048,#3049,#3050,
    #3051,#3052,#3053,#3054,#3055,#3056,#3057,#3058,#3059,#3060,#3061,
    #3062,#3063,#3064));
#3043 = ORIENTED_EDGE('',*,*,#2356,.F.);
#3044 = ORIENTED_EDGE('',*,*,#2389,.F.);
#3045 = ORIENTED_EDGE('',*,*,#2422,.F.);
#3046 = ORIENTED_EDGE('',*,*,#2455,.F.);
#3047 = ORIENTED_EDGE('',*,*,#2488,.F.);
#3048 = ORIENTED_EDGE('',*,*,#2521,.F.);
#3049 = ORIENTED_EDGE('',*,*,#2552,.F.);
#3050 = ORIENTED_EDGE('',*,*,#2583,.F.);
#3051 = ORIENTED_EDGE('',*,*,#2614,.F.);
#3052 = ORIENTED_EDGE('',*,*,#2647,.F.);
#3053 = ORIENTED_EDGE('',*,*,#2680,.F.);
#3054 = ORIENTED_EDGE('',*,*,#2713,.F.);
#3055 = ORIENTED_EDGE('',*,*,#2746,.F.);
#3056 = ORIENTED_EDGE('',*,*,#2779,.F.);
#3057 = ORIENTED_EDGE('',*,*,#2812,.F.);
#3058 = ORIENTED_EDGE('',*,*,#2845,.F.);
#3059 = ORIENTED_EDGE('',*,*,#2878,.F.);
#3060 = ORIENTED_EDGE('',*,*,#2909,.F.);
#3061 = ORIENTED_EDGE('',*,*,#2940,.F.);
#3062 = ORIENTED_EDGE('',*,*,#2971,.F.);
#3063 = ORIENTED_EDGE('',*,*,#3004,.F.);
#3064 = ORIENTED_EDGE('',*,*,#3028,.F.);
#3065 = PLANE('',#3066);
#3066 = AXIS2_PLACEMENT_3D('',#3067,#3068,#3069);
#3067 = CARTESIAN_POINT('',(-14.1749350146,-0.136161671138,1.));
#3068 = DIRECTION('',(0.,0.,1.));
#3069 = DIRECTION('',(1.,0.,0.));
#3070 = ADVANCED_FACE('',(#3071),#3095,.T.);
#3071 = FACE_BOUND('',#3072,.T.);
#3072 = EDGE_LOOP('',(#3073,#3074,#3075,#3076,#3077,#3078,#3079,#3080,
    #3081,#3082,#3083,#3084,#3085,#3086,#3087,#3088,#3089,#3090,#3091,
    #3092,#3093,#3094));
#3073 = ORIENTED_EDGE('',*,*,#2340,.F.);
#3074 = ORIENTED_EDGE('',*,*,#2382,.F.);
#3075 = ORIENTED_EDGE('',*,*,#2415,.F.);
#3076 = ORIENTED_EDGE('',*,*,#2448,.F.);
#3077 = ORIENTED_EDGE('',*,*,#2481,.F.);
#3078 = ORIENTED_EDGE('',*,*,#2514,.F.);
#3079 = ORIENTED_EDGE('',*,*,#2545,.F.);
#3080 = ORIENTED_EDGE('',*,*,#2576,.F.);
#3081 = ORIENTED_EDGE('',*,*,#2607,.F.);
#3082 = ORIENTED_EDGE('',*,*,#2640,.F.);
#3083 = ORIENTED_EDGE('',*,*,#2673,.F.);
#3084 = ORIENTED_EDGE('',*,*,#2706,.F.);
#3085 = ORIENTED_EDGE('',*,*,#2739,.F.);
#3086 = ORIENTED_EDGE('',*,*,#2772,.F.);
#3087 = ORIENTED_EDGE('',*,*,#2805,.F.);
#3088 = ORIENTED_EDGE('',*,*,#2838,.F.);
#3089 = ORIENTED_EDGE('',*,*,#2871,.F.);
#3090 = ORIENTED_EDGE('',*,*,#2902,.F.);
#3091 = ORIENTED_EDGE('',*,*,#2933,.F.);
#3092 = ORIENTED_EDGE('',*,*,#2964,.F.);
#3093 = ORIENTED_EDGE('',*,*,#2997,.F.);
#3094 = ORIENTED_EDGE('',*,*,#3021,.F.);
#3095 = PLANE('',#3096);
#3096 = AXIS2_PLACEMENT_3D('',#3097,#3098,#3099);
#3097 = CARTESIAN_POINT('',(-14.1749350146,-0.136161671138,2.));
#3098 = DIRECTION('',(0.,0.,1.));
#3099 = DIRECTION('',(1.,0.,0.));
#3100 = MANIFOLD_SOLID_BREP('',#3101);
#3101 = CLOSED_SHELL('',(#3102,#3144,#3175,#3206,#3237,#3268,#3299,#3332
    ,#3365,#3398,#3431,#3464,#3497,#3521,#3563,#3594,#3625,#3656,#3689,
    #3722,#3755,#3788,#3812,#3844));
#3102 = ADVANCED_FACE('',(#3103),#3137,.T.);
#3103 = FACE_BOUND('',#3104,.T.);
#3104 = EDGE_LOOP('',(#3105,#3115,#3123,#3131));
#3105 = ORIENTED_EDGE('',*,*,#3106,.T.);
#3106 = EDGE_CURVE('',#3107,#3109,#3111,.T.);
#3107 = VERTEX_POINT('',#3108);
#3108 = CARTESIAN_POINT('',(-6.654758026672,4.,1.));
#3109 = VERTEX_POINT('',#3110);
#3110 = CARTESIAN_POINT('',(-6.654758026672,4.,2.));
#3111 = LINE('',#3112,#3113);
#3112 = CARTESIAN_POINT('',(-6.654758026672,4.,1.));
#3113 = VECTOR('',#3114,1.);
#3114 = DIRECTION('',(0.,0.,1.));
#3115 = ORIENTED_EDGE('',*,*,#3116,.T.);
#3116 = EDGE_CURVE('',#3109,#3117,#3119,.T.);
#3117 = VERTEX_POINT('',#3118);
#3118 = CARTESIAN_POINT('',(-5.317858176284,3.821553248402,2.));
#3119 = B_SPLINE_CURVE_WITH_KNOTS('',2,(#3120,#3121,#3122),
  .UNSPECIFIED.,.F.,.F.,(3,3),(0.,1.),.PIECEWISE_BEZIER_KNOTS.);
#3120 = CARTESIAN_POINT('',(-6.654758026672,4.,2.));
#3121 = CARTESIAN_POINT('',(-5.885841129542,4.,2.));
#3122 = CARTESIAN_POINT('',(-5.317858176284,3.821553248402,2.));
#3123 = ORIENTED_EDGE('',*,*,#3124,.F.);
#3124 = EDGE_CURVE('',#3125,#3117,#3127,.T.);
#3125 = VERTEX_POINT('',#3126);
#3126 = CARTESIAN_POINT('',(-5.317858176284,3.821553248402,1.));
#3127 = LINE('',#3128,#3129);
#3128 = CARTESIAN_POINT('',(-5.317858176284,3.821553248402,1.));
#3129 = VECTOR('',#3130,1.);
#3130 = DIRECTION('',(0.,0.,1.));
#3131 = ORIENTED_EDGE('',*,*,#3132,.F.);
#3132 = EDGE_CURVE('',#3107,#3125,#3133,.T.);
#3133 = B_SPLINE_CURVE_WITH_KNOTS('',2,(#3134,#3135,#3136),
  .UNSPECIFIED.,.F.,.F.,(3,3),(0.,1.),.PIECEWISE_BEZIER_KNOTS.);
#3134 = CARTESIAN_POINT('',(-6.654758026672,4.,1.));
#3135 = CARTESIAN_POINT('',(-5.885841129542,4.,1.));
#3136 = CARTESIAN_POINT('',(-5.317858176284,3.821553248402,1.));
#3137 = SURFACE_OF_LINEAR_EXTRUSION('',#3138,#3142);
#3138 = B_SPLINE_CURVE_WITH_KNOTS('',2,(#3139,#3140,#3141),
  .UNSPECIFIED.,.F.,.F.,(3,3),(0.,1.),.PIECEWISE_BEZIER_KNOTS.);
#3139 = CARTESIAN_POINT('',(-6.654758026672,4.,1.));
#3140 = CARTESIAN_POINT('',(-5.885841129542,4.,1.));
#3141 = CARTESIAN_POINT('',(-5.317858176284,3.821553248402,1.));
#3142 = VECTOR('',#3143,1.);
#3143 = DIRECTION('',(-0.,-0.,-1.));
#3144 = ADVANCED_FACE('',(#3145),#3170,.T.);
#3145 = FACE_BOUND('',#3146,.T.);
#3146 = EDGE_LOOP('',(#3147,#3157,#3163,#3164));
#3147 = ORIENTED_EDGE('',*,*,#3148,.T.);
#3148 = EDGE_CURVE('',#3149,#3151,#3153,.T.);
#3149 = VERTEX_POINT('',#3150);
#3150 = CARTESIAN_POINT('',(-9.077934342581,4.,1.));
#3151 = VERTEX_POINT('',#3152);
#3152 = CARTESIAN_POINT('',(-9.077934342581,4.,2.));
#3153 = LINE('',#3154,#3155);
#3154 = CARTESIAN_POINT('',(-9.077934342581,4.,1.));
#3155 = VECTOR('',#3156,1.);
#3156 = DIRECTION('',(0.,0.,1.));
#3157 = ORIENTED_EDGE('',*,*,#3158,.T.);
#3158 = EDGE_CURVE('',#3151,#3109,#3159,.T.);
#3159 = LINE('',#3160,#3161);
#3160 = CARTESIAN_POINT('',(-9.077934342581,4.,2.));
#3161 = VECTOR('',#3162,1.);
#3162 = DIRECTION('',(1.,0.,0.));
#3163 = ORIENTED_EDGE('',*,*,#3106,.F.);
#3164 = ORIENTED_EDGE('',*,*,#3165,.F.);
#3165 = EDGE_CURVE('',#3149,#3107,#3166,.T.);
#3166 = LINE('',#3167,#3168);
#3167 = CARTESIAN_POINT('',(-9.077934342581,4.,1.));
#3168 = VECTOR('',#3169,1.);
#3169 = DIRECTION('',(1.,0.,0.));
#3170 = PLANE('',#3171);
#3171 = AXIS2_PLACEMENT_3D('',#3172,#3173,#3174);
#3172 = CARTESIAN_POINT('',(-9.077934342581,4.,1.));
#3173 = DIRECTION('',(0.,1.,0.));
#3174 = DIRECTION('',(1.,0.,0.));
#3175 = ADVANCED_FACE('',(#3176),#3201,.T.);
#3176 = FACE_BOUND('',#3177,.T.);
#3177 = EDGE_LOOP('',(#3178,#3188,#3194,#3195));
#3178 = ORIENTED_EDGE('',*,*,#3179,.T.);
#3179 = EDGE_CURVE('',#3180,#3182,#3184,.T.);
#3180 = VERTEX_POINT('',#3181);
#3181 = CARTESIAN_POINT('',(-9.077934342581,-4.,1.));
#3182 = VERTEX_POINT('',#3183);
#3183 = CARTESIAN_POINT('',(-9.077934342581,-4.,2.));
#3184 = LINE('',#3185,#3186);
#3185 = CARTESIAN_POINT('',(-9.077934342581,-4.,1.));
#3186 = VECTOR('',#3187,1.);
#3187 = DIRECTION('',(0.,0.,1.));
#3188 = ORIENTED_EDGE('',*,*,#3189,.T.);
#3189 = EDGE_CURVE('',#3182,#3151,#3190,.T.);
#3190 = LINE('',#3191,#3192);
#3191 = CARTESIAN_POINT('',(-9.077934342581,-4.,2.));
#3192 = VECTOR('',#3193,1.);
#3193 = DIRECTION('',(0.,1.,0.));
#3194 = ORIENTED_EDGE('',*,*,#3148,.F.);
#3195 = ORIENTED_EDGE('',*,*,#3196,.F.);
#3196 = EDGE_CURVE('',#3180,#3149,#3197,.T.);
#3197 = LINE('',#3198,#3199);
#3198 = CARTESIAN_POINT('',(-9.077934342581,-4.,1.));
#3199 = VECTOR('',#3200,1.);
#3200 = DIRECTION('',(0.,1.,0.));
#3201 = PLANE('',#3202);
#3202 = AXIS2_PLACEMENT_3D('',#3203,#3204,#3205);
#3203 = CARTESIAN_POINT('',(-9.077934342581,-4.,1.));
#3204 = DIRECTION('',(-1.,0.,0.));
#3205 = DIRECTION('',(0.,1.,0.));
#3206 = ADVANCED_FACE('',(#3207),#3232,.T.);
#3207 = FACE_BOUND('',#3208,.T.);
#3208 = EDGE_LOOP('',(#3209,#3219,#3225,#3226));
#3209 = ORIENTED_EDGE('',*,*,#3210,.T.);
#3210 = EDGE_CURVE('',#3211,#3213,#3215,.T.);
#3211 = VERTEX_POINT('',#3212);
#3212 = CARTESIAN_POINT('',(-7.891553601773,-4.,1.));
#3213 = VERTEX_POINT('',#3214);
#3214 = CARTESIAN_POINT('',(-7.891553601773,-4.,2.));
#3215 = LINE('',#3216,#3217);
#3216 = CARTESIAN_POINT('',(-7.891553601773,-4.,1.));
#3217 = VECTOR('',#3218,1.);
#3218 = DIRECTION('',(0.,0.,1.));
#3219 = ORIENTED_EDGE('',*,*,#3220,.T.);
#3220 = EDGE_CURVE('',#3213,#3182,#3221,.T.);
#3221 = LINE('',#3222,#3223);
#3222 = CARTESIAN_POINT('',(-7.891553601773,-4.,2.));
#3223 = VECTOR('',#3224,1.);
#3224 = DIRECTION('',(-1.,0.,0.));
#3225 = ORIENTED_EDGE('',*,*,#3179,.F.);
#3226 = ORIENTED_EDGE('',*,*,#3227,.F.);
#3227 = EDGE_CURVE('',#3211,#3180,#3228,.T.);
#3228 = LINE('',#3229,#3230);
#3229 = CARTESIAN_POINT('',(-7.891553601773,-4.,1.));
#3230 = VECTOR('',#3231,1.);
#3231 = DIRECTION('',(-1.,0.,0.));
#3232 = PLANE('',#3233);
#3233 = AXIS2_PLACEMENT_3D('',#3234,#3235,#3236);
#3234 = CARTESIAN_POINT('',(-7.891553601773,-4.,1.));
#3235 = DIRECTION('',(0.,-1.,0.));
#3236 = DIRECTION('',(-1.,0.,0.));
#3237 = ADVANCED_FACE('',(#3238),#3263,.T.);
#3238 = FACE_BOUND('',#3239,.T.);
#3239 = EDGE_LOOP('',(#3240,#3250,#3256,#3257));
#3240 = ORIENTED_EDGE('',*,*,#3241,.T.);
#3241 = EDGE_CURVE('',#3242,#3244,#3246,.T.);
#3242 = VERTEX_POINT('',#3243);
#3243 = CARTESIAN_POINT('',(-7.891553601773,-1.053089722084,1.));
#3244 = VERTEX_POINT('',#3245);
#3245 = CARTESIAN_POINT('',(-7.891553601773,-1.053089722084,2.));
#3246 = LINE('',#3247,#3248);
#3247 = CARTESIAN_POINT('',(-7.891553601773,-1.053089722084,1.));
#3248 = VECTOR('',#3249,1.);
#3249 = DIRECTION('',(0.,0.,1.));
#3250 = ORIENTED_EDGE('',*,*,#3251,.T.);
#3251 = EDGE_CURVE('',#3244,#3213,#3252,.T.);
#3252 = LINE('',#3253,#3254);
#3253 = CARTESIAN_POINT('',(-7.891553601773,-1.053089722084,2.));
#3254 = VECTOR('',#3255,1.);
#3255 = DIRECTION('',(0.,-1.,0.));
#3256 = ORIENTED_EDGE('',*,*,#3210,.F.);
#3257 = ORIENTED_EDGE('',*,*,#3258,.F.);
#3258 = EDGE_CURVE('',#3242,#3211,#3259,.T.);
#3259 = LINE('',#3260,#3261);
#3260 = CARTESIAN_POINT('',(-7.891553601773,-1.053089722084,1.));
#3261 = VECTOR('',#3262,1.);
#3262 = DIRECTION('',(0.,-1.,0.));
#3263 = PLANE('',#3264);
#3264 = AXIS2_PLACEMENT_3D('',#3265,#3266,#3267);
#3265 = CARTESIAN_POINT('',(-7.891553601773,-1.053089722084,1.));
#3266 = DIRECTION('',(1.,0.,-0.));
#3267 = DIRECTION('',(0.,-1.,0.));
#3268 = ADVANCED_FACE('',(#3269),#3294,.T.);
#3269 = FACE_BOUND('',#3270,.T.);
#3270 = EDGE_LOOP('',(#3271,#3281,#3287,#3288));
#3271 = ORIENTED_EDGE('',*,*,#3272,.T.);
#3272 = EDGE_CURVE('',#3273,#3275,#3277,.T.);
#3273 = VERTEX_POINT('',#3274);
#3274 = CARTESIAN_POINT('',(-6.654758026672,-1.053089722084,1.));
#3275 = VERTEX_POINT('',#3276);
#3276 = CARTESIAN_POINT('',(-6.654758026672,-1.053089722084,2.));
#3277 = LINE('',#3278,#3279);
#3278 = CARTESIAN_POINT('',(-6.654758026672,-1.053089722084,1.));
#3279 = VECTOR('',#3280,1.);
#3280 = DIRECTION('',(0.,0.,1.));
#3281 = ORIENTED_EDGE('',*,*,#3282,.T.);
#3282 = EDGE_CURVE('',#3275,#3244,#3283,.T.);
#3283 = LINE('',#3284,#3285);
#3284 = CARTESIAN_POINT('',(-6.654758026672,-1.053089722084,2.));
#3285 = VECTOR('',#3286,1.);
#3286 = DIRECTION('',(-1.,0.,0.));
#3287 = ORIENTED_EDGE('',*,*,#3241,.F.);
#3288 = ORIENTED_EDGE('',*,*,#3289,.F.);
#3289 = EDGE_CURVE('',#3273,#3242,#3290,.T.);
#3290 = LINE('',#3291,#3292);
#3291 = CARTESIAN_POINT('',(-6.654758026672,-1.053089722084,1.));
#3292 = VECTOR('',#3293,1.);
#3293 = DIRECTION('',(-1.,0.,0.));
#3294 = PLANE('',#3295);
#3295 = AXIS2_PLACEMENT_3D('',#3296,#3297,#3298);
#3296 = CARTESIAN_POINT('',(-6.654758026672,-1.053089722084,1.));
#3297 = DIRECTION('',(0.,-1.,0.));
#3298 = DIRECTION('',(-1.,0.,0.));
#3299 = ADVANCED_FACE('',(#3300),#3325,.T.);
#3300 = FACE_BOUND('',#3301,.T.);
#3301 = EDGE_LOOP('',(#3302,#3312,#3318,#3319));
#3302 = ORIENTED_EDGE('',*,*,#3303,.T.);
#3303 = EDGE_CURVE('',#3304,#3306,#3308,.T.);
#3304 = VERTEX_POINT('',#3305);
#3305 = CARTESIAN_POINT('',(-5.353765144594,-0.866300947545,1.));
#3306 = VERTEX_POINT('',#3307);
#3307 = CARTESIAN_POINT('',(-5.353765144594,-0.866300947545,2.));
#3308 = LINE('',#3309,#3310);
#3309 = CARTESIAN_POINT('',(-5.353765144594,-0.866300947545,1.));
#3310 = VECTOR('',#3311,1.);
#3311 = DIRECTION('',(0.,0.,1.));
#3312 = ORIENTED_EDGE('',*,*,#3313,.T.);
#3313 = EDGE_CURVE('',#3306,#3275,#3314,.T.);
#3314 = B_SPLINE_CURVE_WITH_KNOTS('',2,(#3315,#3316,#3317),
  .UNSPECIFIED.,.F.,.F.,(3,3),(0.,1.),.PIECEWISE_BEZIER_KNOTS.);
#3315 = CARTESIAN_POINT('',(-5.353765144594,-0.866300947545,2.));
#3316 = CARTESIAN_POINT('',(-5.919209221304,-1.053089722084,2.));
#3317 = CARTESIAN_POINT('',(-6.654758026672,-1.053089722084,2.));
#3318 = ORIENTED_EDGE('',*,*,#3272,.F.);
#3319 = ORIENTED_EDGE('',*,*,#3320,.F.);
#3320 = EDGE_CURVE('',#3304,#3273,#3321,.T.);
#3321 = B_SPLINE_CURVE_WITH_KNOTS('',2,(#3322,#3323,#3324),
  .UNSPECIFIED.,.F.,.F.,(3,3),(0.,1.),.PIECEWISE_BEZIER_KNOTS.);
#3322 = CARTESIAN_POINT('',(-5.353765144594,-0.866300947545,1.));
#3323 = CARTESIAN_POINT('',(-5.919209221304,-1.053089722084,1.));
#3324 = CARTESIAN_POINT('',(-6.654758026672,-1.053089722084,1.));
#3325 = SURFACE_OF_LINEAR_EXTRUSION('',#3326,#3330);
#3326 = B_SPLINE_CURVE_WITH_KNOTS('',2,(#3327,#3328,#3329),
  .UNSPECIFIED.,.F.,.F.,(3,3),(0.,1.),.PIECEWISE_BEZIER_KNOTS.);
#3327 = CARTESIAN_POINT('',(-5.353765144594,-0.866300947545,1.));
#3328 = CARTESIAN_POINT('',(-5.919209221304,-1.053089722084,1.));
#3329 = CARTESIAN_POINT('',(-6.654758026672,-1.053089722084,1.));
#3330 = VECTOR('',#3331,1.);
#3331 = DIRECTION('',(-0.,-0.,-1.));
#3332 = ADVANCED_FACE('',(#3333),#3358,.T.);
#3333 = FACE_BOUND('',#3334,.T.);
#3334 = EDGE_LOOP('',(#3335,#3345,#3351,#3352));
#3335 = ORIENTED_EDGE('',*,*,#3336,.T.);
#3336 = EDGE_CURVE('',#3337,#3339,#3341,.T.);
#3337 = VERTEX_POINT('',#3338);
#3338 = CARTESIAN_POINT('',(-4.409665765712,-0.34002810899,1.));
#3339 = VERTEX_POINT('',#3340);
#3340 = CARTESIAN_POINT('',(-4.409665765712,-0.34002810899,2.));
#3341 = LINE('',#3342,#3343);
#3342 = CARTESIAN_POINT('',(-4.409665765712,-0.34002810899,1.));
#3343 = VECTOR('',#3344,1.);
#3344 = DIRECTION('',(0.,0.,1.));
#3345 = ORIENTED_EDGE('',*,*,#3346,.T.);
#3346 = EDGE_CURVE('',#3339,#3306,#3347,.T.);
#3347 = B_SPLINE_CURVE_WITH_KNOTS('',2,(#3348,#3349,#3350),
  .UNSPECIFIED.,.F.,.F.,(3,3),(0.,1.),.PIECEWISE_BEZIER_KNOTS.);
#3348 = CARTESIAN_POINT('',(-4.409665765712,-0.34002810899,2.));
#3349 = CARTESIAN_POINT('',(-4.788321067883,-0.679512173006,2.));
#3350 = CARTESIAN_POINT('',(-5.353765144594,-0.866300947545,2.));
#3351 = ORIENTED_EDGE('',*,*,#3303,.F.);
#3352 = ORIENTED_EDGE('',*,*,#3353,.F.);
#3353 = EDGE_CURVE('',#3337,#3304,#3354,.T.);
#3354 = B_SPLINE_CURVE_WITH_KNOTS('',2,(#3355,#3356,#3357),
  .UNSPECIFIED.,.F.,.F.,(3,3),(0.,1.),.PIECEWISE_BEZIER_KNOTS.);
#3355 = CARTESIAN_POINT('',(-4.409665765712,-0.34002810899,1.));
#3356 = CARTESIAN_POINT('',(-4.788321067883,-0.679512173006,1.));
#3357 = CARTESIAN_POINT('',(-5.353765144594,-0.866300947545,1.));
#3358 = SURFACE_OF_LINEAR_EXTRUSION('',#3359,#3363);
#3359 = B_SPLINE_CURVE_WITH_KNOTS('',2,(#3360,#3361,#3362),
  .UNSPECIFIED.,.F.,.F.,(3,3),(0.,1.),.PIECEWISE_BEZIER_KNOTS.);
#3360 = CARTESIAN_POINT('',(-4.409665765712,-0.34002810899,1.));
#3361 = CARTESIAN_POINT('',(-4.788321067883,-0.679512173006,1.));
#3362 = CARTESIAN_POINT('',(-5.353765144594,-0.866300947545,1.));
#3363 = VECTOR('',#3364,1.);
#3364 = DIRECTION('',(-0.,-0.,-1.));
#3365 = ADVANCED_FACE('',(#3366),#3391,.T.);
#3366 = FACE_BOUND('',#3367,.T.);
#3367 = EDGE_LOOP('',(#3368,#3378,#3384,#3385));
#3368 = ORIENTED_EDGE('',*,*,#3369,.T.);
#3369 = EDGE_CURVE('',#3370,#3372,#3374,.T.);
#3370 = VERTEX_POINT('',#3371);
#3371 = CARTESIAN_POINT('',(-3.835879666061,0.470598902843,1.));
#3372 = VERTEX_POINT('',#3373);
#3373 = CARTESIAN_POINT('',(-3.835879666061,0.470598902843,2.));
#3374 = LINE('',#3375,#3376);
#3375 = CARTESIAN_POINT('',(-3.835879666061,0.470598902843,1.));
#3376 = VECTOR('',#3377,1.);
#3377 = DIRECTION('',(0.,0.,1.));
#3378 = ORIENTED_EDGE('',*,*,#3379,.T.);
#3379 = EDGE_CURVE('',#3372,#3339,#3380,.T.);
#3380 = B_SPLINE_CURVE_WITH_KNOTS('',2,(#3381,#3382,#3383),
  .UNSPECIFIED.,.F.,.F.,(3,3),(0.,1.),.PIECEWISE_BEZIER_KNOTS.);
#3381 = CARTESIAN_POINT('',(-3.835879666061,0.470598902843,2.));
#3382 = CARTESIAN_POINT('',(-4.03064776689,-1.813483247948E-04,2.));
#3383 = CARTESIAN_POINT('',(-4.409665765712,-0.34002810899,2.));
#3384 = ORIENTED_EDGE('',*,*,#3336,.F.);
#3385 = ORIENTED_EDGE('',*,*,#3386,.F.);
#3386 = EDGE_CURVE('',#3370,#3337,#3387,.T.);
#3387 = B_SPLINE_CURVE_WITH_KNOTS('',2,(#3388,#3389,#3390),
  .UNSPECIFIED.,.F.,.F.,(3,3),(0.,1.),.PIECEWISE_BEZIER_KNOTS.);
#3388 = CARTESIAN_POINT('',(-3.835879666061,0.470598902843,1.));
#3389 = CARTESIAN_POINT('',(-4.03064776689,-1.813483247948E-04,1.));
#3390 = CARTESIAN_POINT('',(-4.409665765712,-0.34002810899,1.));
#3391 = SURFACE_OF_LINEAR_EXTRUSION('',#3392,#3396);
#3392 = B_SPLINE_CURVE_WITH_KNOTS('',2,(#3393,#3394,#3395),
  .UNSPECIFIED.,.F.,.F.,(3,3),(0.,1.),.PIECEWISE_BEZIER_KNOTS.);
#3393 = CARTESIAN_POINT('',(-3.835879666061,0.470598902843,1.));
#3394 = CARTESIAN_POINT('',(-4.03064776689,-1.813483247948E-04,1.));
#3395 = CARTESIAN_POINT('',(-4.409665765712,-0.34002810899,1.));
#3396 = VECTOR('',#3397,1.);
#3397 = DIRECTION('',(-0.,-0.,-1.));
#3398 = ADVANCED_FACE('',(#3399),#3424,.T.);
#3399 = FACE_BOUND('',#3400,.T.);
#3400 = EDGE_LOOP('',(#3401,#3411,#3417,#3418));
#3401 = ORIENTED_EDGE('',*,*,#3402,.T.);
#3402 = EDGE_CURVE('',#3403,#3405,#3407,.T.);
#3403 = VERTEX_POINT('',#3404);
#3404 = CARTESIAN_POINT('',(-3.640748868581,1.504284354173,1.));
#3405 = VERTEX_POINT('',#3406);
#3406 = CARTESIAN_POINT('',(-3.640748868581,1.504284354173,2.));
#3407 = LINE('',#3408,#3409);
#3408 = CARTESIAN_POINT('',(-3.640748868581,1.504284354173,1.));
#3409 = VECTOR('',#3410,1.);
#3410 = DIRECTION('',(0.,0.,1.));
#3411 = ORIENTED_EDGE('',*,*,#3412,.T.);
#3412 = EDGE_CURVE('',#3405,#3372,#3413,.T.);
#3413 = B_SPLINE_CURVE_WITH_KNOTS('',2,(#3414,#3415,#3416),
  .UNSPECIFIED.,.F.,.F.,(3,3),(0.,1.),.PIECEWISE_BEZIER_KNOTS.);
#3414 = CARTESIAN_POINT('',(-3.640748868581,1.504284354173,2.));
#3415 = CARTESIAN_POINT('',(-3.640748868581,0.94137915401,2.));
#3416 = CARTESIAN_POINT('',(-3.835879666061,0.470598902843,2.));
#3417 = ORIENTED_EDGE('',*,*,#3369,.F.);
#3418 = ORIENTED_EDGE('',*,*,#3419,.F.);
#3419 = EDGE_CURVE('',#3403,#3370,#3420,.T.);
#3420 = B_SPLINE_CURVE_WITH_KNOTS('',2,(#3421,#3422,#3423),
  .UNSPECIFIED.,.F.,.F.,(3,3),(0.,1.),.PIECEWISE_BEZIER_KNOTS.);
#3421 = CARTESIAN_POINT('',(-3.640748868581,1.504284354173,1.));
#3422 = CARTESIAN_POINT('',(-3.640748868581,0.94137915401,1.));
#3423 = CARTESIAN_POINT('',(-3.835879666061,0.470598902843,1.));
#3424 = SURFACE_OF_LINEAR_EXTRUSION('',#3425,#3429);
#3425 = B_SPLINE_CURVE_WITH_KNOTS('',2,(#3426,#3427,#3428),
  .UNSPECIFIED.,.F.,.F.,(3,3),(0.,1.),.PIECEWISE_BEZIER_KNOTS.);
#3426 = CARTESIAN_POINT('',(-3.640748868581,1.504284354173,1.));
#3427 = CARTESIAN_POINT('',(-3.640748868581,0.94137915401,1.));
#3428 = CARTESIAN_POINT('',(-3.835879666061,0.470598902843,1.));
#3429 = VECTOR('',#3430,1.);
#3430 = DIRECTION('',(-0.,-0.,-1.));
#3431 = ADVANCED_FACE('',(#3432),#3457,.T.);
#3432 = FACE_BOUND('',#3433,.T.);
#3433 = EDGE_LOOP('',(#3434,#3444,#3450,#3451));
#3434 = ORIENTED_EDGE('',*,*,#3435,.T.);
#3435 = EDGE_CURVE('',#3436,#3438,#3440,.T.);
#3436 = VERTEX_POINT('',#3437);
#3437 = CARTESIAN_POINT('',(-3.821734496727,2.529265085914,1.));
#3438 = VERTEX_POINT('',#3439);
#3439 = CARTESIAN_POINT('',(-3.821734496727,2.529265085914,2.));
#3440 = LINE('',#3441,#3442);
#3441 = CARTESIAN_POINT('',(-3.821734496727,2.529265085914,1.));
#3442 = VECTOR('',#3443,1.);
#3443 = DIRECTION('',(0.,0.,1.));
#3444 = ORIENTED_EDGE('',*,*,#3445,.T.);
#3445 = EDGE_CURVE('',#3438,#3405,#3446,.T.);
#3446 = B_SPLINE_CURVE_WITH_KNOTS('',2,(#3447,#3448,#3449),
  .UNSPECIFIED.,.F.,.F.,(3,3),(0.,1.),.PIECEWISE_BEZIER_KNOTS.);
#3447 = CARTESIAN_POINT('',(-3.821734496727,2.529265085914,2.));
#3448 = CARTESIAN_POINT('',(-3.640748868581,2.066826857687,2.));
#3449 = CARTESIAN_POINT('',(-3.640748868581,1.504284354173,2.));
#3450 = ORIENTED_EDGE('',*,*,#3402,.F.);
#3451 = ORIENTED_EDGE('',*,*,#3452,.F.);
#3452 = EDGE_CURVE('',#3436,#3403,#3453,.T.);
#3453 = B_SPLINE_CURVE_WITH_KNOTS('',2,(#3454,#3455,#3456),
  .UNSPECIFIED.,.F.,.F.,(3,3),(0.,1.),.PIECEWISE_BEZIER_KNOTS.);
#3454 = CARTESIAN_POINT('',(-3.821734496727,2.529265085914,1.));
#3455 = CARTESIAN_POINT('',(-3.640748868581,2.066826857687,1.));
#3456 = CARTESIAN_POINT('',(-3.640748868581,1.504284354173,1.));
#3457 = SURFACE_OF_LINEAR_EXTRUSION('',#3458,#3462);
#3458 = B_SPLINE_CURVE_WITH_KNOTS('',2,(#3459,#3460,#3461),
  .UNSPECIFIED.,.F.,.F.,(3,3),(0.,1.),.PIECEWISE_BEZIER_KNOTS.);
#3459 = CARTESIAN_POINT('',(-3.821734496727,2.529265085914,1.));
#3460 = CARTESIAN_POINT('',(-3.640748868581,2.066826857687,1.));
#3461 = CARTESIAN_POINT('',(-3.640748868581,1.504284354173,1.));
#3462 = VECTOR('',#3463,1.);
#3463 = DIRECTION('',(-0.,-0.,-1.));
#3464 = ADVANCED_FACE('',(#3465),#3490,.T.);
#3465 = FACE_BOUND('',#3466,.T.);
#3466 = EDGE_LOOP('',(#3467,#3477,#3483,#3484));
#3467 = ORIENTED_EDGE('',*,*,#3468,.T.);
#3468 = EDGE_CURVE('',#3469,#3471,#3473,.T.);
#3469 = VERTEX_POINT('',#3470);
#3470 = CARTESIAN_POINT('',(-4.376297673949,3.317404905472,1.));
#3471 = VERTEX_POINT('',#3472);
#3472 = CARTESIAN_POINT('',(-4.376297673949,3.317404905472,2.));
#3473 = LINE('',#3474,#3475);
#3474 = CARTESIAN_POINT('',(-4.376297673949,3.317404905472,1.));
#3475 = VECTOR('',#3476,1.);
#3476 = DIRECTION('',(0.,0.,1.));
#3477 = ORIENTED_EDGE('',*,*,#3478,.T.);
#3478 = EDGE_CURVE('',#3471,#3438,#3479,.T.);
#3479 = B_SPLINE_CURVE_WITH_KNOTS('',2,(#3480,#3481,#3482),
  .UNSPECIFIED.,.F.,.F.,(3,3),(0.,1.),.PIECEWISE_BEZIER_KNOTS.);
#3480 = CARTESIAN_POINT('',(-4.376297673949,3.317404905472,2.));
#3481 = CARTESIAN_POINT('',(-4.002720124872,2.991703314141,2.));
#3482 = CARTESIAN_POINT('',(-3.821734496727,2.529265085914,2.));
#3483 = ORIENTED_EDGE('',*,*,#3435,.F.);
#3484 = ORIENTED_EDGE('',*,*,#3485,.F.);
#3485 = EDGE_CURVE('',#3469,#3436,#3486,.T.);
#3486 = B_SPLINE_CURVE_WITH_KNOTS('',2,(#3487,#3488,#3489),
  .UNSPECIFIED.,.F.,.F.,(3,3),(0.,1.),.PIECEWISE_BEZIER_KNOTS.);
#3487 = CARTESIAN_POINT('',(-4.376297673949,3.317404905472,1.));
#3488 = CARTESIAN_POINT('',(-4.002720124872,2.991703314141,1.));
#3489 = CARTESIAN_POINT('',(-3.821734496727,2.529265085914,1.));
#3490 = SURFACE_OF_LINEAR_EXTRUSION('',#3491,#3495);
#3491 = B_SPLINE_CURVE_WITH_KNOTS('',2,(#3492,#3493,#3494),
  .UNSPECIFIED.,.F.,.F.,(3,3),(0.,1.),.PIECEWISE_BEZIER_KNOTS.);
#3492 = CARTESIAN_POINT('',(-4.376297673949,3.317404905472,1.));
#3493 = CARTESIAN_POINT('',(-4.002720124872,2.991703314141,1.));
#3494 = CARTESIAN_POINT('',(-3.821734496727,2.529265085914,1.));
#3495 = VECTOR('',#3496,1.);
#3496 = DIRECTION('',(-0.,-0.,-1.));
#3497 = ADVANCED_FACE('',(#3498),#3514,.T.);
#3498 = FACE_BOUND('',#3499,.T.);
#3499 = EDGE_LOOP('',(#3500,#3501,#3507,#3508));
#3500 = ORIENTED_EDGE('',*,*,#3124,.T.);
#3501 = ORIENTED_EDGE('',*,*,#3502,.T.);
#3502 = EDGE_CURVE('',#3117,#3471,#3503,.T.);
#3503 = B_SPLINE_CURVE_WITH_KNOTS('',2,(#3504,#3505,#3506),
  .UNSPECIFIED.,.F.,.F.,(3,3),(0.,1.),.PIECEWISE_BEZIER_KNOTS.);
#3504 = CARTESIAN_POINT('',(-5.317858176284,3.821553248402,2.));
#3505 = CARTESIAN_POINT('',(-4.749512526377,3.643469193453,2.));
#3506 = CARTESIAN_POINT('',(-4.376297673949,3.317404905472,2.));
#3507 = ORIENTED_EDGE('',*,*,#3468,.F.);
#3508 = ORIENTED_EDGE('',*,*,#3509,.F.);
#3509 = EDGE_CURVE('',#3125,#3469,#3510,.T.);
#3510 = B_SPLINE_CURVE_WITH_KNOTS('',2,(#3511,#3512,#3513),
  .UNSPECIFIED.,.F.,.F.,(3,3),(0.,1.),.PIECEWISE_BEZIER_KNOTS.);
#3511 = CARTESIAN_POINT('',(-5.317858176284,3.821553248402,1.));
#3512 = CARTESIAN_POINT('',(-4.749512526377,3.643469193453,1.));
#3513 = CARTESIAN_POINT('',(-4.376297673949,3.317404905472,1.));
#3514 = SURFACE_OF_LINEAR_EXTRUSION('',#3515,#3519);
#3515 = B_SPLINE_CURVE_WITH_KNOTS('',2,(#3516,#3517,#3518),
  .UNSPECIFIED.,.F.,.F.,(3,3),(0.,1.),.PIECEWISE_BEZIER_KNOTS.);
#3516 = CARTESIAN_POINT('',(-5.317858176284,3.821553248402,1.));
#3517 = CARTESIAN_POINT('',(-4.749512526377,3.643469193453,1.));
#3518 = CARTESIAN_POINT('',(-4.376297673949,3.317404905472,1.));
#3519 = VECTOR('',#3520,1.);
#3520 = DIRECTION('',(-0.,-0.,-1.));
#3521 = ADVANCED_FACE('',(#3522),#3556,.T.);
#3522 = FACE_BOUND('',#3523,.T.);
#3523 = EDGE_LOOP('',(#3524,#3534,#3542,#3550));
#3524 = ORIENTED_EDGE('',*,*,#3525,.T.);
#3525 = EDGE_CURVE('',#3526,#3528,#3530,.T.);
#3526 = VERTEX_POINT('',#3527);
#3527 = CARTESIAN_POINT('',(-6.654758026672,-0.116969669493,1.));
#3528 = VERTEX_POINT('',#3529);
#3529 = CARTESIAN_POINT('',(-6.654758026672,-0.116969669493,2.));
#3530 = LINE('',#3531,#3532);
#3531 = CARTESIAN_POINT('',(-6.654758026672,-0.116969669493,1.));
#3532 = VECTOR('',#3533,1.);
#3533 = DIRECTION('',(0.,0.,1.));
#3534 = ORIENTED_EDGE('',*,*,#3535,.T.);
#3535 = EDGE_CURVE('',#3528,#3536,#3538,.T.);
#3536 = VERTEX_POINT('',#3537);
#3537 = CARTESIAN_POINT('',(-5.86081506072,-1.813483247948E-04,2.));
#3538 = B_SPLINE_CURVE_WITH_KNOTS('',2,(#3539,#3540,#3541),
  .UNSPECIFIED.,.F.,.F.,(3,3),(0.,1.),.PIECEWISE_BEZIER_KNOTS.);
#3539 = CARTESIAN_POINT('',(-6.654758026672,-0.116969669493,2.));
#3540 = CARTESIAN_POINT('',(-6.203563394582,-0.116969669493,2.));
#3541 = CARTESIAN_POINT('',(-5.86081506072,-1.813483247948E-04,2.));
#3542 = ORIENTED_EDGE('',*,*,#3543,.F.);
#3543 = EDGE_CURVE('',#3544,#3536,#3546,.T.);
#3544 = VERTEX_POINT('',#3545);
#3545 = CARTESIAN_POINT('',(-5.86081506072,-1.813483247948E-04,1.));
#3546 = LINE('',#3547,#3548);
#3547 = CARTESIAN_POINT('',(-5.86081506072,-1.813483247948E-04,1.));
#3548 = VECTOR('',#3549,1.);
#3549 = DIRECTION('',(0.,0.,1.));
#3550 = ORIENTED_EDGE('',*,*,#3551,.F.);
#3551 = EDGE_CURVE('',#3526,#3544,#3552,.T.);
#3552 = B_SPLINE_CURVE_WITH_KNOTS('',2,(#3553,#3554,#3555),
  .UNSPECIFIED.,.F.,.F.,(3,3),(0.,1.),.PIECEWISE_BEZIER_KNOTS.);
#3553 = CARTESIAN_POINT('',(-6.654758026672,-0.116969669493,1.));
#3554 = CARTESIAN_POINT('',(-6.203563394582,-0.116969669493,1.));
#3555 = CARTESIAN_POINT('',(-5.86081506072,-1.813483247948E-04,1.));
#3556 = SURFACE_OF_LINEAR_EXTRUSION('',#3557,#3561);
#3557 = B_SPLINE_CURVE_WITH_KNOTS('',2,(#3558,#3559,#3560),
  .UNSPECIFIED.,.F.,.F.,(3,3),(0.,1.),.PIECEWISE_BEZIER_KNOTS.);
#3558 = CARTESIAN_POINT('',(-6.654758026672,-0.116969669493,1.));
#3559 = CARTESIAN_POINT('',(-6.203563394582,-0.116969669493,1.));
#3560 = CARTESIAN_POINT('',(-5.86081506072,-1.813483247948E-04,1.));
#3561 = VECTOR('',#3562,1.);
#3562 = DIRECTION('',(-0.,-0.,-1.));
#3563 = ADVANCED_FACE('',(#3564),#3589,.T.);
#3564 = FACE_BOUND('',#3565,.T.);
#3565 = EDGE_LOOP('',(#3566,#3576,#3582,#3583));
#3566 = ORIENTED_EDGE('',*,*,#3567,.T.);
#3567 = EDGE_CURVE('',#3568,#3570,#3572,.T.);
#3568 = VERTEX_POINT('',#3569);
#3569 = CARTESIAN_POINT('',(-7.891553601773,-0.116969669493,1.));
#3570 = VERTEX_POINT('',#3571);
#3571 = CARTESIAN_POINT('',(-7.891553601773,-0.116969669493,2.));
#3572 = LINE('',#3573,#3574);
#3573 = CARTESIAN_POINT('',(-7.891553601773,-0.116969669493,1.));
#3574 = VECTOR('',#3575,1.);
#3575 = DIRECTION('',(0.,0.,1.));
#3576 = ORIENTED_EDGE('',*,*,#3577,.T.);
#3577 = EDGE_CURVE('',#3570,#3528,#3578,.T.);
#3578 = LINE('',#3579,#3580);
#3579 = CARTESIAN_POINT('',(-7.891553601773,-0.116969669493,2.));
#3580 = VECTOR('',#3581,1.);
#3581 = DIRECTION('',(1.,0.,0.));
#3582 = ORIENTED_EDGE('',*,*,#3525,.F.);
#3583 = ORIENTED_EDGE('',*,*,#3584,.F.);
#3584 = EDGE_CURVE('',#3568,#3526,#3585,.T.);
#3585 = LINE('',#3586,#3587);
#3586 = CARTESIAN_POINT('',(-7.891553601773,-0.116969669493,1.));
#3587 = VECTOR('',#3588,1.);
#3588 = DIRECTION('',(1.,0.,0.));
#3589 = PLANE('',#3590);
#3590 = AXIS2_PLACEMENT_3D('',#3591,#3592,#3593);
#3591 = CARTESIAN_POINT('',(-7.891553601773,-0.116969669493,1.));
#3592 = DIRECTION('',(0.,1.,0.));
#3593 = DIRECTION('',(1.,0.,0.));
#3594 = ADVANCED_FACE('',(#3595),#3620,.T.);
#3595 = FACE_BOUND('',#3596,.T.);
#3596 = EDGE_LOOP('',(#3597,#3607,#3613,#3614));
#3597 = ORIENTED_EDGE('',*,*,#3598,.T.);
#3598 = EDGE_CURVE('',#3599,#3601,#3603,.T.);
#3599 = VERTEX_POINT('',#3600);
#3600 = CARTESIAN_POINT('',(-7.891553601773,3.069683093802,1.));
#3601 = VERTEX_POINT('',#3602);
#3602 = CARTESIAN_POINT('',(-7.891553601773,3.069683093802,2.));
#3603 = LINE('',#3604,#3605);
#3604 = CARTESIAN_POINT('',(-7.891553601773,3.069683093802,1.));
#3605 = VECTOR('',#3606,1.);
#3606 = DIRECTION('',(0.,0.,1.));
#3607 = ORIENTED_EDGE('',*,*,#3608,.T.);
#3608 = EDGE_CURVE('',#3601,#3570,#3609,.T.);
#3609 = LINE('',#3610,#3611);
#3610 = CARTESIAN_POINT('',(-7.891553601773,3.069683093802,2.));
#3611 = VECTOR('',#3612,1.);
#3612 = DIRECTION('',(0.,-1.,0.));
#3613 = ORIENTED_EDGE('',*,*,#3567,.F.);
#3614 = ORIENTED_EDGE('',*,*,#3615,.F.);
#3615 = EDGE_CURVE('',#3599,#3568,#3616,.T.);
#3616 = LINE('',#3617,#3618);
#3617 = CARTESIAN_POINT('',(-7.891553601773,3.069683093802,1.));
#3618 = VECTOR('',#3619,1.);
#3619 = DIRECTION('',(0.,-1.,0.));
#3620 = PLANE('',#3621);
#3621 = AXIS2_PLACEMENT_3D('',#3622,#3623,#3624);
#3622 = CARTESIAN_POINT('',(-7.891553601773,3.069683093802,1.));
#3623 = DIRECTION('',(1.,0.,-0.));
#3624 = DIRECTION('',(0.,-1.,0.));
#3625 = ADVANCED_FACE('',(#3626),#3651,.T.);
#3626 = FACE_BOUND('',#3627,.T.);
#3627 = EDGE_LOOP('',(#3628,#3638,#3644,#3645));
#3628 = ORIENTED_EDGE('',*,*,#3629,.T.);
#3629 = EDGE_CURVE('',#3630,#3632,#3634,.T.);
#3630 = VERTEX_POINT('',#3631);
#3631 = CARTESIAN_POINT('',(-6.654758026672,3.069683093802,1.));
#3632 = VERTEX_POINT('',#3633);
#3633 = CARTESIAN_POINT('',(-6.654758026672,3.069683093802,2.));
#3634 = LINE('',#3635,#3636);
#3635 = CARTESIAN_POINT('',(-6.654758026672,3.069683093802,1.));
#3636 = VECTOR('',#3637,1.);
#3637 = DIRECTION('',(0.,0.,1.));
#3638 = ORIENTED_EDGE('',*,*,#3639,.T.);
#3639 = EDGE_CURVE('',#3632,#3601,#3640,.T.);
#3640 = LINE('',#3641,#3642);
#3641 = CARTESIAN_POINT('',(-6.654758026672,3.069683093802,2.));
#3642 = VECTOR('',#3643,1.);
#3643 = DIRECTION('',(-1.,0.,0.));
#3644 = ORIENTED_EDGE('',*,*,#3598,.F.);
#3645 = ORIENTED_EDGE('',*,*,#3646,.F.);
#3646 = EDGE_CURVE('',#3630,#3599,#3647,.T.);
#3647 = LINE('',#3648,#3649);
#3648 = CARTESIAN_POINT('',(-6.654758026672,3.069683093802,1.));
#3649 = VECTOR('',#3650,1.);
#3650 = DIRECTION('',(-1.,0.,0.));
#3651 = PLANE('',#3652);
#3652 = AXIS2_PLACEMENT_3D('',#3653,#3654,#3655);
#3653 = CARTESIAN_POINT('',(-6.654758026672,3.069683093802,1.));
#3654 = DIRECTION('',(0.,-1.,0.));
#3655 = DIRECTION('',(-1.,0.,0.));
#3656 = ADVANCED_FACE('',(#3657),#3682,.T.);
#3657 = FACE_BOUND('',#3658,.T.);
#3658 = EDGE_LOOP('',(#3659,#3669,#3675,#3676));
#3659 = ORIENTED_EDGE('',*,*,#3660,.T.);
#3660 = EDGE_CURVE('',#3661,#3663,#3665,.T.);
#3661 = VERTEX_POINT('',#3662);
#3662 = CARTESIAN_POINT('',(-5.275785364932,2.651856553475,1.));
#3663 = VERTEX_POINT('',#3664);
#3664 = CARTESIAN_POINT('',(-5.275785364932,2.651856553475,2.));
#3665 = LINE('',#3666,#3667);
#3666 = CARTESIAN_POINT('',(-5.275785364932,2.651856553475,1.));
#3667 = VECTOR('',#3668,1.);
#3668 = DIRECTION('',(0.,0.,1.));
#3669 = ORIENTED_EDGE('',*,*,#3670,.T.);
#3670 = EDGE_CURVE('',#3663,#3632,#3671,.T.);
#3671 = B_SPLINE_CURVE_WITH_KNOTS('',2,(#3672,#3673,#3674),
  .UNSPECIFIED.,.F.,.F.,(3,3),(0.,1.),.PIECEWISE_BEZIER_KNOTS.);
#3672 = CARTESIAN_POINT('',(-5.275785364932,2.651856553475,2.));
#3673 = CARTESIAN_POINT('',(-5.729881570218,3.069683093802,2.));
#3674 = CARTESIAN_POINT('',(-6.654758026672,3.069683093802,2.));
#3675 = ORIENTED_EDGE('',*,*,#3629,.F.);
#3676 = ORIENTED_EDGE('',*,*,#3677,.F.);
#3677 = EDGE_CURVE('',#3661,#3630,#3678,.T.);
#3678 = B_SPLINE_CURVE_WITH_KNOTS('',2,(#3679,#3680,#3681),
  .UNSPECIFIED.,.F.,.F.,(3,3),(0.,1.),.PIECEWISE_BEZIER_KNOTS.);
#3679 = CARTESIAN_POINT('',(-5.275785364932,2.651856553475,1.));
#3680 = CARTESIAN_POINT('',(-5.729881570218,3.069683093802,1.));
#3681 = CARTESIAN_POINT('',(-6.654758026672,3.069683093802,1.));
#3682 = SURFACE_OF_LINEAR_EXTRUSION('',#3683,#3687);
#3683 = B_SPLINE_CURVE_WITH_KNOTS('',2,(#3684,#3685,#3686),
  .UNSPECIFIED.,.F.,.F.,(3,3),(0.,1.),.PIECEWISE_BEZIER_KNOTS.);
#3684 = CARTESIAN_POINT('',(-5.275785364932,2.651856553475,1.));
#3685 = CARTESIAN_POINT('',(-5.729881570218,3.069683093802,1.));
#3686 = CARTESIAN_POINT('',(-6.654758026672,3.069683093802,1.));
#3687 = VECTOR('',#3688,1.);
#3688 = DIRECTION('',(-0.,-0.,-1.));
#3689 = ADVANCED_FACE('',(#3690),#3715,.T.);
#3690 = FACE_BOUND('',#3691,.T.);
#3691 = EDGE_LOOP('',(#3692,#3702,#3708,#3709));
#3692 = ORIENTED_EDGE('',*,*,#3693,.T.);
#3693 = EDGE_CURVE('',#3694,#3696,#3698,.T.);
#3694 = VERTEX_POINT('',#3695);
#3695 = CARTESIAN_POINT('',(-4.821689159645,1.504284354173,1.));
#3696 = VERTEX_POINT('',#3697);
#3697 = CARTESIAN_POINT('',(-4.821689159645,1.504284354173,2.));
#3698 = LINE('',#3699,#3700);
#3699 = CARTESIAN_POINT('',(-4.821689159645,1.504284354173,1.));
#3700 = VECTOR('',#3701,1.);
#3701 = DIRECTION('',(0.,0.,1.));
#3702 = ORIENTED_EDGE('',*,*,#3703,.T.);
#3703 = EDGE_CURVE('',#3696,#3663,#3704,.T.);
#3704 = B_SPLINE_CURVE_WITH_KNOTS('',2,(#3705,#3706,#3707),
  .UNSPECIFIED.,.F.,.F.,(3,3),(0.,1.),.PIECEWISE_BEZIER_KNOTS.);
#3705 = CARTESIAN_POINT('',(-4.821689159645,1.504284354173,2.));
#3706 = CARTESIAN_POINT('',(-4.821689159645,2.234030013148,2.));
#3707 = CARTESIAN_POINT('',(-5.275785364932,2.651856553475,2.));
#3708 = ORIENTED_EDGE('',*,*,#3660,.F.);
#3709 = ORIENTED_EDGE('',*,*,#3710,.F.);
#3710 = EDGE_CURVE('',#3694,#3661,#3711,.T.);
#3711 = B_SPLINE_CURVE_WITH_KNOTS('',2,(#3712,#3713,#3714),
  .UNSPECIFIED.,.F.,.F.,(3,3),(0.,1.),.PIECEWISE_BEZIER_KNOTS.);
#3712 = CARTESIAN_POINT('',(-4.821689159645,1.504284354173,1.));
#3713 = CARTESIAN_POINT('',(-4.821689159645,2.234030013148,1.));
#3714 = CARTESIAN_POINT('',(-5.275785364932,2.651856553475,1.));
#3715 = SURFACE_OF_LINEAR_EXTRUSION('',#3716,#3720);
#3716 = B_SPLINE_CURVE_WITH_KNOTS('',2,(#3717,#3718,#3719),
  .UNSPECIFIED.,.F.,.F.,(3,3),(0.,1.),.PIECEWISE_BEZIER_KNOTS.);
#3717 = CARTESIAN_POINT('',(-4.821689159645,1.504284354173,1.));
#3718 = CARTESIAN_POINT('',(-4.821689159645,2.234030013148,1.));
#3719 = CARTESIAN_POINT('',(-5.275785364932,2.651856553475,1.));
#3720 = VECTOR('',#3721,1.);
#3721 = DIRECTION('',(-0.,-0.,-1.));
#3722 = ADVANCED_FACE('',(#3723),#3748,.T.);
#3723 = FACE_BOUND('',#3724,.T.);
#3724 = EDGE_LOOP('',(#3725,#3735,#3741,#3742));
#3725 = ORIENTED_EDGE('',*,*,#3726,.T.);
#3726 = EDGE_CURVE('',#3727,#3729,#3731,.T.);
#3727 = VERTEX_POINT('',#3728);
#3728 = CARTESIAN_POINT('',(-4.938840177463,0.84381375527,1.));
#3729 = VERTEX_POINT('',#3730);
#3730 = CARTESIAN_POINT('',(-4.938840177463,0.84381375527,2.));
#3731 = LINE('',#3732,#3733);
#3732 = CARTESIAN_POINT('',(-4.938840177463,0.84381375527,1.));
#3733 = VECTOR('',#3734,1.);
#3734 = DIRECTION('',(0.,0.,1.));
#3735 = ORIENTED_EDGE('',*,*,#3736,.T.);
#3736 = EDGE_CURVE('',#3729,#3696,#3737,.T.);
#3737 = B_SPLINE_CURVE_WITH_KNOTS('',2,(#3738,#3739,#3740),
  .UNSPECIFIED.,.F.,.F.,(3,3),(0.,1.),.PIECEWISE_BEZIER_KNOTS.);
#3738 = CARTESIAN_POINT('',(-4.938840177463,0.84381375527,2.));
#3739 = CARTESIAN_POINT('',(-4.821689159645,1.141950401233,2.));
#3740 = CARTESIAN_POINT('',(-4.821689159645,1.504284354173,2.));
#3741 = ORIENTED_EDGE('',*,*,#3693,.F.);
#3742 = ORIENTED_EDGE('',*,*,#3743,.F.);
#3743 = EDGE_CURVE('',#3727,#3694,#3744,.T.);
#3744 = B_SPLINE_CURVE_WITH_KNOTS('',2,(#3745,#3746,#3747),
  .UNSPECIFIED.,.F.,.F.,(3,3),(0.,1.),.PIECEWISE_BEZIER_KNOTS.);
#3745 = CARTESIAN_POINT('',(-4.938840177463,0.84381375527,1.));
#3746 = CARTESIAN_POINT('',(-4.821689159645,1.141950401233,1.));
#3747 = CARTESIAN_POINT('',(-4.821689159645,1.504284354173,1.));
#3748 = SURFACE_OF_LINEAR_EXTRUSION('',#3749,#3753);
#3749 = B_SPLINE_CURVE_WITH_KNOTS('',2,(#3750,#3751,#3752),
  .UNSPECIFIED.,.F.,.F.,(3,3),(0.,1.),.PIECEWISE_BEZIER_KNOTS.);
#3750 = CARTESIAN_POINT('',(-4.938840177463,0.84381375527,1.));
#3751 = CARTESIAN_POINT('',(-4.821689159645,1.141950401233,1.));
#3752 = CARTESIAN_POINT('',(-4.821689159645,1.504284354173,1.));
#3753 = VECTOR('',#3754,1.);
#3754 = DIRECTION('',(-0.,-0.,-1.));
#3755 = ADVANCED_FACE('',(#3756),#3781,.T.);
#3756 = FACE_BOUND('',#3757,.T.);
#3757 = EDGE_LOOP('',(#3758,#3768,#3774,#3775));
#3758 = ORIENTED_EDGE('',*,*,#3759,.T.);
#3759 = EDGE_CURVE('',#3760,#3762,#3764,.T.);
#3760 = VERTEX_POINT('',#3761);
#3761 = CARTESIAN_POINT('',(-5.287028961069,0.3313233894,1.));
#3762 = VERTEX_POINT('',#3763);
#3763 = CARTESIAN_POINT('',(-5.287028961069,0.3313233894,2.));
#3764 = LINE('',#3765,#3766);
#3765 = CARTESIAN_POINT('',(-5.287028961069,0.3313233894,1.));
#3766 = VECTOR('',#3767,1.);
#3767 = DIRECTION('',(0.,0.,1.));
#3768 = ORIENTED_EDGE('',*,*,#3769,.T.);
#3769 = EDGE_CURVE('',#3762,#3729,#3770,.T.);
#3770 = B_SPLINE_CURVE_WITH_KNOTS('',2,(#3771,#3772,#3773),
  .UNSPECIFIED.,.F.,.F.,(3,3),(0.,1.),.PIECEWISE_BEZIER_KNOTS.);
#3771 = CARTESIAN_POINT('',(-5.287028961069,0.3313233894,2.));
#3772 = CARTESIAN_POINT('',(-5.055628498631,0.546039805957,2.));
#3773 = CARTESIAN_POINT('',(-4.938840177463,0.84381375527,2.));
#3774 = ORIENTED_EDGE('',*,*,#3726,.F.);
#3775 = ORIENTED_EDGE('',*,*,#3776,.F.);
#3776 = EDGE_CURVE('',#3760,#3727,#3777,.T.);
#3777 = B_SPLINE_CURVE_WITH_KNOTS('',2,(#3778,#3779,#3780),
  .UNSPECIFIED.,.F.,.F.,(3,3),(0.,1.),.PIECEWISE_BEZIER_KNOTS.);
#3778 = CARTESIAN_POINT('',(-5.287028961069,0.3313233894,1.));
#3779 = CARTESIAN_POINT('',(-5.055628498631,0.546039805957,1.));
#3780 = CARTESIAN_POINT('',(-4.938840177463,0.84381375527,1.));
#3781 = SURFACE_OF_LINEAR_EXTRUSION('',#3782,#3786);
#3782 = B_SPLINE_CURVE_WITH_KNOTS('',2,(#3783,#3784,#3785),
  .UNSPECIFIED.,.F.,.F.,(3,3),(0.,1.),.PIECEWISE_BEZIER_KNOTS.);
#3783 = CARTESIAN_POINT('',(-5.287028961069,0.3313233894,1.));
#3784 = CARTESIAN_POINT('',(-5.055628498631,0.546039805957,1.));
#3785 = CARTESIAN_POINT('',(-4.938840177463,0.84381375527,1.));
#3786 = VECTOR('',#3787,1.);
#3787 = DIRECTION('',(-0.,-0.,-1.));
#3788 = ADVANCED_FACE('',(#3789),#3805,.T.);
#3789 = FACE_BOUND('',#3790,.T.);
#3790 = EDGE_LOOP('',(#3791,#3792,#3798,#3799));
#3791 = ORIENTED_EDGE('',*,*,#3543,.T.);
#3792 = ORIENTED_EDGE('',*,*,#3793,.T.);
#3793 = EDGE_CURVE('',#3536,#3762,#3794,.T.);
#3794 = B_SPLINE_CURVE_WITH_KNOTS('',2,(#3795,#3796,#3797),
  .UNSPECIFIED.,.F.,.F.,(3,3),(0.,1.),.PIECEWISE_BEZIER_KNOTS.);
#3795 = CARTESIAN_POINT('',(-5.86081506072,-1.813483247948E-04,2.));
#3796 = CARTESIAN_POINT('',(-5.518066726858,0.116969669493,2.));
#3797 = CARTESIAN_POINT('',(-5.287028961069,0.3313233894,2.));
#3798 = ORIENTED_EDGE('',*,*,#3759,.F.);
#3799 = ORIENTED_EDGE('',*,*,#3800,.F.);
#3800 = EDGE_CURVE('',#3544,#3760,#3801,.T.);
#3801 = B_SPLINE_CURVE_WITH_KNOTS('',2,(#3802,#3803,#3804),
  .UNSPECIFIED.,.F.,.F.,(3,3),(0.,1.),.PIECEWISE_BEZIER_KNOTS.);
#3802 = CARTESIAN_POINT('',(-5.86081506072,-1.813483247948E-04,1.));
#3803 = CARTESIAN_POINT('',(-5.518066726858,0.116969669493,1.));
#3804 = CARTESIAN_POINT('',(-5.287028961069,0.3313233894,1.));
#3805 = SURFACE_OF_LINEAR_EXTRUSION('',#3806,#3810);
#3806 = B_SPLINE_CURVE_WITH_KNOTS('',2,(#3807,#3808,#3809),
  .UNSPECIFIED.,.F.,.F.,(3,3),(0.,1.),.PIECEWISE_BEZIER_KNOTS.);
#3807 = CARTESIAN_POINT('',(-5.86081506072,-1.813483247948E-04,1.));
#3808 = CARTESIAN_POINT('',(-5.518066726858,0.116969669493,1.));
#3809 = CARTESIAN_POINT('',(-5.287028961069,0.3313233894,1.));
#3810 = VECTOR('',#3811,1.);
#3811 = DIRECTION('',(-0.,-0.,-1.));
#3812 = ADVANCED_FACE('',(#3813,#3828),#3839,.F.);
#3813 = FACE_BOUND('',#3814,.F.);
#3814 = EDGE_LOOP('',(#3815,#3816,#3817,#3818,#3819,#3820,#3821,#3822,
    #3823,#3824,#3825,#3826,#3827));
#3815 = ORIENTED_EDGE('',*,*,#3132,.F.);
#3816 = ORIENTED_EDGE('',*,*,#3165,.F.);
#3817 = ORIENTED_EDGE('',*,*,#3196,.F.);
#3818 = ORIENTED_EDGE('',*,*,#3227,.F.);
#3819 = ORIENTED_EDGE('',*,*,#3258,.F.);
#3820 = ORIENTED_EDGE('',*,*,#3289,.F.);
#3821 = ORIENTED_EDGE('',*,*,#3320,.F.);
#3822 = ORIENTED_EDGE('',*,*,#3353,.F.);
#3823 = ORIENTED_EDGE('',*,*,#3386,.F.);
#3824 = ORIENTED_EDGE('',*,*,#3419,.F.);
#3825 = ORIENTED_EDGE('',*,*,#3452,.F.);
#3826 = ORIENTED_EDGE('',*,*,#3485,.F.);
#3827 = ORIENTED_EDGE('',*,*,#3509,.F.);
#3828 = FACE_BOUND('',#3829,.F.);
#3829 = EDGE_LOOP('',(#3830,#3831,#3832,#3833,#3834,#3835,#3836,#3837,
    #3838));
#3830 = ORIENTED_EDGE('',*,*,#3551,.F.);
#3831 = ORIENTED_EDGE('',*,*,#3584,.F.);
#3832 = ORIENTED_EDGE('',*,*,#3615,.F.);
#3833 = ORIENTED_EDGE('',*,*,#3646,.F.);
#3834 = ORIENTED_EDGE('',*,*,#3677,.F.);
#3835 = ORIENTED_EDGE('',*,*,#3710,.F.);
#3836 = ORIENTED_EDGE('',*,*,#3743,.F.);
#3837 = ORIENTED_EDGE('',*,*,#3776,.F.);
#3838 = ORIENTED_EDGE('',*,*,#3800,.F.);
#3839 = PLANE('',#3840);
#3840 = AXIS2_PLACEMENT_3D('',#3841,#3842,#3843);
#3841 = CARTESIAN_POINT('',(-6.963803378818,0.723616909793,1.));
#3842 = DIRECTION('',(0.,0.,1.));
#3843 = DIRECTION('',(1.,0.,0.));
#3844 = ADVANCED_FACE('',(#3845,#3860),#3871,.T.);
#3845 = FACE_BOUND('',#3846,.T.);
#3846 = EDGE_LOOP('',(#3847,#3848,#3849,#3850,#3851,#3852,#3853,#3854,
    #3855,#3856,#3857,#3858,#3859));
#3847 = ORIENTED_EDGE('',*,*,#3116,.F.);
#3848 = ORIENTED_EDGE('',*,*,#3158,.F.);
#3849 = ORIENTED_EDGE('',*,*,#3189,.F.);
#3850 = ORIENTED_EDGE('',*,*,#3220,.F.);
#3851 = ORIENTED_EDGE('',*,*,#3251,.F.);
#3852 = ORIENTED_EDGE('',*,*,#3282,.F.);
#3853 = ORIENTED_EDGE('',*,*,#3313,.F.);
#3854 = ORIENTED_EDGE('',*,*,#3346,.F.);
#3855 = ORIENTED_EDGE('',*,*,#3379,.F.);
#3856 = ORIENTED_EDGE('',*,*,#3412,.F.);
#3857 = ORIENTED_EDGE('',*,*,#3445,.F.);
#3858 = ORIENTED_EDGE('',*,*,#3478,.F.);
#3859 = ORIENTED_EDGE('',*,*,#3502,.F.);
#3860 = FACE_BOUND('',#3861,.T.);
#3861 = EDGE_LOOP('',(#3862,#3863,#3864,#3865,#3866,#3867,#3868,#3869,
    #3870));
#3862 = ORIENTED_EDGE('',*,*,#3535,.F.);
#3863 = ORIENTED_EDGE('',*,*,#3577,.F.);
#3864 = ORIENTED_EDGE('',*,*,#3608,.F.);
#3865 = ORIENTED_EDGE('',*,*,#3639,.F.);
#3866 = ORIENTED_EDGE('',*,*,#3670,.F.);
#3867 = ORIENTED_EDGE('',*,*,#3703,.F.);
#3868 = ORIENTED_EDGE('',*,*,#3736,.F.);
#3869 = ORIENTED_EDGE('',*,*,#3769,.F.);
#3870 = ORIENTED_EDGE('',*,*,#3793,.F.);
#3871 = PLANE('',#3872);
#3872 = AXIS2_PLACEMENT_3D('',#3873,#3874,#3875);
#3873 = CARTESIAN_POINT('',(-6.963803378818,0.723616909793,2.));
#3874 = DIRECTION('',(0.,0.,1.));
#3875 = DIRECTION('',(1.,0.,0.));
#3876 = MANIFOLD_SOLID_BREP('',#3877);
#3877 = CLOSED_SHELL('',(#3878,#3920,#3951,#3982,#4013,#4044,#4075,#4108
    ,#4141,#4174,#4207,#4240,#4273,#4297,#4339,#4370,#4401,#4432,#4465,
    #4498,#4531,#4564,#4588,#4620));
#3878 = ADVANCED_FACE('',(#3879),#3913,.T.);
#3879 = FACE_BOUND('',#3880,.T.);
#3880 = EDGE_LOOP('',(#3881,#3891,#3899,#3907));
#3881 = ORIENTED_EDGE('',*,*,#3882,.T.);
#3882 = EDGE_CURVE('',#3883,#3885,#3887,.T.);
#3883 = VERTEX_POINT('',#3884);
#3884 = CARTESIAN_POINT('',(7.689178971301E-02,4.,1.));
#3885 = VERTEX_POINT('',#3886);
#3886 = CARTESIAN_POINT('',(7.689178971301E-02,4.,2.));
#3887 = LINE('',#3888,#3889);
#3888 = CARTESIAN_POINT('',(7.689178971301E-02,4.,1.));
#3889 = VECTOR('',#3890,1.);
#3890 = DIRECTION('',(0.,0.,1.));
#3891 = ORIENTED_EDGE('',*,*,#3892,.T.);
#3892 = EDGE_CURVE('',#3885,#3893,#3895,.T.);
#3893 = VERTEX_POINT('',#3894);
#3894 = CARTESIAN_POINT('',(1.413791640101,3.821553248402,2.));
#3895 = B_SPLINE_CURVE_WITH_KNOTS('',2,(#3896,#3897,#3898),
  .UNSPECIFIED.,.F.,.F.,(3,3),(0.,1.),.PIECEWISE_BEZIER_KNOTS.);
#3896 = CARTESIAN_POINT('',(7.689178971301E-02,4.,2.));
#3897 = CARTESIAN_POINT('',(0.845808686843,4.,2.));
#3898 = CARTESIAN_POINT('',(1.413791640101,3.821553248402,2.));
#3899 = ORIENTED_EDGE('',*,*,#3900,.F.);
#3900 = EDGE_CURVE('',#3901,#3893,#3903,.T.);
#3901 = VERTEX_POINT('',#3902);
#3902 = CARTESIAN_POINT('',(1.413791640101,3.821553248402,1.));
#3903 = LINE('',#3904,#3905);
#3904 = CARTESIAN_POINT('',(1.413791640101,3.821553248402,1.));
#3905 = VECTOR('',#3906,1.);
#3906 = DIRECTION('',(0.,0.,1.));
#3907 = ORIENTED_EDGE('',*,*,#3908,.F.);
#3908 = EDGE_CURVE('',#3883,#3901,#3909,.T.);
#3909 = B_SPLINE_CURVE_WITH_KNOTS('',2,(#3910,#3911,#3912),
  .UNSPECIFIED.,.F.,.F.,(3,3),(0.,1.),.PIECEWISE_BEZIER_KNOTS.);
#3910 = CARTESIAN_POINT('',(7.689178971301E-02,4.,1.));
#3911 = CARTESIAN_POINT('',(0.845808686843,4.,1.));
#3912 = CARTESIAN_POINT('',(1.413791640101,3.821553248402,1.));
#3913 = SURFACE_OF_LINEAR_EXTRUSION('',#3914,#3918);
#3914 = B_SPLINE_CURVE_WITH_KNOTS('',2,(#3915,#3916,#3917),
  .UNSPECIFIED.,.F.,.F.,(3,3),(0.,1.),.PIECEWISE_BEZIER_KNOTS.);
#3915 = CARTESIAN_POINT('',(7.689178971301E-02,4.,1.));
#3916 = CARTESIAN_POINT('',(0.845808686843,4.,1.));
#3917 = CARTESIAN_POINT('',(1.413791640101,3.821553248402,1.));
#3918 = VECTOR('',#3919,1.);
#3919 = DIRECTION('',(-0.,-0.,-1.));
#3920 = ADVANCED_FACE('',(#3921),#3946,.T.);
#3921 = FACE_BOUND('',#3922,.T.);
#3922 = EDGE_LOOP('',(#3923,#3933,#3939,#3940));
#3923 = ORIENTED_EDGE('',*,*,#3924,.T.);
#3924 = EDGE_CURVE('',#3925,#3927,#3929,.T.);
#3925 = VERTEX_POINT('',#3926);
#3926 = CARTESIAN_POINT('',(-2.346284526196,4.,1.));
#3927 = VERTEX_POINT('',#3928);
#3928 = CARTESIAN_POINT('',(-2.346284526196,4.,2.));
#3929 = LINE('',#3930,#3931);
#3930 = CARTESIAN_POINT('',(-2.346284526196,4.,1.));
#3931 = VECTOR('',#3932,1.);
#3932 = DIRECTION('',(0.,0.,1.));
#3933 = ORIENTED_EDGE('',*,*,#3934,.T.);
#3934 = EDGE_CURVE('',#3927,#3885,#3935,.T.);
#3935 = LINE('',#3936,#3937);
#3936 = CARTESIAN_POINT('',(-2.346284526196,4.,2.));
#3937 = VECTOR('',#3938,1.);
#3938 = DIRECTION('',(1.,0.,0.));
#3939 = ORIENTED_EDGE('',*,*,#3882,.F.);
#3940 = ORIENTED_EDGE('',*,*,#3941,.F.);
#3941 = EDGE_CURVE('',#3925,#3883,#3942,.T.);
#3942 = LINE('',#3943,#3944);
#3943 = CARTESIAN_POINT('',(-2.346284526196,4.,1.));
#3944 = VECTOR('',#3945,1.);
#3945 = DIRECTION('',(1.,0.,0.));
#3946 = PLANE('',#3947);
#3947 = AXIS2_PLACEMENT_3D('',#3948,#3949,#3950);
#3948 = CARTESIAN_POINT('',(-2.346284526196,4.,1.));
#3949 = DIRECTION('',(0.,1.,0.));
#3950 = DIRECTION('',(1.,0.,0.));
#3951 = ADVANCED_FACE('',(#3952),#3977,.T.);
#3952 = FACE_BOUND('',#3953,.T.);
#3953 = EDGE_LOOP('',(#3954,#3964,#3970,#3971));
#3954 = ORIENTED_EDGE('',*,*,#3955,.T.);
#3955 = EDGE_CURVE('',#3956,#3958,#3960,.T.);
#3956 = VERTEX_POINT('',#3957);
#3957 = CARTESIAN_POINT('',(-2.346284526196,-4.,1.));
#3958 = VERTEX_POINT('',#3959);
#3959 = CARTESIAN_POINT('',(-2.346284526196,-4.,2.));
#3960 = LINE('',#3961,#3962);
#3961 = CARTESIAN_POINT('',(-2.346284526196,-4.,1.));
#3962 = VECTOR('',#3963,1.);
#3963 = DIRECTION('',(0.,0.,1.));
#3964 = ORIENTED_EDGE('',*,*,#3965,.T.);
#3965 = EDGE_CURVE('',#3958,#3927,#3966,.T.);
#3966 = LINE('',#3967,#3968);
#3967 = CARTESIAN_POINT('',(-2.346284526196,-4.,2.));
#3968 = VECTOR('',#3969,1.);
#3969 = DIRECTION('',(0.,1.,0.));
#3970 = ORIENTED_EDGE('',*,*,#3924,.F.);
#3971 = ORIENTED_EDGE('',*,*,#3972,.F.);
#3972 = EDGE_CURVE('',#3956,#3925,#3973,.T.);
#3973 = LINE('',#3974,#3975);
#3974 = CARTESIAN_POINT('',(-2.346284526196,-4.,1.));
#3975 = VECTOR('',#3976,1.);
#3976 = DIRECTION('',(0.,1.,0.));
#3977 = PLANE('',#3978);
#3978 = AXIS2_PLACEMENT_3D('',#3979,#3980,#3981);
#3979 = CARTESIAN_POINT('',(-2.346284526196,-4.,1.));
#3980 = DIRECTION('',(-1.,0.,0.));
#3981 = DIRECTION('',(0.,1.,0.));
#3982 = ADVANCED_FACE('',(#3983),#4008,.T.);
#3983 = FACE_BOUND('',#3984,.T.);
#3984 = EDGE_LOOP('',(#3985,#3995,#4001,#4002));
#3985 = ORIENTED_EDGE('',*,*,#3986,.T.);
#3986 = EDGE_CURVE('',#3987,#3989,#3991,.T.);
#3987 = VERTEX_POINT('',#3988);
#3988 = CARTESIAN_POINT('',(-1.159903785388,-4.,1.));
#3989 = VERTEX_POINT('',#3990);
#3990 = CARTESIAN_POINT('',(-1.159903785388,-4.,2.));
#3991 = LINE('',#3992,#3993);
#3992 = CARTESIAN_POINT('',(-1.159903785388,-4.,1.));
#3993 = VECTOR('',#3994,1.);
#3994 = DIRECTION('',(0.,0.,1.));
#3995 = ORIENTED_EDGE('',*,*,#3996,.T.);
#3996 = EDGE_CURVE('',#3989,#3958,#3997,.T.);
#3997 = LINE('',#3998,#3999);
#3998 = CARTESIAN_POINT('',(-1.159903785388,-4.,2.));
#3999 = VECTOR('',#4000,1.);
#4000 = DIRECTION('',(-1.,0.,0.));
#4001 = ORIENTED_EDGE('',*,*,#3955,.F.);
#4002 = ORIENTED_EDGE('',*,*,#4003,.F.);
#4003 = EDGE_CURVE('',#3987,#3956,#4004,.T.);
#4004 = LINE('',#4005,#4006);
#4005 = CARTESIAN_POINT('',(-1.159903785388,-4.,1.));
#4006 = VECTOR('',#4007,1.);
#4007 = DIRECTION('',(-1.,0.,0.));
#4008 = PLANE('',#4009);
#4009 = AXIS2_PLACEMENT_3D('',#4010,#4011,#4012);
#4010 = CARTESIAN_POINT('',(-1.159903785388,-4.,1.));
#4011 = DIRECTION('',(0.,-1.,0.));
#4012 = DIRECTION('',(-1.,0.,0.));
#4013 = ADVANCED_FACE('',(#4014),#4039,.T.);
#4014 = FACE_BOUND('',#4015,.T.);
#4015 = EDGE_LOOP('',(#4016,#4026,#4032,#4033));
#4016 = ORIENTED_EDGE('',*,*,#4017,.T.);
#4017 = EDGE_CURVE('',#4018,#4020,#4022,.T.);
#4018 = VERTEX_POINT('',#4019);
#4019 = CARTESIAN_POINT('',(-1.159903785388,-1.053089722084,1.));
#4020 = VERTEX_POINT('',#4021);
#4021 = CARTESIAN_POINT('',(-1.159903785388,-1.053089722084,2.));
#4022 = LINE('',#4023,#4024);
#4023 = CARTESIAN_POINT('',(-1.159903785388,-1.053089722084,1.));
#4024 = VECTOR('',#4025,1.);
#4025 = DIRECTION('',(0.,0.,1.));
#4026 = ORIENTED_EDGE('',*,*,#4027,.T.);
#4027 = EDGE_CURVE('',#4020,#3989,#4028,.T.);
#4028 = LINE('',#4029,#4030);
#4029 = CARTESIAN_POINT('',(-1.159903785388,-1.053089722084,2.));
#4030 = VECTOR('',#4031,1.);
#4031 = DIRECTION('',(0.,-1.,0.));
#4032 = ORIENTED_EDGE('',*,*,#3986,.F.);
#4033 = ORIENTED_EDGE('',*,*,#4034,.F.);
#4034 = EDGE_CURVE('',#4018,#3987,#4035,.T.);
#4035 = LINE('',#4036,#4037);
#4036 = CARTESIAN_POINT('',(-1.159903785388,-1.053089722084,1.));
#4037 = VECTOR('',#4038,1.);
#4038 = DIRECTION('',(0.,-1.,0.));
#4039 = PLANE('',#4040);
#4040 = AXIS2_PLACEMENT_3D('',#4041,#4042,#4043);
#4041 = CARTESIAN_POINT('',(-1.159903785388,-1.053089722084,1.));
#4042 = DIRECTION('',(1.,0.,-0.));
#4043 = DIRECTION('',(0.,-1.,0.));
#4044 = ADVANCED_FACE('',(#4045),#4070,.T.);
#4045 = FACE_BOUND('',#4046,.T.);
#4046 = EDGE_LOOP('',(#4047,#4057,#4063,#4064));
#4047 = ORIENTED_EDGE('',*,*,#4048,.T.);
#4048 = EDGE_CURVE('',#4049,#4051,#4053,.T.);
#4049 = VERTEX_POINT('',#4050);
#4050 = CARTESIAN_POINT('',(7.689178971301E-02,-1.053089722084,1.));
#4051 = VERTEX_POINT('',#4052);
#4052 = CARTESIAN_POINT('',(7.689178971301E-02,-1.053089722084,2.));
#4053 = LINE('',#4054,#4055);
#4054 = CARTESIAN_POINT('',(7.689178971301E-02,-1.053089722084,1.));
#4055 = VECTOR('',#4056,1.);
#4056 = DIRECTION('',(0.,0.,1.));
#4057 = ORIENTED_EDGE('',*,*,#4058,.T.);
#4058 = EDGE_CURVE('',#4051,#4020,#4059,.T.);
#4059 = LINE('',#4060,#4061);
#4060 = CARTESIAN_POINT('',(7.689178971301E-02,-1.053089722084,2.));
#4061 = VECTOR('',#4062,1.);
#4062 = DIRECTION('',(-1.,0.,0.));
#4063 = ORIENTED_EDGE('',*,*,#4017,.F.);
#4064 = ORIENTED_EDGE('',*,*,#4065,.F.);
#4065 = EDGE_CURVE('',#4049,#4018,#4066,.T.);
#4066 = LINE('',#4067,#4068);
#4067 = CARTESIAN_POINT('',(7.689178971301E-02,-1.053089722084,1.));
#4068 = VECTOR('',#4069,1.);
#4069 = DIRECTION('',(-1.,0.,0.));
#4070 = PLANE('',#4071);
#4071 = AXIS2_PLACEMENT_3D('',#4072,#4073,#4074);
#4072 = CARTESIAN_POINT('',(7.689178971301E-02,-1.053089722084,1.));
#4073 = DIRECTION('',(0.,-1.,0.));
#4074 = DIRECTION('',(-1.,0.,0.));
#4075 = ADVANCED_FACE('',(#4076),#4101,.T.);
#4076 = FACE_BOUND('',#4077,.T.);
#4077 = EDGE_LOOP('',(#4078,#4088,#4094,#4095));
#4078 = ORIENTED_EDGE('',*,*,#4079,.T.);
#4079 = EDGE_CURVE('',#4080,#4082,#4084,.T.);
#4080 = VERTEX_POINT('',#4081);
#4081 = CARTESIAN_POINT('',(1.377884671791,-0.866300947545,1.));
#4082 = VERTEX_POINT('',#4083);
#4083 = CARTESIAN_POINT('',(1.377884671791,-0.866300947545,2.));
#4084 = LINE('',#4085,#4086);
#4085 = CARTESIAN_POINT('',(1.377884671791,-0.866300947545,1.));
#4086 = VECTOR('',#4087,1.);
#4087 = DIRECTION('',(0.,0.,1.));
#4088 = ORIENTED_EDGE('',*,*,#4089,.T.);
#4089 = EDGE_CURVE('',#4082,#4051,#4090,.T.);
#4090 = B_SPLINE_CURVE_WITH_KNOTS('',2,(#4091,#4092,#4093),
  .UNSPECIFIED.,.F.,.F.,(3,3),(0.,1.),.PIECEWISE_BEZIER_KNOTS.);
#4091 = CARTESIAN_POINT('',(1.377884671791,-0.866300947545,2.));
#4092 = CARTESIAN_POINT('',(0.812440595081,-1.053089722084,2.));
#4093 = CARTESIAN_POINT('',(7.689178971301E-02,-1.053089722084,2.));
#4094 = ORIENTED_EDGE('',*,*,#4048,.F.);
#4095 = ORIENTED_EDGE('',*,*,#4096,.F.);
#4096 = EDGE_CURVE('',#4080,#4049,#4097,.T.);
#4097 = B_SPLINE_CURVE_WITH_KNOTS('',2,(#4098,#4099,#4100),
  .UNSPECIFIED.,.F.,.F.,(3,3),(0.,1.),.PIECEWISE_BEZIER_KNOTS.);
#4098 = CARTESIAN_POINT('',(1.377884671791,-0.866300947545,1.));
#4099 = CARTESIAN_POINT('',(0.812440595081,-1.053089722084,1.));
#4100 = CARTESIAN_POINT('',(7.689178971301E-02,-1.053089722084,1.));
#4101 = SURFACE_OF_LINEAR_EXTRUSION('',#4102,#4106);
#4102 = B_SPLINE_CURVE_WITH_KNOTS('',2,(#4103,#4104,#4105),
  .UNSPECIFIED.,.F.,.F.,(3,3),(0.,1.),.PIECEWISE_BEZIER_KNOTS.);
#4103 = CARTESIAN_POINT('',(1.377884671791,-0.866300947545,1.));
#4104 = CARTESIAN_POINT('',(0.812440595081,-1.053089722084,1.));
#4105 = CARTESIAN_POINT('',(7.689178971301E-02,-1.053089722084,1.));
#4106 = VECTOR('',#4107,1.);
#4107 = DIRECTION('',(-0.,-0.,-1.));
#4108 = ADVANCED_FACE('',(#4109),#4134,.T.);
#4109 = FACE_BOUND('',#4110,.T.);
#4110 = EDGE_LOOP('',(#4111,#4121,#4127,#4128));
#4111 = ORIENTED_EDGE('',*,*,#4112,.T.);
#4112 = EDGE_CURVE('',#4113,#4115,#4117,.T.);
#4113 = VERTEX_POINT('',#4114);
#4114 = CARTESIAN_POINT('',(2.321984050673,-0.34002810899,1.));
#4115 = VERTEX_POINT('',#4116);
#4116 = CARTESIAN_POINT('',(2.321984050673,-0.34002810899,2.));
#4117 = LINE('',#4118,#4119);
#4118 = CARTESIAN_POINT('',(2.321984050673,-0.34002810899,1.));
#4119 = VECTOR('',#4120,1.);
#4120 = DIRECTION('',(0.,0.,1.));
#4121 = ORIENTED_EDGE('',*,*,#4122,.T.);
#4122 = EDGE_CURVE('',#4115,#4082,#4123,.T.);
#4123 = B_SPLINE_CURVE_WITH_KNOTS('',2,(#4124,#4125,#4126),
  .UNSPECIFIED.,.F.,.F.,(3,3),(0.,1.),.PIECEWISE_BEZIER_KNOTS.);
#4124 = CARTESIAN_POINT('',(2.321984050673,-0.34002810899,2.));
#4125 = CARTESIAN_POINT('',(1.943328748502,-0.679512173006,2.));
#4126 = CARTESIAN_POINT('',(1.377884671791,-0.866300947545,2.));
#4127 = ORIENTED_EDGE('',*,*,#4079,.F.);
#4128 = ORIENTED_EDGE('',*,*,#4129,.F.);
#4129 = EDGE_CURVE('',#4113,#4080,#4130,.T.);
#4130 = B_SPLINE_CURVE_WITH_KNOTS('',2,(#4131,#4132,#4133),
  .UNSPECIFIED.,.F.,.F.,(3,3),(0.,1.),.PIECEWISE_BEZIER_KNOTS.);
#4131 = CARTESIAN_POINT('',(2.321984050673,-0.34002810899,1.));
#4132 = CARTESIAN_POINT('',(1.943328748502,-0.679512173006,1.));
#4133 = CARTESIAN_POINT('',(1.377884671791,-0.866300947545,1.));
#4134 = SURFACE_OF_LINEAR_EXTRUSION('',#4135,#4139);
#4135 = B_SPLINE_CURVE_WITH_KNOTS('',2,(#4136,#4137,#4138),
  .UNSPECIFIED.,.F.,.F.,(3,3),(0.,1.),.PIECEWISE_BEZIER_KNOTS.);
#4136 = CARTESIAN_POINT('',(2.321984050673,-0.34002810899,1.));
#4137 = CARTESIAN_POINT('',(1.943328748502,-0.679512173006,1.));
#4138 = CARTESIAN_POINT('',(1.377884671791,-0.866300947545,1.));
#4139 = VECTOR('',#4140,1.);
#4140 = DIRECTION('',(-0.,-0.,-1.));
#4141 = ADVANCED_FACE('',(#4142),#4167,.T.);
#4142 = FACE_BOUND('',#4143,.T.);
#4143 = EDGE_LOOP('',(#4144,#4154,#4160,#4161));
#4144 = ORIENTED_EDGE('',*,*,#4145,.T.);
#4145 = EDGE_CURVE('',#4146,#4148,#4150,.T.);
#4146 = VERTEX_POINT('',#4147);
#4147 = CARTESIAN_POINT('',(2.895770150324,0.470598902843,1.));
#4148 = VERTEX_POINT('',#4149);
#4149 = CARTESIAN_POINT('',(2.895770150324,0.470598902843,2.));
#4150 = LINE('',#4151,#4152);
#4151 = CARTESIAN_POINT('',(2.895770150324,0.470598902843,1.));
#4152 = VECTOR('',#4153,1.);
#4153 = DIRECTION('',(0.,0.,1.));
#4154 = ORIENTED_EDGE('',*,*,#4155,.T.);
#4155 = EDGE_CURVE('',#4148,#4115,#4156,.T.);
#4156 = B_SPLINE_CURVE_WITH_KNOTS('',2,(#4157,#4158,#4159),
  .UNSPECIFIED.,.F.,.F.,(3,3),(0.,1.),.PIECEWISE_BEZIER_KNOTS.);
#4157 = CARTESIAN_POINT('',(2.895770150324,0.470598902843,2.));
#4158 = CARTESIAN_POINT('',(2.701002049494,-1.813483247948E-04,2.));
#4159 = CARTESIAN_POINT('',(2.321984050673,-0.34002810899,2.));
#4160 = ORIENTED_EDGE('',*,*,#4112,.F.);
#4161 = ORIENTED_EDGE('',*,*,#4162,.F.);
#4162 = EDGE_CURVE('',#4146,#4113,#4163,.T.);
#4163 = B_SPLINE_CURVE_WITH_KNOTS('',2,(#4164,#4165,#4166),
  .UNSPECIFIED.,.F.,.F.,(3,3),(0.,1.),.PIECEWISE_BEZIER_KNOTS.);
#4164 = CARTESIAN_POINT('',(2.895770150324,0.470598902843,1.));
#4165 = CARTESIAN_POINT('',(2.701002049494,-1.813483247948E-04,1.));
#4166 = CARTESIAN_POINT('',(2.321984050673,-0.34002810899,1.));
#4167 = SURFACE_OF_LINEAR_EXTRUSION('',#4168,#4172);
#4168 = B_SPLINE_CURVE_WITH_KNOTS('',2,(#4169,#4170,#4171),
  .UNSPECIFIED.,.F.,.F.,(3,3),(0.,1.),.PIECEWISE_BEZIER_KNOTS.);
#4169 = CARTESIAN_POINT('',(2.895770150324,0.470598902843,1.));
#4170 = CARTESIAN_POINT('',(2.701002049494,-1.813483247948E-04,1.));
#4171 = CARTESIAN_POINT('',(2.321984050673,-0.34002810899,1.));
#4172 = VECTOR('',#4173,1.);
#4173 = DIRECTION('',(-0.,-0.,-1.));
#4174 = ADVANCED_FACE('',(#4175),#4200,.T.);
#4175 = FACE_BOUND('',#4176,.T.);
#4176 = EDGE_LOOP('',(#4177,#4187,#4193,#4194));
#4177 = ORIENTED_EDGE('',*,*,#4178,.T.);
#4178 = EDGE_CURVE('',#4179,#4181,#4183,.T.);
#4179 = VERTEX_POINT('',#4180);
#4180 = CARTESIAN_POINT('',(3.090900947803,1.504284354173,1.));
#4181 = VERTEX_POINT('',#4182);
#4182 = CARTESIAN_POINT('',(3.090900947803,1.504284354173,2.));
#4183 = LINE('',#4184,#4185);
#4184 = CARTESIAN_POINT('',(3.090900947803,1.504284354173,1.));
#4185 = VECTOR('',#4186,1.);
#4186 = DIRECTION('',(0.,0.,1.));
#4187 = ORIENTED_EDGE('',*,*,#4188,.T.);
#4188 = EDGE_CURVE('',#4181,#4148,#4189,.T.);
#4189 = B_SPLINE_CURVE_WITH_KNOTS('',2,(#4190,#4191,#4192),
  .UNSPECIFIED.,.F.,.F.,(3,3),(0.,1.),.PIECEWISE_BEZIER_KNOTS.);
#4190 = CARTESIAN_POINT('',(3.090900947803,1.504284354173,2.));
#4191 = CARTESIAN_POINT('',(3.090900947803,0.94137915401,2.));
#4192 = CARTESIAN_POINT('',(2.895770150324,0.470598902843,2.));
#4193 = ORIENTED_EDGE('',*,*,#4145,.F.);
#4194 = ORIENTED_EDGE('',*,*,#4195,.F.);
#4195 = EDGE_CURVE('',#4179,#4146,#4196,.T.);
#4196 = B_SPLINE_CURVE_WITH_KNOTS('',2,(#4197,#4198,#4199),
  .UNSPECIFIED.,.F.,.F.,(3,3),(0.,1.),.PIECEWISE_BEZIER_KNOTS.);
#4197 = CARTESIAN_POINT('',(3.090900947803,1.504284354173,1.));
#4198 = CARTESIAN_POINT('',(3.090900947803,0.94137915401,1.));
#4199 = CARTESIAN_POINT('',(2.895770150324,0.470598902843,1.));
#4200 = SURFACE_OF_LINEAR_EXTRUSION('',#4201,#4205);
#4201 = B_SPLINE_CURVE_WITH_KNOTS('',2,(#4202,#4203,#4204),
  .UNSPECIFIED.,.F.,.F.,(3,3),(0.,1.),.PIECEWISE_BEZIER_KNOTS.);
#4202 = CARTESIAN_POINT('',(3.090900947803,1.504284354173,1.));
#4203 = CARTESIAN_POINT('',(3.090900947803,0.94137915401,1.));
#4204 = CARTESIAN_POINT('',(2.895770150324,0.470598902843,1.));
#4205 = VECTOR('',#4206,1.);
#4206 = DIRECTION('',(-0.,-0.,-1.));
#4207 = ADVANCED_FACE('',(#4208),#4233,.T.);
#4208 = FACE_BOUND('',#4209,.T.);
#4209 = EDGE_LOOP('',(#4210,#4220,#4226,#4227));
#4210 = ORIENTED_EDGE('',*,*,#4211,.T.);
#4211 = EDGE_CURVE('',#4212,#4214,#4216,.T.);
#4212 = VERTEX_POINT('',#4213);
#4213 = CARTESIAN_POINT('',(2.909915319658,2.529265085914,1.));
#4214 = VERTEX_POINT('',#4215);
#4215 = CARTESIAN_POINT('',(2.909915319658,2.529265085914,2.));
#4216 = LINE('',#4217,#4218);
#4217 = CARTESIAN_POINT('',(2.909915319658,2.529265085914,1.));
#4218 = VECTOR('',#4219,1.);
#4219 = DIRECTION('',(0.,0.,1.));
#4220 = ORIENTED_EDGE('',*,*,#4221,.T.);
#4221 = EDGE_CURVE('',#4214,#4181,#4222,.T.);
#4222 = B_SPLINE_CURVE_WITH_KNOTS('',2,(#4223,#4224,#4225),
  .UNSPECIFIED.,.F.,.F.,(3,3),(0.,1.),.PIECEWISE_BEZIER_KNOTS.);
#4223 = CARTESIAN_POINT('',(2.909915319658,2.529265085914,2.));
#4224 = CARTESIAN_POINT('',(3.090900947803,2.066826857687,2.));
#4225 = CARTESIAN_POINT('',(3.090900947803,1.504284354173,2.));
#4226 = ORIENTED_EDGE('',*,*,#4178,.F.);
#4227 = ORIENTED_EDGE('',*,*,#4228,.F.);
#4228 = EDGE_CURVE('',#4212,#4179,#4229,.T.);
#4229 = B_SPLINE_CURVE_WITH_KNOTS('',2,(#4230,#4231,#4232),
  .UNSPECIFIED.,.F.,.F.,(3,3),(0.,1.),.PIECEWISE_BEZIER_KNOTS.);
#4230 = CARTESIAN_POINT('',(2.909915319658,2.529265085914,1.));
#4231 = CARTESIAN_POINT('',(3.090900947803,2.066826857687,1.));
#4232 = CARTESIAN_POINT('',(3.090900947803,1.504284354173,1.));
#4233 = SURFACE_OF_LINEAR_EXTRUSION('',#4234,#4238);
#4234 = B_SPLINE_CURVE_WITH_KNOTS('',2,(#4235,#4236,#4237),
  .UNSPECIFIED.,.F.,.F.,(3,3),(0.,1.),.PIECEWISE_BEZIER_KNOTS.);
#4235 = CARTESIAN_POINT('',(2.909915319658,2.529265085914,1.));
#4236 = CARTESIAN_POINT('',(3.090900947803,2.066826857687,1.));
#4237 = CARTESIAN_POINT('',(3.090900947803,1.504284354173,1.));
#4238 = VECTOR('',#4239,1.);
#4239 = DIRECTION('',(-0.,-0.,-1.));
#4240 = ADVANCED_FACE('',(#4241),#4266,.T.);
#4241 = FACE_BOUND('',#4242,.T.);
#4242 = EDGE_LOOP('',(#4243,#4253,#4259,#4260));
#4243 = ORIENTED_EDGE('',*,*,#4244,.T.);
#4244 = EDGE_CURVE('',#4245,#4247,#4249,.T.);
#4245 = VERTEX_POINT('',#4246);
#4246 = CARTESIAN_POINT('',(2.355352142436,3.317404905472,1.));
#4247 = VERTEX_POINT('',#4248);
#4248 = CARTESIAN_POINT('',(2.355352142436,3.317404905472,2.));
#4249 = LINE('',#4250,#4251);
#4250 = CARTESIAN_POINT('',(2.355352142436,3.317404905472,1.));
#4251 = VECTOR('',#4252,1.);
#4252 = DIRECTION('',(0.,0.,1.));
#4253 = ORIENTED_EDGE('',*,*,#4254,.T.);
#4254 = EDGE_CURVE('',#4247,#4214,#4255,.T.);
#4255 = B_SPLINE_CURVE_WITH_KNOTS('',2,(#4256,#4257,#4258),
  .UNSPECIFIED.,.F.,.F.,(3,3),(0.,1.),.PIECEWISE_BEZIER_KNOTS.);
#4256 = CARTESIAN_POINT('',(2.355352142436,3.317404905472,2.));
#4257 = CARTESIAN_POINT('',(2.728929691513,2.991703314141,2.));
#4258 = CARTESIAN_POINT('',(2.909915319658,2.529265085914,2.));
#4259 = ORIENTED_EDGE('',*,*,#4211,.F.);
#4260 = ORIENTED_EDGE('',*,*,#4261,.F.);
#4261 = EDGE_CURVE('',#4245,#4212,#4262,.T.);
#4262 = B_SPLINE_CURVE_WITH_KNOTS('',2,(#4263,#4264,#4265),
  .UNSPECIFIED.,.F.,.F.,(3,3),(0.,1.),.PIECEWISE_BEZIER_KNOTS.);
#4263 = CARTESIAN_POINT('',(2.355352142436,3.317404905472,1.));
#4264 = CARTESIAN_POINT('',(2.728929691513,2.991703314141,1.));
#4265 = CARTESIAN_POINT('',(2.909915319658,2.529265085914,1.));
#4266 = SURFACE_OF_LINEAR_EXTRUSION('',#4267,#4271);
#4267 = B_SPLINE_CURVE_WITH_KNOTS('',2,(#4268,#4269,#4270),
  .UNSPECIFIED.,.F.,.F.,(3,3),(0.,1.),.PIECEWISE_BEZIER_KNOTS.);
#4268 = CARTESIAN_POINT('',(2.355352142436,3.317404905472,1.));
#4269 = CARTESIAN_POINT('',(2.728929691513,2.991703314141,1.));
#4270 = CARTESIAN_POINT('',(2.909915319658,2.529265085914,1.));
#4271 = VECTOR('',#4272,1.);
#4272 = DIRECTION('',(-0.,-0.,-1.));
#4273 = ADVANCED_FACE('',(#4274),#4290,.T.);
#4274 = FACE_BOUND('',#4275,.T.);
#4275 = EDGE_LOOP('',(#4276,#4277,#4283,#4284));
#4276 = ORIENTED_EDGE('',*,*,#3900,.T.);
#4277 = ORIENTED_EDGE('',*,*,#4278,.T.);
#4278 = EDGE_CURVE('',#3893,#4247,#4279,.T.);
#4279 = B_SPLINE_CURVE_WITH_KNOTS('',2,(#4280,#4281,#4282),
  .UNSPECIFIED.,.F.,.F.,(3,3),(0.,1.),.PIECEWISE_BEZIER_KNOTS.);
#4280 = CARTESIAN_POINT('',(1.413791640101,3.821553248402,2.));
#4281 = CARTESIAN_POINT('',(1.982137290008,3.643469193453,2.));
#4282 = CARTESIAN_POINT('',(2.355352142436,3.317404905472,2.));
#4283 = ORIENTED_EDGE('',*,*,#4244,.F.);
#4284 = ORIENTED_EDGE('',*,*,#4285,.F.);
#4285 = EDGE_CURVE('',#3901,#4245,#4286,.T.);
#4286 = B_SPLINE_CURVE_WITH_KNOTS('',2,(#4287,#4288,#4289),
  .UNSPECIFIED.,.F.,.F.,(3,3),(0.,1.),.PIECEWISE_BEZIER_KNOTS.);
#4287 = CARTESIAN_POINT('',(1.413791640101,3.821553248402,1.));
#4288 = CARTESIAN_POINT('',(1.982137290008,3.643469193453,1.));
#4289 = CARTESIAN_POINT('',(2.355352142436,3.317404905472,1.));
#4290 = SURFACE_OF_LINEAR_EXTRUSION('',#4291,#4295);
#4291 = B_SPLINE_CURVE_WITH_KNOTS('',2,(#4292,#4293,#4294),
  .UNSPECIFIED.,.F.,.F.,(3,3),(0.,1.),.PIECEWISE_BEZIER_KNOTS.);
#4292 = CARTESIAN_POINT('',(1.413791640101,3.821553248402,1.));
#4293 = CARTESIAN_POINT('',(1.982137290008,3.643469193453,1.));
#4294 = CARTESIAN_POINT('',(2.355352142436,3.317404905472,1.));
#4295 = VECTOR('',#4296,1.);
#4296 = DIRECTION('',(-0.,-0.,-1.));
#4297 = ADVANCED_FACE('',(#4298),#4332,.T.);
#4298 = FACE_BOUND('',#4299,.T.);
#4299 = EDGE_LOOP('',(#4300,#4310,#4318,#4326));
#4300 = ORIENTED_EDGE('',*,*,#4301,.T.);
#4301 = EDGE_CURVE('',#4302,#4304,#4306,.T.);
#4302 = VERTEX_POINT('',#4303);
#4303 = CARTESIAN_POINT('',(7.689178971301E-02,-0.116969669493,1.));
#4304 = VERTEX_POINT('',#4305);
#4305 = CARTESIAN_POINT('',(7.689178971301E-02,-0.116969669493,2.));
#4306 = LINE('',#4307,#4308);
#4307 = CARTESIAN_POINT('',(7.689178971301E-02,-0.116969669493,1.));
#4308 = VECTOR('',#4309,1.);
#4309 = DIRECTION('',(0.,0.,1.));
#4310 = ORIENTED_EDGE('',*,*,#4311,.T.);
#4311 = EDGE_CURVE('',#4304,#4312,#4314,.T.);
#4312 = VERTEX_POINT('',#4313);
#4313 = CARTESIAN_POINT('',(0.870834755665,-1.813483247948E-04,2.));
#4314 = B_SPLINE_CURVE_WITH_KNOTS('',2,(#4315,#4316,#4317),
  .UNSPECIFIED.,.F.,.F.,(3,3),(0.,1.),.PIECEWISE_BEZIER_KNOTS.);
#4315 = CARTESIAN_POINT('',(7.689178971301E-02,-0.116969669493,2.));
#4316 = CARTESIAN_POINT('',(0.528086421803,-0.116969669493,2.));
#4317 = CARTESIAN_POINT('',(0.870834755665,-1.813483247948E-04,2.));
#4318 = ORIENTED_EDGE('',*,*,#4319,.F.);
#4319 = EDGE_CURVE('',#4320,#4312,#4322,.T.);
#4320 = VERTEX_POINT('',#4321);
#4321 = CARTESIAN_POINT('',(0.870834755665,-1.813483247948E-04,1.));
#4322 = LINE('',#4323,#4324);
#4323 = CARTESIAN_POINT('',(0.870834755665,-1.813483247948E-04,1.));
#4324 = VECTOR('',#4325,1.);
#4325 = DIRECTION('',(0.,0.,1.));
#4326 = ORIENTED_EDGE('',*,*,#4327,.F.);
#4327 = EDGE_CURVE('',#4302,#4320,#4328,.T.);
#4328 = B_SPLINE_CURVE_WITH_KNOTS('',2,(#4329,#4330,#4331),
  .UNSPECIFIED.,.F.,.F.,(3,3),(0.,1.),.PIECEWISE_BEZIER_KNOTS.);
#4329 = CARTESIAN_POINT('',(7.689178971301E-02,-0.116969669493,1.));
#4330 = CARTESIAN_POINT('',(0.528086421803,-0.116969669493,1.));
#4331 = CARTESIAN_POINT('',(0.870834755665,-1.813483247948E-04,1.));
#4332 = SURFACE_OF_LINEAR_EXTRUSION('',#4333,#4337);
#4333 = B_SPLINE_CURVE_WITH_KNOTS('',2,(#4334,#4335,#4336),
  .UNSPECIFIED.,.F.,.F.,(3,3),(0.,1.),.PIECEWISE_BEZIER_KNOTS.);
#4334 = CARTESIAN_POINT('',(7.689178971301E-02,-0.116969669493,1.));
#4335 = CARTESIAN_POINT('',(0.528086421803,-0.116969669493,1.));
#4336 = CARTESIAN_POINT('',(0.870834755665,-1.813483247948E-04,1.));
#4337 = VECTOR('',#4338,1.);
#4338 = DIRECTION('',(-0.,-0.,-1.));
#4339 = ADVANCED_FACE('',(#4340),#4365,.T.);
#4340 = FACE_BOUND('',#4341,.T.);
#4341 = EDGE_LOOP('',(#4342,#4352,#4358,#4359));
#4342 = ORIENTED_EDGE('',*,*,#4343,.T.);
#4343 = EDGE_CURVE('',#4344,#4346,#4348,.T.);
#4344 = VERTEX_POINT('',#4345);
#4345 = CARTESIAN_POINT('',(-1.159903785388,-0.116969669493,1.));
#4346 = VERTEX_POINT('',#4347);
#4347 = CARTESIAN_POINT('',(-1.159903785388,-0.116969669493,2.));
#4348 = LINE('',#4349,#4350);
#4349 = CARTESIAN_POINT('',(-1.159903785388,-0.116969669493,1.));
#4350 = VECTOR('',#4351,1.);
#4351 = DIRECTION('',(0.,0.,1.));
#4352 = ORIENTED_EDGE('',*,*,#4353,.T.);
#4353 = EDGE_CURVE('',#4346,#4304,#4354,.T.);
#4354 = LINE('',#4355,#4356);
#4355 = CARTESIAN_POINT('',(-1.159903785388,-0.116969669493,2.));
#4356 = VECTOR('',#4357,1.);
#4357 = DIRECTION('',(1.,0.,0.));
#4358 = ORIENTED_EDGE('',*,*,#4301,.F.);
#4359 = ORIENTED_EDGE('',*,*,#4360,.F.);
#4360 = EDGE_CURVE('',#4344,#4302,#4361,.T.);
#4361 = LINE('',#4362,#4363);
#4362 = CARTESIAN_POINT('',(-1.159903785388,-0.116969669493,1.));
#4363 = VECTOR('',#4364,1.);
#4364 = DIRECTION('',(1.,0.,0.));
#4365 = PLANE('',#4366);
#4366 = AXIS2_PLACEMENT_3D('',#4367,#4368,#4369);
#4367 = CARTESIAN_POINT('',(-1.159903785388,-0.116969669493,1.));
#4368 = DIRECTION('',(0.,1.,0.));
#4369 = DIRECTION('',(1.,0.,0.));
#4370 = ADVANCED_FACE('',(#4371),#4396,.T.);
#4371 = FACE_BOUND('',#4372,.T.);
#4372 = EDGE_LOOP('',(#4373,#4383,#4389,#4390));
#4373 = ORIENTED_EDGE('',*,*,#4374,.T.);
#4374 = EDGE_CURVE('',#4375,#4377,#4379,.T.);
#4375 = VERTEX_POINT('',#4376);
#4376 = CARTESIAN_POINT('',(-1.159903785388,3.069683093802,1.));
#4377 = VERTEX_POINT('',#4378);
#4378 = CARTESIAN_POINT('',(-1.159903785388,3.069683093802,2.));
#4379 = LINE('',#4380,#4381);
#4380 = CARTESIAN_POINT('',(-1.159903785388,3.069683093802,1.));
#4381 = VECTOR('',#4382,1.);
#4382 = DIRECTION('',(0.,0.,1.));
#4383 = ORIENTED_EDGE('',*,*,#4384,.T.);
#4384 = EDGE_CURVE('',#4377,#4346,#4385,.T.);
#4385 = LINE('',#4386,#4387);
#4386 = CARTESIAN_POINT('',(-1.159903785388,3.069683093802,2.));
#4387 = VECTOR('',#4388,1.);
#4388 = DIRECTION('',(0.,-1.,0.));
#4389 = ORIENTED_EDGE('',*,*,#4343,.F.);
#4390 = ORIENTED_EDGE('',*,*,#4391,.F.);
#4391 = EDGE_CURVE('',#4375,#4344,#4392,.T.);
#4392 = LINE('',#4393,#4394);
#4393 = CARTESIAN_POINT('',(-1.159903785388,3.069683093802,1.));
#4394 = VECTOR('',#4395,1.);
#4395 = DIRECTION('',(0.,-1.,0.));
#4396 = PLANE('',#4397);
#4397 = AXIS2_PLACEMENT_3D('',#4398,#4399,#4400);
#4398 = CARTESIAN_POINT('',(-1.159903785388,3.069683093802,1.));
#4399 = DIRECTION('',(1.,0.,-0.));
#4400 = DIRECTION('',(0.,-1.,0.));
#4401 = ADVANCED_FACE('',(#4402),#4427,.T.);
#4402 = FACE_BOUND('',#4403,.T.);
#4403 = EDGE_LOOP('',(#4404,#4414,#4420,#4421));
#4404 = ORIENTED_EDGE('',*,*,#4405,.T.);
#4405 = EDGE_CURVE('',#4406,#4408,#4410,.T.);
#4406 = VERTEX_POINT('',#4407);
#4407 = CARTESIAN_POINT('',(7.689178971301E-02,3.069683093802,1.));
#4408 = VERTEX_POINT('',#4409);
#4409 = CARTESIAN_POINT('',(7.689178971301E-02,3.069683093802,2.));
#4410 = LINE('',#4411,#4412);
#4411 = CARTESIAN_POINT('',(7.689178971301E-02,3.069683093802,1.));
#4412 = VECTOR('',#4413,1.);
#4413 = DIRECTION('',(0.,0.,1.));
#4414 = ORIENTED_EDGE('',*,*,#4415,.T.);
#4415 = EDGE_CURVE('',#4408,#4377,#4416,.T.);
#4416 = LINE('',#4417,#4418);
#4417 = CARTESIAN_POINT('',(7.689178971301E-02,3.069683093802,2.));
#4418 = VECTOR('',#4419,1.);
#4419 = DIRECTION('',(-1.,0.,0.));
#4420 = ORIENTED_EDGE('',*,*,#4374,.F.);
#4421 = ORIENTED_EDGE('',*,*,#4422,.F.);
#4422 = EDGE_CURVE('',#4406,#4375,#4423,.T.);
#4423 = LINE('',#4424,#4425);
#4424 = CARTESIAN_POINT('',(7.689178971301E-02,3.069683093802,1.));
#4425 = VECTOR('',#4426,1.);
#4426 = DIRECTION('',(-1.,0.,0.));
#4427 = PLANE('',#4428);
#4428 = AXIS2_PLACEMENT_3D('',#4429,#4430,#4431);
#4429 = CARTESIAN_POINT('',(7.689178971301E-02,3.069683093802,1.));
#4430 = DIRECTION('',(0.,-1.,0.));
#4431 = DIRECTION('',(-1.,0.,0.));
#4432 = ADVANCED_FACE('',(#4433),#4458,.T.);
#4433 = FACE_BOUND('',#4434,.T.);
#4434 = EDGE_LOOP('',(#4435,#4445,#4451,#4452));
#4435 = ORIENTED_EDGE('',*,*,#4436,.T.);
#4436 = EDGE_CURVE('',#4437,#4439,#4441,.T.);
#4437 = VERTEX_POINT('',#4438);
#4438 = CARTESIAN_POINT('',(1.455864451453,2.651856553475,1.));
#4439 = VERTEX_POINT('',#4440);
#4440 = CARTESIAN_POINT('',(1.455864451453,2.651856553475,2.));
#4441 = LINE('',#4442,#4443);
#4442 = CARTESIAN_POINT('',(1.455864451453,2.651856553475,1.));
#4443 = VECTOR('',#4444,1.);
#4444 = DIRECTION('',(0.,0.,1.));
#4445 = ORIENTED_EDGE('',*,*,#4446,.T.);
#4446 = EDGE_CURVE('',#4439,#4408,#4447,.T.);
#4447 = B_SPLINE_CURVE_WITH_KNOTS('',2,(#4448,#4449,#4450),
  .UNSPECIFIED.,.F.,.F.,(3,3),(0.,1.),.PIECEWISE_BEZIER_KNOTS.);
#4448 = CARTESIAN_POINT('',(1.455864451453,2.651856553475,2.));
#4449 = CARTESIAN_POINT('',(1.001768246167,3.069683093802,2.));
#4450 = CARTESIAN_POINT('',(7.689178971301E-02,3.069683093802,2.));
#4451 = ORIENTED_EDGE('',*,*,#4405,.F.);
#4452 = ORIENTED_EDGE('',*,*,#4453,.F.);
#4453 = EDGE_CURVE('',#4437,#4406,#4454,.T.);
#4454 = B_SPLINE_CURVE_WITH_KNOTS('',2,(#4455,#4456,#4457),
  .UNSPECIFIED.,.F.,.F.,(3,3),(0.,1.),.PIECEWISE_BEZIER_KNOTS.);
#4455 = CARTESIAN_POINT('',(1.455864451453,2.651856553475,1.));
#4456 = CARTESIAN_POINT('',(1.001768246167,3.069683093802,1.));
#4457 = CARTESIAN_POINT('',(7.689178971301E-02,3.069683093802,1.));
#4458 = SURFACE_OF_LINEAR_EXTRUSION('',#4459,#4463);
#4459 = B_SPLINE_CURVE_WITH_KNOTS('',2,(#4460,#4461,#4462),
  .UNSPECIFIED.,.F.,.F.,(3,3),(0.,1.),.PIECEWISE_BEZIER_KNOTS.);
#4460 = CARTESIAN_POINT('',(1.455864451453,2.651856553475,1.));
#4461 = CARTESIAN_POINT('',(1.001768246167,3.069683093802,1.));
#4462 = CARTESIAN_POINT('',(7.689178971301E-02,3.069683093802,1.));
#4463 = VECTOR('',#4464,1.);
#4464 = DIRECTION('',(-0.,-0.,-1.));
#4465 = ADVANCED_FACE('',(#4466),#4491,.T.);
#4466 = FACE_BOUND('',#4467,.T.);
#4467 = EDGE_LOOP('',(#4468,#4478,#4484,#4485));
#4468 = ORIENTED_EDGE('',*,*,#4469,.T.);
#4469 = EDGE_CURVE('',#4470,#4472,#4474,.T.);
#4470 = VERTEX_POINT('',#4471);
#4471 = CARTESIAN_POINT('',(1.909960656739,1.504284354173,1.));
#4472 = VERTEX_POINT('',#4473);
#4473 = CARTESIAN_POINT('',(1.909960656739,1.504284354173,2.));
#4474 = LINE('',#4475,#4476);
#4475 = CARTESIAN_POINT('',(1.909960656739,1.504284354173,1.));
#4476 = VECTOR('',#4477,1.);
#4477 = DIRECTION('',(0.,0.,1.));
#4478 = ORIENTED_EDGE('',*,*,#4479,.T.);
#4479 = EDGE_CURVE('',#4472,#4439,#4480,.T.);
#4480 = B_SPLINE_CURVE_WITH_KNOTS('',2,(#4481,#4482,#4483),
  .UNSPECIFIED.,.F.,.F.,(3,3),(0.,1.),.PIECEWISE_BEZIER_KNOTS.);
#4481 = CARTESIAN_POINT('',(1.909960656739,1.504284354173,2.));
#4482 = CARTESIAN_POINT('',(1.909960656739,2.234030013148,2.));
#4483 = CARTESIAN_POINT('',(1.455864451453,2.651856553475,2.));
#4484 = ORIENTED_EDGE('',*,*,#4436,.F.);
#4485 = ORIENTED_EDGE('',*,*,#4486,.F.);
#4486 = EDGE_CURVE('',#4470,#4437,#4487,.T.);
#4487 = B_SPLINE_CURVE_WITH_KNOTS('',2,(#4488,#4489,#4490),
  .UNSPECIFIED.,.F.,.F.,(3,3),(0.,1.),.PIECEWISE_BEZIER_KNOTS.);
#4488 = CARTESIAN_POINT('',(1.909960656739,1.504284354173,1.));
#4489 = CARTESIAN_POINT('',(1.909960656739,2.234030013148,1.));
#4490 = CARTESIAN_POINT('',(1.455864451453,2.651856553475,1.));
#4491 = SURFACE_OF_LINEAR_EXTRUSION('',#4492,#4496);
#4492 = B_SPLINE_CURVE_WITH_KNOTS('',2,(#4493,#4494,#4495),
  .UNSPECIFIED.,.F.,.F.,(3,3),(0.,1.),.PIECEWISE_BEZIER_KNOTS.);
#4493 = CARTESIAN_POINT('',(1.909960656739,1.504284354173,1.));
#4494 = CARTESIAN_POINT('',(1.909960656739,2.234030013148,1.));
#4495 = CARTESIAN_POINT('',(1.455864451453,2.651856553475,1.));
#4496 = VECTOR('',#4497,1.);
#4497 = DIRECTION('',(-0.,-0.,-1.));
#4498 = ADVANCED_FACE('',(#4499),#4524,.T.);
#4499 = FACE_BOUND('',#4500,.T.);
#4500 = EDGE_LOOP('',(#4501,#4511,#4517,#4518));
#4501 = ORIENTED_EDGE('',*,*,#4502,.T.);
#4502 = EDGE_CURVE('',#4503,#4505,#4507,.T.);
#4503 = VERTEX_POINT('',#4504);
#4504 = CARTESIAN_POINT('',(1.792809638922,0.84381375527,1.));
#4505 = VERTEX_POINT('',#4506);
#4506 = CARTESIAN_POINT('',(1.792809638922,0.84381375527,2.));
#4507 = LINE('',#4508,#4509);
#4508 = CARTESIAN_POINT('',(1.792809638922,0.84381375527,1.));
#4509 = VECTOR('',#4510,1.);
#4510 = DIRECTION('',(0.,0.,1.));
#4511 = ORIENTED_EDGE('',*,*,#4512,.T.);
#4512 = EDGE_CURVE('',#4505,#4472,#4513,.T.);
#4513 = B_SPLINE_CURVE_WITH_KNOTS('',2,(#4514,#4515,#4516),
  .UNSPECIFIED.,.F.,.F.,(3,3),(0.,1.),.PIECEWISE_BEZIER_KNOTS.);
#4514 = CARTESIAN_POINT('',(1.792809638922,0.84381375527,2.));
#4515 = CARTESIAN_POINT('',(1.909960656739,1.141950401233,2.));
#4516 = CARTESIAN_POINT('',(1.909960656739,1.504284354173,2.));
#4517 = ORIENTED_EDGE('',*,*,#4469,.F.);
#4518 = ORIENTED_EDGE('',*,*,#4519,.F.);
#4519 = EDGE_CURVE('',#4503,#4470,#4520,.T.);
#4520 = B_SPLINE_CURVE_WITH_KNOTS('',2,(#4521,#4522,#4523),
  .UNSPECIFIED.,.F.,.F.,(3,3),(0.,1.),.PIECEWISE_BEZIER_KNOTS.);
#4521 = CARTESIAN_POINT('',(1.792809638922,0.84381375527,1.));
#4522 = CARTESIAN_POINT('',(1.909960656739,1.141950401233,1.));
#4523 = CARTESIAN_POINT('',(1.909960656739,1.504284354173,1.));
#4524 = SURFACE_OF_LINEAR_EXTRUSION('',#4525,#4529);
#4525 = B_SPLINE_CURVE_WITH_KNOTS('',2,(#4526,#4527,#4528),
  .UNSPECIFIED.,.F.,.F.,(3,3),(0.,1.),.PIECEWISE_BEZIER_KNOTS.);
#4526 = CARTESIAN_POINT('',(1.792809638922,0.84381375527,1.));
#4527 = CARTESIAN_POINT('',(1.909960656739,1.141950401233,1.));
#4528 = CARTESIAN_POINT('',(1.909960656739,1.504284354173,1.));
#4529 = VECTOR('',#4530,1.);
#4530 = DIRECTION('',(-0.,-0.,-1.));
#4531 = ADVANCED_FACE('',(#4532),#4557,.T.);
#4532 = FACE_BOUND('',#4533,.T.);
#4533 = EDGE_LOOP('',(#4534,#4544,#4550,#4551));
#4534 = ORIENTED_EDGE('',*,*,#4535,.T.);
#4535 = EDGE_CURVE('',#4536,#4538,#4540,.T.);
#4536 = VERTEX_POINT('',#4537);
#4537 = CARTESIAN_POINT('',(1.444620855316,0.3313233894,1.));
#4538 = VERTEX_POINT('',#4539);
#4539 = CARTESIAN_POINT('',(1.444620855316,0.3313233894,2.));
#4540 = LINE('',#4541,#4542);
#4541 = CARTESIAN_POINT('',(1.444620855316,0.3313233894,1.));
#4542 = VECTOR('',#4543,1.);
#4543 = DIRECTION('',(0.,0.,1.));
#4544 = ORIENTED_EDGE('',*,*,#4545,.T.);
#4545 = EDGE_CURVE('',#4538,#4505,#4546,.T.);
#4546 = B_SPLINE_CURVE_WITH_KNOTS('',2,(#4547,#4548,#4549),
  .UNSPECIFIED.,.F.,.F.,(3,3),(0.,1.),.PIECEWISE_BEZIER_KNOTS.);
#4547 = CARTESIAN_POINT('',(1.444620855316,0.3313233894,2.));
#4548 = CARTESIAN_POINT('',(1.676021317754,0.546039805957,2.));
#4549 = CARTESIAN_POINT('',(1.792809638922,0.84381375527,2.));
#4550 = ORIENTED_EDGE('',*,*,#4502,.F.);
#4551 = ORIENTED_EDGE('',*,*,#4552,.F.);
#4552 = EDGE_CURVE('',#4536,#4503,#4553,.T.);
#4553 = B_SPLINE_CURVE_WITH_KNOTS('',2,(#4554,#4555,#4556),
  .UNSPECIFIED.,.F.,.F.,(3,3),(0.,1.),.PIECEWISE_BEZIER_KNOTS.);
#4554 = CARTESIAN_POINT('',(1.444620855316,0.3313233894,1.));
#4555 = CARTESIAN_POINT('',(1.676021317754,0.546039805957,1.));
#4556 = CARTESIAN_POINT('',(1.792809638922,0.84381375527,1.));
#4557 = SURFACE_OF_LINEAR_EXTRUSION('',#4558,#4562);
#4558 = B_SPLINE_CURVE_WITH_KNOTS('',2,(#4559,#4560,#4561),
  .UNSPECIFIED.,.F.,.F.,(3,3),(0.,1.),.PIECEWISE_BEZIER_KNOTS.);
#4559 = CARTESIAN_POINT('',(1.444620855316,0.3313233894,1.));
#4560 = CARTESIAN_POINT('',(1.676021317754,0.546039805957,1.));
#4561 = CARTESIAN_POINT('',(1.792809638922,0.84381375527,1.));
#4562 = VECTOR('',#4563,1.);
#4563 = DIRECTION('',(-0.,-0.,-1.));
#4564 = ADVANCED_FACE('',(#4565),#4581,.T.);
#4565 = FACE_BOUND('',#4566,.T.);
#4566 = EDGE_LOOP('',(#4567,#4568,#4574,#4575));
#4567 = ORIENTED_EDGE('',*,*,#4319,.T.);
#4568 = ORIENTED_EDGE('',*,*,#4569,.T.);
#4569 = EDGE_CURVE('',#4312,#4538,#4570,.T.);
#4570 = B_SPLINE_CURVE_WITH_KNOTS('',2,(#4571,#4572,#4573),
  .UNSPECIFIED.,.F.,.F.,(3,3),(0.,1.),.PIECEWISE_BEZIER_KNOTS.);
#4571 = CARTESIAN_POINT('',(0.870834755665,-1.813483247948E-04,2.));
#4572 = CARTESIAN_POINT('',(1.213583089527,0.116969669493,2.));
#4573 = CARTESIAN_POINT('',(1.444620855316,0.3313233894,2.));
#4574 = ORIENTED_EDGE('',*,*,#4535,.F.);
#4575 = ORIENTED_EDGE('',*,*,#4576,.F.);
#4576 = EDGE_CURVE('',#4320,#4536,#4577,.T.);
#4577 = B_SPLINE_CURVE_WITH_KNOTS('',2,(#4578,#4579,#4580),
  .UNSPECIFIED.,.F.,.F.,(3,3),(0.,1.),.PIECEWISE_BEZIER_KNOTS.);
#4578 = CARTESIAN_POINT('',(0.870834755665,-1.813483247948E-04,1.));
#4579 = CARTESIAN_POINT('',(1.213583089527,0.116969669493,1.));
#4580 = CARTESIAN_POINT('',(1.444620855316,0.3313233894,1.));
#4581 = SURFACE_OF_LINEAR_EXTRUSION('',#4582,#4586);
#4582 = B_SPLINE_CURVE_WITH_KNOTS('',2,(#4583,#4584,#4585),
  .UNSPECIFIED.,.F.,.F.,(3,3),(0.,1.),.PIECEWISE_BEZIER_KNOTS.);
#4583 = CARTESIAN_POINT('',(0.870834755665,-1.813483247948E-04,1.));
#4584 = CARTESIAN_POINT('',(1.213583089527,0.116969669493,1.));
#4585 = CARTESIAN_POINT('',(1.444620855316,0.3313233894,1.));
#4586 = VECTOR('',#4587,1.);
#4587 = DIRECTION('',(-0.,-0.,-1.));
#4588 = ADVANCED_FACE('',(#4589,#4604),#4615,.F.);
#4589 = FACE_BOUND('',#4590,.F.);
#4590 = EDGE_LOOP('',(#4591,#4592,#4593,#4594,#4595,#4596,#4597,#4598,
    #4599,#4600,#4601,#4602,#4603));
#4591 = ORIENTED_EDGE('',*,*,#3908,.F.);
#4592 = ORIENTED_EDGE('',*,*,#3941,.F.);
#4593 = ORIENTED_EDGE('',*,*,#3972,.F.);
#4594 = ORIENTED_EDGE('',*,*,#4003,.F.);
#4595 = ORIENTED_EDGE('',*,*,#4034,.F.);
#4596 = ORIENTED_EDGE('',*,*,#4065,.F.);
#4597 = ORIENTED_EDGE('',*,*,#4096,.F.);
#4598 = ORIENTED_EDGE('',*,*,#4129,.F.);
#4599 = ORIENTED_EDGE('',*,*,#4162,.F.);
#4600 = ORIENTED_EDGE('',*,*,#4195,.F.);
#4601 = ORIENTED_EDGE('',*,*,#4228,.F.);
#4602 = ORIENTED_EDGE('',*,*,#4261,.F.);
#4603 = ORIENTED_EDGE('',*,*,#4285,.F.);
#4604 = FACE_BOUND('',#4605,.F.);
#4605 = EDGE_LOOP('',(#4606,#4607,#4608,#4609,#4610,#4611,#4612,#4613,
    #4614));
#4606 = ORIENTED_EDGE('',*,*,#4327,.F.);
#4607 = ORIENTED_EDGE('',*,*,#4360,.F.);
#4608 = ORIENTED_EDGE('',*,*,#4391,.F.);
#4609 = ORIENTED_EDGE('',*,*,#4422,.F.);
#4610 = ORIENTED_EDGE('',*,*,#4453,.F.);
#4611 = ORIENTED_EDGE('',*,*,#4486,.F.);
#4612 = ORIENTED_EDGE('',*,*,#4519,.F.);
#4613 = ORIENTED_EDGE('',*,*,#4552,.F.);
#4614 = ORIENTED_EDGE('',*,*,#4576,.F.);
#4615 = PLANE('',#4616);
#4616 = AXIS2_PLACEMENT_3D('',#4617,#4618,#4619);
#4617 = CARTESIAN_POINT('',(-0.232153562433,0.723616909793,1.));
#4618 = DIRECTION('',(0.,0.,1.));
#4619 = DIRECTION('',(1.,0.,0.));
#4620 = ADVANCED_FACE('',(#4621,#4636),#4647,.T.);
#4621 = FACE_BOUND('',#4622,.T.);
#4622 = EDGE_LOOP('',(#4623,#4624,#4625,#4626,#4627,#4628,#4629,#4630,
    #4631,#4632,#4633,#4634,#4635));
#4623 = ORIENTED_EDGE('',*,*,#3892,.F.);
#4624 = ORIENTED_EDGE('',*,*,#3934,.F.);
#4625 = ORIENTED_EDGE('',*,*,#3965,.F.);
#4626 = ORIENTED_EDGE('',*,*,#3996,.F.);
#4627 = ORIENTED_EDGE('',*,*,#4027,.F.);
#4628 = ORIENTED_EDGE('',*,*,#4058,.F.);
#4629 = ORIENTED_EDGE('',*,*,#4089,.F.);
#4630 = ORIENTED_EDGE('',*,*,#4122,.F.);
#4631 = ORIENTED_EDGE('',*,*,#4155,.F.);
#4632 = ORIENTED_EDGE('',*,*,#4188,.F.);
#4633 = ORIENTED_EDGE('',*,*,#4221,.F.);
#4634 = ORIENTED_EDGE('',*,*,#4254,.F.);
#4635 = ORIENTED_EDGE('',*,*,#4278,.F.);
#4636 = FACE_BOUND('',#4637,.T.);
#4637 = EDGE_LOOP('',(#4638,#4639,#4640,#4641,#4642,#4643,#4644,#4645,
    #4646));
#4638 = ORIENTED_EDGE('',*,*,#4311,.F.);
#4639 = ORIENTED_EDGE('',*,*,#4353,.F.);
#4640 = ORIENTED_EDGE('',*,*,#4384,.F.);
#4641 = ORIENTED_EDGE('',*,*,#4415,.F.);
#4642 = ORIENTED_EDGE('',*,*,#4446,.F.);
#4643 = ORIENTED_EDGE('',*,*,#4479,.F.);
#4644 = ORIENTED_EDGE('',*,*,#4512,.F.);
#4645 = ORIENTED_EDGE('',*,*,#4545,.F.);
#4646 = ORIENTED_EDGE('',*,*,#4569,.F.);
#4647 = PLANE('',#4648);
#4648 = AXIS2_PLACEMENT_3D('',#4649,#4650,#4651);
#4649 = CARTESIAN_POINT('',(-0.232153562433,0.723616909793,2.));
#4650 = DIRECTION('',(0.,0.,1.));
#4651 = DIRECTION('',(1.,0.,0.));
#4652 = MANIFOLD_SOLID_BREP('',#4653);
#4653 = CLOSED_SHELL('',(#4654,#4694,#4725,#4756,#4787,#4818,#4840,#4854
    ));
#4654 = ADVANCED_FACE('',(#4655),#4689,.T.);
#4655 = FACE_BOUND('',#4656,.T.);
#4656 = EDGE_LOOP('',(#4657,#4667,#4675,#4683));
#4657 = ORIENTED_EDGE('',*,*,#4658,.T.);
#4658 = EDGE_CURVE('',#4659,#4661,#4663,.T.);
#4659 = VERTEX_POINT('',#4660);
#4660 = CARTESIAN_POINT('',(8.964773187909,-3.002946910278,1.));
#4661 = VERTEX_POINT('',#4662);
#4662 = CARTESIAN_POINT('',(8.964773187909,-3.002946910278,2.));
#4663 = LINE('',#4664,#4665);
#4664 = CARTESIAN_POINT('',(8.964773187909,-3.002946910278,1.));
#4665 = VECTOR('',#4666,1.);
#4666 = DIRECTION('',(0.,0.,1.));
#4667 = ORIENTED_EDGE('',*,*,#4668,.T.);
#4668 = EDGE_CURVE('',#4661,#4669,#4671,.T.);
#4669 = VERTEX_POINT('',#4670);
#4670 = CARTESIAN_POINT('',(8.964773187909,-4.,2.));
#4671 = LINE('',#4672,#4673);
#4672 = CARTESIAN_POINT('',(8.964773187909,-3.002946910278,2.));
#4673 = VECTOR('',#4674,1.);
#4674 = DIRECTION('',(0.,-1.,0.));
#4675 = ORIENTED_EDGE('',*,*,#4676,.F.);
#4676 = EDGE_CURVE('',#4677,#4669,#4679,.T.);
#4677 = VERTEX_POINT('',#4678);
#4678 = CARTESIAN_POINT('',(8.964773187909,-4.,1.));
#4679 = LINE('',#4680,#4681);
#4680 = CARTESIAN_POINT('',(8.964773187909,-4.,1.));
#4681 = VECTOR('',#4682,1.);
#4682 = DIRECTION('',(0.,0.,1.));
#4683 = ORIENTED_EDGE('',*,*,#4684,.F.);
#4684 = EDGE_CURVE('',#4659,#4677,#4685,.T.);
#4685 = LINE('',#4686,#4687);
#4686 = CARTESIAN_POINT('',(8.964773187909,-3.002946910278,1.));
#4687 = VECTOR('',#4688,1.);
#4688 = DIRECTION('',(0.,-1.,0.));
#4689 = PLANE('',#4690);
#4690 = AXIS2_PLACEMENT_3D('',#4691,#4692,#4693);
#4691 = CARTESIAN_POINT('',(8.964773187909,-3.002946910278,1.));
#4692 = DIRECTION('',(1.,0.,-0.));
#4693 = DIRECTION('',(0.,-1.,0.));
#4694 = ADVANCED_FACE('',(#4695),#4720,.T.);
#4695 = FACE_BOUND('',#4696,.T.);
#4696 = EDGE_LOOP('',(#4697,#4707,#4713,#4714));
#4697 = ORIENTED_EDGE('',*,*,#4698,.T.);
#4698 = EDGE_CURVE('',#4699,#4701,#4703,.T.);
#4699 = VERTEX_POINT('',#4700);
#4700 = CARTESIAN_POINT('',(5.571746030997,-3.002946910278,1.));
#4701 = VERTEX_POINT('',#4702);
#4702 = CARTESIAN_POINT('',(5.571746030997,-3.002946910278,2.));
#4703 = LINE('',#4704,#4705);
#4704 = CARTESIAN_POINT('',(5.571746030997,-3.002946910278,1.));
#4705 = VECTOR('',#4706,1.);
#4706 = DIRECTION('',(0.,0.,1.));
#4707 = ORIENTED_EDGE('',*,*,#4708,.T.);
#4708 = EDGE_CURVE('',#4701,#4661,#4709,.T.);
#4709 = LINE('',#4710,#4711);
#4710 = CARTESIAN_POINT('',(5.571746030997,-3.002946910278,2.));
#4711 = VECTOR('',#4712,1.);
#4712 = DIRECTION('',(1.,0.,0.));
#4713 = ORIENTED_EDGE('',*,*,#4658,.F.);
#4714 = ORIENTED_EDGE('',*,*,#4715,.F.);
#4715 = EDGE_CURVE('',#4699,#4659,#4716,.T.);
#4716 = LINE('',#4717,#4718);
#4717 = CARTESIAN_POINT('',(5.571746030997,-3.002946910278,1.));
#4718 = VECTOR('',#4719,1.);
#4719 = DIRECTION('',(1.,0.,0.));
#4720 = PLANE('',#4721);
#4721 = AXIS2_PLACEMENT_3D('',#4722,#4723,#4724);
#4722 = CARTESIAN_POINT('',(5.571746030997,-3.002946910278,1.));
#4723 = DIRECTION('',(0.,1.,0.));
#4724 = DIRECTION('',(1.,0.,0.));
#4725 = ADVANCED_FACE('',(#4726),#4751,.T.);
#4726 = FACE_BOUND('',#4727,.T.);
#4727 = EDGE_LOOP('',(#4728,#4738,#4744,#4745));
#4728 = ORIENTED_EDGE('',*,*,#4729,.T.);
#4729 = EDGE_CURVE('',#4730,#4732,#4734,.T.);
#4730 = VERTEX_POINT('',#4731);
#4731 = CARTESIAN_POINT('',(5.571746030997,4.,1.));
#4732 = VERTEX_POINT('',#4733);
#4733 = CARTESIAN_POINT('',(5.571746030997,4.,2.));
#4734 = LINE('',#4735,#4736);
#4735 = CARTESIAN_POINT('',(5.571746030997,4.,1.));
#4736 = VECTOR('',#4737,1.);
#4737 = DIRECTION('',(0.,0.,1.));
#4738 = ORIENTED_EDGE('',*,*,#4739,.T.);
#4739 = EDGE_CURVE('',#4732,#4701,#4740,.T.);
#4740 = LINE('',#4741,#4742);
#4741 = CARTESIAN_POINT('',(5.571746030997,4.,2.));
#4742 = VECTOR('',#4743,1.);
#4743 = DIRECTION('',(0.,-1.,0.));
#4744 = ORIENTED_EDGE('',*,*,#4698,.F.);
#4745 = ORIENTED_EDGE('',*,*,#4746,.F.);
#4746 = EDGE_CURVE('',#4730,#4699,#4747,.T.);
#4747 = LINE('',#4748,#4749);
#4748 = CARTESIAN_POINT('',(5.571746030997,4.,1.));
#4749 = VECTOR('',#4750,1.);
#4750 = DIRECTION('',(0.,-1.,0.));
#4751 = PLANE('',#4752);
#4752 = AXIS2_PLACEMENT_3D('',#4753,#4754,#4755);
#4753 = CARTESIAN_POINT('',(5.571746030997,4.,1.));
#4754 = DIRECTION('',(1.,0.,-0.));
#4755 = DIRECTION('',(0.,-1.,0.));
#4756 = ADVANCED_FACE('',(#4757),#4782,.T.);
#4757 = FACE_BOUND('',#4758,.T.);
#4758 = EDGE_LOOP('',(#4759,#4769,#4775,#4776));
#4759 = ORIENTED_EDGE('',*,*,#4760,.T.);
#4760 = EDGE_CURVE('',#4761,#4763,#4765,.T.);
#4761 = VERTEX_POINT('',#4762);
#4762 = CARTESIAN_POINT('',(4.385365290189,4.,1.));
#4763 = VERTEX_POINT('',#4764);
#4764 = CARTESIAN_POINT('',(4.385365290189,4.,2.));
#4765 = LINE('',#4766,#4767);
#4766 = CARTESIAN_POINT('',(4.385365290189,4.,1.));
#4767 = VECTOR('',#4768,1.);
#4768 = DIRECTION('',(0.,0.,1.));
#4769 = ORIENTED_EDGE('',*,*,#4770,.T.);
#4770 = EDGE_CURVE('',#4763,#4732,#4771,.T.);
#4771 = LINE('',#4772,#4773);
#4772 = CARTESIAN_POINT('',(4.385365290189,4.,2.));
#4773 = VECTOR('',#4774,1.);
#4774 = DIRECTION('',(1.,0.,0.));
#4775 = ORIENTED_EDGE('',*,*,#4729,.F.);
#4776 = ORIENTED_EDGE('',*,*,#4777,.F.);
#4777 = EDGE_CURVE('',#4761,#4730,#4778,.T.);
#4778 = LINE('',#4779,#4780);
#4779 = CARTESIAN_POINT('',(4.385365290189,4.,1.));
#4780 = VECTOR('',#4781,1.);
#4781 = DIRECTION('',(1.,0.,0.));
#4782 = PLANE('',#4783);
#4783 = AXIS2_PLACEMENT_3D('',#4784,#4785,#4786);
#4784 = CARTESIAN_POINT('',(4.385365290189,4.,1.));
#4785 = DIRECTION('',(0.,1.,0.));
#4786 = DIRECTION('',(1.,0.,0.));
#4787 = ADVANCED_FACE('',(#4788),#4813,.T.);
#4788 = FACE_BOUND('',#4789,.T.);
#4789 = EDGE_LOOP('',(#4790,#4800,#4806,#4807));
#4790 = ORIENTED_EDGE('',*,*,#4791,.T.);
#4791 = EDGE_CURVE('',#4792,#4794,#4796,.T.);
#4792 = VERTEX_POINT('',#4793);
#4793 = CARTESIAN_POINT('',(4.385365290189,-4.,1.));
#4794 = VERTEX_POINT('',#4795);
#4795 = CARTESIAN_POINT('',(4.385365290189,-4.,2.));
#4796 = LINE('',#4797,#4798);
#4797 = CARTESIAN_POINT('',(4.385365290189,-4.,1.));
#4798 = VECTOR('',#4799,1.);
#4799 = DIRECTION('',(0.,0.,1.));
#4800 = ORIENTED_EDGE('',*,*,#4801,.T.);
#4801 = EDGE_CURVE('',#4794,#4763,#4802,.T.);
#4802 = LINE('',#4803,#4804);
#4803 = CARTESIAN_POINT('',(4.385365290189,-4.,2.));
#4804 = VECTOR('',#4805,1.);
#4805 = DIRECTION('',(0.,1.,0.));
#4806 = ORIENTED_EDGE('',*,*,#4760,.F.);
#4807 = ORIENTED_EDGE('',*,*,#4808,.F.);
#4808 = EDGE_CURVE('',#4792,#4761,#4809,.T.);
#4809 = LINE('',#4810,#4811);
#4810 = CARTESIAN_POINT('',(4.385365290189,-4.,1.));
#4811 = VECTOR('',#4812,1.);
#4812 = DIRECTION('',(0.,1.,0.));
#4813 = PLANE('',#4814);
#4814 = AXIS2_PLACEMENT_3D('',#4815,#4816,#4817);
#4815 = CARTESIAN_POINT('',(4.385365290189,-4.,1.));
#4816 = DIRECTION('',(-1.,0.,0.));
#4817 = DIRECTION('',(0.,1.,0.));
#4818 = ADVANCED_FACE('',(#4819),#4835,.T.);
#4819 = FACE_BOUND('',#4820,.T.);
#4820 = EDGE_LOOP('',(#4821,#4822,#4828,#4829));
#4821 = ORIENTED_EDGE('',*,*,#4676,.T.);
#4822 = ORIENTED_EDGE('',*,*,#4823,.T.);
#4823 = EDGE_CURVE('',#4669,#4794,#4824,.T.);
#4824 = LINE('',#4825,#4826);
#4825 = CARTESIAN_POINT('',(8.964773187909,-4.,2.));
#4826 = VECTOR('',#4827,1.);
#4827 = DIRECTION('',(-1.,0.,0.));
#4828 = ORIENTED_EDGE('',*,*,#4791,.F.);
#4829 = ORIENTED_EDGE('',*,*,#4830,.F.);
#4830 = EDGE_CURVE('',#4677,#4792,#4831,.T.);
#4831 = LINE('',#4832,#4833);
#4832 = CARTESIAN_POINT('',(8.964773187909,-4.,1.));
#4833 = VECTOR('',#4834,1.);
#4834 = DIRECTION('',(-1.,0.,0.));
#4835 = PLANE('',#4836);
#4836 = AXIS2_PLACEMENT_3D('',#4837,#4838,#4839);
#4837 = CARTESIAN_POINT('',(8.964773187909,-4.,1.));
#4838 = DIRECTION('',(0.,-1.,0.));
#4839 = DIRECTION('',(-1.,0.,0.));
#4840 = ADVANCED_FACE('',(#4841),#4849,.F.);
#4841 = FACE_BOUND('',#4842,.F.);
#4842 = EDGE_LOOP('',(#4843,#4844,#4845,#4846,#4847,#4848));
#4843 = ORIENTED_EDGE('',*,*,#4684,.F.);
#4844 = ORIENTED_EDGE('',*,*,#4715,.F.);
#4845 = ORIENTED_EDGE('',*,*,#4746,.F.);
#4846 = ORIENTED_EDGE('',*,*,#4777,.F.);
#4847 = ORIENTED_EDGE('',*,*,#4808,.F.);
#4848 = ORIENTED_EDGE('',*,*,#4830,.F.);
#4849 = PLANE('',#4850);
#4850 = AXIS2_PLACEMENT_3D('',#4851,#4852,#4853);
#4851 = CARTESIAN_POINT('',(5.7306214066,-0.944447832449,1.));
#4852 = DIRECTION('',(0.,0.,1.));
#4853 = DIRECTION('',(1.,0.,0.));
#4854 = ADVANCED_FACE('',(#4855),#4863,.T.);
#4855 = FACE_BOUND('',#4856,.T.);
#4856 = EDGE_LOOP('',(#4857,#4858,#4859,#4860,#4861,#4862));
#4857 = ORIENTED_EDGE('',*,*,#4668,.F.);
#4858 = ORIENTED_EDGE('',*,*,#4708,.F.);
#4859 = ORIENTED_EDGE('',*,*,#4739,.F.);
#4860 = ORIENTED_EDGE('',*,*,#4770,.F.);
#4861 = ORIENTED_EDGE('',*,*,#4801,.F.);
#4862 = ORIENTED_EDGE('',*,*,#4823,.F.);
#4863 = PLANE('',#4864);
#4864 = AXIS2_PLACEMENT_3D('',#4865,#4866,#4867);
#4865 = CARTESIAN_POINT('',(5.7306214066,-0.944447832449,2.));
#4866 = DIRECTION('',(0.,0.,1.));
#4867 = DIRECTION('',(1.,0.,0.));
#4868 = MANIFOLD_SOLID_BREP('',#4869);
#4869 = CLOSED_SHELL('',(#4870,#4910,#4941,#4972,#4994,#5006));
#4870 = ADVANCED_FACE('',(#4871),#4905,.T.);
#4871 = FACE_BOUND('',#4872,.T.);
#4872 = EDGE_LOOP('',(#4873,#4883,#4891,#4899));
#4873 = ORIENTED_EDGE('',*,*,#4874,.T.);
#4874 = EDGE_CURVE('',#4875,#4877,#4879,.T.);
#4875 = VERTEX_POINT('',#4876);
#4876 = CARTESIAN_POINT('',(11.311057814104,-4.,1.));
#4877 = VERTEX_POINT('',#4878);
#4878 = CARTESIAN_POINT('',(11.311057814104,-4.,2.));
#4879 = LINE('',#4880,#4881);
#4880 = CARTESIAN_POINT('',(11.311057814104,-4.,1.));
#4881 = VECTOR('',#4882,1.);
#4882 = DIRECTION('',(0.,0.,1.));
#4883 = ORIENTED_EDGE('',*,*,#4884,.T.);
#4884 = EDGE_CURVE('',#4877,#4885,#4887,.T.);
#4885 = VERTEX_POINT('',#4886);
#4886 = CARTESIAN_POINT('',(10.118873926903,-4.,2.));
#4887 = LINE('',#4888,#4889);
#4888 = CARTESIAN_POINT('',(11.311057814104,-4.,2.));
#4889 = VECTOR('',#4890,1.);
#4890 = DIRECTION('',(-1.,0.,0.));
#4891 = ORIENTED_EDGE('',*,*,#4892,.F.);
#4892 = EDGE_CURVE('',#4893,#4885,#4895,.T.);
#4893 = VERTEX_POINT('',#4894);
#4894 = CARTESIAN_POINT('',(10.118873926903,-4.,1.));
#4895 = LINE('',#4896,#4897);
#4896 = CARTESIAN_POINT('',(10.118873926903,-4.,1.));
#4897 = VECTOR('',#4898,1.);
#4898 = DIRECTION('',(0.,0.,1.));
#4899 = ORIENTED_EDGE('',*,*,#4900,.F.);
#4900 = EDGE_CURVE('',#4875,#4893,#4901,.T.);
#4901 = LINE('',#4902,#4903);
#4902 = CARTESIAN_POINT('',(11.311057814104,-4.,1.));
#4903 = VECTOR('',#4904,1.);
#4904 = DIRECTION('',(-1.,0.,0.));
#4905 = PLANE('',#4906);
#4906 = AXIS2_PLACEMENT_3D('',#4907,#4908,#4909);
#4907 = CARTESIAN_POINT('',(11.311057814104,-4.,1.));
#4908 = DIRECTION('',(0.,-1.,0.));
#4909 = DIRECTION('',(-1.,0.,0.));
#4910 = ADVANCED_FACE('',(#4911),#4936,.T.);
#4911 = FACE_BOUND('',#4912,.T.);
#4912 = EDGE_LOOP('',(#4913,#4923,#4929,#4930));
#4913 = ORIENTED_EDGE('',*,*,#4914,.T.);
#4914 = EDGE_CURVE('',#4915,#4917,#4919,.T.);
#4915 = VERTEX_POINT('',#4916);
#4916 = CARTESIAN_POINT('',(11.311057814104,4.,1.));
#4917 = VERTEX_POINT('',#4918);
#4918 = CARTESIAN_POINT('',(11.311057814104,4.,2.));
#4919 = LINE('',#4920,#4921);
#4920 = CARTESIAN_POINT('',(11.311057814104,4.,1.));
#4921 = VECTOR('',#4922,1.);
#4922 = DIRECTION('',(0.,0.,1.));
#4923 = ORIENTED_EDGE('',*,*,#4924,.T.);
#4924 = EDGE_CURVE('',#4917,#4877,#4925,.T.);
#4925 = LINE('',#4926,#4927);
#4926 = CARTESIAN_POINT('',(11.311057814104,4.,2.));
#4927 = VECTOR('',#4928,1.);
#4928 = DIRECTION('',(0.,-1.,0.));
#4929 = ORIENTED_EDGE('',*,*,#4874,.F.);
#4930 = ORIENTED_EDGE('',*,*,#4931,.F.);
#4931 = EDGE_CURVE('',#4915,#4875,#4932,.T.);
#4932 = LINE('',#4933,#4934);
#4933 = CARTESIAN_POINT('',(11.311057814104,4.,1.));
#4934 = VECTOR('',#4935,1.);
#4935 = DIRECTION('',(0.,-1.,0.));
#4936 = PLANE('',#4937);
#4937 = AXIS2_PLACEMENT_3D('',#4938,#4939,#4940);
#4938 = CARTESIAN_POINT('',(11.311057814104,4.,1.));
#4939 = DIRECTION('',(1.,0.,-0.));
#4940 = DIRECTION('',(0.,-1.,0.));
#4941 = ADVANCED_FACE('',(#4942),#4967,.T.);
#4942 = FACE_BOUND('',#4943,.T.);
#4943 = EDGE_LOOP('',(#4944,#4954,#4960,#4961));
#4944 = ORIENTED_EDGE('',*,*,#4945,.T.);
#4945 = EDGE_CURVE('',#4946,#4948,#4950,.T.);
#4946 = VERTEX_POINT('',#4947);
#4947 = CARTESIAN_POINT('',(10.118873926903,4.,1.));
#4948 = VERTEX_POINT('',#4949);
#4949 = CARTESIAN_POINT('',(10.118873926903,4.,2.));
#4950 = LINE('',#4951,#4952);
#4951 = CARTESIAN_POINT('',(10.118873926903,4.,1.));
#4952 = VECTOR('',#4953,1.);
#4953 = DIRECTION('',(0.,0.,1.));
#4954 = ORIENTED_EDGE('',*,*,#4955,.T.);
#4955 = EDGE_CURVE('',#4948,#4917,#4956,.T.);
#4956 = LINE('',#4957,#4958);
#4957 = CARTESIAN_POINT('',(10.118873926903,4.,2.));
#4958 = VECTOR('',#4959,1.);
#4959 = DIRECTION('',(1.,0.,0.));
#4960 = ORIENTED_EDGE('',*,*,#4914,.F.);
#4961 = ORIENTED_EDGE('',*,*,#4962,.F.);
#4962 = EDGE_CURVE('',#4946,#4915,#4963,.T.);
#4963 = LINE('',#4964,#4965);
#4964 = CARTESIAN_POINT('',(10.118873926903,4.,1.));
#4965 = VECTOR('',#4966,1.);
#4966 = DIRECTION('',(1.,0.,0.));
#4967 = PLANE('',#4968);
#4968 = AXIS2_PLACEMENT_3D('',#4969,#4970,#4971);
#4969 = CARTESIAN_POINT('',(10.118873926903,4.,1.));
#4970 = DIRECTION('',(0.,1.,0.));
#4971 = DIRECTION('',(1.,0.,0.));
#4972 = ADVANCED_FACE('',(#4973),#4989,.T.);
#4973 = FACE_BOUND('',#4974,.T.);
#4974 = EDGE_LOOP('',(#4975,#4976,#4982,#4983));
#4975 = ORIENTED_EDGE('',*,*,#4892,.T.);
#4976 = ORIENTED_EDGE('',*,*,#4977,.T.);
#4977 = EDGE_CURVE('',#4885,#4948,#4978,.T.);
#4978 = LINE('',#4979,#4980);
#4979 = CARTESIAN_POINT('',(10.118873926903,-4.,2.));
#4980 = VECTOR('',#4981,1.);
#4981 = DIRECTION('',(0.,1.,0.));
#4982 = ORIENTED_EDGE('',*,*,#4945,.F.);
#4983 = ORIENTED_EDGE('',*,*,#4984,.F.);
#4984 = EDGE_CURVE('',#4893,#4946,#4985,.T.);
#4985 = LINE('',#4986,#4987);
#4986 = CARTESIAN_POINT('',(10.118873926903,-4.,1.));
#4987 = VECTOR('',#4988,1.);
#4988 = DIRECTION('',(0.,1.,0.));
#4989 = PLANE('',#4990);
#4990 = AXIS2_PLACEMENT_3D('',#4991,#4992,#4993);
#4991 = CARTESIAN_POINT('',(10.118873926903,-4.,1.));
#4992 = DIRECTION('',(-1.,0.,0.));
#4993 = DIRECTION('',(0.,1.,0.));
#4994 = ADVANCED_FACE('',(#4995),#5001,.F.);
#4995 = FACE_BOUND('',#4996,.F.);
#4996 = EDGE_LOOP('',(#4997,#4998,#4999,#5000));
#4997 = ORIENTED_EDGE('',*,*,#4900,.F.);
#4998 = ORIENTED_EDGE('',*,*,#4931,.F.);
#4999 = ORIENTED_EDGE('',*,*,#4962,.F.);
#5000 = ORIENTED_EDGE('',*,*,#4984,.F.);
#5001 = PLANE('',#5002);
#5002 = AXIS2_PLACEMENT_3D('',#5003,#5004,#5005);
#5003 = CARTESIAN_POINT('',(10.714965870504,-4.440892098501E-16,1.));
#5004 = DIRECTION('',(0.,0.,1.));
#5005 = DIRECTION('',(1.,0.,0.));
#5006 = ADVANCED_FACE('',(#5007),#5013,.T.);
#5007 = FACE_BOUND('',#5008,.T.);
#5008 = EDGE_LOOP('',(#5009,#5010,#5011,#5012));
#5009 = ORIENTED_EDGE('',*,*,#4884,.F.);
#5010 = ORIENTED_EDGE('',*,*,#4924,.F.);
#5011 = ORIENTED_EDGE('',*,*,#4955,.F.);
#5012 = ORIENTED_EDGE('',*,*,#4977,.F.);
#5013 = PLANE('',#5014);
#5014 = AXIS2_PLACEMENT_3D('',#5015,#5016,#5017);
#5015 = CARTESIAN_POINT('',(10.714965870504,-4.440892098501E-16,2.));
#5016 = DIRECTION('',(0.,0.,1.));
#5017 = DIRECTION('',(1.,0.,0.));
#5018 = MANIFOLD_SOLID_BREP('',#5019);
#5019 = CLOSED_SHELL('',(#5020,#5060,#5091,#5122,#5153,#5184,#5215,#5246
    ,#5277,#5308,#5339,#5370,#5392,#5412));
#5020 = ADVANCED_FACE('',(#5021),#5055,.T.);
#5021 = FACE_BOUND('',#5022,.T.);
#5022 = EDGE_LOOP('',(#5023,#5033,#5041,#5049));
#5023 = ORIENTED_EDGE('',*,*,#5024,.T.);
#5024 = EDGE_CURVE('',#5025,#5027,#5029,.T.);
#5025 = VERTEX_POINT('',#5026);
#5026 = CARTESIAN_POINT('',(18.239289214567,-3.03631500204,1.));
#5027 = VERTEX_POINT('',#5028);
#5028 = CARTESIAN_POINT('',(18.239289214567,-3.03631500204,2.));
#5029 = LINE('',#5030,#5031);
#5030 = CARTESIAN_POINT('',(18.239289214567,-3.03631500204,1.));
#5031 = VECTOR('',#5032,1.);
#5032 = DIRECTION('',(0.,0.,1.));
#5033 = ORIENTED_EDGE('',*,*,#5034,.T.);
#5034 = EDGE_CURVE('',#5027,#5035,#5037,.T.);
#5035 = VERTEX_POINT('',#5036);
#5036 = CARTESIAN_POINT('',(18.233848764823,-4.,2.));
#5037 = LINE('',#5038,#5039);
#5038 = CARTESIAN_POINT('',(18.239289214567,-3.03631500204,2.));
#5039 = VECTOR('',#5040,1.);
#5040 = DIRECTION('',(-5.645374848012E-03,-0.999984064744,0.));
#5041 = ORIENTED_EDGE('',*,*,#5042,.F.);
#5042 = EDGE_CURVE('',#5043,#5035,#5045,.T.);
#5043 = VERTEX_POINT('',#5044);
#5044 = CARTESIAN_POINT('',(18.233848764823,-4.,1.));
#5045 = LINE('',#5046,#5047);
#5046 = CARTESIAN_POINT('',(18.233848764823,-4.,1.));
#5047 = VECTOR('',#5048,1.);
#5048 = DIRECTION('',(0.,0.,1.));
#5049 = ORIENTED_EDGE('',*,*,#5050,.F.);
#5050 = EDGE_CURVE('',#5025,#5043,#5051,.T.);
#5051 = LINE('',#5052,#5053);
#5052 = CARTESIAN_POINT('',(18.239289214567,-3.03631500204,1.));
#5053 = VECTOR('',#5054,1.);
#5054 = DIRECTION('',(-5.645374848012E-03,-0.999984064744,0.));
#5055 = PLANE('',#5056);
#5056 = AXIS2_PLACEMENT_3D('',#5057,#5058,#5059);
#5057 = CARTESIAN_POINT('',(18.239289214567,-3.03631500204,1.));
#5058 = DIRECTION('',(0.999984064744,-5.645374848012E-03,0.));
#5059 = DIRECTION('',(-5.645374848012E-03,-0.999984064744,0.));
#5060 = ADVANCED_FACE('',(#5061),#5086,.T.);
#5061 = FACE_BOUND('',#5062,.T.);
#5062 = EDGE_LOOP('',(#5063,#5073,#5079,#5080));
#5063 = ORIENTED_EDGE('',*,*,#5064,.T.);
#5064 = EDGE_CURVE('',#5065,#5067,#5069,.T.);
#5065 = VERTEX_POINT('',#5066);
#5066 = CARTESIAN_POINT('',(14.467969452133,-3.03631500204,1.));
#5067 = VERTEX_POINT('',#5068);
#5068 = CARTESIAN_POINT('',(14.467969452133,-3.03631500204,2.));
#5069 = LINE('',#5070,#5071);
#5070 = CARTESIAN_POINT('',(14.467969452133,-3.03631500204,1.));
#5071 = VECTOR('',#5072,1.);
#5072 = DIRECTION('',(0.,0.,1.));
#5073 = ORIENTED_EDGE('',*,*,#5074,.T.);
#5074 = EDGE_CURVE('',#5067,#5027,#5075,.T.);
#5075 = LINE('',#5076,#5077);
#5076 = CARTESIAN_POINT('',(14.467969452133,-3.03631500204,2.));
#5077 = VECTOR('',#5078,1.);
#5078 = DIRECTION('',(1.,0.,0.));
#5079 = ORIENTED_EDGE('',*,*,#5024,.F.);
#5080 = ORIENTED_EDGE('',*,*,#5081,.F.);
#5081 = EDGE_CURVE('',#5065,#5025,#5082,.T.);
#5082 = LINE('',#5083,#5084);
#5083 = CARTESIAN_POINT('',(14.467969452133,-3.03631500204,1.));
#5084 = VECTOR('',#5085,1.);
#5085 = DIRECTION('',(1.,0.,0.));
#5086 = PLANE('',#5087);
#5087 = AXIS2_PLACEMENT_3D('',#5088,#5089,#5090);
#5088 = CARTESIAN_POINT('',(14.467969452133,-3.03631500204,1.));
#5089 = DIRECTION('',(0.,1.,0.));
#5090 = DIRECTION('',(1.,0.,0.));
#5091 = ADVANCED_FACE('',(#5092),#5117,.T.);
#5092 = FACE_BOUND('',#5093,.T.);
#5093 = EDGE_LOOP('',(#5094,#5104,#5110,#5111));
#5094 = ORIENTED_EDGE('',*,*,#5095,.T.);
#5095 = EDGE_CURVE('',#5096,#5098,#5100,.T.);
#5096 = VERTEX_POINT('',#5097);
#5097 = CARTESIAN_POINT('',(14.467969452133,-0.42888878814,1.));
#5098 = VERTEX_POINT('',#5099);
#5099 = CARTESIAN_POINT('',(14.467969452133,-0.42888878814,2.));
#5100 = LINE('',#5101,#5102);
#5101 = CARTESIAN_POINT('',(14.467969452133,-0.42888878814,1.));
#5102 = VECTOR('',#5103,1.);
#5103 = DIRECTION('',(0.,0.,1.));
#5104 = ORIENTED_EDGE('',*,*,#5105,.T.);
#5105 = EDGE_CURVE('',#5098,#5067,#5106,.T.);
#5106 = LINE('',#5107,#5108);
#5107 = CARTESIAN_POINT('',(14.467969452133,-0.42888878814,2.));
#5108 = VECTOR('',#5109,1.);
#5109 = DIRECTION('',(0.,-1.,0.));
#5110 = ORIENTED_EDGE('',*,*,#5064,.F.);
#5111 = ORIENTED_EDGE('',*,*,#5112,.F.);
#5112 = EDGE_CURVE('',#5096,#5065,#5113,.T.);
#5113 = LINE('',#5114,#5115);
#5114 = CARTESIAN_POINT('',(14.467969452133,-0.42888878814,1.));
#5115 = VECTOR('',#5116,1.);
#5116 = DIRECTION('',(0.,-1.,0.));
#5117 = PLANE('',#5118);
#5118 = AXIS2_PLACEMENT_3D('',#5119,#5120,#5121);
#5119 = CARTESIAN_POINT('',(14.467969452133,-0.42888878814,1.));
#5120 = DIRECTION('',(1.,0.,-0.));
#5121 = DIRECTION('',(0.,-1.,0.));
#5122 = ADVANCED_FACE('',(#5123),#5148,.T.);
#5123 = FACE_BOUND('',#5124,.T.);
#5124 = EDGE_LOOP('',(#5125,#5135,#5141,#5142));
#5125 = ORIENTED_EDGE('',*,*,#5126,.T.);
#5126 = EDGE_CURVE('',#5127,#5129,#5131,.T.);
#5127 = VERTEX_POINT('',#5128);
#5128 = CARTESIAN_POINT('',(17.498662656105,-0.42888878814,1.));
#5129 = VERTEX_POINT('',#5130);
#5130 = CARTESIAN_POINT('',(17.498662656105,-0.42888878814,2.));
#5131 = LINE('',#5132,#5133);
#5132 = CARTESIAN_POINT('',(17.498662656105,-0.42888878814,1.));
#5133 = VECTOR('',#5134,1.);
#5134 = DIRECTION('',(0.,0.,1.));
#5135 = ORIENTED_EDGE('',*,*,#5136,.T.);
#5136 = EDGE_CURVE('',#5129,#5098,#5137,.T.);
#5137 = LINE('',#5138,#5139);
#5138 = CARTESIAN_POINT('',(17.498662656105,-0.42888878814,2.));
#5139 = VECTOR('',#5140,1.);
#5140 = DIRECTION('',(-1.,0.,0.));
#5141 = ORIENTED_EDGE('',*,*,#5095,.F.);
#5142 = ORIENTED_EDGE('',*,*,#5143,.F.);
#5143 = EDGE_CURVE('',#5127,#5096,#5144,.T.);
#5144 = LINE('',#5145,#5146);
#5145 = CARTESIAN_POINT('',(17.498662656105,-0.42888878814,1.));
#5146 = VECTOR('',#5147,1.);
#5147 = DIRECTION('',(-1.,0.,0.));
#5148 = PLANE('',#5149);
#5149 = AXIS2_PLACEMENT_3D('',#5150,#5151,#5152);
#5150 = CARTESIAN_POINT('',(17.498662656105,-0.42888878814,1.));
#5151 = DIRECTION('',(0.,-1.,0.));
#5152 = DIRECTION('',(-1.,0.,0.));
#5153 = ADVANCED_FACE('',(#5154),#5179,.T.);
#5154 = FACE_BOUND('',#5155,.T.);
#5155 = EDGE_LOOP('',(#5156,#5166,#5172,#5173));
#5156 = ORIENTED_EDGE('',*,*,#5157,.T.);
#5157 = EDGE_CURVE('',#5158,#5160,#5162,.T.);
#5158 = VERTEX_POINT('',#5159);
#5159 = CARTESIAN_POINT('',(17.498662656105,0.501428118058,1.));
#5160 = VERTEX_POINT('',#5161);
#5161 = CARTESIAN_POINT('',(17.498662656105,0.501428118058,2.));
#5162 = LINE('',#5163,#5164);
#5163 = CARTESIAN_POINT('',(17.498662656105,0.501428118058,1.));
#5164 = VECTOR('',#5165,1.);
#5165 = DIRECTION('',(0.,0.,1.));
#5166 = ORIENTED_EDGE('',*,*,#5167,.T.);
#5167 = EDGE_CURVE('',#5160,#5129,#5168,.T.);
#5168 = LINE('',#5169,#5170);
#5169 = CARTESIAN_POINT('',(17.498662656105,0.501428118058,2.));
#5170 = VECTOR('',#5171,1.);
#5171 = DIRECTION('',(0.,-1.,0.));
#5172 = ORIENTED_EDGE('',*,*,#5126,.F.);
#5173 = ORIENTED_EDGE('',*,*,#5174,.F.);
#5174 = EDGE_CURVE('',#5158,#5127,#5175,.T.);
#5175 = LINE('',#5176,#5177);
#5176 = CARTESIAN_POINT('',(17.498662656105,0.501428118058,1.));
#5177 = VECTOR('',#5178,1.);
#5178 = DIRECTION('',(0.,-1.,0.));
#5179 = PLANE('',#5180);
#5180 = AXIS2_PLACEMENT_3D('',#5181,#5182,#5183);
#5181 = CARTESIAN_POINT('',(17.498662656105,0.501428118058,1.));
#5182 = DIRECTION('',(1.,0.,-0.));
#5183 = DIRECTION('',(0.,-1.,0.));
#5184 = ADVANCED_FACE('',(#5185),#5210,.T.);
#5185 = FACE_BOUND('',#5186,.T.);
#5186 = EDGE_LOOP('',(#5187,#5197,#5203,#5204));
#5187 = ORIENTED_EDGE('',*,*,#5188,.T.);
#5188 = EDGE_CURVE('',#5189,#5191,#5193,.T.);
#5189 = VERTEX_POINT('',#5190);
#5190 = CARTESIAN_POINT('',(14.467969452133,0.501428118058,1.));
#5191 = VERTEX_POINT('',#5192);
#5192 = CARTESIAN_POINT('',(14.467969452133,0.501428118058,2.));
#5193 = LINE('',#5194,#5195);
#5194 = CARTESIAN_POINT('',(14.467969452133,0.501428118058,1.));
#5195 = VECTOR('',#5196,1.);
#5196 = DIRECTION('',(0.,0.,1.));
#5197 = ORIENTED_EDGE('',*,*,#5198,.T.);
#5198 = EDGE_CURVE('',#5191,#5160,#5199,.T.);
#5199 = LINE('',#5200,#5201);
#5200 = CARTESIAN_POINT('',(14.467969452133,0.501428118058,2.));
#5201 = VECTOR('',#5202,1.);
#5202 = DIRECTION('',(1.,0.,0.));
#5203 = ORIENTED_EDGE('',*,*,#5157,.F.);
#5204 = ORIENTED_EDGE('',*,*,#5205,.F.);
#5205 = EDGE_CURVE('',#5189,#5158,#5206,.T.);
#5206 = LINE('',#5207,#5208);
#5207 = CARTESIAN_POINT('',(14.467969452133,0.501428118058,1.));
#5208 = VECTOR('',#5209,1.);
#5209 = DIRECTION('',(1.,0.,0.));
#5210 = PLANE('',#5211);
#5211 = AXIS2_PLACEMENT_3D('',#5212,#5213,#5214);
#5212 = CARTESIAN_POINT('',(14.467969452133,0.501428118058,1.));
#5213 = DIRECTION('',(0.,1.,0.));
#5214 = DIRECTION('',(1.,0.,0.));
#5215 = ADVANCED_FACE('',(#5216),#5241,.T.);
#5216 = FACE_BOUND('',#5217,.T.);
#5217 = EDGE_LOOP('',(#5218,#5228,#5234,#5235));
#5218 = ORIENTED_EDGE('',*,*,#5219,.T.);
#5219 = EDGE_CURVE('',#5220,#5222,#5224,.T.);
#5220 = VERTEX_POINT('',#5221);
#5221 = CARTESIAN_POINT('',(14.467969452133,3.03631500204,1.));
#5222 = VERTEX_POINT('',#5223);
#5223 = CARTESIAN_POINT('',(14.467969452133,3.03631500204,2.));
#5224 = LINE('',#5225,#5226);
#5225 = CARTESIAN_POINT('',(14.467969452133,3.03631500204,1.));
#5226 = VECTOR('',#5227,1.);
#5227 = DIRECTION('',(0.,0.,1.));
#5228 = ORIENTED_EDGE('',*,*,#5229,.T.);
#5229 = EDGE_CURVE('',#5222,#5191,#5230,.T.);
#5230 = LINE('',#5231,#5232);
#5231 = CARTESIAN_POINT('',(14.467969452133,3.03631500204,2.));
#5232 = VECTOR('',#5233,1.);
#5233 = DIRECTION('',(0.,-1.,0.));
#5234 = ORIENTED_EDGE('',*,*,#5188,.F.);
#5235 = ORIENTED_EDGE('',*,*,#5236,.F.);
#5236 = EDGE_CURVE('',#5220,#5189,#5237,.T.);
#5237 = LINE('',#5238,#5239);
#5238 = CARTESIAN_POINT('',(14.467969452133,3.03631500204,1.));
#5239 = VECTOR('',#5240,1.);
#5240 = DIRECTION('',(0.,-1.,0.));
#5241 = PLANE('',#5242);
#5242 = AXIS2_PLACEMENT_3D('',#5243,#5244,#5245);
#5243 = CARTESIAN_POINT('',(14.467969452133,3.03631500204,1.));
#5244 = DIRECTION('',(1.,0.,-0.));
#5245 = DIRECTION('',(0.,-1.,0.));
#5246 = ADVANCED_FACE('',(#5247),#5272,.T.);
#5247 = FACE_BOUND('',#5248,.T.);
#5248 = EDGE_LOOP('',(#5249,#5259,#5265,#5266));
#5249 = ORIENTED_EDGE('',*,*,#5250,.T.);
#5250 = EDGE_CURVE('',#5251,#5253,#5255,.T.);
#5251 = VERTEX_POINT('',#5252);
#5252 = CARTESIAN_POINT('',(18.233848764823,3.03631500204,1.));
#5253 = VERTEX_POINT('',#5254);
#5254 = CARTESIAN_POINT('',(18.233848764823,3.03631500204,2.));
#5255 = LINE('',#5256,#5257);
#5256 = CARTESIAN_POINT('',(18.233848764823,3.03631500204,1.));
#5257 = VECTOR('',#5258,1.);
#5258 = DIRECTION('',(0.,0.,1.));
#5259 = ORIENTED_EDGE('',*,*,#5260,.T.);
#5260 = EDGE_CURVE('',#5253,#5222,#5261,.T.);
#5261 = LINE('',#5262,#5263);
#5262 = CARTESIAN_POINT('',(18.233848764823,3.03631500204,2.));
#5263 = VECTOR('',#5264,1.);
#5264 = DIRECTION('',(-1.,0.,0.));
#5265 = ORIENTED_EDGE('',*,*,#5219,.F.);
#5266 = ORIENTED_EDGE('',*,*,#5267,.F.);
#5267 = EDGE_CURVE('',#5251,#5220,#5268,.T.);
#5268 = LINE('',#5269,#5270);
#5269 = CARTESIAN_POINT('',(18.233848764823,3.03631500204,1.));
#5270 = VECTOR('',#5271,1.);
#5271 = DIRECTION('',(-1.,0.,0.));
#5272 = PLANE('',#5273);
#5273 = AXIS2_PLACEMENT_3D('',#5274,#5275,#5276);
#5274 = CARTESIAN_POINT('',(18.233848764823,3.03631500204,1.));
#5275 = DIRECTION('',(0.,-1.,0.));
#5276 = DIRECTION('',(-1.,0.,0.));
#5277 = ADVANCED_FACE('',(#5278),#5303,.T.);
#5278 = FACE_BOUND('',#5279,.T.);
#5279 = EDGE_LOOP('',(#5280,#5290,#5296,#5297));
#5280 = ORIENTED_EDGE('',*,*,#5281,.T.);
#5281 = EDGE_CURVE('',#5282,#5284,#5286,.T.);
#5282 = VERTEX_POINT('',#5283);
#5283 = CARTESIAN_POINT('',(18.233848764823,4.,1.));
#5284 = VERTEX_POINT('',#5285);
#5285 = CARTESIAN_POINT('',(18.233848764823,4.,2.));
#5286 = LINE('',#5287,#5288);
#5287 = CARTESIAN_POINT('',(18.233848764823,4.,1.));
#5288 = VECTOR('',#5289,1.);
#5289 = DIRECTION('',(0.,0.,1.));
#5290 = ORIENTED_EDGE('',*,*,#5291,.T.);
#5291 = EDGE_CURVE('',#5284,#5253,#5292,.T.);
#5292 = LINE('',#5293,#5294);
#5293 = CARTESIAN_POINT('',(18.233848764823,4.,2.));
#5294 = VECTOR('',#5295,1.);
#5295 = DIRECTION('',(0.,-1.,0.));
#5296 = ORIENTED_EDGE('',*,*,#5250,.F.);
#5297 = ORIENTED_EDGE('',*,*,#5298,.F.);
#5298 = EDGE_CURVE('',#5282,#5251,#5299,.T.);
#5299 = LINE('',#5300,#5301);
#5300 = CARTESIAN_POINT('',(18.233848764823,4.,1.));
#5301 = VECTOR('',#5302,1.);
#5302 = DIRECTION('',(0.,-1.,0.));
#5303 = PLANE('',#5304);
#5304 = AXIS2_PLACEMENT_3D('',#5305,#5306,#5307);
#5305 = CARTESIAN_POINT('',(18.233848764823,4.,1.));
#5306 = DIRECTION('',(1.,0.,-0.));
#5307 = DIRECTION('',(0.,-1.,0.));
#5308 = ADVANCED_FACE('',(#5309),#5334,.T.);
#5309 = FACE_BOUND('',#5310,.T.);
#5310 = EDGE_LOOP('',(#5311,#5321,#5327,#5328));
#5311 = ORIENTED_EDGE('',*,*,#5312,.T.);
#5312 = EDGE_CURVE('',#5313,#5315,#5317,.T.);
#5313 = VERTEX_POINT('',#5314);
#5314 = CARTESIAN_POINT('',(13.275785564932,4.,1.));
#5315 = VERTEX_POINT('',#5316);
#5316 = CARTESIAN_POINT('',(13.275785564932,4.,2.));
#5317 = LINE('',#5318,#5319);
#5318 = CARTESIAN_POINT('',(13.275785564932,4.,1.));
#5319 = VECTOR('',#5320,1.);
#5320 = DIRECTION('',(0.,0.,1.));
#5321 = ORIENTED_EDGE('',*,*,#5322,.T.);
#5322 = EDGE_CURVE('',#5315,#5284,#5323,.T.);
#5323 = LINE('',#5324,#5325);
#5324 = CARTESIAN_POINT('',(13.275785564932,4.,2.));
#5325 = VECTOR('',#5326,1.);
#5326 = DIRECTION('',(1.,0.,0.));
#5327 = ORIENTED_EDGE('',*,*,#5281,.F.);
#5328 = ORIENTED_EDGE('',*,*,#5329,.F.);
#5329 = EDGE_CURVE('',#5313,#5282,#5330,.T.);
#5330 = LINE('',#5331,#5332);
#5331 = CARTESIAN_POINT('',(13.275785564932,4.,1.));
#5332 = VECTOR('',#5333,1.);
#5333 = DIRECTION('',(1.,0.,0.));
#5334 = PLANE('',#5335);
#5335 = AXIS2_PLACEMENT_3D('',#5336,#5337,#5338);
#5336 = CARTESIAN_POINT('',(13.275785564932,4.,1.));
#5337 = DIRECTION('',(0.,1.,0.));
#5338 = DIRECTION('',(1.,0.,0.));
#5339 = ADVANCED_FACE('',(#5340),#5365,.T.);
#5340 = FACE_BOUND('',#5341,.T.);
#5341 = EDGE_LOOP('',(#5342,#5352,#5358,#5359));
#5342 = ORIENTED_EDGE('',*,*,#5343,.T.);
#5343 = EDGE_CURVE('',#5344,#5346,#5348,.T.);
#5344 = VERTEX_POINT('',#5345);
#5345 = CARTESIAN_POINT('',(13.275785564932,-4.,1.));
#5346 = VERTEX_POINT('',#5347);
#5347 = CARTESIAN_POINT('',(13.275785564932,-4.,2.));
#5348 = LINE('',#5349,#5350);
#5349 = CARTESIAN_POINT('',(13.275785564932,-4.,1.));
#5350 = VECTOR('',#5351,1.);
#5351 = DIRECTION('',(0.,0.,1.));
#5352 = ORIENTED_EDGE('',*,*,#5353,.T.);
#5353 = EDGE_CURVE('',#5346,#5315,#5354,.T.);
#5354 = LINE('',#5355,#5356);
#5355 = CARTESIAN_POINT('',(13.275785564932,-4.,2.));
#5356 = VECTOR('',#5357,1.);
#5357 = DIRECTION('',(0.,1.,0.));
#5358 = ORIENTED_EDGE('',*,*,#5312,.F.);
#5359 = ORIENTED_EDGE('',*,*,#5360,.F.);
#5360 = EDGE_CURVE('',#5344,#5313,#5361,.T.);
#5361 = LINE('',#5362,#5363);
#5362 = CARTESIAN_POINT('',(13.275785564932,-4.,1.));
#5363 = VECTOR('',#5364,1.);
#5364 = DIRECTION('',(0.,1.,0.));
#5365 = PLANE('',#5366);
#5366 = AXIS2_PLACEMENT_3D('',#5367,#5368,#5369);
#5367 = CARTESIAN_POINT('',(13.275785564932,-4.,1.));
#5368 = DIRECTION('',(-1.,0.,0.));
#5369 = DIRECTION('',(0.,1.,0.));
#5370 = ADVANCED_FACE('',(#5371),#5387,.T.);
#5371 = FACE_BOUND('',#5372,.T.);
#5372 = EDGE_LOOP('',(#5373,#5374,#5380,#5381));
#5373 = ORIENTED_EDGE('',*,*,#5042,.T.);
#5374 = ORIENTED_EDGE('',*,*,#5375,.T.);
#5375 = EDGE_CURVE('',#5035,#5346,#5376,.T.);
#5376 = LINE('',#5377,#5378);
#5377 = CARTESIAN_POINT('',(18.233848764823,-4.,2.));
#5378 = VECTOR('',#5379,1.);
#5379 = DIRECTION('',(-1.,0.,0.));
#5380 = ORIENTED_EDGE('',*,*,#5343,.F.);
#5381 = ORIENTED_EDGE('',*,*,#5382,.F.);
#5382 = EDGE_CURVE('',#5043,#5344,#5383,.T.);
#5383 = LINE('',#5384,#5385);
#5384 = CARTESIAN_POINT('',(18.233848764823,-4.,1.));
#5385 = VECTOR('',#5386,1.);
#5386 = DIRECTION('',(-1.,0.,0.));
#5387 = PLANE('',#5388);
#5388 = AXIS2_PLACEMENT_3D('',#5389,#5390,#5391);
#5389 = CARTESIAN_POINT('',(18.233848764823,-4.,1.));
#5390 = DIRECTION('',(0.,-1.,0.));
#5391 = DIRECTION('',(-1.,0.,0.));
#5392 = ADVANCED_FACE('',(#5393),#5407,.F.);
#5393 = FACE_BOUND('',#5394,.F.);
#5394 = EDGE_LOOP('',(#5395,#5396,#5397,#5398,#5399,#5400,#5401,#5402,
    #5403,#5404,#5405,#5406));
#5395 = ORIENTED_EDGE('',*,*,#5050,.F.);
#5396 = ORIENTED_EDGE('',*,*,#5081,.F.);
#5397 = ORIENTED_EDGE('',*,*,#5112,.F.);
#5398 = ORIENTED_EDGE('',*,*,#5143,.F.);
#5399 = ORIENTED_EDGE('',*,*,#5174,.F.);
#5400 = ORIENTED_EDGE('',*,*,#5205,.F.);
#5401 = ORIENTED_EDGE('',*,*,#5236,.F.);
#5402 = ORIENTED_EDGE('',*,*,#5267,.F.);
#5403 = ORIENTED_EDGE('',*,*,#5298,.F.);
#5404 = ORIENTED_EDGE('',*,*,#5329,.F.);
#5405 = ORIENTED_EDGE('',*,*,#5360,.F.);
#5406 = ORIENTED_EDGE('',*,*,#5382,.F.);
#5407 = PLANE('',#5408);
#5408 = AXIS2_PLACEMENT_3D('',#5409,#5410,#5411);
#5409 = CARTESIAN_POINT('',(15.396508112205,5.144196140179E-03,1.));
#5410 = DIRECTION('',(0.,0.,1.));
#5411 = DIRECTION('',(1.,0.,0.));
#5412 = ADVANCED_FACE('',(#5413),#5427,.T.);
#5413 = FACE_BOUND('',#5414,.T.);
#5414 = EDGE_LOOP('',(#5415,#5416,#5417,#5418,#5419,#5420,#5421,#5422,
    #5423,#5424,#5425,#5426));
#5415 = ORIENTED_EDGE('',*,*,#5034,.F.);
#5416 = ORIENTED_EDGE('',*,*,#5074,.F.);
#5417 = ORIENTED_EDGE('',*,*,#5105,.F.);
#5418 = ORIENTED_EDGE('',*,*,#5136,.F.);
#5419 = ORIENTED_EDGE('',*,*,#5167,.F.);
#5420 = ORIENTED_EDGE('',*,*,#5198,.F.);
#5421 = ORIENTED_EDGE('',*,*,#5229,.F.);
#5422 = ORIENTED_EDGE('',*,*,#5260,.F.);
#5423 = ORIENTED_EDGE('',*,*,#5291,.F.);
#5424 = ORIENTED_EDGE('',*,*,#5322,.F.);
#5425 = ORIENTED_EDGE('',*,*,#5353,.F.);
#5426 = ORIENTED_EDGE('',*,*,#5375,.F.);
#5427 = PLANE('',#5428);
#5428 = AXIS2_PLACEMENT_3D('',#5429,#5430,#5431);
#5429 = CARTESIAN_POINT('',(15.396508112205,5.144196140179E-03,2.));
#5430 = DIRECTION('',(0.,0.,1.));
#5431 = DIRECTION('',(1.,0.,0.));
#5432 = MANIFOLD_SOLID_BREP('',#5433);
#5433 = CLOSED_SHELL('',(#5434,#5476,#5507,#5540,#5573,#5606,#5639,#5672
    ,#5705,#5738,#5771,#5804,#5837,#5870,#5903,#5936,#5969,#6002,#6035,
    #6068,#6101,#6134,#6167,#6200,#6233,#6266,#6299,#6330,#6363,#6396,
    #6429,#6462,#6495,#6528,#6561,#6594,#6627,#6660,#6693,#6726,#6759,
    #6792,#6825,#6858,#6891,#6924,#6957,#6990,#7023,#7056,#7089,#7122,
    #7146,#7206));
#5434 = ADVANCED_FACE('',(#5435),#5469,.T.);
#5435 = FACE_BOUND('',#5436,.T.);
#5436 = EDGE_LOOP('',(#5437,#5447,#5455,#5463));
#5437 = ORIENTED_EDGE('',*,*,#5438,.T.);
#5438 = EDGE_CURVE('',#5439,#5441,#5443,.T.);
#5439 = VERTEX_POINT('',#5440);
#5440 = CARTESIAN_POINT('',(23.844765933976,2.696468241375,1.));
#5441 = VERTEX_POINT('',#5442);
#5442 = CARTESIAN_POINT('',(23.844765933976,2.696468241375,2.));
#5443 = LINE('',#5444,#5445);
#5444 = CARTESIAN_POINT('',(23.844765933976,2.696468241375,1.));
#5445 = VECTOR('',#5446,1.);
#5446 = DIRECTION('',(0.,0.,1.));
#5447 = ORIENTED_EDGE('',*,*,#5448,.T.);
#5448 = EDGE_CURVE('',#5441,#5449,#5451,.T.);
#5449 = VERTEX_POINT('',#5450);
#5450 = CARTESIAN_POINT('',(23.727977612808,2.557192727932,2.));
#5451 = B_SPLINE_CURVE_WITH_KNOTS('',2,(#5452,#5453,#5454),
  .UNSPECIFIED.,.F.,.F.,(3,3),(0.,1.),.PIECEWISE_BEZIER_KNOTS.);
#5452 = CARTESIAN_POINT('',(23.844765933976,2.696468241375,2.));
#5453 = CARTESIAN_POINT('',(23.789273346588,2.601804415832,2.));
#5454 = CARTESIAN_POINT('',(23.727977612808,2.557192727932,2.));
#5455 = ORIENTED_EDGE('',*,*,#5456,.F.);
#5456 = EDGE_CURVE('',#5457,#5449,#5459,.T.);
#5457 = VERTEX_POINT('',#5458);
#5458 = CARTESIAN_POINT('',(23.727977612808,2.557192727932,1.));
#5459 = LINE('',#5460,#5461);
#5460 = CARTESIAN_POINT('',(23.727977612808,2.557192727932,1.));
#5461 = VECTOR('',#5462,1.);
#5462 = DIRECTION('',(0.,0.,1.));
#5463 = ORIENTED_EDGE('',*,*,#5464,.F.);
#5464 = EDGE_CURVE('',#5439,#5457,#5465,.T.);
#5465 = B_SPLINE_CURVE_WITH_KNOTS('',2,(#5466,#5467,#5468),
  .UNSPECIFIED.,.F.,.F.,(3,3),(0.,1.),.PIECEWISE_BEZIER_KNOTS.);
#5466 = CARTESIAN_POINT('',(23.844765933976,2.696468241375,1.));
#5467 = CARTESIAN_POINT('',(23.789273346588,2.601804415832,1.));
#5468 = CARTESIAN_POINT('',(23.727977612808,2.557192727932,1.));
#5469 = SURFACE_OF_LINEAR_EXTRUSION('',#5470,#5474);
#5470 = B_SPLINE_CURVE_WITH_KNOTS('',2,(#5471,#5472,#5473),
  .UNSPECIFIED.,.F.,.F.,(3,3),(0.,1.),.PIECEWISE_BEZIER_KNOTS.);
#5471 = CARTESIAN_POINT('',(23.844765933976,2.696468241375,1.));
#5472 = CARTESIAN_POINT('',(23.789273346588,2.601804415832,1.));
#5473 = CARTESIAN_POINT('',(23.727977612808,2.557192727932,1.));
#5474 = VECTOR('',#5475,1.);
#5475 = DIRECTION('',(-0.,-0.,-1.));
#5476 = ADVANCED_FACE('',(#5477),#5502,.T.);
#5477 = FACE_BOUND('',#5478,.T.);
#5478 = EDGE_LOOP('',(#5479,#5489,#5495,#5496));
#5479 = ORIENTED_EDGE('',*,*,#5480,.T.);
#5480 = EDGE_CURVE('',#5481,#5483,#5485,.T.);
#5481 = VERTEX_POINT('',#5482);
#5482 = CARTESIAN_POINT('',(24.134560556998,3.259010744888,1.));
#5483 = VERTEX_POINT('',#5484);
#5484 = CARTESIAN_POINT('',(24.134560556998,3.259010744888,2.));
#5485 = LINE('',#5486,#5487);
#5486 = CARTESIAN_POINT('',(24.134560556998,3.259010744888,1.));
#5487 = VECTOR('',#5488,1.);
#5488 = DIRECTION('',(0.,0.,1.));
#5489 = ORIENTED_EDGE('',*,*,#5490,.T.);
#5490 = EDGE_CURVE('',#5483,#5441,#5491,.T.);
#5491 = LINE('',#5492,#5493);
#5492 = CARTESIAN_POINT('',(24.134560556998,3.259010744888,2.));
#5493 = VECTOR('',#5494,1.);
#5494 = DIRECTION('',(-0.457956589674,-0.888974556427,0.));
#5495 = ORIENTED_EDGE('',*,*,#5438,.F.);
#5496 = ORIENTED_EDGE('',*,*,#5497,.F.);
#5497 = EDGE_CURVE('',#5481,#5439,#5498,.T.);
#5498 = LINE('',#5499,#5500);
#5499 = CARTESIAN_POINT('',(24.134560556998,3.259010744888,1.));
#5500 = VECTOR('',#5501,1.);
#5501 = DIRECTION('',(-0.457956589674,-0.888974556427,0.));
#5502 = PLANE('',#5503);
#5503 = AXIS2_PLACEMENT_3D('',#5504,#5505,#5506);
#5504 = CARTESIAN_POINT('',(24.134560556998,3.259010744888,1.));
#5505 = DIRECTION('',(0.888974556427,-0.457956589674,0.));
#5506 = DIRECTION('',(-0.457956589674,-0.888974556427,0.));
#5507 = ADVANCED_FACE('',(#5508),#5533,.T.);
#5508 = FACE_BOUND('',#5509,.T.);
#5509 = EDGE_LOOP('',(#5510,#5520,#5526,#5527));
#5510 = ORIENTED_EDGE('',*,*,#5511,.T.);
#5511 = EDGE_CURVE('',#5512,#5514,#5516,.T.);
#5512 = VERTEX_POINT('',#5513);
#5513 = CARTESIAN_POINT('',(23.15128993996,3.874506959242,1.));
#5514 = VERTEX_POINT('',#5515);
#5515 = CARTESIAN_POINT('',(23.15128993996,3.874506959242,2.));
#5516 = LINE('',#5517,#5518);
#5517 = CARTESIAN_POINT('',(23.15128993996,3.874506959242,1.));
#5518 = VECTOR('',#5519,1.);
#5519 = DIRECTION('',(0.,0.,1.));
#5520 = ORIENTED_EDGE('',*,*,#5521,.T.);
#5521 = EDGE_CURVE('',#5514,#5483,#5522,.T.);
#5522 = B_SPLINE_CURVE_WITH_KNOTS('',2,(#5523,#5524,#5525),
  .UNSPECIFIED.,.F.,.F.,(3,3),(0.,1.),.PIECEWISE_BEZIER_KNOTS.);
#5523 = CARTESIAN_POINT('',(23.15128993996,3.874506959242,2.));
#5524 = CARTESIAN_POINT('',(23.71673401667,3.660153239334,2.));
#5525 = CARTESIAN_POINT('',(24.134560556998,3.259010744888,2.));
#5526 = ORIENTED_EDGE('',*,*,#5480,.F.);
#5527 = ORIENTED_EDGE('',*,*,#5528,.F.);
#5528 = EDGE_CURVE('',#5512,#5481,#5529,.T.);
#5529 = B_SPLINE_CURVE_WITH_KNOTS('',2,(#5530,#5531,#5532),
  .UNSPECIFIED.,.F.,.F.,(3,3),(0.,1.),.PIECEWISE_BEZIER_KNOTS.);
#5530 = CARTESIAN_POINT('',(23.15128993996,3.874506959242,1.));
#5531 = CARTESIAN_POINT('',(23.71673401667,3.660153239334,1.));
#5532 = CARTESIAN_POINT('',(24.134560556998,3.259010744888,1.));
#5533 = SURFACE_OF_LINEAR_EXTRUSION('',#5534,#5538);
#5534 = B_SPLINE_CURVE_WITH_KNOTS('',2,(#5535,#5536,#5537),
  .UNSPECIFIED.,.F.,.F.,(3,3),(0.,1.),.PIECEWISE_BEZIER_KNOTS.);
#5535 = CARTESIAN_POINT('',(23.15128993996,3.874506959242,1.));
#5536 = CARTESIAN_POINT('',(23.71673401667,3.660153239334,1.));
#5537 = CARTESIAN_POINT('',(24.134560556998,3.259010744888,1.));
#5538 = VECTOR('',#5539,1.);
#5539 = DIRECTION('',(-0.,-0.,-1.));
#5540 = ADVANCED_FACE('',(#5541),#5566,.T.);
#5541 = FACE_BOUND('',#5542,.T.);
#5542 = EDGE_LOOP('',(#5543,#5553,#5559,#5560));
#5543 = ORIENTED_EDGE('',*,*,#5544,.T.);
#5544 = EDGE_CURVE('',#5545,#5547,#5549,.T.);
#5545 = VERTEX_POINT('',#5546);
#5546 = CARTESIAN_POINT('',(21.911592791663,4.089223375799,1.));
#5547 = VERTEX_POINT('',#5548);
#5548 = CARTESIAN_POINT('',(21.911592791663,4.089223375799,2.));
#5549 = LINE('',#5550,#5551);
#5550 = CARTESIAN_POINT('',(21.911592791663,4.089223375799,1.));
#5551 = VECTOR('',#5552,1.);
#5552 = DIRECTION('',(0.,0.,1.));
#5553 = ORIENTED_EDGE('',*,*,#5554,.T.);
#5554 = EDGE_CURVE('',#5547,#5514,#5555,.T.);
#5555 = B_SPLINE_CURVE_WITH_KNOTS('',2,(#5556,#5557,#5558),
  .UNSPECIFIED.,.F.,.F.,(3,3),(0.,1.),.PIECEWISE_BEZIER_KNOTS.);
#5556 = CARTESIAN_POINT('',(21.911592791663,4.089223375799,2.));
#5557 = CARTESIAN_POINT('',(22.58584586325,4.089223375799,2.));
#5558 = CARTESIAN_POINT('',(23.15128993996,3.874506959242,2.));
#5559 = ORIENTED_EDGE('',*,*,#5511,.F.);
#5560 = ORIENTED_EDGE('',*,*,#5561,.F.);
#5561 = EDGE_CURVE('',#5545,#5512,#5562,.T.);
#5562 = B_SPLINE_CURVE_WITH_KNOTS('',2,(#5563,#5564,#5565),
  .UNSPECIFIED.,.F.,.F.,(3,3),(0.,1.),.PIECEWISE_BEZIER_KNOTS.);
#5563 = CARTESIAN_POINT('',(21.911592791663,4.089223375799,1.));
#5564 = CARTESIAN_POINT('',(22.58584586325,4.089223375799,1.));
#5565 = CARTESIAN_POINT('',(23.15128993996,3.874506959242,1.));
#5566 = SURFACE_OF_LINEAR_EXTRUSION('',#5567,#5571);
#5567 = B_SPLINE_CURVE_WITH_KNOTS('',2,(#5568,#5569,#5570),
  .UNSPECIFIED.,.F.,.F.,(3,3),(0.,1.),.PIECEWISE_BEZIER_KNOTS.);
#5568 = CARTESIAN_POINT('',(21.911592791663,4.089223375799,1.));
#5569 = CARTESIAN_POINT('',(22.58584586325,4.089223375799,1.));
#5570 = CARTESIAN_POINT('',(23.15128993996,3.874506959242,1.));
#5571 = VECTOR('',#5572,1.);
#5572 = DIRECTION('',(-0.,-0.,-1.));
#5573 = ADVANCED_FACE('',(#5574),#5599,.T.);
#5574 = FACE_BOUND('',#5575,.T.);
#5575 = EDGE_LOOP('',(#5576,#5586,#5592,#5593));
#5576 = ORIENTED_EDGE('',*,*,#5577,.T.);
#5577 = EDGE_CURVE('',#5578,#5580,#5582,.T.);
#5578 = VERTEX_POINT('',#5579);
#5579 = CARTESIAN_POINT('',(20.842000372022,3.90243460126,1.));
#5580 = VERTEX_POINT('',#5581);
#5581 = CARTESIAN_POINT('',(20.842000372022,3.90243460126,2.));
#5582 = LINE('',#5583,#5584);
#5583 = CARTESIAN_POINT('',(20.842000372022,3.90243460126,1.));
#5584 = VECTOR('',#5585,1.);
#5585 = DIRECTION('',(0.,0.,1.));
#5586 = ORIENTED_EDGE('',*,*,#5587,.T.);
#5587 = EDGE_CURVE('',#5580,#5547,#5588,.T.);
#5588 = B_SPLINE_CURVE_WITH_KNOTS('',2,(#5589,#5590,#5591),
  .UNSPECIFIED.,.F.,.F.,(3,3),(0.,1.),.PIECEWISE_BEZIER_KNOTS.);
#5589 = CARTESIAN_POINT('',(20.842000372022,3.90243460126,2.));
#5590 = CARTESIAN_POINT('',(21.309879049993,4.089223375799,2.));
#5591 = CARTESIAN_POINT('',(21.911592791663,4.089223375799,2.));
#5592 = ORIENTED_EDGE('',*,*,#5544,.F.);
#5593 = ORIENTED_EDGE('',*,*,#5594,.F.);
#5594 = EDGE_CURVE('',#5578,#5545,#5595,.T.);
#5595 = B_SPLINE_CURVE_WITH_KNOTS('',2,(#5596,#5597,#5598),
  .UNSPECIFIED.,.F.,.F.,(3,3),(0.,1.),.PIECEWISE_BEZIER_KNOTS.);
#5596 = CARTESIAN_POINT('',(20.842000372022,3.90243460126,1.));
#5597 = CARTESIAN_POINT('',(21.309879049993,4.089223375799,1.));
#5598 = CARTESIAN_POINT('',(21.911592791663,4.089223375799,1.));
#5599 = SURFACE_OF_LINEAR_EXTRUSION('',#5600,#5604);
#5600 = B_SPLINE_CURVE_WITH_KNOTS('',2,(#5601,#5602,#5603),
  .UNSPECIFIED.,.F.,.F.,(3,3),(0.,1.),.PIECEWISE_BEZIER_KNOTS.);
#5601 = CARTESIAN_POINT('',(20.842000372022,3.90243460126,1.));
#5602 = CARTESIAN_POINT('',(21.309879049993,4.089223375799,1.));
#5603 = CARTESIAN_POINT('',(21.911592791663,4.089223375799,1.));
#5604 = VECTOR('',#5605,1.);
#5605 = DIRECTION('',(-0.,-0.,-1.));
#5606 = ADVANCED_FACE('',(#5607),#5632,.T.);
#5607 = FACE_BOUND('',#5608,.T.);
#5608 = EDGE_LOOP('',(#5609,#5619,#5625,#5626));
#5609 = ORIENTED_EDGE('',*,*,#5610,.T.);
#5610 = EDGE_CURVE('',#5611,#5613,#5615,.T.);
#5611 = VERTEX_POINT('',#5612);
#5612 = CARTESIAN_POINT('',(20.053860552464,3.406628281271,1.));
#5613 = VERTEX_POINT('',#5614);
#5614 = CARTESIAN_POINT('',(20.053860552464,3.406628281271,2.));
#5615 = LINE('',#5616,#5617);
#5616 = CARTESIAN_POINT('',(20.053860552464,3.406628281271,1.));
#5617 = VECTOR('',#5618,1.);
#5618 = DIRECTION('',(0.,0.,1.));
#5619 = ORIENTED_EDGE('',*,*,#5620,.T.);
#5620 = EDGE_CURVE('',#5613,#5580,#5621,.T.);
#5621 = B_SPLINE_CURVE_WITH_KNOTS('',2,(#5622,#5623,#5624),
  .UNSPECIFIED.,.F.,.F.,(3,3),(0.,1.),.PIECEWISE_BEZIER_KNOTS.);
#5622 = CARTESIAN_POINT('',(20.053860552464,3.406628281271,2.));
#5623 = CARTESIAN_POINT('',(20.374121694052,3.716008523371,2.));
#5624 = CARTESIAN_POINT('',(20.842000372022,3.90243460126,2.));
#5625 = ORIENTED_EDGE('',*,*,#5577,.F.);
#5626 = ORIENTED_EDGE('',*,*,#5627,.F.);
#5627 = EDGE_CURVE('',#5611,#5578,#5628,.T.);
#5628 = B_SPLINE_CURVE_WITH_KNOTS('',2,(#5629,#5630,#5631),
  .UNSPECIFIED.,.F.,.F.,(3,3),(0.,1.),.PIECEWISE_BEZIER_KNOTS.);
#5629 = CARTESIAN_POINT('',(20.053860552464,3.406628281271,1.));
#5630 = CARTESIAN_POINT('',(20.374121694052,3.716008523371,1.));
#5631 = CARTESIAN_POINT('',(20.842000372022,3.90243460126,1.));
#5632 = SURFACE_OF_LINEAR_EXTRUSION('',#5633,#5637);
#5633 = B_SPLINE_CURVE_WITH_KNOTS('',2,(#5634,#5635,#5636),
  .UNSPECIFIED.,.F.,.F.,(3,3),(0.,1.),.PIECEWISE_BEZIER_KNOTS.);
#5634 = CARTESIAN_POINT('',(20.053860552464,3.406628281271,1.));
#5635 = CARTESIAN_POINT('',(20.374121694052,3.716008523371,1.));
#5636 = CARTESIAN_POINT('',(20.842000372022,3.90243460126,1.));
#5637 = VECTOR('',#5638,1.);
#5638 = DIRECTION('',(-0.,-0.,-1.));
#5639 = ADVANCED_FACE('',(#5640),#5665,.T.);
#5640 = FACE_BOUND('',#5641,.T.);
#5641 = EDGE_LOOP('',(#5642,#5652,#5658,#5659));
#5642 = ORIENTED_EDGE('',*,*,#5643,.T.);
#5643 = EDGE_CURVE('',#5644,#5646,#5648,.T.);
#5644 = VERTEX_POINT('',#5645);
#5645 = CARTESIAN_POINT('',(19.566396255416,2.696468241375,1.));
#5646 = VERTEX_POINT('',#5647);
#5647 = CARTESIAN_POINT('',(19.566396255416,2.696468241375,2.));
#5648 = LINE('',#5649,#5650);
#5649 = CARTESIAN_POINT('',(19.566396255416,2.696468241375,1.));
#5650 = VECTOR('',#5651,1.);
#5651 = DIRECTION('',(0.,0.,1.));
#5652 = ORIENTED_EDGE('',*,*,#5653,.T.);
#5653 = EDGE_CURVE('',#5646,#5613,#5654,.T.);
#5654 = B_SPLINE_CURVE_WITH_KNOTS('',2,(#5655,#5656,#5657),
  .UNSPECIFIED.,.F.,.F.,(3,3),(0.,1.),.PIECEWISE_BEZIER_KNOTS.);
#5655 = CARTESIAN_POINT('',(19.566396255416,2.696468241375,2.));
#5656 = CARTESIAN_POINT('',(19.733599410876,3.097610735821,2.));
#5657 = CARTESIAN_POINT('',(20.053860552464,3.406628281271,2.));
#5658 = ORIENTED_EDGE('',*,*,#5610,.F.);
#5659 = ORIENTED_EDGE('',*,*,#5660,.F.);
#5660 = EDGE_CURVE('',#5644,#5611,#5661,.T.);
#5661 = B_SPLINE_CURVE_WITH_KNOTS('',2,(#5662,#5663,#5664),
  .UNSPECIFIED.,.F.,.F.,(3,3),(0.,1.),.PIECEWISE_BEZIER_KNOTS.);
#5662 = CARTESIAN_POINT('',(19.566396255416,2.696468241375,1.));
#5663 = CARTESIAN_POINT('',(19.733599410876,3.097610735821,1.));
#5664 = CARTESIAN_POINT('',(20.053860552464,3.406628281271,1.));
#5665 = SURFACE_OF_LINEAR_EXTRUSION('',#5666,#5670);
#5666 = B_SPLINE_CURVE_WITH_KNOTS('',2,(#5667,#5668,#5669),
  .UNSPECIFIED.,.F.,.F.,(3,3),(0.,1.),.PIECEWISE_BEZIER_KNOTS.);
#5667 = CARTESIAN_POINT('',(19.566396255416,2.696468241375,1.));
#5668 = CARTESIAN_POINT('',(19.733599410876,3.097610735821,1.));
#5669 = CARTESIAN_POINT('',(20.053860552464,3.406628281271,1.));
#5670 = VECTOR('',#5671,1.);
#5671 = DIRECTION('',(-0.,-0.,-1.));
#5672 = ADVANCED_FACE('',(#5673),#5698,.T.);
#5673 = FACE_BOUND('',#5674,.T.);
#5674 = EDGE_LOOP('',(#5675,#5685,#5691,#5692));
#5675 = ORIENTED_EDGE('',*,*,#5676,.T.);
#5676 = EDGE_CURVE('',#5677,#5679,#5681,.T.);
#5677 = VERTEX_POINT('',#5678);
#5678 = CARTESIAN_POINT('',(19.399193099955,1.866255610464,1.));
#5679 = VERTEX_POINT('',#5680);
#5680 = CARTESIAN_POINT('',(19.399193099955,1.866255610464,2.));
#5681 = LINE('',#5682,#5683);
#5682 = CARTESIAN_POINT('',(19.399193099955,1.866255610464,1.));
#5683 = VECTOR('',#5684,1.);
#5684 = DIRECTION('',(0.,0.,1.));
#5685 = ORIENTED_EDGE('',*,*,#5686,.T.);
#5686 = EDGE_CURVE('',#5679,#5646,#5687,.T.);
#5687 = B_SPLINE_CURVE_WITH_KNOTS('',2,(#5688,#5689,#5690),
  .UNSPECIFIED.,.F.,.F.,(3,3),(0.,1.),.PIECEWISE_BEZIER_KNOTS.);
#5688 = CARTESIAN_POINT('',(19.399193099955,1.866255610464,2.));
#5689 = CARTESIAN_POINT('',(19.399193099955,2.295325746928,2.));
#5690 = CARTESIAN_POINT('',(19.566396255416,2.696468241375,2.));
#5691 = ORIENTED_EDGE('',*,*,#5643,.F.);
#5692 = ORIENTED_EDGE('',*,*,#5693,.F.);
#5693 = EDGE_CURVE('',#5677,#5644,#5694,.T.);
#5694 = B_SPLINE_CURVE_WITH_KNOTS('',2,(#5695,#5696,#5697),
  .UNSPECIFIED.,.F.,.F.,(3,3),(0.,1.),.PIECEWISE_BEZIER_KNOTS.);
#5695 = CARTESIAN_POINT('',(19.399193099955,1.866255610464,1.));
#5696 = CARTESIAN_POINT('',(19.399193099955,2.295325746928,1.));
#5697 = CARTESIAN_POINT('',(19.566396255416,2.696468241375,1.));
#5698 = SURFACE_OF_LINEAR_EXTRUSION('',#5699,#5703);
#5699 = B_SPLINE_CURVE_WITH_KNOTS('',2,(#5700,#5701,#5702),
  .UNSPECIFIED.,.F.,.F.,(3,3),(0.,1.),.PIECEWISE_BEZIER_KNOTS.);
#5700 = CARTESIAN_POINT('',(19.399193099955,1.866255610464,1.));
#5701 = CARTESIAN_POINT('',(19.399193099955,2.295325746928,1.));
#5702 = CARTESIAN_POINT('',(19.566396255416,2.696468241375,1.));
#5703 = VECTOR('',#5704,1.);
#5704 = DIRECTION('',(-0.,-0.,-1.));
#5705 = ADVANCED_FACE('',(#5706),#5731,.T.);
#5706 = FACE_BOUND('',#5707,.T.);
#5707 = EDGE_LOOP('',(#5708,#5718,#5724,#5725));
#5708 = ORIENTED_EDGE('',*,*,#5709,.T.);
#5709 = EDGE_CURVE('',#5710,#5712,#5714,.T.);
#5710 = VERTEX_POINT('',#5711);
#5711 = CARTESIAN_POINT('',(19.560593109022,0.966405222832,1.));
#5712 = VERTEX_POINT('',#5713);
#5713 = CARTESIAN_POINT('',(19.560593109022,0.966405222832,2.));
#5714 = LINE('',#5715,#5716);
#5715 = CARTESIAN_POINT('',(19.560593109022,0.966405222832,1.));
#5716 = VECTOR('',#5717,1.);
#5717 = DIRECTION('',(0.,0.,1.));
#5718 = ORIENTED_EDGE('',*,*,#5719,.T.);
#5719 = EDGE_CURVE('',#5712,#5679,#5720,.T.);
#5720 = B_SPLINE_CURVE_WITH_KNOTS('',2,(#5721,#5722,#5723),
  .UNSPECIFIED.,.F.,.F.,(3,3),(0.,1.),.PIECEWISE_BEZIER_KNOTS.);
#5721 = CARTESIAN_POINT('',(19.560593109022,0.966405222832,2.));
#5722 = CARTESIAN_POINT('',(19.399193099955,1.331640748969,2.));
#5723 = CARTESIAN_POINT('',(19.399193099955,1.866255610464,2.));
#5724 = ORIENTED_EDGE('',*,*,#5676,.F.);
#5725 = ORIENTED_EDGE('',*,*,#5726,.F.);
#5726 = EDGE_CURVE('',#5710,#5677,#5727,.T.);
#5727 = B_SPLINE_CURVE_WITH_KNOTS('',2,(#5728,#5729,#5730),
  .UNSPECIFIED.,.F.,.F.,(3,3),(0.,1.),.PIECEWISE_BEZIER_KNOTS.);
#5728 = CARTESIAN_POINT('',(19.560593109022,0.966405222832,1.));
#5729 = CARTESIAN_POINT('',(19.399193099955,1.331640748969,1.));
#5730 = CARTESIAN_POINT('',(19.399193099955,1.866255610464,1.));
#5731 = SURFACE_OF_LINEAR_EXTRUSION('',#5732,#5736);
#5732 = B_SPLINE_CURVE_WITH_KNOTS('',2,(#5733,#5734,#5735),
  .UNSPECIFIED.,.F.,.F.,(3,3),(0.,1.),.PIECEWISE_BEZIER_KNOTS.);
#5733 = CARTESIAN_POINT('',(19.560593109022,0.966405222832,1.));
#5734 = CARTESIAN_POINT('',(19.399193099955,1.331640748969,1.));
#5735 = CARTESIAN_POINT('',(19.399193099955,1.866255610464,1.));
#5736 = VECTOR('',#5737,1.);
#5737 = DIRECTION('',(-0.,-0.,-1.));
#5738 = ADVANCED_FACE('',(#5739),#5764,.T.);
#5739 = FACE_BOUND('',#5740,.T.);
#5740 = EDGE_LOOP('',(#5741,#5751,#5757,#5758));
#5741 = ORIENTED_EDGE('',*,*,#5742,.T.);
#5742 = EDGE_CURVE('',#5743,#5745,#5747,.T.);
#5743 = VERTEX_POINT('',#5744);
#5744 = CARTESIAN_POINT('',(19.989663245487,0.359251031419,1.));
#5745 = VERTEX_POINT('',#5746);
#5746 = CARTESIAN_POINT('',(19.989663245487,0.359251031419,2.));
#5747 = LINE('',#5748,#5749);
#5748 = CARTESIAN_POINT('',(19.989663245487,0.359251031419,1.));
#5749 = VECTOR('',#5750,1.);
#5750 = DIRECTION('',(0.,0.,1.));
#5751 = ORIENTED_EDGE('',*,*,#5752,.T.);
#5752 = EDGE_CURVE('',#5745,#5712,#5753,.T.);
#5753 = B_SPLINE_CURVE_WITH_KNOTS('',2,(#5754,#5755,#5756),
  .UNSPECIFIED.,.F.,.F.,(3,3),(0.,1.),.PIECEWISE_BEZIER_KNOTS.);
#5754 = CARTESIAN_POINT('',(19.989663245487,0.359251031419,2.));
#5755 = CARTESIAN_POINT('',(19.722355814739,0.601532393345,2.));
#5756 = CARTESIAN_POINT('',(19.560593109022,0.966405222832,2.));
#5757 = ORIENTED_EDGE('',*,*,#5709,.F.);
#5758 = ORIENTED_EDGE('',*,*,#5759,.F.);
#5759 = EDGE_CURVE('',#5743,#5710,#5760,.T.);
#5760 = B_SPLINE_CURVE_WITH_KNOTS('',2,(#5761,#5762,#5763),
  .UNSPECIFIED.,.F.,.F.,(3,3),(0.,1.),.PIECEWISE_BEZIER_KNOTS.);
#5761 = CARTESIAN_POINT('',(19.989663245487,0.359251031419,1.));
#5762 = CARTESIAN_POINT('',(19.722355814739,0.601532393345,1.));
#5763 = CARTESIAN_POINT('',(19.560593109022,0.966405222832,1.));
#5764 = SURFACE_OF_LINEAR_EXTRUSION('',#5765,#5769);
#5765 = B_SPLINE_CURVE_WITH_KNOTS('',2,(#5766,#5767,#5768),
  .UNSPECIFIED.,.F.,.F.,(3,3),(0.,1.),.PIECEWISE_BEZIER_KNOTS.);
#5766 = CARTESIAN_POINT('',(19.989663245487,0.359251031419,1.));
#5767 = CARTESIAN_POINT('',(19.722355814739,0.601532393345,1.));
#5768 = CARTESIAN_POINT('',(19.560593109022,0.966405222832,1.));
#5769 = VECTOR('',#5770,1.);
#5770 = DIRECTION('',(-0.,-0.,-1.));
#5771 = ADVANCED_FACE('',(#5772),#5797,.T.);
#5772 = FACE_BOUND('',#5773,.T.);
#5773 = EDGE_LOOP('',(#5774,#5784,#5790,#5791));
#5774 = ORIENTED_EDGE('',*,*,#5775,.T.);
#5775 = EDGE_CURVE('',#5776,#5778,#5780,.T.);
#5776 = VERTEX_POINT('',#5777);
#5777 = CARTESIAN_POINT('',(20.5968174369,-3.354944008705E-02,1.));
#5778 = VERTEX_POINT('',#5779);
#5779 = CARTESIAN_POINT('',(20.5968174369,-3.354944008705E-02,2.));
#5780 = LINE('',#5781,#5782);
#5781 = CARTESIAN_POINT('',(20.5968174369,-3.354944008705E-02,1.));
#5782 = VECTOR('',#5783,1.);
#5783 = DIRECTION('',(0.,0.,1.));
#5784 = ORIENTED_EDGE('',*,*,#5785,.T.);
#5785 = EDGE_CURVE('',#5778,#5745,#5786,.T.);
#5786 = B_SPLINE_CURVE_WITH_KNOTS('',2,(#5787,#5788,#5789),
  .UNSPECIFIED.,.F.,.F.,(3,3),(0.,1.),.PIECEWISE_BEZIER_KNOTS.);
#5787 = CARTESIAN_POINT('',(20.5968174369,-3.354944008705E-02,2.));
#5788 = CARTESIAN_POINT('',(20.256970676234,0.116969669493,2.));
#5789 = CARTESIAN_POINT('',(19.989663245487,0.359251031419,2.));
#5790 = ORIENTED_EDGE('',*,*,#5742,.F.);
#5791 = ORIENTED_EDGE('',*,*,#5792,.F.);
#5792 = EDGE_CURVE('',#5776,#5743,#5793,.T.);
#5793 = B_SPLINE_CURVE_WITH_KNOTS('',2,(#5794,#5795,#5796),
  .UNSPECIFIED.,.F.,.F.,(3,3),(0.,1.),.PIECEWISE_BEZIER_KNOTS.);
#5794 = CARTESIAN_POINT('',(20.5968174369,-3.354944008705E-02,1.));
#5795 = CARTESIAN_POINT('',(20.256970676234,0.116969669493,1.));
#5796 = CARTESIAN_POINT('',(19.989663245487,0.359251031419,1.));
#5797 = SURFACE_OF_LINEAR_EXTRUSION('',#5798,#5802);
#5798 = B_SPLINE_CURVE_WITH_KNOTS('',2,(#5799,#5800,#5801),
  .UNSPECIFIED.,.F.,.F.,(3,3),(0.,1.),.PIECEWISE_BEZIER_KNOTS.);
#5799 = CARTESIAN_POINT('',(20.5968174369,-3.354944008705E-02,1.));
#5800 = CARTESIAN_POINT('',(20.256970676234,0.116969669493,1.));
#5801 = CARTESIAN_POINT('',(19.989663245487,0.359251031419,1.));
#5802 = VECTOR('',#5803,1.);
#5803 = DIRECTION('',(-0.,-0.,-1.));
#5804 = ADVANCED_FACE('',(#5805),#5830,.T.);
#5805 = FACE_BOUND('',#5806,.T.);
#5806 = EDGE_LOOP('',(#5807,#5817,#5823,#5824));
#5807 = ORIENTED_EDGE('',*,*,#5808,.T.);
#5808 = EDGE_CURVE('',#5809,#5811,#5813,.T.);
#5809 = VERTEX_POINT('',#5810);
#5810 = CARTESIAN_POINT('',(21.293195004112,-0.297955297638,1.));
#5811 = VERTEX_POINT('',#5812);
#5812 = CARTESIAN_POINT('',(21.293195004112,-0.297955297638,2.));
#5813 = LINE('',#5814,#5815);
#5814 = CARTESIAN_POINT('',(21.293195004112,-0.297955297638,1.));
#5815 = VECTOR('',#5816,1.);
#5816 = DIRECTION('',(0.,0.,1.));
#5817 = ORIENTED_EDGE('',*,*,#5818,.T.);
#5818 = EDGE_CURVE('',#5811,#5778,#5819,.T.);
#5819 = B_SPLINE_CURVE_WITH_KNOTS('',2,(#5820,#5821,#5822),
  .UNSPECIFIED.,.F.,.F.,(3,3),(0.,1.),.PIECEWISE_BEZIER_KNOTS.);
#5820 = CARTESIAN_POINT('',(21.293195004112,-0.297955297638,2.));
#5821 = CARTESIAN_POINT('',(20.936664197565,-0.183705853017,2.));
#5822 = CARTESIAN_POINT('',(20.5968174369,-3.354944008705E-02,2.));
#5823 = ORIENTED_EDGE('',*,*,#5775,.F.);
#5824 = ORIENTED_EDGE('',*,*,#5825,.F.);
#5825 = EDGE_CURVE('',#5809,#5776,#5826,.T.);
#5826 = B_SPLINE_CURVE_WITH_KNOTS('',2,(#5827,#5828,#5829),
  .UNSPECIFIED.,.F.,.F.,(3,3),(0.,1.),.PIECEWISE_BEZIER_KNOTS.);
#5827 = CARTESIAN_POINT('',(21.293195004112,-0.297955297638,1.));
#5828 = CARTESIAN_POINT('',(20.936664197565,-0.183705853017,1.));
#5829 = CARTESIAN_POINT('',(20.5968174369,-3.354944008705E-02,1.));
#5830 = SURFACE_OF_LINEAR_EXTRUSION('',#5831,#5835);
#5831 = B_SPLINE_CURVE_WITH_KNOTS('',2,(#5832,#5833,#5834),
  .UNSPECIFIED.,.F.,.F.,(3,3),(0.,1.),.PIECEWISE_BEZIER_KNOTS.);
#5832 = CARTESIAN_POINT('',(21.293195004112,-0.297955297638,1.));
#5833 = CARTESIAN_POINT('',(20.936664197565,-0.183705853017,1.));
#5834 = CARTESIAN_POINT('',(20.5968174369,-3.354944008705E-02,1.));
#5835 = VECTOR('',#5836,1.);
#5836 = DIRECTION('',(-0.,-0.,-1.));
#5837 = ADVANCED_FACE('',(#5838),#5863,.T.);
#5838 = FACE_BOUND('',#5839,.T.);
#5839 = EDGE_LOOP('',(#5840,#5850,#5856,#5857));
#5840 = ORIENTED_EDGE('',*,*,#5841,.T.);
#5841 = EDGE_CURVE('',#5842,#5844,#5846,.T.);
#5842 = VERTEX_POINT('',#5843);
#5843 = CARTESIAN_POINT('',(21.989572571324,-0.518112163939,1.));
#5844 = VERTEX_POINT('',#5845);
#5845 = CARTESIAN_POINT('',(21.989572571324,-0.518112163939,2.));
#5846 = LINE('',#5847,#5848);
#5847 = CARTESIAN_POINT('',(21.989572571324,-0.518112163939,1.));
#5848 = VECTOR('',#5849,1.);
#5849 = DIRECTION('',(0.,0.,1.));
#5850 = ORIENTED_EDGE('',*,*,#5851,.T.);
#5851 = EDGE_CURVE('',#5844,#5811,#5852,.T.);
#5852 = B_SPLINE_CURVE_WITH_KNOTS('',2,(#5853,#5854,#5855),
  .UNSPECIFIED.,.F.,.F.,(3,3),(0.,1.),.PIECEWISE_BEZIER_KNOTS.);
#5853 = CARTESIAN_POINT('',(21.989572571324,-0.518112163939,2.));
#5854 = CARTESIAN_POINT('',(21.649725810659,-0.412204742259,2.));
#5855 = CARTESIAN_POINT('',(21.293195004112,-0.297955297638,2.));
#5856 = ORIENTED_EDGE('',*,*,#5808,.F.);
#5857 = ORIENTED_EDGE('',*,*,#5858,.F.);
#5858 = EDGE_CURVE('',#5842,#5809,#5859,.T.);
#5859 = B_SPLINE_CURVE_WITH_KNOTS('',2,(#5860,#5861,#5862),
  .UNSPECIFIED.,.F.,.F.,(3,3),(0.,1.),.PIECEWISE_BEZIER_KNOTS.);
#5860 = CARTESIAN_POINT('',(21.989572571324,-0.518112163939,1.));
#5861 = CARTESIAN_POINT('',(21.649725810659,-0.412204742259,1.));
#5862 = CARTESIAN_POINT('',(21.293195004112,-0.297955297638,1.));
#5863 = SURFACE_OF_LINEAR_EXTRUSION('',#5864,#5868);
#5864 = B_SPLINE_CURVE_WITH_KNOTS('',2,(#5865,#5866,#5867),
  .UNSPECIFIED.,.F.,.F.,(3,3),(0.,1.),.PIECEWISE_BEZIER_KNOTS.);
#5865 = CARTESIAN_POINT('',(21.989572571324,-0.518112163939,1.));
#5866 = CARTESIAN_POINT('',(21.649725810659,-0.412204742259,1.));
#5867 = CARTESIAN_POINT('',(21.293195004112,-0.297955297638,1.));
#5868 = VECTOR('',#5869,1.);
#5869 = DIRECTION('',(-0.,-0.,-1.));
#5870 = ADVANCED_FACE('',(#5871),#5896,.T.);
#5871 = FACE_BOUND('',#5872,.T.);
#5872 = EDGE_LOOP('',(#5873,#5883,#5889,#5890));
#5873 = ORIENTED_EDGE('',*,*,#5874,.T.);
#5874 = EDGE_CURVE('',#5875,#5877,#5879,.T.);
#5875 = VERTEX_POINT('',#5876);
#5876 = CARTESIAN_POINT('',(22.596726762737,-0.774538695199,1.));
#5877 = VERTEX_POINT('',#5878);
#5878 = CARTESIAN_POINT('',(22.596726762737,-0.774538695199,2.));
#5879 = LINE('',#5880,#5881);
#5880 = CARTESIAN_POINT('',(22.596726762737,-0.774538695199,1.));
#5881 = VECTOR('',#5882,1.);
#5882 = DIRECTION('',(0.,0.,1.));
#5883 = ORIENTED_EDGE('',*,*,#5884,.T.);
#5884 = EDGE_CURVE('',#5877,#5844,#5885,.T.);
#5885 = B_SPLINE_CURVE_WITH_KNOTS('',2,(#5886,#5887,#5888),
  .UNSPECIFIED.,.F.,.F.,(3,3),(0.,1.),.PIECEWISE_BEZIER_KNOTS.);
#5886 = CARTESIAN_POINT('',(22.596726762737,-0.774538695199,2.));
#5887 = CARTESIAN_POINT('',(22.32941933199,-0.624019585619,2.));
#5888 = CARTESIAN_POINT('',(21.989572571324,-0.518112163939,2.));
#5889 = ORIENTED_EDGE('',*,*,#5841,.F.);
#5890 = ORIENTED_EDGE('',*,*,#5891,.F.);
#5891 = EDGE_CURVE('',#5875,#5842,#5892,.T.);
#5892 = B_SPLINE_CURVE_WITH_KNOTS('',2,(#5893,#5894,#5895),
  .UNSPECIFIED.,.F.,.F.,(3,3),(0.,1.),.PIECEWISE_BEZIER_KNOTS.);
#5893 = CARTESIAN_POINT('',(22.596726762737,-0.774538695199,1.));
#5894 = CARTESIAN_POINT('',(22.32941933199,-0.624019585619,1.));
#5895 = CARTESIAN_POINT('',(21.989572571324,-0.518112163939,1.));
#5896 = SURFACE_OF_LINEAR_EXTRUSION('',#5897,#5901);
#5897 = B_SPLINE_CURVE_WITH_KNOTS('',2,(#5898,#5899,#5900),
  .UNSPECIFIED.,.F.,.F.,(3,3),(0.,1.),.PIECEWISE_BEZIER_KNOTS.);
#5898 = CARTESIAN_POINT('',(22.596726762737,-0.774538695199,1.));
#5899 = CARTESIAN_POINT('',(22.32941933199,-0.624019585619,1.));
#5900 = CARTESIAN_POINT('',(21.989572571324,-0.518112163939,1.));
#5901 = VECTOR('',#5902,1.);
#5902 = DIRECTION('',(-0.,-0.,-1.));
#5903 = ADVANCED_FACE('',(#5904),#5929,.T.);
#5904 = FACE_BOUND('',#5905,.T.);
#5905 = EDGE_LOOP('',(#5906,#5916,#5922,#5923));
#5906 = ORIENTED_EDGE('',*,*,#5907,.T.);
#5907 = EDGE_CURVE('',#5908,#5910,#5912,.T.);
#5908 = VERTEX_POINT('',#5909);
#5909 = CARTESIAN_POINT('',(23.025796899202,-1.147753547627,1.));
#5910 = VERTEX_POINT('',#5911);
#5911 = CARTESIAN_POINT('',(23.025796899202,-1.147753547627,2.));
#5912 = LINE('',#5913,#5914);
#5913 = CARTESIAN_POINT('',(23.025796899202,-1.147753547627,1.));
#5914 = VECTOR('',#5915,1.);
#5915 = DIRECTION('',(0.,0.,1.));
#5916 = ORIENTED_EDGE('',*,*,#5917,.T.);
#5917 = EDGE_CURVE('',#5910,#5877,#5918,.T.);
#5918 = B_SPLINE_CURVE_WITH_KNOTS('',2,(#5919,#5920,#5921),
  .UNSPECIFIED.,.F.,.F.,(3,3),(0.,1.),.PIECEWISE_BEZIER_KNOTS.);
#5919 = CARTESIAN_POINT('',(23.025796899202,-1.147753547627,2.));
#5920 = CARTESIAN_POINT('',(22.864396890135,-0.924695108129,2.));
#5921 = CARTESIAN_POINT('',(22.596726762737,-0.774538695199,2.));
#5922 = ORIENTED_EDGE('',*,*,#5874,.F.);
#5923 = ORIENTED_EDGE('',*,*,#5924,.F.);
#5924 = EDGE_CURVE('',#5908,#5875,#5925,.T.);
#5925 = B_SPLINE_CURVE_WITH_KNOTS('',2,(#5926,#5927,#5928),
  .UNSPECIFIED.,.F.,.F.,(3,3),(0.,1.),.PIECEWISE_BEZIER_KNOTS.);
#5926 = CARTESIAN_POINT('',(23.025796899202,-1.147753547627,1.));
#5927 = CARTESIAN_POINT('',(22.864396890135,-0.924695108129,1.));
#5928 = CARTESIAN_POINT('',(22.596726762737,-0.774538695199,1.));
#5929 = SURFACE_OF_LINEAR_EXTRUSION('',#5930,#5934);
#5930 = B_SPLINE_CURVE_WITH_KNOTS('',2,(#5931,#5932,#5933),
  .UNSPECIFIED.,.F.,.F.,(3,3),(0.,1.),.PIECEWISE_BEZIER_KNOTS.);
#5931 = CARTESIAN_POINT('',(23.025796899202,-1.147753547627,1.));
#5932 = CARTESIAN_POINT('',(22.864396890135,-0.924695108129,1.));
#5933 = CARTESIAN_POINT('',(22.596726762737,-0.774538695199,1.));
#5934 = VECTOR('',#5935,1.);
#5935 = DIRECTION('',(-0.,-0.,-1.));
#5936 = ADVANCED_FACE('',(#5937),#5962,.T.);
#5937 = FACE_BOUND('',#5938,.T.);
#5938 = EDGE_LOOP('',(#5939,#5949,#5955,#5956));
#5939 = ORIENTED_EDGE('',*,*,#5940,.T.);
#5940 = EDGE_CURVE('',#5941,#5943,#5945,.T.);
#5941 = VERTEX_POINT('',#5942);
#5942 = CARTESIAN_POINT('',(23.187559604919,-1.721539647278,1.));
#5943 = VERTEX_POINT('',#5944);
#5944 = CARTESIAN_POINT('',(23.187559604919,-1.721539647278,2.));
#5945 = LINE('',#5946,#5947);
#5946 = CARTESIAN_POINT('',(23.187559604919,-1.721539647278,1.));
#5947 = VECTOR('',#5948,1.);
#5948 = DIRECTION('',(0.,0.,1.));
#5949 = ORIENTED_EDGE('',*,*,#5950,.T.);
#5950 = EDGE_CURVE('',#5943,#5910,#5951,.T.);
#5951 = B_SPLINE_CURVE_WITH_KNOTS('',2,(#5952,#5953,#5954),
  .UNSPECIFIED.,.F.,.F.,(3,3),(0.,1.),.PIECEWISE_BEZIER_KNOTS.);
#5952 = CARTESIAN_POINT('',(23.187559604919,-1.721539647278,2.));
#5953 = CARTESIAN_POINT('',(23.187559604919,-1.370449290475,2.));
#5954 = CARTESIAN_POINT('',(23.025796899202,-1.147753547627,2.));
#5955 = ORIENTED_EDGE('',*,*,#5907,.F.);
#5956 = ORIENTED_EDGE('',*,*,#5957,.F.);
#5957 = EDGE_CURVE('',#5941,#5908,#5958,.T.);
#5958 = B_SPLINE_CURVE_WITH_KNOTS('',2,(#5959,#5960,#5961),
  .UNSPECIFIED.,.F.,.F.,(3,3),(0.,1.),.PIECEWISE_BEZIER_KNOTS.);
#5959 = CARTESIAN_POINT('',(23.187559604919,-1.721539647278,1.));
#5960 = CARTESIAN_POINT('',(23.187559604919,-1.370449290475,1.));
#5961 = CARTESIAN_POINT('',(23.025796899202,-1.147753547627,1.));
#5962 = SURFACE_OF_LINEAR_EXTRUSION('',#5963,#5967);
#5963 = B_SPLINE_CURVE_WITH_KNOTS('',2,(#5964,#5965,#5966),
  .UNSPECIFIED.,.F.,.F.,(3,3),(0.,1.),.PIECEWISE_BEZIER_KNOTS.);
#5964 = CARTESIAN_POINT('',(23.187559604919,-1.721539647278,1.));
#5965 = CARTESIAN_POINT('',(23.187559604919,-1.370449290475,1.));
#5966 = CARTESIAN_POINT('',(23.025796899202,-1.147753547627,1.));
#5967 = VECTOR('',#5968,1.);
#5968 = DIRECTION('',(-0.,-0.,-1.));
#5969 = ADVANCED_FACE('',(#5970),#5995,.T.);
#5970 = FACE_BOUND('',#5971,.T.);
#5971 = EDGE_LOOP('',(#5972,#5982,#5988,#5989));
#5972 = ORIENTED_EDGE('',*,*,#5973,.T.);
#5973 = EDGE_CURVE('',#5974,#5976,#5978,.T.);
#5974 = VERTEX_POINT('',#5975);
#5975 = CARTESIAN_POINT('',(23.081652183239,-2.289885297185,1.));
#5976 = VERTEX_POINT('',#5977);
#5977 = CARTESIAN_POINT('',(23.081652183239,-2.289885297185,2.));
#5978 = LINE('',#5979,#5980);
#5979 = CARTESIAN_POINT('',(23.081652183239,-2.289885297185,1.));
#5980 = VECTOR('',#5981,1.);
#5981 = DIRECTION('',(0.,0.,1.));
#5982 = ORIENTED_EDGE('',*,*,#5983,.T.);
#5983 = EDGE_CURVE('',#5976,#5943,#5984,.T.);
#5984 = B_SPLINE_CURVE_WITH_KNOTS('',2,(#5985,#5986,#5987),
  .UNSPECIFIED.,.F.,.F.,(3,3),(0.,1.),.PIECEWISE_BEZIER_KNOTS.);
#5985 = CARTESIAN_POINT('',(23.081652183239,-2.289885297185,2.));
#5986 = CARTESIAN_POINT('',(23.187559604919,-2.033458765925,2.));
#5987 = CARTESIAN_POINT('',(23.187559604919,-1.721539647278,2.));
#5988 = ORIENTED_EDGE('',*,*,#5940,.F.);
#5989 = ORIENTED_EDGE('',*,*,#5990,.F.);
#5990 = EDGE_CURVE('',#5974,#5941,#5991,.T.);
#5991 = B_SPLINE_CURVE_WITH_KNOTS('',2,(#5992,#5993,#5994),
  .UNSPECIFIED.,.F.,.F.,(3,3),(0.,1.),.PIECEWISE_BEZIER_KNOTS.);
#5992 = CARTESIAN_POINT('',(23.081652183239,-2.289885297185,1.));
#5993 = CARTESIAN_POINT('',(23.187559604919,-2.033458765925,1.));
#5994 = CARTESIAN_POINT('',(23.187559604919,-1.721539647278,1.));
#5995 = SURFACE_OF_LINEAR_EXTRUSION('',#5996,#6000);
#5996 = B_SPLINE_CURVE_WITH_KNOTS('',2,(#5997,#5998,#5999),
  .UNSPECIFIED.,.F.,.F.,(3,3),(0.,1.),.PIECEWISE_BEZIER_KNOTS.);
#5997 = CARTESIAN_POINT('',(23.081652183239,-2.289885297185,1.));
#5998 = CARTESIAN_POINT('',(23.187559604919,-2.033458765925,1.));
#5999 = CARTESIAN_POINT('',(23.187559604919,-1.721539647278,1.));
#6000 = VECTOR('',#6001,1.);
#6001 = DIRECTION('',(-0.,-0.,-1.));
#6002 = ADVANCED_FACE('',(#6003),#6028,.T.);
#6003 = FACE_BOUND('',#6004,.T.);
#6004 = EDGE_LOOP('',(#6005,#6015,#6021,#6022));
#6005 = ORIENTED_EDGE('',*,*,#6006,.T.);
#6006 = EDGE_CURVE('',#6007,#6009,#6011,.T.);
#6007 = VERTEX_POINT('',#6008);
#6008 = CARTESIAN_POINT('',(22.777712390883,-2.72693475994,1.));
#6009 = VERTEX_POINT('',#6010);
#6010 = CARTESIAN_POINT('',(22.777712390883,-2.72693475994,2.));
#6011 = LINE('',#6012,#6013);
#6012 = CARTESIAN_POINT('',(22.777712390883,-2.72693475994,1.));
#6013 = VECTOR('',#6014,1.);
#6014 = DIRECTION('',(0.,0.,1.));
#6015 = ORIENTED_EDGE('',*,*,#6016,.T.);
#6016 = EDGE_CURVE('',#6009,#5976,#6017,.T.);
#6017 = B_SPLINE_CURVE_WITH_KNOTS('',2,(#6018,#6019,#6020),
  .UNSPECIFIED.,.F.,.F.,(3,3),(0.,1.),.PIECEWISE_BEZIER_KNOTS.);
#6018 = CARTESIAN_POINT('',(22.777712390883,-2.72693475994,2.));
#6019 = CARTESIAN_POINT('',(22.975744761559,-2.545949131795,2.));
#6020 = CARTESIAN_POINT('',(23.081652183239,-2.289885297185,2.));
#6021 = ORIENTED_EDGE('',*,*,#5973,.F.);
#6022 = ORIENTED_EDGE('',*,*,#6023,.F.);
#6023 = EDGE_CURVE('',#6007,#5974,#6024,.T.);
#6024 = B_SPLINE_CURVE_WITH_KNOTS('',2,(#6025,#6026,#6027),
  .UNSPECIFIED.,.F.,.F.,(3,3),(0.,1.),.PIECEWISE_BEZIER_KNOTS.);
#6025 = CARTESIAN_POINT('',(22.777712390883,-2.72693475994,1.));
#6026 = CARTESIAN_POINT('',(22.975744761559,-2.545949131795,1.));
#6027 = CARTESIAN_POINT('',(23.081652183239,-2.289885297185,1.));
#6028 = SURFACE_OF_LINEAR_EXTRUSION('',#6029,#6033);
#6029 = B_SPLINE_CURVE_WITH_KNOTS('',2,(#6030,#6031,#6032),
  .UNSPECIFIED.,.F.,.F.,(3,3),(0.,1.),.PIECEWISE_BEZIER_KNOTS.);
#6030 = CARTESIAN_POINT('',(22.777712390883,-2.72693475994,1.));
#6031 = CARTESIAN_POINT('',(22.975744761559,-2.545949131795,1.));
#6032 = CARTESIAN_POINT('',(23.081652183239,-2.289885297185,1.));
#6033 = VECTOR('',#6034,1.);
#6034 = DIRECTION('',(-0.,-0.,-1.));
#6035 = ADVANCED_FACE('',(#6036),#6061,.T.);
#6036 = FACE_BOUND('',#6037,.T.);
#6037 = EDGE_LOOP('',(#6038,#6048,#6054,#6055));
#6038 = ORIENTED_EDGE('',*,*,#6039,.T.);
#6039 = EDGE_CURVE('',#6040,#6042,#6044,.T.);
#6040 = VERTEX_POINT('',#6041);
#6041 = CARTESIAN_POINT('',(22.290248093834,-3.005485786825,1.));
#6042 = VERTEX_POINT('',#6043);
#6043 = CARTESIAN_POINT('',(22.290248093834,-3.005485786825,2.));
#6044 = LINE('',#6045,#6046);
#6045 = CARTESIAN_POINT('',(22.290248093834,-3.005485786825,1.));
#6046 = VECTOR('',#6047,1.);
#6047 = DIRECTION('',(0.,0.,1.));
#6048 = ORIENTED_EDGE('',*,*,#6049,.T.);
#6049 = EDGE_CURVE('',#6042,#6009,#6050,.T.);
#6050 = B_SPLINE_CURVE_WITH_KNOTS('',2,(#6051,#6052,#6053),
  .UNSPECIFIED.,.F.,.F.,(3,3),(0.,1.),.PIECEWISE_BEZIER_KNOTS.);
#6051 = CARTESIAN_POINT('',(22.290248093834,-3.005485786825,2.));
#6052 = CARTESIAN_POINT('',(22.580042716856,-2.907920388085,2.));
#6053 = CARTESIAN_POINT('',(22.777712390883,-2.72693475994,2.));
#6054 = ORIENTED_EDGE('',*,*,#6006,.F.);
#6055 = ORIENTED_EDGE('',*,*,#6056,.F.);
#6056 = EDGE_CURVE('',#6040,#6007,#6057,.T.);
#6057 = B_SPLINE_CURVE_WITH_KNOTS('',2,(#6058,#6059,#6060),
  .UNSPECIFIED.,.F.,.F.,(3,3),(0.,1.),.PIECEWISE_BEZIER_KNOTS.);
#6058 = CARTESIAN_POINT('',(22.290248093834,-3.005485786825,1.));
#6059 = CARTESIAN_POINT('',(22.580042716856,-2.907920388085,1.));
#6060 = CARTESIAN_POINT('',(22.777712390883,-2.72693475994,1.));
#6061 = SURFACE_OF_LINEAR_EXTRUSION('',#6062,#6066);
#6062 = B_SPLINE_CURVE_WITH_KNOTS('',2,(#6063,#6064,#6065),
  .UNSPECIFIED.,.F.,.F.,(3,3),(0.,1.),.PIECEWISE_BEZIER_KNOTS.);
#6063 = CARTESIAN_POINT('',(22.290248093834,-3.005485786825,1.));
#6064 = CARTESIAN_POINT('',(22.580042716856,-2.907920388085,1.));
#6065 = CARTESIAN_POINT('',(22.777712390883,-2.72693475994,1.));
#6066 = VECTOR('',#6067,1.);
#6067 = DIRECTION('',(-0.,-0.,-1.));
#6068 = ADVANCED_FACE('',(#6069),#6094,.T.);
#6069 = FACE_BOUND('',#6070,.T.);
#6070 = EDGE_LOOP('',(#6071,#6081,#6087,#6088));
#6071 = ORIENTED_EDGE('',*,*,#6072,.T.);
#6072 = EDGE_CURVE('',#6073,#6075,#6077,.T.);
#6073 = VERTEX_POINT('',#6074);
#6074 = CARTESIAN_POINT('',(21.633041764778,-3.103051185565,1.));
#6075 = VERTEX_POINT('',#6076);
#6076 = CARTESIAN_POINT('',(21.633041764778,-3.103051185565,2.));
#6077 = LINE('',#6078,#6079);
#6078 = CARTESIAN_POINT('',(21.633041764778,-3.103051185565,1.));
#6079 = VECTOR('',#6080,1.);
#6080 = DIRECTION('',(0.,0.,1.));
#6081 = ORIENTED_EDGE('',*,*,#6082,.T.);
#6082 = EDGE_CURVE('',#6075,#6042,#6083,.T.);
#6083 = B_SPLINE_CURVE_WITH_KNOTS('',2,(#6084,#6085,#6086),
  .UNSPECIFIED.,.F.,.F.,(3,3),(0.,1.),.PIECEWISE_BEZIER_KNOTS.);
#6084 = CARTESIAN_POINT('',(21.633041764778,-3.103051185565,2.));
#6085 = CARTESIAN_POINT('',(22.000816167462,-3.103051185565,2.));
#6086 = CARTESIAN_POINT('',(22.290248093834,-3.005485786825,2.));
#6087 = ORIENTED_EDGE('',*,*,#6039,.F.);
#6088 = ORIENTED_EDGE('',*,*,#6089,.F.);
#6089 = EDGE_CURVE('',#6073,#6040,#6090,.T.);
#6090 = B_SPLINE_CURVE_WITH_KNOTS('',2,(#6091,#6092,#6093),
  .UNSPECIFIED.,.F.,.F.,(3,3),(0.,1.),.PIECEWISE_BEZIER_KNOTS.);
#6091 = CARTESIAN_POINT('',(21.633041764778,-3.103051185565,1.));
#6092 = CARTESIAN_POINT('',(22.000816167462,-3.103051185565,1.));
#6093 = CARTESIAN_POINT('',(22.290248093834,-3.005485786825,1.));
#6094 = SURFACE_OF_LINEAR_EXTRUSION('',#6095,#6099);
#6095 = B_SPLINE_CURVE_WITH_KNOTS('',2,(#6096,#6097,#6098),
  .UNSPECIFIED.,.F.,.F.,(3,3),(0.,1.),.PIECEWISE_BEZIER_KNOTS.);
#6096 = CARTESIAN_POINT('',(21.633041764778,-3.103051185565,1.));
#6097 = CARTESIAN_POINT('',(22.000816167462,-3.103051185565,1.));
#6098 = CARTESIAN_POINT('',(22.290248093834,-3.005485786825,1.));
#6099 = VECTOR('',#6100,1.);
#6100 = DIRECTION('',(-0.,-0.,-1.));
#6101 = ADVANCED_FACE('',(#6102),#6127,.T.);
#6102 = FACE_BOUND('',#6103,.T.);
#6103 = EDGE_LOOP('',(#6104,#6114,#6120,#6121));
#6104 = ORIENTED_EDGE('',*,*,#6105,.T.);
#6105 = EDGE_CURVE('',#6106,#6108,#6110,.T.);
#6106 = VERTEX_POINT('',#6107);
#6107 = CARTESIAN_POINT('',(20.867026440844,-2.980459718003,1.));
#6108 = VERTEX_POINT('',#6109);
#6109 = CARTESIAN_POINT('',(20.867026440844,-2.980459718003,2.));
#6110 = LINE('',#6111,#6112);
#6111 = CARTESIAN_POINT('',(20.867026440844,-2.980459718003,1.));
#6112 = VECTOR('',#6113,1.);
#6113 = DIRECTION('',(0.,0.,1.));
#6114 = ORIENTED_EDGE('',*,*,#6115,.T.);
#6115 = EDGE_CURVE('',#6108,#6075,#6116,.T.);
#6116 = B_SPLINE_CURVE_WITH_KNOTS('',2,(#6117,#6118,#6119),
  .UNSPECIFIED.,.F.,.F.,(3,3),(0.,1.),.PIECEWISE_BEZIER_KNOTS.);
#6117 = CARTESIAN_POINT('',(20.867026440844,-2.980459718003,2.));
#6118 = CARTESIAN_POINT('',(21.181847132688,-3.103051185565,2.));
#6119 = CARTESIAN_POINT('',(21.633041764778,-3.103051185565,2.));
#6120 = ORIENTED_EDGE('',*,*,#6072,.F.);
#6121 = ORIENTED_EDGE('',*,*,#6122,.F.);
#6122 = EDGE_CURVE('',#6106,#6073,#6123,.T.);
#6123 = B_SPLINE_CURVE_WITH_KNOTS('',2,(#6124,#6125,#6126),
  .UNSPECIFIED.,.F.,.F.,(3,3),(0.,1.),.PIECEWISE_BEZIER_KNOTS.);
#6124 = CARTESIAN_POINT('',(20.867026440844,-2.980459718003,1.));
#6125 = CARTESIAN_POINT('',(21.181847132688,-3.103051185565,1.));
#6126 = CARTESIAN_POINT('',(21.633041764778,-3.103051185565,1.));
#6127 = SURFACE_OF_LINEAR_EXTRUSION('',#6128,#6132);
#6128 = B_SPLINE_CURVE_WITH_KNOTS('',2,(#6129,#6130,#6131),
  .UNSPECIFIED.,.F.,.F.,(3,3),(0.,1.),.PIECEWISE_BEZIER_KNOTS.);
#6129 = CARTESIAN_POINT('',(20.867026440844,-2.980459718003,1.));
#6130 = CARTESIAN_POINT('',(21.181847132688,-3.103051185565,1.));
#6131 = CARTESIAN_POINT('',(21.633041764778,-3.103051185565,1.));
#6132 = VECTOR('',#6133,1.);
#6133 = DIRECTION('',(-0.,-0.,-1.));
#6134 = ADVANCED_FACE('',(#6135),#6160,.T.);
#6135 = FACE_BOUND('',#6136,.T.);
#6136 = EDGE_LOOP('',(#6137,#6147,#6153,#6154));
#6137 = ORIENTED_EDGE('',*,*,#6138,.T.);
#6138 = EDGE_CURVE('',#6139,#6141,#6143,.T.);
#6139 = VERTEX_POINT('',#6140);
#6140 = CARTESIAN_POINT('',(20.326608432956,-2.710250714059,1.));
#6141 = VERTEX_POINT('',#6142);
#6142 = CARTESIAN_POINT('',(20.326608432956,-2.710250714059,2.));
#6143 = LINE('',#6144,#6145);
#6144 = CARTESIAN_POINT('',(20.326608432956,-2.710250714059,1.));
#6145 = VECTOR('',#6146,1.);
#6146 = DIRECTION('',(0.,0.,1.));
#6147 = ORIENTED_EDGE('',*,*,#6148,.T.);
#6148 = EDGE_CURVE('',#6141,#6108,#6149,.T.);
#6149 = B_SPLINE_CURVE_WITH_KNOTS('',2,(#6150,#6151,#6152),
  .UNSPECIFIED.,.F.,.F.,(3,3),(0.,1.),.PIECEWISE_BEZIER_KNOTS.);
#6150 = CARTESIAN_POINT('',(20.326608432956,-2.710250714059,2.));
#6151 = CARTESIAN_POINT('',(20.552205749,-2.857868250442,2.));
#6152 = CARTESIAN_POINT('',(20.867026440844,-2.980459718003,2.));
#6153 = ORIENTED_EDGE('',*,*,#6105,.F.);
#6154 = ORIENTED_EDGE('',*,*,#6155,.F.);
#6155 = EDGE_CURVE('',#6139,#6106,#6156,.T.);
#6156 = B_SPLINE_CURVE_WITH_KNOTS('',2,(#6157,#6158,#6159),
  .UNSPECIFIED.,.F.,.F.,(3,3),(0.,1.),.PIECEWISE_BEZIER_KNOTS.);
#6157 = CARTESIAN_POINT('',(20.326608432956,-2.710250714059,1.));
#6158 = CARTESIAN_POINT('',(20.552205749,-2.857868250442,1.));
#6159 = CARTESIAN_POINT('',(20.867026440844,-2.980459718003,1.));
#6160 = SURFACE_OF_LINEAR_EXTRUSION('',#6161,#6165);
#6161 = B_SPLINE_CURVE_WITH_KNOTS('',2,(#6162,#6163,#6164),
  .UNSPECIFIED.,.F.,.F.,(3,3),(0.,1.),.PIECEWISE_BEZIER_KNOTS.);
#6162 = CARTESIAN_POINT('',(20.326608432956,-2.710250714059,1.));
#6163 = CARTESIAN_POINT('',(20.552205749,-2.857868250442,1.));
#6164 = CARTESIAN_POINT('',(20.867026440844,-2.980459718003,1.));
#6165 = VECTOR('',#6166,1.);
#6166 = DIRECTION('',(-0.,-0.,-1.));
#6167 = ADVANCED_FACE('',(#6168),#6193,.T.);
#6168 = FACE_BOUND('',#6169,.T.);
#6169 = EDGE_LOOP('',(#6170,#6180,#6186,#6187));
#6170 = ORIENTED_EDGE('',*,*,#6171,.T.);
#6171 = EDGE_CURVE('',#6172,#6174,#6176,.T.);
#6172 = VERTEX_POINT('',#6173);
#6173 = CARTESIAN_POINT('',(19.947590434134,-2.440041710115,1.));
#6174 = VERTEX_POINT('',#6175);
#6175 = CARTESIAN_POINT('',(19.947590434134,-2.440041710115,2.));
#6176 = LINE('',#6177,#6178);
#6177 = CARTESIAN_POINT('',(19.947590434134,-2.440041710115,1.));
#6178 = VECTOR('',#6179,1.);
#6179 = DIRECTION('',(0.,0.,1.));
#6180 = ORIENTED_EDGE('',*,*,#6181,.T.);
#6181 = EDGE_CURVE('',#6174,#6141,#6182,.T.);
#6182 = B_SPLINE_CURVE_WITH_KNOTS('',2,(#6183,#6184,#6185),
  .UNSPECIFIED.,.F.,.F.,(3,3),(0.,1.),.PIECEWISE_BEZIER_KNOTS.);
#6183 = CARTESIAN_POINT('',(19.947590434134,-2.440041710115,2.));
#6184 = CARTESIAN_POINT('',(20.101011116911,-2.562633177676,2.));
#6185 = CARTESIAN_POINT('',(20.326608432956,-2.710250714059,2.));
#6186 = ORIENTED_EDGE('',*,*,#6138,.F.);
#6187 = ORIENTED_EDGE('',*,*,#6188,.F.);
#6188 = EDGE_CURVE('',#6172,#6139,#6189,.T.);
#6189 = B_SPLINE_CURVE_WITH_KNOTS('',2,(#6190,#6191,#6192),
  .UNSPECIFIED.,.F.,.F.,(3,3),(0.,1.),.PIECEWISE_BEZIER_KNOTS.);
#6190 = CARTESIAN_POINT('',(19.947590434134,-2.440041710115,1.));
#6191 = CARTESIAN_POINT('',(20.101011116911,-2.562633177676,1.));
#6192 = CARTESIAN_POINT('',(20.326608432956,-2.710250714059,1.));
#6193 = SURFACE_OF_LINEAR_EXTRUSION('',#6194,#6198);
#6194 = B_SPLINE_CURVE_WITH_KNOTS('',2,(#6195,#6196,#6197),
  .UNSPECIFIED.,.F.,.F.,(3,3),(0.,1.),.PIECEWISE_BEZIER_KNOTS.);
#6195 = CARTESIAN_POINT('',(19.947590434134,-2.440041710115,1.));
#6196 = CARTESIAN_POINT('',(20.101011116911,-2.562633177676,1.));
#6197 = CARTESIAN_POINT('',(20.326608432956,-2.710250714059,1.));
#6198 = VECTOR('',#6199,1.);
#6199 = DIRECTION('',(-0.,-0.,-1.));
#6200 = ADVANCED_FACE('',(#6201),#6226,.T.);
#6201 = FACE_BOUND('',#6202,.T.);
#6202 = EDGE_LOOP('',(#6203,#6213,#6219,#6220));
#6203 = ORIENTED_EDGE('',*,*,#6204,.T.);
#6204 = EDGE_CURVE('',#6205,#6207,#6209,.T.);
#6205 = VERTEX_POINT('',#6206);
#6206 = CARTESIAN_POINT('',(19.67774412684,-2.317450242553,1.));
#6207 = VERTEX_POINT('',#6208);
#6208 = CARTESIAN_POINT('',(19.67774412684,-2.317450242553,2.));
#6209 = LINE('',#6210,#6211);
#6210 = CARTESIAN_POINT('',(19.67774412684,-2.317450242553,1.));
#6211 = VECTOR('',#6212,1.);
#6212 = DIRECTION('',(0.,0.,1.));
#6213 = ORIENTED_EDGE('',*,*,#6214,.T.);
#6214 = EDGE_CURVE('',#6207,#6174,#6215,.T.);
#6215 = B_SPLINE_CURVE_WITH_KNOTS('',2,(#6216,#6217,#6218),
  .UNSPECIFIED.,.F.,.F.,(3,3),(0.,1.),.PIECEWISE_BEZIER_KNOTS.);
#6216 = CARTESIAN_POINT('',(19.67774412684,-2.317450242553,2.));
#6217 = CARTESIAN_POINT('',(19.794532448007,-2.317450242553,2.));
#6218 = CARTESIAN_POINT('',(19.947590434134,-2.440041710115,2.));
#6219 = ORIENTED_EDGE('',*,*,#6171,.F.);
#6220 = ORIENTED_EDGE('',*,*,#6221,.F.);
#6221 = EDGE_CURVE('',#6205,#6172,#6222,.T.);
#6222 = B_SPLINE_CURVE_WITH_KNOTS('',2,(#6223,#6224,#6225),
  .UNSPECIFIED.,.F.,.F.,(3,3),(0.,1.),.PIECEWISE_BEZIER_KNOTS.);
#6223 = CARTESIAN_POINT('',(19.67774412684,-2.317450242553,1.));
#6224 = CARTESIAN_POINT('',(19.794532448007,-2.317450242553,1.));
#6225 = CARTESIAN_POINT('',(19.947590434134,-2.440041710115,1.));
#6226 = SURFACE_OF_LINEAR_EXTRUSION('',#6227,#6231);
#6227 = B_SPLINE_CURVE_WITH_KNOTS('',2,(#6228,#6229,#6230),
  .UNSPECIFIED.,.F.,.F.,(3,3),(0.,1.),.PIECEWISE_BEZIER_KNOTS.);
#6228 = CARTESIAN_POINT('',(19.67774412684,-2.317450242553,1.));
#6229 = CARTESIAN_POINT('',(19.794532448007,-2.317450242553,1.));
#6230 = CARTESIAN_POINT('',(19.947590434134,-2.440041710115,1.));
#6231 = VECTOR('',#6232,1.);
#6232 = DIRECTION('',(-0.,-0.,-1.));
#6233 = ADVANCED_FACE('',(#6234),#6259,.T.);
#6234 = FACE_BOUND('',#6235,.T.);
#6235 = EDGE_LOOP('',(#6236,#6246,#6252,#6253));
#6236 = ORIENTED_EDGE('',*,*,#6237,.T.);
#6237 = EDGE_CURVE('',#6238,#6240,#6242,.T.);
#6238 = VERTEX_POINT('',#6239);
#6239 = CARTESIAN_POINT('',(19.518882994319,-2.362061930453,1.));
#6240 = VERTEX_POINT('',#6241);
#6241 = CARTESIAN_POINT('',(19.518882994319,-2.362061930453,2.));
#6242 = LINE('',#6243,#6244);
#6243 = CARTESIAN_POINT('',(19.518882994319,-2.362061930453,1.));
#6244 = VECTOR('',#6245,1.);
#6245 = DIRECTION('',(0.,0.,1.));
#6246 = ORIENTED_EDGE('',*,*,#6247,.T.);
#6247 = EDGE_CURVE('',#6240,#6207,#6248,.T.);
#6248 = B_SPLINE_CURVE_WITH_KNOTS('',2,(#6249,#6250,#6251),
  .UNSPECIFIED.,.F.,.F.,(3,3),(0.,1.),.PIECEWISE_BEZIER_KNOTS.);
#6249 = CARTESIAN_POINT('',(19.518882994319,-2.362061930453,2.));
#6250 = CARTESIAN_POINT('',(19.58852075104,-2.317450242553,2.));
#6251 = CARTESIAN_POINT('',(19.67774412684,-2.317450242553,2.));
#6252 = ORIENTED_EDGE('',*,*,#6204,.F.);
#6253 = ORIENTED_EDGE('',*,*,#6254,.F.);
#6254 = EDGE_CURVE('',#6238,#6205,#6255,.T.);
#6255 = B_SPLINE_CURVE_WITH_KNOTS('',2,(#6256,#6257,#6258),
  .UNSPECIFIED.,.F.,.F.,(3,3),(0.,1.),.PIECEWISE_BEZIER_KNOTS.);
#6256 = CARTESIAN_POINT('',(19.518882994319,-2.362061930453,1.));
#6257 = CARTESIAN_POINT('',(19.58852075104,-2.317450242553,1.));
#6258 = CARTESIAN_POINT('',(19.67774412684,-2.317450242553,1.));
#6259 = SURFACE_OF_LINEAR_EXTRUSION('',#6260,#6264);
#6260 = B_SPLINE_CURVE_WITH_KNOTS('',2,(#6261,#6262,#6263),
  .UNSPECIFIED.,.F.,.F.,(3,3),(0.,1.),.PIECEWISE_BEZIER_KNOTS.);
#6261 = CARTESIAN_POINT('',(19.518882994319,-2.362061930453,1.));
#6262 = CARTESIAN_POINT('',(19.58852075104,-2.317450242553,1.));
#6263 = CARTESIAN_POINT('',(19.67774412684,-2.317450242553,1.));
#6264 = VECTOR('',#6265,1.);
#6265 = DIRECTION('',(-0.,-0.,-1.));
#6266 = ADVANCED_FACE('',(#6267),#6292,.T.);
#6267 = FACE_BOUND('',#6268,.T.);
#6268 = EDGE_LOOP('',(#6269,#6279,#6285,#6286));
#6269 = ORIENTED_EDGE('',*,*,#6270,.T.);
#6270 = EDGE_CURVE('',#6271,#6273,#6275,.T.);
#6271 = VERTEX_POINT('',#6272);
#6272 = CARTESIAN_POINT('',(19.399193099955,-2.473409801877,1.));
#6273 = VERTEX_POINT('',#6274);
#6274 = CARTESIAN_POINT('',(19.399193099955,-2.473409801877,2.));
#6275 = LINE('',#6276,#6277);
#6276 = CARTESIAN_POINT('',(19.399193099955,-2.473409801877,1.));
#6277 = VECTOR('',#6278,1.);
#6278 = DIRECTION('',(0.,0.,1.));
#6279 = ORIENTED_EDGE('',*,*,#6280,.T.);
#6280 = EDGE_CURVE('',#6273,#6240,#6281,.T.);
#6281 = B_SPLINE_CURVE_WITH_KNOTS('',2,(#6282,#6283,#6284),
  .UNSPECIFIED.,.F.,.F.,(3,3),(0.,1.),.PIECEWISE_BEZIER_KNOTS.);
#6282 = CARTESIAN_POINT('',(19.399193099955,-2.473409801877,2.));
#6283 = CARTESIAN_POINT('',(19.449245237598,-2.406673618352,2.));
#6284 = CARTESIAN_POINT('',(19.518882994319,-2.362061930453,2.));
#6285 = ORIENTED_EDGE('',*,*,#6237,.F.);
#6286 = ORIENTED_EDGE('',*,*,#6287,.F.);
#6287 = EDGE_CURVE('',#6271,#6238,#6288,.T.);
#6288 = B_SPLINE_CURVE_WITH_KNOTS('',2,(#6289,#6290,#6291),
  .UNSPECIFIED.,.F.,.F.,(3,3),(0.,1.),.PIECEWISE_BEZIER_KNOTS.);
#6289 = CARTESIAN_POINT('',(19.399193099955,-2.473409801877,1.));
#6290 = CARTESIAN_POINT('',(19.449245237598,-2.406673618352,1.));
#6291 = CARTESIAN_POINT('',(19.518882994319,-2.362061930453,1.));
#6292 = SURFACE_OF_LINEAR_EXTRUSION('',#6293,#6297);
#6293 = B_SPLINE_CURVE_WITH_KNOTS('',2,(#6294,#6295,#6296),
  .UNSPECIFIED.,.F.,.F.,(3,3),(0.,1.),.PIECEWISE_BEZIER_KNOTS.);
#6294 = CARTESIAN_POINT('',(19.399193099955,-2.473409801877,1.));
#6295 = CARTESIAN_POINT('',(19.449245237598,-2.406673618352,1.));
#6296 = CARTESIAN_POINT('',(19.518882994319,-2.362061930453,1.));
#6297 = VECTOR('',#6298,1.);
#6298 = DIRECTION('',(-0.,-0.,-1.));
#6299 = ADVANCED_FACE('',(#6300),#6325,.T.);
#6300 = FACE_BOUND('',#6301,.T.);
#6301 = EDGE_LOOP('',(#6302,#6312,#6318,#6319));
#6302 = ORIENTED_EDGE('',*,*,#6303,.T.);
#6303 = EDGE_CURVE('',#6304,#6306,#6308,.T.);
#6304 = VERTEX_POINT('',#6305);
#6305 = CARTESIAN_POINT('',(19.059346339289,-3.041755451784,1.));
#6306 = VERTEX_POINT('',#6307);
#6307 = CARTESIAN_POINT('',(19.059346339289,-3.041755451784,2.));
#6308 = LINE('',#6309,#6310);
#6309 = CARTESIAN_POINT('',(19.059346339289,-3.041755451784,1.));
#6310 = VECTOR('',#6311,1.);
#6311 = DIRECTION('',(0.,0.,1.));
#6312 = ORIENTED_EDGE('',*,*,#6313,.T.);
#6313 = EDGE_CURVE('',#6306,#6273,#6314,.T.);
#6314 = LINE('',#6315,#6316);
#6315 = CARTESIAN_POINT('',(19.059346339289,-3.041755451784,2.));
#6316 = VECTOR('',#6317,1.);
#6317 = DIRECTION('',(0.513206439512,0.858265198201,0.));
#6318 = ORIENTED_EDGE('',*,*,#6270,.F.);
#6319 = ORIENTED_EDGE('',*,*,#6320,.F.);
#6320 = EDGE_CURVE('',#6304,#6271,#6321,.T.);
#6321 = LINE('',#6322,#6323);
#6322 = CARTESIAN_POINT('',(19.059346339289,-3.041755451784,1.));
#6323 = VECTOR('',#6324,1.);
#6324 = DIRECTION('',(0.513206439512,0.858265198201,0.));
#6325 = PLANE('',#6326);
#6326 = AXIS2_PLACEMENT_3D('',#6327,#6328,#6329);
#6327 = CARTESIAN_POINT('',(19.059346339289,-3.041755451784,1.));
#6328 = DIRECTION('',(-0.858265198201,0.513206439512,0.));
#6329 = DIRECTION('',(0.513206439512,0.858265198201,0.));
#6330 = ADVANCED_FACE('',(#6331),#6356,.T.);
#6331 = FACE_BOUND('',#6332,.T.);
#6332 = EDGE_LOOP('',(#6333,#6343,#6349,#6350));
#6333 = ORIENTED_EDGE('',*,*,#6334,.T.);
#6334 = EDGE_CURVE('',#6335,#6337,#6339,.T.);
#6335 = VERTEX_POINT('',#6336);
#6336 = CARTESIAN_POINT('',(19.563494682219,-3.473727161445,1.));
#6337 = VERTEX_POINT('',#6338);
#6338 = CARTESIAN_POINT('',(19.563494682219,-3.473727161445,2.));
#6339 = LINE('',#6340,#6341);
#6340 = CARTESIAN_POINT('',(19.563494682219,-3.473727161445,1.));
#6341 = VECTOR('',#6342,1.);
#6342 = DIRECTION('',(0.,0.,1.));
#6343 = ORIENTED_EDGE('',*,*,#6344,.T.);
#6344 = EDGE_CURVE('',#6337,#6306,#6345,.T.);
#6345 = B_SPLINE_CURVE_WITH_KNOTS('',2,(#6346,#6347,#6348),
  .UNSPECIFIED.,.F.,.F.,(3,3),(0.,1.),.PIECEWISE_BEZIER_KNOTS.);
#6346 = CARTESIAN_POINT('',(19.563494682219,-3.473727161445,2.));
#6347 = CARTESIAN_POINT('',(19.282042082137,-3.281497937163,2.));
#6348 = CARTESIAN_POINT('',(19.059346339289,-3.041755451784,2.));
#6349 = ORIENTED_EDGE('',*,*,#6303,.F.);
#6350 = ORIENTED_EDGE('',*,*,#6351,.F.);
#6351 = EDGE_CURVE('',#6335,#6304,#6352,.T.);
#6352 = B_SPLINE_CURVE_WITH_KNOTS('',2,(#6353,#6354,#6355),
  .UNSPECIFIED.,.F.,.F.,(3,3),(0.,1.),.PIECEWISE_BEZIER_KNOTS.);
#6353 = CARTESIAN_POINT('',(19.563494682219,-3.473727161445,1.));
#6354 = CARTESIAN_POINT('',(19.282042082137,-3.281497937163,1.));
#6355 = CARTESIAN_POINT('',(19.059346339289,-3.041755451784,1.));
#6356 = SURFACE_OF_LINEAR_EXTRUSION('',#6357,#6361);
#6357 = B_SPLINE_CURVE_WITH_KNOTS('',2,(#6358,#6359,#6360),
  .UNSPECIFIED.,.F.,.F.,(3,3),(0.,1.),.PIECEWISE_BEZIER_KNOTS.);
#6358 = CARTESIAN_POINT('',(19.563494682219,-3.473727161445,1.));
#6359 = CARTESIAN_POINT('',(19.282042082137,-3.281497937163,1.));
#6360 = CARTESIAN_POINT('',(19.059346339289,-3.041755451784,1.));
#6361 = VECTOR('',#6362,1.);
#6362 = DIRECTION('',(-0.,-0.,-1.));
#6363 = ADVANCED_FACE('',(#6364),#6389,.T.);
#6364 = FACE_BOUND('',#6365,.T.);
#6365 = EDGE_LOOP('',(#6366,#6376,#6382,#6383));
#6366 = ORIENTED_EDGE('',*,*,#6367,.T.);
#6367 = EDGE_CURVE('',#6368,#6370,#6372,.T.);
#6368 = VERTEX_POINT('',#6369);
#6369 = CARTESIAN_POINT('',(20.167747300435,-3.802330325974,1.));
#6370 = VERTEX_POINT('',#6371);
#6371 = CARTESIAN_POINT('',(20.167747300435,-3.802330325974,2.));
#6372 = LINE('',#6373,#6374);
#6373 = CARTESIAN_POINT('',(20.167747300435,-3.802330325974,1.));
#6374 = VECTOR('',#6375,1.);
#6375 = DIRECTION('',(0.,0.,1.));
#6376 = ORIENTED_EDGE('',*,*,#6377,.T.);
#6377 = EDGE_CURVE('',#6370,#6337,#6378,.T.);
#6378 = B_SPLINE_CURVE_WITH_KNOTS('',2,(#6379,#6380,#6381),
  .UNSPECIFIED.,.F.,.F.,(3,3),(0.,1.),.PIECEWISE_BEZIER_KNOTS.);
#6379 = CARTESIAN_POINT('',(20.167747300435,-3.802330325974,2.));
#6380 = CARTESIAN_POINT('',(19.8449472823,-3.665593689078,2.));
#6381 = CARTESIAN_POINT('',(19.563494682219,-3.473727161445,2.));
#6382 = ORIENTED_EDGE('',*,*,#6334,.F.);
#6383 = ORIENTED_EDGE('',*,*,#6384,.F.);
#6384 = EDGE_CURVE('',#6368,#6335,#6385,.T.);
#6385 = B_SPLINE_CURVE_WITH_KNOTS('',2,(#6386,#6387,#6388),
  .UNSPECIFIED.,.F.,.F.,(3,3),(0.,1.),.PIECEWISE_BEZIER_KNOTS.);
#6386 = CARTESIAN_POINT('',(20.167747300435,-3.802330325974,1.));
#6387 = CARTESIAN_POINT('',(19.8449472823,-3.665593689078,1.));
#6388 = CARTESIAN_POINT('',(19.563494682219,-3.473727161445,1.));
#6389 = SURFACE_OF_LINEAR_EXTRUSION('',#6390,#6394);
#6390 = B_SPLINE_CURVE_WITH_KNOTS('',2,(#6391,#6392,#6393),
  .UNSPECIFIED.,.F.,.F.,(3,3),(0.,1.),.PIECEWISE_BEZIER_KNOTS.);
#6391 = CARTESIAN_POINT('',(20.167747300435,-3.802330325974,1.));
#6392 = CARTESIAN_POINT('',(19.8449472823,-3.665593689078,1.));
#6393 = CARTESIAN_POINT('',(19.563494682219,-3.473727161445,1.));
#6394 = VECTOR('',#6395,1.);
#6395 = DIRECTION('',(-0.,-0.,-1.));
#6396 = ADVANCED_FACE('',(#6397),#6422,.T.);
#6397 = FACE_BOUND('',#6398,.T.);
#6398 = EDGE_LOOP('',(#6399,#6409,#6415,#6416));
#6399 = ORIENTED_EDGE('',*,*,#6400,.T.);
#6400 = EDGE_CURVE('',#6401,#6403,#6405,.T.);
#6401 = VERTEX_POINT('',#6402);
#6402 = CARTESIAN_POINT('',(20.85288127151,-4.013782472684,1.));
#6403 = VERTEX_POINT('',#6404);
#6404 = CARTESIAN_POINT('',(20.85288127151,-4.013782472684,2.));
#6405 = LINE('',#6406,#6407);
#6406 = CARTESIAN_POINT('',(20.85288127151,-4.013782472684,1.));
#6407 = VECTOR('',#6408,1.);
#6408 = DIRECTION('',(0.,0.,1.));
#6409 = ORIENTED_EDGE('',*,*,#6410,.T.);
#6410 = EDGE_CURVE('',#6403,#6370,#6411,.T.);
#6411 = B_SPLINE_CURVE_WITH_KNOTS('',2,(#6412,#6413,#6414),
  .UNSPECIFIED.,.F.,.F.,(3,3),(0.,1.),.PIECEWISE_BEZIER_KNOTS.);
#6412 = CARTESIAN_POINT('',(20.85288127151,-4.013782472684,2.));
#6413 = CARTESIAN_POINT('',(20.49091001522,-3.938704266219,2.));
#6414 = CARTESIAN_POINT('',(20.167747300435,-3.802330325974,2.));
#6415 = ORIENTED_EDGE('',*,*,#6367,.F.);
#6416 = ORIENTED_EDGE('',*,*,#6417,.F.);
#6417 = EDGE_CURVE('',#6401,#6368,#6418,.T.);
#6418 = B_SPLINE_CURVE_WITH_KNOTS('',2,(#6419,#6420,#6421),
  .UNSPECIFIED.,.F.,.F.,(3,3),(0.,1.),.PIECEWISE_BEZIER_KNOTS.);
#6419 = CARTESIAN_POINT('',(20.85288127151,-4.013782472684,1.));
#6420 = CARTESIAN_POINT('',(20.49091001522,-3.938704266219,1.));
#6421 = CARTESIAN_POINT('',(20.167747300435,-3.802330325974,1.));
#6422 = SURFACE_OF_LINEAR_EXTRUSION('',#6423,#6427);
#6423 = B_SPLINE_CURVE_WITH_KNOTS('',2,(#6424,#6425,#6426),
  .UNSPECIFIED.,.F.,.F.,(3,3),(0.,1.),.PIECEWISE_BEZIER_KNOTS.);
#6424 = CARTESIAN_POINT('',(20.85288127151,-4.013782472684,1.));
#6425 = CARTESIAN_POINT('',(20.49091001522,-3.938704266219,1.));
#6426 = CARTESIAN_POINT('',(20.167747300435,-3.802330325974,1.));
#6427 = VECTOR('',#6428,1.);
#6428 = DIRECTION('',(-0.,-0.,-1.));
#6429 = ADVANCED_FACE('',(#6430),#6455,.T.);
#6430 = FACE_BOUND('',#6431,.T.);
#6431 = EDGE_LOOP('',(#6432,#6442,#6448,#6449));
#6432 = ORIENTED_EDGE('',*,*,#6433,.T.);
#6433 = EDGE_CURVE('',#6434,#6436,#6438,.T.);
#6434 = VERTEX_POINT('',#6435);
#6435 = CARTESIAN_POINT('',(21.599673673015,-4.089223375799,1.));
#6436 = VERTEX_POINT('',#6437);
#6437 = CARTESIAN_POINT('',(21.599673673015,-4.089223375799,2.));
#6438 = LINE('',#6439,#6440);
#6439 = CARTESIAN_POINT('',(21.599673673015,-4.089223375799,1.));
#6440 = VECTOR('',#6441,1.);
#6441 = DIRECTION('',(0.,0.,1.));
#6442 = ORIENTED_EDGE('',*,*,#6443,.T.);
#6443 = EDGE_CURVE('',#6436,#6403,#6444,.T.);
#6444 = B_SPLINE_CURVE_WITH_KNOTS('',2,(#6445,#6446,#6447),
  .UNSPECIFIED.,.F.,.F.,(3,3),(0.,1.),.PIECEWISE_BEZIER_KNOTS.);
#6445 = CARTESIAN_POINT('',(21.599673673015,-4.089223375799,2.));
#6446 = CARTESIAN_POINT('',(21.21521522445,-4.089223375799,2.));
#6447 = CARTESIAN_POINT('',(20.85288127151,-4.013782472684,2.));
#6448 = ORIENTED_EDGE('',*,*,#6400,.F.);
#6449 = ORIENTED_EDGE('',*,*,#6450,.F.);
#6450 = EDGE_CURVE('',#6434,#6401,#6451,.T.);
#6451 = B_SPLINE_CURVE_WITH_KNOTS('',2,(#6452,#6453,#6454),
  .UNSPECIFIED.,.F.,.F.,(3,3),(0.,1.),.PIECEWISE_BEZIER_KNOTS.);
#6452 = CARTESIAN_POINT('',(21.599673673015,-4.089223375799,1.));
#6453 = CARTESIAN_POINT('',(21.21521522445,-4.089223375799,1.));
#6454 = CARTESIAN_POINT('',(20.85288127151,-4.013782472684,1.));
#6455 = SURFACE_OF_LINEAR_EXTRUSION('',#6456,#6460);
#6456 = B_SPLINE_CURVE_WITH_KNOTS('',2,(#6457,#6458,#6459),
  .UNSPECIFIED.,.F.,.F.,(3,3),(0.,1.),.PIECEWISE_BEZIER_KNOTS.);
#6457 = CARTESIAN_POINT('',(21.599673673015,-4.089223375799,1.));
#6458 = CARTESIAN_POINT('',(21.21521522445,-4.089223375799,1.));
#6459 = CARTESIAN_POINT('',(20.85288127151,-4.013782472684,1.));
#6460 = VECTOR('',#6461,1.);
#6461 = DIRECTION('',(-0.,-0.,-1.));
#6462 = ADVANCED_FACE('',(#6463),#6488,.T.);
#6463 = FACE_BOUND('',#6464,.T.);
#6464 = EDGE_LOOP('',(#6465,#6475,#6481,#6482));
#6465 = ORIENTED_EDGE('',*,*,#6466,.T.);
#6466 = EDGE_CURVE('',#6467,#6469,#6471,.T.);
#6467 = VERTEX_POINT('',#6468);
#6468 = CARTESIAN_POINT('',(22.74470699577,-3.891553701773,1.));
#6469 = VERTEX_POINT('',#6470);
#6470 = CARTESIAN_POINT('',(22.74470699577,-3.891553701773,2.));
#6471 = LINE('',#6472,#6473);
#6472 = CARTESIAN_POINT('',(22.74470699577,-3.891553701773,1.));
#6473 = VECTOR('',#6474,1.);
#6474 = DIRECTION('',(0.,0.,1.));
#6475 = ORIENTED_EDGE('',*,*,#6476,.T.);
#6476 = EDGE_CURVE('',#6469,#6436,#6477,.T.);
#6477 = B_SPLINE_CURVE_WITH_KNOTS('',2,(#6478,#6479,#6480),
  .UNSPECIFIED.,.F.,.F.,(3,3),(0.,1.),.PIECEWISE_BEZIER_KNOTS.);
#6478 = CARTESIAN_POINT('',(22.74470699577,-3.891553701773,2.));
#6479 = CARTESIAN_POINT('',(22.24055865284,-4.089223375799,2.));
#6480 = CARTESIAN_POINT('',(21.599673673015,-4.089223375799,2.));
#6481 = ORIENTED_EDGE('',*,*,#6433,.F.);
#6482 = ORIENTED_EDGE('',*,*,#6483,.F.);
#6483 = EDGE_CURVE('',#6467,#6434,#6484,.T.);
#6484 = B_SPLINE_CURVE_WITH_KNOTS('',2,(#6485,#6486,#6487),
  .UNSPECIFIED.,.F.,.F.,(3,3),(0.,1.),.PIECEWISE_BEZIER_KNOTS.);
#6485 = CARTESIAN_POINT('',(22.74470699577,-3.891553701773,1.));
#6486 = CARTESIAN_POINT('',(22.24055865284,-4.089223375799,1.));
#6487 = CARTESIAN_POINT('',(21.599673673015,-4.089223375799,1.));
#6488 = SURFACE_OF_LINEAR_EXTRUSION('',#6489,#6493);
#6489 = B_SPLINE_CURVE_WITH_KNOTS('',2,(#6490,#6491,#6492),
  .UNSPECIFIED.,.F.,.F.,(3,3),(0.,1.),.PIECEWISE_BEZIER_KNOTS.);
#6490 = CARTESIAN_POINT('',(22.74470699577,-3.891553701773,1.));
#6491 = CARTESIAN_POINT('',(22.24055865284,-4.089223375799,1.));
#6492 = CARTESIAN_POINT('',(21.599673673015,-4.089223375799,1.));
#6493 = VECTOR('',#6494,1.);
#6494 = DIRECTION('',(-0.,-0.,-1.));
#6495 = ADVANCED_FACE('',(#6496),#6521,.T.);
#6496 = FACE_BOUND('',#6497,.T.);
#6497 = EDGE_LOOP('',(#6498,#6508,#6514,#6515));
#6498 = ORIENTED_EDGE('',*,*,#6499,.T.);
#6499 = EDGE_CURVE('',#6500,#6502,#6504,.T.);
#6500 = VERTEX_POINT('',#6501);
#6501 = CARTESIAN_POINT('',(23.594142549109,-3.348234120687,1.));
#6502 = VERTEX_POINT('',#6503);
#6503 = CARTESIAN_POINT('',(23.594142549109,-3.348234120687,2.));
#6504 = LINE('',#6505,#6506);
#6505 = CARTESIAN_POINT('',(23.594142549109,-3.348234120687,1.));
#6506 = VECTOR('',#6507,1.);
#6507 = DIRECTION('',(0.,0.,1.));
#6508 = ORIENTED_EDGE('',*,*,#6509,.T.);
#6509 = EDGE_CURVE('',#6502,#6469,#6510,.T.);
#6510 = B_SPLINE_CURVE_WITH_KNOTS('',2,(#6511,#6512,#6513),
  .UNSPECIFIED.,.F.,.F.,(3,3),(0.,1.),.PIECEWISE_BEZIER_KNOTS.);
#6511 = CARTESIAN_POINT('',(23.594142549109,-3.348234120687,2.));
#6512 = CARTESIAN_POINT('',(23.2488553387,-3.693521331097,2.));
#6513 = CARTESIAN_POINT('',(22.74470699577,-3.891553701773,2.));
#6514 = ORIENTED_EDGE('',*,*,#6466,.F.);
#6515 = ORIENTED_EDGE('',*,*,#6516,.F.);
#6516 = EDGE_CURVE('',#6500,#6467,#6517,.T.);
#6517 = B_SPLINE_CURVE_WITH_KNOTS('',2,(#6518,#6519,#6520),
  .UNSPECIFIED.,.F.,.F.,(3,3),(0.,1.),.PIECEWISE_BEZIER_KNOTS.);
#6518 = CARTESIAN_POINT('',(23.594142549109,-3.348234120687,1.));
#6519 = CARTESIAN_POINT('',(23.2488553387,-3.693521331097,1.));
#6520 = CARTESIAN_POINT('',(22.74470699577,-3.891553701773,1.));
#6521 = SURFACE_OF_LINEAR_EXTRUSION('',#6522,#6526);
#6522 = B_SPLINE_CURVE_WITH_KNOTS('',2,(#6523,#6524,#6525),
  .UNSPECIFIED.,.F.,.F.,(3,3),(0.,1.),.PIECEWISE_BEZIER_KNOTS.);
#6523 = CARTESIAN_POINT('',(23.594142549109,-3.348234120687,1.));
#6524 = CARTESIAN_POINT('',(23.2488553387,-3.693521331097,1.));
#6525 = CARTESIAN_POINT('',(22.74470699577,-3.891553701773,1.));
#6526 = VECTOR('',#6527,1.);
#6527 = DIRECTION('',(-0.,-0.,-1.));
#6528 = ADVANCED_FACE('',(#6529),#6554,.T.);
#6529 = FACE_BOUND('',#6530,.T.);
#6530 = EDGE_LOOP('',(#6531,#6541,#6547,#6548));
#6531 = ORIENTED_EDGE('',*,*,#6532,.T.);
#6532 = EDGE_CURVE('',#6533,#6535,#6537,.T.);
#6533 = VERTEX_POINT('',#6534);
#6534 = CARTESIAN_POINT('',(24.120415387664,-2.540508682051,1.));
#6535 = VERTEX_POINT('',#6536);
#6536 = CARTESIAN_POINT('',(24.120415387664,-2.540508682051,2.));
#6537 = LINE('',#6538,#6539);
#6538 = CARTESIAN_POINT('',(24.120415387664,-2.540508682051,1.));
#6539 = VECTOR('',#6540,1.);
#6540 = DIRECTION('',(0.,0.,1.));
#6541 = ORIENTED_EDGE('',*,*,#6542,.T.);
#6542 = EDGE_CURVE('',#6535,#6502,#6543,.T.);
#6543 = B_SPLINE_CURVE_WITH_KNOTS('',2,(#6544,#6545,#6546),
  .UNSPECIFIED.,.F.,.F.,(3,3),(0.,1.),.PIECEWISE_BEZIER_KNOTS.);
#6544 = CARTESIAN_POINT('',(24.120415387664,-2.540508682051,2.));
#6545 = CARTESIAN_POINT('',(23.939429759519,-3.002946910278,2.));
#6546 = CARTESIAN_POINT('',(23.594142549109,-3.348234120687,2.));
#6547 = ORIENTED_EDGE('',*,*,#6499,.F.);
#6548 = ORIENTED_EDGE('',*,*,#6549,.F.);
#6549 = EDGE_CURVE('',#6533,#6500,#6550,.T.);
#6550 = B_SPLINE_CURVE_WITH_KNOTS('',2,(#6551,#6552,#6553),
  .UNSPECIFIED.,.F.,.F.,(3,3),(0.,1.),.PIECEWISE_BEZIER_KNOTS.);
#6551 = CARTESIAN_POINT('',(24.120415387664,-2.540508682051,1.));
#6552 = CARTESIAN_POINT('',(23.939429759519,-3.002946910278,1.));
#6553 = CARTESIAN_POINT('',(23.594142549109,-3.348234120687,1.));
#6554 = SURFACE_OF_LINEAR_EXTRUSION('',#6555,#6559);
#6555 = B_SPLINE_CURVE_WITH_KNOTS('',2,(#6556,#6557,#6558),
  .UNSPECIFIED.,.F.,.F.,(3,3),(0.,1.),.PIECEWISE_BEZIER_KNOTS.);
#6556 = CARTESIAN_POINT('',(24.120415387664,-2.540508682051,1.));
#6557 = CARTESIAN_POINT('',(23.939429759519,-3.002946910278,1.));
#6558 = CARTESIAN_POINT('',(23.594142549109,-3.348234120687,1.));
#6559 = VECTOR('',#6560,1.);
#6560 = DIRECTION('',(-0.,-0.,-1.));
#6561 = ADVANCED_FACE('',(#6562),#6587,.T.);
#6562 = FACE_BOUND('',#6563,.T.);
#6563 = EDGE_LOOP('',(#6564,#6574,#6580,#6581));
#6564 = ORIENTED_EDGE('',*,*,#6565,.T.);
#6565 = EDGE_CURVE('',#6566,#6568,#6570,.T.);
#6566 = VERTEX_POINT('',#6567);
#6567 = CARTESIAN_POINT('',(24.301763712459,-1.548896042073,1.));
#6568 = VERTEX_POINT('',#6569);
#6569 = CARTESIAN_POINT('',(24.301763712459,-1.548896042073,2.));
#6570 = LINE('',#6571,#6572);
#6571 = CARTESIAN_POINT('',(24.301763712459,-1.548896042073,1.));
#6572 = VECTOR('',#6573,1.);
#6573 = DIRECTION('',(0.,0.,1.));
#6574 = ORIENTED_EDGE('',*,*,#6575,.T.);
#6575 = EDGE_CURVE('',#6568,#6535,#6576,.T.);
#6576 = B_SPLINE_CURVE_WITH_KNOTS('',2,(#6577,#6578,#6579),
  .UNSPECIFIED.,.F.,.F.,(3,3),(0.,1.),.PIECEWISE_BEZIER_KNOTS.);
#6577 = CARTESIAN_POINT('',(24.301763712459,-1.548896042073,2.));
#6578 = CARTESIAN_POINT('',(24.301763712459,-2.078070453824,2.));
#6579 = CARTESIAN_POINT('',(24.120415387664,-2.540508682051,2.));
#6580 = ORIENTED_EDGE('',*,*,#6532,.F.);
#6581 = ORIENTED_EDGE('',*,*,#6582,.F.);
#6582 = EDGE_CURVE('',#6566,#6533,#6583,.T.);
#6583 = B_SPLINE_CURVE_WITH_KNOTS('',2,(#6584,#6585,#6586),
  .UNSPECIFIED.,.F.,.F.,(3,3),(0.,1.),.PIECEWISE_BEZIER_KNOTS.);
#6584 = CARTESIAN_POINT('',(24.301763712459,-1.548896042073,1.));
#6585 = CARTESIAN_POINT('',(24.301763712459,-2.078070453824,1.));
#6586 = CARTESIAN_POINT('',(24.120415387664,-2.540508682051,1.));
#6587 = SURFACE_OF_LINEAR_EXTRUSION('',#6588,#6592);
#6588 = B_SPLINE_CURVE_WITH_KNOTS('',2,(#6589,#6590,#6591),
  .UNSPECIFIED.,.F.,.F.,(3,3),(0.,1.),.PIECEWISE_BEZIER_KNOTS.);
#6589 = CARTESIAN_POINT('',(24.301763712459,-1.548896042073,1.));
#6590 = CARTESIAN_POINT('',(24.301763712459,-2.078070453824,1.));
#6591 = CARTESIAN_POINT('',(24.120415387664,-2.540508682051,1.));
#6592 = VECTOR('',#6593,1.);
#6593 = DIRECTION('',(-0.,-0.,-1.));
#6594 = ADVANCED_FACE('',(#6595),#6620,.T.);
#6595 = FACE_BOUND('',#6596,.T.);
#6596 = EDGE_LOOP('',(#6597,#6607,#6613,#6614));
#6597 = ORIENTED_EDGE('',*,*,#6598,.T.);
#6598 = EDGE_CURVE('',#6599,#6601,#6603,.T.);
#6599 = VERTEX_POINT('',#6600);
#6600 = CARTESIAN_POINT('',(24.137099433545,-0.710341388221,1.));
#6601 = VERTEX_POINT('',#6602);
#6602 = CARTESIAN_POINT('',(24.137099433545,-0.710341388221,2.));
#6603 = LINE('',#6604,#6605);
#6604 = CARTESIAN_POINT('',(24.137099433545,-0.710341388221,1.));
#6605 = VECTOR('',#6606,1.);
#6606 = DIRECTION('',(0.,0.,1.));
#6607 = ORIENTED_EDGE('',*,*,#6608,.T.);
#6608 = EDGE_CURVE('',#6601,#6568,#6609,.T.);
#6609 = B_SPLINE_CURVE_WITH_KNOTS('',2,(#6610,#6611,#6612),
  .UNSPECIFIED.,.F.,.F.,(3,3),(0.,1.),.PIECEWISE_BEZIER_KNOTS.);
#6610 = CARTESIAN_POINT('',(24.137099433545,-0.710341388221,2.));
#6611 = CARTESIAN_POINT('',(24.301763712459,-1.053089722084,2.));
#6612 = CARTESIAN_POINT('',(24.301763712459,-1.548896042073,2.));
#6613 = ORIENTED_EDGE('',*,*,#6565,.F.);
#6614 = ORIENTED_EDGE('',*,*,#6615,.F.);
#6615 = EDGE_CURVE('',#6599,#6566,#6616,.T.);
#6616 = B_SPLINE_CURVE_WITH_KNOTS('',2,(#6617,#6618,#6619),
  .UNSPECIFIED.,.F.,.F.,(3,3),(0.,1.),.PIECEWISE_BEZIER_KNOTS.);
#6617 = CARTESIAN_POINT('',(24.137099433545,-0.710341388221,1.));
#6618 = CARTESIAN_POINT('',(24.301763712459,-1.053089722084,1.));
#6619 = CARTESIAN_POINT('',(24.301763712459,-1.548896042073,1.));
#6620 = SURFACE_OF_LINEAR_EXTRUSION('',#6621,#6625);
#6621 = B_SPLINE_CURVE_WITH_KNOTS('',2,(#6622,#6623,#6624),
  .UNSPECIFIED.,.F.,.F.,(3,3),(0.,1.),.PIECEWISE_BEZIER_KNOTS.);
#6622 = CARTESIAN_POINT('',(24.137099433545,-0.710341388221,1.));
#6623 = CARTESIAN_POINT('',(24.301763712459,-1.053089722084,1.));
#6624 = CARTESIAN_POINT('',(24.301763712459,-1.548896042073,1.));
#6625 = VECTOR('',#6626,1.);
#6626 = DIRECTION('',(-0.,-0.,-1.));
#6627 = ADVANCED_FACE('',(#6628),#6653,.T.);
#6628 = FACE_BOUND('',#6629,.T.);
#6629 = EDGE_LOOP('',(#6630,#6640,#6646,#6647));
#6630 = ORIENTED_EDGE('',*,*,#6631,.T.);
#6631 = EDGE_CURVE('',#6632,#6634,#6636,.T.);
#6632 = VERTEX_POINT('',#6633);
#6633 = CARTESIAN_POINT('',(23.705490420533,-0.131114838827,1.));
#6634 = VERTEX_POINT('',#6635);
#6635 = CARTESIAN_POINT('',(23.705490420533,-0.131114838827,2.));
#6636 = LINE('',#6637,#6638);
#6637 = CARTESIAN_POINT('',(23.705490420533,-0.131114838827,1.));
#6638 = VECTOR('',#6639,1.);
#6639 = DIRECTION('',(0.,0.,1.));
#6640 = ORIENTED_EDGE('',*,*,#6641,.T.);
#6641 = EDGE_CURVE('',#6634,#6601,#6642,.T.);
#6642 = B_SPLINE_CURVE_WITH_KNOTS('',2,(#6643,#6644,#6645),
  .UNSPECIFIED.,.F.,.F.,(3,3),(0.,1.),.PIECEWISE_BEZIER_KNOTS.);
#6643 = CARTESIAN_POINT('',(23.705490420533,-0.131114838827,2.));
#6644 = CARTESIAN_POINT('',(23.972797851281,-0.367593054359,2.));
#6645 = CARTESIAN_POINT('',(24.137099433545,-0.710341388221,2.));
#6646 = ORIENTED_EDGE('',*,*,#6598,.F.);
#6647 = ORIENTED_EDGE('',*,*,#6648,.F.);
#6648 = EDGE_CURVE('',#6632,#6599,#6649,.T.);
#6649 = B_SPLINE_CURVE_WITH_KNOTS('',2,(#6650,#6651,#6652),
  .UNSPECIFIED.,.F.,.F.,(3,3),(0.,1.),.PIECEWISE_BEZIER_KNOTS.);
#6650 = CARTESIAN_POINT('',(23.705490420533,-0.131114838827,1.));
#6651 = CARTESIAN_POINT('',(23.972797851281,-0.367593054359,1.));
#6652 = CARTESIAN_POINT('',(24.137099433545,-0.710341388221,1.));
#6653 = SURFACE_OF_LINEAR_EXTRUSION('',#6654,#6658);
#6654 = B_SPLINE_CURVE_WITH_KNOTS('',2,(#6655,#6656,#6657),
  .UNSPECIFIED.,.F.,.F.,(3,3),(0.,1.),.PIECEWISE_BEZIER_KNOTS.);
#6655 = CARTESIAN_POINT('',(23.705490420533,-0.131114838827,1.));
#6656 = CARTESIAN_POINT('',(23.972797851281,-0.367593054359,1.));
#6657 = CARTESIAN_POINT('',(24.137099433545,-0.710341388221,1.));
#6658 = VECTOR('',#6659,1.);
#6659 = DIRECTION('',(-0.,-0.,-1.));
#6660 = ADVANCED_FACE('',(#6661),#6686,.T.);
#6661 = FACE_BOUND('',#6662,.T.);
#6662 = EDGE_LOOP('',(#6663,#6673,#6679,#6680));
#6663 = ORIENTED_EDGE('',*,*,#6664,.T.);
#6664 = EDGE_CURVE('',#6665,#6667,#6669,.T.);
#6665 = VERTEX_POINT('',#6666);
#6666 = CARTESIAN_POINT('',(23.09833622912,0.261685632679,1.));
#6667 = VERTEX_POINT('',#6668);
#6668 = CARTESIAN_POINT('',(23.09833622912,0.261685632679,2.));
#6669 = LINE('',#6670,#6671);
#6670 = CARTESIAN_POINT('',(23.09833622912,0.261685632679,1.));
#6671 = VECTOR('',#6672,1.);
#6672 = DIRECTION('',(0.,0.,1.));
#6673 = ORIENTED_EDGE('',*,*,#6674,.T.);
#6674 = EDGE_CURVE('',#6667,#6634,#6675,.T.);
#6675 = B_SPLINE_CURVE_WITH_KNOTS('',2,(#6676,#6677,#6678),
  .UNSPECIFIED.,.F.,.F.,(3,3),(0.,1.),.PIECEWISE_BEZIER_KNOTS.);
#6676 = CARTESIAN_POINT('',(23.09833622912,0.261685632679,2.));
#6677 = CARTESIAN_POINT('',(23.438182989786,0.105726073355,2.));
#6678 = CARTESIAN_POINT('',(23.705490420533,-0.131114838827,2.));
#6679 = ORIENTED_EDGE('',*,*,#6631,.F.);
#6680 = ORIENTED_EDGE('',*,*,#6681,.F.);
#6681 = EDGE_CURVE('',#6665,#6632,#6682,.T.);
#6682 = B_SPLINE_CURVE_WITH_KNOTS('',2,(#6683,#6684,#6685),
  .UNSPECIFIED.,.F.,.F.,(3,3),(0.,1.),.PIECEWISE_BEZIER_KNOTS.);
#6683 = CARTESIAN_POINT('',(23.09833622912,0.261685632679,1.));
#6684 = CARTESIAN_POINT('',(23.438182989786,0.105726073355,1.));
#6685 = CARTESIAN_POINT('',(23.705490420533,-0.131114838827,1.));
#6686 = SURFACE_OF_LINEAR_EXTRUSION('',#6687,#6691);
#6687 = B_SPLINE_CURVE_WITH_KNOTS('',2,(#6688,#6689,#6690),
  .UNSPECIFIED.,.F.,.F.,(3,3),(0.,1.),.PIECEWISE_BEZIER_KNOTS.);
#6688 = CARTESIAN_POINT('',(23.09833622912,0.261685632679,1.));
#6689 = CARTESIAN_POINT('',(23.438182989786,0.105726073355,1.));
#6690 = CARTESIAN_POINT('',(23.705490420533,-0.131114838827,1.));
#6691 = VECTOR('',#6692,1.);
#6692 = DIRECTION('',(-0.,-0.,-1.));
#6693 = ADVANCED_FACE('',(#6694),#6719,.T.);
#6694 = FACE_BOUND('',#6695,.T.);
#6695 = EDGE_LOOP('',(#6696,#6706,#6712,#6713));
#6696 = ORIENTED_EDGE('',*,*,#6697,.T.);
#6697 = EDGE_CURVE('',#6698,#6700,#6702,.T.);
#6698 = VERTEX_POINT('',#6699);
#6699 = CARTESIAN_POINT('',(22.401958661908,0.537335086367,1.));
#6700 = VERTEX_POINT('',#6701);
#6701 = CARTESIAN_POINT('',(22.401958661908,0.537335086367,2.));
#6702 = LINE('',#6703,#6704);
#6703 = CARTESIAN_POINT('',(22.401958661908,0.537335086367,1.));
#6704 = VECTOR('',#6705,1.);
#6705 = DIRECTION('',(0.,0.,1.));
#6706 = ORIENTED_EDGE('',*,*,#6707,.T.);
#6707 = EDGE_CURVE('',#6700,#6667,#6708,.T.);
#6708 = B_SPLINE_CURVE_WITH_KNOTS('',2,(#6709,#6710,#6711),
  .UNSPECIFIED.,.F.,.F.,(3,3),(0.,1.),.PIECEWISE_BEZIER_KNOTS.);
#6709 = CARTESIAN_POINT('',(22.401958661908,0.537335086367,2.));
#6710 = CARTESIAN_POINT('',(22.758489468454,0.417645192003,2.));
#6711 = CARTESIAN_POINT('',(23.09833622912,0.261685632679,2.));
#6712 = ORIENTED_EDGE('',*,*,#6664,.F.);
#6713 = ORIENTED_EDGE('',*,*,#6714,.F.);
#6714 = EDGE_CURVE('',#6698,#6665,#6715,.T.);
#6715 = B_SPLINE_CURVE_WITH_KNOTS('',2,(#6716,#6717,#6718),
  .UNSPECIFIED.,.F.,.F.,(3,3),(0.,1.),.PIECEWISE_BEZIER_KNOTS.);
#6716 = CARTESIAN_POINT('',(22.401958661908,0.537335086367,1.));
#6717 = CARTESIAN_POINT('',(22.758489468454,0.417645192003,1.));
#6718 = CARTESIAN_POINT('',(23.09833622912,0.261685632679,1.));
#6719 = SURFACE_OF_LINEAR_EXTRUSION('',#6720,#6724);
#6720 = B_SPLINE_CURVE_WITH_KNOTS('',2,(#6721,#6722,#6723),
  .UNSPECIFIED.,.F.,.F.,(3,3),(0.,1.),.PIECEWISE_BEZIER_KNOTS.);
#6721 = CARTESIAN_POINT('',(22.401958661908,0.537335086367,1.));
#6722 = CARTESIAN_POINT('',(22.758489468454,0.417645192003,1.));
#6723 = CARTESIAN_POINT('',(23.09833622912,0.261685632679,1.));
#6724 = VECTOR('',#6725,1.);
#6725 = DIRECTION('',(-0.,-0.,-1.));
#6726 = ADVANCED_FACE('',(#6727),#6752,.T.);
#6727 = FACE_BOUND('',#6728,.T.);
#6728 = EDGE_LOOP('',(#6729,#6739,#6745,#6746));
#6729 = ORIENTED_EDGE('',*,*,#6730,.T.);
#6730 = EDGE_CURVE('',#6731,#6733,#6735,.T.);
#6731 = VERTEX_POINT('',#6732);
#6732 = CARTESIAN_POINT('',(21.705581094696,0.768735548805,1.));
#6733 = VERTEX_POINT('',#6734);
#6734 = CARTESIAN_POINT('',(21.705581094696,0.768735548805,2.));
#6735 = LINE('',#6736,#6737);
#6736 = CARTESIAN_POINT('',(21.705581094696,0.768735548805,1.));
#6737 = VECTOR('',#6738,1.);
#6738 = DIRECTION('',(0.,0.,1.));
#6739 = ORIENTED_EDGE('',*,*,#6740,.T.);
#6740 = EDGE_CURVE('',#6733,#6700,#6741,.T.);
#6741 = B_SPLINE_CURVE_WITH_KNOTS('',2,(#6742,#6743,#6744),
  .UNSPECIFIED.,.F.,.F.,(3,3),(0.,1.),.PIECEWISE_BEZIER_KNOTS.);
#6742 = CARTESIAN_POINT('',(21.705581094696,0.768735548805,2.));
#6743 = CARTESIAN_POINT('',(22.045427855361,0.657387677381,2.));
#6744 = CARTESIAN_POINT('',(22.401958661908,0.537335086367,2.));
#6745 = ORIENTED_EDGE('',*,*,#6697,.F.);
#6746 = ORIENTED_EDGE('',*,*,#6747,.F.);
#6747 = EDGE_CURVE('',#6731,#6698,#6748,.T.);
#6748 = B_SPLINE_CURVE_WITH_KNOTS('',2,(#6749,#6750,#6751),
  .UNSPECIFIED.,.F.,.F.,(3,3),(0.,1.),.PIECEWISE_BEZIER_KNOTS.);
#6749 = CARTESIAN_POINT('',(21.705581094696,0.768735548805,1.));
#6750 = CARTESIAN_POINT('',(22.045427855361,0.657387677381,1.));
#6751 = CARTESIAN_POINT('',(22.401958661908,0.537335086367,1.));
#6752 = SURFACE_OF_LINEAR_EXTRUSION('',#6753,#6757);
#6753 = B_SPLINE_CURVE_WITH_KNOTS('',2,(#6754,#6755,#6756),
  .UNSPECIFIED.,.F.,.F.,(3,3),(0.,1.),.PIECEWISE_BEZIER_KNOTS.);
#6754 = CARTESIAN_POINT('',(21.705581094696,0.768735548805,1.));
#6755 = CARTESIAN_POINT('',(22.045427855361,0.657387677381,1.));
#6756 = CARTESIAN_POINT('',(22.401958661908,0.537335086367,1.));
#6757 = VECTOR('',#6758,1.);
#6758 = DIRECTION('',(-0.,-0.,-1.));
#6759 = ADVANCED_FACE('',(#6760),#6785,.T.);
#6760 = FACE_BOUND('',#6761,.T.);
#6761 = EDGE_LOOP('',(#6762,#6772,#6778,#6779));
#6762 = ORIENTED_EDGE('',*,*,#6763,.T.);
#6763 = EDGE_CURVE('',#6764,#6766,#6768,.T.);
#6764 = VERTEX_POINT('',#6765);
#6765 = CARTESIAN_POINT('',(21.098064206633,1.030602529809,1.));
#6766 = VERTEX_POINT('',#6767);
#6767 = CARTESIAN_POINT('',(21.098064206633,1.030602529809,2.));
#6768 = LINE('',#6769,#6770);
#6769 = CARTESIAN_POINT('',(21.098064206633,1.030602529809,1.));
#6770 = VECTOR('',#6771,1.);
#6771 = DIRECTION('',(0.,0.,1.));
#6772 = ORIENTED_EDGE('',*,*,#6773,.T.);
#6773 = EDGE_CURVE('',#6766,#6733,#6774,.T.);
#6774 = B_SPLINE_CURVE_WITH_KNOTS('',2,(#6775,#6776,#6777),
  .UNSPECIFIED.,.F.,.F.,(3,3),(0.,1.),.PIECEWISE_BEZIER_KNOTS.);
#6775 = CARTESIAN_POINT('',(21.098064206633,1.030602529809,2.));
#6776 = CARTESIAN_POINT('',(21.36573433403,0.880083420229,2.));
#6777 = CARTESIAN_POINT('',(21.705581094696,0.768735548805,2.));
#6778 = ORIENTED_EDGE('',*,*,#6730,.F.);
#6779 = ORIENTED_EDGE('',*,*,#6780,.F.);
#6780 = EDGE_CURVE('',#6764,#6731,#6781,.T.);
#6781 = B_SPLINE_CURVE_WITH_KNOTS('',2,(#6782,#6783,#6784),
  .UNSPECIFIED.,.F.,.F.,(3,3),(0.,1.),.PIECEWISE_BEZIER_KNOTS.);
#6782 = CARTESIAN_POINT('',(21.098064206633,1.030602529809,1.));
#6783 = CARTESIAN_POINT('',(21.36573433403,0.880083420229,1.));
#6784 = CARTESIAN_POINT('',(21.705581094696,0.768735548805,1.));
#6785 = SURFACE_OF_LINEAR_EXTRUSION('',#6786,#6790);
#6786 = B_SPLINE_CURVE_WITH_KNOTS('',2,(#6787,#6788,#6789),
  .UNSPECIFIED.,.F.,.F.,(3,3),(0.,1.),.PIECEWISE_BEZIER_KNOTS.);
#6787 = CARTESIAN_POINT('',(21.098064206633,1.030602529809,1.));
#6788 = CARTESIAN_POINT('',(21.36573433403,0.880083420229,1.));
#6789 = CARTESIAN_POINT('',(21.705581094696,0.768735548805,1.));
#6790 = VECTOR('',#6791,1.);
#6791 = DIRECTION('',(-0.,-0.,-1.));
#6792 = ADVANCED_FACE('',(#6793),#6818,.T.);
#6793 = FACE_BOUND('',#6794,.T.);
#6794 = EDGE_LOOP('',(#6795,#6805,#6811,#6812));
#6795 = ORIENTED_EDGE('',*,*,#6796,.T.);
#6796 = EDGE_CURVE('',#6797,#6799,#6801,.T.);
#6797 = VERTEX_POINT('',#6798);
#6798 = CARTESIAN_POINT('',(20.666455193621,1.3925737861,1.));
#6799 = VERTEX_POINT('',#6800);
#6800 = CARTESIAN_POINT('',(20.666455193621,1.3925737861,2.));
#6801 = LINE('',#6802,#6803);
#6802 = CARTESIAN_POINT('',(20.666455193621,1.3925737861,1.));
#6803 = VECTOR('',#6804,1.);
#6804 = DIRECTION('',(0.,0.,1.));
#6805 = ORIENTED_EDGE('',*,*,#6806,.T.);
#6806 = EDGE_CURVE('',#6799,#6766,#6807,.T.);
#6807 = B_SPLINE_CURVE_WITH_KNOTS('',2,(#6808,#6809,#6810),
  .UNSPECIFIED.,.F.,.F.,(3,3),(0.,1.),.PIECEWISE_BEZIER_KNOTS.);
#6808 = CARTESIAN_POINT('',(20.666455193621,1.3925737861,2.));
#6809 = CARTESIAN_POINT('',(20.830756775885,1.181121639389,2.));
#6810 = CARTESIAN_POINT('',(21.098064206633,1.030602529809,2.));
#6811 = ORIENTED_EDGE('',*,*,#6763,.F.);
#6812 = ORIENTED_EDGE('',*,*,#6813,.F.);
#6813 = EDGE_CURVE('',#6797,#6764,#6814,.T.);
#6814 = B_SPLINE_CURVE_WITH_KNOTS('',2,(#6815,#6816,#6817),
  .UNSPECIFIED.,.F.,.F.,(3,3),(0.,1.),.PIECEWISE_BEZIER_KNOTS.);
#6815 = CARTESIAN_POINT('',(20.666455193621,1.3925737861,1.));
#6816 = CARTESIAN_POINT('',(20.830756775885,1.181121639389,1.));
#6817 = CARTESIAN_POINT('',(21.098064206633,1.030602529809,1.));
#6818 = SURFACE_OF_LINEAR_EXTRUSION('',#6819,#6823);
#6819 = B_SPLINE_CURVE_WITH_KNOTS('',2,(#6820,#6821,#6822),
  .UNSPECIFIED.,.F.,.F.,(3,3),(0.,1.),.PIECEWISE_BEZIER_KNOTS.);
#6820 = CARTESIAN_POINT('',(20.666455193621,1.3925737861,1.));
#6821 = CARTESIAN_POINT('',(20.830756775885,1.181121639389,1.));
#6822 = CARTESIAN_POINT('',(21.098064206633,1.030602529809,1.));
#6823 = VECTOR('',#6824,1.);
#6824 = DIRECTION('',(-0.,-0.,-1.));
#6825 = ADVANCED_FACE('',(#6826),#6851,.T.);
#6826 = FACE_BOUND('',#6827,.T.);
#6827 = EDGE_LOOP('',(#6828,#6838,#6844,#6845));
#6828 = ORIENTED_EDGE('',*,*,#6829,.T.);
#6829 = EDGE_CURVE('',#6830,#6832,#6834,.T.);
#6830 = VERTEX_POINT('',#6831);
#6831 = CARTESIAN_POINT('',(20.502153611357,1.927551344244,1.));
#6832 = VERTEX_POINT('',#6833);
#6833 = CARTESIAN_POINT('',(20.502153611357,1.927551344244,2.));
#6834 = LINE('',#6835,#6836);
#6835 = CARTESIAN_POINT('',(20.502153611357,1.927551344244,1.));
#6836 = VECTOR('',#6837,1.);
#6837 = DIRECTION('',(0.,0.,1.));
#6838 = ORIENTED_EDGE('',*,*,#6839,.T.);
#6839 = EDGE_CURVE('',#6832,#6799,#6840,.T.);
#6840 = B_SPLINE_CURVE_WITH_KNOTS('',2,(#6841,#6842,#6843),
  .UNSPECIFIED.,.F.,.F.,(3,3),(0.,1.),.PIECEWISE_BEZIER_KNOTS.);
#6841 = CARTESIAN_POINT('',(20.502153611357,1.927551344244,2.));
#6842 = CARTESIAN_POINT('',(20.502153611357,1.60438862946,2.));
#6843 = CARTESIAN_POINT('',(20.666455193621,1.3925737861,2.));
#6844 = ORIENTED_EDGE('',*,*,#6796,.F.);
#6845 = ORIENTED_EDGE('',*,*,#6846,.F.);
#6846 = EDGE_CURVE('',#6830,#6797,#6847,.T.);
#6847 = B_SPLINE_CURVE_WITH_KNOTS('',2,(#6848,#6849,#6850),
  .UNSPECIFIED.,.F.,.F.,(3,3),(0.,1.),.PIECEWISE_BEZIER_KNOTS.);
#6848 = CARTESIAN_POINT('',(20.502153611357,1.927551344244,1.));
#6849 = CARTESIAN_POINT('',(20.502153611357,1.60438862946,1.));
#6850 = CARTESIAN_POINT('',(20.666455193621,1.3925737861,1.));
#6851 = SURFACE_OF_LINEAR_EXTRUSION('',#6852,#6856);
#6852 = B_SPLINE_CURVE_WITH_KNOTS('',2,(#6853,#6854,#6855),
  .UNSPECIFIED.,.F.,.F.,(3,3),(0.,1.),.PIECEWISE_BEZIER_KNOTS.);
#6853 = CARTESIAN_POINT('',(20.502153611357,1.927551344244,1.));
#6854 = CARTESIAN_POINT('',(20.502153611357,1.60438862946,1.));
#6855 = CARTESIAN_POINT('',(20.666455193621,1.3925737861,1.));
#6856 = VECTOR('',#6857,1.);
#6857 = DIRECTION('',(-0.,-0.,-1.));
#6858 = ADVANCED_FACE('',(#6859),#6884,.T.);
#6859 = FACE_BOUND('',#6860,.T.);
#6860 = EDGE_LOOP('',(#6861,#6871,#6877,#6878));
#6861 = ORIENTED_EDGE('',*,*,#6862,.T.);
#6862 = EDGE_CURVE('',#6863,#6865,#6867,.T.);
#6863 = VERTEX_POINT('',#6864);
#6864 = CARTESIAN_POINT('',(20.593915863703,2.392528449018,1.));
#6865 = VERTEX_POINT('',#6866);
#6866 = CARTESIAN_POINT('',(20.593915863703,2.392528449018,2.));
#6867 = LINE('',#6868,#6869);
#6868 = CARTESIAN_POINT('',(20.593915863703,2.392528449018,1.));
#6869 = VECTOR('',#6870,1.);
#6870 = DIRECTION('',(0.,0.,1.));
#6871 = ORIENTED_EDGE('',*,*,#6872,.T.);
#6872 = EDGE_CURVE('',#6865,#6832,#6873,.T.);
#6873 = B_SPLINE_CURVE_WITH_KNOTS('',2,(#6874,#6875,#6876),
  .UNSPECIFIED.,.F.,.F.,(3,3),(0.,1.),.PIECEWISE_BEZIER_KNOTS.);
#6874 = CARTESIAN_POINT('',(20.593915863703,2.392528449018,2.));
#6875 = CARTESIAN_POINT('',(20.502153611357,2.178174729111,2.));
#6876 = CARTESIAN_POINT('',(20.502153611357,1.927551344244,2.));
#6877 = ORIENTED_EDGE('',*,*,#6829,.F.);
#6878 = ORIENTED_EDGE('',*,*,#6879,.F.);
#6879 = EDGE_CURVE('',#6863,#6830,#6880,.T.);
#6880 = B_SPLINE_CURVE_WITH_KNOTS('',2,(#6881,#6882,#6883),
  .UNSPECIFIED.,.F.,.F.,(3,3),(0.,1.),.PIECEWISE_BEZIER_KNOTS.);
#6881 = CARTESIAN_POINT('',(20.593915863703,2.392528449018,1.));
#6882 = CARTESIAN_POINT('',(20.502153611357,2.178174729111,1.));
#6883 = CARTESIAN_POINT('',(20.502153611357,1.927551344244,1.));
#6884 = SURFACE_OF_LINEAR_EXTRUSION('',#6885,#6889);
#6885 = B_SPLINE_CURVE_WITH_KNOTS('',2,(#6886,#6887,#6888),
  .UNSPECIFIED.,.F.,.F.,(3,3),(0.,1.),.PIECEWISE_BEZIER_KNOTS.);
#6886 = CARTESIAN_POINT('',(20.593915863703,2.392528449018,1.));
#6887 = CARTESIAN_POINT('',(20.502153611357,2.178174729111,1.));
#6888 = CARTESIAN_POINT('',(20.502153611357,1.927551344244,1.));
#6889 = VECTOR('',#6890,1.);
#6890 = DIRECTION('',(-0.,-0.,-1.));
#6891 = ADVANCED_FACE('',(#6892),#6917,.T.);
#6892 = FACE_BOUND('',#6893,.T.);
#6893 = EDGE_LOOP('',(#6894,#6904,#6910,#6911));
#6894 = ORIENTED_EDGE('',*,*,#6895,.T.);
#6895 = EDGE_CURVE('',#6896,#6898,#6900,.T.);
#6896 = VERTEX_POINT('',#6897);
#6897 = CARTESIAN_POINT('',(20.864124867647,2.765743301446,1.));
#6898 = VERTEX_POINT('',#6899);
#6899 = CARTESIAN_POINT('',(20.864124867647,2.765743301446,2.));
#6900 = LINE('',#6901,#6902);
#6901 = CARTESIAN_POINT('',(20.864124867647,2.765743301446,1.));
#6902 = VECTOR('',#6903,1.);
#6903 = DIRECTION('',(0.,0.,1.));
#6904 = ORIENTED_EDGE('',*,*,#6905,.T.);
#6905 = EDGE_CURVE('',#6898,#6865,#6906,.T.);
#6906 = B_SPLINE_CURVE_WITH_KNOTS('',2,(#6907,#6908,#6909),
  .UNSPECIFIED.,.F.,.F.,(3,3),(0.,1.),.PIECEWISE_BEZIER_KNOTS.);
#6907 = CARTESIAN_POINT('',(20.864124867647,2.765743301446,2.));
#6908 = CARTESIAN_POINT('',(20.686040812699,2.607244865576,2.));
#6909 = CARTESIAN_POINT('',(20.593915863703,2.392528449018,2.));
#6910 = ORIENTED_EDGE('',*,*,#6862,.F.);
#6911 = ORIENTED_EDGE('',*,*,#6912,.F.);
#6912 = EDGE_CURVE('',#6896,#6863,#6913,.T.);
#6913 = B_SPLINE_CURVE_WITH_KNOTS('',2,(#6914,#6915,#6916),
  .UNSPECIFIED.,.F.,.F.,(3,3),(0.,1.),.PIECEWISE_BEZIER_KNOTS.);
#6914 = CARTESIAN_POINT('',(20.864124867647,2.765743301446,1.));
#6915 = CARTESIAN_POINT('',(20.686040812699,2.607244865576,1.));
#6916 = CARTESIAN_POINT('',(20.593915863703,2.392528449018,1.));
#6917 = SURFACE_OF_LINEAR_EXTRUSION('',#6918,#6922);
#6918 = B_SPLINE_CURVE_WITH_KNOTS('',2,(#6919,#6920,#6921),
  .UNSPECIFIED.,.F.,.F.,(3,3),(0.,1.),.PIECEWISE_BEZIER_KNOTS.);
#6919 = CARTESIAN_POINT('',(20.864124867647,2.765743301446,1.));
#6920 = CARTESIAN_POINT('',(20.686040812699,2.607244865576,1.));
#6921 = CARTESIAN_POINT('',(20.593915863703,2.392528449018,1.));
#6922 = VECTOR('',#6923,1.);
#6923 = DIRECTION('',(-0.,-0.,-1.));
#6924 = ADVANCED_FACE('',(#6925),#6950,.T.);
#6925 = FACE_BOUND('',#6926,.T.);
#6926 = EDGE_LOOP('',(#6927,#6937,#6943,#6944));
#6927 = ORIENTED_EDGE('',*,*,#6928,.T.);
#6928 = EDGE_CURVE('',#6929,#6931,#6933,.T.);
#6929 = VERTEX_POINT('',#6930);
#6930 = CARTESIAN_POINT('',(21.306977476796,3.016366686313,1.));
#6931 = VERTEX_POINT('',#6932);
#6932 = CARTESIAN_POINT('',(21.306977476796,3.016366686313,2.));
#6933 = LINE('',#6934,#6935);
#6934 = CARTESIAN_POINT('',(21.306977476796,3.016366686313,1.));
#6935 = VECTOR('',#6936,1.);
#6936 = DIRECTION('',(0.,0.,1.));
#6937 = ORIENTED_EDGE('',*,*,#6938,.T.);
#6938 = EDGE_CURVE('',#6931,#6898,#6939,.T.);
#6939 = B_SPLINE_CURVE_WITH_KNOTS('',2,(#6940,#6941,#6942),
  .UNSPECIFIED.,.F.,.F.,(3,3),(0.,1.),.PIECEWISE_BEZIER_KNOTS.);
#6940 = CARTESIAN_POINT('',(21.306977476796,3.016366686313,2.));
#6941 = CARTESIAN_POINT('',(21.042571619246,2.924604433967,2.));
#6942 = CARTESIAN_POINT('',(20.864124867647,2.765743301446,2.));
#6943 = ORIENTED_EDGE('',*,*,#6895,.F.);
#6944 = ORIENTED_EDGE('',*,*,#6945,.F.);
#6945 = EDGE_CURVE('',#6929,#6896,#6946,.T.);
#6946 = B_SPLINE_CURVE_WITH_KNOTS('',2,(#6947,#6948,#6949),
  .UNSPECIFIED.,.F.,.F.,(3,3),(0.,1.),.PIECEWISE_BEZIER_KNOTS.);
#6947 = CARTESIAN_POINT('',(21.306977476796,3.016366686313,1.));
#6948 = CARTESIAN_POINT('',(21.042571619246,2.924604433967,1.));
#6949 = CARTESIAN_POINT('',(20.864124867647,2.765743301446,1.));
#6950 = SURFACE_OF_LINEAR_EXTRUSION('',#6951,#6955);
#6951 = B_SPLINE_CURVE_WITH_KNOTS('',2,(#6952,#6953,#6954),
  .UNSPECIFIED.,.F.,.F.,(3,3),(0.,1.),.PIECEWISE_BEZIER_KNOTS.);
#6952 = CARTESIAN_POINT('',(21.306977476796,3.016366686313,1.));
#6953 = CARTESIAN_POINT('',(21.042571619246,2.924604433967,1.));
#6954 = CARTESIAN_POINT('',(20.864124867647,2.765743301446,1.));
#6955 = VECTOR('',#6956,1.);
#6956 = DIRECTION('',(-0.,-0.,-1.));
#6957 = ADVANCED_FACE('',(#6958),#6983,.T.);
#6958 = FACE_BOUND('',#6959,.T.);
#6959 = EDGE_LOOP('',(#6960,#6970,#6976,#6977));
#6960 = ORIENTED_EDGE('',*,*,#6961,.T.);
#6961 = EDGE_CURVE('',#6962,#6964,#6966,.T.);
#6962 = VERTEX_POINT('',#6963);
#6963 = CARTESIAN_POINT('',(21.9228363878,3.108491635309,1.));
#6964 = VERTEX_POINT('',#6965);
#6965 = CARTESIAN_POINT('',(21.9228363878,3.108491635309,2.));
#6966 = LINE('',#6967,#6968);
#6967 = CARTESIAN_POINT('',(21.9228363878,3.108491635309,1.));
#6968 = VECTOR('',#6969,1.);
#6969 = DIRECTION('',(0.,0.,1.));
#6970 = ORIENTED_EDGE('',*,*,#6971,.T.);
#6971 = EDGE_CURVE('',#6964,#6931,#6972,.T.);
#6972 = B_SPLINE_CURVE_WITH_KNOTS('',2,(#6973,#6974,#6975),
  .UNSPECIFIED.,.F.,.F.,(3,3),(0.,1.),.PIECEWISE_BEZIER_KNOTS.);
#6973 = CARTESIAN_POINT('',(21.9228363878,3.108491635309,2.));
#6974 = CARTESIAN_POINT('',(21.571746030997,3.108491635309,2.));
#6975 = CARTESIAN_POINT('',(21.306977476796,3.016366686313,2.));
#6976 = ORIENTED_EDGE('',*,*,#6928,.F.);
#6977 = ORIENTED_EDGE('',*,*,#6978,.F.);
#6978 = EDGE_CURVE('',#6962,#6929,#6979,.T.);
#6979 = B_SPLINE_CURVE_WITH_KNOTS('',2,(#6980,#6981,#6982),
  .UNSPECIFIED.,.F.,.F.,(3,3),(0.,1.),.PIECEWISE_BEZIER_KNOTS.);
#6980 = CARTESIAN_POINT('',(21.9228363878,3.108491635309,1.));
#6981 = CARTESIAN_POINT('',(21.571746030997,3.108491635309,1.));
#6982 = CARTESIAN_POINT('',(21.306977476796,3.016366686313,1.));
#6983 = SURFACE_OF_LINEAR_EXTRUSION('',#6984,#6988);
#6984 = B_SPLINE_CURVE_WITH_KNOTS('',2,(#6985,#6986,#6987),
  .UNSPECIFIED.,.F.,.F.,(3,3),(0.,1.),.PIECEWISE_BEZIER_KNOTS.);
#6985 = CARTESIAN_POINT('',(21.9228363878,3.108491635309,1.));
#6986 = CARTESIAN_POINT('',(21.571746030997,3.108491635309,1.));
#6987 = CARTESIAN_POINT('',(21.306977476796,3.016366686313,1.));
#6988 = VECTOR('',#6989,1.);
#6989 = DIRECTION('',(-0.,-0.,-1.));
#6990 = ADVANCED_FACE('',(#6991),#7016,.T.);
#6991 = FACE_BOUND('',#6992,.T.);
#6992 = EDGE_LOOP('',(#6993,#7003,#7009,#7010));
#6993 = ORIENTED_EDGE('',*,*,#6994,.T.);
#6994 = EDGE_CURVE('',#6995,#6997,#6999,.T.);
#6995 = VERTEX_POINT('',#6996);
#6996 = CARTESIAN_POINT('',(22.563358670975,3.016366686313,1.));
#6997 = VERTEX_POINT('',#6998);
#6998 = CARTESIAN_POINT('',(22.563358670975,3.016366686313,2.));
#6999 = LINE('',#7000,#7001);
#7000 = CARTESIAN_POINT('',(22.563358670975,3.016366686313,1.));
#7001 = VECTOR('',#7002,1.);
#7002 = DIRECTION('',(0.,0.,1.));
#7003 = ORIENTED_EDGE('',*,*,#7004,.T.);
#7004 = EDGE_CURVE('',#6997,#6964,#7005,.T.);
#7005 = B_SPLINE_CURVE_WITH_KNOTS('',2,(#7006,#7007,#7008),
  .UNSPECIFIED.,.F.,.F.,(3,3),(0.,1.),.PIECEWISE_BEZIER_KNOTS.);
#7006 = CARTESIAN_POINT('',(22.563358670975,3.016366686313,2.));
#7007 = CARTESIAN_POINT('',(22.296051240228,3.108491635309,2.));
#7008 = CARTESIAN_POINT('',(21.9228363878,3.108491635309,2.));
#7009 = ORIENTED_EDGE('',*,*,#6961,.F.);
#7010 = ORIENTED_EDGE('',*,*,#7011,.F.);
#7011 = EDGE_CURVE('',#6995,#6962,#7012,.T.);
#7012 = B_SPLINE_CURVE_WITH_KNOTS('',2,(#7013,#7014,#7015),
  .UNSPECIFIED.,.F.,.F.,(3,3),(0.,1.),.PIECEWISE_BEZIER_KNOTS.);
#7013 = CARTESIAN_POINT('',(22.563358670975,3.016366686313,1.));
#7014 = CARTESIAN_POINT('',(22.296051240228,3.108491635309,1.));
#7015 = CARTESIAN_POINT('',(21.9228363878,3.108491635309,1.));
#7016 = SURFACE_OF_LINEAR_EXTRUSION('',#7017,#7021);
#7017 = B_SPLINE_CURVE_WITH_KNOTS('',2,(#7018,#7019,#7020),
  .UNSPECIFIED.,.F.,.F.,(3,3),(0.,1.),.PIECEWISE_BEZIER_KNOTS.);
#7018 = CARTESIAN_POINT('',(22.563358670975,3.016366686313,1.));
#7019 = CARTESIAN_POINT('',(22.296051240228,3.108491635309,1.));
#7020 = CARTESIAN_POINT('',(21.9228363878,3.108491635309,1.));
#7021 = VECTOR('',#7022,1.);
#7022 = DIRECTION('',(-0.,-0.,-1.));
#7023 = ADVANCED_FACE('',(#7024),#7049,.T.);
#7024 = FACE_BOUND('',#7025,.T.);
#7025 = EDGE_LOOP('',(#7026,#7036,#7042,#7043));
#7026 = ORIENTED_EDGE('',*,*,#7027,.T.);
#7027 = EDGE_CURVE('',#7028,#7030,#7032,.T.);
#7028 = VERTEX_POINT('',#7029);
#7029 = CARTESIAN_POINT('',(23.023258022655,2.810354989346,1.));
#7030 = VERTEX_POINT('',#7031);
#7031 = CARTESIAN_POINT('',(23.023258022655,2.810354989346,2.));
#7032 = LINE('',#7033,#7034);
#7033 = CARTESIAN_POINT('',(23.023258022655,2.810354989346,1.));
#7034 = VECTOR('',#7035,1.);
#7035 = DIRECTION('',(0.,0.,1.));
#7036 = ORIENTED_EDGE('',*,*,#7037,.T.);
#7037 = EDGE_CURVE('',#7030,#6997,#7038,.T.);
#7038 = B_SPLINE_CURVE_WITH_KNOTS('',2,(#7039,#7040,#7041),
  .UNSPECIFIED.,.F.,.F.,(3,3),(0.,1.),.PIECEWISE_BEZIER_KNOTS.);
#7039 = CARTESIAN_POINT('',(23.023258022655,2.810354989346,2.));
#7040 = CARTESIAN_POINT('',(22.831028798372,2.924604433967,2.));
#7041 = CARTESIAN_POINT('',(22.563358670975,3.016366686313,2.));
#7042 = ORIENTED_EDGE('',*,*,#6994,.F.);
#7043 = ORIENTED_EDGE('',*,*,#7044,.F.);
#7044 = EDGE_CURVE('',#7028,#6995,#7045,.T.);
#7045 = B_SPLINE_CURVE_WITH_KNOTS('',2,(#7046,#7047,#7048),
  .UNSPECIFIED.,.F.,.F.,(3,3),(0.,1.),.PIECEWISE_BEZIER_KNOTS.);
#7046 = CARTESIAN_POINT('',(23.023258022655,2.810354989346,1.));
#7047 = CARTESIAN_POINT('',(22.831028798372,2.924604433967,1.));
#7048 = CARTESIAN_POINT('',(22.563358670975,3.016366686313,1.));
#7049 = SURFACE_OF_LINEAR_EXTRUSION('',#7050,#7054);
#7050 = B_SPLINE_CURVE_WITH_KNOTS('',2,(#7051,#7052,#7053),
  .UNSPECIFIED.,.F.,.F.,(3,3),(0.,1.),.PIECEWISE_BEZIER_KNOTS.);
#7051 = CARTESIAN_POINT('',(23.023258022655,2.810354989346,1.));
#7052 = CARTESIAN_POINT('',(22.831028798372,2.924604433967,1.));
#7053 = CARTESIAN_POINT('',(22.563358670975,3.016366686313,1.));
#7054 = VECTOR('',#7055,1.);
#7055 = DIRECTION('',(-0.,-0.,-1.));
#7056 = ADVANCED_FACE('',(#7057),#7082,.T.);
#7057 = FACE_BOUND('',#7058,.T.);
#7058 = EDGE_LOOP('',(#7059,#7069,#7075,#7076));
#7059 = ORIENTED_EDGE('',*,*,#7060,.T.);
#7060 = EDGE_CURVE('',#7061,#7063,#7065,.T.);
#7061 = VERTEX_POINT('',#7062);
#7062 = CARTESIAN_POINT('',(23.343519164243,2.604343292379,1.));
#7063 = VERTEX_POINT('',#7064);
#7064 = CARTESIAN_POINT('',(23.343519164243,2.604343292379,2.));
#7065 = LINE('',#7066,#7067);
#7066 = CARTESIAN_POINT('',(23.343519164243,2.604343292379,1.));
#7067 = VECTOR('',#7068,1.);
#7068 = DIRECTION('',(0.,0.,1.));
#7069 = ORIENTED_EDGE('',*,*,#7070,.T.);
#7070 = EDGE_CURVE('',#7063,#7030,#7071,.T.);
#7071 = B_SPLINE_CURVE_WITH_KNOTS('',2,(#7072,#7073,#7074),
  .UNSPECIFIED.,.F.,.F.,(3,3),(0.,1.),.PIECEWISE_BEZIER_KNOTS.);
#7072 = CARTESIAN_POINT('',(23.343519164243,2.604343292379,2.));
#7073 = CARTESIAN_POINT('',(23.215487246937,2.696468241375,2.));
#7074 = CARTESIAN_POINT('',(23.023258022655,2.810354989346,2.));
#7075 = ORIENTED_EDGE('',*,*,#7027,.F.);
#7076 = ORIENTED_EDGE('',*,*,#7077,.F.);
#7077 = EDGE_CURVE('',#7061,#7028,#7078,.T.);
#7078 = B_SPLINE_CURVE_WITH_KNOTS('',2,(#7079,#7080,#7081),
  .UNSPECIFIED.,.F.,.F.,(3,3),(0.,1.),.PIECEWISE_BEZIER_KNOTS.);
#7079 = CARTESIAN_POINT('',(23.343519164243,2.604343292379,1.));
#7080 = CARTESIAN_POINT('',(23.215487246937,2.696468241375,1.));
#7081 = CARTESIAN_POINT('',(23.023258022655,2.810354989346,1.));
#7082 = SURFACE_OF_LINEAR_EXTRUSION('',#7083,#7087);
#7083 = B_SPLINE_CURVE_WITH_KNOTS('',2,(#7084,#7085,#7086),
  .UNSPECIFIED.,.F.,.F.,(3,3),(0.,1.),.PIECEWISE_BEZIER_KNOTS.);
#7084 = CARTESIAN_POINT('',(23.343519164243,2.604343292379,1.));
#7085 = CARTESIAN_POINT('',(23.215487246937,2.696468241375,1.));
#7086 = CARTESIAN_POINT('',(23.023258022655,2.810354989346,1.));
#7087 = VECTOR('',#7088,1.);
#7088 = DIRECTION('',(-0.,-0.,-1.));
#7089 = ADVANCED_FACE('',(#7090),#7115,.T.);
#7090 = FACE_BOUND('',#7091,.T.);
#7091 = EDGE_LOOP('',(#7092,#7102,#7108,#7109));
#7092 = ORIENTED_EDGE('',*,*,#7093,.T.);
#7093 = EDGE_CURVE('',#7094,#7096,#7098,.T.);
#7094 = VERTEX_POINT('',#7095);
#7095 = CARTESIAN_POINT('',(23.572018053484,2.512581040033,1.));
#7096 = VERTEX_POINT('',#7097);
#7097 = CARTESIAN_POINT('',(23.572018053484,2.512581040033,2.));
#7098 = LINE('',#7099,#7100);
#7099 = CARTESIAN_POINT('',(23.572018053484,2.512581040033,1.));
#7100 = VECTOR('',#7101,1.);
#7101 = DIRECTION('',(0.,0.,1.));
#7102 = ORIENTED_EDGE('',*,*,#7103,.T.);
#7103 = EDGE_CURVE('',#7096,#7063,#7104,.T.);
#7104 = B_SPLINE_CURVE_WITH_KNOTS('',2,(#7105,#7106,#7107),
  .UNSPECIFIED.,.F.,.F.,(3,3),(0.,1.),.PIECEWISE_BEZIER_KNOTS.);
#7105 = CARTESIAN_POINT('',(23.572018053484,2.512581040033,2.));
#7106 = CARTESIAN_POINT('',(23.471551081548,2.512581040033,2.));
#7107 = CARTESIAN_POINT('',(23.343519164243,2.604343292379,2.));
#7108 = ORIENTED_EDGE('',*,*,#7060,.F.);
#7109 = ORIENTED_EDGE('',*,*,#7110,.F.);
#7110 = EDGE_CURVE('',#7094,#7061,#7111,.T.);
#7111 = B_SPLINE_CURVE_WITH_KNOTS('',2,(#7112,#7113,#7114),
  .UNSPECIFIED.,.F.,.F.,(3,3),(0.,1.),.PIECEWISE_BEZIER_KNOTS.);
#7112 = CARTESIAN_POINT('',(23.572018053484,2.512581040033,1.));
#7113 = CARTESIAN_POINT('',(23.471551081548,2.512581040033,1.));
#7114 = CARTESIAN_POINT('',(23.343519164243,2.604343292379,1.));
#7115 = SURFACE_OF_LINEAR_EXTRUSION('',#7116,#7120);
#7116 = B_SPLINE_CURVE_WITH_KNOTS('',2,(#7117,#7118,#7119),
  .UNSPECIFIED.,.F.,.F.,(3,3),(0.,1.),.PIECEWISE_BEZIER_KNOTS.);
#7117 = CARTESIAN_POINT('',(23.572018053484,2.512581040033,1.));
#7118 = CARTESIAN_POINT('',(23.471551081548,2.512581040033,1.));
#7119 = CARTESIAN_POINT('',(23.343519164243,2.604343292379,1.));
#7120 = VECTOR('',#7121,1.);
#7121 = DIRECTION('',(-0.,-0.,-1.));
#7122 = ADVANCED_FACE('',(#7123),#7139,.T.);
#7123 = FACE_BOUND('',#7124,.T.);
#7124 = EDGE_LOOP('',(#7125,#7126,#7132,#7133));
#7125 = ORIENTED_EDGE('',*,*,#5456,.T.);
#7126 = ORIENTED_EDGE('',*,*,#7127,.T.);
#7127 = EDGE_CURVE('',#5449,#7096,#7128,.T.);
#7128 = B_SPLINE_CURVE_WITH_KNOTS('',2,(#7129,#7130,#7131),
  .UNSPECIFIED.,.F.,.F.,(3,3),(0.,1.),.PIECEWISE_BEZIER_KNOTS.);
#7129 = CARTESIAN_POINT('',(23.727977612808,2.557192727932,2.));
#7130 = CARTESIAN_POINT('',(23.666681879027,2.512581040033,2.));
#7131 = CARTESIAN_POINT('',(23.572018053484,2.512581040033,2.));
#7132 = ORIENTED_EDGE('',*,*,#7093,.F.);
#7133 = ORIENTED_EDGE('',*,*,#7134,.F.);
#7134 = EDGE_CURVE('',#5457,#7094,#7135,.T.);
#7135 = B_SPLINE_CURVE_WITH_KNOTS('',2,(#7136,#7137,#7138),
  .UNSPECIFIED.,.F.,.F.,(3,3),(0.,1.),.PIECEWISE_BEZIER_KNOTS.);
#7136 = CARTESIAN_POINT('',(23.727977612808,2.557192727932,1.));
#7137 = CARTESIAN_POINT('',(23.666681879027,2.512581040033,1.));
#7138 = CARTESIAN_POINT('',(23.572018053484,2.512581040033,1.));
#7139 = SURFACE_OF_LINEAR_EXTRUSION('',#7140,#7144);
#7140 = B_SPLINE_CURVE_WITH_KNOTS('',2,(#7141,#7142,#7143),
  .UNSPECIFIED.,.F.,.F.,(3,3),(0.,1.),.PIECEWISE_BEZIER_KNOTS.);
#7141 = CARTESIAN_POINT('',(23.727977612808,2.557192727932,1.));
#7142 = CARTESIAN_POINT('',(23.666681879027,2.512581040033,1.));
#7143 = CARTESIAN_POINT('',(23.572018053484,2.512581040033,1.));
#7144 = VECTOR('',#7145,1.);
#7145 = DIRECTION('',(-0.,-0.,-1.));
#7146 = ADVANCED_FACE('',(#7147),#7201,.F.);
#7147 = FACE_BOUND('',#7148,.F.);
#7148 = EDGE_LOOP('',(#7149,#7150,#7151,#7152,#7153,#7154,#7155,#7156,
    #7157,#7158,#7159,#7160,#7161,#7162,#7163,#7164,#7165,#7166,#7167,
    #7168,#7169,#7170,#7171,#7172,#7173,#7174,#7175,#7176,#7177,#7178,
    #7179,#7180,#7181,#7182,#7183,#7184,#7185,#7186,#7187,#7188,#7189,
    #7190,#7191,#7192,#7193,#7194,#7195,#7196,#7197,#7198,#7199,#7200));
#7149 = ORIENTED_EDGE('',*,*,#5464,.F.);
#7150 = ORIENTED_EDGE('',*,*,#5497,.F.);
#7151 = ORIENTED_EDGE('',*,*,#5528,.F.);
#7152 = ORIENTED_EDGE('',*,*,#5561,.F.);
#7153 = ORIENTED_EDGE('',*,*,#5594,.F.);
#7154 = ORIENTED_EDGE('',*,*,#5627,.F.);
#7155 = ORIENTED_EDGE('',*,*,#5660,.F.);
#7156 = ORIENTED_EDGE('',*,*,#5693,.F.);
#7157 = ORIENTED_EDGE('',*,*,#5726,.F.);
#7158 = ORIENTED_EDGE('',*,*,#5759,.F.);
#7159 = ORIENTED_EDGE('',*,*,#5792,.F.);
#7160 = ORIENTED_EDGE('',*,*,#5825,.F.);
#7161 = ORIENTED_EDGE('',*,*,#5858,.F.);
#7162 = ORIENTED_EDGE('',*,*,#5891,.F.);
#7163 = ORIENTED_EDGE('',*,*,#5924,.F.);
#7164 = ORIENTED_EDGE('',*,*,#5957,.F.);
#7165 = ORIENTED_EDGE('',*,*,#5990,.F.);
#7166 = ORIENTED_EDGE('',*,*,#6023,.F.);
#7167 = ORIENTED_EDGE('',*,*,#6056,.F.);
#7168 = ORIENTED_EDGE('',*,*,#6089,.F.);
#7169 = ORIENTED_EDGE('',*,*,#6122,.F.);
#7170 = ORIENTED_EDGE('',*,*,#6155,.F.);
#7171 = ORIENTED_EDGE('',*,*,#6188,.F.);
#7172 = ORIENTED_EDGE('',*,*,#6221,.F.);
#7173 = ORIENTED_EDGE('',*,*,#6254,.F.);
#7174 = ORIENTED_EDGE('',*,*,#6287,.F.);
#7175 = ORIENTED_EDGE('',*,*,#6320,.F.);
#7176 = ORIENTED_EDGE('',*,*,#6351,.F.);
#7177 = ORIENTED_EDGE('',*,*,#6384,.F.);
#7178 = ORIENTED_EDGE('',*,*,#6417,.F.);
#7179 = ORIENTED_EDGE('',*,*,#6450,.F.);
#7180 = ORIENTED_EDGE('',*,*,#6483,.F.);
#7181 = ORIENTED_EDGE('',*,*,#6516,.F.);
#7182 = ORIENTED_EDGE('',*,*,#6549,.F.);
#7183 = ORIENTED_EDGE('',*,*,#6582,.F.);
#7184 = ORIENTED_EDGE('',*,*,#6615,.F.);
#7185 = ORIENTED_EDGE('',*,*,#6648,.F.);
#7186 = ORIENTED_EDGE('',*,*,#6681,.F.);
#7187 = ORIENTED_EDGE('',*,*,#6714,.F.);
#7188 = ORIENTED_EDGE('',*,*,#6747,.F.);
#7189 = ORIENTED_EDGE('',*,*,#6780,.F.);
#7190 = ORIENTED_EDGE('',*,*,#6813,.F.);
#7191 = ORIENTED_EDGE('',*,*,#6846,.F.);
#7192 = ORIENTED_EDGE('',*,*,#6879,.F.);
#7193 = ORIENTED_EDGE('',*,*,#6912,.F.);
#7194 = ORIENTED_EDGE('',*,*,#6945,.F.);
#7195 = ORIENTED_EDGE('',*,*,#6978,.F.);
#7196 = ORIENTED_EDGE('',*,*,#7011,.F.);
#7197 = ORIENTED_EDGE('',*,*,#7044,.F.);
#7198 = ORIENTED_EDGE('',*,*,#7077,.F.);
#7199 = ORIENTED_EDGE('',*,*,#7110,.F.);
#7200 = ORIENTED_EDGE('',*,*,#7134,.F.);
#7201 = PLANE('',#7202);
#7202 = AXIS2_PLACEMENT_3D('',#7203,#7204,#7205);
#7203 = CARTESIAN_POINT('',(21.775090698873,-5.84392173669E-02,1.));
#7204 = DIRECTION('',(0.,0.,1.));
#7205 = DIRECTION('',(1.,0.,0.));
#7206 = ADVANCED_FACE('',(#7207),#7261,.T.);
#7207 = FACE_BOUND('',#7208,.T.);
#7208 = EDGE_LOOP('',(#7209,#7210,#7211,#7212,#7213,#7214,#7215,#7216,
    #7217,#7218,#7219,#7220,#7221,#7222,#7223,#7224,#7225,#7226,#7227,
    #7228,#7229,#7230,#7231,#7232,#7233,#7234,#7235,#7236,#7237,#7238,
    #7239,#7240,#7241,#7242,#7243,#7244,#7245,#7246,#7247,#7248,#7249,
    #7250,#7251,#7252,#7253,#7254,#7255,#7256,#7257,#7258,#7259,#7260));
#7209 = ORIENTED_EDGE('',*,*,#5448,.F.);
#7210 = ORIENTED_EDGE('',*,*,#5490,.F.);
#7211 = ORIENTED_EDGE('',*,*,#5521,.F.);
#7212 = ORIENTED_EDGE('',*,*,#5554,.F.);
#7213 = ORIENTED_EDGE('',*,*,#5587,.F.);
#7214 = ORIENTED_EDGE('',*,*,#5620,.F.);
#7215 = ORIENTED_EDGE('',*,*,#5653,.F.);
#7216 = ORIENTED_EDGE('',*,*,#5686,.F.);
#7217 = ORIENTED_EDGE('',*,*,#5719,.F.);
#7218 = ORIENTED_EDGE('',*,*,#5752,.F.);
#7219 = ORIENTED_EDGE('',*,*,#5785,.F.);
#7220 = ORIENTED_EDGE('',*,*,#5818,.F.);
#7221 = ORIENTED_EDGE('',*,*,#5851,.F.);
#7222 = ORIENTED_EDGE('',*,*,#5884,.F.);
#7223 = ORIENTED_EDGE('',*,*,#5917,.F.);
#7224 = ORIENTED_EDGE('',*,*,#5950,.F.);
#7225 = ORIENTED_EDGE('',*,*,#5983,.F.);
#7226 = ORIENTED_EDGE('',*,*,#6016,.F.);
#7227 = ORIENTED_EDGE('',*,*,#6049,.F.);
#7228 = ORIENTED_EDGE('',*,*,#6082,.F.);
#7229 = ORIENTED_EDGE('',*,*,#6115,.F.);
#7230 = ORIENTED_EDGE('',*,*,#6148,.F.);
#7231 = ORIENTED_EDGE('',*,*,#6181,.F.);
#7232 = ORIENTED_EDGE('',*,*,#6214,.F.);
#7233 = ORIENTED_EDGE('',*,*,#6247,.F.);
#7234 = ORIENTED_EDGE('',*,*,#6280,.F.);
#7235 = ORIENTED_EDGE('',*,*,#6313,.F.);
#7236 = ORIENTED_EDGE('',*,*,#6344,.F.);
#7237 = ORIENTED_EDGE('',*,*,#6377,.F.);
#7238 = ORIENTED_EDGE('',*,*,#6410,.F.);
#7239 = ORIENTED_EDGE('',*,*,#6443,.F.);
#7240 = ORIENTED_EDGE('',*,*,#6476,.F.);
#7241 = ORIENTED_EDGE('',*,*,#6509,.F.);
#7242 = ORIENTED_EDGE('',*,*,#6542,.F.);
#7243 = ORIENTED_EDGE('',*,*,#6575,.F.);
#7244 = ORIENTED_EDGE('',*,*,#6608,.F.);
#7245 = ORIENTED_EDGE('',*,*,#6641,.F.);
#7246 = ORIENTED_EDGE('',*,*,#6674,.F.);
#7247 = ORIENTED_EDGE('',*,*,#6707,.F.);
#7248 = ORIENTED_EDGE('',*,*,#6740,.F.);
#7249 = ORIENTED_EDGE('',*,*,#6773,.F.);
#7250 = ORIENTED_EDGE('',*,*,#6806,.F.);
#7251 = ORIENTED_EDGE('',*,*,#6839,.F.);
#7252 = ORIENTED_EDGE('',*,*,#6872,.F.);
#7253 = ORIENTED_EDGE('',*,*,#6905,.F.);
#7254 = ORIENTED_EDGE('',*,*,#6938,.F.);
#7255 = ORIENTED_EDGE('',*,*,#6971,.F.);
#7256 = ORIENTED_EDGE('',*,*,#7004,.F.);
#7257 = ORIENTED_EDGE('',*,*,#7037,.F.);
#7258 = ORIENTED_EDGE('',*,*,#7070,.F.);
#7259 = ORIENTED_EDGE('',*,*,#7103,.F.);
#7260 = ORIENTED_EDGE('',*,*,#7127,.F.);
#7261 = PLANE('',#7262);
#7262 = AXIS2_PLACEMENT_3D('',#7263,#7264,#7265);
#7263 = CARTESIAN_POINT('',(21.775090698873,-5.84392173669E-02,2.));
#7264 = DIRECTION('',(0.,0.,1.));
#7265 = DIRECTION('',(1.,0.,0.));
#7266 = ( GEOMETRIC_REPRESENTATION_CONTEXT(3) 
GLOBAL_UNCERTAINTY_ASSIGNED_CONTEXT((#7270)) 
GLOBAL_UNIT_ASSIGNED_CONTEXT((#7267,#7268,#7269)) REPRESENTATION_CONTEXT
('Context #1','3D Context with UNIT and UNCERTAINTY') );
#7267 = ( LENGTH_UNIT() NAMED_UNIT(*) SI_UNIT(.MILLI.,.METRE.) );
#7268 = ( NAMED_UNIT(*) PLANE_ANGLE_UNIT() SI_UNIT($,.RADIAN.) );
#7269 = ( NAMED_UNIT(*) SI_UNIT($,.STERADIAN.) SOLID_ANGLE_UNIT() );
#7270 = UNCERTAINTY_MEASURE_WITH_UNIT(LENGTH_MEASURE(1.E-07),#7267,
  'distance_accuracy_value','confusion accuracy');
#7271 = CONTEXT_DEPENDENT_SHAPE_REPRESENTATION(#7272,#7274);
#7272 = ( REPRESENTATION_RELATIONSHIP('','',#489,#10) 
REPRESENTATION_RELATIONSHIP_WITH_TRANSFORMATION(#7273) 
SHAPE_REPRESENTATION_RELATIONSHIP() );
#7273 = ITEM_DEFINED_TRANSFORMATION('','',#11,#19);
#7274 = PRODUCT_DEFINITION_SHAPE('Placement','Placement of an item',
  #7275);
#7275 = NEXT_ASSEMBLY_USAGE_OCCURRENCE('2','Extrude','',#5,#484,$);
#7276 = PRODUCT_RELATED_PRODUCT_CATEGORY('part',$,(#486));
#7277 = MECHANICAL_DESIGN_GEOMETRIC_PRESENTATION_REPRESENTATION('',(
    #7278,#7289,#7298,#7307,#7316,#7325,#7334,#7343),#7266);
#7278 = STYLED_ITEM('color',(#7279),#490);
#7279 = PRESENTATION_STYLE_ASSIGNMENT((#7280,#7286));
#7280 = SURFACE_STYLE_USAGE(.BOTH.,#7281);
#7281 = SURFACE_SIDE_STYLE('',(#7282));
#7282 = SURFACE_STYLE_FILL_AREA(#7283);
#7283 = FILL_AREA_STYLE('',(#7284));
#7284 = FILL_AREA_STYLE_COLOUR('',#7285);
#7285 = COLOUR_RGB('',7.570000028479E-02,0.614200007289,
  7.570000028479E-02);
#7286 = CURVE_STYLE('',#7287,POSITIVE_LENGTH_MEASURE(0.1),#7288);
#7287 = DRAUGHTING_PRE_DEFINED_CURVE_FONT('continuous');
#7288 = COLOUR_RGB('',9.803921802644E-02,9.803921802644E-02,
  9.803921802644E-02);
#7289 = STYLED_ITEM('color',(#7290),#2324);
#7290 = PRESENTATION_STYLE_ASSIGNMENT((#7291,#7296));
#7291 = SURFACE_STYLE_USAGE(.BOTH.,#7292);
#7292 = SURFACE_SIDE_STYLE('',(#7293));
#7293 = SURFACE_STYLE_FILL_AREA(#7294);
#7294 = FILL_AREA_STYLE('',(#7295));
#7295 = FILL_AREA_STYLE_COLOUR('',#7285);
#7296 = CURVE_STYLE('',#7297,POSITIVE_LENGTH_MEASURE(0.1),#7288);
#7297 = DRAUGHTING_PRE_DEFINED_CURVE_FONT('continuous');
#7298 = STYLED_ITEM('color',(#7299),#3100);
#7299 = PRESENTATION_STYLE_ASSIGNMENT((#7300,#7305));
#7300 = SURFACE_STYLE_USAGE(.BOTH.,#7301);
#7301 = SURFACE_SIDE_STYLE('',(#7302));
#7302 = SURFACE_STYLE_FILL_AREA(#7303);
#7303 = FILL_AREA_STYLE('',(#7304));
#7304 = FILL_AREA_STYLE_COLOUR('',#7285);
#7305 = CURVE_STYLE('',#7306,POSITIVE_LENGTH_MEASURE(0.1),#7288);
#7306 = DRAUGHTING_PRE_DEFINED_CURVE_FONT('continuous');
#7307 = STYLED_ITEM('color',(#7308),#3876);
#7308 = PRESENTATION_STYLE_ASSIGNMENT((#7309,#7314));
#7309 = SURFACE_STYLE_USAGE(.BOTH.,#7310);
#7310 = SURFACE_SIDE_STYLE('',(#7311));
#7311 = SURFACE_STYLE_FILL_AREA(#7312);
#7312 = FILL_AREA_STYLE('',(#7313));
#7313 = FILL_AREA_STYLE_COLOUR('',#7285);
#7314 = CURVE_STYLE('',#7315,POSITIVE_LENGTH_MEASURE(0.1),#7288);
#7315 = DRAUGHTING_PRE_DEFINED_CURVE_FONT('continuous');
#7316 = STYLED_ITEM('color',(#7317),#4652);
#7317 = PRESENTATION_STYLE_ASSIGNMENT((#7318,#7323));
#7318 = SURFACE_STYLE_USAGE(.BOTH.,#7319);
#7319 = SURFACE_SIDE_STYLE('',(#7320));
#7320 = SURFACE_STYLE_FILL_AREA(#7321);
#7321 = FILL_AREA_STYLE('',(#7322));
#7322 = FILL_AREA_STYLE_COLOUR('',#7285);
#7323 = CURVE_STYLE('',#7324,POSITIVE_LENGTH_MEASURE(0.1),#7288);
#7324 = DRAUGHTING_PRE_DEFINED_CURVE_FONT('continuous');
#7325 = STYLED_ITEM('color',(#7326),#4868);
#7326 = PRESENTATION_STYLE_ASSIGNMENT((#7327,#7332));
#7327 = SURFACE_STYLE_USAGE(.BOTH.,#7328);
#7328 = SURFACE_SIDE_STYLE('',(#7329));
#7329 = SURFACE_STYLE_FILL_AREA(#7330);
#7330 = FILL_AREA_STYLE('',(#7331));
#7331 = FILL_AREA_STYLE_COLOUR('',#7285);
#7332 = CURVE_STYLE('',#7333,POSITIVE_LENGTH_MEASURE(0.1),#7288);
#7333 = DRAUGHTING_PRE_DEFINED_CURVE_FONT('continuous');
#7334 = STYLED_ITEM('color',(#7335),#5018);
#7335 = PRESENTATION_STYLE_ASSIGNMENT((#7336,#7341));
#7336 = SURFACE_STYLE_USAGE(.BOTH.,#7337);
#7337 = SURFACE_SIDE_STYLE('',(#7338));
#7338 = SURFACE_STYLE_FILL_AREA(#7339);
#7339 = FILL_AREA_STYLE('',(#7340));
#7340 = FILL_AREA_STYLE_COLOUR('',#7285);
#7341 = CURVE_STYLE('',#7342,POSITIVE_LENGTH_MEASURE(0.1),#7288);
#7342 = DRAUGHTING_PRE_DEFINED_CURVE_FONT('continuous');
#7343 = STYLED_ITEM('color',(#7344),#5432);
#7344 = PRESENTATION_STYLE_ASSIGNMENT((#7345,#7350));
#7345 = SURFACE_STYLE_USAGE(.BOTH.,#7346);
#7346 = SURFACE_SIDE_STYLE('',(#7347));
#7347 = SURFACE_STYLE_FILL_AREA(#7348);
#7348 = FILL_AREA_STYLE('',(#7349));
#7349 = FILL_AREA_STYLE_COLOUR('',#7285);
#7350 = CURVE_STYLE('',#7351,POSITIVE_LENGTH_MEASURE(0.1),#7288);
#7351 = DRAUGHTING_PRE_DEFINED_CURVE_FONT('continuous');
#7352 = MECHANICAL_DESIGN_GEOMETRIC_PRESENTATION_REPRESENTATION('',(
    #7353),#471);
#7353 = STYLED_ITEM('color',(#7354),#37);
#7354 = PRESENTATION_STYLE_ASSIGNMENT((#7355,#7360));
#7355 = SURFACE_STYLE_USAGE(.BOTH.,#7356);
#7356 = SURFACE_SIDE_STYLE('',(#7357));
#7357 = SURFACE_STYLE_FILL_AREA(#7358);
#7358 = FILL_AREA_STYLE('',(#7359));
#7359 = FILL_AREA_STYLE_COLOUR('',#7285);
#7360 = CURVE_STYLE('',#7361,POSITIVE_LENGTH_MEASURE(0.1),#7288);
#7361 = DRAUGHTING_PRE_DEFINED_CURVE_FONT('continuous');
ENDSEC;
END-ISO-10303-21;
