999
dxfrw 0.6.3
  0
SECTION
  2
HEADER
  9
$ACADVER
  1
AC1021
  9
$DWGCODEPAGE
  3
ANSI_1252
  9
$INSBASE
 10
0
 20
0
 30
0
  9
$EXTMIN
 10
-105
 20
0
 30
0
  9
$EXTMAX
 10
105
 20
297
 30
0
  9
$LIMMIN
 10
0
 20
0
  9
$LIMMAX
 10
420
 20
297
  9
$ORTHOMODE
 70
    0
  9
$REGENMODE
 70
    1
  9
$FILLMODE
 70
    1
  9
$QTEXTMODE
 70
    0
  9
$MIRRTEXT
 70
    0
  9
$LTSCALE
 40
1
  9
$ATTMODE
 70
    0
  9
$TEXTSIZE
 40
2.5
  9
$TRACEWID
 40
15.68
  9
$TEXTSTYLE
  7
STANDARD
  9
$CLAYER
  8
0
  9
$CELTYPE
  6
BYLAYER
  9
$CECOLOR
 62
  256
  9
$CELTSCALE
 40
1
  9
$DISPSILH
 70
    0
  9
$DIMSCALE
 40
2.5
  9
$DIMASZ
 40
2.5
  9
$DIMEXO
 40
0.625
  9
$DIMDLI
 40
3.75
  9
$DIMRND
 40
0
  9
$DIMDLE
 40
0
  9
$DIMEXE
 40
1.25
  9
$DIMTP
 40
0
  9
$DIMTM
 40
0
  9
$DIMTXT
 40
2.5
  9
$DIMCEN
 40
2.5
  9
$DIMTSZ
 40
0
  9
$DIMTOL
 70
    0
  9
$DIMLIM
 70
    0
  9
$DIMTIH
 70
    0
  9
$DIMTOH
 70
    0
  9
$DIMSE1
 70
    0
  9
$DIMSE2
 70
    0
  9
$DIMTAD
 70
    1
  9
$DIMZIN
 70
    8
  9
$DIMBLK
  1

  9
$DIMASO
 70
    1
  9
$DIMSHO
 70
    1
  9
$DIMPOST
  1

  9
$DIMAPOST
  1

  9
$DIMALT
 70
    0
  9
$DIMALTD
 70
    3
  9
$DIMALTF
 40
0.03937
  9
$DIMLFAC
 40
1
  9
$DIMTOFL
 70
    1
  9
$DIMTVP
 40
0
  9
$DIMTIX
 70
    0
  9
$DIMSOXD
 70
    0
  9
$DIMSAH
 70
    0
  9
$DIMBLK1
  1

  9
$DIMBLK2
  1

  9
$DIMSTYLE
  2
STANDARD
  9
$DIMCLRD
 70
    0
  9
$DIMCLRE
 70
    0
  9
$DIMCLRT
 70
    0
  9
$DIMTFAC
 40
1
  9
$DIMGAP
 40
0.625
  9
$DIMJUST
 70
    0
  9
$DIMSD1
 70
    0
  9
$DIMSD2
 70
    0
  9
$DIMTOLJ
 70
    0
  9
$DIMTZIN
 70
    8
  9
$DIMALTZ
 70
    0
  9
$DIMALTTZ
 70
    0
  9
$DIMUPT
 70
    0
  9
$DIMDEC
 70
    2
  9
$DIMTDEC
 70
    2
  9
$DIMALTU
 70
    2
  9
$DIMALTTD
 70
    3
  9
$DIMTXSTY
  7
STANDARD
  9
$DIMAUNIT
 70
    0
  9
$DIMADEC
 70
    0
  9
$DIMALTRND
 40
0
  9
$DIMAZIN
 70
    0
  9
$DIMDSEP
 70
   44
  9
$DIMATFIT
 70
    3
  9
$DIMFRAC
 70
    0
  9
$DIMLDRBLK
  1
STANDARD
  9
$DIMLUNIT
 70
    2
  9
$DIMLWD
 70
   -2
  9
$DIMLWE
 70
   -2
  9
$DIMTMOVE
 70
    0
  9
$DIMFXL
 40
1
  9
$DIMFXLON
 70
    0
  9
$DIMJOGANG
 40
0.7854
  9
$DIMTFILL
 70
    0
  9
$DIMTFILLCLR
 70
    0
  9
$DIMARCSYM
 70
    0
  9
$DIMLTYPE
  6

  9
$DIMLTEX1
  6

  9
$DIMLTEX2
  6

  9
$LUNITS
 70
    2
  9
$LUPREC
 70
    4
  9
$SKETCHINC
 40
1
  9
$FILLETRAD
 40
0
  9
$AUNITS
 70
    0
  9
$AUPREC
 70
    2
  9
$MENU
  1
.
  9
$ELEVATION
 40
0
  9
$PELEVATION
 40
0
  9
$THICKNESS
 40
0
  9
$LIMCHECK
 70
    0
  9
$CHAMFERA
 40
0
  9
$CHAMFERB
 40
0
  9
$CHAMFERC
 40
0
  9
$CHAMFERD
 40
0
  9
$SKPOLY
 70
    0
  9
$USRTIMER
 70
    1
  9
$ANGBASE
 50
0
  9
$ANGDIR
 70
    0
  9
$PDMODE
 70
   34
  9
$PDSIZE
 40
0
  9
$PLINEWID
 40
0
  9
$SPLFRAME
 70
    0
  9
$SPLINETYPE
 70
    2
  9
$SPLINESEGS
 70
    8
  9
$HANDSEED
  5
20000
  9
$SURFTAB1
 70
    6
  9
$SURFTAB2
 70
    6
  9
$SURFTYPE
 70
    6
  9
$SURFU
 70
    6
  9
$SURFV
 70
    6
  9
$UCSBASE
  2

  9
$UCSNAME
  2

  9
$UCSORG
 10
0
 20
0
 30
0
  9
$UCSXDIR
 10
1
 20
0
 30
0
  9
$UCSYDIR
 10
0
 20
1
 30
0
  9
$UCSORTHOREF
  2

  9
$UCSORTHOVIEW
 70
    0
  9
$UCSORGTOP
 10
0
 20
0
 30
0
  9
$UCSORGBOTTOM
 10
0
 20
0
 30
0
  9
$UCSORGLEFT
 10
0
 20
0
 30
0
  9
$UCSORGRIGHT
 10
0
 20
0
 30
0
  9
$UCSORGFRONT
 10
0
 20
0
 30
0
  9
$UCSORGBACK
 10
0
 20
0
 30
0
  9
$PUCSBASE
  2

  9
$PUCSNAME
  2

  9
$PUCSORG
 10
0
 20
0
 30
0
  9
$PUCSXDIR
 10
1
 20
0
 30
0
  9
$PUCSYDIR
 10
0
 20
1
 30
0
  9
$PUCSORTHOREF
  2

  9
$PUCSORTHOVIEW
 70
    0
  9
$PUCSORGTOP
 10
0
 20
0
 30
0
  9
$PUCSORGBOTTOM
 10
0
 20
0
 30
0
  9
$PUCSORGLEFT
 10
0
 20
0
 30
0
  9
$PUCSORGRIGHT
 10
0
 20
0
 30
0
  9
$PUCSORGFRONT
 10
0
 20
0
 30
0
  9
$PUCSORGBACK
 10
0
 20
0
 30
0
  9
$USERI1
 70
    0
  9
$USERI2
 70
    0
  9
$USERI3
 70
    0
  9
$USERI4
 70
    0
  9
$USERI5
 70
    0
  9
$USERR1
 40
0
  9
$USERR2
 40
0
  9
$USERR3
 40
0
  9
$USERR4
 40
0
  9
$USERR5
 40
0
  9
$WORLDVIEW
 70
    1
  9
$SHADEDGE
 70
    3
  9
$SHADEDIF
 70
   70
  9
$TILEMODE
 70
    1
  9
$MAXACTVP
 70
   64
  9
$PINSBASE
 10
0
 20
0
 30
0
  9
$PLIMCHECK
 70
    0
  9
$PEXTMIN
 10
0
 20
0
 30
0
  9
$PEXTMAX
 10
50
 20
50
 30
50
  9
$GRIDMODE
 70
    0
  9
$SNAPSTYLE
 70
    0
  9
$PLIMMIN
 10
0
 20
0
  9
$PLIMMAX
 10
120
 20
90
  9
$UNITMODE
 70
    0
  9
$VISRETAIN
 70
    1
  9
$PLINEGEN
 70
    0
  9
$PSLTSCALE
 70
    1
  9
$TREEDEPTH
 70
 3020
  9
$CMLSTYLE
  2
STANDARD
  9
$CMLJUST
 70
    0
  9
$CMLSCALE
 40
20
  9
$PROXYGRAPHICS
 70
    1
  9
$MEASUREMENT
 70
    1
  9
$CELWEIGHT
370
   -1
  9
$ENDCAPS
280
    0
  9
$JOINSTYLE
280
    0
  9
$LWDISPLAY
290
    0
  9
$INSUNITS
 70
    4
  9
$HYPERLINKBASE
  1

  9
$STYLESHEET
  1

  9
$XEDIT
290
    1
  9
$CEPSNTYPE
380
    0
  9
$PSTYLEMODE
290
    1
  9
$EXTNAMES
290
    1
  9
$PSVPSCALE
 40
1
  9
$OLESTARTUP
290
    0
  9
$SORTENTS
280
  127
  9
$INDEXCTL
280
    0
  9
$HIDETEXT
280
    1
  9
$XCLIPFRAME
290
    0
  9
$HALOGAP
280
    0
  9
$OBSCOLOR
 70
  257
  9
$OBSLTYPE
280
    0
  9
$INTERSECTIONDISPLAY
280
    0
  9
$INTERSECTIONCOLOR
 70
  257
  9
$DIMASSOC
280
    1
  9
$PROJECTNAME
  1

  9
$CAMERADISPLAY
290
    0
  9
$LENSLENGTH
 40
50
  9
$CAMERAHEIGHT
 40
0
  9
$STEPSPERSEC
 40
2
  9
$STEPSIZE
 40
50
  9
$3DDWFPREC
 40
2
  9
$PSOLWIDTH
 40
5
  9
$PSOLHEIGHT
 40
80
  9
$LOFTANG1
 40
1.570796326794897
  9
$LOFTANG2
 40
1.570796326794897
  9
$LOFTMAG1
 40
0
  9
$LOFTMAG2
 40
0
  9
$LOFTPARAM
 70
    7
  9
$LOFTNORMALS
280
    1
  9
$LATITUDE
 40
1
  9
$LONGITUDE
 40
1
  9
$NORTHDIRECTION
 40
0
  9
$TIMEZONE
 70
-8000
  9
$LIGHTGLYPHDISPLAY
280
    1
  9
$TILEMODELIGHTSYNCH
280
    1
  9
$SOLIDHIST
280
    1
  9
$SHOWHIST
280
    1
  9
$DWFFRAME
280
    2
  9
$DGNFRAME
280
    0
  9
$REALWORLDSCALE
290
    1
  9
$INTERFERECOLOR
 62
    1
  9
$CSHADOW
280
    0
  9
$SHADOWPLANELOCATION
 40
0
  0
ENDSEC
  0
SECTION
  2
CLASSES
  0
ENDSEC
  0
SECTION
  2
TABLES
  0
TABLE
  2
VPORT
  5
8
330
0
100
AcDbSymbolTable
 70
    1
  0
VPORT
  5
31
330
2
100
AcDbSymbolTableRecord
100
AcDbViewportTableRecord
  2
*ACTIVE
 70
    0
 10
0
 20
0
 11
1
 21
1
 12
309.293581941297
 22
234.6507308327973
 13
0
 23
0
 14
10
 24
10
 15
10
 25
10
 16
0
 26
0
 36
1
 17
0
 27
0
 37
0
 40
658.17674237108
 41
1.893483709273183
 42
50
 43
0
 44
0
 50
0
 51
0
 71
    0
 72
  100
 73
    1
 74
    3
 75
    0
 76
    0
 77
    0
 78
    0
281
    0
 65
    1
110
0
120
0
130
0
111
1
121
0
131
0
112
0
122
1
132
0
 79
    0
146
0
348
10020
 60
    7
 61
    5
292
1
282
    1
141
0
142
0
 63
  250
421
3358443
  0
ENDTAB
  0
TABLE
  2
LTYPE
  5
5
330
0
100
AcDbSymbolTable
 70
    4
  0
LTYPE
  5
14
330
5
100
AcDbSymbolTableRecord
100
AcDbLinetypeTableRecord
  2
ByBlock
 70
    0
  3

 72
   65
 73
    0
 40
0
  0
LTYPE
  5
15
330
5
100
AcDbSymbolTableRecord
100
AcDbLinetypeTableRecord
  2
ByLayer
 70
    0
  3

 72
   65
 73
    0
 40
0
  0
LTYPE
  5
16
330
5
100
AcDbSymbolTableRecord
100
AcDbLinetypeTableRecord
  2
Continuous
 70
    0
  3
Solid line
 72
   65
 73
    0
 40
0
  0
LTYPE
  5
32
330
5
100
AcDbSymbolTableRecord
100
AcDbLinetypeTableRecord
  2
DOT
 70
    0
  3
Dot . . . . . . . . . . . . . . . . . . . . . .
 72
   65
 73
    2
 40
6.35
 49
0
 74
    0
 49
-6.35
 74
    0
  0
LTYPE
  5
33
330
5
100
AcDbSymbolTableRecord
100
AcDbLinetypeTableRecord
  2
DOTTINY
 70
    0
  3
Dot (.15x) .....................................
 72
   65
 73
    2
 40
0.9525
 49
0
 74
    0
 49
-0.9525
 74
    0
  0
LTYPE
  5
34
330
5
100
AcDbSymbolTableRecord
100
AcDbLinetypeTableRecord
  2
DOT2
 70
    0
  3
Dot (.5x) .....................................
 72
   65
 73
    2
 40
3.175
 49
0
 74
    0
 49
-3.175
 74
    0
  0
LTYPE
  5
35
330
5
100
AcDbSymbolTableRecord
100
AcDbLinetypeTableRecord
  2
DOTX2
 70
    0
  3
Dot (2x) .  .  .  .  .  .  .  .  .  .  .  .  .
 72
   65
 73
    2
 40
12.7
 49
0
 74
    0
 49
-12.7
 74
    0
  0
LTYPE
  5
36
330
5
100
AcDbSymbolTableRecord
100
AcDbLinetypeTableRecord
  2
DASHED
 70
    0
  3
Dashed _ _ _ _ _ _ _ _ _ _ _ _ _ _ _ _ _
 72
   65
 73
    2
 40
19.05
 49
12.7
 74
    0
 49
-6.35
 74
    0
  0
LTYPE
  5
37
330
5
100
AcDbSymbolTableRecord
100
AcDbLinetypeTableRecord
  2
DASHEDTINY
 70
    0
  3
Dashed (.15x) _ _ _ _ _ _ _ _ _ _ _ _ _ _ _ _ _
 72
   65
 73
    2
 40
2.8575
 49
1.905
 74
    0
 49
-0.9525
 74
    0
  0
LTYPE
  5
38
330
5
100
AcDbSymbolTableRecord
100
AcDbLinetypeTableRecord
  2
DASHED2
 70
    0
  3
Dashed (.5x) _ _ _ _ _ _ _ _ _ _ _ _ _ _ _ _ _
 72
   65
 73
    2
 40
9.524999999999999
 49
6.35
 74
    0
 49
-3.175
 74
    0
  0
LTYPE
  5
39
330
5
100
AcDbSymbolTableRecord
100
AcDbLinetypeTableRecord
  2
DASHEDX2
 70
    0
  3
Dashed (2x) ____  ____  ____  ____  ____  ___
 72
   65
 73
    2
 40
38.09999999999999
 49
25.4
 74
    0
 49
-12.7
 74
    0
  0
LTYPE
  5
3A
330
5
100
AcDbSymbolTableRecord
100
AcDbLinetypeTableRecord
  2
DASHDOT
 70
    0
  3
Dash dot __ . __ . __ . __ . __ . __ . __ . __
 72
   65
 73
    4
 40
25.4
 49
12.7
 74
    0
 49
-6.35
 74
    0
 49
0
 74
    0
 49
-6.35
 74
    0
  0
LTYPE
  5
3B
330
5
100
AcDbSymbolTableRecord
100
AcDbLinetypeTableRecord
  2
DASHDOTTINY
 70
    0
  3
Dash dot (.15x) _._._._._._._._._._._._._._._.
 72
   65
 73
    4
 40
3.81
 49
1.905
 74
    0
 49
-0.9525
 74
    0
 49
0
 74
    0
 49
-0.9525
 74
    0
  0
LTYPE
  5
3C
330
5
100
AcDbSymbolTableRecord
100
AcDbLinetypeTableRecord
  2
DASHDOT2
 70
    0
  3
Dash dot (.5x) _._._._._._._._._._._._._._._.
 72
   65
 73
    4
 40
12.7
 49
6.35
 74
    0
 49
-3.175
 74
    0
 49
0
 74
    0
 49
-3.175
 74
    0
  0
LTYPE
  5
3D
330
5
100
AcDbSymbolTableRecord
100
AcDbLinetypeTableRecord
  2
DASHDOTX2
 70
    0
  3
Dash dot (2x) ____  .  ____  .  ____  .  ___
 72
   65
 73
    4
 40
50.8
 49
25.4
 74
    0
 49
-12.7
 74
    0
 49
0
 74
    0
 49
-12.7
 74
    0
  0
LTYPE
  5
3E
330
5
100
AcDbSymbolTableRecord
100
AcDbLinetypeTableRecord
  2
DIVIDE
 70
    0
  3
Divide ____ . . ____ . . ____ . . ____ . . ____
 72
   65
 73
    6
 40
31.75
 49
12.7
 74
    0
 49
-6.35
 74
    0
 49
0
 74
    0
 49
-6.35
 74
    0
 49
0
 74
    0
 49
-6.35
 74
    0
  0
LTYPE
  5
3F
330
5
100
AcDbSymbolTableRecord
100
AcDbLinetypeTableRecord
  2
DIVIDETINY
 70
    0
  3
Divide (.15x) __..__..__..__..__..__..__..__.._
 72
   65
 73
    6
 40
4.7625
 49
1.905
 74
    0
 49
-0.9525
 74
    0
 49
0
 74
    0
 49
-0.9525
 74
    0
 49
0
 74
    0
 49
-0.9525
 74
    0
  0
LTYPE
  5
40
330
5
100
AcDbSymbolTableRecord
100
AcDbLinetypeTableRecord
  2
DIVIDE2
 70
    0
  3
Divide (.5x) __..__..__..__..__..__..__..__.._
 72
   65
 73
    6
 40
15.875
 49
6.35
 74
    0
 49
-3.175
 74
    0
 49
0
 74
    0
 49
-3.175
 74
    0
 49
0
 74
    0
 49
-3.175
 74
    0
  0
LTYPE
  5
41
330
5
100
AcDbSymbolTableRecord
100
AcDbLinetypeTableRecord
  2
DIVIDEX2
 70
    0
  3
Divide (2x) ________  .  .  ________  .  .  _
 72
   65
 73
    6
 40
63.5
 49
25.4
 74
    0
 49
-12.7
 74
    0
 49
0
 74
    0
 49
-12.7
 74
    0
 49
0
 74
    0
 49
-12.7
 74
    0
  0
LTYPE
  5
42
330
5
100
AcDbSymbolTableRecord
100
AcDbLinetypeTableRecord
  2
BORDER
 70
    0
  3
Border __ __ . __ __ . __ __ . __ __ . __ __ .
 72
   65
 73
    6
 40
44.45
 49
12.7
 74
    0
 49
-6.35
 74
    0
 49
12.7
 74
    0
 49
-6.35
 74
    0
 49
0
 74
    0
 49
-6.35
 74
    0
  0
LTYPE
  5
43
330
5
100
AcDbSymbolTableRecord
100
AcDbLinetypeTableRecord
  2
BORDERTINY
 70
    0
  3
Border (.15x) __.__.__.__.__.__.__.__.__.__.__.
 72
   65
 73
    6
 40
6.6675
 49
1.905
 74
    0
 49
-0.9525
 74
    0
 49
1.905
 74
    0
 49
-0.9525
 74
    0
 49
0
 74
    0
 49
-0.9525
 74
    0
  0
LTYPE
  5
44
330
5
100
AcDbSymbolTableRecord
100
AcDbLinetypeTableRecord
  2
BORDER2
 70
    0
  3
Border (.5x) __.__.__.__.__.__.__.__.__.__.__.
 72
   65
 73
    6
 40
22.225
 49
6.35
 74
    0
 49
-3.175
 74
    0
 49
6.35
 74
    0
 49
-3.175
 74
    0
 49
0
 74
    0
 49
-3.175
 74
    0
  0
LTYPE
  5
45
330
5
100
AcDbSymbolTableRecord
100
AcDbLinetypeTableRecord
  2
BORDERX2
 70
    0
  3
Border (2x) ____  ____  .  ____  ____  .  ___
 72
   65
 73
    6
 40
88.89999999999999
 49
25.4
 74
    0
 49
-12.7
 74
    0
 49
25.4
 74
    0
 49
-12.7
 74
    0
 49
0
 74
    0
 49
-12.7
 74
    0
  0
LTYPE
  5
46
330
5
100
AcDbSymbolTableRecord
100
AcDbLinetypeTableRecord
  2
CENTER
 70
    0
  3
Center ____ _ ____ _ ____ _ ____ _ ____ _ ____
 72
   65
 73
    4
 40
50.8
 49
31.75
 74
    0
 49
-6.35
 74
    0
 49
6.35
 74
    0
 49
-6.35
 74
    0
  0
LTYPE
  5
47
330
5
100
AcDbSymbolTableRecord
100
AcDbLinetypeTableRecord
  2
CENTERTINY
 70
    0
  3
Center (.15x) ___ _ ___ _ ___ _ ___ _ ___ _ ___
 72
   65
 73
    4
 40
7.619999999999999
 49
4.7625
 74
    0
 49
-0.9525
 74
    0
 49
0.9525
 74
    0
 49
-0.9525
 74
    0
  0
LTYPE
  5
48
330
5
100
AcDbSymbolTableRecord
100
AcDbLinetypeTableRecord
  2
CENTER2
 70
    0
  3
Center (.5x) ___ _ ___ _ ___ _ ___ _ ___ _ ___
 72
   65
 73
    4
 40
28.575
 49
19.05
 74
    0
 49
-3.175
 74
    0
 49
3.175
 74
    0
 49
-3.175
 74
    0
  0
LTYPE
  5
49
330
5
100
AcDbSymbolTableRecord
100
AcDbLinetypeTableRecord
  2
CENTERX2
 70
    0
  3
Center (2x) ________  __  ________  __  _____
 72
   65
 73
    4
 40
101.6
 49
63.5
 74
    0
 49
-12.7
 74
    0
 49
12.7
 74
    0
 49
-12.7
 74
    0
  0
ENDTAB
  0
TABLE
  2
LAYER
  5
2
330
0
100
AcDbSymbolTable
 70
    1
  0
LAYER
  5
10
330
2
100
AcDbSymbolTableRecord
100
AcDbLayerTableRecord
  2
0
 70
    0
 62
    7
  6
CONTINUOUS
370
   -3
390
F
  0
LAYER
  5
4A
330
2
100
AcDbSymbolTableRecord
100
AcDbLayerTableRecord
  2
Layer 1
 70
    0
 62
    7
  6
CONTINUOUS
370
   -3
390
F
  0
LAYER
  5
4B
330
2
100
AcDbSymbolTableRecord
100
AcDbLayerTableRecord
  2
Layer_1
 70
    0
 62
    7
  6
CONTINUOUS
370
   -3
390
F
  0
LAYER
  5
4C
330
2
100
AcDbSymbolTableRecord
100
AcDbLayerTableRecord
  2
Sketch
 70
    0
 62
    7
  6
CONTINUOUS
370
   -3
390
F
  0
LAYER
  5
4D
330
2
100
AcDbSymbolTableRecord
100
AcDbLayerTableRecord
  2
Sketch004
 70
    0
 62
    7
  6
CONTINUOUS
370
   -3
390
F
  0
LAYER
  5
4E
330
2
100
AcDbSymbolTableRecord
100
AcDbLayerTableRecord
  2
Sketch005
 70
    0
 62
    7
  6
CONTINUOUS
370
   -3
390
F
  0
LAYER
  5
4F
330
2
100
AcDbSymbolTableRecord
100
AcDbLayerTableRecord
  2
Sketch006
 70
    0
 62
    7
  6
CONTINUOUS
370
   -3
390
F
  0
LAYER
  5
50
330
2
100
AcDbSymbolTableRecord
100
AcDbLayerTableRecord
  2
layer 1
 70
    0
 62
    7
  6
CONTINUOUS
370
   -3
390
F
  0
LAYER
  5
51
330
2
100
AcDbSymbolTableRecord
100
AcDbLayerTableRecord
  2
none
 70
    0
 62
    7
  6
CONTINUOUS
370
   -3
390
F
  0
ENDTAB
  0
TABLE
  2
STYLE
  5
3
330
0
100
AcDbSymbolTable
 70
    3
  0
STYLE
  5
52
330
2
100
AcDbSymbolTableRecord
100
AcDbTextStyleTableRecord
  2
Standard
 70
    0
 40
0
 41
1
 50
0
 71
    0
 42
1
  3
txt
  4

  0
ENDTAB
  0
TABLE
  2
VIEW
  5
6
330
0
100
AcDbSymbolTable
 70
    0
  0
ENDTAB
  0
TABLE
  2
UCS
  5
7
330
0
100
AcDbSymbolTable
 70
    0
  0
ENDTAB
  0
TABLE
  2
APPID
  5
9
330
0
100
AcDbSymbolTable
 70
    1
  0
APPID
  5
12
330
9
100
AcDbSymbolTableRecord
100
AcDbRegAppTableRecord
  2
ACAD
 70
    0
  0
APPID
  5
53
330
9
100
AcDbSymbolTableRecord
100
AcDbRegAppTableRecord
  2
LibreCad
 70
    0
  0
ENDTAB
  0
TABLE
  2
DIMSTYLE
  5
A
330
0
100
AcDbSymbolTable
 70
    1
100
AcDbDimStyleTable
 71
    1
  0
DIMSTYLE
105
54
330
A
100
AcDbSymbolTableRecord
100
AcDbDimStyleTableRecord
  2
Standard
 70
    0
 40
1
 41
2.5
 42
0.625
 43
0.38
 44
1.25
 45
0
 46
0
 47
0
 48
0
 49
1
140
2.5
141
0.09
142
2.5
143
25.4
144
1
145
0
146
1
147
0.625
148
0
 71
    0
 72
    0
 73
    0
 74
    1
 75
    0
 76
    0
 77
    0
 78
    1
 79
    0
170
    0
171
    2
172
    0
173
    0
174
    0
175
    0
176
    0
177
    0
178
    0
179
    0
271
    2
272
    4
273
    2
274
    2
275
    0
276
    0
277
    2
278
    0
279
    0
280
    0
281
    0
282
    0
283
    1
284
    0
285
    0
286
    0
288
    0
289
    3
340
STANDARD
341

371
   -2
372
   -2
  0
ENDTAB
  0
TABLE
  2
BLOCK_RECORD
  5
1
330
0
100
AcDbSymbolTable
 70
    2
  0
BLOCK_RECORD
  5
1F
330
1
100
AcDbSymbolTableRecord
100
AcDbBlockTableRecord
  2
*Model_Space
 70
    0
280
    1
281
    0
  0
BLOCK_RECORD
  5
1E
330
1
100
AcDbSymbolTableRecord
100
AcDbBlockTableRecord
  2
*Paper_Space
 70
    0
280
    1
281
    0
  0
BLOCK_RECORD
  5
55
330
1
100
AcDbSymbolTableRecord
100
AcDbBlockTableRecord
  2
clock_stand_v2
 70
    0
280
    1
281
    0
  0
BLOCK_RECORD
  5
58
330
1
100
AcDbSymbolTableRecord
100
AcDbBlockTableRecord
  2
clock_stand-Body007Sketch005
 70
    0
280
    1
281
    0
  0
BLOCK_RECORD
  5
5B
330
1
100
AcDbSymbolTableRecord
100
AcDbBlockTableRecord
  2
MA Logo Final
 70
    0
280
    1
281
    0
  0
BLOCK_RECORD
  5
5E
330
1
100
AcDbSymbolTableRecord
100
AcDbBlockTableRecord
  2
clock_stand-Body007Sketch005-0
 70
    0
280
    1
281
    0
  0
BLOCK_RECORD
  5
61
330
1
100
AcDbSymbolTableRecord
100
AcDbBlockTableRecord
  2
MA Logo Final-0
 70
    0
280
    1
281
    0
  0
BLOCK_RECORD
  5
64
330
1
100
AcDbSymbolTableRecord
100
AcDbBlockTableRecord
  2
MBC_04.
 70
    0
280
    1
281
    0
  0
BLOCK_RECORD
  5
67
330
1
100
AcDbSymbolTableRecord
100
AcDbBlockTableRecord
  2
MBC_04.-0
 70
    0
280
    1
281
    0
  0
ENDTAB
  0
ENDSEC
  0
SECTION
  2
BLOCKS
  0
BLOCK
  5
20
330
1F
100
AcDbEntity
  8
0
100
AcDbBlockBegin
  2
*Model_Space
 70
    0
 10
0
 20
0
 30
0
  3
*Model_Space
  1

  0
ENDBLK
  5
21
330
1F
100
AcDbEntity
  8
0
100
AcDbBlockEnd
  0
BLOCK
  5
1C
330
1B
100
AcDbEntity
  8
0
100
AcDbBlockBegin
  2
*Paper_Space
 70
    0
 10
0
 20
0
 30
0
  3
*Paper_Space
  1

  0
ENDBLK
  5
1D
330
1F
100
AcDbEntity
  8
0
100
AcDbBlockEnd
  0
BLOCK
  5
56
330
55
100
AcDbEntity
  8
0
100
AcDbBlockBegin
  2
clock_stand_v2
 70
    0
 10
0
 20
0
  3
clock_stand_v2
  1

  0
LINE
  5
6A
100
AcDbEntity
  8
Sketch004
  6
ByLayer
 62
  256
370
   -1
100
AcDbLine
 10
21.968770554
 20
30
 11
3.153127058
 21
30
  0
LINE
  5
6B
100
AcDbEntity
  8
Sketch004
  6
ByLayer
 62
  256
370
   -1
100
AcDbLine
 10
3.153127058
 20
30
 11
0
 21
0
  0
LINE
  5
6C
100
AcDbEntity
  8
Sketch004
  6
ByLayer
 62
  256
370
   -1
100
AcDbLine
 10
0
 20
0
 11
-2.111567387
 21
0
  0
LINE
  5
6D
100
AcDbEntity
  8
Sketch004
  6
ByLayer
 62
  256
370
   -1
100
AcDbLine
 10
-2.111567387
 20
0
 11
1.041559671
 21
30
  0
LINE
  5
6E
100
AcDbEntity
  8
Sketch004
  6
ByLayer
 62
  256
370
   -1
100
AcDbLine
 10
1.041559671
 20
30
 11
-18.556016063
 21
30
  0
ARC
  5
6F
100
AcDbEntity
  8
Sketch004
  6
ByLayer
 62
  256
370
   -1
100
AcDbCircle
 10
-18.556016063
 20
24
 40
6
100
AcDbArc
 50
90
 51
174
  0
LINE
  5
70
100
AcDbEntity
  8
Sketch004
  6
ByLayer
 62
  256
370
   -1
100
AcDbLine
 10
-28.031229446
 20
-8.75
 11
-24.523147436
 21
24.62717078
  0
LINE
  5
71
100
AcDbEntity
  8
Sketch004
  6
ByLayer
 62
  256
370
   -1
100
AcDbLine
 10
-3.031229446
 20
-8.75
 11
-28.031229446
 21
-8.75
  0
LINE
  5
72
100
AcDbEntity
  8
Sketch004
  6
ByLayer
 62
  256
370
   -1
100
AcDbLine
 10
-3.031229446
 20
-11
 11
-3.031229446
 21
-8.75
  0
LINE
  5
73
100
AcDbEntity
  8
Sketch004
  6
ByLayer
 62
  256
370
   -1
100
AcDbLine
 10
-28.267713975
 20
-11
 11
-3.031229446
 21
-11
  0
LINE
  5
74
100
AcDbEntity
  8
Sketch004
  6
ByLayer
 62
  256
370
   -1
100
AcDbLine
 10
-28.267713975
 20
-11
 11
-28.865380234
 21
-16.68641461
  0
ARC
  5
75
100
AcDbEntity
  8
Sketch004
  6
ByLayer
 62
  256
370
   -1
100
AcDbCircle
 10
-25.881814548
 20
-17
 40
3
100
AcDbArc
 50
174
 51
-90
  0
LINE
  5
76
100
AcDbEntity
  8
Sketch004
  6
ByLayer
 62
  256
370
   -1
100
AcDbLine
 10
-25.881814548
 20
-20
 11
31.786347908
 21
-20
  0
ARC
  5
77
100
AcDbEntity
  8
Sketch004
  6
ByLayer
 62
  256
370
   -1
100
AcDbCircle
 10
31.786347908
 20
-17
 40
3
100
AcDbArc
 50
-90
 51
0
  0
LINE
  5
78
100
AcDbEntity
  8
Sketch004
  6
ByLayer
 62
  256
370
   -1
100
AcDbLine
 10
34.786347908
 20
24
 11
34.786347908
 21
-17
  0
ARC
  5
79
100
AcDbEntity
  8
Sketch004
  6
ByLayer
 62
  256
370
   -1
100
AcDbCircle
 10
28.786347908
 20
24
 40
6
100
AcDbArc
 50
0
 51
90
  0
LINE
  5
7A
100
AcDbEntity
  8
Sketch004
  6
ByLayer
 62
  256
370
   -1
100
AcDbLine
 10
24.218770554
 20
30
 11
28.786347908
 21
30
  0
LINE
  5
7B
100
AcDbEntity
  8
Sketch004
  6
ByLayer
 62
  256
370
   -1
100
AcDbLine
 10
24.218770554
 20
5
 11
24.218770554
 21
30
  0
LINE
  5
7C
100
AcDbEntity
  8
Sketch004
  6
ByLayer
 62
  256
370
   -1
100
AcDbLine
 10
21.968770554
 20
5
 11
24.218770554
 21
5
  0
LINE
  5
7D
100
AcDbEntity
  8
Sketch004
  6
ByLayer
 62
  256
370
   -1
100
AcDbLine
 10
21.968770554
 20
30
 11
21.968770554
 21
5
  0
INSERT
  5
7E
100
AcDbEntity
  8
0
  6
ByLayer
 62
  256
370
   -1
100
AcDbBlockReference
  2
clock_stand-Body007Sketch005
 10
0
 20
0
 30
0
 41
1
 42
1
 43
0
 50
0
 70
    1
 71
    1
 44
0
 45
0
  0
INSERT
  5
7F
100
AcDbEntity
  8
0
  6
CONTINUOUS
 62
    1
370
    5
100
AcDbBlockReference
  2
MA Logo Final
 10
0
 20
0
 30
0
 41
1
 42
1
 43
0
 50
0
 70
    1
 71
    1
 44
0
 45
0
  0
LINE
  5
80
100
AcDbEntity
  8
Sketch004
  6
ByLayer
 62
  256
370
   -1
100
AcDbLine
 10
21.96877055400001
 20
32
 11
3.153127058000019
 21
32
  0
LINE
  5
81
100
AcDbEntity
  8
Sketch004
  6
ByLayer
 62
  256
370
   -1
100
AcDbLine
 10
3.153127058000019
 20
32
 11
0
 21
62
  0
LINE
  5
82
100
AcDbEntity
  8
Sketch004
  6
ByLayer
 62
  256
370
   -1
100
AcDbLine
 10
0
 20
62
 11
-2.111567386999988
 21
62
  0
LINE
  5
83
100
AcDbEntity
  8
Sketch004
  6
ByLayer
 62
  256
370
   -1
100
AcDbLine
 10
-2.111567386999988
 20
62
 11
1.041559671000032
 21
32
  0
LINE
  5
84
100
AcDbEntity
  8
Sketch004
  6
ByLayer
 62
  256
370
   -1
100
AcDbLine
 10
1.041559671000032
 20
32
 11
-18.556016063
 21
32
  0
ARC
  5
85
100
AcDbEntity
  8
Sketch004
  6
ByLayer
 62
  256
370
   -1
100
AcDbCircle
 10
-18.556016063
 20
38
 40
6
100
AcDbArc
 50
186
 51
270
  0
LINE
  5
86
100
AcDbEntity
  8
Sketch004
  6
ByLayer
 62
  256
370
   -1
100
AcDbLine
 10
-28.03122944600002
 20
70.75
 11
-24.52314743600001
 21
37.37282922
  0
LINE
  5
87
100
AcDbEntity
  8
Sketch004
  6
ByLayer
 62
  256
370
   -1
100
AcDbLine
 10
-3.031229445999966
 20
70.75
 11
-28.03122944600002
 21
70.75
  0
LINE
  5
88
100
AcDbEntity
  8
Sketch004
  6
ByLayer
 62
  256
370
   -1
100
AcDbLine
 10
-3.031229445999966
 20
73
 11
-3.031229445999966
 21
70.75
  0
LINE
  5
89
100
AcDbEntity
  8
Sketch004
  6
ByLayer
 62
  256
370
   -1
100
AcDbLine
 10
-28.26771397500001
 20
73
 11
-3.031229445999966
 21
73
  0
LINE
  5
8A
100
AcDbEntity
  8
Sketch004
  6
ByLayer
 62
  256
370
   -1
100
AcDbLine
 10
-28.26771397500001
 20
73
 11
-28.865380234
 21
78.68641461
  0
ARC
  5
8B
100
AcDbEntity
  8
Sketch004
  6
ByLayer
 62
  256
370
   -1
100
AcDbCircle
 10
-25.88181454800002
 20
79
 40
3
100
AcDbArc
 50
90
 51
186
  0
LINE
  5
8C
100
AcDbEntity
  8
Sketch004
  6
ByLayer
 62
  256
370
   -1
100
AcDbLine
 10
-25.88181454800002
 20
82
 11
31.78634790799999
 21
82
  0
ARC
  5
8D
100
AcDbEntity
  8
Sketch004
  6
ByLayer
 62
  256
370
   -1
100
AcDbCircle
 10
31.78634790799999
 20
79
 40
3
100
AcDbArc
 50
0
 51
90
  0
LINE
  5
8E
100
AcDbEntity
  8
Sketch004
  6
ByLayer
 62
  256
370
   -1
100
AcDbLine
 10
34.78634790799999
 20
38
 11
34.78634790799999
 21
79
  0
ARC
  5
8F
100
AcDbEntity
  8
Sketch004
  6
ByLayer
 62
  256
370
   -1
100
AcDbCircle
 10
28.78634790800002
 20
38
 40
6
100
AcDbArc
 50
270
 51
0
  0
LINE
  5
90
100
AcDbEntity
  8
Sketch004
  6
ByLayer
 62
  256
370
   -1
100
AcDbLine
 10
24.21877055400001
 20
32
 11
28.78634790800002
 21
32
  0
LINE
  5
91
100
AcDbEntity
  8
Sketch004
  6
ByLayer
 62
  256
370
   -1
100
AcDbLine
 10
24.21877055400001
 20
57
 11
24.21877055400001
 21
32
  0
LINE
  5
92
100
AcDbEntity
  8
Sketch004
  6
ByLayer
 62
  256
370
   -1
100
AcDbLine
 10
21.96877055400001
 20
57
 11
24.21877055400001
 21
57
  0
LINE
  5
93
100
AcDbEntity
  8
Sketch004
  6
ByLayer
 62
  256
370
   -1
100
AcDbLine
 10
21.96877055400001
 20
32
 11
21.96877055400001
 21
57
  0
INSERT
  5
94
100
AcDbEntity
  8
0
  6
ByLayer
 62
  256
370
   -1
100
AcDbBlockReference
  2
clock_stand-Body007Sketch005-0
 10
0
 20
0
 30
0
 41
1
 42
1
 43
0
 50
180
 70
    1
 71
    1
 44
0
 45
0
  0
INSERT
  5
95
100
AcDbEntity
  8
0
  6
CONTINUOUS
 62
    1
370
    5
100
AcDbBlockReference
  2
MA Logo Final-0
 10
0
 20
0
 30
0
 41
1
 42
1
 43
0
 50
180
 70
    1
 71
    1
 44
0
 45
0
  0
INSERT
  5
96
100
AcDbEntity
  8
0
  6
CONTINUOUS
 62
    1
370
   -1
100
AcDbBlockReference
  2
MBC_04.
 10
0
 20
0
 30
0
 41
1
 42
1
 43
0
 50
0
 70
    1
 71
    1
 44
0
 45
0
  0
INSERT
  5
97
100
AcDbEntity
  8
0
  6
CONTINUOUS
 62
    1
370
   -1
100
AcDbBlockReference
  2
MBC_04.-0
 10
0
 20
0
 30
0
 41
1
 42
1
 43
0
 50
180
 70
    1
 71
    1
 44
0
 45
0
  0
ENDBLK
  5
57
330
55
100
AcDbEntity
  8
0
100
AcDbBlockEnd
  0
BLOCK
  5
59
330
58
100
AcDbEntity
  8
0
100
AcDbBlockBegin
  2
clock_stand-Body007Sketch005
 70
    0
 10
0
 20
0
  3
clock_stand-Body007Sketch005
  1

  0
LINE
  5
98
100
AcDbEntity
  8
Sketch005
  6
ByLayer
 62
  256
370
   -1
100
AcDbLine
 10
77.65000000000001
 20
-20
 11
77.65000000000001
 21
4.999999999999996
  0
LINE
  5
99
100
AcDbEntity
  8
Sketch005
  6
ByLayer
 62
  256
370
   -1
100
AcDbLine
 10
77.65000000000001
 20
4.999999999999996
 11
79.95000000000002
 21
4.999999999999996
  0
LINE
  5
9A
100
AcDbEntity
  8
Sketch005
  6
ByLayer
 62
  256
370
   -1
100
AcDbLine
 10
79.95000000000002
 20
4.999999999999996
 11
79.95000000000002
 21
-20
  0
LINE
  5
9B
100
AcDbEntity
  8
Sketch005
  6
ByLayer
 62
  256
370
   -1
100
AcDbLine
 10
79.95000000000002
 20
-20
 11
204.65
 21
-20
  0
LINE
  5
9C
100
AcDbEntity
  8
Sketch005
  6
ByLayer
 62
  256
370
   -1
100
AcDbLine
 10
204.65
 20
-20
 11
204.65
 21
4.999999999999996
  0
LINE
  5
9D
100
AcDbEntity
  8
Sketch005
  6
ByLayer
 62
  256
370
   -1
100
AcDbLine
 10
204.65
 20
4.999999999999996
 11
206.95
 21
4.999999999999996
  0
LINE
  5
9E
100
AcDbEntity
  8
Sketch005
  6
ByLayer
 62
  256
370
   -1
100
AcDbLine
 10
206.95
 20
4.999999999999996
 11
206.95
 21
-20
  0
LINE
  5
9F
100
AcDbEntity
  8
Sketch005
  6
ByLayer
 62
  256
370
   -1
100
AcDbLine
 10
206.95
 20
-20
 11
241.3
 21
-20
  0
ARC
  5
A0
100
AcDbEntity
  8
Sketch005
  6
ByLayer
 62
  256
370
   -1
100
AcDbCircle
 10
241.3
 20
-14
 40
6
100
AcDbArc
 50
270
 51
0
  0
LINE
  5
A1
100
AcDbEntity
  8
Sketch005
  6
ByLayer
 62
  256
370
   -1
100
AcDbLine
 10
247.3
 20
-14
 11
247.3
 21
24
  0
ARC
  5
A2
100
AcDbEntity
  8
Sketch005
  6
ByLayer
 62
  256
370
   -1
100
AcDbCircle
 10
241.3
 20
24
 40
6
100
AcDbArc
 50
0
 51
90
  0
LINE
  5
A3
100
AcDbEntity
  8
Sketch005
  6
ByLayer
 62
  256
370
   -1
100
AcDbLine
 10
241.3
 20
30
 11
43.30000000000001
 21
30
  0
ARC
  5
A4
100
AcDbEntity
  8
Sketch005
  6
ByLayer
 62
  256
370
   -1
100
AcDbCircle
 10
43.30000000000001
 20
24
 40
6
100
AcDbArc
 50
90
 51
180
  0
LINE
  5
A5
100
AcDbEntity
  8
Sketch005
  6
ByLayer
 62
  256
370
   -1
100
AcDbLine
 10
37.30000000000001
 20
24
 11
37.30000000000001
 21
-14
  0
ARC
  5
A6
100
AcDbEntity
  8
Sketch005
  6
ByLayer
 62
  256
370
   -1
100
AcDbCircle
 10
43.30000000000001
 20
-14
 40
6
100
AcDbArc
 50
180
 51
270
  0
LINE
  5
A7
100
AcDbEntity
  8
Sketch005
  6
ByLayer
 62
  256
370
   -1
100
AcDbLine
 10
43.30000000000001
 20
-20
 11
77.65000000000001
 21
-20
  0
ENDBLK
  5
5A
330
58
100
AcDbEntity
  8
0
100
AcDbBlockEnd
  0
BLOCK
  5
5C
330
5B
100
AcDbEntity
  8
0
100
AcDbBlockBegin
  2
MA Logo Final
 70
    0
 10
0
 20
0
  3
MA Logo Final
  1

  0
SPLINE
  5
A8
100
AcDbEntity
  8
layer 1
  6
CONTINUOUS
 62
    1
370
    5
100
AcDbSpline
210
0
220
0
230
0
 70
   11
 71
    3
 72
  108
 73
  104
 74
    0
 42
1e-07
 43
1e-07
 40
0
 40
0
 40
0
 40
0
 40
0.037037
 40
0.037037
 40
0.037037
 40
0.037037
 40
0.07407409999999999
 40
0.07407409999999999
 40
0.07407409999999999
 40
0.07407409999999999
 40
0.1111111
 40
0.1111111
 40
0.1111111
 40
0.1111111
 40
0.1481481
 40
0.1481481
 40
0.1481481
 40
0.1481481
 40
0.1851852
 40
0.1851852
 40
0.1851852
 40
0.1851852
 40
0.2222222
 40
0.2222222
 40
0.2222222
 40
0.2222222
 40
0.2592593
 40
0.2592593
 40
0.2592593
 40
0.2592593
 40
0.2962963
 40
0.2962963
 40
0.2962963
 40
0.2962963
 40
0.3333333
 40
0.3333333
 40
0.3333333
 40
0.3333333
 40
0.3703704
 40
0.3703704
 40
0.3703704
 40
0.3703704
 40
0.4074074
 40
0.4074074
 40
0.4074074
 40
0.4074074
 40
0.4444444
 40
0.4444444
 40
0.4444444
 40
0.4444444
 40
0.4814815
 40
0.4814815
 40
0.4814815
 40
0.4814815
 40
0.5185185
 40
0.5185185
 40
0.5185185
 40
0.5185185
 40
0.5555555999999999
 40
0.5555555999999999
 40
0.5555555999999999
 40
0.5555555999999999
 40
0.5925926
 40
0.5925926
 40
0.5925926
 40
0.5925926
 40
0.6296296
 40
0.6296296
 40
0.6296296
 40
0.6296296
 40
0.6666666999999999
 40
0.6666666999999999
 40
0.6666666999999999
 40
0.6666666999999999
 40
0.7037036999999999
 40
0.7037036999999999
 40
0.7037036999999999
 40
0.7037036999999999
 40
0.7407406999999999
 40
0.7407406999999999
 40
0.7407406999999999
 40
0.7407406999999999
 40
0.7777778
 40
0.7777778
 40
0.7777778
 40
0.7777778
 40
0.8148148
 40
0.8148148
 40
0.8148148
 40
0.8148148
 40
0.8518519
 40
0.8518519
 40
0.8518519
 40
0.8518519
 40
0.8888889
 40
0.8888889
 40
0.8888889
 40
0.8888889
 40
0.9259259
 40
0.9259259
 40
0.9259259
 40
0.9259259
 40
1
 40
1
 40
1
 40
1
 10
149.59588
 20
-11.50634
 30
0
 10
149.61943
 20
-11.50982
 30
0
 10
149.76391
 20
-11.51369
 30
0
 10
149.91694
 20
-11.51522
 30
0
 10
149.91694
 20
-11.51522
 30
0
 10
150.36874
 20
-11.51933
 30
0
 10
150.62014
 20
-11.44373
 30
0
 10
150.83713
 20
-11.2385
 30
0
 10
150.83713
 20
-11.2385
 30
0
 10
151.06876
 20
-11.01944
 30
0
 10
151.15765
 20
-10.73624
 30
0
 10
151.14415
 20
-10.2599
 30
0
 10
151.14415
 20
-10.2599
 30
0
 10
151.13638
 20
-9.9848
 30
0
 10
151.13176
 20
-9.957920000000001
 30
0
 10
151.06888
 20
-9.824210000000001
 30
0
 10
151.06888
 20
-9.824210000000001
 30
0
 10
150.98704
 20
-9.650060000000003
 30
0
 10
150.87319
 20
-9.536000000000001
 30
0
 10
150.68245
 20
-9.437090000000001
 30
0
 10
150.68245
 20
-9.437090000000001
 30
0
 10
150.5212
 20
-9.35351
 30
0
 10
150.39151
 20
-9.309710000000003
 30
0
 10
149.97613
 20
-9.198620000000002
 30
0
 10
149.97613
 20
-9.198620000000002
 30
0
 10
149.82034
 20
-9.156920000000003
 30
0
 10
149.6401
 20
-9.09788
 30
0
 10
149.57557
 20
-9.06737
 30
0
 10
149.57557
 20
-9.06737
 30
0
 10
149.42125
 20
-8.994350000000004
 30
0
 10
149.29738
 20
-8.853170000000002
 30
0
 10
149.26342
 20
-8.711569999999998
 30
0
 10
149.26342
 20
-8.711569999999998
 30
0
 10
149.22523
 20
-8.552420000000001
 30
0
 10
149.24626
 20
-8.31878
 30
0
 10
149.31157
 20
-8.176069999999999
 30
0
 10
149.31157
 20
-8.176069999999999
 30
0
 10
149.45191
 20
-7.86956
 30
0
 10
149.79556
 20
-7.79804
 30
0
 10
150.68419
 20
-7.890470000000001
 30
0
 10
150.68419
 20
-7.890470000000001
 30
0
 10
150.8707
 20
-7.909849999999999
 30
0
 10
151.02616
 20
-7.922630000000002
 30
0
 10
151.02964
 20
-7.918849999999999
 30
0
 10
151.02964
 20
-7.918849999999999
 30
0
 10
151.03312
 20
-7.915070000000004
 30
0
 10
151.03963
 20
-7.836980000000004
 30
0
 10
151.0441
 20
-7.745270000000001
 30
0
 10
151.0441
 20
-7.745270000000001
 30
0
 10
151.05346
 20
-7.553780000000003
 30
0
 10
151.08295
 20
-7.577210000000001
 30
0
 10
150.77143
 20
-7.528370000000002
 30
0
 10
150.77143
 20
-7.528370000000002
 30
0
 10
150.38134
 20
-7.467169999999999
 30
0
 10
149.98957
 20
-7.444789999999998
 30
0
 10
149.76736
 20
-7.47101
 30
0
 10
149.76736
 20
-7.47101
 30
0
 10
149.07031
 20
-7.55321
 30
0
 10
148.77337
 20
-7.902290000000001
 30
0
 10
148.79761
 20
-8.61092
 30
0
 10
148.79761
 20
-8.61092
 30
0
 10
148.80571
 20
-8.847619999999999
 30
0
 10
148.81024
 20
-8.868649999999999
 30
0
 10
148.88593
 20
-9.021800000000002
 30
0
 10
148.88593
 20
-9.021800000000002
 30
0
 10
148.93594
 20
-9.123020000000004
 30
0
 10
148.99936
 20
-9.212600000000002
 30
0
 10
149.05606
 20
-9.262070000000001
 30
0
 10
149.05606
 20
-9.262070000000001
 30
0
 10
149.20483
 20
-9.391910000000003
 30
0
 10
149.49619
 20
-9.516829999999999
 30
0
 10
149.8747
 20
-9.613009999999999
 30
0
 10
149.8747
 20
-9.613009999999999
 30
0
 10
150.31177
 20
-9.7241
 30
0
 10
150.5101
 20
-9.81851
 30
0
 10
150.60517
 20
-9.960740000000001
 30
0
 10
150.60517
 20
-9.960740000000001
 30
0
 10
150.7795
 20
-10.22159
 30
0
 10
150.73255
 20
-10.71839
 30
0
 10
150.51214
 20
-10.94462
 30
0
 10
150.51214
 20
-10.94462
 30
0
 10
150.39571
 20
-11.06414
 30
0
 10
150.25336
 20
-11.11649
 30
0
 10
150.01327
 20
-11.12813
 30
0
 10
150.01327
 20
-11.12813
 30
0
 10
149.83444
 20
-11.13683
 30
0
 10
149.07055
 20
-11.08694
 30
0
 10
148.91947
 20
-11.05673
 30
0
 10
148.91947
 20
-11.05673
 30
0
 10
148.86373
 20
-11.04557
 30
0
 10
148.86373
 20
-11.0456
 30
0
 10
148.85158
 20
-11.22296
 30
0
 10
148.85158
 20
-11.22296
 30
0
 10
148.84378
 20
-11.33624
 30
0
 10
148.8475
 20
-11.4053
 30
0
 10
148.86178
 20
-11.41415
 30
0
 10
148.86178
 20
-11.41415
 30
0
 10
148.87408
 20
-11.42174
 30
0
 10
149.03467
 20
-11.44418
 30
0
 10
149.21863
 20
-11.46398
 30
0
 10
149.21863
 20
-11.46398
 30
0
 10
149.40256
 20
-11.48381
 30
0
 10
149.57233
 20
-11.50286
 30
0
 10
149.59588
 20
-11.50634
 30
0
  0
SPLINE
  5
A9
100
AcDbEntity
  8
layer 1
  6
CONTINUOUS
 62
    1
370
    5
100
AcDbSpline
210
0
220
0
230
0
 70
    8
 71
    3
 72
   12
 73
    8
 74
    0
 42
1e-07
 43
1e-07
 40
0
 40
0
 40
0
 40
0
 40
0.3333333
 40
0.3333333
 40
0.3333333
 40
0.3333333
 40
1
 40
1
 40
1
 40
1
 10
146.99722
 20
-10.06304
 30
0
 10
146.99722
 20
-10.06304
 30
0
 10
146.35699
 20
-10.06304
 30
0
 10
146.35699
 20
-10.06304
 30
0
 10
146.35699
 20
-10.06304
 30
0
 10
146.35699
 20
-10.06304
 30
0
 10
146.46193
 20
-9.661730000000002
 30
0
 10
146.46193
 20
-9.661730000000002
 30
0
  0
SPLINE
  5
AA
100
AcDbEntity
  8
layer 1
  6
CONTINUOUS
 62
    1
370
    5
100
AcDbSpline
210
0
220
0
230
0
 70
    8
 71
    3
 72
    8
 73
    4
 74
    0
 42
1e-07
 43
1e-07
 40
0
 40
0
 40
0
 40
0
 40
1
 40
1
 40
1
 40
1
 10
146.46193
 20
-9.661730000000002
 30
0
 10
146.51968
 20
-9.441019999999998
 30
0
 10
146.64679
 20
-8.957000000000001
 30
0
 10
146.74447
 20
-8.586200000000002
 30
0
  0
SPLINE
  5
AB
100
AcDbEntity
  8
layer 1
  6
CONTINUOUS
 62
    1
370
    5
100
AcDbSpline
210
0
220
0
230
0
 70
    8
 71
    3
 72
   20
 73
   16
 74
    0
 42
1e-07
 43
1e-07
 40
0
 40
0
 40
0
 40
0
 40
0.2
 40
0.2
 40
0.2
 40
0.2
 40
0.4
 40
0.4
 40
0.4
 40
0.4
 40
0.6
 40
0.6
 40
0.6
 40
0.6
 40
1
 40
1
 40
1
 40
1
 10
146.74447
 20
-8.586200000000002
 30
0
 10
146.74447
 20
-8.586200000000002
 30
0
 10
146.92207
 20
-7.911980000000003
 30
0
 10
146.92207
 20
-7.911980000000003
 30
0
 10
146.92207
 20
-7.911980000000003
 30
0
 10
146.92207
 20
-7.911980000000003
 30
0
 10
147.00463
 20
-7.911980000000003
 30
0
 10
147.00463
 20
-7.911980000000003
 30
0
 10
147.00463
 20
-7.911980000000003
 30
0
 10
147.00463
 20
-7.911980000000003
 30
0
 10
147.08719
 20
-7.911980000000003
 30
0
 10
147.08719
 20
-7.911980000000003
 30
0
 10
147.08719
 20
-7.911980000000003
 30
0
 10
147.08719
 20
-7.911980000000003
 30
0
 10
147.36124
 20
-8.960750000000001
 30
0
 10
147.36124
 20
-8.960750000000001
 30
0
  0
SPLINE
  5
AC
100
AcDbEntity
  8
layer 1
  6
CONTINUOUS
 62
    1
370
    5
100
AcDbSpline
210
0
220
0
230
0
 70
    8
 71
    3
 72
   12
 73
    8
 74
    0
 42
1e-07
 43
1e-07
 40
0
 40
0
 40
0
 40
0
 40
0.3333333
 40
0.3333333
 40
0.3333333
 40
0.3333333
 40
1
 40
1
 40
1
 40
1
 10
147.36124
 20
-8.960750000000001
 30
0
 10
147.51196
 20
-9.537589999999998
 30
0
 10
147.63586
 20
-10.02158
 30
0
 10
147.63637
 20
-10.03628
 30
0
 10
147.63637
 20
-10.03628
 30
0
 10
147.63721
 20
-10.05713
 30
0
 10
147.4957
 20
-10.06304
 30
0
 10
146.99722
 20
-10.06304
 30
0
  0
SPLINE
  5
AD
100
AcDbEntity
  8
layer 1
  6
CONTINUOUS
 62
    1
370
    5
100
AcDbSpline
210
0
220
0
230
0
 70
   11
 71
    3
 72
   52
 73
   48
 74
    0
 42
1e-07
 43
1e-07
 40
0
 40
0
 40
0
 40
0
 40
0.07692309999999999
 40
0.07692309999999999
 40
0.07692309999999999
 40
0.07692309999999999
 40
0.1538462
 40
0.1538462
 40
0.1538462
 40
0.1538462
 40
0.2307692
 40
0.2307692
 40
0.2307692
 40
0.2307692
 40
0.3076923
 40
0.3076923
 40
0.3076923
 40
0.3076923
 40
0.3846154
 40
0.3846154
 40
0.3846154
 40
0.3846154
 40
0.4615385
 40
0.4615385
 40
0.4615385
 40
0.4615385
 40
0.5384614999999999
 40
0.5384614999999999
 40
0.5384614999999999
 40
0.5384614999999999
 40
0.6153845999999999
 40
0.6153845999999999
 40
0.6153845999999999
 40
0.6153845999999999
 40
0.6923077
 40
0.6923077
 40
0.6923077
 40
0.6923077
 40
0.7692308
 40
0.7692308
 40
0.7692308
 40
0.7692308
 40
0.8461538
 40
0.8461538
 40
0.8461538
 40
0.8461538
 40
1
 40
1
 40
1
 40
1
 10
154.59364
 20
-9.49586
 30
0
 10
154.59364
 20
-9.49586
 30
0
 10
154.59364
 20
-7.516010000000001
 30
0
 10
154.59364
 20
-7.516010000000001
 30
0
 10
154.59364
 20
-7.516010000000001
 30
0
 10
154.59364
 20
-7.516010000000001
 30
0
 10
154.80766
 20
-7.516010000000001
 30
0
 10
154.80766
 20
-7.516010000000001
 30
0
 10
154.80766
 20
-7.516010000000001
 30
0
 10
154.80766
 20
-7.516010000000001
 30
0
 10
155.02168
 20
-7.516010000000001
 30
0
 10
155.02168
 20
-7.516010000000001
 30
0
 10
155.02168
 20
-7.516010000000001
 30
0
 10
155.02168
 20
-7.516010000000001
 30
0
 10
155.02168
 20
-9.292520000000003
 30
0
 10
155.02168
 20
-9.292520000000003
 30
0
 10
155.02168
 20
-9.292520000000003
 30
0
 10
155.02168
 20
-9.292520000000003
 30
0
 10
155.02168
 20
-11.069
 30
0
 10
155.02168
 20
-11.069
 30
0
 10
155.02168
 20
-11.069
 30
0
 10
155.02168
 20
-11.069
 30
0
 10
155.80291
 20
-11.069
 30
0
 10
155.80291
 20
-11.069
 30
0
 10
155.80291
 20
-11.069
 30
0
 10
155.80291
 20
-11.069
 30
0
 10
156.58417
 20
-11.069
 30
0
 10
156.58417
 20
-11.069
 30
0
 10
156.58417
 20
-11.069
 30
0
 10
156.58417
 20
-11.069
 30
0
 10
156.58417
 20
-11.27234
 30
0
 10
156.58417
 20
-11.27234
 30
0
 10
156.58417
 20
-11.27234
 30
0
 10
156.58417
 20
-11.27234
 30
0
 10
156.58417
 20
-11.47568
 30
0
 10
156.58417
 20
-11.47568
 30
0
 10
156.58417
 20
-11.47568
 30
0
 10
156.58417
 20
-11.47568
 30
0
 10
155.58889
 20
-11.47568
 30
0
 10
155.58889
 20
-11.47568
 30
0
 10
155.58889
 20
-11.47568
 30
0
 10
155.58889
 20
-11.47568
 30
0
 10
154.59364
 20
-11.47568
 30
0
 10
154.59364
 20
-11.47568
 30
0
 10
154.59364
 20
-11.47568
 30
0
 10
154.59364
 20
-11.47568
 30
0
 10
154.59364
 20
-9.49586
 30
0
 10
154.59364
 20
-9.49586
 30
0
  0
SPLINE
  5
AE
100
AcDbEntity
  8
layer 1
  6
CONTINUOUS
 62
    1
370
    5
100
AcDbSpline
210
0
220
0
230
0
 70
    8
 71
    3
 72
   12
 73
    8
 74
    0
 42
1e-07
 43
1e-07
 40
0
 40
0
 40
0
 40
0
 40
0.3333333
 40
0.3333333
 40
0.3333333
 40
0.3333333
 40
1
 40
1
 40
1
 40
1
 10
151.33798
 20
-4.177039999999998
 30
0
 10
151.83958
 20
-4.177039999999998
 30
0
 10
151.98223
 20
-4.171100000000003
 30
0
 10
151.98172
 20
-4.150309999999998
 30
0
 10
151.98172
 20
-4.150309999999998
 30
0
 10
151.98148
 20
-4.135580000000001
 30
0
 10
151.85779
 20
-3.651590000000002
 30
0
 10
151.70713
 20
-3.074749999999998
 30
0
  0
SPLINE
  5
AF
100
AcDbEntity
  8
layer 1
  6
CONTINUOUS
 62
    1
370
    5
100
AcDbSpline
210
0
220
0
230
0
 70
    8
 71
    3
 72
   20
 73
   16
 74
    0
 42
1e-07
 43
1e-07
 40
0
 40
0
 40
0
 40
0
 40
0.2
 40
0.2
 40
0.2
 40
0.2
 40
0.4
 40
0.4
 40
0.4
 40
0.4
 40
0.6
 40
0.6
 40
0.6
 40
0.6
 40
1
 40
1
 40
1
 40
1
 10
151.70713
 20
-3.074749999999998
 30
0
 10
151.70713
 20
-3.074749999999998
 30
0
 10
151.4332
 20
-2.025980000000001
 30
0
 10
151.4332
 20
-2.025980000000001
 30
0
 10
151.4332
 20
-2.025980000000001
 30
0
 10
151.4332
 20
-2.025980000000001
 30
0
 10
151.34929
 20
-2.019830000000002
 30
0
 10
151.34929
 20
-2.019830000000002
 30
0
 10
151.34929
 20
-2.019830000000002
 30
0
 10
151.34929
 20
-2.019830000000002
 30
0
 10
151.26535
 20
-2.013650000000002
 30
0
 10
151.26535
 20
-2.013650000000002
 30
0
 10
151.26535
 20
-2.013650000000002
 30
0
 10
151.26535
 20
-2.013650000000002
 30
0
 10
150.98911
 20
-3.0686
 30
0
 10
150.98911
 20
-3.0686
 30
0
  0
SPLINE
  5
B0
100
AcDbEntity
  8
layer 1
  6
CONTINUOUS
 62
    1
370
    5
100
AcDbSpline
210
0
220
0
230
0
 70
    8
 71
    3
 72
   12
 73
    8
 74
    0
 42
1e-07
 43
1e-07
 40
0
 40
0
 40
0
 40
0
 40
0.3333333
 40
0.3333333
 40
0.3333333
 40
0.3333333
 40
1
 40
1
 40
1
 40
1
 10
150.98911
 20
-3.0686
 30
0
 10
150.83719
 20
-3.648800000000001
 30
0
 10
150.70855
 20
-4.135580000000001
 30
0
 10
150.70324
 20
-4.150280000000002
 30
0
 10
150.70324
 20
-4.150280000000002
 30
0
 10
150.69565
 20
-4.171310000000002
 30
0
 10
150.83158
 20
-4.177039999999998
 30
0
 10
151.33798
 20
-4.177039999999998
 30
0
  0
SPLINE
  5
B1
100
AcDbEntity
  8
layer 1
  6
CONTINUOUS
 62
    1
370
    5
100
AcDbSpline
210
0
220
0
230
0
 70
    8
 71
    3
 72
    8
 73
    4
 74
    0
 42
1e-07
 43
1e-07
 40
0
 40
0
 40
0
 40
0
 40
1
 40
1
 40
1
 40
1
 10
151.98172
 20
-4.150280000000002
 30
0
 10
151.98172
 20
-4.150280000000002
 30
0
 10
151.98172
 20
-4.150309999999998
 30
0
 10
151.98172
 20
-4.150309999999998
 30
0
  0
SPLINE
  5
B2
100
AcDbEntity
  8
layer 1
  6
CONTINUOUS
 62
    1
370
    5
100
AcDbSpline
210
0
220
0
230
0
 70
   11
 71
    3
 72
  100
 73
   96
 74
    0
 42
1e-07
 43
1e-07
 40
0
 40
0
 40
0
 40
0
 40
0.04
 40
0.04
 40
0.04
 40
0.04
 40
0.08
 40
0.08
 40
0.08
 40
0.08
 40
0.12
 40
0.12
 40
0.12
 40
0.12
 40
0.16
 40
0.16
 40
0.16
 40
0.16
 40
0.2
 40
0.2
 40
0.2
 40
0.2
 40
0.24
 40
0.24
 40
0.24
 40
0.24
 40
0.28
 40
0.28
 40
0.28
 40
0.28
 40
0.32
 40
0.32
 40
0.32
 40
0.32
 40
0.36
 40
0.36
 40
0.36
 40
0.36
 40
0.4
 40
0.4
 40
0.4
 40
0.4
 40
0.44
 40
0.44
 40
0.44
 40
0.44
 40
0.48
 40
0.48
 40
0.48
 40
0.48
 40
0.52
 40
0.52
 40
0.52
 40
0.52
 40
0.5599999999999999
 40
0.5599999999999999
 40
0.5599999999999999
 40
0.5599999999999999
 40
0.6
 40
0.6
 40
0.6
 40
0.6
 40
0.64
 40
0.64
 40
0.64
 40
0.64
 40
0.6799999999999999
 40
0.6799999999999999
 40
0.6799999999999999
 40
0.6799999999999999
 40
0.72
 40
0.72
 40
0.72
 40
0.72
 40
0.76
 40
0.76
 40
0.76
 40
0.76
 40
0.7999999999999999
 40
0.7999999999999999
 40
0.7999999999999999
 40
0.7999999999999999
 40
0.84
 40
0.84
 40
0.84
 40
0.84
 40
0.88
 40
0.88
 40
0.88
 40
0.88
 40
0.9199999999999999
 40
0.9199999999999999
 40
0.9199999999999999
 40
0.9199999999999999
 40
1
 40
1
 40
1
 40
1
 10
156.37012
 20
-3.599150000000002
 30
0
 10
156.37012
 20
-3.599150000000002
 30
0
 10
156.37012
 20
-1.630009999999999
 30
0
 10
156.37012
 20
-1.630009999999999
 30
0
 10
156.37012
 20
-1.630009999999999
 30
0
 10
156.37012
 20
-1.630009999999999
 30
0
 10
157.47241
 20
-1.630009999999999
 30
0
 10
157.47241
 20
-1.630009999999999
 30
0
 10
157.47241
 20
-1.630009999999999
 30
0
 10
157.47241
 20
-1.630009999999999
 30
0
 10
158.5747
 20
-1.630009999999999
 30
0
 10
158.5747
 20
-1.630009999999999
 30
0
 10
158.5747
 20
-1.630009999999999
 30
0
 10
158.5747
 20
-1.630009999999999
 30
0
 10
158.5747
 20
-1.82264
 30
0
 10
158.5747
 20
-1.82264
 30
0
 10
158.5747
 20
-1.82264
 30
0
 10
158.5747
 20
-1.82264
 30
0
 10
158.5747
 20
-2.0153
 30
0
 10
158.5747
 20
-2.0153
 30
0
 10
158.5747
 20
-2.0153
 30
0
 10
158.5747
 20
-2.0153
 30
0
 10
157.68646
 20
-2.0153
 30
0
 10
157.68646
 20
-2.0153
 30
0
 10
157.68646
 20
-2.0153
 30
0
 10
157.68646
 20
-2.0153
 30
0
 10
156.79819
 20
-2.0153
 30
0
 10
156.79819
 20
-2.0153
 30
0
 10
156.79819
 20
-2.0153
 30
0
 10
156.79819
 20
-2.0153
 30
0
 10
156.79819
 20
-2.689489999999999
 30
0
 10
156.79819
 20
-2.689489999999999
 30
0
 10
156.79819
 20
-2.689489999999999
 30
0
 10
156.79819
 20
-2.689489999999999
 30
0
 10
156.79819
 20
-3.363709999999998
 30
0
 10
156.79819
 20
-3.363709999999998
 30
0
 10
156.79819
 20
-3.363709999999998
 30
0
 10
156.79819
 20
-3.363709999999998
 30
0
 10
157.52593
 20
-3.363709999999998
 30
0
 10
157.52593
 20
-3.363709999999998
 30
0
 10
157.52593
 20
-3.363709999999998
 30
0
 10
157.52593
 20
-3.363709999999998
 30
0
 10
158.25364
 20
-3.363709999999998
 30
0
 10
158.25364
 20
-3.363709999999998
 30
0
 10
158.25364
 20
-3.363709999999998
 30
0
 10
158.25364
 20
-3.363709999999998
 30
0
 10
158.25364
 20
-3.556339999999999
 30
0
 10
158.25364
 20
-3.556339999999999
 30
0
 10
158.25364
 20
-3.556339999999999
 30
0
 10
158.25364
 20
-3.556339999999999
 30
0
 10
158.25364
 20
-3.748970000000003
 30
0
 10
158.25364
 20
-3.748970000000003
 30
0
 10
158.25364
 20
-3.748970000000003
 30
0
 10
158.25364
 20
-3.748970000000003
 30
0
 10
157.52593
 20
-3.748970000000003
 30
0
 10
157.52593
 20
-3.748970000000003
 30
0
 10
157.52593
 20
-3.748970000000003
 30
0
 10
157.52593
 20
-3.748970000000003
 30
0
 10
156.79819
 20
-3.748970000000003
 30
0
 10
156.79819
 20
-3.748970000000003
 30
0
 10
156.79819
 20
-3.748970000000003
 30
0
 10
156.79819
 20
-3.748970000000003
 30
0
 10
156.79819
 20
-4.466000000000001
 30
0
 10
156.79819
 20
-4.466000000000001
 30
0
 10
156.79819
 20
-4.466000000000001
 30
0
 10
156.79819
 20
-4.466000000000001
 30
0
 10
156.79819
 20
-5.183030000000002
 30
0
 10
156.79819
 20
-5.183030000000002
 30
0
 10
156.79819
 20
-5.183030000000002
 30
0
 10
156.79819
 20
-5.183030000000002
 30
0
 10
157.68646
 20
-5.183030000000002
 30
0
 10
157.68646
 20
-5.183030000000002
 30
0
 10
157.68646
 20
-5.183030000000002
 30
0
 10
157.68646
 20
-5.183030000000002
 30
0
 10
158.5747
 20
-5.183030000000002
 30
0
 10
158.5747
 20
-5.183030000000002
 30
0
 10
158.5747
 20
-5.183030000000002
 30
0
 10
158.5747
 20
-5.183030000000002
 30
0
 10
158.5747
 20
-5.37566
 30
0
 10
158.5747
 20
-5.37566
 30
0
 10
158.5747
 20
-5.37566
 30
0
 10
158.5747
 20
-5.37566
 30
0
 10
158.5747
 20
-5.568290000000001
 30
0
 10
158.5747
 20
-5.568290000000001
 30
0
 10
158.5747
 20
-5.568290000000001
 30
0
 10
158.5747
 20
-5.568290000000001
 30
0
 10
157.47241
 20
-5.568290000000001
 30
0
 10
157.47241
 20
-5.568290000000001
 30
0
 10
157.47241
 20
-5.568290000000001
 30
0
 10
157.47241
 20
-5.568290000000001
 30
0
 10
156.37012
 20
-5.568290000000001
 30
0
 10
156.37012
 20
-5.568290000000001
 30
0
 10
156.37012
 20
-5.568290000000001
 30
0
 10
156.37012
 20
-5.568290000000001
 30
0
 10
156.37012
 20
-3.599150000000002
 30
0
 10
156.37012
 20
-3.599150000000002
 30
0
  0
SPLINE
  5
B3
100
AcDbEntity
  8
layer 1
  6
CONTINUOUS
 62
    1
370
    5
100
AcDbSpline
210
0
220
0
230
0
 70
    8
 71
    3
 72
    8
 73
    4
 74
    0
 42
1e-07
 43
1e-07
 40
0
 40
0
 40
0
 40
0
 40
1
 40
1
 40
1
 40
1
 10
161.10082
 20
-3.984350000000003
 30
0
 10
161.10103
 20
-3.99023
 30
0
 10
161.26843
 20
-4.349029999999999
 30
0
 10
161.47285
 20
-4.781630000000003
 30
0
  0
SPLINE
  5
B4
100
AcDbEntity
  8
layer 1
  6
CONTINUOUS
 62
    1
370
    5
100
AcDbSpline
210
0
220
0
230
0
 70
    8
 71
    3
 72
   64
 73
   60
 74
    0
 42
1e-07
 43
1e-07
 40
0
 40
0
 40
0
 40
0
 40
0.0625
 40
0.0625
 40
0.0625
 40
0.0625
 40
0.125
 40
0.125
 40
0.125
 40
0.125
 40
0.1875
 40
0.1875
 40
0.1875
 40
0.1875
 40
0.25
 40
0.25
 40
0.25
 40
0.25
 40
0.3125
 40
0.3125
 40
0.3125
 40
0.3125
 40
0.375
 40
0.375
 40
0.375
 40
0.375
 40
0.4375
 40
0.4375
 40
0.4375
 40
0.4375
 40
0.5
 40
0.5
 40
0.5
 40
0.5
 40
0.5625
 40
0.5625
 40
0.5625
 40
0.5625
 40
0.625
 40
0.625
 40
0.625
 40
0.625
 40
0.6875
 40
0.6875
 40
0.6875
 40
0.6875
 40
0.75
 40
0.75
 40
0.75
 40
0.75
 40
0.8125
 40
0.8125
 40
0.8125
 40
0.8125
 40
0.875
 40
0.875
 40
0.875
 40
0.875
 40
1
 40
1
 40
1
 40
1
 10
161.47285
 20
-4.781630000000003
 30
0
 10
161.47285
 20
-4.781630000000003
 30
0
 10
161.84458
 20
-5.568230000000003
 30
0
 10
161.84458
 20
-5.568230000000003
 30
0
 10
161.84458
 20
-5.568230000000003
 30
0
 10
161.84458
 20
-5.568230000000003
 30
0
 10
161.60413
 20
-5.568230000000003
 30
0
 10
161.60413
 20
-5.568230000000003
 30
0
 10
161.60413
 20
-5.568230000000003
 30
0
 10
161.60413
 20
-5.568230000000003
 30
0
 10
161.36371
 20
-5.568230000000003
 30
0
 10
161.36371
 20
-5.568230000000003
 30
0
 10
161.36371
 20
-5.568230000000003
 30
0
 10
161.36371
 20
-5.568230000000003
 30
0
 10
161.01148
 20
-4.813730000000003
 30
0
 10
161.01148
 20
-4.813730000000003
 30
0
 10
161.01148
 20
-4.813730000000003
 30
0
 10
161.01148
 20
-4.813730000000003
 30
0
 10
160.65922
 20
-4.059259999999998
 30
0
 10
160.65922
 20
-4.059259999999998
 30
0
 10
160.65922
 20
-4.059259999999998
 30
0
 10
160.65922
 20
-4.059259999999998
 30
0
 10
160.1788
 20
-4.059259999999998
 30
0
 10
160.1788
 20
-4.059259999999998
 30
0
 10
160.1788
 20
-4.059259999999998
 30
0
 10
160.1788
 20
-4.059259999999998
 30
0
 10
159.69838
 20
-4.059259999999998
 30
0
 10
159.69838
 20
-4.059259999999998
 30
0
 10
159.69838
 20
-4.059259999999998
 30
0
 10
159.69838
 20
-4.059259999999998
 30
0
 10
159.69274
 20
-4.813730000000003
 30
0
 10
159.69274
 20
-4.813730000000003
 30
0
 10
159.69274
 20
-4.813730000000003
 30
0
 10
159.69274
 20
-4.813730000000003
 30
0
 10
159.68713
 20
-5.568230000000003
 30
0
 10
159.68713
 20
-5.568230000000003
 30
0
 10
159.68713
 20
-5.568230000000003
 30
0
 10
159.68713
 20
-5.568230000000003
 30
0
 10
159.47338
 20
-5.568230000000003
 30
0
 10
159.47338
 20
-5.568230000000003
 30
0
 10
159.47338
 20
-5.568230000000003
 30
0
 10
159.47338
 20
-5.568230000000003
 30
0
 10
159.2596
 20
-5.568230000000003
 30
0
 10
159.2596
 20
-5.568230000000003
 30
0
 10
159.2596
 20
-5.568230000000003
 30
0
 10
159.2596
 20
-5.568230000000003
 30
0
 10
159.2596
 20
-3.599090000000004
 30
0
 10
159.2596
 20
-3.599090000000004
 30
0
 10
159.2596
 20
-3.599090000000004
 30
0
 10
159.2596
 20
-3.599090000000004
 30
0
 10
159.2596
 20
-3.599150000000002
 30
0
 10
159.2596
 20
-3.599150000000002
 30
0
 10
159.2596
 20
-3.599150000000002
 30
0
 10
159.2596
 20
-3.599150000000002
 30
0
 10
159.2596
 20
-1.630009999999999
 30
0
 10
159.2596
 20
-1.630009999999999
 30
0
 10
159.2596
 20
-1.630009999999999
 30
0
 10
159.2596
 20
-1.630009999999999
 30
0
 10
160.0462
 20
-1.630279999999999
 30
0
 10
160.0462
 20
-1.630279999999999
 30
0
  0
SPLINE
  5
B5
100
AcDbEntity
  8
layer 1
  6
CONTINUOUS
 62
    1
370
    5
100
AcDbSpline
210
0
220
0
230
0
 70
    8
 71
    3
 72
   28
 73
   24
 74
    0
 42
1e-07
 43
1e-07
 40
0
 40
0
 40
0
 40
0
 40
0.1428571
 40
0.1428571
 40
0.1428571
 40
0.1428571
 40
0.2857143
 40
0.2857143
 40
0.2857143
 40
0.2857143
 40
0.4285714
 40
0.4285714
 40
0.4285714
 40
0.4285714
 40
0.5714286
 40
0.5714286
 40
0.5714286
 40
0.5714286
 40
0.7142856999999999
 40
0.7142856999999999
 40
0.7142856999999999
 40
0.7142856999999999
 40
1
 40
1
 40
1
 40
1
 10
160.0462
 20
-1.630279999999999
 30
0
 10
160.9003
 20
-1.630520000000001
 30
0
 10
160.99567
 20
-1.640450000000001
 30
0
 10
161.21311
 20
-1.750579999999999
 30
0
 10
161.21311
 20
-1.750579999999999
 30
0
 10
161.38072
 20
-1.835449999999998
 30
0
 10
161.45491
 20
-1.899620000000002
 30
0
 10
161.54986
 20
-2.041820000000001
 30
0
 10
161.54986
 20
-2.041820000000001
 30
0
 10
161.69575
 20
-2.260279999999998
 30
0
 10
161.73175
 20
-2.4161
 30
0
 10
161.7316
 20
-2.828569999999999
 30
0
 10
161.7316
 20
-2.828569999999999
 30
0
 10
161.7316
 20
-3.11009
 30
0
 10
161.72356
 20
-3.207560000000001
 30
0
 10
161.69227
 20
-3.309230000000003
 30
0
 10
161.69227
 20
-3.309230000000003
 30
0
 10
161.60131
 20
-3.60482
 30
0
 10
161.46223
 20
-3.786619999999999
 30
0
 10
161.23843
 20
-3.902329999999999
 30
0
 10
161.23843
 20
-3.902329999999999
 30
0
 10
161.16256
 20
-3.941570000000002
 30
0
 10
161.10064
 20
-3.978470000000002
 30
0
 10
161.10082
 20
-3.984350000000003
 30
0
  0
SPLINE
  5
B6
100
AcDbEntity
  8
layer 1
  6
CONTINUOUS
 62
    1
370
    5
100
AcDbSpline
210
0
220
0
230
0
 70
   11
 71
    3
 72
   68
 73
   64
 74
    0
 42
1e-07
 43
1e-07
 40
0
 40
0
 40
0
 40
0
 40
0.0588235
 40
0.0588235
 40
0.0588235
 40
0.0588235
 40
0.1176471
 40
0.1176471
 40
0.1176471
 40
0.1176471
 40
0.1764706
 40
0.1764706
 40
0.1764706
 40
0.1764706
 40
0.2352941
 40
0.2352941
 40
0.2352941
 40
0.2352941
 40
0.2941176
 40
0.2941176
 40
0.2941176
 40
0.2941176
 40
0.3529412
 40
0.3529412
 40
0.3529412
 40
0.3529412
 40
0.4117647
 40
0.4117647
 40
0.4117647
 40
0.4117647
 40
0.4705882
 40
0.4705882
 40
0.4705882
 40
0.4705882
 40
0.5294118
 40
0.5294118
 40
0.5294118
 40
0.5294118
 40
0.5882353
 40
0.5882353
 40
0.5882353
 40
0.5882353
 40
0.6470587999999999
 40
0.6470587999999999
 40
0.6470587999999999
 40
0.6470587999999999
 40
0.7058824
 40
0.7058824
 40
0.7058824
 40
0.7058824
 40
0.7647058999999999
 40
0.7647058999999999
 40
0.7647058999999999
 40
0.7647058999999999
 40
0.8235294
 40
0.8235294
 40
0.8235294
 40
0.8235294
 40
0.8823529
 40
0.8823529
 40
0.8823529
 40
0.8823529
 40
1
 40
1
 40
1
 40
1
 10
166.23718
 20
-0.8915900000000008
 30
0
 10
166.23718
 20
-0.8915900000000008
 30
0
 10
166.23718
 20
-0.4956199999999988
 30
0
 10
166.23718
 20
-0.4956199999999988
 30
0
 10
166.23718
 20
-0.4956199999999988
 30
0
 10
166.23718
 20
-0.4956199999999988
 30
0
 10
166.11946
 20
-0.4956199999999988
 30
0
 10
166.11946
 20
-0.4956199999999988
 30
0
 10
166.11946
 20
-0.4956199999999988
 30
0
 10
166.11946
 20
-0.4956199999999988
 30
0
 10
166.00174
 20
-0.4956199999999988
 30
0
 10
166.00174
 20
-0.4956199999999988
 30
0
 10
166.00174
 20
-0.4956199999999988
 30
0
 10
166.00174
 20
-0.4956199999999988
 30
0
 10
166.00174
 20
-0.4207100000000032
 30
0
 10
166.00174
 20
-0.4207100000000032
 30
0
 10
166.00174
 20
-0.4207100000000032
 30
0
 10
166.00174
 20
-0.4207100000000032
 30
0
 10
166.00174
 20
-0.3458000000000006
 30
0
 10
166.00174
 20
-0.3458000000000006
 30
0
 10
166.00174
 20
-0.3458000000000006
 30
0
 10
166.00174
 20
-0.3458000000000006
 30
0
 10
166.3228
 20
-0.3458000000000006
 30
0
 10
166.3228
 20
-0.3458000000000006
 30
0
 10
166.3228
 20
-0.3458000000000006
 30
0
 10
166.3228
 20
-0.3458000000000006
 30
0
 10
166.64386
 20
-0.3458000000000006
 30
0
 10
166.64386
 20
-0.3458000000000006
 30
0
 10
166.64386
 20
-0.3458000000000006
 30
0
 10
166.64386
 20
-0.3458000000000006
 30
0
 10
166.64386
 20
-0.4207100000000032
 30
0
 10
166.64386
 20
-0.4207100000000032
 30
0
 10
166.64386
 20
-0.4207100000000032
 30
0
 10
166.64386
 20
-0.4207100000000032
 30
0
 10
166.64386
 20
-0.4956199999999988
 30
0
 10
166.64386
 20
-0.4956199999999988
 30
0
 10
166.64386
 20
-0.4956199999999988
 30
0
 10
166.64386
 20
-0.4956199999999988
 30
0
 10
166.53682
 20
-0.4956199999999988
 30
0
 10
166.53682
 20
-0.4956199999999988
 30
0
 10
166.53682
 20
-0.4956199999999988
 30
0
 10
166.53682
 20
-0.4956199999999988
 30
0
 10
166.42981
 20
-0.4956199999999988
 30
0
 10
166.42981
 20
-0.4956199999999988
 30
0
 10
166.42981
 20
-0.4956199999999988
 30
0
 10
166.42981
 20
-0.4956199999999988
 30
0
 10
166.42981
 20
-0.8915900000000008
 30
0
 10
166.42981
 20
-0.8915900000000008
 30
0
 10
166.42981
 20
-0.8915900000000008
 30
0
 10
166.42981
 20
-0.8915900000000008
 30
0
 10
166.42981
 20
-1.287560000000003
 30
0
 10
166.42981
 20
-1.287560000000003
 30
0
 10
166.42981
 20
-1.287560000000003
 30
0
 10
166.42981
 20
-1.287560000000003
 30
0
 10
166.33351
 20
-1.287560000000003
 30
0
 10
166.33351
 20
-1.287560000000003
 30
0
 10
166.33351
 20
-1.287560000000003
 30
0
 10
166.33351
 20
-1.287560000000003
 30
0
 10
166.23718
 20
-1.287560000000003
 30
0
 10
166.23718
 20
-1.287560000000003
 30
0
 10
166.23718
 20
-1.287560000000003
 30
0
 10
166.23718
 20
-1.287560000000003
 30
0
 10
166.23718
 20
-0.8915900000000008
 30
0
 10
166.23718
 20
-0.8915900000000008
 30
0
  0
SPLINE
  5
B7
100
AcDbEntity
  8
layer 1
  6
CONTINUOUS
 62
    1
370
    5
100
AcDbSpline
210
0
220
0
230
0
 70
    8
 71
    3
 72
    8
 73
    4
 74
    0
 42
1e-07
 43
1e-07
 40
0
 40
0
 40
0
 40
0
 40
1
 40
1
 40
1
 40
1
 10
157.9009
 20
-11.49563
 30
0
 10
157.9009
 20
-11.49563
 30
0
 10
157.90093
 20
-11.49566
 30
0
 10
157.90093
 20
-11.49566
 30
0
  0
SPLINE
  5
B8
100
AcDbEntity
  8
layer 1
  6
CONTINUOUS
 62
    1
370
    5
100
AcDbSpline
210
0
220
0
230
0
 70
    8
 71
    3
 72
   16
 73
   12
 74
    0
 42
1e-07
 43
1e-07
 40
0
 40
0
 40
0
 40
0
 40
0.25
 40
0.25
 40
0.25
 40
0.25
 40
0.5
 40
0.5
 40
0.5
 40
0.5
 40
1
 40
1
 40
1
 40
1
 10
157.90093
 20
-11.49566
 30
0
 10
157.64737
 20
-11.45327
 30
0
 10
157.36966
 20
-11.30909
 30
0
 10
157.2508
 20
-11.1581
 30
0
 10
157.2508
 20
-11.1581
 30
0
 10
157.16389
 20
-11.04776
 30
0
 10
157.08226
 20
-10.87862
 30
0
 10
157.04014
 20
-10.7216
 30
0
 10
157.04014
 20
-10.7216
 30
0
 10
157.00834
 20
-10.60319
 30
0
 10
157.00321
 20
-10.40729
 30
0
 10
156.99643
 20
-9.05171
 30
0
  0
SPLINE
  5
B9
100
AcDbEntity
  8
layer 1
  6
CONTINUOUS
 62
    1
370
    5
100
AcDbSpline
210
0
220
0
230
0
 70
    8
 71
    3
 72
   20
 73
   16
 74
    0
 42
1e-07
 43
1e-07
 40
0
 40
0
 40
0
 40
0
 40
0.2
 40
0.2
 40
0.2
 40
0.2
 40
0.4
 40
0.4
 40
0.4
 40
0.4
 40
0.6
 40
0.6
 40
0.6
 40
0.6
 40
1
 40
1
 40
1
 40
1
 10
156.99643
 20
-9.05171
 30
0
 10
156.99643
 20
-9.05171
 30
0
 10
156.98875
 20
-7.516010000000001
 30
0
 10
156.98875
 20
-7.516010000000001
 30
0
 10
156.98875
 20
-7.516010000000001
 30
0
 10
156.98875
 20
-7.516010000000001
 30
0
 10
157.21453
 20
-7.516010000000001
 30
0
 10
157.21453
 20
-7.516010000000001
 30
0
 10
157.21453
 20
-7.516010000000001
 30
0
 10
157.21453
 20
-7.516010000000001
 30
0
 10
157.44031
 20
-7.516010000000001
 30
0
 10
157.44031
 20
-7.516010000000001
 30
0
 10
157.44031
 20
-7.516010000000001
 30
0
 10
157.44031
 20
-7.516010000000001
 30
0
 10
157.44031
 20
-9.0227
 30
0
 10
157.44031
 20
-9.0227
 30
0
  0
SPLINE
  5
BA
100
AcDbEntity
  8
layer 1
  6
CONTINUOUS
 62
    1
370
    5
100
AcDbSpline
210
0
220
0
230
0
 70
    8
 71
    3
 72
   24
 73
   20
 74
    0
 42
1e-07
 43
1e-07
 40
0
 40
0
 40
0
 40
0
 40
0.1666667
 40
0.1666667
 40
0.1666667
 40
0.1666667
 40
0.3333333
 40
0.3333333
 40
0.3333333
 40
0.3333333
 40
0.5
 40
0.5
 40
0.5
 40
0.5
 40
0.6666666999999999
 40
0.6666666999999999
 40
0.6666666999999999
 40
0.6666666999999999
 40
1
 40
1
 40
1
 40
1
 10
157.44031
 20
-9.0227
 30
0
 10
157.44031
 20
-10.48814
 30
0
 10
157.44157
 20
-10.53338
 30
0
 10
157.4848
 20
-10.67351
 30
0
 10
157.4848
 20
-10.67351
 30
0
 10
157.51954
 20
-10.78589
 30
0
 10
157.55161
 20
-10.83989
 30
0
 10
157.63057
 20
-10.91885
 30
0
 10
157.63057
 20
-10.91885
 30
0
 10
157.76845
 20
-11.05673
 30
0
 10
157.92184
 20
-11.11277
 30
0
 10
158.2021
 20
-11.12759
 30
0
 10
158.2021
 20
-11.12759
 30
0
 10
158.68534
 20
-11.15318
 30
0
 10
158.96863
 20
-11.00612
 30
0
 10
159.08416
 20
-10.66979
 30
0
 10
159.08416
 20
-10.66979
 30
0
 10
159.11581
 20
-10.57754
 30
0
 10
159.12049
 20
-10.39676
 30
0
 10
159.12631
 20
-9.041029999999999
 30
0
  0
SPLINE
  5
BB
100
AcDbEntity
  8
layer 1
  6
CONTINUOUS
 62
    1
370
    5
100
AcDbSpline
210
0
220
0
230
0
 70
    8
 71
    3
 72
   20
 73
   16
 74
    0
 42
1e-07
 43
1e-07
 40
0
 40
0
 40
0
 40
0
 40
0.2
 40
0.2
 40
0.2
 40
0.2
 40
0.4
 40
0.4
 40
0.4
 40
0.4
 40
0.6
 40
0.6
 40
0.6
 40
0.6
 40
1
 40
1
 40
1
 40
1
 10
159.12631
 20
-9.041029999999999
 30
0
 10
159.12631
 20
-9.041029999999999
 30
0
 10
159.13282
 20
-7.516010000000001
 30
0
 10
159.13282
 20
-7.516010000000001
 30
0
 10
159.13282
 20
-7.516010000000001
 30
0
 10
159.13282
 20
-7.516010000000001
 30
0
 10
159.35857
 20
-7.516010000000001
 30
0
 10
159.35857
 20
-7.516010000000001
 30
0
 10
159.35857
 20
-7.516010000000001
 30
0
 10
159.35857
 20
-7.516010000000001
 30
0
 10
159.58435
 20
-7.516010000000001
 30
0
 10
159.58435
 20
-7.516010000000001
 30
0
 10
159.58435
 20
-7.516010000000001
 30
0
 10
159.58435
 20
-7.516010000000001
 30
0
 10
159.5755
 20
-9.041029999999999
 30
0
 10
159.5755
 20
-9.041029999999999
 30
0
  0
SPLINE
  5
BC
100
AcDbEntity
  8
layer 1
  6
CONTINUOUS
 62
    1
370
    5
100
AcDbSpline
210
0
220
0
230
0
 70
    8
 71
    3
 72
   20
 73
   16
 74
    0
 42
1e-07
 43
1e-07
 40
0
 40
0
 40
0
 40
0
 40
0.2
 40
0.2
 40
0.2
 40
0.2
 40
0.4
 40
0.4
 40
0.4
 40
0.4
 40
0.6
 40
0.6
 40
0.6
 40
0.6
 40
1
 40
1
 40
1
 40
1
 10
159.5755
 20
-9.041029999999999
 30
0
 10
159.56695
 20
-10.52117
 30
0
 10
159.56533
 20
-10.57097
 30
0
 10
159.52066
 20
-10.73351
 30
0
 10
159.52066
 20
-10.73351
 30
0
 10
159.4597
 20
-10.95521
 30
0
 10
159.38389
 20
-11.08931
 30
0
 10
159.24559
 20
-11.22011000000001
 30
0
 10
159.24559
 20
-11.22011000000001
 30
0
 10
159.02365
 20
-11.42999
 30
0
 10
158.72494
 20
-11.52038
 30
0
 10
158.26783
 20
-11.51597
 30
0
 10
158.26783
 20
-11.51597
 30
0
 10
158.12467
 20
-11.51471
 30
0
 10
157.95955
 20
-11.50544
 30
0
 10
157.90093
 20
-11.49566
 30
0
  0
SPLINE
  5
BD
100
AcDbEntity
  8
layer 1
  6
CONTINUOUS
 62
    1
370
    5
100
AcDbSpline
210
0
220
0
230
0
 70
    8
 71
    3
 72
    8
 73
    4
 74
    0
 42
1e-07
 43
1e-07
 40
0
 40
0
 40
0
 40
0
 40
1
 40
1
 40
1
 40
1
 10
157.90093
 20
-11.49566
 30
0
 10
157.90093
 20
-11.49566
 30
0
 10
157.9009
 20
-11.49563
 30
0
 10
157.9009
 20
-11.49563
 30
0
  0
SPLINE
  5
BE
100
AcDbEntity
  8
layer 1
  6
CONTINUOUS
 62
    1
370
    5
100
AcDbSpline
210
0
220
0
230
0
 70
    8
 71
    3
 72
   32
 73
   28
 74
    0
 42
1e-07
 43
1e-07
 40
0
 40
0
 40
0
 40
0
 40
0.125
 40
0.125
 40
0.125
 40
0.125
 40
0.25
 40
0.25
 40
0.25
 40
0.25
 40
0.375
 40
0.375
 40
0.375
 40
0.375
 40
0.5
 40
0.5
 40
0.5
 40
0.5
 40
0.625
 40
0.625
 40
0.625
 40
0.625
 40
0.75
 40
0.75
 40
0.75
 40
0.75
 40
1
 40
1
 40
1
 40
1
 10
145.5613
 20
-11.44775
 30
0
 10
145.5613
 20
-11.43158
 30
0
 10
145.78765
 20
-10.54349
 30
0
 10
146.06428
 20
-9.474230000000002
 30
0
 10
146.06428
 20
-9.474230000000002
 30
0
 10
146.34091
 20
-8.404970000000002
 30
0
 10
146.56726
 20
-7.526960000000003
 30
0
 10
146.56726
 20
-7.523060000000001
 30
0
 10
146.56726
 20
-7.523060000000001
 30
0
 10
146.56726
 20
-7.519190000000002
 30
0
 10
146.76472
 20
-7.516010000000001
 30
0
 10
147.00604
 20
-7.516010000000001
 30
0
 10
147.00604
 20
-7.516010000000001
 30
0
 10
147.24739
 20
-7.516010000000001
 30
0
 10
147.44482
 20
-7.52186
 30
0
 10
147.44482
 20
-7.529000000000003
 30
0
 10
147.44482
 20
-7.529000000000003
 30
0
 10
147.44482
 20
-7.536170000000002
 30
0
 10
147.67117
 20
-8.42174
 30
0
 10
147.9478
 20
-9.496970000000001
 30
0
 10
147.9478
 20
-9.496970000000001
 30
0
 10
148.22446
 20
-10.5722
 30
0
 10
148.45078
 20
-11.45762
 30
0
 10
148.45078
 20
-11.46455
 30
0
 10
148.45078
 20
-11.46455
 30
0
 10
148.45078
 20
-11.47148
 30
0
 10
148.35271
 20
-11.47442
 30
0
 10
148.23283
 20
-11.47109
 30
0
  0
SPLINE
  5
BF
100
AcDbEntity
  8
layer 1
  6
CONTINUOUS
 62
    1
370
    5
100
AcDbSpline
210
0
220
0
230
0
 70
    8
 71
    3
 72
   12
 73
    8
 74
    0
 42
1e-07
 43
1e-07
 40
0
 40
0
 40
0
 40
0
 40
0.3333333
 40
0.3333333
 40
0.3333333
 40
0.3333333
 40
1
 40
1
 40
1
 40
1
 10
148.23283
 20
-11.47109
 30
0
 10
148.23283
 20
-11.47109
 30
0
 10
148.01488
 20
-11.465
 30
0
 10
148.01488
 20
-11.465
 30
0
 10
148.01488
 20
-11.465
 30
0
 10
148.01488
 20
-11.465
 30
0
 10
147.90079
 20
-11.04761
 30
0
 10
147.90079
 20
-11.04761
 30
0
  0
SPLINE
  5
C0
100
AcDbEntity
  8
layer 1
  6
CONTINUOUS
 62
    1
370
    5
100
AcDbSpline
210
0
220
0
230
0
 70
    8
 71
    3
 72
    8
 73
    4
 74
    0
 42
1e-07
 43
1e-07
 40
0
 40
0
 40
0
 40
0
 40
1
 40
1
 40
1
 40
1
 10
147.90079
 20
-11.04761
 30
0
 10
147.83806
 20
-10.81808
 30
0
 10
147.77686
 20
-10.59413
 30
0
 10
147.76477
 20
-10.54997
 30
0
  0
SPLINE
  5
C1
100
AcDbEntity
  8
layer 1
  6
CONTINUOUS
 62
    1
370
    5
100
AcDbSpline
210
0
220
0
230
0
 70
    8
 71
    3
 72
   20
 73
   16
 74
    0
 42
1e-07
 43
1e-07
 40
0
 40
0
 40
0
 40
0
 40
0.2
 40
0.2
 40
0.2
 40
0.2
 40
0.4
 40
0.4
 40
0.4
 40
0.4
 40
0.6
 40
0.6
 40
0.6
 40
0.6
 40
1
 40
1
 40
1
 40
1
 10
147.76477
 20
-10.54997
 30
0
 10
147.76477
 20
-10.54997
 30
0
 10
147.74284
 20
-10.46972
 30
0
 10
147.74284
 20
-10.46972
 30
0
 10
147.74284
 20
-10.46972
 30
0
 10
147.74284
 20
-10.46972
 30
0
 10
147.00583
 20
-10.46972
 30
0
 10
147.00583
 20
-10.46972
 30
0
 10
147.00583
 20
-10.46972
 30
0
 10
147.00583
 20
-10.46972
 30
0
 10
146.26882
 20
-10.46972
 30
0
 10
146.26882
 20
-10.46972
 30
0
 10
146.26882
 20
-10.46972
 30
0
 10
146.26882
 20
-10.46972
 30
0
 10
146.23672
 20
-10.5821
 30
0
 10
146.23672
 20
-10.5821
 30
0
  0
SPLINE
  5
C2
100
AcDbEntity
  8
layer 1
  6
CONTINUOUS
 62
    1
370
    5
100
AcDbSpline
210
0
220
0
230
0
 70
    8
 71
    3
 72
    8
 73
    4
 74
    0
 42
1e-07
 43
1e-07
 40
0
 40
0
 40
0
 40
0
 40
1
 40
1
 40
1
 40
1
 10
146.23672
 20
-10.5821
 30
0
 10
146.21905
 20
-10.6439
 30
0
 10
146.15755
 20
-10.86782
 30
0
 10
146.10004
 20
-11.07974
 30
0
  0
SPLINE
  5
C3
100
AcDbEntity
  8
layer 1
  6
CONTINUOUS
 62
    1
370
    5
100
AcDbSpline
210
0
220
0
230
0
 70
    8
 71
    3
 72
   12
 73
    8
 74
    0
 42
1e-07
 43
1e-07
 40
0
 40
0
 40
0
 40
0
 40
0.3333333
 40
0.3333333
 40
0.3333333
 40
0.3333333
 40
1
 40
1
 40
1
 40
1
 10
146.10004
 20
-11.07974
 30
0
 10
146.10004
 20
-11.07974
 30
0
 10
145.99549
 20
-11.465
 30
0
 10
145.99549
 20
-11.465
 30
0
 10
145.99549
 20
-11.465
 30
0
 10
145.99549
 20
-11.465
 30
0
 10
145.77841
 20
-11.47109
 30
0
 10
145.77841
 20
-11.47109
 30
0
  0
SPLINE
  5
C4
100
AcDbEntity
  8
layer 1
  6
CONTINUOUS
 62
    1
370
    5
100
AcDbSpline
210
0
220
0
230
0
 70
    8
 71
    3
 72
    8
 73
    4
 74
    0
 42
1e-07
 43
1e-07
 40
0
 40
0
 40
0
 40
0
 40
1
 40
1
 40
1
 40
1
 10
145.77841
 20
-11.47109
 30
0
 10
145.60552
 20
-11.47595
 30
0
 10
145.5613
 20
-11.47118
 30
0
 10
145.5613
 20
-11.44775
 30
0
  0
SPLINE
  5
C5
100
AcDbEntity
  8
layer 1
  6
CONTINUOUS
 62
    1
370
    5
100
AcDbSpline
210
0
220
0
230
0
 70
    8
 71
    3
 72
   12
 73
    8
 74
    0
 42
1e-07
 43
1e-07
 40
0
 40
0
 40
0
 40
0
 40
0.3333333
 40
0.3333333
 40
0.3333333
 40
0.3333333
 40
1
 40
1
 40
1
 40
1
 10
153.17863
 20
-8.414659999999998
 30
0
 10
153.17863
 20
-8.414659999999998
 30
0
 10
153.61504
 20
-7.516010000000001
 30
0
 10
153.61504
 20
-7.516010000000001
 30
0
 10
153.61504
 20
-7.516010000000001
 30
0
 10
153.61504
 20
-7.516010000000001
 30
0
 10
153.84748
 20
-7.516010000000001
 30
0
 10
153.84748
 20
-7.516010000000001
 30
0
  0
SPLINE
  5
C6
100
AcDbEntity
  8
layer 1
  6
CONTINUOUS
 62
    1
370
    5
100
AcDbSpline
210
0
220
0
230
0
 70
    8
 71
    3
 72
   12
 73
    8
 74
    0
 42
1e-07
 43
1e-07
 40
0
 40
0
 40
0
 40
0
 40
0.3333333
 40
0.3333333
 40
0.3333333
 40
0.3333333
 40
1
 40
1
 40
1
 40
1
 10
153.84748
 20
-7.516010000000001
 30
0
 10
153.97534
 20
-7.516010000000001
 30
0
 10
154.07992
 20
-7.520870000000002
 30
0
 10
154.07992
 20
-7.526780000000002
 30
0
 10
154.07992
 20
-7.526780000000002
 30
0
 10
154.07992
 20
-7.532720000000001
 30
0
 10
153.82471
 20
-8.047970000000003
 30
0
 10
153.51274
 20
-8.671790000000001
 30
0
  0
SPLINE
  5
C7
100
AcDbEntity
  8
layer 1
  6
CONTINUOUS
 62
    1
370
    5
100
AcDbSpline
210
0
220
0
230
0
 70
    8
 71
    3
 72
   52
 73
   48
 74
    0
 42
1e-07
 43
1e-07
 40
0
 40
0
 40
0
 40
0
 40
0.07692309999999999
 40
0.07692309999999999
 40
0.07692309999999999
 40
0.07692309999999999
 40
0.1538462
 40
0.1538462
 40
0.1538462
 40
0.1538462
 40
0.2307692
 40
0.2307692
 40
0.2307692
 40
0.2307692
 40
0.3076923
 40
0.3076923
 40
0.3076923
 40
0.3076923
 40
0.3846154
 40
0.3846154
 40
0.3846154
 40
0.3846154
 40
0.4615385
 40
0.4615385
 40
0.4615385
 40
0.4615385
 40
0.5384614999999999
 40
0.5384614999999999
 40
0.5384614999999999
 40
0.5384614999999999
 40
0.6153845999999999
 40
0.6153845999999999
 40
0.6153845999999999
 40
0.6153845999999999
 40
0.6923077
 40
0.6923077
 40
0.6923077
 40
0.6923077
 40
0.7692308
 40
0.7692308
 40
0.7692308
 40
0.7692308
 40
0.8461538
 40
0.8461538
 40
0.8461538
 40
0.8461538
 40
1
 40
1
 40
1
 40
1
 10
153.51274
 20
-8.671790000000001
 30
0
 10
153.51274
 20
-8.671790000000001
 30
0
 10
152.94556
 20
-9.80603
 30
0
 10
152.94556
 20
-9.80603
 30
0
 10
152.94556
 20
-9.80603
 30
0
 10
152.94556
 20
-9.80603
 30
0
 10
152.94556
 20
-10.64084
 30
0
 10
152.94556
 20
-10.64084
 30
0
 10
152.94556
 20
-10.64084
 30
0
 10
152.94556
 20
-10.64084
 30
0
 10
152.94556
 20
-11.47568
 30
0
 10
152.94556
 20
-11.47568
 30
0
 10
152.94556
 20
-11.47568
 30
0
 10
152.94556
 20
-11.47568
 30
0
 10
152.73151
 20
-11.47568
 30
0
 10
152.73151
 20
-11.47568
 30
0
 10
152.73151
 20
-11.47568
 30
0
 10
152.73151
 20
-11.47568
 30
0
 10
152.51746
 20
-11.47568
 30
0
 10
152.51746
 20
-11.47568
 30
0
 10
152.51746
 20
-11.47568
 30
0
 10
152.51746
 20
-11.47568
 30
0
 10
152.51746
 20
-10.63868
 30
0
 10
152.51746
 20
-10.63868
 30
0
 10
152.51746
 20
-10.63868
 30
0
 10
152.51746
 20
-10.63868
 30
0
 10
152.51746
 20
-9.801649999999999
 30
0
 10
152.51746
 20
-9.801649999999999
 30
0
 10
152.51746
 20
-9.801649999999999
 30
0
 10
152.51746
 20
-9.801649999999999
 30
0
 10
151.94242
 20
-8.658830000000002
 30
0
 10
151.94242
 20
-8.658830000000002
 30
0
 10
151.94242
 20
-8.658830000000002
 30
0
 10
151.94242
 20
-8.658830000000002
 30
0
 10
151.36732
 20
-7.516010000000001
 30
0
 10
151.36732
 20
-7.516010000000001
 30
0
 10
151.36732
 20
-7.516010000000001
 30
0
 10
151.36732
 20
-7.516010000000001
 30
0
 10
151.60669
 20
-7.516010000000001
 30
0
 10
151.60669
 20
-7.516010000000001
 30
0
 10
151.60669
 20
-7.516010000000001
 30
0
 10
151.60669
 20
-7.516010000000001
 30
0
 10
151.84606
 20
-7.516010000000001
 30
0
 10
151.84606
 20
-7.516010000000001
 30
0
 10
151.84606
 20
-7.516010000000001
 30
0
 10
151.84606
 20
-7.516010000000001
 30
0
 10
152.28343
 20
-8.414570000000001
 30
0
 10
152.28343
 20
-8.414570000000001
 30
0
  0
SPLINE
  5
C8
100
AcDbEntity
  8
layer 1
  6
CONTINUOUS
 62
    1
370
    5
100
AcDbSpline
210
0
220
0
230
0
 70
    8
 71
    3
 72
   12
 73
    8
 74
    0
 42
1e-07
 43
1e-07
 40
0
 40
0
 40
0
 40
0
 40
0.3333333
 40
0.3333333
 40
0.3333333
 40
0.3333333
 40
1
 40
1
 40
1
 40
1
 10
152.28343
 20
-8.414570000000001
 30
0
 10
152.524
 20
-8.908820000000002
 30
0
 10
152.72563
 20
-9.313190000000002
 30
0
 10
152.73151
 20
-9.313220000000001
 30
0
 10
152.73151
 20
-9.313220000000001
 30
0
 10
152.73739
 20
-9.313279999999999
 30
0
 10
152.9386
 20
-8.908910000000002
 30
0
 10
153.17863
 20
-8.414659999999998
 30
0
  0
SPLINE
  5
C9
100
AcDbEntity
  8
layer 1
  6
CONTINUOUS
 62
    1
370
    5
100
AcDbSpline
210
0
220
0
230
0
 70
    8
 71
    3
 72
   20
 73
   16
 74
    0
 42
1e-07
 43
1e-07
 40
0
 40
0
 40
0
 40
0
 40
0.2
 40
0.2
 40
0.2
 40
0.2
 40
0.4
 40
0.4
 40
0.4
 40
0.4
 40
0.6
 40
0.6
 40
0.6
 40
0.6
 40
1
 40
1
 40
1
 40
1
 10
162.97915
 20
-9.608239999999999
 30
0
 10
162.97915
 20
-9.608239999999999
 30
0
 10
162.47491
 20
-11.31515
 30
0
 10
162.47491
 20
-11.31515
 30
0
 10
162.47491
 20
-11.31515
 30
0
 10
162.47491
 20
-11.31515
 30
0
 10
162.19963
 20
-11.32094
 30
0
 10
162.19963
 20
-11.32094
 30
0
 10
162.19963
 20
-11.32094
 30
0
 10
162.19963
 20
-11.32094
 30
0
 10
161.92435
 20
-11.32673
 30
0
 10
161.92435
 20
-11.32673
 30
0
 10
161.92435
 20
-11.32673
 30
0
 10
161.92435
 20
-11.32673
 30
0
 10
161.42158
 20
-9.61403
 30
0
 10
161.42158
 20
-9.61403
 30
0
  0
SPLINE
  5
CA
100
AcDbEntity
  8
layer 1
  6
CONTINUOUS
 62
    1
370
    5
100
AcDbSpline
210
0
220
0
230
0
 70
    8
 71
    3
 72
   12
 73
    8
 74
    0
 42
1e-07
 43
1e-07
 40
0
 40
0
 40
0
 40
0
 40
0.3333333
 40
0.3333333
 40
0.3333333
 40
0.3333333
 40
1
 40
1
 40
1
 40
1
 10
161.42158
 20
-9.61403
 30
0
 10
161.00176
 20
-8.18393
 30
0
 10
160.9126
 20
-7.901300000000003
 30
0
 10
160.88113
 20
-7.901300000000003
 30
0
 10
160.88113
 20
-7.901300000000003
 30
0
 10
160.84549
 20
-7.901300000000003
 30
0
 10
160.84348
 20
-7.996850000000002
 30
0
 10
160.84348
 20
-9.68852
 30
0
  0
SPLINE
  5
CB
100
AcDbEntity
  8
layer 1
  6
CONTINUOUS
 62
    1
370
    5
100
AcDbSpline
210
0
220
0
230
0
 70
    8
 71
    3
 72
   36
 73
   32
 74
    0
 42
1e-07
 43
1e-07
 40
0
 40
0
 40
0
 40
0
 40
0.1111111
 40
0.1111111
 40
0.1111111
 40
0.1111111
 40
0.2222222
 40
0.2222222
 40
0.2222222
 40
0.2222222
 40
0.3333333
 40
0.3333333
 40
0.3333333
 40
0.3333333
 40
0.4444444
 40
0.4444444
 40
0.4444444
 40
0.4444444
 40
0.5555555999999999
 40
0.5555555999999999
 40
0.5555555999999999
 40
0.5555555999999999
 40
0.6666666999999999
 40
0.6666666999999999
 40
0.6666666999999999
 40
0.6666666999999999
 40
0.7777778
 40
0.7777778
 40
0.7777778
 40
0.7777778
 40
1
 40
1
 40
1
 40
1
 10
160.84348
 20
-9.68852
 30
0
 10
160.84348
 20
-9.68852
 30
0
 10
160.84348
 20
-11.47571
 30
0
 10
160.84348
 20
-11.47571
 30
0
 10
160.84348
 20
-11.47571
 30
0
 10
160.84348
 20
-11.47571
 30
0
 10
160.64014
 20
-11.47571
 30
0
 10
160.64014
 20
-11.47571
 30
0
 10
160.64014
 20
-11.47571
 30
0
 10
160.64014
 20
-11.47571
 30
0
 10
160.4368
 20
-11.47571
 30
0
 10
160.4368
 20
-11.47571
 30
0
 10
160.4368
 20
-11.47571
 30
0
 10
160.4368
 20
-11.47571
 30
0
 10
160.4368
 20
-9.49586
 30
0
 10
160.4368
 20
-9.49586
 30
0
 10
160.4368
 20
-9.49586
 30
0
 10
160.4368
 20
-9.49586
 30
0
 10
160.4368
 20
-7.516010000000001
 30
0
 10
160.4368
 20
-7.516010000000001
 30
0
 10
160.4368
 20
-7.516010000000001
 30
0
 10
160.4368
 20
-7.516010000000001
 30
0
 10
160.81849
 20
-7.516010000000001
 30
0
 10
160.81849
 20
-7.516010000000001
 30
0
 10
160.81849
 20
-7.516010000000001
 30
0
 10
160.81849
 20
-7.516010000000001
 30
0
 10
161.20021
 20
-7.516010000000001
 30
0
 10
161.20021
 20
-7.516010000000001
 30
0
 10
161.20021
 20
-7.516010000000001
 30
0
 10
161.20021
 20
-7.516010000000001
 30
0
 10
161.6776
 20
-9.126649999999998
 30
0
 10
161.6776
 20
-9.126649999999998
 30
0
  0
SPLINE
  5
CC
100
AcDbEntity
  8
layer 1
  6
CONTINUOUS
 62
    1
370
    5
100
AcDbSpline
210
0
220
0
230
0
 70
    8
 71
    3
 72
    8
 73
    4
 74
    0
 42
1e-07
 43
1e-07
 40
0
 40
0
 40
0
 40
0
 40
1
 40
1
 40
1
 40
1
 10
161.6776
 20
-9.126649999999998
 30
0
 10
161.94019
 20
-10.01249
 30
0
 10
162.16462
 20
-10.77098
 30
0
 10
162.17629
 20
-10.81217
 30
0
  0
SPLINE
  5
CD
100
AcDbEntity
  8
layer 1
  6
CONTINUOUS
 62
    1
370
    5
100
AcDbSpline
210
0
220
0
230
0
 70
    8
 71
    3
 72
   12
 73
    8
 74
    0
 42
1e-07
 43
1e-07
 40
0
 40
0
 40
0
 40
0
 40
0.3333333
 40
0.3333333
 40
0.3333333
 40
0.3333333
 40
1
 40
1
 40
1
 40
1
 10
162.17629
 20
-10.81217
 30
0
 10
162.17629
 20
-10.81217
 30
0
 10
162.19756
 20
-10.88708
 30
0
 10
162.19756
 20
-10.88708
 30
0
 10
162.19756
 20
-10.88708
 30
0
 10
162.19756
 20
-10.88708
 30
0
 10
162.22348
 20
-10.81217
 30
0
 10
162.22348
 20
-10.81217
 30
0
  0
SPLINE
  5
CE
100
AcDbEntity
  8
layer 1
  6
CONTINUOUS
 62
    1
370
    5
100
AcDbSpline
210
0
220
0
230
0
 70
    8
 71
    3
 72
    8
 73
    4
 74
    0
 42
1e-07
 43
1e-07
 40
0
 40
0
 40
0
 40
0
 40
1
 40
1
 40
1
 40
1
 10
162.22348
 20
-10.81217
 30
0
 10
162.23776
 20
-10.77098
 30
0
 10
162.46498
 20
-10.01249
 30
0
 10
162.72847
 20
-9.126649999999998
 30
0
  0
SPLINE
  5
CF
100
AcDbEntity
  8
layer 1
  6
CONTINUOUS
 62
    1
370
    5
100
AcDbSpline
210
0
220
0
230
0
 70
    8
 71
    3
 72
   36
 73
   32
 74
    0
 42
1e-07
 43
1e-07
 40
0
 40
0
 40
0
 40
0
 40
0.1111111
 40
0.1111111
 40
0.1111111
 40
0.1111111
 40
0.2222222
 40
0.2222222
 40
0.2222222
 40
0.2222222
 40
0.3333333
 40
0.3333333
 40
0.3333333
 40
0.3333333
 40
0.4444444
 40
0.4444444
 40
0.4444444
 40
0.4444444
 40
0.5555555999999999
 40
0.5555555999999999
 40
0.5555555999999999
 40
0.5555555999999999
 40
0.6666666999999999
 40
0.6666666999999999
 40
0.6666666999999999
 40
0.6666666999999999
 40
0.7777778
 40
0.7777778
 40
0.7777778
 40
0.7777778
 40
1
 40
1
 40
1
 40
1
 10
162.72847
 20
-9.126649999999998
 30
0
 10
162.72847
 20
-9.126649999999998
 30
0
 10
163.20751
 20
-7.516010000000001
 30
0
 10
163.20751
 20
-7.516010000000001
 30
0
 10
163.20751
 20
-7.516010000000001
 30
0
 10
163.20751
 20
-7.516010000000001
 30
0
 10
163.58797
 20
-7.516010000000001
 30
0
 10
163.58797
 20
-7.516010000000001
 30
0
 10
163.58797
 20
-7.516010000000001
 30
0
 10
163.58797
 20
-7.516010000000001
 30
0
 10
163.9684
 20
-7.516010000000001
 30
0
 10
163.9684
 20
-7.516010000000001
 30
0
 10
163.9684
 20
-7.516010000000001
 30
0
 10
163.9684
 20
-7.516010000000001
 30
0
 10
163.9684
 20
-9.49586
 30
0
 10
163.9684
 20
-9.49586
 30
0
 10
163.9684
 20
-9.49586
 30
0
 10
163.9684
 20
-9.49586
 30
0
 10
163.9684
 20
-11.47568
 30
0
 10
163.9684
 20
-11.47568
 30
0
 10
163.9684
 20
-11.47568
 30
0
 10
163.9684
 20
-11.47568
 30
0
 10
163.76506
 20
-11.47568
 30
0
 10
163.76506
 20
-11.47568
 30
0
 10
163.76506
 20
-11.47568
 30
0
 10
163.76506
 20
-11.47568
 30
0
 10
163.56172
 20
-11.47568
 30
0
 10
163.56172
 20
-11.47568
 30
0
 10
163.56172
 20
-11.47568
 30
0
 10
163.56172
 20
-11.47568
 30
0
 10
163.56172
 20
-9.688489999999998
 30
0
 10
163.56172
 20
-9.688489999999998
 30
0
  0
SPLINE
  5
D0
100
AcDbEntity
  8
layer 1
  6
CONTINUOUS
 62
    1
370
    5
100
AcDbSpline
210
0
220
0
230
0
 70
    8
 71
    3
 72
   12
 73
    8
 74
    0
 42
1e-07
 43
1e-07
 40
0
 40
0
 40
0
 40
0
 40
0.3333333
 40
0.3333333
 40
0.3333333
 40
0.3333333
 40
1
 40
1
 40
1
 40
1
 10
163.56172
 20
-9.688489999999998
 30
0
 10
163.56172
 20
-7.97072
 30
0
 10
163.56022
 20
-7.90127
 30
0
 10
163.52254
 20
-7.90127
 30
0
 10
163.52254
 20
-7.90127
 30
0
 10
163.48912
 20
-7.90127
 30
0
 10
163.40935
 20
-8.151889999999998
 30
0
 10
162.97915
 20
-9.608239999999999
 30
0
  0
SPLINE
  5
D1
100
AcDbEntity
  8
layer 1
  6
CONTINUOUS
 62
    1
370
    5
100
AcDbSpline
210
0
220
0
230
0
 70
    8
 71
    3
 72
    8
 73
    4
 74
    0
 42
1e-07
 43
1e-07
 40
0
 40
0
 40
0
 40
0
 40
1
 40
1
 40
1
 40
1
 10
164.28946
 20
-5.61872
 30
0
 10
164.28946
 20
-5.61872
 30
0
 10
164.28946
 20
-5.618690000000001
 30
0
 10
164.28946
 20
-5.618690000000001
 30
0
  0
SPLINE
  5
D2
100
AcDbEntity
  8
layer 1
  6
CONTINUOUS
 62
    1
370
    5
100
AcDbSpline
210
0
220
0
230
0
 70
    8
 71
    3
 72
   44
 73
   40
 74
    0
 42
1e-07
 43
1e-07
 40
0
 40
0
 40
0
 40
0
 40
0.09090909999999999
 40
0.09090909999999999
 40
0.09090909999999999
 40
0.09090909999999999
 40
0.1818182
 40
0.1818182
 40
0.1818182
 40
0.1818182
 40
0.2727273
 40
0.2727273
 40
0.2727273
 40
0.2727273
 40
0.3636364
 40
0.3636364
 40
0.3636364
 40
0.3636364
 40
0.4545455
 40
0.4545455
 40
0.4545455
 40
0.4545455
 40
0.5454545
 40
0.5454545
 40
0.5454545
 40
0.5454545
 40
0.6363635999999999
 40
0.6363635999999999
 40
0.6363635999999999
 40
0.6363635999999999
 40
0.7272727
 40
0.7272727
 40
0.7272727
 40
0.7272727
 40
0.8181818
 40
0.8181818
 40
0.8181818
 40
0.8181818
 40
1
 40
1
 40
1
 40
1
 10
164.28946
 20
-5.618690000000001
 30
0
 10
164.14903
 20
-5.608160000000002
 30
0
 10
163.46887
 20
-5.526289999999999
 30
0
 10
163.46518
 20
-5.51951
 30
0
 10
163.46518
 20
-5.51951
 30
0
 10
163.45711
 20
-5.50469
 30
0
 10
163.48897
 20
-5.18441
 30
0
 10
163.49959
 20
-5.173820000000003
 30
0
 10
163.49959
 20
-5.173820000000003
 30
0
 10
163.50658
 20
-5.166799999999999
 30
0
 10
163.67515
 20
-5.176100000000002
 30
0
 10
163.87414
 20
-5.194370000000003
 30
0
 10
163.87414
 20
-5.194370000000003
 30
0
 10
164.69416
 20
-5.269850000000002
 30
0
 10
164.93386
 20
-5.243270000000003
 30
0
 10
165.12601
 20
-5.055560000000003
 30
0
 10
165.12601
 20
-5.055560000000003
 30
0
 10
165.26935
 20
-4.915520000000001
 30
0
 10
165.32296
 20
-4.762880000000003
 30
0
 10
165.32554
 20
-4.487390000000001
 30
0
 10
165.32554
 20
-4.487390000000001
 30
0
 10
165.3268
 20
-4.35575
 30
0
 10
165.31624
 20
-4.241389999999999
 30
0
 10
165.29818
 20
-4.190300000000001
 30
0
 10
165.29818
 20
-4.190300000000001
 30
0
 10
165.22429
 20
-3.981110000000001
 30
0
 10
165.00163
 20
-3.841790000000003
 30
0
 10
164.57842
 20
-3.739940000000001
 30
0
 10
164.57842
 20
-3.739940000000001
 30
0
 10
163.68619
 20
-3.525200000000002
 30
0
 10
163.41085
 20
-3.265129999999999
 30
0
 10
163.41229
 20
-2.638400000000001
 30
0
 10
163.41229
 20
-2.638400000000001
 30
0
 10
163.41328
 20
-2.178590000000003
 30
0
 10
163.59382
 20
-1.851350000000004
 30
0
 10
163.93423
 20
-1.692050000000002
 30
0
 10
163.93423
 20
-1.692050000000002
 30
0
 10
164.25724
 20
-1.540880000000001
 30
0
 10
164.69266
 20
-1.52675
 30
0
 10
165.45088
 20
-1.642760000000003
 30
0
  0
SPLINE
  5
D3
100
AcDbEntity
  8
layer 1
  6
CONTINUOUS
 62
    1
370
    5
100
AcDbSpline
210
0
220
0
230
0
 70
    8
 71
    3
 72
   12
 73
    8
 74
    0
 42
1e-07
 43
1e-07
 40
0
 40
0
 40
0
 40
0
 40
0.3333333
 40
0.3333333
 40
0.3333333
 40
0.3333333
 40
1
 40
1
 40
1
 40
1
 10
165.45088
 20
-1.642760000000003
 30
0
 10
165.45088
 20
-1.642760000000003
 30
0
 10
165.68125
 20
-1.67801
 30
0
 10
165.68125
 20
-1.67801
 30
0
 10
165.68125
 20
-1.67801
 30
0
 10
165.68125
 20
-1.67801
 30
0
 10
165.66733
 20
-1.852010000000003
 30
0
 10
165.66733
 20
-1.852010000000003
 30
0
  0
SPLINE
  5
D4
100
AcDbEntity
  8
layer 1
  6
CONTINUOUS
 62
    1
370
    5
100
AcDbSpline
210
0
220
0
230
0
 70
    8
 71
    3
 72
   48
 73
   44
 74
    0
 42
1e-07
 43
1e-07
 40
0
 40
0
 40
0
 40
0
 40
0.0833333
 40
0.0833333
 40
0.0833333
 40
0.0833333
 40
0.1666667
 40
0.1666667
 40
0.1666667
 40
0.1666667
 40
0.25
 40
0.25
 40
0.25
 40
0.25
 40
0.3333333
 40
0.3333333
 40
0.3333333
 40
0.3333333
 40
0.4166667
 40
0.4166667
 40
0.4166667
 40
0.4166667
 40
0.5
 40
0.5
 40
0.5
 40
0.5
 40
0.5833332999999999
 40
0.5833332999999999
 40
0.5833332999999999
 40
0.5833332999999999
 40
0.6666666999999999
 40
0.6666666999999999
 40
0.6666666999999999
 40
0.6666666999999999
 40
0.75
 40
0.75
 40
0.75
 40
0.75
 40
0.8333332999999999
 40
0.8333332999999999
 40
0.8333332999999999
 40
0.8333332999999999
 40
1
 40
1
 40
1
 40
1
 10
165.66733
 20
-1.852010000000003
 30
0
 10
165.65968
 20
-1.947680000000002
 30
0
 10
165.6523
 20
-2.027449999999998
 30
0
 10
165.65101
 20
-2.029249999999998
 30
0
 10
165.65101
 20
-2.029249999999998
 30
0
 10
165.64975
 20
-2.031020000000002
 30
0
 10
165.52819
 20
-2.018239999999999
 30
0
 10
165.38104
 20
-2.000840000000004
 30
0
 10
165.38104
 20
-2.000840000000004
 30
0
 10
165.23389
 20
-1.983409999999999
 30
0
 10
164.94493
 20
-1.967570000000002
 30
0
 10
164.73895
 20
-1.965650000000004
 30
0
 10
164.73895
 20
-1.965650000000004
 30
0
 10
164.39026
 20
-1.962350000000001
 30
0
 10
164.35549
 20
-1.965650000000004
 30
0
 10
164.23594
 20
-2.013020000000001
 30
0
 10
164.23594
 20
-2.013020000000001
 30
0
 10
164.0773
 20
-2.075900000000001
 30
0
 10
163.94611
 20
-2.204929999999997
 30
0
 10
163.90648
 20
-2.337109999999999
 30
0
 10
163.90648
 20
-2.337109999999999
 30
0
 10
163.8343
 20
-2.577770000000001
 30
0
 10
163.85953
 20
-2.846150000000002
 30
0
 10
163.96849
 20
-2.996569999999998
 30
0
 10
163.96849
 20
-2.996569999999998
 30
0
 10
164.05633
 20
-3.117830000000001
 30
0
 10
164.26945
 20
-3.215060000000001
 30
0
 10
164.70682
 20
-3.333410000000001
 30
0
 10
164.70682
 20
-3.333410000000001
 30
0
 10
165.30949
 20
-3.49652
 30
0
 10
165.54886
 20
-3.637490000000003
 30
0
 10
165.68056
 20
-3.906890000000001
 30
0
 10
165.68056
 20
-3.906890000000001
 30
0
 10
165.82372
 20
-4.199809999999999
 30
0
 10
165.81382
 20
-4.726130000000001
 30
0
 10
165.65866
 20
-5.06963
 30
0
 10
165.65866
 20
-5.06963
 30
0
 10
165.54661
 20
-5.317670000000003
 30
0
 10
165.31807
 20
-5.501750000000001
 30
0
 10
165.02614
 20
-5.579120000000003
 30
0
 10
165.02614
 20
-5.579120000000003
 30
0
 10
164.89681
 20
-5.613379999999999
 30
0
 10
164.50126
 20
-5.634650000000001
 30
0
 10
164.28946
 20
-5.618690000000001
 30
0
  0
SPLINE
  5
D5
100
AcDbEntity
  8
layer 1
  6
CONTINUOUS
 62
    1
370
    5
100
AcDbSpline
210
0
220
0
230
0
 70
    8
 71
    3
 72
    8
 73
    4
 74
    0
 42
1e-07
 43
1e-07
 40
0
 40
0
 40
0
 40
0
 40
1
 40
1
 40
1
 40
1
 10
164.28946
 20
-5.618690000000001
 30
0
 10
164.28946
 20
-5.618690000000001
 30
0
 10
164.28946
 20
-5.61872
 30
0
 10
164.28946
 20
-5.61872
 30
0
  0
SPLINE
  5
D6
100
AcDbEntity
  8
layer 1
  6
CONTINUOUS
 62
    1
370
    5
100
AcDbSpline
210
0
220
0
230
0
 70
    8
 71
    3
 72
   20
 73
   16
 74
    0
 42
1e-07
 43
1e-07
 40
0
 40
0
 40
0
 40
0
 40
0.2
 40
0.2
 40
0.2
 40
0.2
 40
0.4
 40
0.4
 40
0.4
 40
0.4
 40
0.6
 40
0.6
 40
0.6
 40
0.6
 40
1
 40
1
 40
1
 40
1
 10
147.85933
 20
-5.316800000000001
 30
0
 10
147.85933
 20
-5.316800000000001
 30
0
 10
147.82663
 20
-5.418470000000003
 30
0
 10
147.82663
 20
-5.418470000000003
 30
0
 10
147.82663
 20
-5.418470000000003
 30
0
 10
147.82663
 20
-5.418470000000003
 30
0
 10
147.55114
 20
-5.418470000000003
 30
0
 10
147.55114
 20
-5.418470000000003
 30
0
 10
147.55114
 20
-5.418470000000003
 30
0
 10
147.55114
 20
-5.418470000000003
 30
0
 10
147.27562
 20
-5.418470000000003
 30
0
 10
147.27562
 20
-5.418470000000003
 30
0
 10
147.27562
 20
-5.418470000000003
 30
0
 10
147.27562
 20
-5.418470000000003
 30
0
 10
147.23614
 20
-5.284700000000001
 30
0
 10
147.23614
 20
-5.284700000000001
 30
0
  0
SPLINE
  5
D7
100
AcDbEntity
  8
layer 1
  6
CONTINUOUS
 62
    1
370
    5
100
AcDbSpline
210
0
220
0
230
0
 70
    8
 71
    3
 72
   12
 73
    8
 74
    0
 42
1e-07
 43
1e-07
 40
0
 40
0
 40
0
 40
0
 40
0.3333333
 40
0.3333333
 40
0.3333333
 40
0.3333333
 40
1
 40
1
 40
1
 40
1
 10
147.23614
 20
-5.284700000000001
 30
0
 10
147.21442
 20
-5.211109999999998
 30
0
 10
146.99002
 20
-4.445540000000001
 30
0
 10
146.73748
 20
-3.583400000000001
 30
0
 10
146.73748
 20
-3.583400000000001
 30
0
 10
146.30569
 20
-2.109259999999999
 30
0
 10
146.27545
 20
-2.015840000000001
 30
0
 10
146.23018
 20
-2.01557
 30
0
  0
SPLINE
  5
D8
100
AcDbEntity
  8
layer 1
  6
CONTINUOUS
 62
    1
370
    5
100
AcDbSpline
210
0
220
0
230
0
 70
    8
 71
    3
 72
   44
 73
   40
 74
    0
 42
1e-07
 43
1e-07
 40
0
 40
0
 40
0
 40
0
 40
0.09090909999999999
 40
0.09090909999999999
 40
0.09090909999999999
 40
0.09090909999999999
 40
0.1818182
 40
0.1818182
 40
0.1818182
 40
0.1818182
 40
0.2727273
 40
0.2727273
 40
0.2727273
 40
0.2727273
 40
0.3636364
 40
0.3636364
 40
0.3636364
 40
0.3636364
 40
0.4545455
 40
0.4545455
 40
0.4545455
 40
0.4545455
 40
0.5454545
 40
0.5454545
 40
0.5454545
 40
0.5454545
 40
0.6363635999999999
 40
0.6363635999999999
 40
0.6363635999999999
 40
0.6363635999999999
 40
0.7272727
 40
0.7272727
 40
0.7272727
 40
0.7272727
 40
0.8181818
 40
0.8181818
 40
0.8181818
 40
0.8181818
 40
1
 40
1
 40
1
 40
1
 10
146.23018
 20
-2.01557
 30
0
 10
146.23018
 20
-2.01557
 30
0
 10
146.182
 20
-2.015330000000002
 30
0
 10
146.182
 20
-2.015330000000002
 30
0
 10
146.182
 20
-2.015330000000002
 30
0
 10
146.182
 20
-2.015330000000002
 30
0
 10
146.182
 20
-3.791810000000002
 30
0
 10
146.182
 20
-3.791810000000002
 30
0
 10
146.182
 20
-3.791810000000002
 30
0
 10
146.182
 20
-3.791810000000002
 30
0
 10
146.182
 20
-5.56832
 30
0
 10
146.182
 20
-5.56832
 30
0
 10
146.182
 20
-5.56832
 30
0
 10
146.182
 20
-5.56832
 30
0
 10
145.97869
 20
-5.56832
 30
0
 10
145.97869
 20
-5.56832
 30
0
 10
145.97869
 20
-5.56832
 30
0
 10
145.97869
 20
-5.56832
 30
0
 10
145.77535
 20
-5.56832
 30
0
 10
145.77535
 20
-5.56832
 30
0
 10
145.77535
 20
-5.56832
 30
0
 10
145.77535
 20
-5.56832
 30
0
 10
145.77535
 20
-3.599150000000002
 30
0
 10
145.77535
 20
-3.599150000000002
 30
0
 10
145.77535
 20
-3.599150000000002
 30
0
 10
145.77535
 20
-3.599150000000002
 30
0
 10
145.77535
 20
-1.630009999999999
 30
0
 10
145.77535
 20
-1.630009999999999
 30
0
 10
145.77535
 20
-1.630009999999999
 30
0
 10
145.77535
 20
-1.630009999999999
 30
0
 10
146.16631
 20
-1.630009999999999
 30
0
 10
146.16631
 20
-1.630009999999999
 30
0
 10
146.16631
 20
-1.630009999999999
 30
0
 10
146.16631
 20
-1.630009999999999
 30
0
 10
146.55727
 20
-1.630009999999999
 30
0
 10
146.55727
 20
-1.630009999999999
 30
0
 10
146.55727
 20
-1.630009999999999
 30
0
 10
146.55727
 20
-1.630009999999999
 30
0
 10
147.04624
 20
-3.283459999999998
 30
0
 10
147.04624
 20
-3.283459999999998
 30
0
  0
SPLINE
  5
D9
100
AcDbEntity
  8
layer 1
  6
CONTINUOUS
 62
    1
370
    5
100
AcDbSpline
210
0
220
0
230
0
 70
    8
 71
    3
 72
   16
 73
   12
 74
    0
 42
1e-07
 43
1e-07
 40
0
 40
0
 40
0
 40
0
 40
0.25
 40
0.25
 40
0.25
 40
0.25
 40
0.5
 40
0.5
 40
0.5
 40
0.5
 40
1
 40
1
 40
1
 40
1
 10
147.04624
 20
-3.283459999999998
 30
0
 10
147.31519
 20
-4.19285
 30
0
 10
147.54193
 20
-4.944200000000002
 30
0
 10
147.55018
 20
-4.953140000000001
 30
0
 10
147.55018
 20
-4.953140000000001
 30
0
 10
147.55837
 20
-4.96208
 30
0
 10
147.77092
 20
-4.278230000000001
 30
0
 10
148.02247
 20
-3.433489999999999
 30
0
 10
148.02247
 20
-3.433489999999999
 30
0
 10
148.27402
 20
-2.588720000000002
 30
0
 10
148.49785
 20
-1.837370000000004
 30
0
 10
148.51984
 20
-1.763809999999999
 30
0
  0
SPLINE
  5
DA
100
AcDbEntity
  8
layer 1
  6
CONTINUOUS
 62
    1
370
    5
100
AcDbSpline
210
0
220
0
230
0
 70
    8
 71
    3
 72
   36
 73
   32
 74
    0
 42
1e-07
 43
1e-07
 40
0
 40
0
 40
0
 40
0
 40
0.1111111
 40
0.1111111
 40
0.1111111
 40
0.1111111
 40
0.2222222
 40
0.2222222
 40
0.2222222
 40
0.2222222
 40
0.3333333
 40
0.3333333
 40
0.3333333
 40
0.3333333
 40
0.4444444
 40
0.4444444
 40
0.4444444
 40
0.4444444
 40
0.5555555999999999
 40
0.5555555999999999
 40
0.5555555999999999
 40
0.5555555999999999
 40
0.6666666999999999
 40
0.6666666999999999
 40
0.6666666999999999
 40
0.6666666999999999
 40
0.7777778
 40
0.7777778
 40
0.7777778
 40
0.7777778
 40
1
 40
1
 40
1
 40
1
 10
148.51984
 20
-1.763809999999999
 30
0
 10
148.51984
 20
-1.763809999999999
 30
0
 10
148.55983
 20
-1.630009999999999
 30
0
 10
148.55983
 20
-1.630009999999999
 30
0
 10
148.55983
 20
-1.630009999999999
 30
0
 10
148.55983
 20
-1.630009999999999
 30
0
 10
148.9441
 20
-1.630009999999999
 30
0
 10
148.9441
 20
-1.630009999999999
 30
0
 10
148.9441
 20
-1.630009999999999
 30
0
 10
148.9441
 20
-1.630009999999999
 30
0
 10
149.32834
 20
-1.630009999999999
 30
0
 10
149.32834
 20
-1.630009999999999
 30
0
 10
149.32834
 20
-1.630009999999999
 30
0
 10
149.32834
 20
-1.630009999999999
 30
0
 10
149.32834
 20
-3.599150000000002
 30
0
 10
149.32834
 20
-3.599150000000002
 30
0
 10
149.32834
 20
-3.599150000000002
 30
0
 10
149.32834
 20
-3.599150000000002
 30
0
 10
149.32834
 20
-5.568290000000001
 30
0
 10
149.32834
 20
-5.568290000000001
 30
0
 10
149.32834
 20
-5.568290000000001
 30
0
 10
149.32834
 20
-5.568290000000001
 30
0
 10
149.125
 20
-5.568290000000001
 30
0
 10
149.125
 20
-5.568290000000001
 30
0
 10
149.125
 20
-5.568290000000001
 30
0
 10
149.125
 20
-5.568290000000001
 30
0
 10
148.92166
 20
-5.568290000000001
 30
0
 10
148.92166
 20
-5.568290000000001
 30
0
 10
148.92166
 20
-5.568290000000001
 30
0
 10
148.92166
 20
-5.568290000000001
 30
0
 10
148.92166
 20
-3.791779999999999
 30
0
 10
148.92166
 20
-3.791779999999999
 30
0
  0
SPLINE
  5
DB
100
AcDbEntity
  8
layer 1
  6
CONTINUOUS
 62
    1
370
    5
100
AcDbSpline
210
0
220
0
230
0
 70
    8
 71
    3
 72
   16
 73
   12
 74
    0
 42
1e-07
 43
1e-07
 40
0
 40
0
 40
0
 40
0
 40
0.25
 40
0.25
 40
0.25
 40
0.25
 40
0.5
 40
0.5
 40
0.5
 40
0.5
 40
1
 40
1
 40
1
 40
1
 10
148.92166
 20
-3.791779999999999
 30
0
 10
148.92166
 20
-2.054360000000003
 30
0
 10
148.92064
 20
-2.0153
 30
0
 10
148.88059
 20
-2.0153
 30
0
 10
148.88059
 20
-2.0153
 30
0
 10
148.82989
 20
-2.0153
 30
0
 10
148.87498
 20
-1.875230000000002
 30
0
 10
148.33294
 20
-3.716870000000004
 30
0
 10
148.33294
 20
-3.716870000000004
 30
0
 10
148.09042
 20
-4.54091
 30
0
 10
147.8773
 20
-5.26088
 30
0
 10
147.85933
 20
-5.316800000000001
 30
0
  0
SPLINE
  5
DC
100
AcDbEntity
  8
layer 1
  6
CONTINUOUS
 62
    1
370
    5
100
AcDbSpline
210
0
220
0
230
0
 70
    8
 71
    3
 72
   52
 73
   48
 74
    0
 42
1e-07
 43
1e-07
 40
0
 40
0
 40
0
 40
0
 40
0.07692309999999999
 40
0.07692309999999999
 40
0.07692309999999999
 40
0.07692309999999999
 40
0.1538462
 40
0.1538462
 40
0.1538462
 40
0.1538462
 40
0.2307692
 40
0.2307692
 40
0.2307692
 40
0.2307692
 40
0.3076923
 40
0.3076923
 40
0.3076923
 40
0.3076923
 40
0.3846154
 40
0.3846154
 40
0.3846154
 40
0.3846154
 40
0.4615385
 40
0.4615385
 40
0.4615385
 40
0.4615385
 40
0.5384614999999999
 40
0.5384614999999999
 40
0.5384614999999999
 40
0.5384614999999999
 40
0.6153845999999999
 40
0.6153845999999999
 40
0.6153845999999999
 40
0.6153845999999999
 40
0.6923077
 40
0.6923077
 40
0.6923077
 40
0.6923077
 40
0.7692308
 40
0.7692308
 40
0.7692308
 40
0.7692308
 40
0.8461538
 40
0.8461538
 40
0.8461538
 40
0.8461538
 40
1
 40
1
 40
1
 40
1
 10
153.8017
 20
-3.448970000000003
 30
0
 10
153.8017
 20
-3.448970000000003
 30
0
 10
153.8017
 20
-2.539490000000001
 30
0
 10
153.8017
 20
-2.539490000000001
 30
0
 10
153.8017
 20
-2.539490000000001
 30
0
 10
153.8017
 20
-2.539490000000001
 30
0
 10
153.8017
 20
-1.630009999999999
 30
0
 10
153.8017
 20
-1.630009999999999
 30
0
 10
153.8017
 20
-1.630009999999999
 30
0
 10
153.8017
 20
-1.630009999999999
 30
0
 10
153.58765
 20
-1.630009999999999
 30
0
 10
153.58765
 20
-1.630009999999999
 30
0
 10
153.58765
 20
-1.630009999999999
 30
0
 10
153.58765
 20
-1.630009999999999
 30
0
 10
153.37363
 20
-1.630009999999999
 30
0
 10
153.37363
 20
-1.630009999999999
 30
0
 10
153.37363
 20
-1.630009999999999
 30
0
 10
153.37363
 20
-1.630009999999999
 30
0
 10
153.37363
 20
-3.599150000000002
 30
0
 10
153.37363
 20
-3.599150000000002
 30
0
 10
153.37363
 20
-3.599150000000002
 30
0
 10
153.37363
 20
-3.599150000000002
 30
0
 10
153.37363
 20
-3.599090000000004
 30
0
 10
153.37363
 20
-3.599090000000004
 30
0
 10
153.37363
 20
-3.599090000000004
 30
0
 10
153.37363
 20
-3.599090000000004
 30
0
 10
153.37363
 20
-5.568230000000003
 30
0
 10
153.37363
 20
-5.568230000000003
 30
0
 10
153.37363
 20
-5.568230000000003
 30
0
 10
153.37363
 20
-5.568230000000003
 30
0
 10
153.58765
 20
-5.568230000000003
 30
0
 10
153.58765
 20
-5.568230000000003
 30
0
 10
153.58765
 20
-5.568230000000003
 30
0
 10
153.58765
 20
-5.568230000000003
 30
0
 10
153.8017
 20
-5.568230000000003
 30
0
 10
153.8017
 20
-5.568230000000003
 30
0
 10
153.8017
 20
-5.568230000000003
 30
0
 10
153.8017
 20
-5.568230000000003
 30
0
 10
153.8017
 20
-4.703300000000002
 30
0
 10
153.8017
 20
-4.703300000000002
 30
0
 10
153.8017
 20
-4.703300000000002
 30
0
 10
153.8017
 20
-4.703300000000002
 30
0
 10
153.8017
 20
-3.838369999999998
 30
0
 10
153.8017
 20
-3.838369999999998
 30
0
 10
153.8017
 20
-3.838369999999998
 30
0
 10
153.8017
 20
-3.838369999999998
 30
0
 10
153.97828
 20
-3.823970000000003
 30
0
 10
153.97828
 20
-3.823970000000003
 30
0
  0
SPLINE
  5
DD
100
AcDbEntity
  8
layer 1
  6
CONTINUOUS
 62
    1
370
    5
100
AcDbSpline
210
0
220
0
230
0
 70
    8
 71
    3
 72
    8
 73
    4
 74
    0
 42
1e-07
 43
1e-07
 40
0
 40
0
 40
0
 40
0
 40
1
 40
1
 40
1
 40
1
 10
153.97828
 20
-3.823970000000003
 30
0
 10
154.07539
 20
-3.815930000000002
 30
0
 10
154.19779
 20
-3.812750000000001
 30
0
 10
154.25029
 20
-3.816679999999998
 30
0
  0
SPLINE
  5
DE
100
AcDbEntity
  8
layer 1
  6
CONTINUOUS
 62
    1
370
    5
100
AcDbSpline
210
0
220
0
230
0
 70
    8
 71
    3
 72
   20
 73
   16
 74
    0
 42
1e-07
 43
1e-07
 40
0
 40
0
 40
0
 40
0
 40
0.2
 40
0.2
 40
0.2
 40
0.2
 40
0.4
 40
0.4
 40
0.4
 40
0.4
 40
0.6
 40
0.6
 40
0.6
 40
0.6
 40
1
 40
1
 40
1
 40
1
 10
154.25029
 20
-3.816679999999998
 30
0
 10
154.25029
 20
-3.816679999999998
 30
0
 10
154.34572
 20
-3.823820000000001
 30
0
 10
154.34572
 20
-3.823820000000001
 30
0
 10
154.34572
 20
-3.823820000000001
 30
0
 10
154.34572
 20
-3.823820000000001
 30
0
 10
154.84714
 20
-4.696010000000001
 30
0
 10
154.84714
 20
-4.696010000000001
 30
0
 10
154.84714
 20
-4.696010000000001
 30
0
 10
154.84714
 20
-4.696010000000001
 30
0
 10
155.34859
 20
-5.568200000000001
 30
0
 10
155.34859
 20
-5.568200000000001
 30
0
 10
155.34859
 20
-5.568200000000001
 30
0
 10
155.34859
 20
-5.568200000000001
 30
0
 10
155.59183
 20
-5.568200000000001
 30
0
 10
155.59183
 20
-5.568200000000001
 30
0
  0
SPLINE
  5
DF
100
AcDbEntity
  8
layer 1
  6
CONTINUOUS
 62
    1
370
    5
100
AcDbSpline
210
0
220
0
230
0
 70
    8
 71
    3
 72
   28
 73
   24
 74
    0
 42
1e-07
 43
1e-07
 40
0
 40
0
 40
0
 40
0
 40
0.1428571
 40
0.1428571
 40
0.1428571
 40
0.1428571
 40
0.2857143
 40
0.2857143
 40
0.2857143
 40
0.2857143
 40
0.4285714
 40
0.4285714
 40
0.4285714
 40
0.4285714
 40
0.5714286
 40
0.5714286
 40
0.5714286
 40
0.5714286
 40
0.7142856999999999
 40
0.7142856999999999
 40
0.7142856999999999
 40
0.7142856999999999
 40
1
 40
1
 40
1
 40
1
 10
155.59183
 20
-5.568200000000001
 30
0
 10
155.72557
 20
-5.568200000000001
 30
0
 10
155.83504
 20
-5.56391
 30
0
 10
155.83504
 20
-5.55866
 30
0
 10
155.83504
 20
-5.55866
 30
0
 10
155.83504
 20
-5.55341
 30
0
 10
155.58853
 20
-5.11364
 30
0
 10
155.28727
 20
-4.581410000000002
 30
0
 10
155.28727
 20
-4.581410000000002
 30
0
 10
154.98598
 20
-4.049150000000001
 30
0
 10
154.73518
 20
-3.602449999999997
 30
0
 10
154.72993
 20
-3.588740000000001
 30
0
 10
154.72993
 20
-3.588740000000001
 30
0
 10
154.72465
 20
-3.574999999999999
 30
0
 10
154.9567
 20
-3.131810000000002
 30
0
 10
155.24557
 20
-2.603810000000003
 30
0
 10
155.24557
 20
-2.603810000000003
 30
0
 10
155.53447
 20
-2.075840000000003
 30
0
 10
155.77081
 20
-1.640419999999999
 30
0
 10
155.77081
 20
-1.636220000000002
 30
0
 10
155.77081
 20
-1.636220000000002
 30
0
 10
155.77081
 20
-1.632110000000001
 30
0
 10
155.65936
 20
-1.63139
 30
0
 10
155.5231
 20
-1.634690000000003
 30
0
  0
SPLINE
  5
E0
100
AcDbEntity
  8
layer 1
  6
CONTINUOUS
 62
    1
370
    5
100
AcDbSpline
210
0
220
0
230
0
 70
    8
 71
    3
 72
    8
 73
    4
 74
    0
 42
1e-07
 43
1e-07
 40
0
 40
0
 40
0
 40
0
 40
1
 40
1
 40
1
 40
1
 10
155.5231
 20
-1.634690000000003
 30
0
 10
155.5231
 20
-1.634690000000003
 30
0
 10
155.27542
 20
-1.640720000000002
 30
0
 10
155.27542
 20
-1.640720000000002
 30
0
  0
SPLINE
  5
E1
100
AcDbEntity
  8
layer 1
  6
CONTINUOUS
 62
    1
370
    5
100
AcDbSpline
210
0
220
0
230
0
 70
    8
 71
    3
 72
    8
 73
    4
 74
    0
 42
1e-07
 43
1e-07
 40
0
 40
0
 40
0
 40
0
 40
1
 40
1
 40
1
 40
1
 10
155.27542
 20
-1.640720000000002
 30
0
 10
154.96177
 20
-2.23208
 30
0
 10
154.64812
 20
-2.823410000000003
 30
0
 10
154.33447
 20
-3.414770000000001
 30
0
  0
SPLINE
  5
E2
100
AcDbEntity
  8
layer 1
  6
CONTINUOUS
 62
    1
370
    5
100
AcDbSpline
210
0
220
0
230
0
 70
    8
 71
    3
 72
   12
 73
    8
 74
    0
 42
1e-07
 43
1e-07
 40
0
 40
0
 40
0
 40
0
 40
0.3333333
 40
0.3333333
 40
0.3333333
 40
0.3333333
 40
1
 40
1
 40
1
 40
1
 10
154.33447
 20
-3.414770000000001
 30
0
 10
154.33447
 20
-3.414770000000001
 30
0
 10
154.0639
 20
-3.435470000000002
 30
0
 10
154.0639
 20
-3.435470000000002
 30
0
 10
154.0639
 20
-3.435470000000002
 30
0
 10
154.0639
 20
-3.435470000000002
 30
0
 10
153.8017
 20
-3.448970000000003
 30
0
 10
153.8017
 20
-3.448970000000003
 30
0
  0
SPLINE
  5
E3
100
AcDbEntity
  8
layer 1
  6
CONTINUOUS
 62
    1
370
    5
100
AcDbSpline
210
0
220
0
230
0
 70
    8
 71
    3
 72
    8
 73
    4
 74
    0
 42
1e-07
 43
1e-07
 40
0
 40
0
 40
0
 40
0
 40
1
 40
1
 40
1
 40
1
 10
160.69084
 20
-3.664190000000001
 30
0
 10
160.69084
 20
-3.664190000000001
 30
0
 10
160.69084
 20
-3.66413
 30
0
 10
160.69084
 20
-3.66413
 30
0
  0
SPLINE
  5
E4
100
AcDbEntity
  8
layer 1
  6
CONTINUOUS
 62
    1
370
    5
100
AcDbSpline
210
0
220
0
230
0
 70
    8
 71
    3
 72
   20
 73
   16
 74
    0
 42
1e-07
 43
1e-07
 40
0
 40
0
 40
0
 40
0
 40
0.2
 40
0.2
 40
0.2
 40
0.2
 40
0.4
 40
0.4
 40
0.4
 40
0.4
 40
0.6
 40
0.6
 40
0.6
 40
0.6
 40
1
 40
1
 40
1
 40
1
 10
160.69084
 20
-3.66413
 30
0
 10
160.88479
 20
-3.63617
 30
0
 10
161.04478
 20
-3.551930000000002
 30
0
 10
161.13181
 20
-3.431990000000003
 30
0
 10
161.13181
 20
-3.431990000000003
 30
0
 10
161.24506
 20
-3.2759
 30
0
 10
161.2825
 20
-3.118910000000003
 30
0
 10
161.28073
 20
-2.807210000000001
 30
0
 10
161.28073
 20
-2.807210000000001
 30
0
 10
161.27869
 20
-2.471990000000002
 30
0
 10
161.23441
 20
-2.335640000000001
 30
0
 10
161.07709
 20
-2.182040000000001
 30
0
 10
161.07709
 20
-2.182040000000001
 30
0
 10
160.9144
 20
-2.023190000000003
 30
0
 10
160.83097
 20
-2.006149999999998
 30
0
 10
160.21207
 20
-2.005310000000001
 30
0
  0
SPLINE
  5
E5
100
AcDbEntity
  8
layer 1
  6
CONTINUOUS
 62
    1
370
    5
100
AcDbSpline
210
0
220
0
230
0
 70
    8
 71
    3
 72
   12
 73
    8
 74
    0
 42
1e-07
 43
1e-07
 40
0
 40
0
 40
0
 40
0
 40
0.3333333
 40
0.3333333
 40
0.3333333
 40
0.3333333
 40
1
 40
1
 40
1
 40
1
 10
160.21207
 20
-2.005310000000001
 30
0
 10
160.21207
 20
-2.005310000000001
 30
0
 10
159.69838
 20
-2.004530000000003
 30
0
 10
159.69838
 20
-2.004530000000003
 30
0
 10
159.69838
 20
-2.004530000000003
 30
0
 10
159.69838
 20
-2.004530000000003
 30
0
 10
159.69277
 20
-2.817799999999998
 30
0
 10
159.69277
 20
-2.817799999999998
 30
0
  0
SPLINE
  5
E6
100
AcDbEntity
  8
layer 1
  6
CONTINUOUS
 62
    1
370
    5
100
AcDbSpline
210
0
220
0
230
0
 70
    8
 71
    3
 72
   12
 73
    8
 74
    0
 42
1e-07
 43
1e-07
 40
0
 40
0
 40
0
 40
0
 40
0.3333333
 40
0.3333333
 40
0.3333333
 40
0.3333333
 40
1
 40
1
 40
1
 40
1
 10
159.69277
 20
-2.817799999999998
 30
0
 10
159.68968
 20
-3.2651
 30
0
 10
159.69175
 20
-3.643130000000003
 30
0
 10
159.69745
 20
-3.657890000000002
 30
0
 10
159.69745
 20
-3.657890000000002
 30
0
 10
159.70996
 20
-3.690530000000003
 30
0
 10
160.47508
 20
-3.695329999999998
 30
0
 10
160.69084
 20
-3.66413
 30
0
  0
SPLINE
  5
E7
100
AcDbEntity
  8
layer 1
  6
CONTINUOUS
 62
    1
370
    5
100
AcDbSpline
210
0
220
0
230
0
 70
    8
 71
    3
 72
    8
 73
    4
 74
    0
 42
1e-07
 43
1e-07
 40
0
 40
0
 40
0
 40
0
 40
1
 40
1
 40
1
 40
1
 10
160.69084
 20
-3.66413
 30
0
 10
160.69084
 20
-3.66413
 30
0
 10
160.69084
 20
-3.664190000000001
 30
0
 10
160.69084
 20
-3.664190000000001
 30
0
  0
SPLINE
  5
E8
100
AcDbEntity
  8
layer 1
  6
CONTINUOUS
 62
    1
370
    5
100
AcDbSpline
210
0
220
0
230
0
 70
    8
 71
    3
 72
   12
 73
    8
 74
    0
 42
1e-07
 43
1e-07
 40
0
 40
0
 40
0
 40
0
 40
0.3333333
 40
0.3333333
 40
0.3333333
 40
0.3333333
 40
1
 40
1
 40
1
 40
1
 10
152.31013
 20
-5.302100000000003
 30
0
 10
152.31013
 20
-5.302100000000003
 30
0
 10
152.38045
 20
-5.564240000000002
 30
0
 10
152.38045
 20
-5.564240000000002
 30
0
 10
152.38045
 20
-5.564240000000002
 30
0
 10
152.38045
 20
-5.564240000000002
 30
0
 10
152.60125
 20
-5.564299999999999
 30
0
 10
152.60125
 20
-5.564299999999999
 30
0
  0
SPLINE
  5
E9
100
AcDbEntity
  8
layer 1
  6
CONTINUOUS
 62
    1
370
    5
100
AcDbSpline
210
0
220
0
230
0
 70
    8
 71
    3
 72
   24
 73
   20
 74
    0
 42
1e-07
 43
1e-07
 40
0
 40
0
 40
0
 40
0
 40
0.1666667
 40
0.1666667
 40
0.1666667
 40
0.1666667
 40
0.3333333
 40
0.3333333
 40
0.3333333
 40
0.3333333
 40
0.5
 40
0.5
 40
0.5
 40
0.5
 40
0.6666666999999999
 40
0.6666666999999999
 40
0.6666666999999999
 40
0.6666666999999999
 40
1
 40
1
 40
1
 40
1
 10
152.60125
 20
-5.564299999999999
 30
0
 10
152.80147
 20
-5.564360000000001
 30
0
 10
152.82109
 20
-5.560850000000002
 30
0
 10
152.81125
 20
-5.52692
 30
0
 10
152.81125
 20
-5.52692
 30
0
 10
152.78815
 20
-5.447330000000001
 30
0
 10
151.81324
 20
-1.64744
 30
0
 10
151.81324
 20
-1.637059999999998
 30
0
 10
151.81324
 20
-1.637059999999998
 30
0
 10
151.81324
 20
-1.631029999999999
 30
0
 10
151.61644
 20
-1.626110000000004
 30
0
 10
151.3759
 20
-1.626110000000004
 30
0
 10
151.3759
 20
-1.626110000000004
 30
0
 10
150.97801
 20
-1.626110000000004
 30
0
 10
150.93754
 20
-1.629469999999998
 30
0
 10
150.92716
 20
-1.663550000000001
 30
0
 10
150.92716
 20
-1.663550000000001
 30
0
 10
150.89227
 20
-1.777880000000003
 30
0
 10
149.92972
 20
-5.519150000000003
 30
0
 10
149.92972
 20
-5.540389999999999
 30
0
  0
SPLINE
  5
EA
100
AcDbEntity
  8
layer 1
  6
CONTINUOUS
 62
    1
370
    5
100
AcDbSpline
210
0
220
0
230
0
 70
    8
 71
    3
 72
    8
 73
    4
 74
    0
 42
1e-07
 43
1e-07
 40
0
 40
0
 40
0
 40
0
 40
1
 40
1
 40
1
 40
1
 10
149.92972
 20
-5.540389999999999
 30
0
 10
149.92972
 20
-5.55875
 30
0
 10
149.99008
 20
-5.564149999999998
 30
0
 10
150.1477
 20
-5.559740000000001
 30
0
  0
SPLINE
  5
EB
100
AcDbEntity
  8
layer 1
  6
CONTINUOUS
 62
    1
370
    5
100
AcDbSpline
210
0
220
0
230
0
 70
    8
 71
    3
 72
   12
 73
    8
 74
    0
 42
1e-07
 43
1e-07
 40
0
 40
0
 40
0
 40
0
 40
0.3333333
 40
0.3333333
 40
0.3333333
 40
0.3333333
 40
1
 40
1
 40
1
 40
1
 10
150.1477
 20
-5.559740000000001
 30
0
 10
150.1477
 20
-5.559740000000001
 30
0
 10
150.36565
 20
-5.553650000000001
 30
0
 10
150.36565
 20
-5.553650000000001
 30
0
 10
150.36565
 20
-5.553650000000001
 30
0
 10
150.36565
 20
-5.553650000000001
 30
0
 10
150.47974
 20
-5.136290000000002
 30
0
 10
150.47974
 20
-5.136290000000002
 30
0
  0
SPLINE
  5
EC
100
AcDbEntity
  8
layer 1
  6
CONTINUOUS
 62
    1
370
    5
100
AcDbSpline
210
0
220
0
230
0
 70
    8
 71
    3
 72
    8
 73
    4
 74
    0
 42
1e-07
 43
1e-07
 40
0
 40
0
 40
0
 40
0
 40
1
 40
1
 40
1
 40
1
 10
150.47974
 20
-5.136290000000002
 30
0
 10
150.54247
 20
-4.90673
 30
0
 10
150.60367
 20
-4.68281
 30
0
 10
150.61576
 20
-4.638650000000002
 30
0
  0
SPLINE
  5
ED
100
AcDbEntity
  8
layer 1
  6
CONTINUOUS
 62
    1
370
    5
100
AcDbSpline
210
0
220
0
230
0
 70
    8
 71
    3
 72
   20
 73
   16
 74
    0
 42
1e-07
 43
1e-07
 40
0
 40
0
 40
0
 40
0
 40
0.2
 40
0.2
 40
0.2
 40
0.2
 40
0.4
 40
0.4
 40
0.4
 40
0.4
 40
0.6
 40
0.6
 40
0.6
 40
0.6
 40
1
 40
1
 40
1
 40
1
 10
150.61576
 20
-4.638650000000002
 30
0
 10
150.61576
 20
-4.638650000000002
 30
0
 10
150.63769
 20
-4.558400000000002
 30
0
 10
150.63769
 20
-4.558400000000002
 30
0
 10
150.63769
 20
-4.558400000000002
 30
0
 10
150.63769
 20
-4.558400000000002
 30
0
 10
151.37263
 20
-4.558400000000002
 30
0
 10
151.37263
 20
-4.558400000000002
 30
0
 10
151.37263
 20
-4.558400000000002
 30
0
 10
151.37263
 20
-4.558400000000002
 30
0
 10
152.10754
 20
-4.558400000000002
 30
0
 10
152.10754
 20
-4.558400000000002
 30
0
 10
152.10754
 20
-4.558400000000002
 30
0
 10
152.10754
 20
-4.558400000000002
 30
0
 10
152.17366
 20
-4.79918
 30
0
 10
152.17366
 20
-4.79918
 30
0
  0
SPLINE
  5
EE
100
AcDbEntity
  8
layer 1
  6
CONTINUOUS
 62
    1
370
    5
100
AcDbSpline
210
0
220
0
230
0
 70
    8
 71
    3
 72
    8
 73
    4
 74
    0
 42
1e-07
 43
1e-07
 40
0
 40
0
 40
0
 40
0
 40
1
 40
1
 40
1
 40
1
 10
152.17366
 20
-4.79918
 30
0
 10
152.21005
 20
-4.931600000000003
 30
0
 10
152.27143
 20
-5.157920000000004
 30
0
 10
152.31013
 20
-5.302100000000003
 30
0
  0
SPLINE
  5
EF
100
AcDbEntity
  8
layer 1
  6
CONTINUOUS
 62
    1
370
    5
100
AcDbSpline
210
0
220
0
230
0
 70
    8
 71
    3
 72
    8
 73
    4
 74
    0
 42
1e-07
 43
1e-07
 40
0
 40
0
 40
0
 40
0
 40
1
 40
1
 40
1
 40
1
 10
162.41956
 20
-2.814920000000001
 30
0
 10
162.41206
 20
-2.76032
 30
0
 10
162.40594
 20
-2.466560000000001
 30
0
 10
162.40594
 20
-2.162120000000002
 30
0
  0
SPLINE
  5
F0
100
AcDbEntity
  8
layer 1
  6
CONTINUOUS
 62
    1
370
    5
100
AcDbSpline
210
0
220
0
230
0
 70
    8
 71
    3
 72
   20
 73
   16
 74
    0
 42
1e-07
 43
1e-07
 40
0
 40
0
 40
0
 40
0
 40
0.2
 40
0.2
 40
0.2
 40
0.2
 40
0.4
 40
0.4
 40
0.4
 40
0.4
 40
0.6
 40
0.6
 40
0.6
 40
0.6
 40
1
 40
1
 40
1
 40
1
 10
162.40594
 20
-2.162120000000002
 30
0
 10
162.40594
 20
-2.162120000000002
 30
0
 10
162.40594
 20
-1.608620000000002
 30
0
 10
162.40594
 20
-1.608620000000002
 30
0
 10
162.40594
 20
-1.608620000000002
 30
0
 10
162.40594
 20
-1.608620000000002
 30
0
 10
162.61267
 20
-1.608620000000002
 30
0
 10
162.61267
 20
-1.608620000000002
 30
0
 10
162.61267
 20
-1.608620000000002
 30
0
 10
162.61267
 20
-1.608620000000002
 30
0
 10
162.8194
 20
-1.608620000000002
 30
0
 10
162.8194
 20
-1.608620000000002
 30
0
 10
162.8194
 20
-1.608620000000002
 30
0
 10
162.8194
 20
-1.608620000000002
 30
0
 10
162.80536
 20
-2.009930000000001
 30
0
 10
162.80536
 20
-2.009930000000001
 30
0
  0
SPLINE
  5
F1
100
AcDbEntity
  8
layer 1
  6
CONTINUOUS
 62
    1
370
    5
100
AcDbSpline
210
0
220
0
230
0
 70
    8
 71
    3
 72
    8
 73
    4
 74
    0
 42
1e-07
 43
1e-07
 40
0
 40
0
 40
0
 40
0
 40
1
 40
1
 40
1
 40
1
 10
162.80536
 20
-2.009930000000001
 30
0
 10
162.79765
 20
-2.23067
 30
0
 10
162.79129
 20
-2.524430000000002
 30
0
 10
162.79129
 20
-2.662730000000003
 30
0
  0
SPLINE
  5
F2
100
AcDbEntity
  8
layer 1
  6
CONTINUOUS
 62
    1
370
    5
100
AcDbSpline
210
0
220
0
230
0
 70
    8
 71
    3
 72
   24
 73
   20
 74
    0
 42
1e-07
 43
1e-07
 40
0
 40
0
 40
0
 40
0
 40
0.1666667
 40
0.1666667
 40
0.1666667
 40
0.1666667
 40
0.3333333
 40
0.3333333
 40
0.3333333
 40
0.3333333
 40
0.5
 40
0.5
 40
0.5
 40
0.5
 40
0.6666666999999999
 40
0.6666666999999999
 40
0.6666666999999999
 40
0.6666666999999999
 40
1
 40
1
 40
1
 40
1
 10
162.79129
 20
-2.662730000000003
 30
0
 10
162.79129
 20
-2.662730000000003
 30
0
 10
162.79129
 20
-2.914249999999999
 30
0
 10
162.79129
 20
-2.914249999999999
 30
0
 10
162.79129
 20
-2.914249999999999
 30
0
 10
162.79129
 20
-2.914249999999999
 30
0
 10
162.61225
 20
-2.914249999999999
 30
0
 10
162.61225
 20
-2.914249999999999
 30
0
 10
162.61225
 20
-2.914249999999999
 30
0
 10
162.61225
 20
-2.914249999999999
 30
0
 10
162.43324
 20
-2.914249999999999
 30
0
 10
162.43324
 20
-2.914249999999999
 30
0
 10
162.43324
 20
-2.914249999999999
 30
0
 10
162.43324
 20
-2.914249999999999
 30
0
 10
162.41962
 20
-2.814920000000001
 30
0
 10
162.41962
 20
-2.814920000000001
 30
0
 10
162.41962
 20
-2.814920000000001
 30
0
 10
162.41962
 20
-2.814920000000001
 30
0
 10
162.41956
 20
-2.814920000000001
 30
0
 10
162.41956
 20
-2.814920000000001
 30
0
  0
SPLINE
  5
F3
100
AcDbEntity
  8
layer 1
  6
CONTINUOUS
 62
    1
370
    5
100
AcDbSpline
210
0
220
0
230
0
 70
    8
 71
    3
 72
    8
 73
    4
 74
    0
 42
1e-07
 43
1e-07
 40
0
 40
0
 40
0
 40
0
 40
1
 40
1
 40
1
 40
1
 10
166.91848
 20
-0.6614600000000017
 30
0
 10
166.90915
 20
-0.6467600000000004
 30
0
 10
166.90138
 20
-0.7816399999999994
 30
0
 10
166.9012
 20
-0.9611599999999996
 30
0
  0
SPLINE
  5
F4
100
AcDbEntity
  8
layer 1
  6
CONTINUOUS
 62
    1
370
    5
100
AcDbSpline
210
0
220
0
230
0
 70
    8
 71
    3
 72
   36
 73
   32
 74
    0
 42
1e-07
 43
1e-07
 40
0
 40
0
 40
0
 40
0
 40
0.1111111
 40
0.1111111
 40
0.1111111
 40
0.1111111
 40
0.2222222
 40
0.2222222
 40
0.2222222
 40
0.2222222
 40
0.3333333
 40
0.3333333
 40
0.3333333
 40
0.3333333
 40
0.4444444
 40
0.4444444
 40
0.4444444
 40
0.4444444
 40
0.5555555999999999
 40
0.5555555999999999
 40
0.5555555999999999
 40
0.5555555999999999
 40
0.6666666999999999
 40
0.6666666999999999
 40
0.6666666999999999
 40
0.6666666999999999
 40
0.7777778
 40
0.7777778
 40
0.7777778
 40
0.7777778
 40
1
 40
1
 40
1
 40
1
 10
166.9012
 20
-0.9611599999999996
 30
0
 10
166.9012
 20
-0.9611599999999996
 30
0
 10
166.90093
 20
-1.287560000000003
 30
0
 10
166.90093
 20
-1.287560000000003
 30
0
 10
166.90093
 20
-1.287560000000003
 30
0
 10
166.90093
 20
-1.287560000000003
 30
0
 10
166.81531
 20
-1.287560000000003
 30
0
 10
166.81531
 20
-1.287560000000003
 30
0
 10
166.81531
 20
-1.287560000000003
 30
0
 10
166.81531
 20
-1.287560000000003
 30
0
 10
166.72972
 20
-1.287560000000003
 30
0
 10
166.72972
 20
-1.287560000000003
 30
0
 10
166.72972
 20
-1.287560000000003
 30
0
 10
166.72972
 20
-1.287560000000003
 30
0
 10
166.72945
 20
-0.8156000000000034
 30
0
 10
166.72945
 20
-0.8156000000000034
 30
0
 10
166.72945
 20
-0.8156000000000034
 30
0
 10
166.72945
 20
-0.8156000000000034
 30
0
 10
166.72945
 20
-0.3436699999999995
 30
0
 10
166.72945
 20
-0.3436699999999995
 30
0
 10
166.72945
 20
-0.3436699999999995
 30
0
 10
166.72945
 20
-0.3436699999999995
 30
0
 10
166.85224
 20
-0.350089999999998
 30
0
 10
166.85224
 20
-0.350089999999998
 30
0
 10
166.85224
 20
-0.350089999999998
 30
0
 10
166.85224
 20
-0.350089999999998
 30
0
 10
166.975
 20
-0.3565100000000037
 30
0
 10
166.975
 20
-0.3565100000000037
 30
0
 10
166.975
 20
-0.3565100000000037
 30
0
 10
166.975
 20
-0.3565100000000037
 30
0
 10
167.07073
 20
-0.6615199999999994
 30
0
 10
167.07073
 20
-0.6615199999999994
 30
0
  0
SPLINE
  5
F5
100
AcDbEntity
  8
layer 1
  6
CONTINUOUS
 62
    1
370
    5
100
AcDbSpline
210
0
220
0
230
0
 70
    8
 71
    3
 72
   12
 73
    8
 74
    0
 42
1e-07
 43
1e-07
 40
0
 40
0
 40
0
 40
0
 40
0.3333333
 40
0.3333333
 40
0.3333333
 40
0.3333333
 40
1
 40
1
 40
1
 40
1
 10
167.07073
 20
-0.6615199999999994
 30
0
 10
167.12338
 20
-0.8292800000000007
 30
0
 10
167.17192
 20
-0.9665000000000035
 30
0
 10
167.17861
 20
-0.9665000000000035
 30
0
 10
167.17861
 20
-0.9665000000000035
 30
0
 10
167.18527
 20
-0.9665000000000035
 30
0
 10
167.23693
 20
-0.8268500000000003
 30
0
 10
167.29336
 20
-0.6561800000000027
 30
0
  0
SPLINE
  5
F6
100
AcDbEntity
  8
layer 1
  6
CONTINUOUS
 62
    1
370
    5
100
AcDbSpline
210
0
220
0
230
0
 70
    8
 71
    3
 72
   60
 73
   56
 74
    0
 42
1e-07
 43
1e-07
 40
0
 40
0
 40
0
 40
0
 40
0.0666667
 40
0.0666667
 40
0.0666667
 40
0.0666667
 40
0.1333333
 40
0.1333333
 40
0.1333333
 40
0.1333333
 40
0.2
 40
0.2
 40
0.2
 40
0.2
 40
0.2666667
 40
0.2666667
 40
0.2666667
 40
0.2666667
 40
0.3333333
 40
0.3333333
 40
0.3333333
 40
0.3333333
 40
0.4
 40
0.4
 40
0.4
 40
0.4
 40
0.4666667
 40
0.4666667
 40
0.4666667
 40
0.4666667
 40
0.5333333
 40
0.5333333
 40
0.5333333
 40
0.5333333
 40
0.6
 40
0.6
 40
0.6
 40
0.6
 40
0.6666666999999999
 40
0.6666666999999999
 40
0.6666666999999999
 40
0.6666666999999999
 40
0.7333333
 40
0.7333333
 40
0.7333333
 40
0.7333333
 40
0.7999999999999999
 40
0.7999999999999999
 40
0.7999999999999999
 40
0.7999999999999999
 40
0.8666667
 40
0.8666667
 40
0.8666667
 40
0.8666667
 40
1
 40
1
 40
1
 40
1
 10
167.29336
 20
-0.6561800000000027
 30
0
 10
167.29336
 20
-0.6561800000000027
 30
0
 10
167.39599
 20
-0.3458000000000006
 30
0
 10
167.39599
 20
-0.3458000000000006
 30
0
 10
167.39599
 20
-0.3458000000000006
 30
0
 10
167.39599
 20
-0.3458000000000006
 30
0
 10
167.51221
 20
-0.3458000000000006
 30
0
 10
167.51221
 20
-0.3458000000000006
 30
0
 10
167.51221
 20
-0.3458000000000006
 30
0
 10
167.51221
 20
-0.3458000000000006
 30
0
 10
167.62843
 20
-0.3458000000000006
 30
0
 10
167.62843
 20
-0.3458000000000006
 30
0
 10
167.62843
 20
-0.3458000000000006
 30
0
 10
167.62843
 20
-0.3458000000000006
 30
0
 10
167.62843
 20
-0.8166800000000016
 30
0
 10
167.62843
 20
-0.8166800000000016
 30
0
 10
167.62843
 20
-0.8166800000000016
 30
0
 10
167.62843
 20
-0.8166800000000016
 30
0
 10
167.62843
 20
-1.287560000000003
 30
0
 10
167.62843
 20
-1.287560000000003
 30
0
 10
167.62843
 20
-1.287560000000003
 30
0
 10
167.62843
 20
-1.287560000000003
 30
0
 10
167.54281
 20
-1.287560000000003
 30
0
 10
167.54281
 20
-1.287560000000003
 30
0
 10
167.54281
 20
-1.287560000000003
 30
0
 10
167.54281
 20
-1.287560000000003
 30
0
 10
167.45719
 20
-1.287560000000003
 30
0
 10
167.45719
 20
-1.287560000000003
 30
0
 10
167.45719
 20
-1.287560000000003
 30
0
 10
167.45719
 20
-1.287560000000003
 30
0
 10
167.45491
 20
-0.9611599999999996
 30
0
 10
167.45491
 20
-0.9611599999999996
 30
0
 10
167.45491
 20
-0.9611599999999996
 30
0
 10
167.45491
 20
-0.9611599999999996
 30
0
 10
167.45263
 20
-0.6347600000000035
 30
0
 10
167.45263
 20
-0.6347600000000035
 30
0
 10
167.45263
 20
-0.6347600000000035
 30
0
 10
167.45263
 20
-0.6347600000000035
 30
0
 10
167.35423
 20
-0.9397700000000029
 30
0
 10
167.35423
 20
-0.9397700000000029
 30
0
 10
167.35423
 20
-0.9397700000000029
 30
0
 10
167.35423
 20
-0.9397700000000029
 30
0
 10
167.2558
 20
-1.244780000000002
 30
0
 10
167.2558
 20
-1.244780000000002
 30
0
 10
167.2558
 20
-1.244780000000002
 30
0
 10
167.2558
 20
-1.244780000000002
 30
0
 10
167.18002
 20
-1.244660000000003
 30
0
 10
167.18002
 20
-1.244660000000003
 30
0
 10
167.18002
 20
-1.244660000000003
 30
0
 10
167.18002
 20
-1.244660000000003
 30
0
 10
167.10421
 20
-1.244540000000004
 30
0
 10
167.10421
 20
-1.244540000000004
 30
0
 10
167.10421
 20
-1.244540000000004
 30
0
 10
167.10421
 20
-1.244540000000004
 30
0
 10
167.01982
 20
-0.966350000000002
 30
0
 10
167.01982
 20
-0.966350000000002
 30
0
  0
SPLINE
  5
F7
100
AcDbEntity
  8
layer 1
  6
CONTINUOUS
 62
    1
370
    5
100
AcDbSpline
210
0
220
0
230
0
 70
    8
 71
    3
 72
    8
 73
    4
 74
    0
 42
1e-07
 43
1e-07
 40
0
 40
0
 40
0
 40
0
 40
1
 40
1
 40
1
 40
1
 10
167.01982
 20
-0.966350000000002
 30
0
 10
166.97341
 20
-0.8133499999999998
 30
0
 10
166.92781
 20
-0.6761300000000041
 30
0
 10
166.91848
 20
-0.6614600000000017
 30
0
  0
SPLINE
  5
F8
100
AcDbEntity
  8
layer 1
  6
CONTINUOUS
 62
    1
370
    5
100
AcDbSpline
210
0
220
0
230
0
 70
   11
 71
    3
 72
   24
 73
   20
 74
    0
 42
1e-07
 43
1e-07
 40
0
 40
0
 40
0
 40
0
 40
0.1666667
 40
0.1666667
 40
0.1666667
 40
0.1666667
 40
0.3333333
 40
0.3333333
 40
0.3333333
 40
0.3333333
 40
0.5
 40
0.5
 40
0.5
 40
0.5
 40
0.6666666999999999
 40
0.6666666999999999
 40
0.6666666999999999
 40
0.6666666999999999
 40
1
 40
1
 40
1
 40
1
 10
134.94286
 20
-12.85067
 30
0
 10
134.91664
 20
-12.91961
 30
0
 10
134.82418
 20
-12.92795
 30
0
 10
134.79019
 20
-12.86447
 30
0
 10
134.79019
 20
-12.86447
 30
0
 10
134.7556
 20
-12.79982
 30
0
 10
134.75911
 20
-9.407239999999998
 30
0
 10
134.79379
 20
-9.372560000000004
 30
0
 10
134.79379
 20
-9.372560000000004
 30
0
 10
134.83441
 20
-9.331940000000003
 30
0
 10
134.89276
 20
-9.341480000000004
 30
0
 10
134.93017
 20
-9.394880000000001
 30
0
 10
134.93017
 20
-9.394880000000001
 30
0
 10
134.96023
 20
-9.437809999999999
 30
0
 10
134.96416
 20
-9.63785
 30
0
 10
134.96416
 20
-11.11904
 30
0
 10
134.96416
 20
-11.11904
 30
0
 10
134.96416
 20
-12.15491
 30
0
 10
134.95603
 20
-12.81605
 30
0
 10
134.94286
 20
-12.85067
 30
0
  0
SPLINE
  5
F9
100
AcDbEntity
  8
layer 1
  6
CONTINUOUS
 62
    1
370
    5
100
AcDbSpline
210
0
220
0
230
0
 70
    8
 71
    3
 72
   28
 73
   24
 74
    0
 42
1e-07
 43
1e-07
 40
0
 40
0
 40
0
 40
0
 40
0.1428571
 40
0.1428571
 40
0.1428571
 40
0.1428571
 40
0.2857143
 40
0.2857143
 40
0.2857143
 40
0.2857143
 40
0.4285714
 40
0.4285714
 40
0.4285714
 40
0.4285714
 40
0.5714286
 40
0.5714286
 40
0.5714286
 40
0.5714286
 40
0.7142856999999999
 40
0.7142856999999999
 40
0.7142856999999999
 40
0.7142856999999999
 40
1
 40
1
 40
1
 40
1
 10
129.64309
 20
-14.63279
 30
0
 10
129.56815
 20
-14.60249
 30
0
 10
129.46069
 20
-14.45489
 30
0
 10
129.42511
 20
-14.33333
 30
0
 10
129.42511
 20
-14.33333
 30
0
 10
129.39709
 20
-14.23763
 30
0
 10
129.39553
 20
-14.17139
 30
0
 10
129.41503
 20
-13.90739
 30
0
 10
129.41503
 20
-13.90739
 30
0
 10
129.42775
 20
-13.73546
 30
0
 10
129.4576
 20
-13.24091
 30
0
 10
129.48139
 20
-12.80843
 30
0
 10
129.48139
 20
-12.80843
 30
0
 10
129.53089
 20
-11.9084
 30
0
 10
129.54124
 20
-11.78213
 30
0
 10
129.57202
 20
-11.70215
 30
0
 10
129.57202
 20
-11.70215
 30
0
 10
129.59491
 20
-11.64266
 30
0
 10
129.56113
 20
-11.54489
 30
0
 10
129.48937
 20
-11.46275
 30
0
 10
129.48937
 20
-11.46275
 30
0
 10
129.4477
 20
-11.41511
 30
0
 10
129.48883
 20
-11.38169
 30
0
 10
129.61582
 20
-11.36
 30
0
  0
SPLINE
  5
FA
100
AcDbEntity
  8
layer 1
  6
CONTINUOUS
 62
    1
370
    5
100
AcDbSpline
210
0
220
0
230
0
 70
    8
 71
    3
 72
   12
 73
    8
 74
    0
 42
1e-07
 43
1e-07
 40
0
 40
0
 40
0
 40
0
 40
0.3333333
 40
0.3333333
 40
0.3333333
 40
0.3333333
 40
1
 40
1
 40
1
 40
1
 10
129.61582
 20
-11.36
 30
0
 10
129.61582
 20
-11.36
 30
0
 10
129.71098
 20
-11.34374
 30
0
 10
129.71098
 20
-11.34374
 30
0
 10
129.71098
 20
-11.34374
 30
0
 10
129.71098
 20
-11.34374
 30
0
 10
129.71653
 20
-9.20834
 30
0
 10
129.71653
 20
-9.20834
 30
0
  0
SPLINE
  5
FB
100
AcDbEntity
  8
layer 1
  6
CONTINUOUS
 62
    1
370
    5
100
AcDbSpline
210
0
220
0
230
0
 70
    8
 71
    3
 72
   16
 73
   12
 74
    0
 42
1e-07
 43
1e-07
 40
0
 40
0
 40
0
 40
0
 40
0.25
 40
0.25
 40
0.25
 40
0.25
 40
0.5
 40
0.5
 40
0.5
 40
0.5
 40
1
 40
1
 40
1
 40
1
 10
129.71653
 20
-9.20834
 30
0
 10
129.72148
 20
-7.307119999999998
 30
0
 10
129.71836
 20
-7.06568
 30
0
 10
129.68794
 20
-7.006879999999999
 30
0
 10
129.68794
 20
-7.006879999999999
 30
0
 10
129.65905
 20
-6.950960000000002
 30
0
 10
129.65746
 20
-6.91508
 30
0
 10
129.67762
 20
-6.772940000000002
 30
0
 10
129.67762
 20
-6.772940000000002
 30
0
 10
129.71686
 20
-6.496369999999999
 30
0
 10
129.71182
 20
-6.506779999999999
 30
0
 10
129.80647
 20
-6.506779999999999
 30
0
  0
SPLINE
  5
FC
100
AcDbEntity
  8
layer 1
  6
CONTINUOUS
 62
    1
370
    5
100
AcDbSpline
210
0
220
0
230
0
 70
    8
 71
    3
 72
   12
 73
    8
 74
    0
 42
1e-07
 43
1e-07
 40
0
 40
0
 40
0
 40
0
 40
0.3333333
 40
0.3333333
 40
0.3333333
 40
0.3333333
 40
1
 40
1
 40
1
 40
1
 10
129.80647
 20
-6.506779999999999
 30
0
 10
129.80647
 20
-6.506779999999999
 30
0
 10
129.89017
 20
-6.506779999999999
 30
0
 10
129.89017
 20
-6.506779999999999
 30
0
 10
129.89017
 20
-6.506779999999999
 30
0
 10
129.89017
 20
-6.506779999999999
 30
0
 10
129.91732
 20
-6.730640000000001
 30
0
 10
129.91732
 20
-6.730640000000001
 30
0
  0
SPLINE
  5
FD
100
AcDbEntity
  8
layer 1
  6
CONTINUOUS
 62
    1
370
    5
100
AcDbSpline
210
0
220
0
230
0
 70
    8
 71
    3
 72
   12
 73
    8
 74
    0
 42
1e-07
 43
1e-07
 40
0
 40
0
 40
0
 40
0
 40
0.3333333
 40
0.3333333
 40
0.3333333
 40
0.3333333
 40
1
 40
1
 40
1
 40
1
 10
129.91732
 20
-6.730640000000001
 30
0
 10
129.93727
 20
-6.895220000000002
 30
0
 10
129.93814
 20
-6.970850000000002
 30
0
 10
129.92056
 20
-7.016030000000001
 30
0
 10
129.92056
 20
-7.016030000000001
 30
0
 10
129.90379
 20
-7.059080000000002
 30
0
 10
129.89665
 20
-7.718869999999999
 30
0
 10
129.89665
 20
-9.216709999999999
 30
0
  0
SPLINE
  5
FE
100
AcDbEntity
  8
layer 1
  6
CONTINUOUS
 62
    1
370
    5
100
AcDbSpline
210
0
220
0
230
0
 70
    8
 71
    3
 72
   12
 73
    8
 74
    0
 42
1e-07
 43
1e-07
 40
0
 40
0
 40
0
 40
0
 40
0.3333333
 40
0.3333333
 40
0.3333333
 40
0.3333333
 40
1
 40
1
 40
1
 40
1
 10
129.89665
 20
-9.216709999999999
 30
0
 10
129.89665
 20
-9.216709999999999
 30
0
 10
129.89665
 20
-11.35586
 30
0
 10
129.89665
 20
-11.35586
 30
0
 10
129.89665
 20
-11.35586
 30
0
 10
129.89665
 20
-11.35586
 30
0
 10
129.97855
 20
-11.35601
 30
0
 10
129.97855
 20
-11.35601
 30
0
  0
SPLINE
  5
FF
100
AcDbEntity
  8
layer 1
  6
CONTINUOUS
 62
    1
370
    5
100
AcDbSpline
210
0
220
0
230
0
 70
    8
 71
    3
 72
   24
 73
   20
 74
    0
 42
1e-07
 43
1e-07
 40
0
 40
0
 40
0
 40
0
 40
0.1666667
 40
0.1666667
 40
0.1666667
 40
0.1666667
 40
0.3333333
 40
0.3333333
 40
0.3333333
 40
0.3333333
 40
0.5
 40
0.5
 40
0.5
 40
0.5
 40
0.6666666999999999
 40
0.6666666999999999
 40
0.6666666999999999
 40
0.6666666999999999
 40
1
 40
1
 40
1
 40
1
 10
129.97855
 20
-11.35601
 30
0
 10
130.162
 20
-11.35625
 30
0
 10
130.28545
 20
-11.42711
 30
0
 10
130.2106
 20
-11.48921
 30
0
 10
130.2106
 20
-11.48921
 30
0
 10
130.13395
 20
-11.55284
 30
0
 10
130.1128
 20
-11.63369
 30
0
 10
130.13551
 20
-11.77646
 30
0
 10
130.13551
 20
-11.77646
 30
0
 10
130.16365
 20
-11.95322
 30
0
 10
130.23265
 20
-14.19416
 30
0
 10
130.21285
 20
-14.28785
 30
0
 10
130.21285
 20
-14.28785
 30
0
 10
130.18813
 20
-14.40476
 30
0
 10
130.09057
 20
-14.56487
 30
0
 10
130.01587
 20
-14.61101
 30
0
 10
130.01587
 20
-14.61101
 30
0
 10
129.94165
 20
-14.65688
 30
0
 10
129.73291
 20
-14.66906
 30
0
 10
129.64309
 20
-14.63279
 30
0
  0
SPLINE
  5
100
100
AcDbEntity
  8
layer 1
  6
CONTINUOUS
 62
    1
370
    5
100
AcDbSpline
210
0
220
0
230
0
 70
    8
 71
    3
 72
    8
 73
    4
 74
    0
 42
1e-07
 43
1e-07
 40
0
 40
0
 40
0
 40
0
 40
1
 40
1
 40
1
 40
1
 10
134.20684
 20
-14.37566
 30
0
 10
134.20684
 20
-14.37566
 30
0
 10
134.20687
 20
-14.37566
 30
0
 10
134.20687
 20
-14.37566
 30
0
  0
SPLINE
  5
101
100
AcDbEntity
  8
layer 1
  6
CONTINUOUS
 62
    1
370
    5
100
AcDbSpline
210
0
220
0
230
0
 70
    8
 71
    3
 72
   12
 73
    8
 74
    0
 42
1e-07
 43
1e-07
 40
0
 40
0
 40
0
 40
0
 40
0.3333333
 40
0.3333333
 40
0.3333333
 40
0.3333333
 40
1
 40
1
 40
1
 40
1
 10
134.20687
 20
-14.37566
 30
0
 10
134.10463
 20
-14.26427
 30
0
 10
134.00764
 20
-14.05994
 30
0
 10
133.97869
 20
-13.89512
 30
0
 10
133.97869
 20
-13.89512
 30
0
 10
133.91884
 20
-13.5542
 30
0
 10
134.10412
 20
-13.16192
 30
0
 10
134.40949
 20
-12.98297
 30
0
  0
SPLINE
  5
102
100
AcDbEntity
  8
layer 1
  6
CONTINUOUS
 62
    1
370
    5
100
AcDbSpline
210
0
220
0
230
0
 70
    8
 71
    3
 72
   20
 73
   16
 74
    0
 42
1e-07
 43
1e-07
 40
0
 40
0
 40
0
 40
0
 40
0.2
 40
0.2
 40
0.2
 40
0.2
 40
0.4
 40
0.4
 40
0.4
 40
0.4
 40
0.6
 40
0.6
 40
0.6
 40
0.6
 40
1
 40
1
 40
1
 40
1
 10
134.40949
 20
-12.98297
 30
0
 10
134.40949
 20
-12.98297
 30
0
 10
134.50546
 20
-12.92672
 30
0
 10
134.50546
 20
-12.92672
 30
0
 10
134.50546
 20
-12.92672
 30
0
 10
134.50546
 20
-12.92672
 30
0
 10
134.50546
 20
-10.97252
 30
0
 10
134.50546
 20
-10.97252
 30
0
 10
134.50546
 20
-10.97252
 30
0
 10
134.50546
 20
-10.97252
 30
0
 10
134.50546
 20
-9.018320000000003
 30
0
 10
134.50546
 20
-9.018320000000003
 30
0
 10
134.50546
 20
-9.018320000000003
 30
0
 10
134.50546
 20
-9.018320000000003
 30
0
 10
134.36686
 20
-8.881999999999998
 30
0
 10
134.36686
 20
-8.881999999999998
 30
0
  0
SPLINE
  5
103
100
AcDbEntity
  8
layer 1
  6
CONTINUOUS
 62
    1
370
    5
100
AcDbSpline
210
0
220
0
230
0
 70
    8
 71
    3
 72
   28
 73
   24
 74
    0
 42
1e-07
 43
1e-07
 40
0
 40
0
 40
0
 40
0
 40
0.1428571
 40
0.1428571
 40
0.1428571
 40
0.1428571
 40
0.2857143
 40
0.2857143
 40
0.2857143
 40
0.2857143
 40
0.4285714
 40
0.4285714
 40
0.4285714
 40
0.4285714
 40
0.5714286
 40
0.5714286
 40
0.5714286
 40
0.5714286
 40
0.7142856999999999
 40
0.7142856999999999
 40
0.7142856999999999
 40
0.7142856999999999
 40
1
 40
1
 40
1
 40
1
 10
134.36686
 20
-8.881999999999998
 30
0
 10
134.18206
 20
-8.700230000000001
 30
0
 10
134.1259
 20
-8.558810000000001
 30
0
 10
134.13922
 20
-8.308790000000002
 30
0
 10
134.13922
 20
-8.308790000000002
 30
0
 10
134.14636
 20
-8.17445
 30
0
 10
134.1622
 20
-8.10737
 30
0
 10
134.20762
 20
-8.018630000000002
 30
0
 10
134.20762
 20
-8.018630000000002
 30
0
 10
134.32051
 20
-7.79804
 30
0
 10
134.51884
 20
-7.654040000000002
 30
0
 10
134.75101
 20
-7.624040000000001
 30
0
 10
134.75101
 20
-7.624040000000001
 30
0
 10
134.87317
 20
-7.608260000000001
 30
0
 10
135.0607
 20
-7.622750000000003
 30
0
 10
135.08794
 20
-7.649870000000004
 30
0
 10
135.08794
 20
-7.649870000000004
 30
0
 10
135.10552
 20
-7.667450000000002
 30
0
 10
134.79364
 20
-7.967450000000003
 30
0
 10
134.75596
 20
-7.969190000000001
 30
0
 10
134.75596
 20
-7.969190000000001
 30
0
 10
134.7436
 20
-7.9697
 30
0
 10
134.67724
 20
-8.027030000000003
 30
0
 10
134.60854
 20
-8.09648
 30
0
  0
SPLINE
  5
104
100
AcDbEntity
  8
layer 1
  6
CONTINUOUS
 62
    1
370
    5
100
AcDbSpline
210
0
220
0
230
0
 70
    8
 71
    3
 72
   20
 73
   16
 74
    0
 42
1e-07
 43
1e-07
 40
0
 40
0
 40
0
 40
0
 40
0.2
 40
0.2
 40
0.2
 40
0.2
 40
0.4
 40
0.4
 40
0.4
 40
0.4
 40
0.6
 40
0.6
 40
0.6
 40
0.6
 40
1
 40
1
 40
1
 40
1
 10
134.60854
 20
-8.09648
 30
0
 10
134.60854
 20
-8.09648
 30
0
 10
134.48362
 20
-8.22269
 30
0
 10
134.48362
 20
-8.22269
 30
0
 10
134.48362
 20
-8.22269
 30
0
 10
134.48362
 20
-8.22269
 30
0
 10
134.48392
 20
-8.364049999999999
 30
0
 10
134.48392
 20
-8.364049999999999
 30
0
 10
134.48392
 20
-8.364049999999999
 30
0
 10
134.48392
 20
-8.364049999999999
 30
0
 10
134.48419
 20
-8.505380000000002
 30
0
 10
134.48419
 20
-8.505380000000002
 30
0
 10
134.48419
 20
-8.505380000000002
 30
0
 10
134.48419
 20
-8.505380000000002
 30
0
 10
134.60251
 20
-8.60915
 30
0
 10
134.60251
 20
-8.60915
 30
0
  0
SPLINE
  5
105
100
AcDbEntity
  8
layer 1
  6
CONTINUOUS
 62
    1
370
    5
100
AcDbSpline
210
0
220
0
230
0
 70
    8
 71
    3
 72
    8
 73
    4
 74
    0
 42
1e-07
 43
1e-07
 40
0
 40
0
 40
0
 40
0
 40
1
 40
1
 40
1
 40
1
 10
134.60251
 20
-8.60915
 30
0
 10
134.71903
 20
-8.71133
 30
0
 10
134.72308
 20
-8.712890000000002
 30
0
 10
134.87062
 20
-8.712890000000002
 30
0
  0
SPLINE
  5
106
100
AcDbEntity
  8
layer 1
  6
CONTINUOUS
 62
    1
370
    5
100
AcDbSpline
210
0
220
0
230
0
 70
    8
 71
    3
 72
   12
 73
    8
 74
    0
 42
1e-07
 43
1e-07
 40
0
 40
0
 40
0
 40
0
 40
0.3333333
 40
0.3333333
 40
0.3333333
 40
0.3333333
 40
1
 40
1
 40
1
 40
1
 10
134.87062
 20
-8.712890000000002
 30
0
 10
134.87062
 20
-8.712890000000002
 30
0
 10
135.02044
 20
-8.712890000000002
 30
0
 10
135.02044
 20
-8.712890000000002
 30
0
 10
135.02044
 20
-8.712890000000002
 30
0
 10
135.02044
 20
-8.712890000000002
 30
0
 10
135.12337
 20
-8.608400000000003
 30
0
 10
135.12337
 20
-8.608400000000003
 30
0
  0
SPLINE
  5
107
100
AcDbEntity
  8
layer 1
  6
CONTINUOUS
 62
    1
370
    5
100
AcDbSpline
210
0
220
0
230
0
 70
    8
 71
    3
 72
   20
 73
   16
 74
    0
 42
1e-07
 43
1e-07
 40
0
 40
0
 40
0
 40
0
 40
0.2
 40
0.2
 40
0.2
 40
0.2
 40
0.4
 40
0.4
 40
0.4
 40
0.4
 40
0.6
 40
0.6
 40
0.6
 40
0.6
 40
1
 40
1
 40
1
 40
1
 10
135.12337
 20
-8.608400000000003
 30
0
 10
135.17998
 20
-8.550919999999998
 30
0
 10
135.22681
 20
-8.48948
 30
0
 10
135.22747
 20
-8.471870000000003
 30
0
 10
135.22747
 20
-8.471870000000003
 30
0
 10
135.22885
 20
-8.433320000000002
 30
0
 10
135.55363
 20
-8.164070000000002
 30
0
 10
135.57946
 20
-8.180029999999999
 30
0
 10
135.57946
 20
-8.180029999999999
 30
0
 10
135.58945
 20
-8.186209999999999
 30
0
 10
135.59761
 20
-8.259110000000003
 30
0
 10
135.59761
 20
-8.342060000000004
 30
0
 10
135.59761
 20
-8.342060000000004
 30
0
 10
135.59761
 20
-8.562739999999998
 30
0
 10
135.53428
 20
-8.714210000000001
 30
0
 10
135.37564
 20
-8.872850000000003
 30
0
  0
SPLINE
  5
108
100
AcDbEntity
  8
layer 1
  6
CONTINUOUS
 62
    1
370
    5
100
AcDbSpline
210
0
220
0
230
0
 70
    8
 71
    3
 72
   20
 73
   16
 74
    0
 42
1e-07
 43
1e-07
 40
0
 40
0
 40
0
 40
0
 40
0.2
 40
0.2
 40
0.2
 40
0.2
 40
0.4
 40
0.4
 40
0.4
 40
0.4
 40
0.6
 40
0.6
 40
0.6
 40
0.6
 40
1
 40
1
 40
1
 40
1
 10
135.37564
 20
-8.872850000000003
 30
0
 10
135.37564
 20
-8.872850000000003
 30
0
 10
135.24814
 20
-9.000350000000001
 30
0
 10
135.24814
 20
-9.000350000000001
 30
0
 10
135.24814
 20
-9.000350000000001
 30
0
 10
135.24814
 20
-9.000350000000001
 30
0
 10
135.24814
 20
-10.96328
 30
0
 10
135.24814
 20
-10.96328
 30
0
 10
135.24814
 20
-10.96328
 30
0
 10
135.24814
 20
-10.96328
 30
0
 10
135.24814
 20
-12.92624
 30
0
 10
135.24814
 20
-12.92624
 30
0
 10
135.24814
 20
-12.92624
 30
0
 10
135.24814
 20
-12.92624
 30
0
 10
135.36889
 20
-13.00637
 30
0
 10
135.36889
 20
-13.00637
 30
0
  0
SPLINE
  5
109
100
AcDbEntity
  8
layer 1
  6
CONTINUOUS
 62
    1
370
    5
100
AcDbSpline
210
0
220
0
230
0
 70
    8
 71
    3
 72
   20
 73
   16
 74
    0
 42
1e-07
 43
1e-07
 40
0
 40
0
 40
0
 40
0
 40
0.2
 40
0.2
 40
0.2
 40
0.2
 40
0.4
 40
0.4
 40
0.4
 40
0.4
 40
0.6
 40
0.6
 40
0.6
 40
0.6
 40
1
 40
1
 40
1
 40
1
 10
135.36889
 20
-13.00637
 30
0
 10
135.51574
 20
-13.10384
 30
0
 10
135.62023
 20
-13.22768
 30
0
 10
135.70078
 20
-13.3997
 30
0
 10
135.70078
 20
-13.3997
 30
0
 10
135.75502
 20
-13.51553
 30
0
 10
135.76144
 20
-13.55351
 30
0
 10
135.76144
 20
-13.75859
 30
0
 10
135.76144
 20
-13.75859
 30
0
 10
135.76144
 20
-13.97036
 30
0
 10
135.75619
 20
-13.99901
 30
0
 10
135.69289
 20
-14.1326
 30
0
 10
135.69289
 20
-14.1326
 30
0
 10
135.60787
 20
-14.31209
 30
0
 10
135.48094
 20
-14.45756
 30
0
 10
135.40942
 20
-14.45756
 30
0
  0
SPLINE
  5
10A
100
AcDbEntity
  8
layer 1
  6
CONTINUOUS
 62
    1
370
    5
100
AcDbSpline
210
0
220
0
230
0
 70
    8
 71
    3
 72
   20
 73
   16
 74
    0
 42
1e-07
 43
1e-07
 40
0
 40
0
 40
0
 40
0
 40
0.2
 40
0.2
 40
0.2
 40
0.2
 40
0.4
 40
0.4
 40
0.4
 40
0.4
 40
0.6
 40
0.6
 40
0.6
 40
0.6
 40
1
 40
1
 40
1
 40
1
 10
135.40942
 20
-14.45756
 30
0
 10
135.40942
 20
-14.45756
 30
0
 10
135.35734
 20
-14.45756
 30
0
 10
135.35734
 20
-14.45756
 30
0
 10
135.35734
 20
-14.45756
 30
0
 10
135.35734
 20
-14.45756
 30
0
 10
135.35734
 20
-14.17739
 30
0
 10
135.35734
 20
-14.17739
 30
0
 10
135.35734
 20
-14.17739
 30
0
 10
135.35734
 20
-14.17739
 30
0
 10
135.35734
 20
-13.89722
 30
0
 10
135.35734
 20
-13.89722
 30
0
 10
135.35734
 20
-13.89722
 30
0
 10
135.35734
 20
-13.89722
 30
0
 10
135.12295
 20
-13.71506
 30
0
 10
135.12295
 20
-13.71506
 30
0
  0
SPLINE
  5
10B
100
AcDbEntity
  8
layer 1
  6
CONTINUOUS
 62
    1
370
    5
100
AcDbSpline
210
0
220
0
230
0
 70
    8
 71
    3
 72
   12
 73
    8
 74
    0
 42
1e-07
 43
1e-07
 40
0
 40
0
 40
0
 40
0
 40
0.3333333
 40
0.3333333
 40
0.3333333
 40
0.3333333
 40
1
 40
1
 40
1
 40
1
 10
135.12295
 20
-13.71506
 30
0
 10
134.99401
 20
-13.61486
 30
0
 10
134.87824
 20
-13.5329
 30
0
 10
134.8657
 20
-13.5329
 30
0
 10
134.8657
 20
-13.5329
 30
0
 10
134.85313
 20
-13.5329
 30
0
 10
134.73772
 20
-13.61561
 30
0
 10
134.60917
 20
-13.71674
 30
0
  0
SPLINE
  5
10C
100
AcDbEntity
  8
layer 1
  6
CONTINUOUS
 62
    1
370
    5
100
AcDbSpline
210
0
220
0
230
0
 70
    8
 71
    3
 72
   12
 73
    8
 74
    0
 42
1e-07
 43
1e-07
 40
0
 40
0
 40
0
 40
0
 40
0.3333333
 40
0.3333333
 40
0.3333333
 40
0.3333333
 40
1
 40
1
 40
1
 40
1
 10
134.60917
 20
-13.71674
 30
0
 10
134.60917
 20
-13.71674
 30
0
 10
134.3755
 20
-13.90058
 30
0
 10
134.3755
 20
-13.90058
 30
0
 10
134.3755
 20
-13.90058
 30
0
 10
134.3755
 20
-13.90058
 30
0
 10
134.37496
 20
-14.17907
 30
0
 10
134.37496
 20
-14.17907
 30
0
  0
SPLINE
  5
10D
100
AcDbEntity
  8
layer 1
  6
CONTINUOUS
 62
    1
370
    5
100
AcDbSpline
210
0
220
0
230
0
 70
    8
 71
    3
 72
   12
 73
    8
 74
    0
 42
1e-07
 43
1e-07
 40
0
 40
0
 40
0
 40
0
 40
0.3333333
 40
0.3333333
 40
0.3333333
 40
0.3333333
 40
1
 40
1
 40
1
 40
1
 10
134.37496
 20
-14.17907
 30
0
 10
134.37445
 20
-14.44787
 30
0
 10
134.3728
 20
-14.45756
 30
0
 10
134.32822
 20
-14.45756
 30
0
 10
134.32822
 20
-14.45756
 30
0
 10
134.30275
 20
-14.45756
 30
0
 10
134.24827
 20
-14.42081
 30
0
 10
134.20687
 20
-14.37566
 30
0
  0
SPLINE
  5
10E
100
AcDbEntity
  8
layer 1
  6
CONTINUOUS
 62
    1
370
    5
100
AcDbSpline
210
0
220
0
230
0
 70
    8
 71
    3
 72
    8
 73
    4
 74
    0
 42
1e-07
 43
1e-07
 40
0
 40
0
 40
0
 40
0
 40
1
 40
1
 40
1
 40
1
 10
134.20687
 20
-14.37566
 30
0
 10
134.20687
 20
-14.37566
 30
0
 10
134.20684
 20
-14.37566
 30
0
 10
134.20684
 20
-14.37566
 30
0
  0
SPLINE
  5
10F
100
AcDbEntity
  8
layer 1
  6
CONTINUOUS
 62
    1
370
    5
100
AcDbSpline
210
0
220
0
230
0
 70
    8
 71
    3
 72
   20
 73
   16
 74
    0
 42
1e-07
 43
1e-07
 40
0
 40
0
 40
0
 40
0
 40
0.2
 40
0.2
 40
0.2
 40
0.2
 40
0.4
 40
0.4
 40
0.4
 40
0.4
 40
0.6
 40
0.6
 40
0.6
 40
0.6
 40
1
 40
1
 40
1
 40
1
 10
130.76605
 20
-9.589850000000002
 30
0
 10
130.76605
 20
-9.589850000000002
 30
0
 10
130.07371
 20
-8.985950000000003
 30
0
 10
130.07371
 20
-8.985950000000003
 30
0
 10
130.07371
 20
-8.985950000000003
 30
0
 10
130.07371
 20
-8.985950000000003
 30
0
 10
130.07254
 20
-8.616260000000004
 30
0
 10
130.07254
 20
-8.616260000000004
 30
0
 10
130.07254
 20
-8.616260000000004
 30
0
 10
130.07254
 20
-8.616260000000004
 30
0
 10
130.0714
 20
-8.246569999999998
 30
0
 10
130.0714
 20
-8.246569999999998
 30
0
 10
130.0714
 20
-8.246569999999998
 30
0
 10
130.0714
 20
-8.246569999999998
 30
0
 10
130.12054
 20
-8.290940000000003
 30
0
 10
130.12054
 20
-8.290940000000003
 30
0
  0
SPLINE
  5
110
100
AcDbEntity
  8
layer 1
  6
CONTINUOUS
 62
    1
370
    5
100
AcDbSpline
210
0
220
0
230
0
 70
    8
 71
    3
 72
   56
 73
   52
 74
    0
 42
1e-07
 43
1e-07
 40
0
 40
0
 40
0
 40
0
 40
0.07142859999999999
 40
0.07142859999999999
 40
0.07142859999999999
 40
0.07142859999999999
 40
0.1428571
 40
0.1428571
 40
0.1428571
 40
0.1428571
 40
0.2142857
 40
0.2142857
 40
0.2142857
 40
0.2142857
 40
0.2857143
 40
0.2857143
 40
0.2857143
 40
0.2857143
 40
0.3571429
 40
0.3571429
 40
0.3571429
 40
0.3571429
 40
0.4285714
 40
0.4285714
 40
0.4285714
 40
0.4285714
 40
0.5
 40
0.5
 40
0.5
 40
0.5
 40
0.5714286
 40
0.5714286
 40
0.5714286
 40
0.5714286
 40
0.6428571
 40
0.6428571
 40
0.6428571
 40
0.6428571
 40
0.7142856999999999
 40
0.7142856999999999
 40
0.7142856999999999
 40
0.7142856999999999
 40
0.7857143
 40
0.7857143
 40
0.7857143
 40
0.7857143
 40
0.8571428999999999
 40
0.8571428999999999
 40
0.8571428999999999
 40
0.8571428999999999
 40
1
 40
1
 40
1
 40
1
 10
130.12054
 20
-8.290940000000003
 30
0
 10
131.4511
 20
-9.491840000000003
 30
0
 10
132.50215
 20
-10.39061
 30
0
 10
132.70345
 20
-10.49954
 30
0
 10
132.70345
 20
-10.49954
 30
0
 10
132.73948
 20
-10.51904
 30
0
 10
132.84268
 20
-10.54097
 30
0
 10
132.9328
 20
-10.54829
 30
0
 10
132.9328
 20
-10.54829
 30
0
 10
133.12618
 20
-10.56398
 30
0
 10
133.23916
 20
-10.61288
 30
0
 10
133.35919
 20
-10.73291
 30
0
 10
133.35919
 20
-10.73291
 30
0
 10
133.47928
 20
-10.853
 30
0
 10
133.52944
 20
-10.96751
 30
0
 10
133.53166
 20
-11.12654
 30
0
 10
133.53166
 20
-11.12654
 30
0
 10
133.53343
 20
-11.25389
 30
0
 10
133.53175
 20
-11.25779
 30
0
 10
133.47319
 20
-11.26451
 30
0
 10
133.47319
 20
-11.26451
 30
0
 10
133.42543
 20
-11.27
 30
0
 10
133.38199
 20
-11.24396
 30
0
 10
133.26382
 20
-11.13893
 30
0
 10
133.26382
 20
-11.13893
 30
0
 10
133.1818
 20
-11.06603
 30
0
 10
133.10401
 20
-11.00639
 30
0
 10
133.09096
 20
-11.00639
 30
0
 10
133.09096
 20
-11.00639
 30
0
 10
133.04725
 20
-11.00639
 30
0
 10
132.92719
 20
-11.12369
 30
0
 10
132.89707
 20
-11.19581
 30
0
 10
132.89707
 20
-11.19581
 30
0
 10
132.84508
 20
-11.32019
 30
0
 10
132.85837
 20
-11.35676
 30
0
 10
133.01194
 20
-11.51150000000001
 30
0
 10
133.01194
 20
-11.51150000000001
 30
0
 10
133.15024
 20
-11.65085
 30
0
 10
133.15456
 20
-11.65838
 30
0
 10
133.1101
 20
-11.68214
 30
0
 10
133.1101
 20
-11.68214
 30
0
 10
133.08454
 20
-11.69585
 30
0
 10
133.00222
 20
-11.71223
 30
0
 10
132.92722
 20
-11.71856
 30
0
 10
132.92722
 20
-11.71856
 30
0
 10
132.81511
 20
-11.72804
 30
0
 10
132.77422
 20
-11.72162
 30
0
 10
132.69772
 20
-11.68256
 30
0
 10
132.69772
 20
-11.68256
 30
0
 10
132.5062
 20
-11.58476
 30
0
 10
132.38341
 20
-11.37698
 30
0
 10
132.3499
 20
-11.09393
 30
0
  0
SPLINE
  5
111
100
AcDbEntity
  8
layer 1
  6
CONTINUOUS
 62
    1
370
    5
100
AcDbSpline
210
0
220
0
230
0
 70
    8
 71
    3
 72
   12
 73
    8
 74
    0
 42
1e-07
 43
1e-07
 40
0
 40
0
 40
0
 40
0
 40
0.3333333
 40
0.3333333
 40
0.3333333
 40
0.3333333
 40
1
 40
1
 40
1
 40
1
 10
132.3499
 20
-11.09393
 30
0
 10
132.3499
 20
-11.09393
 30
0
 10
132.33688
 20
-10.98401
 30
0
 10
132.33688
 20
-10.98401
 30
0
 10
132.33688
 20
-10.98401
 30
0
 10
132.33688
 20
-10.98401
 30
0
 10
131.89765
 20
-10.58888
 30
0
 10
131.89765
 20
-10.58888
 30
0
  0
SPLINE
  5
112
100
AcDbEntity
  8
layer 1
  6
CONTINUOUS
 62
    1
370
    5
100
AcDbSpline
210
0
220
0
230
0
 70
    8
 71
    3
 72
    8
 73
    4
 74
    0
 42
1e-07
 43
1e-07
 40
0
 40
0
 40
0
 40
0
 40
1
 40
1
 40
1
 40
1
 10
131.89765
 20
-10.58888
 30
0
 10
131.65606
 20
-10.37156
 30
0
 10
131.14684
 20
-9.92201
 30
0
 10
130.76605
 20
-9.589850000000002
 30
0
  0
SPLINE
  5
113
100
AcDbEntity
  8
layer 1
  6
CONTINUOUS
 62
    1
370
    5
100
AcDbSpline
210
0
220
0
230
0
 70
    8
 71
    3
 72
   16
 73
   12
 74
    0
 42
1e-07
 43
1e-07
 40
0
 40
0
 40
0
 40
0
 40
0.25
 40
0.25
 40
0.25
 40
0.25
 40
0.5
 40
0.5
 40
0.5
 40
0.5
 40
1
 40
1
 40
1
 40
1
 10
131.48926
 20
-11.33993
 30
0
 10
131.26114
 20
-11.12099
 30
0
 10
131.20939
 20
-11.04548
 30
0
 10
131.25208
 20
-10.99406
 30
0
 10
131.25208
 20
-10.99406
 30
0
 10
131.26525
 20
-10.97816
 30
0
 10
131.34163
 20
-10.9436
 30
0
 10
131.42182
 20
-10.91726
 30
0
 10
131.42182
 20
-10.91726
 30
0
 10
131.50201
 20
-10.89092
 30
0
 10
131.61442
 20
-10.83539
 30
0
 10
131.6716
 20
-10.79387
 30
0
  0
SPLINE
  5
114
100
AcDbEntity
  8
layer 1
  6
CONTINUOUS
 62
    1
370
    5
100
AcDbSpline
210
0
220
0
230
0
 70
    8
 71
    3
 72
   12
 73
    8
 74
    0
 42
1e-07
 43
1e-07
 40
0
 40
0
 40
0
 40
0
 40
0.3333333
 40
0.3333333
 40
0.3333333
 40
0.3333333
 40
1
 40
1
 40
1
 40
1
 10
131.6716
 20
-10.79387
 30
0
 10
131.6716
 20
-10.79387
 30
0
 10
131.77558
 20
-10.71836
 30
0
 10
131.77558
 20
-10.71836
 30
0
 10
131.77558
 20
-10.71836
 30
0
 10
131.77558
 20
-10.71836
 30
0
 10
131.92279
 20
-10.84925
 30
0
 10
131.92279
 20
-10.84925
 30
0
  0
SPLINE
  5
115
100
AcDbEntity
  8
layer 1
  6
CONTINUOUS
 62
    1
370
    5
100
AcDbSpline
210
0
220
0
230
0
 70
    8
 71
    3
 72
    8
 73
    4
 74
    0
 42
1e-07
 43
1e-07
 40
0
 40
0
 40
0
 40
0
 40
1
 40
1
 40
1
 40
1
 10
131.92279
 20
-10.84925
 30
0
 10
132.00376
 20
-10.92122
 30
0
 10
132.09403
 20
-11.00591
 30
0
 10
132.12343
 20
-11.03747
 30
0
  0
SPLINE
  5
116
100
AcDbEntity
  8
layer 1
  6
CONTINUOUS
 62
    1
370
    5
100
AcDbSpline
210
0
220
0
230
0
 70
    8
 71
    3
 72
   12
 73
    8
 74
    0
 42
1e-07
 43
1e-07
 40
0
 40
0
 40
0
 40
0
 40
0.3333333
 40
0.3333333
 40
0.3333333
 40
0.3333333
 40
1
 40
1
 40
1
 40
1
 10
132.12343
 20
-11.03747
 30
0
 10
132.12343
 20
-11.03747
 30
0
 10
132.17686
 20
-11.0948
 30
0
 10
132.17686
 20
-11.0948
 30
0
 10
132.17686
 20
-11.0948
 30
0
 10
132.17686
 20
-11.0948
 30
0
 10
132.03397
 20
-11.23082
 30
0
 10
132.03397
 20
-11.23082
 30
0
  0
SPLINE
  5
117
100
AcDbEntity
  8
layer 1
  6
CONTINUOUS
 62
    1
370
    5
100
AcDbSpline
210
0
220
0
230
0
 70
    8
 71
    3
 72
   16
 73
   12
 74
    0
 42
1e-07
 43
1e-07
 40
0
 40
0
 40
0
 40
0
 40
0.25
 40
0.25
 40
0.25
 40
0.25
 40
0.5
 40
0.5
 40
0.5
 40
0.5
 40
1
 40
1
 40
1
 40
1
 10
132.03397
 20
-11.23082
 30
0
 10
131.95537
 20
-11.30564
 30
0
 10
131.8747
 20
-11.39849
 30
0
 10
131.85472
 20
-11.43716
 30
0
 10
131.85472
 20
-11.43716
 30
0
 10
131.82325
 20
-11.498
 30
0
 10
131.76079
 20
-11.55248
 30
0
 10
131.72248
 20
-11.55248
 30
0
 10
131.72248
 20
-11.55248
 30
0
 10
131.716
 20
-11.55248
 30
0
 10
131.61106
 20
-11.45684
 30
0
 10
131.48926
 20
-11.33993
 30
0
  0
SPLINE
  5
118
100
AcDbEntity
  8
layer 1
  6
CONTINUOUS
 62
    1
370
    5
100
AcDbSpline
210
0
220
0
230
0
 70
    8
 71
    3
 72
   20
 73
   16
 74
    0
 42
1e-07
 43
1e-07
 40
0
 40
0
 40
0
 40
0
 40
0.2
 40
0.2
 40
0.2
 40
0.2
 40
0.4
 40
0.4
 40
0.4
 40
0.4
 40
0.6
 40
0.6
 40
0.6
 40
0.6
 40
1
 40
1
 40
1
 40
1
 10
132.88975
 20
-10.35509
 30
0
 10
132.81304
 20
-10.3496
 30
0
 10
132.76096
 20
-10.32503
 30
0
 10
132.64654
 20
-10.24019
 30
0
 10
132.64654
 20
-10.24019
 30
0
 10
132.42976
 20
-10.07951
 30
0
 10
132.4324
 20
-10.09301
 30
0
 10
132.58888
 20
-9.943730000000002
 30
0
 10
132.58888
 20
-9.943730000000002
 30
0
 10
132.77791
 20
-9.763400000000001
 30
0
 10
133.0765
 20
-9.518300000000004
 30
0
 10
133.44202
 20
-9.243470000000002
 30
0
 10
133.44202
 20
-9.243470000000002
 30
0
 10
133.61245
 20
-9.11534
 30
0
 10
133.83226
 20
-8.943649999999998
 30
0
 10
133.93048
 20
-8.86196
 30
0
  0
SPLINE
  5
119
100
AcDbEntity
  8
layer 1
  6
CONTINUOUS
 62
    1
370
    5
100
AcDbSpline
210
0
220
0
230
0
 70
    8
 71
    3
 72
   12
 73
    8
 74
    0
 42
1e-07
 43
1e-07
 40
0
 40
0
 40
0
 40
0
 40
0.3333333
 40
0.3333333
 40
0.3333333
 40
0.3333333
 40
1
 40
1
 40
1
 40
1
 10
133.93048
 20
-8.86196
 30
0
 10
133.93048
 20
-8.86196
 30
0
 10
134.10907
 20
-8.713430000000002
 30
0
 10
134.10907
 20
-8.713430000000002
 30
0
 10
134.10907
 20
-8.713430000000002
 30
0
 10
134.10907
 20
-8.713430000000002
 30
0
 10
134.15299
 20
-8.784140000000001
 30
0
 10
134.15299
 20
-8.784140000000001
 30
0
  0
SPLINE
  5
11A
100
AcDbEntity
  8
layer 1
  6
CONTINUOUS
 62
    1
370
    5
100
AcDbSpline
210
0
220
0
230
0
 70
    8
 71
    3
 72
    8
 73
    4
 74
    0
 42
1e-07
 43
1e-07
 40
0
 40
0
 40
0
 40
0
 40
1
 40
1
 40
1
 40
1
 10
134.15299
 20
-8.784140000000001
 30
0
 10
134.17714
 20
-8.823049999999999
 30
0
 10
134.23543
 20
-8.89235
 30
0
 10
134.2825
 20
-8.938130000000001
 30
0
  0
SPLINE
  5
11B
100
AcDbEntity
  8
layer 1
  6
CONTINUOUS
 62
    1
370
    5
100
AcDbSpline
210
0
220
0
230
0
 70
    8
 71
    3
 72
   12
 73
    8
 74
    0
 42
1e-07
 43
1e-07
 40
0
 40
0
 40
0
 40
0
 40
0.3333333
 40
0.3333333
 40
0.3333333
 40
0.3333333
 40
1
 40
1
 40
1
 40
1
 10
134.2825
 20
-8.938130000000001
 30
0
 10
134.2825
 20
-8.938130000000001
 30
0
 10
134.36806
 20
-9.021349999999998
 30
0
 10
134.36806
 20
-9.021349999999998
 30
0
 10
134.36806
 20
-9.021349999999998
 30
0
 10
134.36806
 20
-9.021349999999998
 30
0
 10
133.8079
 20
-9.582470000000001
 30
0
 10
133.8079
 20
-9.582470000000001
 30
0
  0
SPLINE
  5
11C
100
AcDbEntity
  8
layer 1
  6
CONTINUOUS
 62
    1
370
    5
100
AcDbSpline
210
0
220
0
230
0
 70
    8
 71
    3
 72
   12
 73
    8
 74
    0
 42
1e-07
 43
1e-07
 40
0
 40
0
 40
0
 40
0
 40
0.3333333
 40
0.3333333
 40
0.3333333
 40
0.3333333
 40
1
 40
1
 40
1
 40
1
 10
133.8079
 20
-9.582470000000001
 30
0
 10
133.4998
 20
-9.891110000000001
 30
0
 10
133.18915
 20
-10.19276
 30
0
 10
133.11757
 20
-10.25282
 30
0
 10
133.11757
 20
-10.25282
 30
0
 10
132.99808
 20
-10.35305
 30
0
 10
132.97936
 20
-10.36145
 30
0
 10
132.88975
 20
-10.35509
 30
0
  0
SPLINE
  5
11D
100
AcDbEntity
  8
layer 1
  6
CONTINUOUS
 62
    1
370
    5
100
AcDbSpline
210
0
220
0
230
0
 70
    8
 71
    3
 72
   68
 73
   64
 74
    0
 42
1e-07
 43
1e-07
 40
0
 40
0
 40
0
 40
0
 40
0.0588235
 40
0.0588235
 40
0.0588235
 40
0.0588235
 40
0.1176471
 40
0.1176471
 40
0.1176471
 40
0.1176471
 40
0.1764706
 40
0.1764706
 40
0.1764706
 40
0.1764706
 40
0.2352941
 40
0.2352941
 40
0.2352941
 40
0.2352941
 40
0.2941176
 40
0.2941176
 40
0.2941176
 40
0.2941176
 40
0.3529412
 40
0.3529412
 40
0.3529412
 40
0.3529412
 40
0.4117647
 40
0.4117647
 40
0.4117647
 40
0.4117647
 40
0.4705882
 40
0.4705882
 40
0.4705882
 40
0.4705882
 40
0.5294118
 40
0.5294118
 40
0.5294118
 40
0.5294118
 40
0.5882353
 40
0.5882353
 40
0.5882353
 40
0.5882353
 40
0.6470587999999999
 40
0.6470587999999999
 40
0.6470587999999999
 40
0.6470587999999999
 40
0.7058824
 40
0.7058824
 40
0.7058824
 40
0.7058824
 40
0.7647058999999999
 40
0.7647058999999999
 40
0.7647058999999999
 40
0.7647058999999999
 40
0.8235294
 40
0.8235294
 40
0.8235294
 40
0.8235294
 40
0.8823529
 40
0.8823529
 40
0.8823529
 40
0.8823529
 40
1
 40
1
 40
1
 40
1
 10
136.61365
 20
-8.565470000000001
 30
0
 10
136.55041
 20
-8.394410000000001
 30
0
 10
136.43371
 20
-8.198840000000001
 30
0
 10
136.32127
 20
-8.075510000000001
 30
0
 10
136.32127
 20
-8.075510000000001
 30
0
 10
136.26298
 20
-8.011610000000001
 30
0
 10
136.20877
 20
-7.938500000000001
 30
0
 10
136.20079
 20
-7.913060000000002
 30
0
 10
136.20079
 20
-7.913060000000002
 30
0
 10
136.19278
 20
-7.887619999999998
 30
0
 10
136.16731
 20
-7.849640000000001
 30
0
 10
136.14415
 20
-7.828669999999999
 30
0
 10
136.14415
 20
-7.828669999999999
 30
0
 10
136.10389
 20
-7.792250000000003
 30
0
 10
136.09489
 20
-7.79354
 30
0
 10
135.93871
 20
-7.85858
 30
0
 10
135.93871
 20
-7.85858
 30
0
 10
135.84889
 20
-7.895959999999999
 30
0
 10
135.75397
 20
-7.926560000000002
 30
0
 10
135.72781
 20
-7.926560000000002
 30
0
 10
135.72781
 20
-7.926560000000002
 30
0
 10
135.67792
 20
-7.926560000000002
 30
0
 10
135.53593
 20
-8.032520000000002
 30
0
 10
135.1717
 20
-8.34158
 30
0
 10
135.1717
 20
-8.34158
 30
0
 10
135.05134
 20
-8.4437
 30
0
 10
134.93602
 20
-8.540509999999998
 30
0
 10
134.91541
 20
-8.556740000000001
 30
0
 10
134.91541
 20
-8.556740000000001
 30
0
 10
134.8825
 20
-8.582629999999998
 30
0
 10
134.8633
 20
-8.573720000000002
 30
0
 10
134.75725
 20
-8.483090000000004
 30
0
 10
134.75725
 20
-8.483090000000004
 30
0
 10
134.65816
 20
-8.398460000000004
 30
0
 10
134.63653
 20
-8.36759
 30
0
 10
134.63653
 20
-8.311070000000001
 30
0
 10
134.63653
 20
-8.311070000000001
 30
0
 10
134.63653
 20
-8.252510000000001
 30
0
 10
134.66035
 20
-8.22194
 30
0
 10
134.79589
 20
-8.106530000000003
 30
0
 10
134.79589
 20
-8.106530000000003
 30
0
 10
134.95444
 20
-7.971560000000004
 30
0
 10
135.32566
 20
-7.59329
 30
0
 10
135.46108
 20
-7.42868
 30
0
 10
135.46108
 20
-7.42868
 30
0
 10
135.54652
 20
-7.32488
 30
0
 10
135.55426
 20
-7.221680000000003
 30
0
 10
135.48709
 20
-7.082899999999999
 30
0
 10
135.48709
 20
-7.082899999999999
 30
0
 10
135.45442
 20
-7.015430000000002
 30
0
 10
135.41662
 20
-6.977599999999999
 30
0
 10
135.34912
 20
-6.944930000000003
 30
0
 10
135.34912
 20
-6.944930000000003
 30
0
 10
135.298
 20
-6.920210000000001
 30
0
 10
135.24616
 20
-6.89996
 30
0
 10
135.23395
 20
-6.89996
 30
0
 10
135.23395
 20
-6.89996
 30
0
 10
135.19852
 20
-6.89996
 30
0
 10
135.05152
 20
-6.672470000000001
 30
0
 10
135.05152
 20
-6.617660000000001
 30
0
 10
135.05152
 20
-6.617660000000001
 30
0
 10
135.05152
 20
-6.547070000000001
 30
0
 10
135.17878
 20
-6.428840000000001
 30
0
 10
135.29092
 20
-6.395240000000001
 30
0
  0
SPLINE
  5
11E
100
AcDbEntity
  8
layer 1
  6
CONTINUOUS
 62
    1
370
    5
100
AcDbSpline
210
0
220
0
230
0
 70
    8
 71
    3
 72
   12
 73
    8
 74
    0
 42
1e-07
 43
1e-07
 40
0
 40
0
 40
0
 40
0
 40
0.3333333
 40
0.3333333
 40
0.3333333
 40
0.3333333
 40
1
 40
1
 40
1
 40
1
 10
135.29092
 20
-6.395240000000001
 30
0
 10
135.29092
 20
-6.395240000000001
 30
0
 10
135.38614
 20
-6.366710000000001
 30
0
 10
135.38614
 20
-6.366710000000001
 30
0
 10
135.38614
 20
-6.366710000000001
 30
0
 10
135.38614
 20
-6.366710000000001
 30
0
 10
135.48994
 20
-6.484459999999999
 30
0
 10
135.48994
 20
-6.484459999999999
 30
0
  0
SPLINE
  5
11F
100
AcDbEntity
  8
layer 1
  6
CONTINUOUS
 62
    1
370
    5
100
AcDbSpline
210
0
220
0
230
0
 70
    8
 71
    3
 72
   36
 73
   32
 74
    0
 42
1e-07
 43
1e-07
 40
0
 40
0
 40
0
 40
0
 40
0.1111111
 40
0.1111111
 40
0.1111111
 40
0.1111111
 40
0.2222222
 40
0.2222222
 40
0.2222222
 40
0.2222222
 40
0.3333333
 40
0.3333333
 40
0.3333333
 40
0.3333333
 40
0.4444444
 40
0.4444444
 40
0.4444444
 40
0.4444444
 40
0.5555555999999999
 40
0.5555555999999999
 40
0.5555555999999999
 40
0.5555555999999999
 40
0.6666666999999999
 40
0.6666666999999999
 40
0.6666666999999999
 40
0.6666666999999999
 40
0.7777778
 40
0.7777778
 40
0.7777778
 40
0.7777778
 40
1
 40
1
 40
1
 40
1
 10
135.48994
 20
-6.484459999999999
 30
0
 10
135.54706
 20
-6.549230000000001
 30
0
 10
135.59884
 20
-6.62744
 30
0
 10
135.60502
 20
-6.658250000000002
 30
0
 10
135.60502
 20
-6.658250000000002
 30
0
 10
135.61123
 20
-6.689060000000001
 30
0
 10
135.63946
 20
-6.748670000000001
 30
0
 10
135.66781
 20
-6.79073
 30
0
 10
135.66781
 20
-6.79073
 30
0
 10
135.71107
 20
-6.854900000000001
 30
0
 10
135.73546
 20
-6.869059999999998
 30
0
 10
135.81973
 20
-6.87884
 30
0
 10
135.81973
 20
-6.87884
 30
0
 10
135.96058
 20
-6.895160000000001
 30
0
 10
136.08262
 20
-6.98789
 30
0
 10
136.20601
 20
-7.172390000000004
 30
0
 10
136.20601
 20
-7.172390000000004
 30
0
 10
136.33321
 20
-7.362589999999997
 30
0
 10
136.53109
 20
-7.74896
 30
0
 10
136.61335
 20
-7.967749999999999
 30
0
 10
136.61335
 20
-7.967749999999999
 30
0
 10
136.68742
 20
-8.164820000000002
 30
0
 10
136.81867
 20
-8.642240000000001
 30
0
 10
136.80301
 20
-8.657870000000003
 30
0
 10
136.80301
 20
-8.657870000000003
 30
0
 10
136.7968
 20
-8.664110000000001
 30
0
 10
136.76026
 20
-8.66921
 30
0
 10
136.72183
 20
-8.66921
 30
0
 10
136.72183
 20
-8.66921
 30
0
 10
136.65847
 20
-8.66921
 30
0
 10
136.64845
 20
-8.659640000000003
 30
0
 10
136.61365
 20
-8.565470000000001
 30
0
  0
SPLINE
  5
120
100
AcDbEntity
  8
layer 1
  6
CONTINUOUS
 62
    1
370
    5
100
AcDbSpline
210
0
220
0
230
0
 70
    8
 71
    3
 72
   20
 73
   16
 74
    0
 42
1e-07
 43
1e-07
 40
0
 40
0
 40
0
 40
0
 40
0.2
 40
0.2
 40
0.2
 40
0.2
 40
0.4
 40
0.4
 40
0.4
 40
0.4
 40
0.6
 40
0.6
 40
0.6
 40
0.6
 40
1
 40
1
 40
1
 40
1
 10
129.47551
 20
-7.687760000000004
 30
0
 10
129.47551
 20
-7.687760000000004
 30
0
 10
129.5482
 20
-7.76567
 30
0
 10
129.5482
 20
-7.76567
 30
0
 10
129.5482
 20
-7.76567
 30
0
 10
129.5482
 20
-7.76567
 30
0
 10
129.54223
 20
-8.14181
 30
0
 10
129.54223
 20
-8.14181
 30
0
 10
129.54223
 20
-8.14181
 30
0
 10
129.54223
 20
-8.14181
 30
0
 10
129.53623
 20
-8.51792
 30
0
 10
129.53623
 20
-8.51792
 30
0
 10
129.53623
 20
-8.51792
 30
0
 10
129.53623
 20
-8.51792
 30
0
 10
129.2632
 20
-8.285329999999998
 30
0
 10
129.2632
 20
-8.285329999999998
 30
0
  0
SPLINE
  5
121
100
AcDbEntity
  8
layer 1
  6
CONTINUOUS
 62
    1
370
    5
100
AcDbSpline
210
0
220
0
230
0
 70
    8
 71
    3
 72
   16
 73
   12
 74
    0
 42
1e-07
 43
1e-07
 40
0
 40
0
 40
0
 40
0
 40
0.25
 40
0.25
 40
0.25
 40
0.25
 40
0.5
 40
0.5
 40
0.5
 40
0.5
 40
1
 40
1
 40
1
 40
1
 10
129.2632
 20
-8.285329999999998
 30
0
 10
128.88844
 20
-7.966100000000001
 30
0
 10
128.91703
 20
-7.981160000000003
 30
0
 10
128.68531
 20
-7.981160000000003
 30
0
 10
128.68531
 20
-7.981160000000003
 30
0
 10
128.50813
 20
-7.981160000000003
 30
0
 10
128.47702
 20
-7.97486
 30
0
 10
128.38339
 20
-7.919810000000002
 30
0
 10
128.38339
 20
-7.919810000000002
 30
0
 10
128.22676
 20
-7.827740000000002
 30
0
 10
128.12077
 20
-7.656320000000001
 30
0
 10
128.10934
 20
-7.476559999999999
 30
0
  0
SPLINE
  5
122
100
AcDbEntity
  8
layer 1
  6
CONTINUOUS
 62
    1
370
    5
100
AcDbSpline
210
0
220
0
230
0
 70
    8
 71
    3
 72
   12
 73
    8
 74
    0
 42
1e-07
 43
1e-07
 40
0
 40
0
 40
0
 40
0
 40
0.3333333
 40
0.3333333
 40
0.3333333
 40
0.3333333
 40
1
 40
1
 40
1
 40
1
 10
128.10934
 20
-7.476559999999999
 30
0
 10
128.10934
 20
-7.476559999999999
 30
0
 10
128.10043
 20
-7.336790000000001
 30
0
 10
128.10043
 20
-7.336790000000001
 30
0
 10
128.10043
 20
-7.336790000000001
 30
0
 10
128.10043
 20
-7.336790000000001
 30
0
 10
128.18197
 20
-7.336790000000001
 30
0
 10
128.18197
 20
-7.336790000000001
 30
0
  0
SPLINE
  5
123
100
AcDbEntity
  8
layer 1
  6
CONTINUOUS
 62
    1
370
    5
100
AcDbSpline
210
0
220
0
230
0
 70
    8
 71
    3
 72
    8
 73
    4
 74
    0
 42
1e-07
 43
1e-07
 40
0
 40
0
 40
0
 40
0
 40
1
 40
1
 40
1
 40
1
 10
128.18197
 20
-7.336790000000001
 30
0
 10
128.25055
 20
-7.336790000000001
 30
0
 10
128.28676
 20
-7.357430000000001
 30
0
 10
128.41
 20
-7.46669
 30
0
  0
SPLINE
  5
124
100
AcDbEntity
  8
layer 1
  6
CONTINUOUS
 62
    1
370
    5
100
AcDbSpline
210
0
220
0
230
0
 70
    8
 71
    3
 72
   12
 73
    8
 74
    0
 42
1e-07
 43
1e-07
 40
0
 40
0
 40
0
 40
0
 40
0.3333333
 40
0.3333333
 40
0.3333333
 40
0.3333333
 40
1
 40
1
 40
1
 40
1
 10
128.41
 20
-7.46669
 30
0
 10
128.41
 20
-7.46669
 30
0
 10
128.55652
 20
-7.596589999999999
 30
0
 10
128.55652
 20
-7.596589999999999
 30
0
 10
128.55652
 20
-7.596589999999999
 30
0
 10
128.55652
 20
-7.596589999999999
 30
0
 10
128.62471
 20
-7.555099999999999
 30
0
 10
128.62471
 20
-7.555099999999999
 30
0
  0
SPLINE
  5
125
100
AcDbEntity
  8
layer 1
  6
CONTINUOUS
 62
    1
370
    5
100
AcDbSpline
210
0
220
0
230
0
 70
    8
 71
    3
 72
   12
 73
    8
 74
    0
 42
1e-07
 43
1e-07
 40
0
 40
0
 40
0
 40
0
 40
0.3333333
 40
0.3333333
 40
0.3333333
 40
0.3333333
 40
1
 40
1
 40
1
 40
1
 10
128.62471
 20
-7.555099999999999
 30
0
 10
128.70979
 20
-7.503349999999998
 30
0
 10
128.75914
 20
-7.429580000000001
 30
0
 10
128.77531
 20
-7.32986
 30
0
 10
128.77531
 20
-7.32986
 30
0
 10
128.78722
 20
-7.256450000000001
 30
0
 10
128.77963
 20
-7.244959999999999
 30
0
 10
128.61595
 20
-7.088900000000002
 30
0
  0
SPLINE
  5
126
100
AcDbEntity
  8
layer 1
  6
CONTINUOUS
 62
    1
370
    5
100
AcDbSpline
210
0
220
0
230
0
 70
    8
 71
    3
 72
   12
 73
    8
 74
    0
 42
1e-07
 43
1e-07
 40
0
 40
0
 40
0
 40
0
 40
0.3333333
 40
0.3333333
 40
0.3333333
 40
0.3333333
 40
1
 40
1
 40
1
 40
1
 10
128.61595
 20
-7.088900000000002
 30
0
 10
128.61595
 20
-7.088900000000002
 30
0
 10
128.44408
 20
-6.925040000000003
 30
0
 10
128.44408
 20
-6.925040000000003
 30
0
 10
128.44408
 20
-6.925040000000003
 30
0
 10
128.44408
 20
-6.925040000000003
 30
0
 10
128.50963
 20
-6.899149999999999
 30
0
 10
128.50963
 20
-6.899149999999999
 30
0
  0
SPLINE
  5
127
100
AcDbEntity
  8
layer 1
  6
CONTINUOUS
 62
    1
370
    5
100
AcDbSpline
210
0
220
0
230
0
 70
    8
 71
    3
 72
   16
 73
   12
 74
    0
 42
1e-07
 43
1e-07
 40
0
 40
0
 40
0
 40
0
 40
0.25
 40
0.25
 40
0.25
 40
0.25
 40
0.5
 40
0.5
 40
0.5
 40
0.5
 40
1
 40
1
 40
1
 40
1
 10
128.50963
 20
-6.899149999999999
 30
0
 10
128.61934
 20
-6.85577
 30
0
 10
128.8456
 20
-6.865790000000001
 30
0
 10
128.95807
 20
-6.918980000000001
 30
0
 10
128.95807
 20
-6.918980000000001
 30
0
 10
129.18442
 20
-7.026050000000001
 30
0
 10
129.28834
 20
-7.16207
 30
0
 10
129.32695
 20
-7.401889999999998
 30
0
 10
129.32695
 20
-7.401889999999998
 30
0
 10
129.35002
 20
-7.545170000000002
 30
0
 10
129.35953
 20
-7.563469999999999
 30
0
 10
129.47551
 20
-7.687760000000004
 30
0
  0
SPLINE
  5
128
100
AcDbEntity
  8
layer 1
  6
CONTINUOUS
 62
    1
370
    5
100
AcDbSpline
210
0
220
0
230
0
 70
    8
 71
    3
 72
    8
 73
    4
 74
    0
 42
1e-07
 43
1e-07
 40
0
 40
0
 40
0
 40
0
 40
1
 40
1
 40
1
 40
1
 10
128.26003
 20
-1.041409999999999
 30
0
 10
128.26003
 20
-1.041409999999999
 30
0
 10
128.03536
 20
-1.160360000000001
 30
0
 10
128.03536
 20
-1.160360000000001
 30
0
  0
SPLINE
  5
129
100
AcDbEntity
  8
layer 1
  6
CONTINUOUS
 62
    1
370
    5
100
AcDbSpline
210
0
220
0
230
0
 70
    8
 71
    3
 72
   24
 73
   20
 74
    0
 42
1e-07
 43
1e-07
 40
0
 40
0
 40
0
 40
0
 40
0.1666667
 40
0.1666667
 40
0.1666667
 40
0.1666667
 40
0.3333333
 40
0.3333333
 40
0.3333333
 40
0.3333333
 40
0.5
 40
0.5
 40
0.5
 40
0.5
 40
0.6666666999999999
 40
0.6666666999999999
 40
0.6666666999999999
 40
0.6666666999999999
 40
1
 40
1
 40
1
 40
1
 10
128.03536
 20
-1.160360000000001
 30
0
 10
127.81948
 20
-1.274629999999998
 30
0
 10
127.31917
 20
-1.56812
 30
0
 10
127.31917
 20
-1.580480000000001
 30
0
 10
127.31917
 20
-1.580480000000001
 30
0
 10
127.31917
 20
-1.583749999999998
 30
0
 10
127.41724
 20
-1.668379999999999
 30
0
 10
127.53706
 20
-1.768549999999998
 30
0
 10
127.53706
 20
-1.768549999999998
 30
0
 10
127.77805
 20
-1.96997
 30
0
 10
127.81702
 20
-2.033210000000004
 30
0
 10
127.7695
 20
-2.145499999999998
 30
0
 10
127.7695
 20
-2.145499999999998
 30
0
 10
127.72561
 20
-2.249119999999998
 30
0
 10
127.65589
 20
-2.301020000000001
 30
0
 10
127.56049
 20
-2.301020000000001
 30
0
 10
127.56049
 20
-2.301020000000001
 30
0
 10
127.49245
 20
-2.301020000000001
 30
0
 10
127.42258
 20
-2.264480000000002
 30
0
 10
127.16959
 20
-2.096660000000004
 30
0
  0
SPLINE
  5
12A
100
AcDbEntity
  8
layer 1
  6
CONTINUOUS
 62
    1
370
    5
100
AcDbSpline
210
0
220
0
230
0
 70
    8
 71
    3
 72
   12
 73
    8
 74
    0
 42
1e-07
 43
1e-07
 40
0
 40
0
 40
0
 40
0
 40
0.3333333
 40
0.3333333
 40
0.3333333
 40
0.3333333
 40
1
 40
1
 40
1
 40
1
 10
127.16959
 20
-2.096660000000004
 30
0
 10
127.16959
 20
-2.096660000000004
 30
0
 10
126.86152
 20
-1.892330000000001
 30
0
 10
126.86152
 20
-1.892330000000001
 30
0
 10
126.86152
 20
-1.892330000000001
 30
0
 10
126.86152
 20
-1.892330000000001
 30
0
 10
126.65896
 20
-2.051960000000001
 30
0
 10
126.65896
 20
-2.051960000000001
 30
0
  0
SPLINE
  5
12B
100
AcDbEntity
  8
layer 1
  6
CONTINUOUS
 62
    1
370
    5
100
AcDbSpline
210
0
220
0
230
0
 70
    8
 71
    3
 72
   24
 73
   20
 74
    0
 42
1e-07
 43
1e-07
 40
0
 40
0
 40
0
 40
0
 40
0.1666667
 40
0.1666667
 40
0.1666667
 40
0.1666667
 40
0.3333333
 40
0.3333333
 40
0.3333333
 40
0.3333333
 40
0.5
 40
0.5
 40
0.5
 40
0.5
 40
0.6666666999999999
 40
0.6666666999999999
 40
0.6666666999999999
 40
0.6666666999999999
 40
1
 40
1
 40
1
 40
1
 10
126.65896
 20
-2.051960000000001
 30
0
 10
126.40021
 20
-2.255839999999999
 30
0
 10
126.0523
 20
-2.557760000000002
 30
0
 10
126.0523
 20
-2.578430000000001
 30
0
 10
126.0523
 20
-2.578430000000001
 30
0
 10
126.0523
 20
-2.587160000000001
 30
0
 10
126.14815
 20
-2.650280000000002
 30
0
 10
126.26527
 20
-2.71865
 30
0
 10
126.26527
 20
-2.71865
 30
0
 10
126.38239
 20
-2.787020000000002
 30
0
 10
126.49657
 20
-2.85887
 30
0
 10
126.51898
 20
-2.87828
 30
0
 10
126.51898
 20
-2.87828
 30
0
 10
126.65905
 20
-2.999690000000001
 30
0
 10
126.55642
 20
-3.25217
 30
0
 10
126.367
 20
-3.25217
 30
0
 10
126.367
 20
-3.25217
 30
0
 10
126.32533
 20
-3.25217
 30
0
 10
126.15676
 20
-3.19163
 30
0
 10
125.9713
 20
-3.110060000000004
 30
0
  0
SPLINE
  5
12C
100
AcDbEntity
  8
layer 1
  6
CONTINUOUS
 62
    1
370
    5
100
AcDbSpline
210
0
220
0
230
0
 70
    8
 71
    3
 72
   12
 73
    8
 74
    0
 42
1e-07
 43
1e-07
 40
0
 40
0
 40
0
 40
0
 40
0.3333333
 40
0.3333333
 40
0.3333333
 40
0.3333333
 40
1
 40
1
 40
1
 40
1
 10
125.9713
 20
-3.110060000000004
 30
0
 10
125.9713
 20
-3.110060000000004
 30
0
 10
125.6482
 20
-2.967980000000001
 30
0
 10
125.6482
 20
-2.967980000000001
 30
0
 10
125.6482
 20
-2.967980000000001
 30
0
 10
125.6482
 20
-2.967980000000001
 30
0
 10
125.50924
 20
-3.11552
 30
0
 10
125.50924
 20
-3.11552
 30
0
  0
SPLINE
  5
12D
100
AcDbEntity
  8
layer 1
  6
CONTINUOUS
 62
    1
370
    5
100
AcDbSpline
210
0
220
0
230
0
 70
    8
 71
    3
 72
   52
 73
   48
 74
    0
 42
1e-07
 43
1e-07
 40
0
 40
0
 40
0
 40
0
 40
0.07692309999999999
 40
0.07692309999999999
 40
0.07692309999999999
 40
0.07692309999999999
 40
0.1538462
 40
0.1538462
 40
0.1538462
 40
0.1538462
 40
0.2307692
 40
0.2307692
 40
0.2307692
 40
0.2307692
 40
0.3076923
 40
0.3076923
 40
0.3076923
 40
0.3076923
 40
0.3846154
 40
0.3846154
 40
0.3846154
 40
0.3846154
 40
0.4615385
 40
0.4615385
 40
0.4615385
 40
0.4615385
 40
0.5384614999999999
 40
0.5384614999999999
 40
0.5384614999999999
 40
0.5384614999999999
 40
0.6153845999999999
 40
0.6153845999999999
 40
0.6153845999999999
 40
0.6153845999999999
 40
0.6923077
 40
0.6923077
 40
0.6923077
 40
0.6923077
 40
0.7692308
 40
0.7692308
 40
0.7692308
 40
0.7692308
 40
0.8461538
 40
0.8461538
 40
0.8461538
 40
0.8461538
 40
1
 40
1
 40
1
 40
1
 10
125.50924
 20
-3.11552
 30
0
 10
125.31157
 20
-3.325400000000002
 30
0
 10
124.95838
 20
-3.760159999999999
 30
0
 10
124.9663
 20
-3.783890000000003
 30
0
 10
124.9663
 20
-3.783890000000003
 30
0
 10
124.96996
 20
-3.794900000000002
 30
0
 10
125.08492
 20
-3.845510000000001
 30
0
 10
125.22172
 20
-3.896329999999999
 30
0
 10
125.22172
 20
-3.896329999999999
 30
0
 10
125.4766
 20
-3.99098
 30
0
 10
125.57176
 20
-4.05986
 30
0
 10
125.57176
 20
-4.149620000000002
 30
0
 10
125.57176
 20
-4.149620000000002
 30
0
 10
125.57176
 20
-4.239049999999999
 30
0
 10
125.509
 20
-4.343690000000002
 30
0
 10
125.43385
 20
-4.379510000000003
 30
0
 10
125.43385
 20
-4.379510000000003
 30
0
 10
125.36152
 20
-4.414010000000001
 30
0
 10
125.34712
 20
-4.412330000000001
 30
0
 10
124.99624
 20
-4.328390000000002
 30
0
 10
124.99624
 20
-4.328390000000002
 30
0
 10
124.66645
 20
-4.249550000000003
 30
0
 10
124.63069
 20
-4.244810000000001
 30
0
 10
124.60402
 20
-4.276579999999999
 30
0
 10
124.60402
 20
-4.276579999999999
 30
0
 10
124.50877
 20
-4.389980000000001
 30
0
 10
124.07254
 20
-5.145859999999999
 30
0
 10
124.09144
 20
-5.164760000000001
 30
0
 10
124.09144
 20
-5.164760000000001
 30
0
 10
124.09696
 20
-5.170279999999998
 30
0
 10
124.2136
 20
-5.195150000000002
 30
0
 10
124.35061
 20
-5.220020000000002
 30
0
 10
124.35061
 20
-5.220020000000002
 30
0
 10
124.48765
 20
-5.244889999999998
 30
0
 10
124.62403
 20
-5.276719999999997
 30
0
 10
124.65373
 20
-5.290759999999999
 30
0
 10
124.65373
 20
-5.290759999999999
 30
0
 10
124.81309
 20
-5.36618
 30
0
 10
124.77955
 20
-5.64629
 30
0
 10
124.60543
 20
-5.694109999999998
 30
0
 10
124.60543
 20
-5.694109999999998
 30
0
 10
124.56547
 20
-5.705090000000002
 30
0
 10
124.43356
 20
-5.70608
 30
0
 10
124.30489
 20
-5.69642
 30
0
 10
124.30489
 20
-5.69642
 30
0
 10
124.17874
 20
-5.686909999999997
 30
0
 10
124.02064
 20
-5.678719999999998
 30
0
 10
123.95359
 20
-5.67794
 30
0
  0
SPLINE
  5
12E
100
AcDbEntity
  8
layer 1
  6
CONTINUOUS
 62
    1
370
    5
100
AcDbSpline
210
0
220
0
230
0
 70
    8
 71
    3
 72
   12
 73
    8
 74
    0
 42
1e-07
 43
1e-07
 40
0
 40
0
 40
0
 40
0
 40
0.3333333
 40
0.3333333
 40
0.3333333
 40
0.3333333
 40
1
 40
1
 40
1
 40
1
 10
123.95359
 20
-5.67794
 30
0
 10
123.95359
 20
-5.67794
 30
0
 10
123.83167
 20
-5.676649999999999
 30
0
 10
123.83167
 20
-5.676649999999999
 30
0
 10
123.83167
 20
-5.676649999999999
 30
0
 10
123.83167
 20
-5.676649999999999
 30
0
 10
123.73759
 20
-5.911460000000002
 30
0
 10
123.73759
 20
-5.911460000000002
 30
0
  0
SPLINE
  5
12F
100
AcDbEntity
  8
layer 1
  6
CONTINUOUS
 62
    1
370
    5
100
AcDbSpline
210
0
220
0
230
0
 70
    8
 71
    3
 72
    8
 73
    4
 74
    0
 42
1e-07
 43
1e-07
 40
0
 40
0
 40
0
 40
0
 40
1
 40
1
 40
1
 40
1
 10
123.73759
 20
-5.911460000000002
 30
0
 10
123.61837
 20
-6.209060000000001
 30
0
 10
123.48466
 20
-6.58379
 30
0
 10
123.46483
 20
-6.675980000000003
 30
0
  0
SPLINE
  5
130
100
AcDbEntity
  8
layer 1
  6
CONTINUOUS
 62
    1
370
    5
100
AcDbSpline
210
0
220
0
230
0
 70
    8
 71
    3
 72
   20
 73
   16
 74
    0
 42
1e-07
 43
1e-07
 40
0
 40
0
 40
0
 40
0
 40
0.2
 40
0.2
 40
0.2
 40
0.2
 40
0.4
 40
0.4
 40
0.4
 40
0.4
 40
0.6
 40
0.6
 40
0.6
 40
0.6
 40
1
 40
1
 40
1
 40
1
 10
123.46483
 20
-6.675980000000003
 30
0
 10
123.46483
 20
-6.675980000000003
 30
0
 10
123.44953
 20
-6.746960000000001
 30
0
 10
123.44953
 20
-6.746960000000001
 30
0
 10
123.44953
 20
-6.746960000000001
 30
0
 10
123.44953
 20
-6.746960000000001
 30
0
 10
123.75514
 20
-6.746960000000001
 30
0
 10
123.75514
 20
-6.746960000000001
 30
0
 10
123.75514
 20
-6.746960000000001
 30
0
 10
123.75514
 20
-6.746960000000001
 30
0
 10
124.06072
 20
-6.746960000000001
 30
0
 10
124.06072
 20
-6.746960000000001
 30
0
 10
124.06072
 20
-6.746960000000001
 30
0
 10
124.06072
 20
-6.746960000000001
 30
0
 10
124.11727
 20
-6.814160000000001
 30
0
 10
124.11727
 20
-6.814160000000001
 30
0
  0
SPLINE
  5
131
100
AcDbEntity
  8
layer 1
  6
CONTINUOUS
 62
    1
370
    5
100
AcDbSpline
210
0
220
0
230
0
 70
    8
 71
    3
 72
   52
 73
   48
 74
    0
 42
1e-07
 43
1e-07
 40
0
 40
0
 40
0
 40
0
 40
0.07692309999999999
 40
0.07692309999999999
 40
0.07692309999999999
 40
0.07692309999999999
 40
0.1538462
 40
0.1538462
 40
0.1538462
 40
0.1538462
 40
0.2307692
 40
0.2307692
 40
0.2307692
 40
0.2307692
 40
0.3076923
 40
0.3076923
 40
0.3076923
 40
0.3076923
 40
0.3846154
 40
0.3846154
 40
0.3846154
 40
0.3846154
 40
0.4615385
 40
0.4615385
 40
0.4615385
 40
0.4615385
 40
0.5384614999999999
 40
0.5384614999999999
 40
0.5384614999999999
 40
0.5384614999999999
 40
0.6153845999999999
 40
0.6153845999999999
 40
0.6153845999999999
 40
0.6153845999999999
 40
0.6923077
 40
0.6923077
 40
0.6923077
 40
0.6923077
 40
0.7692308
 40
0.7692308
 40
0.7692308
 40
0.7692308
 40
0.8461538
 40
0.8461538
 40
0.8461538
 40
0.8461538
 40
1
 40
1
 40
1
 40
1
 10
124.11727
 20
-6.814160000000001
 30
0
 10
124.21111
 20
-6.925670000000004
 30
0
 10
124.18444
 20
-7.097840000000001
 30
0
 10
124.06327
 20
-7.162669999999999
 30
0
 10
124.06327
 20
-7.162669999999999
 30
0
 10
124.03975
 20
-7.175270000000001
 30
0
 10
123.86224
 20
-7.204280000000001
 30
0
 10
123.6688
 20
-7.227139999999999
 30
0
 10
123.6688
 20
-7.227139999999999
 30
0
 10
123.47539
 20
-7.25
 30
0
 10
123.31207
 20
-7.273759999999999
 30
0
 10
123.30589
 20
-7.279970000000002
 30
0
 10
123.30589
 20
-7.279970000000002
 30
0
 10
123.27013
 20
-7.315729999999999
 30
0
 10
123.10573
 20
-8.285449999999997
 30
0
 10
123.13111
 20
-8.310830000000003
 30
0
 10
123.13111
 20
-8.310830000000003
 30
0
 10
123.13849
 20
-8.318210000000001
 30
0
 10
123.26737
 20
-8.303449999999998
 30
0
 10
123.41755
 20
-8.278100000000002
 30
0
 10
123.41755
 20
-8.278100000000002
 30
0
 10
123.72154
 20
-8.226740000000003
 30
0
 10
123.78061
 20
-8.235800000000001
 30
0
 10
123.83566
 20
-8.342269999999999
 30
0
 10
123.83566
 20
-8.342269999999999
 30
0
 10
123.86488
 20
-8.398790000000002
 30
0
 10
123.87394
 20
-8.400950000000002
 30
0
 10
124.24357
 20
-8.439260000000001
 30
0
 10
124.24357
 20
-8.439260000000001
 30
0
 10
124.4515
 20
-8.460830000000001
 30
0
 10
124.62979
 20
-8.48582
 30
0
 10
124.63984
 20
-8.49485
 30
0
 10
124.63984
 20
-8.49485
 30
0
 10
124.64986
 20
-8.503820000000001
 30
0
 10
124.63255
 20
-8.551640000000003
 30
0
 10
124.60135
 20
-8.601080000000003
 30
0
 10
124.60135
 20
-8.601080000000003
 30
0
 10
124.5349
 20
-8.70635
 30
0
 10
124.55047
 20
-8.704490000000003
 30
0
 10
124.13647
 20
-8.656489999999998
 30
0
 10
124.13647
 20
-8.656489999999998
 30
0
 10
123.86245
 20
-8.624780000000001
 30
0
 10
123.83284
 20
-8.624870000000001
 30
0
 10
123.75985
 20
-8.657779999999999
 30
0
 10
123.75985
 20
-8.657779999999999
 30
0
 10
123.71629
 20
-8.677430000000001
 30
0
 10
123.5434
 20
-8.734819999999999
 30
0
 10
123.3757
 20
-8.785340000000001
 30
0
  0
SPLINE
  5
132
100
AcDbEntity
  8
layer 1
  6
CONTINUOUS
 62
    1
370
    5
100
AcDbSpline
210
0
220
0
230
0
 70
    8
 71
    3
 72
   12
 73
    8
 74
    0
 42
1e-07
 43
1e-07
 40
0
 40
0
 40
0
 40
0
 40
0.3333333
 40
0.3333333
 40
0.3333333
 40
0.3333333
 40
1
 40
1
 40
1
 40
1
 10
123.3757
 20
-8.785340000000001
 30
0
 10
123.3757
 20
-8.785340000000001
 30
0
 10
123.07075
 20
-8.87717
 30
0
 10
123.07075
 20
-8.87717
 30
0
 10
123.07075
 20
-8.87717
 30
0
 10
123.07075
 20
-8.87717
 30
0
 10
123.0649
 20
-9.420020000000001
 30
0
 10
123.0649
 20
-9.420020000000001
 30
0
  0
SPLINE
  5
133
100
AcDbEntity
  8
layer 1
  6
CONTINUOUS
 62
    1
370
    5
100
AcDbSpline
210
0
220
0
230
0
 70
    8
 71
    3
 72
   24
 73
   20
 74
    0
 42
1e-07
 43
1e-07
 40
0
 40
0
 40
0
 40
0
 40
0.1666667
 40
0.1666667
 40
0.1666667
 40
0.1666667
 40
0.3333333
 40
0.3333333
 40
0.3333333
 40
0.3333333
 40
0.5
 40
0.5
 40
0.5
 40
0.5
 40
0.6666666999999999
 40
0.6666666999999999
 40
0.6666666999999999
 40
0.6666666999999999
 40
1
 40
1
 40
1
 40
1
 10
123.0649
 20
-9.420020000000001
 30
0
 10
123.05941
 20
-9.93167
 30
0
 10
123.06127
 20
-9.961970000000001
 30
0
 10
123.09766
 20
-9.947360000000003
 30
0
 10
123.09766
 20
-9.947360000000003
 30
0
 10
123.1189
 20
-9.938839999999999
 30
0
 10
123.24751
 20
-9.891950000000001
 30
0
 10
123.38344
 20
-9.843200000000003
 30
0
 10
123.38344
 20
-9.843200000000003
 30
0
 10
123.62584
 20
-9.756260000000001
 30
0
 10
123.63202
 20
-9.755269999999999
 30
0
 10
123.70561
 20
-9.79034
 30
0
 10
123.70561
 20
-9.79034
 30
0
 10
123.74689
 20
-9.810020000000002
 30
0
 10
123.78064
 20
-9.841100000000001
 30
0
 10
123.78064
 20
-9.85943
 30
0
 10
123.78064
 20
-9.85943
 30
0
 10
123.78064
 20
-9.87773
 30
0
 10
123.72427
 20
-9.982190000000003
 30
0
 10
123.65533
 20
-10.09151
 30
0
  0
SPLINE
  5
134
100
AcDbEntity
  8
layer 1
  6
CONTINUOUS
 62
    1
370
    5
100
AcDbSpline
210
0
220
0
230
0
 70
    8
 71
    3
 72
   12
 73
    8
 74
    0
 42
1e-07
 43
1e-07
 40
0
 40
0
 40
0
 40
0
 40
0.3333333
 40
0.3333333
 40
0.3333333
 40
0.3333333
 40
1
 40
1
 40
1
 40
1
 10
123.65533
 20
-10.09151
 30
0
 10
123.65533
 20
-10.09151
 30
0
 10
123.53002
 20
-10.29035
 30
0
 10
123.53002
 20
-10.29035
 30
0
 10
123.53002
 20
-10.29035
 30
0
 10
123.53002
 20
-10.29035
 30
0
 10
123.31471
 20
-10.39838
 30
0
 10
123.31471
 20
-10.39838
 30
0
  0
SPLINE
  5
135
100
AcDbEntity
  8
layer 1
  6
CONTINUOUS
 62
    1
370
    5
100
AcDbSpline
210
0
220
0
230
0
 70
    8
 71
    3
 72
   12
 73
    8
 74
    0
 42
1e-07
 43
1e-07
 40
0
 40
0
 40
0
 40
0
 40
0.3333333
 40
0.3333333
 40
0.3333333
 40
0.3333333
 40
1
 40
1
 40
1
 40
1
 10
123.31471
 20
-10.39838
 30
0
 10
123.12472
 20
-10.49372
 30
0
 10
123.10081
 20
-10.51205
 30
0
 10
123.11131
 20
-10.55435
 30
0
 10
123.11131
 20
-10.55435
 30
0
 10
123.11788
 20
-10.58069
 30
0
 10
123.12961
 20
-10.66616
 30
0
 10
123.13741
 20
-10.74422
 30
0
  0
SPLINE
  5
136
100
AcDbEntity
  8
layer 1
  6
CONTINUOUS
 62
    1
370
    5
100
AcDbSpline
210
0
220
0
230
0
 70
    8
 71
    3
 72
   12
 73
    8
 74
    0
 42
1e-07
 43
1e-07
 40
0
 40
0
 40
0
 40
0
 40
0.3333333
 40
0.3333333
 40
0.3333333
 40
0.3333333
 40
1
 40
1
 40
1
 40
1
 10
123.13741
 20
-10.74422
 30
0
 10
123.13741
 20
-10.74422
 30
0
 10
123.1516
 20
-10.88621
 30
0
 10
123.1516
 20
-10.88621
 30
0
 10
123.1516
 20
-10.88621
 30
0
 10
123.1516
 20
-10.88621
 30
0
 10
122.08321
 20
-12.56813
 30
0
 10
122.08321
 20
-12.56813
 30
0
  0
SPLINE
  5
137
100
AcDbEntity
  8
layer 1
  6
CONTINUOUS
 62
    1
370
    5
100
AcDbSpline
210
0
220
0
230
0
 70
    8
 71
    3
 72
   20
 73
   16
 74
    0
 42
1e-07
 43
1e-07
 40
0
 40
0
 40
0
 40
0
 40
0.2
 40
0.2
 40
0.2
 40
0.2
 40
0.4
 40
0.4
 40
0.4
 40
0.4
 40
0.6
 40
0.6
 40
0.6
 40
0.6
 40
1
 40
1
 40
1
 40
1
 10
122.08321
 20
-12.56813
 30
0
 10
121.4956
 20
-13.49318
 30
0
 10
120.97882
 20
-14.31443
 30
0
 10
120.93484
 20
-14.39309
 30
0
 10
120.93484
 20
-14.39309
 30
0
 10
120.58588
 20
-15.01709
 30
0
 10
120.5215
 20
-15.65417
 30
0
 10
120.75832
 20
-16.13942
 30
0
 10
120.75832
 20
-16.13942
 30
0
 10
120.91507
 20
-16.4606
 30
0
 10
121.26976
 20
-16.74407
 30
0
 10
121.68436
 20
-16.87952
 30
0
 10
121.68436
 20
-16.87952
 30
0
 10
122.06482
 20
-17.00381
 30
0
 10
121.93849
 20
-16.99847
 30
0
 10
124.71226
 20
-17.00696
 30
0
  0
SPLINE
  5
138
100
AcDbEntity
  8
layer 1
  6
CONTINUOUS
 62
    1
370
    5
100
AcDbSpline
210
0
220
0
230
0
 70
    8
 71
    3
 72
   20
 73
   16
 74
    0
 42
1e-07
 43
1e-07
 40
0
 40
0
 40
0
 40
0
 40
0.2
 40
0.2
 40
0.2
 40
0.2
 40
0.4
 40
0.4
 40
0.4
 40
0.4
 40
0.6
 40
0.6
 40
0.6
 40
0.6
 40
1
 40
1
 40
1
 40
1
 10
124.71226
 20
-17.00696
 30
0
 10
124.71226
 20
-17.00696
 30
0
 10
127.27117
 20
-17.01482
 30
0
 10
127.27117
 20
-17.01482
 30
0
 10
127.27117
 20
-17.01482
 30
0
 10
127.27117
 20
-17.01482
 30
0
 10
127.24339
 20
-17.13434
 30
0
 10
127.24339
 20
-17.13434
 30
0
 10
127.24339
 20
-17.13434
 30
0
 10
127.24339
 20
-17.13434
 30
0
 10
127.21561
 20
-17.25386
 30
0
 10
127.21561
 20
-17.25386
 30
0
 10
127.21561
 20
-17.25386
 30
0
 10
127.21561
 20
-17.25386
 30
0
 10
127.51312
 20
-17.43509
 30
0
 10
127.51312
 20
-17.43509
 30
0
  0
SPLINE
  5
139
100
AcDbEntity
  8
layer 1
  6
CONTINUOUS
 62
    1
370
    5
100
AcDbSpline
210
0
220
0
230
0
 70
    8
 71
    3
 72
    8
 73
    4
 74
    0
 42
1e-07
 43
1e-07
 40
0
 40
0
 40
0
 40
0
 40
1
 40
1
 40
1
 40
1
 10
127.51312
 20
-17.43509
 30
0
 10
127.67677
 20
-17.53478
 30
0
 10
127.88638
 20
-17.65754
 30
0
 10
127.97893
 20
-17.70791
 30
0
  0
SPLINE
  5
13A
100
AcDbEntity
  8
layer 1
  6
CONTINUOUS
 62
    1
370
    5
100
AcDbSpline
210
0
220
0
230
0
 70
    8
 71
    3
 72
   12
 73
    8
 74
    0
 42
1e-07
 43
1e-07
 40
0
 40
0
 40
0
 40
0
 40
0.3333333
 40
0.3333333
 40
0.3333333
 40
0.3333333
 40
1
 40
1
 40
1
 40
1
 10
127.97893
 20
-17.70791
 30
0
 10
127.97893
 20
-17.70791
 30
0
 10
128.14723
 20
-17.7995
 30
0
 10
128.14723
 20
-17.7995
 30
0
 10
128.14723
 20
-17.7995
 30
0
 10
128.14723
 20
-17.7995
 30
0
 10
128.16193
 20
-17.71757
 30
0
 10
128.16193
 20
-17.71757
 30
0
  0
SPLINE
  5
13B
100
AcDbEntity
  8
layer 1
  6
CONTINUOUS
 62
    1
370
    5
100
AcDbSpline
210
0
220
0
230
0
 70
    8
 71
    3
 72
   24
 73
   20
 74
    0
 42
1e-07
 43
1e-07
 40
0
 40
0
 40
0
 40
0
 40
0.1666667
 40
0.1666667
 40
0.1666667
 40
0.1666667
 40
0.3333333
 40
0.3333333
 40
0.3333333
 40
0.3333333
 40
0.5
 40
0.5
 40
0.5
 40
0.5
 40
0.6666666999999999
 40
0.6666666999999999
 40
0.6666666999999999
 40
0.6666666999999999
 40
1
 40
1
 40
1
 40
1
 10
128.16193
 20
-17.71757
 30
0
 10
128.23993
 20
-17.2835
 30
0
 10
128.25445
 20
-17.2277
 30
0
 10
128.30278
 20
-17.17625
 30
0
 10
128.30278
 20
-17.17625
 30
0
 10
128.37532
 20
-17.09906
 30
0
 10
128.53558
 20
-17.09969
 30
0
 10
128.6134
 20
-17.17754
 30
0
 10
128.6134
 20
-17.17754
 30
0
 10
128.68828
 20
-17.25242
 30
0
 10
128.69197
 20
-17.28701
 30
0
 10
128.66722
 20
-17.68049
 30
0
 10
128.66722
 20
-17.68049
 30
0
 10
128.64931
 20
-17.9654
 30
0
 10
128.65075
 20
-18.02588
 30
0
 10
128.67595
 20
-18.04202
 30
0
 10
128.67595
 20
-18.04202
 30
0
 10
128.72992
 20
-18.07655
 30
0
 10
129.26818
 20
-18.28523
 30
0
 10
129.49255
 20
-18.35861
 30
0
  0
SPLINE
  5
13C
100
AcDbEntity
  8
layer 1
  6
CONTINUOUS
 62
    1
370
    5
100
AcDbSpline
210
0
220
0
230
0
 70
    8
 71
    3
 72
   12
 73
    8
 74
    0
 42
1e-07
 43
1e-07
 40
0
 40
0
 40
0
 40
0
 40
0.3333333
 40
0.3333333
 40
0.3333333
 40
0.3333333
 40
1
 40
1
 40
1
 40
1
 10
129.49255
 20
-18.35861
 30
0
 10
129.49255
 20
-18.35861
 30
0
 10
129.71098
 20
-18.43001
 30
0
 10
129.71098
 20
-18.43001
 30
0
 10
129.71098
 20
-18.43001
 30
0
 10
129.71098
 20
-18.43001
 30
0
 10
129.7219
 20
-18.11801
 30
0
 10
129.7219
 20
-18.11801
 30
0
  0
SPLINE
  5
13D
100
AcDbEntity
  8
layer 1
  6
CONTINUOUS
 62
    1
370
    5
100
AcDbSpline
210
0
220
0
230
0
 70
    8
 71
    3
 72
   60
 73
   56
 74
    0
 42
1e-07
 43
1e-07
 40
0
 40
0
 40
0
 40
0
 40
0.0666667
 40
0.0666667
 40
0.0666667
 40
0.0666667
 40
0.1333333
 40
0.1333333
 40
0.1333333
 40
0.1333333
 40
0.2
 40
0.2
 40
0.2
 40
0.2
 40
0.2666667
 40
0.2666667
 40
0.2666667
 40
0.2666667
 40
0.3333333
 40
0.3333333
 40
0.3333333
 40
0.3333333
 40
0.4
 40
0.4
 40
0.4
 40
0.4
 40
0.4666667
 40
0.4666667
 40
0.4666667
 40
0.4666667
 40
0.5333333
 40
0.5333333
 40
0.5333333
 40
0.5333333
 40
0.6
 40
0.6
 40
0.6
 40
0.6
 40
0.6666666999999999
 40
0.6666666999999999
 40
0.6666666999999999
 40
0.6666666999999999
 40
0.7333333
 40
0.7333333
 40
0.7333333
 40
0.7333333
 40
0.7999999999999999
 40
0.7999999999999999
 40
0.7999999999999999
 40
0.7999999999999999
 40
0.8666667
 40
0.8666667
 40
0.8666667
 40
0.8666667
 40
1
 40
1
 40
1
 40
1
 10
129.7219
 20
-18.11801
 30
0
 10
129.73384
 20
-17.77646
 30
0
 10
129.74242
 20
-17.75222
 30
0
 10
129.86563
 20
-17.71157
 30
0
 10
129.86563
 20
-17.71157
 30
0
 10
129.9718
 20
-17.67653
 30
0
 10
130.08307
 20
-17.71664
 30
0
 10
130.12987
 20
-17.80682
 30
0
 10
130.12987
 20
-17.80682
 30
0
 10
130.15081
 20
-17.84714
 30
0
 10
130.18231
 20
-18.01643
 30
0
 10
130.20547
 20
-18.21296
 30
0
 10
130.20547
 20
-18.21296
 30
0
 10
130.22728
 20
-18.3983
 30
0
 10
130.25275
 20
-18.55715
 30
0
 10
130.26202
 20
-18.56594
 30
0
 10
130.26202
 20
-18.56594
 30
0
 10
130.28866
 20
-18.5912
 30
0
 10
131.19376
 20
-18.76061
 30
0
 10
131.30209
 20
-18.76061
 30
0
 10
131.30209
 20
-18.76061
 30
0
 10
131.30638
 20
-18.76061
 30
0
 10
131.28712
 20
-18.63257
 30
0
 10
131.25931
 20
-18.47612
 30
0
 10
131.25931
 20
-18.47612
 30
0
 10
131.20261
 20
-18.15728
 30
0
 10
131.20948
 20
-18.10502
 30
0
 10
131.31607
 20
-18.04436
 30
0
 10
131.31607
 20
-18.04436
 30
0
 10
131.35216
 20
-18.02381
 30
0
 10
131.38174
 20
-17.99444
 30
0
 10
131.3818
 20
-17.97902
 30
0
 10
131.3818
 20
-17.97902
 30
0
 10
131.38207
 20
-17.92748
 30
0
 10
131.47063
 20
-17.11214
 30
0
 10
131.48137
 20
-17.06231
 30
0
 10
131.48137
 20
-17.06231
 30
0
 10
131.49067
 20
-17.01935
 30
0
 10
131.50567
 20
-17.01317
 30
0
 10
131.6008
 20
-17.01317
 30
0
 10
131.6008
 20
-17.01317
 30
0
 10
131.66062
 20
-17.01317
 30
0
 10
131.70958
 20
-17.02109
 30
0
 10
131.70958
 20
-17.03078
 30
0
 10
131.70958
 20
-17.03078
 30
0
 10
131.70958
 20
-17.04047
 30
0
 10
131.68477
 20
-17.27273
 30
0
 10
131.65441
 20
-17.54693
 30
0
 10
131.65441
 20
-17.54693
 30
0
 10
131.59945
 20
-18.04382
 30
0
 10
131.59939
 20
-18.04583
 30
0
 10
131.64148
 20
-18.13547
 30
0
 10
131.64148
 20
-18.13547
 30
0
 10
131.6647
 20
-18.18497
 30
0
 10
131.72146
 20
-18.35525
 30
0
 10
131.76763
 20
-18.51389
 30
0
  0
SPLINE
  5
13E
100
AcDbEntity
  8
layer 1
  6
CONTINUOUS
 62
    1
370
    5
100
AcDbSpline
210
0
220
0
230
0
 70
    8
 71
    3
 72
   12
 73
    8
 74
    0
 42
1e-07
 43
1e-07
 40
0
 40
0
 40
0
 40
0
 40
0.3333333
 40
0.3333333
 40
0.3333333
 40
0.3333333
 40
1
 40
1
 40
1
 40
1
 10
131.76763
 20
-18.51389
 30
0
 10
131.76763
 20
-18.51389
 30
0
 10
131.85157
 20
-18.80234
 30
0
 10
131.85157
 20
-18.80234
 30
0
 10
131.85157
 20
-18.80234
 30
0
 10
131.85157
 20
-18.80234
 30
0
 10
131.94985
 20
-18.81125
 30
0
 10
131.94985
 20
-18.81125
 30
0
  0
SPLINE
  5
13F
100
AcDbEntity
  8
layer 1
  6
CONTINUOUS
 62
    1
370
    5
100
AcDbSpline
210
0
220
0
230
0
 70
    8
 71
    3
 72
   24
 73
   20
 74
    0
 42
1e-07
 43
1e-07
 40
0
 40
0
 40
0
 40
0
 40
0.1666667
 40
0.1666667
 40
0.1666667
 40
0.1666667
 40
0.3333333
 40
0.3333333
 40
0.3333333
 40
0.3333333
 40
0.5
 40
0.5
 40
0.5
 40
0.5
 40
0.6666666999999999
 40
0.6666666999999999
 40
0.6666666999999999
 40
0.6666666999999999
 40
1
 40
1
 40
1
 40
1
 10
131.94985
 20
-18.81125
 30
0
 10
132.08998
 20
-18.82391
 30
0
 10
132.90508
 20
-18.81746
 30
0
 10
132.91894
 20
-18.80357
 30
0
 10
132.91894
 20
-18.80357
 30
0
 10
132.9253
 20
-18.79718
 30
0
 10
132.88675
 20
-18.67136
 30
0
 10
132.83323
 20
-18.524
 30
0
 10
132.83323
 20
-18.524
 30
0
 10
132.77101
 20
-18.35276
 30
0
 10
132.74056
 20
-18.23747
 30
0
 10
132.74881
 20
-18.20456
 30
0
 10
132.74881
 20
-18.20456
 30
0
 10
132.78139
 20
-18.07487
 30
0
 10
132.98386
 20
-17.99663
 30
0
 10
133.09633
 20
-18.07031
 30
0
 10
133.09633
 20
-18.07031
 30
0
 10
133.13143
 20
-18.09332
 30
0
 10
133.21168
 20
-18.22655
 30
0
 10
133.31653
 20
-18.43589
 30
0
  0
SPLINE
  5
140
100
AcDbEntity
  8
layer 1
  6
CONTINUOUS
 62
    1
370
    5
100
AcDbSpline
210
0
220
0
230
0
 70
    8
 71
    3
 72
   12
 73
    8
 74
    0
 42
1e-07
 43
1e-07
 40
0
 40
0
 40
0
 40
0
 40
0.3333333
 40
0.3333333
 40
0.3333333
 40
0.3333333
 40
1
 40
1
 40
1
 40
1
 10
133.31653
 20
-18.43589
 30
0
 10
133.31653
 20
-18.43589
 30
0
 10
133.4815
 20
-18.76526
 30
0
 10
133.4815
 20
-18.76526
 30
0
 10
133.4815
 20
-18.76526
 30
0
 10
133.4815
 20
-18.76526
 30
0
 10
133.60576
 20
-18.75083
 30
0
 10
133.60576
 20
-18.75083
 30
0
  0
SPLINE
  5
141
100
AcDbEntity
  8
layer 1
  6
CONTINUOUS
 62
    1
370
    5
100
AcDbSpline
210
0
220
0
230
0
 70
    8
 71
    3
 72
    8
 73
    4
 74
    0
 42
1e-07
 43
1e-07
 40
0
 40
0
 40
0
 40
0
 40
1
 40
1
 40
1
 40
1
 10
133.60576
 20
-18.75083
 30
0
 10
133.80373
 20
-18.72779
 30
0
 10
134.36941
 20
-18.62831
 30
0
 10
134.46115
 20
-18.60041
 30
0
  0
SPLINE
  5
142
100
AcDbEntity
  8
layer 1
  6
CONTINUOUS
 62
    1
370
    5
100
AcDbSpline
210
0
220
0
230
0
 70
    8
 71
    3
 72
   12
 73
    8
 74
    0
 42
1e-07
 43
1e-07
 40
0
 40
0
 40
0
 40
0
 40
0.3333333
 40
0.3333333
 40
0.3333333
 40
0.3333333
 40
1
 40
1
 40
1
 40
1
 10
134.46115
 20
-18.60041
 30
0
 10
134.46115
 20
-18.60041
 30
0
 10
134.54494
 20
-18.57491
 30
0
 10
134.54494
 20
-18.57491
 30
0
 10
134.54494
 20
-18.57491
 30
0
 10
134.54494
 20
-18.57491
 30
0
 10
134.40553
 20
-18.33464
 30
0
 10
134.40553
 20
-18.33464
 30
0
  0
SPLINE
  5
143
100
AcDbEntity
  8
layer 1
  6
CONTINUOUS
 62
    1
370
    5
100
AcDbSpline
210
0
220
0
230
0
 70
    8
 71
    3
 72
   24
 73
   20
 74
    0
 42
1e-07
 43
1e-07
 40
0
 40
0
 40
0
 40
0
 40
0.1666667
 40
0.1666667
 40
0.1666667
 40
0.1666667
 40
0.3333333
 40
0.3333333
 40
0.3333333
 40
0.3333333
 40
0.5
 40
0.5
 40
0.5
 40
0.5
 40
0.6666666999999999
 40
0.6666666999999999
 40
0.6666666999999999
 40
0.6666666999999999
 40
1
 40
1
 40
1
 40
1
 10
134.40553
 20
-18.33464
 30
0
 10
134.24332
 20
-18.0551
 30
0
 10
134.2309
 20
-17.98331
 30
0
 10
134.32792
 20
-17.88629
 30
0
 10
134.32792
 20
-17.88629
 30
0
 10
134.36242
 20
-17.85179
 30
0
 10
134.41753
 20
-17.81681
 30
0
 10
134.45038
 20
-17.80856
 30
0
 10
134.45038
 20
-17.80856
 30
0
 10
134.56081
 20
-17.78087
 30
0
 10
134.63527
 20
-17.84285
 30
0
 10
134.85496
 20
-18.14531
 30
0
 10
134.85496
 20
-18.14531
 30
0
 10
134.96908
 20
-18.30248
 30
0
 10
135.07762
 20
-18.43145
 30
0
 10
135.09613
 20
-18.43196
 30
0
 10
135.09613
 20
-18.43196
 30
0
 10
135.14077
 20
-18.43322
 30
0
 10
135.6439
 20
-18.26282
 30
0
 10
135.89707
 20
-18.1607
 30
0
  0
SPLINE
  5
144
100
AcDbEntity
  8
layer 1
  6
CONTINUOUS
 62
    1
370
    5
100
AcDbSpline
210
0
220
0
230
0
 70
    8
 71
    3
 72
   12
 73
    8
 74
    0
 42
1e-07
 43
1e-07
 40
0
 40
0
 40
0
 40
0
 40
0.3333333
 40
0.3333333
 40
0.3333333
 40
0.3333333
 40
1
 40
1
 40
1
 40
1
 10
135.89707
 20
-18.1607
 30
0
 10
135.89707
 20
-18.1607
 30
0
 10
136.09828
 20
-18.07955
 30
0
 10
136.09828
 20
-18.07955
 30
0
 10
136.09828
 20
-18.07955
 30
0
 10
136.09828
 20
-18.07955
 30
0
 10
135.91258
 20
-17.85788
 30
0
 10
135.91258
 20
-17.85788
 30
0
  0
SPLINE
  5
145
100
AcDbEntity
  8
layer 1
  6
CONTINUOUS
 62
    1
370
    5
100
AcDbSpline
210
0
220
0
230
0
 70
    8
 71
    3
 72
   20
 73
   16
 74
    0
 42
1e-07
 43
1e-07
 40
0
 40
0
 40
0
 40
0
 40
0.2
 40
0.2
 40
0.2
 40
0.2
 40
0.4
 40
0.4
 40
0.4
 40
0.4
 40
0.6
 40
0.6
 40
0.6
 40
0.6
 40
1
 40
1
 40
1
 40
1
 10
135.91258
 20
-17.85788
 30
0
 10
135.81046
 20
-17.73596
 30
0
 10
135.72094
 20
-17.61251
 30
0
 10
135.71365
 20
-17.5835
 30
0
 10
135.71365
 20
-17.5835
 30
0
 10
135.68623
 20
-17.47424
 30
0
 10
135.82651
 20
-17.31893
 30
0
 10
135.95263
 20
-17.31893
 30
0
 10
135.95263
 20
-17.31893
 30
0
 10
136.01767
 20
-17.31893
 30
0
 10
136.13965
 20
-17.40665
 30
0
 10
136.28566
 20
-17.55845
 30
0
 10
136.28566
 20
-17.55845
 30
0
 10
136.34572
 20
-17.62088
 30
0
 10
136.44151
 20
-17.71133
 30
0
 10
136.49851
 20
-17.75951
 30
0
  0
SPLINE
  5
146
100
AcDbEntity
  8
layer 1
  6
CONTINUOUS
 62
    1
370
    5
100
AcDbSpline
210
0
220
0
230
0
 70
    8
 71
    3
 72
   12
 73
    8
 74
    0
 42
1e-07
 43
1e-07
 40
0
 40
0
 40
0
 40
0
 40
0.3333333
 40
0.3333333
 40
0.3333333
 40
0.3333333
 40
1
 40
1
 40
1
 40
1
 10
136.49851
 20
-17.75951
 30
0
 10
136.49851
 20
-17.75951
 30
0
 10
136.60216
 20
-17.84708
 30
0
 10
136.60216
 20
-17.84708
 30
0
 10
136.60216
 20
-17.84708
 30
0
 10
136.60216
 20
-17.84708
 30
0
 10
136.82617
 20
-17.72816
 30
0
 10
136.82617
 20
-17.72816
 30
0
  0
SPLINE
  5
147
100
AcDbEntity
  8
layer 1
  6
CONTINUOUS
 62
    1
370
    5
100
AcDbSpline
210
0
220
0
230
0
 70
    8
 71
    3
 72
    8
 73
    4
 74
    0
 42
1e-07
 43
1e-07
 40
0
 40
0
 40
0
 40
0
 40
1
 40
1
 40
1
 40
1
 10
136.82617
 20
-17.72816
 30
0
 10
137.09641
 20
-17.5847
 30
0
 10
137.40325
 20
-17.40416
 30
0
 10
137.47369
 20
-17.34713
 30
0
  0
SPLINE
  5
148
100
AcDbEntity
  8
layer 1
  6
CONTINUOUS
 62
    1
370
    5
100
AcDbSpline
210
0
220
0
230
0
 70
    8
 71
    3
 72
   20
 73
   16
 74
    0
 42
1e-07
 43
1e-07
 40
0
 40
0
 40
0
 40
0
 40
0.2
 40
0.2
 40
0.2
 40
0.2
 40
0.4
 40
0.4
 40
0.4
 40
0.4
 40
0.6
 40
0.6
 40
0.6
 40
0.6
 40
1
 40
1
 40
1
 40
1
 10
137.47369
 20
-17.34713
 30
0
 10
137.47369
 20
-17.34713
 30
0
 10
137.52514
 20
-17.30546
 30
0
 10
137.52514
 20
-17.30546
 30
0
 10
137.52514
 20
-17.30546
 30
0
 10
137.52514
 20
-17.30546
 30
0
 10
137.35783
 20
-17.16476
 30
0
 10
137.35783
 20
-17.16476
 30
0
 10
137.35783
 20
-17.16476
 30
0
 10
137.35783
 20
-17.16476
 30
0
 10
137.19052
 20
-17.02406
 30
0
 10
137.19052
 20
-17.02406
 30
0
 10
137.19052
 20
-17.02406
 30
0
 10
137.19052
 20
-17.02406
 30
0
 10
139.78516
 20
-17.01119
 30
0
 10
139.78516
 20
-17.01119
 30
0
  0
SPLINE
  5
149
100
AcDbEntity
  8
layer 1
  6
CONTINUOUS
 62
    1
370
    5
100
AcDbSpline
210
0
220
0
230
0
 70
    8
 71
    3
 72
   28
 73
   24
 74
    0
 42
1e-07
 43
1e-07
 40
0
 40
0
 40
0
 40
0
 40
0.1428571
 40
0.1428571
 40
0.1428571
 40
0.1428571
 40
0.2857143
 40
0.2857143
 40
0.2857143
 40
0.2857143
 40
0.4285714
 40
0.4285714
 40
0.4285714
 40
0.4285714
 40
0.5714286
 40
0.5714286
 40
0.5714286
 40
0.5714286
 40
0.7142856999999999
 40
0.7142856999999999
 40
0.7142856999999999
 40
0.7142856999999999
 40
1
 40
1
 40
1
 40
1
 10
139.78516
 20
-17.01119
 30
0
 10
141.54142
 20
-17.00246
 30
0
 10
142.41688
 20
-16.99055
 30
0
 10
142.49455
 20
-16.97426
 30
0
 10
142.49455
 20
-16.97426
 30
0
 10
143.01085
 20
-16.86605
 30
0
 10
143.35513
 20
-16.69445
 30
0
 10
143.59813
 20
-16.42418
 30
0
 10
143.59813
 20
-16.42418
 30
0
 10
143.72851
 20
-16.27916
 30
0
 10
143.79595
 20
-16.16096
 30
0
 10
143.86795
 20
-15.95135
 30
0
 10
143.86795
 20
-15.95135
 30
0
 10
143.92024
 20
-15.7991
 30
0
 10
143.92705
 20
-15.7472
 30
0
 10
143.92627
 20
-15.506
 30
0
 10
143.92627
 20
-15.506
 30
0
 10
143.92513
 20
-15.14309
 30
0
 10
143.86225
 20
-14.89799
 30
0
 10
143.67409
 20
-14.52305
 30
0
 10
143.67409
 20
-14.52305
 30
0
 10
143.59516
 20
-14.36582
 30
0
 10
143.13229
 20
-13.61402
 30
0
 10
142.58269
 20
-12.75035
 30
0
  0
SPLINE
  5
14A
100
AcDbEntity
  8
layer 1
  6
CONTINUOUS
 62
    1
370
    5
100
AcDbSpline
210
0
220
0
230
0
 70
    8
 71
    3
 72
   12
 73
    8
 74
    0
 42
1e-07
 43
1e-07
 40
0
 40
0
 40
0
 40
0
 40
0.3333333
 40
0.3333333
 40
0.3333333
 40
0.3333333
 40
1
 40
1
 40
1
 40
1
 10
142.58269
 20
-12.75035
 30
0
 10
142.58269
 20
-12.75035
 30
0
 10
141.62836
 20
-11.25068
 30
0
 10
141.62836
 20
-11.25068
 30
0
 10
141.62836
 20
-11.25068
 30
0
 10
141.62836
 20
-11.25068
 30
0
 10
141.66862
 20
-11.01383
 30
0
 10
141.66862
 20
-11.01383
 30
0
  0
SPLINE
  5
14B
100
AcDbEntity
  8
layer 1
  6
CONTINUOUS
 62
    1
370
    5
100
AcDbSpline
210
0
220
0
230
0
 70
    8
 71
    3
 72
   12
 73
    8
 74
    0
 42
1e-07
 43
1e-07
 40
0
 40
0
 40
0
 40
0
 40
0.3333333
 40
0.3333333
 40
0.3333333
 40
0.3333333
 40
1
 40
1
 40
1
 40
1
 10
141.66862
 20
-11.01383
 30
0
 10
141.73783
 20
-10.60667
 30
0
 10
141.74128
 20
-10.56941
 30
0
 10
141.70948
 20
-10.57046
 30
0
 10
141.70948
 20
-10.57046
 30
0
 10
141.69373
 20
-10.57097
 30
0
 10
141.58378
 20
-10.58909
 30
0
 10
141.46513
 20
-10.61066
 30
0
  0
SPLINE
  5
14C
100
AcDbEntity
  8
layer 1
  6
CONTINUOUS
 62
    1
370
    5
100
AcDbSpline
210
0
220
0
230
0
 70
    8
 71
    3
 72
   12
 73
    8
 74
    0
 42
1e-07
 43
1e-07
 40
0
 40
0
 40
0
 40
0
 40
0.3333333
 40
0.3333333
 40
0.3333333
 40
0.3333333
 40
1
 40
1
 40
1
 40
1
 10
141.46513
 20
-10.61066
 30
0
 10
141.46513
 20
-10.61066
 30
0
 10
141.24943
 20
-10.64993
 30
0
 10
141.24943
 20
-10.64993
 30
0
 10
141.24943
 20
-10.64993
 30
0
 10
141.24943
 20
-10.64993
 30
0
 10
141.13204
 20
-10.46795
 30
0
 10
141.13204
 20
-10.46795
 30
0
  0
SPLINE
  5
14D
100
AcDbEntity
  8
layer 1
  6
CONTINUOUS
 62
    1
370
    5
100
AcDbSpline
210
0
220
0
230
0
 70
    8
 71
    3
 72
   84
 73
   80
 74
    0
 42
1e-07
 43
1e-07
 40
0
 40
0
 40
0
 40
0
 40
0.04761899999999999
 40
0.04761899999999999
 40
0.04761899999999999
 40
0.04761899999999999
 40
0.09523809999999999
 40
0.09523809999999999
 40
0.09523809999999999
 40
0.09523809999999999
 40
0.1428571
 40
0.1428571
 40
0.1428571
 40
0.1428571
 40
0.1904762
 40
0.1904762
 40
0.1904762
 40
0.1904762
 40
0.2380952
 40
0.2380952
 40
0.2380952
 40
0.2380952
 40
0.2857143
 40
0.2857143
 40
0.2857143
 40
0.2857143
 40
0.3333333
 40
0.3333333
 40
0.3333333
 40
0.3333333
 40
0.3809524
 40
0.3809524
 40
0.3809524
 40
0.3809524
 40
0.4285714
 40
0.4285714
 40
0.4285714
 40
0.4285714
 40
0.4761905
 40
0.4761905
 40
0.4761905
 40
0.4761905
 40
0.5238094999999999
 40
0.5238094999999999
 40
0.5238094999999999
 40
0.5238094999999999
 40
0.5714286
 40
0.5714286
 40
0.5714286
 40
0.5714286
 40
0.6190475999999999
 40
0.6190475999999999
 40
0.6190475999999999
 40
0.6190475999999999
 40
0.6666666999999999
 40
0.6666666999999999
 40
0.6666666999999999
 40
0.6666666999999999
 40
0.7142856999999999
 40
0.7142856999999999
 40
0.7142856999999999
 40
0.7142856999999999
 40
0.7619047999999999
 40
0.7619047999999999
 40
0.7619047999999999
 40
0.7619047999999999
 40
0.8095238
 40
0.8095238
 40
0.8095238
 40
0.8095238
 40
0.8571428999999999
 40
0.8571428999999999
 40
0.8571428999999999
 40
0.8571428999999999
 40
0.9047619
 40
0.9047619
 40
0.9047619
 40
0.9047619
 40
1
 40
1
 40
1
 40
1
 10
141.13204
 20
-10.46795
 30
0
 10
141.06745
 20
-10.36787
 30
0
 10
141.01462
 20
-10.28243
 30
0
 10
141.01462
 20
-10.27814
 30
0
 10
141.01462
 20
-10.27814
 30
0
 10
141.01462
 20
-10.25945
 30
0
 10
141.1999
 20
-10.19153
 30
0
 10
141.47149
 20
-10.11071
 30
0
 10
141.47149
 20
-10.11071
 30
0
 10
141.63265
 20
-10.06274
 30
0
 10
141.77026
 20
-10.01777
 30
0
 10
141.77728
 20
-10.01075
 30
0
 10
141.77728
 20
-10.01075
 30
0
 10
141.79927
 20
-9.988790000000002
 30
0
 10
141.80392
 20
-9.009710000000002
 30
0
 10
141.78223
 20
-8.977370000000001
 30
0
 10
141.78223
 20
-8.977370000000001
 30
0
 10
141.7654
 20
-8.95232
 30
0
 10
141.71698
 20
-8.962910000000001
 30
0
 10
141.50695
 20
-9.037430000000001
 30
0
 10
141.50695
 20
-9.037430000000001
 30
0
 10
141.36676
 20
-9.08717
 30
0
 10
141.2332
 20
-9.127880000000001
 30
0
 10
141.21016
 20
-9.127880000000001
 30
0
 10
141.21016
 20
-9.127880000000001
 30
0
 10
141.13585
 20
-9.127880000000001
 30
0
 10
141.03493
 20
-9.01652
 30
0
 10
141.02212
 20
-8.920370000000002
 30
0
 10
141.02212
 20
-8.920370000000002
 30
0
 10
141.00424
 20
-8.786300000000004
 30
0
 10
141.06139
 20
-8.733440000000002
 30
0
 10
141.41569
 20
-8.556410000000003
 30
0
 10
141.41569
 20
-8.556410000000003
 30
0
 10
141.58555
 20
-8.47157
 30
0
 10
141.72832
 20
-8.39864
 30
0
 10
141.73291
 20
-8.394379999999998
 30
0
 10
141.73291
 20
-8.394379999999998
 30
0
 10
141.75658
 20
-8.372540000000001
 30
0
 10
141.59389
 20
-7.38653
 30
0
 10
141.56077
 20
-7.351130000000001
 30
0
 10
141.56077
 20
-7.351130000000001
 30
0
 10
141.55129
 20
-7.34102
 30
0
 10
141.43684
 20
-7.394480000000001
 30
0
 10
141.3064
 20
-7.469930000000002
 30
0
 10
141.3064
 20
-7.469930000000002
 30
0
 10
141.15022
 20
-7.560290000000002
 30
0
 10
141.04519
 20
-7.607239999999997
 30
0
 10
140.99884
 20
-7.607389999999999
 30
0
 10
140.99884
 20
-7.607389999999999
 30
0
 10
140.91805
 20
-7.607659999999999
 30
0
 10
140.83552
 20
-7.54091
 30
0
 10
140.79466
 20
-7.442270000000001
 30
0
 10
140.79466
 20
-7.442270000000001
 30
0
 10
140.7472
 20
-7.3277
 30
0
 10
140.80528
 20
-7.252490000000002
 30
0
 10
141.12358
 20
-7.016090000000002
 30
0
 10
141.12358
 20
-7.016090000000002
 30
0
 10
141.29434
 20
-6.889279999999999
 30
0
 10
141.4078
 20
-6.79016
 30
0
 10
141.4078
 20
-6.767810000000001
 30
0
 10
141.4078
 20
-6.767810000000001
 30
0
 10
141.4078
 20
-6.696530000000003
 30
0
 10
141.10213
 20
-5.844830000000002
 30
0
 10
141.06145
 20
-5.802710000000001
 30
0
 10
141.06145
 20
-5.802710000000001
 30
0
 10
141.05296
 20
-5.79392
 30
0
 10
140.94493
 20
-5.870090000000001
 30
0
 10
140.82139
 20
-5.972000000000001
 30
0
 10
140.82139
 20
-5.972000000000001
 30
0
 10
140.63389
 20
-6.126649999999998
 30
0
 10
140.58409
 20
-6.157250000000001
 30
0
 10
140.52004
 20
-6.157250000000001
 30
0
 10
140.52004
 20
-6.157250000000001
 30
0
 10
140.43103
 20
-6.157250000000001
 30
0
 10
140.32717
 20
-6.068719999999999
 30
0
 10
140.30293
 20
-5.972180000000002
 30
0
 10
140.30293
 20
-5.972180000000002
 30
0
 10
140.2801
 20
-5.881250000000001
 30
0
 10
140.3257
 20
-5.810749999999999
 30
0
 10
140.58751
 20
-5.532170000000001
 30
0
  0
SPLINE
  5
14E
100
AcDbEntity
  8
layer 1
  6
CONTINUOUS
 62
    1
370
    5
100
AcDbSpline
210
0
220
0
230
0
 70
    8
 71
    3
 72
   12
 73
    8
 74
    0
 42
1e-07
 43
1e-07
 40
0
 40
0
 40
0
 40
0
 40
0.3333333
 40
0.3333333
 40
0.3333333
 40
0.3333333
 40
1
 40
1
 40
1
 40
1
 10
140.58751
 20
-5.532170000000001
 30
0
 10
140.58751
 20
-5.532170000000001
 30
0
 10
140.82658
 20
-5.27777
 30
0
 10
140.82658
 20
-5.27777
 30
0
 10
140.82658
 20
-5.27777
 30
0
 10
140.82658
 20
-5.27777
 30
0
 10
140.73511
 20
-5.099090000000004
 30
0
 10
140.73511
 20
-5.099090000000004
 30
0
  0
SPLINE
  5
14F
100
AcDbEntity
  8
layer 1
  6
CONTINUOUS
 62
    1
370
    5
100
AcDbSpline
210
0
220
0
230
0
 70
    8
 71
    3
 72
   92
 73
   88
 74
    0
 42
1e-07
 43
1e-07
 40
0
 40
0
 40
0
 40
0
 40
0.0434783
 40
0.0434783
 40
0.0434783
 40
0.0434783
 40
0.08695649999999999
 40
0.08695649999999999
 40
0.08695649999999999
 40
0.08695649999999999
 40
0.1304348
 40
0.1304348
 40
0.1304348
 40
0.1304348
 40
0.173913
 40
0.173913
 40
0.173913
 40
0.173913
 40
0.2173913
 40
0.2173913
 40
0.2173913
 40
0.2173913
 40
0.2608696
 40
0.2608696
 40
0.2608696
 40
0.2608696
 40
0.3043478
 40
0.3043478
 40
0.3043478
 40
0.3043478
 40
0.3478261
 40
0.3478261
 40
0.3478261
 40
0.3478261
 40
0.3913043
 40
0.3913043
 40
0.3913043
 40
0.3913043
 40
0.4347826
 40
0.4347826
 40
0.4347826
 40
0.4347826
 40
0.4782609
 40
0.4782609
 40
0.4782609
 40
0.4782609
 40
0.5217391
 40
0.5217391
 40
0.5217391
 40
0.5217391
 40
0.5652174
 40
0.5652174
 40
0.5652174
 40
0.5652174
 40
0.6086957
 40
0.6086957
 40
0.6086957
 40
0.6086957
 40
0.6521739
 40
0.6521739
 40
0.6521739
 40
0.6521739
 40
0.6956521999999999
 40
0.6956521999999999
 40
0.6956521999999999
 40
0.6956521999999999
 40
0.7391304
 40
0.7391304
 40
0.7391304
 40
0.7391304
 40
0.7826086999999999
 40
0.7826086999999999
 40
0.7826086999999999
 40
0.7826086999999999
 40
0.826087
 40
0.826087
 40
0.826087
 40
0.826087
 40
0.8695651999999999
 40
0.8695651999999999
 40
0.8695651999999999
 40
0.8695651999999999
 40
0.9130435
 40
0.9130435
 40
0.9130435
 40
0.9130435
 40
1
 40
1
 40
1
 40
1
 10
140.73511
 20
-5.099090000000004
 30
0
 10
140.62867
 20
-4.891220000000001
 30
0
 10
140.32387
 20
-4.373809999999999
 30
0
 10
140.2987
 20
-4.358239999999999
 30
0
 10
140.2987
 20
-4.358239999999999
 30
0
 10
140.28925
 20
-4.352420000000002
 30
0
 10
140.20318
 20
-4.44164
 30
0
 10
140.10745
 20
-4.556570000000001
 30
0
 10
140.10745
 20
-4.556570000000001
 30
0
 10
139.87555
 20
-4.835000000000001
 30
0
 10
139.78159
 20
-4.871090000000002
 30
0
 10
139.63801
 20
-4.736989999999999
 30
0
 10
139.63801
 20
-4.736989999999999
 30
0
 10
139.58674
 20
-4.689080000000001
 30
0
 10
139.573
 20
-4.657700000000002
 30
0
 10
139.573
 20
-4.5884
 30
0
 10
139.573
 20
-4.5884
 30
0
 10
139.573
 20
-4.514299999999999
 30
0
 10
139.60384
 20
-4.453939999999999
 30
0
 10
139.76959
 20
-4.203530000000001
 30
0
 10
139.76959
 20
-4.203530000000001
 30
0
 10
139.87771
 20
-4.040150000000001
 30
0
 10
139.96618
 20
-3.897320000000001
 30
0
 10
139.96618
 20
-3.88607
 30
0
 10
139.96618
 20
-3.88607
 30
0
 10
139.96618
 20
-3.83249
 30
0
 10
139.30675
 20
-3.052250000000001
 30
0
 10
139.28275
 20
-3.077420000000004
 30
0
 10
139.28275
 20
-3.077420000000004
 30
0
 10
139.27702
 20
-3.08342
 30
0
 10
139.20757
 20
-3.197870000000002
 30
0
 10
139.12837
 20
-3.33173
 30
0
 10
139.12837
 20
-3.33173
 30
0
 10
138.97228
 20
-3.595610000000001
 30
0
 10
138.92542
 20
-3.632960000000001
 30
0
 10
138.79393
 20
-3.597920000000002
 30
0
 10
138.79393
 20
-3.597920000000002
 30
0
 10
138.70915
 20
-3.57536
 30
0
 10
138.61192
 20
-3.464690000000001
 30
0
 10
138.61192
 20
-3.390770000000003
 30
0
 10
138.61192
 20
-3.390770000000003
 30
0
 10
138.61192
 20
-3.360740000000003
 30
0
 10
138.67642
 20
-3.188839999999999
 30
0
 10
138.75526
 20
-3.00881
 30
0
 10
138.75526
 20
-3.00881
 30
0
 10
138.83407
 20
-2.828749999999999
 30
0
 10
138.89551
 20
-2.673110000000001
 30
0
 10
138.89176
 20
-2.66291
 30
0
 10
138.89176
 20
-2.66291
 30
0
 10
138.87379
 20
-2.614070000000002
 30
0
 10
138.12949
 20
-1.98527
 30
0
 10
138.08965
 20
-1.98527
 30
0
 10
138.08965
 20
-1.98527
 30
0
 10
138.07951
 20
-1.98527
 30
0
 10
138.03892
 20
-2.0762
 30
0
 10
137.99944
 20
-2.187320000000003
 30
0
 10
137.99944
 20
-2.187320000000003
 30
0
 10
137.89729
 20
-2.474960000000003
 30
0
 10
137.85949
 20
-2.542910000000003
 30
0
 10
137.78431
 20
-2.574019999999997
 30
0
 10
137.78431
 20
-2.574019999999997
 30
0
 10
137.64754
 20
-2.630690000000001
 30
0
 10
137.47609
 20
-2.513570000000001
 30
0
 10
137.47609
 20
-2.363480000000003
 30
0
 10
137.47609
 20
-2.363480000000003
 30
0
 10
137.47609
 20
-2.32244
 30
0
 10
137.5105
 20
-2.152250000000002
 30
0
 10
137.55253
 20
-1.98527
 30
0
 10
137.55253
 20
-1.98527
 30
0
 10
137.59459
 20
-1.81832
 30
0
 10
137.629
 20
-1.672129999999999
 30
0
 10
137.629
 20
-1.66037
 30
0
 10
137.629
 20
-1.66037
 30
0
 10
137.629
 20
-1.628390000000003
 30
0
 10
136.76737
 20
-1.11158
 30
0
 10
136.71406
 20
-1.11158
 30
0
 10
136.71406
 20
-1.11158
 30
0
 10
136.70632
 20
-1.11158
 30
0
 10
136.67884
 20
-1.230020000000003
 30
0
 10
136.65295
 20
-1.3748
 30
0
 10
136.65295
 20
-1.3748
 30
0
 10
136.62709
 20
-1.519580000000001
 30
0
 10
136.58989
 20
-1.66253
 30
0
 10
136.57024
 20
-1.692500000000003
 30
0
 10
136.57024
 20
-1.692500000000003
 30
0
 10
136.49233
 20
-1.811420000000002
 30
0
 10
136.31761
 20
-1.813190000000002
 30
0
 10
136.21903
 20
-1.69604
 30
0
  0
SPLINE
  5
150
100
AcDbEntity
  8
layer 1
  6
CONTINUOUS
 62
    1
370
    5
100
AcDbSpline
210
0
220
0
230
0
 70
    8
 71
    3
 72
   12
 73
    8
 74
    0
 42
1e-07
 43
1e-07
 40
0
 40
0
 40
0
 40
0
 40
0.3333333
 40
0.3333333
 40
0.3333333
 40
0.3333333
 40
1
 40
1
 40
1
 40
1
 10
136.21903
 20
-1.69604
 30
0
 10
136.21903
 20
-1.69604
 30
0
 10
136.16068
 20
-1.626710000000003
 30
0
 10
136.16068
 20
-1.626710000000003
 30
0
 10
136.16068
 20
-1.626710000000003
 30
0
 10
136.16068
 20
-1.626710000000003
 30
0
 10
136.17748
 20
-1.319990000000001
 30
0
 10
136.17748
 20
-1.319990000000001
 30
0
  0
SPLINE
  5
151
100
AcDbEntity
  8
layer 1
  6
CONTINUOUS
 62
    1
370
    5
100
AcDbSpline
210
0
220
0
230
0
 70
    8
 71
    3
 72
   16
 73
   12
 74
    0
 42
1e-07
 43
1e-07
 40
0
 40
0
 40
0
 40
0
 40
0.25
 40
0.25
 40
0.25
 40
0.25
 40
0.5
 40
0.5
 40
0.5
 40
0.5
 40
1
 40
1
 40
1
 40
1
 10
136.17748
 20
-1.319990000000001
 30
0
 10
136.20571
 20
-0.8045600000000022
 30
0
 10
136.22689
 20
-0.8737400000000015
 30
0
 10
136.01263
 20
-0.7817000000000043
 30
0
 10
136.01263
 20
-0.7817000000000043
 30
0
 10
135.82972
 20
-0.703129999999998
 30
0
 10
135.19735
 20
-0.4781300000000002
 30
0
 10
135.15943
 20
-0.4781300000000002
 30
0
 10
135.15943
 20
-0.4781300000000002
 30
0
 10
135.14875
 20
-0.4781300000000002
 30
0
 10
135.13729
 20
-0.6352399999999996
 30
0
 10
135.13399
 20
-0.8272700000000022
 30
0
  0
SPLINE
  5
152
100
AcDbEntity
  8
layer 1
  6
CONTINUOUS
 62
    1
370
    5
100
AcDbSpline
210
0
220
0
230
0
 70
    8
 71
    3
 72
   12
 73
    8
 74
    0
 42
1e-07
 43
1e-07
 40
0
 40
0
 40
0
 40
0
 40
0.3333333
 40
0.3333333
 40
0.3333333
 40
0.3333333
 40
1
 40
1
 40
1
 40
1
 10
135.13399
 20
-0.8272700000000022
 30
0
 10
135.13399
 20
-0.8272700000000022
 30
0
 10
135.12799
 20
-1.176410000000001
 30
0
 10
135.12799
 20
-1.176410000000001
 30
0
 10
135.12799
 20
-1.176410000000001
 30
0
 10
135.12799
 20
-1.176410000000001
 30
0
 10
134.64868
 20
-0.4286300000000018
 30
0
 10
134.64868
 20
-0.4286300000000018
 30
0
  0
SPLINE
  5
153
100
AcDbEntity
  8
layer 1
  6
CONTINUOUS
 62
    1
370
    5
100
AcDbSpline
210
0
220
0
230
0
 70
    8
 71
    3
 72
   24
 73
   20
 74
    0
 42
1e-07
 43
1e-07
 40
0
 40
0
 40
0
 40
0
 40
0.1666667
 40
0.1666667
 40
0.1666667
 40
0.1666667
 40
0.3333333
 40
0.3333333
 40
0.3333333
 40
0.3333333
 40
0.5
 40
0.5
 40
0.5
 40
0.5
 40
0.6666666999999999
 40
0.6666666999999999
 40
0.6666666999999999
 40
0.6666666999999999
 40
1
 40
1
 40
1
 40
1
 10
134.64868
 20
-0.4286300000000018
 30
0
 10
133.92544
 20
0.6997299999999989
 30
0
 10
133.78024
 20
0.9158799999999978
 30
0
 10
133.62559
 20
1.094559999999998
 30
0
 10
133.62559
 20
1.094559999999998
 30
0
 10
133.03621
 20
1.77544
 30
0
 10
132.28201
 20
1.987869999999997
 30
0
 10
131.60563
 20
1.663450000000001
 30
0
 10
131.60563
 20
1.663450000000001
 30
0
 10
131.37043
 20
1.550649999999997
 30
0
 10
131.25622
 20
1.470459999999996
 30
0
 10
131.04988
 20
1.273329999999998
 30
0
 10
131.04988
 20
1.273329999999998
 30
0
 10
130.81585
 20
1.049739999999996
 30
0
 10
130.68901
 20
0.8780199999999994
 30
0
 10
130.23484
 20
0.1699599999999997
 30
0
 10
130.23484
 20
0.1699599999999997
 30
0
 10
129.84739
 20
-0.4340600000000023
 30
0
 10
129.83653
 20
-0.431630000000002
 30
0
 10
129.7543
 20
-0.4612400000000001
 30
0
  0
SPLINE
  5
154
100
AcDbEntity
  8
layer 1
  6
CONTINUOUS
 62
    1
370
    5
100
AcDbSpline
210
0
220
0
230
0
 70
    8
 71
    3
 72
    8
 73
    4
 74
    0
 42
1e-07
 43
1e-07
 40
0
 40
0
 40
0
 40
0
 40
1
 40
1
 40
1
 40
1
 10
129.7543
 20
-0.4612400000000001
 30
0
 10
129.7543
 20
-0.4612400000000001
 30
0
 10
128.76082
 20
-0.8191400000000009
 30
0
 10
128.76082
 20
-0.8191400000000009
 30
0
  0
SPLINE
  5
155
100
AcDbEntity
  8
layer 1
  6
CONTINUOUS
 62
    1
370
    5
100
AcDbSpline
210
0
220
0
230
0
 70
    8
 71
    3
 72
   20
 73
   16
 74
    0
 42
1e-07
 43
1e-07
 40
0
 40
0
 40
0
 40
0
 40
0.2
 40
0.2
 40
0.2
 40
0.2
 40
0.4
 40
0.4
 40
0.4
 40
0.4
 40
0.6
 40
0.6
 40
0.6
 40
0.6
 40
1
 40
1
 40
1
 40
1
 10
128.76082
 20
-0.8191400000000009
 30
0
 10
128.75548
 20
-0.8210599999999992
 30
0
 10
128.84437
 20
-0.9291799999999988
 30
0
 10
128.94649
 20
-1.051069999999999
 30
0
 10
128.94649
 20
-1.051069999999999
 30
0
 10
129.16279
 20
-1.30931
 30
0
 10
129.17746
 20
-1.364240000000002
 30
0
 10
129.06433
 20
-1.493060000000003
 30
0
 10
129.06433
 20
-1.493060000000003
 30
0
 10
129.00931
 20
-1.555730000000004
 30
0
 10
128.98108
 20
-1.570250000000005
 30
0
 10
128.91439
 20
-1.570250000000005
 30
0
 10
128.91439
 20
-1.570250000000005
 30
0
 10
128.81425
 20
-1.570250000000005
 30
0
 10
128.77354
 20
-1.540849999999999
 30
0
 10
128.48314
 20
-1.258370000000003
 30
0
  0
SPLINE
  5
156
100
AcDbEntity
  8
layer 1
  6
CONTINUOUS
 62
    1
370
    5
100
AcDbSpline
210
0
220
0
230
0
 70
    8
 71
    3
 72
    8
 73
    4
 74
    0
 42
1e-07
 43
1e-07
 40
0
 40
0
 40
0
 40
0
 40
1
 40
1
 40
1
 40
1
 10
128.48314
 20
-1.258370000000003
 30
0
 10
128.48314
 20
-1.258370000000003
 30
0
 10
128.26003
 20
-1.041409999999999
 30
0
 10
128.26003
 20
-1.041409999999999
 30
0
  0
SPLINE
  5
157
100
AcDbEntity
  8
layer 1
  6
CONTINUOUS
 62
    1
370
    5
100
AcDbSpline
210
0
220
0
230
0
 70
    8
 71
    3
 72
   16
 73
   12
 74
    0
 42
1e-07
 43
1e-07
 40
0
 40
0
 40
0
 40
0
 40
0.25
 40
0.25
 40
0.25
 40
0.25
 40
0.5
 40
0.5
 40
0.5
 40
0.5
 40
1
 40
1
 40
1
 40
1
 10
137.82574
 20
-7.249430000000004
 30
0
 10
140.47396
 20
-11.37608
 30
0
 10
142.66753
 20
-14.80187
 30
0
 10
142.70038
 20
-14.86226
 30
0
 10
142.70038
 20
-14.86226
 30
0
 10
142.76632
 20
-14.98355
 30
0
 10
142.82758
 20
-15.19397
 30
0
 10
142.82758
 20
-15.29915
 30
0
 10
142.82758
 20
-15.29915
 30
0
 10
142.82758
 20
-15.59807
 30
0
 10
142.59481
 20
-15.84437
 30
0
 10
142.24222
 20
-15.91853
 30
0
  0
SPLINE
  5
158
100
AcDbEntity
  8
layer 1
  6
CONTINUOUS
 62
    1
370
    5
100
AcDbSpline
210
0
220
0
230
0
 70
    8
 71
    3
 72
   48
 73
   44
 74
    0
 42
1e-07
 43
1e-07
 40
0
 40
0
 40
0
 40
0
 40
0.0833333
 40
0.0833333
 40
0.0833333
 40
0.0833333
 40
0.1666667
 40
0.1666667
 40
0.1666667
 40
0.1666667
 40
0.25
 40
0.25
 40
0.25
 40
0.25
 40
0.3333333
 40
0.3333333
 40
0.3333333
 40
0.3333333
 40
0.4166667
 40
0.4166667
 40
0.4166667
 40
0.4166667
 40
0.5
 40
0.5
 40
0.5
 40
0.5
 40
0.5833332999999999
 40
0.5833332999999999
 40
0.5833332999999999
 40
0.5833332999999999
 40
0.6666666999999999
 40
0.6666666999999999
 40
0.6666666999999999
 40
0.6666666999999999
 40
0.75
 40
0.75
 40
0.75
 40
0.75
 40
0.8333332999999999
 40
0.8333332999999999
 40
0.8333332999999999
 40
0.8333332999999999
 40
1
 40
1
 40
1
 40
1
 10
142.24222
 20
-15.91853
 30
0
 10
142.15801
 20
-15.93623
 30
0
 10
139.43641
 20
-15.94235
 30
0
 10
132.26005
 20
-15.94106
 30
0
 10
132.26005
 20
-15.94106
 30
0
 10
121.69402
 20
-15.93911
 30
0
 10
122.27191
 20
-15.94505
 30
0
 10
122.06074
 20
-15.83606
 30
0
 10
122.06074
 20
-15.83606
 30
0
 10
122.01559
 20
-15.81275
 30
0
 10
121.9423
 20
-15.75599
 30
0
 10
121.8979
 20
-15.70991
 30
0
 10
121.8979
 20
-15.70991
 30
0
 10
121.693
 20
-15.4973
 30
0
 10
121.67221
 20
-15.22412
 30
0
 10
121.83571
 20
-14.89328
 30
0
 10
121.83571
 20
-14.89328
 30
0
 10
121.86868
 20
-14.82659
 30
0
 10
124.07182
 20
-11.38145
 30
0
 10
126.73162
 20
-7.237400000000001
 30
0
 10
126.73162
 20
-7.237400000000001
 30
0
 10
130.49377
 20
-1.375820000000001
 30
0
 10
131.59483
 20
0.3244599999999984
 30
0
 10
131.6902
 20
0.4198299999999975
 30
0
 10
131.6902
 20
0.4198299999999975
 30
0
 10
131.75761
 20
0.4872699999999988
 30
0
 10
131.87065
 20
0.5707599999999964
 30
0
 10
131.94139
 20
0.6054099999999956
 30
0
 10
131.94139
 20
0.6054099999999956
 30
0
 10
132.05563
 20
0.6613599999999984
 30
0
 10
132.09319
 20
0.668409999999998
 30
0
 10
132.27751
 20
0.6684999999999981
 30
0
 10
132.27751
 20
0.6684999999999981
 30
0
 10
132.4717
 20
0.6685899999999982
 30
0
 10
132.49369
 20
0.6638799999999989
 30
0
 10
132.62041
 20
0.5951499999999967
 30
0
 10
132.62041
 20
0.5951499999999967
 30
0
 10
132.69544
 20
0.554439999999996
 30
0
 10
132.81268
 20
0.4619199999999992
 30
0
 10
132.88333
 20
0.3876399999999975
 30
0
 10
132.88333
 20
0.3876399999999975
 30
0
 10
132.97822
 20
0.2878599999999985
 30
0
 10
134.24173
 20
-1.664570000000001
 30
0
 10
137.82574
 20
-7.249430000000004
 30
0
  0
ENDBLK
  5
5D
330
5B
100
AcDbEntity
  8
0
100
AcDbBlockEnd
  0
BLOCK
  5
5F
330
5E
100
AcDbEntity
  8
0
100
AcDbBlockBegin
  2
clock_stand-Body007Sketch005-0
 70
    0
 10
0
 20
0
  3
clock_stand-Body007Sketch005-0
  1

  0
LINE
  5
159
100
AcDbEntity
  8
Sketch005
  6
ByLayer
 62
  256
370
   -1
100
AcDbLine
 10
77.65000000000001
 20
82
 11
77.65000000000001
 21
57.00000000000001
  0
LINE
  5
15A
100
AcDbEntity
  8
Sketch005
  6
ByLayer
 62
  256
370
   -1
100
AcDbLine
 10
77.65000000000001
 20
57.00000000000001
 11
79.95000000000002
 21
57.00000000000001
  0
LINE
  5
15B
100
AcDbEntity
  8
Sketch005
  6
ByLayer
 62
  256
370
   -1
100
AcDbLine
 10
79.95000000000002
 20
57.00000000000001
 11
79.95000000000002
 21
82
  0
LINE
  5
15C
100
AcDbEntity
  8
Sketch005
  6
ByLayer
 62
  256
370
   -1
100
AcDbLine
 10
79.95000000000002
 20
82
 11
204.65
 21
82
  0
LINE
  5
15D
100
AcDbEntity
  8
Sketch005
  6
ByLayer
 62
  256
370
   -1
100
AcDbLine
 10
204.65
 20
82
 11
204.65
 21
56.99999999999999
  0
LINE
  5
15E
100
AcDbEntity
  8
Sketch005
  6
ByLayer
 62
  256
370
   -1
100
AcDbLine
 10
204.65
 20
56.99999999999999
 11
206.95
 21
56.99999999999999
  0
LINE
  5
15F
100
AcDbEntity
  8
Sketch005
  6
ByLayer
 62
  256
370
   -1
100
AcDbLine
 10
206.95
 20
56.99999999999999
 11
206.95
 21
82
  0
LINE
  5
160
100
AcDbEntity
  8
Sketch005
  6
ByLayer
 62
  256
370
   -1
100
AcDbLine
 10
206.95
 20
82
 11
241.3
 21
81.99999999999999
  0
ARC
  5
161
100
AcDbEntity
  8
Sketch005
  6
ByLayer
 62
  256
370
   -1
100
AcDbCircle
 10
241.3
 20
75.99999999999999
 40
6
100
AcDbArc
 50
0
 51
90
  0
LINE
  5
162
100
AcDbEntity
  8
Sketch005
  6
ByLayer
 62
  256
370
   -1
100
AcDbLine
 10
247.3
 20
75.99999999999999
 11
247.3
 21
37.99999999999999
  0
ARC
  5
163
100
AcDbEntity
  8
Sketch005
  6
ByLayer
 62
  256
370
   -1
100
AcDbCircle
 10
241.3
 20
37.99999999999999
 40
6
100
AcDbArc
 50
270
 51
0
  0
LINE
  5
164
100
AcDbEntity
  8
Sketch005
  6
ByLayer
 62
  256
370
   -1
100
AcDbLine
 10
241.3
 20
31.99999999999999
 11
43.30000000000001
 21
32.00000000000001
  0
ARC
  5
165
100
AcDbEntity
  8
Sketch005
  6
ByLayer
 62
  256
370
   -1
100
AcDbCircle
 10
43.30000000000001
 20
38.00000000000001
 40
6
100
AcDbArc
 50
180
 51
270
  0
LINE
  5
166
100
AcDbEntity
  8
Sketch005
  6
ByLayer
 62
  256
370
   -1
100
AcDbLine
 10
37.30000000000001
 20
38.00000000000001
 11
37.30000000000001
 21
76.00000000000001
  0
ARC
  5
167
100
AcDbEntity
  8
Sketch005
  6
ByLayer
 62
  256
370
   -1
100
AcDbCircle
 10
43.30000000000001
 20
76.00000000000001
 40
6
100
AcDbArc
 50
90
 51
180
  0
LINE
  5
168
100
AcDbEntity
  8
Sketch005
  6
ByLayer
 62
  256
370
   -1
100
AcDbLine
 10
43.30000000000001
 20
82.00000000000001
 11
77.65000000000001
 21
82
  0
ENDBLK
  5
60
330
5E
100
AcDbEntity
  8
0
100
AcDbBlockEnd
  0
BLOCK
  5
62
330
61
100
AcDbEntity
  8
0
100
AcDbBlockBegin
  2
MA Logo Final-0
 70
    0
 10
0
 20
0
  3
MA Logo Final-0
  1

  0
SPLINE
  5
169
100
AcDbEntity
  8
layer 1
  6
CONTINUOUS
 62
    1
370
    5
100
AcDbSpline
210
0
220
0
230
0
 70
   11
 71
    3
 72
  108
 73
  104
 74
    0
 42
1e-07
 43
1e-07
 40
0
 40
0
 40
0
 40
0
 40
0.037037
 40
0.037037
 40
0.037037
 40
0.037037
 40
0.07407409999999999
 40
0.07407409999999999
 40
0.07407409999999999
 40
0.07407409999999999
 40
0.1111111
 40
0.1111111
 40
0.1111111
 40
0.1111111
 40
0.1481481
 40
0.1481481
 40
0.1481481
 40
0.1481481
 40
0.1851852
 40
0.1851852
 40
0.1851852
 40
0.1851852
 40
0.2222222
 40
0.2222222
 40
0.2222222
 40
0.2222222
 40
0.2592593
 40
0.2592593
 40
0.2592593
 40
0.2592593
 40
0.2962963
 40
0.2962963
 40
0.2962963
 40
0.2962963
 40
0.3333333
 40
0.3333333
 40
0.3333333
 40
0.3333333
 40
0.3703704
 40
0.3703704
 40
0.3703704
 40
0.3703704
 40
0.4074074
 40
0.4074074
 40
0.4074074
 40
0.4074074
 40
0.4444444
 40
0.4444444
 40
0.4444444
 40
0.4444444
 40
0.4814815
 40
0.4814815
 40
0.4814815
 40
0.4814815
 40
0.5185185
 40
0.5185185
 40
0.5185185
 40
0.5185185
 40
0.5555555999999999
 40
0.5555555999999999
 40
0.5555555999999999
 40
0.5555555999999999
 40
0.5925926
 40
0.5925926
 40
0.5925926
 40
0.5925926
 40
0.6296296
 40
0.6296296
 40
0.6296296
 40
0.6296296
 40
0.6666666999999999
 40
0.6666666999999999
 40
0.6666666999999999
 40
0.6666666999999999
 40
0.7037036999999999
 40
0.7037036999999999
 40
0.7037036999999999
 40
0.7037036999999999
 40
0.7407406999999999
 40
0.7407406999999999
 40
0.7407406999999999
 40
0.7407406999999999
 40
0.7777778
 40
0.7777778
 40
0.7777778
 40
0.7777778
 40
0.8148148
 40
0.8148148
 40
0.8148148
 40
0.8148148
 40
0.8518519
 40
0.8518519
 40
0.8518519
 40
0.8518519
 40
0.8888889
 40
0.8888889
 40
0.8888889
 40
0.8888889
 40
0.9259259
 40
0.9259259
 40
0.9259259
 40
0.9259259
 40
1
 40
1
 40
1
 40
1
 10
149.59588
 20
73.50633999999999
 30
0
 10
149.61943
 20
73.50982
 30
0
 10
149.76391
 20
73.51369
 30
0
 10
149.91694
 20
73.51522
 30
0
 10
149.91694
 20
73.51522
 30
0
 10
150.36874
 20
73.51933
 30
0
 10
150.62014
 20
73.44373
 30
0
 10
150.83713
 20
73.2385
 30
0
 10
150.83713
 20
73.2385
 30
0
 10
151.06876
 20
73.01944
 30
0
 10
151.15765
 20
72.73624000000001
 30
0
 10
151.14415
 20
72.2599
 30
0
 10
151.14415
 20
72.2599
 30
0
 10
151.13638
 20
71.98479999999999
 30
0
 10
151.13176
 20
71.95792
 30
0
 10
151.06888
 20
71.82421000000001
 30
0
 10
151.06888
 20
71.82421000000001
 30
0
 10
150.98704
 20
71.65006
 30
0
 10
150.87319
 20
71.536
 30
0
 10
150.68245
 20
71.43709
 30
0
 10
150.68245
 20
71.43709
 30
0
 10
150.5212
 20
71.35351
 30
0
 10
150.39151
 20
71.30971
 30
0
 10
149.97613
 20
71.19862000000001
 30
0
 10
149.97613
 20
71.19862000000001
 30
0
 10
149.82034
 20
71.15692
 30
0
 10
149.6401
 20
71.09788
 30
0
 10
149.57557
 20
71.06737
 30
0
 10
149.57557
 20
71.06737
 30
0
 10
149.42125
 20
70.99435
 30
0
 10
149.29738
 20
70.85317000000001
 30
0
 10
149.26342
 20
70.71156999999999
 30
0
 10
149.26342
 20
70.71156999999999
 30
0
 10
149.22523
 20
70.55242
 30
0
 10
149.24626
 20
70.31878
 30
0
 10
149.31157
 20
70.17607
 30
0
 10
149.31157
 20
70.17607
 30
0
 10
149.45191
 20
69.86955999999999
 30
0
 10
149.79556
 20
69.79804
 30
0
 10
150.68419
 20
69.89046999999999
 30
0
 10
150.68419
 20
69.89046999999999
 30
0
 10
150.8707
 20
69.90984999999999
 30
0
 10
151.02616
 20
69.92263
 30
0
 10
151.02964
 20
69.91885000000001
 30
0
 10
151.02964
 20
69.91885000000001
 30
0
 10
151.03312
 20
69.91507
 30
0
 10
151.03963
 20
69.83698000000001
 30
0
 10
151.0441
 20
69.74527
 30
0
 10
151.0441
 20
69.74527
 30
0
 10
151.05346
 20
69.55378
 30
0
 10
151.08295
 20
69.57721000000001
 30
0
 10
150.77143
 20
69.52837
 30
0
 10
150.77143
 20
69.52837
 30
0
 10
150.38134
 20
69.46717
 30
0
 10
149.98957
 20
69.44479
 30
0
 10
149.76736
 20
69.47100999999999
 30
0
 10
149.76736
 20
69.47100999999999
 30
0
 10
149.07031
 20
69.55320999999999
 30
0
 10
148.77337
 20
69.90228999999999
 30
0
 10
148.79761
 20
70.61091999999999
 30
0
 10
148.79761
 20
70.61091999999999
 30
0
 10
148.80571
 20
70.84761999999999
 30
0
 10
148.81024
 20
70.86865
 30
0
 10
148.88593
 20
71.0218
 30
0
 10
148.88593
 20
71.0218
 30
0
 10
148.93594
 20
71.12302
 30
0
 10
148.99936
 20
71.21260000000001
 30
0
 10
149.05606
 20
71.26206999999999
 30
0
 10
149.05606
 20
71.26206999999999
 30
0
 10
149.20483
 20
71.39191
 30
0
 10
149.49619
 20
71.51683
 30
0
 10
149.8747
 20
71.61301
 30
0
 10
149.8747
 20
71.61301
 30
0
 10
150.31177
 20
71.72409999999999
 30
0
 10
150.5101
 20
71.81851
 30
0
 10
150.60517
 20
71.96074
 30
0
 10
150.60517
 20
71.96074
 30
0
 10
150.7795
 20
72.22158999999999
 30
0
 10
150.73255
 20
72.71839
 30
0
 10
150.51214
 20
72.94462
 30
0
 10
150.51214
 20
72.94462
 30
0
 10
150.39571
 20
73.06413999999999
 30
0
 10
150.25336
 20
73.11649
 30
0
 10
150.01327
 20
73.12813
 30
0
 10
150.01327
 20
73.12813
 30
0
 10
149.83444
 20
73.13683
 30
0
 10
149.07055
 20
73.08694
 30
0
 10
148.91947
 20
73.05672999999999
 30
0
 10
148.91947
 20
73.05672999999999
 30
0
 10
148.86373
 20
73.04557
 30
0
 10
148.86373
 20
73.04559999999999
 30
0
 10
148.85158
 20
73.22296
 30
0
 10
148.85158
 20
73.22296
 30
0
 10
148.84378
 20
73.33624
 30
0
 10
148.8475
 20
73.4053
 30
0
 10
148.86178
 20
73.41414999999999
 30
0
 10
148.86178
 20
73.41414999999999
 30
0
 10
148.87408
 20
73.42174
 30
0
 10
149.03467
 20
73.44417999999999
 30
0
 10
149.21863
 20
73.46397999999999
 30
0
 10
149.21863
 20
73.46397999999999
 30
0
 10
149.40256
 20
73.48381000000001
 30
0
 10
149.57233
 20
73.50286
 30
0
 10
149.59588
 20
73.50633999999999
 30
0
  0
SPLINE
  5
16A
100
AcDbEntity
  8
layer 1
  6
CONTINUOUS
 62
    1
370
    5
100
AcDbSpline
210
0
220
0
230
0
 70
    8
 71
    3
 72
   12
 73
    8
 74
    0
 42
1e-07
 43
1e-07
 40
0
 40
0
 40
0
 40
0
 40
0.3333333
 40
0.3333333
 40
0.3333333
 40
0.3333333
 40
1
 40
1
 40
1
 40
1
 10
146.99722
 20
72.06304
 30
0
 10
146.99722
 20
72.06304
 30
0
 10
146.35699
 20
72.06304
 30
0
 10
146.35699
 20
72.06304
 30
0
 10
146.35699
 20
72.06304
 30
0
 10
146.35699
 20
72.06304
 30
0
 10
146.46193
 20
71.66173000000001
 30
0
 10
146.46193
 20
71.66173000000001
 30
0
  0
SPLINE
  5
16B
100
AcDbEntity
  8
layer 1
  6
CONTINUOUS
 62
    1
370
    5
100
AcDbSpline
210
0
220
0
230
0
 70
    8
 71
    3
 72
    8
 73
    4
 74
    0
 42
1e-07
 43
1e-07
 40
0
 40
0
 40
0
 40
0
 40
1
 40
1
 40
1
 40
1
 10
146.46193
 20
71.66173000000001
 30
0
 10
146.51968
 20
71.44101999999999
 30
0
 10
146.64679
 20
70.95699999999999
 30
0
 10
146.74447
 20
70.58619999999999
 30
0
  0
SPLINE
  5
16C
100
AcDbEntity
  8
layer 1
  6
CONTINUOUS
 62
    1
370
    5
100
AcDbSpline
210
0
220
0
230
0
 70
    8
 71
    3
 72
   20
 73
   16
 74
    0
 42
1e-07
 43
1e-07
 40
0
 40
0
 40
0
 40
0
 40
0.2
 40
0.2
 40
0.2
 40
0.2
 40
0.4
 40
0.4
 40
0.4
 40
0.4
 40
0.6
 40
0.6
 40
0.6
 40
0.6
 40
1
 40
1
 40
1
 40
1
 10
146.74447
 20
70.58619999999999
 30
0
 10
146.74447
 20
70.58619999999999
 30
0
 10
146.92207
 20
69.91198
 30
0
 10
146.92207
 20
69.91198
 30
0
 10
146.92207
 20
69.91198
 30
0
 10
146.92207
 20
69.91198
 30
0
 10
147.00463
 20
69.91198
 30
0
 10
147.00463
 20
69.91198
 30
0
 10
147.00463
 20
69.91198
 30
0
 10
147.00463
 20
69.91198
 30
0
 10
147.08719
 20
69.91198
 30
0
 10
147.08719
 20
69.91198
 30
0
 10
147.08719
 20
69.91198
 30
0
 10
147.08719
 20
69.91198
 30
0
 10
147.36124
 20
70.96074999999999
 30
0
 10
147.36124
 20
70.96074999999999
 30
0
  0
SPLINE
  5
16D
100
AcDbEntity
  8
layer 1
  6
CONTINUOUS
 62
    1
370
    5
100
AcDbSpline
210
0
220
0
230
0
 70
    8
 71
    3
 72
   12
 73
    8
 74
    0
 42
1e-07
 43
1e-07
 40
0
 40
0
 40
0
 40
0
 40
0.3333333
 40
0.3333333
 40
0.3333333
 40
0.3333333
 40
1
 40
1
 40
1
 40
1
 10
147.36124
 20
70.96074999999999
 30
0
 10
147.51196
 20
71.53758999999999
 30
0
 10
147.63586
 20
72.02158
 30
0
 10
147.63637
 20
72.03627999999999
 30
0
 10
147.63637
 20
72.03627999999999
 30
0
 10
147.63721
 20
72.05713
 30
0
 10
147.4957
 20
72.06304
 30
0
 10
146.99722
 20
72.06304
 30
0
  0
SPLINE
  5
16E
100
AcDbEntity
  8
layer 1
  6
CONTINUOUS
 62
    1
370
    5
100
AcDbSpline
210
0
220
0
230
0
 70
   11
 71
    3
 72
   52
 73
   48
 74
    0
 42
1e-07
 43
1e-07
 40
0
 40
0
 40
0
 40
0
 40
0.07692309999999999
 40
0.07692309999999999
 40
0.07692309999999999
 40
0.07692309999999999
 40
0.1538462
 40
0.1538462
 40
0.1538462
 40
0.1538462
 40
0.2307692
 40
0.2307692
 40
0.2307692
 40
0.2307692
 40
0.3076923
 40
0.3076923
 40
0.3076923
 40
0.3076923
 40
0.3846154
 40
0.3846154
 40
0.3846154
 40
0.3846154
 40
0.4615385
 40
0.4615385
 40
0.4615385
 40
0.4615385
 40
0.5384614999999999
 40
0.5384614999999999
 40
0.5384614999999999
 40
0.5384614999999999
 40
0.6153845999999999
 40
0.6153845999999999
 40
0.6153845999999999
 40
0.6153845999999999
 40
0.6923077
 40
0.6923077
 40
0.6923077
 40
0.6923077
 40
0.7692308
 40
0.7692308
 40
0.7692308
 40
0.7692308
 40
0.8461538
 40
0.8461538
 40
0.8461538
 40
0.8461538
 40
1
 40
1
 40
1
 40
1
 10
154.59364
 20
71.49585999999999
 30
0
 10
154.59364
 20
71.49585999999999
 30
0
 10
154.59364
 20
69.51600999999999
 30
0
 10
154.59364
 20
69.51600999999999
 30
0
 10
154.59364
 20
69.51600999999999
 30
0
 10
154.59364
 20
69.51600999999999
 30
0
 10
154.80766
 20
69.51600999999999
 30
0
 10
154.80766
 20
69.51600999999999
 30
0
 10
154.80766
 20
69.51600999999999
 30
0
 10
154.80766
 20
69.51600999999999
 30
0
 10
155.02168
 20
69.51600999999999
 30
0
 10
155.02168
 20
69.51600999999999
 30
0
 10
155.02168
 20
69.51600999999999
 30
0
 10
155.02168
 20
69.51600999999999
 30
0
 10
155.02168
 20
71.29252
 30
0
 10
155.02168
 20
71.29252
 30
0
 10
155.02168
 20
71.29252
 30
0
 10
155.02168
 20
71.29252
 30
0
 10
155.02168
 20
73.069
 30
0
 10
155.02168
 20
73.069
 30
0
 10
155.02168
 20
73.069
 30
0
 10
155.02168
 20
73.069
 30
0
 10
155.80291
 20
73.069
 30
0
 10
155.80291
 20
73.069
 30
0
 10
155.80291
 20
73.069
 30
0
 10
155.80291
 20
73.069
 30
0
 10
156.58417
 20
73.069
 30
0
 10
156.58417
 20
73.069
 30
0
 10
156.58417
 20
73.069
 30
0
 10
156.58417
 20
73.069
 30
0
 10
156.58417
 20
73.27234
 30
0
 10
156.58417
 20
73.27234
 30
0
 10
156.58417
 20
73.27234
 30
0
 10
156.58417
 20
73.27234
 30
0
 10
156.58417
 20
73.47568
 30
0
 10
156.58417
 20
73.47568
 30
0
 10
156.58417
 20
73.47568
 30
0
 10
156.58417
 20
73.47568
 30
0
 10
155.58889
 20
73.47568
 30
0
 10
155.58889
 20
73.47568
 30
0
 10
155.58889
 20
73.47568
 30
0
 10
155.58889
 20
73.47568
 30
0
 10
154.59364
 20
73.47568
 30
0
 10
154.59364
 20
73.47568
 30
0
 10
154.59364
 20
73.47568
 30
0
 10
154.59364
 20
73.47568
 30
0
 10
154.59364
 20
71.49585999999999
 30
0
 10
154.59364
 20
71.49585999999999
 30
0
  0
SPLINE
  5
16F
100
AcDbEntity
  8
layer 1
  6
CONTINUOUS
 62
    1
370
    5
100
AcDbSpline
210
0
220
0
230
0
 70
    8
 71
    3
 72
   12
 73
    8
 74
    0
 42
1e-07
 43
1e-07
 40
0
 40
0
 40
0
 40
0
 40
0.3333333
 40
0.3333333
 40
0.3333333
 40
0.3333333
 40
1
 40
1
 40
1
 40
1
 10
151.33798
 20
66.17703999999999
 30
0
 10
151.83958
 20
66.17703999999999
 30
0
 10
151.98223
 20
66.1711
 30
0
 10
151.98172
 20
66.15031
 30
0
 10
151.98172
 20
66.15031
 30
0
 10
151.98148
 20
66.13558
 30
0
 10
151.85779
 20
65.65159
 30
0
 10
151.70713
 20
65.07474999999999
 30
0
  0
SPLINE
  5
170
100
AcDbEntity
  8
layer 1
  6
CONTINUOUS
 62
    1
370
    5
100
AcDbSpline
210
0
220
0
230
0
 70
    8
 71
    3
 72
   20
 73
   16
 74
    0
 42
1e-07
 43
1e-07
 40
0
 40
0
 40
0
 40
0
 40
0.2
 40
0.2
 40
0.2
 40
0.2
 40
0.4
 40
0.4
 40
0.4
 40
0.4
 40
0.6
 40
0.6
 40
0.6
 40
0.6
 40
1
 40
1
 40
1
 40
1
 10
151.70713
 20
65.07474999999999
 30
0
 10
151.70713
 20
65.07474999999999
 30
0
 10
151.4332
 20
64.02598
 30
0
 10
151.4332
 20
64.02598
 30
0
 10
151.4332
 20
64.02598
 30
0
 10
151.4332
 20
64.02598
 30
0
 10
151.34929
 20
64.01983
 30
0
 10
151.34929
 20
64.01983
 30
0
 10
151.34929
 20
64.01983
 30
0
 10
151.34929
 20
64.01983
 30
0
 10
151.26535
 20
64.01365
 30
0
 10
151.26535
 20
64.01365
 30
0
 10
151.26535
 20
64.01365
 30
0
 10
151.26535
 20
64.01365
 30
0
 10
150.98911
 20
65.0686
 30
0
 10
150.98911
 20
65.0686
 30
0
  0
SPLINE
  5
171
100
AcDbEntity
  8
layer 1
  6
CONTINUOUS
 62
    1
370
    5
100
AcDbSpline
210
0
220
0
230
0
 70
    8
 71
    3
 72
   12
 73
    8
 74
    0
 42
1e-07
 43
1e-07
 40
0
 40
0
 40
0
 40
0
 40
0.3333333
 40
0.3333333
 40
0.3333333
 40
0.3333333
 40
1
 40
1
 40
1
 40
1
 10
150.98911
 20
65.0686
 30
0
 10
150.83719
 20
65.64880000000001
 30
0
 10
150.70855
 20
66.13558
 30
0
 10
150.70324
 20
66.15028
 30
0
 10
150.70324
 20
66.15028
 30
0
 10
150.69565
 20
66.17131000000001
 30
0
 10
150.83158
 20
66.17703999999999
 30
0
 10
151.33798
 20
66.17703999999999
 30
0
  0
SPLINE
  5
172
100
AcDbEntity
  8
layer 1
  6
CONTINUOUS
 62
    1
370
    5
100
AcDbSpline
210
0
220
0
230
0
 70
    8
 71
    3
 72
    8
 73
    4
 74
    0
 42
1e-07
 43
1e-07
 40
0
 40
0
 40
0
 40
0
 40
1
 40
1
 40
1
 40
1
 10
151.98172
 20
66.15028
 30
0
 10
151.98172
 20
66.15028
 30
0
 10
151.98172
 20
66.15031
 30
0
 10
151.98172
 20
66.15031
 30
0
  0
SPLINE
  5
173
100
AcDbEntity
  8
layer 1
  6
CONTINUOUS
 62
    1
370
    5
100
AcDbSpline
210
0
220
0
230
0
 70
   11
 71
    3
 72
  100
 73
   96
 74
    0
 42
1e-07
 43
1e-07
 40
0
 40
0
 40
0
 40
0
 40
0.04
 40
0.04
 40
0.04
 40
0.04
 40
0.08
 40
0.08
 40
0.08
 40
0.08
 40
0.12
 40
0.12
 40
0.12
 40
0.12
 40
0.16
 40
0.16
 40
0.16
 40
0.16
 40
0.2
 40
0.2
 40
0.2
 40
0.2
 40
0.24
 40
0.24
 40
0.24
 40
0.24
 40
0.28
 40
0.28
 40
0.28
 40
0.28
 40
0.32
 40
0.32
 40
0.32
 40
0.32
 40
0.36
 40
0.36
 40
0.36
 40
0.36
 40
0.4
 40
0.4
 40
0.4
 40
0.4
 40
0.44
 40
0.44
 40
0.44
 40
0.44
 40
0.48
 40
0.48
 40
0.48
 40
0.48
 40
0.52
 40
0.52
 40
0.52
 40
0.52
 40
0.5599999999999999
 40
0.5599999999999999
 40
0.5599999999999999
 40
0.5599999999999999
 40
0.6
 40
0.6
 40
0.6
 40
0.6
 40
0.64
 40
0.64
 40
0.64
 40
0.64
 40
0.6799999999999999
 40
0.6799999999999999
 40
0.6799999999999999
 40
0.6799999999999999
 40
0.72
 40
0.72
 40
0.72
 40
0.72
 40
0.76
 40
0.76
 40
0.76
 40
0.76
 40
0.7999999999999999
 40
0.7999999999999999
 40
0.7999999999999999
 40
0.7999999999999999
 40
0.84
 40
0.84
 40
0.84
 40
0.84
 40
0.88
 40
0.88
 40
0.88
 40
0.88
 40
0.9199999999999999
 40
0.9199999999999999
 40
0.9199999999999999
 40
0.9199999999999999
 40
1
 40
1
 40
1
 40
1
 10
156.37012
 20
65.59915000000001
 30
0
 10
156.37012
 20
65.59915000000001
 30
0
 10
156.37012
 20
63.63001
 30
0
 10
156.37012
 20
63.63001
 30
0
 10
156.37012
 20
63.63001
 30
0
 10
156.37012
 20
63.63001
 30
0
 10
157.47241
 20
63.63001
 30
0
 10
157.47241
 20
63.63001
 30
0
 10
157.47241
 20
63.63001
 30
0
 10
157.47241
 20
63.63001
 30
0
 10
158.5747
 20
63.63001
 30
0
 10
158.5747
 20
63.63001
 30
0
 10
158.5747
 20
63.63001
 30
0
 10
158.5747
 20
63.63001
 30
0
 10
158.5747
 20
63.82263999999999
 30
0
 10
158.5747
 20
63.82263999999999
 30
0
 10
158.5747
 20
63.82263999999999
 30
0
 10
158.5747
 20
63.82263999999999
 30
0
 10
158.5747
 20
64.0153
 30
0
 10
158.5747
 20
64.0153
 30
0
 10
158.5747
 20
64.0153
 30
0
 10
158.5747
 20
64.0153
 30
0
 10
157.68646
 20
64.0153
 30
0
 10
157.68646
 20
64.0153
 30
0
 10
157.68646
 20
64.0153
 30
0
 10
157.68646
 20
64.0153
 30
0
 10
156.79819
 20
64.0153
 30
0
 10
156.79819
 20
64.0153
 30
0
 10
156.79819
 20
64.0153
 30
0
 10
156.79819
 20
64.0153
 30
0
 10
156.79819
 20
64.68948999999999
 30
0
 10
156.79819
 20
64.68948999999999
 30
0
 10
156.79819
 20
64.68948999999999
 30
0
 10
156.79819
 20
64.68948999999999
 30
0
 10
156.79819
 20
65.36371
 30
0
 10
156.79819
 20
65.36371
 30
0
 10
156.79819
 20
65.36371
 30
0
 10
156.79819
 20
65.36371
 30
0
 10
157.52593
 20
65.36371
 30
0
 10
157.52593
 20
65.36371
 30
0
 10
157.52593
 20
65.36371
 30
0
 10
157.52593
 20
65.36371
 30
0
 10
158.25364
 20
65.36371
 30
0
 10
158.25364
 20
65.36371
 30
0
 10
158.25364
 20
65.36371
 30
0
 10
158.25364
 20
65.36371
 30
0
 10
158.25364
 20
65.55633999999999
 30
0
 10
158.25364
 20
65.55633999999999
 30
0
 10
158.25364
 20
65.55633999999999
 30
0
 10
158.25364
 20
65.55633999999999
 30
0
 10
158.25364
 20
65.74897
 30
0
 10
158.25364
 20
65.74897
 30
0
 10
158.25364
 20
65.74897
 30
0
 10
158.25364
 20
65.74897
 30
0
 10
157.52593
 20
65.74897
 30
0
 10
157.52593
 20
65.74897
 30
0
 10
157.52593
 20
65.74897
 30
0
 10
157.52593
 20
65.74897
 30
0
 10
156.79819
 20
65.74897
 30
0
 10
156.79819
 20
65.74897
 30
0
 10
156.79819
 20
65.74897
 30
0
 10
156.79819
 20
65.74897
 30
0
 10
156.79819
 20
66.46600000000001
 30
0
 10
156.79819
 20
66.46600000000001
 30
0
 10
156.79819
 20
66.46600000000001
 30
0
 10
156.79819
 20
66.46600000000001
 30
0
 10
156.79819
 20
67.18303
 30
0
 10
156.79819
 20
67.18303
 30
0
 10
156.79819
 20
67.18303
 30
0
 10
156.79819
 20
67.18303
 30
0
 10
157.68646
 20
67.18303
 30
0
 10
157.68646
 20
67.18303
 30
0
 10
157.68646
 20
67.18303
 30
0
 10
157.68646
 20
67.18303
 30
0
 10
158.5747
 20
67.18303
 30
0
 10
158.5747
 20
67.18303
 30
0
 10
158.5747
 20
67.18303
 30
0
 10
158.5747
 20
67.18303
 30
0
 10
158.5747
 20
67.37566
 30
0
 10
158.5747
 20
67.37566
 30
0
 10
158.5747
 20
67.37566
 30
0
 10
158.5747
 20
67.37566
 30
0
 10
158.5747
 20
67.56828999999999
 30
0
 10
158.5747
 20
67.56828999999999
 30
0
 10
158.5747
 20
67.56828999999999
 30
0
 10
158.5747
 20
67.56828999999999
 30
0
 10
157.47241
 20
67.56828999999999
 30
0
 10
157.47241
 20
67.56828999999999
 30
0
 10
157.47241
 20
67.56828999999999
 30
0
 10
157.47241
 20
67.56828999999999
 30
0
 10
156.37012
 20
67.56828999999999
 30
0
 10
156.37012
 20
67.56828999999999
 30
0
 10
156.37012
 20
67.56828999999999
 30
0
 10
156.37012
 20
67.56828999999999
 30
0
 10
156.37012
 20
65.59915000000001
 30
0
 10
156.37012
 20
65.59915000000001
 30
0
  0
SPLINE
  5
174
100
AcDbEntity
  8
layer 1
  6
CONTINUOUS
 62
    1
370
    5
100
AcDbSpline
210
0
220
0
230
0
 70
    8
 71
    3
 72
    8
 73
    4
 74
    0
 42
1e-07
 43
1e-07
 40
0
 40
0
 40
0
 40
0
 40
1
 40
1
 40
1
 40
1
 10
161.10082
 20
65.98435000000001
 30
0
 10
161.10103
 20
65.99023
 30
0
 10
161.26843
 20
66.34903
 30
0
 10
161.47285
 20
66.78163000000001
 30
0
  0
SPLINE
  5
175
100
AcDbEntity
  8
layer 1
  6
CONTINUOUS
 62
    1
370
    5
100
AcDbSpline
210
0
220
0
230
0
 70
    8
 71
    3
 72
   64
 73
   60
 74
    0
 42
1e-07
 43
1e-07
 40
0
 40
0
 40
0
 40
0
 40
0.0625
 40
0.0625
 40
0.0625
 40
0.0625
 40
0.125
 40
0.125
 40
0.125
 40
0.125
 40
0.1875
 40
0.1875
 40
0.1875
 40
0.1875
 40
0.25
 40
0.25
 40
0.25
 40
0.25
 40
0.3125
 40
0.3125
 40
0.3125
 40
0.3125
 40
0.375
 40
0.375
 40
0.375
 40
0.375
 40
0.4375
 40
0.4375
 40
0.4375
 40
0.4375
 40
0.5
 40
0.5
 40
0.5
 40
0.5
 40
0.5625
 40
0.5625
 40
0.5625
 40
0.5625
 40
0.625
 40
0.625
 40
0.625
 40
0.625
 40
0.6875
 40
0.6875
 40
0.6875
 40
0.6875
 40
0.75
 40
0.75
 40
0.75
 40
0.75
 40
0.8125
 40
0.8125
 40
0.8125
 40
0.8125
 40
0.875
 40
0.875
 40
0.875
 40
0.875
 40
1
 40
1
 40
1
 40
1
 10
161.47285
 20
66.78163000000001
 30
0
 10
161.47285
 20
66.78163000000001
 30
0
 10
161.84458
 20
67.56823
 30
0
 10
161.84458
 20
67.56823
 30
0
 10
161.84458
 20
67.56823
 30
0
 10
161.84458
 20
67.56823
 30
0
 10
161.60413
 20
67.56823
 30
0
 10
161.60413
 20
67.56823
 30
0
 10
161.60413
 20
67.56823
 30
0
 10
161.60413
 20
67.56823
 30
0
 10
161.36371
 20
67.56823
 30
0
 10
161.36371
 20
67.56823
 30
0
 10
161.36371
 20
67.56823
 30
0
 10
161.36371
 20
67.56823
 30
0
 10
161.01148
 20
66.81372999999999
 30
0
 10
161.01148
 20
66.81372999999999
 30
0
 10
161.01148
 20
66.81372999999999
 30
0
 10
161.01148
 20
66.81372999999999
 30
0
 10
160.65922
 20
66.05925999999999
 30
0
 10
160.65922
 20
66.05925999999999
 30
0
 10
160.65922
 20
66.05925999999999
 30
0
 10
160.65922
 20
66.05925999999999
 30
0
 10
160.1788
 20
66.05925999999999
 30
0
 10
160.1788
 20
66.05925999999999
 30
0
 10
160.1788
 20
66.05925999999999
 30
0
 10
160.1788
 20
66.05925999999999
 30
0
 10
159.69838
 20
66.05925999999999
 30
0
 10
159.69838
 20
66.05925999999999
 30
0
 10
159.69838
 20
66.05925999999999
 30
0
 10
159.69838
 20
66.05925999999999
 30
0
 10
159.69274
 20
66.81372999999999
 30
0
 10
159.69274
 20
66.81372999999999
 30
0
 10
159.69274
 20
66.81372999999999
 30
0
 10
159.69274
 20
66.81372999999999
 30
0
 10
159.68713
 20
67.56823
 30
0
 10
159.68713
 20
67.56823
 30
0
 10
159.68713
 20
67.56823
 30
0
 10
159.68713
 20
67.56823
 30
0
 10
159.47338
 20
67.56823
 30
0
 10
159.47338
 20
67.56823
 30
0
 10
159.47338
 20
67.56823
 30
0
 10
159.47338
 20
67.56823
 30
0
 10
159.2596
 20
67.56823
 30
0
 10
159.2596
 20
67.56823
 30
0
 10
159.2596
 20
67.56823
 30
0
 10
159.2596
 20
67.56823
 30
0
 10
159.2596
 20
65.59909
 30
0
 10
159.2596
 20
65.59909
 30
0
 10
159.2596
 20
65.59909
 30
0
 10
159.2596
 20
65.59909
 30
0
 10
159.2596
 20
65.59915000000001
 30
0
 10
159.2596
 20
65.59915000000001
 30
0
 10
159.2596
 20
65.59915000000001
 30
0
 10
159.2596
 20
65.59915000000001
 30
0
 10
159.2596
 20
63.63001
 30
0
 10
159.2596
 20
63.63001
 30
0
 10
159.2596
 20
63.63001
 30
0
 10
159.2596
 20
63.63001
 30
0
 10
160.0462
 20
63.63028
 30
0
 10
160.0462
 20
63.63028
 30
0
  0
SPLINE
  5
176
100
AcDbEntity
  8
layer 1
  6
CONTINUOUS
 62
    1
370
    5
100
AcDbSpline
210
0
220
0
230
0
 70
    8
 71
    3
 72
   28
 73
   24
 74
    0
 42
1e-07
 43
1e-07
 40
0
 40
0
 40
0
 40
0
 40
0.1428571
 40
0.1428571
 40
0.1428571
 40
0.1428571
 40
0.2857143
 40
0.2857143
 40
0.2857143
 40
0.2857143
 40
0.4285714
 40
0.4285714
 40
0.4285714
 40
0.4285714
 40
0.5714286
 40
0.5714286
 40
0.5714286
 40
0.5714286
 40
0.7142856999999999
 40
0.7142856999999999
 40
0.7142856999999999
 40
0.7142856999999999
 40
1
 40
1
 40
1
 40
1
 10
160.0462
 20
63.63028
 30
0
 10
160.9003
 20
63.63051999999999
 30
0
 10
160.99567
 20
63.64045
 30
0
 10
161.21311
 20
63.75058
 30
0
 10
161.21311
 20
63.75058
 30
0
 10
161.38072
 20
63.83544999999999
 30
0
 10
161.45491
 20
63.89962
 30
0
 10
161.54986
 20
64.04182
 30
0
 10
161.54986
 20
64.04182
 30
0
 10
161.69575
 20
64.26027999999999
 30
0
 10
161.73175
 20
64.4161
 30
0
 10
161.7316
 20
64.82857
 30
0
 10
161.7316
 20
64.82857
 30
0
 10
161.7316
 20
65.11009
 30
0
 10
161.72356
 20
65.20756
 30
0
 10
161.69227
 20
65.30923
 30
0
 10
161.69227
 20
65.30923
 30
0
 10
161.60131
 20
65.60481999999999
 30
0
 10
161.46223
 20
65.78662
 30
0
 10
161.23843
 20
65.90232999999999
 30
0
 10
161.23843
 20
65.90232999999999
 30
0
 10
161.16256
 20
65.94157
 30
0
 10
161.10064
 20
65.97847
 30
0
 10
161.10082
 20
65.98435000000001
 30
0
  0
SPLINE
  5
177
100
AcDbEntity
  8
layer 1
  6
CONTINUOUS
 62
    1
370
    5
100
AcDbSpline
210
0
220
0
230
0
 70
   11
 71
    3
 72
   68
 73
   64
 74
    0
 42
1e-07
 43
1e-07
 40
0
 40
0
 40
0
 40
0
 40
0.0588235
 40
0.0588235
 40
0.0588235
 40
0.0588235
 40
0.1176471
 40
0.1176471
 40
0.1176471
 40
0.1176471
 40
0.1764706
 40
0.1764706
 40
0.1764706
 40
0.1764706
 40
0.2352941
 40
0.2352941
 40
0.2352941
 40
0.2352941
 40
0.2941176
 40
0.2941176
 40
0.2941176
 40
0.2941176
 40
0.3529412
 40
0.3529412
 40
0.3529412
 40
0.3529412
 40
0.4117647
 40
0.4117647
 40
0.4117647
 40
0.4117647
 40
0.4705882
 40
0.4705882
 40
0.4705882
 40
0.4705882
 40
0.5294118
 40
0.5294118
 40
0.5294118
 40
0.5294118
 40
0.5882353
 40
0.5882353
 40
0.5882353
 40
0.5882353
 40
0.6470587999999999
 40
0.6470587999999999
 40
0.6470587999999999
 40
0.6470587999999999
 40
0.7058824
 40
0.7058824
 40
0.7058824
 40
0.7058824
 40
0.7647058999999999
 40
0.7647058999999999
 40
0.7647058999999999
 40
0.7647058999999999
 40
0.8235294
 40
0.8235294
 40
0.8235294
 40
0.8235294
 40
0.8823529
 40
0.8823529
 40
0.8823529
 40
0.8823529
 40
1
 40
1
 40
1
 40
1
 10
166.23718
 20
62.89158999999999
 30
0
 10
166.23718
 20
62.89158999999999
 30
0
 10
166.23718
 20
62.49562
 30
0
 10
166.23718
 20
62.49562
 30
0
 10
166.23718
 20
62.49562
 30
0
 10
166.23718
 20
62.49562
 30
0
 10
166.11946
 20
62.49562
 30
0
 10
166.11946
 20
62.49562
 30
0
 10
166.11946
 20
62.49562
 30
0
 10
166.11946
 20
62.49562
 30
0
 10
166.00174
 20
62.49562
 30
0
 10
166.00174
 20
62.49562
 30
0
 10
166.00174
 20
62.49562
 30
0
 10
166.00174
 20
62.49562
 30
0
 10
166.00174
 20
62.42071
 30
0
 10
166.00174
 20
62.42071
 30
0
 10
166.00174
 20
62.42071
 30
0
 10
166.00174
 20
62.42071
 30
0
 10
166.00174
 20
62.3458
 30
0
 10
166.00174
 20
62.3458
 30
0
 10
166.00174
 20
62.3458
 30
0
 10
166.00174
 20
62.3458
 30
0
 10
166.3228
 20
62.3458
 30
0
 10
166.3228
 20
62.3458
 30
0
 10
166.3228
 20
62.3458
 30
0
 10
166.3228
 20
62.3458
 30
0
 10
166.64386
 20
62.3458
 30
0
 10
166.64386
 20
62.3458
 30
0
 10
166.64386
 20
62.3458
 30
0
 10
166.64386
 20
62.3458
 30
0
 10
166.64386
 20
62.42071
 30
0
 10
166.64386
 20
62.42071
 30
0
 10
166.64386
 20
62.42071
 30
0
 10
166.64386
 20
62.42071
 30
0
 10
166.64386
 20
62.49562
 30
0
 10
166.64386
 20
62.49562
 30
0
 10
166.64386
 20
62.49562
 30
0
 10
166.64386
 20
62.49562
 30
0
 10
166.53682
 20
62.49562
 30
0
 10
166.53682
 20
62.49562
 30
0
 10
166.53682
 20
62.49562
 30
0
 10
166.53682
 20
62.49562
 30
0
 10
166.42981
 20
62.49562
 30
0
 10
166.42981
 20
62.49562
 30
0
 10
166.42981
 20
62.49562
 30
0
 10
166.42981
 20
62.49562
 30
0
 10
166.42981
 20
62.89158999999999
 30
0
 10
166.42981
 20
62.89158999999999
 30
0
 10
166.42981
 20
62.89158999999999
 30
0
 10
166.42981
 20
62.89158999999999
 30
0
 10
166.42981
 20
63.28756
 30
0
 10
166.42981
 20
63.28756
 30
0
 10
166.42981
 20
63.28756
 30
0
 10
166.42981
 20
63.28756
 30
0
 10
166.33351
 20
63.28756
 30
0
 10
166.33351
 20
63.28756
 30
0
 10
166.33351
 20
63.28756
 30
0
 10
166.33351
 20
63.28756
 30
0
 10
166.23718
 20
63.28756
 30
0
 10
166.23718
 20
63.28756
 30
0
 10
166.23718
 20
63.28756
 30
0
 10
166.23718
 20
63.28756
 30
0
 10
166.23718
 20
62.89158999999999
 30
0
 10
166.23718
 20
62.89158999999999
 30
0
  0
SPLINE
  5
178
100
AcDbEntity
  8
layer 1
  6
CONTINUOUS
 62
    1
370
    5
100
AcDbSpline
210
0
220
0
230
0
 70
    8
 71
    3
 72
    8
 73
    4
 74
    0
 42
1e-07
 43
1e-07
 40
0
 40
0
 40
0
 40
0
 40
1
 40
1
 40
1
 40
1
 10
157.9009
 20
73.49563000000001
 30
0
 10
157.9009
 20
73.49563000000001
 30
0
 10
157.90093
 20
73.49566
 30
0
 10
157.90093
 20
73.49566
 30
0
  0
SPLINE
  5
179
100
AcDbEntity
  8
layer 1
  6
CONTINUOUS
 62
    1
370
    5
100
AcDbSpline
210
0
220
0
230
0
 70
    8
 71
    3
 72
   16
 73
   12
 74
    0
 42
1e-07
 43
1e-07
 40
0
 40
0
 40
0
 40
0
 40
0.25
 40
0.25
 40
0.25
 40
0.25
 40
0.5
 40
0.5
 40
0.5
 40
0.5
 40
1
 40
1
 40
1
 40
1
 10
157.90093
 20
73.49566
 30
0
 10
157.64737
 20
73.45327
 30
0
 10
157.36966
 20
73.30909
 30
0
 10
157.2508
 20
73.15809999999999
 30
0
 10
157.2508
 20
73.15809999999999
 30
0
 10
157.16389
 20
73.04776
 30
0
 10
157.08226
 20
72.87862
 30
0
 10
157.04014
 20
72.7216
 30
0
 10
157.04014
 20
72.7216
 30
0
 10
157.00834
 20
72.60319
 30
0
 10
157.00321
 20
72.40728999999999
 30
0
 10
156.99643
 20
71.05171
 30
0
  0
SPLINE
  5
17A
100
AcDbEntity
  8
layer 1
  6
CONTINUOUS
 62
    1
370
    5
100
AcDbSpline
210
0
220
0
230
0
 70
    8
 71
    3
 72
   20
 73
   16
 74
    0
 42
1e-07
 43
1e-07
 40
0
 40
0
 40
0
 40
0
 40
0.2
 40
0.2
 40
0.2
 40
0.2
 40
0.4
 40
0.4
 40
0.4
 40
0.4
 40
0.6
 40
0.6
 40
0.6
 40
0.6
 40
1
 40
1
 40
1
 40
1
 10
156.99643
 20
71.05171
 30
0
 10
156.99643
 20
71.05171
 30
0
 10
156.98875
 20
69.51600999999999
 30
0
 10
156.98875
 20
69.51600999999999
 30
0
 10
156.98875
 20
69.51600999999999
 30
0
 10
156.98875
 20
69.51600999999999
 30
0
 10
157.21453
 20
69.51600999999999
 30
0
 10
157.21453
 20
69.51600999999999
 30
0
 10
157.21453
 20
69.51600999999999
 30
0
 10
157.21453
 20
69.51600999999999
 30
0
 10
157.44031
 20
69.51600999999999
 30
0
 10
157.44031
 20
69.51600999999999
 30
0
 10
157.44031
 20
69.51600999999999
 30
0
 10
157.44031
 20
69.51600999999999
 30
0
 10
157.44031
 20
71.0227
 30
0
 10
157.44031
 20
71.0227
 30
0
  0
SPLINE
  5
17B
100
AcDbEntity
  8
layer 1
  6
CONTINUOUS
 62
    1
370
    5
100
AcDbSpline
210
0
220
0
230
0
 70
    8
 71
    3
 72
   24
 73
   20
 74
    0
 42
1e-07
 43
1e-07
 40
0
 40
0
 40
0
 40
0
 40
0.1666667
 40
0.1666667
 40
0.1666667
 40
0.1666667
 40
0.3333333
 40
0.3333333
 40
0.3333333
 40
0.3333333
 40
0.5
 40
0.5
 40
0.5
 40
0.5
 40
0.6666666999999999
 40
0.6666666999999999
 40
0.6666666999999999
 40
0.6666666999999999
 40
1
 40
1
 40
1
 40
1
 10
157.44031
 20
71.0227
 30
0
 10
157.44031
 20
72.48814
 30
0
 10
157.44157
 20
72.53338000000001
 30
0
 10
157.4848
 20
72.67350999999999
 30
0
 10
157.4848
 20
72.67350999999999
 30
0
 10
157.51954
 20
72.78588999999999
 30
0
 10
157.55161
 20
72.83989
 30
0
 10
157.63057
 20
72.91885000000001
 30
0
 10
157.63057
 20
72.91885000000001
 30
0
 10
157.76845
 20
73.05672999999999
 30
0
 10
157.92184
 20
73.11277
 30
0
 10
158.2021
 20
73.12759
 30
0
 10
158.2021
 20
73.12759
 30
0
 10
158.68534
 20
73.15317999999999
 30
0
 10
158.96863
 20
73.00612
 30
0
 10
159.08416
 20
72.66978999999999
 30
0
 10
159.08416
 20
72.66978999999999
 30
0
 10
159.11581
 20
72.57754
 30
0
 10
159.12049
 20
72.39676
 30
0
 10
159.12631
 20
71.04102999999999
 30
0
  0
SPLINE
  5
17C
100
AcDbEntity
  8
layer 1
  6
CONTINUOUS
 62
    1
370
    5
100
AcDbSpline
210
0
220
0
230
0
 70
    8
 71
    3
 72
   20
 73
   16
 74
    0
 42
1e-07
 43
1e-07
 40
0
 40
0
 40
0
 40
0
 40
0.2
 40
0.2
 40
0.2
 40
0.2
 40
0.4
 40
0.4
 40
0.4
 40
0.4
 40
0.6
 40
0.6
 40
0.6
 40
0.6
 40
1
 40
1
 40
1
 40
1
 10
159.12631
 20
71.04102999999999
 30
0
 10
159.12631
 20
71.04102999999999
 30
0
 10
159.13282
 20
69.51600999999999
 30
0
 10
159.13282
 20
69.51600999999999
 30
0
 10
159.13282
 20
69.51600999999999
 30
0
 10
159.13282
 20
69.51600999999999
 30
0
 10
159.35857
 20
69.51600999999999
 30
0
 10
159.35857
 20
69.51600999999999
 30
0
 10
159.35857
 20
69.51600999999999
 30
0
 10
159.35857
 20
69.51600999999999
 30
0
 10
159.58435
 20
69.51600999999999
 30
0
 10
159.58435
 20
69.51600999999999
 30
0
 10
159.58435
 20
69.51600999999999
 30
0
 10
159.58435
 20
69.51600999999999
 30
0
 10
159.5755
 20
71.04102999999999
 30
0
 10
159.5755
 20
71.04102999999999
 30
0
  0
SPLINE
  5
17D
100
AcDbEntity
  8
layer 1
  6
CONTINUOUS
 62
    1
370
    5
100
AcDbSpline
210
0
220
0
230
0
 70
    8
 71
    3
 72
   20
 73
   16
 74
    0
 42
1e-07
 43
1e-07
 40
0
 40
0
 40
0
 40
0
 40
0.2
 40
0.2
 40
0.2
 40
0.2
 40
0.4
 40
0.4
 40
0.4
 40
0.4
 40
0.6
 40
0.6
 40
0.6
 40
0.6
 40
1
 40
1
 40
1
 40
1
 10
159.5755
 20
71.04102999999999
 30
0
 10
159.56695
 20
72.52117
 30
0
 10
159.56533
 20
72.57097
 30
0
 10
159.52066
 20
72.73351
 30
0
 10
159.52066
 20
72.73351
 30
0
 10
159.4597
 20
72.95520999999999
 30
0
 10
159.38389
 20
73.08931
 30
0
 10
159.24559
 20
73.22011000000001
 30
0
 10
159.24559
 20
73.22011000000001
 30
0
 10
159.02365
 20
73.42999
 30
0
 10
158.72494
 20
73.52037999999999
 30
0
 10
158.26783
 20
73.51597
 30
0
 10
158.26783
 20
73.51597
 30
0
 10
158.12467
 20
73.51471000000001
 30
0
 10
157.95955
 20
73.50543999999999
 30
0
 10
157.90093
 20
73.49566
 30
0
  0
SPLINE
  5
17E
100
AcDbEntity
  8
layer 1
  6
CONTINUOUS
 62
    1
370
    5
100
AcDbSpline
210
0
220
0
230
0
 70
    8
 71
    3
 72
    8
 73
    4
 74
    0
 42
1e-07
 43
1e-07
 40
0
 40
0
 40
0
 40
0
 40
1
 40
1
 40
1
 40
1
 10
157.90093
 20
73.49566
 30
0
 10
157.90093
 20
73.49566
 30
0
 10
157.9009
 20
73.49563000000001
 30
0
 10
157.9009
 20
73.49563000000001
 30
0
  0
SPLINE
  5
17F
100
AcDbEntity
  8
layer 1
  6
CONTINUOUS
 62
    1
370
    5
100
AcDbSpline
210
0
220
0
230
0
 70
    8
 71
    3
 72
   32
 73
   28
 74
    0
 42
1e-07
 43
1e-07
 40
0
 40
0
 40
0
 40
0
 40
0.125
 40
0.125
 40
0.125
 40
0.125
 40
0.25
 40
0.25
 40
0.25
 40
0.25
 40
0.375
 40
0.375
 40
0.375
 40
0.375
 40
0.5
 40
0.5
 40
0.5
 40
0.5
 40
0.625
 40
0.625
 40
0.625
 40
0.625
 40
0.75
 40
0.75
 40
0.75
 40
0.75
 40
1
 40
1
 40
1
 40
1
 10
145.5613
 20
73.44775
 30
0
 10
145.5613
 20
73.43158
 30
0
 10
145.78765
 20
72.54348999999999
 30
0
 10
146.06428
 20
71.47423000000001
 30
0
 10
146.06428
 20
71.47423000000001
 30
0
 10
146.34091
 20
70.40496999999999
 30
0
 10
146.56726
 20
69.52696
 30
0
 10
146.56726
 20
69.52306
 30
0
 10
146.56726
 20
69.52306
 30
0
 10
146.56726
 20
69.51919000000001
 30
0
 10
146.76472
 20
69.51600999999999
 30
0
 10
147.00604
 20
69.51600999999999
 30
0
 10
147.00604
 20
69.51600999999999
 30
0
 10
147.24739
 20
69.51600999999999
 30
0
 10
147.44482
 20
69.52186
 30
0
 10
147.44482
 20
69.529
 30
0
 10
147.44482
 20
69.529
 30
0
 10
147.44482
 20
69.53617
 30
0
 10
147.67117
 20
70.42174
 30
0
 10
147.9478
 20
71.49697
 30
0
 10
147.9478
 20
71.49697
 30
0
 10
148.22446
 20
72.5722
 30
0
 10
148.45078
 20
73.45761999999999
 30
0
 10
148.45078
 20
73.46455
 30
0
 10
148.45078
 20
73.46455
 30
0
 10
148.45078
 20
73.47148
 30
0
 10
148.35271
 20
73.47442000000001
 30
0
 10
148.23283
 20
73.47109
 30
0
  0
SPLINE
  5
180
100
AcDbEntity
  8
layer 1
  6
CONTINUOUS
 62
    1
370
    5
100
AcDbSpline
210
0
220
0
230
0
 70
    8
 71
    3
 72
   12
 73
    8
 74
    0
 42
1e-07
 43
1e-07
 40
0
 40
0
 40
0
 40
0
 40
0.3333333
 40
0.3333333
 40
0.3333333
 40
0.3333333
 40
1
 40
1
 40
1
 40
1
 10
148.23283
 20
73.47109
 30
0
 10
148.23283
 20
73.47109
 30
0
 10
148.01488
 20
73.465
 30
0
 10
148.01488
 20
73.465
 30
0
 10
148.01488
 20
73.465
 30
0
 10
148.01488
 20
73.465
 30
0
 10
147.90079
 20
73.04760999999999
 30
0
 10
147.90079
 20
73.04760999999999
 30
0
  0
SPLINE
  5
181
100
AcDbEntity
  8
layer 1
  6
CONTINUOUS
 62
    1
370
    5
100
AcDbSpline
210
0
220
0
230
0
 70
    8
 71
    3
 72
    8
 73
    4
 74
    0
 42
1e-07
 43
1e-07
 40
0
 40
0
 40
0
 40
0
 40
1
 40
1
 40
1
 40
1
 10
147.90079
 20
73.04760999999999
 30
0
 10
147.83806
 20
72.81807999999999
 30
0
 10
147.77686
 20
72.59413000000001
 30
0
 10
147.76477
 20
72.54997
 30
0
  0
SPLINE
  5
182
100
AcDbEntity
  8
layer 1
  6
CONTINUOUS
 62
    1
370
    5
100
AcDbSpline
210
0
220
0
230
0
 70
    8
 71
    3
 72
   20
 73
   16
 74
    0
 42
1e-07
 43
1e-07
 40
0
 40
0
 40
0
 40
0
 40
0.2
 40
0.2
 40
0.2
 40
0.2
 40
0.4
 40
0.4
 40
0.4
 40
0.4
 40
0.6
 40
0.6
 40
0.6
 40
0.6
 40
1
 40
1
 40
1
 40
1
 10
147.76477
 20
72.54997
 30
0
 10
147.76477
 20
72.54997
 30
0
 10
147.74284
 20
72.46972
 30
0
 10
147.74284
 20
72.46972
 30
0
 10
147.74284
 20
72.46972
 30
0
 10
147.74284
 20
72.46972
 30
0
 10
147.00583
 20
72.46972
 30
0
 10
147.00583
 20
72.46972
 30
0
 10
147.00583
 20
72.46972
 30
0
 10
147.00583
 20
72.46972
 30
0
 10
146.26882
 20
72.46972
 30
0
 10
146.26882
 20
72.46972
 30
0
 10
146.26882
 20
72.46972
 30
0
 10
146.26882
 20
72.46972
 30
0
 10
146.23672
 20
72.5821
 30
0
 10
146.23672
 20
72.5821
 30
0
  0
SPLINE
  5
183
100
AcDbEntity
  8
layer 1
  6
CONTINUOUS
 62
    1
370
    5
100
AcDbSpline
210
0
220
0
230
0
 70
    8
 71
    3
 72
    8
 73
    4
 74
    0
 42
1e-07
 43
1e-07
 40
0
 40
0
 40
0
 40
0
 40
1
 40
1
 40
1
 40
1
 10
146.23672
 20
72.5821
 30
0
 10
146.21905
 20
72.6439
 30
0
 10
146.15755
 20
72.86781999999999
 30
0
 10
146.10004
 20
73.07974
 30
0
  0
SPLINE
  5
184
100
AcDbEntity
  8
layer 1
  6
CONTINUOUS
 62
    1
370
    5
100
AcDbSpline
210
0
220
0
230
0
 70
    8
 71
    3
 72
   12
 73
    8
 74
    0
 42
1e-07
 43
1e-07
 40
0
 40
0
 40
0
 40
0
 40
0.3333333
 40
0.3333333
 40
0.3333333
 40
0.3333333
 40
1
 40
1
 40
1
 40
1
 10
146.10004
 20
73.07974
 30
0
 10
146.10004
 20
73.07974
 30
0
 10
145.99549
 20
73.465
 30
0
 10
145.99549
 20
73.465
 30
0
 10
145.99549
 20
73.465
 30
0
 10
145.99549
 20
73.465
 30
0
 10
145.77841
 20
73.47109
 30
0
 10
145.77841
 20
73.47109
 30
0
  0
SPLINE
  5
185
100
AcDbEntity
  8
layer 1
  6
CONTINUOUS
 62
    1
370
    5
100
AcDbSpline
210
0
220
0
230
0
 70
    8
 71
    3
 72
    8
 73
    4
 74
    0
 42
1e-07
 43
1e-07
 40
0
 40
0
 40
0
 40
0
 40
1
 40
1
 40
1
 40
1
 10
145.77841
 20
73.47109
 30
0
 10
145.60552
 20
73.47595
 30
0
 10
145.5613
 20
73.47118
 30
0
 10
145.5613
 20
73.44775
 30
0
  0
SPLINE
  5
186
100
AcDbEntity
  8
layer 1
  6
CONTINUOUS
 62
    1
370
    5
100
AcDbSpline
210
0
220
0
230
0
 70
    8
 71
    3
 72
   12
 73
    8
 74
    0
 42
1e-07
 43
1e-07
 40
0
 40
0
 40
0
 40
0
 40
0.3333333
 40
0.3333333
 40
0.3333333
 40
0.3333333
 40
1
 40
1
 40
1
 40
1
 10
153.17863
 20
70.41466
 30
0
 10
153.17863
 20
70.41466
 30
0
 10
153.61504
 20
69.51600999999999
 30
0
 10
153.61504
 20
69.51600999999999
 30
0
 10
153.61504
 20
69.51600999999999
 30
0
 10
153.61504
 20
69.51600999999999
 30
0
 10
153.84748
 20
69.51600999999999
 30
0
 10
153.84748
 20
69.51600999999999
 30
0
  0
SPLINE
  5
187
100
AcDbEntity
  8
layer 1
  6
CONTINUOUS
 62
    1
370
    5
100
AcDbSpline
210
0
220
0
230
0
 70
    8
 71
    3
 72
   12
 73
    8
 74
    0
 42
1e-07
 43
1e-07
 40
0
 40
0
 40
0
 40
0
 40
0.3333333
 40
0.3333333
 40
0.3333333
 40
0.3333333
 40
1
 40
1
 40
1
 40
1
 10
153.84748
 20
69.51600999999999
 30
0
 10
153.97534
 20
69.51600999999999
 30
0
 10
154.07992
 20
69.52087
 30
0
 10
154.07992
 20
69.52678
 30
0
 10
154.07992
 20
69.52678
 30
0
 10
154.07992
 20
69.53272
 30
0
 10
153.82471
 20
70.04796999999999
 30
0
 10
153.51274
 20
70.67179
 30
0
  0
SPLINE
  5
188
100
AcDbEntity
  8
layer 1
  6
CONTINUOUS
 62
    1
370
    5
100
AcDbSpline
210
0
220
0
230
0
 70
    8
 71
    3
 72
   52
 73
   48
 74
    0
 42
1e-07
 43
1e-07
 40
0
 40
0
 40
0
 40
0
 40
0.07692309999999999
 40
0.07692309999999999
 40
0.07692309999999999
 40
0.07692309999999999
 40
0.1538462
 40
0.1538462
 40
0.1538462
 40
0.1538462
 40
0.2307692
 40
0.2307692
 40
0.2307692
 40
0.2307692
 40
0.3076923
 40
0.3076923
 40
0.3076923
 40
0.3076923
 40
0.3846154
 40
0.3846154
 40
0.3846154
 40
0.3846154
 40
0.4615385
 40
0.4615385
 40
0.4615385
 40
0.4615385
 40
0.5384614999999999
 40
0.5384614999999999
 40
0.5384614999999999
 40
0.5384614999999999
 40
0.6153845999999999
 40
0.6153845999999999
 40
0.6153845999999999
 40
0.6153845999999999
 40
0.6923077
 40
0.6923077
 40
0.6923077
 40
0.6923077
 40
0.7692308
 40
0.7692308
 40
0.7692308
 40
0.7692308
 40
0.8461538
 40
0.8461538
 40
0.8461538
 40
0.8461538
 40
1
 40
1
 40
1
 40
1
 10
153.51274
 20
70.67179
 30
0
 10
153.51274
 20
70.67179
 30
0
 10
152.94556
 20
71.80602999999999
 30
0
 10
152.94556
 20
71.80602999999999
 30
0
 10
152.94556
 20
71.80602999999999
 30
0
 10
152.94556
 20
71.80602999999999
 30
0
 10
152.94556
 20
72.64084
 30
0
 10
152.94556
 20
72.64084
 30
0
 10
152.94556
 20
72.64084
 30
0
 10
152.94556
 20
72.64084
 30
0
 10
152.94556
 20
73.47568
 30
0
 10
152.94556
 20
73.47568
 30
0
 10
152.94556
 20
73.47568
 30
0
 10
152.94556
 20
73.47568
 30
0
 10
152.73151
 20
73.47568
 30
0
 10
152.73151
 20
73.47568
 30
0
 10
152.73151
 20
73.47568
 30
0
 10
152.73151
 20
73.47568
 30
0
 10
152.51746
 20
73.47568
 30
0
 10
152.51746
 20
73.47568
 30
0
 10
152.51746
 20
73.47568
 30
0
 10
152.51746
 20
73.47568
 30
0
 10
152.51746
 20
72.63868000000001
 30
0
 10
152.51746
 20
72.63868000000001
 30
0
 10
152.51746
 20
72.63868000000001
 30
0
 10
152.51746
 20
72.63868000000001
 30
0
 10
152.51746
 20
71.80165
 30
0
 10
152.51746
 20
71.80165
 30
0
 10
152.51746
 20
71.80165
 30
0
 10
152.51746
 20
71.80165
 30
0
 10
151.94242
 20
70.65882999999999
 30
0
 10
151.94242
 20
70.65882999999999
 30
0
 10
151.94242
 20
70.65882999999999
 30
0
 10
151.94242
 20
70.65882999999999
 30
0
 10
151.36732
 20
69.51600999999999
 30
0
 10
151.36732
 20
69.51600999999999
 30
0
 10
151.36732
 20
69.51600999999999
 30
0
 10
151.36732
 20
69.51600999999999
 30
0
 10
151.60669
 20
69.51600999999999
 30
0
 10
151.60669
 20
69.51600999999999
 30
0
 10
151.60669
 20
69.51600999999999
 30
0
 10
151.60669
 20
69.51600999999999
 30
0
 10
151.84606
 20
69.51600999999999
 30
0
 10
151.84606
 20
69.51600999999999
 30
0
 10
151.84606
 20
69.51600999999999
 30
0
 10
151.84606
 20
69.51600999999999
 30
0
 10
152.28343
 20
70.41457
 30
0
 10
152.28343
 20
70.41457
 30
0
  0
SPLINE
  5
189
100
AcDbEntity
  8
layer 1
  6
CONTINUOUS
 62
    1
370
    5
100
AcDbSpline
210
0
220
0
230
0
 70
    8
 71
    3
 72
   12
 73
    8
 74
    0
 42
1e-07
 43
1e-07
 40
0
 40
0
 40
0
 40
0
 40
0.3333333
 40
0.3333333
 40
0.3333333
 40
0.3333333
 40
1
 40
1
 40
1
 40
1
 10
152.28343
 20
70.41457
 30
0
 10
152.524
 20
70.90881999999999
 30
0
 10
152.72563
 20
71.31318999999999
 30
0
 10
152.73151
 20
71.31322
 30
0
 10
152.73151
 20
71.31322
 30
0
 10
152.73739
 20
71.31328000000001
 30
0
 10
152.9386
 20
70.90890999999999
 30
0
 10
153.17863
 20
70.41466
 30
0
  0
SPLINE
  5
18A
100
AcDbEntity
  8
layer 1
  6
CONTINUOUS
 62
    1
370
    5
100
AcDbSpline
210
0
220
0
230
0
 70
    8
 71
    3
 72
   20
 73
   16
 74
    0
 42
1e-07
 43
1e-07
 40
0
 40
0
 40
0
 40
0
 40
0.2
 40
0.2
 40
0.2
 40
0.2
 40
0.4
 40
0.4
 40
0.4
 40
0.4
 40
0.6
 40
0.6
 40
0.6
 40
0.6
 40
1
 40
1
 40
1
 40
1
 10
162.97915
 20
71.60824
 30
0
 10
162.97915
 20
71.60824
 30
0
 10
162.47491
 20
73.31514999999999
 30
0
 10
162.47491
 20
73.31514999999999
 30
0
 10
162.47491
 20
73.31514999999999
 30
0
 10
162.47491
 20
73.31514999999999
 30
0
 10
162.19963
 20
73.32093999999999
 30
0
 10
162.19963
 20
73.32093999999999
 30
0
 10
162.19963
 20
73.32093999999999
 30
0
 10
162.19963
 20
73.32093999999999
 30
0
 10
161.92435
 20
73.32673
 30
0
 10
161.92435
 20
73.32673
 30
0
 10
161.92435
 20
73.32673
 30
0
 10
161.92435
 20
73.32673
 30
0
 10
161.42158
 20
71.61403
 30
0
 10
161.42158
 20
71.61403
 30
0
  0
SPLINE
  5
18B
100
AcDbEntity
  8
layer 1
  6
CONTINUOUS
 62
    1
370
    5
100
AcDbSpline
210
0
220
0
230
0
 70
    8
 71
    3
 72
   12
 73
    8
 74
    0
 42
1e-07
 43
1e-07
 40
0
 40
0
 40
0
 40
0
 40
0.3333333
 40
0.3333333
 40
0.3333333
 40
0.3333333
 40
1
 40
1
 40
1
 40
1
 10
161.42158
 20
71.61403
 30
0
 10
161.00176
 20
70.18393
 30
0
 10
160.9126
 20
69.90129999999999
 30
0
 10
160.88113
 20
69.90129999999999
 30
0
 10
160.88113
 20
69.90129999999999
 30
0
 10
160.84549
 20
69.90129999999999
 30
0
 10
160.84348
 20
69.99684999999999
 30
0
 10
160.84348
 20
71.68852
 30
0
  0
SPLINE
  5
18C
100
AcDbEntity
  8
layer 1
  6
CONTINUOUS
 62
    1
370
    5
100
AcDbSpline
210
0
220
0
230
0
 70
    8
 71
    3
 72
   36
 73
   32
 74
    0
 42
1e-07
 43
1e-07
 40
0
 40
0
 40
0
 40
0
 40
0.1111111
 40
0.1111111
 40
0.1111111
 40
0.1111111
 40
0.2222222
 40
0.2222222
 40
0.2222222
 40
0.2222222
 40
0.3333333
 40
0.3333333
 40
0.3333333
 40
0.3333333
 40
0.4444444
 40
0.4444444
 40
0.4444444
 40
0.4444444
 40
0.5555555999999999
 40
0.5555555999999999
 40
0.5555555999999999
 40
0.5555555999999999
 40
0.6666666999999999
 40
0.6666666999999999
 40
0.6666666999999999
 40
0.6666666999999999
 40
0.7777778
 40
0.7777778
 40
0.7777778
 40
0.7777778
 40
1
 40
1
 40
1
 40
1
 10
160.84348
 20
71.68852
 30
0
 10
160.84348
 20
71.68852
 30
0
 10
160.84348
 20
73.47571000000001
 30
0
 10
160.84348
 20
73.47571000000001
 30
0
 10
160.84348
 20
73.47571000000001
 30
0
 10
160.84348
 20
73.47571000000001
 30
0
 10
160.64014
 20
73.47571000000001
 30
0
 10
160.64014
 20
73.47571000000001
 30
0
 10
160.64014
 20
73.47571000000001
 30
0
 10
160.64014
 20
73.47571000000001
 30
0
 10
160.4368
 20
73.47571000000001
 30
0
 10
160.4368
 20
73.47571000000001
 30
0
 10
160.4368
 20
73.47571000000001
 30
0
 10
160.4368
 20
73.47571000000001
 30
0
 10
160.4368
 20
71.49585999999999
 30
0
 10
160.4368
 20
71.49585999999999
 30
0
 10
160.4368
 20
71.49585999999999
 30
0
 10
160.4368
 20
71.49585999999999
 30
0
 10
160.4368
 20
69.51600999999999
 30
0
 10
160.4368
 20
69.51600999999999
 30
0
 10
160.4368
 20
69.51600999999999
 30
0
 10
160.4368
 20
69.51600999999999
 30
0
 10
160.81849
 20
69.51600999999999
 30
0
 10
160.81849
 20
69.51600999999999
 30
0
 10
160.81849
 20
69.51600999999999
 30
0
 10
160.81849
 20
69.51600999999999
 30
0
 10
161.20021
 20
69.51600999999999
 30
0
 10
161.20021
 20
69.51600999999999
 30
0
 10
161.20021
 20
69.51600999999999
 30
0
 10
161.20021
 20
69.51600999999999
 30
0
 10
161.6776
 20
71.12665
 30
0
 10
161.6776
 20
71.12665
 30
0
  0
SPLINE
  5
18D
100
AcDbEntity
  8
layer 1
  6
CONTINUOUS
 62
    1
370
    5
100
AcDbSpline
210
0
220
0
230
0
 70
    8
 71
    3
 72
    8
 73
    4
 74
    0
 42
1e-07
 43
1e-07
 40
0
 40
0
 40
0
 40
0
 40
1
 40
1
 40
1
 40
1
 10
161.6776
 20
71.12665
 30
0
 10
161.94019
 20
72.01249
 30
0
 10
162.16462
 20
72.77097999999999
 30
0
 10
162.17629
 20
72.81216999999999
 30
0
  0
SPLINE
  5
18E
100
AcDbEntity
  8
layer 1
  6
CONTINUOUS
 62
    1
370
    5
100
AcDbSpline
210
0
220
0
230
0
 70
    8
 71
    3
 72
   12
 73
    8
 74
    0
 42
1e-07
 43
1e-07
 40
0
 40
0
 40
0
 40
0
 40
0.3333333
 40
0.3333333
 40
0.3333333
 40
0.3333333
 40
1
 40
1
 40
1
 40
1
 10
162.17629
 20
72.81216999999999
 30
0
 10
162.17629
 20
72.81216999999999
 30
0
 10
162.19756
 20
72.88708
 30
0
 10
162.19756
 20
72.88708
 30
0
 10
162.19756
 20
72.88708
 30
0
 10
162.19756
 20
72.88708
 30
0
 10
162.22348
 20
72.81216999999999
 30
0
 10
162.22348
 20
72.81216999999999
 30
0
  0
SPLINE
  5
18F
100
AcDbEntity
  8
layer 1
  6
CONTINUOUS
 62
    1
370
    5
100
AcDbSpline
210
0
220
0
230
0
 70
    8
 71
    3
 72
    8
 73
    4
 74
    0
 42
1e-07
 43
1e-07
 40
0
 40
0
 40
0
 40
0
 40
1
 40
1
 40
1
 40
1
 10
162.22348
 20
72.81216999999999
 30
0
 10
162.23776
 20
72.77097999999999
 30
0
 10
162.46498
 20
72.01249
 30
0
 10
162.72847
 20
71.12665
 30
0
  0
SPLINE
  5
190
100
AcDbEntity
  8
layer 1
  6
CONTINUOUS
 62
    1
370
    5
100
AcDbSpline
210
0
220
0
230
0
 70
    8
 71
    3
 72
   36
 73
   32
 74
    0
 42
1e-07
 43
1e-07
 40
0
 40
0
 40
0
 40
0
 40
0.1111111
 40
0.1111111
 40
0.1111111
 40
0.1111111
 40
0.2222222
 40
0.2222222
 40
0.2222222
 40
0.2222222
 40
0.3333333
 40
0.3333333
 40
0.3333333
 40
0.3333333
 40
0.4444444
 40
0.4444444
 40
0.4444444
 40
0.4444444
 40
0.5555555999999999
 40
0.5555555999999999
 40
0.5555555999999999
 40
0.5555555999999999
 40
0.6666666999999999
 40
0.6666666999999999
 40
0.6666666999999999
 40
0.6666666999999999
 40
0.7777778
 40
0.7777778
 40
0.7777778
 40
0.7777778
 40
1
 40
1
 40
1
 40
1
 10
162.72847
 20
71.12665
 30
0
 10
162.72847
 20
71.12665
 30
0
 10
163.20751
 20
69.51600999999999
 30
0
 10
163.20751
 20
69.51600999999999
 30
0
 10
163.20751
 20
69.51600999999999
 30
0
 10
163.20751
 20
69.51600999999999
 30
0
 10
163.58797
 20
69.51600999999999
 30
0
 10
163.58797
 20
69.51600999999999
 30
0
 10
163.58797
 20
69.51600999999999
 30
0
 10
163.58797
 20
69.51600999999999
 30
0
 10
163.9684
 20
69.51600999999999
 30
0
 10
163.9684
 20
69.51600999999999
 30
0
 10
163.9684
 20
69.51600999999999
 30
0
 10
163.9684
 20
69.51600999999999
 30
0
 10
163.9684
 20
71.49585999999999
 30
0
 10
163.9684
 20
71.49585999999999
 30
0
 10
163.9684
 20
71.49585999999999
 30
0
 10
163.9684
 20
71.49585999999999
 30
0
 10
163.9684
 20
73.47568
 30
0
 10
163.9684
 20
73.47568
 30
0
 10
163.9684
 20
73.47568
 30
0
 10
163.9684
 20
73.47568
 30
0
 10
163.76506
 20
73.47568
 30
0
 10
163.76506
 20
73.47568
 30
0
 10
163.76506
 20
73.47568
 30
0
 10
163.76506
 20
73.47568
 30
0
 10
163.56172
 20
73.47568
 30
0
 10
163.56172
 20
73.47568
 30
0
 10
163.56172
 20
73.47568
 30
0
 10
163.56172
 20
73.47568
 30
0
 10
163.56172
 20
71.68849
 30
0
 10
163.56172
 20
71.68849
 30
0
  0
SPLINE
  5
191
100
AcDbEntity
  8
layer 1
  6
CONTINUOUS
 62
    1
370
    5
100
AcDbSpline
210
0
220
0
230
0
 70
    8
 71
    3
 72
   12
 73
    8
 74
    0
 42
1e-07
 43
1e-07
 40
0
 40
0
 40
0
 40
0
 40
0.3333333
 40
0.3333333
 40
0.3333333
 40
0.3333333
 40
1
 40
1
 40
1
 40
1
 10
163.56172
 20
71.68849
 30
0
 10
163.56172
 20
69.97072
 30
0
 10
163.56022
 20
69.90127
 30
0
 10
163.52254
 20
69.90127
 30
0
 10
163.52254
 20
69.90127
 30
0
 10
163.48912
 20
69.90127
 30
0
 10
163.40935
 20
70.15188999999999
 30
0
 10
162.97915
 20
71.60824
 30
0
  0
SPLINE
  5
192
100
AcDbEntity
  8
layer 1
  6
CONTINUOUS
 62
    1
370
    5
100
AcDbSpline
210
0
220
0
230
0
 70
    8
 71
    3
 72
    8
 73
    4
 74
    0
 42
1e-07
 43
1e-07
 40
0
 40
0
 40
0
 40
0
 40
1
 40
1
 40
1
 40
1
 10
164.28946
 20
67.61872
 30
0
 10
164.28946
 20
67.61872
 30
0
 10
164.28946
 20
67.61869
 30
0
 10
164.28946
 20
67.61869
 30
0
  0
SPLINE
  5
193
100
AcDbEntity
  8
layer 1
  6
CONTINUOUS
 62
    1
370
    5
100
AcDbSpline
210
0
220
0
230
0
 70
    8
 71
    3
 72
   44
 73
   40
 74
    0
 42
1e-07
 43
1e-07
 40
0
 40
0
 40
0
 40
0
 40
0.09090909999999999
 40
0.09090909999999999
 40
0.09090909999999999
 40
0.09090909999999999
 40
0.1818182
 40
0.1818182
 40
0.1818182
 40
0.1818182
 40
0.2727273
 40
0.2727273
 40
0.2727273
 40
0.2727273
 40
0.3636364
 40
0.3636364
 40
0.3636364
 40
0.3636364
 40
0.4545455
 40
0.4545455
 40
0.4545455
 40
0.4545455
 40
0.5454545
 40
0.5454545
 40
0.5454545
 40
0.5454545
 40
0.6363635999999999
 40
0.6363635999999999
 40
0.6363635999999999
 40
0.6363635999999999
 40
0.7272727
 40
0.7272727
 40
0.7272727
 40
0.7272727
 40
0.8181818
 40
0.8181818
 40
0.8181818
 40
0.8181818
 40
1
 40
1
 40
1
 40
1
 10
164.28946
 20
67.61869
 30
0
 10
164.14903
 20
67.60816
 30
0
 10
163.46887
 20
67.52628999999999
 30
0
 10
163.46518
 20
67.51951
 30
0
 10
163.46518
 20
67.51951
 30
0
 10
163.45711
 20
67.50469
 30
0
 10
163.48897
 20
67.18441
 30
0
 10
163.49959
 20
67.17382000000001
 30
0
 10
163.49959
 20
67.17382000000001
 30
0
 10
163.50658
 20
67.16679999999999
 30
0
 10
163.67515
 20
67.17609999999999
 30
0
 10
163.87414
 20
67.19436999999999
 30
0
 10
163.87414
 20
67.19436999999999
 30
0
 10
164.69416
 20
67.26984999999999
 30
0
 10
164.93386
 20
67.24327
 30
0
 10
165.12601
 20
67.05556
 30
0
 10
165.12601
 20
67.05556
 30
0
 10
165.26935
 20
66.91552
 30
0
 10
165.32296
 20
66.76288
 30
0
 10
165.32554
 20
66.48739
 30
0
 10
165.32554
 20
66.48739
 30
0
 10
165.3268
 20
66.35575
 30
0
 10
165.31624
 20
66.24139
 30
0
 10
165.29818
 20
66.19029999999999
 30
0
 10
165.29818
 20
66.19029999999999
 30
0
 10
165.22429
 20
65.98111
 30
0
 10
165.00163
 20
65.84179
 30
0
 10
164.57842
 20
65.73993999999999
 30
0
 10
164.57842
 20
65.73993999999999
 30
0
 10
163.68619
 20
65.5252
 30
0
 10
163.41085
 20
65.26513
 30
0
 10
163.41229
 20
64.63839999999999
 30
0
 10
163.41229
 20
64.63839999999999
 30
0
 10
163.41328
 20
64.17859
 30
0
 10
163.59382
 20
63.85135
 30
0
 10
163.93423
 20
63.69204999999999
 30
0
 10
163.93423
 20
63.69204999999999
 30
0
 10
164.25724
 20
63.54088
 30
0
 10
164.69266
 20
63.52674999999999
 30
0
 10
165.45088
 20
63.64276000000001
 30
0
  0
SPLINE
  5
194
100
AcDbEntity
  8
layer 1
  6
CONTINUOUS
 62
    1
370
    5
100
AcDbSpline
210
0
220
0
230
0
 70
    8
 71
    3
 72
   12
 73
    8
 74
    0
 42
1e-07
 43
1e-07
 40
0
 40
0
 40
0
 40
0
 40
0.3333333
 40
0.3333333
 40
0.3333333
 40
0.3333333
 40
1
 40
1
 40
1
 40
1
 10
165.45088
 20
63.64276000000001
 30
0
 10
165.45088
 20
63.64276000000001
 30
0
 10
165.68125
 20
63.67801
 30
0
 10
165.68125
 20
63.67801
 30
0
 10
165.68125
 20
63.67801
 30
0
 10
165.68125
 20
63.67801
 30
0
 10
165.66733
 20
63.85201000000001
 30
0
 10
165.66733
 20
63.85201000000001
 30
0
  0
SPLINE
  5
195
100
AcDbEntity
  8
layer 1
  6
CONTINUOUS
 62
    1
370
    5
100
AcDbSpline
210
0
220
0
230
0
 70
    8
 71
    3
 72
   48
 73
   44
 74
    0
 42
1e-07
 43
1e-07
 40
0
 40
0
 40
0
 40
0
 40
0.0833333
 40
0.0833333
 40
0.0833333
 40
0.0833333
 40
0.1666667
 40
0.1666667
 40
0.1666667
 40
0.1666667
 40
0.25
 40
0.25
 40
0.25
 40
0.25
 40
0.3333333
 40
0.3333333
 40
0.3333333
 40
0.3333333
 40
0.4166667
 40
0.4166667
 40
0.4166667
 40
0.4166667
 40
0.5
 40
0.5
 40
0.5
 40
0.5
 40
0.5833332999999999
 40
0.5833332999999999
 40
0.5833332999999999
 40
0.5833332999999999
 40
0.6666666999999999
 40
0.6666666999999999
 40
0.6666666999999999
 40
0.6666666999999999
 40
0.75
 40
0.75
 40
0.75
 40
0.75
 40
0.8333332999999999
 40
0.8333332999999999
 40
0.8333332999999999
 40
0.8333332999999999
 40
1
 40
1
 40
1
 40
1
 10
165.66733
 20
63.85201000000001
 30
0
 10
165.65968
 20
63.94767999999999
 30
0
 10
165.6523
 20
64.02744999999999
 30
0
 10
165.65101
 20
64.02925
 30
0
 10
165.65101
 20
64.02925
 30
0
 10
165.64975
 20
64.03102
 30
0
 10
165.52819
 20
64.01824000000001
 30
0
 10
165.38104
 20
64.00084000000001
 30
0
 10
165.38104
 20
64.00084000000001
 30
0
 10
165.23389
 20
63.98340999999999
 30
0
 10
164.94493
 20
63.96756999999999
 30
0
 10
164.73895
 20
63.96565000000001
 30
0
 10
164.73895
 20
63.96565000000001
 30
0
 10
164.39026
 20
63.96235
 30
0
 10
164.35549
 20
63.96565000000001
 30
0
 10
164.23594
 20
64.01302
 30
0
 10
164.23594
 20
64.01302
 30
0
 10
164.0773
 20
64.07589999999999
 30
0
 10
163.94611
 20
64.20493
 30
0
 10
163.90648
 20
64.33711
 30
0
 10
163.90648
 20
64.33711
 30
0
 10
163.8343
 20
64.57777
 30
0
 10
163.85953
 20
64.84615000000001
 30
0
 10
163.96849
 20
64.99657000000001
 30
0
 10
163.96849
 20
64.99657000000001
 30
0
 10
164.05633
 20
65.11783
 30
0
 10
164.26945
 20
65.21505999999999
 30
0
 10
164.70682
 20
65.33341
 30
0
 10
164.70682
 20
65.33341
 30
0
 10
165.30949
 20
65.49652
 30
0
 10
165.54886
 20
65.63749
 30
0
 10
165.68056
 20
65.90689
 30
0
 10
165.68056
 20
65.90689
 30
0
 10
165.82372
 20
66.19981
 30
0
 10
165.81382
 20
66.72613
 30
0
 10
165.65866
 20
67.06962999999999
 30
0
 10
165.65866
 20
67.06962999999999
 30
0
 10
165.54661
 20
67.31766999999999
 30
0
 10
165.31807
 20
67.50175
 30
0
 10
165.02614
 20
67.57912
 30
0
 10
165.02614
 20
67.57912
 30
0
 10
164.89681
 20
67.61337999999999
 30
0
 10
164.50126
 20
67.63464999999999
 30
0
 10
164.28946
 20
67.61869
 30
0
  0
SPLINE
  5
196
100
AcDbEntity
  8
layer 1
  6
CONTINUOUS
 62
    1
370
    5
100
AcDbSpline
210
0
220
0
230
0
 70
    8
 71
    3
 72
    8
 73
    4
 74
    0
 42
1e-07
 43
1e-07
 40
0
 40
0
 40
0
 40
0
 40
1
 40
1
 40
1
 40
1
 10
164.28946
 20
67.61869
 30
0
 10
164.28946
 20
67.61869
 30
0
 10
164.28946
 20
67.61872
 30
0
 10
164.28946
 20
67.61872
 30
0
  0
SPLINE
  5
197
100
AcDbEntity
  8
layer 1
  6
CONTINUOUS
 62
    1
370
    5
100
AcDbSpline
210
0
220
0
230
0
 70
    8
 71
    3
 72
   20
 73
   16
 74
    0
 42
1e-07
 43
1e-07
 40
0
 40
0
 40
0
 40
0
 40
0.2
 40
0.2
 40
0.2
 40
0.2
 40
0.4
 40
0.4
 40
0.4
 40
0.4
 40
0.6
 40
0.6
 40
0.6
 40
0.6
 40
1
 40
1
 40
1
 40
1
 10
147.85933
 20
67.3168
 30
0
 10
147.85933
 20
67.3168
 30
0
 10
147.82663
 20
67.41847
 30
0
 10
147.82663
 20
67.41847
 30
0
 10
147.82663
 20
67.41847
 30
0
 10
147.82663
 20
67.41847
 30
0
 10
147.55114
 20
67.41847
 30
0
 10
147.55114
 20
67.41847
 30
0
 10
147.55114
 20
67.41847
 30
0
 10
147.55114
 20
67.41847
 30
0
 10
147.27562
 20
67.41847
 30
0
 10
147.27562
 20
67.41847
 30
0
 10
147.27562
 20
67.41847
 30
0
 10
147.27562
 20
67.41847
 30
0
 10
147.23614
 20
67.2847
 30
0
 10
147.23614
 20
67.2847
 30
0
  0
SPLINE
  5
198
100
AcDbEntity
  8
layer 1
  6
CONTINUOUS
 62
    1
370
    5
100
AcDbSpline
210
0
220
0
230
0
 70
    8
 71
    3
 72
   12
 73
    8
 74
    0
 42
1e-07
 43
1e-07
 40
0
 40
0
 40
0
 40
0
 40
0.3333333
 40
0.3333333
 40
0.3333333
 40
0.3333333
 40
1
 40
1
 40
1
 40
1
 10
147.23614
 20
67.2847
 30
0
 10
147.21442
 20
67.21111000000001
 30
0
 10
146.99002
 20
66.44554000000001
 30
0
 10
146.73748
 20
65.5834
 30
0
 10
146.73748
 20
65.5834
 30
0
 10
146.30569
 20
64.10925999999999
 30
0
 10
146.27545
 20
64.01584
 30
0
 10
146.23018
 20
64.01557
 30
0
  0
SPLINE
  5
199
100
AcDbEntity
  8
layer 1
  6
CONTINUOUS
 62
    1
370
    5
100
AcDbSpline
210
0
220
0
230
0
 70
    8
 71
    3
 72
   44
 73
   40
 74
    0
 42
1e-07
 43
1e-07
 40
0
 40
0
 40
0
 40
0
 40
0.09090909999999999
 40
0.09090909999999999
 40
0.09090909999999999
 40
0.09090909999999999
 40
0.1818182
 40
0.1818182
 40
0.1818182
 40
0.1818182
 40
0.2727273
 40
0.2727273
 40
0.2727273
 40
0.2727273
 40
0.3636364
 40
0.3636364
 40
0.3636364
 40
0.3636364
 40
0.4545455
 40
0.4545455
 40
0.4545455
 40
0.4545455
 40
0.5454545
 40
0.5454545
 40
0.5454545
 40
0.5454545
 40
0.6363635999999999
 40
0.6363635999999999
 40
0.6363635999999999
 40
0.6363635999999999
 40
0.7272727
 40
0.7272727
 40
0.7272727
 40
0.7272727
 40
0.8181818
 40
0.8181818
 40
0.8181818
 40
0.8181818
 40
1
 40
1
 40
1
 40
1
 10
146.23018
 20
64.01557
 30
0
 10
146.23018
 20
64.01557
 30
0
 10
146.182
 20
64.01533000000001
 30
0
 10
146.182
 20
64.01533000000001
 30
0
 10
146.182
 20
64.01533000000001
 30
0
 10
146.182
 20
64.01533000000001
 30
0
 10
146.182
 20
65.79181
 30
0
 10
146.182
 20
65.79181
 30
0
 10
146.182
 20
65.79181
 30
0
 10
146.182
 20
65.79181
 30
0
 10
146.182
 20
67.56832
 30
0
 10
146.182
 20
67.56832
 30
0
 10
146.182
 20
67.56832
 30
0
 10
146.182
 20
67.56832
 30
0
 10
145.97869
 20
67.56832
 30
0
 10
145.97869
 20
67.56832
 30
0
 10
145.97869
 20
67.56832
 30
0
 10
145.97869
 20
67.56832
 30
0
 10
145.77535
 20
67.56832
 30
0
 10
145.77535
 20
67.56832
 30
0
 10
145.77535
 20
67.56832
 30
0
 10
145.77535
 20
67.56832
 30
0
 10
145.77535
 20
65.59915000000001
 30
0
 10
145.77535
 20
65.59915000000001
 30
0
 10
145.77535
 20
65.59915000000001
 30
0
 10
145.77535
 20
65.59915000000001
 30
0
 10
145.77535
 20
63.63001
 30
0
 10
145.77535
 20
63.63001
 30
0
 10
145.77535
 20
63.63001
 30
0
 10
145.77535
 20
63.63001
 30
0
 10
146.16631
 20
63.63001
 30
0
 10
146.16631
 20
63.63001
 30
0
 10
146.16631
 20
63.63001
 30
0
 10
146.16631
 20
63.63001
 30
0
 10
146.55727
 20
63.63001
 30
0
 10
146.55727
 20
63.63001
 30
0
 10
146.55727
 20
63.63001
 30
0
 10
146.55727
 20
63.63001
 30
0
 10
147.04624
 20
65.28346000000001
 30
0
 10
147.04624
 20
65.28346000000001
 30
0
  0
SPLINE
  5
19A
100
AcDbEntity
  8
layer 1
  6
CONTINUOUS
 62
    1
370
    5
100
AcDbSpline
210
0
220
0
230
0
 70
    8
 71
    3
 72
   16
 73
   12
 74
    0
 42
1e-07
 43
1e-07
 40
0
 40
0
 40
0
 40
0
 40
0.25
 40
0.25
 40
0.25
 40
0.25
 40
0.5
 40
0.5
 40
0.5
 40
0.5
 40
1
 40
1
 40
1
 40
1
 10
147.04624
 20
65.28346000000001
 30
0
 10
147.31519
 20
66.19284999999999
 30
0
 10
147.54193
 20
66.9442
 30
0
 10
147.55018
 20
66.95313999999999
 30
0
 10
147.55018
 20
66.95313999999999
 30
0
 10
147.55837
 20
66.96208
 30
0
 10
147.77092
 20
66.27823000000001
 30
0
 10
148.02247
 20
65.43348999999999
 30
0
 10
148.02247
 20
65.43348999999999
 30
0
 10
148.27402
 20
64.58872
 30
0
 10
148.49785
 20
63.83736999999999
 30
0
 10
148.51984
 20
63.76380999999999
 30
0
  0
SPLINE
  5
19B
100
AcDbEntity
  8
layer 1
  6
CONTINUOUS
 62
    1
370
    5
100
AcDbSpline
210
0
220
0
230
0
 70
    8
 71
    3
 72
   36
 73
   32
 74
    0
 42
1e-07
 43
1e-07
 40
0
 40
0
 40
0
 40
0
 40
0.1111111
 40
0.1111111
 40
0.1111111
 40
0.1111111
 40
0.2222222
 40
0.2222222
 40
0.2222222
 40
0.2222222
 40
0.3333333
 40
0.3333333
 40
0.3333333
 40
0.3333333
 40
0.4444444
 40
0.4444444
 40
0.4444444
 40
0.4444444
 40
0.5555555999999999
 40
0.5555555999999999
 40
0.5555555999999999
 40
0.5555555999999999
 40
0.6666666999999999
 40
0.6666666999999999
 40
0.6666666999999999
 40
0.6666666999999999
 40
0.7777778
 40
0.7777778
 40
0.7777778
 40
0.7777778
 40
1
 40
1
 40
1
 40
1
 10
148.51984
 20
63.76380999999999
 30
0
 10
148.51984
 20
63.76380999999999
 30
0
 10
148.55983
 20
63.63001
 30
0
 10
148.55983
 20
63.63001
 30
0
 10
148.55983
 20
63.63001
 30
0
 10
148.55983
 20
63.63001
 30
0
 10
148.9441
 20
63.63001
 30
0
 10
148.9441
 20
63.63001
 30
0
 10
148.9441
 20
63.63001
 30
0
 10
148.9441
 20
63.63001
 30
0
 10
149.32834
 20
63.63001
 30
0
 10
149.32834
 20
63.63001
 30
0
 10
149.32834
 20
63.63001
 30
0
 10
149.32834
 20
63.63001
 30
0
 10
149.32834
 20
65.59915000000001
 30
0
 10
149.32834
 20
65.59915000000001
 30
0
 10
149.32834
 20
65.59915000000001
 30
0
 10
149.32834
 20
65.59915000000001
 30
0
 10
149.32834
 20
67.56828999999999
 30
0
 10
149.32834
 20
67.56828999999999
 30
0
 10
149.32834
 20
67.56828999999999
 30
0
 10
149.32834
 20
67.56828999999999
 30
0
 10
149.125
 20
67.56828999999999
 30
0
 10
149.125
 20
67.56828999999999
 30
0
 10
149.125
 20
67.56828999999999
 30
0
 10
149.125
 20
67.56828999999999
 30
0
 10
148.92166
 20
67.56828999999999
 30
0
 10
148.92166
 20
67.56828999999999
 30
0
 10
148.92166
 20
67.56828999999999
 30
0
 10
148.92166
 20
67.56828999999999
 30
0
 10
148.92166
 20
65.79177999999999
 30
0
 10
148.92166
 20
65.79177999999999
 30
0
  0
SPLINE
  5
19C
100
AcDbEntity
  8
layer 1
  6
CONTINUOUS
 62
    1
370
    5
100
AcDbSpline
210
0
220
0
230
0
 70
    8
 71
    3
 72
   16
 73
   12
 74
    0
 42
1e-07
 43
1e-07
 40
0
 40
0
 40
0
 40
0
 40
0.25
 40
0.25
 40
0.25
 40
0.25
 40
0.5
 40
0.5
 40
0.5
 40
0.5
 40
1
 40
1
 40
1
 40
1
 10
148.92166
 20
65.79177999999999
 30
0
 10
148.92166
 20
64.05436
 30
0
 10
148.92064
 20
64.0153
 30
0
 10
148.88059
 20
64.0153
 30
0
 10
148.88059
 20
64.0153
 30
0
 10
148.82989
 20
64.0153
 30
0
 10
148.87498
 20
63.87523
 30
0
 10
148.33294
 20
65.71687
 30
0
 10
148.33294
 20
65.71687
 30
0
 10
148.09042
 20
66.54091
 30
0
 10
147.8773
 20
67.26088
 30
0
 10
147.85933
 20
67.3168
 30
0
  0
SPLINE
  5
19D
100
AcDbEntity
  8
layer 1
  6
CONTINUOUS
 62
    1
370
    5
100
AcDbSpline
210
0
220
0
230
0
 70
    8
 71
    3
 72
   52
 73
   48
 74
    0
 42
1e-07
 43
1e-07
 40
0
 40
0
 40
0
 40
0
 40
0.07692309999999999
 40
0.07692309999999999
 40
0.07692309999999999
 40
0.07692309999999999
 40
0.1538462
 40
0.1538462
 40
0.1538462
 40
0.1538462
 40
0.2307692
 40
0.2307692
 40
0.2307692
 40
0.2307692
 40
0.3076923
 40
0.3076923
 40
0.3076923
 40
0.3076923
 40
0.3846154
 40
0.3846154
 40
0.3846154
 40
0.3846154
 40
0.4615385
 40
0.4615385
 40
0.4615385
 40
0.4615385
 40
0.5384614999999999
 40
0.5384614999999999
 40
0.5384614999999999
 40
0.5384614999999999
 40
0.6153845999999999
 40
0.6153845999999999
 40
0.6153845999999999
 40
0.6153845999999999
 40
0.6923077
 40
0.6923077
 40
0.6923077
 40
0.6923077
 40
0.7692308
 40
0.7692308
 40
0.7692308
 40
0.7692308
 40
0.8461538
 40
0.8461538
 40
0.8461538
 40
0.8461538
 40
1
 40
1
 40
1
 40
1
 10
153.8017
 20
65.44897
 30
0
 10
153.8017
 20
65.44897
 30
0
 10
153.8017
 20
64.53949
 30
0
 10
153.8017
 20
64.53949
 30
0
 10
153.8017
 20
64.53949
 30
0
 10
153.8017
 20
64.53949
 30
0
 10
153.8017
 20
63.63001
 30
0
 10
153.8017
 20
63.63001
 30
0
 10
153.8017
 20
63.63001
 30
0
 10
153.8017
 20
63.63001
 30
0
 10
153.58765
 20
63.63001
 30
0
 10
153.58765
 20
63.63001
 30
0
 10
153.58765
 20
63.63001
 30
0
 10
153.58765
 20
63.63001
 30
0
 10
153.37363
 20
63.63001
 30
0
 10
153.37363
 20
63.63001
 30
0
 10
153.37363
 20
63.63001
 30
0
 10
153.37363
 20
63.63001
 30
0
 10
153.37363
 20
65.59915000000001
 30
0
 10
153.37363
 20
65.59915000000001
 30
0
 10
153.37363
 20
65.59915000000001
 30
0
 10
153.37363
 20
65.59915000000001
 30
0
 10
153.37363
 20
65.59909
 30
0
 10
153.37363
 20
65.59909
 30
0
 10
153.37363
 20
65.59909
 30
0
 10
153.37363
 20
65.59909
 30
0
 10
153.37363
 20
67.56823
 30
0
 10
153.37363
 20
67.56823
 30
0
 10
153.37363
 20
67.56823
 30
0
 10
153.37363
 20
67.56823
 30
0
 10
153.58765
 20
67.56823
 30
0
 10
153.58765
 20
67.56823
 30
0
 10
153.58765
 20
67.56823
 30
0
 10
153.58765
 20
67.56823
 30
0
 10
153.8017
 20
67.56823
 30
0
 10
153.8017
 20
67.56823
 30
0
 10
153.8017
 20
67.56823
 30
0
 10
153.8017
 20
67.56823
 30
0
 10
153.8017
 20
66.7033
 30
0
 10
153.8017
 20
66.7033
 30
0
 10
153.8017
 20
66.7033
 30
0
 10
153.8017
 20
66.7033
 30
0
 10
153.8017
 20
65.83837
 30
0
 10
153.8017
 20
65.83837
 30
0
 10
153.8017
 20
65.83837
 30
0
 10
153.8017
 20
65.83837
 30
0
 10
153.97828
 20
65.82397
 30
0
 10
153.97828
 20
65.82397
 30
0
  0
SPLINE
  5
19E
100
AcDbEntity
  8
layer 1
  6
CONTINUOUS
 62
    1
370
    5
100
AcDbSpline
210
0
220
0
230
0
 70
    8
 71
    3
 72
    8
 73
    4
 74
    0
 42
1e-07
 43
1e-07
 40
0
 40
0
 40
0
 40
0
 40
1
 40
1
 40
1
 40
1
 10
153.97828
 20
65.82397
 30
0
 10
154.07539
 20
65.81593000000001
 30
0
 10
154.19779
 20
65.81274999999999
 30
0
 10
154.25029
 20
65.81668000000001
 30
0
  0
SPLINE
  5
19F
100
AcDbEntity
  8
layer 1
  6
CONTINUOUS
 62
    1
370
    5
100
AcDbSpline
210
0
220
0
230
0
 70
    8
 71
    3
 72
   20
 73
   16
 74
    0
 42
1e-07
 43
1e-07
 40
0
 40
0
 40
0
 40
0
 40
0.2
 40
0.2
 40
0.2
 40
0.2
 40
0.4
 40
0.4
 40
0.4
 40
0.4
 40
0.6
 40
0.6
 40
0.6
 40
0.6
 40
1
 40
1
 40
1
 40
1
 10
154.25029
 20
65.81668000000001
 30
0
 10
154.25029
 20
65.81668000000001
 30
0
 10
154.34572
 20
65.82382
 30
0
 10
154.34572
 20
65.82382
 30
0
 10
154.34572
 20
65.82382
 30
0
 10
154.34572
 20
65.82382
 30
0
 10
154.84714
 20
66.69601
 30
0
 10
154.84714
 20
66.69601
 30
0
 10
154.84714
 20
66.69601
 30
0
 10
154.84714
 20
66.69601
 30
0
 10
155.34859
 20
67.56819999999999
 30
0
 10
155.34859
 20
67.56819999999999
 30
0
 10
155.34859
 20
67.56819999999999
 30
0
 10
155.34859
 20
67.56819999999999
 30
0
 10
155.59183
 20
67.56819999999999
 30
0
 10
155.59183
 20
67.56819999999999
 30
0
  0
SPLINE
  5
1A0
100
AcDbEntity
  8
layer 1
  6
CONTINUOUS
 62
    1
370
    5
100
AcDbSpline
210
0
220
0
230
0
 70
    8
 71
    3
 72
   28
 73
   24
 74
    0
 42
1e-07
 43
1e-07
 40
0
 40
0
 40
0
 40
0
 40
0.1428571
 40
0.1428571
 40
0.1428571
 40
0.1428571
 40
0.2857143
 40
0.2857143
 40
0.2857143
 40
0.2857143
 40
0.4285714
 40
0.4285714
 40
0.4285714
 40
0.4285714
 40
0.5714286
 40
0.5714286
 40
0.5714286
 40
0.5714286
 40
0.7142856999999999
 40
0.7142856999999999
 40
0.7142856999999999
 40
0.7142856999999999
 40
1
 40
1
 40
1
 40
1
 10
155.59183
 20
67.56819999999999
 30
0
 10
155.72557
 20
67.56819999999999
 30
0
 10
155.83504
 20
67.56390999999999
 30
0
 10
155.83504
 20
67.55866
 30
0
 10
155.83504
 20
67.55866
 30
0
 10
155.83504
 20
67.55341
 30
0
 10
155.58853
 20
67.11364
 30
0
 10
155.28727
 20
66.58141000000001
 30
0
 10
155.28727
 20
66.58141000000001
 30
0
 10
154.98598
 20
66.04915
 30
0
 10
154.73518
 20
65.60244999999999
 30
0
 10
154.72993
 20
65.58874
 30
0
 10
154.72993
 20
65.58874
 30
0
 10
154.72465
 20
65.57499999999999
 30
0
 10
154.9567
 20
65.13181
 30
0
 10
155.24557
 20
64.60381
 30
0
 10
155.24557
 20
64.60381
 30
0
 10
155.53447
 20
64.07584
 30
0
 10
155.77081
 20
63.64041999999999
 30
0
 10
155.77081
 20
63.63621999999999
 30
0
 10
155.77081
 20
63.63621999999999
 30
0
 10
155.77081
 20
63.63211
 30
0
 10
155.65936
 20
63.63139
 30
0
 10
155.5231
 20
63.63469000000001
 30
0
  0
SPLINE
  5
1A1
100
AcDbEntity
  8
layer 1
  6
CONTINUOUS
 62
    1
370
    5
100
AcDbSpline
210
0
220
0
230
0
 70
    8
 71
    3
 72
    8
 73
    4
 74
    0
 42
1e-07
 43
1e-07
 40
0
 40
0
 40
0
 40
0
 40
1
 40
1
 40
1
 40
1
 10
155.5231
 20
63.63469000000001
 30
0
 10
155.5231
 20
63.63469000000001
 30
0
 10
155.27542
 20
63.64072
 30
0
 10
155.27542
 20
63.64072
 30
0
  0
SPLINE
  5
1A2
100
AcDbEntity
  8
layer 1
  6
CONTINUOUS
 62
    1
370
    5
100
AcDbSpline
210
0
220
0
230
0
 70
    8
 71
    3
 72
    8
 73
    4
 74
    0
 42
1e-07
 43
1e-07
 40
0
 40
0
 40
0
 40
0
 40
1
 40
1
 40
1
 40
1
 10
155.27542
 20
63.64072
 30
0
 10
154.96177
 20
64.23208
 30
0
 10
154.64812
 20
64.82341
 30
0
 10
154.33447
 20
65.41477
 30
0
  0
SPLINE
  5
1A3
100
AcDbEntity
  8
layer 1
  6
CONTINUOUS
 62
    1
370
    5
100
AcDbSpline
210
0
220
0
230
0
 70
    8
 71
    3
 72
   12
 73
    8
 74
    0
 42
1e-07
 43
1e-07
 40
0
 40
0
 40
0
 40
0
 40
0.3333333
 40
0.3333333
 40
0.3333333
 40
0.3333333
 40
1
 40
1
 40
1
 40
1
 10
154.33447
 20
65.41477
 30
0
 10
154.33447
 20
65.41477
 30
0
 10
154.0639
 20
65.43547
 30
0
 10
154.0639
 20
65.43547
 30
0
 10
154.0639
 20
65.43547
 30
0
 10
154.0639
 20
65.43547
 30
0
 10
153.8017
 20
65.44897
 30
0
 10
153.8017
 20
65.44897
 30
0
  0
SPLINE
  5
1A4
100
AcDbEntity
  8
layer 1
  6
CONTINUOUS
 62
    1
370
    5
100
AcDbSpline
210
0
220
0
230
0
 70
    8
 71
    3
 72
    8
 73
    4
 74
    0
 42
1e-07
 43
1e-07
 40
0
 40
0
 40
0
 40
0
 40
1
 40
1
 40
1
 40
1
 10
160.69084
 20
65.66418999999999
 30
0
 10
160.69084
 20
65.66418999999999
 30
0
 10
160.69084
 20
65.66413
 30
0
 10
160.69084
 20
65.66413
 30
0
  0
SPLINE
  5
1A5
100
AcDbEntity
  8
layer 1
  6
CONTINUOUS
 62
    1
370
    5
100
AcDbSpline
210
0
220
0
230
0
 70
    8
 71
    3
 72
   20
 73
   16
 74
    0
 42
1e-07
 43
1e-07
 40
0
 40
0
 40
0
 40
0
 40
0.2
 40
0.2
 40
0.2
 40
0.2
 40
0.4
 40
0.4
 40
0.4
 40
0.4
 40
0.6
 40
0.6
 40
0.6
 40
0.6
 40
1
 40
1
 40
1
 40
1
 10
160.69084
 20
65.66413
 30
0
 10
160.88479
 20
65.63617000000001
 30
0
 10
161.04478
 20
65.55193
 30
0
 10
161.13181
 20
65.43199
 30
0
 10
161.13181
 20
65.43199
 30
0
 10
161.24506
 20
65.27589999999999
 30
0
 10
161.2825
 20
65.11891
 30
0
 10
161.28073
 20
64.80721
 30
0
 10
161.28073
 20
64.80721
 30
0
 10
161.27869
 20
64.47199000000001
 30
0
 10
161.23441
 20
64.33564
 30
0
 10
161.07709
 20
64.18204
 30
0
 10
161.07709
 20
64.18204
 30
0
 10
160.9144
 20
64.02319
 30
0
 10
160.83097
 20
64.00615000000001
 30
0
 10
160.21207
 20
64.00530999999999
 30
0
  0
SPLINE
  5
1A6
100
AcDbEntity
  8
layer 1
  6
CONTINUOUS
 62
    1
370
    5
100
AcDbSpline
210
0
220
0
230
0
 70
    8
 71
    3
 72
   12
 73
    8
 74
    0
 42
1e-07
 43
1e-07
 40
0
 40
0
 40
0
 40
0
 40
0.3333333
 40
0.3333333
 40
0.3333333
 40
0.3333333
 40
1
 40
1
 40
1
 40
1
 10
160.21207
 20
64.00530999999999
 30
0
 10
160.21207
 20
64.00530999999999
 30
0
 10
159.69838
 20
64.00453
 30
0
 10
159.69838
 20
64.00453
 30
0
 10
159.69838
 20
64.00453
 30
0
 10
159.69838
 20
64.00453
 30
0
 10
159.69277
 20
64.81779999999999
 30
0
 10
159.69277
 20
64.81779999999999
 30
0
  0
SPLINE
  5
1A7
100
AcDbEntity
  8
layer 1
  6
CONTINUOUS
 62
    1
370
    5
100
AcDbSpline
210
0
220
0
230
0
 70
    8
 71
    3
 72
   12
 73
    8
 74
    0
 42
1e-07
 43
1e-07
 40
0
 40
0
 40
0
 40
0
 40
0.3333333
 40
0.3333333
 40
0.3333333
 40
0.3333333
 40
1
 40
1
 40
1
 40
1
 10
159.69277
 20
64.81779999999999
 30
0
 10
159.68968
 20
65.26509999999999
 30
0
 10
159.69175
 20
65.64313
 30
0
 10
159.69745
 20
65.65788999999999
 30
0
 10
159.69745
 20
65.65788999999999
 30
0
 10
159.70996
 20
65.69053
 30
0
 10
160.47508
 20
65.69533
 30
0
 10
160.69084
 20
65.66413
 30
0
  0
SPLINE
  5
1A8
100
AcDbEntity
  8
layer 1
  6
CONTINUOUS
 62
    1
370
    5
100
AcDbSpline
210
0
220
0
230
0
 70
    8
 71
    3
 72
    8
 73
    4
 74
    0
 42
1e-07
 43
1e-07
 40
0
 40
0
 40
0
 40
0
 40
1
 40
1
 40
1
 40
1
 10
160.69084
 20
65.66413
 30
0
 10
160.69084
 20
65.66413
 30
0
 10
160.69084
 20
65.66418999999999
 30
0
 10
160.69084
 20
65.66418999999999
 30
0
  0
SPLINE
  5
1A9
100
AcDbEntity
  8
layer 1
  6
CONTINUOUS
 62
    1
370
    5
100
AcDbSpline
210
0
220
0
230
0
 70
    8
 71
    3
 72
   12
 73
    8
 74
    0
 42
1e-07
 43
1e-07
 40
0
 40
0
 40
0
 40
0
 40
0.3333333
 40
0.3333333
 40
0.3333333
 40
0.3333333
 40
1
 40
1
 40
1
 40
1
 10
152.31013
 20
67.3021
 30
0
 10
152.31013
 20
67.3021
 30
0
 10
152.38045
 20
67.56424
 30
0
 10
152.38045
 20
67.56424
 30
0
 10
152.38045
 20
67.56424
 30
0
 10
152.38045
 20
67.56424
 30
0
 10
152.60125
 20
67.5643
 30
0
 10
152.60125
 20
67.5643
 30
0
  0
SPLINE
  5
1AA
100
AcDbEntity
  8
layer 1
  6
CONTINUOUS
 62
    1
370
    5
100
AcDbSpline
210
0
220
0
230
0
 70
    8
 71
    3
 72
   24
 73
   20
 74
    0
 42
1e-07
 43
1e-07
 40
0
 40
0
 40
0
 40
0
 40
0.1666667
 40
0.1666667
 40
0.1666667
 40
0.1666667
 40
0.3333333
 40
0.3333333
 40
0.3333333
 40
0.3333333
 40
0.5
 40
0.5
 40
0.5
 40
0.5
 40
0.6666666999999999
 40
0.6666666999999999
 40
0.6666666999999999
 40
0.6666666999999999
 40
1
 40
1
 40
1
 40
1
 10
152.60125
 20
67.5643
 30
0
 10
152.80147
 20
67.56436000000001
 30
0
 10
152.82109
 20
67.56085
 30
0
 10
152.81125
 20
67.52691999999999
 30
0
 10
152.81125
 20
67.52691999999999
 30
0
 10
152.78815
 20
67.44732999999999
 30
0
 10
151.81324
 20
63.64743999999999
 30
0
 10
151.81324
 20
63.63706000000001
 30
0
 10
151.81324
 20
63.63706000000001
 30
0
 10
151.81324
 20
63.63103
 30
0
 10
151.61644
 20
63.62611000000001
 30
0
 10
151.3759
 20
63.62611000000001
 30
0
 10
151.3759
 20
63.62611000000001
 30
0
 10
150.97801
 20
63.62611000000001
 30
0
 10
150.93754
 20
63.62947
 30
0
 10
150.92716
 20
63.66355
 30
0
 10
150.92716
 20
63.66355
 30
0
 10
150.89227
 20
63.77788000000001
 30
0
 10
149.92972
 20
67.51915
 30
0
 10
149.92972
 20
67.54039
 30
0
  0
SPLINE
  5
1AB
100
AcDbEntity
  8
layer 1
  6
CONTINUOUS
 62
    1
370
    5
100
AcDbSpline
210
0
220
0
230
0
 70
    8
 71
    3
 72
    8
 73
    4
 74
    0
 42
1e-07
 43
1e-07
 40
0
 40
0
 40
0
 40
0
 40
1
 40
1
 40
1
 40
1
 10
149.92972
 20
67.54039
 30
0
 10
149.92972
 20
67.55875
 30
0
 10
149.99008
 20
67.56415
 30
0
 10
150.1477
 20
67.55974000000001
 30
0
  0
SPLINE
  5
1AC
100
AcDbEntity
  8
layer 1
  6
CONTINUOUS
 62
    1
370
    5
100
AcDbSpline
210
0
220
0
230
0
 70
    8
 71
    3
 72
   12
 73
    8
 74
    0
 42
1e-07
 43
1e-07
 40
0
 40
0
 40
0
 40
0
 40
0.3333333
 40
0.3333333
 40
0.3333333
 40
0.3333333
 40
1
 40
1
 40
1
 40
1
 10
150.1477
 20
67.55974000000001
 30
0
 10
150.1477
 20
67.55974000000001
 30
0
 10
150.36565
 20
67.55365
 30
0
 10
150.36565
 20
67.55365
 30
0
 10
150.36565
 20
67.55365
 30
0
 10
150.36565
 20
67.55365
 30
0
 10
150.47974
 20
67.13629
 30
0
 10
150.47974
 20
67.13629
 30
0
  0
SPLINE
  5
1AD
100
AcDbEntity
  8
layer 1
  6
CONTINUOUS
 62
    1
370
    5
100
AcDbSpline
210
0
220
0
230
0
 70
    8
 71
    3
 72
    8
 73
    4
 74
    0
 42
1e-07
 43
1e-07
 40
0
 40
0
 40
0
 40
0
 40
1
 40
1
 40
1
 40
1
 10
150.47974
 20
67.13629
 30
0
 10
150.54247
 20
66.90673
 30
0
 10
150.60367
 20
66.68280999999999
 30
0
 10
150.61576
 20
66.63865
 30
0
  0
SPLINE
  5
1AE
100
AcDbEntity
  8
layer 1
  6
CONTINUOUS
 62
    1
370
    5
100
AcDbSpline
210
0
220
0
230
0
 70
    8
 71
    3
 72
   20
 73
   16
 74
    0
 42
1e-07
 43
1e-07
 40
0
 40
0
 40
0
 40
0
 40
0.2
 40
0.2
 40
0.2
 40
0.2
 40
0.4
 40
0.4
 40
0.4
 40
0.4
 40
0.6
 40
0.6
 40
0.6
 40
0.6
 40
1
 40
1
 40
1
 40
1
 10
150.61576
 20
66.63865
 30
0
 10
150.61576
 20
66.63865
 30
0
 10
150.63769
 20
66.55840000000001
 30
0
 10
150.63769
 20
66.55840000000001
 30
0
 10
150.63769
 20
66.55840000000001
 30
0
 10
150.63769
 20
66.55840000000001
 30
0
 10
151.37263
 20
66.55840000000001
 30
0
 10
151.37263
 20
66.55840000000001
 30
0
 10
151.37263
 20
66.55840000000001
 30
0
 10
151.37263
 20
66.55840000000001
 30
0
 10
152.10754
 20
66.55840000000001
 30
0
 10
152.10754
 20
66.55840000000001
 30
0
 10
152.10754
 20
66.55840000000001
 30
0
 10
152.10754
 20
66.55840000000001
 30
0
 10
152.17366
 20
66.79917999999999
 30
0
 10
152.17366
 20
66.79917999999999
 30
0
  0
SPLINE
  5
1AF
100
AcDbEntity
  8
layer 1
  6
CONTINUOUS
 62
    1
370
    5
100
AcDbSpline
210
0
220
0
230
0
 70
    8
 71
    3
 72
    8
 73
    4
 74
    0
 42
1e-07
 43
1e-07
 40
0
 40
0
 40
0
 40
0
 40
1
 40
1
 40
1
 40
1
 10
152.17366
 20
66.79917999999999
 30
0
 10
152.21005
 20
66.9316
 30
0
 10
152.27143
 20
67.15792
 30
0
 10
152.31013
 20
67.3021
 30
0
  0
SPLINE
  5
1B0
100
AcDbEntity
  8
layer 1
  6
CONTINUOUS
 62
    1
370
    5
100
AcDbSpline
210
0
220
0
230
0
 70
    8
 71
    3
 72
    8
 73
    4
 74
    0
 42
1e-07
 43
1e-07
 40
0
 40
0
 40
0
 40
0
 40
1
 40
1
 40
1
 40
1
 10
162.41956
 20
64.81492
 30
0
 10
162.41206
 20
64.76031999999999
 30
0
 10
162.40594
 20
64.46656
 30
0
 10
162.40594
 20
64.16212
 30
0
  0
SPLINE
  5
1B1
100
AcDbEntity
  8
layer 1
  6
CONTINUOUS
 62
    1
370
    5
100
AcDbSpline
210
0
220
0
230
0
 70
    8
 71
    3
 72
   20
 73
   16
 74
    0
 42
1e-07
 43
1e-07
 40
0
 40
0
 40
0
 40
0
 40
0.2
 40
0.2
 40
0.2
 40
0.2
 40
0.4
 40
0.4
 40
0.4
 40
0.4
 40
0.6
 40
0.6
 40
0.6
 40
0.6
 40
1
 40
1
 40
1
 40
1
 10
162.40594
 20
64.16212
 30
0
 10
162.40594
 20
64.16212
 30
0
 10
162.40594
 20
63.60862
 30
0
 10
162.40594
 20
63.60862
 30
0
 10
162.40594
 20
63.60862
 30
0
 10
162.40594
 20
63.60862
 30
0
 10
162.61267
 20
63.60862
 30
0
 10
162.61267
 20
63.60862
 30
0
 10
162.61267
 20
63.60862
 30
0
 10
162.61267
 20
63.60862
 30
0
 10
162.8194
 20
63.60862
 30
0
 10
162.8194
 20
63.60862
 30
0
 10
162.8194
 20
63.60862
 30
0
 10
162.8194
 20
63.60862
 30
0
 10
162.80536
 20
64.00993
 30
0
 10
162.80536
 20
64.00993
 30
0
  0
SPLINE
  5
1B2
100
AcDbEntity
  8
layer 1
  6
CONTINUOUS
 62
    1
370
    5
100
AcDbSpline
210
0
220
0
230
0
 70
    8
 71
    3
 72
    8
 73
    4
 74
    0
 42
1e-07
 43
1e-07
 40
0
 40
0
 40
0
 40
0
 40
1
 40
1
 40
1
 40
1
 10
162.80536
 20
64.00993
 30
0
 10
162.79765
 20
64.23067
 30
0
 10
162.79129
 20
64.52443
 30
0
 10
162.79129
 20
64.66273000000001
 30
0
  0
SPLINE
  5
1B3
100
AcDbEntity
  8
layer 1
  6
CONTINUOUS
 62
    1
370
    5
100
AcDbSpline
210
0
220
0
230
0
 70
    8
 71
    3
 72
   24
 73
   20
 74
    0
 42
1e-07
 43
1e-07
 40
0
 40
0
 40
0
 40
0
 40
0.1666667
 40
0.1666667
 40
0.1666667
 40
0.1666667
 40
0.3333333
 40
0.3333333
 40
0.3333333
 40
0.3333333
 40
0.5
 40
0.5
 40
0.5
 40
0.5
 40
0.6666666999999999
 40
0.6666666999999999
 40
0.6666666999999999
 40
0.6666666999999999
 40
1
 40
1
 40
1
 40
1
 10
162.79129
 20
64.66273000000001
 30
0
 10
162.79129
 20
64.66273000000001
 30
0
 10
162.79129
 20
64.91425
 30
0
 10
162.79129
 20
64.91425
 30
0
 10
162.79129
 20
64.91425
 30
0
 10
162.79129
 20
64.91425
 30
0
 10
162.61225
 20
64.91425
 30
0
 10
162.61225
 20
64.91425
 30
0
 10
162.61225
 20
64.91425
 30
0
 10
162.61225
 20
64.91425
 30
0
 10
162.43324
 20
64.91425
 30
0
 10
162.43324
 20
64.91425
 30
0
 10
162.43324
 20
64.91425
 30
0
 10
162.43324
 20
64.91425
 30
0
 10
162.41962
 20
64.81492
 30
0
 10
162.41962
 20
64.81492
 30
0
 10
162.41962
 20
64.81492
 30
0
 10
162.41962
 20
64.81492
 30
0
 10
162.41956
 20
64.81492
 30
0
 10
162.41956
 20
64.81492
 30
0
  0
SPLINE
  5
1B4
100
AcDbEntity
  8
layer 1
  6
CONTINUOUS
 62
    1
370
    5
100
AcDbSpline
210
0
220
0
230
0
 70
    8
 71
    3
 72
    8
 73
    4
 74
    0
 42
1e-07
 43
1e-07
 40
0
 40
0
 40
0
 40
0
 40
1
 40
1
 40
1
 40
1
 10
166.91848
 20
62.66146000000001
 30
0
 10
166.90915
 20
62.64676
 30
0
 10
166.90138
 20
62.78164
 30
0
 10
166.9012
 20
62.96115999999999
 30
0
  0
SPLINE
  5
1B5
100
AcDbEntity
  8
layer 1
  6
CONTINUOUS
 62
    1
370
    5
100
AcDbSpline
210
0
220
0
230
0
 70
    8
 71
    3
 72
   36
 73
   32
 74
    0
 42
1e-07
 43
1e-07
 40
0
 40
0
 40
0
 40
0
 40
0.1111111
 40
0.1111111
 40
0.1111111
 40
0.1111111
 40
0.2222222
 40
0.2222222
 40
0.2222222
 40
0.2222222
 40
0.3333333
 40
0.3333333
 40
0.3333333
 40
0.3333333
 40
0.4444444
 40
0.4444444
 40
0.4444444
 40
0.4444444
 40
0.5555555999999999
 40
0.5555555999999999
 40
0.5555555999999999
 40
0.5555555999999999
 40
0.6666666999999999
 40
0.6666666999999999
 40
0.6666666999999999
 40
0.6666666999999999
 40
0.7777778
 40
0.7777778
 40
0.7777778
 40
0.7777778
 40
1
 40
1
 40
1
 40
1
 10
166.9012
 20
62.96115999999999
 30
0
 10
166.9012
 20
62.96115999999999
 30
0
 10
166.90093
 20
63.28756
 30
0
 10
166.90093
 20
63.28756
 30
0
 10
166.90093
 20
63.28756
 30
0
 10
166.90093
 20
63.28756
 30
0
 10
166.81531
 20
63.28756
 30
0
 10
166.81531
 20
63.28756
 30
0
 10
166.81531
 20
63.28756
 30
0
 10
166.81531
 20
63.28756
 30
0
 10
166.72972
 20
63.28756
 30
0
 10
166.72972
 20
63.28756
 30
0
 10
166.72972
 20
63.28756
 30
0
 10
166.72972
 20
63.28756
 30
0
 10
166.72945
 20
62.8156
 30
0
 10
166.72945
 20
62.8156
 30
0
 10
166.72945
 20
62.8156
 30
0
 10
166.72945
 20
62.8156
 30
0
 10
166.72945
 20
62.34367
 30
0
 10
166.72945
 20
62.34367
 30
0
 10
166.72945
 20
62.34367
 30
0
 10
166.72945
 20
62.34367
 30
0
 10
166.85224
 20
62.35008999999999
 30
0
 10
166.85224
 20
62.35008999999999
 30
0
 10
166.85224
 20
62.35008999999999
 30
0
 10
166.85224
 20
62.35008999999999
 30
0
 10
166.975
 20
62.35651
 30
0
 10
166.975
 20
62.35651
 30
0
 10
166.975
 20
62.35651
 30
0
 10
166.975
 20
62.35651
 30
0
 10
167.07073
 20
62.66152
 30
0
 10
167.07073
 20
62.66152
 30
0
  0
SPLINE
  5
1B6
100
AcDbEntity
  8
layer 1
  6
CONTINUOUS
 62
    1
370
    5
100
AcDbSpline
210
0
220
0
230
0
 70
    8
 71
    3
 72
   12
 73
    8
 74
    0
 42
1e-07
 43
1e-07
 40
0
 40
0
 40
0
 40
0
 40
0.3333333
 40
0.3333333
 40
0.3333333
 40
0.3333333
 40
1
 40
1
 40
1
 40
1
 10
167.07073
 20
62.66152
 30
0
 10
167.12338
 20
62.82928
 30
0
 10
167.17192
 20
62.9665
 30
0
 10
167.17861
 20
62.9665
 30
0
 10
167.17861
 20
62.9665
 30
0
 10
167.18527
 20
62.9665
 30
0
 10
167.23693
 20
62.82684999999999
 30
0
 10
167.29336
 20
62.65617999999999
 30
0
  0
SPLINE
  5
1B7
100
AcDbEntity
  8
layer 1
  6
CONTINUOUS
 62
    1
370
    5
100
AcDbSpline
210
0
220
0
230
0
 70
    8
 71
    3
 72
   60
 73
   56
 74
    0
 42
1e-07
 43
1e-07
 40
0
 40
0
 40
0
 40
0
 40
0.0666667
 40
0.0666667
 40
0.0666667
 40
0.0666667
 40
0.1333333
 40
0.1333333
 40
0.1333333
 40
0.1333333
 40
0.2
 40
0.2
 40
0.2
 40
0.2
 40
0.2666667
 40
0.2666667
 40
0.2666667
 40
0.2666667
 40
0.3333333
 40
0.3333333
 40
0.3333333
 40
0.3333333
 40
0.4
 40
0.4
 40
0.4
 40
0.4
 40
0.4666667
 40
0.4666667
 40
0.4666667
 40
0.4666667
 40
0.5333333
 40
0.5333333
 40
0.5333333
 40
0.5333333
 40
0.6
 40
0.6
 40
0.6
 40
0.6
 40
0.6666666999999999
 40
0.6666666999999999
 40
0.6666666999999999
 40
0.6666666999999999
 40
0.7333333
 40
0.7333333
 40
0.7333333
 40
0.7333333
 40
0.7999999999999999
 40
0.7999999999999999
 40
0.7999999999999999
 40
0.7999999999999999
 40
0.8666667
 40
0.8666667
 40
0.8666667
 40
0.8666667
 40
1
 40
1
 40
1
 40
1
 10
167.29336
 20
62.65617999999999
 30
0
 10
167.29336
 20
62.65617999999999
 30
0
 10
167.39599
 20
62.3458
 30
0
 10
167.39599
 20
62.3458
 30
0
 10
167.39599
 20
62.3458
 30
0
 10
167.39599
 20
62.3458
 30
0
 10
167.51221
 20
62.3458
 30
0
 10
167.51221
 20
62.3458
 30
0
 10
167.51221
 20
62.3458
 30
0
 10
167.51221
 20
62.3458
 30
0
 10
167.62843
 20
62.3458
 30
0
 10
167.62843
 20
62.3458
 30
0
 10
167.62843
 20
62.3458
 30
0
 10
167.62843
 20
62.3458
 30
0
 10
167.62843
 20
62.81668000000001
 30
0
 10
167.62843
 20
62.81668000000001
 30
0
 10
167.62843
 20
62.81668000000001
 30
0
 10
167.62843
 20
62.81668000000001
 30
0
 10
167.62843
 20
63.28756
 30
0
 10
167.62843
 20
63.28756
 30
0
 10
167.62843
 20
63.28756
 30
0
 10
167.62843
 20
63.28756
 30
0
 10
167.54281
 20
63.28756
 30
0
 10
167.54281
 20
63.28756
 30
0
 10
167.54281
 20
63.28756
 30
0
 10
167.54281
 20
63.28756
 30
0
 10
167.45719
 20
63.28756
 30
0
 10
167.45719
 20
63.28756
 30
0
 10
167.45719
 20
63.28756
 30
0
 10
167.45719
 20
63.28756
 30
0
 10
167.45491
 20
62.96115999999999
 30
0
 10
167.45491
 20
62.96115999999999
 30
0
 10
167.45491
 20
62.96115999999999
 30
0
 10
167.45491
 20
62.96115999999999
 30
0
 10
167.45263
 20
62.63476
 30
0
 10
167.45263
 20
62.63476
 30
0
 10
167.45263
 20
62.63476
 30
0
 10
167.45263
 20
62.63476
 30
0
 10
167.35423
 20
62.93977000000001
 30
0
 10
167.35423
 20
62.93977000000001
 30
0
 10
167.35423
 20
62.93977000000001
 30
0
 10
167.35423
 20
62.93977000000001
 30
0
 10
167.2558
 20
63.24477999999999
 30
0
 10
167.2558
 20
63.24477999999999
 30
0
 10
167.2558
 20
63.24477999999999
 30
0
 10
167.2558
 20
63.24477999999999
 30
0
 10
167.18002
 20
63.24466000000001
 30
0
 10
167.18002
 20
63.24466000000001
 30
0
 10
167.18002
 20
63.24466000000001
 30
0
 10
167.18002
 20
63.24466000000001
 30
0
 10
167.10421
 20
63.24454
 30
0
 10
167.10421
 20
63.24454
 30
0
 10
167.10421
 20
63.24454
 30
0
 10
167.10421
 20
63.24454
 30
0
 10
167.01982
 20
62.96635000000001
 30
0
 10
167.01982
 20
62.96635000000001
 30
0
  0
SPLINE
  5
1B8
100
AcDbEntity
  8
layer 1
  6
CONTINUOUS
 62
    1
370
    5
100
AcDbSpline
210
0
220
0
230
0
 70
    8
 71
    3
 72
    8
 73
    4
 74
    0
 42
1e-07
 43
1e-07
 40
0
 40
0
 40
0
 40
0
 40
1
 40
1
 40
1
 40
1
 10
167.01982
 20
62.96635000000001
 30
0
 10
166.97341
 20
62.81335
 30
0
 10
166.92781
 20
62.67613
 30
0
 10
166.91848
 20
62.66146000000001
 30
0
  0
SPLINE
  5
1B9
100
AcDbEntity
  8
layer 1
  6
CONTINUOUS
 62
    1
370
    5
100
AcDbSpline
210
0
220
0
230
0
 70
   11
 71
    3
 72
   24
 73
   20
 74
    0
 42
1e-07
 43
1e-07
 40
0
 40
0
 40
0
 40
0
 40
0.1666667
 40
0.1666667
 40
0.1666667
 40
0.1666667
 40
0.3333333
 40
0.3333333
 40
0.3333333
 40
0.3333333
 40
0.5
 40
0.5
 40
0.5
 40
0.5
 40
0.6666666999999999
 40
0.6666666999999999
 40
0.6666666999999999
 40
0.6666666999999999
 40
1
 40
1
 40
1
 40
1
 10
134.94286
 20
74.85066999999999
 30
0
 10
134.91664
 20
74.91961000000001
 30
0
 10
134.82418
 20
74.92795000000001
 30
0
 10
134.79019
 20
74.86447
 30
0
 10
134.79019
 20
74.86447
 30
0
 10
134.7556
 20
74.79982
 30
0
 10
134.75911
 20
71.40724
 30
0
 10
134.79379
 20
71.37255999999999
 30
0
 10
134.79379
 20
71.37255999999999
 30
0
 10
134.83441
 20
71.33194
 30
0
 10
134.89276
 20
71.34148
 30
0
 10
134.93017
 20
71.39488
 30
0
 10
134.93017
 20
71.39488
 30
0
 10
134.96023
 20
71.43781
 30
0
 10
134.96416
 20
71.63785
 30
0
 10
134.96416
 20
73.11904
 30
0
 10
134.96416
 20
73.11904
 30
0
 10
134.96416
 20
74.15491
 30
0
 10
134.95603
 20
74.81604999999999
 30
0
 10
134.94286
 20
74.85066999999999
 30
0
  0
SPLINE
  5
1BA
100
AcDbEntity
  8
layer 1
  6
CONTINUOUS
 62
    1
370
    5
100
AcDbSpline
210
0
220
0
230
0
 70
    8
 71
    3
 72
   28
 73
   24
 74
    0
 42
1e-07
 43
1e-07
 40
0
 40
0
 40
0
 40
0
 40
0.1428571
 40
0.1428571
 40
0.1428571
 40
0.1428571
 40
0.2857143
 40
0.2857143
 40
0.2857143
 40
0.2857143
 40
0.4285714
 40
0.4285714
 40
0.4285714
 40
0.4285714
 40
0.5714286
 40
0.5714286
 40
0.5714286
 40
0.5714286
 40
0.7142856999999999
 40
0.7142856999999999
 40
0.7142856999999999
 40
0.7142856999999999
 40
1
 40
1
 40
1
 40
1
 10
129.64309
 20
76.63279
 30
0
 10
129.56815
 20
76.60249
 30
0
 10
129.46069
 20
76.45488999999999
 30
0
 10
129.42511
 20
76.33333
 30
0
 10
129.42511
 20
76.33333
 30
0
 10
129.39709
 20
76.23763
 30
0
 10
129.39553
 20
76.17139
 30
0
 10
129.41503
 20
75.90738999999999
 30
0
 10
129.41503
 20
75.90738999999999
 30
0
 10
129.42775
 20
75.73545999999999
 30
0
 10
129.4576
 20
75.24091
 30
0
 10
129.48139
 20
74.80843
 30
0
 10
129.48139
 20
74.80843
 30
0
 10
129.53089
 20
73.9084
 30
0
 10
129.54124
 20
73.78213
 30
0
 10
129.57202
 20
73.70215
 30
0
 10
129.57202
 20
73.70215
 30
0
 10
129.59491
 20
73.64265999999999
 30
0
 10
129.56113
 20
73.54489
 30
0
 10
129.48937
 20
73.46275
 30
0
 10
129.48937
 20
73.46275
 30
0
 10
129.4477
 20
73.41511
 30
0
 10
129.48883
 20
73.38169000000001
 30
0
 10
129.61582
 20
73.36
 30
0
  0
SPLINE
  5
1BB
100
AcDbEntity
  8
layer 1
  6
CONTINUOUS
 62
    1
370
    5
100
AcDbSpline
210
0
220
0
230
0
 70
    8
 71
    3
 72
   12
 73
    8
 74
    0
 42
1e-07
 43
1e-07
 40
0
 40
0
 40
0
 40
0
 40
0.3333333
 40
0.3333333
 40
0.3333333
 40
0.3333333
 40
1
 40
1
 40
1
 40
1
 10
129.61582
 20
73.36
 30
0
 10
129.61582
 20
73.36
 30
0
 10
129.71098
 20
73.34374
 30
0
 10
129.71098
 20
73.34374
 30
0
 10
129.71098
 20
73.34374
 30
0
 10
129.71098
 20
73.34374
 30
0
 10
129.71653
 20
71.20833999999999
 30
0
 10
129.71653
 20
71.20833999999999
 30
0
  0
SPLINE
  5
1BC
100
AcDbEntity
  8
layer 1
  6
CONTINUOUS
 62
    1
370
    5
100
AcDbSpline
210
0
220
0
230
0
 70
    8
 71
    3
 72
   16
 73
   12
 74
    0
 42
1e-07
 43
1e-07
 40
0
 40
0
 40
0
 40
0
 40
0.25
 40
0.25
 40
0.25
 40
0.25
 40
0.5
 40
0.5
 40
0.5
 40
0.5
 40
1
 40
1
 40
1
 40
1
 10
129.71653
 20
71.20833999999999
 30
0
 10
129.72148
 20
69.30712
 30
0
 10
129.71836
 20
69.06568
 30
0
 10
129.68794
 20
69.00688
 30
0
 10
129.68794
 20
69.00688
 30
0
 10
129.65905
 20
68.95095999999999
 30
0
 10
129.65746
 20
68.91507999999999
 30
0
 10
129.67762
 20
68.77294000000001
 30
0
 10
129.67762
 20
68.77294000000001
 30
0
 10
129.71686
 20
68.49637
 30
0
 10
129.71182
 20
68.50677999999999
 30
0
 10
129.80647
 20
68.50677999999999
 30
0
  0
SPLINE
  5
1BD
100
AcDbEntity
  8
layer 1
  6
CONTINUOUS
 62
    1
370
    5
100
AcDbSpline
210
0
220
0
230
0
 70
    8
 71
    3
 72
   12
 73
    8
 74
    0
 42
1e-07
 43
1e-07
 40
0
 40
0
 40
0
 40
0
 40
0.3333333
 40
0.3333333
 40
0.3333333
 40
0.3333333
 40
1
 40
1
 40
1
 40
1
 10
129.80647
 20
68.50677999999999
 30
0
 10
129.80647
 20
68.50677999999999
 30
0
 10
129.89017
 20
68.50677999999999
 30
0
 10
129.89017
 20
68.50677999999999
 30
0
 10
129.89017
 20
68.50677999999999
 30
0
 10
129.89017
 20
68.50677999999999
 30
0
 10
129.91732
 20
68.73063999999999
 30
0
 10
129.91732
 20
68.73063999999999
 30
0
  0
SPLINE
  5
1BE
100
AcDbEntity
  8
layer 1
  6
CONTINUOUS
 62
    1
370
    5
100
AcDbSpline
210
0
220
0
230
0
 70
    8
 71
    3
 72
   12
 73
    8
 74
    0
 42
1e-07
 43
1e-07
 40
0
 40
0
 40
0
 40
0
 40
0.3333333
 40
0.3333333
 40
0.3333333
 40
0.3333333
 40
1
 40
1
 40
1
 40
1
 10
129.91732
 20
68.73063999999999
 30
0
 10
129.93727
 20
68.89521999999999
 30
0
 10
129.93814
 20
68.97085
 30
0
 10
129.92056
 20
69.01603
 30
0
 10
129.92056
 20
69.01603
 30
0
 10
129.90379
 20
69.05907999999999
 30
0
 10
129.89665
 20
69.71887
 30
0
 10
129.89665
 20
71.21670999999999
 30
0
  0
SPLINE
  5
1BF
100
AcDbEntity
  8
layer 1
  6
CONTINUOUS
 62
    1
370
    5
100
AcDbSpline
210
0
220
0
230
0
 70
    8
 71
    3
 72
   12
 73
    8
 74
    0
 42
1e-07
 43
1e-07
 40
0
 40
0
 40
0
 40
0
 40
0.3333333
 40
0.3333333
 40
0.3333333
 40
0.3333333
 40
1
 40
1
 40
1
 40
1
 10
129.89665
 20
71.21670999999999
 30
0
 10
129.89665
 20
71.21670999999999
 30
0
 10
129.89665
 20
73.35585999999999
 30
0
 10
129.89665
 20
73.35585999999999
 30
0
 10
129.89665
 20
73.35585999999999
 30
0
 10
129.89665
 20
73.35585999999999
 30
0
 10
129.97855
 20
73.35601
 30
0
 10
129.97855
 20
73.35601
 30
0
  0
SPLINE
  5
1C0
100
AcDbEntity
  8
layer 1
  6
CONTINUOUS
 62
    1
370
    5
100
AcDbSpline
210
0
220
0
230
0
 70
    8
 71
    3
 72
   24
 73
   20
 74
    0
 42
1e-07
 43
1e-07
 40
0
 40
0
 40
0
 40
0
 40
0.1666667
 40
0.1666667
 40
0.1666667
 40
0.1666667
 40
0.3333333
 40
0.3333333
 40
0.3333333
 40
0.3333333
 40
0.5
 40
0.5
 40
0.5
 40
0.5
 40
0.6666666999999999
 40
0.6666666999999999
 40
0.6666666999999999
 40
0.6666666999999999
 40
1
 40
1
 40
1
 40
1
 10
129.97855
 20
73.35601
 30
0
 10
130.162
 20
73.35624999999999
 30
0
 10
130.28545
 20
73.42711
 30
0
 10
130.2106
 20
73.48921
 30
0
 10
130.2106
 20
73.48921
 30
0
 10
130.13395
 20
73.55284
 30
0
 10
130.1128
 20
73.63369
 30
0
 10
130.13551
 20
73.77646
 30
0
 10
130.13551
 20
73.77646
 30
0
 10
130.16365
 20
73.95322
 30
0
 10
130.23265
 20
76.19416
 30
0
 10
130.21285
 20
76.28784999999999
 30
0
 10
130.21285
 20
76.28784999999999
 30
0
 10
130.18813
 20
76.40476
 30
0
 10
130.09057
 20
76.56487
 30
0
 10
130.01587
 20
76.61100999999999
 30
0
 10
130.01587
 20
76.61100999999999
 30
0
 10
129.94165
 20
76.65688
 30
0
 10
129.73291
 20
76.66906
 30
0
 10
129.64309
 20
76.63279
 30
0
  0
SPLINE
  5
1C1
100
AcDbEntity
  8
layer 1
  6
CONTINUOUS
 62
    1
370
    5
100
AcDbSpline
210
0
220
0
230
0
 70
    8
 71
    3
 72
    8
 73
    4
 74
    0
 42
1e-07
 43
1e-07
 40
0
 40
0
 40
0
 40
0
 40
1
 40
1
 40
1
 40
1
 10
134.20684
 20
76.37566
 30
0
 10
134.20684
 20
76.37566
 30
0
 10
134.20687
 20
76.37566
 30
0
 10
134.20687
 20
76.37566
 30
0
  0
SPLINE
  5
1C2
100
AcDbEntity
  8
layer 1
  6
CONTINUOUS
 62
    1
370
    5
100
AcDbSpline
210
0
220
0
230
0
 70
    8
 71
    3
 72
   12
 73
    8
 74
    0
 42
1e-07
 43
1e-07
 40
0
 40
0
 40
0
 40
0
 40
0.3333333
 40
0.3333333
 40
0.3333333
 40
0.3333333
 40
1
 40
1
 40
1
 40
1
 10
134.20687
 20
76.37566
 30
0
 10
134.10463
 20
76.26427
 30
0
 10
134.00764
 20
76.05994
 30
0
 10
133.97869
 20
75.89511999999999
 30
0
 10
133.97869
 20
75.89511999999999
 30
0
 10
133.91884
 20
75.55419999999999
 30
0
 10
134.10412
 20
75.16192000000001
 30
0
 10
134.40949
 20
74.98296999999999
 30
0
  0
SPLINE
  5
1C3
100
AcDbEntity
  8
layer 1
  6
CONTINUOUS
 62
    1
370
    5
100
AcDbSpline
210
0
220
0
230
0
 70
    8
 71
    3
 72
   20
 73
   16
 74
    0
 42
1e-07
 43
1e-07
 40
0
 40
0
 40
0
 40
0
 40
0.2
 40
0.2
 40
0.2
 40
0.2
 40
0.4
 40
0.4
 40
0.4
 40
0.4
 40
0.6
 40
0.6
 40
0.6
 40
0.6
 40
1
 40
1
 40
1
 40
1
 10
134.40949
 20
74.98296999999999
 30
0
 10
134.40949
 20
74.98296999999999
 30
0
 10
134.50546
 20
74.92671999999999
 30
0
 10
134.50546
 20
74.92671999999999
 30
0
 10
134.50546
 20
74.92671999999999
 30
0
 10
134.50546
 20
74.92671999999999
 30
0
 10
134.50546
 20
72.97252
 30
0
 10
134.50546
 20
72.97252
 30
0
 10
134.50546
 20
72.97252
 30
0
 10
134.50546
 20
72.97252
 30
0
 10
134.50546
 20
71.01832
 30
0
 10
134.50546
 20
71.01832
 30
0
 10
134.50546
 20
71.01832
 30
0
 10
134.50546
 20
71.01832
 30
0
 10
134.36686
 20
70.88199999999999
 30
0
 10
134.36686
 20
70.88199999999999
 30
0
  0
SPLINE
  5
1C4
100
AcDbEntity
  8
layer 1
  6
CONTINUOUS
 62
    1
370
    5
100
AcDbSpline
210
0
220
0
230
0
 70
    8
 71
    3
 72
   28
 73
   24
 74
    0
 42
1e-07
 43
1e-07
 40
0
 40
0
 40
0
 40
0
 40
0.1428571
 40
0.1428571
 40
0.1428571
 40
0.1428571
 40
0.2857143
 40
0.2857143
 40
0.2857143
 40
0.2857143
 40
0.4285714
 40
0.4285714
 40
0.4285714
 40
0.4285714
 40
0.5714286
 40
0.5714286
 40
0.5714286
 40
0.5714286
 40
0.7142856999999999
 40
0.7142856999999999
 40
0.7142856999999999
 40
0.7142856999999999
 40
1
 40
1
 40
1
 40
1
 10
134.36686
 20
70.88199999999999
 30
0
 10
134.18206
 20
70.70023
 30
0
 10
134.1259
 20
70.55880999999999
 30
0
 10
134.13922
 20
70.30879
 30
0
 10
134.13922
 20
70.30879
 30
0
 10
134.14636
 20
70.17444999999999
 30
0
 10
134.1622
 20
70.10737
 30
0
 10
134.20762
 20
70.01863
 30
0
 10
134.20762
 20
70.01863
 30
0
 10
134.32051
 20
69.79804
 30
0
 10
134.51884
 20
69.65404000000001
 30
0
 10
134.75101
 20
69.62403999999999
 30
0
 10
134.75101
 20
69.62403999999999
 30
0
 10
134.87317
 20
69.60826
 30
0
 10
135.0607
 20
69.62275
 30
0
 10
135.08794
 20
69.64986999999999
 30
0
 10
135.08794
 20
69.64986999999999
 30
0
 10
135.10552
 20
69.66745
 30
0
 10
134.79364
 20
69.96745
 30
0
 10
134.75596
 20
69.96919
 30
0
 10
134.75596
 20
69.96919
 30
0
 10
134.7436
 20
69.96969999999999
 30
0
 10
134.67724
 20
70.02703
 30
0
 10
134.60854
 20
70.09648
 30
0
  0
SPLINE
  5
1C5
100
AcDbEntity
  8
layer 1
  6
CONTINUOUS
 62
    1
370
    5
100
AcDbSpline
210
0
220
0
230
0
 70
    8
 71
    3
 72
   20
 73
   16
 74
    0
 42
1e-07
 43
1e-07
 40
0
 40
0
 40
0
 40
0
 40
0.2
 40
0.2
 40
0.2
 40
0.2
 40
0.4
 40
0.4
 40
0.4
 40
0.4
 40
0.6
 40
0.6
 40
0.6
 40
0.6
 40
1
 40
1
 40
1
 40
1
 10
134.60854
 20
70.09648
 30
0
 10
134.60854
 20
70.09648
 30
0
 10
134.48362
 20
70.22269
 30
0
 10
134.48362
 20
70.22269
 30
0
 10
134.48362
 20
70.22269
 30
0
 10
134.48362
 20
70.22269
 30
0
 10
134.48392
 20
70.36404999999999
 30
0
 10
134.48392
 20
70.36404999999999
 30
0
 10
134.48392
 20
70.36404999999999
 30
0
 10
134.48392
 20
70.36404999999999
 30
0
 10
134.48419
 20
70.50538
 30
0
 10
134.48419
 20
70.50538
 30
0
 10
134.48419
 20
70.50538
 30
0
 10
134.48419
 20
70.50538
 30
0
 10
134.60251
 20
70.60915
 30
0
 10
134.60251
 20
70.60915
 30
0
  0
SPLINE
  5
1C6
100
AcDbEntity
  8
layer 1
  6
CONTINUOUS
 62
    1
370
    5
100
AcDbSpline
210
0
220
0
230
0
 70
    8
 71
    3
 72
    8
 73
    4
 74
    0
 42
1e-07
 43
1e-07
 40
0
 40
0
 40
0
 40
0
 40
1
 40
1
 40
1
 40
1
 10
134.60251
 20
70.60915
 30
0
 10
134.71903
 20
70.71133
 30
0
 10
134.72308
 20
70.71289
 30
0
 10
134.87062
 20
70.71289
 30
0
  0
SPLINE
  5
1C7
100
AcDbEntity
  8
layer 1
  6
CONTINUOUS
 62
    1
370
    5
100
AcDbSpline
210
0
220
0
230
0
 70
    8
 71
    3
 72
   12
 73
    8
 74
    0
 42
1e-07
 43
1e-07
 40
0
 40
0
 40
0
 40
0
 40
0.3333333
 40
0.3333333
 40
0.3333333
 40
0.3333333
 40
1
 40
1
 40
1
 40
1
 10
134.87062
 20
70.71289
 30
0
 10
134.87062
 20
70.71289
 30
0
 10
135.02044
 20
70.71289
 30
0
 10
135.02044
 20
70.71289
 30
0
 10
135.02044
 20
70.71289
 30
0
 10
135.02044
 20
70.71289
 30
0
 10
135.12337
 20
70.6084
 30
0
 10
135.12337
 20
70.6084
 30
0
  0
SPLINE
  5
1C8
100
AcDbEntity
  8
layer 1
  6
CONTINUOUS
 62
    1
370
    5
100
AcDbSpline
210
0
220
0
230
0
 70
    8
 71
    3
 72
   20
 73
   16
 74
    0
 42
1e-07
 43
1e-07
 40
0
 40
0
 40
0
 40
0
 40
0.2
 40
0.2
 40
0.2
 40
0.2
 40
0.4
 40
0.4
 40
0.4
 40
0.4
 40
0.6
 40
0.6
 40
0.6
 40
0.6
 40
1
 40
1
 40
1
 40
1
 10
135.12337
 20
70.6084
 30
0
 10
135.17998
 20
70.55092
 30
0
 10
135.22681
 20
70.48948
 30
0
 10
135.22747
 20
70.47187
 30
0
 10
135.22747
 20
70.47187
 30
0
 10
135.22885
 20
70.43332000000001
 30
0
 10
135.55363
 20
70.16407
 30
0
 10
135.57946
 20
70.18002999999999
 30
0
 10
135.57946
 20
70.18002999999999
 30
0
 10
135.58945
 20
70.18620999999999
 30
0
 10
135.59761
 20
70.25910999999999
 30
0
 10
135.59761
 20
70.34206
 30
0
 10
135.59761
 20
70.34206
 30
0
 10
135.59761
 20
70.56274000000001
 30
0
 10
135.53428
 20
70.71420999999999
 30
0
 10
135.37564
 20
70.87285
 30
0
  0
SPLINE
  5
1C9
100
AcDbEntity
  8
layer 1
  6
CONTINUOUS
 62
    1
370
    5
100
AcDbSpline
210
0
220
0
230
0
 70
    8
 71
    3
 72
   20
 73
   16
 74
    0
 42
1e-07
 43
1e-07
 40
0
 40
0
 40
0
 40
0
 40
0.2
 40
0.2
 40
0.2
 40
0.2
 40
0.4
 40
0.4
 40
0.4
 40
0.4
 40
0.6
 40
0.6
 40
0.6
 40
0.6
 40
1
 40
1
 40
1
 40
1
 10
135.37564
 20
70.87285
 30
0
 10
135.37564
 20
70.87285
 30
0
 10
135.24814
 20
71.00035
 30
0
 10
135.24814
 20
71.00035
 30
0
 10
135.24814
 20
71.00035
 30
0
 10
135.24814
 20
71.00035
 30
0
 10
135.24814
 20
72.96328
 30
0
 10
135.24814
 20
72.96328
 30
0
 10
135.24814
 20
72.96328
 30
0
 10
135.24814
 20
72.96328
 30
0
 10
135.24814
 20
74.92623999999999
 30
0
 10
135.24814
 20
74.92623999999999
 30
0
 10
135.24814
 20
74.92623999999999
 30
0
 10
135.24814
 20
74.92623999999999
 30
0
 10
135.36889
 20
75.00637
 30
0
 10
135.36889
 20
75.00637
 30
0
  0
SPLINE
  5
1CA
100
AcDbEntity
  8
layer 1
  6
CONTINUOUS
 62
    1
370
    5
100
AcDbSpline
210
0
220
0
230
0
 70
    8
 71
    3
 72
   20
 73
   16
 74
    0
 42
1e-07
 43
1e-07
 40
0
 40
0
 40
0
 40
0
 40
0.2
 40
0.2
 40
0.2
 40
0.2
 40
0.4
 40
0.4
 40
0.4
 40
0.4
 40
0.6
 40
0.6
 40
0.6
 40
0.6
 40
1
 40
1
 40
1
 40
1
 10
135.36889
 20
75.00637
 30
0
 10
135.51574
 20
75.10384000000001
 30
0
 10
135.62023
 20
75.22768000000001
 30
0
 10
135.70078
 20
75.3997
 30
0
 10
135.70078
 20
75.3997
 30
0
 10
135.75502
 20
75.51553
 30
0
 10
135.76144
 20
75.55351
 30
0
 10
135.76144
 20
75.75859
 30
0
 10
135.76144
 20
75.75859
 30
0
 10
135.76144
 20
75.97036
 30
0
 10
135.75619
 20
75.99901
 30
0
 10
135.69289
 20
76.1326
 30
0
 10
135.69289
 20
76.1326
 30
0
 10
135.60787
 20
76.31209
 30
0
 10
135.48094
 20
76.45756
 30
0
 10
135.40942
 20
76.45756
 30
0
  0
SPLINE
  5
1CB
100
AcDbEntity
  8
layer 1
  6
CONTINUOUS
 62
    1
370
    5
100
AcDbSpline
210
0
220
0
230
0
 70
    8
 71
    3
 72
   20
 73
   16
 74
    0
 42
1e-07
 43
1e-07
 40
0
 40
0
 40
0
 40
0
 40
0.2
 40
0.2
 40
0.2
 40
0.2
 40
0.4
 40
0.4
 40
0.4
 40
0.4
 40
0.6
 40
0.6
 40
0.6
 40
0.6
 40
1
 40
1
 40
1
 40
1
 10
135.40942
 20
76.45756
 30
0
 10
135.40942
 20
76.45756
 30
0
 10
135.35734
 20
76.45756
 30
0
 10
135.35734
 20
76.45756
 30
0
 10
135.35734
 20
76.45756
 30
0
 10
135.35734
 20
76.45756
 30
0
 10
135.35734
 20
76.17739
 30
0
 10
135.35734
 20
76.17739
 30
0
 10
135.35734
 20
76.17739
 30
0
 10
135.35734
 20
76.17739
 30
0
 10
135.35734
 20
75.89722
 30
0
 10
135.35734
 20
75.89722
 30
0
 10
135.35734
 20
75.89722
 30
0
 10
135.35734
 20
75.89722
 30
0
 10
135.12295
 20
75.71505999999999
 30
0
 10
135.12295
 20
75.71505999999999
 30
0
  0
SPLINE
  5
1CC
100
AcDbEntity
  8
layer 1
  6
CONTINUOUS
 62
    1
370
    5
100
AcDbSpline
210
0
220
0
230
0
 70
    8
 71
    3
 72
   12
 73
    8
 74
    0
 42
1e-07
 43
1e-07
 40
0
 40
0
 40
0
 40
0
 40
0.3333333
 40
0.3333333
 40
0.3333333
 40
0.3333333
 40
1
 40
1
 40
1
 40
1
 10
135.12295
 20
75.71505999999999
 30
0
 10
134.99401
 20
75.61485999999999
 30
0
 10
134.87824
 20
75.5329
 30
0
 10
134.8657
 20
75.5329
 30
0
 10
134.8657
 20
75.5329
 30
0
 10
134.85313
 20
75.5329
 30
0
 10
134.73772
 20
75.61561
 30
0
 10
134.60917
 20
75.71674
 30
0
  0
SPLINE
  5
1CD
100
AcDbEntity
  8
layer 1
  6
CONTINUOUS
 62
    1
370
    5
100
AcDbSpline
210
0
220
0
230
0
 70
    8
 71
    3
 72
   12
 73
    8
 74
    0
 42
1e-07
 43
1e-07
 40
0
 40
0
 40
0
 40
0
 40
0.3333333
 40
0.3333333
 40
0.3333333
 40
0.3333333
 40
1
 40
1
 40
1
 40
1
 10
134.60917
 20
75.71674
 30
0
 10
134.60917
 20
75.71674
 30
0
 10
134.3755
 20
75.90058000000001
 30
0
 10
134.3755
 20
75.90058000000001
 30
0
 10
134.3755
 20
75.90058000000001
 30
0
 10
134.3755
 20
75.90058000000001
 30
0
 10
134.37496
 20
76.17907
 30
0
 10
134.37496
 20
76.17907
 30
0
  0
SPLINE
  5
1CE
100
AcDbEntity
  8
layer 1
  6
CONTINUOUS
 62
    1
370
    5
100
AcDbSpline
210
0
220
0
230
0
 70
    8
 71
    3
 72
   12
 73
    8
 74
    0
 42
1e-07
 43
1e-07
 40
0
 40
0
 40
0
 40
0
 40
0.3333333
 40
0.3333333
 40
0.3333333
 40
0.3333333
 40
1
 40
1
 40
1
 40
1
 10
134.37496
 20
76.17907
 30
0
 10
134.37445
 20
76.44786999999999
 30
0
 10
134.3728
 20
76.45756
 30
0
 10
134.32822
 20
76.45756
 30
0
 10
134.32822
 20
76.45756
 30
0
 10
134.30275
 20
76.45756
 30
0
 10
134.24827
 20
76.42080999999999
 30
0
 10
134.20687
 20
76.37566
 30
0
  0
SPLINE
  5
1CF
100
AcDbEntity
  8
layer 1
  6
CONTINUOUS
 62
    1
370
    5
100
AcDbSpline
210
0
220
0
230
0
 70
    8
 71
    3
 72
    8
 73
    4
 74
    0
 42
1e-07
 43
1e-07
 40
0
 40
0
 40
0
 40
0
 40
1
 40
1
 40
1
 40
1
 10
134.20687
 20
76.37566
 30
0
 10
134.20687
 20
76.37566
 30
0
 10
134.20684
 20
76.37566
 30
0
 10
134.20684
 20
76.37566
 30
0
  0
SPLINE
  5
1D0
100
AcDbEntity
  8
layer 1
  6
CONTINUOUS
 62
    1
370
    5
100
AcDbSpline
210
0
220
0
230
0
 70
    8
 71
    3
 72
   20
 73
   16
 74
    0
 42
1e-07
 43
1e-07
 40
0
 40
0
 40
0
 40
0
 40
0.2
 40
0.2
 40
0.2
 40
0.2
 40
0.4
 40
0.4
 40
0.4
 40
0.4
 40
0.6
 40
0.6
 40
0.6
 40
0.6
 40
1
 40
1
 40
1
 40
1
 10
130.76605
 20
71.58985
 30
0
 10
130.76605
 20
71.58985
 30
0
 10
130.07371
 20
70.98595
 30
0
 10
130.07371
 20
70.98595
 30
0
 10
130.07371
 20
70.98595
 30
0
 10
130.07371
 20
70.98595
 30
0
 10
130.07254
 20
70.61626000000001
 30
0
 10
130.07254
 20
70.61626000000001
 30
0
 10
130.07254
 20
70.61626000000001
 30
0
 10
130.07254
 20
70.61626000000001
 30
0
 10
130.0714
 20
70.24657000000001
 30
0
 10
130.0714
 20
70.24657000000001
 30
0
 10
130.0714
 20
70.24657000000001
 30
0
 10
130.0714
 20
70.24657000000001
 30
0
 10
130.12054
 20
70.29094000000001
 30
0
 10
130.12054
 20
70.29094000000001
 30
0
  0
SPLINE
  5
1D1
100
AcDbEntity
  8
layer 1
  6
CONTINUOUS
 62
    1
370
    5
100
AcDbSpline
210
0
220
0
230
0
 70
    8
 71
    3
 72
   56
 73
   52
 74
    0
 42
1e-07
 43
1e-07
 40
0
 40
0
 40
0
 40
0
 40
0.07142859999999999
 40
0.07142859999999999
 40
0.07142859999999999
 40
0.07142859999999999
 40
0.1428571
 40
0.1428571
 40
0.1428571
 40
0.1428571
 40
0.2142857
 40
0.2142857
 40
0.2142857
 40
0.2142857
 40
0.2857143
 40
0.2857143
 40
0.2857143
 40
0.2857143
 40
0.3571429
 40
0.3571429
 40
0.3571429
 40
0.3571429
 40
0.4285714
 40
0.4285714
 40
0.4285714
 40
0.4285714
 40
0.5
 40
0.5
 40
0.5
 40
0.5
 40
0.5714286
 40
0.5714286
 40
0.5714286
 40
0.5714286
 40
0.6428571
 40
0.6428571
 40
0.6428571
 40
0.6428571
 40
0.7142856999999999
 40
0.7142856999999999
 40
0.7142856999999999
 40
0.7142856999999999
 40
0.7857143
 40
0.7857143
 40
0.7857143
 40
0.7857143
 40
0.8571428999999999
 40
0.8571428999999999
 40
0.8571428999999999
 40
0.8571428999999999
 40
1
 40
1
 40
1
 40
1
 10
130.12054
 20
70.29094000000001
 30
0
 10
131.4511
 20
71.49184
 30
0
 10
132.50215
 20
72.39061
 30
0
 10
132.70345
 20
72.49954
 30
0
 10
132.70345
 20
72.49954
 30
0
 10
132.73948
 20
72.51903999999999
 30
0
 10
132.84268
 20
72.54097
 30
0
 10
132.9328
 20
72.54828999999999
 30
0
 10
132.9328
 20
72.54828999999999
 30
0
 10
133.12618
 20
72.56398
 30
0
 10
133.23916
 20
72.61288
 30
0
 10
133.35919
 20
72.73291
 30
0
 10
133.35919
 20
72.73291
 30
0
 10
133.47928
 20
72.85299999999999
 30
0
 10
133.52944
 20
72.96751
 30
0
 10
133.53166
 20
73.12654000000001
 30
0
 10
133.53166
 20
73.12654000000001
 30
0
 10
133.53343
 20
73.25389
 30
0
 10
133.53175
 20
73.25779
 30
0
 10
133.47319
 20
73.26451
 30
0
 10
133.47319
 20
73.26451
 30
0
 10
133.42543
 20
73.27000000000001
 30
0
 10
133.38199
 20
73.24396
 30
0
 10
133.26382
 20
73.13892999999999
 30
0
 10
133.26382
 20
73.13892999999999
 30
0
 10
133.1818
 20
73.06603
 30
0
 10
133.10401
 20
73.00639
 30
0
 10
133.09096
 20
73.00639
 30
0
 10
133.09096
 20
73.00639
 30
0
 10
133.04725
 20
73.00639
 30
0
 10
132.92719
 20
73.12369
 30
0
 10
132.89707
 20
73.19580999999999
 30
0
 10
132.89707
 20
73.19580999999999
 30
0
 10
132.84508
 20
73.32019
 30
0
 10
132.85837
 20
73.35676000000001
 30
0
 10
133.01194
 20
73.5115
 30
0
 10
133.01194
 20
73.5115
 30
0
 10
133.15024
 20
73.65085000000001
 30
0
 10
133.15456
 20
73.65837999999999
 30
0
 10
133.1101
 20
73.68214
 30
0
 10
133.1101
 20
73.68214
 30
0
 10
133.08454
 20
73.69584999999999
 30
0
 10
133.00222
 20
73.71223000000001
 30
0
 10
132.92722
 20
73.71856
 30
0
 10
132.92722
 20
73.71856
 30
0
 10
132.81511
 20
73.72803999999999
 30
0
 10
132.77422
 20
73.72162
 30
0
 10
132.69772
 20
73.68256
 30
0
 10
132.69772
 20
73.68256
 30
0
 10
132.5062
 20
73.58476
 30
0
 10
132.38341
 20
73.37698
 30
0
 10
132.3499
 20
73.09393
 30
0
  0
SPLINE
  5
1D2
100
AcDbEntity
  8
layer 1
  6
CONTINUOUS
 62
    1
370
    5
100
AcDbSpline
210
0
220
0
230
0
 70
    8
 71
    3
 72
   12
 73
    8
 74
    0
 42
1e-07
 43
1e-07
 40
0
 40
0
 40
0
 40
0
 40
0.3333333
 40
0.3333333
 40
0.3333333
 40
0.3333333
 40
1
 40
1
 40
1
 40
1
 10
132.3499
 20
73.09393
 30
0
 10
132.3499
 20
73.09393
 30
0
 10
132.33688
 20
72.98401
 30
0
 10
132.33688
 20
72.98401
 30
0
 10
132.33688
 20
72.98401
 30
0
 10
132.33688
 20
72.98401
 30
0
 10
131.89765
 20
72.58887999999999
 30
0
 10
131.89765
 20
72.58887999999999
 30
0
  0
SPLINE
  5
1D3
100
AcDbEntity
  8
layer 1
  6
CONTINUOUS
 62
    1
370
    5
100
AcDbSpline
210
0
220
0
230
0
 70
    8
 71
    3
 72
    8
 73
    4
 74
    0
 42
1e-07
 43
1e-07
 40
0
 40
0
 40
0
 40
0
 40
1
 40
1
 40
1
 40
1
 10
131.89765
 20
72.58887999999999
 30
0
 10
131.65606
 20
72.37156
 30
0
 10
131.14684
 20
71.92201
 30
0
 10
130.76605
 20
71.58985
 30
0
  0
SPLINE
  5
1D4
100
AcDbEntity
  8
layer 1
  6
CONTINUOUS
 62
    1
370
    5
100
AcDbSpline
210
0
220
0
230
0
 70
    8
 71
    3
 72
   16
 73
   12
 74
    0
 42
1e-07
 43
1e-07
 40
0
 40
0
 40
0
 40
0
 40
0.25
 40
0.25
 40
0.25
 40
0.25
 40
0.5
 40
0.5
 40
0.5
 40
0.5
 40
1
 40
1
 40
1
 40
1
 10
131.48926
 20
73.33993
 30
0
 10
131.26114
 20
73.12098999999999
 30
0
 10
131.20939
 20
73.04548
 30
0
 10
131.25208
 20
72.99406
 30
0
 10
131.25208
 20
72.99406
 30
0
 10
131.26525
 20
72.97816
 30
0
 10
131.34163
 20
72.9436
 30
0
 10
131.42182
 20
72.91726
 30
0
 10
131.42182
 20
72.91726
 30
0
 10
131.50201
 20
72.89092000000001
 30
0
 10
131.61442
 20
72.83538999999999
 30
0
 10
131.6716
 20
72.79387
 30
0
  0
SPLINE
  5
1D5
100
AcDbEntity
  8
layer 1
  6
CONTINUOUS
 62
    1
370
    5
100
AcDbSpline
210
0
220
0
230
0
 70
    8
 71
    3
 72
   12
 73
    8
 74
    0
 42
1e-07
 43
1e-07
 40
0
 40
0
 40
0
 40
0
 40
0.3333333
 40
0.3333333
 40
0.3333333
 40
0.3333333
 40
1
 40
1
 40
1
 40
1
 10
131.6716
 20
72.79387
 30
0
 10
131.6716
 20
72.79387
 30
0
 10
131.77558
 20
72.71835999999999
 30
0
 10
131.77558
 20
72.71835999999999
 30
0
 10
131.77558
 20
72.71835999999999
 30
0
 10
131.77558
 20
72.71835999999999
 30
0
 10
131.92279
 20
72.84925
 30
0
 10
131.92279
 20
72.84925
 30
0
  0
SPLINE
  5
1D6
100
AcDbEntity
  8
layer 1
  6
CONTINUOUS
 62
    1
370
    5
100
AcDbSpline
210
0
220
0
230
0
 70
    8
 71
    3
 72
    8
 73
    4
 74
    0
 42
1e-07
 43
1e-07
 40
0
 40
0
 40
0
 40
0
 40
1
 40
1
 40
1
 40
1
 10
131.92279
 20
72.84925
 30
0
 10
132.00376
 20
72.92122000000001
 30
0
 10
132.09403
 20
73.00591
 30
0
 10
132.12343
 20
73.03747
 30
0
  0
SPLINE
  5
1D7
100
AcDbEntity
  8
layer 1
  6
CONTINUOUS
 62
    1
370
    5
100
AcDbSpline
210
0
220
0
230
0
 70
    8
 71
    3
 72
   12
 73
    8
 74
    0
 42
1e-07
 43
1e-07
 40
0
 40
0
 40
0
 40
0
 40
0.3333333
 40
0.3333333
 40
0.3333333
 40
0.3333333
 40
1
 40
1
 40
1
 40
1
 10
132.12343
 20
73.03747
 30
0
 10
132.12343
 20
73.03747
 30
0
 10
132.17686
 20
73.09480000000001
 30
0
 10
132.17686
 20
73.09480000000001
 30
0
 10
132.17686
 20
73.09480000000001
 30
0
 10
132.17686
 20
73.09480000000001
 30
0
 10
132.03397
 20
73.23081999999999
 30
0
 10
132.03397
 20
73.23081999999999
 30
0
  0
SPLINE
  5
1D8
100
AcDbEntity
  8
layer 1
  6
CONTINUOUS
 62
    1
370
    5
100
AcDbSpline
210
0
220
0
230
0
 70
    8
 71
    3
 72
   16
 73
   12
 74
    0
 42
1e-07
 43
1e-07
 40
0
 40
0
 40
0
 40
0
 40
0.25
 40
0.25
 40
0.25
 40
0.25
 40
0.5
 40
0.5
 40
0.5
 40
0.5
 40
1
 40
1
 40
1
 40
1
 10
132.03397
 20
73.23081999999999
 30
0
 10
131.95537
 20
73.30564
 30
0
 10
131.8747
 20
73.39849
 30
0
 10
131.85472
 20
73.43715999999999
 30
0
 10
131.85472
 20
73.43715999999999
 30
0
 10
131.82325
 20
73.498
 30
0
 10
131.76079
 20
73.55248
 30
0
 10
131.72248
 20
73.55248
 30
0
 10
131.72248
 20
73.55248
 30
0
 10
131.716
 20
73.55248
 30
0
 10
131.61106
 20
73.45684
 30
0
 10
131.48926
 20
73.33993
 30
0
  0
SPLINE
  5
1D9
100
AcDbEntity
  8
layer 1
  6
CONTINUOUS
 62
    1
370
    5
100
AcDbSpline
210
0
220
0
230
0
 70
    8
 71
    3
 72
   20
 73
   16
 74
    0
 42
1e-07
 43
1e-07
 40
0
 40
0
 40
0
 40
0
 40
0.2
 40
0.2
 40
0.2
 40
0.2
 40
0.4
 40
0.4
 40
0.4
 40
0.4
 40
0.6
 40
0.6
 40
0.6
 40
0.6
 40
1
 40
1
 40
1
 40
1
 10
132.88975
 20
72.35508999999999
 30
0
 10
132.81304
 20
72.3496
 30
0
 10
132.76096
 20
72.32503
 30
0
 10
132.64654
 20
72.24019
 30
0
 10
132.64654
 20
72.24019
 30
0
 10
132.42976
 20
72.07951
 30
0
 10
132.4324
 20
72.09300999999999
 30
0
 10
132.58888
 20
71.94373
 30
0
 10
132.58888
 20
71.94373
 30
0
 10
132.77791
 20
71.76339999999999
 30
0
 10
133.0765
 20
71.51830000000001
 30
0
 10
133.44202
 20
71.24347
 30
0
 10
133.44202
 20
71.24347
 30
0
 10
133.61245
 20
71.11534
 30
0
 10
133.83226
 20
70.94365000000001
 30
0
 10
133.93048
 20
70.86196
 30
0
  0
SPLINE
  5
1DA
100
AcDbEntity
  8
layer 1
  6
CONTINUOUS
 62
    1
370
    5
100
AcDbSpline
210
0
220
0
230
0
 70
    8
 71
    3
 72
   12
 73
    8
 74
    0
 42
1e-07
 43
1e-07
 40
0
 40
0
 40
0
 40
0
 40
0.3333333
 40
0.3333333
 40
0.3333333
 40
0.3333333
 40
1
 40
1
 40
1
 40
1
 10
133.93048
 20
70.86196
 30
0
 10
133.93048
 20
70.86196
 30
0
 10
134.10907
 20
70.71343
 30
0
 10
134.10907
 20
70.71343
 30
0
 10
134.10907
 20
70.71343
 30
0
 10
134.10907
 20
70.71343
 30
0
 10
134.15299
 20
70.78414000000001
 30
0
 10
134.15299
 20
70.78414000000001
 30
0
  0
SPLINE
  5
1DB
100
AcDbEntity
  8
layer 1
  6
CONTINUOUS
 62
    1
370
    5
100
AcDbSpline
210
0
220
0
230
0
 70
    8
 71
    3
 72
    8
 73
    4
 74
    0
 42
1e-07
 43
1e-07
 40
0
 40
0
 40
0
 40
0
 40
1
 40
1
 40
1
 40
1
 10
134.15299
 20
70.78414000000001
 30
0
 10
134.17714
 20
70.82304999999999
 30
0
 10
134.23543
 20
70.89235000000001
 30
0
 10
134.2825
 20
70.93813
 30
0
  0
SPLINE
  5
1DC
100
AcDbEntity
  8
layer 1
  6
CONTINUOUS
 62
    1
370
    5
100
AcDbSpline
210
0
220
0
230
0
 70
    8
 71
    3
 72
   12
 73
    8
 74
    0
 42
1e-07
 43
1e-07
 40
0
 40
0
 40
0
 40
0
 40
0.3333333
 40
0.3333333
 40
0.3333333
 40
0.3333333
 40
1
 40
1
 40
1
 40
1
 10
134.2825
 20
70.93813
 30
0
 10
134.2825
 20
70.93813
 30
0
 10
134.36806
 20
71.02135
 30
0
 10
134.36806
 20
71.02135
 30
0
 10
134.36806
 20
71.02135
 30
0
 10
134.36806
 20
71.02135
 30
0
 10
133.8079
 20
71.58247
 30
0
 10
133.8079
 20
71.58247
 30
0
  0
SPLINE
  5
1DD
100
AcDbEntity
  8
layer 1
  6
CONTINUOUS
 62
    1
370
    5
100
AcDbSpline
210
0
220
0
230
0
 70
    8
 71
    3
 72
   12
 73
    8
 74
    0
 42
1e-07
 43
1e-07
 40
0
 40
0
 40
0
 40
0
 40
0.3333333
 40
0.3333333
 40
0.3333333
 40
0.3333333
 40
1
 40
1
 40
1
 40
1
 10
133.8079
 20
71.58247
 30
0
 10
133.4998
 20
71.89111
 30
0
 10
133.18915
 20
72.19276000000001
 30
0
 10
133.11757
 20
72.25282
 30
0
 10
133.11757
 20
72.25282
 30
0
 10
132.99808
 20
72.35305
 30
0
 10
132.97936
 20
72.36145
 30
0
 10
132.88975
 20
72.35508999999999
 30
0
  0
SPLINE
  5
1DE
100
AcDbEntity
  8
layer 1
  6
CONTINUOUS
 62
    1
370
    5
100
AcDbSpline
210
0
220
0
230
0
 70
    8
 71
    3
 72
   68
 73
   64
 74
    0
 42
1e-07
 43
1e-07
 40
0
 40
0
 40
0
 40
0
 40
0.0588235
 40
0.0588235
 40
0.0588235
 40
0.0588235
 40
0.1176471
 40
0.1176471
 40
0.1176471
 40
0.1176471
 40
0.1764706
 40
0.1764706
 40
0.1764706
 40
0.1764706
 40
0.2352941
 40
0.2352941
 40
0.2352941
 40
0.2352941
 40
0.2941176
 40
0.2941176
 40
0.2941176
 40
0.2941176
 40
0.3529412
 40
0.3529412
 40
0.3529412
 40
0.3529412
 40
0.4117647
 40
0.4117647
 40
0.4117647
 40
0.4117647
 40
0.4705882
 40
0.4705882
 40
0.4705882
 40
0.4705882
 40
0.5294118
 40
0.5294118
 40
0.5294118
 40
0.5294118
 40
0.5882353
 40
0.5882353
 40
0.5882353
 40
0.5882353
 40
0.6470587999999999
 40
0.6470587999999999
 40
0.6470587999999999
 40
0.6470587999999999
 40
0.7058824
 40
0.7058824
 40
0.7058824
 40
0.7058824
 40
0.7647058999999999
 40
0.7647058999999999
 40
0.7647058999999999
 40
0.7647058999999999
 40
0.8235294
 40
0.8235294
 40
0.8235294
 40
0.8235294
 40
0.8823529
 40
0.8823529
 40
0.8823529
 40
0.8823529
 40
1
 40
1
 40
1
 40
1
 10
136.61365
 20
70.56547
 30
0
 10
136.55041
 20
70.39440999999999
 30
0
 10
136.43371
 20
70.19883999999999
 30
0
 10
136.32127
 20
70.07551000000001
 30
0
 10
136.32127
 20
70.07551000000001
 30
0
 10
136.26298
 20
70.01160999999999
 30
0
 10
136.20877
 20
69.9385
 30
0
 10
136.20079
 20
69.91306
 30
0
 10
136.20079
 20
69.91306
 30
0
 10
136.19278
 20
69.88762
 30
0
 10
136.16731
 20
69.84963999999999
 30
0
 10
136.14415
 20
69.82866999999999
 30
0
 10
136.14415
 20
69.82866999999999
 30
0
 10
136.10389
 20
69.79225
 30
0
 10
136.09489
 20
69.79353999999999
 30
0
 10
135.93871
 20
69.85857999999999
 30
0
 10
135.93871
 20
69.85857999999999
 30
0
 10
135.84889
 20
69.89596
 30
0
 10
135.75397
 20
69.92655999999999
 30
0
 10
135.72781
 20
69.92655999999999
 30
0
 10
135.72781
 20
69.92655999999999
 30
0
 10
135.67792
 20
69.92655999999999
 30
0
 10
135.53593
 20
70.03252000000001
 30
0
 10
135.1717
 20
70.34157999999999
 30
0
 10
135.1717
 20
70.34157999999999
 30
0
 10
135.05134
 20
70.44369999999999
 30
0
 10
134.93602
 20
70.54051
 30
0
 10
134.91541
 20
70.55673999999999
 30
0
 10
134.91541
 20
70.55673999999999
 30
0
 10
134.8825
 20
70.58262999999999
 30
0
 10
134.8633
 20
70.57371999999999
 30
0
 10
134.75725
 20
70.48309
 30
0
 10
134.75725
 20
70.48309
 30
0
 10
134.65816
 20
70.39846
 30
0
 10
134.63653
 20
70.36758999999999
 30
0
 10
134.63653
 20
70.31107
 30
0
 10
134.63653
 20
70.31107
 30
0
 10
134.63653
 20
70.25251
 30
0
 10
134.66035
 20
70.22193999999999
 30
0
 10
134.79589
 20
70.10652999999999
 30
0
 10
134.79589
 20
70.10652999999999
 30
0
 10
134.95444
 20
69.97156000000001
 30
0
 10
135.32566
 20
69.59329
 30
0
 10
135.46108
 20
69.42868
 30
0
 10
135.46108
 20
69.42868
 30
0
 10
135.54652
 20
69.32487999999999
 30
0
 10
135.55426
 20
69.22167999999999
 30
0
 10
135.48709
 20
69.0829
 30
0
 10
135.48709
 20
69.0829
 30
0
 10
135.45442
 20
69.01542999999999
 30
0
 10
135.41662
 20
68.9776
 30
0
 10
135.34912
 20
68.94493
 30
0
 10
135.34912
 20
68.94493
 30
0
 10
135.298
 20
68.92021
 30
0
 10
135.24616
 20
68.89996000000001
 30
0
 10
135.23395
 20
68.89996000000001
 30
0
 10
135.23395
 20
68.89996000000001
 30
0
 10
135.19852
 20
68.89996000000001
 30
0
 10
135.05152
 20
68.67247
 30
0
 10
135.05152
 20
68.61766
 30
0
 10
135.05152
 20
68.61766
 30
0
 10
135.05152
 20
68.54706999999999
 30
0
 10
135.17878
 20
68.42884000000001
 30
0
 10
135.29092
 20
68.39524
 30
0
  0
SPLINE
  5
1DF
100
AcDbEntity
  8
layer 1
  6
CONTINUOUS
 62
    1
370
    5
100
AcDbSpline
210
0
220
0
230
0
 70
    8
 71
    3
 72
   12
 73
    8
 74
    0
 42
1e-07
 43
1e-07
 40
0
 40
0
 40
0
 40
0
 40
0.3333333
 40
0.3333333
 40
0.3333333
 40
0.3333333
 40
1
 40
1
 40
1
 40
1
 10
135.29092
 20
68.39524
 30
0
 10
135.29092
 20
68.39524
 30
0
 10
135.38614
 20
68.36671
 30
0
 10
135.38614
 20
68.36671
 30
0
 10
135.38614
 20
68.36671
 30
0
 10
135.38614
 20
68.36671
 30
0
 10
135.48994
 20
68.48446
 30
0
 10
135.48994
 20
68.48446
 30
0
  0
SPLINE
  5
1E0
100
AcDbEntity
  8
layer 1
  6
CONTINUOUS
 62
    1
370
    5
100
AcDbSpline
210
0
220
0
230
0
 70
    8
 71
    3
 72
   36
 73
   32
 74
    0
 42
1e-07
 43
1e-07
 40
0
 40
0
 40
0
 40
0
 40
0.1111111
 40
0.1111111
 40
0.1111111
 40
0.1111111
 40
0.2222222
 40
0.2222222
 40
0.2222222
 40
0.2222222
 40
0.3333333
 40
0.3333333
 40
0.3333333
 40
0.3333333
 40
0.4444444
 40
0.4444444
 40
0.4444444
 40
0.4444444
 40
0.5555555999999999
 40
0.5555555999999999
 40
0.5555555999999999
 40
0.5555555999999999
 40
0.6666666999999999
 40
0.6666666999999999
 40
0.6666666999999999
 40
0.6666666999999999
 40
0.7777778
 40
0.7777778
 40
0.7777778
 40
0.7777778
 40
1
 40
1
 40
1
 40
1
 10
135.48994
 20
68.48446
 30
0
 10
135.54706
 20
68.54922999999999
 30
0
 10
135.59884
 20
68.62743999999999
 30
0
 10
135.60502
 20
68.65825000000001
 30
0
 10
135.60502
 20
68.65825000000001
 30
0
 10
135.61123
 20
68.68906
 30
0
 10
135.63946
 20
68.74867
 30
0
 10
135.66781
 20
68.79073
 30
0
 10
135.66781
 20
68.79073
 30
0
 10
135.71107
 20
68.8549
 30
0
 10
135.73546
 20
68.86906
 30
0
 10
135.81973
 20
68.87884
 30
0
 10
135.81973
 20
68.87884
 30
0
 10
135.96058
 20
68.89516
 30
0
 10
136.08262
 20
68.98788999999999
 30
0
 10
136.20601
 20
69.17239000000001
 30
0
 10
136.20601
 20
69.17239000000001
 30
0
 10
136.33321
 20
69.36259
 30
0
 10
136.53109
 20
69.74896
 30
0
 10
136.61335
 20
69.96775
 30
0
 10
136.61335
 20
69.96775
 30
0
 10
136.68742
 20
70.16481999999999
 30
0
 10
136.81867
 20
70.64224
 30
0
 10
136.80301
 20
70.65787
 30
0
 10
136.80301
 20
70.65787
 30
0
 10
136.7968
 20
70.66410999999999
 30
0
 10
136.76026
 20
70.66920999999999
 30
0
 10
136.72183
 20
70.66920999999999
 30
0
 10
136.72183
 20
70.66920999999999
 30
0
 10
136.65847
 20
70.66920999999999
 30
0
 10
136.64845
 20
70.65964
 30
0
 10
136.61365
 20
70.56547
 30
0
  0
SPLINE
  5
1E1
100
AcDbEntity
  8
layer 1
  6
CONTINUOUS
 62
    1
370
    5
100
AcDbSpline
210
0
220
0
230
0
 70
    8
 71
    3
 72
   20
 73
   16
 74
    0
 42
1e-07
 43
1e-07
 40
0
 40
0
 40
0
 40
0
 40
0.2
 40
0.2
 40
0.2
 40
0.2
 40
0.4
 40
0.4
 40
0.4
 40
0.4
 40
0.6
 40
0.6
 40
0.6
 40
0.6
 40
1
 40
1
 40
1
 40
1
 10
129.47551
 20
69.68776
 30
0
 10
129.47551
 20
69.68776
 30
0
 10
129.5482
 20
69.76567
 30
0
 10
129.5482
 20
69.76567
 30
0
 10
129.5482
 20
69.76567
 30
0
 10
129.5482
 20
69.76567
 30
0
 10
129.54223
 20
70.14181000000001
 30
0
 10
129.54223
 20
70.14181000000001
 30
0
 10
129.54223
 20
70.14181000000001
 30
0
 10
129.54223
 20
70.14181000000001
 30
0
 10
129.53623
 20
70.51792
 30
0
 10
129.53623
 20
70.51792
 30
0
 10
129.53623
 20
70.51792
 30
0
 10
129.53623
 20
70.51792
 30
0
 10
129.2632
 20
70.28532999999999
 30
0
 10
129.2632
 20
70.28532999999999
 30
0
  0
SPLINE
  5
1E2
100
AcDbEntity
  8
layer 1
  6
CONTINUOUS
 62
    1
370
    5
100
AcDbSpline
210
0
220
0
230
0
 70
    8
 71
    3
 72
   16
 73
   12
 74
    0
 42
1e-07
 43
1e-07
 40
0
 40
0
 40
0
 40
0
 40
0.25
 40
0.25
 40
0.25
 40
0.25
 40
0.5
 40
0.5
 40
0.5
 40
0.5
 40
1
 40
1
 40
1
 40
1
 10
129.2632
 20
70.28532999999999
 30
0
 10
128.88844
 20
69.9661
 30
0
 10
128.91703
 20
69.98116
 30
0
 10
128.68531
 20
69.98116
 30
0
 10
128.68531
 20
69.98116
 30
0
 10
128.50813
 20
69.98116
 30
0
 10
128.47702
 20
69.97485999999999
 30
0
 10
128.38339
 20
69.91981
 30
0
 10
128.38339
 20
69.91981
 30
0
 10
128.22676
 20
69.82774000000001
 30
0
 10
128.12077
 20
69.65631999999999
 30
0
 10
128.10934
 20
69.47655999999999
 30
0
  0
SPLINE
  5
1E3
100
AcDbEntity
  8
layer 1
  6
CONTINUOUS
 62
    1
370
    5
100
AcDbSpline
210
0
220
0
230
0
 70
    8
 71
    3
 72
   12
 73
    8
 74
    0
 42
1e-07
 43
1e-07
 40
0
 40
0
 40
0
 40
0
 40
0.3333333
 40
0.3333333
 40
0.3333333
 40
0.3333333
 40
1
 40
1
 40
1
 40
1
 10
128.10934
 20
69.47655999999999
 30
0
 10
128.10934
 20
69.47655999999999
 30
0
 10
128.10043
 20
69.33679000000001
 30
0
 10
128.10043
 20
69.33679000000001
 30
0
 10
128.10043
 20
69.33679000000001
 30
0
 10
128.10043
 20
69.33679000000001
 30
0
 10
128.18197
 20
69.33679000000001
 30
0
 10
128.18197
 20
69.33679000000001
 30
0
  0
SPLINE
  5
1E4
100
AcDbEntity
  8
layer 1
  6
CONTINUOUS
 62
    1
370
    5
100
AcDbSpline
210
0
220
0
230
0
 70
    8
 71
    3
 72
    8
 73
    4
 74
    0
 42
1e-07
 43
1e-07
 40
0
 40
0
 40
0
 40
0
 40
1
 40
1
 40
1
 40
1
 10
128.18197
 20
69.33679000000001
 30
0
 10
128.25055
 20
69.33679000000001
 30
0
 10
128.28676
 20
69.35743000000001
 30
0
 10
128.41
 20
69.46669
 30
0
  0
SPLINE
  5
1E5
100
AcDbEntity
  8
layer 1
  6
CONTINUOUS
 62
    1
370
    5
100
AcDbSpline
210
0
220
0
230
0
 70
    8
 71
    3
 72
   12
 73
    8
 74
    0
 42
1e-07
 43
1e-07
 40
0
 40
0
 40
0
 40
0
 40
0.3333333
 40
0.3333333
 40
0.3333333
 40
0.3333333
 40
1
 40
1
 40
1
 40
1
 10
128.41
 20
69.46669
 30
0
 10
128.41
 20
69.46669
 30
0
 10
128.55652
 20
69.59658999999999
 30
0
 10
128.55652
 20
69.59658999999999
 30
0
 10
128.55652
 20
69.59658999999999
 30
0
 10
128.55652
 20
69.59658999999999
 30
0
 10
128.62471
 20
69.5551
 30
0
 10
128.62471
 20
69.5551
 30
0
  0
SPLINE
  5
1E6
100
AcDbEntity
  8
layer 1
  6
CONTINUOUS
 62
    1
370
    5
100
AcDbSpline
210
0
220
0
230
0
 70
    8
 71
    3
 72
   12
 73
    8
 74
    0
 42
1e-07
 43
1e-07
 40
0
 40
0
 40
0
 40
0
 40
0.3333333
 40
0.3333333
 40
0.3333333
 40
0.3333333
 40
1
 40
1
 40
1
 40
1
 10
128.62471
 20
69.5551
 30
0
 10
128.70979
 20
69.50335
 30
0
 10
128.75914
 20
69.42958
 30
0
 10
128.77531
 20
69.32986
 30
0
 10
128.77531
 20
69.32986
 30
0
 10
128.78722
 20
69.25645
 30
0
 10
128.77963
 20
69.24495999999999
 30
0
 10
128.61595
 20
69.0889
 30
0
  0
SPLINE
  5
1E7
100
AcDbEntity
  8
layer 1
  6
CONTINUOUS
 62
    1
370
    5
100
AcDbSpline
210
0
220
0
230
0
 70
    8
 71
    3
 72
   12
 73
    8
 74
    0
 42
1e-07
 43
1e-07
 40
0
 40
0
 40
0
 40
0
 40
0.3333333
 40
0.3333333
 40
0.3333333
 40
0.3333333
 40
1
 40
1
 40
1
 40
1
 10
128.61595
 20
69.0889
 30
0
 10
128.61595
 20
69.0889
 30
0
 10
128.44408
 20
68.92504
 30
0
 10
128.44408
 20
68.92504
 30
0
 10
128.44408
 20
68.92504
 30
0
 10
128.44408
 20
68.92504
 30
0
 10
128.50963
 20
68.89915000000001
 30
0
 10
128.50963
 20
68.89915000000001
 30
0
  0
SPLINE
  5
1E8
100
AcDbEntity
  8
layer 1
  6
CONTINUOUS
 62
    1
370
    5
100
AcDbSpline
210
0
220
0
230
0
 70
    8
 71
    3
 72
   16
 73
   12
 74
    0
 42
1e-07
 43
1e-07
 40
0
 40
0
 40
0
 40
0
 40
0.25
 40
0.25
 40
0.25
 40
0.25
 40
0.5
 40
0.5
 40
0.5
 40
0.5
 40
1
 40
1
 40
1
 40
1
 10
128.50963
 20
68.89915000000001
 30
0
 10
128.61934
 20
68.85576999999999
 30
0
 10
128.8456
 20
68.86579
 30
0
 10
128.95807
 20
68.91898
 30
0
 10
128.95807
 20
68.91898
 30
0
 10
129.18442
 20
69.02605
 30
0
 10
129.28834
 20
69.16207
 30
0
 10
129.32695
 20
69.40188999999999
 30
0
 10
129.32695
 20
69.40188999999999
 30
0
 10
129.35002
 20
69.54517
 30
0
 10
129.35953
 20
69.56347
 30
0
 10
129.47551
 20
69.68776
 30
0
  0
SPLINE
  5
1E9
100
AcDbEntity
  8
layer 1
  6
CONTINUOUS
 62
    1
370
    5
100
AcDbSpline
210
0
220
0
230
0
 70
    8
 71
    3
 72
    8
 73
    4
 74
    0
 42
1e-07
 43
1e-07
 40
0
 40
0
 40
0
 40
0
 40
1
 40
1
 40
1
 40
1
 10
128.26003
 20
63.04141
 30
0
 10
128.26003
 20
63.04141
 30
0
 10
128.03536
 20
63.16036
 30
0
 10
128.03536
 20
63.16036
 30
0
  0
SPLINE
  5
1EA
100
AcDbEntity
  8
layer 1
  6
CONTINUOUS
 62
    1
370
    5
100
AcDbSpline
210
0
220
0
230
0
 70
    8
 71
    3
 72
   24
 73
   20
 74
    0
 42
1e-07
 43
1e-07
 40
0
 40
0
 40
0
 40
0
 40
0.1666667
 40
0.1666667
 40
0.1666667
 40
0.1666667
 40
0.3333333
 40
0.3333333
 40
0.3333333
 40
0.3333333
 40
0.5
 40
0.5
 40
0.5
 40
0.5
 40
0.6666666999999999
 40
0.6666666999999999
 40
0.6666666999999999
 40
0.6666666999999999
 40
1
 40
1
 40
1
 40
1
 10
128.03536
 20
63.16036
 30
0
 10
127.81948
 20
63.27463
 30
0
 10
127.31917
 20
63.56811999999999
 30
0
 10
127.31917
 20
63.58047999999999
 30
0
 10
127.31917
 20
63.58047999999999
 30
0
 10
127.31917
 20
63.58374999999999
 30
0
 10
127.41724
 20
63.66838
 30
0
 10
127.53706
 20
63.76854999999999
 30
0
 10
127.53706
 20
63.76854999999999
 30
0
 10
127.77805
 20
63.96996999999999
 30
0
 10
127.81702
 20
64.03321
 30
0
 10
127.7695
 20
64.1455
 30
0
 10
127.7695
 20
64.1455
 30
0
 10
127.72561
 20
64.24911999999999
 30
0
 10
127.65589
 20
64.30101999999999
 30
0
 10
127.56049
 20
64.30101999999999
 30
0
 10
127.56049
 20
64.30101999999999
 30
0
 10
127.49245
 20
64.30101999999999
 30
0
 10
127.42258
 20
64.26447999999999
 30
0
 10
127.16959
 20
64.09666
 30
0
  0
SPLINE
  5
1EB
100
AcDbEntity
  8
layer 1
  6
CONTINUOUS
 62
    1
370
    5
100
AcDbSpline
210
0
220
0
230
0
 70
    8
 71
    3
 72
   12
 73
    8
 74
    0
 42
1e-07
 43
1e-07
 40
0
 40
0
 40
0
 40
0
 40
0.3333333
 40
0.3333333
 40
0.3333333
 40
0.3333333
 40
1
 40
1
 40
1
 40
1
 10
127.16959
 20
64.09666
 30
0
 10
127.16959
 20
64.09666
 30
0
 10
126.86152
 20
63.89233
 30
0
 10
126.86152
 20
63.89233
 30
0
 10
126.86152
 20
63.89233
 30
0
 10
126.86152
 20
63.89233
 30
0
 10
126.65896
 20
64.05195999999999
 30
0
 10
126.65896
 20
64.05195999999999
 30
0
  0
SPLINE
  5
1EC
100
AcDbEntity
  8
layer 1
  6
CONTINUOUS
 62
    1
370
    5
100
AcDbSpline
210
0
220
0
230
0
 70
    8
 71
    3
 72
   24
 73
   20
 74
    0
 42
1e-07
 43
1e-07
 40
0
 40
0
 40
0
 40
0
 40
0.1666667
 40
0.1666667
 40
0.1666667
 40
0.1666667
 40
0.3333333
 40
0.3333333
 40
0.3333333
 40
0.3333333
 40
0.5
 40
0.5
 40
0.5
 40
0.5
 40
0.6666666999999999
 40
0.6666666999999999
 40
0.6666666999999999
 40
0.6666666999999999
 40
1
 40
1
 40
1
 40
1
 10
126.65896
 20
64.05195999999999
 30
0
 10
126.40021
 20
64.25583999999999
 30
0
 10
126.0523
 20
64.55776
 30
0
 10
126.0523
 20
64.57843
 30
0
 10
126.0523
 20
64.57843
 30
0
 10
126.0523
 20
64.58716
 30
0
 10
126.14815
 20
64.65028
 30
0
 10
126.26527
 20
64.71865
 30
0
 10
126.26527
 20
64.71865
 30
0
 10
126.38239
 20
64.78702
 30
0
 10
126.49657
 20
64.85887
 30
0
 10
126.51898
 20
64.87827999999999
 30
0
 10
126.51898
 20
64.87827999999999
 30
0
 10
126.65905
 20
64.99969
 30
0
 10
126.55642
 20
65.25216999999999
 30
0
 10
126.367
 20
65.25216999999999
 30
0
 10
126.367
 20
65.25216999999999
 30
0
 10
126.32533
 20
65.25216999999999
 30
0
 10
126.15676
 20
65.19163
 30
0
 10
125.9713
 20
65.11006
 30
0
  0
SPLINE
  5
1ED
100
AcDbEntity
  8
layer 1
  6
CONTINUOUS
 62
    1
370
    5
100
AcDbSpline
210
0
220
0
230
0
 70
    8
 71
    3
 72
   12
 73
    8
 74
    0
 42
1e-07
 43
1e-07
 40
0
 40
0
 40
0
 40
0
 40
0.3333333
 40
0.3333333
 40
0.3333333
 40
0.3333333
 40
1
 40
1
 40
1
 40
1
 10
125.9713
 20
65.11006
 30
0
 10
125.9713
 20
65.11006
 30
0
 10
125.6482
 20
64.96798
 30
0
 10
125.6482
 20
64.96798
 30
0
 10
125.6482
 20
64.96798
 30
0
 10
125.6482
 20
64.96798
 30
0
 10
125.50924
 20
65.11552
 30
0
 10
125.50924
 20
65.11552
 30
0
  0
SPLINE
  5
1EE
100
AcDbEntity
  8
layer 1
  6
CONTINUOUS
 62
    1
370
    5
100
AcDbSpline
210
0
220
0
230
0
 70
    8
 71
    3
 72
   52
 73
   48
 74
    0
 42
1e-07
 43
1e-07
 40
0
 40
0
 40
0
 40
0
 40
0.07692309999999999
 40
0.07692309999999999
 40
0.07692309999999999
 40
0.07692309999999999
 40
0.1538462
 40
0.1538462
 40
0.1538462
 40
0.1538462
 40
0.2307692
 40
0.2307692
 40
0.2307692
 40
0.2307692
 40
0.3076923
 40
0.3076923
 40
0.3076923
 40
0.3076923
 40
0.3846154
 40
0.3846154
 40
0.3846154
 40
0.3846154
 40
0.4615385
 40
0.4615385
 40
0.4615385
 40
0.4615385
 40
0.5384614999999999
 40
0.5384614999999999
 40
0.5384614999999999
 40
0.5384614999999999
 40
0.6153845999999999
 40
0.6153845999999999
 40
0.6153845999999999
 40
0.6153845999999999
 40
0.6923077
 40
0.6923077
 40
0.6923077
 40
0.6923077
 40
0.7692308
 40
0.7692308
 40
0.7692308
 40
0.7692308
 40
0.8461538
 40
0.8461538
 40
0.8461538
 40
0.8461538
 40
1
 40
1
 40
1
 40
1
 10
125.50924
 20
65.11552
 30
0
 10
125.31157
 20
65.3254
 30
0
 10
124.95838
 20
65.76016
 30
0
 10
124.9663
 20
65.78389
 30
0
 10
124.9663
 20
65.78389
 30
0
 10
124.96996
 20
65.7949
 30
0
 10
125.08492
 20
65.84550999999999
 30
0
 10
125.22172
 20
65.89632999999999
 30
0
 10
125.22172
 20
65.89632999999999
 30
0
 10
125.4766
 20
65.99097999999999
 30
0
 10
125.57176
 20
66.05986
 30
0
 10
125.57176
 20
66.14962
 30
0
 10
125.57176
 20
66.14962
 30
0
 10
125.57176
 20
66.23904999999999
 30
0
 10
125.509
 20
66.34369
 30
0
 10
125.43385
 20
66.37951000000001
 30
0
 10
125.43385
 20
66.37951000000001
 30
0
 10
125.36152
 20
66.41400999999999
 30
0
 10
125.34712
 20
66.41233
 30
0
 10
124.99624
 20
66.32839
 30
0
 10
124.99624
 20
66.32839
 30
0
 10
124.66645
 20
66.24955
 30
0
 10
124.63069
 20
66.24481
 30
0
 10
124.60402
 20
66.27658
 30
0
 10
124.60402
 20
66.27658
 30
0
 10
124.50877
 20
66.38998000000001
 30
0
 10
124.07254
 20
67.14586
 30
0
 10
124.09144
 20
67.16476
 30
0
 10
124.09144
 20
67.16476
 30
0
 10
124.09696
 20
67.17028000000001
 30
0
 10
124.2136
 20
67.19515
 30
0
 10
124.35061
 20
67.22002000000001
 30
0
 10
124.35061
 20
67.22002000000001
 30
0
 10
124.48765
 20
67.24489
 30
0
 10
124.62403
 20
67.27672
 30
0
 10
124.65373
 20
67.29075999999999
 30
0
 10
124.65373
 20
67.29075999999999
 30
0
 10
124.81309
 20
67.36618
 30
0
 10
124.77955
 20
67.64629000000001
 30
0
 10
124.60543
 20
67.69410999999999
 30
0
 10
124.60543
 20
67.69410999999999
 30
0
 10
124.56547
 20
67.70509
 30
0
 10
124.43356
 20
67.70608
 30
0
 10
124.30489
 20
67.69641999999999
 30
0
 10
124.30489
 20
67.69641999999999
 30
0
 10
124.17874
 20
67.68691
 30
0
 10
124.02064
 20
67.67872
 30
0
 10
123.95359
 20
67.67793999999999
 30
0
  0
SPLINE
  5
1EF
100
AcDbEntity
  8
layer 1
  6
CONTINUOUS
 62
    1
370
    5
100
AcDbSpline
210
0
220
0
230
0
 70
    8
 71
    3
 72
   12
 73
    8
 74
    0
 42
1e-07
 43
1e-07
 40
0
 40
0
 40
0
 40
0
 40
0.3333333
 40
0.3333333
 40
0.3333333
 40
0.3333333
 40
1
 40
1
 40
1
 40
1
 10
123.95359
 20
67.67793999999999
 30
0
 10
123.95359
 20
67.67793999999999
 30
0
 10
123.83167
 20
67.67665
 30
0
 10
123.83167
 20
67.67665
 30
0
 10
123.83167
 20
67.67665
 30
0
 10
123.83167
 20
67.67665
 30
0
 10
123.73759
 20
67.91146000000001
 30
0
 10
123.73759
 20
67.91146000000001
 30
0
  0
SPLINE
  5
1F0
100
AcDbEntity
  8
layer 1
  6
CONTINUOUS
 62
    1
370
    5
100
AcDbSpline
210
0
220
0
230
0
 70
    8
 71
    3
 72
    8
 73
    4
 74
    0
 42
1e-07
 43
1e-07
 40
0
 40
0
 40
0
 40
0
 40
1
 40
1
 40
1
 40
1
 10
123.73759
 20
67.91146000000001
 30
0
 10
123.61837
 20
68.20906000000001
 30
0
 10
123.48466
 20
68.58379000000001
 30
0
 10
123.46483
 20
68.67598000000001
 30
0
  0
SPLINE
  5
1F1
100
AcDbEntity
  8
layer 1
  6
CONTINUOUS
 62
    1
370
    5
100
AcDbSpline
210
0
220
0
230
0
 70
    8
 71
    3
 72
   20
 73
   16
 74
    0
 42
1e-07
 43
1e-07
 40
0
 40
0
 40
0
 40
0
 40
0.2
 40
0.2
 40
0.2
 40
0.2
 40
0.4
 40
0.4
 40
0.4
 40
0.4
 40
0.6
 40
0.6
 40
0.6
 40
0.6
 40
1
 40
1
 40
1
 40
1
 10
123.46483
 20
68.67598000000001
 30
0
 10
123.46483
 20
68.67598000000001
 30
0
 10
123.44953
 20
68.74696
 30
0
 10
123.44953
 20
68.74696
 30
0
 10
123.44953
 20
68.74696
 30
0
 10
123.44953
 20
68.74696
 30
0
 10
123.75514
 20
68.74696
 30
0
 10
123.75514
 20
68.74696
 30
0
 10
123.75514
 20
68.74696
 30
0
 10
123.75514
 20
68.74696
 30
0
 10
124.06072
 20
68.74696
 30
0
 10
124.06072
 20
68.74696
 30
0
 10
124.06072
 20
68.74696
 30
0
 10
124.06072
 20
68.74696
 30
0
 10
124.11727
 20
68.81416
 30
0
 10
124.11727
 20
68.81416
 30
0
  0
SPLINE
  5
1F2
100
AcDbEntity
  8
layer 1
  6
CONTINUOUS
 62
    1
370
    5
100
AcDbSpline
210
0
220
0
230
0
 70
    8
 71
    3
 72
   52
 73
   48
 74
    0
 42
1e-07
 43
1e-07
 40
0
 40
0
 40
0
 40
0
 40
0.07692309999999999
 40
0.07692309999999999
 40
0.07692309999999999
 40
0.07692309999999999
 40
0.1538462
 40
0.1538462
 40
0.1538462
 40
0.1538462
 40
0.2307692
 40
0.2307692
 40
0.2307692
 40
0.2307692
 40
0.3076923
 40
0.3076923
 40
0.3076923
 40
0.3076923
 40
0.3846154
 40
0.3846154
 40
0.3846154
 40
0.3846154
 40
0.4615385
 40
0.4615385
 40
0.4615385
 40
0.4615385
 40
0.5384614999999999
 40
0.5384614999999999
 40
0.5384614999999999
 40
0.5384614999999999
 40
0.6153845999999999
 40
0.6153845999999999
 40
0.6153845999999999
 40
0.6153845999999999
 40
0.6923077
 40
0.6923077
 40
0.6923077
 40
0.6923077
 40
0.7692308
 40
0.7692308
 40
0.7692308
 40
0.7692308
 40
0.8461538
 40
0.8461538
 40
0.8461538
 40
0.8461538
 40
1
 40
1
 40
1
 40
1
 10
124.11727
 20
68.81416
 30
0
 10
124.21111
 20
68.92567
 30
0
 10
124.18444
 20
69.09783999999999
 30
0
 10
124.06327
 20
69.16267000000001
 30
0
 10
124.06327
 20
69.16267000000001
 30
0
 10
124.03975
 20
69.17527
 30
0
 10
123.86224
 20
69.20428
 30
0
 10
123.6688
 20
69.22714000000001
 30
0
 10
123.6688
 20
69.22714000000001
 30
0
 10
123.47539
 20
69.25
 30
0
 10
123.31207
 20
69.27376
 30
0
 10
123.30589
 20
69.27996999999999
 30
0
 10
123.30589
 20
69.27996999999999
 30
0
 10
123.27013
 20
69.31573
 30
0
 10
123.10573
 20
70.28545
 30
0
 10
123.13111
 20
70.31083000000001
 30
0
 10
123.13111
 20
70.31083000000001
 30
0
 10
123.13849
 20
70.31820999999999
 30
0
 10
123.26737
 20
70.30345
 30
0
 10
123.41755
 20
70.27809999999999
 30
0
 10
123.41755
 20
70.27809999999999
 30
0
 10
123.72154
 20
70.22674000000001
 30
0
 10
123.78061
 20
70.2358
 30
0
 10
123.83566
 20
70.34227
 30
0
 10
123.83566
 20
70.34227
 30
0
 10
123.86488
 20
70.39878999999999
 30
0
 10
123.87394
 20
70.40094999999999
 30
0
 10
124.24357
 20
70.43925999999999
 30
0
 10
124.24357
 20
70.43925999999999
 30
0
 10
124.4515
 20
70.46083
 30
0
 10
124.62979
 20
70.48581999999999
 30
0
 10
124.63984
 20
70.49485
 30
0
 10
124.63984
 20
70.49485
 30
0
 10
124.64986
 20
70.50381999999999
 30
0
 10
124.63255
 20
70.55163999999999
 30
0
 10
124.60135
 20
70.60108
 30
0
 10
124.60135
 20
70.60108
 30
0
 10
124.5349
 20
70.70635
 30
0
 10
124.55047
 20
70.70448999999999
 30
0
 10
124.13647
 20
70.65649000000001
 30
0
 10
124.13647
 20
70.65649000000001
 30
0
 10
123.86245
 20
70.62478
 30
0
 10
123.83284
 20
70.62487
 30
0
 10
123.75985
 20
70.65778
 30
0
 10
123.75985
 20
70.65778
 30
0
 10
123.71629
 20
70.67743
 30
0
 10
123.5434
 20
70.73482
 30
0
 10
123.3757
 20
70.78533999999999
 30
0
  0
SPLINE
  5
1F3
100
AcDbEntity
  8
layer 1
  6
CONTINUOUS
 62
    1
370
    5
100
AcDbSpline
210
0
220
0
230
0
 70
    8
 71
    3
 72
   12
 73
    8
 74
    0
 42
1e-07
 43
1e-07
 40
0
 40
0
 40
0
 40
0
 40
0.3333333
 40
0.3333333
 40
0.3333333
 40
0.3333333
 40
1
 40
1
 40
1
 40
1
 10
123.3757
 20
70.78533999999999
 30
0
 10
123.3757
 20
70.78533999999999
 30
0
 10
123.07075
 20
70.87716999999999
 30
0
 10
123.07075
 20
70.87716999999999
 30
0
 10
123.07075
 20
70.87716999999999
 30
0
 10
123.07075
 20
70.87716999999999
 30
0
 10
123.0649
 20
71.42001999999999
 30
0
 10
123.0649
 20
71.42001999999999
 30
0
  0
SPLINE
  5
1F4
100
AcDbEntity
  8
layer 1
  6
CONTINUOUS
 62
    1
370
    5
100
AcDbSpline
210
0
220
0
230
0
 70
    8
 71
    3
 72
   24
 73
   20
 74
    0
 42
1e-07
 43
1e-07
 40
0
 40
0
 40
0
 40
0
 40
0.1666667
 40
0.1666667
 40
0.1666667
 40
0.1666667
 40
0.3333333
 40
0.3333333
 40
0.3333333
 40
0.3333333
 40
0.5
 40
0.5
 40
0.5
 40
0.5
 40
0.6666666999999999
 40
0.6666666999999999
 40
0.6666666999999999
 40
0.6666666999999999
 40
1
 40
1
 40
1
 40
1
 10
123.0649
 20
71.42001999999999
 30
0
 10
123.05941
 20
71.93167
 30
0
 10
123.06127
 20
71.96196999999999
 30
0
 10
123.09766
 20
71.94736
 30
0
 10
123.09766
 20
71.94736
 30
0
 10
123.1189
 20
71.93884
 30
0
 10
123.24751
 20
71.89195000000001
 30
0
 10
123.38344
 20
71.8432
 30
0
 10
123.38344
 20
71.8432
 30
0
 10
123.62584
 20
71.75626
 30
0
 10
123.63202
 20
71.75527
 30
0
 10
123.70561
 20
71.79034
 30
0
 10
123.70561
 20
71.79034
 30
0
 10
123.74689
 20
71.81002000000001
 30
0
 10
123.78064
 20
71.8411
 30
0
 10
123.78064
 20
71.85943
 30
0
 10
123.78064
 20
71.85943
 30
0
 10
123.78064
 20
71.87773
 30
0
 10
123.72427
 20
71.98219
 30
0
 10
123.65533
 20
72.09151
 30
0
  0
SPLINE
  5
1F5
100
AcDbEntity
  8
layer 1
  6
CONTINUOUS
 62
    1
370
    5
100
AcDbSpline
210
0
220
0
230
0
 70
    8
 71
    3
 72
   12
 73
    8
 74
    0
 42
1e-07
 43
1e-07
 40
0
 40
0
 40
0
 40
0
 40
0.3333333
 40
0.3333333
 40
0.3333333
 40
0.3333333
 40
1
 40
1
 40
1
 40
1
 10
123.65533
 20
72.09151
 30
0
 10
123.65533
 20
72.09151
 30
0
 10
123.53002
 20
72.29034999999999
 30
0
 10
123.53002
 20
72.29034999999999
 30
0
 10
123.53002
 20
72.29034999999999
 30
0
 10
123.53002
 20
72.29034999999999
 30
0
 10
123.31471
 20
72.39838
 30
0
 10
123.31471
 20
72.39838
 30
0
  0
SPLINE
  5
1F6
100
AcDbEntity
  8
layer 1
  6
CONTINUOUS
 62
    1
370
    5
100
AcDbSpline
210
0
220
0
230
0
 70
    8
 71
    3
 72
   12
 73
    8
 74
    0
 42
1e-07
 43
1e-07
 40
0
 40
0
 40
0
 40
0
 40
0.3333333
 40
0.3333333
 40
0.3333333
 40
0.3333333
 40
1
 40
1
 40
1
 40
1
 10
123.31471
 20
72.39838
 30
0
 10
123.12472
 20
72.49372
 30
0
 10
123.10081
 20
72.51205
 30
0
 10
123.11131
 20
72.55435
 30
0
 10
123.11131
 20
72.55435
 30
0
 10
123.11788
 20
72.58069
 30
0
 10
123.12961
 20
72.66615999999999
 30
0
 10
123.13741
 20
72.74422
 30
0
  0
SPLINE
  5
1F7
100
AcDbEntity
  8
layer 1
  6
CONTINUOUS
 62
    1
370
    5
100
AcDbSpline
210
0
220
0
230
0
 70
    8
 71
    3
 72
   12
 73
    8
 74
    0
 42
1e-07
 43
1e-07
 40
0
 40
0
 40
0
 40
0
 40
0.3333333
 40
0.3333333
 40
0.3333333
 40
0.3333333
 40
1
 40
1
 40
1
 40
1
 10
123.13741
 20
72.74422
 30
0
 10
123.13741
 20
72.74422
 30
0
 10
123.1516
 20
72.88620999999999
 30
0
 10
123.1516
 20
72.88620999999999
 30
0
 10
123.1516
 20
72.88620999999999
 30
0
 10
123.1516
 20
72.88620999999999
 30
0
 10
122.08321
 20
74.56813
 30
0
 10
122.08321
 20
74.56813
 30
0
  0
SPLINE
  5
1F8
100
AcDbEntity
  8
layer 1
  6
CONTINUOUS
 62
    1
370
    5
100
AcDbSpline
210
0
220
0
230
0
 70
    8
 71
    3
 72
   20
 73
   16
 74
    0
 42
1e-07
 43
1e-07
 40
0
 40
0
 40
0
 40
0
 40
0.2
 40
0.2
 40
0.2
 40
0.2
 40
0.4
 40
0.4
 40
0.4
 40
0.4
 40
0.6
 40
0.6
 40
0.6
 40
0.6
 40
1
 40
1
 40
1
 40
1
 10
122.08321
 20
74.56813
 30
0
 10
121.4956
 20
75.49318
 30
0
 10
120.97882
 20
76.31443
 30
0
 10
120.93484
 20
76.39309
 30
0
 10
120.93484
 20
76.39309
 30
0
 10
120.58588
 20
77.01709
 30
0
 10
120.5215
 20
77.65416999999999
 30
0
 10
120.75832
 20
78.13942
 30
0
 10
120.75832
 20
78.13942
 30
0
 10
120.91507
 20
78.4606
 30
0
 10
121.26976
 20
78.74406999999999
 30
0
 10
121.68436
 20
78.87952
 30
0
 10
121.68436
 20
78.87952
 30
0
 10
122.06482
 20
79.00381
 30
0
 10
121.93849
 20
78.99847
 30
0
 10
124.71226
 20
79.00696000000001
 30
0
  0
SPLINE
  5
1F9
100
AcDbEntity
  8
layer 1
  6
CONTINUOUS
 62
    1
370
    5
100
AcDbSpline
210
0
220
0
230
0
 70
    8
 71
    3
 72
   20
 73
   16
 74
    0
 42
1e-07
 43
1e-07
 40
0
 40
0
 40
0
 40
0
 40
0.2
 40
0.2
 40
0.2
 40
0.2
 40
0.4
 40
0.4
 40
0.4
 40
0.4
 40
0.6
 40
0.6
 40
0.6
 40
0.6
 40
1
 40
1
 40
1
 40
1
 10
124.71226
 20
79.00696000000001
 30
0
 10
124.71226
 20
79.00696000000001
 30
0
 10
127.27117
 20
79.01482
 30
0
 10
127.27117
 20
79.01482
 30
0
 10
127.27117
 20
79.01482
 30
0
 10
127.27117
 20
79.01482
 30
0
 10
127.24339
 20
79.13433999999999
 30
0
 10
127.24339
 20
79.13433999999999
 30
0
 10
127.24339
 20
79.13433999999999
 30
0
 10
127.24339
 20
79.13433999999999
 30
0
 10
127.21561
 20
79.25385999999999
 30
0
 10
127.21561
 20
79.25385999999999
 30
0
 10
127.21561
 20
79.25385999999999
 30
0
 10
127.21561
 20
79.25385999999999
 30
0
 10
127.51312
 20
79.43509
 30
0
 10
127.51312
 20
79.43509
 30
0
  0
SPLINE
  5
1FA
100
AcDbEntity
  8
layer 1
  6
CONTINUOUS
 62
    1
370
    5
100
AcDbSpline
210
0
220
0
230
0
 70
    8
 71
    3
 72
    8
 73
    4
 74
    0
 42
1e-07
 43
1e-07
 40
0
 40
0
 40
0
 40
0
 40
1
 40
1
 40
1
 40
1
 10
127.51312
 20
79.43509
 30
0
 10
127.67677
 20
79.53478
 30
0
 10
127.88638
 20
79.65754
 30
0
 10
127.97893
 20
79.70791
 30
0
  0
SPLINE
  5
1FB
100
AcDbEntity
  8
layer 1
  6
CONTINUOUS
 62
    1
370
    5
100
AcDbSpline
210
0
220
0
230
0
 70
    8
 71
    3
 72
   12
 73
    8
 74
    0
 42
1e-07
 43
1e-07
 40
0
 40
0
 40
0
 40
0
 40
0.3333333
 40
0.3333333
 40
0.3333333
 40
0.3333333
 40
1
 40
1
 40
1
 40
1
 10
127.97893
 20
79.70791
 30
0
 10
127.97893
 20
79.70791
 30
0
 10
128.14723
 20
79.79949999999999
 30
0
 10
128.14723
 20
79.79949999999999
 30
0
 10
128.14723
 20
79.79949999999999
 30
0
 10
128.14723
 20
79.79949999999999
 30
0
 10
128.16193
 20
79.71756999999999
 30
0
 10
128.16193
 20
79.71756999999999
 30
0
  0
SPLINE
  5
1FC
100
AcDbEntity
  8
layer 1
  6
CONTINUOUS
 62
    1
370
    5
100
AcDbSpline
210
0
220
0
230
0
 70
    8
 71
    3
 72
   24
 73
   20
 74
    0
 42
1e-07
 43
1e-07
 40
0
 40
0
 40
0
 40
0
 40
0.1666667
 40
0.1666667
 40
0.1666667
 40
0.1666667
 40
0.3333333
 40
0.3333333
 40
0.3333333
 40
0.3333333
 40
0.5
 40
0.5
 40
0.5
 40
0.5
 40
0.6666666999999999
 40
0.6666666999999999
 40
0.6666666999999999
 40
0.6666666999999999
 40
1
 40
1
 40
1
 40
1
 10
128.16193
 20
79.71756999999999
 30
0
 10
128.23993
 20
79.2835
 30
0
 10
128.25445
 20
79.2277
 30
0
 10
128.30278
 20
79.17625
 30
0
 10
128.30278
 20
79.17625
 30
0
 10
128.37532
 20
79.09905999999999
 30
0
 10
128.53558
 20
79.09969
 30
0
 10
128.6134
 20
79.17754000000001
 30
0
 10
128.6134
 20
79.17754000000001
 30
0
 10
128.68828
 20
79.25242
 30
0
 10
128.69197
 20
79.28701
 30
0
 10
128.66722
 20
79.68048999999999
 30
0
 10
128.66722
 20
79.68048999999999
 30
0
 10
128.64931
 20
79.9654
 30
0
 10
128.65075
 20
80.02587999999999
 30
0
 10
128.67595
 20
80.04201999999999
 30
0
 10
128.67595
 20
80.04201999999999
 30
0
 10
128.72992
 20
80.07655
 30
0
 10
129.26818
 20
80.28523
 30
0
 10
129.49255
 20
80.35861
 30
0
  0
SPLINE
  5
1FD
100
AcDbEntity
  8
layer 1
  6
CONTINUOUS
 62
    1
370
    5
100
AcDbSpline
210
0
220
0
230
0
 70
    8
 71
    3
 72
   12
 73
    8
 74
    0
 42
1e-07
 43
1e-07
 40
0
 40
0
 40
0
 40
0
 40
0.3333333
 40
0.3333333
 40
0.3333333
 40
0.3333333
 40
1
 40
1
 40
1
 40
1
 10
129.49255
 20
80.35861
 30
0
 10
129.49255
 20
80.35861
 30
0
 10
129.71098
 20
80.43001
 30
0
 10
129.71098
 20
80.43001
 30
0
 10
129.71098
 20
80.43001
 30
0
 10
129.71098
 20
80.43001
 30
0
 10
129.7219
 20
80.11801
 30
0
 10
129.7219
 20
80.11801
 30
0
  0
SPLINE
  5
1FE
100
AcDbEntity
  8
layer 1
  6
CONTINUOUS
 62
    1
370
    5
100
AcDbSpline
210
0
220
0
230
0
 70
    8
 71
    3
 72
   60
 73
   56
 74
    0
 42
1e-07
 43
1e-07
 40
0
 40
0
 40
0
 40
0
 40
0.0666667
 40
0.0666667
 40
0.0666667
 40
0.0666667
 40
0.1333333
 40
0.1333333
 40
0.1333333
 40
0.1333333
 40
0.2
 40
0.2
 40
0.2
 40
0.2
 40
0.2666667
 40
0.2666667
 40
0.2666667
 40
0.2666667
 40
0.3333333
 40
0.3333333
 40
0.3333333
 40
0.3333333
 40
0.4
 40
0.4
 40
0.4
 40
0.4
 40
0.4666667
 40
0.4666667
 40
0.4666667
 40
0.4666667
 40
0.5333333
 40
0.5333333
 40
0.5333333
 40
0.5333333
 40
0.6
 40
0.6
 40
0.6
 40
0.6
 40
0.6666666999999999
 40
0.6666666999999999
 40
0.6666666999999999
 40
0.6666666999999999
 40
0.7333333
 40
0.7333333
 40
0.7333333
 40
0.7333333
 40
0.7999999999999999
 40
0.7999999999999999
 40
0.7999999999999999
 40
0.7999999999999999
 40
0.8666667
 40
0.8666667
 40
0.8666667
 40
0.8666667
 40
1
 40
1
 40
1
 40
1
 10
129.7219
 20
80.11801
 30
0
 10
129.73384
 20
79.77646
 30
0
 10
129.74242
 20
79.75221999999999
 30
0
 10
129.86563
 20
79.71156999999999
 30
0
 10
129.86563
 20
79.71156999999999
 30
0
 10
129.9718
 20
79.67653
 30
0
 10
130.08307
 20
79.71664
 30
0
 10
130.12987
 20
79.80682
 30
0
 10
130.12987
 20
79.80682
 30
0
 10
130.15081
 20
79.84714
 30
0
 10
130.18231
 20
80.01643
 30
0
 10
130.20547
 20
80.21296
 30
0
 10
130.20547
 20
80.21296
 30
0
 10
130.22728
 20
80.39829999999999
 30
0
 10
130.25275
 20
80.55714999999999
 30
0
 10
130.26202
 20
80.56594
 30
0
 10
130.26202
 20
80.56594
 30
0
 10
130.28866
 20
80.5912
 30
0
 10
131.19376
 20
80.76061
 30
0
 10
131.30209
 20
80.76061
 30
0
 10
131.30209
 20
80.76061
 30
0
 10
131.30638
 20
80.76061
 30
0
 10
131.28712
 20
80.63257
 30
0
 10
131.25931
 20
80.47611999999999
 30
0
 10
131.25931
 20
80.47611999999999
 30
0
 10
131.20261
 20
80.15728
 30
0
 10
131.20948
 20
80.10502
 30
0
 10
131.31607
 20
80.04436
 30
0
 10
131.31607
 20
80.04436
 30
0
 10
131.35216
 20
80.02381
 30
0
 10
131.38174
 20
79.99444
 30
0
 10
131.3818
 20
79.97901999999999
 30
0
 10
131.3818
 20
79.97901999999999
 30
0
 10
131.38207
 20
79.92748
 30
0
 10
131.47063
 20
79.11214
 30
0
 10
131.48137
 20
79.06231
 30
0
 10
131.48137
 20
79.06231
 30
0
 10
131.49067
 20
79.01934999999999
 30
0
 10
131.50567
 20
79.01316999999999
 30
0
 10
131.6008
 20
79.01316999999999
 30
0
 10
131.6008
 20
79.01316999999999
 30
0
 10
131.66062
 20
79.01316999999999
 30
0
 10
131.70958
 20
79.02109
 30
0
 10
131.70958
 20
79.03077999999999
 30
0
 10
131.70958
 20
79.03077999999999
 30
0
 10
131.70958
 20
79.04047
 30
0
 10
131.68477
 20
79.27273
 30
0
 10
131.65441
 20
79.54692999999999
 30
0
 10
131.65441
 20
79.54692999999999
 30
0
 10
131.59945
 20
80.04382
 30
0
 10
131.59939
 20
80.04583
 30
0
 10
131.64148
 20
80.13547
 30
0
 10
131.64148
 20
80.13547
 30
0
 10
131.6647
 20
80.18496999999999
 30
0
 10
131.72146
 20
80.35525
 30
0
 10
131.76763
 20
80.51389
 30
0
  0
SPLINE
  5
1FF
100
AcDbEntity
  8
layer 1
  6
CONTINUOUS
 62
    1
370
    5
100
AcDbSpline
210
0
220
0
230
0
 70
    8
 71
    3
 72
   12
 73
    8
 74
    0
 42
1e-07
 43
1e-07
 40
0
 40
0
 40
0
 40
0
 40
0.3333333
 40
0.3333333
 40
0.3333333
 40
0.3333333
 40
1
 40
1
 40
1
 40
1
 10
131.76763
 20
80.51389
 30
0
 10
131.76763
 20
80.51389
 30
0
 10
131.85157
 20
80.80234
 30
0
 10
131.85157
 20
80.80234
 30
0
 10
131.85157
 20
80.80234
 30
0
 10
131.85157
 20
80.80234
 30
0
 10
131.94985
 20
80.81125
 30
0
 10
131.94985
 20
80.81125
 30
0
  0
SPLINE
  5
200
100
AcDbEntity
  8
layer 1
  6
CONTINUOUS
 62
    1
370
    5
100
AcDbSpline
210
0
220
0
230
0
 70
    8
 71
    3
 72
   24
 73
   20
 74
    0
 42
1e-07
 43
1e-07
 40
0
 40
0
 40
0
 40
0
 40
0.1666667
 40
0.1666667
 40
0.1666667
 40
0.1666667
 40
0.3333333
 40
0.3333333
 40
0.3333333
 40
0.3333333
 40
0.5
 40
0.5
 40
0.5
 40
0.5
 40
0.6666666999999999
 40
0.6666666999999999
 40
0.6666666999999999
 40
0.6666666999999999
 40
1
 40
1
 40
1
 40
1
 10
131.94985
 20
80.81125
 30
0
 10
132.08998
 20
80.82391
 30
0
 10
132.90508
 20
80.81746
 30
0
 10
132.91894
 20
80.80356999999999
 30
0
 10
132.91894
 20
80.80356999999999
 30
0
 10
132.9253
 20
80.79718
 30
0
 10
132.88675
 20
80.67136000000001
 30
0
 10
132.83323
 20
80.524
 30
0
 10
132.83323
 20
80.524
 30
0
 10
132.77101
 20
80.35276
 30
0
 10
132.74056
 20
80.23747
 30
0
 10
132.74881
 20
80.20456
 30
0
 10
132.74881
 20
80.20456
 30
0
 10
132.78139
 20
80.07487
 30
0
 10
132.98386
 20
79.99663
 30
0
 10
133.09633
 20
80.07030999999999
 30
0
 10
133.09633
 20
80.07030999999999
 30
0
 10
133.13143
 20
80.09331999999999
 30
0
 10
133.21168
 20
80.22654999999999
 30
0
 10
133.31653
 20
80.43589
 30
0
  0
SPLINE
  5
201
100
AcDbEntity
  8
layer 1
  6
CONTINUOUS
 62
    1
370
    5
100
AcDbSpline
210
0
220
0
230
0
 70
    8
 71
    3
 72
   12
 73
    8
 74
    0
 42
1e-07
 43
1e-07
 40
0
 40
0
 40
0
 40
0
 40
0.3333333
 40
0.3333333
 40
0.3333333
 40
0.3333333
 40
1
 40
1
 40
1
 40
1
 10
133.31653
 20
80.43589
 30
0
 10
133.31653
 20
80.43589
 30
0
 10
133.4815
 20
80.76526
 30
0
 10
133.4815
 20
80.76526
 30
0
 10
133.4815
 20
80.76526
 30
0
 10
133.4815
 20
80.76526
 30
0
 10
133.60576
 20
80.75082999999999
 30
0
 10
133.60576
 20
80.75082999999999
 30
0
  0
SPLINE
  5
202
100
AcDbEntity
  8
layer 1
  6
CONTINUOUS
 62
    1
370
    5
100
AcDbSpline
210
0
220
0
230
0
 70
    8
 71
    3
 72
    8
 73
    4
 74
    0
 42
1e-07
 43
1e-07
 40
0
 40
0
 40
0
 40
0
 40
1
 40
1
 40
1
 40
1
 10
133.60576
 20
80.75082999999999
 30
0
 10
133.80373
 20
80.72779
 30
0
 10
134.36941
 20
80.62831
 30
0
 10
134.46115
 20
80.60041
 30
0
  0
SPLINE
  5
203
100
AcDbEntity
  8
layer 1
  6
CONTINUOUS
 62
    1
370
    5
100
AcDbSpline
210
0
220
0
230
0
 70
    8
 71
    3
 72
   12
 73
    8
 74
    0
 42
1e-07
 43
1e-07
 40
0
 40
0
 40
0
 40
0
 40
0.3333333
 40
0.3333333
 40
0.3333333
 40
0.3333333
 40
1
 40
1
 40
1
 40
1
 10
134.46115
 20
80.60041
 30
0
 10
134.46115
 20
80.60041
 30
0
 10
134.54494
 20
80.57491
 30
0
 10
134.54494
 20
80.57491
 30
0
 10
134.54494
 20
80.57491
 30
0
 10
134.54494
 20
80.57491
 30
0
 10
134.40553
 20
80.33463999999999
 30
0
 10
134.40553
 20
80.33463999999999
 30
0
  0
SPLINE
  5
204
100
AcDbEntity
  8
layer 1
  6
CONTINUOUS
 62
    1
370
    5
100
AcDbSpline
210
0
220
0
230
0
 70
    8
 71
    3
 72
   24
 73
   20
 74
    0
 42
1e-07
 43
1e-07
 40
0
 40
0
 40
0
 40
0
 40
0.1666667
 40
0.1666667
 40
0.1666667
 40
0.1666667
 40
0.3333333
 40
0.3333333
 40
0.3333333
 40
0.3333333
 40
0.5
 40
0.5
 40
0.5
 40
0.5
 40
0.6666666999999999
 40
0.6666666999999999
 40
0.6666666999999999
 40
0.6666666999999999
 40
1
 40
1
 40
1
 40
1
 10
134.40553
 20
80.33463999999999
 30
0
 10
134.24332
 20
80.0551
 30
0
 10
134.2309
 20
79.98330999999999
 30
0
 10
134.32792
 20
79.88629
 30
0
 10
134.32792
 20
79.88629
 30
0
 10
134.36242
 20
79.85178999999999
 30
0
 10
134.41753
 20
79.81681
 30
0
 10
134.45038
 20
79.80855999999999
 30
0
 10
134.45038
 20
79.80855999999999
 30
0
 10
134.56081
 20
79.78087000000001
 30
0
 10
134.63527
 20
79.84285
 30
0
 10
134.85496
 20
80.14530999999999
 30
0
 10
134.85496
 20
80.14530999999999
 30
0
 10
134.96908
 20
80.30248
 30
0
 10
135.07762
 20
80.43145
 30
0
 10
135.09613
 20
80.43196
 30
0
 10
135.09613
 20
80.43196
 30
0
 10
135.14077
 20
80.43321999999999
 30
0
 10
135.6439
 20
80.26281999999999
 30
0
 10
135.89707
 20
80.16070000000001
 30
0
  0
SPLINE
  5
205
100
AcDbEntity
  8
layer 1
  6
CONTINUOUS
 62
    1
370
    5
100
AcDbSpline
210
0
220
0
230
0
 70
    8
 71
    3
 72
   12
 73
    8
 74
    0
 42
1e-07
 43
1e-07
 40
0
 40
0
 40
0
 40
0
 40
0.3333333
 40
0.3333333
 40
0.3333333
 40
0.3333333
 40
1
 40
1
 40
1
 40
1
 10
135.89707
 20
80.16070000000001
 30
0
 10
135.89707
 20
80.16070000000001
 30
0
 10
136.09828
 20
80.07955
 30
0
 10
136.09828
 20
80.07955
 30
0
 10
136.09828
 20
80.07955
 30
0
 10
136.09828
 20
80.07955
 30
0
 10
135.91258
 20
79.85787999999999
 30
0
 10
135.91258
 20
79.85787999999999
 30
0
  0
SPLINE
  5
206
100
AcDbEntity
  8
layer 1
  6
CONTINUOUS
 62
    1
370
    5
100
AcDbSpline
210
0
220
0
230
0
 70
    8
 71
    3
 72
   20
 73
   16
 74
    0
 42
1e-07
 43
1e-07
 40
0
 40
0
 40
0
 40
0
 40
0.2
 40
0.2
 40
0.2
 40
0.2
 40
0.4
 40
0.4
 40
0.4
 40
0.4
 40
0.6
 40
0.6
 40
0.6
 40
0.6
 40
1
 40
1
 40
1
 40
1
 10
135.91258
 20
79.85787999999999
 30
0
 10
135.81046
 20
79.73595999999999
 30
0
 10
135.72094
 20
79.61251
 30
0
 10
135.71365
 20
79.5835
 30
0
 10
135.71365
 20
79.5835
 30
0
 10
135.68623
 20
79.47423999999999
 30
0
 10
135.82651
 20
79.31892999999999
 30
0
 10
135.95263
 20
79.31892999999999
 30
0
 10
135.95263
 20
79.31892999999999
 30
0
 10
136.01767
 20
79.31892999999999
 30
0
 10
136.13965
 20
79.40665
 30
0
 10
136.28566
 20
79.55844999999999
 30
0
 10
136.28566
 20
79.55844999999999
 30
0
 10
136.34572
 20
79.62088
 30
0
 10
136.44151
 20
79.71132999999999
 30
0
 10
136.49851
 20
79.75950999999999
 30
0
  0
SPLINE
  5
207
100
AcDbEntity
  8
layer 1
  6
CONTINUOUS
 62
    1
370
    5
100
AcDbSpline
210
0
220
0
230
0
 70
    8
 71
    3
 72
   12
 73
    8
 74
    0
 42
1e-07
 43
1e-07
 40
0
 40
0
 40
0
 40
0
 40
0.3333333
 40
0.3333333
 40
0.3333333
 40
0.3333333
 40
1
 40
1
 40
1
 40
1
 10
136.49851
 20
79.75950999999999
 30
0
 10
136.49851
 20
79.75950999999999
 30
0
 10
136.60216
 20
79.84708000000001
 30
0
 10
136.60216
 20
79.84708000000001
 30
0
 10
136.60216
 20
79.84708000000001
 30
0
 10
136.60216
 20
79.84708000000001
 30
0
 10
136.82617
 20
79.72816
 30
0
 10
136.82617
 20
79.72816
 30
0
  0
SPLINE
  5
208
100
AcDbEntity
  8
layer 1
  6
CONTINUOUS
 62
    1
370
    5
100
AcDbSpline
210
0
220
0
230
0
 70
    8
 71
    3
 72
    8
 73
    4
 74
    0
 42
1e-07
 43
1e-07
 40
0
 40
0
 40
0
 40
0
 40
1
 40
1
 40
1
 40
1
 10
136.82617
 20
79.72816
 30
0
 10
137.09641
 20
79.5847
 30
0
 10
137.40325
 20
79.40415999999999
 30
0
 10
137.47369
 20
79.34712999999999
 30
0
  0
SPLINE
  5
209
100
AcDbEntity
  8
layer 1
  6
CONTINUOUS
 62
    1
370
    5
100
AcDbSpline
210
0
220
0
230
0
 70
    8
 71
    3
 72
   20
 73
   16
 74
    0
 42
1e-07
 43
1e-07
 40
0
 40
0
 40
0
 40
0
 40
0.2
 40
0.2
 40
0.2
 40
0.2
 40
0.4
 40
0.4
 40
0.4
 40
0.4
 40
0.6
 40
0.6
 40
0.6
 40
0.6
 40
1
 40
1
 40
1
 40
1
 10
137.47369
 20
79.34712999999999
 30
0
 10
137.47369
 20
79.34712999999999
 30
0
 10
137.52514
 20
79.30546
 30
0
 10
137.52514
 20
79.30546
 30
0
 10
137.52514
 20
79.30546
 30
0
 10
137.52514
 20
79.30546
 30
0
 10
137.35783
 20
79.16476
 30
0
 10
137.35783
 20
79.16476
 30
0
 10
137.35783
 20
79.16476
 30
0
 10
137.35783
 20
79.16476
 30
0
 10
137.19052
 20
79.02405999999999
 30
0
 10
137.19052
 20
79.02405999999999
 30
0
 10
137.19052
 20
79.02405999999999
 30
0
 10
137.19052
 20
79.02405999999999
 30
0
 10
139.78516
 20
79.01119
 30
0
 10
139.78516
 20
79.01119
 30
0
  0
SPLINE
  5
20A
100
AcDbEntity
  8
layer 1
  6
CONTINUOUS
 62
    1
370
    5
100
AcDbSpline
210
0
220
0
230
0
 70
    8
 71
    3
 72
   28
 73
   24
 74
    0
 42
1e-07
 43
1e-07
 40
0
 40
0
 40
0
 40
0
 40
0.1428571
 40
0.1428571
 40
0.1428571
 40
0.1428571
 40
0.2857143
 40
0.2857143
 40
0.2857143
 40
0.2857143
 40
0.4285714
 40
0.4285714
 40
0.4285714
 40
0.4285714
 40
0.5714286
 40
0.5714286
 40
0.5714286
 40
0.5714286
 40
0.7142856999999999
 40
0.7142856999999999
 40
0.7142856999999999
 40
0.7142856999999999
 40
1
 40
1
 40
1
 40
1
 10
139.78516
 20
79.01119
 30
0
 10
141.54142
 20
79.00246
 30
0
 10
142.41688
 20
78.99055
 30
0
 10
142.49455
 20
78.97426
 30
0
 10
142.49455
 20
78.97426
 30
0
 10
143.01085
 20
78.86605
 30
0
 10
143.35513
 20
78.69444999999999
 30
0
 10
143.59813
 20
78.42417999999999
 30
0
 10
143.59813
 20
78.42417999999999
 30
0
 10
143.72851
 20
78.27915999999999
 30
0
 10
143.79595
 20
78.16095999999999
 30
0
 10
143.86795
 20
77.95134999999999
 30
0
 10
143.86795
 20
77.95134999999999
 30
0
 10
143.92024
 20
77.7991
 30
0
 10
143.92705
 20
77.74719999999999
 30
0
 10
143.92627
 20
77.506
 30
0
 10
143.92627
 20
77.506
 30
0
 10
143.92513
 20
77.14309
 30
0
 10
143.86225
 20
76.89799000000001
 30
0
 10
143.67409
 20
76.52305
 30
0
 10
143.67409
 20
76.52305
 30
0
 10
143.59516
 20
76.36582
 30
0
 10
143.13229
 20
75.61402
 30
0
 10
142.58269
 20
74.75035
 30
0
  0
SPLINE
  5
20B
100
AcDbEntity
  8
layer 1
  6
CONTINUOUS
 62
    1
370
    5
100
AcDbSpline
210
0
220
0
230
0
 70
    8
 71
    3
 72
   12
 73
    8
 74
    0
 42
1e-07
 43
1e-07
 40
0
 40
0
 40
0
 40
0
 40
0.3333333
 40
0.3333333
 40
0.3333333
 40
0.3333333
 40
1
 40
1
 40
1
 40
1
 10
142.58269
 20
74.75035
 30
0
 10
142.58269
 20
74.75035
 30
0
 10
141.62836
 20
73.25067999999999
 30
0
 10
141.62836
 20
73.25067999999999
 30
0
 10
141.62836
 20
73.25067999999999
 30
0
 10
141.62836
 20
73.25067999999999
 30
0
 10
141.66862
 20
73.01383
 30
0
 10
141.66862
 20
73.01383
 30
0
  0
SPLINE
  5
20C
100
AcDbEntity
  8
layer 1
  6
CONTINUOUS
 62
    1
370
    5
100
AcDbSpline
210
0
220
0
230
0
 70
    8
 71
    3
 72
   12
 73
    8
 74
    0
 42
1e-07
 43
1e-07
 40
0
 40
0
 40
0
 40
0
 40
0.3333333
 40
0.3333333
 40
0.3333333
 40
0.3333333
 40
1
 40
1
 40
1
 40
1
 10
141.66862
 20
73.01383
 30
0
 10
141.73783
 20
72.60666999999999
 30
0
 10
141.74128
 20
72.56941
 30
0
 10
141.70948
 20
72.57046
 30
0
 10
141.70948
 20
72.57046
 30
0
 10
141.69373
 20
72.57097
 30
0
 10
141.58378
 20
72.58909
 30
0
 10
141.46513
 20
72.61066
 30
0
  0
SPLINE
  5
20D
100
AcDbEntity
  8
layer 1
  6
CONTINUOUS
 62
    1
370
    5
100
AcDbSpline
210
0
220
0
230
0
 70
    8
 71
    3
 72
   12
 73
    8
 74
    0
 42
1e-07
 43
1e-07
 40
0
 40
0
 40
0
 40
0
 40
0.3333333
 40
0.3333333
 40
0.3333333
 40
0.3333333
 40
1
 40
1
 40
1
 40
1
 10
141.46513
 20
72.61066
 30
0
 10
141.46513
 20
72.61066
 30
0
 10
141.24943
 20
72.64993
 30
0
 10
141.24943
 20
72.64993
 30
0
 10
141.24943
 20
72.64993
 30
0
 10
141.24943
 20
72.64993
 30
0
 10
141.13204
 20
72.46795
 30
0
 10
141.13204
 20
72.46795
 30
0
  0
SPLINE
  5
20E
100
AcDbEntity
  8
layer 1
  6
CONTINUOUS
 62
    1
370
    5
100
AcDbSpline
210
0
220
0
230
0
 70
    8
 71
    3
 72
   84
 73
   80
 74
    0
 42
1e-07
 43
1e-07
 40
0
 40
0
 40
0
 40
0
 40
0.04761899999999999
 40
0.04761899999999999
 40
0.04761899999999999
 40
0.04761899999999999
 40
0.09523809999999999
 40
0.09523809999999999
 40
0.09523809999999999
 40
0.09523809999999999
 40
0.1428571
 40
0.1428571
 40
0.1428571
 40
0.1428571
 40
0.1904762
 40
0.1904762
 40
0.1904762
 40
0.1904762
 40
0.2380952
 40
0.2380952
 40
0.2380952
 40
0.2380952
 40
0.2857143
 40
0.2857143
 40
0.2857143
 40
0.2857143
 40
0.3333333
 40
0.3333333
 40
0.3333333
 40
0.3333333
 40
0.3809524
 40
0.3809524
 40
0.3809524
 40
0.3809524
 40
0.4285714
 40
0.4285714
 40
0.4285714
 40
0.4285714
 40
0.4761905
 40
0.4761905
 40
0.4761905
 40
0.4761905
 40
0.5238094999999999
 40
0.5238094999999999
 40
0.5238094999999999
 40
0.5238094999999999
 40
0.5714286
 40
0.5714286
 40
0.5714286
 40
0.5714286
 40
0.6190475999999999
 40
0.6190475999999999
 40
0.6190475999999999
 40
0.6190475999999999
 40
0.6666666999999999
 40
0.6666666999999999
 40
0.6666666999999999
 40
0.6666666999999999
 40
0.7142856999999999
 40
0.7142856999999999
 40
0.7142856999999999
 40
0.7142856999999999
 40
0.7619047999999999
 40
0.7619047999999999
 40
0.7619047999999999
 40
0.7619047999999999
 40
0.8095238
 40
0.8095238
 40
0.8095238
 40
0.8095238
 40
0.8571428999999999
 40
0.8571428999999999
 40
0.8571428999999999
 40
0.8571428999999999
 40
0.9047619
 40
0.9047619
 40
0.9047619
 40
0.9047619
 40
1
 40
1
 40
1
 40
1
 10
141.13204
 20
72.46795
 30
0
 10
141.06745
 20
72.36787
 30
0
 10
141.01462
 20
72.28243000000001
 30
0
 10
141.01462
 20
72.27813999999999
 30
0
 10
141.01462
 20
72.27813999999999
 30
0
 10
141.01462
 20
72.25945
 30
0
 10
141.1999
 20
72.19153
 30
0
 10
141.47149
 20
72.11071
 30
0
 10
141.47149
 20
72.11071
 30
0
 10
141.63265
 20
72.06274000000001
 30
0
 10
141.77026
 20
72.01777
 30
0
 10
141.77728
 20
72.01075
 30
0
 10
141.77728
 20
72.01075
 30
0
 10
141.79927
 20
71.98878999999999
 30
0
 10
141.80392
 20
71.00971
 30
0
 10
141.78223
 20
70.97736999999999
 30
0
 10
141.78223
 20
70.97736999999999
 30
0
 10
141.7654
 20
70.95232
 30
0
 10
141.71698
 20
70.96290999999999
 30
0
 10
141.50695
 20
71.03743
 30
0
 10
141.50695
 20
71.03743
 30
0
 10
141.36676
 20
71.08717
 30
0
 10
141.2332
 20
71.12788
 30
0
 10
141.21016
 20
71.12788
 30
0
 10
141.21016
 20
71.12788
 30
0
 10
141.13585
 20
71.12788
 30
0
 10
141.03493
 20
71.01652
 30
0
 10
141.02212
 20
70.92036999999999
 30
0
 10
141.02212
 20
70.92036999999999
 30
0
 10
141.00424
 20
70.78630000000001
 30
0
 10
141.06139
 20
70.73344
 30
0
 10
141.41569
 20
70.55641
 30
0
 10
141.41569
 20
70.55641
 30
0
 10
141.58555
 20
70.47157
 30
0
 10
141.72832
 20
70.39864
 30
0
 10
141.73291
 20
70.39438
 30
0
 10
141.73291
 20
70.39438
 30
0
 10
141.75658
 20
70.37254
 30
0
 10
141.59389
 20
69.38652999999999
 30
0
 10
141.56077
 20
69.35113
 30
0
 10
141.56077
 20
69.35113
 30
0
 10
141.55129
 20
69.34102
 30
0
 10
141.43684
 20
69.39448
 30
0
 10
141.3064
 20
69.46993000000001
 30
0
 10
141.3064
 20
69.46993000000001
 30
0
 10
141.15022
 20
69.56029000000001
 30
0
 10
141.04519
 20
69.60724
 30
0
 10
140.99884
 20
69.60739
 30
0
 10
140.99884
 20
69.60739
 30
0
 10
140.91805
 20
69.60766
 30
0
 10
140.83552
 20
69.54091
 30
0
 10
140.79466
 20
69.44226999999999
 30
0
 10
140.79466
 20
69.44226999999999
 30
0
 10
140.7472
 20
69.32769999999999
 30
0
 10
140.80528
 20
69.25248999999999
 30
0
 10
141.12358
 20
69.01608999999999
 30
0
 10
141.12358
 20
69.01608999999999
 30
0
 10
141.29434
 20
68.88928
 30
0
 10
141.4078
 20
68.79016
 30
0
 10
141.4078
 20
68.76781
 30
0
 10
141.4078
 20
68.76781
 30
0
 10
141.4078
 20
68.69653
 30
0
 10
141.10213
 20
67.84483
 30
0
 10
141.06145
 20
67.80270999999999
 30
0
 10
141.06145
 20
67.80270999999999
 30
0
 10
141.05296
 20
67.79392
 30
0
 10
140.94493
 20
67.87009
 30
0
 10
140.82139
 20
67.97199999999999
 30
0
 10
140.82139
 20
67.97199999999999
 30
0
 10
140.63389
 20
68.12665
 30
0
 10
140.58409
 20
68.15725
 30
0
 10
140.52004
 20
68.15725
 30
0
 10
140.52004
 20
68.15725
 30
0
 10
140.43103
 20
68.15725
 30
0
 10
140.32717
 20
68.06872
 30
0
 10
140.30293
 20
67.97218000000001
 30
0
 10
140.30293
 20
67.97218000000001
 30
0
 10
140.2801
 20
67.88124999999999
 30
0
 10
140.3257
 20
67.81075
 30
0
 10
140.58751
 20
67.53217000000001
 30
0
  0
SPLINE
  5
20F
100
AcDbEntity
  8
layer 1
  6
CONTINUOUS
 62
    1
370
    5
100
AcDbSpline
210
0
220
0
230
0
 70
    8
 71
    3
 72
   12
 73
    8
 74
    0
 42
1e-07
 43
1e-07
 40
0
 40
0
 40
0
 40
0
 40
0.3333333
 40
0.3333333
 40
0.3333333
 40
0.3333333
 40
1
 40
1
 40
1
 40
1
 10
140.58751
 20
67.53217000000001
 30
0
 10
140.58751
 20
67.53217000000001
 30
0
 10
140.82658
 20
67.27777
 30
0
 10
140.82658
 20
67.27777
 30
0
 10
140.82658
 20
67.27777
 30
0
 10
140.82658
 20
67.27777
 30
0
 10
140.73511
 20
67.09909
 30
0
 10
140.73511
 20
67.09909
 30
0
  0
SPLINE
  5
210
100
AcDbEntity
  8
layer 1
  6
CONTINUOUS
 62
    1
370
    5
100
AcDbSpline
210
0
220
0
230
0
 70
    8
 71
    3
 72
   92
 73
   88
 74
    0
 42
1e-07
 43
1e-07
 40
0
 40
0
 40
0
 40
0
 40
0.0434783
 40
0.0434783
 40
0.0434783
 40
0.0434783
 40
0.08695649999999999
 40
0.08695649999999999
 40
0.08695649999999999
 40
0.08695649999999999
 40
0.1304348
 40
0.1304348
 40
0.1304348
 40
0.1304348
 40
0.173913
 40
0.173913
 40
0.173913
 40
0.173913
 40
0.2173913
 40
0.2173913
 40
0.2173913
 40
0.2173913
 40
0.2608696
 40
0.2608696
 40
0.2608696
 40
0.2608696
 40
0.3043478
 40
0.3043478
 40
0.3043478
 40
0.3043478
 40
0.3478261
 40
0.3478261
 40
0.3478261
 40
0.3478261
 40
0.3913043
 40
0.3913043
 40
0.3913043
 40
0.3913043
 40
0.4347826
 40
0.4347826
 40
0.4347826
 40
0.4347826
 40
0.4782609
 40
0.4782609
 40
0.4782609
 40
0.4782609
 40
0.5217391
 40
0.5217391
 40
0.5217391
 40
0.5217391
 40
0.5652174
 40
0.5652174
 40
0.5652174
 40
0.5652174
 40
0.6086957
 40
0.6086957
 40
0.6086957
 40
0.6086957
 40
0.6521739
 40
0.6521739
 40
0.6521739
 40
0.6521739
 40
0.6956521999999999
 40
0.6956521999999999
 40
0.6956521999999999
 40
0.6956521999999999
 40
0.7391304
 40
0.7391304
 40
0.7391304
 40
0.7391304
 40
0.7826086999999999
 40
0.7826086999999999
 40
0.7826086999999999
 40
0.7826086999999999
 40
0.826087
 40
0.826087
 40
0.826087
 40
0.826087
 40
0.8695651999999999
 40
0.8695651999999999
 40
0.8695651999999999
 40
0.8695651999999999
 40
0.9130435
 40
0.9130435
 40
0.9130435
 40
0.9130435
 40
1
 40
1
 40
1
 40
1
 10
140.73511
 20
67.09909
 30
0
 10
140.62867
 20
66.89122
 30
0
 10
140.32387
 20
66.37381000000001
 30
0
 10
140.2987
 20
66.35824
 30
0
 10
140.2987
 20
66.35824
 30
0
 10
140.28925
 20
66.35242
 30
0
 10
140.20318
 20
66.44163999999999
 30
0
 10
140.10745
 20
66.55656999999999
 30
0
 10
140.10745
 20
66.55656999999999
 30
0
 10
139.87555
 20
66.83499999999999
 30
0
 10
139.78159
 20
66.87109000000001
 30
0
 10
139.63801
 20
66.73699000000001
 30
0
 10
139.63801
 20
66.73699000000001
 30
0
 10
139.58674
 20
66.68907999999999
 30
0
 10
139.573
 20
66.65770000000001
 30
0
 10
139.573
 20
66.58839999999999
 30
0
 10
139.573
 20
66.58839999999999
 30
0
 10
139.573
 20
66.51430000000001
 30
0
 10
139.60384
 20
66.45393999999999
 30
0
 10
139.76959
 20
66.20353
 30
0
 10
139.76959
 20
66.20353
 30
0
 10
139.87771
 20
66.04015
 30
0
 10
139.96618
 20
65.89732000000001
 30
0
 10
139.96618
 20
65.88606999999999
 30
0
 10
139.96618
 20
65.88606999999999
 30
0
 10
139.96618
 20
65.83248999999999
 30
0
 10
139.30675
 20
65.05225
 30
0
 10
139.28275
 20
65.07742
 30
0
 10
139.28275
 20
65.07742
 30
0
 10
139.27702
 20
65.08341999999999
 30
0
 10
139.20757
 20
65.19786999999999
 30
0
 10
139.12837
 20
65.33172999999999
 30
0
 10
139.12837
 20
65.33172999999999
 30
0
 10
138.97228
 20
65.59561000000001
 30
0
 10
138.92542
 20
65.63296
 30
0
 10
138.79393
 20
65.59792
 30
0
 10
138.79393
 20
65.59792
 30
0
 10
138.70915
 20
65.57535999999999
 30
0
 10
138.61192
 20
65.46468999999999
 30
0
 10
138.61192
 20
65.39077
 30
0
 10
138.61192
 20
65.39077
 30
0
 10
138.61192
 20
65.36073999999999
 30
0
 10
138.67642
 20
65.18884
 30
0
 10
138.75526
 20
65.00881
 30
0
 10
138.75526
 20
65.00881
 30
0
 10
138.83407
 20
64.82875
 30
0
 10
138.89551
 20
64.67310999999999
 30
0
 10
138.89176
 20
64.66291
 30
0
 10
138.89176
 20
64.66291
 30
0
 10
138.87379
 20
64.61407
 30
0
 10
138.12949
 20
63.98527
 30
0
 10
138.08965
 20
63.98527
 30
0
 10
138.08965
 20
63.98527
 30
0
 10
138.07951
 20
63.98527
 30
0
 10
138.03892
 20
64.0762
 30
0
 10
137.99944
 20
64.18732
 30
0
 10
137.99944
 20
64.18732
 30
0
 10
137.89729
 20
64.47496000000001
 30
0
 10
137.85949
 20
64.54291000000001
 30
0
 10
137.78431
 20
64.57402
 30
0
 10
137.78431
 20
64.57402
 30
0
 10
137.64754
 20
64.63069
 30
0
 10
137.47609
 20
64.51357
 30
0
 10
137.47609
 20
64.36348000000001
 30
0
 10
137.47609
 20
64.36348000000001
 30
0
 10
137.47609
 20
64.32244
 30
0
 10
137.5105
 20
64.15225
 30
0
 10
137.55253
 20
63.98527
 30
0
 10
137.55253
 20
63.98527
 30
0
 10
137.59459
 20
63.81832
 30
0
 10
137.629
 20
63.67213
 30
0
 10
137.629
 20
63.66037
 30
0
 10
137.629
 20
63.66037
 30
0
 10
137.629
 20
63.62839
 30
0
 10
136.76737
 20
63.11158
 30
0
 10
136.71406
 20
63.11158
 30
0
 10
136.71406
 20
63.11158
 30
0
 10
136.70632
 20
63.11158
 30
0
 10
136.67884
 20
63.23002
 30
0
 10
136.65295
 20
63.37479999999999
 30
0
 10
136.65295
 20
63.37479999999999
 30
0
 10
136.62709
 20
63.51957999999999
 30
0
 10
136.58989
 20
63.66253
 30
0
 10
136.57024
 20
63.6925
 30
0
 10
136.57024
 20
63.6925
 30
0
 10
136.49233
 20
63.81142
 30
0
 10
136.31761
 20
63.81318999999999
 30
0
 10
136.21903
 20
63.69604
 30
0
  0
SPLINE
  5
211
100
AcDbEntity
  8
layer 1
  6
CONTINUOUS
 62
    1
370
    5
100
AcDbSpline
210
0
220
0
230
0
 70
    8
 71
    3
 72
   12
 73
    8
 74
    0
 42
1e-07
 43
1e-07
 40
0
 40
0
 40
0
 40
0
 40
0.3333333
 40
0.3333333
 40
0.3333333
 40
0.3333333
 40
1
 40
1
 40
1
 40
1
 10
136.21903
 20
63.69604
 30
0
 10
136.21903
 20
63.69604
 30
0
 10
136.16068
 20
63.62671
 30
0
 10
136.16068
 20
63.62671
 30
0
 10
136.16068
 20
63.62671
 30
0
 10
136.16068
 20
63.62671
 30
0
 10
136.17748
 20
63.31998999999999
 30
0
 10
136.17748
 20
63.31998999999999
 30
0
  0
SPLINE
  5
212
100
AcDbEntity
  8
layer 1
  6
CONTINUOUS
 62
    1
370
    5
100
AcDbSpline
210
0
220
0
230
0
 70
    8
 71
    3
 72
   16
 73
   12
 74
    0
 42
1e-07
 43
1e-07
 40
0
 40
0
 40
0
 40
0
 40
0.25
 40
0.25
 40
0.25
 40
0.25
 40
0.5
 40
0.5
 40
0.5
 40
0.5
 40
1
 40
1
 40
1
 40
1
 10
136.17748
 20
63.31998999999999
 30
0
 10
136.20571
 20
62.80456
 30
0
 10
136.22689
 20
62.87374
 30
0
 10
136.01263
 20
62.7817
 30
0
 10
136.01263
 20
62.7817
 30
0
 10
135.82972
 20
62.70312999999999
 30
0
 10
135.19735
 20
62.47812999999999
 30
0
 10
135.15943
 20
62.47812999999999
 30
0
 10
135.15943
 20
62.47812999999999
 30
0
 10
135.14875
 20
62.47812999999999
 30
0
 10
135.13729
 20
62.63524
 30
0
 10
135.13399
 20
62.82727
 30
0
  0
SPLINE
  5
213
100
AcDbEntity
  8
layer 1
  6
CONTINUOUS
 62
    1
370
    5
100
AcDbSpline
210
0
220
0
230
0
 70
    8
 71
    3
 72
   12
 73
    8
 74
    0
 42
1e-07
 43
1e-07
 40
0
 40
0
 40
0
 40
0
 40
0.3333333
 40
0.3333333
 40
0.3333333
 40
0.3333333
 40
1
 40
1
 40
1
 40
1
 10
135.13399
 20
62.82727
 30
0
 10
135.13399
 20
62.82727
 30
0
 10
135.12799
 20
63.17641
 30
0
 10
135.12799
 20
63.17641
 30
0
 10
135.12799
 20
63.17641
 30
0
 10
135.12799
 20
63.17641
 30
0
 10
134.64868
 20
62.42863
 30
0
 10
134.64868
 20
62.42863
 30
0
  0
SPLINE
  5
214
100
AcDbEntity
  8
layer 1
  6
CONTINUOUS
 62
    1
370
    5
100
AcDbSpline
210
0
220
0
230
0
 70
    8
 71
    3
 72
   24
 73
   20
 74
    0
 42
1e-07
 43
1e-07
 40
0
 40
0
 40
0
 40
0
 40
0.1666667
 40
0.1666667
 40
0.1666667
 40
0.1666667
 40
0.3333333
 40
0.3333333
 40
0.3333333
 40
0.3333333
 40
0.5
 40
0.5
 40
0.5
 40
0.5
 40
0.6666666999999999
 40
0.6666666999999999
 40
0.6666666999999999
 40
0.6666666999999999
 40
1
 40
1
 40
1
 40
1
 10
134.64868
 20
62.42863
 30
0
 10
133.92544
 20
61.30027
 30
0
 10
133.78024
 20
61.08412
 30
0
 10
133.62559
 20
60.90544
 30
0
 10
133.62559
 20
60.90544
 30
0
 10
133.03621
 20
60.22456
 30
0
 10
132.28201
 20
60.01213
 30
0
 10
131.60563
 20
60.33654999999999
 30
0
 10
131.60563
 20
60.33654999999999
 30
0
 10
131.37043
 20
60.44935000000001
 30
0
 10
131.25622
 20
60.52954
 30
0
 10
131.04988
 20
60.72667
 30
0
 10
131.04988
 20
60.72667
 30
0
 10
130.81585
 20
60.95026
 30
0
 10
130.68901
 20
61.12198000000001
 30
0
 10
130.23484
 20
61.83004
 30
0
 10
130.23484
 20
61.83004
 30
0
 10
129.84739
 20
62.43406
 30
0
 10
129.83653
 20
62.43163
 30
0
 10
129.7543
 20
62.46124
 30
0
  0
SPLINE
  5
215
100
AcDbEntity
  8
layer 1
  6
CONTINUOUS
 62
    1
370
    5
100
AcDbSpline
210
0
220
0
230
0
 70
    8
 71
    3
 72
    8
 73
    4
 74
    0
 42
1e-07
 43
1e-07
 40
0
 40
0
 40
0
 40
0
 40
1
 40
1
 40
1
 40
1
 10
129.7543
 20
62.46124
 30
0
 10
129.7543
 20
62.46124
 30
0
 10
128.76082
 20
62.81914
 30
0
 10
128.76082
 20
62.81914
 30
0
  0
SPLINE
  5
216
100
AcDbEntity
  8
layer 1
  6
CONTINUOUS
 62
    1
370
    5
100
AcDbSpline
210
0
220
0
230
0
 70
    8
 71
    3
 72
   20
 73
   16
 74
    0
 42
1e-07
 43
1e-07
 40
0
 40
0
 40
0
 40
0
 40
0.2
 40
0.2
 40
0.2
 40
0.2
 40
0.4
 40
0.4
 40
0.4
 40
0.4
 40
0.6
 40
0.6
 40
0.6
 40
0.6
 40
1
 40
1
 40
1
 40
1
 10
128.76082
 20
62.81914
 30
0
 10
128.75548
 20
62.82105999999999
 30
0
 10
128.84437
 20
62.92918
 30
0
 10
128.94649
 20
63.05107
 30
0
 10
128.94649
 20
63.05107
 30
0
 10
129.16279
 20
63.30931
 30
0
 10
129.17746
 20
63.36424
 30
0
 10
129.06433
 20
63.49306
 30
0
 10
129.06433
 20
63.49306
 30
0
 10
129.00931
 20
63.55573000000001
 30
0
 10
128.98108
 20
63.57025
 30
0
 10
128.91439
 20
63.57025
 30
0
 10
128.91439
 20
63.57025
 30
0
 10
128.81425
 20
63.57025
 30
0
 10
128.77354
 20
63.54084999999999
 30
0
 10
128.48314
 20
63.25837
 30
0
  0
SPLINE
  5
217
100
AcDbEntity
  8
layer 1
  6
CONTINUOUS
 62
    1
370
    5
100
AcDbSpline
210
0
220
0
230
0
 70
    8
 71
    3
 72
    8
 73
    4
 74
    0
 42
1e-07
 43
1e-07
 40
0
 40
0
 40
0
 40
0
 40
1
 40
1
 40
1
 40
1
 10
128.48314
 20
63.25837
 30
0
 10
128.48314
 20
63.25837
 30
0
 10
128.26003
 20
63.04141
 30
0
 10
128.26003
 20
63.04141
 30
0
  0
SPLINE
  5
218
100
AcDbEntity
  8
layer 1
  6
CONTINUOUS
 62
    1
370
    5
100
AcDbSpline
210
0
220
0
230
0
 70
    8
 71
    3
 72
   16
 73
   12
 74
    0
 42
1e-07
 43
1e-07
 40
0
 40
0
 40
0
 40
0
 40
0.25
 40
0.25
 40
0.25
 40
0.25
 40
0.5
 40
0.5
 40
0.5
 40
0.5
 40
1
 40
1
 40
1
 40
1
 10
137.82574
 20
69.24943
 30
0
 10
140.47396
 20
73.37608
 30
0
 10
142.66753
 20
76.80187000000001
 30
0
 10
142.70038
 20
76.86226000000001
 30
0
 10
142.70038
 20
76.86226000000001
 30
0
 10
142.76632
 20
76.98354999999999
 30
0
 10
142.82758
 20
77.19396999999999
 30
0
 10
142.82758
 20
77.29915
 30
0
 10
142.82758
 20
77.29915
 30
0
 10
142.82758
 20
77.59807000000001
 30
0
 10
142.59481
 20
77.84437
 30
0
 10
142.24222
 20
77.91853
 30
0
  0
SPLINE
  5
219
100
AcDbEntity
  8
layer 1
  6
CONTINUOUS
 62
    1
370
    5
100
AcDbSpline
210
0
220
0
230
0
 70
    8
 71
    3
 72
   48
 73
   44
 74
    0
 42
1e-07
 43
1e-07
 40
0
 40
0
 40
0
 40
0
 40
0.0833333
 40
0.0833333
 40
0.0833333
 40
0.0833333
 40
0.1666667
 40
0.1666667
 40
0.1666667
 40
0.1666667
 40
0.25
 40
0.25
 40
0.25
 40
0.25
 40
0.3333333
 40
0.3333333
 40
0.3333333
 40
0.3333333
 40
0.4166667
 40
0.4166667
 40
0.4166667
 40
0.4166667
 40
0.5
 40
0.5
 40
0.5
 40
0.5
 40
0.5833332999999999
 40
0.5833332999999999
 40
0.5833332999999999
 40
0.5833332999999999
 40
0.6666666999999999
 40
0.6666666999999999
 40
0.6666666999999999
 40
0.6666666999999999
 40
0.75
 40
0.75
 40
0.75
 40
0.75
 40
0.8333332999999999
 40
0.8333332999999999
 40
0.8333332999999999
 40
0.8333332999999999
 40
1
 40
1
 40
1
 40
1
 10
142.24222
 20
77.91853
 30
0
 10
142.15801
 20
77.93622999999999
 30
0
 10
139.43641
 20
77.94235
 30
0
 10
132.26005
 20
77.94106000000001
 30
0
 10
132.26005
 20
77.94106000000001
 30
0
 10
121.69402
 20
77.93911
 30
0
 10
122.27191
 20
77.94504999999999
 30
0
 10
122.06074
 20
77.83606
 30
0
 10
122.06074
 20
77.83606
 30
0
 10
122.01559
 20
77.81274999999999
 30
0
 10
121.9423
 20
77.75599
 30
0
 10
121.8979
 20
77.70990999999999
 30
0
 10
121.8979
 20
77.70990999999999
 30
0
 10
121.693
 20
77.4973
 30
0
 10
121.67221
 20
77.22412
 30
0
 10
121.83571
 20
76.89328
 30
0
 10
121.83571
 20
76.89328
 30
0
 10
121.86868
 20
76.82659000000001
 30
0
 10
124.07182
 20
73.38145
 30
0
 10
126.73162
 20
69.23740000000001
 30
0
 10
126.73162
 20
69.23740000000001
 30
0
 10
130.49377
 20
63.37581999999999
 30
0
 10
131.59483
 20
61.67554
 30
0
 10
131.6902
 20
61.58017
 30
0
 10
131.6902
 20
61.58017
 30
0
 10
131.75761
 20
61.51273
 30
0
 10
131.87065
 20
61.42924000000001
 30
0
 10
131.94139
 20
61.39459000000001
 30
0
 10
131.94139
 20
61.39459000000001
 30
0
 10
132.05563
 20
61.33864
 30
0
 10
132.09319
 20
61.33158999999999
 30
0
 10
132.27751
 20
61.33150000000001
 30
0
 10
132.27751
 20
61.33150000000001
 30
0
 10
132.4717
 20
61.33141000000001
 30
0
 10
132.49369
 20
61.33611999999999
 30
0
 10
132.62041
 20
61.40485000000001
 30
0
 10
132.62041
 20
61.40485000000001
 30
0
 10
132.69544
 20
61.44556
 30
0
 10
132.81268
 20
61.53808000000001
 30
0
 10
132.88333
 20
61.61236
 30
0
 10
132.88333
 20
61.61236
 30
0
 10
132.97822
 20
61.71214000000001
 30
0
 10
134.24173
 20
63.66457
 30
0
 10
137.82574
 20
69.24943
 30
0
  0
ENDBLK
  5
63
330
61
100
AcDbEntity
  8
0
100
AcDbBlockEnd
  0
BLOCK
  5
65
330
64
100
AcDbEntity
  8
0
100
AcDbBlockBegin
  2
MBC_04.
 70
    0
 10
0
 20
0
  3
MBC_04.
  1

  0
LWPOLYLINE
  5
21A
100
AcDbEntity
  8
Layer 1
  6
ByLayer
 62
    1
370
   -1
100
AcDbPolyline
 90
    5
 70
    0
 43
0
 10
237.0356161
 20
-1.593334899999995
 10
238.5596104
 20
-1.593334899999995
 10
238.5596104
 20
0.1634921000000098
 10
237.0356161
 20
0.1634921000000098
 10
237.0356161
 20
-1.593334899999995
  0
LWPOLYLINE
  5
21B
100
AcDbEntity
  8
Layer 1
  6
ByLayer
 62
    1
370
   -1
100
AcDbPolyline
 90
   38
 70
    0
 43
0
 10
233.9347096
 20
-0.4715055999999898
 10
233.447713
 20
-0.4169355999999915
 10
233.1184732
 20
-0.2492565999999954
 10
232.9301236
 20
0.0374846000000062
 10
232.8657973
 20
0.4492409000000066
 10
235.9772854
 20
0.4492409000000066
 10
236.0831182
 20
1.433487500000009
 10
236.0477923
 20
1.995084200000008
 10
235.9414015
 20
2.481398900000009
 10
235.7633251
 20
2.892555500000011
 10
235.5129433
 20
3.228678500000008
 10
235.1896363
 20
3.489891800000009
 10
234.7927834
 20
3.67631900000001
 10
234.3217651
 20
3.788084300000008
 10
233.7759607
 20
3.825311900000006
 10
233.2318303
 20
3.780250100000007
 10
232.7586415
 20
3.645395900000011
 10
232.3568896
 20
3.421244900000012
 10
232.0270714
 20
3.10829360000001
 10
231.7696825
 20
2.70703790000001
 10
231.5852191
 20
2.217974000000012
 10
231.4741771
 20
1.64159780000001
 10
231.437053
 20
0.9784058000000115
 10
231.4692781
 20
0.3155030000000103
 10
231.5678557
 20
-0.2469411999999913
 10
231.7356382
 20
-0.7126473999999945
 10
231.975478
 20
-1.08533649999999
 10
232.2902275
 20
-1.368728799999992
 10
232.6827394
 20
-1.566545499999993
 10
233.1558664
 20
-1.682506899999993
 10
233.7124606
 20
-1.720333899999993
 10
234.4716466
 20
-1.674032199999992
 10
235.1822155
 20
-1.572168099999992
 10
235.9137853
 20
-1.424001999999991
 10
235.8926194
 20
-0.3762558999999897
 10
235.2391009
 20
-0.4238805999999897
 10
233.9347096
 20
-0.4715055999999898
 10
233.9347096
 20
-0.4715055999999898
  0
LWPOLYLINE
  5
21C
100
AcDbEntity
  8
Layer 1
  6
ByLayer
 62
    1
370
   -1
100
AcDbPolyline
 90
   12
 70
    0
 43
0
 10
232.8552142
 20
1.528737200000009
 10
232.9082959
 20
2.045003300000008
 10
233.0655574
 20
2.396567000000012
 10
233.1897664
 20
2.51492630000001
 10
233.3478337
 20
2.597319200000008
 10
233.7759607
 20
2.661149600000009
 10
234.1994578
 20
2.604760400000011
 10
234.3569464
 20
2.528879000000011
 10
234.4810726
 20
2.416410800000008
 10
234.6376723
 20
2.067327500000012
 10
234.6861241
 20
1.528737200000009
 10
232.8552142
 20
1.528737200000009
  0
LWPOLYLINE
  5
21D
100
AcDbEntity
  8
Layer 1
  6
ByLayer
 62
    1
370
   -1
100
AcDbPolyline
 90
   14
 70
    0
 43
0
 10
227.7646645
 20
-1.593334899999995
 10
227.7646645
 20
0.3751577000000097
 10
228.3467461
 20
0.4704077000000062
 10
229.4156584
 20
-1.593334899999995
 10
231.0137356
 20
-1.593334899999995
 10
229.5638242
 20
1.190071700000008
 10
230.9396524
 20
3.698312000000008
 10
229.3521586
 20
3.698312000000008
 10
228.3044131
 20
1.69806950000001
 10
227.7646645
 20
1.602820400000006
 10
227.7646645
 20
5.814970700000011
 10
226.3465033
 20
5.814970700000011
 10
226.3465033
 20
-1.593334899999995
 10
227.7646645
 20
-1.593334899999995
  0
LWPOLYLINE
  5
21E
100
AcDbEntity
  8
Layer 1
  6
ByLayer
 62
    1
370
   -1
100
AcDbPolyline
 90
   49
 70
    0
 43
0
 10
213.4772146
 20
-1.593334899999995
 10
213.4772146
 20
2.36481710000001
 10
213.7735468
 20
2.460066800000007
 10
214.0755013
 20
2.525551100000008
 10
214.4191276
 20
2.555316800000007
 10
214.639351
 20
2.532992600000011
 10
214.8117016
 20
2.466020000000011
 10
214.9418845
 20
2.354399300000008
 10
215.0356045
 20
2.198130500000008
 10
215.1364765
 20
1.75164740000001
 10
215.1599581
 20
1.126571600000005
 10
215.1599581
 20
-1.593334899999995
 10
216.5781196
 20
-1.593334899999995
 10
216.5781196
 20
1.147738700000009
 10
216.5357866
 20
2.354234000000005
 10
216.8691601
 20
2.454775400000006
 10
217.1876509
 20
2.523897500000007
 10
217.5200323
 20
2.555316800000007
 10
217.7341786
 20
2.531462900000008
 10
217.9036765
 20
2.461720700000011
 10
218.0334874
 20
2.348818400000006
 10
218.1285715
 20
2.19548450000001
 10
218.2344046
 20
1.778436500000012
 10
218.2608628
 20
1.232404700000007
 10
218.2608628
 20
-1.593334899999995
 10
219.679024
 20
-1.593334899999995
 10
219.679024
 20
1.27473830000001
 10
219.6580228
 20
1.873541900000006
 10
219.590389
 20
2.392102700000009
 10
219.469177
 20
2.83054430000001
 10
219.2874421
 20
3.188991500000007
 10
219.0382387
 20
3.46756760000001
 10
218.7146215
 20
3.666397100000008
 10
218.3096455
 20
3.785603900000009
 10
217.8163648
 20
3.825311900000006
 10
217.1992267
 20
3.747590900000009
 10
216.6257443
 20
3.576604700000011
 10
216.0383716
 20
3.32789720000001
 10
215.7810652
 20
3.548492600000007
 10
215.4801028
 20
3.703604000000006
 10
215.127547
 20
3.795215600000009
 10
214.7154598
 20
3.825311900000006
 10
214.301554
 20
3.759166400000009
 10
213.8965777
 20
3.61364600000001
 10
213.4666315
 20
3.40198010000001
 10
213.4666315
 20
3.698312000000008
 10
212.0590534
 20
3.698312000000008
 10
212.0590534
 20
-1.593334899999995
 10
213.4772146
 20
-1.593334899999995
  0
LWPOLYLINE
  5
21F
100
AcDbEntity
  8
Layer 1
  6
ByLayer
 62
    1
370
   -1
100
AcDbPolyline
 90
   26
 70
    0
 43
0
 10
214.6563841
 20
-4.057234899999992
 10
214.2813388
 20
-4.10188329999999
 10
213.9102619
 20
-4.20010929999999
 10
213.5133886
 20
-4.342983699999991
 10
213.5133886
 20
-2.067576099999993
 10
212.0952271
 20
-2.067576099999993
 10
212.0952271
 20
-9.45471459999999
 10
212.936599
 20
-9.528797799999991
 10
214.1589694
 20
-9.602880699999991
 10
214.8069892
 20
-9.573879999999992
 10
215.3565352
 20
-9.478030899999991
 10
215.8113271
 20
-9.30206289999999
 10
216.1750867
 20
-9.03270579999999
 10
216.4515337
 20
-8.656688799999992
 10
216.6443893
 20
-8.160741699999992
 10
216.7573744
 20
-7.531593999999989
 10
216.794209
 20
-6.755975199999991
 10
216.7613845
 20
-6.05660949999999
 10
216.6625795
 20
-5.477050299999991
 10
216.4972981
 20
-5.009111499999991
 10
216.2650447
 20
-4.644607899999992
 10
215.9653225
 20
-4.375353999999991
 10
215.5976356
 20
-4.193164299999991
 10
215.1614884
 20
-4.089852999999991
 10
214.6563841
 20
-4.057234899999992
 10
214.6563841
 20
-4.057234899999992
  0
LWPOLYLINE
  5
220
100
AcDbEntity
  8
Layer 1
  6
ByLayer
 62
    1
370
   -1
100
AcDbPolyline
 90
   19
 70
    0
 43
0
 10
214.1589694
 20
-8.33288529999999
 10
213.5133886
 20
-8.290552299999991
 10
213.5133886
 20
-5.464812999999991
 10
213.8308873
 20
-5.396021799999991
 10
214.4658847
 20
-5.327230299999991
 10
214.8369616
 20
-5.400155799999991
 10
214.9890136
 20
-5.497451799999991
 10
215.1167575
 20
-5.64076029999999
 10
215.2187044
 20
-5.834174199999991
 10
215.293366
 20
-6.08178609999999
 10
215.3548816
 20
-6.755975199999991
 10
215.3049415
 20
-7.48456869999999
 10
215.2332151
 20
-7.757212299999992
 10
215.1220489
 20
-7.973053599999991
 10
214.9652428
 20
-8.135316999999992
 10
214.7565946
 20
-8.24722689999999
 10
214.4899039
 20
-8.312008299999992
 10
214.1589694
 20
-8.33288529999999
 10
214.1589694
 20
-8.33288529999999
  0
LWPOLYLINE
  5
221
100
AcDbEntity
  8
Layer 1
  6
ByLayer
 62
    1
370
   -1
100
AcDbPolyline
 90
    5
 70
    0
 43
0
 10
237.9819586
 20
-9.475881699999992
 10
239.5059529
 20
-9.475881699999992
 10
239.5059529
 20
-7.719054699999992
 10
237.9819586
 20
-7.719054699999992
 10
237.9819586
 20
-9.475881699999992
  0
LWPOLYLINE
  5
222
100
AcDbEntity
  8
Layer 1
  6
ByLayer
 62
    1
370
   -1
100
AcDbPolyline
 90
   14
 70
    0
 43
0
 10
234.0132313
 20
-9.475881699999992
 10
234.0132313
 20
-7.50738879999999
 10
234.5953111
 20
-7.412139099999992
 10
235.6642237
 20
-9.475881699999992
 10
237.2623015
 20
-9.475881699999992
 10
235.8123904
 20
-6.69247539999999
 10
237.1882177
 20
-4.184234799999992
 10
235.6007251
 20
-4.184234799999992
 10
234.552979
 20
-6.184477599999992
 10
234.0132313
 20
-6.279726699999991
 10
234.0132313
 20
-2.067576099999993
 10
232.5950692
 20
-2.067576099999993
 10
232.5950692
 20
-9.475881699999992
 10
234.0132313
 20
-9.475881699999992
  0
LWPOLYLINE
  5
223
100
AcDbEntity
  8
Layer 1
  6
ByLayer
 62
    1
370
   -1
100
AcDbPolyline
 90
   50
 70
    0
 43
0
 10
226.0606576
 20
-7.43333769999999
 10
226.0558555
 20
-6.96561459999999
 10
225.7932349
 20
-6.960034599999991
 10
225.3892294
 20
-6.934609899999989
 10
225.2441692
 20
-6.842227899999992
 10
225.1664524
 20
-6.68377269999999
 10
225.1106425
 20
-6.006915999999991
 10
224.7570208
 20
-6.006122199999991
 10
224.7740746
 20
-6.353852499999991
 10
222.9431797
 20
-6.353852499999991
 10
222.9962572
 20
-5.837574699999992
 10
223.1535088
 20
-5.485984899999989
 10
223.2777127
 20
-5.36761179999999
 10
223.4357755
 20
-5.285207199999991
 10
223.8638986
 20
-5.221364799999991
 10
224.1035734
 20
-5.23609269999999
 10
224.0993902
 20
-5.067731499999992
 10
223.9730413
 20
-5.058274599999992
 10
223.7980543
 20
-5.02442829999999
 10
223.6479457
 20
-4.926810099999992
 10
223.340833
 20
-4.481100999999992
 10
223.2538084
 20
-4.308449499999991
 10
223.2316924
 20
-4.119417999999991
 10
222.8341888
 20
-4.242232899999991
 10
222.4886893
 20
-4.430022099999992
 10
222.1955011
 20
-4.68247869999999
 10
221.9549311
 20
-4.99929699999999
 10
221.7672868
 20
-5.38016979999999
 10
221.6328748
 20
-5.824790499999992
 10
221.5520023
 20
-6.332853099999992
 10
221.5249765
 20
-6.90405069999999
 10
221.5571998
 20
-7.56695379999999
 10
221.6557723
 20
-8.129398599999991
 10
221.8235476
 20
-8.595105999999991
 10
222.063379
 20
-8.967796299999991
 10
222.3781201
 20
-9.251190099999992
 10
222.7706248
 20
-9.44900769999999
 10
223.2437467
 20
-9.56496999999999
 10
223.8003391
 20
-9.60279729999999
 10
224.5595389
 20
-9.556506699999991
 10
225.2701381
 20
-9.454667199999991
 10
226.0017526
 20
-9.306536799999991
 10
225.9805135
 20
-8.258850099999991
 10
225.3270181
 20
-8.306444199999993
 10
224.0226508
 20
-8.35403799999999
 10
223.5356518
 20
-8.299472499999991
 10
223.2064075
 20
-8.13180309999999
 10
223.0180537
 20
-7.845071799999991
 10
222.9537247
 20
-7.433320299999989
 10
226.0606576
 20
-7.43333769999999
  0
LWPOLYLINE
  5
224
100
AcDbEntity
  8
Layer 1
  6
ByLayer
 62
    1
370
   -1
100
AcDbPolyline
 90
    6
 70
    0
 43
0
 10
226.988197
 20
-8.752014999999989
 10
226.9871095
 20
-8.063686299999992
 10
226.8433966
 20
-8.062757499999991
 10
226.8912205
 20
-8.431438299999991
 10
226.9881937
 20
-8.752016499999991
 10
226.988197
 20
-8.752014999999989
  0
LWPOLYLINE
  5
225
100
AcDbEntity
  8
Layer 1
  6
ByLayer
 62
    1
370
   -1
100
AcDbPolyline
 90
    9
 70
    0
 43
0
 10
227.8310902
 20
-9.515533299999991
 10
227.8548106
 20
-9.09990099999999
 10
227.6250568
 20
-9.109047399999991
 10
227.4040618
 20
-9.119809899999991
 10
227.1877192
 20
-9.088583799999991
 10
227.1822901
 20
-9.08687709999999
 10
227.4638959
 20
-9.344890299999991
 10
227.8310869
 20
-9.515532399999991
 10
227.8310902
 20
-9.515533299999991
  0
LWPOLYLINE
  5
226
100
AcDbEntity
  8
Layer 1
  6
ByLayer
 62
    1
370
   -1
100
AcDbPolyline
 90
   39
 70
    0
 43
0
 10
227.2281823
 20
-4.347948699999991
 10
227.7805504
 20
-5.314554699999992
 10
229.1978266
 20
-5.263705599999991
 10
229.4739916
 20
-5.28902109999999
 10
229.668805
 20
-5.378846199999989
 10
229.7842438
 20
-5.55399909999999
 10
229.8222841
 20
-5.835297699999991
 10
229.8222841
 20
-6.163339299999992
 10
228.6897964
 20
-6.24798549999999
 10
228.3346246
 20
-6.284416899999989
 10
228.875521
 20
-7.230869799999992
 10
229.8222841
 20
-7.147618899999991
 10
229.8222841
 20
-8.27995179999999
 10
229.5181171
 20
-8.355296199999991
 10
229.863367
 20
-8.95975419999999
 10
230.0183956
 20
-9.239736399999991
 10
230.0338984
 20
-9.232449999999991
 10
230.3581747
 20
-9.41533419999999
 10
230.6913772
 20
-9.52875639999999
 10
231.0741892
 20
-9.586616199999991
 10
231.5472928
 20
-9.602814099999991
 10
231.5896156
 20
-8.534043699999989
 10
231.4174672
 20
-8.478634899999991
 10
231.3157576
 20
-8.384517699999991
 10
231.2636569
 20
-8.240790999999991
 10
231.2403349
 20
-8.036555199999992
 10
231.2403349
 20
-5.835297099999991
 10
231.2140042
 20
-5.403385599999991
 10
231.1328608
 20
-5.035095399999991
 10
230.9936782
 20
-4.728566799999991
 10
230.7932302
 20
-4.481940699999992
 10
230.5282903
 20
-4.293357399999993
 10
230.1956317
 20
-4.160957199999991
 10
229.7920285
 20
-4.08288069999999
 10
229.3142539
 20
-4.05726819999999
 10
228.6544705
 20
-4.09379139999999
 10
228.0370537
 20
-4.178886099999993
 10
227.2281823
 20
-4.347947799999991
 10
227.2281823
 20
-4.347948699999991
  0
LWPOLYLINE
  5
227
100
AcDbEntity
  8
Layer 1
  6
ByLayer
 62
    1
370
   -1
100
AcDbPolyline
 90
   58
 70
    0
 43
0
 10
223.0656514
 20
3.825341300000009
 10
222.3013414
 20
3.777379100000008
 10
221.6104558
 20
3.67186250000001
 10
220.9172578
 20
3.518383400000008
 10
220.9595812
 20
2.534103800000011
 10
222.9492235
 20
2.618749100000009
 10
223.2253879
 20
2.593457900000008
 10
223.4202016
 20
2.503686200000008
 10
223.5356404
 20
2.32858640000001
 10
223.5736807
 20
2.04731180000001
 10
223.5736807
 20
1.719270500000011
 10
222.441193
 20
1.634624900000006
 10
221.6606905
 20
1.51406900000001
 10
221.3436211
 20
1.400396300000008
 10
221.0786434
 20
1.241702600000011
 10
220.868236
 20
1.030919000000011
 10
220.7148766
 20
0.7609775000000099
 10
220.6210438
 20
0.4248092000000057
 10
220.5892156
 20
0.01534580000000574
 10
220.6141216
 20
-0.3813228999999936
 10
220.6892533
 20
-0.7291299999999907
 10
220.8152326
 20
-1.026833799999991
 10
220.9926802
 20
-1.273193199999994
 10
221.2222174
 20
-1.466966799999994
 10
221.5044655
 20
-1.606913199999994
 10
221.8400455
 20
-1.691791599999991
 10
222.2295787
 20
-1.720360299999992
 10
222.3714304
 20
-1.716486699999994
 10
222.5695582
 20
-1.699433799999994
 10
223.0391416
 20
-1.611222099999992
 10
223.0613104
 20
-1.59773469999999
 10
223.5220309
 20
-1.306897899999992
 10
223.9671445
 20
-0.993741699999994
 10
223.973812
 20
-0.8503389999999946
 10
224.0090722
 20
-0.6462780999999929
 10
224.1190945
 20
-0.4713543999999921
 10
224.2839484
 20
-0.3463191999999893
 10
224.4837028
 20
-0.291924699999992
 10
224.5202893
 20
-0.2916072999999919
 10
224.7681748
 20
-0.3847239999999914
 10
224.9370073
 20
-0.5928285999999936
 10
225.1554439
 20
-1.032181299999991
 10
225.3149677
 20
-1.31216349999999
 10
225.3411685
 20
-0.6514302999999906
 10
225.1690198
 20
-0.5960217999999955
 10
225.0673102
 20
-0.5019042999999925
 10
225.0152095
 20
-0.3581775999999905
 10
224.9918881
 20
-0.1539417999999912
 10
224.9918881
 20
2.047316600000009
 10
224.9655505
 20
2.479228100000011
 10
224.8843894
 20
2.847518300000008
 10
224.7451819
 20
3.154046900000008
 10
224.5447051
 20
3.400673000000012
 10
224.2797367
 20
3.589256600000006
 10
223.9470532
 20
3.721656800000012
 10
223.5434326
 20
3.79973360000001
 10
223.0656514
 20
3.825346100000012
 10
223.0656514
 20
3.825341300000009
  0
LWPOLYLINE
  5
228
100
AcDbEntity
  8
Layer 1
  6
ByLayer
 62
    1
370
   -1
100
AcDbPolyline
 90
   13
 70
    0
 43
0
 10
223.5736807
 20
0.7349906000000104
 10
223.5736807
 20
-0.3974973999999918
 10
223.2257644
 20
-0.4821429999999935
 10
222.5365366
 20
-0.5667888999999917
 10
222.2947762
 20
-0.5213070999999943
 10
222.1343764
 20
-0.393465699999993
 10
222.0454135
 20
-0.1961715999999925
 10
222.0179644
 20
0.05766860000001017
 10
222.0584806
 20
0.3065432000000108
 10
222.1753972
 20
0.4849751000000069
 10
222.3617665
 20
0.5979227000000122
 10
222.6106411
 20
0.6503450000000086
 10
223.5736807
 20
0.7349906000000104
  0
LWPOLYLINE
  5
229
100
AcDbEntity
  8
Layer 1
  6
ByLayer
 62
    1
370
   -1
100
AcDbPolyline
 90
   13
 70
    0
 43
0
 10
220.953379
 20
-4.05726909999999
 10
220.3494859
 20
-4.231720299999992
 10
219.8051419
 20
-4.460732199999992
 10
219.2601514
 20
-4.74513279999999
 10
219.2601514
 20
-4.184238099999991
 10
217.8524878
 20
-4.184238099999991
 10
217.8524878
 20
-8.998976499999991
 10
218.3186596
 20
-8.970761199999989
 10
219.2706934
 20
-9.042074799999991
 10
219.2706934
 20
-5.93048589999999
 10
219.7627879
 20
-5.77572009999999
 10
220.953379
 20
-5.486017299999991
 10
220.953379
 20
-4.05726909999999
  0
LWPOLYLINE
  5
22A
100
AcDbEntity
  8
Layer 1
  6
ByLayer
 62
    1
370
   -1
100
AcDbPolyline
 90
   42
 70
    0
 43
0
 10
214.1529184
 20
-11.36584089999999
 10
213.6042202
 20
-11.40587949999999
 10
213.1387414
 20
-11.52740139999999
 10
212.7533815
 20
-11.73251469999999
 10
212.4450397
 20
-12.02332779999999
 10
212.2106155
 20
-12.40194939999999
 10
212.0470087
 20
-12.87048759999999
 10
211.9511182
 20
-13.43105049999999
 10
211.9198438
 20
-14.08574709999999
 10
211.9497538
 20
-14.77841559999999
 10
212.0420476
 20
-15.36665649999999
 10
212.2005697
 20
-15.85419099999999
 10
212.4291646
 20
-16.24473909999999
 10
212.7316774
 20
-16.54202229999999
 10
213.1119523
 20
-16.74976059999999
 10
213.5738347
 20
-16.87167519999999
 10
214.1211685
 20
-16.91148639999999
 10
214.6407421
 20
-16.87676019999999
 10
215.2059562
 20
-16.80036189999999
 10
215.8462453
 20
-16.68923769999999
 10
215.8039123
 20
-15.55682529999999
 10
214.5762502
 20
-15.64149129999999
 10
214.2322519
 20
-15.62325999999999
 10
213.9574582
 20
-15.56509329999999
 10
213.7446763
 20
-15.46178199999999
 10
213.5867125
 20
-15.30811779999999
 10
213.4763734
 20
-15.09889089999999
 10
213.4064656
 20
-14.82889299999999
 10
213.3591715
 20
-14.08574709999999
 10
213.404812
 20
-13.41271599999999
 10
213.4730248
 20
-13.16190009999999
 10
213.5814208
 20
-12.96391809999999
 10
213.7374415
 20
-12.81554529999999
 10
213.9485287
 20
-12.71355699999999
 10
214.2221233
 20
-12.65472879999999
 10
214.5656671
 20
-12.63583599999999
 10
215.8039123
 20
-12.72050289999999
 10
215.8462453
 20
-11.59867359999999
 10
215.2297687
 20
-11.48225709999999
 10
214.6764607
 20
-11.40222099999999
 10
214.1529184
 20
-11.36584089999999
 10
214.1529184
 20
-11.36584089999999
  0
LWPOLYLINE
  5
22B
100
AcDbEntity
  8
Layer 1
  6
ByLayer
 62
    1
370
   -1
100
AcDbPolyline
 90
    5
 70
    0
 43
0
 10
240.8228101
 20
-16.78448739999999
 10
242.3468044
 20
-16.78448739999999
 10
242.3468044
 20
-15.02766069999999
 10
240.8228101
 20
-15.02766069999999
 10
240.8228101
 20
-16.78448739999999
  0
LWPOLYLINE
  5
22C
100
AcDbEntity
  8
Layer 1
  6
ByLayer
 62
    1
370
   -1
100
AcDbPolyline
 90
   38
 70
    0
 43
0
 10
237.7219012
 20
-15.66265809999999
 10
237.2349043
 20
-15.60808809999999
 10
236.9056645
 20
-15.44040909999999
 10
236.7173152
 20
-15.15366789999999
 10
236.6529886
 20
-14.74191159999999
 10
239.764477
 20
-14.74191159999999
 10
239.8703098
 20
-13.75766529999999
 10
239.8349839
 20
-13.19606859999999
 10
239.7285928
 20
-12.70975389999999
 10
239.5505167
 20
-12.29859699999999
 10
239.3001349
 20
-11.96247429999999
 10
238.9768279
 20
-11.70126099999999
 10
238.579975
 20
-11.51483379999999
 10
238.1089564
 20
-11.40306849999999
 10
237.563152
 20
-11.36584089999999
 10
237.0190219
 20
-11.41090239999999
 10
236.5458328
 20
-11.54575689999999
 10
236.1440812
 20
-11.76990789999999
 10
235.8142627
 20
-12.08285919999999
 10
235.5568735
 20
-12.48411489999999
 10
235.3724098
 20
-12.97317879999999
 10
235.2613678
 20
-13.54955499999999
 10
235.2242437
 20
-14.21274699999999
 10
235.2564691
 20
-14.87564979999999
 10
235.3550467
 20
-15.43809399999999
 10
235.5228292
 20
-15.90380019999999
 10
235.762669
 20
-16.27648899999999
 10
236.0774188
 20
-16.55988159999999
 10
236.469931
 20
-16.75769799999999
 10
236.943058
 20
-16.87365939999999
 10
237.4996522
 20
-16.91148639999999
 10
238.2588382
 20
-16.86518469999999
 10
238.9694071
 20
-16.76332059999999
 10
239.7009769
 20
-16.61515449999999
 10
239.6798101
 20
-15.56740839999999
 10
239.0262919
 20
-15.61503309999999
 10
237.7219012
 20
-15.66265809999999
 10
237.7219012
 20
-15.66265809999999
  0
LWPOLYLINE
  5
22D
100
AcDbEntity
  8
Layer 1
  6
ByLayer
 62
    1
370
   -1
100
AcDbPolyline
 90
   12
 70
    0
 43
0
 10
236.6424058
 20
-13.66241559999999
 10
236.6954872
 20
-13.14614949999999
 10
236.8527484
 20
-12.79458579999999
 10
236.9769574
 20
-12.67622649999999
 10
237.1350247
 20
-12.59383359999999
 10
237.563152
 20
-12.53000319999999
 10
237.9866488
 20
-12.58639239999999
 10
238.1441371
 20
-12.66227379999999
 10
238.2682636
 20
-12.77474169999999
 10
238.424863
 20
-13.12382499999999
 10
238.4733148
 20
-13.66241559999999
 10
236.6424058
 20
-13.66241559999999
  0
LWPOLYLINE
  5
22E
100
AcDbEntity
  8
Layer 1
  6
ByLayer
 62
    1
370
   -1
100
AcDbPolyline
 90
   28
 70
    0
 43
0
 10
234.5680777
 20
-12.69933609999999
 10
234.5680777
 20
-11.49284079999999
 10
233.2663339
 20
-11.49284079999999
 10
233.2663339
 20
-10.02176259999999
 10
231.8481721
 20
-10.02176259999999
 10
231.8481721
 20
-11.49284079999999
 10
231.2237584
 20
-11.49284079999999
 10
231.2237584
 20
-12.69933609999999
 10
231.8481721
 20
-12.69933609999999
 10
231.8481721
 20
-14.90066079999999
 10
231.8665894
 20
-15.42461649999999
 10
231.9260584
 20
-15.85778769999999
 10
232.032904
 20
-16.20662289999999
 10
232.1934517
 20
-16.47757179999999
 10
232.4140264
 20
-16.67708319999999
 10
232.7009536
 20
-16.81160679999999
 10
233.0605582
 20
-16.88759139999999
 10
233.4991651
 20
-16.91148639999999
 10
234.1778191
 20
-16.83211209999999
 10
234.5786614
 20
-16.75273749999999
 10
234.5151616
 20
-15.62032509999999
 10
233.710831
 20
-15.64149129999999
 10
233.4538558
 20
-15.59518959999999
 10
233.3218954
 20
-15.45363819999999
 10
233.2732786
 20
-15.21286839999999
 10
233.2663333
 20
-14.86891149999999
 10
233.2663333
 20
-12.69933609999999
 10
234.5680777
 20
-12.69933609999999
  0
LWPOLYLINE
  5
22F
100
AcDbEntity
  8
Layer 1
  6
ByLayer
 62
    1
370
   -1
100
AcDbPolyline
 90
   48
 70
    0
 43
0
 10
230.2818472
 20
-13.14383469999999
 10
230.2555132
 20
-12.71192469999999
 10
230.1743608
 20
-12.34363839999999
 10
230.0351659
 20
-12.03711549999999
 10
229.8347035
 20
-11.79049569999999
 10
229.5697492
 20
-11.60191869999999
 10
229.2370786
 20
-11.46952419999999
 10
228.8334667
 20
-11.39145159999999
 10
228.3556891
 20
-11.36584089999999
 10
227.5913764
 20
-11.41379649999999
 10
226.900486
 20
-11.51929869999999
 10
226.2072805
 20
-11.67275649999999
 10
226.2496126
 20
-12.65700309999999
 10
228.2392732
 20
-12.57233679999999
 10
228.5154304
 20
-12.59763759999999
 10
228.7102288
 20
-12.68742999999999
 10
228.8256526
 20
-12.86255049999999
 10
228.863686
 20
-13.14383469999999
 10
228.863686
 20
-13.47191649999999
 10
227.7312745
 20
-13.55658249999999
 10
226.9507567
 20
-13.67713299999999
 10
226.6336711
 20
-13.79079999999999
 10
226.3686754
 20
-13.94948739999999
 10
226.1582497
 20
-14.16026439999999
 10
226.0048744
 20
-14.43020049999999
 10
225.9110305
 20
-14.76636459999999
 10
225.8791978
 20
-15.17582649999999
 10
225.9041059
 20
-15.57249339999999
 10
225.979243
 20
-15.92029509999999
 10
226.1052298
 20
-16.21799169999999
 10
226.2826858
 20
-16.46434239999999
 10
226.5122317
 20
-16.65810759999999
 10
226.7944873
 20
-16.79804679999999
 10
227.1300727
 20
-16.88291979999999
 10
227.519608
 20
-16.91148639999999
 10
228.097555
 20
-16.85360919999999
 10
228.5951353
 20
-16.72627899999999
 10
229.0753519
 20
-16.54107159999999
 10
229.3996309
 20
-16.72396389999999
 10
229.7328394
 20
-16.83740349999999
 10
230.1156568
 20
-16.89528069999999
 10
230.5887631
 20
-16.91148639999999
 10
230.6310961
 20
-15.84257409999999
 10
230.4589522
 20
-15.78717729999999
 10
230.3572534
 20
-15.69308529999999
 10
230.3051638
 20
-15.54938379999999
 10
230.2818472
 20
-15.34515939999999
 10
230.2818472
 20
-13.14383469999999
  0
LWPOLYLINE
  5
230
100
AcDbEntity
  8
Layer 1
  6
ByLayer
 62
    1
370
   -1
100
AcDbPolyline
 90
   13
 70
    0
 43
0
 10
228.863686
 20
-14.45616279999999
 10
228.863686
 20
-15.58857519999999
 10
228.5157607
 20
-15.67324149999999
 10
227.8265245
 20
-15.75790809999999
 10
227.584762
 20
-15.71243289999999
 10
227.4243589
 20
-15.58460679999999
 10
227.3353933
 20
-15.38732739999999
 10
227.307943
 20
-15.13349349999999
 10
227.3484571
 20
-14.88462069999999
 10
227.4653695
 20
-14.70619299999999
 10
227.6517346
 20
-14.59324929999999
 10
227.9006068
 20
-14.54082879999999
 10
228.863686
 20
-14.45616279999999
  0
LWPOLYLINE
  5
231
100
AcDbEntity
  8
Layer 1
  6
ByLayer
 62
    1
370
   -1
100
AcDbPolyline
 90
   38
 70
    0
 43
0
 10
223.0640392
 20
-15.66265809999999
 10
222.5770426
 20
-15.60808809999999
 10
222.2478031
 20
-15.44040909999999
 10
222.0594535
 20
-15.15366789999999
 10
221.9951269
 20
-14.74191159999999
 10
225.1066141
 20
-14.74191159999999
 10
225.2124472
 20
-13.75766529999999
 10
225.1771213
 20
-13.19606859999999
 10
225.0707302
 20
-12.70975389999999
 10
224.8926538
 20
-12.29859699999999
 10
224.6422723
 20
-11.96247429999999
 10
224.318965
 20
-11.70126099999999
 10
223.9221124
 20
-11.51483379999999
 10
223.4510938
 20
-11.40306849999999
 10
222.9052894
 20
-11.36584089999999
 10
222.3611593
 20
-11.41090239999999
 10
221.8879702
 20
-11.54575689999999
 10
221.4862186
 20
-11.76990789999999
 10
221.1564001
 20
-12.08285919999999
 10
220.8990112
 20
-12.48411489999999
 10
220.7145478
 20
-12.97317879999999
 10
220.6035061
 20
-13.54955499999999
 10
220.5663817
 20
-14.21274699999999
 10
220.5986071
 20
-14.87564979999999
 10
220.6971847
 20
-15.43809399999999
 10
220.8649669
 20
-15.90380019999999
 10
221.1048067
 20
-16.27648899999999
 10
221.4195562
 20
-16.55988159999999
 10
221.8120684
 20
-16.75769799999999
 10
222.2851951
 20
-16.87365939999999
 10
222.8417896
 20
-16.91148639999999
 10
223.6009756
 20
-16.86518469999999
 10
224.3115445
 20
-16.76332059999999
 10
225.0431149
 20
-16.61515449999999
 10
225.021949
 20
-15.56740839999999
 10
224.3684302
 20
-15.61503309999999
 10
223.0640392
 20
-15.66265809999999
 10
223.0640392
 20
-15.66265809999999
  0
LWPOLYLINE
  5
232
100
AcDbEntity
  8
Layer 1
  6
ByLayer
 62
    1
370
   -1
100
AcDbPolyline
 90
   12
 70
    0
 43
0
 10
221.9845438
 20
-13.66241559999999
 10
222.0376255
 20
-13.14614949999999
 10
222.1948864
 20
-12.79458579999999
 10
222.3190954
 20
-12.67622649999999
 10
222.4771627
 20
-12.59383359999999
 10
222.9052894
 20
-12.53000319999999
 10
223.3287871
 20
-12.58639239999999
 10
223.4862757
 20
-12.66227379999999
 10
223.6104022
 20
-12.77474169999999
 10
223.7670019
 20
-13.12382499999999
 10
223.8154537
 20
-13.66241559999999
 10
221.9845438
 20
-13.66241559999999
  0
LWPOLYLINE
  5
233
100
AcDbEntity
  8
Layer 1
  6
ByLayer
 62
    1
370
   -1
100
AcDbPolyline
 90
   12
 70
    0
 43
0
 10
216.8939827
 20
-16.78448739999999
 10
218.3121436
 20
-16.78448739999999
 10
218.3121436
 20
-13.23908379999999
 10
218.8042669
 20
-13.08430329999999
 10
219.9948874
 20
-12.79458579999999
 10
219.9948874
 20
-11.36584089999999
 10
219.3909781
 20
-11.54029989999999
 10
218.8465999
 20
-11.76932919999999
 10
218.3015599
 20
-12.05375529999999
 10
218.3015599
 20
-11.49284079999999
 10
216.8939827
 20
-11.49284079999999
 10
216.8939827
 20
-16.78448739999999
  0
LWPOLYLINE
  5
234
100
AcDbEntity
  8
Layer 1
  6
ByLayer
 62
    1
370
   -1
100
AcDbPolyline
 90
   41
 70
    0
 43
0
 10
241.2744964
 20
3.593808800000009
 10
240.9384706
 20
3.52630670000001
 10
240.6646546
 20
3.341998700000008
 10
240.4803466
 20
3.068182700000008
 10
240.4128445
 20
2.732156900000007
 10
240.4128445
 20
-3.466527099999992
 10
240.4803466
 20
-3.802552599999991
 10
240.6646546
 20
-4.07636799999999
 10
240.9384706
 20
-4.260675999999991
 10
241.2744964
 20
-4.328178099999992
 10
240.8019679
 20
-4.328178099999992
 10
240.650257
 20
-4.358667399999991
 10
240.5266531
 20
-4.44190929999999
 10
240.4434646
 20
-4.56556659999999
 10
240.4129999
 20
-4.717301499999991
 10
240.4129999
 20
-4.772956899999992
 10
240.4434646
 20
-4.924667799999989
 10
240.5266531
 20
-5.04827169999999
 10
240.650257
 20
-5.13146019999999
 10
240.8019679
 20
-5.16192489999999
 10
242.6920828
 20
-5.16192489999999
 10
242.843818
 20
-5.13146019999999
 10
242.967475
 20
-5.04827169999999
 10
243.0507166
 20
-4.924667799999989
 10
243.0812056
 20
-4.772956899999992
 10
243.0812056
 20
-4.717301499999991
 10
243.0507166
 20
-4.56556659999999
 10
242.967475
 20
-4.441909599999992
 10
242.843818
 20
-4.358667699999991
 10
242.6920828
 20
-4.328178099999992
 10
242.2197085
 20
-4.328178099999992
 10
242.5557343
 20
-4.260676299999991
 10
242.8295503
 20
-4.076368299999992
 10
243.013858
 20
-3.802552599999991
 10
243.0813604
 20
-3.466527099999992
 10
243.0813604
 20
2.732156900000007
 10
243.013858
 20
3.068182700000008
 10
242.8295503
 20
3.341998700000008
 10
242.5557343
 20
3.52630670000001
 10
242.2197085
 20
3.593808800000009
 10
241.2744964
 20
3.593808800000009
  0
LWPOLYLINE
  5
235
100
AcDbEntity
  8
Layer 1
  6
ByLayer
 62
    1
370
   -1
100
AcDbPolyline
 90
   20
 70
    0
 43
0
 10
241.0893916
 20
2.037161300000008
 10
241.2411436
 20
2.006678000000008
 10
241.3647988
 20
1.923445700000009
 10
241.4480311
 20
1.799790500000011
 10
241.4785144
 20
1.648038500000009
 10
241.4785144
 20
-3.299715099999993
 10
241.4480311
 20
-3.451467399999995
 10
241.3647988
 20
-3.575122899999993
 10
241.2411436
 20
-3.658355199999992
 10
241.0893916
 20
-3.688838499999992
 10
240.9376159
 20
-3.658355199999992
 10
240.8139073
 20
-3.575122899999993
 10
240.7306216
 20
-3.451467399999995
 10
240.700114
 20
-3.299715099999993
 10
240.700114
 20
1.648038500000009
 10
240.7306216
 20
1.799790500000011
 10
240.8139073
 20
1.923445700000009
 10
240.9376159
 20
2.006678000000008
 10
241.0893916
 20
2.037161300000008
 10
241.0893916
 20
2.037161300000008
  0
LWPOLYLINE
  5
236
100
AcDbEntity
  8
Layer 1
  6
ByLayer
 62
    1
370
   -1
100
AcDbPolyline
 90
   20
 70
    0
 43
0
 10
242.4048139
 20
2.037161300000008
 10
242.5565899
 20
2.006678000000008
 10
242.6802985
 20
1.923445700000009
 10
242.7635839
 20
1.799790500000011
 10
242.7940915
 20
1.648038500000009
 10
242.7940915
 20
-3.299715099999993
 10
242.7635839
 20
-3.451467399999995
 10
242.6802985
 20
-3.575122899999993
 10
242.5565899
 20
-3.658355199999992
 10
242.4048139
 20
-3.688838499999992
 10
242.2530616
 20
-3.658355199999992
 10
242.1294061
 20
-3.575122899999993
 10
242.0461735
 20
-3.451467399999995
 10
242.0156902
 20
-3.299715099999993
 10
242.0156902
 20
1.648038500000009
 10
242.0461735
 20
1.799790500000011
 10
242.1294061
 20
1.923445700000009
 10
242.2530616
 20
2.006678000000008
 10
242.4048139
 20
2.037161300000008
 10
242.4048139
 20
2.037161300000008
  0
LWPOLYLINE
  5
237
100
AcDbEntity
  8
Layer 1
  6
ByLayer
 62
    1
370
   -1
100
AcDbPolyline
 90
   13
 70
    0
 43
0
 10
241.5244042
 20
-5.162700399999991
 10
241.5146371
 20
-11.53098579999999
 10
241.2157414
 20
-12.59231469999999
 10
241.4712292
 20
-13.94711409999999
 10
241.7465611
 20
-13.94711409999999
 10
241.7477992
 20
-13.94711409999999
 10
242.0231308
 20
-13.94711409999999
 10
242.2784641
 20
-12.59231469999999
 10
241.9797232
 20
-11.53098579999999
 10
241.9698013
 20
-5.162700399999991
 10
241.7473342
 20
-5.162700399999991
 10
241.7468578
 20
-5.162700399999991
 10
241.5244042
 20
-5.162700399999991
  0
LWPOLYLINE
  5
238
100
AcDbEntity
  8
Layer 1
  6
ByLayer
 62
    1
370
   -1
100
AcDbPolyline
 90
    9
 70
    0
 43
0
 10
220.0593007
 20
8.701506200000011
 10
219.7974124
 20
8.630265500000007
 10
219.6614182
 20
8.473535900000009
 10
219.6021208
 20
8.24556560000001
 10
220.5211333
 20
8.24556560000001
 10
220.45951
 20
8.473535900000009
 10
220.3219168
 20
8.630265500000007
 10
220.0593007
 20
8.701506200000011
 10
220.0593007
 20
8.701506200000011
  0
LWPOLYLINE
  5
239
100
AcDbEntity
  8
Layer 1
  6
ByLayer
 62
    1
370
   -1
100
AcDbPolyline
 90
    9
 70
    0
 43
0
 10
225.8989375
 20
8.701506200000011
 10
225.636322
 20
8.630265500000007
 10
225.4987291
 20
8.473535900000009
 10
225.4371058
 20
8.24556560000001
 10
226.356118
 20
8.24556560000001
 10
226.2968212
 20
8.473535900000009
 10
226.1608273
 20
8.630265500000007
 10
225.8989375
 20
8.701506200000011
 10
225.8989375
 20
8.701506200000011
  0
LWPOLYLINE
  5
23A
100
AcDbEntity
  8
Layer 1
  6
ByLayer
 62
    1
370
   -1
100
AcDbPolyline
 90
   19
 70
    0
 43
0
 10
218.6333437
 20
8.046973400000009
 10
218.5095289
 20
8.02209920000001
 10
218.4086335
 20
7.954184000000012
 10
218.3407183
 20
7.85328860000001
 10
218.3158441
 20
7.729473800000008
 10
218.3407183
 20
7.605659000000006
 10
218.4086335
 20
7.504763300000011
 10
218.5095289
 20
7.436848400000009
 10
218.6333437
 20
7.41197420000001
 10
221.5503709
 20
7.41197420000001
 10
221.674186
 20
7.436848400000009
 10
221.7750814
 20
7.504763300000011
 10
221.8429966
 20
7.605659000000006
 10
221.8678705
 20
7.729473800000008
 10
221.8429966
 20
7.85328860000001
 10
221.7750814
 20
7.954184000000012
 10
221.674186
 20
8.02209920000001
 10
221.5503709
 20
8.046973400000009
 10
218.6333437
 20
8.046973400000009
  0
LWPOLYLINE
  5
23B
100
AcDbEntity
  8
Layer 1
  6
ByLayer
 62
    1
370
   -1
100
AcDbPolyline
 90
   19
 70
    0
 43
0
 10
224.4078673
 20
8.046973400000009
 10
224.2840525
 20
8.02209920000001
 10
224.1831571
 20
7.954184000000012
 10
224.1152419
 20
7.85328860000001
 10
224.0903677
 20
7.729473800000008
 10
224.1152419
 20
7.605659000000006
 10
224.1831571
 20
7.504763300000011
 10
224.2840525
 20
7.436848400000009
 10
224.4078673
 20
7.41197420000001
 10
227.3248948
 20
7.41197420000001
 10
227.4487099
 20
7.436848400000009
 10
227.5496053
 20
7.504763300000011
 10
227.6175205
 20
7.605659000000006
 10
227.6423944
 20
7.729473800000008
 10
227.6175205
 20
7.85328860000001
 10
227.5496053
 20
7.954184000000012
 10
227.4487099
 20
8.02209920000001
 10
227.3248948
 20
8.046973400000009
 10
224.4078673
 20
8.046973400000009
  0
LWPOLYLINE
  5
23C
100
AcDbEntity
  8
Layer 1
  6
ByLayer
 62
    1
370
   -1
100
AcDbPolyline
 90
   31
 70
    0
 43
0
 10
222.9787945
 20
7.273067900000012
 10
222.6631555
 20
7.276481000000011
 10
222.6631699
 20
7.276478600000008
 10
222.2578681
 20
7.242852800000009
 10
221.8182613
 20
7.06470890000001
 10
221.5906504
 20
6.908472500000009
 10
221.3519338
 20
6.776974700000011
 10
220.8184348
 20
6.70330640000001
 10
220.4881117
 20
6.69759980000001
 10
220.4881117
 20
7.082072000000007
 10
220.444006
 20
7.17003290000001
 10
220.3999
 20
7.183771100000008
 10
219.6836659
 20
7.183771100000008
 10
219.6443662
 20
7.173767300000009
 10
219.6050665
 20
7.096024400000008
 10
219.6057013
 20
6.419787800000009
 10
219.6506599
 20
6.221243300000008
 10
219.7495681
 20
5.981304500000007
 10
219.8934349
 20
5.694251900000012
 10
220.2208564
 20
5.685569900000008
 10
220.4093719
 20
6.032835200000008
 10
221.1282418
 20
6.05391860000001
 10
221.3486959
 20
6.02418530000001
 10
221.5257361
 20
5.894704400000009
 10
221.7202066
 20
5.559264500000008
 10
221.8750168
 20
5.195213300000006
 10
222.0357799
 20
4.731036800000009
 10
222.1422376
 20
4.516018400000007
 10
222.2105056
 20
4.449892100000007
 10
222.2920453
 20
4.425493400000008
 10
222.9791191
 20
4.425493400000008
  0
LWPOLYLINE
  5
23D
100
AcDbEntity
  8
Layer 1
  6
ByLayer
 62
    1
370
   -1
100
AcDbPolyline
 90
   11
 70
    0
 43
0
 10
222.9788017
 20
4.941430100000012
 10
222.6516976
 20
4.941430100000012
 10
222.5446696
 20
4.995264500000008
 10
222.4296082
 20
5.140178900000009
 10
222.2051278
 20
5.603717900000007
 10
222.037741
 20
6.132987800000009
 10
221.986933
 20
6.528928100000009
 10
222.073027
 20
6.669632000000011
 10
222.216991
 20
6.754710800000012
 10
222.5193028
 20
6.822553400000011
 10
222.9791191
 20
6.836505800000012
  0
LWPOLYLINE
  5
23E
100
AcDbEntity
  8
Layer 1
  6
ByLayer
 62
    1
370
   -1
100
AcDbPolyline
 90
   12
 70
    0
 43
0
 10
222.9790882
 20
6.836505800000012
 10
222.9791191
 20
6.836505800000012
 10
223.4389357
 20
6.822553400000011
 10
223.7412472
 20
6.754710800000012
 10
223.8852112
 20
6.669632000000011
 10
223.9713055
 20
6.528928100000009
 10
223.9204972
 20
6.132987800000009
 10
223.7531107
 20
5.603717900000007
 10
223.5286303
 20
5.140178900000009
 10
223.4135689
 20
4.995264500000008
 10
223.3065406
 20
4.941430100000012
 10
222.9794296
 20
4.941430100000012
  0
LWPOLYLINE
  5
23F
100
AcDbEntity
  8
Layer 1
  6
ByLayer
 62
    1
370
   -1
100
AcDbPolyline
 90
   30
 70
    0
 43
0
 10
222.9791119
 20
4.425493400000008
 10
223.666201
 20
4.425493400000008
 10
223.7477407
 20
4.449892100000007
 10
223.8160087
 20
4.516018400000007
 10
223.9224664
 20
4.731036800000009
 10
224.0832295
 20
5.195213300000006
 10
224.2380397
 20
5.559264500000008
 10
224.4325102
 20
5.894704400000009
 10
224.6095504
 20
6.02418530000001
 10
224.8300045
 20
6.05391860000001
 10
225.5488744
 20
6.032835200000008
 10
225.7373899
 20
5.685569900000008
 10
226.0648114
 20
5.694251900000012
 10
226.2086782
 20
5.98539920000001
 10
226.3075867
 20
6.22584980000001
 10
226.3525453
 20
6.419787800000009
 10
226.3531804
 20
7.096024400000008
 10
226.3138807
 20
7.170808400000009
 10
226.274581
 20
7.183771100000008
 10
225.5583463
 20
7.183771100000008
 10
225.5142403
 20
7.17003170000001
 10
225.4701346
 20
7.082072000000007
 10
225.4701346
 20
6.69759980000001
 10
225.1398115
 20
6.70330640000001
 10
224.6063125
 20
6.776974700000011
 10
224.3675959
 20
6.908472500000009
 10
224.139985
 20
7.06470890000001
 10
223.836664
 20
7.204961900000008
 10
223.567975
 20
7.26461900000001
 10
222.9794374
 20
7.273067900000012
  0
LWPOLYLINE
  5
240
100
AcDbEntity
  8
Layer 1
  6
ByLayer
 62
    1
370
   -1
100
AcDbPolyline
 90
   26
 70
    0
 43
0
 10
221.410225
 20
5.477521100000011
 10
221.2421491
 20
5.434000400000009
 10
221.1689992
 20
5.391324800000007
 10
220.668091
 20
4.907451500000008
 10
220.2772858
 20
4.455901400000009
 10
220.0020952
 20
4.000868600000008
 10
219.9026119
 20
3.511945100000005
 10
219.8851147
 20
2.95191560000001
 10
219.9230308
 20
2.299579400000006
 10
219.9638674
 20
2.14806200000001
 10
220.0498972
 20
2.043793100000009
 10
220.2107647
 20
1.996187300000006
 10
220.3729888
 20
2.038449800000009
 10
220.4620027
 20
2.131891700000008
 10
220.50718
 20
2.26795340000001
 10
220.470652
 20
2.824308800000008
 10
220.4818696
 20
3.302315900000007
 10
220.5633004
 20
3.720265700000009
 10
220.8129964
 20
4.14206780000001
 10
221.1690142
 20
4.561817000000012
 10
221.6260249
 20
5.012433500000011
 10
221.6667568
 20
5.151646100000008
 10
221.6590729
 20
5.281192100000009
 10
221.5806016
 20
5.411168600000011
 10
221.410225
 20
5.477521100000011
 10
221.410225
 20
5.477521100000011
  0
LWPOLYLINE
  5
241
100
AcDbEntity
  8
Layer 1
  6
ByLayer
 62
    1
370
   -1
100
AcDbPolyline
 90
   26
 70
    0
 43
0
 10
224.5480132
 20
5.477521100000011
 10
224.3776366
 20
5.411168600000011
 10
224.2991656
 20
5.281192100000009
 10
224.2914814
 20
5.151646100000008
 10
224.3322136
 20
5.012433500000011
 10
224.789224
 20
4.561817000000012
 10
225.1452418
 20
4.14206780000001
 10
225.3949378
 20
3.720265700000009
 10
225.4763686
 20
3.302315900000007
 10
225.4875865
 20
2.824308800000008
 10
225.4510582
 20
2.26795340000001
 10
225.4962358
 20
2.131891700000008
 10
225.5852497
 20
2.038449800000009
 10
225.7474735
 20
1.996187300000006
 10
225.908341
 20
2.043793100000009
 10
225.9943708
 20
2.14806200000001
 10
226.0352077
 20
2.299579400000006
 10
226.0731238
 20
2.95191560000001
 10
226.0556266
 20
3.511945100000005
 10
225.956143
 20
4.000868600000008
 10
225.6809524
 20
4.455901400000009
 10
225.2901472
 20
4.907451500000008
 10
224.7892393
 20
5.391324800000007
 10
224.7160891
 20
5.434000400000009
 10
224.5480132
 20
5.477521100000011
 10
224.5480132
 20
5.477521100000011
  0
LWPOLYLINE
  5
242
100
AcDbEntity
  8
Layer 1
  6
ByLayer
 62
    1
370
   -1
100
AcDbPolyline
 90
   36
 70
    0
 43
0
 10
226.4473246
 20
-3.550279899999994
 10
226.152829
 20
-3.837540399999991
 10
225.6208645
 20
-4.257212499999993
 10
225.2813302
 20
-4.405335699999991
 10
224.9193577
 20
-4.481694999999991
 10
224.5521745
 20
-4.47087009999999
 10
224.1896356
 20
-4.397513799999992
 10
223.8352126
 20
-4.252360299999991
 10
223.5862627
 20
-4.158924099999991
 10
223.7046826
 20
-4.39882179999999
 10
223.9370935
 20
-4.734237399999992
 10
224.2692376
 20
-4.769559399999991
 10
224.4024523
 20
-4.834476699999991
 10
224.4562861
 20
-4.965743799999991
 10
224.4702388
 20
-5.688441099999991
 10
225.2368573
 20
-5.688441099999991
 10
225.4045501
 20
-5.75884179999999
 10
225.4641298
 20
-5.92268979999999
 10
225.5146696
 20
-6.635979099999991
 10
226.2612898
 20
-6.650861799999992
 10
226.3655434
 20
-6.70763889999999
 10
226.4125981
 20
-6.834416199999991
 10
226.42252
 20
-7.742266599999992
 10
227.2336321
 20
-7.747227699999991
 10
227.3146228
 20
-7.79778009999999
 10
227.3452531
 20
-7.891094499999991
 10
227.3452531
 20
-8.803905999999992
 10
228.0943537
 20
-8.77414029999999
 10
228.1953493
 20
-8.822957499999992
 10
228.2233381
 20
-8.922968199999991
 10
228.1737286
 20
-9.801053199999991
 10
228.3744763
 20
-9.913492299999991
 10
228.5390959
 20
-9.97777659999999
 10
228.6698218
 20
-9.979646499999991
 10
229.7810704
 20
-9.38433489999999
 10
226.4473246
 20
-3.550279899999994
  0
LWPOLYLINE
  5
243
100
AcDbEntity
  8
Layer 1
  6
ByLayer
 62
    1
370
   -1
100
AcDbPolyline
 90
   34
 70
    0
 43
0
 10
224.5404094
 20
-0.6087927999999927
 10
224.43961
 20
-0.6459453999999916
 10
224.3615053
 20
-0.724753899999989
 10
224.330035
 20
-0.903657999999993
 10
224.322907
 20
-1.12116339999999
 10
224.2563997
 20
-1.198368099999993
 10
223.8741952
 20
-1.485151599999991
 10
223.4669908
 20
-1.738489599999991
 10
223.2021637
 20
-1.911112299999992
 10
222.9197383
 20
-2.043741699999995
 10
222.6602194
 20
-2.054283399999996
 10
222.5822323
 20
-2.019566199999993
 10
222.5129419
 20
-2.019091899999992
 10
222.4847296
 20
-2.11260459999999
 10
222.5093779
 20
-2.166525099999994
 10
222.8894545
 20
-2.776061199999994
 10
223.2436165
 20
-3.291673599999994
 10
223.5996976
 20
-3.728908299999992
 10
223.9271191
 20
-3.976954899999992
 10
224.3438374
 20
-4.135704699999991
 10
224.630347
 20
-4.185868599999992
 10
224.9193055
 20
-4.185313899999992
 10
225.2038087
 20
-4.108633599999992
 10
225.4749298
 20
-3.98687649999999
 10
225.8916478
 20
-3.728908299999992
 10
226.2587569
 20
-3.332033799999991
 10
225.6514657
 20
-2.403710199999992
 10
225.1430233
 20
-1.578876699999991
 10
224.7208681
 20
-0.8118804999999938
 10
224.684281
 20
-0.7142121999999951
 10
224.6280292
 20
-0.646101999999992
 10
224.5545214
 20
-0.6089475999999898
 10
224.5404142
 20
-0.6087888999999898
 10
224.5404094
 20
-0.6087927999999927
  0
LWPOLYLINE
  5
244
100
AcDbEntity
  8
Layer 1
  6
ByLayer
 62
    1
370
   -1
100
AcDbPolyline
 90
   23
 70
    0
 43
0
 10
224.5036675
 20
-1.749031599999991
 10
224.515915
 20
-1.749031599999991
 10
224.6878417
 20
-1.829801799999995
 10
224.9439496
 20
-2.106838599999989
 10
225.0104578
 20
-2.257681599999994
 10
224.9614684
 20
-2.450692899999993
 10
224.767378
 20
-2.689255899999992
 10
224.5194805
 20
-2.875008099999995
 10
224.2356775
 20
-3.007449399999992
 10
223.93006
 20
-3.074995599999992
 10
223.7300725
 20
-3.050500599999994
 10
223.5688423
 20
-2.966320299999992
 10
223.4102308
 20
-2.792895399999992
 10
223.3127335
 20
-2.583863499999993
 10
223.3043866
 20
-2.46714969999999
 10
223.3477705
 20
-2.366357199999992
 10
223.4403952
 20
-2.344886499999994
 10
223.5451228
 20
-2.345428299999991
 10
223.7995882
 20
-2.266356399999992
 10
224.0353246
 20
-2.145440799999992
 10
224.3370112
 20
-1.833212499999991
 10
224.5036675
 20
-1.749031599999991
 10
224.5036675
 20
-1.749031599999991
  0
LWPOLYLINE
  5
245
100
AcDbEntity
  8
Layer 1
  6
ByLayer
 62
    1
370
   -1
100
AcDbPolyline
 90
   10
 70
    0
 43
0
 10
225.5344561
 20
-3.116698299999992
 10
225.7028356
 20
-3.186443499999992
 10
225.7725808
 20
-3.354822999999991
 10
225.7028356
 20
-3.523202499999993
 10
225.5344561
 20
-3.592947699999993
 10
225.3660766
 20
-3.523202499999993
 10
225.2963314
 20
-3.354822999999991
 10
225.3660766
 20
-3.186443499999992
 10
225.5344561
 20
-3.116698299999992
 10
225.5344561
 20
-3.116698299999992
  0
LWPOLYLINE
  5
246
100
AcDbEntity
  8
Layer 1
  6
ByLayer
 62
    1
370
   -1
100
AcDbPolyline
 90
   10
 70
    0
 43
0
 10
224.8548085
 20
-3.518068599999994
 10
225.023188
 20
-3.587813799999994
 10
225.0929332
 20
-3.756193299999991
 10
225.023188
 20
-3.924572799999991
 10
224.8548085
 20
-3.994317999999991
 10
224.686429
 20
-3.924572799999991
 10
224.6166838
 20
-3.756193299999991
 10
224.686429
 20
-3.587813799999994
 10
224.8548085
 20
-3.518068599999994
 10
224.8548085
 20
-3.518068599999994
  0
LWPOLYLINE
  5
247
100
AcDbEntity
  8
Layer 1
  6
ByLayer
 62
    1
370
   -1
100
AcDbPolyline
 90
   30
 70
    0
 43
0
 10
218.4028765
 20
-9.128891199999991
 10
217.7409385
 20
-9.171780999999992
 10
217.0876207
 20
-9.300457299999991
 10
216.4515442
 20
-9.514929099999991
 10
215.8413316
 20
-9.815205399999991
 10
215.7246907
 20
-9.932156499999991
 10
215.6755777
 20
-10.06628829999999
 10
215.7185482
 20
-10.24013979999999
 10
215.8460587
 20
-10.36118439999999
 10
215.9829322
 20
-10.37914149999999
 10
216.1368166
 20
-10.32711159999999
 10
216.6766198
 20
-10.06147599999999
 10
217.2393025
 20
-9.87173649999999
 10
217.8172375
 20
-9.757892799999992
 10
218.4027991
 20
-9.719944599999991
 10
218.9883607
 20
-9.757892799999992
 10
219.5662963
 20
-9.87173649999999
 10
220.128979
 20
-10.06147599999999
 10
220.6687825
 20
-10.32711159999999
 10
220.8221665
 20
-10.37197359999999
 10
220.9586284
 20
-10.34932719999999
 10
221.0858095
 20
-10.22665239999999
 10
221.1288637
 20
-10.05538539999999
 10
221.0802457
 20
-9.925836999999991
 10
220.9644223
 20
-9.815205399999991
 10
220.3542097
 20
-9.514929099999991
 10
219.7181332
 20
-9.300457299999991
 10
219.0648148
 20
-9.171780999999992
 10
218.4028765
 20
-9.128891199999991
 10
218.4028765
 20
-9.128891199999991
  0
LWPOLYLINE
  5
248
100
AcDbEntity
  8
Layer 1
  6
ByLayer
 62
    1
370
   -1
100
AcDbPolyline
 90
   30
 70
    0
 43
0
 10
218.4028765
 20
-10.31114289999999
 10
217.8936934
 20
-10.34415009999999
 10
217.3911412
 20
-10.44316479999999
 10
216.9018514
 20
-10.60817589999999
 10
216.4324564
 20
-10.83917259999999
 10
216.318205
 20
-10.95425799999999
 10
216.2708299
 20
-11.08737189999999
 10
216.3147895
 20
-11.26131669999999
 10
216.4416898
 20
-11.38332729999999
 10
216.5767837
 20
-11.40218469999999
 10
216.7279423
 20
-11.35107879999999
 10
217.1269273
 20
-11.15473929999999
 10
217.5428233
 20
-11.01449679999999
 10
217.9699927
 20
-10.93035129999999
 10
218.4027991
 20
-10.90230279999999
 10
218.8356052
 20
-10.93035129999999
 10
219.2627746
 20
-11.01449679999999
 10
219.6786703
 20
-11.15473929999999
 10
220.0776553
 20
-11.35107879999999
 10
220.2388132
 20
-11.40962589999999
 10
220.3807816
 20
-11.39588469999999
 10
220.5108067
 20
-11.27619969999999
 10
220.5516661
 20
-11.09992929999999
 10
220.4974696
 20
-10.96169949999999
 10
220.373296
 20
-10.83917259999999
 10
219.9039016
 20
-10.60817589999999
 10
219.4146118
 20
-10.44316479999999
 10
218.9120593
 20
-10.34415009999999
 10
218.4028765
 20
-10.31114289999999
 10
218.4028765
 20
-10.31114289999999
  0
LWPOLYLINE
  5
249
100
AcDbEntity
  8
Layer 1
  6
ByLayer
 62
    1
370
   -1
100
AcDbPolyline
 90
   30
 70
    0
 43
0
 10
218.4028765
 20
-19.01012469999999
 10
217.7409385
 20
-18.96723459999999
 10
217.0876207
 20
-18.83855859999999
 10
216.4515442
 20
-18.62408679999999
 10
215.8413316
 20
-18.32381049999999
 10
215.7246907
 20
-18.20685909999999
 10
215.6755777
 20
-18.07272729999999
 10
215.7185482
 20
-17.89887519999999
 10
215.8460587
 20
-17.77783089999999
 10
215.9829322
 20
-17.75987379999999
 10
216.1368166
 20
-17.81190339999999
 10
216.6766201
 20
-18.07753899999999
 10
217.2393028
 20
-18.26727849999999
 10
217.8172381
 20
-18.38112219999999
 10
218.4027997
 20
-18.41907009999999
 10
218.9883613
 20
-18.38112219999999
 10
219.5662966
 20
-18.26727849999999
 10
220.128979
 20
-18.07753899999999
 10
220.6687825
 20
-17.81190339999999
 10
220.8221668
 20
-17.76704169999999
 10
220.9586287
 20
-17.78968809999999
 10
221.0858104
 20
-17.91236259999999
 10
221.1288643
 20
-18.08362959999999
 10
221.080246
 20
-18.21317799999999
 10
220.9644232
 20
-18.32380959999999
 10
220.35421
 20
-18.62408589999999
 10
219.7181335
 20
-18.83855769999999
 10
219.0648151
 20
-18.96723429999999
 10
218.4028765
 20
-19.01012469999999
 10
218.4028765
 20
-19.01012469999999
  0
LWPOLYLINE
  5
24A
100
AcDbEntity
  8
Layer 1
  6
ByLayer
 62
    1
370
   -1
100
AcDbPolyline
 90
   30
 70
    0
 43
0
 10
218.4028765
 20
-17.82787299999999
 10
217.8936934
 20
-17.79486549999999
 10
217.3911412
 20
-17.69585079999999
 10
216.9018514
 20
-17.53083969999999
 10
216.4324564
 20
-17.29984329999999
 10
216.318205
 20
-17.18475759999999
 10
216.2708299
 20
-17.05164399999999
 10
216.3147895
 20
-16.87769889999999
 10
216.4416898
 20
-16.75568829999999
 10
216.5767837
 20
-16.73683119999999
 10
216.7279423
 20
-16.78793709999999
 10
217.1269273
 20
-16.98427659999999
 10
217.5428233
 20
-17.12451879999999
 10
217.9699927
 20
-17.20866429999999
 10
218.4027991
 20
-17.23671279999999
 10
218.8356052
 20
-17.20866429999999
 10
219.2627746
 20
-17.12451879999999
 10
219.6786703
 20
-16.98427659999999
 10
220.0776553
 20
-16.78793709999999
 10
220.2388132
 20
-16.72938969999999
 10
220.3807816
 20
-16.74313119999999
 10
220.5108067
 20
-16.86281619999999
 10
220.5516661
 20
-17.03908659999999
 10
220.4974696
 20
-17.17731639999999
 10
220.373296
 20
-17.29984329999999
 10
219.9039016
 20
-17.53083969999999
 10
219.4146118
 20
-17.69585079999999
 10
218.9120593
 20
-17.79486549999999
 10
218.4028765
 20
-17.82787299999999
 10
218.4028765
 20
-17.82787299999999
  0
ENDBLK
  5
66
330
64
100
AcDbEntity
  8
0
100
AcDbBlockEnd
  0
BLOCK
  5
68
330
67
100
AcDbEntity
  8
0
100
AcDbBlockBegin
  2
MBC_04.-0
 70
    0
 10
0
 20
0
  3
MBC_04.-0
  1

  0
LWPOLYLINE
  5
24B
100
AcDbEntity
  8
Layer 1
  6
ByLayer
 62
    1
370
   -1
100
AcDbPolyline
 90
    5
 70
    0
 43
0
 10
237.0356161
 20
63.5933349
 10
238.5596104
 20
63.5933349
 10
238.5596104
 20
61.8365079
 10
237.0356161
 20
61.8365079
 10
237.0356161
 20
63.5933349
  0
LWPOLYLINE
  5
24C
100
AcDbEntity
  8
Layer 1
  6
ByLayer
 62
    1
370
   -1
100
AcDbPolyline
 90
   38
 70
    0
 43
0
 10
233.9347096
 20
62.4715056
 10
233.447713
 20
62.4169356
 10
233.1184732
 20
62.24925660000001
 10
232.9301236
 20
61.9625154
 10
232.8657973
 20
61.55075910000001
 10
235.9772854
 20
61.55075910000001
 10
236.0831182
 20
60.5665125
 10
236.0477923
 20
60.00491580000001
 10
235.9414015
 20
59.5186011
 10
235.7633251
 20
59.1074445
 10
235.5129433
 20
58.7713215
 10
235.1896363
 20
58.5101082
 10
234.7927834
 20
58.32368099999999
 10
234.3217651
 20
58.21191570000001
 10
233.7759607
 20
58.1746881
 10
233.2318303
 20
58.21974990000001
 10
232.7586415
 20
58.3546041
 10
232.3568896
 20
58.57875510000001
 10
232.0270714
 20
58.8917064
 10
231.7696825
 20
59.2929621
 10
231.5852191
 20
59.782026
 10
231.4741771
 20
60.3584022
 10
231.437053
 20
61.0215942
 10
231.4692781
 20
61.68449699999999
 10
231.5678557
 20
62.24694120000001
 10
231.7356382
 20
62.71264740000001
 10
231.975478
 20
63.0853365
 10
232.2902275
 20
63.3687288
 10
232.6827394
 20
63.5665455
 10
233.1558664
 20
63.68250690000001
 10
233.7124606
 20
63.72033390000001
 10
234.4716466
 20
63.6740322
 10
235.1822155
 20
63.5721681
 10
235.9137853
 20
63.424002
 10
235.8926194
 20
62.3762559
 10
235.2391009
 20
62.4238806
 10
233.9347096
 20
62.4715056
 10
233.9347096
 20
62.4715056
  0
LWPOLYLINE
  5
24D
100
AcDbEntity
  8
Layer 1
  6
ByLayer
 62
    1
370
   -1
100
AcDbPolyline
 90
   12
 70
    0
 43
0
 10
232.8552142
 20
60.47126280000001
 10
232.9082959
 20
59.95499670000001
 10
233.0655574
 20
59.60343300000001
 10
233.1897664
 20
59.4850737
 10
233.3478337
 20
59.40268080000001
 10
233.7759607
 20
59.3388504
 10
234.1994578
 20
59.3952396
 10
234.3569464
 20
59.471121
 10
234.4810726
 20
59.58358920000001
 10
234.6376723
 20
59.93267250000001
 10
234.6861241
 20
60.47126280000001
 10
232.8552142
 20
60.47126280000001
  0
LWPOLYLINE
  5
24E
100
AcDbEntity
  8
Layer 1
  6
ByLayer
 62
    1
370
   -1
100
AcDbPolyline
 90
   14
 70
    0
 43
0
 10
227.7646645
 20
63.5933349
 10
227.7646645
 20
61.6248423
 10
228.3467461
 20
61.5295923
 10
229.4156584
 20
63.5933349
 10
231.0137356
 20
63.5933349
 10
229.5638242
 20
60.8099283
 10
230.9396524
 20
58.301688
 10
229.3521586
 20
58.301688
 10
228.3044131
 20
60.30193050000001
 10
227.7646645
 20
60.39717960000002
 10
227.7646645
 20
56.18502930000001
 10
226.3465033
 20
56.18502930000001
 10
226.3465033
 20
63.5933349
 10
227.7646645
 20
63.5933349
  0
LWPOLYLINE
  5
24F
100
AcDbEntity
  8
Layer 1
  6
ByLayer
 62
    1
370
   -1
100
AcDbPolyline
 90
   49
 70
    0
 43
0
 10
213.4772146
 20
63.5933349
 10
213.4772146
 20
59.6351829
 10
213.7735468
 20
59.53993320000001
 10
214.0755013
 20
59.4744489
 10
214.4191276
 20
59.4446832
 10
214.639351
 20
59.4670074
 10
214.8117016
 20
59.53398
 10
214.9418845
 20
59.6456007
 10
215.0356045
 20
59.80186950000001
 10
215.1364765
 20
60.2483526
 10
215.1599581
 20
60.87342840000001
 10
215.1599581
 20
63.5933349
 10
216.5781196
 20
63.5933349
 10
216.5781196
 20
60.85226130000001
 10
216.5357866
 20
59.64576600000001
 10
216.8691601
 20
59.54522460000001
 10
217.1876509
 20
59.4761025
 10
217.5200323
 20
59.4446832
 10
217.7341786
 20
59.46853710000001
 10
217.9036765
 20
59.5382793
 10
218.0334874
 20
59.6511816
 10
218.1285715
 20
59.80451550000001
 10
218.2344046
 20
60.2215635
 10
218.2608628
 20
60.76759530000001
 10
218.2608628
 20
63.5933349
 10
219.679024
 20
63.5933349
 10
219.679024
 20
60.7252617
 10
219.6580228
 20
60.12645810000001
 10
219.590389
 20
59.6078973
 10
219.469177
 20
59.1694557
 10
219.2874421
 20
58.81100850000001
 10
219.0382387
 20
58.5324324
 10
218.7146215
 20
58.3336029
 10
218.3096455
 20
58.2143961
 10
217.8163648
 20
58.1746881
 10
217.1992267
 20
58.25240909999999
 10
216.6257443
 20
58.4233953
 10
216.0383716
 20
58.6721028
 10
215.7810652
 20
58.4515074
 10
215.4801028
 20
58.29639600000002
 10
215.127547
 20
58.20478439999999
 10
214.7154598
 20
58.1746881
 10
214.301554
 20
58.2408336
 10
213.8965777
 20
58.386354
 10
213.4666315
 20
58.5980199
 10
213.4666315
 20
58.301688
 10
212.0590534
 20
58.301688
 10
212.0590534
 20
63.5933349
 10
213.4772146
 20
63.5933349
  0
LWPOLYLINE
  5
250
100
AcDbEntity
  8
Layer 1
  6
ByLayer
 62
    1
370
   -1
100
AcDbPolyline
 90
   26
 70
    0
 43
0
 10
214.6563841
 20
66.05723490000001
 10
214.2813388
 20
66.1018833
 10
213.9102619
 20
66.20010930000001
 10
213.5133886
 20
66.3429837
 10
213.5133886
 20
64.0675761
 10
212.0952271
 20
64.0675761
 10
212.0952271
 20
71.4547146
 10
212.936599
 20
71.52879780000001
 10
214.1589694
 20
71.6028807
 10
214.8069892
 20
71.57388
 10
215.3565352
 20
71.47803089999999
 10
215.8113271
 20
71.3020629
 10
216.1750867
 20
71.0327058
 10
216.4515337
 20
70.6566888
 10
216.6443893
 20
70.1607417
 10
216.7573744
 20
69.531594
 10
216.794209
 20
68.75597519999999
 10
216.7613845
 20
68.05660950000001
 10
216.6625795
 20
67.4770503
 10
216.4972981
 20
67.0091115
 10
216.2650447
 20
66.6446079
 10
215.9653225
 20
66.375354
 10
215.5976356
 20
66.19316430000001
 10
215.1614884
 20
66.08985300000001
 10
214.6563841
 20
66.05723490000001
 10
214.6563841
 20
66.05723490000001
  0
LWPOLYLINE
  5
251
100
AcDbEntity
  8
Layer 1
  6
ByLayer
 62
    1
370
   -1
100
AcDbPolyline
 90
   19
 70
    0
 43
0
 10
214.1589694
 20
70.3328853
 10
213.5133886
 20
70.2905523
 10
213.5133886
 20
67.46481300000001
 10
213.8308873
 20
67.3960218
 10
214.4658847
 20
67.3272303
 10
214.8369616
 20
67.40015579999999
 10
214.9890136
 20
67.49745179999999
 10
215.1167575
 20
67.6407603
 10
215.2187044
 20
67.83417420000001
 10
215.293366
 20
68.0817861
 10
215.3548816
 20
68.75597519999999
 10
215.3049415
 20
69.4845687
 10
215.2332151
 20
69.75721230000001
 10
215.1220489
 20
69.9730536
 10
214.9652428
 20
70.135317
 10
214.7565946
 20
70.2472269
 10
214.4899039
 20
70.3120083
 10
214.1589694
 20
70.3328853
 10
214.1589694
 20
70.3328853
  0
LWPOLYLINE
  5
252
100
AcDbEntity
  8
Layer 1
  6
ByLayer
 62
    1
370
   -1
100
AcDbPolyline
 90
    5
 70
    0
 43
0
 10
237.9819586
 20
71.4758817
 10
239.5059529
 20
71.4758817
 10
239.5059529
 20
69.7190547
 10
237.9819586
 20
69.7190547
 10
237.9819586
 20
71.4758817
  0
LWPOLYLINE
  5
253
100
AcDbEntity
  8
Layer 1
  6
ByLayer
 62
    1
370
   -1
100
AcDbPolyline
 90
   14
 70
    0
 43
0
 10
234.0132313
 20
71.4758817
 10
234.0132313
 20
69.5073888
 10
234.5953111
 20
69.4121391
 10
235.6642237
 20
71.4758817
 10
237.2623015
 20
71.4758817
 10
235.8123904
 20
68.69247540000001
 10
237.1882177
 20
66.1842348
 10
235.6007251
 20
66.1842348
 10
234.552979
 20
68.18447759999999
 10
234.0132313
 20
68.2797267
 10
234.0132313
 20
64.0675761
 10
232.5950692
 20
64.0675761
 10
232.5950692
 20
71.4758817
 10
234.0132313
 20
71.4758817
  0
LWPOLYLINE
  5
254
100
AcDbEntity
  8
Layer 1
  6
ByLayer
 62
    1
370
   -1
100
AcDbPolyline
 90
   50
 70
    0
 43
0
 10
226.0606576
 20
69.4333377
 10
226.0558555
 20
68.96561459999999
 10
225.7932349
 20
68.9600346
 10
225.3892294
 20
68.9346099
 10
225.2441692
 20
68.8422279
 10
225.1664524
 20
68.68377270000001
 10
225.1106425
 20
68.006916
 10
224.7570208
 20
68.00612220000001
 10
224.7740746
 20
68.3538525
 10
222.9431797
 20
68.3538525
 10
222.9962572
 20
67.8375747
 10
223.1535088
 20
67.48598490000001
 10
223.2777127
 20
67.36761180000001
 10
223.4357755
 20
67.2852072
 10
223.8638986
 20
67.2213648
 10
224.1035734
 20
67.2360927
 10
224.0993902
 20
67.06773149999999
 10
223.9730413
 20
67.0582746
 10
223.7980543
 20
67.0244283
 10
223.6479457
 20
66.9268101
 10
223.340833
 20
66.481101
 10
223.2538084
 20
66.30844950000001
 10
223.2316924
 20
66.119418
 10
222.8341888
 20
66.2422329
 10
222.4886893
 20
66.4300221
 10
222.1955011
 20
66.6824787
 10
221.9549311
 20
66.999297
 10
221.7672868
 20
67.3801698
 10
221.6328748
 20
67.82479050000001
 10
221.5520023
 20
68.33285309999999
 10
221.5249765
 20
68.9040507
 10
221.5571998
 20
69.56695379999999
 10
221.6557723
 20
70.1293986
 10
221.8235476
 20
70.595106
 10
222.063379
 20
70.9677963
 10
222.3781201
 20
71.2511901
 10
222.7706248
 20
71.4490077
 10
223.2437467
 20
71.56497
 10
223.8003391
 20
71.60279730000001
 10
224.5595389
 20
71.5565067
 10
225.2701381
 20
71.4546672
 10
226.0017526
 20
71.3065368
 10
225.9805135
 20
70.2588501
 10
225.3270181
 20
70.3064442
 10
224.0226508
 20
70.354038
 10
223.5356518
 20
70.29947249999999
 10
223.2064075
 20
70.1318031
 10
223.0180537
 20
69.8450718
 10
222.9537247
 20
69.43332030000001
 10
226.0606576
 20
69.4333377
  0
LWPOLYLINE
  5
255
100
AcDbEntity
  8
Layer 1
  6
ByLayer
 62
    1
370
   -1
100
AcDbPolyline
 90
    6
 70
    0
 43
0
 10
226.988197
 20
70.752015
 10
226.9871095
 20
70.0636863
 10
226.8433966
 20
70.0627575
 10
226.8912205
 20
70.4314383
 10
226.9881937
 20
70.7520165
 10
226.988197
 20
70.752015
  0
LWPOLYLINE
  5
256
100
AcDbEntity
  8
Layer 1
  6
ByLayer
 62
    1
370
   -1
100
AcDbPolyline
 90
    9
 70
    0
 43
0
 10
227.8310902
 20
71.5155333
 10
227.8548106
 20
71.099901
 10
227.6250568
 20
71.10904740000001
 10
227.4040618
 20
71.11980990000001
 10
227.1877192
 20
71.08858380000001
 10
227.1822901
 20
71.0868771
 10
227.4638959
 20
71.3448903
 10
227.8310869
 20
71.5155324
 10
227.8310902
 20
71.5155333
  0
LWPOLYLINE
  5
257
100
AcDbEntity
  8
Layer 1
  6
ByLayer
 62
    1
370
   -1
100
AcDbPolyline
 90
   39
 70
    0
 43
0
 10
227.2281823
 20
66.3479487
 10
227.7805504
 20
67.3145547
 10
229.1978266
 20
67.26370560000001
 10
229.4739916
 20
67.2890211
 10
229.668805
 20
67.3788462
 10
229.7842438
 20
67.5539991
 10
229.8222841
 20
67.8352977
 10
229.8222841
 20
68.1633393
 10
228.6897964
 20
68.2479855
 10
228.3346246
 20
68.2844169
 10
228.875521
 20
69.23086980000001
 10
229.8222841
 20
69.1476189
 10
229.8222841
 20
70.27995180000001
 10
229.5181171
 20
70.3552962
 10
229.863367
 20
70.95975420000001
 10
230.0183956
 20
71.2397364
 10
230.0338984
 20
71.23245
 10
230.3581747
 20
71.4153342
 10
230.6913772
 20
71.52875640000001
 10
231.0741892
 20
71.58661619999999
 10
231.5472928
 20
71.6028141
 10
231.5896156
 20
70.5340437
 10
231.4174672
 20
70.4786349
 10
231.3157576
 20
70.3845177
 10
231.2636569
 20
70.240791
 10
231.2403349
 20
70.03655520000001
 10
231.2403349
 20
67.83529710000001
 10
231.2140042
 20
67.40338560000001
 10
231.1328608
 20
67.0350954
 10
230.9936782
 20
66.7285668
 10
230.7932302
 20
66.48194070000001
 10
230.5282903
 20
66.2933574
 10
230.1956317
 20
66.1609572
 10
229.7920285
 20
66.0828807
 10
229.3142539
 20
66.0572682
 10
228.6544705
 20
66.0937914
 10
228.0370537
 20
66.1788861
 10
227.2281823
 20
66.34794780000001
 10
227.2281823
 20
66.3479487
  0
LWPOLYLINE
  5
258
100
AcDbEntity
  8
Layer 1
  6
ByLayer
 62
    1
370
   -1
100
AcDbPolyline
 90
   58
 70
    0
 43
0
 10
223.0656514
 20
58.17465870000001
 10
222.3013414
 20
58.22262090000001
 10
221.6104558
 20
58.3281375
 10
220.9172578
 20
58.4816166
 10
220.9595812
 20
59.4658962
 10
222.9492235
 20
59.3812509
 10
223.2253879
 20
59.4065421
 10
223.4202016
 20
59.4963138
 10
223.5356404
 20
59.67141359999999
 10
223.5736807
 20
59.9526882
 10
223.5736807
 20
60.28072950000001
 10
222.441193
 20
60.36537510000001
 10
221.6606905
 20
60.48593099999999
 10
221.3436211
 20
60.5996037
 10
221.0786434
 20
60.7582974
 10
220.868236
 20
60.969081
 10
220.7148766
 20
61.2390225
 10
220.6210438
 20
61.5751908
 10
220.5892156
 20
61.98465419999999
 10
220.6141216
 20
62.38132290000001
 10
220.6892533
 20
62.72913000000001
 10
220.8152326
 20
63.02683380000001
 10
220.9926802
 20
63.27319320000001
 10
221.2222174
 20
63.46696680000001
 10
221.5044655
 20
63.60691320000001
 10
221.8400455
 20
63.6917916
 10
222.2295787
 20
63.7203603
 10
222.3714304
 20
63.7164867
 10
222.5695582
 20
63.69943380000001
 10
223.0391416
 20
63.61122210000001
 10
223.0613104
 20
63.5977347
 10
223.5220309
 20
63.3068979
 10
223.9671445
 20
62.9937417
 10
223.973812
 20
62.85033900000001
 10
224.0090722
 20
62.6462781
 10
224.1190945
 20
62.4713544
 10
224.2839484
 20
62.3463192
 10
224.4837028
 20
62.29192470000001
 10
224.5202893
 20
62.29160730000001
 10
224.7681748
 20
62.38472400000001
 10
224.9370073
 20
62.5928286
 10
225.1554439
 20
63.0321813
 10
225.3149677
 20
63.31216350000001
 10
225.3411685
 20
62.6514303
 10
225.1690198
 20
62.5960218
 10
225.0673102
 20
62.50190430000001
 10
225.0152095
 20
62.3581776
 10
224.9918881
 20
62.1539418
 10
224.9918881
 20
59.9526834
 10
224.9655505
 20
59.5207719
 10
224.8843894
 20
59.15248170000001
 10
224.7451819
 20
58.8459531
 10
224.5447051
 20
58.599327
 10
224.2797367
 20
58.4107434
 10
223.9470532
 20
58.27834320000001
 10
223.5434326
 20
58.2002664
 10
223.0656514
 20
58.1746539
 10
223.0656514
 20
58.17465870000001
  0
LWPOLYLINE
  5
259
100
AcDbEntity
  8
Layer 1
  6
ByLayer
 62
    1
370
   -1
100
AcDbPolyline
 90
   13
 70
    0
 43
0
 10
223.5736807
 20
61.26500940000001
 10
223.5736807
 20
62.39749740000001
 10
223.2257644
 20
62.48214300000001
 10
222.5365366
 20
62.56678890000001
 10
222.2947762
 20
62.5213071
 10
222.1343764
 20
62.39346570000001
 10
222.0454135
 20
62.1961716
 10
222.0179644
 20
61.9423314
 10
222.0584806
 20
61.69345680000001
 10
222.1753972
 20
61.5150249
 10
222.3617665
 20
61.4020773
 10
222.6106411
 20
61.34965500000001
 10
223.5736807
 20
61.26500940000001
  0
LWPOLYLINE
  5
25A
100
AcDbEntity
  8
Layer 1
  6
ByLayer
 62
    1
370
   -1
100
AcDbPolyline
 90
   13
 70
    0
 43
0
 10
220.953379
 20
66.05726910000001
 10
220.3494859
 20
66.23172030000001
 10
219.8051419
 20
66.46073220000001
 10
219.2601514
 20
66.74513279999999
 10
219.2601514
 20
66.1842381
 10
217.8524878
 20
66.1842381
 10
217.8524878
 20
70.9989765
 10
218.3186596
 20
70.9707612
 10
219.2706934
 20
71.04207480000001
 10
219.2706934
 20
67.93048590000001
 10
219.7627879
 20
67.7757201
 10
220.953379
 20
67.4860173
 10
220.953379
 20
66.05726910000001
  0
LWPOLYLINE
  5
25B
100
AcDbEntity
  8
Layer 1
  6
ByLayer
 62
    1
370
   -1
100
AcDbPolyline
 90
   42
 70
    0
 43
0
 10
214.1529184
 20
73.36584089999999
 10
213.6042202
 20
73.4058795
 10
213.1387414
 20
73.5274014
 10
212.7533815
 20
73.7325147
 10
212.4450397
 20
74.0233278
 10
212.2106155
 20
74.40194940000001
 10
212.0470087
 20
74.8704876
 10
211.9511182
 20
75.4310505
 10
211.9198438
 20
76.08574710000001
 10
211.9497538
 20
76.7784156
 10
212.0420476
 20
77.3666565
 10
212.2005697
 20
77.854191
 10
212.4291646
 20
78.2447391
 10
212.7316774
 20
78.5420223
 10
213.1119523
 20
78.7497606
 10
213.5738347
 20
78.8716752
 10
214.1211685
 20
78.9114864
 10
214.6407421
 20
78.87676020000001
 10
215.2059562
 20
78.8003619
 10
215.8462453
 20
78.68923770000001
 10
215.8039123
 20
77.5568253
 10
214.5762502
 20
77.6414913
 10
214.2322519
 20
77.62326
 10
213.9574582
 20
77.5650933
 10
213.7446763
 20
77.461782
 10
213.5867125
 20
77.30811780000001
 10
213.4763734
 20
77.0988909
 10
213.4064656
 20
76.82889299999999
 10
213.3591715
 20
76.08574710000001
 10
213.404812
 20
75.412716
 10
213.4730248
 20
75.1619001
 10
213.5814208
 20
74.9639181
 10
213.7374415
 20
74.8155453
 10
213.9485287
 20
74.71355699999999
 10
214.2221233
 20
74.6547288
 10
214.5656671
 20
74.635836
 10
215.8039123
 20
74.7205029
 10
215.8462453
 20
73.5986736
 10
215.2297687
 20
73.4822571
 10
214.6764607
 20
73.402221
 10
214.1529184
 20
73.36584089999999
 10
214.1529184
 20
73.36584089999999
  0
LWPOLYLINE
  5
25C
100
AcDbEntity
  8
Layer 1
  6
ByLayer
 62
    1
370
   -1
100
AcDbPolyline
 90
    5
 70
    0
 43
0
 10
240.8228101
 20
78.7844874
 10
242.3468044
 20
78.7844874
 10
242.3468044
 20
77.0276607
 10
240.8228101
 20
77.0276607
 10
240.8228101
 20
78.7844874
  0
LWPOLYLINE
  5
25D
100
AcDbEntity
  8
Layer 1
  6
ByLayer
 62
    1
370
   -1
100
AcDbPolyline
 90
   38
 70
    0
 43
0
 10
237.7219012
 20
77.6626581
 10
237.2349043
 20
77.6080881
 10
236.9056645
 20
77.4404091
 10
236.7173152
 20
77.1536679
 10
236.6529886
 20
76.74191160000001
 10
239.764477
 20
76.74191160000001
 10
239.8703098
 20
75.7576653
 10
239.8349839
 20
75.1960686
 10
239.7285928
 20
74.7097539
 10
239.5505167
 20
74.298597
 10
239.3001349
 20
73.9624743
 10
238.9768279
 20
73.701261
 10
238.579975
 20
73.51483380000001
 10
238.1089564
 20
73.4030685
 10
237.563152
 20
73.36584089999999
 10
237.0190219
 20
73.4109024
 10
236.5458328
 20
73.5457569
 10
236.1440812
 20
73.76990790000001
 10
235.8142627
 20
74.0828592
 10
235.5568735
 20
74.48411490000001
 10
235.3724098
 20
74.9731788
 10
235.2613678
 20
75.549555
 10
235.2242437
 20
76.21274699999999
 10
235.2564691
 20
76.87564980000001
 10
235.3550467
 20
77.43809400000001
 10
235.5228292
 20
77.90380020000001
 10
235.762669
 20
78.276489
 10
236.0774188
 20
78.5598816
 10
236.469931
 20
78.757698
 10
236.943058
 20
78.87365939999999
 10
237.4996522
 20
78.9114864
 10
238.2588382
 20
78.8651847
 10
238.9694071
 20
78.7633206
 10
239.7009769
 20
78.6151545
 10
239.6798101
 20
77.56740840000001
 10
239.0262919
 20
77.61503310000001
 10
237.7219012
 20
77.6626581
 10
237.7219012
 20
77.6626581
  0
LWPOLYLINE
  5
25E
100
AcDbEntity
  8
Layer 1
  6
ByLayer
 62
    1
370
   -1
100
AcDbPolyline
 90
   12
 70
    0
 43
0
 10
236.6424058
 20
75.6624156
 10
236.6954872
 20
75.14614950000001
 10
236.8527484
 20
74.79458579999999
 10
236.9769574
 20
74.6762265
 10
237.1350247
 20
74.5938336
 10
237.563152
 20
74.5300032
 10
237.9866488
 20
74.58639240000001
 10
238.1441371
 20
74.66227380000001
 10
238.2682636
 20
74.77474170000001
 10
238.424863
 20
75.123825
 10
238.4733148
 20
75.6624156
 10
236.6424058
 20
75.6624156
  0
LWPOLYLINE
  5
25F
100
AcDbEntity
  8
Layer 1
  6
ByLayer
 62
    1
370
   -1
100
AcDbPolyline
 90
   28
 70
    0
 43
0
 10
234.5680777
 20
74.6993361
 10
234.5680777
 20
73.4928408
 10
233.2663339
 20
73.4928408
 10
233.2663339
 20
72.0217626
 10
231.8481721
 20
72.0217626
 10
231.8481721
 20
73.4928408
 10
231.2237584
 20
73.4928408
 10
231.2237584
 20
74.6993361
 10
231.8481721
 20
74.6993361
 10
231.8481721
 20
76.9006608
 10
231.8665894
 20
77.4246165
 10
231.9260584
 20
77.8577877
 10
232.032904
 20
78.2066229
 10
232.1934517
 20
78.47757180000001
 10
232.4140264
 20
78.6770832
 10
232.7009536
 20
78.81160680000001
 10
233.0605582
 20
78.88759140000001
 10
233.4991651
 20
78.9114864
 10
234.1778191
 20
78.8321121
 10
234.5786614
 20
78.75273749999999
 10
234.5151616
 20
77.6203251
 10
233.710831
 20
77.6414913
 10
233.4538558
 20
77.5951896
 10
233.3218954
 20
77.4536382
 10
233.2732786
 20
77.2128684
 10
233.2663333
 20
76.8689115
 10
233.2663333
 20
74.6993361
 10
234.5680777
 20
74.6993361
  0
LWPOLYLINE
  5
260
100
AcDbEntity
  8
Layer 1
  6
ByLayer
 62
    1
370
   -1
100
AcDbPolyline
 90
   48
 70
    0
 43
0
 10
230.2818472
 20
75.1438347
 10
230.2555132
 20
74.7119247
 10
230.1743608
 20
74.3436384
 10
230.0351659
 20
74.0371155
 10
229.8347035
 20
73.79049570000001
 10
229.5697492
 20
73.6019187
 10
229.2370786
 20
73.46952420000001
 10
228.8334667
 20
73.3914516
 10
228.3556891
 20
73.36584089999999
 10
227.5913764
 20
73.4137965
 10
226.900486
 20
73.51929869999999
 10
226.2072805
 20
73.67275650000001
 10
226.2496126
 20
74.6570031
 10
228.2392732
 20
74.5723368
 10
228.5154304
 20
74.5976376
 10
228.7102288
 20
74.68743000000001
 10
228.8256526
 20
74.8625505
 10
228.863686
 20
75.1438347
 10
228.863686
 20
75.47191650000001
 10
227.7312745
 20
75.5565825
 10
226.9507567
 20
75.677133
 10
226.6336711
 20
75.7908
 10
226.3686754
 20
75.94948740000001
 10
226.1582497
 20
76.1602644
 10
226.0048744
 20
76.4302005
 10
225.9110305
 20
76.7663646
 10
225.8791978
 20
77.1758265
 10
225.9041059
 20
77.5724934
 10
225.979243
 20
77.9202951
 10
226.1052298
 20
78.2179917
 10
226.2826858
 20
78.46434239999999
 10
226.5122317
 20
78.65810760000001
 10
226.7944873
 20
78.79804680000001
 10
227.1300727
 20
78.8829198
 10
227.519608
 20
78.9114864
 10
228.097555
 20
78.85360919999999
 10
228.5951353
 20
78.72627900000001
 10
229.0753519
 20
78.5410716
 10
229.3996309
 20
78.7239639
 10
229.7328394
 20
78.83740349999999
 10
230.1156568
 20
78.8952807
 10
230.5887631
 20
78.9114864
 10
230.6310961
 20
77.84257410000001
 10
230.4589522
 20
77.7871773
 10
230.3572534
 20
77.69308530000001
 10
230.3051638
 20
77.5493838
 10
230.2818472
 20
77.3451594
 10
230.2818472
 20
75.1438347
  0
LWPOLYLINE
  5
261
100
AcDbEntity
  8
Layer 1
  6
ByLayer
 62
    1
370
   -1
100
AcDbPolyline
 90
   13
 70
    0
 43
0
 10
228.863686
 20
76.4561628
 10
228.863686
 20
77.58857519999999
 10
228.5157607
 20
77.6732415
 10
227.8265245
 20
77.75790810000001
 10
227.584762
 20
77.7124329
 10
227.4243589
 20
77.5846068
 10
227.3353933
 20
77.3873274
 10
227.307943
 20
77.1334935
 10
227.3484571
 20
76.8846207
 10
227.4653695
 20
76.706193
 10
227.6517346
 20
76.5932493
 10
227.9006068
 20
76.5408288
 10
228.863686
 20
76.4561628
  0
LWPOLYLINE
  5
262
100
AcDbEntity
  8
Layer 1
  6
ByLayer
 62
    1
370
   -1
100
AcDbPolyline
 90
   38
 70
    0
 43
0
 10
223.0640392
 20
77.6626581
 10
222.5770426
 20
77.6080881
 10
222.2478031
 20
77.4404091
 10
222.0594535
 20
77.1536679
 10
221.9951269
 20
76.74191160000001
 10
225.1066141
 20
76.74191160000001
 10
225.2124472
 20
75.7576653
 10
225.1771213
 20
75.1960686
 10
225.0707302
 20
74.7097539
 10
224.8926538
 20
74.298597
 10
224.6422723
 20
73.9624743
 10
224.318965
 20
73.701261
 10
223.9221124
 20
73.51483380000001
 10
223.4510938
 20
73.4030685
 10
222.9052894
 20
73.36584089999999
 10
222.3611593
 20
73.4109024
 10
221.8879702
 20
73.5457569
 10
221.4862186
 20
73.76990790000001
 10
221.1564001
 20
74.0828592
 10
220.8990112
 20
74.48411490000001
 10
220.7145478
 20
74.9731788
 10
220.6035061
 20
75.549555
 10
220.5663817
 20
76.21274699999999
 10
220.5986071
 20
76.87564980000001
 10
220.6971847
 20
77.43809400000001
 10
220.8649669
 20
77.90380020000001
 10
221.1048067
 20
78.276489
 10
221.4195562
 20
78.5598816
 10
221.8120684
 20
78.757698
 10
222.2851951
 20
78.87365939999999
 10
222.8417896
 20
78.9114864
 10
223.6009756
 20
78.8651847
 10
224.3115445
 20
78.7633206
 10
225.0431149
 20
78.6151545
 10
225.021949
 20
77.56740840000001
 10
224.3684302
 20
77.61503310000001
 10
223.0640392
 20
77.6626581
 10
223.0640392
 20
77.6626581
  0
LWPOLYLINE
  5
263
100
AcDbEntity
  8
Layer 1
  6
ByLayer
 62
    1
370
   -1
100
AcDbPolyline
 90
   12
 70
    0
 43
0
 10
221.9845438
 20
75.6624156
 10
222.0376255
 20
75.14614950000001
 10
222.1948864
 20
74.79458579999999
 10
222.3190954
 20
74.6762265
 10
222.4771627
 20
74.5938336
 10
222.9052894
 20
74.5300032
 10
223.3287871
 20
74.58639240000001
 10
223.4862757
 20
74.66227380000001
 10
223.6104022
 20
74.77474170000001
 10
223.7670019
 20
75.123825
 10
223.8154537
 20
75.6624156
 10
221.9845438
 20
75.6624156
  0
LWPOLYLINE
  5
264
100
AcDbEntity
  8
Layer 1
  6
ByLayer
 62
    1
370
   -1
100
AcDbPolyline
 90
   12
 70
    0
 43
0
 10
216.8939827
 20
78.7844874
 10
218.3121436
 20
78.7844874
 10
218.3121436
 20
75.2390838
 10
218.8042669
 20
75.0843033
 10
219.9948874
 20
74.79458579999999
 10
219.9948874
 20
73.36584089999999
 10
219.3909781
 20
73.54029990000001
 10
218.8465999
 20
73.7693292
 10
218.3015599
 20
74.05375530000001
 10
218.3015599
 20
73.4928408
 10
216.8939827
 20
73.4928408
 10
216.8939827
 20
78.7844874
  0
LWPOLYLINE
  5
265
100
AcDbEntity
  8
Layer 1
  6
ByLayer
 62
    1
370
   -1
100
AcDbPolyline
 90
   41
 70
    0
 43
0
 10
241.2744964
 20
58.40619119999999
 10
240.9384706
 20
58.47369330000001
 10
240.6646546
 20
58.6580013
 10
240.4803466
 20
58.93181730000001
 10
240.4128445
 20
59.26784310000001
 10
240.4128445
 20
65.46652710000001
 10
240.4803466
 20
65.8025526
 10
240.6646546
 20
66.076368
 10
240.9384706
 20
66.260676
 10
241.2744964
 20
66.3281781
 10
240.8019679
 20
66.3281781
 10
240.650257
 20
66.3586674
 10
240.5266531
 20
66.44190930000001
 10
240.4434646
 20
66.56556660000001
 10
240.4129999
 20
66.7173015
 10
240.4129999
 20
66.77295690000001
 10
240.4434646
 20
66.92466779999999
 10
240.5266531
 20
67.0482717
 10
240.650257
 20
67.13146020000001
 10
240.8019679
 20
67.1619249
 10
242.6920828
 20
67.1619249
 10
242.843818
 20
67.13146020000001
 10
242.967475
 20
67.0482717
 10
243.0507166
 20
66.92466779999999
 10
243.0812056
 20
66.77295690000001
 10
243.0812056
 20
66.7173015
 10
243.0507166
 20
66.56556660000001
 10
242.967475
 20
66.4419096
 10
242.843818
 20
66.35866770000001
 10
242.6920828
 20
66.3281781
 10
242.2197085
 20
66.3281781
 10
242.5557343
 20
66.2606763
 10
242.8295503
 20
66.0763683
 10
243.013858
 20
65.8025526
 10
243.0813604
 20
65.46652710000001
 10
243.0813604
 20
59.26784310000001
 10
243.013858
 20
58.93181730000001
 10
242.8295503
 20
58.6580013
 10
242.5557343
 20
58.47369330000001
 10
242.2197085
 20
58.40619119999999
 10
241.2744964
 20
58.40619119999999
  0
LWPOLYLINE
  5
266
100
AcDbEntity
  8
Layer 1
  6
ByLayer
 62
    1
370
   -1
100
AcDbPolyline
 90
   20
 70
    0
 43
0
 10
241.0893916
 20
59.96283870000001
 10
241.2411436
 20
59.99332200000001
 10
241.3647988
 20
60.0765543
 10
241.4480311
 20
60.2002095
 10
241.4785144
 20
60.3519615
 10
241.4785144
 20
65.2997151
 10
241.4480311
 20
65.45146740000001
 10
241.3647988
 20
65.5751229
 10
241.2411436
 20
65.6583552
 10
241.0893916
 20
65.6888385
 10
240.9376159
 20
65.6583552
 10
240.8139073
 20
65.5751229
 10
240.7306216
 20
65.45146740000001
 10
240.700114
 20
65.2997151
 10
240.700114
 20
60.3519615
 10
240.7306216
 20
60.2002095
 10
240.8139073
 20
60.0765543
 10
240.9376159
 20
59.99332200000001
 10
241.0893916
 20
59.96283870000001
 10
241.0893916
 20
59.96283870000001
  0
LWPOLYLINE
  5
267
100
AcDbEntity
  8
Layer 1
  6
ByLayer
 62
    1
370
   -1
100
AcDbPolyline
 90
   20
 70
    0
 43
0
 10
242.4048139
 20
59.96283870000001
 10
242.5565899
 20
59.99332200000001
 10
242.6802985
 20
60.0765543
 10
242.7635839
 20
60.2002095
 10
242.7940915
 20
60.3519615
 10
242.7940915
 20
65.2997151
 10
242.7635839
 20
65.45146740000001
 10
242.6802985
 20
65.5751229
 10
242.5565899
 20
65.6583552
 10
242.4048139
 20
65.6888385
 10
242.2530616
 20
65.6583552
 10
242.1294061
 20
65.5751229
 10
242.0461735
 20
65.45146740000001
 10
242.0156902
 20
65.2997151
 10
242.0156902
 20
60.3519615
 10
242.0461735
 20
60.2002095
 10
242.1294061
 20
60.0765543
 10
242.2530616
 20
59.99332200000001
 10
242.4048139
 20
59.96283870000001
 10
242.4048139
 20
59.96283870000001
  0
LWPOLYLINE
  5
268
100
AcDbEntity
  8
Layer 1
  6
ByLayer
 62
    1
370
   -1
100
AcDbPolyline
 90
   13
 70
    0
 43
0
 10
241.5244042
 20
67.16270040000001
 10
241.5146371
 20
73.5309858
 10
241.2157414
 20
74.5923147
 10
241.4712292
 20
75.94711409999999
 10
241.7465611
 20
75.94711409999999
 10
241.7477992
 20
75.94711409999999
 10
242.0231308
 20
75.94711409999999
 10
242.2784641
 20
74.5923147
 10
241.9797232
 20
73.5309858
 10
241.9698013
 20
67.16270040000001
 10
241.7473342
 20
67.16270040000001
 10
241.7468578
 20
67.16270040000001
 10
241.5244042
 20
67.16270040000001
  0
LWPOLYLINE
  5
269
100
AcDbEntity
  8
Layer 1
  6
ByLayer
 62
    1
370
   -1
100
AcDbPolyline
 90
    9
 70
    0
 43
0
 10
220.0593007
 20
53.2984938
 10
219.7974124
 20
53.36973450000001
 10
219.6614182
 20
53.5264641
 10
219.6021208
 20
53.75443440000001
 10
220.5211333
 20
53.75443440000001
 10
220.45951
 20
53.5264641
 10
220.3219168
 20
53.36973450000001
 10
220.0593007
 20
53.2984938
 10
220.0593007
 20
53.2984938
  0
LWPOLYLINE
  5
26A
100
AcDbEntity
  8
Layer 1
  6
ByLayer
 62
    1
370
   -1
100
AcDbPolyline
 90
    9
 70
    0
 43
0
 10
225.8989375
 20
53.2984938
 10
225.636322
 20
53.36973450000001
 10
225.4987291
 20
53.5264641
 10
225.4371058
 20
53.75443440000001
 10
226.356118
 20
53.75443440000001
 10
226.2968212
 20
53.5264641
 10
226.1608273
 20
53.36973450000001
 10
225.8989375
 20
53.2984938
 10
225.8989375
 20
53.2984938
  0
LWPOLYLINE
  5
26B
100
AcDbEntity
  8
Layer 1
  6
ByLayer
 62
    1
370
   -1
100
AcDbPolyline
 90
   19
 70
    0
 43
0
 10
218.6333437
 20
53.9530266
 10
218.5095289
 20
53.9779008
 10
218.4086335
 20
54.045816
 10
218.3407183
 20
54.1467114
 10
218.3158441
 20
54.27052620000001
 10
218.3407183
 20
54.394341
 10
218.4086335
 20
54.49523669999999
 10
218.5095289
 20
54.5631516
 10
218.6333437
 20
54.5880258
 10
221.5503709
 20
54.5880258
 10
221.674186
 20
54.5631516
 10
221.7750814
 20
54.49523669999999
 10
221.8429966
 20
54.394341
 10
221.8678705
 20
54.27052620000001
 10
221.8429966
 20
54.1467114
 10
221.7750814
 20
54.045816
 10
221.674186
 20
53.9779008
 10
221.5503709
 20
53.9530266
 10
218.6333437
 20
53.9530266
  0
LWPOLYLINE
  5
26C
100
AcDbEntity
  8
Layer 1
  6
ByLayer
 62
    1
370
   -1
100
AcDbPolyline
 90
   19
 70
    0
 43
0
 10
224.4078673
 20
53.9530266
 10
224.2840525
 20
53.9779008
 10
224.1831571
 20
54.045816
 10
224.1152419
 20
54.1467114
 10
224.0903677
 20
54.27052620000001
 10
224.1152419
 20
54.394341
 10
224.1831571
 20
54.49523669999999
 10
224.2840525
 20
54.5631516
 10
224.4078673
 20
54.5880258
 10
227.3248948
 20
54.5880258
 10
227.4487099
 20
54.5631516
 10
227.5496053
 20
54.49523669999999
 10
227.6175205
 20
54.394341
 10
227.6423944
 20
54.27052620000001
 10
227.6175205
 20
54.1467114
 10
227.5496053
 20
54.045816
 10
227.4487099
 20
53.9779008
 10
227.3248948
 20
53.9530266
 10
224.4078673
 20
53.9530266
  0
LWPOLYLINE
  5
26D
100
AcDbEntity
  8
Layer 1
  6
ByLayer
 62
    1
370
   -1
100
AcDbPolyline
 90
   31
 70
    0
 43
0
 10
222.9787945
 20
54.7269321
 10
222.6631555
 20
54.723519
 10
222.6631699
 20
54.72352140000001
 10
222.2578681
 20
54.75714720000001
 10
221.8182613
 20
54.9352911
 10
221.5906504
 20
55.0915275
 10
221.3519338
 20
55.2230253
 10
220.8184348
 20
55.29669360000001
 10
220.4881117
 20
55.30240019999999
 10
220.4881117
 20
54.917928
 10
220.444006
 20
54.8299671
 10
220.3999
 20
54.8162289
 10
219.6836659
 20
54.8162289
 10
219.6443662
 20
54.82623270000001
 10
219.6050665
 20
54.9039756
 10
219.6057013
 20
55.58021220000001
 10
219.6506599
 20
55.7787567
 10
219.7495681
 20
56.01869550000001
 10
219.8934349
 20
56.3057481
 10
220.2208564
 20
56.31443010000001
 10
220.4093719
 20
55.96716480000001
 10
221.1282418
 20
55.94608140000001
 10
221.3486959
 20
55.9758147
 10
221.5257361
 20
56.10529560000001
 10
221.7202066
 20
56.4407355
 10
221.8750168
 20
56.80478670000001
 10
222.0357799
 20
57.2689632
 10
222.1422376
 20
57.48398160000001
 10
222.2105056
 20
57.5501079
 10
222.2920453
 20
57.57450660000001
 10
222.9791191
 20
57.57450660000001
  0
LWPOLYLINE
  5
26E
100
AcDbEntity
  8
Layer 1
  6
ByLayer
 62
    1
370
   -1
100
AcDbPolyline
 90
   11
 70
    0
 43
0
 10
222.9788017
 20
57.05856989999999
 10
222.6516976
 20
57.05856989999999
 10
222.5446696
 20
57.00473550000001
 10
222.4296082
 20
56.8598211
 10
222.2051278
 20
56.39628210000001
 10
222.037741
 20
55.8670122
 10
221.986933
 20
55.4710719
 10
222.073027
 20
55.33036799999999
 10
222.216991
 20
55.2452892
 10
222.5193028
 20
55.17744660000001
 10
222.9791191
 20
55.1634942
  0
LWPOLYLINE
  5
26F
100
AcDbEntity
  8
Layer 1
  6
ByLayer
 62
    1
370
   -1
100
AcDbPolyline
 90
   12
 70
    0
 43
0
 10
222.9790882
 20
55.1634942
 10
222.9791191
 20
55.1634942
 10
223.4389357
 20
55.17744660000001
 10
223.7412472
 20
55.2452892
 10
223.8852112
 20
55.33036799999999
 10
223.9713055
 20
55.4710719
 10
223.9204972
 20
55.8670122
 10
223.7531107
 20
56.39628210000001
 10
223.5286303
 20
56.8598211
 10
223.4135689
 20
57.00473550000001
 10
223.3065406
 20
57.05856989999999
 10
222.9794296
 20
57.05856989999999
  0
LWPOLYLINE
  5
270
100
AcDbEntity
  8
Layer 1
  6
ByLayer
 62
    1
370
   -1
100
AcDbPolyline
 90
   30
 70
    0
 43
0
 10
222.9791119
 20
57.57450660000001
 10
223.666201
 20
57.57450660000001
 10
223.7477407
 20
57.5501079
 10
223.8160087
 20
57.48398160000001
 10
223.9224664
 20
57.2689632
 10
224.0832295
 20
56.80478670000001
 10
224.2380397
 20
56.4407355
 10
224.4325102
 20
56.10529560000001
 10
224.6095504
 20
55.9758147
 10
224.8300045
 20
55.94608140000001
 10
225.5488744
 20
55.96716480000001
 10
225.7373899
 20
56.31443010000001
 10
226.0648114
 20
56.3057481
 10
226.2086782
 20
56.0146008
 10
226.3075867
 20
55.77415020000001
 10
226.3525453
 20
55.58021220000001
 10
226.3531804
 20
54.9039756
 10
226.3138807
 20
54.8291916
 10
226.274581
 20
54.8162289
 10
225.5583463
 20
54.8162289
 10
225.5142403
 20
54.8299683
 10
225.4701346
 20
54.917928
 10
225.4701346
 20
55.30240019999999
 10
225.1398115
 20
55.29669360000001
 10
224.6063125
 20
55.2230253
 10
224.3675959
 20
55.0915275
 10
224.139985
 20
54.9352911
 10
223.836664
 20
54.7950381
 10
223.567975
 20
54.735381
 10
222.9794374
 20
54.7269321
  0
LWPOLYLINE
  5
271
100
AcDbEntity
  8
Layer 1
  6
ByLayer
 62
    1
370
   -1
100
AcDbPolyline
 90
   26
 70
    0
 43
0
 10
221.410225
 20
56.5224789
 10
221.2421491
 20
56.56599960000001
 10
221.1689992
 20
56.60867520000001
 10
220.668091
 20
57.09254850000001
 10
220.2772858
 20
57.5440986
 10
220.0020952
 20
57.99913140000001
 10
219.9026119
 20
58.48805490000001
 10
219.8851147
 20
59.04808439999999
 10
219.9230308
 20
59.7004206
 10
219.9638674
 20
59.851938
 10
220.0498972
 20
59.9562069
 10
220.2107647
 20
60.0038127
 10
220.3729888
 20
59.9615502
 10
220.4620027
 20
59.8681083
 10
220.50718
 20
59.7320466
 10
220.470652
 20
59.1756912
 10
220.4818696
 20
58.6976841
 10
220.5633004
 20
58.2797343
 10
220.8129964
 20
57.85793219999999
 10
221.1690142
 20
57.438183
 10
221.6260249
 20
56.9875665
 10
221.6667568
 20
56.84835390000001
 10
221.6590729
 20
56.7188079
 10
221.5806016
 20
56.5888314
 10
221.410225
 20
56.5224789
 10
221.410225
 20
56.5224789
  0
LWPOLYLINE
  5
272
100
AcDbEntity
  8
Layer 1
  6
ByLayer
 62
    1
370
   -1
100
AcDbPolyline
 90
   26
 70
    0
 43
0
 10
224.5480132
 20
56.5224789
 10
224.3776366
 20
56.5888314
 10
224.2991656
 20
56.7188079
 10
224.2914814
 20
56.84835390000001
 10
224.3322136
 20
56.9875665
 10
224.789224
 20
57.438183
 10
225.1452418
 20
57.85793219999999
 10
225.3949378
 20
58.2797343
 10
225.4763686
 20
58.6976841
 10
225.4875865
 20
59.1756912
 10
225.4510582
 20
59.7320466
 10
225.4962358
 20
59.8681083
 10
225.5852497
 20
59.9615502
 10
225.7474735
 20
60.0038127
 10
225.908341
 20
59.9562069
 10
225.9943708
 20
59.851938
 10
226.0352077
 20
59.7004206
 10
226.0731238
 20
59.04808439999999
 10
226.0556266
 20
58.48805490000001
 10
225.956143
 20
57.99913140000001
 10
225.6809524
 20
57.5440986
 10
225.2901472
 20
57.09254850000001
 10
224.7892393
 20
56.60867520000001
 10
224.7160891
 20
56.56599960000001
 10
224.5480132
 20
56.5224789
 10
224.5480132
 20
56.5224789
  0
LWPOLYLINE
  5
273
100
AcDbEntity
  8
Layer 1
  6
ByLayer
 62
    1
370
   -1
100
AcDbPolyline
 90
   36
 70
    0
 43
0
 10
226.4473246
 20
65.55027990000001
 10
226.152829
 20
65.83754039999999
 10
225.6208645
 20
66.25721250000001
 10
225.2813302
 20
66.40533569999999
 10
224.9193577
 20
66.481695
 10
224.5521745
 20
66.47087010000001
 10
224.1896356
 20
66.3975138
 10
223.8352126
 20
66.25236029999999
 10
223.5862627
 20
66.15892410000001
 10
223.7046826
 20
66.39882180000001
 10
223.9370935
 20
66.7342374
 10
224.2692376
 20
66.76955940000001
 10
224.4024523
 20
66.8344767
 10
224.4562861
 20
66.9657438
 10
224.4702388
 20
67.68844110000001
 10
225.2368573
 20
67.68844110000001
 10
225.4045501
 20
67.7588418
 10
225.4641298
 20
67.9226898
 10
225.5146696
 20
68.6359791
 10
226.2612898
 20
68.6508618
 10
226.3655434
 20
68.70763890000001
 10
226.4125981
 20
68.83441619999999
 10
226.42252
 20
69.74226660000001
 10
227.2336321
 20
69.7472277
 10
227.3146228
 20
69.7977801
 10
227.3452531
 20
69.89109450000001
 10
227.3452531
 20
70.803906
 10
228.0943537
 20
70.7741403
 10
228.1953493
 20
70.8229575
 10
228.2233381
 20
70.9229682
 10
228.1737286
 20
71.8010532
 10
228.3744763
 20
71.9134923
 10
228.5390959
 20
71.9777766
 10
228.6698218
 20
71.9796465
 10
229.7810704
 20
71.3843349
 10
226.4473246
 20
65.55027990000001
  0
LWPOLYLINE
  5
274
100
AcDbEntity
  8
Layer 1
  6
ByLayer
 62
    1
370
   -1
100
AcDbPolyline
 90
   34
 70
    0
 43
0
 10
224.5404094
 20
62.6087928
 10
224.43961
 20
62.6459454
 10
224.3615053
 20
62.72475390000001
 10
224.330035
 20
62.90365800000001
 10
224.322907
 20
63.1211634
 10
224.2563997
 20
63.19836810000001
 10
223.8741952
 20
63.48515159999999
 10
223.4669908
 20
63.73848960000001
 10
223.2021637
 20
63.9111123
 10
222.9197383
 20
64.0437417
 10
222.6602194
 20
64.0542834
 10
222.5822323
 20
64.0195662
 10
222.5129419
 20
64.01909190000001
 10
222.4847296
 20
64.11260460000001
 10
222.5093779
 20
64.1665251
 10
222.8894545
 20
64.7760612
 10
223.2436165
 20
65.29167360000001
 10
223.5996976
 20
65.7289083
 10
223.9271191
 20
65.97695490000001
 10
224.3438374
 20
66.13570470000001
 10
224.630347
 20
66.18586860000001
 10
224.9193055
 20
66.1853139
 10
225.2038087
 20
66.1086336
 10
225.4749298
 20
65.98687650000001
 10
225.8916478
 20
65.7289083
 10
226.2587569
 20
65.3320338
 10
225.6514657
 20
64.40371020000001
 10
225.1430233
 20
63.5788767
 10
224.7208681
 20
62.8118805
 10
224.684281
 20
62.71421220000001
 10
224.6280292
 20
62.646102
 10
224.5545214
 20
62.60894759999999
 10
224.5404142
 20
62.60878890000001
 10
224.5404094
 20
62.6087928
  0
LWPOLYLINE
  5
275
100
AcDbEntity
  8
Layer 1
  6
ByLayer
 62
    1
370
   -1
100
AcDbPolyline
 90
   23
 70
    0
 43
0
 10
224.5036675
 20
63.7490316
 10
224.515915
 20
63.7490316
 10
224.6878417
 20
63.82980180000001
 10
224.9439496
 20
64.1068386
 10
225.0104578
 20
64.25768160000001
 10
224.9614684
 20
64.45069290000001
 10
224.767378
 20
64.68925590000001
 10
224.5194805
 20
64.8750081
 10
224.2356775
 20
65.0074494
 10
223.93006
 20
65.07499560000001
 10
223.7300725
 20
65.05050060000001
 10
223.5688423
 20
64.96632030000001
 10
223.4102308
 20
64.79289540000001
 10
223.3127335
 20
64.58386350000001
 10
223.3043866
 20
64.46714969999999
 10
223.3477705
 20
64.3663572
 10
223.4403952
 20
64.3448865
 10
223.5451228
 20
64.34542830000001
 10
223.7995882
 20
64.26635640000001
 10
224.0353246
 20
64.1454408
 10
224.3370112
 20
63.8332125
 10
224.5036675
 20
63.7490316
 10
224.5036675
 20
63.7490316
  0
LWPOLYLINE
  5
276
100
AcDbEntity
  8
Layer 1
  6
ByLayer
 62
    1
370
   -1
100
AcDbPolyline
 90
   10
 70
    0
 43
0
 10
225.5344561
 20
65.1166983
 10
225.7028356
 20
65.1864435
 10
225.7725808
 20
65.354823
 10
225.7028356
 20
65.5232025
 10
225.5344561
 20
65.5929477
 10
225.3660766
 20
65.5232025
 10
225.2963314
 20
65.354823
 10
225.3660766
 20
65.1864435
 10
225.5344561
 20
65.1166983
 10
225.5344561
 20
65.1166983
  0
LWPOLYLINE
  5
277
100
AcDbEntity
  8
Layer 1
  6
ByLayer
 62
    1
370
   -1
100
AcDbPolyline
 90
   10
 70
    0
 43
0
 10
224.8548085
 20
65.51806860000001
 10
225.023188
 20
65.58781380000001
 10
225.0929332
 20
65.75619330000001
 10
225.023188
 20
65.92457279999999
 10
224.8548085
 20
65.99431799999999
 10
224.686429
 20
65.92457279999999
 10
224.6166838
 20
65.75619330000001
 10
224.686429
 20
65.58781380000001
 10
224.8548085
 20
65.51806860000001
 10
224.8548085
 20
65.51806860000001
  0
LWPOLYLINE
  5
278
100
AcDbEntity
  8
Layer 1
  6
ByLayer
 62
    1
370
   -1
100
AcDbPolyline
 90
   30
 70
    0
 43
0
 10
218.4028765
 20
71.1288912
 10
217.7409385
 20
71.17178100000001
 10
217.0876207
 20
71.30045730000001
 10
216.4515442
 20
71.5149291
 10
215.8413316
 20
71.8152054
 10
215.7246907
 20
71.9321565
 10
215.6755777
 20
72.0662883
 10
215.7185482
 20
72.24013980000001
 10
215.8460587
 20
72.3611844
 10
215.9829322
 20
72.3791415
 10
216.1368166
 20
72.32711160000001
 10
216.6766198
 20
72.061476
 10
217.2393025
 20
71.8717365
 10
217.8172375
 20
71.75789279999999
 10
218.4027991
 20
71.71994460000001
 10
218.9883607
 20
71.75789279999999
 10
219.5662963
 20
71.8717365
 10
220.128979
 20
72.061476
 10
220.6687825
 20
72.32711160000001
 10
220.8221665
 20
72.3719736
 10
220.9586284
 20
72.3493272
 10
221.0858095
 20
72.22665240000001
 10
221.1288637
 20
72.05538540000001
 10
221.0802457
 20
71.925837
 10
220.9644223
 20
71.8152054
 10
220.3542097
 20
71.5149291
 10
219.7181332
 20
71.30045730000001
 10
219.0648148
 20
71.17178100000001
 10
218.4028765
 20
71.1288912
 10
218.4028765
 20
71.1288912
  0
LWPOLYLINE
  5
279
100
AcDbEntity
  8
Layer 1
  6
ByLayer
 62
    1
370
   -1
100
AcDbPolyline
 90
   30
 70
    0
 43
0
 10
218.4028765
 20
72.31114289999999
 10
217.8936934
 20
72.34415010000001
 10
217.3911412
 20
72.44316480000001
 10
216.9018514
 20
72.60817590000001
 10
216.4324564
 20
72.8391726
 10
216.318205
 20
72.954258
 10
216.2708299
 20
73.08737190000001
 10
216.3147895
 20
73.26131669999999
 10
216.4416898
 20
73.3833273
 10
216.5767837
 20
73.40218470000001
 10
216.7279423
 20
73.3510788
 10
217.1269273
 20
73.1547393
 10
217.5428233
 20
73.0144968
 10
217.9699927
 20
72.9303513
 10
218.4027991
 20
72.9023028
 10
218.8356052
 20
72.9303513
 10
219.2627746
 20
73.0144968
 10
219.6786703
 20
73.1547393
 10
220.0776553
 20
73.3510788
 10
220.2388132
 20
73.40962590000001
 10
220.3807816
 20
73.3958847
 10
220.5108067
 20
73.27619970000001
 10
220.5516661
 20
73.0999293
 10
220.4974696
 20
72.96169950000001
 10
220.373296
 20
72.8391726
 10
219.9039016
 20
72.60817590000001
 10
219.4146118
 20
72.44316480000001
 10
218.9120593
 20
72.34415010000001
 10
218.4028765
 20
72.31114289999999
 10
218.4028765
 20
72.31114289999999
  0
LWPOLYLINE
  5
27A
100
AcDbEntity
  8
Layer 1
  6
ByLayer
 62
    1
370
   -1
100
AcDbPolyline
 90
   30
 70
    0
 43
0
 10
218.4028765
 20
81.01012470000001
 10
217.7409385
 20
80.9672346
 10
217.0876207
 20
80.8385586
 10
216.4515442
 20
80.6240868
 10
215.8413316
 20
80.32381050000001
 10
215.7246907
 20
80.2068591
 10
215.6755777
 20
80.0727273
 10
215.7185482
 20
79.89887520000001
 10
215.8460587
 20
79.7778309
 10
215.9829322
 20
79.75987379999999
 10
216.1368166
 20
79.81190340000001
 10
216.6766201
 20
80.077539
 10
217.2393028
 20
80.2672785
 10
217.8172381
 20
80.38112220000001
 10
218.4027997
 20
80.4190701
 10
218.9883613
 20
80.38112220000001
 10
219.5662966
 20
80.2672785
 10
220.128979
 20
80.077539
 10
220.6687825
 20
79.81190340000001
 10
220.8221668
 20
79.76704169999999
 10
220.9586287
 20
79.78968810000001
 10
221.0858104
 20
79.91236259999999
 10
221.1288643
 20
80.08362959999999
 10
221.080246
 20
80.213178
 10
220.9644232
 20
80.3238096
 10
220.35421
 20
80.6240859
 10
219.7181335
 20
80.8385577
 10
219.0648151
 20
80.9672343
 10
218.4028765
 20
81.01012470000001
 10
218.4028765
 20
81.01012470000001
  0
LWPOLYLINE
  5
27B
100
AcDbEntity
  8
Layer 1
  6
ByLayer
 62
    1
370
   -1
100
AcDbPolyline
 90
   30
 70
    0
 43
0
 10
218.4028765
 20
79.827873
 10
217.8936934
 20
79.7948655
 10
217.3911412
 20
79.6958508
 10
216.9018514
 20
79.5308397
 10
216.4324564
 20
79.29984330000001
 10
216.318205
 20
79.1847576
 10
216.2708299
 20
79.051644
 10
216.3147895
 20
78.8776989
 10
216.4416898
 20
78.7556883
 10
216.5767837
 20
78.7368312
 10
216.7279423
 20
78.78793709999999
 10
217.1269273
 20
78.9842766
 10
217.5428233
 20
79.1245188
 10
217.9699927
 20
79.20866430000001
 10
218.4027991
 20
79.23671279999999
 10
218.8356052
 20
79.20866430000001
 10
219.2627746
 20
79.1245188
 10
219.6786703
 20
78.9842766
 10
220.0776553
 20
78.78793709999999
 10
220.2388132
 20
78.7293897
 10
220.3807816
 20
78.74313120000001
 10
220.5108067
 20
78.8628162
 10
220.5516661
 20
79.0390866
 10
220.4974696
 20
79.1773164
 10
220.373296
 20
79.29984330000001
 10
219.9039016
 20
79.5308397
 10
219.4146118
 20
79.6958508
 10
218.9120593
 20
79.7948655
 10
218.4028765
 20
79.827873
 10
218.4028765
 20
79.827873
  0
ENDBLK
  5
69
330
67
100
AcDbEntity
  8
0
100
AcDbBlockEnd
  0
ENDSEC
  0
SECTION
  2
ENTITIES
  0
LINE
  5
27C
100
AcDbEntity
  8
Sketch
  6
ByLayer
 62
  256
370
   -1
100
AcDbLine
 10
-95
 20
0
 11
95
 21
0
  0
ARC
  5
27D
100
AcDbEntity
  8
Sketch
  6
ByLayer
 62
  256
370
   -1
100
AcDbCircle
 10
95
 20
10
 40
10
100
AcDbArc
 50
-90
 51
-0
  0
LINE
  5
27E
100
AcDbEntity
  8
Sketch
  6
ByLayer
 62
  256
370
   -1
100
AcDbLine
 10
105
 20
10
 11
105
 21
287
  0
ARC
  5
27F
100
AcDbEntity
  8
Sketch
  6
ByLayer
 62
  256
370
   -1
100
AcDbCircle
 10
95
 20
287
 40
10
100
AcDbArc
 50
0
 51
90
  0
LINE
  5
280
100
AcDbEntity
  8
Sketch
  6
ByLayer
 62
  256
370
   -1
100
AcDbLine
 10
95
 20
297
 11
-95
 21
297
  0
ARC
  5
281
100
AcDbEntity
  8
Sketch
  6
ByLayer
 62
  256
370
   -1
100
AcDbCircle
 10
-95
 20
287
 40
10
100
AcDbArc
 50
90
 51
180
  0
LINE
  5
282
100
AcDbEntity
  8
Sketch
  6
ByLayer
 62
  256
370
   -1
100
AcDbLine
 10
-105
 20
287
 11
-105
 21
10
  0
ARC
  5
283
100
AcDbEntity
  8
Sketch
  6
ByLayer
 62
  256
370
   -1
100
AcDbCircle
 10
-95
 20
10
 40
10
100
AcDbArc
 50
180
 51
-90
  0
CIRCLE
  5
284
100
AcDbEntity
  8
Sketch006
  6
ByLayer
 62
  256
370
   -1
100
AcDbCircle
 10
0
 20
148.5
 40
0.2
  0
ARC
  5
285
100
AcDbEntity
  8
Sketch006
  6
ByLayer
 62
  256
370
   -1
100
AcDbCircle
 10
0
 20
148.5
 40
10
100
AcDbArc
 50
11.478340955
 51
90
  0
ARC
  5
286
100
AcDbEntity
  8
Sketch006
  6
ByLayer
 62
  256
370
   -1
100
AcDbCircle
 10
0
 20
148.5
 40
10
100
AcDbArc
 50
101.478340955
 51
180
  0
ARC
  5
287
100
AcDbEntity
  8
Sketch006
  6
ByLayer
 62
  256
370
   -1
100
AcDbCircle
 10
0
 20
148.5
 40
10
100
AcDbArc
 50
-168.521659045
 51
-90
  0
ARC
  5
288
100
AcDbEntity
  8
Sketch006
  6
ByLayer
 62
  256
370
   -1
100
AcDbCircle
 10
0
 20
148.5
 40
10
100
AcDbArc
 50
-78.52165904500001
 51
0
  0
INSERT
  5
289
100
AcDbEntity
  8
0
  6
ByLayer
 62
  256
370
   -1
100
AcDbBlockReference
  2
clock_stand_v2
 10
180
 20
260
 30
0
 41
1
 42
1
 43
0
 50
0
 70
    1
 71
    1
 44
0
 45
0
  0
ENDSEC
  0
SECTION
  2
OBJECTS
  0
DICTIONARY
  5
C
330
0
100
AcDbDictionary
281
    1
  3
ACAD_GROUP
350
D
  0
DICTIONARY
  5
D
330
C
100
AcDbDictionary
281
    1
  0
PLOTSETTINGS
  5
28A
100
AcDbPlotSettings
  6
1x1
 40
0
 41
0
 42
0
 43
0
  0
ENDSEC
  0
EOF
