999
dxfrw 0.6.3
  0
SECTION
  2
HEADER
  9
$ACADVER
  1
AC1021
  9
$DWGCODEPAGE
  3
ANSI_1252
  9
$INSBASE
 10
0
 20
0
 30
0
  9
$EXTMIN
 10
-0.01643431400000139
 20
-1.953992523340276e-14
 30
0
  9
$EXTMAX
 10
313.016434314
 20
63
 30
0
  9
$LIMMIN
 10
0
 20
0
  9
$LIMMAX
 10
420
 20
297
  9
$ORTHOMODE
 70
    0
  9
$REGENMODE
 70
    1
  9
$FILLMODE
 70
    1
  9
$QTEXTMODE
 70
    0
  9
$MIRRTEXT
 70
    0
  9
$LTSCALE
 40
1
  9
$ATTMODE
 70
    0
  9
$TEXTSIZE
 40
2.5
  9
$TRACEWID
 40
15.68
  9
$TEXTSTYLE
  7
STANDARD
  9
$CLAYER
  8
0
  9
$CELTYPE
  6
BYLAYER
  9
$CECOLOR
 62
  256
  9
$CELTSCALE
 40
1
  9
$DISPSILH
 70
    0
  9
$DIMSCALE
 40
2.5
  9
$DIMASZ
 40
2.5
  9
$DIMEXO
 40
0.625
  9
$DIMDLI
 40
3.75
  9
$DIMRND
 40
0
  9
$DIMDLE
 40
0
  9
$DIMEXE
 40
1.25
  9
$DIMTP
 40
0
  9
$DIMTM
 40
0
  9
$DIMTXT
 40
2.5
  9
$DIMCEN
 40
2.5
  9
$DIMTSZ
 40
0
  9
$DIMTOL
 70
    0
  9
$DIMLIM
 70
    0
  9
$DIMTIH
 70
    0
  9
$DIMTOH
 70
    0
  9
$DIMSE1
 70
    0
  9
$DIMSE2
 70
    0
  9
$DIMTAD
 70
    1
  9
$DIMZIN
 70
    8
  9
$DIMBLK
  1

  9
$DIMASO
 70
    1
  9
$DIMSHO
 70
    1
  9
$DIMPOST
  1

  9
$DIMAPOST
  1

  9
$DIMALT
 70
    0
  9
$DIMALTD
 70
    3
  9
$DIMALTF
 40
0.03937
  9
$DIMLFAC
 40
1
  9
$DIMTOFL
 70
    1
  9
$DIMTVP
 40
0
  9
$DIMTIX
 70
    0
  9
$DIMSOXD
 70
    0
  9
$DIMSAH
 70
    0
  9
$DIMBLK1
  1

  9
$DIMBLK2
  1

  9
$DIMSTYLE
  2
STANDARD
  9
$DIMCLRD
 70
    0
  9
$DIMCLRE
 70
    0
  9
$DIMCLRT
 70
    0
  9
$DIMTFAC
 40
1
  9
$DIMGAP
 40
0.625
  9
$DIMJUST
 70
    0
  9
$DIMSD1
 70
    0
  9
$DIMSD2
 70
    0
  9
$DIMTOLJ
 70
    0
  9
$DIMTZIN
 70
    8
  9
$DIMALTZ
 70
    0
  9
$DIMALTTZ
 70
    0
  9
$DIMUPT
 70
    0
  9
$DIMDEC
 70
    2
  9
$DIMTDEC
 70
    2
  9
$DIMALTU
 70
    2
  9
$DIMALTTD
 70
    3
  9
$DIMTXSTY
  7
STANDARD
  9
$DIMAUNIT
 70
    0
  9
$DIMADEC
 70
    0
  9
$DIMALTRND
 40
0
  9
$DIMAZIN
 70
    0
  9
$DIMDSEP
 70
   44
  9
$DIMATFIT
 70
    3
  9
$DIMFRAC
 70
    0
  9
$DIMLDRBLK
  1
STANDARD
  9
$DIMLUNIT
 70
    2
  9
$DIMLWD
 70
   -2
  9
$DIMLWE
 70
   -2
  9
$DIMTMOVE
 70
    0
  9
$DIMFXL
 40
1
  9
$DIMFXLON
 70
    0
  9
$DIMJOGANG
 40
0.7854
  9
$DIMTFILL
 70
    0
  9
$DIMTFILLCLR
 70
    0
  9
$DIMARCSYM
 70
    0
  9
$DIMLTYPE
  6

  9
$DIMLTEX1
  6

  9
$DIMLTEX2
  6

  9
$LUNITS
 70
    2
  9
$LUPREC
 70
    4
  9
$SKETCHINC
 40
1
  9
$FILLETRAD
 40
0
  9
$AUNITS
 70
    0
  9
$AUPREC
 70
    2
  9
$MENU
  1
.
  9
$ELEVATION
 40
0
  9
$PELEVATION
 40
0
  9
$THICKNESS
 40
0
  9
$LIMCHECK
 70
    0
  9
$CHAMFERA
 40
0
  9
$CHAMFERB
 40
0
  9
$CHAMFERC
 40
0
  9
$CHAMFERD
 40
0
  9
$SKPOLY
 70
    0
  9
$USRTIMER
 70
    1
  9
$ANGBASE
 50
0
  9
$ANGDIR
 70
    0
  9
$PDMODE
 70
   34
  9
$PDSIZE
 40
0
  9
$PLINEWID
 40
0
  9
$SPLFRAME
 70
    0
  9
$SPLINETYPE
 70
    2
  9
$SPLINESEGS
 70
    8
  9
$HANDSEED
  5
20000
  9
$SURFTAB1
 70
    6
  9
$SURFTAB2
 70
    6
  9
$SURFTYPE
 70
    6
  9
$SURFU
 70
    6
  9
$SURFV
 70
    6
  9
$UCSBASE
  2

  9
$UCSNAME
  2

  9
$UCSORG
 10
0
 20
0
 30
0
  9
$UCSXDIR
 10
1
 20
0
 30
0
  9
$UCSYDIR
 10
0
 20
1
 30
0
  9
$UCSORTHOREF
  2

  9
$UCSORTHOVIEW
 70
    0
  9
$UCSORGTOP
 10
0
 20
0
 30
0
  9
$UCSORGBOTTOM
 10
0
 20
0
 30
0
  9
$UCSORGLEFT
 10
0
 20
0
 30
0
  9
$UCSORGRIGHT
 10
0
 20
0
 30
0
  9
$UCSORGFRONT
 10
0
 20
0
 30
0
  9
$UCSORGBACK
 10
0
 20
0
 30
0
  9
$PUCSBASE
  2

  9
$PUCSNAME
  2

  9
$PUCSORG
 10
0
 20
0
 30
0
  9
$PUCSXDIR
 10
1
 20
0
 30
0
  9
$PUCSYDIR
 10
0
 20
1
 30
0
  9
$PUCSORTHOREF
  2

  9
$PUCSORTHOVIEW
 70
    0
  9
$PUCSORGTOP
 10
0
 20
0
 30
0
  9
$PUCSORGBOTTOM
 10
0
 20
0
 30
0
  9
$PUCSORGLEFT
 10
0
 20
0
 30
0
  9
$PUCSORGRIGHT
 10
0
 20
0
 30
0
  9
$PUCSORGFRONT
 10
0
 20
0
 30
0
  9
$PUCSORGBACK
 10
0
 20
0
 30
0
  9
$USERI1
 70
    0
  9
$USERI2
 70
    0
  9
$USERI3
 70
    0
  9
$USERI4
 70
    0
  9
$USERI5
 70
    0
  9
$USERR1
 40
0
  9
$USERR2
 40
0
  9
$USERR3
 40
0
  9
$USERR4
 40
0
  9
$USERR5
 40
0
  9
$WORLDVIEW
 70
    1
  9
$SHADEDGE
 70
    3
  9
$SHADEDIF
 70
   70
  9
$TILEMODE
 70
    1
  9
$MAXACTVP
 70
   64
  9
$PINSBASE
 10
0
 20
0
 30
0
  9
$PLIMCHECK
 70
    0
  9
$PEXTMIN
 10
0
 20
0
 30
0
  9
$PEXTMAX
 10
0
 20
0
 30
0
  9
$GRIDMODE
 70
    1
  9
$SNAPSTYLE
 70
    0
  9
$PLIMMIN
 10
0
 20
0
  9
$PLIMMAX
 10
120
 20
90
  9
$UNITMODE
 70
    0
  9
$VISRETAIN
 70
    1
  9
$PLINEGEN
 70
    0
  9
$PSLTSCALE
 70
    1
  9
$TREEDEPTH
 70
 3020
  9
$CMLSTYLE
  2
Standard
  9
$CMLJUST
 70
    0
  9
$CMLSCALE
 40
20
  9
$PROXYGRAPHICS
 70
    1
  9
$MEASUREMENT
 70
    1
  9
$CELWEIGHT
370
   -1
  9
$ENDCAPS
280
    0
  9
$JOINSTYLE
280
    0
  9
$LWDISPLAY
290
    0
  9
$INSUNITS
 70
    4
  9
$HYPERLINKBASE
  1

  9
$STYLESHEET
  1

  9
$XEDIT
290
    1
  9
$CEPSNTYPE
380
    0
  9
$PSTYLEMODE
290
    1
  9
$EXTNAMES
290
    1
  9
$PSVPSCALE
 40
1
  9
$OLESTARTUP
290
    0
  9
$SORTENTS
280
  127
  9
$INDEXCTL
280
    0
  9
$HIDETEXT
280
    1
  9
$XCLIPFRAME
290
    0
  9
$HALOGAP
280
    0
  9
$OBSCOLOR
 70
  257
  9
$OBSLTYPE
280
    0
  9
$INTERSECTIONDISPLAY
280
    0
  9
$INTERSECTIONCOLOR
 70
  257
  9
$DIMASSOC
280
    1
  9
$PROJECTNAME
  1

  9
$CAMERADISPLAY
290
    0
  9
$LENSLENGTH
 40
50
  9
$CAMERAHEIGHT
 40
0
  9
$STEPSPERSEC
 40
2
  9
$STEPSIZE
 40
50
  9
$3DDWFPREC
 40
2
  9
$PSOLWIDTH
 40
5
  9
$PSOLHEIGHT
 40
80
  9
$LOFTANG1
 40
1.570796326794897
  9
$LOFTANG2
 40
1.570796326794897
  9
$LOFTMAG1
 40
0
  9
$LOFTMAG2
 40
0
  9
$LOFTPARAM
 70
    7
  9
$LOFTNORMALS
280
    1
  9
$LATITUDE
 40
1
  9
$LONGITUDE
 40
1
  9
$NORTHDIRECTION
 40
0
  9
$TIMEZONE
 70
-8000
  9
$LIGHTGLYPHDISPLAY
280
    1
  9
$TILEMODELIGHTSYNCH
280
    1
  9
$SOLIDHIST
280
    1
  9
$SHOWHIST
280
    1
  9
$DWFFRAME
280
    2
  9
$DGNFRAME
280
    0
  9
$REALWORLDSCALE
290
    1
  9
$INTERFERECOLOR
 62
    1
  9
$CSHADOW
280
    0
  9
$SHADOWPLANELOCATION
 40
0
  0
ENDSEC
  0
SECTION
  2
CLASSES
  0
ENDSEC
  0
SECTION
  2
TABLES
  0
TABLE
  2
VPORT
  5
8
330
0
100
AcDbSymbolTable
 70
    1
  0
VPORT
  5
31
330
2
100
AcDbSymbolTableRecord
100
AcDbViewportTableRecord
  2
*ACTIVE
 70
    0
 10
0
 20
0
 11
1
 21
1
 12
212.1757121250045
 22
57.0434321250012
 13
0
 23
0
 14
10
 24
10
 15
10
 25
10
 16
0
 26
0
 36
1
 17
0
 27
0
 37
0
 40
257.9074155000054
 41
1.893483709273183
 42
50
 43
0
 44
0
 50
0
 51
0
 71
    0
 72
  100
 73
    1
 74
    3
 75
    0
 76
    1
 77
    0
 78
    0
281
    0
 65
    1
110
0
120
0
130
0
111
1
121
0
131
0
112
0
122
1
132
0
 79
    0
146
0
348
10020
 60
    7
 61
    5
292
1
282
    1
141
0
142
0
 63
  250
421
3358443
  0
ENDTAB
  0
TABLE
  2
LTYPE
  5
5
330
0
100
AcDbSymbolTable
 70
    4
  0
LTYPE
  5
14
330
5
100
AcDbSymbolTableRecord
100
AcDbLinetypeTableRecord
  2
ByBlock
 70
    0
  3

 72
   65
 73
    0
 40
0
  0
LTYPE
  5
15
330
5
100
AcDbSymbolTableRecord
100
AcDbLinetypeTableRecord
  2
ByLayer
 70
    0
  3

 72
   65
 73
    0
 40
0
  0
LTYPE
  5
16
330
5
100
AcDbSymbolTableRecord
100
AcDbLinetypeTableRecord
  2
Continuous
 70
    0
  3
Solid line
 72
   65
 73
    0
 40
0
  0
LTYPE
  5
32
330
5
100
AcDbSymbolTableRecord
100
AcDbLinetypeTableRecord
  2
DOT
 70
    0
  3
Dot . . . . . . . . . . . . . . . . . . . . . .
 72
   65
 73
    2
 40
6.35
 49
0
 74
    0
 49
-6.35
 74
    0
  0
LTYPE
  5
33
330
5
100
AcDbSymbolTableRecord
100
AcDbLinetypeTableRecord
  2
DOTTINY
 70
    0
  3
Dot (.15x) .....................................
 72
   65
 73
    2
 40
0.9525
 49
0
 74
    0
 49
-0.9525
 74
    0
  0
LTYPE
  5
34
330
5
100
AcDbSymbolTableRecord
100
AcDbLinetypeTableRecord
  2
DOT2
 70
    0
  3
Dot (.5x) .....................................
 72
   65
 73
    2
 40
3.175
 49
0
 74
    0
 49
-3.175
 74
    0
  0
LTYPE
  5
35
330
5
100
AcDbSymbolTableRecord
100
AcDbLinetypeTableRecord
  2
DOTX2
 70
    0
  3
Dot (2x) .  .  .  .  .  .  .  .  .  .  .  .  .
 72
   65
 73
    2
 40
12.7
 49
0
 74
    0
 49
-12.7
 74
    0
  0
LTYPE
  5
36
330
5
100
AcDbSymbolTableRecord
100
AcDbLinetypeTableRecord
  2
DASHED
 70
    0
  3
Dashed _ _ _ _ _ _ _ _ _ _ _ _ _ _ _ _ _
 72
   65
 73
    2
 40
19.05
 49
12.7
 74
    0
 49
-6.35
 74
    0
  0
LTYPE
  5
37
330
5
100
AcDbSymbolTableRecord
100
AcDbLinetypeTableRecord
  2
DASHEDTINY
 70
    0
  3
Dashed (.15x) _ _ _ _ _ _ _ _ _ _ _ _ _ _ _ _ _
 72
   65
 73
    2
 40
2.8575
 49
1.905
 74
    0
 49
-0.9525
 74
    0
  0
LTYPE
  5
38
330
5
100
AcDbSymbolTableRecord
100
AcDbLinetypeTableRecord
  2
DASHED2
 70
    0
  3
Dashed (.5x) _ _ _ _ _ _ _ _ _ _ _ _ _ _ _ _ _
 72
   65
 73
    2
 40
9.524999999999999
 49
6.35
 74
    0
 49
-3.175
 74
    0
  0
LTYPE
  5
39
330
5
100
AcDbSymbolTableRecord
100
AcDbLinetypeTableRecord
  2
DASHEDX2
 70
    0
  3
Dashed (2x) ____  ____  ____  ____  ____  ___
 72
   65
 73
    2
 40
38.09999999999999
 49
25.4
 74
    0
 49
-12.7
 74
    0
  0
LTYPE
  5
3A
330
5
100
AcDbSymbolTableRecord
100
AcDbLinetypeTableRecord
  2
DASHDOT
 70
    0
  3
Dash dot __ . __ . __ . __ . __ . __ . __ . __
 72
   65
 73
    4
 40
25.4
 49
12.7
 74
    0
 49
-6.35
 74
    0
 49
0
 74
    0
 49
-6.35
 74
    0
  0
LTYPE
  5
3B
330
5
100
AcDbSymbolTableRecord
100
AcDbLinetypeTableRecord
  2
DASHDOTTINY
 70
    0
  3
Dash dot (.15x) _._._._._._._._._._._._._._._.
 72
   65
 73
    4
 40
3.81
 49
1.905
 74
    0
 49
-0.9525
 74
    0
 49
0
 74
    0
 49
-0.9525
 74
    0
  0
LTYPE
  5
3C
330
5
100
AcDbSymbolTableRecord
100
AcDbLinetypeTableRecord
  2
DASHDOT2
 70
    0
  3
Dash dot (.5x) _._._._._._._._._._._._._._._.
 72
   65
 73
    4
 40
12.7
 49
6.35
 74
    0
 49
-3.175
 74
    0
 49
0
 74
    0
 49
-3.175
 74
    0
  0
LTYPE
  5
3D
330
5
100
AcDbSymbolTableRecord
100
AcDbLinetypeTableRecord
  2
DASHDOTX2
 70
    0
  3
Dash dot (2x) ____  .  ____  .  ____  .  ___
 72
   65
 73
    4
 40
50.8
 49
25.4
 74
    0
 49
-12.7
 74
    0
 49
0
 74
    0
 49
-12.7
 74
    0
  0
LTYPE
  5
3E
330
5
100
AcDbSymbolTableRecord
100
AcDbLinetypeTableRecord
  2
DIVIDE
 70
    0
  3
Divide ____ . . ____ . . ____ . . ____ . . ____
 72
   65
 73
    6
 40
31.75
 49
12.7
 74
    0
 49
-6.35
 74
    0
 49
0
 74
    0
 49
-6.35
 74
    0
 49
0
 74
    0
 49
-6.35
 74
    0
  0
LTYPE
  5
3F
330
5
100
AcDbSymbolTableRecord
100
AcDbLinetypeTableRecord
  2
DIVIDETINY
 70
    0
  3
Divide (.15x) __..__..__..__..__..__..__..__.._
 72
   65
 73
    6
 40
4.7625
 49
1.905
 74
    0
 49
-0.9525
 74
    0
 49
0
 74
    0
 49
-0.9525
 74
    0
 49
0
 74
    0
 49
-0.9525
 74
    0
  0
LTYPE
  5
40
330
5
100
AcDbSymbolTableRecord
100
AcDbLinetypeTableRecord
  2
DIVIDE2
 70
    0
  3
Divide (.5x) __..__..__..__..__..__..__..__.._
 72
   65
 73
    6
 40
15.875
 49
6.35
 74
    0
 49
-3.175
 74
    0
 49
0
 74
    0
 49
-3.175
 74
    0
 49
0
 74
    0
 49
-3.175
 74
    0
  0
LTYPE
  5
41
330
5
100
AcDbSymbolTableRecord
100
AcDbLinetypeTableRecord
  2
DIVIDEX2
 70
    0
  3
Divide (2x) ________  .  .  ________  .  .  _
 72
   65
 73
    6
 40
63.5
 49
25.4
 74
    0
 49
-12.7
 74
    0
 49
0
 74
    0
 49
-12.7
 74
    0
 49
0
 74
    0
 49
-12.7
 74
    0
  0
LTYPE
  5
42
330
5
100
AcDbSymbolTableRecord
100
AcDbLinetypeTableRecord
  2
BORDER
 70
    0
  3
Border __ __ . __ __ . __ __ . __ __ . __ __ .
 72
   65
 73
    6
 40
44.45
 49
12.7
 74
    0
 49
-6.35
 74
    0
 49
12.7
 74
    0
 49
-6.35
 74
    0
 49
0
 74
    0
 49
-6.35
 74
    0
  0
LTYPE
  5
43
330
5
100
AcDbSymbolTableRecord
100
AcDbLinetypeTableRecord
  2
BORDERTINY
 70
    0
  3
Border (.15x) __.__.__.__.__.__.__.__.__.__.__.
 72
   65
 73
    6
 40
6.6675
 49
1.905
 74
    0
 49
-0.9525
 74
    0
 49
1.905
 74
    0
 49
-0.9525
 74
    0
 49
0
 74
    0
 49
-0.9525
 74
    0
  0
LTYPE
  5
44
330
5
100
AcDbSymbolTableRecord
100
AcDbLinetypeTableRecord
  2
BORDER2
 70
    0
  3
Border (.5x) __.__.__.__.__.__.__.__.__.__.__.
 72
   65
 73
    6
 40
22.225
 49
6.35
 74
    0
 49
-3.175
 74
    0
 49
6.35
 74
    0
 49
-3.175
 74
    0
 49
0
 74
    0
 49
-3.175
 74
    0
  0
LTYPE
  5
45
330
5
100
AcDbSymbolTableRecord
100
AcDbLinetypeTableRecord
  2
BORDERX2
 70
    0
  3
Border (2x) ____  ____  .  ____  ____  .  ___
 72
   65
 73
    6
 40
88.89999999999999
 49
25.4
 74
    0
 49
-12.7
 74
    0
 49
25.4
 74
    0
 49
-12.7
 74
    0
 49
0
 74
    0
 49
-12.7
 74
    0
  0
LTYPE
  5
46
330
5
100
AcDbSymbolTableRecord
100
AcDbLinetypeTableRecord
  2
CENTER
 70
    0
  3
Center ____ _ ____ _ ____ _ ____ _ ____ _ ____
 72
   65
 73
    4
 40
50.8
 49
31.75
 74
    0
 49
-6.35
 74
    0
 49
6.35
 74
    0
 49
-6.35
 74
    0
  0
LTYPE
  5
47
330
5
100
AcDbSymbolTableRecord
100
AcDbLinetypeTableRecord
  2
CENTERTINY
 70
    0
  3
Center (.15x) ___ _ ___ _ ___ _ ___ _ ___ _ ___
 72
   65
 73
    4
 40
7.619999999999999
 49
4.7625
 74
    0
 49
-0.9525
 74
    0
 49
0.9525
 74
    0
 49
-0.9525
 74
    0
  0
LTYPE
  5
48
330
5
100
AcDbSymbolTableRecord
100
AcDbLinetypeTableRecord
  2
CENTER2
 70
    0
  3
Center (.5x) ___ _ ___ _ ___ _ ___ _ ___ _ ___
 72
   65
 73
    4
 40
28.575
 49
19.05
 74
    0
 49
-3.175
 74
    0
 49
3.175
 74
    0
 49
-3.175
 74
    0
  0
LTYPE
  5
49
330
5
100
AcDbSymbolTableRecord
100
AcDbLinetypeTableRecord
  2
CENTERX2
 70
    0
  3
Center (2x) ________  __  ________  __  _____
 72
   65
 73
    4
 40
101.6
 49
63.5
 74
    0
 49
-12.7
 74
    0
 49
12.7
 74
    0
 49
-12.7
 74
    0
  0
ENDTAB
  0
TABLE
  2
LAYER
  5
2
330
0
100
AcDbSymbolTable
 70
    1
  0
LAYER
  5
10
330
2
100
AcDbSymbolTableRecord
100
AcDbLayerTableRecord
  2
0
 70
    0
 62
    7
  6
CONTINUOUS
370
    0
390
F
  0
LAYER
  5
4A
330
2
100
AcDbSymbolTableRecord
100
AcDbLayerTableRecord
  2
Sketch007
 70
    0
 62
    7
  6
CONTINUOUS
370
   -3
390
F
  0
LAYER
  5
4B
330
2
100
AcDbSymbolTableRecord
100
AcDbLayerTableRecord
  2
Sketch008
 70
    0
 62
    7
  6
CONTINUOUS
370
   -3
390
F
  0
LAYER
  5
4C
330
2
100
AcDbSymbolTableRecord
100
AcDbLayerTableRecord
  2
Sketch009
 70
    0
 62
    7
  6
CONTINUOUS
370
   -3
390
F
  0
LAYER
  5
4D
330
2
100
AcDbSymbolTableRecord
100
AcDbLayerTableRecord
  2
layer 1
 70
    0
 62
    7
  6
CONTINUOUS
370
   -3
390
F
  0
LAYER
  5
4E
330
2
100
AcDbSymbolTableRecord
100
AcDbLayerTableRecord
  2
none
 70
    0
 62
    7
  6
CONTINUOUS
370
   -3
390
F
  0
ENDTAB
  0
TABLE
  2
STYLE
  5
3
330
0
100
AcDbSymbolTable
 70
    3
  0
STYLE
  5
4F
330
2
100
AcDbSymbolTableRecord
100
AcDbTextStyleTableRecord
  2
Standard
 70
    0
 40
0
 41
1
 50
0
 71
    0
 42
1
  3
txt
  4

  0
ENDTAB
  0
TABLE
  2
VIEW
  5
6
330
0
100
AcDbSymbolTable
 70
    0
  0
ENDTAB
  0
TABLE
  2
UCS
  5
7
330
0
100
AcDbSymbolTable
 70
    0
  0
ENDTAB
  0
TABLE
  2
APPID
  5
9
330
0
100
AcDbSymbolTable
 70
    1
  0
APPID
  5
12
330
9
100
AcDbSymbolTableRecord
100
AcDbRegAppTableRecord
  2
ACAD
 70
    0
  0
APPID
  5
50
330
9
100
AcDbSymbolTableRecord
100
AcDbRegAppTableRecord
  2
LibreCad
 70
    0
  0
ENDTAB
  0
TABLE
  2
DIMSTYLE
  5
A
330
0
100
AcDbSymbolTable
 70
    1
100
AcDbDimStyleTable
 71
    1
  0
DIMSTYLE
105
51
330
A
100
AcDbSymbolTableRecord
100
AcDbDimStyleTableRecord
  2
Standard
 70
    0
 40
1
 41
2.5
 42
0.625
 43
0.38
 44
1.25
 45
0
 46
0
 47
0
 48
0
 49
1
140
2.5
141
0.09
142
2.5
143
25.4
144
1
145
0
146
1
147
0.625
148
0
 71
    0
 72
    0
 73
    0
 74
    1
 75
    0
 76
    0
 77
    0
 78
    1
 79
    0
170
    0
171
    2
172
    0
173
    0
174
    0
175
    0
176
    0
177
    0
178
    0
179
    0
271
    2
272
    4
273
    2
274
    2
275
    0
276
    0
277
    2
278
    0
279
    0
280
    0
281
    0
282
    0
283
    1
284
    0
285
    0
286
    0
288
    0
289
    3
340
standard
341

371
   -2
372
   -2
  0
ENDTAB
  0
TABLE
  2
BLOCK_RECORD
  5
1
330
0
100
AcDbSymbolTable
 70
    2
  0
BLOCK_RECORD
  5
1F
330
1
100
AcDbSymbolTableRecord
100
AcDbBlockTableRecord
  2
*Model_Space
 70
    0
280
    1
281
    0
  0
BLOCK_RECORD
  5
1E
330
1
100
AcDbSymbolTableRecord
100
AcDbBlockTableRecord
  2
*Paper_Space
 70
    0
280
    1
281
    0
  0
BLOCK_RECORD
  5
52
330
1
100
AcDbSymbolTableRecord
100
AcDbBlockTableRecord
  2
clock_stand_v4_2
 70
    0
280
    1
281
    0
  0
BLOCK_RECORD
  5
55
330
1
100
AcDbSymbolTableRecord
100
AcDbBlockTableRecord
  2
clock_stand_v4_2-0
 70
    0
280
    1
281
    0
  0
BLOCK_RECORD
  5
58
330
1
100
AcDbSymbolTableRecord
100
AcDbBlockTableRecord
  2
clock_stand_v4_3
 70
    0
280
    1
281
    0
  0
BLOCK_RECORD
  5
5B
330
1
100
AcDbSymbolTableRecord
100
AcDbBlockTableRecord
  2
clock_stand_v4_4
 70
    0
280
    1
281
    0
  0
BLOCK_RECORD
  5
5E
330
1
100
AcDbSymbolTableRecord
100
AcDbBlockTableRecord
  2
MA_logo_blk
 70
    0
280
    1
281
    0
  0
BLOCK_RECORD
  5
61
330
1
100
AcDbSymbolTableRecord
100
AcDbBlockTableRecord
  2
MA_logo_blk-0
 70
    0
280
    1
281
    0
  0
BLOCK_RECORD
  5
64
330
1
100
AcDbSymbolTableRecord
100
AcDbBlockTableRecord
  2
make_break_create_blk
 70
    0
280
    1
281
    0
  0
ENDTAB
  0
ENDSEC
  0
SECTION
  2
BLOCKS
  0
BLOCK
  5
20
330
1F
100
AcDbEntity
  8
0
100
AcDbBlockBegin
  2
*Model_Space
 70
    0
 10
0
 20
0
 30
0
  3
*Model_Space
  1

  0
ENDBLK
  5
21
330
1F
100
AcDbEntity
  8
0
100
AcDbBlockEnd
  0
BLOCK
  5
1C
330
1B
100
AcDbEntity
  8
0
100
AcDbBlockBegin
  2
*Paper_Space
 70
    0
 10
0
 20
0
 30
0
  3
*Paper_Space
  1

  0
ENDBLK
  5
1D
330
1F
100
AcDbEntity
  8
0
100
AcDbBlockEnd
  0
BLOCK
  5
53
330
52
100
AcDbEntity
  8
0
100
AcDbBlockBegin
  2
clock_stand_v4_2
 70
    0
 10
0
 20
0
  3
clock_stand_v4_2
  1

  0
ARC
  5
67
100
AcDbEntity
  8
Sketch007
  6
ByLayer
 62
  256
370
   -1
100
AcDbCircle
 10
13
 20
24
 40
6
100
AcDbArc
 50
0
 51
90
  0
LINE
  5
68
100
AcDbEntity
  8
Sketch007
  6
ByLayer
 62
  256
370
   -1
100
AcDbLine
 10
13
 20
30
 11
-5.291089248
 21
30
  0
LINE
  5
69
100
AcDbEntity
  8
Sketch007
  6
ByLayer
 62
  256
370
   -1
100
AcDbLine
 10
-5.291089248
 20
30
 11
-8.444216306
 21
0
  0
LINE
  5
6A
100
AcDbEntity
  8
Sketch007
  6
ByLayer
 62
  256
370
   -1
100
AcDbLine
 10
-8.444216306
 20
0
 11
-10.555783694
 21
0
  0
LINE
  5
6B
100
AcDbEntity
  8
Sketch007
  6
ByLayer
 62
  256
370
   -1
100
AcDbLine
 10
-10.555783694
 20
0
 11
-7.402656636
 21
30
  0
LINE
  5
6C
100
AcDbEntity
  8
Sketch007
  6
ByLayer
 62
  256
370
   -1
100
AcDbLine
 10
-7.402656636
 20
30
 11
-19.429385006
 21
30
  0
ARC
  5
6D
100
AcDbEntity
  8
Sketch007
  6
ByLayer
 62
  256
370
   -1
100
AcDbCircle
 10
-19.429385006
 20
24
 40
6
100
AcDbArc
 50
90
 51
174
  0
LINE
  5
6E
100
AcDbEntity
  8
Sketch007
  6
ByLayer
 62
  256
370
   -1
100
AcDbLine
 10
-31
 20
-28.68641461
 11
-25.396516378
 21
24.62717078
  0
ARC
  5
6F
100
AcDbEntity
  8
Sketch007
  6
ByLayer
 62
  256
370
   -1
100
AcDbCircle
 10
-28.016434314
 20
-29
 40
3
100
AcDbArc
 50
174
 51
-90
  0
LINE
  5
70
100
AcDbEntity
  8
Sketch007
  6
ByLayer
 62
  256
370
   -1
100
AcDbLine
 10
-28.016434314
 20
-32
 11
-20.9
 21
-32
  0
LINE
  5
71
100
AcDbEntity
  8
Sketch007
  6
ByLayer
 62
  256
370
   -1
100
AcDbLine
 10
-20.9
 20
-20
 11
-20.9
 21
-32
  0
LINE
  5
72
100
AcDbEntity
  8
Sketch007
  6
ByLayer
 62
  256
370
   -1
100
AcDbLine
 10
-19
 20
-20
 11
-20.9
 21
-20
  0
LINE
  5
73
100
AcDbEntity
  8
Sketch007
  6
ByLayer
 62
  256
370
   -1
100
AcDbLine
 10
-19
 20
-32
 11
-19
 21
-20
  0
LINE
  5
74
100
AcDbEntity
  8
Sketch007
  6
ByLayer
 62
  256
370
   -1
100
AcDbLine
 10
-19
 20
-32
 11
16
 21
-32
  0
ARC
  5
75
100
AcDbEntity
  8
Sketch007
  6
ByLayer
 62
  256
370
   -1
100
AcDbCircle
 10
16
 20
-29
 40
3
100
AcDbArc
 50
-90
 51
0
  0
LINE
  5
76
100
AcDbEntity
  8
Sketch007
  6
ByLayer
 62
  256
370
   -1
100
AcDbLine
 10
19
 20
-20
 11
19
 21
-29
  0
LINE
  5
77
100
AcDbEntity
  8
Sketch007
  6
ByLayer
 62
  256
370
   -1
100
AcDbLine
 10
0
 20
-20
 11
19
 21
-20
  0
LINE
  5
78
100
AcDbEntity
  8
Sketch007
  6
ByLayer
 62
  256
370
   -1
100
AcDbLine
 10
0
 20
-18.1
 11
0
 21
-20
  0
LINE
  5
79
100
AcDbEntity
  8
Sketch007
  6
ByLayer
 62
  256
370
   -1
100
AcDbLine
 10
19
 20
-18.1
 11
0
 21
-18.1
  0
LINE
  5
7A
100
AcDbEntity
  8
Sketch007
  6
ByLayer
 62
  256
370
   -1
100
AcDbLine
 10
19
 20
24
 11
19
 21
-18.1
  0
ENDBLK
  5
54
330
52
100
AcDbEntity
  8
0
100
AcDbBlockEnd
  0
BLOCK
  5
56
330
55
100
AcDbEntity
  8
0
100
AcDbBlockBegin
  2
clock_stand_v4_2-0
 70
    0
 10
0
 20
0
  3
clock_stand_v4_2-0
  1

  0
ARC
  5
7B
100
AcDbEntity
  8
Sketch007
  6
ByLayer
 62
  256
370
   -1
100
AcDbCircle
 10
13
 20
24
 40
6
100
AcDbArc
 50
0
 51
90
  0
LINE
  5
7C
100
AcDbEntity
  8
Sketch007
  6
ByLayer
 62
  256
370
   -1
100
AcDbLine
 10
13
 20
30
 11
-5.291089248
 21
30
  0
LINE
  5
7D
100
AcDbEntity
  8
Sketch007
  6
ByLayer
 62
  256
370
   -1
100
AcDbLine
 10
-5.291089248
 20
30
 11
-8.444216306
 21
0
  0
LINE
  5
7E
100
AcDbEntity
  8
Sketch007
  6
ByLayer
 62
  256
370
   -1
100
AcDbLine
 10
-8.444216306
 20
0
 11
-10.555783694
 21
0
  0
LINE
  5
7F
100
AcDbEntity
  8
Sketch007
  6
ByLayer
 62
  256
370
   -1
100
AcDbLine
 10
-10.555783694
 20
0
 11
-7.402656636
 21
30
  0
LINE
  5
80
100
AcDbEntity
  8
Sketch007
  6
ByLayer
 62
  256
370
   -1
100
AcDbLine
 10
-7.402656636
 20
30
 11
-19.429385006
 21
30
  0
ARC
  5
81
100
AcDbEntity
  8
Sketch007
  6
ByLayer
 62
  256
370
   -1
100
AcDbCircle
 10
-19.429385006
 20
24
 40
6
100
AcDbArc
 50
90
 51
174
  0
LINE
  5
82
100
AcDbEntity
  8
Sketch007
  6
ByLayer
 62
  256
370
   -1
100
AcDbLine
 10
-31
 20
-28.68641461
 11
-25.396516378
 21
24.62717078
  0
ARC
  5
83
100
AcDbEntity
  8
Sketch007
  6
ByLayer
 62
  256
370
   -1
100
AcDbCircle
 10
-28.016434314
 20
-29
 40
3
100
AcDbArc
 50
174
 51
-90
  0
LINE
  5
84
100
AcDbEntity
  8
Sketch007
  6
ByLayer
 62
  256
370
   -1
100
AcDbLine
 10
-28.016434314
 20
-32
 11
-20.9
 21
-32
  0
LINE
  5
85
100
AcDbEntity
  8
Sketch007
  6
ByLayer
 62
  256
370
   -1
100
AcDbLine
 10
-20.9
 20
-20
 11
-20.9
 21
-32
  0
LINE
  5
86
100
AcDbEntity
  8
Sketch007
  6
ByLayer
 62
  256
370
   -1
100
AcDbLine
 10
-19
 20
-20
 11
-20.9
 21
-20
  0
LINE
  5
87
100
AcDbEntity
  8
Sketch007
  6
ByLayer
 62
  256
370
   -1
100
AcDbLine
 10
-19
 20
-32
 11
-19
 21
-20
  0
LINE
  5
88
100
AcDbEntity
  8
Sketch007
  6
ByLayer
 62
  256
370
   -1
100
AcDbLine
 10
-19
 20
-32
 11
16
 21
-32
  0
ARC
  5
89
100
AcDbEntity
  8
Sketch007
  6
ByLayer
 62
  256
370
   -1
100
AcDbCircle
 10
16
 20
-29
 40
3
100
AcDbArc
 50
-90
 51
0
  0
LINE
  5
8A
100
AcDbEntity
  8
Sketch007
  6
ByLayer
 62
  256
370
   -1
100
AcDbLine
 10
19
 20
-20
 11
19
 21
-29
  0
LINE
  5
8B
100
AcDbEntity
  8
Sketch007
  6
ByLayer
 62
  256
370
   -1
100
AcDbLine
 10
0
 20
-20
 11
19
 21
-20
  0
LINE
  5
8C
100
AcDbEntity
  8
Sketch007
  6
ByLayer
 62
  256
370
   -1
100
AcDbLine
 10
0
 20
-18.1
 11
0
 21
-20
  0
LINE
  5
8D
100
AcDbEntity
  8
Sketch007
  6
ByLayer
 62
  256
370
   -1
100
AcDbLine
 10
19
 20
-18.1
 11
0
 21
-18.1
  0
LINE
  5
8E
100
AcDbEntity
  8
Sketch007
  6
ByLayer
 62
  256
370
   -1
100
AcDbLine
 10
19
 20
24
 11
19
 21
-18.1
  0
ENDBLK
  5
57
330
55
100
AcDbEntity
  8
0
100
AcDbBlockEnd
  0
BLOCK
  5
59
330
58
100
AcDbEntity
  8
0
100
AcDbBlockBegin
  2
clock_stand_v4_3
 70
    0
 10
0
 20
0
  3
clock_stand_v4_3
  1

  0
LINE
  5
8F
100
AcDbEntity
  8
Sketch008
  6
ByLayer
 62
  256
370
   -1
100
AcDbLine
 10
-65.95
 20
-32
 11
-65.95
 21
-20
  0
LINE
  5
90
100
AcDbEntity
  8
Sketch008
  6
ByLayer
 62
  256
370
   -1
100
AcDbLine
 10
-65.95
 20
-20
 11
-64.05
 21
-20
  0
LINE
  5
91
100
AcDbEntity
  8
Sketch008
  6
ByLayer
 62
  256
370
   -1
100
AcDbLine
 10
-64.05
 20
-20
 11
-64.05
 21
-32
  0
LINE
  5
92
100
AcDbEntity
  8
Sketch008
  6
ByLayer
 62
  256
370
   -1
100
AcDbLine
 10
-64.05
 20
-32
 11
64.05
 21
-32
  0
LINE
  5
93
100
AcDbEntity
  8
Sketch008
  6
ByLayer
 62
  256
370
   -1
100
AcDbLine
 10
64.05
 20
-32
 11
64.05
 21
-20
  0
LINE
  5
94
100
AcDbEntity
  8
Sketch008
  6
ByLayer
 62
  256
370
   -1
100
AcDbLine
 10
64.05
 20
-20
 11
65.95
 21
-20
  0
LINE
  5
95
100
AcDbEntity
  8
Sketch008
  6
ByLayer
 62
  256
370
   -1
100
AcDbLine
 10
65.95
 20
-20
 11
65.95
 21
-32
  0
LINE
  5
96
100
AcDbEntity
  8
Sketch008
  6
ByLayer
 62
  256
370
   -1
100
AcDbLine
 10
65.95
 20
-32
 11
99
 21
-32
  0
ARC
  5
97
100
AcDbEntity
  8
Sketch008
  6
ByLayer
 62
  256
370
   -1
100
AcDbCircle
 10
99
 20
-26
 40
6
100
AcDbArc
 50
-90
 51
0
  0
LINE
  5
98
100
AcDbEntity
  8
Sketch008
  6
ByLayer
 62
  256
370
   -1
100
AcDbLine
 10
105
 20
-26
 11
105
 21
-14
  0
ARC
  5
99
100
AcDbEntity
  8
Sketch008
  6
ByLayer
 62
  256
370
   -1
100
AcDbCircle
 10
99
 20
-14
 40
6
100
AcDbArc
 50
0
 51
90
  0
LINE
  5
9A
100
AcDbEntity
  8
Sketch008
  6
ByLayer
 62
  256
370
   -1
100
AcDbLine
 10
99
 20
-8
 11
-99
 21
-8
  0
ARC
  5
9B
100
AcDbEntity
  8
Sketch008
  6
ByLayer
 62
  256
370
   -1
100
AcDbCircle
 10
-99
 20
-14
 40
6
100
AcDbArc
 50
90
 51
180
  0
LINE
  5
9C
100
AcDbEntity
  8
Sketch008
  6
ByLayer
 62
  256
370
   -1
100
AcDbLine
 10
-105
 20
-14
 11
-105
 21
-26
  0
ARC
  5
9D
100
AcDbEntity
  8
Sketch008
  6
ByLayer
 62
  256
370
   -1
100
AcDbCircle
 10
-99
 20
-26
 40
6
100
AcDbArc
 50
-180
 51
-90
  0
LINE
  5
9E
100
AcDbEntity
  8
Sketch008
  6
ByLayer
 62
  256
370
   -1
100
AcDbLine
 10
-99
 20
-32
 11
-65.95
 21
-32
  0
ENDBLK
  5
5A
330
58
100
AcDbEntity
  8
0
100
AcDbBlockEnd
  0
BLOCK
  5
5C
330
5B
100
AcDbEntity
  8
0
100
AcDbBlockBegin
  2
clock_stand_v4_4
 70
    0
 10
0
 20
0
  3
clock_stand_v4_4
  1

  0
LINE
  5
9F
100
AcDbEntity
  8
Sketch009
  6
ByLayer
 62
  256
370
   -1
100
AcDbLine
 10
-65.95
 20
-19
 11
-65.95
 21
0
  0
LINE
  5
A0
100
AcDbEntity
  8
Sketch009
  6
ByLayer
 62
  256
370
   -1
100
AcDbLine
 10
-65.95
 20
0
 11
-64.05
 21
0
  0
LINE
  5
A1
100
AcDbEntity
  8
Sketch009
  6
ByLayer
 62
  256
370
   -1
100
AcDbLine
 10
-64.05
 20
0
 11
-64.05
 21
-19
  0
LINE
  5
A2
100
AcDbEntity
  8
Sketch009
  6
ByLayer
 62
  256
370
   -1
100
AcDbLine
 10
-64.05
 20
-19
 11
64.05
 21
-19
  0
LINE
  5
A3
100
AcDbEntity
  8
Sketch009
  6
ByLayer
 62
  256
370
   -1
100
AcDbLine
 10
64.05
 20
-19
 11
64.05
 21
0
  0
LINE
  5
A4
100
AcDbEntity
  8
Sketch009
  6
ByLayer
 62
  256
370
   -1
100
AcDbLine
 10
64.05
 20
0
 11
65.95
 21
0
  0
LINE
  5
A5
100
AcDbEntity
  8
Sketch009
  6
ByLayer
 62
  256
370
   -1
100
AcDbLine
 10
65.95
 20
0
 11
65.95
 21
-19
  0
LINE
  5
A6
100
AcDbEntity
  8
Sketch009
  6
ByLayer
 62
  256
370
   -1
100
AcDbLine
 10
65.95
 20
-19
 11
99
 21
-19
  0
ARC
  5
A7
100
AcDbEntity
  8
Sketch009
  6
ByLayer
 62
  256
370
   -1
100
AcDbCircle
 10
99
 20
-13
 40
6
100
AcDbArc
 50
-90
 51
-0
  0
LINE
  5
A8
100
AcDbEntity
  8
Sketch009
  6
ByLayer
 62
  256
370
   -1
100
AcDbLine
 10
105
 20
-13
 11
105
 21
13
  0
ARC
  5
A9
100
AcDbEntity
  8
Sketch009
  6
ByLayer
 62
  256
370
   -1
100
AcDbCircle
 10
99
 20
13
 40
6
100
AcDbArc
 50
0
 51
90
  0
LINE
  5
AA
100
AcDbEntity
  8
Sketch009
  6
ByLayer
 62
  256
370
   -1
100
AcDbLine
 10
99
 20
19
 11
-99
 21
19
  0
ARC
  5
AB
100
AcDbEntity
  8
Sketch009
  6
ByLayer
 62
  256
370
   -1
100
AcDbCircle
 10
-99
 20
13
 40
6
100
AcDbArc
 50
90
 51
180
  0
LINE
  5
AC
100
AcDbEntity
  8
Sketch009
  6
ByLayer
 62
  256
370
   -1
100
AcDbLine
 10
-105
 20
13
 11
-105
 21
-13
  0
ARC
  5
AD
100
AcDbEntity
  8
Sketch009
  6
ByLayer
 62
  256
370
   -1
100
AcDbCircle
 10
-99
 20
-13
 40
6
100
AcDbArc
 50
180
 51
-90
  0
LINE
  5
AE
100
AcDbEntity
  8
Sketch009
  6
ByLayer
 62
  256
370
   -1
100
AcDbLine
 10
-99
 20
-19
 11
-65.95
 21
-19
  0
ENDBLK
  5
5D
330
5B
100
AcDbEntity
  8
0
100
AcDbBlockEnd
  0
BLOCK
  5
5F
330
5E
100
AcDbEntity
  8
0
100
AcDbBlockBegin
  2
MA_logo_blk
 70
    0
 10
0
 20
0
  3
MA_logo_blk
  1

  0
SPLINE
  5
AF
100
AcDbEntity
  8
layer 1
  6
CONTINUOUS
 62
    1
370
    5
100
AcDbSpline
210
0
220
0
230
0
 70
   11
 71
    3
 72
  108
 73
  104
 74
    0
 42
1e-07
 43
1e-07
 40
0
 40
0
 40
0
 40
0
 40
0.037037
 40
0.037037
 40
0.037037
 40
0.037037
 40
0.07407409999999999
 40
0.07407409999999999
 40
0.07407409999999999
 40
0.07407409999999999
 40
0.1111111
 40
0.1111111
 40
0.1111111
 40
0.1111111
 40
0.1481481
 40
0.1481481
 40
0.1481481
 40
0.1481481
 40
0.1851852
 40
0.1851852
 40
0.1851852
 40
0.1851852
 40
0.2222222
 40
0.2222222
 40
0.2222222
 40
0.2222222
 40
0.2592593
 40
0.2592593
 40
0.2592593
 40
0.2592593
 40
0.2962963
 40
0.2962963
 40
0.2962963
 40
0.2962963
 40
0.3333333
 40
0.3333333
 40
0.3333333
 40
0.3333333
 40
0.3703704
 40
0.3703704
 40
0.3703704
 40
0.3703704
 40
0.4074074
 40
0.4074074
 40
0.4074074
 40
0.4074074
 40
0.4444444
 40
0.4444444
 40
0.4444444
 40
0.4444444
 40
0.4814815
 40
0.4814815
 40
0.4814815
 40
0.4814815
 40
0.5185185
 40
0.5185185
 40
0.5185185
 40
0.5185185
 40
0.5555555999999999
 40
0.5555555999999999
 40
0.5555555999999999
 40
0.5555555999999999
 40
0.5925926
 40
0.5925926
 40
0.5925926
 40
0.5925926
 40
0.6296296
 40
0.6296296
 40
0.6296296
 40
0.6296296
 40
0.6666666999999999
 40
0.6666666999999999
 40
0.6666666999999999
 40
0.6666666999999999
 40
0.7037036999999999
 40
0.7037036999999999
 40
0.7037036999999999
 40
0.7037036999999999
 40
0.7407406999999999
 40
0.7407406999999999
 40
0.7407406999999999
 40
0.7407406999999999
 40
0.7777778
 40
0.7777778
 40
0.7777778
 40
0.7777778
 40
0.8148148
 40
0.8148148
 40
0.8148148
 40
0.8148148
 40
0.8518519
 40
0.8518519
 40
0.8518519
 40
0.8518519
 40
0.8888889
 40
0.8888889
 40
0.8888889
 40
0.8888889
 40
0.9259259
 40
0.9259259
 40
0.9259259
 40
0.9259259
 40
1
 40
1
 40
1
 40
1
 10
-4.635879999999986
 20
-7.903660000000002
 30
0
 10
-4.659430000000015
 20
-7.900179999999992
 30
0
 10
-4.803910000000002
 20
-7.89631
 30
0
 10
-4.956940000000003
 20
-7.894779999999997
 30
0
 10
-4.956940000000003
 20
-7.894779999999997
 30
0
 10
-5.408739999999995
 20
-7.89067
 30
0
 10
-5.660139999999984
 20
-7.966269999999994
 30
0
 10
-5.877129999999994
 20
-8.171499999999995
 30
0
 10
-5.877129999999994
 20
-8.171499999999995
 30
0
 10
-6.10875999999999
 20
-8.390559999999994
 30
0
 10
-6.19765000000001
 20
-8.673760000000001
 30
0
 10
-6.184149999999988
 20
-9.150099999999995
 30
0
 10
-6.184149999999988
 20
-9.150099999999995
 30
0
 10
-6.176379999999995
 20
-9.425200000000004
 30
0
 10
-6.171760000000006
 20
-9.452079999999995
 30
0
 10
-6.108879999999999
 20
-9.585790000000003
 30
0
 10
-6.108879999999999
 20
-9.585790000000003
 30
0
 10
-6.02704
 20
-9.75994
 30
0
 10
-5.913189999999986
 20
-9.873999999999995
 30
0
 10
-5.722450000000009
 20
-9.972909999999999
 30
0
 10
-5.722450000000009
 20
-9.972909999999999
 30
0
 10
-5.561200000000014
 20
-10.05649
 30
0
 10
-5.431510000000003
 20
-10.10029
 30
0
 10
-5.016130000000004
 20
-10.21137999999999
 30
0
 10
-5.016130000000004
 20
-10.21137999999999
 30
0
 10
-4.860340000000008
 20
-10.25308
 30
0
 10
-4.68010000000001
 20
-10.31211999999999
 30
0
 10
-4.615569999999991
 20
-10.34263
 30
0
 10
-4.615569999999991
 20
-10.34263
 30
0
 10
-4.461250000000007
 20
-10.41565
 30
0
 10
-4.337379999999996
 20
-10.55682999999999
 30
0
 10
-4.303420000000017
 20
-10.69843
 30
0
 10
-4.303420000000017
 20
-10.69843
 30
0
 10
-4.265230000000003
 20
-10.85758
 30
0
 10
-4.286259999999999
 20
-11.09122000000001
 30
0
 10
-4.351570000000009
 20
-11.23393
 30
0
 10
-4.351570000000009
 20
-11.23393
 30
0
 10
-4.49190999999999
 20
-11.54043999999999
 30
0
 10
-4.835559999999987
 20
-11.61196
 30
0
 10
-5.724189999999993
 20
-11.51953
 30
0
 10
-5.724189999999993
 20
-11.51953
 30
0
 10
-5.910699999999991
 20
-11.50014999999999
 30
0
 10
-6.066159999999996
 20
-11.48737
 30
0
 10
-6.069639999999993
 20
-11.49115
 30
0
 10
-6.069639999999993
 20
-11.49115
 30
0
 10
-6.073120000000017
 20
-11.49493
 30
0
 10
-6.079630000000009
 20
-11.57302
 30
0
 10
-6.084100000000007
 20
-11.66473000000001
 30
0
 10
-6.084100000000007
 20
-11.66473000000001
 30
0
 10
-6.093459999999993
 20
-11.85621999999999
 30
0
 10
-6.122950000000003
 20
-11.83279
 30
0
 10
-5.811430000000001
 20
-11.88163
 30
0
 10
-5.811430000000001
 20
-11.88163
 30
0
 10
-5.421339999999987
 20
-11.94283
 30
0
 10
-5.029570000000007
 20
-11.96521
 30
0
 10
-4.807360000000017
 20
-11.93899
 30
0
 10
-4.807360000000017
 20
-11.93899
 30
0
 10
-4.110309999999998
 20
-11.85679
 30
0
 10
-3.813369999999992
 20
-11.50771
 30
0
 10
-3.837609999999984
 20
-10.79908
 30
0
 10
-3.837609999999984
 20
-10.79908
 30
0
 10
-3.845709999999997
 20
-10.56237999999999
 30
0
 10
-3.850239999999985
 20
-10.54135000000001
 30
0
 10
-3.925929999999994
 20
-10.3882
 30
0
 10
-3.925929999999994
 20
-10.3882
 30
0
 10
-3.975940000000008
 20
-10.28698
 30
0
 10
-4.039359999999988
 20
-10.1974
 30
0
 10
-4.096059999999994
 20
-10.14793
 30
0
 10
-4.096059999999994
 20
-10.14793
 30
0
 10
-4.244830000000007
 20
-10.01809
 30
0
 10
-4.536190000000005
 20
-9.893169999999998
 30
0
 10
-4.914700000000011
 20
-9.796990000000008
 30
0
 10
-4.914700000000011
 20
-9.796990000000008
 30
0
 10
-5.351769999999988
 20
-9.685900000000004
 30
0
 10
-5.550099999999986
 20
-9.591490000000007
 30
0
 10
-5.645170000000007
 20
-9.449259999999995
 30
0
 10
-5.645170000000007
 20
-9.449259999999995
 30
0
 10
-5.819500000000005
 20
-9.188410000000005
 30
0
 10
-5.772549999999995
 20
-8.691609999999997
 30
0
 10
-5.552140000000009
 20
-8.465379999999996
 30
0
 10
-5.552140000000009
 20
-8.465379999999996
 30
0
 10
-5.43571
 20
-8.345860000000002
 30
0
 10
-5.293360000000007
 20
-8.293509999999998
 30
0
 10
-5.053269999999998
 20
-8.281869999999998
 30
0
 10
-5.053269999999998
 20
-8.281869999999998
 30
0
 10
-4.874439999999993
 20
-8.273169999999993
 30
0
 10
-4.110549999999989
 20
-8.323059999999998
 30
0
 10
-3.95947000000001
 20
-8.353270000000009
 30
0
 10
-3.95947000000001
 20
-8.353270000000009
 30
0
 10
-3.903729999999996
 20
-8.364429999999999
 30
0
 10
-3.903729999999996
 20
-8.364400000000003
 30
0
 10
-3.891580000000005
 20
-8.187039999999996
 30
0
 10
-3.891580000000005
 20
-8.187039999999996
 30
0
 10
-3.883780000000002
 20
-8.073759999999993
 30
0
 10
-3.887499999999989
 20
-8.0047
 30
0
 10
-3.901780000000002
 20
-7.995850000000004
 30
0
 10
-3.901780000000002
 20
-7.995850000000004
 30
0
 10
-3.914079999999984
 20
-7.988259999999997
 30
0
 10
-4.074669999999998
 20
-7.965820000000008
 30
0
 10
-4.258630000000011
 20
-7.946020000000004
 30
0
 10
-4.258630000000011
 20
-7.946020000000004
 30
0
 10
-4.442560000000014
 20
-7.926189999999991
 30
0
 10
-4.612329999999986
 20
-7.907139999999998
 30
0
 10
-4.635879999999986
 20
-7.903660000000002
 30
0
  0
SPLINE
  5
B0
100
AcDbEntity
  8
layer 1
  6
CONTINUOUS
 62
    1
370
    5
100
AcDbSpline
210
0
220
0
230
0
 70
    8
 71
    3
 72
   12
 73
    8
 74
    0
 42
1e-07
 43
1e-07
 40
0
 40
0
 40
0
 40
0
 40
0.3333333
 40
0.3333333
 40
0.3333333
 40
0.3333333
 40
1
 40
1
 40
1
 40
1
 10
-2.037219999999991
 20
-9.346959999999996
 30
0
 10
-2.037219999999991
 20
-9.346959999999996
 30
0
 10
-1.396989999999988
 20
-9.346959999999996
 30
0
 10
-1.396989999999988
 20
-9.346959999999996
 30
0
 10
-1.396989999999988
 20
-9.346959999999996
 30
0
 10
-1.396989999999988
 20
-9.346959999999996
 30
0
 10
-1.501930000000016
 20
-9.748269999999991
 30
0
 10
-1.501930000000016
 20
-9.748269999999991
 30
0
  0
SPLINE
  5
B1
100
AcDbEntity
  8
layer 1
  6
CONTINUOUS
 62
    1
370
    5
100
AcDbSpline
210
0
220
0
230
0
 70
    8
 71
    3
 72
    8
 73
    4
 74
    0
 42
1e-07
 43
1e-07
 40
0
 40
0
 40
0
 40
0
 40
1
 40
1
 40
1
 40
1
 10
-1.501930000000016
 20
-9.748269999999991
 30
0
 10
-1.559680000000014
 20
-9.968980000000002
 30
0
 10
-1.686790000000002
 20
-10.453
 30
0
 10
-1.784469999999999
 20
-10.82379999999999
 30
0
  0
SPLINE
  5
B2
100
AcDbEntity
  8
layer 1
  6
CONTINUOUS
 62
    1
370
    5
100
AcDbSpline
210
0
220
0
230
0
 70
    8
 71
    3
 72
   20
 73
   16
 74
    0
 42
1e-07
 43
1e-07
 40
0
 40
0
 40
0
 40
0
 40
0.2
 40
0.2
 40
0.2
 40
0.2
 40
0.4
 40
0.4
 40
0.4
 40
0.4
 40
0.6
 40
0.6
 40
0.6
 40
0.6
 40
1
 40
1
 40
1
 40
1
 10
-1.784469999999999
 20
-10.82379999999999
 30
0
 10
-1.784469999999999
 20
-10.82379999999999
 30
0
 10
-1.962069999999983
 20
-11.49802
 30
0
 10
-1.962069999999983
 20
-11.49802
 30
0
 10
-1.962069999999983
 20
-11.49802
 30
0
 10
-1.962069999999983
 20
-11.49802
 30
0
 10
-2.044630000000012
 20
-11.49802
 30
0
 10
-2.044630000000012
 20
-11.49802
 30
0
 10
-2.044630000000012
 20
-11.49802
 30
0
 10
-2.044630000000012
 20
-11.49802
 30
0
 10
-2.127189999999985
 20
-11.49802
 30
0
 10
-2.127189999999985
 20
-11.49802
 30
0
 10
-2.127189999999985
 20
-11.49802
 30
0
 10
-2.127189999999985
 20
-11.49802
 30
0
 10
-2.401240000000001
 20
-10.44925000000001
 30
0
 10
-2.401240000000001
 20
-10.44925000000001
 30
0
  0
SPLINE
  5
B3
100
AcDbEntity
  8
layer 1
  6
CONTINUOUS
 62
    1
370
    5
100
AcDbSpline
210
0
220
0
230
0
 70
    8
 71
    3
 72
   12
 73
    8
 74
    0
 42
1e-07
 43
1e-07
 40
0
 40
0
 40
0
 40
0
 40
0.3333333
 40
0.3333333
 40
0.3333333
 40
0.3333333
 40
1
 40
1
 40
1
 40
1
 10
-2.401240000000001
 20
-10.44925000000001
 30
0
 10
-2.551960000000008
 20
-9.872410000000002
 30
0
 10
-2.67586
 20
-9.388419999999996
 30
0
 10
-2.676369999999991
 20
-9.373719999999992
 30
0
 10
-2.676369999999991
 20
-9.373719999999992
 30
0
 10
-2.677210000000002
 20
-9.352869999999996
 30
0
 10
-2.535699999999991
 20
-9.346959999999996
 30
0
 10
-2.037219999999991
 20
-9.346959999999996
 30
0
  0
SPLINE
  5
B4
100
AcDbEntity
  8
layer 1
  6
CONTINUOUS
 62
    1
370
    5
100
AcDbSpline
210
0
220
0
230
0
 70
   11
 71
    3
 72
   52
 73
   48
 74
    0
 42
1e-07
 43
1e-07
 40
0
 40
0
 40
0
 40
0
 40
0.07692309999999999
 40
0.07692309999999999
 40
0.07692309999999999
 40
0.07692309999999999
 40
0.1538462
 40
0.1538462
 40
0.1538462
 40
0.1538462
 40
0.2307692
 40
0.2307692
 40
0.2307692
 40
0.2307692
 40
0.3076923
 40
0.3076923
 40
0.3076923
 40
0.3076923
 40
0.3846154
 40
0.3846154
 40
0.3846154
 40
0.3846154
 40
0.4615385
 40
0.4615385
 40
0.4615385
 40
0.4615385
 40
0.5384614999999999
 40
0.5384614999999999
 40
0.5384614999999999
 40
0.5384614999999999
 40
0.6153845999999999
 40
0.6153845999999999
 40
0.6153845999999999
 40
0.6153845999999999
 40
0.6923077
 40
0.6923077
 40
0.6923077
 40
0.6923077
 40
0.7692308
 40
0.7692308
 40
0.7692308
 40
0.7692308
 40
0.8461538
 40
0.8461538
 40
0.8461538
 40
0.8461538
 40
1
 40
1
 40
1
 40
1
 10
-9.633639999999986
 20
-9.914140000000003
 30
0
 10
-9.633639999999986
 20
-9.914140000000003
 30
0
 10
-9.633639999999986
 20
-11.89399
 30
0
 10
-9.633639999999986
 20
-11.89399
 30
0
 10
-9.633639999999986
 20
-11.89399
 30
0
 10
-9.633639999999986
 20
-11.89399
 30
0
 10
-9.847659999999991
 20
-11.89399
 30
0
 10
-9.847659999999991
 20
-11.89399
 30
0
 10
-9.847659999999991
 20
-11.89399
 30
0
 10
-9.847659999999991
 20
-11.89399
 30
0
 10
-10.06168
 20
-11.89399
 30
0
 10
-10.06168
 20
-11.89399
 30
0
 10
-10.06168
 20
-11.89399
 30
0
 10
-10.06168
 20
-11.89399
 30
0
 10
-10.06168
 20
-10.11748
 30
0
 10
-10.06168
 20
-10.11748
 30
0
 10
-10.06168
 20
-10.11748
 30
0
 10
-10.06168
 20
-10.11748
 30
0
 10
-10.06168
 20
-8.340999999999994
 30
0
 10
-10.06168
 20
-8.340999999999994
 30
0
 10
-10.06168
 20
-8.340999999999994
 30
0
 10
-10.06168
 20
-8.340999999999994
 30
0
 10
-10.84290999999999
 20
-8.340999999999994
 30
0
 10
-10.84290999999999
 20
-8.340999999999994
 30
0
 10
-10.84290999999999
 20
-8.340999999999994
 30
0
 10
-10.84290999999999
 20
-8.340999999999994
 30
0
 10
-11.62416999999999
 20
-8.340999999999994
 30
0
 10
-11.62416999999999
 20
-8.340999999999994
 30
0
 10
-11.62416999999999
 20
-8.340999999999994
 30
0
 10
-11.62416999999999
 20
-8.340999999999994
 30
0
 10
-11.62416999999999
 20
-8.137659999999997
 30
0
 10
-11.62416999999999
 20
-8.137659999999997
 30
0
 10
-11.62416999999999
 20
-8.137659999999997
 30
0
 10
-11.62416999999999
 20
-8.137659999999997
 30
0
 10
-11.62416999999999
 20
-7.93432
 30
0
 10
-11.62416999999999
 20
-7.93432
 30
0
 10
-11.62416999999999
 20
-7.93432
 30
0
 10
-11.62416999999999
 20
-7.93432
 30
0
 10
-10.62888999999998
 20
-7.93432
 30
0
 10
-10.62888999999998
 20
-7.93432
 30
0
 10
-10.62888999999998
 20
-7.93432
 30
0
 10
-10.62888999999998
 20
-7.93432
 30
0
 10
-9.633639999999986
 20
-7.93432
 30
0
 10
-9.633639999999986
 20
-7.93432
 30
0
 10
-9.633639999999986
 20
-7.93432
 30
0
 10
-9.633639999999986
 20
-7.93432
 30
0
 10
-9.633639999999986
 20
-9.914140000000003
 30
0
 10
-9.633639999999986
 20
-9.914140000000003
 30
0
  0
SPLINE
  5
B5
100
AcDbEntity
  8
layer 1
  6
CONTINUOUS
 62
    1
370
    5
100
AcDbSpline
210
0
220
0
230
0
 70
    8
 71
    3
 72
   12
 73
    8
 74
    0
 42
1e-07
 43
1e-07
 40
0
 40
0
 40
0
 40
0
 40
0.3333333
 40
0.3333333
 40
0.3333333
 40
0.3333333
 40
1
 40
1
 40
1
 40
1
 10
-6.377980000000008
 20
-15.23295999999999
 30
0
 10
-6.879580000000004
 20
-15.23295999999999
 30
0
 10
-7.022230000000008
 20
-15.2389
 30
0
 10
-7.021719999999988
 20
-15.25969000000001
 30
0
 10
-7.021719999999988
 20
-15.25969000000001
 30
0
 10
-7.021479999999997
 20
-15.27441999999999
 30
0
 10
-6.897789999999986
 20
-15.75841
 30
0
 10
-6.747129999999999
 20
-16.33525
 30
0
  0
SPLINE
  5
B6
100
AcDbEntity
  8
layer 1
  6
CONTINUOUS
 62
    1
370
    5
100
AcDbSpline
210
0
220
0
230
0
 70
    8
 71
    3
 72
   20
 73
   16
 74
    0
 42
1e-07
 43
1e-07
 40
0
 40
0
 40
0
 40
0
 40
0.2
 40
0.2
 40
0.2
 40
0.2
 40
0.4
 40
0.4
 40
0.4
 40
0.4
 40
0.6
 40
0.6
 40
0.6
 40
0.6
 40
1
 40
1
 40
1
 40
1
 10
-6.747129999999999
 20
-16.33525
 30
0
 10
-6.747129999999999
 20
-16.33525
 30
0
 10
-6.473199999999991
 20
-17.38402000000001
 30
0
 10
-6.473199999999991
 20
-17.38402000000001
 30
0
 10
-6.473199999999991
 20
-17.38402000000001
 30
0
 10
-6.473199999999991
 20
-17.38402000000001
 30
0
 10
-6.389290000000017
 20
-17.39017
 30
0
 10
-6.389290000000017
 20
-17.39017
 30
0
 10
-6.389290000000017
 20
-17.39017
 30
0
 10
-6.389290000000017
 20
-17.39017
 30
0
 10
-6.305350000000004
 20
-17.39635
 30
0
 10
-6.305350000000004
 20
-17.39635
 30
0
 10
-6.305350000000004
 20
-17.39635
 30
0
 10
-6.305350000000004
 20
-17.39635
 30
0
 10
-6.029110000000003
 20
-16.34139999999999
 30
0
 10
-6.029110000000003
 20
-16.34139999999999
 30
0
  0
SPLINE
  5
B7
100
AcDbEntity
  8
layer 1
  6
CONTINUOUS
 62
    1
370
    5
100
AcDbSpline
210
0
220
0
230
0
 70
    8
 71
    3
 72
   12
 73
    8
 74
    0
 42
1e-07
 43
1e-07
 40
0
 40
0
 40
0
 40
0
 40
0.3333333
 40
0.3333333
 40
0.3333333
 40
0.3333333
 40
1
 40
1
 40
1
 40
1
 10
-6.029110000000003
 20
-16.34139999999999
 30
0
 10
-5.877189999999985
 20
-15.7612
 30
0
 10
-5.748549999999994
 20
-15.27441999999999
 30
0
 10
-5.743240000000014
 20
-15.25972
 30
0
 10
-5.743240000000014
 20
-15.25972
 30
0
 10
-5.735649999999993
 20
-15.23868999999999
 30
0
 10
-5.871579999999994
 20
-15.23295999999999
 30
0
 10
-6.377980000000008
 20
-15.23295999999999
 30
0
  0
SPLINE
  5
B8
100
AcDbEntity
  8
layer 1
  6
CONTINUOUS
 62
    1
370
    5
100
AcDbSpline
210
0
220
0
230
0
 70
    8
 71
    3
 72
    8
 73
    4
 74
    0
 42
1e-07
 43
1e-07
 40
0
 40
0
 40
0
 40
0
 40
1
 40
1
 40
1
 40
1
 10
-7.021719999999988
 20
-15.25972
 30
0
 10
-7.021719999999988
 20
-15.25972
 30
0
 10
-7.021719999999988
 20
-15.25969000000001
 30
0
 10
-7.021719999999988
 20
-15.25969000000001
 30
0
  0
SPLINE
  5
B9
100
AcDbEntity
  8
layer 1
  6
CONTINUOUS
 62
    1
370
    5
100
AcDbSpline
210
0
220
0
230
0
 70
   11
 71
    3
 72
  100
 73
   96
 74
    0
 42
1e-07
 43
1e-07
 40
0
 40
0
 40
0
 40
0
 40
0.04
 40
0.04
 40
0.04
 40
0.04
 40
0.08
 40
0.08
 40
0.08
 40
0.08
 40
0.12
 40
0.12
 40
0.12
 40
0.12
 40
0.16
 40
0.16
 40
0.16
 40
0.16
 40
0.2
 40
0.2
 40
0.2
 40
0.2
 40
0.24
 40
0.24
 40
0.24
 40
0.24
 40
0.28
 40
0.28
 40
0.28
 40
0.28
 40
0.32
 40
0.32
 40
0.32
 40
0.32
 40
0.36
 40
0.36
 40
0.36
 40
0.36
 40
0.4
 40
0.4
 40
0.4
 40
0.4
 40
0.44
 40
0.44
 40
0.44
 40
0.44
 40
0.48
 40
0.48
 40
0.48
 40
0.48
 40
0.52
 40
0.52
 40
0.52
 40
0.52
 40
0.5599999999999999
 40
0.5599999999999999
 40
0.5599999999999999
 40
0.5599999999999999
 40
0.6
 40
0.6
 40
0.6
 40
0.6
 40
0.64
 40
0.64
 40
0.64
 40
0.64
 40
0.6799999999999999
 40
0.6799999999999999
 40
0.6799999999999999
 40
0.6799999999999999
 40
0.72
 40
0.72
 40
0.72
 40
0.72
 40
0.76
 40
0.76
 40
0.76
 40
0.76
 40
0.7999999999999999
 40
0.7999999999999999
 40
0.7999999999999999
 40
0.7999999999999999
 40
0.84
 40
0.84
 40
0.84
 40
0.84
 40
0.88
 40
0.88
 40
0.88
 40
0.88
 40
0.9199999999999999
 40
0.9199999999999999
 40
0.9199999999999999
 40
0.9199999999999999
 40
1
 40
1
 40
1
 40
1
 10
-11.41012000000001
 20
-15.81085
 30
0
 10
-11.41012000000001
 20
-15.81085
 30
0
 10
-11.41012000000001
 20
-17.77999
 30
0
 10
-11.41012000000001
 20
-17.77999
 30
0
 10
-11.41012000000001
 20
-17.77999
 30
0
 10
-11.41012000000001
 20
-17.77999
 30
0
 10
-12.51240999999999
 20
-17.77999
 30
0
 10
-12.51240999999999
 20
-17.77999
 30
0
 10
-12.51240999999999
 20
-17.77999
 30
0
 10
-12.51240999999999
 20
-17.77999
 30
0
 10
-13.6147
 20
-17.77999
 30
0
 10
-13.6147
 20
-17.77999
 30
0
 10
-13.6147
 20
-17.77999
 30
0
 10
-13.6147
 20
-17.77999
 30
0
 10
-13.6147
 20
-17.58736
 30
0
 10
-13.6147
 20
-17.58736
 30
0
 10
-13.6147
 20
-17.58736
 30
0
 10
-13.6147
 20
-17.58736
 30
0
 10
-13.6147
 20
-17.3947
 30
0
 10
-13.6147
 20
-17.3947
 30
0
 10
-13.6147
 20
-17.3947
 30
0
 10
-13.6147
 20
-17.3947
 30
0
 10
-12.72646
 20
-17.3947
 30
0
 10
-12.72646
 20
-17.3947
 30
0
 10
-12.72646
 20
-17.3947
 30
0
 10
-12.72646
 20
-17.3947
 30
0
 10
-11.83819
 20
-17.3947
 30
0
 10
-11.83819
 20
-17.3947
 30
0
 10
-11.83819
 20
-17.3947
 30
0
 10
-11.83819
 20
-17.3947
 30
0
 10
-11.83819
 20
-16.72051
 30
0
 10
-11.83819
 20
-16.72051
 30
0
 10
-11.83819
 20
-16.72051
 30
0
 10
-11.83819
 20
-16.72051
 30
0
 10
-11.83819
 20
-16.04629
 30
0
 10
-11.83819
 20
-16.04629
 30
0
 10
-11.83819
 20
-16.04629
 30
0
 10
-11.83819
 20
-16.04629
 30
0
 10
-12.56593000000001
 20
-16.04629
 30
0
 10
-12.56593000000001
 20
-16.04629
 30
0
 10
-12.56593000000001
 20
-16.04629
 30
0
 10
-12.56593000000001
 20
-16.04629
 30
0
 10
-13.29364000000001
 20
-16.04629
 30
0
 10
-13.29364000000001
 20
-16.04629
 30
0
 10
-13.29364000000001
 20
-16.04629
 30
0
 10
-13.29364000000001
 20
-16.04629
 30
0
 10
-13.29364000000001
 20
-15.85366
 30
0
 10
-13.29364000000001
 20
-15.85366
 30
0
 10
-13.29364000000001
 20
-15.85366
 30
0
 10
-13.29364000000001
 20
-15.85366
 30
0
 10
-13.29364000000001
 20
-15.66103
 30
0
 10
-13.29364000000001
 20
-15.66103
 30
0
 10
-13.29364000000001
 20
-15.66103
 30
0
 10
-13.29364000000001
 20
-15.66103
 30
0
 10
-12.56593000000001
 20
-15.66103
 30
0
 10
-12.56593000000001
 20
-15.66103
 30
0
 10
-12.56593000000001
 20
-15.66103
 30
0
 10
-12.56593000000001
 20
-15.66103
 30
0
 10
-11.83819
 20
-15.66103
 30
0
 10
-11.83819
 20
-15.66103
 30
0
 10
-11.83819
 20
-15.66103
 30
0
 10
-11.83819
 20
-15.66103
 30
0
 10
-11.83819
 20
-14.944
 30
0
 10
-11.83819
 20
-14.944
 30
0
 10
-11.83819
 20
-14.944
 30
0
 10
-11.83819
 20
-14.944
 30
0
 10
-11.83819
 20
-14.22696999999999
 30
0
 10
-11.83819
 20
-14.22696999999999
 30
0
 10
-11.83819
 20
-14.22696999999999
 30
0
 10
-11.83819
 20
-14.22696999999999
 30
0
 10
-12.72646
 20
-14.22696999999999
 30
0
 10
-12.72646
 20
-14.22696999999999
 30
0
 10
-12.72646
 20
-14.22696999999999
 30
0
 10
-12.72646
 20
-14.22696999999999
 30
0
 10
-13.6147
 20
-14.22696999999999
 30
0
 10
-13.6147
 20
-14.22696999999999
 30
0
 10
-13.6147
 20
-14.22696999999999
 30
0
 10
-13.6147
 20
-14.22696999999999
 30
0
 10
-13.6147
 20
-14.03434
 30
0
 10
-13.6147
 20
-14.03434
 30
0
 10
-13.6147
 20
-14.03434
 30
0
 10
-13.6147
 20
-14.03434
 30
0
 10
-13.6147
 20
-13.84171000000001
 30
0
 10
-13.6147
 20
-13.84171000000001
 30
0
 10
-13.6147
 20
-13.84171000000001
 30
0
 10
-13.6147
 20
-13.84171000000001
 30
0
 10
-12.51240999999999
 20
-13.84171000000001
 30
0
 10
-12.51240999999999
 20
-13.84171000000001
 30
0
 10
-12.51240999999999
 20
-13.84171000000001
 30
0
 10
-12.51240999999999
 20
-13.84171000000001
 30
0
 10
-11.41012000000001
 20
-13.84171000000001
 30
0
 10
-11.41012000000001
 20
-13.84171000000001
 30
0
 10
-11.41012000000001
 20
-13.84171000000001
 30
0
 10
-11.41012000000001
 20
-13.84171000000001
 30
0
 10
-11.41012000000001
 20
-15.81085
 30
0
 10
-11.41012000000001
 20
-15.81085
 30
0
  0
SPLINE
  5
BA
100
AcDbEntity
  8
layer 1
  6
CONTINUOUS
 62
    1
370
    5
100
AcDbSpline
210
0
220
0
230
0
 70
    8
 71
    3
 72
    8
 73
    4
 74
    0
 42
1e-07
 43
1e-07
 40
0
 40
0
 40
0
 40
0
 40
1
 40
1
 40
1
 40
1
 10
-16.14081999999999
 20
-15.42564999999999
 30
0
 10
-16.14103
 20
-15.41977
 30
0
 10
-16.30842999999999
 20
-15.06097
 30
0
 10
-16.51284999999999
 20
-14.62836999999999
 30
0
  0
SPLINE
  5
BB
100
AcDbEntity
  8
layer 1
  6
CONTINUOUS
 62
    1
370
    5
100
AcDbSpline
210
0
220
0
230
0
 70
    8
 71
    3
 72
   64
 73
   60
 74
    0
 42
1e-07
 43
1e-07
 40
0
 40
0
 40
0
 40
0
 40
0.0625
 40
0.0625
 40
0.0625
 40
0.0625
 40
0.125
 40
0.125
 40
0.125
 40
0.125
 40
0.1875
 40
0.1875
 40
0.1875
 40
0.1875
 40
0.25
 40
0.25
 40
0.25
 40
0.25
 40
0.3125
 40
0.3125
 40
0.3125
 40
0.3125
 40
0.375
 40
0.375
 40
0.375
 40
0.375
 40
0.4375
 40
0.4375
 40
0.4375
 40
0.4375
 40
0.5
 40
0.5
 40
0.5
 40
0.5
 40
0.5625
 40
0.5625
 40
0.5625
 40
0.5625
 40
0.625
 40
0.625
 40
0.625
 40
0.625
 40
0.6875
 40
0.6875
 40
0.6875
 40
0.6875
 40
0.75
 40
0.75
 40
0.75
 40
0.75
 40
0.8125
 40
0.8125
 40
0.8125
 40
0.8125
 40
0.875
 40
0.875
 40
0.875
 40
0.875
 40
1
 40
1
 40
1
 40
1
 10
-16.51284999999999
 20
-14.62836999999999
 30
0
 10
-16.51284999999999
 20
-14.62836999999999
 30
0
 10
-16.88458
 20
-13.84177
 30
0
 10
-16.88458
 20
-13.84177
 30
0
 10
-16.88458
 20
-13.84177
 30
0
 10
-16.88458
 20
-13.84177
 30
0
 10
-16.64412999999999
 20
-13.84177
 30
0
 10
-16.64412999999999
 20
-13.84177
 30
0
 10
-16.64412999999999
 20
-13.84177
 30
0
 10
-16.64412999999999
 20
-13.84177
 30
0
 10
-16.40370999999999
 20
-13.84177
 30
0
 10
-16.40370999999999
 20
-13.84177
 30
0
 10
-16.40370999999999
 20
-13.84177
 30
0
 10
-16.40370999999999
 20
-13.84177
 30
0
 10
-16.05148
 20
-14.59627
 30
0
 10
-16.05148
 20
-14.59627
 30
0
 10
-16.05148
 20
-14.59627
 30
0
 10
-16.05148
 20
-14.59627
 30
0
 10
-15.69922
 20
-15.35074
 30
0
 10
-15.69922
 20
-15.35074
 30
0
 10
-15.69922
 20
-15.35074
 30
0
 10
-15.69922
 20
-15.35074
 30
0
 10
-15.21880000000002
 20
-15.35074
 30
0
 10
-15.21880000000002
 20
-15.35074
 30
0
 10
-15.21880000000002
 20
-15.35074
 30
0
 10
-15.21880000000002
 20
-15.35074
 30
0
 10
-14.73838000000001
 20
-15.35074
 30
0
 10
-14.73838000000001
 20
-15.35074
 30
0
 10
-14.73838000000001
 20
-15.35074
 30
0
 10
-14.73838000000001
 20
-15.35074
 30
0
 10
-14.73274000000001
 20
-14.59627
 30
0
 10
-14.73274000000001
 20
-14.59627
 30
0
 10
-14.73274000000001
 20
-14.59627
 30
0
 10
-14.73274000000001
 20
-14.59627
 30
0
 10
-14.72712999999999
 20
-13.84177
 30
0
 10
-14.72712999999999
 20
-13.84177
 30
0
 10
-14.72712999999999
 20
-13.84177
 30
0
 10
-14.72712999999999
 20
-13.84177
 30
0
 10
-14.51338000000001
 20
-13.84177
 30
0
 10
-14.51338000000001
 20
-13.84177
 30
0
 10
-14.51338000000001
 20
-13.84177
 30
0
 10
-14.51338000000001
 20
-13.84177
 30
0
 10
-14.2996
 20
-13.84177
 30
0
 10
-14.2996
 20
-13.84177
 30
0
 10
-14.2996
 20
-13.84177
 30
0
 10
-14.2996
 20
-13.84177
 30
0
 10
-14.2996
 20
-15.81090999999999
 30
0
 10
-14.2996
 20
-15.81090999999999
 30
0
 10
-14.2996
 20
-15.81090999999999
 30
0
 10
-14.2996
 20
-15.81090999999999
 30
0
 10
-14.2996
 20
-15.81085
 30
0
 10
-14.2996
 20
-15.81085
 30
0
 10
-14.2996
 20
-15.81085
 30
0
 10
-14.2996
 20
-15.81085
 30
0
 10
-14.2996
 20
-17.77999
 30
0
 10
-14.2996
 20
-17.77999
 30
0
 10
-14.2996
 20
-17.77999
 30
0
 10
-14.2996
 20
-17.77999
 30
0
 10
-15.08619999999999
 20
-17.77972
 30
0
 10
-15.08619999999999
 20
-17.77972
 30
0
  0
SPLINE
  5
BC
100
AcDbEntity
  8
layer 1
  6
CONTINUOUS
 62
    1
370
    5
100
AcDbSpline
210
0
220
0
230
0
 70
    8
 71
    3
 72
   28
 73
   24
 74
    0
 42
1e-07
 43
1e-07
 40
0
 40
0
 40
0
 40
0
 40
0.1428571
 40
0.1428571
 40
0.1428571
 40
0.1428571
 40
0.2857143
 40
0.2857143
 40
0.2857143
 40
0.2857143
 40
0.4285714
 40
0.4285714
 40
0.4285714
 40
0.4285714
 40
0.5714286
 40
0.5714286
 40
0.5714286
 40
0.5714286
 40
0.7142856999999999
 40
0.7142856999999999
 40
0.7142856999999999
 40
0.7142856999999999
 40
1
 40
1
 40
1
 40
1
 10
-15.08619999999999
 20
-17.77972
 30
0
 10
-15.94030000000001
 20
-17.77948000000001
 30
0
 10
-16.03567000000001
 20
-17.76955000000001
 30
0
 10
-16.25310999999999
 20
-17.65942000000001
 30
0
 10
-16.25310999999999
 20
-17.65942000000001
 30
0
 10
-16.42071999999999
 20
-17.57455
 30
0
 10
-16.49491
 20
-17.51038
 30
0
 10
-16.58986000000002
 20
-17.36818
 30
0
 10
-16.58986000000002
 20
-17.36818
 30
0
 10
-16.73575
 20
-17.14972
 30
0
 10
-16.77175
 20
-16.9939
 30
0
 10
-16.77160000000001
 20
-16.58143000000001
 30
0
 10
-16.77160000000001
 20
-16.58143000000001
 30
0
 10
-16.77160000000001
 20
-16.29991000000001
 30
0
 10
-16.76355999999998
 20
-16.20244
 30
0
 10
-16.73227
 20
-16.10077
 30
0
 10
-16.73227
 20
-16.10077
 30
0
 10
-16.64131
 20
-15.80517999999999
 30
0
 10
-16.50223
 20
-15.62338
 30
0
 10
-16.27843000000001
 20
-15.50767
 30
0
 10
-16.27843000000001
 20
-15.50767
 30
0
 10
-16.20256000000001
 20
-15.46843
 30
0
 10
-16.14063999999999
 20
-15.43153
 30
0
 10
-16.14081999999999
 20
-15.42564999999999
 30
0
  0
SPLINE
  5
BD
100
AcDbEntity
  8
layer 1
  6
CONTINUOUS
 62
    1
370
    5
100
AcDbSpline
210
0
220
0
230
0
 70
   11
 71
    3
 72
   68
 73
   64
 74
    0
 42
1e-07
 43
1e-07
 40
0
 40
0
 40
0
 40
0
 40
0.0588235
 40
0.0588235
 40
0.0588235
 40
0.0588235
 40
0.1176471
 40
0.1176471
 40
0.1176471
 40
0.1176471
 40
0.1764706
 40
0.1764706
 40
0.1764706
 40
0.1764706
 40
0.2352941
 40
0.2352941
 40
0.2352941
 40
0.2352941
 40
0.2941176
 40
0.2941176
 40
0.2941176
 40
0.2941176
 40
0.3529412
 40
0.3529412
 40
0.3529412
 40
0.3529412
 40
0.4117647
 40
0.4117647
 40
0.4117647
 40
0.4117647
 40
0.4705882
 40
0.4705882
 40
0.4705882
 40
0.4705882
 40
0.5294118
 40
0.5294118
 40
0.5294118
 40
0.5294118
 40
0.5882353
 40
0.5882353
 40
0.5882353
 40
0.5882353
 40
0.6470587999999999
 40
0.6470587999999999
 40
0.6470587999999999
 40
0.6470587999999999
 40
0.7058824
 40
0.7058824
 40
0.7058824
 40
0.7058824
 40
0.7647058999999999
 40
0.7647058999999999
 40
0.7647058999999999
 40
0.7647058999999999
 40
0.8235294
 40
0.8235294
 40
0.8235294
 40
0.8235294
 40
0.8823529
 40
0.8823529
 40
0.8823529
 40
0.8823529
 40
1
 40
1
 40
1
 40
1
 10
-21.27717999999999
 20
-18.51841
 30
0
 10
-21.27717999999999
 20
-18.51841
 30
0
 10
-21.27717999999999
 20
-18.91438
 30
0
 10
-21.27717999999999
 20
-18.91438
 30
0
 10
-21.27717999999999
 20
-18.91438
 30
0
 10
-21.27717999999999
 20
-18.91438
 30
0
 10
-21.15946
 20
-18.91438
 30
0
 10
-21.15946
 20
-18.91438
 30
0
 10
-21.15946
 20
-18.91438
 30
0
 10
-21.15946
 20
-18.91438
 30
0
 10
-21.04174
 20
-18.91438
 30
0
 10
-21.04174
 20
-18.91438
 30
0
 10
-21.04174
 20
-18.91438
 30
0
 10
-21.04174
 20
-18.91438
 30
0
 10
-21.04174
 20
-18.98928999999999
 30
0
 10
-21.04174
 20
-18.98928999999999
 30
0
 10
-21.04174
 20
-18.98928999999999
 30
0
 10
-21.04174
 20
-18.98928999999999
 30
0
 10
-21.04174
 20
-19.0642
 30
0
 10
-21.04174
 20
-19.0642
 30
0
 10
-21.04174
 20
-19.0642
 30
0
 10
-21.04174
 20
-19.0642
 30
0
 10
-21.36279999999999
 20
-19.0642
 30
0
 10
-21.36279999999999
 20
-19.0642
 30
0
 10
-21.36279999999999
 20
-19.0642
 30
0
 10
-21.36279999999999
 20
-19.0642
 30
0
 10
-21.68386000000001
 20
-19.0642
 30
0
 10
-21.68386000000001
 20
-19.0642
 30
0
 10
-21.68386000000001
 20
-19.0642
 30
0
 10
-21.68386000000001
 20
-19.0642
 30
0
 10
-21.68386000000001
 20
-18.98928999999999
 30
0
 10
-21.68386000000001
 20
-18.98928999999999
 30
0
 10
-21.68386000000001
 20
-18.98928999999999
 30
0
 10
-21.68386000000001
 20
-18.98928999999999
 30
0
 10
-21.68386000000001
 20
-18.91438
 30
0
 10
-21.68386000000001
 20
-18.91438
 30
0
 10
-21.68386000000001
 20
-18.91438
 30
0
 10
-21.68386000000001
 20
-18.91438
 30
0
 10
-21.57682
 20
-18.91438
 30
0
 10
-21.57682
 20
-18.91438
 30
0
 10
-21.57682
 20
-18.91438
 30
0
 10
-21.57682
 20
-18.91438
 30
0
 10
-21.46981
 20
-18.91438
 30
0
 10
-21.46981
 20
-18.91438
 30
0
 10
-21.46981
 20
-18.91438
 30
0
 10
-21.46981
 20
-18.91438
 30
0
 10
-21.46981
 20
-18.51841
 30
0
 10
-21.46981
 20
-18.51841
 30
0
 10
-21.46981
 20
-18.51841
 30
0
 10
-21.46981
 20
-18.51841
 30
0
 10
-21.46981
 20
-18.12243999999999
 30
0
 10
-21.46981
 20
-18.12243999999999
 30
0
 10
-21.46981
 20
-18.12243999999999
 30
0
 10
-21.46981
 20
-18.12243999999999
 30
0
 10
-21.37351000000001
 20
-18.12243999999999
 30
0
 10
-21.37351000000001
 20
-18.12243999999999
 30
0
 10
-21.37351000000001
 20
-18.12243999999999
 30
0
 10
-21.37351000000001
 20
-18.12243999999999
 30
0
 10
-21.27717999999999
 20
-18.12243999999999
 30
0
 10
-21.27717999999999
 20
-18.12243999999999
 30
0
 10
-21.27717999999999
 20
-18.12243999999999
 30
0
 10
-21.27717999999999
 20
-18.12243999999999
 30
0
 10
-21.27717999999999
 20
-18.51841
 30
0
 10
-21.27717999999999
 20
-18.51841
 30
0
  0
SPLINE
  5
BE
100
AcDbEntity
  8
layer 1
  6
CONTINUOUS
 62
    1
370
    5
100
AcDbSpline
210
0
220
0
230
0
 70
    8
 71
    3
 72
    8
 73
    4
 74
    0
 42
1e-07
 43
1e-07
 40
0
 40
0
 40
0
 40
0
 40
1
 40
1
 40
1
 40
1
 10
-12.9409
 20
-7.914369999999991
 30
0
 10
-12.9409
 20
-7.914369999999991
 30
0
 10
-12.94093000000001
 20
-7.914339999999996
 30
0
 10
-12.94093000000001
 20
-7.914339999999996
 30
0
  0
SPLINE
  5
BF
100
AcDbEntity
  8
layer 1
  6
CONTINUOUS
 62
    1
370
    5
100
AcDbSpline
210
0
220
0
230
0
 70
    8
 71
    3
 72
   16
 73
   12
 74
    0
 42
1e-07
 43
1e-07
 40
0
 40
0
 40
0
 40
0
 40
0.25
 40
0.25
 40
0.25
 40
0.25
 40
0.5
 40
0.5
 40
0.5
 40
0.5
 40
1
 40
1
 40
1
 40
1
 10
-12.94093000000001
 20
-7.914339999999996
 30
0
 10
-12.68736999999999
 20
-7.956729999999993
 30
0
 10
-12.40966
 20
-8.100909999999999
 30
0
 10
-12.29079999999999
 20
-8.251900000000006
 30
0
 10
-12.29079999999999
 20
-8.251900000000006
 30
0
 10
-12.20389
 20
-8.36224
 30
0
 10
-12.12225999999998
 20
-8.531379999999999
 30
0
 10
-12.08014
 20
-8.688400000000001
 30
0
 10
-12.08014
 20
-8.688400000000001
 30
0
 10
-12.04834
 20
-8.806809999999999
 30
0
 10
-12.04320999999999
 20
-9.002710000000008
 30
0
 10
-12.03643
 20
-10.35829
 30
0
  0
SPLINE
  5
C0
100
AcDbEntity
  8
layer 1
  6
CONTINUOUS
 62
    1
370
    5
100
AcDbSpline
210
0
220
0
230
0
 70
    8
 71
    3
 72
   20
 73
   16
 74
    0
 42
1e-07
 43
1e-07
 40
0
 40
0
 40
0
 40
0
 40
0.2
 40
0.2
 40
0.2
 40
0.2
 40
0.4
 40
0.4
 40
0.4
 40
0.4
 40
0.6
 40
0.6
 40
0.6
 40
0.6
 40
1
 40
1
 40
1
 40
1
 10
-12.03643
 20
-10.35829
 30
0
 10
-12.03643
 20
-10.35829
 30
0
 10
-12.02875
 20
-11.89399
 30
0
 10
-12.02875
 20
-11.89399
 30
0
 10
-12.02875
 20
-11.89399
 30
0
 10
-12.02875
 20
-11.89399
 30
0
 10
-12.25452999999999
 20
-11.89399
 30
0
 10
-12.25452999999999
 20
-11.89399
 30
0
 10
-12.25452999999999
 20
-11.89399
 30
0
 10
-12.25452999999999
 20
-11.89399
 30
0
 10
-12.48031
 20
-11.89399
 30
0
 10
-12.48031
 20
-11.89399
 30
0
 10
-12.48031
 20
-11.89399
 30
0
 10
-12.48031
 20
-11.89399
 30
0
 10
-12.48031
 20
-10.3873
 30
0
 10
-12.48031
 20
-10.3873
 30
0
  0
SPLINE
  5
C1
100
AcDbEntity
  8
layer 1
  6
CONTINUOUS
 62
    1
370
    5
100
AcDbSpline
210
0
220
0
230
0
 70
    8
 71
    3
 72
   24
 73
   20
 74
    0
 42
1e-07
 43
1e-07
 40
0
 40
0
 40
0
 40
0
 40
0.1666667
 40
0.1666667
 40
0.1666667
 40
0.1666667
 40
0.3333333
 40
0.3333333
 40
0.3333333
 40
0.3333333
 40
0.5
 40
0.5
 40
0.5
 40
0.5
 40
0.6666666999999999
 40
0.6666666999999999
 40
0.6666666999999999
 40
0.6666666999999999
 40
1
 40
1
 40
1
 40
1
 10
-12.48031
 20
-10.3873
 30
0
 10
-12.48031
 20
-8.921859999999995
 30
0
 10
-12.48157
 20
-8.876620000000003
 30
0
 10
-12.5248
 20
-8.736490000000003
 30
0
 10
-12.5248
 20
-8.736490000000003
 30
0
 10
-12.55954
 20
-8.624110000000002
 30
0
 10
-12.59161
 20
-8.57011
 30
0
 10
-12.67057
 20
-8.491150000000005
 30
0
 10
-12.67057
 20
-8.491150000000005
 30
0
 10
-12.80844999999999
 20
-8.353270000000009
 30
0
 10
-12.96184
 20
-8.297229999999999
 30
0
 10
-13.24209999999999
 20
-8.282409999999999
 30
0
 10
-13.24209999999999
 20
-8.282409999999999
 30
0
 10
-13.72533999999999
 20
-8.256820000000005
 30
0
 10
-14.00863000000001
 20
-8.403880000000001
 30
0
 10
-14.12415999999999
 20
-8.740210000000005
 30
0
 10
-14.12415999999999
 20
-8.740210000000005
 30
0
 10
-14.15581
 20
-8.832459999999998
 30
0
 10
-14.16049000000001
 20
-9.013239999999996
 30
0
 10
-14.16631000000001
 20
-10.36896999999999
 30
0
  0
SPLINE
  5
C2
100
AcDbEntity
  8
layer 1
  6
CONTINUOUS
 62
    1
370
    5
100
AcDbSpline
210
0
220
0
230
0
 70
    8
 71
    3
 72
   20
 73
   16
 74
    0
 42
1e-07
 43
1e-07
 40
0
 40
0
 40
0
 40
0
 40
0.2
 40
0.2
 40
0.2
 40
0.2
 40
0.4
 40
0.4
 40
0.4
 40
0.4
 40
0.6
 40
0.6
 40
0.6
 40
0.6
 40
1
 40
1
 40
1
 40
1
 10
-14.16631000000001
 20
-10.36896999999999
 30
0
 10
-14.16631000000001
 20
-10.36896999999999
 30
0
 10
-14.17282
 20
-11.89399
 30
0
 10
-14.17282
 20
-11.89399
 30
0
 10
-14.17282
 20
-11.89399
 30
0
 10
-14.17282
 20
-11.89399
 30
0
 10
-14.39857000000001
 20
-11.89399
 30
0
 10
-14.39857000000001
 20
-11.89399
 30
0
 10
-14.39857000000001
 20
-11.89399
 30
0
 10
-14.39857000000001
 20
-11.89399
 30
0
 10
-14.62434999999999
 20
-11.89399
 30
0
 10
-14.62434999999999
 20
-11.89399
 30
0
 10
-14.62434999999999
 20
-11.89399
 30
0
 10
-14.62434999999999
 20
-11.89399
 30
0
 10
-14.6155
 20
-10.36896999999999
 30
0
 10
-14.6155
 20
-10.36896999999999
 30
0
  0
SPLINE
  5
C3
100
AcDbEntity
  8
layer 1
  6
CONTINUOUS
 62
    1
370
    5
100
AcDbSpline
210
0
220
0
230
0
 70
    8
 71
    3
 72
   20
 73
   16
 74
    0
 42
1e-07
 43
1e-07
 40
0
 40
0
 40
0
 40
0
 40
0.2
 40
0.2
 40
0.2
 40
0.2
 40
0.4
 40
0.4
 40
0.4
 40
0.4
 40
0.6
 40
0.6
 40
0.6
 40
0.6
 40
1
 40
1
 40
1
 40
1
 10
-14.6155
 20
-10.36896999999999
 30
0
 10
-14.60694999999998
 20
-8.888829999999999
 30
0
 10
-14.60533000000001
 20
-8.839029999999994
 30
0
 10
-14.56066000000001
 20
-8.676490000000001
 30
0
 10
-14.56066000000001
 20
-8.676490000000001
 30
0
 10
-14.49969999999999
 20
-8.454790000000003
 30
0
 10
-14.42389
 20
-8.320689999999999
 30
0
 10
-14.28559000000001
 20
-8.189889999999991
 30
0
 10
-14.28559000000001
 20
-8.189889999999991
 30
0
 10
-14.06365
 20
-7.980009999999993
 30
0
 10
-13.76494
 20
-7.889620000000008
 30
0
 10
-13.30783
 20
-7.894030000000001
 30
0
 10
-13.30783
 20
-7.894030000000001
 30
0
 10
-13.16467
 20
-7.895289999999989
 30
0
 10
-12.99955
 20
-7.904560000000004
 30
0
 10
-12.94093000000001
 20
-7.914339999999996
 30
0
  0
SPLINE
  5
C4
100
AcDbEntity
  8
layer 1
  6
CONTINUOUS
 62
    1
370
    5
100
AcDbSpline
210
0
220
0
230
0
 70
    8
 71
    3
 72
    8
 73
    4
 74
    0
 42
1e-07
 43
1e-07
 40
0
 40
0
 40
0
 40
0
 40
1
 40
1
 40
1
 40
1
 10
-12.94093000000001
 20
-7.914339999999996
 30
0
 10
-12.94093000000001
 20
-7.914339999999996
 30
0
 10
-12.9409
 20
-7.914369999999991
 30
0
 10
-12.9409
 20
-7.914369999999991
 30
0
  0
SPLINE
  5
C5
100
AcDbEntity
  8
layer 1
  6
CONTINUOUS
 62
    1
370
    5
100
AcDbSpline
210
0
220
0
230
0
 70
    8
 71
    3
 72
   32
 73
   28
 74
    0
 42
1e-07
 43
1e-07
 40
0
 40
0
 40
0
 40
0
 40
0.125
 40
0.125
 40
0.125
 40
0.125
 40
0.25
 40
0.25
 40
0.25
 40
0.25
 40
0.375
 40
0.375
 40
0.375
 40
0.375
 40
0.5
 40
0.5
 40
0.5
 40
0.5
 40
0.625
 40
0.625
 40
0.625
 40
0.625
 40
0.75
 40
0.75
 40
0.75
 40
0.75
 40
1
 40
1
 40
1
 40
1
 10
-0.601300000000009
 20
-7.962249999999997
 30
0
 10
-0.601300000000009
 20
-7.97842
 30
0
 10
-0.8276500000000055
 20
-8.866510000000005
 30
0
 10
-1.104279999999989
 20
-9.935769999999991
 30
0
 10
-1.104279999999989
 20
-9.935769999999991
 30
0
 10
-1.38091
 20
-11.00503
 30
0
 10
-1.607259999999997
 20
-11.88303999999999
 30
0
 10
-1.607259999999997
 20
-11.88694000000001
 30
0
 10
-1.607259999999997
 20
-11.88694000000001
 30
0
 10
-1.607259999999997
 20
-11.89081
 30
0
 10
-1.804720000000003
 20
-11.89399
 30
0
 10
-2.046040000000005
 20
-11.89399
 30
0
 10
-2.046040000000005
 20
-11.89399
 30
0
 10
-2.287390000000016
 20
-11.89399
 30
0
 10
-2.484820000000013
 20
-11.88813999999999
 30
0
 10
-2.484820000000013
 20
-11.881
 30
0
 10
-2.484820000000013
 20
-11.881
 30
0
 10
-2.484820000000013
 20
-11.87383
 30
0
 10
-2.71117000000001
 20
-10.98826
 30
0
 10
-2.987799999999993
 20
-9.913030000000006
 30
0
 10
-2.987799999999993
 20
-9.913030000000006
 30
0
 10
-3.264460000000014
 20
-8.837800000000001
 30
0
 10
-3.490780000000001
 20
-7.952380000000005
 30
0
 10
-3.490780000000001
 20
-7.945449999999994
 30
0
 10
-3.490780000000001
 20
-7.945449999999994
 30
0
 10
-3.490780000000001
 20
-7.938519999999997
 30
0
 10
-3.392709999999994
 20
-7.935580000000002
 30
0
 10
-3.272829999999999
 20
-7.938909999999993
 30
0
  0
SPLINE
  5
C6
100
AcDbEntity
  8
layer 1
  6
CONTINUOUS
 62
    1
370
    5
100
AcDbSpline
210
0
220
0
230
0
 70
    8
 71
    3
 72
   12
 73
    8
 74
    0
 42
1e-07
 43
1e-07
 40
0
 40
0
 40
0
 40
0
 40
0.3333333
 40
0.3333333
 40
0.3333333
 40
0.3333333
 40
1
 40
1
 40
1
 40
1
 10
-3.272829999999999
 20
-7.938909999999993
 30
0
 10
-3.272829999999999
 20
-7.938909999999993
 30
0
 10
-3.054879999999997
 20
-7.944999999999993
 30
0
 10
-3.054879999999997
 20
-7.944999999999993
 30
0
 10
-3.054879999999997
 20
-7.944999999999993
 30
0
 10
-3.054879999999997
 20
-7.944999999999993
 30
0
 10
-2.940789999999993
 20
-8.362390000000005
 30
0
 10
-2.940789999999993
 20
-8.362390000000005
 30
0
  0
SPLINE
  5
C7
100
AcDbEntity
  8
layer 1
  6
CONTINUOUS
 62
    1
370
    5
100
AcDbSpline
210
0
220
0
230
0
 70
    8
 71
    3
 72
    8
 73
    4
 74
    0
 42
1e-07
 43
1e-07
 40
0
 40
0
 40
0
 40
0
 40
1
 40
1
 40
1
 40
1
 10
-2.940789999999993
 20
-8.362390000000005
 30
0
 10
-2.878060000000005
 20
-8.591920000000002
 30
0
 10
-2.816859999999991
 20
-8.81586999999999
 30
0
 10
-2.804769999999991
 20
-8.860029999999995
 30
0
  0
SPLINE
  5
C8
100
AcDbEntity
  8
layer 1
  6
CONTINUOUS
 62
    1
370
    5
100
AcDbSpline
210
0
220
0
230
0
 70
    8
 71
    3
 72
   20
 73
   16
 74
    0
 42
1e-07
 43
1e-07
 40
0
 40
0
 40
0
 40
0
 40
0.2
 40
0.2
 40
0.2
 40
0.2
 40
0.4
 40
0.4
 40
0.4
 40
0.4
 40
0.6
 40
0.6
 40
0.6
 40
0.6
 40
1
 40
1
 40
1
 40
1
 10
-2.804769999999991
 20
-8.860029999999995
 30
0
 10
-2.804769999999991
 20
-8.860029999999995
 30
0
 10
-2.782839999999993
 20
-8.940280000000001
 30
0
 10
-2.782839999999993
 20
-8.940280000000001
 30
0
 10
-2.782839999999993
 20
-8.940280000000001
 30
0
 10
-2.782839999999993
 20
-8.940280000000001
 30
0
 10
-2.045829999999995
 20
-8.940280000000001
 30
0
 10
-2.045829999999995
 20
-8.940280000000001
 30
0
 10
-2.045829999999995
 20
-8.940280000000001
 30
0
 10
-2.045829999999995
 20
-8.940280000000001
 30
0
 10
-1.308819999999997
 20
-8.940280000000001
 30
0
 10
-1.308819999999997
 20
-8.940280000000001
 30
0
 10
-1.308819999999997
 20
-8.940280000000001
 30
0
 10
-1.308819999999997
 20
-8.940280000000001
 30
0
 10
-1.276720000000012
 20
-8.8279
 30
0
 10
-1.276720000000012
 20
-8.8279
 30
0
  0
SPLINE
  5
C9
100
AcDbEntity
  8
layer 1
  6
CONTINUOUS
 62
    1
370
    5
100
AcDbSpline
210
0
220
0
230
0
 70
    8
 71
    3
 72
    8
 73
    4
 74
    0
 42
1e-07
 43
1e-07
 40
0
 40
0
 40
0
 40
0
 40
1
 40
1
 40
1
 40
1
 10
-1.276720000000012
 20
-8.8279
 30
0
 10
-1.259050000000002
 20
-8.766099999999994
 30
0
 10
-1.197550000000007
 20
-8.542180000000002
 30
0
 10
-1.140039999999999
 20
-8.330259999999996
 30
0
  0
SPLINE
  5
CA
100
AcDbEntity
  8
layer 1
  6
CONTINUOUS
 62
    1
370
    5
100
AcDbSpline
210
0
220
0
230
0
 70
    8
 71
    3
 72
   12
 73
    8
 74
    0
 42
1e-07
 43
1e-07
 40
0
 40
0
 40
0
 40
0
 40
0.3333333
 40
0.3333333
 40
0.3333333
 40
0.3333333
 40
1
 40
1
 40
1
 40
1
 10
-1.140039999999999
 20
-8.330259999999996
 30
0
 10
-1.140039999999999
 20
-8.330259999999996
 30
0
 10
-1.03549000000001
 20
-7.944999999999993
 30
0
 10
-1.03549000000001
 20
-7.944999999999993
 30
0
 10
-1.03549000000001
 20
-7.944999999999993
 30
0
 10
-1.03549000000001
 20
-7.944999999999993
 30
0
 10
-0.8184100000000001
 20
-7.938909999999993
 30
0
 10
-0.8184100000000001
 20
-7.938909999999993
 30
0
  0
SPLINE
  5
CB
100
AcDbEntity
  8
layer 1
  6
CONTINUOUS
 62
    1
370
    5
100
AcDbSpline
210
0
220
0
230
0
 70
    8
 71
    3
 72
    8
 73
    4
 74
    0
 42
1e-07
 43
1e-07
 40
0
 40
0
 40
0
 40
0
 40
1
 40
1
 40
1
 40
1
 10
-0.8184100000000001
 20
-7.938909999999993
 30
0
 10
-0.6455200000000048
 20
-7.934049999999999
 30
0
 10
-0.601300000000009
 20
-7.938819999999993
 30
0
 10
-0.601300000000009
 20
-7.962249999999997
 30
0
  0
SPLINE
  5
CC
100
AcDbEntity
  8
layer 1
  6
CONTINUOUS
 62
    1
370
    5
100
AcDbSpline
210
0
220
0
230
0
 70
    8
 71
    3
 72
   12
 73
    8
 74
    0
 42
1e-07
 43
1e-07
 40
0
 40
0
 40
0
 40
0
 40
0.3333333
 40
0.3333333
 40
0.3333333
 40
0.3333333
 40
1
 40
1
 40
1
 40
1
 10
-8.21862999999999
 20
-10.99534
 30
0
 10
-8.21862999999999
 20
-10.99534
 30
0
 10
-8.655039999999985
 20
-11.89399
 30
0
 10
-8.655039999999985
 20
-11.89399
 30
0
 10
-8.655039999999985
 20
-11.89399
 30
0
 10
-8.655039999999985
 20
-11.89399
 30
0
 10
-8.887480000000011
 20
-11.89399
 30
0
 10
-8.887480000000011
 20
-11.89399
 30
0
  0
SPLINE
  5
CD
100
AcDbEntity
  8
layer 1
  6
CONTINUOUS
 62
    1
370
    5
100
AcDbSpline
210
0
220
0
230
0
 70
    8
 71
    3
 72
   12
 73
    8
 74
    0
 42
1e-07
 43
1e-07
 40
0
 40
0
 40
0
 40
0
 40
0.3333333
 40
0.3333333
 40
0.3333333
 40
0.3333333
 40
1
 40
1
 40
1
 40
1
 10
-8.887480000000011
 20
-11.89399
 30
0
 10
-9.015340000000009
 20
-11.89399
 30
0
 10
-9.119920000000008
 20
-11.88912999999999
 30
0
 10
-9.119920000000008
 20
-11.88321999999999
 30
0
 10
-9.119920000000008
 20
-11.88321999999999
 30
0
 10
-9.119920000000008
 20
-11.87728
 30
0
 10
-8.864710000000002
 20
-11.36203
 30
0
 10
-8.55274
 20
-10.73821
 30
0
  0
SPLINE
  5
CE
100
AcDbEntity
  8
layer 1
  6
CONTINUOUS
 62
    1
370
    5
100
AcDbSpline
210
0
220
0
230
0
 70
    8
 71
    3
 72
   52
 73
   48
 74
    0
 42
1e-07
 43
1e-07
 40
0
 40
0
 40
0
 40
0
 40
0.07692309999999999
 40
0.07692309999999999
 40
0.07692309999999999
 40
0.07692309999999999
 40
0.1538462
 40
0.1538462
 40
0.1538462
 40
0.1538462
 40
0.2307692
 40
0.2307692
 40
0.2307692
 40
0.2307692
 40
0.3076923
 40
0.3076923
 40
0.3076923
 40
0.3076923
 40
0.3846154
 40
0.3846154
 40
0.3846154
 40
0.3846154
 40
0.4615385
 40
0.4615385
 40
0.4615385
 40
0.4615385
 40
0.5384614999999999
 40
0.5384614999999999
 40
0.5384614999999999
 40
0.5384614999999999
 40
0.6153845999999999
 40
0.6153845999999999
 40
0.6153845999999999
 40
0.6153845999999999
 40
0.6923077
 40
0.6923077
 40
0.6923077
 40
0.6923077
 40
0.7692308
 40
0.7692308
 40
0.7692308
 40
0.7692308
 40
0.8461538
 40
0.8461538
 40
0.8461538
 40
0.8461538
 40
1
 40
1
 40
1
 40
1
 10
-8.55274
 20
-10.73821
 30
0
 10
-8.55274
 20
-10.73821
 30
0
 10
-7.985559999999992
 20
-9.603970000000004
 30
0
 10
-7.985559999999992
 20
-9.603970000000004
 30
0
 10
-7.985559999999992
 20
-9.603970000000004
 30
0
 10
-7.985559999999992
 20
-9.603970000000004
 30
0
 10
-7.985559999999992
 20
-8.769159999999999
 30
0
 10
-7.985559999999992
 20
-8.769159999999999
 30
0
 10
-7.985559999999992
 20
-8.769159999999999
 30
0
 10
-7.985559999999992
 20
-8.769159999999999
 30
0
 10
-7.985559999999992
 20
-7.93432
 30
0
 10
-7.985559999999992
 20
-7.93432
 30
0
 10
-7.985559999999992
 20
-7.93432
 30
0
 10
-7.985559999999992
 20
-7.93432
 30
0
 10
-7.771510000000006
 20
-7.93432
 30
0
 10
-7.771510000000006
 20
-7.93432
 30
0
 10
-7.771510000000006
 20
-7.93432
 30
0
 10
-7.771510000000006
 20
-7.93432
 30
0
 10
-7.557459999999992
 20
-7.93432
 30
0
 10
-7.557459999999992
 20
-7.93432
 30
0
 10
-7.557459999999992
 20
-7.93432
 30
0
 10
-7.557459999999992
 20
-7.93432
 30
0
 10
-7.557459999999992
 20
-8.771320000000003
 30
0
 10
-7.557459999999992
 20
-8.771320000000003
 30
0
 10
-7.557459999999992
 20
-8.771320000000003
 30
0
 10
-7.557459999999992
 20
-8.771320000000003
 30
0
 10
-7.557459999999992
 20
-9.608350000000002
 30
0
 10
-7.557459999999992
 20
-9.608350000000002
 30
0
 10
-7.557459999999992
 20
-9.608350000000002
 30
0
 10
-7.557459999999992
 20
-9.608350000000002
 30
0
 10
-6.982419999999991
 20
-10.75117
 30
0
 10
-6.982419999999991
 20
-10.75117
 30
0
 10
-6.982419999999991
 20
-10.75117
 30
0
 10
-6.982419999999991
 20
-10.75117
 30
0
 10
-6.407319999999999
 20
-11.89399
 30
0
 10
-6.407319999999999
 20
-11.89399
 30
0
 10
-6.407319999999999
 20
-11.89399
 30
0
 10
-6.407319999999999
 20
-11.89399
 30
0
 10
-6.646690000000007
 20
-11.89399
 30
0
 10
-6.646690000000007
 20
-11.89399
 30
0
 10
-6.646690000000007
 20
-11.89399
 30
0
 10
-6.646690000000007
 20
-11.89399
 30
0
 10
-6.886060000000015
 20
-11.89399
 30
0
 10
-6.886060000000015
 20
-11.89399
 30
0
 10
-6.886060000000015
 20
-11.89399
 30
0
 10
-6.886060000000015
 20
-11.89399
 30
0
 10
-7.323430000000002
 20
-10.99543
 30
0
 10
-7.323430000000002
 20
-10.99543
 30
0
  0
SPLINE
  5
CF
100
AcDbEntity
  8
layer 1
  6
CONTINUOUS
 62
    1
370
    5
100
AcDbSpline
210
0
220
0
230
0
 70
    8
 71
    3
 72
   12
 73
    8
 74
    0
 42
1e-07
 43
1e-07
 40
0
 40
0
 40
0
 40
0
 40
0.3333333
 40
0.3333333
 40
0.3333333
 40
0.3333333
 40
1
 40
1
 40
1
 40
1
 10
-7.323430000000002
 20
-10.99543
 30
0
 10
-7.563999999999993
 20
-10.50117999999999
 30
0
 10
-7.765629999999987
 20
-10.09681
 30
0
 10
-7.771510000000006
 20
-10.09678
 30
0
 10
-7.771510000000006
 20
-10.09678
 30
0
 10
-7.777389999999997
 20
-10.09672
 30
0
 10
-7.9786
 20
-10.50109
 30
0
 10
-8.21862999999999
 20
-10.99534
 30
0
  0
SPLINE
  5
D0
100
AcDbEntity
  8
layer 1
  6
CONTINUOUS
 62
    1
370
    5
100
AcDbSpline
210
0
220
0
230
0
 70
    8
 71
    3
 72
   20
 73
   16
 74
    0
 42
1e-07
 43
1e-07
 40
0
 40
0
 40
0
 40
0
 40
0.2
 40
0.2
 40
0.2
 40
0.2
 40
0.4
 40
0.4
 40
0.4
 40
0.4
 40
0.6
 40
0.6
 40
0.6
 40
0.6
 40
1
 40
1
 40
1
 40
1
 10
-18.01915
 20
-9.801760000000002
 30
0
 10
-18.01915
 20
-9.801760000000002
 30
0
 10
-17.51490999999999
 20
-8.094850000000008
 30
0
 10
-17.51490999999999
 20
-8.094850000000008
 30
0
 10
-17.51490999999999
 20
-8.094850000000008
 30
0
 10
-17.51490999999999
 20
-8.094850000000008
 30
0
 10
-17.23963000000001
 20
-8.089060000000003
 30
0
 10
-17.23963000000001
 20
-8.089060000000003
 30
0
 10
-17.23963000000001
 20
-8.089060000000003
 30
0
 10
-17.23963000000001
 20
-8.089060000000003
 30
0
 10
-16.96435
 20
-8.083269999999999
 30
0
 10
-16.96435
 20
-8.083269999999999
 30
0
 10
-16.96435
 20
-8.083269999999999
 30
0
 10
-16.96435
 20
-8.083269999999999
 30
0
 10
-16.46158
 20
-9.795970000000011
 30
0
 10
-16.46158
 20
-9.795970000000011
 30
0
  0
SPLINE
  5
D1
100
AcDbEntity
  8
layer 1
  6
CONTINUOUS
 62
    1
370
    5
100
AcDbSpline
210
0
220
0
230
0
 70
    8
 71
    3
 72
   12
 73
    8
 74
    0
 42
1e-07
 43
1e-07
 40
0
 40
0
 40
0
 40
0
 40
0.3333333
 40
0.3333333
 40
0.3333333
 40
0.3333333
 40
1
 40
1
 40
1
 40
1
 10
-16.46158
 20
-9.795970000000011
 30
0
 10
-16.04176000000001
 20
-11.22607000000001
 30
0
 10
-15.95259999999999
 20
-11.5087
 30
0
 10
-15.92113000000001
 20
-11.5087
 30
0
 10
-15.92113000000001
 20
-11.5087
 30
0
 10
-15.88549
 20
-11.5087
 30
0
 10
-15.88347999999999
 20
-11.41315
 30
0
 10
-15.88347999999999
 20
-9.72148
 30
0
  0
SPLINE
  5
D2
100
AcDbEntity
  8
layer 1
  6
CONTINUOUS
 62
    1
370
    5
100
AcDbSpline
210
0
220
0
230
0
 70
    8
 71
    3
 72
   36
 73
   32
 74
    0
 42
1e-07
 43
1e-07
 40
0
 40
0
 40
0
 40
0
 40
0.1111111
 40
0.1111111
 40
0.1111111
 40
0.1111111
 40
0.2222222
 40
0.2222222
 40
0.2222222
 40
0.2222222
 40
0.3333333
 40
0.3333333
 40
0.3333333
 40
0.3333333
 40
0.4444444
 40
0.4444444
 40
0.4444444
 40
0.4444444
 40
0.5555555999999999
 40
0.5555555999999999
 40
0.5555555999999999
 40
0.5555555999999999
 40
0.6666666999999999
 40
0.6666666999999999
 40
0.6666666999999999
 40
0.6666666999999999
 40
0.7777778
 40
0.7777778
 40
0.7777778
 40
0.7777778
 40
1
 40
1
 40
1
 40
1
 10
-15.88347999999999
 20
-9.72148
 30
0
 10
-15.88347999999999
 20
-9.72148
 30
0
 10
-15.88347999999999
 20
-7.934290000000004
 30
0
 10
-15.88347999999999
 20
-7.934290000000004
 30
0
 10
-15.88347999999999
 20
-7.934290000000004
 30
0
 10
-15.88347999999999
 20
-7.934290000000004
 30
0
 10
-15.68013999999999
 20
-7.934290000000004
 30
0
 10
-15.68013999999999
 20
-7.934290000000004
 30
0
 10
-15.68013999999999
 20
-7.934290000000004
 30
0
 10
-15.68013999999999
 20
-7.934290000000004
 30
0
 10
-15.4768
 20
-7.934290000000004
 30
0
 10
-15.4768
 20
-7.934290000000004
 30
0
 10
-15.4768
 20
-7.934290000000004
 30
0
 10
-15.4768
 20
-7.934290000000004
 30
0
 10
-15.4768
 20
-9.914140000000003
 30
0
 10
-15.4768
 20
-9.914140000000003
 30
0
 10
-15.4768
 20
-9.914140000000003
 30
0
 10
-15.4768
 20
-9.914140000000003
 30
0
 10
-15.4768
 20
-11.89399
 30
0
 10
-15.4768
 20
-11.89399
 30
0
 10
-15.4768
 20
-11.89399
 30
0
 10
-15.4768
 20
-11.89399
 30
0
 10
-15.85848999999999
 20
-11.89399
 30
0
 10
-15.85848999999999
 20
-11.89399
 30
0
 10
-15.85848999999999
 20
-11.89399
 30
0
 10
-15.85848999999999
 20
-11.89399
 30
0
 10
-16.24020999999999
 20
-11.89399
 30
0
 10
-16.24020999999999
 20
-11.89399
 30
0
 10
-16.24020999999999
 20
-11.89399
 30
0
 10
-16.24020999999999
 20
-11.89399
 30
0
 10
-16.7176
 20
-10.28335
 30
0
 10
-16.7176
 20
-10.28335
 30
0
  0
SPLINE
  5
D3
100
AcDbEntity
  8
layer 1
  6
CONTINUOUS
 62
    1
370
    5
100
AcDbSpline
210
0
220
0
230
0
 70
    8
 71
    3
 72
    8
 73
    4
 74
    0
 42
1e-07
 43
1e-07
 40
0
 40
0
 40
0
 40
0
 40
1
 40
1
 40
1
 40
1
 10
-16.7176
 20
-10.28335
 30
0
 10
-16.98018999999999
 20
-9.397509999999997
 30
0
 10
-17.20462000000001
 20
-8.639020000000002
 30
0
 10
-17.21629000000001
 20
-8.597830000000002
 30
0
  0
SPLINE
  5
D4
100
AcDbEntity
  8
layer 1
  6
CONTINUOUS
 62
    1
370
    5
100
AcDbSpline
210
0
220
0
230
0
 70
    8
 71
    3
 72
   12
 73
    8
 74
    0
 42
1e-07
 43
1e-07
 40
0
 40
0
 40
0
 40
0
 40
0.3333333
 40
0.3333333
 40
0.3333333
 40
0.3333333
 40
1
 40
1
 40
1
 40
1
 10
-17.21629000000001
 20
-8.597830000000002
 30
0
 10
-17.21629000000001
 20
-8.597830000000002
 30
0
 10
-17.23756
 20
-8.522919999999999
 30
0
 10
-17.23756
 20
-8.522919999999999
 30
0
 10
-17.23756
 20
-8.522919999999999
 30
0
 10
-17.23756
 20
-8.522919999999999
 30
0
 10
-17.26348000000002
 20
-8.597830000000002
 30
0
 10
-17.26348000000002
 20
-8.597830000000002
 30
0
  0
SPLINE
  5
D5
100
AcDbEntity
  8
layer 1
  6
CONTINUOUS
 62
    1
370
    5
100
AcDbSpline
210
0
220
0
230
0
 70
    8
 71
    3
 72
    8
 73
    4
 74
    0
 42
1e-07
 43
1e-07
 40
0
 40
0
 40
0
 40
0
 40
1
 40
1
 40
1
 40
1
 10
-17.26348000000002
 20
-8.597830000000002
 30
0
 10
-17.27776
 20
-8.639020000000002
 30
0
 10
-17.50497999999999
 20
-9.397509999999997
 30
0
 10
-17.76847000000001
 20
-10.28335
 30
0
  0
SPLINE
  5
D6
100
AcDbEntity
  8
layer 1
  6
CONTINUOUS
 62
    1
370
    5
100
AcDbSpline
210
0
220
0
230
0
 70
    8
 71
    3
 72
   36
 73
   32
 74
    0
 42
1e-07
 43
1e-07
 40
0
 40
0
 40
0
 40
0
 40
0.1111111
 40
0.1111111
 40
0.1111111
 40
0.1111111
 40
0.2222222
 40
0.2222222
 40
0.2222222
 40
0.2222222
 40
0.3333333
 40
0.3333333
 40
0.3333333
 40
0.3333333
 40
0.4444444
 40
0.4444444
 40
0.4444444
 40
0.4444444
 40
0.5555555999999999
 40
0.5555555999999999
 40
0.5555555999999999
 40
0.5555555999999999
 40
0.6666666999999999
 40
0.6666666999999999
 40
0.6666666999999999
 40
0.6666666999999999
 40
0.7777778
 40
0.7777778
 40
0.7777778
 40
0.7777778
 40
1
 40
1
 40
1
 40
1
 10
-17.76847000000001
 20
-10.28335
 30
0
 10
-17.76847000000001
 20
-10.28335
 30
0
 10
-18.24751000000001
 20
-11.89399
 30
0
 10
-18.24751000000001
 20
-11.89399
 30
0
 10
-18.24751000000001
 20
-11.89399
 30
0
 10
-18.24751000000001
 20
-11.89399
 30
0
 10
-18.62797
 20
-11.89399
 30
0
 10
-18.62797
 20
-11.89399
 30
0
 10
-18.62797
 20
-11.89399
 30
0
 10
-18.62797
 20
-11.89399
 30
0
 10
-19.00839999999999
 20
-11.89399
 30
0
 10
-19.00839999999999
 20
-11.89399
 30
0
 10
-19.00839999999999
 20
-11.89399
 30
0
 10
-19.00839999999999
 20
-11.89399
 30
0
 10
-19.00839999999999
 20
-9.914140000000003
 30
0
 10
-19.00839999999999
 20
-9.914140000000003
 30
0
 10
-19.00839999999999
 20
-9.914140000000003
 30
0
 10
-19.00839999999999
 20
-9.914140000000003
 30
0
 10
-19.00839999999999
 20
-7.93432
 30
0
 10
-19.00839999999999
 20
-7.93432
 30
0
 10
-19.00839999999999
 20
-7.93432
 30
0
 10
-19.00839999999999
 20
-7.93432
 30
0
 10
-18.80506
 20
-7.93432
 30
0
 10
-18.80506
 20
-7.93432
 30
0
 10
-18.80506
 20
-7.93432
 30
0
 10
-18.80506
 20
-7.93432
 30
0
 10
-18.60172
 20
-7.93432
 30
0
 10
-18.60172
 20
-7.93432
 30
0
 10
-18.60172
 20
-7.93432
 30
0
 10
-18.60172
 20
-7.93432
 30
0
 10
-18.60172
 20
-9.721510000000009
 30
0
 10
-18.60172
 20
-9.721510000000009
 30
0
  0
SPLINE
  5
D7
100
AcDbEntity
  8
layer 1
  6
CONTINUOUS
 62
    1
370
    5
100
AcDbSpline
210
0
220
0
230
0
 70
    8
 71
    3
 72
   12
 73
    8
 74
    0
 42
1e-07
 43
1e-07
 40
0
 40
0
 40
0
 40
0
 40
0.3333333
 40
0.3333333
 40
0.3333333
 40
0.3333333
 40
1
 40
1
 40
1
 40
1
 10
-18.60172
 20
-9.721510000000009
 30
0
 10
-18.60172
 20
-11.43928
 30
0
 10
-18.60022000000001
 20
-11.50873
 30
0
 10
-18.56254000000001
 20
-11.50873
 30
0
 10
-18.56254000000001
 20
-11.50873
 30
0
 10
-18.52912000000001
 20
-11.50873
 30
0
 10
-18.44935000000001
 20
-11.25811
 30
0
 10
-18.01915
 20
-9.801760000000002
 30
0
  0
SPLINE
  5
D8
100
AcDbEntity
  8
layer 1
  6
CONTINUOUS
 62
    1
370
    5
100
AcDbSpline
210
0
220
0
230
0
 70
    8
 71
    3
 72
    8
 73
    4
 74
    0
 42
1e-07
 43
1e-07
 40
0
 40
0
 40
0
 40
0
 40
1
 40
1
 40
1
 40
1
 10
-19.32946000000001
 20
-13.79128
 30
0
 10
-19.32946000000001
 20
-13.79128
 30
0
 10
-19.32946000000001
 20
-13.79131
 30
0
 10
-19.32946000000001
 20
-13.79131
 30
0
  0
SPLINE
  5
D9
100
AcDbEntity
  8
layer 1
  6
CONTINUOUS
 62
    1
370
    5
100
AcDbSpline
210
0
220
0
230
0
 70
    8
 71
    3
 72
   44
 73
   40
 74
    0
 42
1e-07
 43
1e-07
 40
0
 40
0
 40
0
 40
0
 40
0.09090909999999999
 40
0.09090909999999999
 40
0.09090909999999999
 40
0.09090909999999999
 40
0.1818182
 40
0.1818182
 40
0.1818182
 40
0.1818182
 40
0.2727273
 40
0.2727273
 40
0.2727273
 40
0.2727273
 40
0.3636364
 40
0.3636364
 40
0.3636364
 40
0.3636364
 40
0.4545455
 40
0.4545455
 40
0.4545455
 40
0.4545455
 40
0.5454545
 40
0.5454545
 40
0.5454545
 40
0.5454545
 40
0.6363635999999999
 40
0.6363635999999999
 40
0.6363635999999999
 40
0.6363635999999999
 40
0.7272727
 40
0.7272727
 40
0.7272727
 40
0.7272727
 40
0.8181818
 40
0.8181818
 40
0.8181818
 40
0.8181818
 40
1
 40
1
 40
1
 40
1
 10
-19.32946000000001
 20
-13.79131
 30
0
 10
-19.18903
 20
-13.80184
 30
0
 10
-18.50887
 20
-13.88370999999999
 30
0
 10
-18.50518
 20
-13.89049
 30
0
 10
-18.50518
 20
-13.89049
 30
0
 10
-18.49710999999999
 20
-13.90531
 30
0
 10
-18.52897000000002
 20
-14.22559000000001
 30
0
 10
-18.53959
 20
-14.23617999999999
 30
0
 10
-18.53959
 20
-14.23617999999999
 30
0
 10
-18.54658000000001
 20
-14.2432
 30
0
 10
-18.71514999999999
 20
-14.23390000000001
 30
0
 10
-18.91414
 20
-14.21563
 30
0
 10
-18.91414
 20
-14.21563
 30
0
 10
-19.73416
 20
-14.14015000000001
 30
0
 10
-19.97386
 20
-14.16673
 30
0
 10
-20.16601
 20
-14.35444
 30
0
 10
-20.16601
 20
-14.35444
 30
0
 10
-20.30934999999999
 20
-14.49448000000001
 30
0
 10
-20.36296000000002
 20
-14.64712
 30
0
 10
-20.36554000000001
 20
-14.92261000000001
 30
0
 10
-20.36554000000001
 20
-14.92261000000001
 30
0
 10
-20.36679999999998
 20
-15.05425
 30
0
 10
-20.35624000000001
 20
-15.16861
 30
0
 10
-20.33817999999999
 20
-15.2197
 30
0
 10
-20.33817999999999
 20
-15.2197
 30
0
 10
-20.26428999999999
 20
-15.42889
 30
0
 10
-20.04163
 20
-15.56820999999999
 30
0
 10
-19.61841999999999
 20
-15.67005999999999
 30
0
 10
-19.61841999999999
 20
-15.67005999999999
 30
0
 10
-18.72619
 20
-15.8848
 30
0
 10
-18.45085
 20
-16.14487
 30
0
 10
-18.45229
 20
-16.77160000000001
 30
0
 10
-18.45229
 20
-16.77160000000001
 30
0
 10
-18.45328000000001
 20
-17.23141
 30
0
 10
-18.63382000000001
 20
-17.55865
 30
0
 10
-18.97423000000001
 20
-17.71795
 30
0
 10
-18.97423000000001
 20
-17.71795
 30
0
 10
-19.29723999999999
 20
-17.86912
 30
0
 10
-19.73266000000001
 20
-17.88325
 30
0
 10
-20.49088
 20
-17.76724
 30
0
  0
SPLINE
  5
DA
100
AcDbEntity
  8
layer 1
  6
CONTINUOUS
 62
    1
370
    5
100
AcDbSpline
210
0
220
0
230
0
 70
    8
 71
    3
 72
   12
 73
    8
 74
    0
 42
1e-07
 43
1e-07
 40
0
 40
0
 40
0
 40
0
 40
0.3333333
 40
0.3333333
 40
0.3333333
 40
0.3333333
 40
1
 40
1
 40
1
 40
1
 10
-20.49088
 20
-17.76724
 30
0
 10
-20.49088
 20
-17.76724
 30
0
 10
-20.72125
 20
-17.73199
 30
0
 10
-20.72125
 20
-17.73199
 30
0
 10
-20.72125
 20
-17.73199
 30
0
 10
-20.72125
 20
-17.73199
 30
0
 10
-20.70733000000001
 20
-17.55798999999999
 30
0
 10
-20.70733000000001
 20
-17.55798999999999
 30
0
  0
SPLINE
  5
DB
100
AcDbEntity
  8
layer 1
  6
CONTINUOUS
 62
    1
370
    5
100
AcDbSpline
210
0
220
0
230
0
 70
    8
 71
    3
 72
   48
 73
   44
 74
    0
 42
1e-07
 43
1e-07
 40
0
 40
0
 40
0
 40
0
 40
0.0833333
 40
0.0833333
 40
0.0833333
 40
0.0833333
 40
0.1666667
 40
0.1666667
 40
0.1666667
 40
0.1666667
 40
0.25
 40
0.25
 40
0.25
 40
0.25
 40
0.3333333
 40
0.3333333
 40
0.3333333
 40
0.3333333
 40
0.4166667
 40
0.4166667
 40
0.4166667
 40
0.4166667
 40
0.5
 40
0.5
 40
0.5
 40
0.5
 40
0.5833332999999999
 40
0.5833332999999999
 40
0.5833332999999999
 40
0.5833332999999999
 40
0.6666666999999999
 40
0.6666666999999999
 40
0.6666666999999999
 40
0.6666666999999999
 40
0.75
 40
0.75
 40
0.75
 40
0.75
 40
0.8333332999999999
 40
0.8333332999999999
 40
0.8333332999999999
 40
0.8333332999999999
 40
1
 40
1
 40
1
 40
1
 10
-20.70733000000001
 20
-17.55798999999999
 30
0
 10
-20.69968
 20
-17.46231999999999
 30
0
 10
-20.69230000000002
 20
-17.38254999999999
 30
0
 10
-20.69101000000001
 20
-17.38075000000001
 30
0
 10
-20.69101000000001
 20
-17.38075000000001
 30
0
 10
-20.68975
 20
-17.37898
 30
0
 10
-20.56819000000002
 20
-17.39176
 30
0
 10
-20.42104
 20
-17.40916
 30
0
 10
-20.42104
 20
-17.40916
 30
0
 10
-20.27388999999999
 20
-17.42659
 30
0
 10
-19.98492999999999
 20
-17.44243
 30
0
 10
-19.77895000000001
 20
-17.44435
 30
0
 10
-19.77895000000001
 20
-17.44435
 30
0
 10
-19.43026
 20
-17.44765
 30
0
 10
-19.39549
 20
-17.44435
 30
0
 10
-19.27593999999999
 20
-17.39698
 30
0
 10
-19.27593999999999
 20
-17.39698
 30
0
 10
-19.1173
 20
-17.33410000000001
 30
0
 10
-18.98611
 20
-17.20507000000001
 30
0
 10
-18.94648000000001
 20
-17.07289
 30
0
 10
-18.94648000000001
 20
-17.07289
 30
0
 10
-18.87430000000001
 20
-16.83223
 30
0
 10
-18.89953
 20
-16.56385
 30
0
 10
-19.00848999999999
 20
-16.41343000000001
 30
0
 10
-19.00848999999999
 20
-16.41343000000001
 30
0
 10
-19.09632999999999
 20
-16.29217
 30
0
 10
-19.30945
 20
-16.19494
 30
0
 10
-19.74681999999999
 20
-16.07659
 30
0
 10
-19.74681999999999
 20
-16.07659
 30
0
 10
-20.34949
 20
-15.91347999999999
 30
0
 10
-20.58886000000001
 20
-15.77251
 30
0
 10
-20.72056000000001
 20
-15.50311000000001
 30
0
 10
-20.72056000000001
 20
-15.50311000000001
 30
0
 10
-20.86372
 20
-15.21019
 30
0
 10
-20.85381999999998
 20
-14.68387
 30
0
 10
-20.69865999999999
 20
-14.34036999999999
 30
0
 10
-20.69865999999999
 20
-14.34036999999999
 30
0
 10
-20.58661000000001
 20
-14.09233
 30
0
 10
-20.35807
 20
-13.90825
 30
0
 10
-20.06613999999999
 20
-13.83087999999999
 30
0
 10
-20.06613999999999
 20
-13.83087999999999
 30
0
 10
-19.93681000000001
 20
-13.79661999999999
 30
0
 10
-19.54125999999999
 20
-13.77535
 30
0
 10
-19.32946000000001
 20
-13.79131
 30
0
  0
SPLINE
  5
DC
100
AcDbEntity
  8
layer 1
  6
CONTINUOUS
 62
    1
370
    5
100
AcDbSpline
210
0
220
0
230
0
 70
    8
 71
    3
 72
    8
 73
    4
 74
    0
 42
1e-07
 43
1e-07
 40
0
 40
0
 40
0
 40
0
 40
1
 40
1
 40
1
 40
1
 10
-19.32946000000001
 20
-13.79131
 30
0
 10
-19.32946000000001
 20
-13.79131
 30
0
 10
-19.32946000000001
 20
-13.79128
 30
0
 10
-19.32946000000001
 20
-13.79128
 30
0
  0
SPLINE
  5
DD
100
AcDbEntity
  8
layer 1
  6
CONTINUOUS
 62
    1
370
    5
100
AcDbSpline
210
0
220
0
230
0
 70
    8
 71
    3
 72
   20
 73
   16
 74
    0
 42
1e-07
 43
1e-07
 40
0
 40
0
 40
0
 40
0
 40
0.2
 40
0.2
 40
0.2
 40
0.2
 40
0.4
 40
0.4
 40
0.4
 40
0.4
 40
0.6
 40
0.6
 40
0.6
 40
0.6
 40
1
 40
1
 40
1
 40
1
 10
-2.899329999999992
 20
-14.0932
 30
0
 10
-2.899329999999992
 20
-14.0932
 30
0
 10
-2.866630000000015
 20
-13.99153
 30
0
 10
-2.866630000000015
 20
-13.99153
 30
0
 10
-2.866630000000015
 20
-13.99153
 30
0
 10
-2.866630000000015
 20
-13.99153
 30
0
 10
-2.591139999999996
 20
-13.99153
 30
0
 10
-2.591139999999996
 20
-13.99153
 30
0
 10
-2.591139999999996
 20
-13.99153
 30
0
 10
-2.591139999999996
 20
-13.99153
 30
0
 10
-2.315619999999996
 20
-13.99153
 30
0
 10
-2.315619999999996
 20
-13.99153
 30
0
 10
-2.315619999999996
 20
-13.99153
 30
0
 10
-2.315619999999996
 20
-13.99153
 30
0
 10
-2.276139999999998
 20
-14.1253
 30
0
 10
-2.276139999999998
 20
-14.1253
 30
0
  0
SPLINE
  5
DE
100
AcDbEntity
  8
layer 1
  6
CONTINUOUS
 62
    1
370
    5
100
AcDbSpline
210
0
220
0
230
0
 70
    8
 71
    3
 72
   12
 73
    8
 74
    0
 42
1e-07
 43
1e-07
 40
0
 40
0
 40
0
 40
0
 40
0.3333333
 40
0.3333333
 40
0.3333333
 40
0.3333333
 40
1
 40
1
 40
1
 40
1
 10
-2.276139999999998
 20
-14.1253
 30
0
 10
-2.25442000000001
 20
-14.19889000000001
 30
0
 10
-2.030020000000007
 20
-14.96446
 30
0
 10
-1.777479999999997
 20
-15.8266
 30
0
 10
-1.777479999999997
 20
-15.8266
 30
0
 10
-1.345689999999991
 20
-17.30074
 30
0
 10
-1.315449999999998
 20
-17.39416
 30
0
 10
-1.270180000000011
 20
-17.39443
 30
0
  0
SPLINE
  5
DF
100
AcDbEntity
  8
layer 1
  6
CONTINUOUS
 62
    1
370
    5
100
AcDbSpline
210
0
220
0
230
0
 70
    8
 71
    3
 72
   44
 73
   40
 74
    0
 42
1e-07
 43
1e-07
 40
0
 40
0
 40
0
 40
0
 40
0.09090909999999999
 40
0.09090909999999999
 40
0.09090909999999999
 40
0.09090909999999999
 40
0.1818182
 40
0.1818182
 40
0.1818182
 40
0.1818182
 40
0.2727273
 40
0.2727273
 40
0.2727273
 40
0.2727273
 40
0.3636364
 40
0.3636364
 40
0.3636364
 40
0.3636364
 40
0.4545455
 40
0.4545455
 40
0.4545455
 40
0.4545455
 40
0.5454545
 40
0.5454545
 40
0.5454545
 40
0.5454545
 40
0.6363635999999999
 40
0.6363635999999999
 40
0.6363635999999999
 40
0.6363635999999999
 40
0.7272727
 40
0.7272727
 40
0.7272727
 40
0.7272727
 40
0.8181818
 40
0.8181818
 40
0.8181818
 40
0.8181818
 40
1
 40
1
 40
1
 40
1
 10
-1.270180000000011
 20
-17.39443
 30
0
 10
-1.270180000000011
 20
-17.39443
 30
0
 10
-1.222000000000008
 20
-17.39466999999999
 30
0
 10
-1.222000000000008
 20
-17.39466999999999
 30
0
 10
-1.222000000000008
 20
-17.39466999999999
 30
0
 10
-1.222000000000008
 20
-17.39466999999999
 30
0
 10
-1.222000000000008
 20
-15.61819
 30
0
 10
-1.222000000000008
 20
-15.61819
 30
0
 10
-1.222000000000008
 20
-15.61819
 30
0
 10
-1.222000000000008
 20
-15.61819
 30
0
 10
-1.222000000000008
 20
-13.84168
 30
0
 10
-1.222000000000008
 20
-13.84168
 30
0
 10
-1.222000000000008
 20
-13.84168
 30
0
 10
-1.222000000000008
 20
-13.84168
 30
0
 10
-1.018689999999992
 20
-13.84168
 30
0
 10
-1.018689999999992
 20
-13.84168
 30
0
 10
-1.018689999999992
 20
-13.84168
 30
0
 10
-1.018689999999992
 20
-13.84168
 30
0
 10
-0.8153499999999951
 20
-13.84168
 30
0
 10
-0.8153499999999951
 20
-13.84168
 30
0
 10
-0.8153499999999951
 20
-13.84168
 30
0
 10
-0.8153499999999951
 20
-13.84168
 30
0
 10
-0.8153499999999951
 20
-15.81085
 30
0
 10
-0.8153499999999951
 20
-15.81085
 30
0
 10
-0.8153499999999951
 20
-15.81085
 30
0
 10
-0.8153499999999951
 20
-15.81085
 30
0
 10
-0.8153499999999951
 20
-17.77999
 30
0
 10
-0.8153499999999951
 20
-17.77999
 30
0
 10
-0.8153499999999951
 20
-17.77999
 30
0
 10
-0.8153499999999951
 20
-17.77999
 30
0
 10
-1.206310000000002
 20
-17.77999
 30
0
 10
-1.206310000000002
 20
-17.77999
 30
0
 10
-1.206310000000002
 20
-17.77999
 30
0
 10
-1.206310000000002
 20
-17.77999
 30
0
 10
-1.597270000000009
 20
-17.77999
 30
0
 10
-1.597270000000009
 20
-17.77999
 30
0
 10
-1.597270000000009
 20
-17.77999
 30
0
 10
-1.597270000000009
 20
-17.77999
 30
0
 10
-2.086240000000004
 20
-16.12654000000001
 30
0
 10
-2.086240000000004
 20
-16.12654000000001
 30
0
  0
SPLINE
  5
E0
100
AcDbEntity
  8
layer 1
  6
CONTINUOUS
 62
    1
370
    5
100
AcDbSpline
210
0
220
0
230
0
 70
    8
 71
    3
 72
   16
 73
   12
 74
    0
 42
1e-07
 43
1e-07
 40
0
 40
0
 40
0
 40
0
 40
0.25
 40
0.25
 40
0.25
 40
0.25
 40
0.5
 40
0.5
 40
0.5
 40
0.5
 40
1
 40
1
 40
1
 40
1
 10
-2.086240000000004
 20
-16.12654000000001
 30
0
 10
-2.355189999999993
 20
-15.21715
 30
0
 10
-2.58193
 20
-14.4658
 30
0
 10
-2.590180000000004
 20
-14.45686000000001
 30
0
 10
-2.590180000000004
 20
-14.45686000000001
 30
0
 10
-2.598369999999989
 20
-14.44792
 30
0
 10
-2.81092000000001
 20
-15.13177
 30
0
 10
-3.06246999999999
 20
-15.97650999999999
 30
0
 10
-3.06246999999999
 20
-15.97650999999999
 30
0
 10
-3.314019999999999
 20
-16.82128
 30
0
 10
-3.537849999999992
 20
-17.57263
 30
0
 10
-3.559840000000008
 20
-17.64619
 30
0
  0
SPLINE
  5
E1
100
AcDbEntity
  8
layer 1
  6
CONTINUOUS
 62
    1
370
    5
100
AcDbSpline
210
0
220
0
230
0
 70
    8
 71
    3
 72
   36
 73
   32
 74
    0
 42
1e-07
 43
1e-07
 40
0
 40
0
 40
0
 40
0
 40
0.1111111
 40
0.1111111
 40
0.1111111
 40
0.1111111
 40
0.2222222
 40
0.2222222
 40
0.2222222
 40
0.2222222
 40
0.3333333
 40
0.3333333
 40
0.3333333
 40
0.3333333
 40
0.4444444
 40
0.4444444
 40
0.4444444
 40
0.4444444
 40
0.5555555999999999
 40
0.5555555999999999
 40
0.5555555999999999
 40
0.5555555999999999
 40
0.6666666999999999
 40
0.6666666999999999
 40
0.6666666999999999
 40
0.6666666999999999
 40
0.7777778
 40
0.7777778
 40
0.7777778
 40
0.7777778
 40
1
 40
1
 40
1
 40
1
 10
-3.559840000000008
 20
-17.64619
 30
0
 10
-3.559840000000008
 20
-17.64619
 30
0
 10
-3.599829999999997
 20
-17.77999
 30
0
 10
-3.599829999999997
 20
-17.77999
 30
0
 10
-3.599829999999997
 20
-17.77999
 30
0
 10
-3.599829999999997
 20
-17.77999
 30
0
 10
-3.984100000000012
 20
-17.77999
 30
0
 10
-3.984100000000012
 20
-17.77999
 30
0
 10
-3.984100000000012
 20
-17.77999
 30
0
 10
-3.984100000000012
 20
-17.77999
 30
0
 10
-4.368339999999989
 20
-17.77999
 30
0
 10
-4.368339999999989
 20
-17.77999
 30
0
 10
-4.368339999999989
 20
-17.77999
 30
0
 10
-4.368339999999989
 20
-17.77999
 30
0
 10
-4.368339999999989
 20
-15.81085
 30
0
 10
-4.368339999999989
 20
-15.81085
 30
0
 10
-4.368339999999989
 20
-15.81085
 30
0
 10
-4.368339999999989
 20
-15.81085
 30
0
 10
-4.368339999999989
 20
-13.84171000000001
 30
0
 10
-4.368339999999989
 20
-13.84171000000001
 30
0
 10
-4.368339999999989
 20
-13.84171000000001
 30
0
 10
-4.368339999999989
 20
-13.84171000000001
 30
0
 10
-4.164999999999992
 20
-13.84171000000001
 30
0
 10
-4.164999999999992
 20
-13.84171000000001
 30
0
 10
-4.164999999999992
 20
-13.84171000000001
 30
0
 10
-4.164999999999992
 20
-13.84171000000001
 30
0
 10
-3.961659999999995
 20
-13.84171000000001
 30
0
 10
-3.961659999999995
 20
-13.84171000000001
 30
0
 10
-3.961659999999995
 20
-13.84171000000001
 30
0
 10
-3.961659999999995
 20
-13.84171000000001
 30
0
 10
-3.961659999999995
 20
-15.61821999999999
 30
0
 10
-3.961659999999995
 20
-15.61821999999999
 30
0
  0
SPLINE
  5
E2
100
AcDbEntity
  8
layer 1
  6
CONTINUOUS
 62
    1
370
    5
100
AcDbSpline
210
0
220
0
230
0
 70
    8
 71
    3
 72
   16
 73
   12
 74
    0
 42
1e-07
 43
1e-07
 40
0
 40
0
 40
0
 40
0
 40
0.25
 40
0.25
 40
0.25
 40
0.25
 40
0.5
 40
0.5
 40
0.5
 40
0.5
 40
1
 40
1
 40
1
 40
1
 10
-3.961659999999995
 20
-15.61821999999999
 30
0
 10
-3.961659999999995
 20
-17.35563999999999
 30
0
 10
-3.960640000000012
 20
-17.3947
 30
0
 10
-3.920590000000004
 20
-17.3947
 30
0
 10
-3.920590000000004
 20
-17.3947
 30
0
 10
-3.869889999999998
 20
-17.3947
 30
0
 10
-3.914980000000014
 20
-17.53477000000001
 30
0
 10
-3.37294
 20
-15.69313
 30
0
 10
-3.37294
 20
-15.69313
 30
0
 10
-3.130420000000015
 20
-14.86909
 30
0
 10
-2.917300000000012
 20
-14.14912
 30
0
 10
-2.899329999999992
 20
-14.0932
 30
0
  0
SPLINE
  5
E3
100
AcDbEntity
  8
layer 1
  6
CONTINUOUS
 62
    1
370
    5
100
AcDbSpline
210
0
220
0
230
0
 70
    8
 71
    3
 72
   52
 73
   48
 74
    0
 42
1e-07
 43
1e-07
 40
0
 40
0
 40
0
 40
0
 40
0.07692309999999999
 40
0.07692309999999999
 40
0.07692309999999999
 40
0.07692309999999999
 40
0.1538462
 40
0.1538462
 40
0.1538462
 40
0.1538462
 40
0.2307692
 40
0.2307692
 40
0.2307692
 40
0.2307692
 40
0.3076923
 40
0.3076923
 40
0.3076923
 40
0.3076923
 40
0.3846154
 40
0.3846154
 40
0.3846154
 40
0.3846154
 40
0.4615385
 40
0.4615385
 40
0.4615385
 40
0.4615385
 40
0.5384614999999999
 40
0.5384614999999999
 40
0.5384614999999999
 40
0.5384614999999999
 40
0.6153845999999999
 40
0.6153845999999999
 40
0.6153845999999999
 40
0.6153845999999999
 40
0.6923077
 40
0.6923077
 40
0.6923077
 40
0.6923077
 40
0.7692308
 40
0.7692308
 40
0.7692308
 40
0.7692308
 40
0.8461538
 40
0.8461538
 40
0.8461538
 40
0.8461538
 40
1
 40
1
 40
1
 40
1
 10
-8.841700000000003
 20
-15.96102999999999
 30
0
 10
-8.841700000000003
 20
-15.96102999999999
 30
0
 10
-8.841700000000003
 20
-16.87051
 30
0
 10
-8.841700000000003
 20
-16.87051
 30
0
 10
-8.841700000000003
 20
-16.87051
 30
0
 10
-8.841700000000003
 20
-16.87051
 30
0
 10
-8.841700000000003
 20
-17.77999
 30
0
 10
-8.841700000000003
 20
-17.77999
 30
0
 10
-8.841700000000003
 20
-17.77999
 30
0
 10
-8.841700000000003
 20
-17.77999
 30
0
 10
-8.627649999999988
 20
-17.77999
 30
0
 10
-8.627649999999988
 20
-17.77999
 30
0
 10
-8.627649999999988
 20
-17.77999
 30
0
 10
-8.627649999999988
 20
-17.77999
 30
0
 10
-8.413630000000012
 20
-17.77999
 30
0
 10
-8.413630000000012
 20
-17.77999
 30
0
 10
-8.413630000000012
 20
-17.77999
 30
0
 10
-8.413630000000012
 20
-17.77999
 30
0
 10
-8.413630000000012
 20
-15.81085
 30
0
 10
-8.413630000000012
 20
-15.81085
 30
0
 10
-8.413630000000012
 20
-15.81085
 30
0
 10
-8.413630000000012
 20
-15.81085
 30
0
 10
-8.413630000000012
 20
-15.81090999999999
 30
0
 10
-8.413630000000012
 20
-15.81090999999999
 30
0
 10
-8.413630000000012
 20
-15.81090999999999
 30
0
 10
-8.413630000000012
 20
-15.81090999999999
 30
0
 10
-8.413630000000012
 20
-13.84177
 30
0
 10
-8.413630000000012
 20
-13.84177
 30
0
 10
-8.413630000000012
 20
-13.84177
 30
0
 10
-8.413630000000012
 20
-13.84177
 30
0
 10
-8.627649999999988
 20
-13.84177
 30
0
 10
-8.627649999999988
 20
-13.84177
 30
0
 10
-8.627649999999988
 20
-13.84177
 30
0
 10
-8.627649999999988
 20
-13.84177
 30
0
 10
-8.841700000000003
 20
-13.84177
 30
0
 10
-8.841700000000003
 20
-13.84177
 30
0
 10
-8.841700000000003
 20
-13.84177
 30
0
 10
-8.841700000000003
 20
-13.84177
 30
0
 10
-8.841700000000003
 20
-14.7067
 30
0
 10
-8.841700000000003
 20
-14.7067
 30
0
 10
-8.841700000000003
 20
-14.7067
 30
0
 10
-8.841700000000003
 20
-14.7067
 30
0
 10
-8.841700000000003
 20
-15.57163
 30
0
 10
-8.841700000000003
 20
-15.57163
 30
0
 10
-8.841700000000003
 20
-15.57163
 30
0
 10
-8.841700000000003
 20
-15.57163
 30
0
 10
-9.018280000000004
 20
-15.58602999999999
 30
0
 10
-9.018280000000004
 20
-15.58602999999999
 30
0
  0
SPLINE
  5
E4
100
AcDbEntity
  8
layer 1
  6
CONTINUOUS
 62
    1
370
    5
100
AcDbSpline
210
0
220
0
230
0
 70
    8
 71
    3
 72
    8
 73
    4
 74
    0
 42
1e-07
 43
1e-07
 40
0
 40
0
 40
0
 40
0
 40
1
 40
1
 40
1
 40
1
 10
-9.018280000000004
 20
-15.58602999999999
 30
0
 10
-9.115389999999991
 20
-15.59407
 30
0
 10
-9.23778999999999
 20
-15.59725
 30
0
 10
-9.290289999999999
 20
-15.59332000000001
 30
0
  0
SPLINE
  5
E5
100
AcDbEntity
  8
layer 1
  6
CONTINUOUS
 62
    1
370
    5
100
AcDbSpline
210
0
220
0
230
0
 70
    8
 71
    3
 72
   20
 73
   16
 74
    0
 42
1e-07
 43
1e-07
 40
0
 40
0
 40
0
 40
0
 40
0.2
 40
0.2
 40
0.2
 40
0.2
 40
0.4
 40
0.4
 40
0.4
 40
0.4
 40
0.6
 40
0.6
 40
0.6
 40
0.6
 40
1
 40
1
 40
1
 40
1
 10
-9.290289999999999
 20
-15.59332000000001
 30
0
 10
-9.290289999999999
 20
-15.59332000000001
 30
0
 10
-9.385719999999992
 20
-15.58618
 30
0
 10
-9.385719999999992
 20
-15.58618
 30
0
 10
-9.385719999999992
 20
-15.58618
 30
0
 10
-9.385719999999992
 20
-15.58618
 30
0
 10
-9.887140000000016
 20
-14.71399
 30
0
 10
-9.887140000000016
 20
-14.71399
 30
0
 10
-9.887140000000016
 20
-14.71399
 30
0
 10
-9.887140000000016
 20
-14.71399
 30
0
 10
-10.38858999999999
 20
-13.84179999999999
 30
0
 10
-10.38858999999999
 20
-13.84179999999999
 30
0
 10
-10.38858999999999
 20
-13.84179999999999
 30
0
 10
-10.38858999999999
 20
-13.84179999999999
 30
0
 10
-10.63183000000001
 20
-13.84179999999999
 30
0
 10
-10.63183000000001
 20
-13.84179999999999
 30
0
  0
SPLINE
  5
E6
100
AcDbEntity
  8
layer 1
  6
CONTINUOUS
 62
    1
370
    5
100
AcDbSpline
210
0
220
0
230
0
 70
    8
 71
    3
 72
   28
 73
   24
 74
    0
 42
1e-07
 43
1e-07
 40
0
 40
0
 40
0
 40
0
 40
0.1428571
 40
0.1428571
 40
0.1428571
 40
0.1428571
 40
0.2857143
 40
0.2857143
 40
0.2857143
 40
0.2857143
 40
0.4285714
 40
0.4285714
 40
0.4285714
 40
0.4285714
 40
0.5714286
 40
0.5714286
 40
0.5714286
 40
0.5714286
 40
0.7142856999999999
 40
0.7142856999999999
 40
0.7142856999999999
 40
0.7142856999999999
 40
1
 40
1
 40
1
 40
1
 10
-10.63183000000001
 20
-13.84179999999999
 30
0
 10
-10.76557
 20
-13.84179999999999
 30
0
 10
-10.87504000000001
 20
-13.84609
 30
0
 10
-10.87504000000001
 20
-13.85134000000001
 30
0
 10
-10.87504000000001
 20
-13.85134000000001
 30
0
 10
-10.87504000000001
 20
-13.85659
 30
0
 10
-10.62853000000001
 20
-14.29635999999999
 30
0
 10
-10.32727
 20
-14.82859000000001
 30
0
 10
-10.32727
 20
-14.82859000000001
 30
0
 10
-10.02598
 20
-15.36085
 30
0
 10
-9.775180000000006
 20
-15.80754999999999
 30
0
 10
-9.769929999999988
 20
-15.82126
 30
0
 10
-9.769929999999988
 20
-15.82126
 30
0
 10
-9.764649999999989
 20
-15.83499999999999
 30
0
 10
-9.996700000000004
 20
-16.27819
 30
0
 10
-10.28557000000001
 20
-16.80619
 30
0
 10
-10.28557000000001
 20
-16.80619
 30
0
 10
-10.57446999999999
 20
-17.33416
 30
0
 10
-10.81081
 20
-17.76957999999999
 30
0
 10
-10.81081
 20
-17.77378
 30
0
 10
-10.81081
 20
-17.77378
 30
0
 10
-10.81081
 20
-17.77789
 30
0
 10
-10.69936000000001
 20
-17.77861
 30
0
 10
-10.56309999999999
 20
-17.77530999999999
 30
0
  0
SPLINE
  5
E7
100
AcDbEntity
  8
layer 1
  6
CONTINUOUS
 62
    1
370
    5
100
AcDbSpline
210
0
220
0
230
0
 70
    8
 71
    3
 72
    8
 73
    4
 74
    0
 42
1e-07
 43
1e-07
 40
0
 40
0
 40
0
 40
0
 40
1
 40
1
 40
1
 40
1
 10
-10.56309999999999
 20
-17.77530999999999
 30
0
 10
-10.56309999999999
 20
-17.77530999999999
 30
0
 10
-10.31541999999999
 20
-17.76928000000001
 30
0
 10
-10.31541999999999
 20
-17.76928000000001
 30
0
  0
SPLINE
  5
E8
100
AcDbEntity
  8
layer 1
  6
CONTINUOUS
 62
    1
370
    5
100
AcDbSpline
210
0
220
0
230
0
 70
    8
 71
    3
 72
    8
 73
    4
 74
    0
 42
1e-07
 43
1e-07
 40
0
 40
0
 40
0
 40
0
 40
1
 40
1
 40
1
 40
1
 10
-10.31541999999999
 20
-17.76928000000001
 30
0
 10
-10.00176999999999
 20
-17.17792
 30
0
 10
-9.688119999999998
 20
-16.58659
 30
0
 10
-9.374470000000002
 20
-15.99523000000001
 30
0
  0
SPLINE
  5
E9
100
AcDbEntity
  8
layer 1
  6
CONTINUOUS
 62
    1
370
    5
100
AcDbSpline
210
0
220
0
230
0
 70
    8
 71
    3
 72
   12
 73
    8
 74
    0
 42
1e-07
 43
1e-07
 40
0
 40
0
 40
0
 40
0
 40
0.3333333
 40
0.3333333
 40
0.3333333
 40
0.3333333
 40
1
 40
1
 40
1
 40
1
 10
-9.374470000000002
 20
-15.99523000000001
 30
0
 10
-9.374470000000002
 20
-15.99523000000001
 30
0
 10
-9.10390000000001
 20
-15.97453
 30
0
 10
-9.10390000000001
 20
-15.97453
 30
0
 10
-9.10390000000001
 20
-15.97453
 30
0
 10
-9.10390000000001
 20
-15.97453
 30
0
 10
-8.841700000000003
 20
-15.96102999999999
 30
0
 10
-8.841700000000003
 20
-15.96102999999999
 30
0
  0
SPLINE
  5
EA
100
AcDbEntity
  8
layer 1
  6
CONTINUOUS
 62
    1
370
    5
100
AcDbSpline
210
0
220
0
230
0
 70
    8
 71
    3
 72
    8
 73
    4
 74
    0
 42
1e-07
 43
1e-07
 40
0
 40
0
 40
0
 40
0
 40
1
 40
1
 40
1
 40
1
 10
-15.73084
 20
-15.74580999999999
 30
0
 10
-15.73084
 20
-15.74580999999999
 30
0
 10
-15.73084
 20
-15.74587
 30
0
 10
-15.73084
 20
-15.74587
 30
0
  0
SPLINE
  5
EB
100
AcDbEntity
  8
layer 1
  6
CONTINUOUS
 62
    1
370
    5
100
AcDbSpline
210
0
220
0
230
0
 70
    8
 71
    3
 72
   20
 73
   16
 74
    0
 42
1e-07
 43
1e-07
 40
0
 40
0
 40
0
 40
0
 40
0.2
 40
0.2
 40
0.2
 40
0.2
 40
0.4
 40
0.4
 40
0.4
 40
0.4
 40
0.6
 40
0.6
 40
0.6
 40
0.6
 40
1
 40
1
 40
1
 40
1
 10
-15.73084
 20
-15.74587
 30
0
 10
-15.92479
 20
-15.77383
 30
0
 10
-16.08477999999999
 20
-15.85807
 30
0
 10
-16.17180999999999
 20
-15.97801
 30
0
 10
-16.17180999999999
 20
-15.97801
 30
0
 10
-16.28505999999999
 20
-16.1341
 30
0
 10
-16.32249999999999
 20
-16.29109
 30
0
 10
-16.32073
 20
-16.60279
 30
0
 10
-16.32073
 20
-16.60279
 30
0
 10
-16.31869
 20
-16.93800999999999
 30
0
 10
-16.27440999999999
 20
-17.07436
 30
0
 10
-16.11708999999999
 20
-17.22796
 30
0
 10
-16.11708999999999
 20
-17.22796
 30
0
 10
-15.95439999999999
 20
-17.38681
 30
0
 10
-15.87097
 20
-17.40385000000001
 30
0
 10
-15.25207
 20
-17.40469
 30
0
  0
SPLINE
  5
EC
100
AcDbEntity
  8
layer 1
  6
CONTINUOUS
 62
    1
370
    5
100
AcDbSpline
210
0
220
0
230
0
 70
    8
 71
    3
 72
   12
 73
    8
 74
    0
 42
1e-07
 43
1e-07
 40
0
 40
0
 40
0
 40
0
 40
0.3333333
 40
0.3333333
 40
0.3333333
 40
0.3333333
 40
1
 40
1
 40
1
 40
1
 10
-15.25207
 20
-17.40469
 30
0
 10
-15.25207
 20
-17.40469
 30
0
 10
-14.73838000000001
 20
-17.40546999999999
 30
0
 10
-14.73838000000001
 20
-17.40546999999999
 30
0
 10
-14.73838000000001
 20
-17.40546999999999
 30
0
 10
-14.73838000000001
 20
-17.40546999999999
 30
0
 10
-14.73277000000002
 20
-16.59219999999999
 30
0
 10
-14.73277000000002
 20
-16.59219999999999
 30
0
  0
SPLINE
  5
ED
100
AcDbEntity
  8
layer 1
  6
CONTINUOUS
 62
    1
370
    5
100
AcDbSpline
210
0
220
0
230
0
 70
    8
 71
    3
 72
   12
 73
    8
 74
    0
 42
1e-07
 43
1e-07
 40
0
 40
0
 40
0
 40
0
 40
0.3333333
 40
0.3333333
 40
0.3333333
 40
0.3333333
 40
1
 40
1
 40
1
 40
1
 10
-14.73277000000002
 20
-16.59219999999999
 30
0
 10
-14.72968
 20
-16.14490000000001
 30
0
 10
-14.73175000000001
 20
-15.76687
 30
0
 10
-14.73745
 20
-15.75211
 30
0
 10
-14.73745
 20
-15.75211
 30
0
 10
-14.74995999999999
 20
-15.71947
 30
0
 10
-15.51508000000001
 20
-15.71467
 30
0
 10
-15.73084
 20
-15.74587
 30
0
  0
SPLINE
  5
EE
100
AcDbEntity
  8
layer 1
  6
CONTINUOUS
 62
    1
370
    5
100
AcDbSpline
210
0
220
0
230
0
 70
    8
 71
    3
 72
    8
 73
    4
 74
    0
 42
1e-07
 43
1e-07
 40
0
 40
0
 40
0
 40
0
 40
1
 40
1
 40
1
 40
1
 10
-15.73084
 20
-15.74587
 30
0
 10
-15.73084
 20
-15.74587
 30
0
 10
-15.73084
 20
-15.74580999999999
 30
0
 10
-15.73084
 20
-15.74580999999999
 30
0
  0
SPLINE
  5
EF
100
AcDbEntity
  8
layer 1
  6
CONTINUOUS
 62
    1
370
    5
100
AcDbSpline
210
0
220
0
230
0
 70
    8
 71
    3
 72
   12
 73
    8
 74
    0
 42
1e-07
 43
1e-07
 40
0
 40
0
 40
0
 40
0
 40
0.3333333
 40
0.3333333
 40
0.3333333
 40
0.3333333
 40
1
 40
1
 40
1
 40
1
 10
-7.350130000000007
 20
-14.1079
 30
0
 10
-7.350130000000007
 20
-14.1079
 30
0
 10
-7.420449999999988
 20
-13.84576
 30
0
 10
-7.420449999999988
 20
-13.84576
 30
0
 10
-7.420449999999988
 20
-13.84576
 30
0
 10
-7.420449999999988
 20
-13.84576
 30
0
 10
-7.641249999999985
 20
-13.84570000000001
 30
0
 10
-7.641249999999985
 20
-13.84570000000001
 30
0
  0
SPLINE
  5
F0
100
AcDbEntity
  8
layer 1
  6
CONTINUOUS
 62
    1
370
    5
100
AcDbSpline
210
0
220
0
230
0
 70
    8
 71
    3
 72
   24
 73
   20
 74
    0
 42
1e-07
 43
1e-07
 40
0
 40
0
 40
0
 40
0
 40
0.1666667
 40
0.1666667
 40
0.1666667
 40
0.1666667
 40
0.3333333
 40
0.3333333
 40
0.3333333
 40
0.3333333
 40
0.5
 40
0.5
 40
0.5
 40
0.5
 40
0.6666666999999999
 40
0.6666666999999999
 40
0.6666666999999999
 40
0.6666666999999999
 40
1
 40
1
 40
1
 40
1
 10
-7.641249999999985
 20
-13.84570000000001
 30
0
 10
-7.841470000000015
 20
-13.84564
 30
0
 10
-7.86108999999999
 20
-13.84914999999999
 30
0
 10
-7.851249999999993
 20
-13.88308000000001
 30
0
 10
-7.851249999999993
 20
-13.88308000000001
 30
0
 10
-7.828149999999994
 20
-13.96267
 30
0
 10
-6.85324
 20
-17.76256000000001
 30
0
 10
-6.85324
 20
-17.77294000000001
 30
0
 10
-6.85324
 20
-17.77294000000001
 30
0
 10
-6.85324
 20
-17.77897
 30
0
 10
-6.656440000000003
 20
-17.78389
 30
0
 10
-6.415899999999993
 20
-17.78389
 30
0
 10
-6.415899999999993
 20
-17.78389
 30
0
 10
-6.018010000000004
 20
-17.78389
 30
0
 10
-5.977540000000005
 20
-17.78053
 30
0
 10
-5.967160000000007
 20
-17.74645000000001
 30
0
 10
-5.967160000000007
 20
-17.74645000000001
 30
0
 10
-5.932269999999988
 20
-17.63212
 30
0
 10
-4.969719999999995
 20
-13.89085
 30
0
 10
-4.969719999999995
 20
-13.86961000000001
 30
0
  0
SPLINE
  5
F1
100
AcDbEntity
  8
layer 1
  6
CONTINUOUS
 62
    1
370
    5
100
AcDbSpline
210
0
220
0
230
0
 70
    8
 71
    3
 72
    8
 73
    4
 74
    0
 42
1e-07
 43
1e-07
 40
0
 40
0
 40
0
 40
0
 40
1
 40
1
 40
1
 40
1
 10
-4.969719999999995
 20
-13.86961000000001
 30
0
 10
-4.969719999999995
 20
-13.85124999999999
 30
0
 10
-5.030079999999998
 20
-13.84585
 30
0
 10
-5.187700000000007
 20
-13.85026000000001
 30
0
  0
SPLINE
  5
F2
100
AcDbEntity
  8
layer 1
  6
CONTINUOUS
 62
    1
370
    5
100
AcDbSpline
210
0
220
0
230
0
 70
    8
 71
    3
 72
   12
 73
    8
 74
    0
 42
1e-07
 43
1e-07
 40
0
 40
0
 40
0
 40
0
 40
0.3333333
 40
0.3333333
 40
0.3333333
 40
0.3333333
 40
1
 40
1
 40
1
 40
1
 10
-5.187700000000007
 20
-13.85026000000001
 30
0
 10
-5.187700000000007
 20
-13.85026000000001
 30
0
 10
-5.405650000000009
 20
-13.85634999999999
 30
0
 10
-5.405650000000009
 20
-13.85634999999999
 30
0
 10
-5.405650000000009
 20
-13.85634999999999
 30
0
 10
-5.405650000000009
 20
-13.85634999999999
 30
0
 10
-5.519740000000013
 20
-14.27370999999999
 30
0
 10
-5.519740000000013
 20
-14.27370999999999
 30
0
  0
SPLINE
  5
F3
100
AcDbEntity
  8
layer 1
  6
CONTINUOUS
 62
    1
370
    5
100
AcDbSpline
210
0
220
0
230
0
 70
    8
 71
    3
 72
    8
 73
    4
 74
    0
 42
1e-07
 43
1e-07
 40
0
 40
0
 40
0
 40
0
 40
1
 40
1
 40
1
 40
1
 10
-5.519740000000013
 20
-14.27370999999999
 30
0
 10
-5.582470000000001
 20
-14.50327
 30
0
 10
-5.643670000000014
 20
-14.72718999999999
 30
0
 10
-5.655760000000015
 20
-14.77135
 30
0
  0
SPLINE
  5
F4
100
AcDbEntity
  8
layer 1
  6
CONTINUOUS
 62
    1
370
    5
100
AcDbSpline
210
0
220
0
230
0
 70
    8
 71
    3
 72
   20
 73
   16
 74
    0
 42
1e-07
 43
1e-07
 40
0
 40
0
 40
0
 40
0
 40
0.2
 40
0.2
 40
0.2
 40
0.2
 40
0.4
 40
0.4
 40
0.4
 40
0.4
 40
0.6
 40
0.6
 40
0.6
 40
0.6
 40
1
 40
1
 40
1
 40
1
 10
-5.655760000000015
 20
-14.77135
 30
0
 10
-5.655760000000015
 20
-14.77135
 30
0
 10
-5.677689999999984
 20
-14.85159999999999
 30
0
 10
-5.677689999999984
 20
-14.85159999999999
 30
0
 10
-5.677689999999984
 20
-14.85159999999999
 30
0
 10
-5.677689999999984
 20
-14.85159999999999
 30
0
 10
-6.412630000000007
 20
-14.85159999999999
 30
0
 10
-6.412630000000007
 20
-14.85159999999999
 30
0
 10
-6.412630000000007
 20
-14.85159999999999
 30
0
 10
-6.412630000000007
 20
-14.85159999999999
 30
0
 10
-7.147539999999992
 20
-14.85159999999999
 30
0
 10
-7.147539999999992
 20
-14.85159999999999
 30
0
 10
-7.147539999999992
 20
-14.85159999999999
 30
0
 10
-7.147539999999992
 20
-14.85159999999999
 30
0
 10
-7.213660000000004
 20
-14.61081999999999
 30
0
 10
-7.213660000000004
 20
-14.61081999999999
 30
0
  0
SPLINE
  5
F5
100
AcDbEntity
  8
layer 1
  6
CONTINUOUS
 62
    1
370
    5
100
AcDbSpline
210
0
220
0
230
0
 70
    8
 71
    3
 72
    8
 73
    4
 74
    0
 42
1e-07
 43
1e-07
 40
0
 40
0
 40
0
 40
0
 40
1
 40
1
 40
1
 40
1
 10
-7.213660000000004
 20
-14.61081999999999
 30
0
 10
-7.250050000000016
 20
-14.47839999999999
 30
0
 10
-7.311430000000001
 20
-14.25207999999999
 30
0
 10
-7.350130000000007
 20
-14.1079
 30
0
  0
SPLINE
  5
F6
100
AcDbEntity
  8
layer 1
  6
CONTINUOUS
 62
    1
370
    5
100
AcDbSpline
210
0
220
0
230
0
 70
    8
 71
    3
 72
    8
 73
    4
 74
    0
 42
1e-07
 43
1e-07
 40
0
 40
0
 40
0
 40
0
 40
1
 40
1
 40
1
 40
1
 10
-17.45956000000001
 20
-16.59508
 30
0
 10
-17.45205999999999
 20
-16.64967999999999
 30
0
 10
-17.44594000000001
 20
-16.94344
 30
0
 10
-17.44594000000001
 20
-17.24788000000001
 30
0
  0
SPLINE
  5
F7
100
AcDbEntity
  8
layer 1
  6
CONTINUOUS
 62
    1
370
    5
100
AcDbSpline
210
0
220
0
230
0
 70
    8
 71
    3
 72
   20
 73
   16
 74
    0
 42
1e-07
 43
1e-07
 40
0
 40
0
 40
0
 40
0
 40
0.2
 40
0.2
 40
0.2
 40
0.2
 40
0.4
 40
0.4
 40
0.4
 40
0.4
 40
0.6
 40
0.6
 40
0.6
 40
0.6
 40
1
 40
1
 40
1
 40
1
 10
-17.44594000000001
 20
-17.24788000000001
 30
0
 10
-17.44594000000001
 20
-17.24788000000001
 30
0
 10
-17.44594000000001
 20
-17.80137999999999
 30
0
 10
-17.44594000000001
 20
-17.80137999999999
 30
0
 10
-17.44594000000001
 20
-17.80137999999999
 30
0
 10
-17.44594000000001
 20
-17.80137999999999
 30
0
 10
-17.65267
 20
-17.80137999999999
 30
0
 10
-17.65267
 20
-17.80137999999999
 30
0
 10
-17.65267
 20
-17.80137999999999
 30
0
 10
-17.65267
 20
-17.80137999999999
 30
0
 10
-17.85939999999999
 20
-17.80137999999999
 30
0
 10
-17.85939999999999
 20
-17.80137999999999
 30
0
 10
-17.85939999999999
 20
-17.80137999999999
 30
0
 10
-17.85939999999999
 20
-17.80137999999999
 30
0
 10
-17.84536
 20
-17.40007
 30
0
 10
-17.84536
 20
-17.40007
 30
0
  0
SPLINE
  5
F8
100
AcDbEntity
  8
layer 1
  6
CONTINUOUS
 62
    1
370
    5
100
AcDbSpline
210
0
220
0
230
0
 70
    8
 71
    3
 72
    8
 73
    4
 74
    0
 42
1e-07
 43
1e-07
 40
0
 40
0
 40
0
 40
0
 40
1
 40
1
 40
1
 40
1
 10
-17.84536
 20
-17.40007
 30
0
 10
-17.83765
 20
-17.17933000000001
 30
0
 10
-17.83129
 20
-16.88557
 30
0
 10
-17.83129
 20
-16.74727
 30
0
  0
SPLINE
  5
F9
100
AcDbEntity
  8
layer 1
  6
CONTINUOUS
 62
    1
370
    5
100
AcDbSpline
210
0
220
0
230
0
 70
    8
 71
    3
 72
   24
 73
   20
 74
    0
 42
1e-07
 43
1e-07
 40
0
 40
0
 40
0
 40
0
 40
0.1666667
 40
0.1666667
 40
0.1666667
 40
0.1666667
 40
0.3333333
 40
0.3333333
 40
0.3333333
 40
0.3333333
 40
0.5
 40
0.5
 40
0.5
 40
0.5
 40
0.6666666999999999
 40
0.6666666999999999
 40
0.6666666999999999
 40
0.6666666999999999
 40
1
 40
1
 40
1
 40
1
 10
-17.83129
 20
-16.74727
 30
0
 10
-17.83129
 20
-16.74727
 30
0
 10
-17.83129
 20
-16.49575
 30
0
 10
-17.83129
 20
-16.49575
 30
0
 10
-17.83129
 20
-16.49575
 30
0
 10
-17.83129
 20
-16.49575
 30
0
 10
-17.65225000000001
 20
-16.49575
 30
0
 10
-17.65225000000001
 20
-16.49575
 30
0
 10
-17.65225000000001
 20
-16.49575
 30
0
 10
-17.65225000000001
 20
-16.49575
 30
0
 10
-17.47324
 20
-16.49575
 30
0
 10
-17.47324
 20
-16.49575
 30
0
 10
-17.47324
 20
-16.49575
 30
0
 10
-17.47324
 20
-16.49575
 30
0
 10
-17.45962
 20
-16.59508
 30
0
 10
-17.45962
 20
-16.59508
 30
0
 10
-17.45962
 20
-16.59508
 30
0
 10
-17.45962
 20
-16.59508
 30
0
 10
-17.45956000000001
 20
-16.59508
 30
0
 10
-17.45956000000001
 20
-16.59508
 30
0
  0
SPLINE
  5
FA
100
AcDbEntity
  8
layer 1
  6
CONTINUOUS
 62
    1
370
    5
100
AcDbSpline
210
0
220
0
230
0
 70
    8
 71
    3
 72
    8
 73
    4
 74
    0
 42
1e-07
 43
1e-07
 40
0
 40
0
 40
0
 40
0
 40
1
 40
1
 40
1
 40
1
 10
-21.95848000000001
 20
-18.74853999999999
 30
0
 10
-21.94915
 20
-18.76323999999999
 30
0
 10
-21.94138000000001
 20
-18.62836
 30
0
 10
-21.94120000000001
 20
-18.44884
 30
0
  0
SPLINE
  5
FB
100
AcDbEntity
  8
layer 1
  6
CONTINUOUS
 62
    1
370
    5
100
AcDbSpline
210
0
220
0
230
0
 70
    8
 71
    3
 72
   36
 73
   32
 74
    0
 42
1e-07
 43
1e-07
 40
0
 40
0
 40
0
 40
0
 40
0.1111111
 40
0.1111111
 40
0.1111111
 40
0.1111111
 40
0.2222222
 40
0.2222222
 40
0.2222222
 40
0.2222222
 40
0.3333333
 40
0.3333333
 40
0.3333333
 40
0.3333333
 40
0.4444444
 40
0.4444444
 40
0.4444444
 40
0.4444444
 40
0.5555555999999999
 40
0.5555555999999999
 40
0.5555555999999999
 40
0.5555555999999999
 40
0.6666666999999999
 40
0.6666666999999999
 40
0.6666666999999999
 40
0.6666666999999999
 40
0.7777778
 40
0.7777778
 40
0.7777778
 40
0.7777778
 40
1
 40
1
 40
1
 40
1
 10
-21.94120000000001
 20
-18.44884
 30
0
 10
-21.94120000000001
 20
-18.44884
 30
0
 10
-21.94093000000001
 20
-18.12243999999999
 30
0
 10
-21.94093000000001
 20
-18.12243999999999
 30
0
 10
-21.94093000000001
 20
-18.12243999999999
 30
0
 10
-21.94093000000001
 20
-18.12243999999999
 30
0
 10
-21.85531
 20
-18.12243999999999
 30
0
 10
-21.85531
 20
-18.12243999999999
 30
0
 10
-21.85531
 20
-18.12243999999999
 30
0
 10
-21.85531
 20
-18.12243999999999
 30
0
 10
-21.76972000000001
 20
-18.12243999999999
 30
0
 10
-21.76972000000001
 20
-18.12243999999999
 30
0
 10
-21.76972000000001
 20
-18.12243999999999
 30
0
 10
-21.76972000000001
 20
-18.12243999999999
 30
0
 10
-21.76945000000001
 20
-18.59439999999999
 30
0
 10
-21.76945000000001
 20
-18.59439999999999
 30
0
 10
-21.76945000000001
 20
-18.59439999999999
 30
0
 10
-21.76945000000001
 20
-18.59439999999999
 30
0
 10
-21.76945000000001
 20
-19.06632999999999
 30
0
 10
-21.76945000000001
 20
-19.06632999999999
 30
0
 10
-21.76945000000001
 20
-19.06632999999999
 30
0
 10
-21.76945000000001
 20
-19.06632999999999
 30
0
 10
-21.89224000000002
 20
-19.05991
 30
0
 10
-21.89224000000002
 20
-19.05991
 30
0
 10
-21.89224000000002
 20
-19.05991
 30
0
 10
-21.89224000000002
 20
-19.05991
 30
0
 10
-22.01500000000001
 20
-19.05348999999999
 30
0
 10
-22.01500000000001
 20
-19.05348999999999
 30
0
 10
-22.01500000000001
 20
-19.05348999999999
 30
0
 10
-22.01500000000001
 20
-19.05348999999999
 30
0
 10
-22.11072999999999
 20
-18.74848
 30
0
 10
-22.11072999999999
 20
-18.74848
 30
0
  0
SPLINE
  5
FC
100
AcDbEntity
  8
layer 1
  6
CONTINUOUS
 62
    1
370
    5
100
AcDbSpline
210
0
220
0
230
0
 70
    8
 71
    3
 72
   12
 73
    8
 74
    0
 42
1e-07
 43
1e-07
 40
0
 40
0
 40
0
 40
0
 40
0.3333333
 40
0.3333333
 40
0.3333333
 40
0.3333333
 40
1
 40
1
 40
1
 40
1
 10
-22.11072999999999
 20
-18.74848
 30
0
 10
-22.16337999999999
 20
-18.58072
 30
0
 10
-22.21191999999999
 20
-18.4435
 30
0
 10
-22.21861000000001
 20
-18.4435
 30
0
 10
-22.21861000000001
 20
-18.4435
 30
0
 10
-22.22526999999999
 20
-18.4435
 30
0
 10
-22.27692999999999
 20
-18.58315
 30
0
 10
-22.33336
 20
-18.75381999999999
 30
0
  0
SPLINE
  5
FD
100
AcDbEntity
  8
layer 1
  6
CONTINUOUS
 62
    1
370
    5
100
AcDbSpline
210
0
220
0
230
0
 70
    8
 71
    3
 72
   60
 73
   56
 74
    0
 42
1e-07
 43
1e-07
 40
0
 40
0
 40
0
 40
0
 40
0.0666667
 40
0.0666667
 40
0.0666667
 40
0.0666667
 40
0.1333333
 40
0.1333333
 40
0.1333333
 40
0.1333333
 40
0.2
 40
0.2
 40
0.2
 40
0.2
 40
0.2666667
 40
0.2666667
 40
0.2666667
 40
0.2666667
 40
0.3333333
 40
0.3333333
 40
0.3333333
 40
0.3333333
 40
0.4
 40
0.4
 40
0.4
 40
0.4
 40
0.4666667
 40
0.4666667
 40
0.4666667
 40
0.4666667
 40
0.5333333
 40
0.5333333
 40
0.5333333
 40
0.5333333
 40
0.6
 40
0.6
 40
0.6
 40
0.6
 40
0.6666666999999999
 40
0.6666666999999999
 40
0.6666666999999999
 40
0.6666666999999999
 40
0.7333333
 40
0.7333333
 40
0.7333333
 40
0.7333333
 40
0.7999999999999999
 40
0.7999999999999999
 40
0.7999999999999999
 40
0.7999999999999999
 40
0.8666667
 40
0.8666667
 40
0.8666667
 40
0.8666667
 40
1
 40
1
 40
1
 40
1
 10
-22.33336
 20
-18.75381999999999
 30
0
 10
-22.33336
 20
-18.75381999999999
 30
0
 10
-22.43599
 20
-19.0642
 30
0
 10
-22.43599
 20
-19.0642
 30
0
 10
-22.43599
 20
-19.0642
 30
0
 10
-22.43599
 20
-19.0642
 30
0
 10
-22.55221
 20
-19.0642
 30
0
 10
-22.55221
 20
-19.0642
 30
0
 10
-22.55221
 20
-19.0642
 30
0
 10
-22.55221
 20
-19.0642
 30
0
 10
-22.66843
 20
-19.0642
 30
0
 10
-22.66843
 20
-19.0642
 30
0
 10
-22.66843
 20
-19.0642
 30
0
 10
-22.66843
 20
-19.0642
 30
0
 10
-22.66843
 20
-18.59332
 30
0
 10
-22.66843
 20
-18.59332
 30
0
 10
-22.66843
 20
-18.59332
 30
0
 10
-22.66843
 20
-18.59332
 30
0
 10
-22.66843
 20
-18.12243999999999
 30
0
 10
-22.66843
 20
-18.12243999999999
 30
0
 10
-22.66843
 20
-18.12243999999999
 30
0
 10
-22.66843
 20
-18.12243999999999
 30
0
 10
-22.58280999999999
 20
-18.12243999999999
 30
0
 10
-22.58280999999999
 20
-18.12243999999999
 30
0
 10
-22.58280999999999
 20
-18.12243999999999
 30
0
 10
-22.58280999999999
 20
-18.12243999999999
 30
0
 10
-22.49719000000002
 20
-18.12243999999999
 30
0
 10
-22.49719000000002
 20
-18.12243999999999
 30
0
 10
-22.49719000000002
 20
-18.12243999999999
 30
0
 10
-22.49719000000002
 20
-18.12243999999999
 30
0
 10
-22.49491
 20
-18.44884
 30
0
 10
-22.49491
 20
-18.44884
 30
0
 10
-22.49491
 20
-18.44884
 30
0
 10
-22.49491
 20
-18.44884
 30
0
 10
-22.49262999999999
 20
-18.77523999999999
 30
0
 10
-22.49262999999999
 20
-18.77523999999999
 30
0
 10
-22.49262999999999
 20
-18.77523999999999
 30
0
 10
-22.49262999999999
 20
-18.77523999999999
 30
0
 10
-22.39422999999999
 20
-18.47023
 30
0
 10
-22.39422999999999
 20
-18.47023
 30
0
 10
-22.39422999999999
 20
-18.47023
 30
0
 10
-22.39422999999999
 20
-18.47023
 30
0
 10
-22.29579999999999
 20
-18.16522
 30
0
 10
-22.29579999999999
 20
-18.16522
 30
0
 10
-22.29579999999999
 20
-18.16522
 30
0
 10
-22.29579999999999
 20
-18.16522
 30
0
 10
-22.22002000000001
 20
-18.16534
 30
0
 10
-22.22002000000001
 20
-18.16534
 30
0
 10
-22.22002000000001
 20
-18.16534
 30
0
 10
-22.22002000000001
 20
-18.16534
 30
0
 10
-22.14421000000002
 20
-18.16545999999999
 30
0
 10
-22.14421000000002
 20
-18.16545999999999
 30
0
 10
-22.14421000000002
 20
-18.16545999999999
 30
0
 10
-22.14421000000002
 20
-18.16545999999999
 30
0
 10
-22.05982
 20
-18.44364999999999
 30
0
 10
-22.05982
 20
-18.44364999999999
 30
0
  0
SPLINE
  5
FE
100
AcDbEntity
  8
layer 1
  6
CONTINUOUS
 62
    1
370
    5
100
AcDbSpline
210
0
220
0
230
0
 70
    8
 71
    3
 72
    8
 73
    4
 74
    0
 42
1e-07
 43
1e-07
 40
0
 40
0
 40
0
 40
0
 40
1
 40
1
 40
1
 40
1
 10
-22.05982
 20
-18.44364999999999
 30
0
 10
-22.01340999999999
 20
-18.59665000000001
 30
0
 10
-21.96780999999999
 20
-18.73386999999999
 30
0
 10
-21.95848000000001
 20
-18.74853999999999
 30
0
  0
SPLINE
  5
FF
100
AcDbEntity
  8
layer 1
  6
CONTINUOUS
 62
    1
370
    5
100
AcDbSpline
210
0
220
0
230
0
 70
   11
 71
    3
 72
   24
 73
   20
 74
    0
 42
1e-07
 43
1e-07
 40
0
 40
0
 40
0
 40
0
 40
0.1666667
 40
0.1666667
 40
0.1666667
 40
0.1666667
 40
0.3333333
 40
0.3333333
 40
0.3333333
 40
0.3333333
 40
0.5
 40
0.5
 40
0.5
 40
0.5
 40
0.6666666999999999
 40
0.6666666999999999
 40
0.6666666999999999
 40
0.6666666999999999
 40
1
 40
1
 40
1
 40
1
 10
10.01714000000001
 20
-6.559330000000003
 30
0
 10
10.04336000000001
 20
-6.490389999999991
 30
0
 10
10.13582
 20
-6.482050000000001
 30
0
 10
10.16980999999998
 20
-6.545529999999999
 30
0
 10
10.16980999999998
 20
-6.545529999999999
 30
0
 10
10.20439999999999
 20
-6.61018
 30
0
 10
10.20088999999999
 20
-10.00276000000001
 30
0
 10
10.16621000000001
 20
-10.03744
 30
0
 10
10.16621000000001
 20
-10.03744
 30
0
 10
10.12558999999999
 20
-10.07805999999999
 30
0
 10
10.06724
 20
-10.06851999999999
 30
0
 10
10.02983
 20
-10.01512
 30
0
 10
10.02983
 20
-10.01512
 30
0
 10
9.999770000000012
 20
-9.972190000000012
 30
0
 10
9.995840000000015
 20
-9.772149999999996
 30
0
 10
9.995840000000015
 20
-8.290959999999998
 30
0
 10
9.995840000000015
 20
-8.290959999999998
 30
0
 10
9.995840000000015
 20
-7.255089999999996
 30
0
 10
10.00397000000001
 20
-6.593950000000007
 30
0
 10
10.01714000000001
 20
-6.559330000000003
 30
0
  0
SPLINE
  5
100
100
AcDbEntity
  8
layer 1
  6
CONTINUOUS
 62
    1
370
    5
100
AcDbSpline
210
0
220
0
230
0
 70
    8
 71
    3
 72
   28
 73
   24
 74
    0
 42
1e-07
 43
1e-07
 40
0
 40
0
 40
0
 40
0
 40
0.1428571
 40
0.1428571
 40
0.1428571
 40
0.1428571
 40
0.2857143
 40
0.2857143
 40
0.2857143
 40
0.2857143
 40
0.4285714
 40
0.4285714
 40
0.4285714
 40
0.4285714
 40
0.5714286
 40
0.5714286
 40
0.5714286
 40
0.5714286
 40
0.7142856999999999
 40
0.7142856999999999
 40
0.7142856999999999
 40
0.7142856999999999
 40
1
 40
1
 40
1
 40
1
 10
15.31691000000001
 20
-4.777209999999997
 30
0
 10
15.39185000000001
 20
-4.807509999999994
 30
0
 10
15.49931000000001
 20
-4.955110000000005
 30
0
 10
15.53488999999999
 20
-5.076669999999993
 30
0
 10
15.53488999999999
 20
-5.076669999999993
 30
0
 10
15.56290999999999
 20
-5.172370000000001
 30
0
 10
15.56447
 20
-5.238609999999994
 30
0
 10
15.54497000000001
 20
-5.502610000000004
 30
0
 10
15.54497000000001
 20
-5.502610000000004
 30
0
 10
15.53225
 20
-5.674540000000007
 30
0
 10
15.50239999999999
 20
-6.169089999999997
 30
0
 10
15.47861
 20
-6.601569999999995
 30
0
 10
15.47861
 20
-6.601569999999995
 30
0
 10
15.42911000000001
 20
-7.501599999999996
 30
0
 10
15.41875999999999
 20
-7.627870000000001
 30
0
 10
15.38798
 20
-7.707849999999993
 30
0
 10
15.38798
 20
-7.707849999999993
 30
0
 10
15.36509000000001
 20
-7.767340000000004
 30
0
 10
15.39886999999999
 20
-7.865110000000001
 30
0
 10
15.47063
 20
-7.947249999999997
 30
0
 10
15.47063
 20
-7.947249999999997
 30
0
 10
15.51230000000001
 20
-7.994889999999998
 30
0
 10
15.47117
 20
-8.028310000000005
 30
0
 10
15.34417999999999
 20
-8.049999999999997
 30
0
  0
SPLINE
  5
101
100
AcDbEntity
  8
layer 1
  6
CONTINUOUS
 62
    1
370
    5
100
AcDbSpline
210
0
220
0
230
0
 70
    8
 71
    3
 72
   12
 73
    8
 74
    0
 42
1e-07
 43
1e-07
 40
0
 40
0
 40
0
 40
0
 40
0.3333333
 40
0.3333333
 40
0.3333333
 40
0.3333333
 40
1
 40
1
 40
1
 40
1
 10
15.34417999999999
 20
-8.049999999999997
 30
0
 10
15.34417999999999
 20
-8.049999999999997
 30
0
 10
15.24902
 20
-8.06626
 30
0
 10
15.24902
 20
-8.06626
 30
0
 10
15.24902
 20
-8.06626
 30
0
 10
15.24902
 20
-8.06626
 30
0
 10
15.24347
 20
-10.20166
 30
0
 10
15.24347
 20
-10.20166
 30
0
  0
SPLINE
  5
102
100
AcDbEntity
  8
layer 1
  6
CONTINUOUS
 62
    1
370
    5
100
AcDbSpline
210
0
220
0
230
0
 70
    8
 71
    3
 72
   16
 73
   12
 74
    0
 42
1e-07
 43
1e-07
 40
0
 40
0
 40
0
 40
0
 40
0.25
 40
0.25
 40
0.25
 40
0.25
 40
0.5
 40
0.5
 40
0.5
 40
0.5
 40
1
 40
1
 40
1
 40
1
 10
15.24347
 20
-10.20166
 30
0
 10
15.23851999999999
 20
-12.10288
 30
0
 10
15.24163999999999
 20
-12.34432
 30
0
 10
15.27206000000001
 20
-12.40312
 30
0
 10
15.27206000000001
 20
-12.40312
 30
0
 10
15.30095
 20
-12.45904
 30
0
 10
15.30253999999999
 20
-12.49491999999999
 30
0
 10
15.28237999999999
 20
-12.63705999999999
 30
0
 10
15.28237999999999
 20
-12.63705999999999
 30
0
 10
15.24314000000001
 20
-12.91363000000001
 30
0
 10
15.24817999999999
 20
-12.90322
 30
0
 10
15.15352999999999
 20
-12.90322
 30
0
  0
SPLINE
  5
103
100
AcDbEntity
  8
layer 1
  6
CONTINUOUS
 62
    1
370
    5
100
AcDbSpline
210
0
220
0
230
0
 70
    8
 71
    3
 72
   12
 73
    8
 74
    0
 42
1e-07
 43
1e-07
 40
0
 40
0
 40
0
 40
0
 40
0.3333333
 40
0.3333333
 40
0.3333333
 40
0.3333333
 40
1
 40
1
 40
1
 40
1
 10
15.15352999999999
 20
-12.90322
 30
0
 10
15.15352999999999
 20
-12.90322
 30
0
 10
15.06983
 20
-12.90322
 30
0
 10
15.06983
 20
-12.90322
 30
0
 10
15.06983
 20
-12.90322
 30
0
 10
15.06983
 20
-12.90322
 30
0
 10
15.04267999999999
 20
-12.67936
 30
0
 10
15.04267999999999
 20
-12.67936
 30
0
  0
SPLINE
  5
104
100
AcDbEntity
  8
layer 1
  6
CONTINUOUS
 62
    1
370
    5
100
AcDbSpline
210
0
220
0
230
0
 70
    8
 71
    3
 72
   12
 73
    8
 74
    0
 42
1e-07
 43
1e-07
 40
0
 40
0
 40
0
 40
0
 40
0.3333333
 40
0.3333333
 40
0.3333333
 40
0.3333333
 40
1
 40
1
 40
1
 40
1
 10
15.04267999999999
 20
-12.67936
 30
0
 10
15.02273
 20
-12.51478
 30
0
 10
15.02186
 20
-12.43915
 30
0
 10
15.03944000000001
 20
-12.39397
 30
0
 10
15.03944000000001
 20
-12.39397
 30
0
 10
15.05620999999999
 20
-12.35092
 30
0
 10
15.06335000000001
 20
-11.69113
 30
0
 10
15.06335000000001
 20
-10.19328999999999
 30
0
  0
SPLINE
  5
105
100
AcDbEntity
  8
layer 1
  6
CONTINUOUS
 62
    1
370
    5
100
AcDbSpline
210
0
220
0
230
0
 70
    8
 71
    3
 72
   12
 73
    8
 74
    0
 42
1e-07
 43
1e-07
 40
0
 40
0
 40
0
 40
0
 40
0.3333333
 40
0.3333333
 40
0.3333333
 40
0.3333333
 40
1
 40
1
 40
1
 40
1
 10
15.06335000000001
 20
-10.19328999999999
 30
0
 10
15.06335000000001
 20
-10.19328999999999
 30
0
 10
15.06335000000001
 20
-8.054140000000004
 30
0
 10
15.06335000000001
 20
-8.054140000000004
 30
0
 10
15.06335000000001
 20
-8.054140000000004
 30
0
 10
15.06335000000001
 20
-8.054140000000004
 30
0
 10
14.98145
 20
-8.053989999999999
 30
0
 10
14.98145
 20
-8.053989999999999
 30
0
  0
SPLINE
  5
106
100
AcDbEntity
  8
layer 1
  6
CONTINUOUS
 62
    1
370
    5
100
AcDbSpline
210
0
220
0
230
0
 70
    8
 71
    3
 72
   24
 73
   20
 74
    0
 42
1e-07
 43
1e-07
 40
0
 40
0
 40
0
 40
0
 40
0.1666667
 40
0.1666667
 40
0.1666667
 40
0.1666667
 40
0.3333333
 40
0.3333333
 40
0.3333333
 40
0.3333333
 40
0.5
 40
0.5
 40
0.5
 40
0.5
 40
0.6666666999999999
 40
0.6666666999999999
 40
0.6666666999999999
 40
0.6666666999999999
 40
1
 40
1
 40
1
 40
1
 10
14.98145
 20
-8.053989999999999
 30
0
 10
14.798
 20
-8.053750000000008
 30
0
 10
14.67455000000001
 20
-7.982889999999998
 30
0
 10
14.74940000000001
 20
-7.920789999999997
 30
0
 10
14.74940000000001
 20
-7.920789999999997
 30
0
 10
14.82605000000001
 20
-7.857159999999993
 30
0
 10
14.84720000000002
 20
-7.776309999999995
 30
0
 10
14.82449
 20
-7.633539999999996
 30
0
 10
14.82449
 20
-7.633539999999996
 30
0
 10
14.79634999999999
 20
-7.456779999999995
 30
0
 10
14.72735
 20
-5.21584
 30
0
 10
14.74715
 20
-5.122150000000005
 30
0
 10
14.74715
 20
-5.122150000000005
 30
0
 10
14.77187000000001
 20
-5.005240000000001
 30
0
 10
14.86942999999999
 20
-4.845129999999997
 30
0
 10
14.94413
 20
-4.798990000000003
 30
0
 10
14.94413
 20
-4.798990000000003
 30
0
 10
15.01835
 20
-4.753119999999996
 30
0
 10
15.22709
 20
-4.740939999999995
 30
0
 10
15.31691000000001
 20
-4.777209999999997
 30
0
  0
SPLINE
  5
107
100
AcDbEntity
  8
layer 1
  6
CONTINUOUS
 62
    1
370
    5
100
AcDbSpline
210
0
220
0
230
0
 70
    8
 71
    3
 72
    8
 73
    4
 74
    0
 42
1e-07
 43
1e-07
 40
0
 40
0
 40
0
 40
0
 40
1
 40
1
 40
1
 40
1
 10
10.75316000000001
 20
-5.03434
 30
0
 10
10.75316000000001
 20
-5.03434
 30
0
 10
10.75313
 20
-5.03434
 30
0
 10
10.75313
 20
-5.03434
 30
0
  0
SPLINE
  5
108
100
AcDbEntity
  8
layer 1
  6
CONTINUOUS
 62
    1
370
    5
100
AcDbSpline
210
0
220
0
230
0
 70
    8
 71
    3
 72
   12
 73
    8
 74
    0
 42
1e-07
 43
1e-07
 40
0
 40
0
 40
0
 40
0
 40
0.3333333
 40
0.3333333
 40
0.3333333
 40
0.3333333
 40
1
 40
1
 40
1
 40
1
 10
10.75313
 20
-5.03434
 30
0
 10
10.85536999999999
 20
-5.14573
 30
0
 10
10.95236
 20
-5.350059999999999
 30
0
 10
10.98131000000001
 20
-5.514880000000005
 30
0
 10
10.98131000000001
 20
-5.514880000000005
 30
0
 10
11.04115999999999
 20
-5.855800000000002
 30
0
 10
10.85588000000001
 20
-6.248080000000002
 30
0
 10
10.55051
 20
-6.427030000000002
 30
0
  0
SPLINE
  5
109
100
AcDbEntity
  8
layer 1
  6
CONTINUOUS
 62
    1
370
    5
100
AcDbSpline
210
0
220
0
230
0
 70
    8
 71
    3
 72
   20
 73
   16
 74
    0
 42
1e-07
 43
1e-07
 40
0
 40
0
 40
0
 40
0
 40
0.2
 40
0.2
 40
0.2
 40
0.2
 40
0.4
 40
0.4
 40
0.4
 40
0.4
 40
0.6
 40
0.6
 40
0.6
 40
0.6
 40
1
 40
1
 40
1
 40
1
 10
10.55051
 20
-6.427030000000002
 30
0
 10
10.55051
 20
-6.427030000000002
 30
0
 10
10.45454000000001
 20
-6.483280000000008
 30
0
 10
10.45454000000001
 20
-6.483280000000008
 30
0
 10
10.45454000000001
 20
-6.483280000000008
 30
0
 10
10.45454000000001
 20
-6.483280000000008
 30
0
 10
10.45454000000001
 20
-8.437479999999994
 30
0
 10
10.45454000000001
 20
-8.437479999999994
 30
0
 10
10.45454000000001
 20
-8.437479999999994
 30
0
 10
10.45454000000001
 20
-8.437479999999994
 30
0
 10
10.45454000000001
 20
-10.39167999999999
 30
0
 10
10.45454000000001
 20
-10.39167999999999
 30
0
 10
10.45454000000001
 20
-10.39167999999999
 30
0
 10
10.45454000000001
 20
-10.39167999999999
 30
0
 10
10.59314000000001
 20
-10.52799999999999
 30
0
 10
10.59314000000001
 20
-10.52799999999999
 30
0
  0
SPLINE
  5
10A
100
AcDbEntity
  8
layer 1
  6
CONTINUOUS
 62
    1
370
    5
100
AcDbSpline
210
0
220
0
230
0
 70
    8
 71
    3
 72
   28
 73
   24
 74
    0
 42
1e-07
 43
1e-07
 40
0
 40
0
 40
0
 40
0
 40
0.1428571
 40
0.1428571
 40
0.1428571
 40
0.1428571
 40
0.2857143
 40
0.2857143
 40
0.2857143
 40
0.2857143
 40
0.4285714
 40
0.4285714
 40
0.4285714
 40
0.4285714
 40
0.5714286
 40
0.5714286
 40
0.5714286
 40
0.5714286
 40
0.7142856999999999
 40
0.7142856999999999
 40
0.7142856999999999
 40
0.7142856999999999
 40
1
 40
1
 40
1
 40
1
 10
10.59314000000001
 20
-10.52799999999999
 30
0
 10
10.77794
 20
-10.70977000000001
 30
0
 10
10.83410000000001
 20
-10.85119
 30
0
 10
10.82078000000001
 20
-11.10121000000001
 30
0
 10
10.82078000000001
 20
-11.10121000000001
 30
0
 10
10.81363999999999
 20
-11.23554999999999
 30
0
 10
10.7978
 20
-11.30263000000001
 30
0
 10
10.75237999999999
 20
-11.39136999999999
 30
0
 10
10.75237999999999
 20
-11.39136999999999
 30
0
 10
10.63949
 20
-11.61196
 30
0
 10
10.44116
 20
-11.75596
 30
0
 10
10.20899
 20
-11.78595999999999
 30
0
 10
10.20899
 20
-11.78595999999999
 30
0
 10
10.08682999999999
 20
-11.80174
 30
0
 10
9.899299999999982
 20
-11.78725
 30
0
 10
9.872060000000005
 20
-11.76013
 30
0
 10
9.872060000000005
 20
-11.76013
 30
0
 10
9.854479999999995
 20
-11.74254999999999
 30
0
 10
10.16636
 20
-11.44255
 30
0
 10
10.20403999999999
 20
-11.44081
 30
0
 10
10.20403999999999
 20
-11.44081
 30
0
 10
10.21639999999999
 20
-11.44029999999999
 30
0
 10
10.28276
 20
-11.38297
 30
0
 10
10.35146
 20
-11.31352
 30
0
  0
SPLINE
  5
10B
100
AcDbEntity
  8
layer 1
  6
CONTINUOUS
 62
    1
370
    5
100
AcDbSpline
210
0
220
0
230
0
 70
    8
 71
    3
 72
   20
 73
   16
 74
    0
 42
1e-07
 43
1e-07
 40
0
 40
0
 40
0
 40
0
 40
0.2
 40
0.2
 40
0.2
 40
0.2
 40
0.4
 40
0.4
 40
0.4
 40
0.4
 40
0.6
 40
0.6
 40
0.6
 40
0.6
 40
1
 40
1
 40
1
 40
1
 10
10.35146
 20
-11.31352
 30
0
 10
10.35146
 20
-11.31352
 30
0
 10
10.47638000000001
 20
-11.18731
 30
0
 10
10.47638000000001
 20
-11.18731
 30
0
 10
10.47638000000001
 20
-11.18731
 30
0
 10
10.47638000000001
 20
-11.18731
 30
0
 10
10.47608
 20
-11.04595
 30
0
 10
10.47608
 20
-11.04595
 30
0
 10
10.47608
 20
-11.04595
 30
0
 10
10.47608
 20
-11.04595
 30
0
 10
10.47581
 20
-10.90461999999999
 30
0
 10
10.47581
 20
-10.90461999999999
 30
0
 10
10.47581
 20
-10.90461999999999
 30
0
 10
10.47581
 20
-10.90461999999999
 30
0
 10
10.35748999999998
 20
-10.80085
 30
0
 10
10.35748999999998
 20
-10.80085
 30
0
  0
SPLINE
  5
10C
100
AcDbEntity
  8
layer 1
  6
CONTINUOUS
 62
    1
370
    5
100
AcDbSpline
210
0
220
0
230
0
 70
    8
 71
    3
 72
    8
 73
    4
 74
    0
 42
1e-07
 43
1e-07
 40
0
 40
0
 40
0
 40
0
 40
1
 40
1
 40
1
 40
1
 10
10.35748999999998
 20
-10.80085
 30
0
 10
10.24097
 20
-10.69866999999999
 30
0
 10
10.23692
 20
-10.69711
 30
0
 10
10.08938000000001
 20
-10.69711
 30
0
  0
SPLINE
  5
10D
100
AcDbEntity
  8
layer 1
  6
CONTINUOUS
 62
    1
370
    5
100
AcDbSpline
210
0
220
0
230
0
 70
    8
 71
    3
 72
   12
 73
    8
 74
    0
 42
1e-07
 43
1e-07
 40
0
 40
0
 40
0
 40
0
 40
0.3333333
 40
0.3333333
 40
0.3333333
 40
0.3333333
 40
1
 40
1
 40
1
 40
1
 10
10.08938000000001
 20
-10.69711
 30
0
 10
10.08938000000001
 20
-10.69711
 30
0
 10
9.93956
 20
-10.69711
 30
0
 10
9.93956
 20
-10.69711
 30
0
 10
9.93956
 20
-10.69711
 30
0
 10
9.93956
 20
-10.69711
 30
0
 10
9.836629999999985
 20
-10.80159999999999
 30
0
 10
9.836629999999985
 20
-10.80159999999999
 30
0
  0
SPLINE
  5
10E
100
AcDbEntity
  8
layer 1
  6
CONTINUOUS
 62
    1
370
    5
100
AcDbSpline
210
0
220
0
230
0
 70
    8
 71
    3
 72
   20
 73
   16
 74
    0
 42
1e-07
 43
1e-07
 40
0
 40
0
 40
0
 40
0
 40
0.2
 40
0.2
 40
0.2
 40
0.2
 40
0.4
 40
0.4
 40
0.4
 40
0.4
 40
0.6
 40
0.6
 40
0.6
 40
0.6
 40
1
 40
1
 40
1
 40
1
 10
9.836629999999985
 20
-10.80159999999999
 30
0
 10
9.780020000000007
 20
-10.85908000000001
 30
0
 10
9.733190000000008
 20
-10.92052
 30
0
 10
9.732529999999997
 20
-10.93813
 30
0
 10
9.732529999999997
 20
-10.93813
 30
0
 10
9.731150000000014
 20
-10.97668
 30
0
 10
9.40637000000001
 20
-11.24593
 30
0
 10
9.380539999999996
 20
-11.22996999999999
 30
0
 10
9.380539999999996
 20
-11.22996999999999
 30
0
 10
9.370550000000009
 20
-11.22378999999999
 30
0
 10
9.362390000000005
 20
-11.15089
 30
0
 10
9.362390000000005
 20
-11.06793999999999
 30
0
 10
9.362390000000005
 20
-11.06793999999999
 30
0
 10
9.362390000000005
 20
-10.84726000000001
 30
0
 10
9.425720000000013
 20
-10.69579
 30
0
 10
9.584360000000004
 20
-10.53715
 30
0
  0
SPLINE
  5
10F
100
AcDbEntity
  8
layer 1
  6
CONTINUOUS
 62
    1
370
    5
100
AcDbSpline
210
0
220
0
230
0
 70
    8
 71
    3
 72
   20
 73
   16
 74
    0
 42
1e-07
 43
1e-07
 40
0
 40
0
 40
0
 40
0
 40
0.2
 40
0.2
 40
0.2
 40
0.2
 40
0.4
 40
0.4
 40
0.4
 40
0.4
 40
0.6
 40
0.6
 40
0.6
 40
0.6
 40
1
 40
1
 40
1
 40
1
 10
9.584360000000004
 20
-10.53715
 30
0
 10
9.584360000000004
 20
-10.53715
 30
0
 10
9.711860000000001
 20
-10.40965
 30
0
 10
9.711860000000001
 20
-10.40965
 30
0
 10
9.711860000000001
 20
-10.40965
 30
0
 10
9.711860000000001
 20
-10.40965
 30
0
 10
9.711860000000001
 20
-8.446719999999999
 30
0
 10
9.711860000000001
 20
-8.446719999999999
 30
0
 10
9.711860000000001
 20
-8.446719999999999
 30
0
 10
9.711860000000001
 20
-8.446719999999999
 30
0
 10
9.711860000000001
 20
-6.483760000000004
 30
0
 10
9.711860000000001
 20
-6.483760000000004
 30
0
 10
9.711860000000001
 20
-6.483760000000004
 30
0
 10
9.711860000000001
 20
-6.483760000000004
 30
0
 10
9.591109999999986
 20
-6.403629999999993
 30
0
 10
9.591109999999986
 20
-6.403629999999993
 30
0
  0
SPLINE
  5
110
100
AcDbEntity
  8
layer 1
  6
CONTINUOUS
 62
    1
370
    5
100
AcDbSpline
210
0
220
0
230
0
 70
    8
 71
    3
 72
   20
 73
   16
 74
    0
 42
1e-07
 43
1e-07
 40
0
 40
0
 40
0
 40
0
 40
0.2
 40
0.2
 40
0.2
 40
0.2
 40
0.4
 40
0.4
 40
0.4
 40
0.4
 40
0.6
 40
0.6
 40
0.6
 40
0.6
 40
1
 40
1
 40
1
 40
1
 10
9.591109999999986
 20
-6.403629999999993
 30
0
 10
9.444259999999986
 20
-6.306159999999991
 30
0
 10
9.339769999999987
 20
-6.182320000000004
 30
0
 10
9.259219999999999
 20
-6.010300000000001
 30
0
 10
9.259219999999999
 20
-6.010300000000001
 30
0
 10
9.204980000000006
 20
-5.894469999999998
 30
0
 10
9.198560000000015
 20
-5.856489999999994
 30
0
 10
9.198560000000015
 20
-5.651409999999998
 30
0
 10
9.198560000000015
 20
-5.651409999999998
 30
0
 10
9.198560000000015
 20
-5.439639999999997
 30
0
 10
9.203810000000004
 20
-5.410989999999998
 30
0
 10
9.267110000000002
 20
-5.2774
 30
0
 10
9.267110000000002
 20
-5.2774
 30
0
 10
9.352129999999988
 20
-5.097909999999999
 30
0
 10
9.479060000000004
 20
-4.952439999999996
 30
0
 10
9.550579999999997
 20
-4.952439999999996
 30
0
  0
SPLINE
  5
111
100
AcDbEntity
  8
layer 1
  6
CONTINUOUS
 62
    1
370
    5
100
AcDbSpline
210
0
220
0
230
0
 70
    8
 71
    3
 72
   20
 73
   16
 74
    0
 42
1e-07
 43
1e-07
 40
0
 40
0
 40
0
 40
0
 40
0.2
 40
0.2
 40
0.2
 40
0.2
 40
0.4
 40
0.4
 40
0.4
 40
0.4
 40
0.6
 40
0.6
 40
0.6
 40
0.6
 40
1
 40
1
 40
1
 40
1
 10
9.550579999999997
 20
-4.952439999999996
 30
0
 10
9.550579999999997
 20
-4.952439999999996
 30
0
 10
9.602659999999986
 20
-4.952439999999996
 30
0
 10
9.602659999999986
 20
-4.952439999999996
 30
0
 10
9.602659999999986
 20
-4.952439999999996
 30
0
 10
9.602659999999986
 20
-4.952439999999996
 30
0
 10
9.602659999999986
 20
-5.232609999999994
 30
0
 10
9.602659999999986
 20
-5.232609999999994
 30
0
 10
9.602659999999986
 20
-5.232609999999994
 30
0
 10
9.602659999999986
 20
-5.232609999999994
 30
0
 10
9.602659999999986
 20
-5.512779999999992
 30
0
 10
9.602659999999986
 20
-5.512779999999992
 30
0
 10
9.602659999999986
 20
-5.512779999999992
 30
0
 10
9.602659999999986
 20
-5.512779999999992
 30
0
 10
9.837050000000005
 20
-5.694940000000003
 30
0
 10
9.837050000000005
 20
-5.694940000000003
 30
0
  0
SPLINE
  5
112
100
AcDbEntity
  8
layer 1
  6
CONTINUOUS
 62
    1
370
    5
100
AcDbSpline
210
0
220
0
230
0
 70
    8
 71
    3
 72
   12
 73
    8
 74
    0
 42
1e-07
 43
1e-07
 40
0
 40
0
 40
0
 40
0
 40
0.3333333
 40
0.3333333
 40
0.3333333
 40
0.3333333
 40
1
 40
1
 40
1
 40
1
 10
9.837050000000005
 20
-5.694940000000003
 30
0
 10
9.965990000000005
 20
-5.795140000000004
 30
0
 10
10.08176
 20
-5.877099999999999
 30
0
 10
10.0943
 20
-5.877099999999999
 30
0
 10
10.0943
 20
-5.877099999999999
 30
0
 10
10.10686999999999
 20
-5.877099999999999
 30
0
 10
10.22228000000001
 20
-5.794389999999993
 30
0
 10
10.35083
 20
-5.693259999999995
 30
0
  0
SPLINE
  5
113
100
AcDbEntity
  8
layer 1
  6
CONTINUOUS
 62
    1
370
    5
100
AcDbSpline
210
0
220
0
230
0
 70
    8
 71
    3
 72
   12
 73
    8
 74
    0
 42
1e-07
 43
1e-07
 40
0
 40
0
 40
0
 40
0
 40
0.3333333
 40
0.3333333
 40
0.3333333
 40
0.3333333
 40
1
 40
1
 40
1
 40
1
 10
10.35083
 20
-5.693259999999995
 30
0
 10
10.35083
 20
-5.693259999999995
 30
0
 10
10.58449999999999
 20
-5.509419999999992
 30
0
 10
10.58449999999999
 20
-5.509419999999992
 30
0
 10
10.58449999999999
 20
-5.509419999999992
 30
0
 10
10.58449999999999
 20
-5.509419999999992
 30
0
 10
10.58503999999999
 20
-5.230930000000001
 30
0
 10
10.58503999999999
 20
-5.230930000000001
 30
0
  0
SPLINE
  5
114
100
AcDbEntity
  8
layer 1
  6
CONTINUOUS
 62
    1
370
    5
100
AcDbSpline
210
0
220
0
230
0
 70
    8
 71
    3
 72
   12
 73
    8
 74
    0
 42
1e-07
 43
1e-07
 40
0
 40
0
 40
0
 40
0
 40
0.3333333
 40
0.3333333
 40
0.3333333
 40
0.3333333
 40
1
 40
1
 40
1
 40
1
 10
10.58503999999999
 20
-5.230930000000001
 30
0
 10
10.58555000000001
 20
-4.962130000000002
 30
0
 10
10.5872
 20
-4.952439999999996
 30
0
 10
10.63177999999999
 20
-4.952439999999996
 30
0
 10
10.63177999999999
 20
-4.952439999999996
 30
0
 10
10.65725
 20
-4.952439999999996
 30
0
 10
10.71172999999999
 20
-4.989190000000008
 30
0
 10
10.75313
 20
-5.03434
 30
0
  0
SPLINE
  5
115
100
AcDbEntity
  8
layer 1
  6
CONTINUOUS
 62
    1
370
    5
100
AcDbSpline
210
0
220
0
230
0
 70
    8
 71
    3
 72
    8
 73
    4
 74
    0
 42
1e-07
 43
1e-07
 40
0
 40
0
 40
0
 40
0
 40
1
 40
1
 40
1
 40
1
 10
10.75313
 20
-5.03434
 30
0
 10
10.75313
 20
-5.03434
 30
0
 10
10.75316000000001
 20
-5.03434
 30
0
 10
10.75316000000001
 20
-5.03434
 30
0
  0
SPLINE
  5
116
100
AcDbEntity
  8
layer 1
  6
CONTINUOUS
 62
    1
370
    5
100
AcDbSpline
210
0
220
0
230
0
 70
    8
 71
    3
 72
   20
 73
   16
 74
    0
 42
1e-07
 43
1e-07
 40
0
 40
0
 40
0
 40
0
 40
0.2
 40
0.2
 40
0.2
 40
0.2
 40
0.4
 40
0.4
 40
0.4
 40
0.4
 40
0.6
 40
0.6
 40
0.6
 40
0.6
 40
1
 40
1
 40
1
 40
1
 10
14.19395
 20
-9.820149999999998
 30
0
 10
14.19395
 20
-9.820149999999998
 30
0
 10
14.88629
 20
-10.42404999999999
 30
0
 10
14.88629
 20
-10.42404999999999
 30
0
 10
14.88629
 20
-10.42404999999999
 30
0
 10
14.88629
 20
-10.42404999999999
 30
0
 10
14.88746
 20
-10.79374
 30
0
 10
14.88746
 20
-10.79374
 30
0
 10
14.88746
 20
-10.79374
 30
0
 10
14.88746
 20
-10.79374
 30
0
 10
14.8886
 20
-11.16343000000001
 30
0
 10
14.8886
 20
-11.16343000000001
 30
0
 10
14.8886
 20
-11.16343000000001
 30
0
 10
14.8886
 20
-11.16343000000001
 30
0
 10
14.83946
 20
-11.11905999999999
 30
0
 10
14.83946
 20
-11.11905999999999
 30
0
  0
SPLINE
  5
117
100
AcDbEntity
  8
layer 1
  6
CONTINUOUS
 62
    1
370
    5
100
AcDbSpline
210
0
220
0
230
0
 70
    8
 71
    3
 72
   56
 73
   52
 74
    0
 42
1e-07
 43
1e-07
 40
0
 40
0
 40
0
 40
0
 40
0.07142859999999999
 40
0.07142859999999999
 40
0.07142859999999999
 40
0.07142859999999999
 40
0.1428571
 40
0.1428571
 40
0.1428571
 40
0.1428571
 40
0.2142857
 40
0.2142857
 40
0.2142857
 40
0.2142857
 40
0.2857143
 40
0.2857143
 40
0.2857143
 40
0.2857143
 40
0.3571429
 40
0.3571429
 40
0.3571429
 40
0.3571429
 40
0.4285714
 40
0.4285714
 40
0.4285714
 40
0.4285714
 40
0.5
 40
0.5
 40
0.5
 40
0.5
 40
0.5714286
 40
0.5714286
 40
0.5714286
 40
0.5714286
 40
0.6428571
 40
0.6428571
 40
0.6428571
 40
0.6428571
 40
0.7142856999999999
 40
0.7142856999999999
 40
0.7142856999999999
 40
0.7142856999999999
 40
0.7857143
 40
0.7857143
 40
0.7857143
 40
0.7857143
 40
0.8571428999999999
 40
0.8571428999999999
 40
0.8571428999999999
 40
0.8571428999999999
 40
1
 40
1
 40
1
 40
1
 10
14.83946
 20
-11.11905999999999
 30
0
 10
13.50890000000001
 20
-9.91816
 30
0
 10
12.45785000000001
 20
-9.019390000000001
 30
0
 10
12.25655
 20
-8.91046
 30
0
 10
12.25655
 20
-8.91046
 30
0
 10
12.22051999999999
 20
-8.890960000000007
 30
0
 10
12.11732000000001
 20
-8.869029999999995
 30
0
 10
12.02719999999999
 20
-8.861710000000002
 30
0
 10
12.02719999999999
 20
-8.861710000000002
 30
0
 10
11.83382
 20
-8.846019999999996
 30
0
 10
11.72084000000001
 20
-8.797119999999993
 30
0
 10
11.60081
 20
-8.677089999999993
 30
0
 10
11.60081
 20
-8.677089999999993
 30
0
 10
11.48071999999999
 20
-8.557000000000002
 30
0
 10
11.43056000000001
 20
-8.442489999999992
 30
0
 10
11.42833999999999
 20
-8.283459999999991
 30
0
 10
11.42833999999999
 20
-8.283459999999991
 30
0
 10
11.42657
 20
-8.156109999999998
 30
0
 10
11.42824999999999
 20
-8.152209999999997
 30
0
 10
11.48680999999999
 20
-8.145489999999995
 30
0
 10
11.48680999999999
 20
-8.145489999999995
 30
0
 10
11.53457
 20
-8.140000000000001
 30
0
 10
11.57801000000001
 20
-8.166039999999995
 30
0
 10
11.69618
 20
-8.271070000000009
 30
0
 10
11.69618
 20
-8.271070000000009
 30
0
 10
11.7782
 20
-8.343969999999999
 30
0
 10
11.85598999999999
 20
-8.40361
 30
0
 10
11.86903999999998
 20
-8.40361
 30
0
 10
11.86903999999998
 20
-8.40361
 30
0
 10
11.91274999999999
 20
-8.40361
 30
0
 10
12.03281000000001
 20
-8.28631
 30
0
 10
12.06292999999999
 20
-8.214190000000002
 30
0
 10
12.06292999999999
 20
-8.214190000000002
 30
0
 10
12.11491999999998
 20
-8.08981
 30
0
 10
12.10163
 20
-8.053240000000002
 30
0
 10
11.94806
 20
-7.898499999999999
 30
0
 10
11.94806
 20
-7.898499999999999
 30
0
 10
11.80975999999998
 20
-7.759150000000005
 30
0
 10
11.80544
 20
-7.751620000000003
 30
0
 10
11.84989999999999
 20
-7.727859999999993
 30
0
 10
11.84989999999999
 20
-7.727859999999993
 30
0
 10
11.87546
 20
-7.714150000000004
 30
0
 10
11.95778000000001
 20
-7.697769999999991
 30
0
 10
12.03278
 20
-7.69144
 30
0
 10
12.03278
 20
-7.69144
 30
0
 10
12.14489
 20
-7.681960000000004
 30
0
 10
12.18577999999999
 20
-7.688379999999995
 30
0
 10
12.26228
 20
-7.727440000000001
 30
0
 10
12.26228
 20
-7.727440000000001
 30
0
 10
12.4538
 20
-7.825239999999994
 30
0
 10
12.57659000000001
 20
-8.033019999999993
 30
0
 10
12.61009999999999
 20
-8.316069999999996
 30
0
  0
SPLINE
  5
118
100
AcDbEntity
  8
layer 1
  6
CONTINUOUS
 62
    1
370
    5
100
AcDbSpline
210
0
220
0
230
0
 70
    8
 71
    3
 72
   12
 73
    8
 74
    0
 42
1e-07
 43
1e-07
 40
0
 40
0
 40
0
 40
0
 40
0.3333333
 40
0.3333333
 40
0.3333333
 40
0.3333333
 40
1
 40
1
 40
1
 40
1
 10
12.61009999999999
 20
-8.316069999999996
 30
0
 10
12.61009999999999
 20
-8.316069999999996
 30
0
 10
12.62312
 20
-8.425989999999999
 30
0
 10
12.62312
 20
-8.425989999999999
 30
0
 10
12.62312
 20
-8.425989999999999
 30
0
 10
12.62312
 20
-8.425989999999999
 30
0
 10
13.06235000000001
 20
-8.821120000000008
 30
0
 10
13.06235000000001
 20
-8.821120000000008
 30
0
  0
SPLINE
  5
119
100
AcDbEntity
  8
layer 1
  6
CONTINUOUS
 62
    1
370
    5
100
AcDbSpline
210
0
220
0
230
0
 70
    8
 71
    3
 72
    8
 73
    4
 74
    0
 42
1e-07
 43
1e-07
 40
0
 40
0
 40
0
 40
0
 40
1
 40
1
 40
1
 40
1
 10
13.06235000000001
 20
-8.821120000000008
 30
0
 10
13.30394000000001
 20
-9.038439999999994
 30
0
 10
13.81316000000001
 20
-9.487989999999996
 30
0
 10
14.19395
 20
-9.820149999999998
 30
0
  0
SPLINE
  5
11A
100
AcDbEntity
  8
layer 1
  6
CONTINUOUS
 62
    1
370
    5
100
AcDbSpline
210
0
220
0
230
0
 70
    8
 71
    3
 72
   16
 73
   12
 74
    0
 42
1e-07
 43
1e-07
 40
0
 40
0
 40
0
 40
0
 40
0.25
 40
0.25
 40
0.25
 40
0.25
 40
0.5
 40
0.5
 40
0.5
 40
0.5
 40
1
 40
1
 40
1
 40
1
 10
13.47074000000001
 20
-8.070070000000001
 30
0
 10
13.69886
 20
-8.289010000000005
 30
0
 10
13.75060999999999
 20
-8.364519999999999
 30
0
 10
13.70792
 20
-8.415940000000006
 30
0
 10
13.70792
 20
-8.415940000000006
 30
0
 10
13.69475
 20
-8.431839999999994
 30
0
 10
13.61837
 20
-8.466399999999993
 30
0
 10
13.53818000000001
 20
-8.492739999999998
 30
0
 10
13.53818000000001
 20
-8.492739999999998
 30
0
 10
13.45799
 20
-8.519080000000002
 30
0
 10
13.34558000000001
 20
-8.574610000000007
 30
0
 10
13.2884
 20
-8.616129999999998
 30
0
  0
SPLINE
  5
11B
100
AcDbEntity
  8
layer 1
  6
CONTINUOUS
 62
    1
370
    5
100
AcDbSpline
210
0
220
0
230
0
 70
    8
 71
    3
 72
   12
 73
    8
 74
    0
 42
1e-07
 43
1e-07
 40
0
 40
0
 40
0
 40
0
 40
0.3333333
 40
0.3333333
 40
0.3333333
 40
0.3333333
 40
1
 40
1
 40
1
 40
1
 10
13.2884
 20
-8.616129999999998
 30
0
 10
13.2884
 20
-8.616129999999998
 30
0
 10
13.18441999999999
 20
-8.691640000000007
 30
0
 10
13.18441999999999
 20
-8.691640000000007
 30
0
 10
13.18441999999999
 20
-8.691640000000007
 30
0
 10
13.18441999999999
 20
-8.691640000000007
 30
0
 10
13.03721000000002
 20
-8.560749999999999
 30
0
 10
13.03721000000002
 20
-8.560749999999999
 30
0
  0
SPLINE
  5
11C
100
AcDbEntity
  8
layer 1
  6
CONTINUOUS
 62
    1
370
    5
100
AcDbSpline
210
0
220
0
230
0
 70
    8
 71
    3
 72
    8
 73
    4
 74
    0
 42
1e-07
 43
1e-07
 40
0
 40
0
 40
0
 40
0
 40
1
 40
1
 40
1
 40
1
 10
13.03721000000002
 20
-8.560749999999999
 30
0
 10
12.95624000000001
 20
-8.488779999999991
 30
0
 10
12.86597
 20
-8.404089999999997
 30
0
 10
12.83656999999999
 20
-8.372529999999998
 30
0
  0
SPLINE
  5
11D
100
AcDbEntity
  8
layer 1
  6
CONTINUOUS
 62
    1
370
    5
100
AcDbSpline
210
0
220
0
230
0
 70
    8
 71
    3
 72
   12
 73
    8
 74
    0
 42
1e-07
 43
1e-07
 40
0
 40
0
 40
0
 40
0
 40
0.3333333
 40
0.3333333
 40
0.3333333
 40
0.3333333
 40
1
 40
1
 40
1
 40
1
 10
12.83656999999999
 20
-8.372529999999998
 30
0
 10
12.83656999999999
 20
-8.372529999999998
 30
0
 10
12.78314
 20
-8.315200000000004
 30
0
 10
12.78314
 20
-8.315200000000004
 30
0
 10
12.78314
 20
-8.315200000000004
 30
0
 10
12.78314
 20
-8.315200000000004
 30
0
 10
12.92603
 20
-8.179180000000002
 30
0
 10
12.92603
 20
-8.179180000000002
 30
0
  0
SPLINE
  5
11E
100
AcDbEntity
  8
layer 1
  6
CONTINUOUS
 62
    1
370
    5
100
AcDbSpline
210
0
220
0
230
0
 70
    8
 71
    3
 72
   16
 73
   12
 74
    0
 42
1e-07
 43
1e-07
 40
0
 40
0
 40
0
 40
0
 40
0.25
 40
0.25
 40
0.25
 40
0.25
 40
0.5
 40
0.5
 40
0.5
 40
0.5
 40
1
 40
1
 40
1
 40
1
 10
12.92603
 20
-8.179180000000002
 30
0
 10
13.00462999999999
 20
-8.10436
 30
0
 10
13.08529999999999
 20
-8.011510000000001
 30
0
 10
13.10527999999999
 20
-7.972840000000005
 30
0
 10
13.10527999999999
 20
-7.972840000000005
 30
0
 10
13.13675000000001
 20
-7.911999999999992
 30
0
 10
13.19920999999999
 20
-7.857519999999994
 30
0
 10
13.23751999999999
 20
-7.857519999999994
 30
0
 10
13.23751999999999
 20
-7.857519999999994
 30
0
 10
13.244
 20
-7.857519999999994
 30
0
 10
13.34894
 20
-7.953159999999997
 30
0
 10
13.47074000000001
 20
-8.070070000000001
 30
0
  0
SPLINE
  5
11F
100
AcDbEntity
  8
layer 1
  6
CONTINUOUS
 62
    1
370
    5
100
AcDbSpline
210
0
220
0
230
0
 70
    8
 71
    3
 72
   20
 73
   16
 74
    0
 42
1e-07
 43
1e-07
 40
0
 40
0
 40
0
 40
0
 40
0.2
 40
0.2
 40
0.2
 40
0.2
 40
0.4
 40
0.4
 40
0.4
 40
0.4
 40
0.6
 40
0.6
 40
0.6
 40
0.6
 40
1
 40
1
 40
1
 40
1
 10
12.07024999999999
 20
-9.054910000000007
 30
0
 10
12.14696000000001
 20
-9.060400000000001
 30
0
 10
12.19904
 20
-9.084969999999998
 30
0
 10
12.31345999999999
 20
-9.169809999999998
 30
0
 10
12.31345999999999
 20
-9.169809999999998
 30
0
 10
12.53023999999999
 20
-9.330489999999998
 30
0
 10
12.52760000000001
 20
-9.316990000000004
 30
0
 10
12.37111999999999
 20
-9.466269999999994
 30
0
 10
12.37111999999999
 20
-9.466269999999994
 30
0
 10
12.18209000000002
 20
-9.646600000000007
 30
0
 10
11.8835
 20
-9.8917
 30
0
 10
11.51797999999999
 20
-10.16652999999999
 30
0
 10
11.51797999999999
 20
-10.16652999999999
 30
0
 10
11.34755000000001
 20
-10.29465999999999
 30
0
 10
11.12774000000002
 20
-10.46635000000001
 30
0
 10
11.02951999999999
 20
-10.54804
 30
0
  0
SPLINE
  5
120
100
AcDbEntity
  8
layer 1
  6
CONTINUOUS
 62
    1
370
    5
100
AcDbSpline
210
0
220
0
230
0
 70
    8
 71
    3
 72
   12
 73
    8
 74
    0
 42
1e-07
 43
1e-07
 40
0
 40
0
 40
0
 40
0
 40
0.3333333
 40
0.3333333
 40
0.3333333
 40
0.3333333
 40
1
 40
1
 40
1
 40
1
 10
11.02951999999999
 20
-10.54804
 30
0
 10
11.02951999999999
 20
-10.54804
 30
0
 10
10.85093000000001
 20
-10.69656999999999
 30
0
 10
10.85093000000001
 20
-10.69656999999999
 30
0
 10
10.85093000000001
 20
-10.69656999999999
 30
0
 10
10.85093000000001
 20
-10.69656999999999
 30
0
 10
10.80700999999999
 20
-10.62586
 30
0
 10
10.80700999999999
 20
-10.62586
 30
0
  0
SPLINE
  5
121
100
AcDbEntity
  8
layer 1
  6
CONTINUOUS
 62
    1
370
    5
100
AcDbSpline
210
0
220
0
230
0
 70
    8
 71
    3
 72
    8
 73
    4
 74
    0
 42
1e-07
 43
1e-07
 40
0
 40
0
 40
0
 40
0
 40
1
 40
1
 40
1
 40
1
 10
10.80700999999999
 20
-10.62586
 30
0
 10
10.78286
 20
-10.58695
 30
0
 10
10.72457
 20
-10.51765
 30
0
 10
10.67750000000001
 20
-10.47187
 30
0
  0
SPLINE
  5
122
100
AcDbEntity
  8
layer 1
  6
CONTINUOUS
 62
    1
370
    5
100
AcDbSpline
210
0
220
0
230
0
 70
    8
 71
    3
 72
   12
 73
    8
 74
    0
 42
1e-07
 43
1e-07
 40
0
 40
0
 40
0
 40
0
 40
0.3333333
 40
0.3333333
 40
0.3333333
 40
0.3333333
 40
1
 40
1
 40
1
 40
1
 10
10.67750000000001
 20
-10.47187
 30
0
 10
10.67750000000001
 20
-10.47187
 30
0
 10
10.59193999999999
 20
-10.38865
 30
0
 10
10.59193999999999
 20
-10.38865
 30
0
 10
10.59193999999999
 20
-10.38865
 30
0
 10
10.59193999999999
 20
-10.38865
 30
0
 10
11.15209999999999
 20
-9.827529999999996
 30
0
 10
11.15209999999999
 20
-9.827529999999996
 30
0
  0
SPLINE
  5
123
100
AcDbEntity
  8
layer 1
  6
CONTINUOUS
 62
    1
370
    5
100
AcDbSpline
210
0
220
0
230
0
 70
    8
 71
    3
 72
   12
 73
    8
 74
    0
 42
1e-07
 43
1e-07
 40
0
 40
0
 40
0
 40
0
 40
0.3333333
 40
0.3333333
 40
0.3333333
 40
0.3333333
 40
1
 40
1
 40
1
 40
1
 10
11.15209999999999
 20
-9.827529999999996
 30
0
 10
11.46019999999999
 20
-9.518889999999999
 30
0
 10
11.77085
 20
-9.217240000000004
 30
0
 10
11.84243000000001
 20
-9.157180000000011
 30
0
 10
11.84243000000001
 20
-9.157180000000011
 30
0
 10
11.96191999999999
 20
-9.056950000000001
 30
0
 10
11.98063999999999
 20
-9.048550000000006
 30
0
 10
12.07024999999999
 20
-9.054910000000007
 30
0
  0
SPLINE
  5
124
100
AcDbEntity
  8
layer 1
  6
CONTINUOUS
 62
    1
370
    5
100
AcDbSpline
210
0
220
0
230
0
 70
    8
 71
    3
 72
   68
 73
   64
 74
    0
 42
1e-07
 43
1e-07
 40
0
 40
0
 40
0
 40
0
 40
0.0588235
 40
0.0588235
 40
0.0588235
 40
0.0588235
 40
0.1176471
 40
0.1176471
 40
0.1176471
 40
0.1176471
 40
0.1764706
 40
0.1764706
 40
0.1764706
 40
0.1764706
 40
0.2352941
 40
0.2352941
 40
0.2352941
 40
0.2352941
 40
0.2941176
 40
0.2941176
 40
0.2941176
 40
0.2941176
 40
0.3529412
 40
0.3529412
 40
0.3529412
 40
0.3529412
 40
0.4117647
 40
0.4117647
 40
0.4117647
 40
0.4117647
 40
0.4705882
 40
0.4705882
 40
0.4705882
 40
0.4705882
 40
0.5294118
 40
0.5294118
 40
0.5294118
 40
0.5294118
 40
0.5882353
 40
0.5882353
 40
0.5882353
 40
0.5882353
 40
0.6470587999999999
 40
0.6470587999999999
 40
0.6470587999999999
 40
0.6470587999999999
 40
0.7058824
 40
0.7058824
 40
0.7058824
 40
0.7058824
 40
0.7647058999999999
 40
0.7647058999999999
 40
0.7647058999999999
 40
0.7647058999999999
 40
0.8235294
 40
0.8235294
 40
0.8235294
 40
0.8235294
 40
0.8823529
 40
0.8823529
 40
0.8823529
 40
0.8823529
 40
1
 40
1
 40
1
 40
1
 10
8.346350000000001
 20
-10.84452999999999
 30
0
 10
8.409590000000009
 20
-11.01559
 30
0
 10
8.526289999999989
 20
-11.21115999999999
 30
0
 10
8.63873000000001
 20
-11.33449
 30
0
 10
8.63873000000001
 20
-11.33449
 30
0
 10
8.697020000000009
 20
-11.39838999999999
 30
0
 10
8.751229999999993
 20
-11.47149999999999
 30
0
 10
8.759209999999996
 20
-11.49694
 30
0
 10
8.759209999999996
 20
-11.49694
 30
0
 10
8.767220000000009
 20
-11.52238
 30
0
 10
8.792689999999993
 20
-11.56036
 30
0
 10
8.815850000000012
 20
-11.58132999999999
 30
0
 10
8.815850000000012
 20
-11.58132999999999
 30
0
 10
8.856110000000001
 20
-11.61775
 30
0
 10
8.865110000000016
 20
-11.61645999999999
 30
0
 10
9.021289999999993
 20
-11.55142000000001
 30
0
 10
9.021289999999993
 20
-11.55142000000001
 30
0
 10
9.111109999999996
 20
-11.51404000000001
 30
0
 10
9.206029999999998
 20
-11.48344
 30
0
 10
9.232190000000003
 20
-11.48344
 30
0
 10
9.232190000000003
 20
-11.48344
 30
0
 10
9.282080000000008
 20
-11.48344
 30
0
 10
9.42407
 20
-11.37747999999999
 30
0
 10
9.788299999999992
 20
-11.06842
 30
0
 10
9.788299999999992
 20
-11.06842
 30
0
 10
9.908659999999998
 20
-10.9663
 30
0
 10
10.02397999999999
 20
-10.86949
 30
0
 10
10.04459
 20
-10.85326000000001
 30
0
 10
10.04459
 20
-10.85326000000001
 30
0
 10
10.07750000000001
 20
-10.82737
 30
0
 10
10.0967
 20
-10.83628
 30
0
 10
10.20275000000001
 20
-10.92690999999999
 30
0
 10
10.20275000000001
 20
-10.92690999999999
 30
0
 10
10.30184
 20
-11.01154
 30
0
 10
10.32346999999999
 20
-11.04240999999999
 30
0
 10
10.32346999999999
 20
-11.09893
 30
0
 10
10.32346999999999
 20
-11.09893
 30
0
 10
10.32346999999999
 20
-11.15749
 30
0
 10
10.29965000000001
 20
-11.18805999999999
 30
0
 10
10.16410999999999
 20
-11.30347
 30
0
 10
10.16410999999999
 20
-11.30347
 30
0
 10
10.00556
 20
-11.43844
 30
0
 10
9.634340000000009
 20
-11.81671
 30
0
 10
9.498919999999998
 20
-11.98132
 30
0
 10
9.498919999999998
 20
-11.98132
 30
0
 10
9.413479999999993
 20
-12.08512
 30
0
 10
9.405740000000009
 20
-12.18832
 30
0
 10
9.472909999999985
 20
-12.3271
 30
0
 10
9.472909999999985
 20
-12.3271
 30
0
 10
9.505580000000009
 20
-12.39457
 30
0
 10
9.543380000000013
 20
-12.4324
 30
0
 10
9.610880000000009
 20
-12.46507
 30
0
 10
9.610880000000009
 20
-12.46507
 30
0
 10
9.662000000000006
 20
-12.48979
 30
0
 10
9.713840000000005
 20
-12.51004
 30
0
 10
9.726049999999987
 20
-12.51004
 30
0
 10
9.726049999999987
 20
-12.51004
 30
0
 10
9.761480000000006
 20
-12.51004
 30
0
 10
9.908479999999997
 20
-12.73752999999999
 30
0
 10
9.908479999999997
 20
-12.79234
 30
0
 10
9.908479999999997
 20
-12.79234
 30
0
 10
9.908479999999997
 20
-12.86292999999999
 30
0
 10
9.78121999999999
 20
-12.98116
 30
0
 10
9.669080000000008
 20
-13.01476
 30
0
  0
SPLINE
  5
125
100
AcDbEntity
  8
layer 1
  6
CONTINUOUS
 62
    1
370
    5
100
AcDbSpline
210
0
220
0
230
0
 70
    8
 71
    3
 72
   12
 73
    8
 74
    0
 42
1e-07
 43
1e-07
 40
0
 40
0
 40
0
 40
0
 40
0.3333333
 40
0.3333333
 40
0.3333333
 40
0.3333333
 40
1
 40
1
 40
1
 40
1
 10
9.669080000000008
 20
-13.01476
 30
0
 10
9.669080000000008
 20
-13.01476
 30
0
 10
9.573859999999996
 20
-13.04329
 30
0
 10
9.573859999999996
 20
-13.04329
 30
0
 10
9.573859999999996
 20
-13.04329
 30
0
 10
9.573859999999996
 20
-13.04329
 30
0
 10
9.470059999999989
 20
-12.92554
 30
0
 10
9.470059999999989
 20
-12.92554
 30
0
  0
SPLINE
  5
126
100
AcDbEntity
  8
layer 1
  6
CONTINUOUS
 62
    1
370
    5
100
AcDbSpline
210
0
220
0
230
0
 70
    8
 71
    3
 72
   36
 73
   32
 74
    0
 42
1e-07
 43
1e-07
 40
0
 40
0
 40
0
 40
0
 40
0.1111111
 40
0.1111111
 40
0.1111111
 40
0.1111111
 40
0.2222222
 40
0.2222222
 40
0.2222222
 40
0.2222222
 40
0.3333333
 40
0.3333333
 40
0.3333333
 40
0.3333333
 40
0.4444444
 40
0.4444444
 40
0.4444444
 40
0.4444444
 40
0.5555555999999999
 40
0.5555555999999999
 40
0.5555555999999999
 40
0.5555555999999999
 40
0.6666666999999999
 40
0.6666666999999999
 40
0.6666666999999999
 40
0.6666666999999999
 40
0.7777778
 40
0.7777778
 40
0.7777778
 40
0.7777778
 40
1
 40
1
 40
1
 40
1
 10
9.470059999999989
 20
-12.92554
 30
0
 10
9.412939999999992
 20
-12.86077
 30
0
 10
9.361159999999984
 20
-12.78255999999999
 30
0
 10
9.354980000000012
 20
-12.75175
 30
0
 10
9.354980000000012
 20
-12.75175
 30
0
 10
9.348770000000002
 20
-12.72094
 30
0
 10
9.320539999999994
 20
-12.66133000000001
 30
0
 10
9.292190000000005
 20
-12.61927
 30
0
 10
9.292190000000005
 20
-12.61927
 30
0
 10
9.248930000000001
 20
-12.5551
 30
0
 10
9.22453999999999
 20
-12.54094000000001
 30
0
 10
9.140270000000015
 20
-12.53116
 30
0
 10
9.140270000000015
 20
-12.53116
 30
0
 10
8.999419999999986
 20
-12.51483999999999
 30
0
 10
8.877379999999988
 20
-12.42211
 30
0
 10
8.753990000000016
 20
-12.23760999999999
 30
0
 10
8.753990000000016
 20
-12.23760999999999
 30
0
 10
8.62679
 20
-12.04741
 30
0
 10
8.428910000000002
 20
-11.66104
 30
0
 10
8.346650000000011
 20
-11.44225
 30
0
 10
8.346650000000011
 20
-11.44225
 30
0
 10
8.272580000000005
 20
-11.24518
 30
0
 10
8.141330000000011
 20
-10.76776
 30
0
 10
8.156990000000008
 20
-10.75212999999999
 30
0
 10
8.156990000000008
 20
-10.75212999999999
 30
0
 10
8.163200000000018
 20
-10.74589
 30
0
 10
8.199739999999991
 20
-10.74079
 30
0
 10
8.238169999999997
 20
-10.74079
 30
0
 10
8.238169999999997
 20
-10.74079
 30
0
 10
8.301530000000014
 20
-10.74079
 30
0
 10
8.311550000000011
 20
-10.75036
 30
0
 10
8.346350000000001
 20
-10.84452999999999
 30
0
  0
SPLINE
  5
127
100
AcDbEntity
  8
layer 1
  6
CONTINUOUS
 62
    1
370
    5
100
AcDbSpline
210
0
220
0
230
0
 70
    8
 71
    3
 72
   20
 73
   16
 74
    0
 42
1e-07
 43
1e-07
 40
0
 40
0
 40
0
 40
0
 40
0.2
 40
0.2
 40
0.2
 40
0.2
 40
0.4
 40
0.4
 40
0.4
 40
0.4
 40
0.6
 40
0.6
 40
0.6
 40
0.6
 40
1
 40
1
 40
1
 40
1
 10
15.48448999999999
 20
-11.72224
 30
0
 10
15.48448999999999
 20
-11.72224
 30
0
 10
15.4118
 20
-11.64433
 30
0
 10
15.4118
 20
-11.64433
 30
0
 10
15.4118
 20
-11.64433
 30
0
 10
15.4118
 20
-11.64433
 30
0
 10
15.41776999999999
 20
-11.26819
 30
0
 10
15.41776999999999
 20
-11.26819
 30
0
 10
15.41776999999999
 20
-11.26819
 30
0
 10
15.41776999999999
 20
-11.26819
 30
0
 10
15.42376999999999
 20
-10.89207999999999
 30
0
 10
15.42376999999999
 20
-10.89207999999999
 30
0
 10
15.42376999999999
 20
-10.89207999999999
 30
0
 10
15.42376999999999
 20
-10.89207999999999
 30
0
 10
15.6968
 20
-11.12466999999999
 30
0
 10
15.6968
 20
-11.12466999999999
 30
0
  0
SPLINE
  5
128
100
AcDbEntity
  8
layer 1
  6
CONTINUOUS
 62
    1
370
    5
100
AcDbSpline
210
0
220
0
230
0
 70
    8
 71
    3
 72
   16
 73
   12
 74
    0
 42
1e-07
 43
1e-07
 40
0
 40
0
 40
0
 40
0
 40
0.25
 40
0.25
 40
0.25
 40
0.25
 40
0.5
 40
0.5
 40
0.5
 40
0.5
 40
1
 40
1
 40
1
 40
1
 10
15.6968
 20
-11.12466999999999
 30
0
 10
16.07156000000001
 20
-11.4439
 30
0
 10
16.04297
 20
-11.42883999999999
 30
0
 10
16.27468999999999
 20
-11.42883999999999
 30
0
 10
16.27468999999999
 20
-11.42883999999999
 30
0
 10
16.45186999999999
 20
-11.42883999999999
 30
0
 10
16.48298
 20
-11.43513999999999
 30
0
 10
16.57660999999999
 20
-11.49019
 30
0
 10
16.57660999999999
 20
-11.49019
 30
0
 10
16.73324
 20
-11.58226000000001
 30
0
 10
16.83922999999999
 20
-11.75368
 30
0
 10
16.85066
 20
-11.93343999999999
 30
0
  0
SPLINE
  5
129
100
AcDbEntity
  8
layer 1
  6
CONTINUOUS
 62
    1
370
    5
100
AcDbSpline
210
0
220
0
230
0
 70
    8
 71
    3
 72
   12
 73
    8
 74
    0
 42
1e-07
 43
1e-07
 40
0
 40
0
 40
0
 40
0
 40
0.3333333
 40
0.3333333
 40
0.3333333
 40
0.3333333
 40
1
 40
1
 40
1
 40
1
 10
16.85066
 20
-11.93343999999999
 30
0
 10
16.85066
 20
-11.93343999999999
 30
0
 10
16.85956999999999
 20
-12.07321
 30
0
 10
16.85956999999999
 20
-12.07321
 30
0
 10
16.85956999999999
 20
-12.07321
 30
0
 10
16.85956999999999
 20
-12.07321
 30
0
 10
16.77803
 20
-12.07321
 30
0
 10
16.77803
 20
-12.07321
 30
0
  0
SPLINE
  5
12A
100
AcDbEntity
  8
layer 1
  6
CONTINUOUS
 62
    1
370
    5
100
AcDbSpline
210
0
220
0
230
0
 70
    8
 71
    3
 72
    8
 73
    4
 74
    0
 42
1e-07
 43
1e-07
 40
0
 40
0
 40
0
 40
0
 40
1
 40
1
 40
1
 40
1
 10
16.77803
 20
-12.07321
 30
0
 10
16.70945
 20
-12.07321
 30
0
 10
16.67323999999999
 20
-12.05257
 30
0
 10
16.55000000000001
 20
-11.94331
 30
0
  0
SPLINE
  5
12B
100
AcDbEntity
  8
layer 1
  6
CONTINUOUS
 62
    1
370
    5
100
AcDbSpline
210
0
220
0
230
0
 70
    8
 71
    3
 72
   12
 73
    8
 74
    0
 42
1e-07
 43
1e-07
 40
0
 40
0
 40
0
 40
0
 40
0.3333333
 40
0.3333333
 40
0.3333333
 40
0.3333333
 40
1
 40
1
 40
1
 40
1
 10
16.55000000000001
 20
-11.94331
 30
0
 10
16.55000000000001
 20
-11.94331
 30
0
 10
16.40348
 20
-11.81341
 30
0
 10
16.40348
 20
-11.81341
 30
0
 10
16.40348
 20
-11.81341
 30
0
 10
16.40348
 20
-11.81341
 30
0
 10
16.33528999999999
 20
-11.8549
 30
0
 10
16.33528999999999
 20
-11.8549
 30
0
  0
SPLINE
  5
12C
100
AcDbEntity
  8
layer 1
  6
CONTINUOUS
 62
    1
370
    5
100
AcDbSpline
210
0
220
0
230
0
 70
    8
 71
    3
 72
   12
 73
    8
 74
    0
 42
1e-07
 43
1e-07
 40
0
 40
0
 40
0
 40
0
 40
0.3333333
 40
0.3333333
 40
0.3333333
 40
0.3333333
 40
1
 40
1
 40
1
 40
1
 10
16.33528999999999
 20
-11.8549
 30
0
 10
16.25021000000001
 20
-11.90665
 30
0
 10
16.20086000000001
 20
-11.98042000000001
 30
0
 10
16.18468999999999
 20
-12.08014
 30
0
 10
16.18468999999999
 20
-12.08014
 30
0
 10
16.17277999999999
 20
-12.15355
 30
0
 10
16.18037000000001
 20
-12.16504
 30
0
 10
16.34405000000001
 20
-12.3211
 30
0
  0
SPLINE
  5
12D
100
AcDbEntity
  8
layer 1
  6
CONTINUOUS
 62
    1
370
    5
100
AcDbSpline
210
0
220
0
230
0
 70
    8
 71
    3
 72
   12
 73
    8
 74
    0
 42
1e-07
 43
1e-07
 40
0
 40
0
 40
0
 40
0
 40
0.3333333
 40
0.3333333
 40
0.3333333
 40
0.3333333
 40
1
 40
1
 40
1
 40
1
 10
16.34405000000001
 20
-12.3211
 30
0
 10
16.34405000000001
 20
-12.3211
 30
0
 10
16.51591999999999
 20
-12.48496
 30
0
 10
16.51591999999999
 20
-12.48496
 30
0
 10
16.51591999999999
 20
-12.48496
 30
0
 10
16.51591999999999
 20
-12.48496
 30
0
 10
16.45036999999999
 20
-12.51085
 30
0
 10
16.45036999999999
 20
-12.51085
 30
0
  0
SPLINE
  5
12E
100
AcDbEntity
  8
layer 1
  6
CONTINUOUS
 62
    1
370
    5
100
AcDbSpline
210
0
220
0
230
0
 70
    8
 71
    3
 72
   16
 73
   12
 74
    0
 42
1e-07
 43
1e-07
 40
0
 40
0
 40
0
 40
0
 40
0.25
 40
0.25
 40
0.25
 40
0.25
 40
0.5
 40
0.5
 40
0.5
 40
0.5
 40
1
 40
1
 40
1
 40
1
 10
16.45036999999999
 20
-12.51085
 30
0
 10
16.34066000000001
 20
-12.55422999999999
 30
0
 10
16.11439999999999
 20
-12.54421000000001
 30
0
 10
16.00193000000002
 20
-12.49102000000001
 30
0
 10
16.00193000000002
 20
-12.49102000000001
 30
0
 10
15.77557999999999
 20
-12.38395
 30
0
 10
15.67166
 20
-12.24793
 30
0
 10
15.63305
 20
-12.00811
 30
0
 10
15.63305
 20
-12.00811
 30
0
 10
15.60998000000001
 20
-11.86483
 30
0
 10
15.60047
 20
-11.84653
 30
0
 10
15.48448999999999
 20
-11.72224
 30
0
  0
SPLINE
  5
12F
100
AcDbEntity
  8
layer 1
  6
CONTINUOUS
 62
    1
370
    5
100
AcDbSpline
210
0
220
0
230
0
 70
    8
 71
    3
 72
    8
 73
    4
 74
    0
 42
1e-07
 43
1e-07
 40
0
 40
0
 40
0
 40
0
 40
1
 40
1
 40
1
 40
1
 10
16.69997000000001
 20
-18.36859000000002
 30
0
 10
16.69997000000001
 20
-18.36859000000002
 30
0
 10
16.92464000000001
 20
-18.24964
 30
0
 10
16.92464000000001
 20
-18.24964
 30
0
  0
SPLINE
  5
130
100
AcDbEntity
  8
layer 1
  6
CONTINUOUS
 62
    1
370
    5
100
AcDbSpline
210
0
220
0
230
0
 70
    8
 71
    3
 72
   24
 73
   20
 74
    0
 42
1e-07
 43
1e-07
 40
0
 40
0
 40
0
 40
0
 40
0.1666667
 40
0.1666667
 40
0.1666667
 40
0.1666667
 40
0.3333333
 40
0.3333333
 40
0.3333333
 40
0.3333333
 40
0.5
 40
0.5
 40
0.5
 40
0.5
 40
0.6666666999999999
 40
0.6666666999999999
 40
0.6666666999999999
 40
0.6666666999999999
 40
1
 40
1
 40
1
 40
1
 10
16.92464000000001
 20
-18.24964
 30
0
 10
17.14052000000001
 20
-18.13537000000001
 30
0
 10
17.64082999999999
 20
-17.84188
 30
0
 10
17.64082999999999
 20
-17.82952
 30
0
 10
17.64082999999999
 20
-17.82952
 30
0
 10
17.64082999999999
 20
-17.82625
 30
0
 10
17.54275999999999
 20
-17.74162000000001
 30
0
 10
17.42293999999998
 20
-17.64144999999999
 30
0
 10
17.42293999999998
 20
-17.64144999999999
 30
0
 10
17.18195
 20
-17.44002999999999
 30
0
 10
17.14297999999999
 20
-17.37679
 30
0
 10
17.19049999999999
 20
-17.2645
 30
0
 10
17.19049999999999
 20
-17.2645
 30
0
 10
17.23438999999999
 20
-17.16087999999999
 30
0
 10
17.30411000000001
 20
-17.10898
 30
0
 10
17.39950999999999
 20
-17.10898
 30
0
 10
17.39950999999999
 20
-17.10898
 30
0
 10
17.46755000000002
 20
-17.10898
 30
0
 10
17.53742
 20
-17.14552
 30
0
 10
17.79041000000001
 20
-17.31334
 30
0
  0
SPLINE
  5
131
100
AcDbEntity
  8
layer 1
  6
CONTINUOUS
 62
    1
370
    5
100
AcDbSpline
210
0
220
0
230
0
 70
    8
 71
    3
 72
   12
 73
    8
 74
    0
 42
1e-07
 43
1e-07
 40
0
 40
0
 40
0
 40
0
 40
0.3333333
 40
0.3333333
 40
0.3333333
 40
0.3333333
 40
1
 40
1
 40
1
 40
1
 10
17.79041000000001
 20
-17.31334
 30
0
 10
17.79041000000001
 20
-17.31334
 30
0
 10
18.09848
 20
-17.51767
 30
0
 10
18.09848
 20
-17.51767
 30
0
 10
18.09848
 20
-17.51767
 30
0
 10
18.09848
 20
-17.51767
 30
0
 10
18.30104
 20
-17.35803999999999
 30
0
 10
18.30104
 20
-17.35803999999999
 30
0
  0
SPLINE
  5
132
100
AcDbEntity
  8
layer 1
  6
CONTINUOUS
 62
    1
370
    5
100
AcDbSpline
210
0
220
0
230
0
 70
    8
 71
    3
 72
   24
 73
   20
 74
    0
 42
1e-07
 43
1e-07
 40
0
 40
0
 40
0
 40
0
 40
0.1666667
 40
0.1666667
 40
0.1666667
 40
0.1666667
 40
0.3333333
 40
0.3333333
 40
0.3333333
 40
0.3333333
 40
0.5
 40
0.5
 40
0.5
 40
0.5
 40
0.6666666999999999
 40
0.6666666999999999
 40
0.6666666999999999
 40
0.6666666999999999
 40
1
 40
1
 40
1
 40
1
 10
18.30104
 20
-17.35803999999999
 30
0
 10
18.55978999999999
 20
-17.15415999999999
 30
0
 10
18.90770000000001
 20
-16.85223999999999
 30
0
 10
18.90770000000001
 20
-16.83157
 30
0
 10
18.90770000000001
 20
-16.83157
 30
0
 10
18.90770000000001
 20
-16.82284
 30
0
 10
18.81184999999999
 20
-16.75972
 30
0
 10
18.69472999999999
 20
-16.69135
 30
0
 10
18.69472999999999
 20
-16.69135
 30
0
 10
18.57760999999999
 20
-16.62298
 30
0
 10
18.46342999999999
 20
-16.55113
 30
0
 10
18.44102000000001
 20
-16.53172000000001
 30
0
 10
18.44102000000001
 20
-16.53172000000001
 30
0
 10
18.30095
 20
-16.41031000000001
 30
0
 10
18.40358000000001
 20
-16.15782999999999
 30
0
 10
18.59299999999999
 20
-16.15782999999999
 30
0
 10
18.59299999999999
 20
-16.15782999999999
 30
0
 10
18.63467
 20
-16.15782999999999
 30
0
 10
18.80323999999999
 20
-16.21836999999999
 30
0
 10
18.98869999999999
 20
-16.29993999999999
 30
0
  0
SPLINE
  5
133
100
AcDbEntity
  8
layer 1
  6
CONTINUOUS
 62
    1
370
    5
100
AcDbSpline
210
0
220
0
230
0
 70
    8
 71
    3
 72
   12
 73
    8
 74
    0
 42
1e-07
 43
1e-07
 40
0
 40
0
 40
0
 40
0
 40
0.3333333
 40
0.3333333
 40
0.3333333
 40
0.3333333
 40
1
 40
1
 40
1
 40
1
 10
18.98869999999999
 20
-16.29993999999999
 30
0
 10
18.98869999999999
 20
-16.29993999999999
 30
0
 10
19.31180000000001
 20
-16.44202
 30
0
 10
19.31180000000001
 20
-16.44202
 30
0
 10
19.31180000000001
 20
-16.44202
 30
0
 10
19.31180000000001
 20
-16.44202
 30
0
 10
19.45076
 20
-16.29448000000001
 30
0
 10
19.45076
 20
-16.29448000000001
 30
0
  0
SPLINE
  5
134
100
AcDbEntity
  8
layer 1
  6
CONTINUOUS
 62
    1
370
    5
100
AcDbSpline
210
0
220
0
230
0
 70
    8
 71
    3
 72
   52
 73
   48
 74
    0
 42
1e-07
 43
1e-07
 40
0
 40
0
 40
0
 40
0
 40
0.07692309999999999
 40
0.07692309999999999
 40
0.07692309999999999
 40
0.07692309999999999
 40
0.1538462
 40
0.1538462
 40
0.1538462
 40
0.1538462
 40
0.2307692
 40
0.2307692
 40
0.2307692
 40
0.2307692
 40
0.3076923
 40
0.3076923
 40
0.3076923
 40
0.3076923
 40
0.3846154
 40
0.3846154
 40
0.3846154
 40
0.3846154
 40
0.4615385
 40
0.4615385
 40
0.4615385
 40
0.4615385
 40
0.5384614999999999
 40
0.5384614999999999
 40
0.5384614999999999
 40
0.5384614999999999
 40
0.6153845999999999
 40
0.6153845999999999
 40
0.6153845999999999
 40
0.6153845999999999
 40
0.6923077
 40
0.6923077
 40
0.6923077
 40
0.6923077
 40
0.7692308
 40
0.7692308
 40
0.7692308
 40
0.7692308
 40
0.8461538
 40
0.8461538
 40
0.8461538
 40
0.8461538
 40
1
 40
1
 40
1
 40
1
 10
19.45076
 20
-16.29448000000001
 30
0
 10
19.64842999999999
 20
-16.08459999999999
 30
0
 10
20.00162
 20
-15.64984000000001
 30
0
 10
19.99369999999999
 20
-15.62611
 30
0
 10
19.99369999999999
 20
-15.62611
 30
0
 10
19.99003999999999
 20
-15.6151
 30
0
 10
19.87508
 20
-15.56448999999999
 30
0
 10
19.73828
 20
-15.51366999999999
 30
0
 10
19.73828
 20
-15.51366999999999
 30
0
 10
19.48339999999999
 20
-15.41902
 30
0
 10
19.38824
 20
-15.35014
 30
0
 10
19.38824
 20
-15.26038
 30
0
 10
19.38824
 20
-15.26038
 30
0
 10
19.38824
 20
-15.17095
 30
0
 10
19.45099999999999
 20
-15.06631
 30
0
 10
19.52615
 20
-15.03049
 30
0
 10
19.52615
 20
-15.03049
 30
0
 10
19.59848
 20
-14.99599000000001
 30
0
 10
19.61287999999999
 20
-14.99767
 30
0
 10
19.96376000000001
 20
-15.08161
 30
0
 10
19.96376000000001
 20
-15.08161
 30
0
 10
20.29355000000001
 20
-15.16045
 30
0
 10
20.32930999999999
 20
-15.16519
 30
0
 10
20.35597999999999
 20
-15.13342
 30
0
 10
20.35597999999999
 20
-15.13342
 30
0
 10
20.45123000000001
 20
-15.02002
 30
0
 10
20.88746
 20
-14.26414
 30
0
 10
20.86856
 20
-14.24524
 30
0
 10
20.86856
 20
-14.24524
 30
0
 10
20.86304000000001
 20
-14.23972000000001
 30
0
 10
20.74639999999999
 20
-14.21485
 30
0
 10
20.60938999999999
 20
-14.18997999999999
 30
0
 10
20.60938999999999
 20
-14.18997999999999
 30
0
 10
20.47235000000001
 20
-14.16511
 30
0
 10
20.33597
 20
-14.13328
 30
0
 10
20.30626999999998
 20
-14.11923999999999
 30
0
 10
20.30626999999998
 20
-14.11923999999999
 30
0
 10
20.14690999999999
 20
-14.04382
 30
0
 10
20.18045000000001
 20
-13.76371
 30
0
 10
20.35457
 20
-13.71589
 30
0
 10
20.35457
 20
-13.71589
 30
0
 10
20.39453
 20
-13.70491
 30
0
 10
20.52644000000001
 20
-13.70392000000001
 30
0
 10
20.65511000000001
 20
-13.71358000000001
 30
0
 10
20.65511000000001
 20
-13.71358000000001
 30
0
 10
20.78126
 20
-13.72309
 30
0
 10
20.93935999999999
 20
-13.73128
 30
0
 10
21.00641000000002
 20
-13.73206
 30
0
  0
SPLINE
  5
135
100
AcDbEntity
  8
layer 1
  6
CONTINUOUS
 62
    1
370
    5
100
AcDbSpline
210
0
220
0
230
0
 70
    8
 71
    3
 72
   12
 73
    8
 74
    0
 42
1e-07
 43
1e-07
 40
0
 40
0
 40
0
 40
0
 40
0.3333333
 40
0.3333333
 40
0.3333333
 40
0.3333333
 40
1
 40
1
 40
1
 40
1
 10
21.00641000000002
 20
-13.73206
 30
0
 10
21.00641000000002
 20
-13.73206
 30
0
 10
21.12833000000001
 20
-13.73335
 30
0
 10
21.12833000000001
 20
-13.73335
 30
0
 10
21.12833000000001
 20
-13.73335
 30
0
 10
21.12833000000001
 20
-13.73335
 30
0
 10
21.22241
 20
-13.49853999999999
 30
0
 10
21.22241
 20
-13.49853999999999
 30
0
  0
SPLINE
  5
136
100
AcDbEntity
  8
layer 1
  6
CONTINUOUS
 62
    1
370
    5
100
AcDbSpline
210
0
220
0
230
0
 70
    8
 71
    3
 72
    8
 73
    4
 74
    0
 42
1e-07
 43
1e-07
 40
0
 40
0
 40
0
 40
0
 40
1
 40
1
 40
1
 40
1
 10
21.22241
 20
-13.49853999999999
 30
0
 10
21.34163000000001
 20
-13.20094
 30
0
 10
21.47533999999999
 20
-12.82621
 30
0
 10
21.49517
 20
-12.73402
 30
0
  0
SPLINE
  5
137
100
AcDbEntity
  8
layer 1
  6
CONTINUOUS
 62
    1
370
    5
100
AcDbSpline
210
0
220
0
230
0
 70
    8
 71
    3
 72
   20
 73
   16
 74
    0
 42
1e-07
 43
1e-07
 40
0
 40
0
 40
0
 40
0
 40
0.2
 40
0.2
 40
0.2
 40
0.2
 40
0.4
 40
0.4
 40
0.4
 40
0.4
 40
0.6
 40
0.6
 40
0.6
 40
0.6
 40
1
 40
1
 40
1
 40
1
 10
21.49517
 20
-12.73402
 30
0
 10
21.49517
 20
-12.73402
 30
0
 10
21.51047
 20
-12.66304
 30
0
 10
21.51047
 20
-12.66304
 30
0
 10
21.51047
 20
-12.66304
 30
0
 10
21.51047
 20
-12.66304
 30
0
 10
21.20486
 20
-12.66304
 30
0
 10
21.20486
 20
-12.66304
 30
0
 10
21.20486
 20
-12.66304
 30
0
 10
21.20486
 20
-12.66304
 30
0
 10
20.89928
 20
-12.66304
 30
0
 10
20.89928
 20
-12.66304
 30
0
 10
20.89928
 20
-12.66304
 30
0
 10
20.89928
 20
-12.66304
 30
0
 10
20.84272999999999
 20
-12.59584000000001
 30
0
 10
20.84272999999999
 20
-12.59584000000001
 30
0
  0
SPLINE
  5
138
100
AcDbEntity
  8
layer 1
  6
CONTINUOUS
 62
    1
370
    5
100
AcDbSpline
210
0
220
0
230
0
 70
    8
 71
    3
 72
   52
 73
   48
 74
    0
 42
1e-07
 43
1e-07
 40
0
 40
0
 40
0
 40
0
 40
0.07692309999999999
 40
0.07692309999999999
 40
0.07692309999999999
 40
0.07692309999999999
 40
0.1538462
 40
0.1538462
 40
0.1538462
 40
0.1538462
 40
0.2307692
 40
0.2307692
 40
0.2307692
 40
0.2307692
 40
0.3076923
 40
0.3076923
 40
0.3076923
 40
0.3076923
 40
0.3846154
 40
0.3846154
 40
0.3846154
 40
0.3846154
 40
0.4615385
 40
0.4615385
 40
0.4615385
 40
0.4615385
 40
0.5384614999999999
 40
0.5384614999999999
 40
0.5384614999999999
 40
0.5384614999999999
 40
0.6153845999999999
 40
0.6153845999999999
 40
0.6153845999999999
 40
0.6153845999999999
 40
0.6923077
 40
0.6923077
 40
0.6923077
 40
0.6923077
 40
0.7692308
 40
0.7692308
 40
0.7692308
 40
0.7692308
 40
0.8461538
 40
0.8461538
 40
0.8461538
 40
0.8461538
 40
1
 40
1
 40
1
 40
1
 10
20.84272999999999
 20
-12.59584000000001
 30
0
 10
20.74888999999999
 20
-12.48433
 30
0
 10
20.77555999999998
 20
-12.31216000000001
 30
0
 10
20.89672999999999
 20
-12.24733000000001
 30
0
 10
20.89672999999999
 20
-12.24733000000001
 30
0
 10
20.92025000000001
 20
-12.23473
 30
0
 10
21.09775999999999
 20
-12.20572
 30
0
 10
21.2912
 20
-12.18286000000001
 30
0
 10
21.2912
 20
-12.18286000000001
 30
0
 10
21.48461
 20
-12.16
 30
0
 10
21.64793
 20
-12.13624
 30
0
 10
21.65411
 20
-12.13003
 30
0
 10
21.65411
 20
-12.13003
 30
0
 10
21.68987000000001
 20
-12.09427000000001
 30
0
 10
21.85426999999999
 20
-11.12455
 30
0
 10
21.82889
 20
-11.09917
 30
0
 10
21.82889
 20
-11.09917
 30
0
 10
21.82150999999999
 20
-11.09179
 30
0
 10
21.69263000000001
 20
-11.10655
 30
0
 10
21.54245
 20
-11.1319
 30
0
 10
21.54245
 20
-11.1319
 30
0
 10
21.23846
 20
-11.18325999999999
 30
0
 10
21.17939000000001
 20
-11.1742
 30
0
 10
21.12433999999999
 20
-11.06773
 30
0
 10
21.12433999999999
 20
-11.06773
 30
0
 10
21.09512000000001
 20
-11.01121000000001
 30
0
 10
21.08606
 20
-11.00905
 30
0
 10
20.71643
 20
-10.97073999999999
 30
0
 10
20.71643
 20
-10.97073999999999
 30
0
 10
20.5085
 20
-10.94917000000001
 30
0
 10
20.33020999999999
 20
-10.92418000000001
 30
0
 10
20.32015999999999
 20
-10.91515
 30
0
 10
20.32015999999999
 20
-10.91515
 30
0
 10
20.31013999999999
 20
-10.90618000000001
 30
0
 10
20.32745
 20
-10.85836
 30
0
 10
20.35865000000001
 20
-10.80892
 30
0
 10
20.35865000000001
 20
-10.80892
 30
0
 10
20.42509999999999
 20
-10.70365000000001
 30
0
 10
20.40952999999999
 20
-10.70551
 30
0
 10
20.82353000000001
 20
-10.75351000000001
 30
0
 10
20.82353000000001
 20
-10.75351000000001
 30
0
 10
21.09755000000001
 20
-10.78522
 30
0
 10
21.12716
 20
-10.78513
 30
0
 10
21.20015000000001
 20
-10.75222000000001
 30
0
 10
21.20015000000001
 20
-10.75222000000001
 30
0
 10
21.24370999999999
 20
-10.73257
 30
0
 10
21.41659999999999
 20
-10.67518000000001
 30
0
 10
21.58430000000001
 20
-10.62466000000001
 30
0
  0
SPLINE
  5
139
100
AcDbEntity
  8
layer 1
  6
CONTINUOUS
 62
    1
370
    5
100
AcDbSpline
210
0
220
0
230
0
 70
    8
 71
    3
 72
   12
 73
    8
 74
    0
 42
1e-07
 43
1e-07
 40
0
 40
0
 40
0
 40
0
 40
0.3333333
 40
0.3333333
 40
0.3333333
 40
0.3333333
 40
1
 40
1
 40
1
 40
1
 10
21.58430000000001
 20
-10.62466000000001
 30
0
 10
21.58430000000001
 20
-10.62466000000001
 30
0
 10
21.88925
 20
-10.53282999999999
 30
0
 10
21.88925
 20
-10.53282999999999
 30
0
 10
21.88925
 20
-10.53282999999999
 30
0
 10
21.88925
 20
-10.53282999999999
 30
0
 10
21.89509999999999
 20
-9.989980000000003
 30
0
 10
21.89509999999999
 20
-9.989980000000003
 30
0
  0
SPLINE
  5
13A
100
AcDbEntity
  8
layer 1
  6
CONTINUOUS
 62
    1
370
    5
100
AcDbSpline
210
0
220
0
230
0
 70
    8
 71
    3
 72
   24
 73
   20
 74
    0
 42
1e-07
 43
1e-07
 40
0
 40
0
 40
0
 40
0
 40
0.1666667
 40
0.1666667
 40
0.1666667
 40
0.1666667
 40
0.3333333
 40
0.3333333
 40
0.3333333
 40
0.3333333
 40
0.5
 40
0.5
 40
0.5
 40
0.5
 40
0.6666666999999999
 40
0.6666666999999999
 40
0.6666666999999999
 40
0.6666666999999999
 40
1
 40
1
 40
1
 40
1
 10
21.89509999999999
 20
-9.989980000000003
 30
0
 10
21.90058999999999
 20
-9.47833
 30
0
 10
21.89873
 20
-9.448030000000003
 30
0
 10
21.86233999999999
 20
-9.462639999999993
 30
0
 10
21.86233999999999
 20
-9.462639999999993
 30
0
 10
21.84110000000001
 20
-9.471159999999998
 30
0
 10
21.71249
 20
-9.518050000000002
 30
0
 10
21.57656
 20
-9.566800000000001
 30
0
 10
21.57656
 20
-9.566800000000001
 30
0
 10
21.33416
 20
-9.653739999999999
 30
0
 10
21.32798
 20
-9.654730000000001
 30
0
 10
21.25439
 20
-9.619659999999996
 30
0
 10
21.25439
 20
-9.619659999999996
 30
0
 10
21.21311
 20
-9.599980000000002
 30
0
 10
21.17936
 20
-9.568899999999999
 30
0
 10
21.17936
 20
-9.550569999999993
 30
0
 10
21.17936
 20
-9.550569999999993
 30
0
 10
21.17936
 20
-9.532269999999997
 30
0
 10
21.23572999999999
 20
-9.427809999999994
 30
0
 10
21.30466999999999
 20
-9.318489999999997
 30
0
  0
SPLINE
  5
13B
100
AcDbEntity
  8
layer 1
  6
CONTINUOUS
 62
    1
370
    5
100
AcDbSpline
210
0
220
0
230
0
 70
    8
 71
    3
 72
   12
 73
    8
 74
    0
 42
1e-07
 43
1e-07
 40
0
 40
0
 40
0
 40
0
 40
0.3333333
 40
0.3333333
 40
0.3333333
 40
0.3333333
 40
1
 40
1
 40
1
 40
1
 10
21.30466999999999
 20
-9.318489999999997
 30
0
 10
21.30466999999999
 20
-9.318489999999997
 30
0
 10
21.42998
 20
-9.119649999999993
 30
0
 10
21.42998
 20
-9.119649999999993
 30
0
 10
21.42998
 20
-9.119649999999993
 30
0
 10
21.42998
 20
-9.119649999999993
 30
0
 10
21.64528999999999
 20
-9.011619999999994
 30
0
 10
21.64528999999999
 20
-9.011619999999994
 30
0
  0
SPLINE
  5
13C
100
AcDbEntity
  8
layer 1
  6
CONTINUOUS
 62
    1
370
    5
100
AcDbSpline
210
0
220
0
230
0
 70
    8
 71
    3
 72
   12
 73
    8
 74
    0
 42
1e-07
 43
1e-07
 40
0
 40
0
 40
0
 40
0
 40
0.3333333
 40
0.3333333
 40
0.3333333
 40
0.3333333
 40
1
 40
1
 40
1
 40
1
 10
21.64528999999999
 20
-9.011619999999994
 30
0
 10
21.83528000000001
 20
-8.91628
 30
0
 10
21.85919000000001
 20
-8.897949999999994
 30
0
 10
21.84869
 20
-8.855649999999997
 30
0
 10
21.84869
 20
-8.855649999999997
 30
0
 10
21.84211999999999
 20
-8.829309999999992
 30
0
 10
21.83038999999999
 20
-8.743840000000006
 30
0
 10
21.82258999999999
 20
-8.665779999999998
 30
0
  0
SPLINE
  5
13D
100
AcDbEntity
  8
layer 1
  6
CONTINUOUS
 62
    1
370
    5
100
AcDbSpline
210
0
220
0
230
0
 70
    8
 71
    3
 72
   12
 73
    8
 74
    0
 42
1e-07
 43
1e-07
 40
0
 40
0
 40
0
 40
0
 40
0.3333333
 40
0.3333333
 40
0.3333333
 40
0.3333333
 40
1
 40
1
 40
1
 40
1
 10
21.82258999999999
 20
-8.665779999999998
 30
0
 10
21.82258999999999
 20
-8.665779999999998
 30
0
 10
21.80840000000001
 20
-8.523790000000005
 30
0
 10
21.80840000000001
 20
-8.523790000000005
 30
0
 10
21.80840000000001
 20
-8.523790000000005
 30
0
 10
21.80840000000001
 20
-8.523790000000005
 30
0
 10
22.87679
 20
-6.84187
 30
0
 10
22.87679
 20
-6.84187
 30
0
  0
SPLINE
  5
13E
100
AcDbEntity
  8
layer 1
  6
CONTINUOUS
 62
    1
370
    5
100
AcDbSpline
210
0
220
0
230
0
 70
    8
 71
    3
 72
   20
 73
   16
 74
    0
 42
1e-07
 43
1e-07
 40
0
 40
0
 40
0
 40
0
 40
0.2
 40
0.2
 40
0.2
 40
0.2
 40
0.4
 40
0.4
 40
0.4
 40
0.4
 40
0.6
 40
0.6
 40
0.6
 40
0.6
 40
1
 40
1
 40
1
 40
1
 10
22.87679
 20
-6.84187
 30
0
 10
23.46440000000001
 20
-5.916820000000001
 30
0
 10
23.98117999999999
 20
-5.095569999999995
 30
0
 10
24.02516
 20
-5.016909999999996
 30
0
 10
24.02516
 20
-5.016909999999996
 30
0
 10
24.37412
 20
-4.392910000000001
 30
0
 10
24.4385
 20
-3.755830000000003
 30
0
 10
24.20168000000001
 20
-3.270579999999995
 30
0
 10
24.20168000000001
 20
-3.270579999999995
 30
0
 10
24.04492999999999
 20
-2.949399999999997
 30
0
 10
23.69023999999999
 20
-2.665930000000003
 30
0
 10
23.27564000000001
 20
-2.530479999999997
 30
0
 10
23.27564000000001
 20
-2.530479999999997
 30
0
 10
22.89518000000001
 20
-2.406189999999995
 30
0
 10
23.02151000000001
 20
-2.411529999999999
 30
0
 10
20.24773999999999
 20
-2.403040000000004
 30
0
  0
SPLINE
  5
13F
100
AcDbEntity
  8
layer 1
  6
CONTINUOUS
 62
    1
370
    5
100
AcDbSpline
210
0
220
0
230
0
 70
    8
 71
    3
 72
   20
 73
   16
 74
    0
 42
1e-07
 43
1e-07
 40
0
 40
0
 40
0
 40
0
 40
0.2
 40
0.2
 40
0.2
 40
0.2
 40
0.4
 40
0.4
 40
0.4
 40
0.4
 40
0.6
 40
0.6
 40
0.6
 40
0.6
 40
1
 40
1
 40
1
 40
1
 10
20.24773999999999
 20
-2.403040000000004
 30
0
 10
20.24773999999999
 20
-2.403040000000004
 30
0
 10
17.68883
 20
-2.395179999999996
 30
0
 10
17.68883
 20
-2.395179999999996
 30
0
 10
17.68883
 20
-2.395179999999996
 30
0
 10
17.68883
 20
-2.395179999999996
 30
0
 10
17.71661
 20
-2.275660000000002
 30
0
 10
17.71661
 20
-2.275660000000002
 30
0
 10
17.71661
 20
-2.275660000000002
 30
0
 10
17.71661
 20
-2.275660000000002
 30
0
 10
17.74439000000001
 20
-2.156140000000008
 30
0
 10
17.74439000000001
 20
-2.156140000000008
 30
0
 10
17.74439000000001
 20
-2.156140000000008
 30
0
 10
17.74439000000001
 20
-2.156140000000008
 30
0
 10
17.44687999999999
 20
-1.974909999999994
 30
0
 10
17.44687999999999
 20
-1.974909999999994
 30
0
  0
SPLINE
  5
140
100
AcDbEntity
  8
layer 1
  6
CONTINUOUS
 62
    1
370
    5
100
AcDbSpline
210
0
220
0
230
0
 70
    8
 71
    3
 72
    8
 73
    4
 74
    0
 42
1e-07
 43
1e-07
 40
0
 40
0
 40
0
 40
0
 40
1
 40
1
 40
1
 40
1
 10
17.44687999999999
 20
-1.974909999999994
 30
0
 10
17.28323
 20
-1.875219999999999
 30
0
 10
17.07362000000001
 20
-1.752459999999999
 30
0
 10
16.98106999999999
 20
-1.702089999999998
 30
0
  0
SPLINE
  5
141
100
AcDbEntity
  8
layer 1
  6
CONTINUOUS
 62
    1
370
    5
100
AcDbSpline
210
0
220
0
230
0
 70
    8
 71
    3
 72
   12
 73
    8
 74
    0
 42
1e-07
 43
1e-07
 40
0
 40
0
 40
0
 40
0
 40
0.3333333
 40
0.3333333
 40
0.3333333
 40
0.3333333
 40
1
 40
1
 40
1
 40
1
 10
16.98106999999999
 20
-1.702089999999998
 30
0
 10
16.98106999999999
 20
-1.702089999999998
 30
0
 10
16.81277
 20
-1.610500000000002
 30
0
 10
16.81277
 20
-1.610500000000002
 30
0
 10
16.81277
 20
-1.610500000000002
 30
0
 10
16.81277
 20
-1.610500000000002
 30
0
 10
16.79807
 20
-1.692430000000002
 30
0
 10
16.79807
 20
-1.692430000000002
 30
0
  0
SPLINE
  5
142
100
AcDbEntity
  8
layer 1
  6
CONTINUOUS
 62
    1
370
    5
100
AcDbSpline
210
0
220
0
230
0
 70
    8
 71
    3
 72
   24
 73
   20
 74
    0
 42
1e-07
 43
1e-07
 40
0
 40
0
 40
0
 40
0
 40
0.1666667
 40
0.1666667
 40
0.1666667
 40
0.1666667
 40
0.3333333
 40
0.3333333
 40
0.3333333
 40
0.3333333
 40
0.5
 40
0.5
 40
0.5
 40
0.5
 40
0.6666666999999999
 40
0.6666666999999999
 40
0.6666666999999999
 40
0.6666666999999999
 40
1
 40
1
 40
1
 40
1
 10
16.79807
 20
-1.692430000000002
 30
0
 10
16.72006999999999
 20
-2.126499999999993
 30
0
 10
16.70554999999999
 20
-2.182299999999998
 30
0
 10
16.65722
 20
-2.233750000000001
 30
0
 10
16.65722
 20
-2.233750000000001
 30
0
 10
16.58467999999999
 20
-2.310940000000002
 30
0
 10
16.42442
 20
-2.310310000000001
 30
0
 10
16.3466
 20
-2.232460000000003
 30
0
 10
16.3466
 20
-2.232460000000003
 30
0
 10
16.27171999999999
 20
-2.157579999999996
 30
0
 10
16.26803000000001
 20
-2.122990000000001
 30
0
 10
16.29277999999999
 20
-1.729510000000005
 30
0
 10
16.29277999999999
 20
-1.729510000000005
 30
0
 10
16.31068999999999
 20
-1.444599999999994
 30
0
 10
16.30924999999999
 20
-1.384119999999996
 30
0
 10
16.28405000000001
 20
-1.367980000000003
 30
0
 10
16.28405000000001
 20
-1.367980000000003
 30
0
 10
16.23007999999999
 20
-1.333449999999999
 30
0
 10
15.69182000000001
 20
-1.124769999999998
 30
0
 10
15.46745000000001
 20
-1.051389999999998
 30
0
  0
SPLINE
  5
143
100
AcDbEntity
  8
layer 1
  6
CONTINUOUS
 62
    1
370
    5
100
AcDbSpline
210
0
220
0
230
0
 70
    8
 71
    3
 72
   12
 73
    8
 74
    0
 42
1e-07
 43
1e-07
 40
0
 40
0
 40
0
 40
0
 40
0.3333333
 40
0.3333333
 40
0.3333333
 40
0.3333333
 40
1
 40
1
 40
1
 40
1
 10
15.46745000000001
 20
-1.051389999999998
 30
0
 10
15.46745000000001
 20
-1.051389999999998
 30
0
 10
15.24902
 20
-0.9799900000000008
 30
0
 10
15.24902
 20
-0.9799900000000008
 30
0
 10
15.24902
 20
-0.9799900000000008
 30
0
 10
15.24902
 20
-0.9799900000000008
 30
0
 10
15.2381
 20
-1.291989999999998
 30
0
 10
15.2381
 20
-1.291989999999998
 30
0
  0
SPLINE
  5
144
100
AcDbEntity
  8
layer 1
  6
CONTINUOUS
 62
    1
370
    5
100
AcDbSpline
210
0
220
0
230
0
 70
    8
 71
    3
 72
   60
 73
   56
 74
    0
 42
1e-07
 43
1e-07
 40
0
 40
0
 40
0
 40
0
 40
0.0666667
 40
0.0666667
 40
0.0666667
 40
0.0666667
 40
0.1333333
 40
0.1333333
 40
0.1333333
 40
0.1333333
 40
0.2
 40
0.2
 40
0.2
 40
0.2
 40
0.2666667
 40
0.2666667
 40
0.2666667
 40
0.2666667
 40
0.3333333
 40
0.3333333
 40
0.3333333
 40
0.3333333
 40
0.4
 40
0.4
 40
0.4
 40
0.4
 40
0.4666667
 40
0.4666667
 40
0.4666667
 40
0.4666667
 40
0.5333333
 40
0.5333333
 40
0.5333333
 40
0.5333333
 40
0.6
 40
0.6
 40
0.6
 40
0.6
 40
0.6666666999999999
 40
0.6666666999999999
 40
0.6666666999999999
 40
0.6666666999999999
 40
0.7333333
 40
0.7333333
 40
0.7333333
 40
0.7333333
 40
0.7999999999999999
 40
0.7999999999999999
 40
0.7999999999999999
 40
0.7999999999999999
 40
0.8666667
 40
0.8666667
 40
0.8666667
 40
0.8666667
 40
1
 40
1
 40
1
 40
1
 10
15.2381
 20
-1.291989999999998
 30
0
 10
15.22615999999999
 20
-1.633539999999996
 30
0
 10
15.21758
 20
-1.657780000000002
 30
0
 10
15.09437
 20
-1.698430000000002
 30
0
 10
15.09437
 20
-1.698430000000002
 30
0
 10
14.98820000000001
 20
-1.733469999999997
 30
0
 10
14.87693000000002
 20
-1.693359999999998
 30
0
 10
14.83013
 20
-1.603179999999995
 30
0
 10
14.83013
 20
-1.603179999999995
 30
0
 10
14.80919
 20
-1.562860000000001
 30
0
 10
14.77769000000001
 20
-1.393569999999997
 30
0
 10
14.75452999999999
 20
-1.197040000000001
 30
0
 10
14.75452999999999
 20
-1.197040000000001
 30
0
 10
14.73272
 20
-1.011700000000005
 30
0
 10
14.70725000000002
 20
-0.8528500000000037
 30
0
 10
14.69798
 20
-0.8440599999999989
 30
0
 10
14.69798
 20
-0.8440599999999989
 30
0
 10
14.67133999999999
 20
-0.818799999999996
 30
0
 10
13.76624000000001
 20
-0.6493899999999968
 30
0
 10
13.65791000000002
 20
-0.6493899999999968
 30
0
 10
13.65791000000002
 20
-0.6493899999999968
 30
0
 10
13.65361999999999
 20
-0.6493899999999968
 30
0
 10
13.67287999999999
 20
-0.7774299999999954
 30
0
 10
13.70069000000001
 20
-0.933880000000002
 30
0
 10
13.70069000000001
 20
-0.933880000000002
 30
0
 10
13.75739000000002
 20
-1.252719999999997
 30
0
 10
13.75051999999999
 20
-1.30498
 30
0
 10
13.64393000000001
 20
-1.365639999999999
 30
0
 10
13.64393000000001
 20
-1.365639999999999
 30
0
 10
13.60784000000001
 20
-1.386189999999999
 30
0
 10
13.57826
 20
-1.415559999999999
 30
0
 10
13.57820000000001
 20
-1.430980000000005
 30
0
 10
13.57820000000001
 20
-1.430980000000005
 30
0
 10
13.57793000000001
 20
-1.482519999999994
 30
0
 10
13.48937000000001
 20
-2.29786
 30
0
 10
13.47863000000001
 20
-2.34769
 30
0
 10
13.47863000000001
 20
-2.34769
 30
0
 10
13.46933000000001
 20
-2.390650000000008
 30
0
 10
13.45433
 20
-2.396830000000008
 30
0
 10
13.35919999999999
 20
-2.396830000000008
 30
0
 10
13.35919999999999
 20
-2.396830000000008
 30
0
 10
13.29938000000001
 20
-2.396830000000008
 30
0
 10
13.25041999999999
 20
-2.388909999999996
 30
0
 10
13.25041999999999
 20
-2.379220000000004
 30
0
 10
13.25041999999999
 20
-2.379220000000004
 30
0
 10
13.25041999999999
 20
-2.369529999999997
 30
0
 10
13.27522999999999
 20
-2.137270000000001
 30
0
 10
13.30559
 20
-1.863070000000008
 30
0
 10
13.30559
 20
-1.863070000000008
 30
0
 10
13.36054999999999
 20
-1.36618
 30
0
 10
13.36061000000001
 20
-1.364170000000001
 30
0
 10
13.31852000000001
 20
-1.274529999999999
 30
0
 10
13.31852000000001
 20
-1.274529999999999
 30
0
 10
13.2953
 20
-1.225030000000004
 30
0
 10
13.23854
 20
-1.054749999999999
 30
0
 10
13.19236999999998
 20
-0.8961099999999931
 30
0
  0
SPLINE
  5
145
100
AcDbEntity
  8
layer 1
  6
CONTINUOUS
 62
    1
370
    5
100
AcDbSpline
210
0
220
0
230
0
 70
    8
 71
    3
 72
   12
 73
    8
 74
    0
 42
1e-07
 43
1e-07
 40
0
 40
0
 40
0
 40
0
 40
0.3333333
 40
0.3333333
 40
0.3333333
 40
0.3333333
 40
1
 40
1
 40
1
 40
1
 10
13.19236999999998
 20
-0.8961099999999931
 30
0
 10
13.19236999999998
 20
-0.8961099999999931
 30
0
 10
13.10843
 20
-0.6076599999999956
 30
0
 10
13.10843
 20
-0.6076599999999956
 30
0
 10
13.10843
 20
-0.6076599999999956
 30
0
 10
13.10843
 20
-0.6076599999999956
 30
0
 10
13.01015000000001
 20
-0.5987499999999955
 30
0
 10
13.01015000000001
 20
-0.5987499999999955
 30
0
  0
SPLINE
  5
146
100
AcDbEntity
  8
layer 1
  6
CONTINUOUS
 62
    1
370
    5
100
AcDbSpline
210
0
220
0
230
0
 70
    8
 71
    3
 72
   24
 73
   20
 74
    0
 42
1e-07
 43
1e-07
 40
0
 40
0
 40
0
 40
0
 40
0.1666667
 40
0.1666667
 40
0.1666667
 40
0.1666667
 40
0.3333333
 40
0.3333333
 40
0.3333333
 40
0.3333333
 40
0.5
 40
0.5
 40
0.5
 40
0.5
 40
0.6666666999999999
 40
0.6666666999999999
 40
0.6666666999999999
 40
0.6666666999999999
 40
1
 40
1
 40
1
 40
1
 10
13.01015000000001
 20
-0.5987499999999955
 30
0
 10
12.87002000000001
 20
-0.5860899999999987
 30
0
 10
12.05492000000001
 20
-0.5925399999999996
 30
0
 10
12.04106000000002
 20
-0.6064300000000031
 30
0
 10
12.04106000000002
 20
-0.6064300000000031
 30
0
 10
12.03470000000002
 20
-0.6128199999999993
 30
0
 10
12.07325
 20
-0.7386400000000037
 30
0
 10
12.12676999999999
 20
-0.8859999999999957
 30
0
 10
12.12676999999999
 20
-0.8859999999999957
 30
0
 10
12.18898999999999
 20
-1.057239999999993
 30
0
 10
12.21943999999999
 20
-1.172529999999995
 30
0
 10
12.21119000000002
 20
-1.205439999999996
 30
0
 10
12.21119000000002
 20
-1.205439999999996
 30
0
 10
12.17860999999999
 20
-1.335129999999992
 30
0
 10
11.97614000000002
 20
-1.41337
 30
0
 10
11.86366999999998
 20
-1.339690000000004
 30
0
 10
11.86366999999998
 20
-1.339690000000004
 30
0
 10
11.82857000000001
 20
-1.316680000000005
 30
0
 10
11.74832000000001
 20
-1.183450000000008
 30
0
 10
11.64347000000001
 20
-0.974109999999996
 30
0
  0
SPLINE
  5
147
100
AcDbEntity
  8
layer 1
  6
CONTINUOUS
 62
    1
370
    5
100
AcDbSpline
210
0
220
0
230
0
 70
    8
 71
    3
 72
   12
 73
    8
 74
    0
 42
1e-07
 43
1e-07
 40
0
 40
0
 40
0
 40
0
 40
0.3333333
 40
0.3333333
 40
0.3333333
 40
0.3333333
 40
1
 40
1
 40
1
 40
1
 10
11.64347000000001
 20
-0.974109999999996
 30
0
 10
11.64347000000001
 20
-0.974109999999996
 30
0
 10
11.4785
 20
-0.6447399999999988
 30
0
 10
11.4785
 20
-0.6447399999999988
 30
0
 10
11.4785
 20
-0.6447399999999988
 30
0
 10
11.4785
 20
-0.6447399999999988
 30
0
 10
11.35424
 20
-0.6591700000000031
 30
0
 10
11.35424
 20
-0.6591700000000031
 30
0
  0
SPLINE
  5
148
100
AcDbEntity
  8
layer 1
  6
CONTINUOUS
 62
    1
370
    5
100
AcDbSpline
210
0
220
0
230
0
 70
    8
 71
    3
 72
    8
 73
    4
 74
    0
 42
1e-07
 43
1e-07
 40
0
 40
0
 40
0
 40
0
 40
1
 40
1
 40
1
 40
1
 10
11.35424
 20
-0.6591700000000031
 30
0
 10
11.15627000000001
 20
-0.6822099999999978
 30
0
 10
10.59058999999999
 20
-0.7816899999999976
 30
0
 10
10.49885
 20
-0.80959
 30
0
  0
SPLINE
  5
149
100
AcDbEntity
  8
layer 1
  6
CONTINUOUS
 62
    1
370
    5
100
AcDbSpline
210
0
220
0
230
0
 70
    8
 71
    3
 72
   12
 73
    8
 74
    0
 42
1e-07
 43
1e-07
 40
0
 40
0
 40
0
 40
0
 40
0.3333333
 40
0.3333333
 40
0.3333333
 40
0.3333333
 40
1
 40
1
 40
1
 40
1
 10
10.49885
 20
-0.80959
 30
0
 10
10.49885
 20
-0.80959
 30
0
 10
10.41505999999998
 20
-0.8350899999999939
 30
0
 10
10.41505999999998
 20
-0.8350899999999939
 30
0
 10
10.41505999999998
 20
-0.8350899999999939
 30
0
 10
10.41505999999998
 20
-0.8350899999999939
 30
0
 10
10.55447000000001
 20
-1.075360000000003
 30
0
 10
10.55447000000001
 20
-1.075360000000003
 30
0
  0
SPLINE
  5
14A
100
AcDbEntity
  8
layer 1
  6
CONTINUOUS
 62
    1
370
    5
100
AcDbSpline
210
0
220
0
230
0
 70
    8
 71
    3
 72
   24
 73
   20
 74
    0
 42
1e-07
 43
1e-07
 40
0
 40
0
 40
0
 40
0
 40
0.1666667
 40
0.1666667
 40
0.1666667
 40
0.1666667
 40
0.3333333
 40
0.3333333
 40
0.3333333
 40
0.3333333
 40
0.5
 40
0.5
 40
0.5
 40
0.5
 40
0.6666666999999999
 40
0.6666666999999999
 40
0.6666666999999999
 40
0.6666666999999999
 40
1
 40
1
 40
1
 40
1
 10
10.55447000000001
 20
-1.075360000000003
 30
0
 10
10.71668
 20
-1.354900000000001
 30
0
 10
10.72910000000002
 20
-1.426690000000008
 30
0
 10
10.63208
 20
-1.523709999999994
 30
0
 10
10.63208
 20
-1.523709999999994
 30
0
 10
10.59757999999999
 20
-1.558210000000003
 30
0
 10
10.54247000000001
 20
-1.593189999999993
 30
0
 10
10.50961999999998
 20
-1.601439999999997
 30
0
 10
10.50961999999998
 20
-1.601439999999997
 30
0
 10
10.39919
 20
-1.629130000000004
 30
0
 10
10.32472999999999
 20
-1.567149999999998
 30
0
 10
10.10504
 20
-1.264690000000002
 30
0
 10
10.10504
 20
-1.264690000000002
 30
0
 10
9.990920000000017
 20
-1.107519999999994
 30
0
 10
9.882380000000012
 20
-0.9785499999999985
 30
0
 10
9.863869999999991
 20
-0.9780399999999929
 30
0
 10
9.863869999999991
 20
-0.9780399999999929
 30
0
 10
9.819230000000005
 20
-0.9767800000000051
 30
0
 10
9.316100000000006
 20
-1.147180000000006
 30
0
 10
9.062929999999994
 20
-1.249300000000005
 30
0
  0
SPLINE
  5
14B
100
AcDbEntity
  8
layer 1
  6
CONTINUOUS
 62
    1
370
    5
100
AcDbSpline
210
0
220
0
230
0
 70
    8
 71
    3
 72
   12
 73
    8
 74
    0
 42
1e-07
 43
1e-07
 40
0
 40
0
 40
0
 40
0
 40
0.3333333
 40
0.3333333
 40
0.3333333
 40
0.3333333
 40
1
 40
1
 40
1
 40
1
 10
9.062929999999994
 20
-1.249300000000005
 30
0
 10
9.062929999999994
 20
-1.249300000000005
 30
0
 10
8.861719999999991
 20
-1.330449999999999
 30
0
 10
8.861719999999991
 20
-1.330449999999999
 30
0
 10
8.861719999999991
 20
-1.330449999999999
 30
0
 10
8.861719999999991
 20
-1.330449999999999
 30
0
 10
9.047419999999988
 20
-1.552120000000002
 30
0
 10
9.047419999999988
 20
-1.552120000000002
 30
0
  0
SPLINE
  5
14C
100
AcDbEntity
  8
layer 1
  6
CONTINUOUS
 62
    1
370
    5
100
AcDbSpline
210
0
220
0
230
0
 70
    8
 71
    3
 72
   20
 73
   16
 74
    0
 42
1e-07
 43
1e-07
 40
0
 40
0
 40
0
 40
0
 40
0.2
 40
0.2
 40
0.2
 40
0.2
 40
0.4
 40
0.4
 40
0.4
 40
0.4
 40
0.6
 40
0.6
 40
0.6
 40
0.6
 40
1
 40
1
 40
1
 40
1
 10
9.047419999999988
 20
-1.552120000000002
 30
0
 10
9.149540000000002
 20
-1.674040000000005
 30
0
 10
9.239059999999995
 20
-1.797489999999996
 30
0
 10
9.246350000000007
 20
-1.826499999999996
 30
0
 10
9.246350000000007
 20
-1.826499999999996
 30
0
 10
9.273770000000013
 20
-1.935760000000002
 30
0
 10
9.133489999999995
 20
-2.091070000000002
 30
0
 10
9.007370000000009
 20
-2.091070000000002
 30
0
 10
9.007370000000009
 20
-2.091070000000002
 30
0
 10
8.942329999999998
 20
-2.091070000000002
 30
0
 10
8.820349999999991
 20
-2.003349999999998
 30
0
 10
8.674340000000001
 20
-1.851550000000003
 30
0
 10
8.674340000000001
 20
-1.851550000000003
 30
0
 10
8.614280000000008
 20
-1.789119999999997
 30
0
 10
8.518489999999986
 20
-1.698670000000007
 30
0
 10
8.461489999999998
 20
-1.650490000000005
 30
0
  0
SPLINE
  5
14D
100
AcDbEntity
  8
layer 1
  6
CONTINUOUS
 62
    1
370
    5
100
AcDbSpline
210
0
220
0
230
0
 70
    8
 71
    3
 72
   12
 73
    8
 74
    0
 42
1e-07
 43
1e-07
 40
0
 40
0
 40
0
 40
0
 40
0.3333333
 40
0.3333333
 40
0.3333333
 40
0.3333333
 40
1
 40
1
 40
1
 40
1
 10
8.461489999999998
 20
-1.650490000000005
 30
0
 10
8.461489999999998
 20
-1.650490000000005
 30
0
 10
8.35784000000001
 20
-1.562919999999991
 30
0
 10
8.35784000000001
 20
-1.562919999999991
 30
0
 10
8.35784000000001
 20
-1.562919999999991
 30
0
 10
8.35784000000001
 20
-1.562919999999991
 30
0
 10
8.133829999999989
 20
-1.681839999999994
 30
0
 10
8.133829999999989
 20
-1.681839999999994
 30
0
  0
SPLINE
  5
14E
100
AcDbEntity
  8
layer 1
  6
CONTINUOUS
 62
    1
370
    5
100
AcDbSpline
210
0
220
0
230
0
 70
    8
 71
    3
 72
    8
 73
    4
 74
    0
 42
1e-07
 43
1e-07
 40
0
 40
0
 40
0
 40
0
 40
1
 40
1
 40
1
 40
1
 10
8.133829999999989
 20
-1.681839999999994
 30
0
 10
7.863589999999988
 20
-1.825299999999999
 30
0
 10
7.556749999999994
 20
-2.005840000000006
 30
0
 10
7.486310000000003
 20
-2.062870000000004
 30
0
  0
SPLINE
  5
14F
100
AcDbEntity
  8
layer 1
  6
CONTINUOUS
 62
    1
370
    5
100
AcDbSpline
210
0
220
0
230
0
 70
    8
 71
    3
 72
   20
 73
   16
 74
    0
 42
1e-07
 43
1e-07
 40
0
 40
0
 40
0
 40
0
 40
0.2
 40
0.2
 40
0.2
 40
0.2
 40
0.4
 40
0.4
 40
0.4
 40
0.4
 40
0.6
 40
0.6
 40
0.6
 40
0.6
 40
1
 40
1
 40
1
 40
1
 10
7.486310000000003
 20
-2.062870000000004
 30
0
 10
7.486310000000003
 20
-2.062870000000004
 30
0
 10
7.434859999999986
 20
-2.10454
 30
0
 10
7.434859999999986
 20
-2.10454
 30
0
 10
7.434859999999986
 20
-2.10454
 30
0
 10
7.434859999999986
 20
-2.10454
 30
0
 10
7.602170000000001
 20
-2.245239999999995
 30
0
 10
7.602170000000001
 20
-2.245239999999995
 30
0
 10
7.602170000000001
 20
-2.245239999999995
 30
0
 10
7.602170000000001
 20
-2.245239999999995
 30
0
 10
7.769480000000016
 20
-2.385940000000005
 30
0
 10
7.769480000000016
 20
-2.385940000000005
 30
0
 10
7.769480000000016
 20
-2.385940000000005
 30
0
 10
7.769480000000016
 20
-2.385940000000005
 30
0
 10
5.174839999999989
 20
-2.398809999999997
 30
0
 10
5.174839999999989
 20
-2.398809999999997
 30
0
  0
SPLINE
  5
150
100
AcDbEntity
  8
layer 1
  6
CONTINUOUS
 62
    1
370
    5
100
AcDbSpline
210
0
220
0
230
0
 70
    8
 71
    3
 72
   28
 73
   24
 74
    0
 42
1e-07
 43
1e-07
 40
0
 40
0
 40
0
 40
0
 40
0.1428571
 40
0.1428571
 40
0.1428571
 40
0.1428571
 40
0.2857143
 40
0.2857143
 40
0.2857143
 40
0.2857143
 40
0.4285714
 40
0.4285714
 40
0.4285714
 40
0.4285714
 40
0.5714286
 40
0.5714286
 40
0.5714286
 40
0.5714286
 40
0.7142856999999999
 40
0.7142856999999999
 40
0.7142856999999999
 40
0.7142856999999999
 40
1
 40
1
 40
1
 40
1
 10
5.174839999999989
 20
-2.398809999999997
 30
0
 10
3.418579999999992
 20
-2.407539999999997
 30
0
 10
2.543119999999988
 20
-2.419449999999998
 30
0
 10
2.465450000000004
 20
-2.435739999999996
 30
0
 10
2.465450000000004
 20
-2.435739999999996
 30
0
 10
1.949150000000003
 20
-2.543949999999995
 30
0
 10
1.604870000000005
 20
-2.715550000000007
 30
0
 10
1.36187000000001
 20
-2.985820000000004
 30
0
 10
1.36187000000001
 20
-2.985820000000004
 30
0
 10
1.231490000000008
 20
-3.130840000000006
 30
0
 10
1.164050000000003
 20
-3.249040000000008
 30
0
 10
1.09205
 20
-3.458650000000006
 30
0
 10
1.09205
 20
-3.458650000000006
 30
0
 10
1.039760000000001
 20
-3.610900000000001
 30
0
 10
1.03295
 20
-3.662800000000004
 30
0
 10
1.033729999999991
 20
-3.903999999999996
 30
0
 10
1.033729999999991
 20
-3.903999999999996
 30
0
 10
1.034870000000012
 20
-4.266909999999996
 30
0
 10
1.097749999999991
 20
-4.512010000000004
 30
0
 10
1.285910000000001
 20
-4.886949999999999
 30
0
 10
1.285910000000001
 20
-4.886949999999999
 30
0
 10
1.364840000000015
 20
-5.044179999999997
 30
0
 10
1.827709999999996
 20
-5.79598
 30
0
 10
2.377309999999994
 20
-6.659649999999999
 30
0
  0
SPLINE
  5
151
100
AcDbEntity
  8
layer 1
  6
CONTINUOUS
 62
    1
370
    5
100
AcDbSpline
210
0
220
0
230
0
 70
    8
 71
    3
 72
   12
 73
    8
 74
    0
 42
1e-07
 43
1e-07
 40
0
 40
0
 40
0
 40
0
 40
0.3333333
 40
0.3333333
 40
0.3333333
 40
0.3333333
 40
1
 40
1
 40
1
 40
1
 10
2.377309999999994
 20
-6.659649999999999
 30
0
 10
2.377309999999994
 20
-6.659649999999999
 30
0
 10
3.331639999999993
 20
-8.159320000000008
 30
0
 10
3.331639999999993
 20
-8.159320000000008
 30
0
 10
3.331639999999993
 20
-8.159320000000008
 30
0
 10
3.331639999999993
 20
-8.159320000000008
 30
0
 10
3.291380000000004
 20
-8.396169999999998
 30
0
 10
3.291380000000004
 20
-8.396169999999998
 30
0
  0
SPLINE
  5
152
100
AcDbEntity
  8
layer 1
  6
CONTINUOUS
 62
    1
370
    5
100
AcDbSpline
210
0
220
0
230
0
 70
    8
 71
    3
 72
   12
 73
    8
 74
    0
 42
1e-07
 43
1e-07
 40
0
 40
0
 40
0
 40
0
 40
0.3333333
 40
0.3333333
 40
0.3333333
 40
0.3333333
 40
1
 40
1
 40
1
 40
1
 10
3.291380000000004
 20
-8.396169999999998
 30
0
 10
3.222170000000006
 20
-8.803330000000003
 30
0
 10
3.21871999999999
 20
-8.840589999999992
 30
0
 10
3.250519999999995
 20
-8.83954
 30
0
 10
3.250519999999995
 20
-8.83954
 30
0
 10
3.266269999999992
 20
-8.839029999999994
 30
0
 10
3.376219999999989
 20
-8.820909999999998
 30
0
 10
3.494869999999992
 20
-8.799340000000001
 30
0
  0
SPLINE
  5
153
100
AcDbEntity
  8
layer 1
  6
CONTINUOUS
 62
    1
370
    5
100
AcDbSpline
210
0
220
0
230
0
 70
    8
 71
    3
 72
   12
 73
    8
 74
    0
 42
1e-07
 43
1e-07
 40
0
 40
0
 40
0
 40
0
 40
0.3333333
 40
0.3333333
 40
0.3333333
 40
0.3333333
 40
1
 40
1
 40
1
 40
1
 10
3.494869999999992
 20
-8.799340000000001
 30
0
 10
3.494869999999992
 20
-8.799340000000001
 30
0
 10
3.71056999999999
 20
-8.760069999999999
 30
0
 10
3.71056999999999
 20
-8.760069999999999
 30
0
 10
3.71056999999999
 20
-8.760069999999999
 30
0
 10
3.71056999999999
 20
-8.760069999999999
 30
0
 10
3.82795999999999
 20
-8.942049999999995
 30
0
 10
3.82795999999999
 20
-8.942049999999995
 30
0
  0
SPLINE
  5
154
100
AcDbEntity
  8
layer 1
  6
CONTINUOUS
 62
    1
370
    5
100
AcDbSpline
210
0
220
0
230
0
 70
    8
 71
    3
 72
   84
 73
   80
 74
    0
 42
1e-07
 43
1e-07
 40
0
 40
0
 40
0
 40
0
 40
0.04761899999999999
 40
0.04761899999999999
 40
0.04761899999999999
 40
0.04761899999999999
 40
0.09523809999999999
 40
0.09523809999999999
 40
0.09523809999999999
 40
0.09523809999999999
 40
0.1428571
 40
0.1428571
 40
0.1428571
 40
0.1428571
 40
0.1904762
 40
0.1904762
 40
0.1904762
 40
0.1904762
 40
0.2380952
 40
0.2380952
 40
0.2380952
 40
0.2380952
 40
0.2857143
 40
0.2857143
 40
0.2857143
 40
0.2857143
 40
0.3333333
 40
0.3333333
 40
0.3333333
 40
0.3333333
 40
0.3809524
 40
0.3809524
 40
0.3809524
 40
0.3809524
 40
0.4285714
 40
0.4285714
 40
0.4285714
 40
0.4285714
 40
0.4761905
 40
0.4761905
 40
0.4761905
 40
0.4761905
 40
0.5238094999999999
 40
0.5238094999999999
 40
0.5238094999999999
 40
0.5238094999999999
 40
0.5714286
 40
0.5714286
 40
0.5714286
 40
0.5714286
 40
0.6190475999999999
 40
0.6190475999999999
 40
0.6190475999999999
 40
0.6190475999999999
 40
0.6666666999999999
 40
0.6666666999999999
 40
0.6666666999999999
 40
0.6666666999999999
 40
0.7142856999999999
 40
0.7142856999999999
 40
0.7142856999999999
 40
0.7142856999999999
 40
0.7619047999999999
 40
0.7619047999999999
 40
0.7619047999999999
 40
0.7619047999999999
 40
0.8095238
 40
0.8095238
 40
0.8095238
 40
0.8095238
 40
0.8571428999999999
 40
0.8571428999999999
 40
0.8571428999999999
 40
0.8571428999999999
 40
0.9047619
 40
0.9047619
 40
0.9047619
 40
0.9047619
 40
1
 40
1
 40
1
 40
1
 10
3.82795999999999
 20
-8.942049999999995
 30
0
 10
3.89255
 20
-9.04213
 30
0
 10
3.94538
 20
-9.127570000000006
 30
0
 10
3.94538
 20
-9.131860000000003
 30
0
 10
3.94538
 20
-9.131860000000003
 30
0
 10
3.94538
 20
-9.150549999999996
 30
0
 10
3.760099999999994
 20
-9.218469999999996
 30
0
 10
3.488509999999991
 20
-9.299289999999999
 30
0
 10
3.488509999999991
 20
-9.299289999999999
 30
0
 10
3.327349999999996
 20
-9.347260000000006
 30
0
 10
3.18974
 20
-9.392230000000012
 30
0
 10
3.182719999999989
 20
-9.399249999999995
 30
0
 10
3.182719999999989
 20
-9.399249999999995
 30
0
 10
3.160730000000001
 20
-9.421210000000002
 30
0
 10
3.156080000000003
 20
-10.40029
 30
0
 10
3.17777000000001
 20
-10.43262999999999
 30
0
 10
3.17777000000001
 20
-10.43262999999999
 30
0
 10
3.194600000000008
 20
-10.45768
 30
0
 10
3.243020000000001
 20
-10.44709
 30
0
 10
3.45304999999999
 20
-10.37257
 30
0
 10
3.45304999999999
 20
-10.37257
 30
0
 10
3.593240000000009
 20
-10.32283
 30
0
 10
3.726799999999997
 20
-10.28212000000001
 30
0
 10
3.749840000000006
 20
-10.28212000000001
 30
0
 10
3.749840000000006
 20
-10.28212000000001
 30
0
 10
3.824150000000003
 20
-10.28212000000001
 30
0
 10
3.925070000000005
 20
-10.39348
 30
0
 10
3.937880000000007
 20
-10.48962999999999
 30
0
 10
3.937880000000007
 20
-10.48962999999999
 30
0
 10
3.955759999999998
 20
-10.6237
 30
0
 10
3.898609999999991
 20
-10.67655999999999
 30
0
 10
3.544309999999996
 20
-10.85359
 30
0
 10
3.544309999999996
 20
-10.85359
 30
0
 10
3.374449999999996
 20
-10.93843000000001
 30
0
 10
3.231680000000011
 20
-11.01136
 30
0
 10
3.227090000000004
 20
-11.01562
 30
0
 10
3.227090000000004
 20
-11.01562
 30
0
 10
3.203419999999994
 20
-11.03746
 30
0
 10
3.366109999999992
 20
-12.02347
 30
0
 10
3.399229999999989
 20
-12.05887
 30
0
 10
3.399229999999989
 20
-12.05887
 30
0
 10
3.408709999999985
 20
-12.06898
 30
0
 10
3.52315999999999
 20
-12.01552
 30
0
 10
3.653600000000012
 20
-11.94007000000001
 30
0
 10
3.653600000000012
 20
-11.94007000000001
 30
0
 10
3.809779999999989
 20
-11.84971
 30
0
 10
3.914809999999989
 20
-11.80276000000001
 30
0
 10
3.961160000000007
 20
-11.80261
 30
0
 10
3.961160000000007
 20
-11.80261
 30
0
 10
4.041949999999986
 20
-11.80234
 30
0
 10
4.124480000000005
 20
-11.86909
 30
0
 10
4.165340000000015
 20
-11.96773
 30
0
 10
4.165340000000015
 20
-11.96773
 30
0
 10
4.212800000000016
 20
-12.0823
 30
0
 10
4.154719999999998
 20
-12.15751
 30
0
 10
3.836420000000004
 20
-12.39390999999999
 30
0
 10
3.836420000000004
 20
-12.39390999999999
 30
0
 10
3.665660000000003
 20
-12.52072
 30
0
 10
3.552199999999999
 20
-12.61984
 30
0
 10
3.552199999999999
 20
-12.64219
 30
0
 10
3.552199999999999
 20
-12.64219
 30
0
 10
3.552199999999999
 20
-12.71347
 30
0
 10
3.857869999999991
 20
-13.56516999999999
 30
0
 10
3.89855
 20
-13.60728999999999
 30
0
 10
3.89855
 20
-13.60728999999999
 30
0
 10
3.907039999999995
 20
-13.61608000000001
 30
0
 10
4.015070000000009
 20
-13.53990999999999
 30
0
 10
4.13861
 20
-13.43799999999999
 30
0
 10
4.13861
 20
-13.43799999999999
 30
0
 10
4.32611
 20
-13.28335
 30
0
 10
4.375910000000005
 20
-13.25274999999999
 30
0
 10
4.439959999999985
 20
-13.25274999999999
 30
0
 10
4.439959999999985
 20
-13.25274999999999
 30
0
 10
4.528970000000015
 20
-13.25274999999999
 30
0
 10
4.632829999999984
 20
-13.34128000000001
 30
0
 10
4.657070000000004
 20
-13.43782
 30
0
 10
4.657070000000004
 20
-13.43782
 30
0
 10
4.679900000000004
 20
-13.52875
 30
0
 10
4.634299999999996
 20
-13.59925
 30
0
 10
4.372489999999999
 20
-13.87783
 30
0
  0
SPLINE
  5
155
100
AcDbEntity
  8
layer 1
  6
CONTINUOUS
 62
    1
370
    5
100
AcDbSpline
210
0
220
0
230
0
 70
    8
 71
    3
 72
   12
 73
    8
 74
    0
 42
1e-07
 43
1e-07
 40
0
 40
0
 40
0
 40
0
 40
0.3333333
 40
0.3333333
 40
0.3333333
 40
0.3333333
 40
1
 40
1
 40
1
 40
1
 10
4.372489999999999
 20
-13.87783
 30
0
 10
4.372489999999999
 20
-13.87783
 30
0
 10
4.133420000000001
 20
-14.13222999999999
 30
0
 10
4.133420000000001
 20
-14.13222999999999
 30
0
 10
4.133420000000001
 20
-14.13222999999999
 30
0
 10
4.133420000000001
 20
-14.13222999999999
 30
0
 10
4.224890000000016
 20
-14.31090999999999
 30
0
 10
4.224890000000016
 20
-14.31090999999999
 30
0
  0
SPLINE
  5
156
100
AcDbEntity
  8
layer 1
  6
CONTINUOUS
 62
    1
370
    5
100
AcDbSpline
210
0
220
0
230
0
 70
    8
 71
    3
 72
   92
 73
   88
 74
    0
 42
1e-07
 43
1e-07
 40
0
 40
0
 40
0
 40
0
 40
0.0434783
 40
0.0434783
 40
0.0434783
 40
0.0434783
 40
0.08695649999999999
 40
0.08695649999999999
 40
0.08695649999999999
 40
0.08695649999999999
 40
0.1304348
 40
0.1304348
 40
0.1304348
 40
0.1304348
 40
0.173913
 40
0.173913
 40
0.173913
 40
0.173913
 40
0.2173913
 40
0.2173913
 40
0.2173913
 40
0.2173913
 40
0.2608696
 40
0.2608696
 40
0.2608696
 40
0.2608696
 40
0.3043478
 40
0.3043478
 40
0.3043478
 40
0.3043478
 40
0.3478261
 40
0.3478261
 40
0.3478261
 40
0.3478261
 40
0.3913043
 40
0.3913043
 40
0.3913043
 40
0.3913043
 40
0.4347826
 40
0.4347826
 40
0.4347826
 40
0.4347826
 40
0.4782609
 40
0.4782609
 40
0.4782609
 40
0.4782609
 40
0.5217391
 40
0.5217391
 40
0.5217391
 40
0.5217391
 40
0.5652174
 40
0.5652174
 40
0.5652174
 40
0.5652174
 40
0.6086957
 40
0.6086957
 40
0.6086957
 40
0.6086957
 40
0.6521739
 40
0.6521739
 40
0.6521739
 40
0.6521739
 40
0.6956521999999999
 40
0.6956521999999999
 40
0.6956521999999999
 40
0.6956521999999999
 40
0.7391304
 40
0.7391304
 40
0.7391304
 40
0.7391304
 40
0.7826086999999999
 40
0.7826086999999999
 40
0.7826086999999999
 40
0.7826086999999999
 40
0.826087
 40
0.826087
 40
0.826087
 40
0.826087
 40
0.8695651999999999
 40
0.8695651999999999
 40
0.8695651999999999
 40
0.8695651999999999
 40
0.9130435
 40
0.9130435
 40
0.9130435
 40
0.9130435
 40
1
 40
1
 40
1
 40
1
 10
4.224890000000016
 20
-14.31090999999999
 30
0
 10
4.331330000000008
 20
-14.51877999999999
 30
0
 10
4.636130000000009
 20
-15.03619
 30
0
 10
4.661300000000011
 20
-15.05176
 30
0
 10
4.661300000000011
 20
-15.05176
 30
0
 10
4.670749999999998
 20
-15.05758
 30
0
 10
4.756820000000005
 20
-14.96835999999999
 30
0
 10
4.852550000000008
 20
-14.85343
 30
0
 10
4.852550000000008
 20
-14.85343
 30
0
 10
5.084450000000004
 20
-14.575
 30
0
 10
5.178409999999985
 20
-14.53891
 30
0
 10
5.32199
 20
-14.67301
 30
0
 10
5.32199
 20
-14.67301
 30
0
 10
5.373260000000016
 20
-14.72092000000001
 30
0
 10
5.387
 20
-14.75230000000001
 30
0
 10
5.387
 20
-14.8216
 30
0
 10
5.387
 20
-14.8216
 30
0
 10
5.387
 20
-14.89570000000001
 30
0
 10
5.356159999999988
 20
-14.95605999999999
 30
0
 10
5.190410000000014
 20
-15.20647
 30
0
 10
5.190410000000014
 20
-15.20647
 30
0
 10
5.08229
 20
-15.36985
 30
0
 10
4.993819999999999
 20
-15.51268
 30
0
 10
4.993819999999999
 20
-15.52392999999999
 30
0
 10
4.993819999999999
 20
-15.52392999999999
 30
0
 10
4.993819999999999
 20
-15.57751
 30
0
 10
5.653250000000014
 20
-16.35775
 30
0
 10
5.677249999999987
 20
-16.33257999999999
 30
0
 10
5.677249999999987
 20
-16.33257999999999
 30
0
 10
5.682979999999986
 20
-16.32657999999999
 30
0
 10
5.752430000000004
 20
-16.21213
 30
0
 10
5.83162999999999
 20
-16.07827
 30
0
 10
5.83162999999999
 20
-16.07827
 30
0
 10
5.987719999999996
 20
-15.81439
 30
0
 10
6.034580000000005
 20
-15.77704
 30
0
 10
6.166069999999991
 20
-15.81208000000001
 30
0
 10
6.166069999999991
 20
-15.81208000000001
 30
0
 10
6.250850000000014
 20
-15.83464000000001
 30
0
 10
6.34808000000001
 20
-15.94531000000001
 30
0
 10
6.34808000000001
 20
-16.01922999999999
 30
0
 10
6.34808000000001
 20
-16.01922999999999
 30
0
 10
6.34808000000001
 20
-16.04926
 30
0
 10
6.283580000000001
 20
-16.22116
 30
0
 10
6.204740000000015
 20
-16.40119
 30
0
 10
6.204740000000015
 20
-16.40119
 30
0
 10
6.125929999999983
 20
-16.58125
 30
0
 10
6.064490000000006
 20
-16.73689
 30
0
 10
6.068240000000003
 20
-16.74709
 30
0
 10
6.068240000000003
 20
-16.74709
 30
0
 10
6.086209999999994
 20
-16.79593
 30
0
 10
6.830510000000004
 20
-17.42473
 30
0
 10
6.870350000000002
 20
-17.42473
 30
0
 10
6.870350000000002
 20
-17.42473
 30
0
 10
6.880490000000009
 20
-17.42473
 30
0
 10
6.921080000000018
 20
-17.3338
 30
0
 10
6.960559999999987
 20
-17.22268
 30
0
 10
6.960559999999987
 20
-17.22268
 30
0
 10
7.06271000000001
 20
-16.93504
 30
0
 10
7.100509999999986
 20
-16.86708999999999
 30
0
 10
7.175690000000003
 20
-16.83598000000001
 30
0
 10
7.175690000000003
 20
-16.83598000000001
 30
0
 10
7.312459999999987
 20
-16.77931
 30
0
 10
7.483910000000009
 20
-16.89643
 30
0
 10
7.483910000000009
 20
-17.04652
 30
0
 10
7.483910000000009
 20
-17.04652
 30
0
 10
7.483910000000009
 20
-17.08756
 30
0
 10
7.4495
 20
-17.25775
 30
0
 10
7.407469999999989
 20
-17.42473
 30
0
 10
7.407469999999989
 20
-17.42473
 30
0
 10
7.365409999999997
 20
-17.59168
 30
0
 10
7.331000000000017
 20
-17.73787
 30
0
 10
7.331000000000017
 20
-17.74963
 30
0
 10
7.331000000000017
 20
-17.74963
 30
0
 10
7.331000000000017
 20
-17.78161
 30
0
 10
8.192630000000008
 20
-18.29842000000001
 30
0
 10
8.24593999999999
 20
-18.29842000000001
 30
0
 10
8.24593999999999
 20
-18.29842000000001
 30
0
 10
8.253680000000003
 20
-18.29842000000001
 30
0
 10
8.28116
 20
-18.17998
 30
0
 10
8.307050000000004
 20
-18.0352
 30
0
 10
8.307050000000004
 20
-18.0352
 30
0
 10
8.332909999999998
 20
-17.89042000000001
 30
0
 10
8.370110000000011
 20
-17.74747000000001
 30
0
 10
8.389759999999995
 20
-17.7175
 30
0
 10
8.389759999999995
 20
-17.7175
 30
0
 10
8.467669999999998
 20
-17.59858
 30
0
 10
8.642390000000006
 20
-17.59681
 30
0
 10
8.740970000000004
 20
-17.71396
 30
0
  0
SPLINE
  5
157
100
AcDbEntity
  8
layer 1
  6
CONTINUOUS
 62
    1
370
    5
100
AcDbSpline
210
0
220
0
230
0
 70
    8
 71
    3
 72
   12
 73
    8
 74
    0
 42
1e-07
 43
1e-07
 40
0
 40
0
 40
0
 40
0
 40
0.3333333
 40
0.3333333
 40
0.3333333
 40
0.3333333
 40
1
 40
1
 40
1
 40
1
 10
8.740970000000004
 20
-17.71396
 30
0
 10
8.740970000000004
 20
-17.71396
 30
0
 10
8.799319999999994
 20
-17.78328999999999
 30
0
 10
8.799319999999994
 20
-17.78328999999999
 30
0
 10
8.799319999999994
 20
-17.78328999999999
 30
0
 10
8.799319999999994
 20
-17.78328999999999
 30
0
 10
8.782520000000005
 20
-18.09001000000001
 30
0
 10
8.782520000000005
 20
-18.09001000000001
 30
0
  0
SPLINE
  5
158
100
AcDbEntity
  8
layer 1
  6
CONTINUOUS
 62
    1
370
    5
100
AcDbSpline
210
0
220
0
230
0
 70
    8
 71
    3
 72
   16
 73
   12
 74
    0
 42
1e-07
 43
1e-07
 40
0
 40
0
 40
0
 40
0
 40
0.25
 40
0.25
 40
0.25
 40
0.25
 40
0.5
 40
0.5
 40
0.5
 40
0.5
 40
1
 40
1
 40
1
 40
1
 10
8.782520000000005
 20
-18.09001000000001
 30
0
 10
8.754289999999997
 20
-18.60544
 30
0
 10
8.733110000000011
 20
-18.53626
 30
0
 10
8.947370000000006
 20
-18.6283
 30
0
 10
8.947370000000006
 20
-18.6283
 30
0
 10
9.130279999999999
 20
-18.70687
 30
0
 10
9.762650000000008
 20
-18.93187
 30
0
 10
9.800569999999993
 20
-18.93187
 30
0
 10
9.800569999999993
 20
-18.93187
 30
0
 10
9.811250000000001
 20
-18.93187
 30
0
 10
9.822710000000001
 20
-18.77476
 30
0
 10
9.826009999999997
 20
-18.58273
 30
0
  0
SPLINE
  5
159
100
AcDbEntity
  8
layer 1
  6
CONTINUOUS
 62
    1
370
    5
100
AcDbSpline
210
0
220
0
230
0
 70
    8
 71
    3
 72
   12
 73
    8
 74
    0
 42
1e-07
 43
1e-07
 40
0
 40
0
 40
0
 40
0
 40
0.3333333
 40
0.3333333
 40
0.3333333
 40
0.3333333
 40
1
 40
1
 40
1
 40
1
 10
9.826009999999997
 20
-18.58273
 30
0
 10
9.826009999999997
 20
-18.58273
 30
0
 10
9.832009999999997
 20
-18.23358999999999
 30
0
 10
9.832009999999997
 20
-18.23358999999999
 30
0
 10
9.832009999999997
 20
-18.23358999999999
 30
0
 10
9.832009999999997
 20
-18.23358999999999
 30
0
 10
10.31131999999999
 20
-18.98137
 30
0
 10
10.31131999999999
 20
-18.98137
 30
0
  0
SPLINE
  5
15A
100
AcDbEntity
  8
layer 1
  6
CONTINUOUS
 62
    1
370
    5
100
AcDbSpline
210
0
220
0
230
0
 70
    8
 71
    3
 72
   24
 73
   20
 74
    0
 42
1e-07
 43
1e-07
 40
0
 40
0
 40
0
 40
0
 40
0.1666667
 40
0.1666667
 40
0.1666667
 40
0.1666667
 40
0.3333333
 40
0.3333333
 40
0.3333333
 40
0.3333333
 40
0.5
 40
0.5
 40
0.5
 40
0.5
 40
0.6666666999999999
 40
0.6666666999999999
 40
0.6666666999999999
 40
0.6666666999999999
 40
1
 40
1
 40
1
 40
1
 10
10.31131999999999
 20
-18.98137
 30
0
 10
11.03456
 20
-20.10973
 30
0
 10
11.17975999999999
 20
-20.32588
 30
0
 10
11.33440999999999
 20
-20.50456
 30
0
 10
11.33440999999999
 20
-20.50456
 30
0
 10
11.92379
 20
-21.18544
 30
0
 10
12.67798999999999
 20
-21.39787000000001
 30
0
 10
13.35437000000002
 20
-21.07344999999999
 30
0
 10
13.35437000000002
 20
-21.07344999999999
 30
0
 10
13.58957000000001
 20
-20.96065
 30
0
 10
13.70377999999999
 20
-20.88046
 30
0
 10
13.91012000000001
 20
-20.68333
 30
0
 10
13.91012000000001
 20
-20.68333
 30
0
 10
14.14415
 20
-20.45974
 30
0
 10
14.27099000000001
 20
-20.28802
 30
0
 10
14.72516000000002
 20
-19.57996
 30
0
 10
14.72516000000002
 20
-19.57996
 30
0
 10
15.11260999999999
 20
-18.97594000000001
 30
0
 10
15.12347
 20
-18.97837
 30
0
 10
15.20570000000001
 20
-18.94876000000001
 30
0
  0
SPLINE
  5
15B
100
AcDbEntity
  8
layer 1
  6
CONTINUOUS
 62
    1
370
    5
100
AcDbSpline
210
0
220
0
230
0
 70
    8
 71
    3
 72
    8
 73
    4
 74
    0
 42
1e-07
 43
1e-07
 40
0
 40
0
 40
0
 40
0
 40
1
 40
1
 40
1
 40
1
 10
15.20570000000001
 20
-18.94876000000001
 30
0
 10
15.20570000000001
 20
-18.94876000000001
 30
0
 10
16.19918000000001
 20
-18.59085999999999
 30
0
 10
16.19918000000001
 20
-18.59085999999999
 30
0
  0
SPLINE
  5
15C
100
AcDbEntity
  8
layer 1
  6
CONTINUOUS
 62
    1
370
    5
100
AcDbSpline
210
0
220
0
230
0
 70
    8
 71
    3
 72
   20
 73
   16
 74
    0
 42
1e-07
 43
1e-07
 40
0
 40
0
 40
0
 40
0
 40
0.2
 40
0.2
 40
0.2
 40
0.2
 40
0.4
 40
0.4
 40
0.4
 40
0.4
 40
0.6
 40
0.6
 40
0.6
 40
0.6
 40
1
 40
1
 40
1
 40
1
 10
16.19918000000001
 20
-18.59085999999999
 30
0
 10
16.20452
 20
-18.58893999999999
 30
0
 10
16.11563000000001
 20
-18.48082000000001
 30
0
 10
16.01351
 20
-18.35893
 30
0
 10
16.01351
 20
-18.35893
 30
0
 10
15.79721000000001
 20
-18.10069
 30
0
 10
15.78254000000001
 20
-18.04576
 30
0
 10
15.89567
 20
-17.91694
 30
0
 10
15.89567
 20
-17.91694
 30
0
 10
15.95069000000001
 20
-17.85427
 30
0
 10
15.97891999999999
 20
-17.83975
 30
0
 10
16.04561000000001
 20
-17.83975
 30
0
 10
16.04561000000001
 20
-17.83975
 30
0
 10
16.14574999999999
 20
-17.83975
 30
0
 10
16.18646000000001
 20
-17.86915
 30
0
 10
16.47685999999999
 20
-18.15163
 30
0
  0
SPLINE
  5
15D
100
AcDbEntity
  8
layer 1
  6
CONTINUOUS
 62
    1
370
    5
100
AcDbSpline
210
0
220
0
230
0
 70
    8
 71
    3
 72
    8
 73
    4
 74
    0
 42
1e-07
 43
1e-07
 40
0
 40
0
 40
0
 40
0
 40
1
 40
1
 40
1
 40
1
 10
16.47685999999999
 20
-18.15163
 30
0
 10
16.47685999999999
 20
-18.15163
 30
0
 10
16.69997000000001
 20
-18.36859000000002
 30
0
 10
16.69997000000001
 20
-18.36859000000002
 30
0
  0
SPLINE
  5
15E
100
AcDbEntity
  8
layer 1
  6
CONTINUOUS
 62
    1
370
    5
100
AcDbSpline
210
0
220
0
230
0
 70
    8
 71
    3
 72
   16
 73
   12
 74
    0
 42
1e-07
 43
1e-07
 40
0
 40
0
 40
0
 40
0
 40
0.25
 40
0.25
 40
0.25
 40
0.25
 40
0.5
 40
0.5
 40
0.5
 40
0.5
 40
1
 40
1
 40
1
 40
1
 10
7.134260000000012
 20
-12.16056999999999
 30
0
 10
4.486040000000003
 20
-8.033919999999995
 30
0
 10
2.292470000000009
 20
-4.608129999999989
 30
0
 10
2.259619999999984
 20
-4.547740000000005
 30
0
 10
2.259619999999984
 20
-4.547740000000005
 30
0
 10
2.193680000000001
 20
-4.426450000000003
 30
0
 10
2.132419999999996
 20
-4.216030000000003
 30
0
 10
2.132419999999996
 20
-4.110849999999999
 30
0
 10
2.132419999999996
 20
-4.110849999999999
 30
0
 10
2.132419999999996
 20
-3.81192999999999
 30
0
 10
2.365189999999984
 20
-3.565629999999999
 30
0
 10
2.717780000000005
 20
-3.491469999999993
 30
0
  0
SPLINE
  5
15F
100
AcDbEntity
  8
layer 1
  6
CONTINUOUS
 62
    1
370
    5
100
AcDbSpline
210
0
220
0
230
0
 70
    8
 71
    3
 72
   48
 73
   44
 74
    0
 42
1e-07
 43
1e-07
 40
0
 40
0
 40
0
 40
0
 40
0.0833333
 40
0.0833333
 40
0.0833333
 40
0.0833333
 40
0.1666667
 40
0.1666667
 40
0.1666667
 40
0.1666667
 40
0.25
 40
0.25
 40
0.25
 40
0.25
 40
0.3333333
 40
0.3333333
 40
0.3333333
 40
0.3333333
 40
0.4166667
 40
0.4166667
 40
0.4166667
 40
0.4166667
 40
0.5
 40
0.5
 40
0.5
 40
0.5
 40
0.5833332999999999
 40
0.5833332999999999
 40
0.5833332999999999
 40
0.5833332999999999
 40
0.6666666999999999
 40
0.6666666999999999
 40
0.6666666999999999
 40
0.6666666999999999
 40
0.75
 40
0.75
 40
0.75
 40
0.75
 40
0.8333332999999999
 40
0.8333332999999999
 40
0.8333332999999999
 40
0.8333332999999999
 40
1
 40
1
 40
1
 40
1
 10
2.717780000000005
 20
-3.491469999999993
 30
0
 10
2.801989999999989
 20
-3.473770000000002
 30
0
 10
5.523589999999984
 20
-3.467649999999992
 30
0
 10
12.69995
 20
-3.468940000000003
 30
0
 10
12.69995
 20
-3.468940000000003
 30
0
 10
23.26598000000001
 20
-3.470889999999997
 30
0
 10
22.68808999999999
 20
-3.464950000000002
 30
0
 10
22.89926
 20
-3.573939999999993
 30
0
 10
22.89926
 20
-3.573939999999993
 30
0
 10
22.94441
 20
-3.597250000000003
 30
0
 10
23.01769999999999
 20
-3.65401
 30
0
 10
23.06209999999999
 20
-3.700090000000003
 30
0
 10
23.06209999999999
 20
-3.700090000000003
 30
0
 10
23.267
 20
-3.912700000000001
 30
0
 10
23.28779
 20
-4.185879999999997
 30
0
 10
23.12429
 20
-4.516719999999992
 30
0
 10
23.12429
 20
-4.516719999999992
 30
0
 10
23.09132
 20
-4.583410000000001
 30
0
 10
20.88818000000001
 20
-8.028549999999996
 30
0
 10
18.22837999999999
 20
-12.1726
 30
0
 10
18.22837999999999
 20
-12.1726
 30
0
 10
14.46623
 20
-18.03417999999999
 30
0
 10
13.36517000000001
 20
-19.73446
 30
0
 10
13.2698
 20
-19.82983
 30
0
 10
13.2698
 20
-19.82983
 30
0
 10
13.20239000000001
 20
-19.89727000000001
 30
0
 10
13.08935
 20
-19.98076
 30
0
 10
13.01861
 20
-20.01541
 30
0
 10
13.01861
 20
-20.01541
 30
0
 10
12.90437
 20
-20.07136
 30
0
 10
12.86680999999999
 20
-20.07840999999999
 30
0
 10
12.68249
 20
-20.07849999999999
 30
0
 10
12.68249
 20
-20.07849999999999
 30
0
 10
12.48830000000001
 20
-20.07859000000001
 30
0
 10
12.46630999999999
 20
-20.07388
 30
0
 10
12.33959000000002
 20
-20.00515
 30
0
 10
12.33959000000002
 20
-20.00515
 30
0
 10
12.26456000000002
 20
-19.96444
 30
0
 10
12.14732000000001
 20
-19.87192
 30
0
 10
12.07667000000001
 20
-19.79764
 30
0
 10
12.07667000000001
 20
-19.79764
 30
0
 10
11.98178000000001
 20
-19.69785999999999
 30
0
 10
10.71826999999999
 20
-17.74543
 30
0
 10
7.134260000000012
 20
-12.16056999999999
 30
0
  0
ENDBLK
  5
60
330
5E
100
AcDbEntity
  8
0
100
AcDbBlockEnd
  0
BLOCK
  5
62
330
61
100
AcDbEntity
  8
0
100
AcDbBlockBegin
  2
MA_logo_blk-0
 70
    0
 10
0
 20
0
  3
MA_logo_blk-0
  1

  0
SPLINE
  5
160
100
AcDbEntity
  8
layer 1
  6
CONTINUOUS
 62
    1
370
    5
100
AcDbSpline
210
0
220
0
230
0
 70
   11
 71
    3
 72
  108
 73
  104
 74
    0
 42
1e-07
 43
1e-07
 40
0
 40
0
 40
0
 40
0
 40
0.037037
 40
0.037037
 40
0.037037
 40
0.037037
 40
0.07407409999999999
 40
0.07407409999999999
 40
0.07407409999999999
 40
0.07407409999999999
 40
0.1111111
 40
0.1111111
 40
0.1111111
 40
0.1111111
 40
0.1481481
 40
0.1481481
 40
0.1481481
 40
0.1481481
 40
0.1851852
 40
0.1851852
 40
0.1851852
 40
0.1851852
 40
0.2222222
 40
0.2222222
 40
0.2222222
 40
0.2222222
 40
0.2592593
 40
0.2592593
 40
0.2592593
 40
0.2592593
 40
0.2962963
 40
0.2962963
 40
0.2962963
 40
0.2962963
 40
0.3333333
 40
0.3333333
 40
0.3333333
 40
0.3333333
 40
0.3703704
 40
0.3703704
 40
0.3703704
 40
0.3703704
 40
0.4074074
 40
0.4074074
 40
0.4074074
 40
0.4074074
 40
0.4444444
 40
0.4444444
 40
0.4444444
 40
0.4444444
 40
0.4814815
 40
0.4814815
 40
0.4814815
 40
0.4814815
 40
0.5185185
 40
0.5185185
 40
0.5185185
 40
0.5185185
 40
0.5555555999999999
 40
0.5555555999999999
 40
0.5555555999999999
 40
0.5555555999999999
 40
0.5925926
 40
0.5925926
 40
0.5925926
 40
0.5925926
 40
0.6296296
 40
0.6296296
 40
0.6296296
 40
0.6296296
 40
0.6666666999999999
 40
0.6666666999999999
 40
0.6666666999999999
 40
0.6666666999999999
 40
0.7037036999999999
 40
0.7037036999999999
 40
0.7037036999999999
 40
0.7037036999999999
 40
0.7407406999999999
 40
0.7407406999999999
 40
0.7407406999999999
 40
0.7407406999999999
 40
0.7777778
 40
0.7777778
 40
0.7777778
 40
0.7777778
 40
0.8148148
 40
0.8148148
 40
0.8148148
 40
0.8148148
 40
0.8518519
 40
0.8518519
 40
0.8518519
 40
0.8518519
 40
0.8888889
 40
0.8888889
 40
0.8888889
 40
0.8888889
 40
0.9259259
 40
0.9259259
 40
0.9259259
 40
0.9259259
 40
1
 40
1
 40
1
 40
1
 10
4.635879999999987
 20
7.903659999999994
 30
0
 10
4.659430000000016
 20
7.900179999999984
 30
0
 10
4.803910000000003
 20
7.896309999999992
 30
0
 10
4.956940000000004
 20
7.894779999999989
 30
0
 10
4.956940000000004
 20
7.894779999999989
 30
0
 10
5.408739999999996
 20
7.890669999999992
 30
0
 10
5.660139999999985
 20
7.966269999999986
 30
0
 10
5.877129999999995
 20
8.171499999999988
 30
0
 10
5.877129999999995
 20
8.171499999999988
 30
0
 10
6.108759999999991
 20
8.390559999999986
 30
0
 10
6.197650000000011
 20
8.673759999999994
 30
0
 10
6.184149999999989
 20
9.150099999999988
 30
0
 10
6.184149999999989
 20
9.150099999999988
 30
0
 10
6.176379999999996
 20
9.425199999999997
 30
0
 10
6.171760000000007
 20
9.452079999999988
 30
0
 10
6.10888
 20
9.585789999999996
 30
0
 10
6.10888
 20
9.585789999999996
 30
0
 10
6.027040000000001
 20
9.759939999999993
 30
0
 10
5.913189999999987
 20
9.873999999999988
 30
0
 10
5.72245000000001
 20
9.972909999999992
 30
0
 10
5.72245000000001
 20
9.972909999999992
 30
0
 10
5.561200000000015
 20
10.05648999999999
 30
0
 10
5.431510000000004
 20
10.10028999999999
 30
0
 10
5.016130000000005
 20
10.21137999999998
 30
0
 10
5.016130000000005
 20
10.21137999999998
 30
0
 10
4.860340000000009
 20
10.25307999999999
 30
0
 10
4.680100000000011
 20
10.31211999999998
 30
0
 10
4.615569999999992
 20
10.34262999999999
 30
0
 10
4.615569999999992
 20
10.34262999999999
 30
0
 10
4.461250000000008
 20
10.41564999999999
 30
0
 10
4.337379999999997
 20
10.55682999999998
 30
0
 10
4.303420000000018
 20
10.69842999999999
 30
0
 10
4.303420000000018
 20
10.69842999999999
 30
0
 10
4.265230000000004
 20
10.85757999999999
 30
0
 10
4.28626
 20
11.09122
 30
0
 10
4.35157000000001
 20
11.23392999999999
 30
0
 10
4.35157000000001
 20
11.23392999999999
 30
0
 10
4.491909999999992
 20
11.54043999999998
 30
0
 10
4.835559999999989
 20
11.61195999999999
 30
0
 10
5.724189999999995
 20
11.51952999999999
 30
0
 10
5.724189999999995
 20
11.51952999999999
 30
0
 10
5.910699999999993
 20
11.50014999999998
 30
0
 10
6.066159999999998
 20
11.48736999999999
 30
0
 10
6.069639999999994
 20
11.49114999999999
 30
0
 10
6.069639999999994
 20
11.49114999999999
 30
0
 10
6.073120000000019
 20
11.49492999999999
 30
0
 10
6.079630000000011
 20
11.57301999999999
 30
0
 10
6.084100000000009
 20
11.66473
 30
0
 10
6.084100000000009
 20
11.66473
 30
0
 10
6.093459999999995
 20
11.85621999999998
 30
0
 10
6.122950000000005
 20
11.83278999999999
 30
0
 10
5.811430000000003
 20
11.88162999999999
 30
0
 10
5.811430000000003
 20
11.88162999999999
 30
0
 10
5.421339999999989
 20
11.94282999999999
 30
0
 10
5.029570000000009
 20
11.96520999999999
 30
0
 10
4.807360000000019
 20
11.93898999999999
 30
0
 10
4.807360000000019
 20
11.93898999999999
 30
0
 10
4.11031
 20
11.85678999999999
 30
0
 10
3.813369999999993
 20
11.50770999999999
 30
0
 10
3.837609999999986
 20
10.79907999999999
 30
0
 10
3.837609999999986
 20
10.79907999999999
 30
0
 10
3.845709999999998
 20
10.56237999999998
 30
0
 10
3.850239999999986
 20
10.54135
 30
0
 10
3.925929999999995
 20
10.38819999999999
 30
0
 10
3.925929999999995
 20
10.38819999999999
 30
0
 10
3.975940000000009
 20
10.28697999999999
 30
0
 10
4.039359999999989
 20
10.19739999999999
 30
0
 10
4.096059999999995
 20
10.14792999999999
 30
0
 10
4.096059999999995
 20
10.14792999999999
 30
0
 10
4.244830000000008
 20
10.01808999999999
 30
0
 10
4.536190000000006
 20
9.893169999999991
 30
0
 10
4.914700000000012
 20
9.796990000000001
 30
0
 10
4.914700000000012
 20
9.796990000000001
 30
0
 10
5.351769999999989
 20
9.685899999999997
 30
0
 10
5.550099999999987
 20
9.59149
 30
0
 10
5.645170000000008
 20
9.449259999999988
 30
0
 10
5.645170000000008
 20
9.449259999999988
 30
0
 10
5.819500000000006
 20
9.188409999999998
 30
0
 10
5.772549999999996
 20
8.69160999999999
 30
0
 10
5.55214000000001
 20
8.465379999999989
 30
0
 10
5.55214000000001
 20
8.465379999999989
 30
0
 10
5.435710000000001
 20
8.345859999999995
 30
0
 10
5.293360000000008
 20
8.293509999999991
 30
0
 10
5.053269999999999
 20
8.281869999999991
 30
0
 10
5.053269999999999
 20
8.281869999999991
 30
0
 10
4.874439999999994
 20
8.273169999999986
 30
0
 10
4.11054999999999
 20
8.323059999999991
 30
0
 10
3.959470000000011
 20
8.353270000000002
 30
0
 10
3.959470000000011
 20
8.353270000000002
 30
0
 10
3.903729999999997
 20
8.364429999999992
 30
0
 10
3.903729999999997
 20
8.364399999999996
 30
0
 10
3.891580000000006
 20
8.187039999999989
 30
0
 10
3.891580000000006
 20
8.187039999999989
 30
0
 10
3.883780000000003
 20
8.073759999999986
 30
0
 10
3.88749999999999
 20
8.004699999999993
 30
0
 10
3.901780000000003
 20
7.995849999999996
 30
0
 10
3.901780000000003
 20
7.995849999999996
 30
0
 10
3.914079999999985
 20
7.988259999999989
 30
0
 10
4.074669999999998
 20
7.96582
 30
0
 10
4.258630000000012
 20
7.946019999999996
 30
0
 10
4.258630000000012
 20
7.946019999999996
 30
0
 10
4.442560000000014
 20
7.926189999999983
 30
0
 10
4.612329999999987
 20
7.90713999999999
 30
0
 10
4.635879999999987
 20
7.903659999999994
 30
0
  0
SPLINE
  5
161
100
AcDbEntity
  8
layer 1
  6
CONTINUOUS
 62
    1
370
    5
100
AcDbSpline
210
0
220
0
230
0
 70
    8
 71
    3
 72
   12
 73
    8
 74
    0
 42
1e-07
 43
1e-07
 40
0
 40
0
 40
0
 40
0
 40
0.3333333
 40
0.3333333
 40
0.3333333
 40
0.3333333
 40
1
 40
1
 40
1
 40
1
 10
2.037219999999992
 20
9.346959999999989
 30
0
 10
2.037219999999992
 20
9.346959999999989
 30
0
 10
1.396989999999989
 20
9.346959999999989
 30
0
 10
1.396989999999989
 20
9.346959999999989
 30
0
 10
1.396989999999989
 20
9.346959999999989
 30
0
 10
1.396989999999989
 20
9.346959999999989
 30
0
 10
1.501930000000017
 20
9.748269999999984
 30
0
 10
1.501930000000017
 20
9.748269999999984
 30
0
  0
SPLINE
  5
162
100
AcDbEntity
  8
layer 1
  6
CONTINUOUS
 62
    1
370
    5
100
AcDbSpline
210
0
220
0
230
0
 70
    8
 71
    3
 72
    8
 73
    4
 74
    0
 42
1e-07
 43
1e-07
 40
0
 40
0
 40
0
 40
0
 40
1
 40
1
 40
1
 40
1
 10
1.501930000000017
 20
9.748269999999984
 30
0
 10
1.559680000000015
 20
9.968979999999995
 30
0
 10
1.686790000000003
 20
10.45299999999999
 30
0
 10
1.78447
 20
10.82379999999998
 30
0
  0
SPLINE
  5
163
100
AcDbEntity
  8
layer 1
  6
CONTINUOUS
 62
    1
370
    5
100
AcDbSpline
210
0
220
0
230
0
 70
    8
 71
    3
 72
   20
 73
   16
 74
    0
 42
1e-07
 43
1e-07
 40
0
 40
0
 40
0
 40
0
 40
0.2
 40
0.2
 40
0.2
 40
0.2
 40
0.4
 40
0.4
 40
0.4
 40
0.4
 40
0.6
 40
0.6
 40
0.6
 40
0.6
 40
1
 40
1
 40
1
 40
1
 10
1.78447
 20
10.82379999999998
 30
0
 10
1.78447
 20
10.82379999999998
 30
0
 10
1.962069999999984
 20
11.49801999999999
 30
0
 10
1.962069999999984
 20
11.49801999999999
 30
0
 10
1.962069999999984
 20
11.49801999999999
 30
0
 10
1.962069999999984
 20
11.49801999999999
 30
0
 10
2.044630000000013
 20
11.49801999999999
 30
0
 10
2.044630000000013
 20
11.49801999999999
 30
0
 10
2.044630000000013
 20
11.49801999999999
 30
0
 10
2.044630000000013
 20
11.49801999999999
 30
0
 10
2.127189999999986
 20
11.49801999999999
 30
0
 10
2.127189999999986
 20
11.49801999999999
 30
0
 10
2.127189999999986
 20
11.49801999999999
 30
0
 10
2.127189999999986
 20
11.49801999999999
 30
0
 10
2.401240000000002
 20
10.44925
 30
0
 10
2.401240000000002
 20
10.44925
 30
0
  0
SPLINE
  5
164
100
AcDbEntity
  8
layer 1
  6
CONTINUOUS
 62
    1
370
    5
100
AcDbSpline
210
0
220
0
230
0
 70
    8
 71
    3
 72
   12
 73
    8
 74
    0
 42
1e-07
 43
1e-07
 40
0
 40
0
 40
0
 40
0
 40
0.3333333
 40
0.3333333
 40
0.3333333
 40
0.3333333
 40
1
 40
1
 40
1
 40
1
 10
2.401240000000002
 20
10.44925
 30
0
 10
2.55196000000001
 20
9.872409999999995
 30
0
 10
2.675860000000001
 20
9.388419999999989
 30
0
 10
2.676369999999992
 20
9.373719999999985
 30
0
 10
2.676369999999992
 20
9.373719999999985
 30
0
 10
2.677210000000003
 20
9.352869999999989
 30
0
 10
2.535699999999992
 20
9.346959999999989
 30
0
 10
2.037219999999992
 20
9.346959999999989
 30
0
  0
SPLINE
  5
165
100
AcDbEntity
  8
layer 1
  6
CONTINUOUS
 62
    1
370
    5
100
AcDbSpline
210
0
220
0
230
0
 70
   11
 71
    3
 72
   52
 73
   48
 74
    0
 42
1e-07
 43
1e-07
 40
0
 40
0
 40
0
 40
0
 40
0.07692309999999999
 40
0.07692309999999999
 40
0.07692309999999999
 40
0.07692309999999999
 40
0.1538462
 40
0.1538462
 40
0.1538462
 40
0.1538462
 40
0.2307692
 40
0.2307692
 40
0.2307692
 40
0.2307692
 40
0.3076923
 40
0.3076923
 40
0.3076923
 40
0.3076923
 40
0.3846154
 40
0.3846154
 40
0.3846154
 40
0.3846154
 40
0.4615385
 40
0.4615385
 40
0.4615385
 40
0.4615385
 40
0.5384614999999999
 40
0.5384614999999999
 40
0.5384614999999999
 40
0.5384614999999999
 40
0.6153845999999999
 40
0.6153845999999999
 40
0.6153845999999999
 40
0.6153845999999999
 40
0.6923077
 40
0.6923077
 40
0.6923077
 40
0.6923077
 40
0.7692308
 40
0.7692308
 40
0.7692308
 40
0.7692308
 40
0.8461538
 40
0.8461538
 40
0.8461538
 40
0.8461538
 40
1
 40
1
 40
1
 40
1
 10
9.633639999999987
 20
9.914139999999994
 30
0
 10
9.633639999999987
 20
9.914139999999994
 30
0
 10
9.633639999999987
 20
11.89398999999999
 30
0
 10
9.633639999999987
 20
11.89398999999999
 30
0
 10
9.633639999999987
 20
11.89398999999999
 30
0
 10
9.633639999999987
 20
11.89398999999999
 30
0
 10
9.847659999999992
 20
11.89398999999999
 30
0
 10
9.847659999999992
 20
11.89398999999999
 30
0
 10
9.847659999999992
 20
11.89398999999999
 30
0
 10
9.847659999999992
 20
11.89398999999999
 30
0
 10
10.06168
 20
11.89398999999999
 30
0
 10
10.06168
 20
11.89398999999999
 30
0
 10
10.06168
 20
11.89398999999999
 30
0
 10
10.06168
 20
11.89398999999999
 30
0
 10
10.06168
 20
10.11747999999999
 30
0
 10
10.06168
 20
10.11747999999999
 30
0
 10
10.06168
 20
10.11747999999999
 30
0
 10
10.06168
 20
10.11747999999999
 30
0
 10
10.06168
 20
8.340999999999985
 30
0
 10
10.06168
 20
8.340999999999985
 30
0
 10
10.06168
 20
8.340999999999985
 30
0
 10
10.06168
 20
8.340999999999985
 30
0
 10
10.84290999999999
 20
8.340999999999985
 30
0
 10
10.84290999999999
 20
8.340999999999985
 30
0
 10
10.84290999999999
 20
8.340999999999985
 30
0
 10
10.84290999999999
 20
8.340999999999985
 30
0
 10
11.62416999999999
 20
8.340999999999985
 30
0
 10
11.62416999999999
 20
8.340999999999985
 30
0
 10
11.62416999999999
 20
8.340999999999985
 30
0
 10
11.62416999999999
 20
8.340999999999985
 30
0
 10
11.62416999999999
 20
8.137659999999988
 30
0
 10
11.62416999999999
 20
8.137659999999988
 30
0
 10
11.62416999999999
 20
8.137659999999988
 30
0
 10
11.62416999999999
 20
8.137659999999988
 30
0
 10
11.62416999999999
 20
7.934319999999991
 30
0
 10
11.62416999999999
 20
7.934319999999991
 30
0
 10
11.62416999999999
 20
7.934319999999991
 30
0
 10
11.62416999999999
 20
7.934319999999991
 30
0
 10
10.62888999999998
 20
7.934319999999992
 30
0
 10
10.62888999999998
 20
7.934319999999992
 30
0
 10
10.62888999999998
 20
7.934319999999992
 30
0
 10
10.62888999999998
 20
7.934319999999992
 30
0
 10
9.633639999999987
 20
7.934319999999992
 30
0
 10
9.633639999999987
 20
7.934319999999992
 30
0
 10
9.633639999999987
 20
7.934319999999992
 30
0
 10
9.633639999999987
 20
7.934319999999992
 30
0
 10
9.633639999999987
 20
9.914139999999994
 30
0
 10
9.633639999999987
 20
9.914139999999994
 30
0
  0
SPLINE
  5
166
100
AcDbEntity
  8
layer 1
  6
CONTINUOUS
 62
    1
370
    5
100
AcDbSpline
210
0
220
0
230
0
 70
    8
 71
    3
 72
   12
 73
    8
 74
    0
 42
1e-07
 43
1e-07
 40
0
 40
0
 40
0
 40
0
 40
0.3333333
 40
0.3333333
 40
0.3333333
 40
0.3333333
 40
1
 40
1
 40
1
 40
1
 10
6.37798000000001
 20
15.23295999999998
 30
0
 10
6.879580000000006
 20
15.23295999999998
 30
0
 10
7.02223000000001
 20
15.23889999999999
 30
0
 10
7.02171999999999
 20
15.25969
 30
0
 10
7.02171999999999
 20
15.25969
 30
0
 10
7.021479999999999
 20
15.27441999999998
 30
0
 10
6.897789999999988
 20
15.75840999999999
 30
0
 10
6.747130000000001
 20
16.33524999999999
 30
0
  0
SPLINE
  5
167
100
AcDbEntity
  8
layer 1
  6
CONTINUOUS
 62
    1
370
    5
100
AcDbSpline
210
0
220
0
230
0
 70
    8
 71
    3
 72
   20
 73
   16
 74
    0
 42
1e-07
 43
1e-07
 40
0
 40
0
 40
0
 40
0
 40
0.2
 40
0.2
 40
0.2
 40
0.2
 40
0.4
 40
0.4
 40
0.4
 40
0.4
 40
0.6
 40
0.6
 40
0.6
 40
0.6
 40
1
 40
1
 40
1
 40
1
 10
6.747130000000001
 20
16.33524999999999
 30
0
 10
6.747130000000001
 20
16.33524999999999
 30
0
 10
6.473199999999993
 20
17.38402
 30
0
 10
6.473199999999993
 20
17.38402
 30
0
 10
6.473199999999993
 20
17.38402
 30
0
 10
6.473199999999993
 20
17.38402
 30
0
 10
6.389290000000019
 20
17.39016999999999
 30
0
 10
6.389290000000019
 20
17.39016999999999
 30
0
 10
6.389290000000019
 20
17.39016999999999
 30
0
 10
6.389290000000019
 20
17.39016999999999
 30
0
 10
6.305350000000006
 20
17.39634999999999
 30
0
 10
6.305350000000006
 20
17.39634999999999
 30
0
 10
6.305350000000006
 20
17.39634999999999
 30
0
 10
6.305350000000006
 20
17.39634999999999
 30
0
 10
6.029110000000005
 20
16.34139999999998
 30
0
 10
6.029110000000005
 20
16.34139999999998
 30
0
  0
SPLINE
  5
168
100
AcDbEntity
  8
layer 1
  6
CONTINUOUS
 62
    1
370
    5
100
AcDbSpline
210
0
220
0
230
0
 70
    8
 71
    3
 72
   12
 73
    8
 74
    0
 42
1e-07
 43
1e-07
 40
0
 40
0
 40
0
 40
0
 40
0.3333333
 40
0.3333333
 40
0.3333333
 40
0.3333333
 40
1
 40
1
 40
1
 40
1
 10
6.029110000000005
 20
16.34139999999998
 30
0
 10
5.877189999999986
 20
15.76119999999999
 30
0
 10
5.748549999999995
 20
15.27441999999998
 30
0
 10
5.743240000000016
 20
15.25971999999999
 30
0
 10
5.743240000000016
 20
15.25971999999999
 30
0
 10
5.735649999999994
 20
15.23868999999998
 30
0
 10
5.871579999999995
 20
15.23295999999998
 30
0
 10
6.37798000000001
 20
15.23295999999998
 30
0
  0
SPLINE
  5
169
100
AcDbEntity
  8
layer 1
  6
CONTINUOUS
 62
    1
370
    5
100
AcDbSpline
210
0
220
0
230
0
 70
    8
 71
    3
 72
    8
 73
    4
 74
    0
 42
1e-07
 43
1e-07
 40
0
 40
0
 40
0
 40
0
 40
1
 40
1
 40
1
 40
1
 10
7.02171999999999
 20
15.25971999999999
 30
0
 10
7.02171999999999
 20
15.25971999999999
 30
0
 10
7.02171999999999
 20
15.25969
 30
0
 10
7.02171999999999
 20
15.25969
 30
0
  0
SPLINE
  5
16A
100
AcDbEntity
  8
layer 1
  6
CONTINUOUS
 62
    1
370
    5
100
AcDbSpline
210
0
220
0
230
0
 70
   11
 71
    3
 72
  100
 73
   96
 74
    0
 42
1e-07
 43
1e-07
 40
0
 40
0
 40
0
 40
0
 40
0.04
 40
0.04
 40
0.04
 40
0.04
 40
0.08
 40
0.08
 40
0.08
 40
0.08
 40
0.12
 40
0.12
 40
0.12
 40
0.12
 40
0.16
 40
0.16
 40
0.16
 40
0.16
 40
0.2
 40
0.2
 40
0.2
 40
0.2
 40
0.24
 40
0.24
 40
0.24
 40
0.24
 40
0.28
 40
0.28
 40
0.28
 40
0.28
 40
0.32
 40
0.32
 40
0.32
 40
0.32
 40
0.36
 40
0.36
 40
0.36
 40
0.36
 40
0.4
 40
0.4
 40
0.4
 40
0.4
 40
0.44
 40
0.44
 40
0.44
 40
0.44
 40
0.48
 40
0.48
 40
0.48
 40
0.48
 40
0.52
 40
0.52
 40
0.52
 40
0.52
 40
0.5599999999999999
 40
0.5599999999999999
 40
0.5599999999999999
 40
0.5599999999999999
 40
0.6
 40
0.6
 40
0.6
 40
0.6
 40
0.64
 40
0.64
 40
0.64
 40
0.64
 40
0.6799999999999999
 40
0.6799999999999999
 40
0.6799999999999999
 40
0.6799999999999999
 40
0.72
 40
0.72
 40
0.72
 40
0.72
 40
0.76
 40
0.76
 40
0.76
 40
0.76
 40
0.7999999999999999
 40
0.7999999999999999
 40
0.7999999999999999
 40
0.7999999999999999
 40
0.84
 40
0.84
 40
0.84
 40
0.84
 40
0.88
 40
0.88
 40
0.88
 40
0.88
 40
0.9199999999999999
 40
0.9199999999999999
 40
0.9199999999999999
 40
0.9199999999999999
 40
1
 40
1
 40
1
 40
1
 10
11.41012000000001
 20
15.81084999999999
 30
0
 10
11.41012000000001
 20
15.81084999999999
 30
0
 10
11.41012000000001
 20
17.77998999999999
 30
0
 10
11.41012000000001
 20
17.77998999999999
 30
0
 10
11.41012000000001
 20
17.77998999999999
 30
0
 10
11.41012000000001
 20
17.77998999999999
 30
0
 10
12.51240999999999
 20
17.77998999999999
 30
0
 10
12.51240999999999
 20
17.77998999999999
 30
0
 10
12.51240999999999
 20
17.77998999999999
 30
0
 10
12.51240999999999
 20
17.77998999999999
 30
0
 10
13.6147
 20
17.77998999999999
 30
0
 10
13.6147
 20
17.77998999999999
 30
0
 10
13.6147
 20
17.77998999999999
 30
0
 10
13.6147
 20
17.77998999999999
 30
0
 10
13.6147
 20
17.58735999999999
 30
0
 10
13.6147
 20
17.58735999999999
 30
0
 10
13.6147
 20
17.58735999999999
 30
0
 10
13.6147
 20
17.58735999999999
 30
0
 10
13.6147
 20
17.39469999999999
 30
0
 10
13.6147
 20
17.39469999999999
 30
0
 10
13.6147
 20
17.39469999999999
 30
0
 10
13.6147
 20
17.39469999999999
 30
0
 10
12.72646
 20
17.39469999999999
 30
0
 10
12.72646
 20
17.39469999999999
 30
0
 10
12.72646
 20
17.39469999999999
 30
0
 10
12.72646
 20
17.39469999999999
 30
0
 10
11.83819
 20
17.39469999999999
 30
0
 10
11.83819
 20
17.39469999999999
 30
0
 10
11.83819
 20
17.39469999999999
 30
0
 10
11.83819
 20
17.39469999999999
 30
0
 10
11.83819
 20
16.72050999999999
 30
0
 10
11.83819
 20
16.72050999999999
 30
0
 10
11.83819
 20
16.72050999999999
 30
0
 10
11.83819
 20
16.72050999999999
 30
0
 10
11.83819
 20
16.04628999999999
 30
0
 10
11.83819
 20
16.04628999999999
 30
0
 10
11.83819
 20
16.04628999999999
 30
0
 10
11.83819
 20
16.04628999999999
 30
0
 10
12.56593000000001
 20
16.04628999999999
 30
0
 10
12.56593000000001
 20
16.04628999999999
 30
0
 10
12.56593000000001
 20
16.04628999999999
 30
0
 10
12.56593000000001
 20
16.04628999999999
 30
0
 10
13.29364000000001
 20
16.04628999999999
 30
0
 10
13.29364000000001
 20
16.04628999999999
 30
0
 10
13.29364000000001
 20
16.04628999999999
 30
0
 10
13.29364000000001
 20
16.04628999999999
 30
0
 10
13.29364000000001
 20
15.85365999999999
 30
0
 10
13.29364000000001
 20
15.85365999999999
 30
0
 10
13.29364000000001
 20
15.85365999999999
 30
0
 10
13.29364000000001
 20
15.85365999999999
 30
0
 10
13.29364000000001
 20
15.66102999999999
 30
0
 10
13.29364000000001
 20
15.66102999999999
 30
0
 10
13.29364000000001
 20
15.66102999999999
 30
0
 10
13.29364000000001
 20
15.66102999999999
 30
0
 10
12.56593000000001
 20
15.66102999999999
 30
0
 10
12.56593000000001
 20
15.66102999999999
 30
0
 10
12.56593000000001
 20
15.66102999999999
 30
0
 10
12.56593000000001
 20
15.66102999999999
 30
0
 10
11.83819
 20
15.66102999999999
 30
0
 10
11.83819
 20
15.66102999999999
 30
0
 10
11.83819
 20
15.66102999999999
 30
0
 10
11.83819
 20
15.66102999999999
 30
0
 10
11.83819
 20
14.94399999999999
 30
0
 10
11.83819
 20
14.94399999999999
 30
0
 10
11.83819
 20
14.94399999999999
 30
0
 10
11.83819
 20
14.94399999999999
 30
0
 10
11.83819
 20
14.22696999999998
 30
0
 10
11.83819
 20
14.22696999999998
 30
0
 10
11.83819
 20
14.22696999999998
 30
0
 10
11.83819
 20
14.22696999999998
 30
0
 10
12.72646
 20
14.22696999999998
 30
0
 10
12.72646
 20
14.22696999999998
 30
0
 10
12.72646
 20
14.22696999999998
 30
0
 10
12.72646
 20
14.22696999999998
 30
0
 10
13.6147
 20
14.22696999999998
 30
0
 10
13.6147
 20
14.22696999999998
 30
0
 10
13.6147
 20
14.22696999999998
 30
0
 10
13.6147
 20
14.22696999999998
 30
0
 10
13.6147
 20
14.03433999999999
 30
0
 10
13.6147
 20
14.03433999999999
 30
0
 10
13.6147
 20
14.03433999999999
 30
0
 10
13.6147
 20
14.03433999999999
 30
0
 10
13.6147
 20
13.84171
 30
0
 10
13.6147
 20
13.84171
 30
0
 10
13.6147
 20
13.84171
 30
0
 10
13.6147
 20
13.84171
 30
0
 10
12.51240999999999
 20
13.84171
 30
0
 10
12.51240999999999
 20
13.84171
 30
0
 10
12.51240999999999
 20
13.84171
 30
0
 10
12.51240999999999
 20
13.84171
 30
0
 10
11.41012000000001
 20
13.84171
 30
0
 10
11.41012000000001
 20
13.84171
 30
0
 10
11.41012000000001
 20
13.84171
 30
0
 10
11.41012000000001
 20
13.84171
 30
0
 10
11.41012000000001
 20
15.81084999999999
 30
0
 10
11.41012000000001
 20
15.81084999999999
 30
0
  0
SPLINE
  5
16B
100
AcDbEntity
  8
layer 1
  6
CONTINUOUS
 62
    1
370
    5
100
AcDbSpline
210
0
220
0
230
0
 70
    8
 71
    3
 72
    8
 73
    4
 74
    0
 42
1e-07
 43
1e-07
 40
0
 40
0
 40
0
 40
0
 40
1
 40
1
 40
1
 40
1
 10
16.14081999999999
 20
15.42564999999998
 30
0
 10
16.14103
 20
15.41976999999999
 30
0
 10
16.30842999999999
 20
15.06096999999999
 30
0
 10
16.51284999999999
 20
14.62836999999998
 30
0
  0
SPLINE
  5
16C
100
AcDbEntity
  8
layer 1
  6
CONTINUOUS
 62
    1
370
    5
100
AcDbSpline
210
0
220
0
230
0
 70
    8
 71
    3
 72
   64
 73
   60
 74
    0
 42
1e-07
 43
1e-07
 40
0
 40
0
 40
0
 40
0
 40
0.0625
 40
0.0625
 40
0.0625
 40
0.0625
 40
0.125
 40
0.125
 40
0.125
 40
0.125
 40
0.1875
 40
0.1875
 40
0.1875
 40
0.1875
 40
0.25
 40
0.25
 40
0.25
 40
0.25
 40
0.3125
 40
0.3125
 40
0.3125
 40
0.3125
 40
0.375
 40
0.375
 40
0.375
 40
0.375
 40
0.4375
 40
0.4375
 40
0.4375
 40
0.4375
 40
0.5
 40
0.5
 40
0.5
 40
0.5
 40
0.5625
 40
0.5625
 40
0.5625
 40
0.5625
 40
0.625
 40
0.625
 40
0.625
 40
0.625
 40
0.6875
 40
0.6875
 40
0.6875
 40
0.6875
 40
0.75
 40
0.75
 40
0.75
 40
0.75
 40
0.8125
 40
0.8125
 40
0.8125
 40
0.8125
 40
0.875
 40
0.875
 40
0.875
 40
0.875
 40
1
 40
1
 40
1
 40
1
 10
16.51284999999999
 20
14.62836999999998
 30
0
 10
16.51284999999999
 20
14.62836999999998
 30
0
 10
16.88458
 20
13.84176999999999
 30
0
 10
16.88458
 20
13.84176999999999
 30
0
 10
16.88458
 20
13.84176999999999
 30
0
 10
16.88458
 20
13.84176999999999
 30
0
 10
16.64412999999999
 20
13.84176999999999
 30
0
 10
16.64412999999999
 20
13.84176999999999
 30
0
 10
16.64412999999999
 20
13.84176999999999
 30
0
 10
16.64412999999999
 20
13.84176999999999
 30
0
 10
16.40370999999999
 20
13.84176999999999
 30
0
 10
16.40370999999999
 20
13.84176999999999
 30
0
 10
16.40370999999999
 20
13.84176999999999
 30
0
 10
16.40370999999999
 20
13.84176999999999
 30
0
 10
16.05148000000001
 20
14.59626999999999
 30
0
 10
16.05148000000001
 20
14.59626999999999
 30
0
 10
16.05148000000001
 20
14.59626999999999
 30
0
 10
16.05148000000001
 20
14.59626999999999
 30
0
 10
15.69922
 20
15.35073999999999
 30
0
 10
15.69922
 20
15.35073999999999
 30
0
 10
15.69922
 20
15.35073999999999
 30
0
 10
15.69922
 20
15.35073999999999
 30
0
 10
15.21880000000002
 20
15.35073999999999
 30
0
 10
15.21880000000002
 20
15.35073999999999
 30
0
 10
15.21880000000002
 20
15.35073999999999
 30
0
 10
15.21880000000002
 20
15.35073999999999
 30
0
 10
14.73838000000001
 20
15.35073999999999
 30
0
 10
14.73838000000001
 20
15.35073999999999
 30
0
 10
14.73838000000001
 20
15.35073999999999
 30
0
 10
14.73838000000001
 20
15.35073999999999
 30
0
 10
14.73274000000001
 20
14.59626999999999
 30
0
 10
14.73274000000001
 20
14.59626999999999
 30
0
 10
14.73274000000001
 20
14.59626999999999
 30
0
 10
14.73274000000001
 20
14.59626999999999
 30
0
 10
14.72712999999999
 20
13.84176999999999
 30
0
 10
14.72712999999999
 20
13.84176999999999
 30
0
 10
14.72712999999999
 20
13.84176999999999
 30
0
 10
14.72712999999999
 20
13.84176999999999
 30
0
 10
14.51338000000001
 20
13.84176999999999
 30
0
 10
14.51338000000001
 20
13.84176999999999
 30
0
 10
14.51338000000001
 20
13.84176999999999
 30
0
 10
14.51338000000001
 20
13.84176999999999
 30
0
 10
14.2996
 20
13.84176999999999
 30
0
 10
14.2996
 20
13.84176999999999
 30
0
 10
14.2996
 20
13.84176999999999
 30
0
 10
14.2996
 20
13.84176999999999
 30
0
 10
14.2996
 20
15.81090999999998
 30
0
 10
14.2996
 20
15.81090999999998
 30
0
 10
14.2996
 20
15.81090999999998
 30
0
 10
14.2996
 20
15.81090999999998
 30
0
 10
14.2996
 20
15.81084999999999
 30
0
 10
14.2996
 20
15.81084999999999
 30
0
 10
14.2996
 20
15.81084999999999
 30
0
 10
14.2996
 20
15.81084999999999
 30
0
 10
14.2996
 20
17.77998999999999
 30
0
 10
14.2996
 20
17.77998999999999
 30
0
 10
14.2996
 20
17.77998999999999
 30
0
 10
14.2996
 20
17.77998999999999
 30
0
 10
15.08619999999999
 20
17.77971999999999
 30
0
 10
15.08619999999999
 20
17.77971999999999
 30
0
  0
SPLINE
  5
16D
100
AcDbEntity
  8
layer 1
  6
CONTINUOUS
 62
    1
370
    5
100
AcDbSpline
210
0
220
0
230
0
 70
    8
 71
    3
 72
   28
 73
   24
 74
    0
 42
1e-07
 43
1e-07
 40
0
 40
0
 40
0
 40
0
 40
0.1428571
 40
0.1428571
 40
0.1428571
 40
0.1428571
 40
0.2857143
 40
0.2857143
 40
0.2857143
 40
0.2857143
 40
0.4285714
 40
0.4285714
 40
0.4285714
 40
0.4285714
 40
0.5714286
 40
0.5714286
 40
0.5714286
 40
0.5714286
 40
0.7142856999999999
 40
0.7142856999999999
 40
0.7142856999999999
 40
0.7142856999999999
 40
1
 40
1
 40
1
 40
1
 10
15.08619999999999
 20
17.77971999999999
 30
0
 10
15.94030000000001
 20
17.77948
 30
0
 10
16.03567000000001
 20
17.76955
 30
0
 10
16.25310999999999
 20
17.65942
 30
0
 10
16.25310999999999
 20
17.65942
 30
0
 10
16.42071999999999
 20
17.57454999999999
 30
0
 10
16.49491
 20
17.51037999999999
 30
0
 10
16.58986000000002
 20
17.36817999999999
 30
0
 10
16.58986000000002
 20
17.36817999999999
 30
0
 10
16.73575
 20
17.14971999999999
 30
0
 10
16.77175
 20
16.99389999999999
 30
0
 10
16.77160000000001
 20
16.58143
 30
0
 10
16.77160000000001
 20
16.58143
 30
0
 10
16.77160000000001
 20
16.29991
 30
0
 10
16.76355999999998
 20
16.20243999999999
 30
0
 10
16.73227
 20
16.10076999999999
 30
0
 10
16.73227
 20
16.10076999999999
 30
0
 10
16.64131
 20
15.80517999999998
 30
0
 10
16.50223
 20
15.62337999999999
 30
0
 10
16.27843000000001
 20
15.50766999999999
 30
0
 10
16.27843000000001
 20
15.50766999999999
 30
0
 10
16.20256000000001
 20
15.46842999999999
 30
0
 10
16.14063999999999
 20
15.43152999999999
 30
0
 10
16.14081999999999
 20
15.42564999999998
 30
0
  0
SPLINE
  5
16E
100
AcDbEntity
  8
layer 1
  6
CONTINUOUS
 62
    1
370
    5
100
AcDbSpline
210
0
220
0
230
0
 70
   11
 71
    3
 72
   68
 73
   64
 74
    0
 42
1e-07
 43
1e-07
 40
0
 40
0
 40
0
 40
0
 40
0.0588235
 40
0.0588235
 40
0.0588235
 40
0.0588235
 40
0.1176471
 40
0.1176471
 40
0.1176471
 40
0.1176471
 40
0.1764706
 40
0.1764706
 40
0.1764706
 40
0.1764706
 40
0.2352941
 40
0.2352941
 40
0.2352941
 40
0.2352941
 40
0.2941176
 40
0.2941176
 40
0.2941176
 40
0.2941176
 40
0.3529412
 40
0.3529412
 40
0.3529412
 40
0.3529412
 40
0.4117647
 40
0.4117647
 40
0.4117647
 40
0.4117647
 40
0.4705882
 40
0.4705882
 40
0.4705882
 40
0.4705882
 40
0.5294118
 40
0.5294118
 40
0.5294118
 40
0.5294118
 40
0.5882353
 40
0.5882353
 40
0.5882353
 40
0.5882353
 40
0.6470587999999999
 40
0.6470587999999999
 40
0.6470587999999999
 40
0.6470587999999999
 40
0.7058824
 40
0.7058824
 40
0.7058824
 40
0.7058824
 40
0.7647058999999999
 40
0.7647058999999999
 40
0.7647058999999999
 40
0.7647058999999999
 40
0.8235294
 40
0.8235294
 40
0.8235294
 40
0.8235294
 40
0.8823529
 40
0.8823529
 40
0.8823529
 40
0.8823529
 40
1
 40
1
 40
1
 40
1
 10
21.27717999999999
 20
18.51840999999999
 30
0
 10
21.27717999999999
 20
18.51840999999999
 30
0
 10
21.27717999999999
 20
18.91437999999999
 30
0
 10
21.27717999999999
 20
18.91437999999999
 30
0
 10
21.27717999999999
 20
18.91437999999999
 30
0
 10
21.27717999999999
 20
18.91437999999999
 30
0
 10
21.15946
 20
18.91437999999999
 30
0
 10
21.15946
 20
18.91437999999999
 30
0
 10
21.15946
 20
18.91437999999999
 30
0
 10
21.15946
 20
18.91437999999999
 30
0
 10
21.04174
 20
18.91437999999999
 30
0
 10
21.04174
 20
18.91437999999999
 30
0
 10
21.04174
 20
18.91437999999999
 30
0
 10
21.04174
 20
18.91437999999999
 30
0
 10
21.04174
 20
18.98928999999998
 30
0
 10
21.04174
 20
18.98928999999998
 30
0
 10
21.04174
 20
18.98928999999998
 30
0
 10
21.04174
 20
18.98928999999998
 30
0
 10
21.04174
 20
19.06419999999999
 30
0
 10
21.04174
 20
19.06419999999999
 30
0
 10
21.04174
 20
19.06419999999999
 30
0
 10
21.04174
 20
19.06419999999999
 30
0
 10
21.36279999999999
 20
19.06419999999999
 30
0
 10
21.36279999999999
 20
19.06419999999999
 30
0
 10
21.36279999999999
 20
19.06419999999999
 30
0
 10
21.36279999999999
 20
19.06419999999999
 30
0
 10
21.68386000000001
 20
19.06419999999999
 30
0
 10
21.68386000000001
 20
19.06419999999999
 30
0
 10
21.68386000000001
 20
19.06419999999999
 30
0
 10
21.68386000000001
 20
19.06419999999999
 30
0
 10
21.68386000000001
 20
18.98928999999998
 30
0
 10
21.68386000000001
 20
18.98928999999998
 30
0
 10
21.68386000000001
 20
18.98928999999998
 30
0
 10
21.68386000000001
 20
18.98928999999998
 30
0
 10
21.68386000000001
 20
18.91437999999999
 30
0
 10
21.68386000000001
 20
18.91437999999999
 30
0
 10
21.68386000000001
 20
18.91437999999999
 30
0
 10
21.68386000000001
 20
18.91437999999999
 30
0
 10
21.57682
 20
18.91437999999999
 30
0
 10
21.57682
 20
18.91437999999999
 30
0
 10
21.57682
 20
18.91437999999999
 30
0
 10
21.57682
 20
18.91437999999999
 30
0
 10
21.46981
 20
18.91437999999999
 30
0
 10
21.46981
 20
18.91437999999999
 30
0
 10
21.46981
 20
18.91437999999999
 30
0
 10
21.46981
 20
18.91437999999999
 30
0
 10
21.46981
 20
18.51840999999999
 30
0
 10
21.46981
 20
18.51840999999999
 30
0
 10
21.46981
 20
18.51840999999999
 30
0
 10
21.46981
 20
18.51840999999999
 30
0
 10
21.46981
 20
18.12243999999998
 30
0
 10
21.46981
 20
18.12243999999998
 30
0
 10
21.46981
 20
18.12243999999998
 30
0
 10
21.46981
 20
18.12243999999998
 30
0
 10
21.37351000000001
 20
18.12243999999998
 30
0
 10
21.37351000000001
 20
18.12243999999998
 30
0
 10
21.37351000000001
 20
18.12243999999998
 30
0
 10
21.37351000000001
 20
18.12243999999998
 30
0
 10
21.27717999999999
 20
18.12243999999998
 30
0
 10
21.27717999999999
 20
18.12243999999998
 30
0
 10
21.27717999999999
 20
18.12243999999998
 30
0
 10
21.27717999999999
 20
18.12243999999998
 30
0
 10
21.27717999999999
 20
18.51840999999999
 30
0
 10
21.27717999999999
 20
18.51840999999999
 30
0
  0
SPLINE
  5
16F
100
AcDbEntity
  8
layer 1
  6
CONTINUOUS
 62
    1
370
    5
100
AcDbSpline
210
0
220
0
230
0
 70
    8
 71
    3
 72
    8
 73
    4
 74
    0
 42
1e-07
 43
1e-07
 40
0
 40
0
 40
0
 40
0
 40
1
 40
1
 40
1
 40
1
 10
12.9409
 20
7.914369999999982
 30
0
 10
12.9409
 20
7.914369999999982
 30
0
 10
12.94093000000001
 20
7.914339999999987
 30
0
 10
12.94093000000001
 20
7.914339999999987
 30
0
  0
SPLINE
  5
170
100
AcDbEntity
  8
layer 1
  6
CONTINUOUS
 62
    1
370
    5
100
AcDbSpline
210
0
220
0
230
0
 70
    8
 71
    3
 72
   16
 73
   12
 74
    0
 42
1e-07
 43
1e-07
 40
0
 40
0
 40
0
 40
0
 40
0.25
 40
0.25
 40
0.25
 40
0.25
 40
0.5
 40
0.5
 40
0.5
 40
0.5
 40
1
 40
1
 40
1
 40
1
 10
12.94093000000001
 20
7.914339999999987
 30
0
 10
12.68736999999999
 20
7.956729999999984
 30
0
 10
12.40966
 20
8.10090999999999
 30
0
 10
12.29079999999999
 20
8.251899999999997
 30
0
 10
12.29079999999999
 20
8.251899999999997
 30
0
 10
12.20389
 20
8.362239999999991
 30
0
 10
12.12225999999998
 20
8.53137999999999
 30
0
 10
12.08014
 20
8.688399999999993
 30
0
 10
12.08014
 20
8.688399999999993
 30
0
 10
12.04834
 20
8.80680999999999
 30
0
 10
12.04320999999999
 20
9.002709999999999
 30
0
 10
12.03643
 20
10.35828999999999
 30
0
  0
SPLINE
  5
171
100
AcDbEntity
  8
layer 1
  6
CONTINUOUS
 62
    1
370
    5
100
AcDbSpline
210
0
220
0
230
0
 70
    8
 71
    3
 72
   20
 73
   16
 74
    0
 42
1e-07
 43
1e-07
 40
0
 40
0
 40
0
 40
0
 40
0.2
 40
0.2
 40
0.2
 40
0.2
 40
0.4
 40
0.4
 40
0.4
 40
0.4
 40
0.6
 40
0.6
 40
0.6
 40
0.6
 40
1
 40
1
 40
1
 40
1
 10
12.03643
 20
10.35828999999999
 30
0
 10
12.03643
 20
10.35828999999999
 30
0
 10
12.02875
 20
11.89398999999999
 30
0
 10
12.02875
 20
11.89398999999999
 30
0
 10
12.02875
 20
11.89398999999999
 30
0
 10
12.02875
 20
11.89398999999999
 30
0
 10
12.25452999999999
 20
11.89398999999999
 30
0
 10
12.25452999999999
 20
11.89398999999999
 30
0
 10
12.25452999999999
 20
11.89398999999999
 30
0
 10
12.25452999999999
 20
11.89398999999999
 30
0
 10
12.48031
 20
11.89398999999999
 30
0
 10
12.48031
 20
11.89398999999999
 30
0
 10
12.48031
 20
11.89398999999999
 30
0
 10
12.48031
 20
11.89398999999999
 30
0
 10
12.48031
 20
10.38729999999999
 30
0
 10
12.48031
 20
10.38729999999999
 30
0
  0
SPLINE
  5
172
100
AcDbEntity
  8
layer 1
  6
CONTINUOUS
 62
    1
370
    5
100
AcDbSpline
210
0
220
0
230
0
 70
    8
 71
    3
 72
   24
 73
   20
 74
    0
 42
1e-07
 43
1e-07
 40
0
 40
0
 40
0
 40
0
 40
0.1666667
 40
0.1666667
 40
0.1666667
 40
0.1666667
 40
0.3333333
 40
0.3333333
 40
0.3333333
 40
0.3333333
 40
0.5
 40
0.5
 40
0.5
 40
0.5
 40
0.6666666999999999
 40
0.6666666999999999
 40
0.6666666999999999
 40
0.6666666999999999
 40
1
 40
1
 40
1
 40
1
 10
12.48031
 20
10.38729999999999
 30
0
 10
12.48031
 20
8.921859999999986
 30
0
 10
12.48157
 20
8.876619999999994
 30
0
 10
12.5248
 20
8.736489999999995
 30
0
 10
12.5248
 20
8.736489999999995
 30
0
 10
12.55954
 20
8.624109999999993
 30
0
 10
12.59161
 20
8.570109999999991
 30
0
 10
12.67057
 20
8.491149999999996
 30
0
 10
12.67057
 20
8.491149999999996
 30
0
 10
12.80844999999999
 20
8.35327
 30
0
 10
12.96184
 20
8.29722999999999
 30
0
 10
13.24209999999999
 20
8.28240999999999
 30
0
 10
13.24209999999999
 20
8.28240999999999
 30
0
 10
13.72533999999999
 20
8.256819999999996
 30
0
 10
14.00863000000001
 20
8.403879999999992
 30
0
 10
14.12415999999999
 20
8.740209999999996
 30
0
 10
14.12415999999999
 20
8.740209999999996
 30
0
 10
14.15581
 20
8.832459999999989
 30
0
 10
14.16049000000001
 20
9.013239999999987
 30
0
 10
14.16631000000001
 20
10.36896999999998
 30
0
  0
SPLINE
  5
173
100
AcDbEntity
  8
layer 1
  6
CONTINUOUS
 62
    1
370
    5
100
AcDbSpline
210
0
220
0
230
0
 70
    8
 71
    3
 72
   20
 73
   16
 74
    0
 42
1e-07
 43
1e-07
 40
0
 40
0
 40
0
 40
0
 40
0.2
 40
0.2
 40
0.2
 40
0.2
 40
0.4
 40
0.4
 40
0.4
 40
0.4
 40
0.6
 40
0.6
 40
0.6
 40
0.6
 40
1
 40
1
 40
1
 40
1
 10
14.16631000000001
 20
10.36896999999998
 30
0
 10
14.16631000000001
 20
10.36896999999998
 30
0
 10
14.17282
 20
11.89398999999999
 30
0
 10
14.17282
 20
11.89398999999999
 30
0
 10
14.17282
 20
11.89398999999999
 30
0
 10
14.17282
 20
11.89398999999999
 30
0
 10
14.39857000000001
 20
11.89398999999999
 30
0
 10
14.39857000000001
 20
11.89398999999999
 30
0
 10
14.39857000000001
 20
11.89398999999999
 30
0
 10
14.39857000000001
 20
11.89398999999999
 30
0
 10
14.62434999999999
 20
11.89398999999999
 30
0
 10
14.62434999999999
 20
11.89398999999999
 30
0
 10
14.62434999999999
 20
11.89398999999999
 30
0
 10
14.62434999999999
 20
11.89398999999999
 30
0
 10
14.6155
 20
10.36896999999998
 30
0
 10
14.6155
 20
10.36896999999998
 30
0
  0
SPLINE
  5
174
100
AcDbEntity
  8
layer 1
  6
CONTINUOUS
 62
    1
370
    5
100
AcDbSpline
210
0
220
0
230
0
 70
    8
 71
    3
 72
   20
 73
   16
 74
    0
 42
1e-07
 43
1e-07
 40
0
 40
0
 40
0
 40
0
 40
0.2
 40
0.2
 40
0.2
 40
0.2
 40
0.4
 40
0.4
 40
0.4
 40
0.4
 40
0.6
 40
0.6
 40
0.6
 40
0.6
 40
1
 40
1
 40
1
 40
1
 10
14.6155
 20
10.36896999999998
 30
0
 10
14.60694999999998
 20
8.88882999999999
 30
0
 10
14.60533000000001
 20
8.839029999999985
 30
0
 10
14.56066000000001
 20
8.676489999999992
 30
0
 10
14.56066000000001
 20
8.676489999999992
 30
0
 10
14.49969999999999
 20
8.454789999999994
 30
0
 10
14.42389
 20
8.32068999999999
 30
0
 10
14.28559000000001
 20
8.189889999999982
 30
0
 10
14.28559000000001
 20
8.189889999999982
 30
0
 10
14.06365
 20
7.980009999999984
 30
0
 10
13.76494
 20
7.889619999999999
 30
0
 10
13.30783
 20
7.894029999999992
 30
0
 10
13.30783
 20
7.894029999999992
 30
0
 10
13.16467
 20
7.89528999999998
 30
0
 10
12.99955
 20
7.904559999999995
 30
0
 10
12.94093000000001
 20
7.914339999999987
 30
0
  0
SPLINE
  5
175
100
AcDbEntity
  8
layer 1
  6
CONTINUOUS
 62
    1
370
    5
100
AcDbSpline
210
0
220
0
230
0
 70
    8
 71
    3
 72
    8
 73
    4
 74
    0
 42
1e-07
 43
1e-07
 40
0
 40
0
 40
0
 40
0
 40
1
 40
1
 40
1
 40
1
 10
12.94093000000001
 20
7.914339999999987
 30
0
 10
12.94093000000001
 20
7.914339999999987
 30
0
 10
12.9409
 20
7.914369999999982
 30
0
 10
12.9409
 20
7.914369999999982
 30
0
  0
SPLINE
  5
176
100
AcDbEntity
  8
layer 1
  6
CONTINUOUS
 62
    1
370
    5
100
AcDbSpline
210
0
220
0
230
0
 70
    8
 71
    3
 72
   32
 73
   28
 74
    0
 42
1e-07
 43
1e-07
 40
0
 40
0
 40
0
 40
0
 40
0.125
 40
0.125
 40
0.125
 40
0.125
 40
0.25
 40
0.25
 40
0.25
 40
0.25
 40
0.375
 40
0.375
 40
0.375
 40
0.375
 40
0.5
 40
0.5
 40
0.5
 40
0.5
 40
0.625
 40
0.625
 40
0.625
 40
0.625
 40
0.75
 40
0.75
 40
0.75
 40
0.75
 40
1
 40
1
 40
1
 40
1
 10
0.60130000000001
 20
7.96224999999999
 30
0
 10
0.60130000000001
 20
7.978419999999993
 30
0
 10
0.8276500000000067
 20
8.866509999999998
 30
0
 10
1.10427999999999
 20
9.935769999999984
 30
0
 10
1.10427999999999
 20
9.935769999999984
 30
0
 10
1.380910000000001
 20
11.00502999999999
 30
0
 10
1.607259999999999
 20
11.88303999999998
 30
0
 10
1.607259999999999
 20
11.88694
 30
0
 10
1.607259999999999
 20
11.88694
 30
0
 10
1.607259999999999
 20
11.89080999999999
 30
0
 10
1.804720000000005
 20
11.89398999999999
 30
0
 10
2.046040000000006
 20
11.89398999999999
 30
0
 10
2.046040000000006
 20
11.89398999999999
 30
0
 10
2.287390000000017
 20
11.89398999999999
 30
0
 10
2.484820000000014
 20
11.88813999999998
 30
0
 10
2.484820000000014
 20
11.88099999999999
 30
0
 10
2.484820000000014
 20
11.88099999999999
 30
0
 10
2.484820000000014
 20
11.87382999999999
 30
0
 10
2.711170000000011
 20
10.98825999999999
 30
0
 10
2.987799999999994
 20
9.913029999999999
 30
0
 10
2.987799999999994
 20
9.913029999999999
 30
0
 10
3.264460000000015
 20
8.837799999999994
 30
0
 10
3.490780000000002
 20
7.952379999999998
 30
0
 10
3.490780000000002
 20
7.945449999999987
 30
0
 10
3.490780000000002
 20
7.945449999999987
 30
0
 10
3.490780000000002
 20
7.93851999999999
 30
0
 10
3.392709999999995
 20
7.935579999999995
 30
0
 10
3.27283
 20
7.938909999999986
 30
0
  0
SPLINE
  5
177
100
AcDbEntity
  8
layer 1
  6
CONTINUOUS
 62
    1
370
    5
100
AcDbSpline
210
0
220
0
230
0
 70
    8
 71
    3
 72
   12
 73
    8
 74
    0
 42
1e-07
 43
1e-07
 40
0
 40
0
 40
0
 40
0
 40
0.3333333
 40
0.3333333
 40
0.3333333
 40
0.3333333
 40
1
 40
1
 40
1
 40
1
 10
3.27283
 20
7.938909999999986
 30
0
 10
3.27283
 20
7.938909999999986
 30
0
 10
3.054879999999998
 20
7.944999999999986
 30
0
 10
3.054879999999998
 20
7.944999999999986
 30
0
 10
3.054879999999998
 20
7.944999999999986
 30
0
 10
3.054879999999998
 20
7.944999999999986
 30
0
 10
2.940789999999994
 20
8.362389999999998
 30
0
 10
2.940789999999994
 20
8.362389999999998
 30
0
  0
SPLINE
  5
178
100
AcDbEntity
  8
layer 1
  6
CONTINUOUS
 62
    1
370
    5
100
AcDbSpline
210
0
220
0
230
0
 70
    8
 71
    3
 72
    8
 73
    4
 74
    0
 42
1e-07
 43
1e-07
 40
0
 40
0
 40
0
 40
0
 40
1
 40
1
 40
1
 40
1
 10
2.940789999999994
 20
8.362389999999998
 30
0
 10
2.878060000000006
 20
8.591919999999995
 30
0
 10
2.816859999999992
 20
8.815869999999983
 30
0
 10
2.804769999999992
 20
8.860029999999988
 30
0
  0
SPLINE
  5
179
100
AcDbEntity
  8
layer 1
  6
CONTINUOUS
 62
    1
370
    5
100
AcDbSpline
210
0
220
0
230
0
 70
    8
 71
    3
 72
   20
 73
   16
 74
    0
 42
1e-07
 43
1e-07
 40
0
 40
0
 40
0
 40
0
 40
0.2
 40
0.2
 40
0.2
 40
0.2
 40
0.4
 40
0.4
 40
0.4
 40
0.4
 40
0.6
 40
0.6
 40
0.6
 40
0.6
 40
1
 40
1
 40
1
 40
1
 10
2.804769999999992
 20
8.860029999999988
 30
0
 10
2.804769999999992
 20
8.860029999999988
 30
0
 10
2.782839999999994
 20
8.940279999999994
 30
0
 10
2.782839999999994
 20
8.940279999999994
 30
0
 10
2.782839999999994
 20
8.940279999999994
 30
0
 10
2.782839999999994
 20
8.940279999999994
 30
0
 10
2.045829999999996
 20
8.940279999999994
 30
0
 10
2.045829999999996
 20
8.940279999999994
 30
0
 10
2.045829999999996
 20
8.940279999999994
 30
0
 10
2.045829999999996
 20
8.940279999999994
 30
0
 10
1.308819999999998
 20
8.940279999999994
 30
0
 10
1.308819999999998
 20
8.940279999999994
 30
0
 10
1.308819999999998
 20
8.940279999999994
 30
0
 10
1.308819999999998
 20
8.940279999999994
 30
0
 10
1.276720000000013
 20
8.827899999999993
 30
0
 10
1.276720000000013
 20
8.827899999999993
 30
0
  0
SPLINE
  5
17A
100
AcDbEntity
  8
layer 1
  6
CONTINUOUS
 62
    1
370
    5
100
AcDbSpline
210
0
220
0
230
0
 70
    8
 71
    3
 72
    8
 73
    4
 74
    0
 42
1e-07
 43
1e-07
 40
0
 40
0
 40
0
 40
0
 40
1
 40
1
 40
1
 40
1
 10
1.276720000000013
 20
8.827899999999993
 30
0
 10
1.259050000000003
 20
8.766099999999987
 30
0
 10
1.197550000000008
 20
8.542179999999995
 30
0
 10
1.14004
 20
8.330259999999988
 30
0
  0
SPLINE
  5
17B
100
AcDbEntity
  8
layer 1
  6
CONTINUOUS
 62
    1
370
    5
100
AcDbSpline
210
0
220
0
230
0
 70
    8
 71
    3
 72
   12
 73
    8
 74
    0
 42
1e-07
 43
1e-07
 40
0
 40
0
 40
0
 40
0
 40
0.3333333
 40
0.3333333
 40
0.3333333
 40
0.3333333
 40
1
 40
1
 40
1
 40
1
 10
1.14004
 20
8.330259999999988
 30
0
 10
1.14004
 20
8.330259999999988
 30
0
 10
1.035490000000011
 20
7.944999999999986
 30
0
 10
1.035490000000011
 20
7.944999999999986
 30
0
 10
1.035490000000011
 20
7.944999999999986
 30
0
 10
1.035490000000011
 20
7.944999999999986
 30
0
 10
0.8184100000000011
 20
7.938909999999986
 30
0
 10
0.8184100000000011
 20
7.938909999999986
 30
0
  0
SPLINE
  5
17C
100
AcDbEntity
  8
layer 1
  6
CONTINUOUS
 62
    1
370
    5
100
AcDbSpline
210
0
220
0
230
0
 70
    8
 71
    3
 72
    8
 73
    4
 74
    0
 42
1e-07
 43
1e-07
 40
0
 40
0
 40
0
 40
0
 40
1
 40
1
 40
1
 40
1
 10
0.8184100000000011
 20
7.938909999999986
 30
0
 10
0.6455200000000058
 20
7.934049999999992
 30
0
 10
0.60130000000001
 20
7.938819999999986
 30
0
 10
0.60130000000001
 20
7.96224999999999
 30
0
  0
SPLINE
  5
17D
100
AcDbEntity
  8
layer 1
  6
CONTINUOUS
 62
    1
370
    5
100
AcDbSpline
210
0
220
0
230
0
 70
    8
 71
    3
 72
   12
 73
    8
 74
    0
 42
1e-07
 43
1e-07
 40
0
 40
0
 40
0
 40
0
 40
0.3333333
 40
0.3333333
 40
0.3333333
 40
0.3333333
 40
1
 40
1
 40
1
 40
1
 10
8.218629999999992
 20
10.99533999999999
 30
0
 10
8.218629999999992
 20
10.99533999999999
 30
0
 10
8.655039999999987
 20
11.89398999999999
 30
0
 10
8.655039999999987
 20
11.89398999999999
 30
0
 10
8.655039999999987
 20
11.89398999999999
 30
0
 10
8.655039999999987
 20
11.89398999999999
 30
0
 10
8.887480000000012
 20
11.89398999999999
 30
0
 10
8.887480000000012
 20
11.89398999999999
 30
0
  0
SPLINE
  5
17E
100
AcDbEntity
  8
layer 1
  6
CONTINUOUS
 62
    1
370
    5
100
AcDbSpline
210
0
220
0
230
0
 70
    8
 71
    3
 72
   12
 73
    8
 74
    0
 42
1e-07
 43
1e-07
 40
0
 40
0
 40
0
 40
0
 40
0.3333333
 40
0.3333333
 40
0.3333333
 40
0.3333333
 40
1
 40
1
 40
1
 40
1
 10
8.887480000000012
 20
11.89398999999999
 30
0
 10
9.015340000000011
 20
11.89398999999999
 30
0
 10
9.119920000000009
 20
11.88912999999998
 30
0
 10
9.119920000000009
 20
11.88321999999998
 30
0
 10
9.119920000000009
 20
11.88321999999998
 30
0
 10
9.119920000000009
 20
11.87727999999999
 30
0
 10
8.864710000000004
 20
11.36202999999999
 30
0
 10
8.552740000000002
 20
10.73820999999999
 30
0
  0
SPLINE
  5
17F
100
AcDbEntity
  8
layer 1
  6
CONTINUOUS
 62
    1
370
    5
100
AcDbSpline
210
0
220
0
230
0
 70
    8
 71
    3
 72
   52
 73
   48
 74
    0
 42
1e-07
 43
1e-07
 40
0
 40
0
 40
0
 40
0
 40
0.07692309999999999
 40
0.07692309999999999
 40
0.07692309999999999
 40
0.07692309999999999
 40
0.1538462
 40
0.1538462
 40
0.1538462
 40
0.1538462
 40
0.2307692
 40
0.2307692
 40
0.2307692
 40
0.2307692
 40
0.3076923
 40
0.3076923
 40
0.3076923
 40
0.3076923
 40
0.3846154
 40
0.3846154
 40
0.3846154
 40
0.3846154
 40
0.4615385
 40
0.4615385
 40
0.4615385
 40
0.4615385
 40
0.5384614999999999
 40
0.5384614999999999
 40
0.5384614999999999
 40
0.5384614999999999
 40
0.6153845999999999
 40
0.6153845999999999
 40
0.6153845999999999
 40
0.6153845999999999
 40
0.6923077
 40
0.6923077
 40
0.6923077
 40
0.6923077
 40
0.7692308
 40
0.7692308
 40
0.7692308
 40
0.7692308
 40
0.8461538
 40
0.8461538
 40
0.8461538
 40
0.8461538
 40
1
 40
1
 40
1
 40
1
 10
8.552740000000002
 20
10.73820999999999
 30
0
 10
8.552740000000002
 20
10.73820999999999
 30
0
 10
7.985559999999993
 20
9.603969999999995
 30
0
 10
7.985559999999993
 20
9.603969999999995
 30
0
 10
7.985559999999993
 20
9.603969999999995
 30
0
 10
7.985559999999993
 20
9.603969999999995
 30
0
 10
7.985559999999993
 20
8.769159999999991
 30
0
 10
7.985559999999993
 20
8.769159999999991
 30
0
 10
7.985559999999993
 20
8.769159999999991
 30
0
 10
7.985559999999993
 20
8.769159999999991
 30
0
 10
7.985559999999993
 20
7.934319999999992
 30
0
 10
7.985559999999993
 20
7.934319999999992
 30
0
 10
7.985559999999993
 20
7.934319999999992
 30
0
 10
7.985559999999993
 20
7.934319999999992
 30
0
 10
7.771510000000007
 20
7.934319999999992
 30
0
 10
7.771510000000007
 20
7.934319999999992
 30
0
 10
7.771510000000007
 20
7.934319999999992
 30
0
 10
7.771510000000007
 20
7.934319999999992
 30
0
 10
7.557459999999993
 20
7.934319999999992
 30
0
 10
7.557459999999993
 20
7.934319999999992
 30
0
 10
7.557459999999993
 20
7.934319999999992
 30
0
 10
7.557459999999993
 20
7.934319999999992
 30
0
 10
7.557459999999993
 20
8.771319999999994
 30
0
 10
7.557459999999993
 20
8.771319999999994
 30
0
 10
7.557459999999993
 20
8.771319999999994
 30
0
 10
7.557459999999993
 20
8.771319999999994
 30
0
 10
7.557459999999993
 20
9.608349999999993
 30
0
 10
7.557459999999993
 20
9.608349999999993
 30
0
 10
7.557459999999993
 20
9.608349999999993
 30
0
 10
7.557459999999993
 20
9.608349999999993
 30
0
 10
6.982419999999992
 20
10.75116999999999
 30
0
 10
6.982419999999992
 20
10.75116999999999
 30
0
 10
6.982419999999992
 20
10.75116999999999
 30
0
 10
6.982419999999992
 20
10.75116999999999
 30
0
 10
6.40732
 20
11.89398999999999
 30
0
 10
6.40732
 20
11.89398999999999
 30
0
 10
6.40732
 20
11.89398999999999
 30
0
 10
6.40732
 20
11.89398999999999
 30
0
 10
6.646690000000008
 20
11.89398999999999
 30
0
 10
6.646690000000008
 20
11.89398999999999
 30
0
 10
6.646690000000008
 20
11.89398999999999
 30
0
 10
6.646690000000008
 20
11.89398999999999
 30
0
 10
6.886060000000017
 20
11.89398999999999
 30
0
 10
6.886060000000017
 20
11.89398999999999
 30
0
 10
6.886060000000017
 20
11.89398999999999
 30
0
 10
6.886060000000017
 20
11.89398999999999
 30
0
 10
7.323430000000004
 20
10.99542999999999
 30
0
 10
7.323430000000004
 20
10.99542999999999
 30
0
  0
SPLINE
  5
180
100
AcDbEntity
  8
layer 1
  6
CONTINUOUS
 62
    1
370
    5
100
AcDbSpline
210
0
220
0
230
0
 70
    8
 71
    3
 72
   12
 73
    8
 74
    0
 42
1e-07
 43
1e-07
 40
0
 40
0
 40
0
 40
0
 40
0.3333333
 40
0.3333333
 40
0.3333333
 40
0.3333333
 40
1
 40
1
 40
1
 40
1
 10
7.323430000000004
 20
10.99542999999999
 30
0
 10
7.563999999999994
 20
10.50117999999998
 30
0
 10
7.765629999999988
 20
10.09680999999999
 30
0
 10
7.771510000000007
 20
10.09677999999999
 30
0
 10
7.771510000000007
 20
10.09677999999999
 30
0
 10
7.777389999999998
 20
10.09671999999999
 30
0
 10
7.978600000000001
 20
10.50108999999999
 30
0
 10
8.218629999999992
 20
10.99533999999999
 30
0
  0
SPLINE
  5
181
100
AcDbEntity
  8
layer 1
  6
CONTINUOUS
 62
    1
370
    5
100
AcDbSpline
210
0
220
0
230
0
 70
    8
 71
    3
 72
   20
 73
   16
 74
    0
 42
1e-07
 43
1e-07
 40
0
 40
0
 40
0
 40
0
 40
0.2
 40
0.2
 40
0.2
 40
0.2
 40
0.4
 40
0.4
 40
0.4
 40
0.4
 40
0.6
 40
0.6
 40
0.6
 40
0.6
 40
1
 40
1
 40
1
 40
1
 10
18.01915
 20
9.801759999999993
 30
0
 10
18.01915
 20
9.801759999999993
 30
0
 10
17.51490999999999
 20
8.094849999999999
 30
0
 10
17.51490999999999
 20
8.094849999999999
 30
0
 10
17.51490999999999
 20
8.094849999999999
 30
0
 10
17.51490999999999
 20
8.094849999999999
 30
0
 10
17.23963000000001
 20
8.089059999999995
 30
0
 10
17.23963000000001
 20
8.089059999999995
 30
0
 10
17.23963000000001
 20
8.089059999999995
 30
0
 10
17.23963000000001
 20
8.089059999999995
 30
0
 10
16.96435
 20
8.08326999999999
 30
0
 10
16.96435
 20
8.08326999999999
 30
0
 10
16.96435
 20
8.08326999999999
 30
0
 10
16.96435
 20
8.08326999999999
 30
0
 10
16.46158
 20
9.795970000000002
 30
0
 10
16.46158
 20
9.795970000000002
 30
0
  0
SPLINE
  5
182
100
AcDbEntity
  8
layer 1
  6
CONTINUOUS
 62
    1
370
    5
100
AcDbSpline
210
0
220
0
230
0
 70
    8
 71
    3
 72
   12
 73
    8
 74
    0
 42
1e-07
 43
1e-07
 40
0
 40
0
 40
0
 40
0
 40
0.3333333
 40
0.3333333
 40
0.3333333
 40
0.3333333
 40
1
 40
1
 40
1
 40
1
 10
16.46158
 20
9.795970000000002
 30
0
 10
16.04176000000001
 20
11.22607
 30
0
 10
15.95259999999999
 20
11.50869999999999
 30
0
 10
15.92113000000001
 20
11.50869999999999
 30
0
 10
15.92113000000001
 20
11.50869999999999
 30
0
 10
15.88549
 20
11.50869999999999
 30
0
 10
15.88347999999999
 20
11.41314999999999
 30
0
 10
15.88347999999999
 20
9.721479999999991
 30
0
  0
SPLINE
  5
183
100
AcDbEntity
  8
layer 1
  6
CONTINUOUS
 62
    1
370
    5
100
AcDbSpline
210
0
220
0
230
0
 70
    8
 71
    3
 72
   36
 73
   32
 74
    0
 42
1e-07
 43
1e-07
 40
0
 40
0
 40
0
 40
0
 40
0.1111111
 40
0.1111111
 40
0.1111111
 40
0.1111111
 40
0.2222222
 40
0.2222222
 40
0.2222222
 40
0.2222222
 40
0.3333333
 40
0.3333333
 40
0.3333333
 40
0.3333333
 40
0.4444444
 40
0.4444444
 40
0.4444444
 40
0.4444444
 40
0.5555555999999999
 40
0.5555555999999999
 40
0.5555555999999999
 40
0.5555555999999999
 40
0.6666666999999999
 40
0.6666666999999999
 40
0.6666666999999999
 40
0.6666666999999999
 40
0.7777778
 40
0.7777778
 40
0.7777778
 40
0.7777778
 40
1
 40
1
 40
1
 40
1
 10
15.88347999999999
 20
9.721479999999991
 30
0
 10
15.88347999999999
 20
9.721479999999991
 30
0
 10
15.88347999999999
 20
7.934289999999995
 30
0
 10
15.88347999999999
 20
7.934289999999995
 30
0
 10
15.88347999999999
 20
7.934289999999995
 30
0
 10
15.88347999999999
 20
7.934289999999995
 30
0
 10
15.68013999999999
 20
7.934289999999995
 30
0
 10
15.68013999999999
 20
7.934289999999995
 30
0
 10
15.68013999999999
 20
7.934289999999995
 30
0
 10
15.68013999999999
 20
7.934289999999995
 30
0
 10
15.4768
 20
7.934289999999995
 30
0
 10
15.4768
 20
7.934289999999995
 30
0
 10
15.4768
 20
7.934289999999995
 30
0
 10
15.4768
 20
7.934289999999995
 30
0
 10
15.4768
 20
9.914139999999994
 30
0
 10
15.4768
 20
9.914139999999994
 30
0
 10
15.4768
 20
9.914139999999994
 30
0
 10
15.4768
 20
9.914139999999994
 30
0
 10
15.4768
 20
11.89398999999999
 30
0
 10
15.4768
 20
11.89398999999999
 30
0
 10
15.4768
 20
11.89398999999999
 30
0
 10
15.4768
 20
11.89398999999999
 30
0
 10
15.85848999999999
 20
11.89398999999999
 30
0
 10
15.85848999999999
 20
11.89398999999999
 30
0
 10
15.85848999999999
 20
11.89398999999999
 30
0
 10
15.85848999999999
 20
11.89398999999999
 30
0
 10
16.24020999999999
 20
11.89398999999999
 30
0
 10
16.24020999999999
 20
11.89398999999999
 30
0
 10
16.24020999999999
 20
11.89398999999999
 30
0
 10
16.24020999999999
 20
11.89398999999999
 30
0
 10
16.7176
 20
10.28334999999999
 30
0
 10
16.7176
 20
10.28334999999999
 30
0
  0
SPLINE
  5
184
100
AcDbEntity
  8
layer 1
  6
CONTINUOUS
 62
    1
370
    5
100
AcDbSpline
210
0
220
0
230
0
 70
    8
 71
    3
 72
    8
 73
    4
 74
    0
 42
1e-07
 43
1e-07
 40
0
 40
0
 40
0
 40
0
 40
1
 40
1
 40
1
 40
1
 10
16.7176
 20
10.28334999999999
 30
0
 10
16.98018999999999
 20
9.397509999999988
 30
0
 10
17.20462000000001
 20
8.639019999999993
 30
0
 10
17.21629000000001
 20
8.597829999999993
 30
0
  0
SPLINE
  5
185
100
AcDbEntity
  8
layer 1
  6
CONTINUOUS
 62
    1
370
    5
100
AcDbSpline
210
0
220
0
230
0
 70
    8
 71
    3
 72
   12
 73
    8
 74
    0
 42
1e-07
 43
1e-07
 40
0
 40
0
 40
0
 40
0
 40
0.3333333
 40
0.3333333
 40
0.3333333
 40
0.3333333
 40
1
 40
1
 40
1
 40
1
 10
17.21629000000001
 20
8.597829999999993
 30
0
 10
17.21629000000001
 20
8.597829999999993
 30
0
 10
17.23756
 20
8.52291999999999
 30
0
 10
17.23756
 20
8.52291999999999
 30
0
 10
17.23756
 20
8.52291999999999
 30
0
 10
17.23756
 20
8.52291999999999
 30
0
 10
17.26348000000002
 20
8.597829999999993
 30
0
 10
17.26348000000002
 20
8.597829999999993
 30
0
  0
SPLINE
  5
186
100
AcDbEntity
  8
layer 1
  6
CONTINUOUS
 62
    1
370
    5
100
AcDbSpline
210
0
220
0
230
0
 70
    8
 71
    3
 72
    8
 73
    4
 74
    0
 42
1e-07
 43
1e-07
 40
0
 40
0
 40
0
 40
0
 40
1
 40
1
 40
1
 40
1
 10
17.26348000000002
 20
8.597829999999993
 30
0
 10
17.27776
 20
8.639019999999993
 30
0
 10
17.50497999999999
 20
9.397509999999988
 30
0
 10
17.76847000000001
 20
10.28334999999999
 30
0
  0
SPLINE
  5
187
100
AcDbEntity
  8
layer 1
  6
CONTINUOUS
 62
    1
370
    5
100
AcDbSpline
210
0
220
0
230
0
 70
    8
 71
    3
 72
   36
 73
   32
 74
    0
 42
1e-07
 43
1e-07
 40
0
 40
0
 40
0
 40
0
 40
0.1111111
 40
0.1111111
 40
0.1111111
 40
0.1111111
 40
0.2222222
 40
0.2222222
 40
0.2222222
 40
0.2222222
 40
0.3333333
 40
0.3333333
 40
0.3333333
 40
0.3333333
 40
0.4444444
 40
0.4444444
 40
0.4444444
 40
0.4444444
 40
0.5555555999999999
 40
0.5555555999999999
 40
0.5555555999999999
 40
0.5555555999999999
 40
0.6666666999999999
 40
0.6666666999999999
 40
0.6666666999999999
 40
0.6666666999999999
 40
0.7777778
 40
0.7777778
 40
0.7777778
 40
0.7777778
 40
1
 40
1
 40
1
 40
1
 10
17.76847000000001
 20
10.28334999999999
 30
0
 10
17.76847000000001
 20
10.28334999999999
 30
0
 10
18.24751000000001
 20
11.89398999999999
 30
0
 10
18.24751000000001
 20
11.89398999999999
 30
0
 10
18.24751000000001
 20
11.89398999999999
 30
0
 10
18.24751000000001
 20
11.89398999999999
 30
0
 10
18.62797
 20
11.89398999999999
 30
0
 10
18.62797
 20
11.89398999999999
 30
0
 10
18.62797
 20
11.89398999999999
 30
0
 10
18.62797
 20
11.89398999999999
 30
0
 10
19.00839999999999
 20
11.89398999999999
 30
0
 10
19.00839999999999
 20
11.89398999999999
 30
0
 10
19.00839999999999
 20
11.89398999999999
 30
0
 10
19.00839999999999
 20
11.89398999999999
 30
0
 10
19.00839999999999
 20
9.914139999999994
 30
0
 10
19.00839999999999
 20
9.914139999999994
 30
0
 10
19.00839999999999
 20
9.914139999999994
 30
0
 10
19.00839999999999
 20
9.914139999999994
 30
0
 10
19.00839999999999
 20
7.93431999999999
 30
0
 10
19.00839999999999
 20
7.93431999999999
 30
0
 10
19.00839999999999
 20
7.93431999999999
 30
0
 10
19.00839999999999
 20
7.93431999999999
 30
0
 10
18.80506
 20
7.93431999999999
 30
0
 10
18.80506
 20
7.93431999999999
 30
0
 10
18.80506
 20
7.93431999999999
 30
0
 10
18.80506
 20
7.93431999999999
 30
0
 10
18.60172
 20
7.93431999999999
 30
0
 10
18.60172
 20
7.93431999999999
 30
0
 10
18.60172
 20
7.93431999999999
 30
0
 10
18.60172
 20
7.93431999999999
 30
0
 10
18.60172
 20
9.72151
 30
0
 10
18.60172
 20
9.72151
 30
0
  0
SPLINE
  5
188
100
AcDbEntity
  8
layer 1
  6
CONTINUOUS
 62
    1
370
    5
100
AcDbSpline
210
0
220
0
230
0
 70
    8
 71
    3
 72
   12
 73
    8
 74
    0
 42
1e-07
 43
1e-07
 40
0
 40
0
 40
0
 40
0
 40
0.3333333
 40
0.3333333
 40
0.3333333
 40
0.3333333
 40
1
 40
1
 40
1
 40
1
 10
18.60172
 20
9.72151
 30
0
 10
18.60172
 20
11.43927999999999
 30
0
 10
18.60022000000001
 20
11.50872999999999
 30
0
 10
18.56254000000001
 20
11.50872999999999
 30
0
 10
18.56254000000001
 20
11.50872999999999
 30
0
 10
18.52912000000001
 20
11.50872999999999
 30
0
 10
18.44935000000001
 20
11.25810999999999
 30
0
 10
18.01915
 20
9.801759999999993
 30
0
  0
SPLINE
  5
189
100
AcDbEntity
  8
layer 1
  6
CONTINUOUS
 62
    1
370
    5
100
AcDbSpline
210
0
220
0
230
0
 70
    8
 71
    3
 72
    8
 73
    4
 74
    0
 42
1e-07
 43
1e-07
 40
0
 40
0
 40
0
 40
0
 40
1
 40
1
 40
1
 40
1
 10
19.32946000000001
 20
13.79127999999999
 30
0
 10
19.32946000000001
 20
13.79127999999999
 30
0
 10
19.32946000000001
 20
13.79130999999999
 30
0
 10
19.32946000000001
 20
13.79130999999999
 30
0
  0
SPLINE
  5
18A
100
AcDbEntity
  8
layer 1
  6
CONTINUOUS
 62
    1
370
    5
100
AcDbSpline
210
0
220
0
230
0
 70
    8
 71
    3
 72
   44
 73
   40
 74
    0
 42
1e-07
 43
1e-07
 40
0
 40
0
 40
0
 40
0
 40
0.09090909999999999
 40
0.09090909999999999
 40
0.09090909999999999
 40
0.09090909999999999
 40
0.1818182
 40
0.1818182
 40
0.1818182
 40
0.1818182
 40
0.2727273
 40
0.2727273
 40
0.2727273
 40
0.2727273
 40
0.3636364
 40
0.3636364
 40
0.3636364
 40
0.3636364
 40
0.4545455
 40
0.4545455
 40
0.4545455
 40
0.4545455
 40
0.5454545
 40
0.5454545
 40
0.5454545
 40
0.5454545
 40
0.6363635999999999
 40
0.6363635999999999
 40
0.6363635999999999
 40
0.6363635999999999
 40
0.7272727
 40
0.7272727
 40
0.7272727
 40
0.7272727
 40
0.8181818
 40
0.8181818
 40
0.8181818
 40
0.8181818
 40
1
 40
1
 40
1
 40
1
 10
19.32946000000001
 20
13.79130999999999
 30
0
 10
19.18903
 20
13.80183999999999
 30
0
 10
18.50887
 20
13.88370999999998
 30
0
 10
18.50518
 20
13.89048999999999
 30
0
 10
18.50518
 20
13.89048999999999
 30
0
 10
18.49710999999999
 20
13.90530999999999
 30
0
 10
18.52897000000002
 20
14.22559
 30
0
 10
18.53959
 20
14.23617999999998
 30
0
 10
18.53959
 20
14.23617999999998
 30
0
 10
18.54658000000001
 20
14.24319999999999
 30
0
 10
18.71514999999999
 20
14.2339
 30
0
 10
18.91414
 20
14.21562999999999
 30
0
 10
18.91414
 20
14.21562999999999
 30
0
 10
19.73416
 20
14.14015
 30
0
 10
19.97386
 20
14.16672999999999
 30
0
 10
20.16601
 20
14.35443999999999
 30
0
 10
20.16601
 20
14.35443999999999
 30
0
 10
20.30934999999999
 20
14.49448
 30
0
 10
20.36296000000002
 20
14.64711999999999
 30
0
 10
20.36554000000001
 20
14.92261
 30
0
 10
20.36554000000001
 20
14.92261
 30
0
 10
20.36679999999998
 20
15.05424999999999
 30
0
 10
20.35624000000001
 20
15.16860999999999
 30
0
 10
20.33817999999999
 20
15.21969999999999
 30
0
 10
20.33817999999999
 20
15.21969999999999
 30
0
 10
20.26428999999999
 20
15.42888999999999
 30
0
 10
20.04163
 20
15.56820999999998
 30
0
 10
19.61841999999999
 20
15.67005999999998
 30
0
 10
19.61841999999999
 20
15.67005999999998
 30
0
 10
18.72619
 20
15.88479999999999
 30
0
 10
18.45085
 20
16.14486999999999
 30
0
 10
18.45229
 20
16.7716
 30
0
 10
18.45229
 20
16.7716
 30
0
 10
18.45328000000001
 20
17.23140999999999
 30
0
 10
18.63382000000001
 20
17.55864999999999
 30
0
 10
18.97423000000001
 20
17.71794999999999
 30
0
 10
18.97423000000001
 20
17.71794999999999
 30
0
 10
19.29724
 20
17.86911999999999
 30
0
 10
19.73266000000001
 20
17.88324999999999
 30
0
 10
20.49088
 20
17.76723999999999
 30
0
  0
SPLINE
  5
18B
100
AcDbEntity
  8
layer 1
  6
CONTINUOUS
 62
    1
370
    5
100
AcDbSpline
210
0
220
0
230
0
 70
    8
 71
    3
 72
   12
 73
    8
 74
    0
 42
1e-07
 43
1e-07
 40
0
 40
0
 40
0
 40
0
 40
0.3333333
 40
0.3333333
 40
0.3333333
 40
0.3333333
 40
1
 40
1
 40
1
 40
1
 10
20.49088
 20
17.76723999999999
 30
0
 10
20.49088
 20
17.76723999999999
 30
0
 10
20.72125
 20
17.73198999999999
 30
0
 10
20.72125
 20
17.73198999999999
 30
0
 10
20.72125
 20
17.73198999999999
 30
0
 10
20.72125
 20
17.73198999999999
 30
0
 10
20.70733000000001
 20
17.55798999999998
 30
0
 10
20.70733000000001
 20
17.55798999999998
 30
0
  0
SPLINE
  5
18C
100
AcDbEntity
  8
layer 1
  6
CONTINUOUS
 62
    1
370
    5
100
AcDbSpline
210
0
220
0
230
0
 70
    8
 71
    3
 72
   48
 73
   44
 74
    0
 42
1e-07
 43
1e-07
 40
0
 40
0
 40
0
 40
0
 40
0.0833333
 40
0.0833333
 40
0.0833333
 40
0.0833333
 40
0.1666667
 40
0.1666667
 40
0.1666667
 40
0.1666667
 40
0.25
 40
0.25
 40
0.25
 40
0.25
 40
0.3333333
 40
0.3333333
 40
0.3333333
 40
0.3333333
 40
0.4166667
 40
0.4166667
 40
0.4166667
 40
0.4166667
 40
0.5
 40
0.5
 40
0.5
 40
0.5
 40
0.5833332999999999
 40
0.5833332999999999
 40
0.5833332999999999
 40
0.5833332999999999
 40
0.6666666999999999
 40
0.6666666999999999
 40
0.6666666999999999
 40
0.6666666999999999
 40
0.75
 40
0.75
 40
0.75
 40
0.75
 40
0.8333332999999999
 40
0.8333332999999999
 40
0.8333332999999999
 40
0.8333332999999999
 40
1
 40
1
 40
1
 40
1
 10
20.70733000000001
 20
17.55798999999998
 30
0
 10
20.69968
 20
17.46231999999998
 30
0
 10
20.69230000000002
 20
17.38254999999998
 30
0
 10
20.69101000000001
 20
17.38075
 30
0
 10
20.69101000000001
 20
17.38075
 30
0
 10
20.68975
 20
17.37897999999999
 30
0
 10
20.56819000000002
 20
17.39175999999999
 30
0
 10
20.42104
 20
17.40915999999999
 30
0
 10
20.42104
 20
17.40915999999999
 30
0
 10
20.27388999999999
 20
17.42658999999999
 30
0
 10
19.98492999999999
 20
17.44242999999999
 30
0
 10
19.77895000000001
 20
17.44434999999999
 30
0
 10
19.77895000000001
 20
17.44434999999999
 30
0
 10
19.43026
 20
17.44764999999999
 30
0
 10
19.39549
 20
17.44434999999999
 30
0
 10
19.27593999999999
 20
17.39697999999999
 30
0
 10
19.27593999999999
 20
17.39697999999999
 30
0
 10
19.1173
 20
17.3341
 30
0
 10
18.98611
 20
17.20507
 30
0
 10
18.94648000000002
 20
17.07288999999999
 30
0
 10
18.94648000000002
 20
17.07288999999999
 30
0
 10
18.87430000000001
 20
16.83222999999999
 30
0
 10
18.89953
 20
16.56384999999999
 30
0
 10
19.00848999999999
 20
16.41343
 30
0
 10
19.00848999999999
 20
16.41343
 30
0
 10
19.09632999999999
 20
16.29216999999999
 30
0
 10
19.30945
 20
16.19493999999999
 30
0
 10
19.74681999999999
 20
16.07658999999999
 30
0
 10
19.74681999999999
 20
16.07658999999999
 30
0
 10
20.34949
 20
15.91347999999998
 30
0
 10
20.58886000000001
 20
15.77250999999999
 30
0
 10
20.72056000000001
 20
15.50311
 30
0
 10
20.72056000000001
 20
15.50311
 30
0
 10
20.86372
 20
15.21018999999999
 30
0
 10
20.85381999999998
 20
14.68386999999999
 30
0
 10
20.69865999999999
 20
14.34036999999998
 30
0
 10
20.69865999999999
 20
14.34036999999998
 30
0
 10
20.58661000000001
 20
14.09232999999999
 30
0
 10
20.35807
 20
13.90824999999999
 30
0
 10
20.06613999999999
 20
13.83087999999998
 30
0
 10
20.06613999999999
 20
13.83087999999998
 30
0
 10
19.93681000000001
 20
13.79661999999998
 30
0
 10
19.54125999999999
 20
13.77534999999999
 30
0
 10
19.32946000000001
 20
13.79130999999999
 30
0
  0
SPLINE
  5
18D
100
AcDbEntity
  8
layer 1
  6
CONTINUOUS
 62
    1
370
    5
100
AcDbSpline
210
0
220
0
230
0
 70
    8
 71
    3
 72
    8
 73
    4
 74
    0
 42
1e-07
 43
1e-07
 40
0
 40
0
 40
0
 40
0
 40
1
 40
1
 40
1
 40
1
 10
19.32946000000001
 20
13.79130999999999
 30
0
 10
19.32946000000001
 20
13.79130999999999
 30
0
 10
19.32946000000001
 20
13.79127999999999
 30
0
 10
19.32946000000001
 20
13.79127999999999
 30
0
  0
SPLINE
  5
18E
100
AcDbEntity
  8
layer 1
  6
CONTINUOUS
 62
    1
370
    5
100
AcDbSpline
210
0
220
0
230
0
 70
    8
 71
    3
 72
   20
 73
   16
 74
    0
 42
1e-07
 43
1e-07
 40
0
 40
0
 40
0
 40
0
 40
0.2
 40
0.2
 40
0.2
 40
0.2
 40
0.4
 40
0.4
 40
0.4
 40
0.4
 40
0.6
 40
0.6
 40
0.6
 40
0.6
 40
1
 40
1
 40
1
 40
1
 10
2.899329999999994
 20
14.09319999999999
 30
0
 10
2.899329999999994
 20
14.09319999999999
 30
0
 10
2.866630000000017
 20
13.99152999999999
 30
0
 10
2.866630000000017
 20
13.99152999999999
 30
0
 10
2.866630000000017
 20
13.99152999999999
 30
0
 10
2.866630000000017
 20
13.99152999999999
 30
0
 10
2.591139999999998
 20
13.99152999999999
 30
0
 10
2.591139999999998
 20
13.99152999999999
 30
0
 10
2.591139999999998
 20
13.99152999999999
 30
0
 10
2.591139999999998
 20
13.99152999999999
 30
0
 10
2.315619999999998
 20
13.99152999999999
 30
0
 10
2.315619999999998
 20
13.99152999999999
 30
0
 10
2.315619999999998
 20
13.99152999999999
 30
0
 10
2.315619999999998
 20
13.99152999999999
 30
0
 10
2.27614
 20
14.12529999999999
 30
0
 10
2.27614
 20
14.12529999999999
 30
0
  0
SPLINE
  5
18F
100
AcDbEntity
  8
layer 1
  6
CONTINUOUS
 62
    1
370
    5
100
AcDbSpline
210
0
220
0
230
0
 70
    8
 71
    3
 72
   12
 73
    8
 74
    0
 42
1e-07
 43
1e-07
 40
0
 40
0
 40
0
 40
0
 40
0.3333333
 40
0.3333333
 40
0.3333333
 40
0.3333333
 40
1
 40
1
 40
1
 40
1
 10
2.27614
 20
14.12529999999999
 30
0
 10
2.254420000000012
 20
14.19889
 30
0
 10
2.030020000000009
 20
14.96445999999999
 30
0
 10
1.777479999999999
 20
15.82659999999999
 30
0
 10
1.777479999999999
 20
15.82659999999999
 30
0
 10
1.345689999999993
 20
17.30073999999999
 30
0
 10
1.31545
 20
17.39415999999999
 30
0
 10
1.270180000000013
 20
17.39442999999999
 30
0
  0
SPLINE
  5
190
100
AcDbEntity
  8
layer 1
  6
CONTINUOUS
 62
    1
370
    5
100
AcDbSpline
210
0
220
0
230
0
 70
    8
 71
    3
 72
   44
 73
   40
 74
    0
 42
1e-07
 43
1e-07
 40
0
 40
0
 40
0
 40
0
 40
0.09090909999999999
 40
0.09090909999999999
 40
0.09090909999999999
 40
0.09090909999999999
 40
0.1818182
 40
0.1818182
 40
0.1818182
 40
0.1818182
 40
0.2727273
 40
0.2727273
 40
0.2727273
 40
0.2727273
 40
0.3636364
 40
0.3636364
 40
0.3636364
 40
0.3636364
 40
0.4545455
 40
0.4545455
 40
0.4545455
 40
0.4545455
 40
0.5454545
 40
0.5454545
 40
0.5454545
 40
0.5454545
 40
0.6363635999999999
 40
0.6363635999999999
 40
0.6363635999999999
 40
0.6363635999999999
 40
0.7272727
 40
0.7272727
 40
0.7272727
 40
0.7272727
 40
0.8181818
 40
0.8181818
 40
0.8181818
 40
0.8181818
 40
1
 40
1
 40
1
 40
1
 10
1.270180000000013
 20
17.39442999999999
 30
0
 10
1.270180000000013
 20
17.39442999999999
 30
0
 10
1.22200000000001
 20
17.39466999999998
 30
0
 10
1.22200000000001
 20
17.39466999999998
 30
0
 10
1.22200000000001
 20
17.39466999999998
 30
0
 10
1.22200000000001
 20
17.39466999999998
 30
0
 10
1.22200000000001
 20
15.61818999999999
 30
0
 10
1.22200000000001
 20
15.61818999999999
 30
0
 10
1.22200000000001
 20
15.61818999999999
 30
0
 10
1.22200000000001
 20
15.61818999999999
 30
0
 10
1.22200000000001
 20
13.84167999999999
 30
0
 10
1.22200000000001
 20
13.84167999999999
 30
0
 10
1.22200000000001
 20
13.84167999999999
 30
0
 10
1.22200000000001
 20
13.84167999999999
 30
0
 10
1.018689999999994
 20
13.84167999999999
 30
0
 10
1.018689999999994
 20
13.84167999999999
 30
0
 10
1.018689999999994
 20
13.84167999999999
 30
0
 10
1.018689999999994
 20
13.84167999999999
 30
0
 10
0.8153499999999968
 20
13.84167999999999
 30
0
 10
0.8153499999999968
 20
13.84167999999999
 30
0
 10
0.8153499999999968
 20
13.84167999999999
 30
0
 10
0.8153499999999968
 20
13.84167999999999
 30
0
 10
0.815349999999997
 20
15.81084999999999
 30
0
 10
0.815349999999997
 20
15.81084999999999
 30
0
 10
0.815349999999997
 20
15.81084999999999
 30
0
 10
0.815349999999997
 20
15.81084999999999
 30
0
 10
0.8153499999999974
 20
17.77998999999999
 30
0
 10
0.8153499999999974
 20
17.77998999999999
 30
0
 10
0.8153499999999974
 20
17.77998999999999
 30
0
 10
0.8153499999999974
 20
17.77998999999999
 30
0
 10
1.206310000000004
 20
17.77998999999999
 30
0
 10
1.206310000000004
 20
17.77998999999999
 30
0
 10
1.206310000000004
 20
17.77998999999999
 30
0
 10
1.206310000000004
 20
17.77998999999999
 30
0
 10
1.597270000000011
 20
17.77998999999999
 30
0
 10
1.597270000000011
 20
17.77998999999999
 30
0
 10
1.597270000000011
 20
17.77998999999999
 30
0
 10
1.597270000000011
 20
17.77998999999999
 30
0
 10
2.086240000000006
 20
16.12654
 30
0
 10
2.086240000000006
 20
16.12654
 30
0
  0
SPLINE
  5
191
100
AcDbEntity
  8
layer 1
  6
CONTINUOUS
 62
    1
370
    5
100
AcDbSpline
210
0
220
0
230
0
 70
    8
 71
    3
 72
   16
 73
   12
 74
    0
 42
1e-07
 43
1e-07
 40
0
 40
0
 40
0
 40
0
 40
0.25
 40
0.25
 40
0.25
 40
0.25
 40
0.5
 40
0.5
 40
0.5
 40
0.5
 40
1
 40
1
 40
1
 40
1
 10
2.086240000000006
 20
16.12654
 30
0
 10
2.355189999999995
 20
15.21714999999999
 30
0
 10
2.581930000000002
 20
14.46579999999999
 30
0
 10
2.590180000000006
 20
14.45686
 30
0
 10
2.590180000000006
 20
14.45686
 30
0
 10
2.598369999999991
 20
14.44791999999999
 30
0
 10
2.810920000000012
 20
15.13176999999999
 30
0
 10
3.062469999999992
 20
15.97650999999998
 30
0
 10
3.062469999999992
 20
15.97650999999998
 30
0
 10
3.314020000000001
 20
16.82127999999999
 30
0
 10
3.537849999999994
 20
17.57262999999999
 30
0
 10
3.55984000000001
 20
17.64618999999999
 30
0
  0
SPLINE
  5
192
100
AcDbEntity
  8
layer 1
  6
CONTINUOUS
 62
    1
370
    5
100
AcDbSpline
210
0
220
0
230
0
 70
    8
 71
    3
 72
   36
 73
   32
 74
    0
 42
1e-07
 43
1e-07
 40
0
 40
0
 40
0
 40
0
 40
0.1111111
 40
0.1111111
 40
0.1111111
 40
0.1111111
 40
0.2222222
 40
0.2222222
 40
0.2222222
 40
0.2222222
 40
0.3333333
 40
0.3333333
 40
0.3333333
 40
0.3333333
 40
0.4444444
 40
0.4444444
 40
0.4444444
 40
0.4444444
 40
0.5555555999999999
 40
0.5555555999999999
 40
0.5555555999999999
 40
0.5555555999999999
 40
0.6666666999999999
 40
0.6666666999999999
 40
0.6666666999999999
 40
0.6666666999999999
 40
0.7777778
 40
0.7777778
 40
0.7777778
 40
0.7777778
 40
1
 40
1
 40
1
 40
1
 10
3.55984000000001
 20
17.64618999999999
 30
0
 10
3.55984000000001
 20
17.64618999999999
 30
0
 10
3.599829999999999
 20
17.77998999999999
 30
0
 10
3.599829999999999
 20
17.77998999999999
 30
0
 10
3.599829999999999
 20
17.77998999999999
 30
0
 10
3.599829999999999
 20
17.77998999999999
 30
0
 10
3.984100000000014
 20
17.77998999999999
 30
0
 10
3.984100000000014
 20
17.77998999999999
 30
0
 10
3.984100000000014
 20
17.77998999999999
 30
0
 10
3.984100000000014
 20
17.77998999999999
 30
0
 10
4.368339999999991
 20
17.77998999999999
 30
0
 10
4.368339999999991
 20
17.77998999999999
 30
0
 10
4.368339999999991
 20
17.77998999999999
 30
0
 10
4.368339999999991
 20
17.77998999999999
 30
0
 10
4.368339999999991
 20
15.81084999999999
 30
0
 10
4.368339999999991
 20
15.81084999999999
 30
0
 10
4.368339999999991
 20
15.81084999999999
 30
0
 10
4.368339999999991
 20
15.81084999999999
 30
0
 10
4.368339999999991
 20
13.84171
 30
0
 10
4.368339999999991
 20
13.84171
 30
0
 10
4.368339999999991
 20
13.84171
 30
0
 10
4.368339999999991
 20
13.84171
 30
0
 10
4.164999999999994
 20
13.84171
 30
0
 10
4.164999999999994
 20
13.84171
 30
0
 10
4.164999999999994
 20
13.84171
 30
0
 10
4.164999999999994
 20
13.84171
 30
0
 10
3.961659999999997
 20
13.84171
 30
0
 10
3.961659999999997
 20
13.84171
 30
0
 10
3.961659999999997
 20
13.84171
 30
0
 10
3.961659999999997
 20
13.84171
 30
0
 10
3.961659999999997
 20
15.61821999999998
 30
0
 10
3.961659999999997
 20
15.61821999999998
 30
0
  0
SPLINE
  5
193
100
AcDbEntity
  8
layer 1
  6
CONTINUOUS
 62
    1
370
    5
100
AcDbSpline
210
0
220
0
230
0
 70
    8
 71
    3
 72
   16
 73
   12
 74
    0
 42
1e-07
 43
1e-07
 40
0
 40
0
 40
0
 40
0
 40
0.25
 40
0.25
 40
0.25
 40
0.25
 40
0.5
 40
0.5
 40
0.5
 40
0.5
 40
1
 40
1
 40
1
 40
1
 10
3.961659999999997
 20
15.61821999999998
 30
0
 10
3.961659999999997
 20
17.35563999999998
 30
0
 10
3.960640000000014
 20
17.39469999999999
 30
0
 10
3.920590000000006
 20
17.39469999999999
 30
0
 10
3.920590000000006
 20
17.39469999999999
 30
0
 10
3.86989
 20
17.39469999999999
 30
0
 10
3.914980000000016
 20
17.53477
 30
0
 10
3.372940000000002
 20
15.69312999999999
 30
0
 10
3.372940000000002
 20
15.69312999999999
 30
0
 10
3.130420000000017
 20
14.86908999999999
 30
0
 10
2.917300000000014
 20
14.14911999999999
 30
0
 10
2.899329999999994
 20
14.09319999999999
 30
0
  0
SPLINE
  5
194
100
AcDbEntity
  8
layer 1
  6
CONTINUOUS
 62
    1
370
    5
100
AcDbSpline
210
0
220
0
230
0
 70
    8
 71
    3
 72
   52
 73
   48
 74
    0
 42
1e-07
 43
1e-07
 40
0
 40
0
 40
0
 40
0
 40
0.07692309999999999
 40
0.07692309999999999
 40
0.07692309999999999
 40
0.07692309999999999
 40
0.1538462
 40
0.1538462
 40
0.1538462
 40
0.1538462
 40
0.2307692
 40
0.2307692
 40
0.2307692
 40
0.2307692
 40
0.3076923
 40
0.3076923
 40
0.3076923
 40
0.3076923
 40
0.3846154
 40
0.3846154
 40
0.3846154
 40
0.3846154
 40
0.4615385
 40
0.4615385
 40
0.4615385
 40
0.4615385
 40
0.5384614999999999
 40
0.5384614999999999
 40
0.5384614999999999
 40
0.5384614999999999
 40
0.6153845999999999
 40
0.6153845999999999
 40
0.6153845999999999
 40
0.6153845999999999
 40
0.6923077
 40
0.6923077
 40
0.6923077
 40
0.6923077
 40
0.7692308
 40
0.7692308
 40
0.7692308
 40
0.7692308
 40
0.8461538
 40
0.8461538
 40
0.8461538
 40
0.8461538
 40
1
 40
1
 40
1
 40
1
 10
8.841700000000005
 20
15.96102999999998
 30
0
 10
8.841700000000005
 20
15.96102999999998
 30
0
 10
8.841700000000005
 20
16.87050999999999
 30
0
 10
8.841700000000005
 20
16.87050999999999
 30
0
 10
8.841700000000005
 20
16.87050999999999
 30
0
 10
8.841700000000005
 20
16.87050999999999
 30
0
 10
8.841700000000005
 20
17.77998999999999
 30
0
 10
8.841700000000005
 20
17.77998999999999
 30
0
 10
8.841700000000005
 20
17.77998999999999
 30
0
 10
8.841700000000005
 20
17.77998999999999
 30
0
 10
8.62764999999999
 20
17.77998999999999
 30
0
 10
8.62764999999999
 20
17.77998999999999
 30
0
 10
8.62764999999999
 20
17.77998999999999
 30
0
 10
8.62764999999999
 20
17.77998999999999
 30
0
 10
8.413630000000014
 20
17.77998999999999
 30
0
 10
8.413630000000014
 20
17.77998999999999
 30
0
 10
8.413630000000014
 20
17.77998999999999
 30
0
 10
8.413630000000014
 20
17.77998999999999
 30
0
 10
8.413630000000014
 20
15.81084999999999
 30
0
 10
8.413630000000014
 20
15.81084999999999
 30
0
 10
8.413630000000014
 20
15.81084999999999
 30
0
 10
8.413630000000014
 20
15.81084999999999
 30
0
 10
8.413630000000014
 20
15.81090999999998
 30
0
 10
8.413630000000014
 20
15.81090999999998
 30
0
 10
8.413630000000014
 20
15.81090999999998
 30
0
 10
8.413630000000014
 20
15.81090999999998
 30
0
 10
8.413630000000014
 20
13.84176999999999
 30
0
 10
8.413630000000014
 20
13.84176999999999
 30
0
 10
8.413630000000014
 20
13.84176999999999
 30
0
 10
8.413630000000014
 20
13.84176999999999
 30
0
 10
8.62764999999999
 20
13.84176999999999
 30
0
 10
8.62764999999999
 20
13.84176999999999
 30
0
 10
8.62764999999999
 20
13.84176999999999
 30
0
 10
8.62764999999999
 20
13.84176999999999
 30
0
 10
8.841700000000005
 20
13.84176999999999
 30
0
 10
8.841700000000005
 20
13.84176999999999
 30
0
 10
8.841700000000005
 20
13.84176999999999
 30
0
 10
8.841700000000005
 20
13.84176999999999
 30
0
 10
8.841700000000005
 20
14.70669999999999
 30
0
 10
8.841700000000005
 20
14.70669999999999
 30
0
 10
8.841700000000005
 20
14.70669999999999
 30
0
 10
8.841700000000005
 20
14.70669999999999
 30
0
 10
8.841700000000005
 20
15.57162999999999
 30
0
 10
8.841700000000005
 20
15.57162999999999
 30
0
 10
8.841700000000005
 20
15.57162999999999
 30
0
 10
8.841700000000005
 20
15.57162999999999
 30
0
 10
9.018280000000006
 20
15.58602999999998
 30
0
 10
9.018280000000006
 20
15.58602999999998
 30
0
  0
SPLINE
  5
195
100
AcDbEntity
  8
layer 1
  6
CONTINUOUS
 62
    1
370
    5
100
AcDbSpline
210
0
220
0
230
0
 70
    8
 71
    3
 72
    8
 73
    4
 74
    0
 42
1e-07
 43
1e-07
 40
0
 40
0
 40
0
 40
0
 40
1
 40
1
 40
1
 40
1
 10
9.018280000000006
 20
15.58602999999998
 30
0
 10
9.115389999999993
 20
15.59406999999999
 30
0
 10
9.237789999999992
 20
15.59724999999999
 30
0
 10
9.290290000000001
 20
15.59332
 30
0
  0
SPLINE
  5
196
100
AcDbEntity
  8
layer 1
  6
CONTINUOUS
 62
    1
370
    5
100
AcDbSpline
210
0
220
0
230
0
 70
    8
 71
    3
 72
   20
 73
   16
 74
    0
 42
1e-07
 43
1e-07
 40
0
 40
0
 40
0
 40
0
 40
0.2
 40
0.2
 40
0.2
 40
0.2
 40
0.4
 40
0.4
 40
0.4
 40
0.4
 40
0.6
 40
0.6
 40
0.6
 40
0.6
 40
1
 40
1
 40
1
 40
1
 10
9.290290000000001
 20
15.59332
 30
0
 10
9.290290000000001
 20
15.59332
 30
0
 10
9.385719999999994
 20
15.58617999999999
 30
0
 10
9.385719999999994
 20
15.58617999999999
 30
0
 10
9.385719999999994
 20
15.58617999999999
 30
0
 10
9.385719999999994
 20
15.58617999999999
 30
0
 10
9.887140000000018
 20
14.71398999999999
 30
0
 10
9.887140000000018
 20
14.71398999999999
 30
0
 10
9.887140000000018
 20
14.71398999999999
 30
0
 10
9.887140000000018
 20
14.71398999999999
 30
0
 10
10.38858999999999
 20
13.84179999999998
 30
0
 10
10.38858999999999
 20
13.84179999999998
 30
0
 10
10.38858999999999
 20
13.84179999999998
 30
0
 10
10.38858999999999
 20
13.84179999999998
 30
0
 10
10.63183000000001
 20
13.84179999999998
 30
0
 10
10.63183000000001
 20
13.84179999999998
 30
0
  0
SPLINE
  5
197
100
AcDbEntity
  8
layer 1
  6
CONTINUOUS
 62
    1
370
    5
100
AcDbSpline
210
0
220
0
230
0
 70
    8
 71
    3
 72
   28
 73
   24
 74
    0
 42
1e-07
 43
1e-07
 40
0
 40
0
 40
0
 40
0
 40
0.1428571
 40
0.1428571
 40
0.1428571
 40
0.1428571
 40
0.2857143
 40
0.2857143
 40
0.2857143
 40
0.2857143
 40
0.4285714
 40
0.4285714
 40
0.4285714
 40
0.4285714
 40
0.5714286
 40
0.5714286
 40
0.5714286
 40
0.5714286
 40
0.7142856999999999
 40
0.7142856999999999
 40
0.7142856999999999
 40
0.7142856999999999
 40
1
 40
1
 40
1
 40
1
 10
10.63183000000001
 20
13.84179999999998
 30
0
 10
10.76557
 20
13.84179999999998
 30
0
 10
10.87504000000001
 20
13.84608999999999
 30
0
 10
10.87504000000001
 20
13.85134
 30
0
 10
10.87504000000001
 20
13.85134
 30
0
 10
10.87504000000001
 20
13.85658999999999
 30
0
 10
10.62853000000001
 20
14.29635999999998
 30
0
 10
10.32727
 20
14.82859
 30
0
 10
10.32727
 20
14.82859
 30
0
 10
10.02598
 20
15.36084999999999
 30
0
 10
9.775180000000008
 20
15.80754999999998
 30
0
 10
9.76992999999999
 20
15.82125999999999
 30
0
 10
9.76992999999999
 20
15.82125999999999
 30
0
 10
9.764649999999991
 20
15.83499999999998
 30
0
 10
9.996700000000006
 20
16.27818999999999
 30
0
 10
10.28557000000001
 20
16.80618999999999
 30
0
 10
10.28557000000001
 20
16.80618999999999
 30
0
 10
10.57446999999999
 20
17.33415999999999
 30
0
 10
10.81081
 20
17.76957999999998
 30
0
 10
10.81081
 20
17.77377999999999
 30
0
 10
10.81081
 20
17.77377999999999
 30
0
 10
10.81081
 20
17.77788999999999
 30
0
 10
10.69936000000001
 20
17.77860999999999
 30
0
 10
10.56309999999999
 20
17.77530999999998
 30
0
  0
SPLINE
  5
198
100
AcDbEntity
  8
layer 1
  6
CONTINUOUS
 62
    1
370
    5
100
AcDbSpline
210
0
220
0
230
0
 70
    8
 71
    3
 72
    8
 73
    4
 74
    0
 42
1e-07
 43
1e-07
 40
0
 40
0
 40
0
 40
0
 40
1
 40
1
 40
1
 40
1
 10
10.56309999999999
 20
17.77530999999998
 30
0
 10
10.56309999999999
 20
17.77530999999998
 30
0
 10
10.31541999999999
 20
17.76928
 30
0
 10
10.31541999999999
 20
17.76928
 30
0
  0
SPLINE
  5
199
100
AcDbEntity
  8
layer 1
  6
CONTINUOUS
 62
    1
370
    5
100
AcDbSpline
210
0
220
0
230
0
 70
    8
 71
    3
 72
    8
 73
    4
 74
    0
 42
1e-07
 43
1e-07
 40
0
 40
0
 40
0
 40
0
 40
1
 40
1
 40
1
 40
1
 10
10.31541999999999
 20
17.76928
 30
0
 10
10.00176999999999
 20
17.17791999999999
 30
0
 10
9.68812
 20
16.58658999999999
 30
0
 10
9.374470000000004
 20
15.99523
 30
0
  0
SPLINE
  5
19A
100
AcDbEntity
  8
layer 1
  6
CONTINUOUS
 62
    1
370
    5
100
AcDbSpline
210
0
220
0
230
0
 70
    8
 71
    3
 72
   12
 73
    8
 74
    0
 42
1e-07
 43
1e-07
 40
0
 40
0
 40
0
 40
0
 40
0.3333333
 40
0.3333333
 40
0.3333333
 40
0.3333333
 40
1
 40
1
 40
1
 40
1
 10
9.374470000000004
 20
15.99523
 30
0
 10
9.374470000000004
 20
15.99523
 30
0
 10
9.103900000000012
 20
15.97452999999999
 30
0
 10
9.103900000000012
 20
15.97452999999999
 30
0
 10
9.103900000000012
 20
15.97452999999999
 30
0
 10
9.103900000000012
 20
15.97452999999999
 30
0
 10
8.841700000000005
 20
15.96102999999998
 30
0
 10
8.841700000000005
 20
15.96102999999998
 30
0
  0
SPLINE
  5
19B
100
AcDbEntity
  8
layer 1
  6
CONTINUOUS
 62
    1
370
    5
100
AcDbSpline
210
0
220
0
230
0
 70
    8
 71
    3
 72
    8
 73
    4
 74
    0
 42
1e-07
 43
1e-07
 40
0
 40
0
 40
0
 40
0
 40
1
 40
1
 40
1
 40
1
 10
15.73084
 20
15.74580999999998
 30
0
 10
15.73084
 20
15.74580999999998
 30
0
 10
15.73084
 20
15.74586999999999
 30
0
 10
15.73084
 20
15.74586999999999
 30
0
  0
SPLINE
  5
19C
100
AcDbEntity
  8
layer 1
  6
CONTINUOUS
 62
    1
370
    5
100
AcDbSpline
210
0
220
0
230
0
 70
    8
 71
    3
 72
   20
 73
   16
 74
    0
 42
1e-07
 43
1e-07
 40
0
 40
0
 40
0
 40
0
 40
0.2
 40
0.2
 40
0.2
 40
0.2
 40
0.4
 40
0.4
 40
0.4
 40
0.4
 40
0.6
 40
0.6
 40
0.6
 40
0.6
 40
1
 40
1
 40
1
 40
1
 10
15.73084
 20
15.74586999999999
 30
0
 10
15.92479
 20
15.77382999999999
 30
0
 10
16.08477999999999
 20
15.85806999999999
 30
0
 10
16.17180999999999
 20
15.97800999999999
 30
0
 10
16.17180999999999
 20
15.97800999999999
 30
0
 10
16.28505999999999
 20
16.13409999999999
 30
0
 10
16.32249999999999
 20
16.29108999999999
 30
0
 10
16.32073
 20
16.60278999999999
 30
0
 10
16.32073
 20
16.60278999999999
 30
0
 10
16.31869
 20
16.93800999999998
 30
0
 10
16.27440999999999
 20
17.07435999999999
 30
0
 10
16.11708999999999
 20
17.22795999999999
 30
0
 10
16.11708999999999
 20
17.22795999999999
 30
0
 10
15.95439999999999
 20
17.38680999999999
 30
0
 10
15.87097
 20
17.40385
 30
0
 10
15.25207
 20
17.40468999999999
 30
0
  0
SPLINE
  5
19D
100
AcDbEntity
  8
layer 1
  6
CONTINUOUS
 62
    1
370
    5
100
AcDbSpline
210
0
220
0
230
0
 70
    8
 71
    3
 72
   12
 73
    8
 74
    0
 42
1e-07
 43
1e-07
 40
0
 40
0
 40
0
 40
0
 40
0.3333333
 40
0.3333333
 40
0.3333333
 40
0.3333333
 40
1
 40
1
 40
1
 40
1
 10
15.25207
 20
17.40468999999999
 30
0
 10
15.25207
 20
17.40468999999999
 30
0
 10
14.73838000000001
 20
17.40546999999998
 30
0
 10
14.73838000000001
 20
17.40546999999998
 30
0
 10
14.73838000000001
 20
17.40546999999998
 30
0
 10
14.73838000000001
 20
17.40546999999998
 30
0
 10
14.73277000000002
 20
16.59219999999998
 30
0
 10
14.73277000000002
 20
16.59219999999998
 30
0
  0
SPLINE
  5
19E
100
AcDbEntity
  8
layer 1
  6
CONTINUOUS
 62
    1
370
    5
100
AcDbSpline
210
0
220
0
230
0
 70
    8
 71
    3
 72
   12
 73
    8
 74
    0
 42
1e-07
 43
1e-07
 40
0
 40
0
 40
0
 40
0
 40
0.3333333
 40
0.3333333
 40
0.3333333
 40
0.3333333
 40
1
 40
1
 40
1
 40
1
 10
14.73277000000002
 20
16.59219999999998
 30
0
 10
14.72968
 20
16.1449
 30
0
 10
14.73175000000001
 20
15.76686999999999
 30
0
 10
14.73745
 20
15.75210999999999
 30
0
 10
14.73745
 20
15.75210999999999
 30
0
 10
14.74995999999999
 20
15.71946999999999
 30
0
 10
15.51508000000001
 20
15.71466999999999
 30
0
 10
15.73084
 20
15.74586999999999
 30
0
  0
SPLINE
  5
19F
100
AcDbEntity
  8
layer 1
  6
CONTINUOUS
 62
    1
370
    5
100
AcDbSpline
210
0
220
0
230
0
 70
    8
 71
    3
 72
    8
 73
    4
 74
    0
 42
1e-07
 43
1e-07
 40
0
 40
0
 40
0
 40
0
 40
1
 40
1
 40
1
 40
1
 10
15.73084
 20
15.74586999999999
 30
0
 10
15.73084
 20
15.74586999999999
 30
0
 10
15.73084
 20
15.74580999999998
 30
0
 10
15.73084
 20
15.74580999999998
 30
0
  0
SPLINE
  5
1A0
100
AcDbEntity
  8
layer 1
  6
CONTINUOUS
 62
    1
370
    5
100
AcDbSpline
210
0
220
0
230
0
 70
    8
 71
    3
 72
   12
 73
    8
 74
    0
 42
1e-07
 43
1e-07
 40
0
 40
0
 40
0
 40
0
 40
0.3333333
 40
0.3333333
 40
0.3333333
 40
0.3333333
 40
1
 40
1
 40
1
 40
1
 10
7.350130000000009
 20
14.10789999999999
 30
0
 10
7.350130000000009
 20
14.10789999999999
 30
0
 10
7.42044999999999
 20
13.84575999999999
 30
0
 10
7.42044999999999
 20
13.84575999999999
 30
0
 10
7.42044999999999
 20
13.84575999999999
 30
0
 10
7.42044999999999
 20
13.84575999999999
 30
0
 10
7.641249999999987
 20
13.8457
 30
0
 10
7.641249999999987
 20
13.8457
 30
0
  0
SPLINE
  5
1A1
100
AcDbEntity
  8
layer 1
  6
CONTINUOUS
 62
    1
370
    5
100
AcDbSpline
210
0
220
0
230
0
 70
    8
 71
    3
 72
   24
 73
   20
 74
    0
 42
1e-07
 43
1e-07
 40
0
 40
0
 40
0
 40
0
 40
0.1666667
 40
0.1666667
 40
0.1666667
 40
0.1666667
 40
0.3333333
 40
0.3333333
 40
0.3333333
 40
0.3333333
 40
0.5
 40
0.5
 40
0.5
 40
0.5
 40
0.6666666999999999
 40
0.6666666999999999
 40
0.6666666999999999
 40
0.6666666999999999
 40
1
 40
1
 40
1
 40
1
 10
7.641249999999987
 20
13.8457
 30
0
 10
7.841470000000017
 20
13.84563999999999
 30
0
 10
7.861089999999992
 20
13.84914999999998
 30
0
 10
7.851249999999995
 20
13.88308
 30
0
 10
7.851249999999995
 20
13.88308
 30
0
 10
7.828149999999996
 20
13.96266999999999
 30
0
 10
6.853240000000002
 20
17.76256
 30
0
 10
6.853240000000002
 20
17.77294
 30
0
 10
6.853240000000002
 20
17.77294
 30
0
 10
6.853240000000002
 20
17.77896999999999
 30
0
 10
6.656440000000004
 20
17.78388999999999
 30
0
 10
6.415899999999994
 20
17.78388999999999
 30
0
 10
6.415899999999994
 20
17.78388999999999
 30
0
 10
6.018010000000006
 20
17.78388999999999
 30
0
 10
5.977540000000007
 20
17.78052999999999
 30
0
 10
5.967160000000009
 20
17.74645
 30
0
 10
5.967160000000009
 20
17.74645
 30
0
 10
5.93226999999999
 20
17.63211999999999
 30
0
 10
4.969719999999997
 20
13.89084999999999
 30
0
 10
4.969719999999997
 20
13.86961
 30
0
  0
SPLINE
  5
1A2
100
AcDbEntity
  8
layer 1
  6
CONTINUOUS
 62
    1
370
    5
100
AcDbSpline
210
0
220
0
230
0
 70
    8
 71
    3
 72
    8
 73
    4
 74
    0
 42
1e-07
 43
1e-07
 40
0
 40
0
 40
0
 40
0
 40
1
 40
1
 40
1
 40
1
 10
4.969719999999997
 20
13.86961
 30
0
 10
4.969719999999997
 20
13.85124999999998
 30
0
 10
5.03008
 20
13.84584999999999
 30
0
 10
5.187700000000008
 20
13.85026
 30
0
  0
SPLINE
  5
1A3
100
AcDbEntity
  8
layer 1
  6
CONTINUOUS
 62
    1
370
    5
100
AcDbSpline
210
0
220
0
230
0
 70
    8
 71
    3
 72
   12
 73
    8
 74
    0
 42
1e-07
 43
1e-07
 40
0
 40
0
 40
0
 40
0
 40
0.3333333
 40
0.3333333
 40
0.3333333
 40
0.3333333
 40
1
 40
1
 40
1
 40
1
 10
5.187700000000008
 20
13.85026
 30
0
 10
5.187700000000008
 20
13.85026
 30
0
 10
5.405650000000011
 20
13.85634999999998
 30
0
 10
5.405650000000011
 20
13.85634999999998
 30
0
 10
5.405650000000011
 20
13.85634999999998
 30
0
 10
5.405650000000011
 20
13.85634999999998
 30
0
 10
5.519740000000015
 20
14.27370999999998
 30
0
 10
5.519740000000015
 20
14.27370999999998
 30
0
  0
SPLINE
  5
1A4
100
AcDbEntity
  8
layer 1
  6
CONTINUOUS
 62
    1
370
    5
100
AcDbSpline
210
0
220
0
230
0
 70
    8
 71
    3
 72
    8
 73
    4
 74
    0
 42
1e-07
 43
1e-07
 40
0
 40
0
 40
0
 40
0
 40
1
 40
1
 40
1
 40
1
 10
5.519740000000015
 20
14.27370999999998
 30
0
 10
5.582470000000002
 20
14.50326999999999
 30
0
 10
5.643670000000016
 20
14.72718999999998
 30
0
 10
5.655760000000017
 20
14.77134999999999
 30
0
  0
SPLINE
  5
1A5
100
AcDbEntity
  8
layer 1
  6
CONTINUOUS
 62
    1
370
    5
100
AcDbSpline
210
0
220
0
230
0
 70
    8
 71
    3
 72
   20
 73
   16
 74
    0
 42
1e-07
 43
1e-07
 40
0
 40
0
 40
0
 40
0
 40
0.2
 40
0.2
 40
0.2
 40
0.2
 40
0.4
 40
0.4
 40
0.4
 40
0.4
 40
0.6
 40
0.6
 40
0.6
 40
0.6
 40
1
 40
1
 40
1
 40
1
 10
5.655760000000017
 20
14.77134999999999
 30
0
 10
5.655760000000017
 20
14.77134999999999
 30
0
 10
5.677689999999986
 20
14.85159999999998
 30
0
 10
5.677689999999986
 20
14.85159999999998
 30
0
 10
5.677689999999986
 20
14.85159999999998
 30
0
 10
5.677689999999986
 20
14.85159999999998
 30
0
 10
6.412630000000009
 20
14.85159999999998
 30
0
 10
6.412630000000009
 20
14.85159999999998
 30
0
 10
6.412630000000009
 20
14.85159999999998
 30
0
 10
6.412630000000009
 20
14.85159999999998
 30
0
 10
7.147539999999994
 20
14.85159999999998
 30
0
 10
7.147539999999994
 20
14.85159999999998
 30
0
 10
7.147539999999994
 20
14.85159999999998
 30
0
 10
7.147539999999994
 20
14.85159999999998
 30
0
 10
7.213660000000006
 20
14.61081999999998
 30
0
 10
7.213660000000006
 20
14.61081999999998
 30
0
  0
SPLINE
  5
1A6
100
AcDbEntity
  8
layer 1
  6
CONTINUOUS
 62
    1
370
    5
100
AcDbSpline
210
0
220
0
230
0
 70
    8
 71
    3
 72
    8
 73
    4
 74
    0
 42
1e-07
 43
1e-07
 40
0
 40
0
 40
0
 40
0
 40
1
 40
1
 40
1
 40
1
 10
7.213660000000006
 20
14.61081999999998
 30
0
 10
7.250050000000018
 20
14.47839999999998
 30
0
 10
7.311430000000003
 20
14.25207999999998
 30
0
 10
7.350130000000009
 20
14.10789999999999
 30
0
  0
SPLINE
  5
1A7
100
AcDbEntity
  8
layer 1
  6
CONTINUOUS
 62
    1
370
    5
100
AcDbSpline
210
0
220
0
230
0
 70
    8
 71
    3
 72
    8
 73
    4
 74
    0
 42
1e-07
 43
1e-07
 40
0
 40
0
 40
0
 40
0
 40
1
 40
1
 40
1
 40
1
 10
17.45956000000001
 20
16.59507999999999
 30
0
 10
17.45205999999999
 20
16.64967999999998
 30
0
 10
17.44594000000001
 20
16.94343999999999
 30
0
 10
17.44594000000001
 20
17.24788
 30
0
  0
SPLINE
  5
1A8
100
AcDbEntity
  8
layer 1
  6
CONTINUOUS
 62
    1
370
    5
100
AcDbSpline
210
0
220
0
230
0
 70
    8
 71
    3
 72
   20
 73
   16
 74
    0
 42
1e-07
 43
1e-07
 40
0
 40
0
 40
0
 40
0
 40
0.2
 40
0.2
 40
0.2
 40
0.2
 40
0.4
 40
0.4
 40
0.4
 40
0.4
 40
0.6
 40
0.6
 40
0.6
 40
0.6
 40
1
 40
1
 40
1
 40
1
 10
17.44594000000001
 20
17.24788
 30
0
 10
17.44594000000001
 20
17.24788
 30
0
 10
17.44594000000001
 20
17.80137999999998
 30
0
 10
17.44594000000001
 20
17.80137999999998
 30
0
 10
17.44594000000001
 20
17.80137999999998
 30
0
 10
17.44594000000001
 20
17.80137999999998
 30
0
 10
17.65267
 20
17.80137999999998
 30
0
 10
17.65267
 20
17.80137999999998
 30
0
 10
17.65267
 20
17.80137999999998
 30
0
 10
17.65267
 20
17.80137999999998
 30
0
 10
17.85939999999999
 20
17.80137999999998
 30
0
 10
17.85939999999999
 20
17.80137999999998
 30
0
 10
17.85939999999999
 20
17.80137999999998
 30
0
 10
17.85939999999999
 20
17.80137999999998
 30
0
 10
17.84536
 20
17.40006999999999
 30
0
 10
17.84536
 20
17.40006999999999
 30
0
  0
SPLINE
  5
1A9
100
AcDbEntity
  8
layer 1
  6
CONTINUOUS
 62
    1
370
    5
100
AcDbSpline
210
0
220
0
230
0
 70
    8
 71
    3
 72
    8
 73
    4
 74
    0
 42
1e-07
 43
1e-07
 40
0
 40
0
 40
0
 40
0
 40
1
 40
1
 40
1
 40
1
 10
17.84536
 20
17.40006999999999
 30
0
 10
17.83765
 20
17.17933
 30
0
 10
17.83129
 20
16.88556999999999
 30
0
 10
17.83129
 20
16.74726999999999
 30
0
  0
SPLINE
  5
1AA
100
AcDbEntity
  8
layer 1
  6
CONTINUOUS
 62
    1
370
    5
100
AcDbSpline
210
0
220
0
230
0
 70
    8
 71
    3
 72
   24
 73
   20
 74
    0
 42
1e-07
 43
1e-07
 40
0
 40
0
 40
0
 40
0
 40
0.1666667
 40
0.1666667
 40
0.1666667
 40
0.1666667
 40
0.3333333
 40
0.3333333
 40
0.3333333
 40
0.3333333
 40
0.5
 40
0.5
 40
0.5
 40
0.5
 40
0.6666666999999999
 40
0.6666666999999999
 40
0.6666666999999999
 40
0.6666666999999999
 40
1
 40
1
 40
1
 40
1
 10
17.83129
 20
16.74726999999999
 30
0
 10
17.83129
 20
16.74726999999999
 30
0
 10
17.83129
 20
16.49574999999999
 30
0
 10
17.83129
 20
16.49574999999999
 30
0
 10
17.83129
 20
16.49574999999999
 30
0
 10
17.83129
 20
16.49574999999999
 30
0
 10
17.65225000000001
 20
16.49574999999999
 30
0
 10
17.65225000000001
 20
16.49574999999999
 30
0
 10
17.65225000000001
 20
16.49574999999999
 30
0
 10
17.65225000000001
 20
16.49574999999999
 30
0
 10
17.47324
 20
16.49574999999999
 30
0
 10
17.47324
 20
16.49574999999999
 30
0
 10
17.47324
 20
16.49574999999999
 30
0
 10
17.47324
 20
16.49574999999999
 30
0
 10
17.45962
 20
16.59507999999999
 30
0
 10
17.45962
 20
16.59507999999999
 30
0
 10
17.45962
 20
16.59507999999999
 30
0
 10
17.45962
 20
16.59507999999999
 30
0
 10
17.45956000000001
 20
16.59507999999999
 30
0
 10
17.45956000000001
 20
16.59507999999999
 30
0
  0
SPLINE
  5
1AB
100
AcDbEntity
  8
layer 1
  6
CONTINUOUS
 62
    1
370
    5
100
AcDbSpline
210
0
220
0
230
0
 70
    8
 71
    3
 72
    8
 73
    4
 74
    0
 42
1e-07
 43
1e-07
 40
0
 40
0
 40
0
 40
0
 40
1
 40
1
 40
1
 40
1
 10
21.95848000000001
 20
18.74853999999998
 30
0
 10
21.94915
 20
18.76323999999998
 30
0
 10
21.94138000000001
 20
18.62835999999999
 30
0
 10
21.94120000000001
 20
18.44883999999999
 30
0
  0
SPLINE
  5
1AC
100
AcDbEntity
  8
layer 1
  6
CONTINUOUS
 62
    1
370
    5
100
AcDbSpline
210
0
220
0
230
0
 70
    8
 71
    3
 72
   36
 73
   32
 74
    0
 42
1e-07
 43
1e-07
 40
0
 40
0
 40
0
 40
0
 40
0.1111111
 40
0.1111111
 40
0.1111111
 40
0.1111111
 40
0.2222222
 40
0.2222222
 40
0.2222222
 40
0.2222222
 40
0.3333333
 40
0.3333333
 40
0.3333333
 40
0.3333333
 40
0.4444444
 40
0.4444444
 40
0.4444444
 40
0.4444444
 40
0.5555555999999999
 40
0.5555555999999999
 40
0.5555555999999999
 40
0.5555555999999999
 40
0.6666666999999999
 40
0.6666666999999999
 40
0.6666666999999999
 40
0.6666666999999999
 40
0.7777778
 40
0.7777778
 40
0.7777778
 40
0.7777778
 40
1
 40
1
 40
1
 40
1
 10
21.94120000000001
 20
18.44883999999999
 30
0
 10
21.94120000000001
 20
18.44883999999999
 30
0
 10
21.94093000000001
 20
18.12243999999998
 30
0
 10
21.94093000000001
 20
18.12243999999998
 30
0
 10
21.94093000000001
 20
18.12243999999998
 30
0
 10
21.94093000000001
 20
18.12243999999998
 30
0
 10
21.85531
 20
18.12243999999998
 30
0
 10
21.85531
 20
18.12243999999998
 30
0
 10
21.85531
 20
18.12243999999998
 30
0
 10
21.85531
 20
18.12243999999998
 30
0
 10
21.76972000000001
 20
18.12243999999998
 30
0
 10
21.76972000000001
 20
18.12243999999998
 30
0
 10
21.76972000000001
 20
18.12243999999998
 30
0
 10
21.76972000000001
 20
18.12243999999998
 30
0
 10
21.76945000000001
 20
18.59439999999998
 30
0
 10
21.76945000000001
 20
18.59439999999998
 30
0
 10
21.76945000000001
 20
18.59439999999998
 30
0
 10
21.76945000000001
 20
18.59439999999998
 30
0
 10
21.76945000000001
 20
19.06632999999998
 30
0
 10
21.76945000000001
 20
19.06632999999998
 30
0
 10
21.76945000000001
 20
19.06632999999998
 30
0
 10
21.76945000000001
 20
19.06632999999998
 30
0
 10
21.89224000000002
 20
19.05990999999999
 30
0
 10
21.89224000000002
 20
19.05990999999999
 30
0
 10
21.89224000000002
 20
19.05990999999999
 30
0
 10
21.89224000000002
 20
19.05990999999999
 30
0
 10
22.01500000000001
 20
19.05348999999998
 30
0
 10
22.01500000000001
 20
19.05348999999998
 30
0
 10
22.01500000000001
 20
19.05348999999998
 30
0
 10
22.01500000000001
 20
19.05348999999998
 30
0
 10
22.11072999999999
 20
18.74847999999999
 30
0
 10
22.11072999999999
 20
18.74847999999999
 30
0
  0
SPLINE
  5
1AD
100
AcDbEntity
  8
layer 1
  6
CONTINUOUS
 62
    1
370
    5
100
AcDbSpline
210
0
220
0
230
0
 70
    8
 71
    3
 72
   12
 73
    8
 74
    0
 42
1e-07
 43
1e-07
 40
0
 40
0
 40
0
 40
0
 40
0.3333333
 40
0.3333333
 40
0.3333333
 40
0.3333333
 40
1
 40
1
 40
1
 40
1
 10
22.11072999999999
 20
18.74847999999999
 30
0
 10
22.16337999999999
 20
18.58071999999999
 30
0
 10
22.21191999999999
 20
18.44349999999999
 30
0
 10
22.21861000000001
 20
18.44349999999999
 30
0
 10
22.21861000000001
 20
18.44349999999999
 30
0
 10
22.22526999999999
 20
18.44349999999999
 30
0
 10
22.27692999999999
 20
18.58314999999999
 30
0
 10
22.33336
 20
18.75381999999998
 30
0
  0
SPLINE
  5
1AE
100
AcDbEntity
  8
layer 1
  6
CONTINUOUS
 62
    1
370
    5
100
AcDbSpline
210
0
220
0
230
0
 70
    8
 71
    3
 72
   60
 73
   56
 74
    0
 42
1e-07
 43
1e-07
 40
0
 40
0
 40
0
 40
0
 40
0.0666667
 40
0.0666667
 40
0.0666667
 40
0.0666667
 40
0.1333333
 40
0.1333333
 40
0.1333333
 40
0.1333333
 40
0.2
 40
0.2
 40
0.2
 40
0.2
 40
0.2666667
 40
0.2666667
 40
0.2666667
 40
0.2666667
 40
0.3333333
 40
0.3333333
 40
0.3333333
 40
0.3333333
 40
0.4
 40
0.4
 40
0.4
 40
0.4
 40
0.4666667
 40
0.4666667
 40
0.4666667
 40
0.4666667
 40
0.5333333
 40
0.5333333
 40
0.5333333
 40
0.5333333
 40
0.6
 40
0.6
 40
0.6
 40
0.6
 40
0.6666666999999999
 40
0.6666666999999999
 40
0.6666666999999999
 40
0.6666666999999999
 40
0.7333333
 40
0.7333333
 40
0.7333333
 40
0.7333333
 40
0.7999999999999999
 40
0.7999999999999999
 40
0.7999999999999999
 40
0.7999999999999999
 40
0.8666667
 40
0.8666667
 40
0.8666667
 40
0.8666667
 40
1
 40
1
 40
1
 40
1
 10
22.33336
 20
18.75381999999998
 30
0
 10
22.33336
 20
18.75381999999998
 30
0
 10
22.43599
 20
19.06419999999999
 30
0
 10
22.43599
 20
19.06419999999999
 30
0
 10
22.43599
 20
19.06419999999999
 30
0
 10
22.43599
 20
19.06419999999999
 30
0
 10
22.55221
 20
19.06419999999999
 30
0
 10
22.55221
 20
19.06419999999999
 30
0
 10
22.55221
 20
19.06419999999999
 30
0
 10
22.55221
 20
19.06419999999999
 30
0
 10
22.66843
 20
19.06419999999999
 30
0
 10
22.66843
 20
19.06419999999999
 30
0
 10
22.66843
 20
19.06419999999999
 30
0
 10
22.66843
 20
19.06419999999999
 30
0
 10
22.66843
 20
18.59331999999999
 30
0
 10
22.66843
 20
18.59331999999999
 30
0
 10
22.66843
 20
18.59331999999999
 30
0
 10
22.66843
 20
18.59331999999999
 30
0
 10
22.66843
 20
18.12243999999998
 30
0
 10
22.66843
 20
18.12243999999998
 30
0
 10
22.66843
 20
18.12243999999998
 30
0
 10
22.66843
 20
18.12243999999998
 30
0
 10
22.58280999999999
 20
18.12243999999998
 30
0
 10
22.58280999999999
 20
18.12243999999998
 30
0
 10
22.58280999999999
 20
18.12243999999998
 30
0
 10
22.58280999999999
 20
18.12243999999998
 30
0
 10
22.49719000000002
 20
18.12243999999998
 30
0
 10
22.49719000000002
 20
18.12243999999998
 30
0
 10
22.49719000000002
 20
18.12243999999998
 30
0
 10
22.49719000000002
 20
18.12243999999998
 30
0
 10
22.49491
 20
18.44883999999999
 30
0
 10
22.49491
 20
18.44883999999999
 30
0
 10
22.49491
 20
18.44883999999999
 30
0
 10
22.49491
 20
18.44883999999999
 30
0
 10
22.49262999999999
 20
18.77523999999998
 30
0
 10
22.49262999999999
 20
18.77523999999998
 30
0
 10
22.49262999999999
 20
18.77523999999998
 30
0
 10
22.49262999999999
 20
18.77523999999998
 30
0
 10
22.39422999999999
 20
18.47022999999999
 30
0
 10
22.39422999999999
 20
18.47022999999999
 30
0
 10
22.39422999999999
 20
18.47022999999999
 30
0
 10
22.39422999999999
 20
18.47022999999999
 30
0
 10
22.29579999999999
 20
18.16521999999999
 30
0
 10
22.29579999999999
 20
18.16521999999999
 30
0
 10
22.29579999999999
 20
18.16521999999999
 30
0
 10
22.29579999999999
 20
18.16521999999999
 30
0
 10
22.22002000000001
 20
18.16533999999999
 30
0
 10
22.22002000000001
 20
18.16533999999999
 30
0
 10
22.22002000000001
 20
18.16533999999999
 30
0
 10
22.22002000000001
 20
18.16533999999999
 30
0
 10
22.14421000000002
 20
18.16545999999998
 30
0
 10
22.14421000000002
 20
18.16545999999998
 30
0
 10
22.14421000000002
 20
18.16545999999998
 30
0
 10
22.14421000000002
 20
18.16545999999998
 30
0
 10
22.05982
 20
18.44364999999998
 30
0
 10
22.05982
 20
18.44364999999998
 30
0
  0
SPLINE
  5
1AF
100
AcDbEntity
  8
layer 1
  6
CONTINUOUS
 62
    1
370
    5
100
AcDbSpline
210
0
220
0
230
0
 70
    8
 71
    3
 72
    8
 73
    4
 74
    0
 42
1e-07
 43
1e-07
 40
0
 40
0
 40
0
 40
0
 40
1
 40
1
 40
1
 40
1
 10
22.05982
 20
18.44364999999998
 30
0
 10
22.01340999999999
 20
18.59665
 30
0
 10
21.96780999999999
 20
18.73386999999998
 30
0
 10
21.95848000000001
 20
18.74853999999998
 30
0
  0
SPLINE
  5
1B0
100
AcDbEntity
  8
layer 1
  6
CONTINUOUS
 62
    1
370
    5
100
AcDbSpline
210
0
220
0
230
0
 70
   11
 71
    3
 72
   24
 73
   20
 74
    0
 42
1e-07
 43
1e-07
 40
0
 40
0
 40
0
 40
0
 40
0.1666667
 40
0.1666667
 40
0.1666667
 40
0.1666667
 40
0.3333333
 40
0.3333333
 40
0.3333333
 40
0.3333333
 40
0.5
 40
0.5
 40
0.5
 40
0.5
 40
0.6666666999999999
 40
0.6666666999999999
 40
0.6666666999999999
 40
0.6666666999999999
 40
1
 40
1
 40
1
 40
1
 10
-10.01714000000001
 20
6.559329999999997
 30
0
 10
-10.04336000000001
 20
6.490389999999985
 30
0
 10
-10.13582
 20
6.482049999999995
 30
0
 10
-10.16980999999998
 20
6.545529999999993
 30
0
 10
-10.16980999999998
 20
6.545529999999993
 30
0
 10
-10.20439999999999
 20
6.610179999999994
 30
0
 10
-10.20088999999999
 20
10.00276
 30
0
 10
-10.16621000000001
 20
10.03743999999999
 30
0
 10
-10.16621000000001
 20
10.03743999999999
 30
0
 10
-10.12558999999999
 20
10.07805999999998
 30
0
 10
-10.06724
 20
10.06851999999999
 30
0
 10
-10.02983
 20
10.01511999999999
 30
0
 10
-10.02983
 20
10.01511999999999
 30
0
 10
-9.99977000000001
 20
9.972190000000007
 30
0
 10
-9.995840000000014
 20
9.772149999999991
 30
0
 10
-9.995840000000014
 20
8.290959999999993
 30
0
 10
-9.995840000000014
 20
8.290959999999993
 30
0
 10
-9.995840000000014
 20
7.255089999999989
 30
0
 10
-10.00397000000001
 20
6.59395
 30
0
 10
-10.01714000000001
 20
6.559329999999997
 30
0
  0
SPLINE
  5
1B1
100
AcDbEntity
  8
layer 1
  6
CONTINUOUS
 62
    1
370
    5
100
AcDbSpline
210
0
220
0
230
0
 70
    8
 71
    3
 72
   28
 73
   24
 74
    0
 42
1e-07
 43
1e-07
 40
0
 40
0
 40
0
 40
0
 40
0.1428571
 40
0.1428571
 40
0.1428571
 40
0.1428571
 40
0.2857143
 40
0.2857143
 40
0.2857143
 40
0.2857143
 40
0.4285714
 40
0.4285714
 40
0.4285714
 40
0.4285714
 40
0.5714286
 40
0.5714286
 40
0.5714286
 40
0.5714286
 40
0.7142856999999999
 40
0.7142856999999999
 40
0.7142856999999999
 40
0.7142856999999999
 40
1
 40
1
 40
1
 40
1
 10
-15.31691000000001
 20
4.777209999999991
 30
0
 10
-15.39185000000001
 20
4.807509999999989
 30
0
 10
-15.49931000000001
 20
4.955109999999999
 30
0
 10
-15.53488999999999
 20
5.076669999999988
 30
0
 10
-15.53488999999999
 20
5.076669999999988
 30
0
 10
-15.56290999999999
 20
5.172369999999995
 30
0
 10
-15.56447
 20
5.238609999999989
 30
0
 10
-15.54497000000001
 20
5.502609999999999
 30
0
 10
-15.54497000000001
 20
5.502609999999999
 30
0
 10
-15.53225
 20
5.674540000000001
 30
0
 10
-15.50239999999999
 20
6.169089999999992
 30
0
 10
-15.47861
 20
6.60156999999999
 30
0
 10
-15.47861
 20
6.60156999999999
 30
0
 10
-15.42911000000001
 20
7.501599999999991
 30
0
 10
-15.41875999999999
 20
7.627869999999995
 30
0
 10
-15.38798
 20
7.707849999999988
 30
0
 10
-15.38798
 20
7.707849999999988
 30
0
 10
-15.36509000000001
 20
7.767339999999999
 30
0
 10
-15.39886999999999
 20
7.865109999999996
 30
0
 10
-15.47063
 20
7.947249999999991
 30
0
 10
-15.47063
 20
7.947249999999991
 30
0
 10
-15.51230000000001
 20
7.994889999999993
 30
0
 10
-15.47117
 20
8.028309999999999
 30
0
 10
-15.34417999999999
 20
8.049999999999992
 30
0
  0
SPLINE
  5
1B2
100
AcDbEntity
  8
layer 1
  6
CONTINUOUS
 62
    1
370
    5
100
AcDbSpline
210
0
220
0
230
0
 70
    8
 71
    3
 72
   12
 73
    8
 74
    0
 42
1e-07
 43
1e-07
 40
0
 40
0
 40
0
 40
0
 40
0.3333333
 40
0.3333333
 40
0.3333333
 40
0.3333333
 40
1
 40
1
 40
1
 40
1
 10
-15.34417999999999
 20
8.049999999999992
 30
0
 10
-15.34417999999999
 20
8.049999999999992
 30
0
 10
-15.24902
 20
8.066259999999994
 30
0
 10
-15.24902
 20
8.066259999999994
 30
0
 10
-15.24902
 20
8.066259999999994
 30
0
 10
-15.24902
 20
8.066259999999994
 30
0
 10
-15.24347
 20
10.20166
 30
0
 10
-15.24347
 20
10.20166
 30
0
  0
SPLINE
  5
1B3
100
AcDbEntity
  8
layer 1
  6
CONTINUOUS
 62
    1
370
    5
100
AcDbSpline
210
0
220
0
230
0
 70
    8
 71
    3
 72
   16
 73
   12
 74
    0
 42
1e-07
 43
1e-07
 40
0
 40
0
 40
0
 40
0
 40
0.25
 40
0.25
 40
0.25
 40
0.25
 40
0.5
 40
0.5
 40
0.5
 40
0.5
 40
1
 40
1
 40
1
 40
1
 10
-15.24347
 20
10.20166
 30
0
 10
-15.23851999999999
 20
12.10288
 30
0
 10
-15.24163999999999
 20
12.34431999999999
 30
0
 10
-15.27206000000001
 20
12.40311999999999
 30
0
 10
-15.27206000000001
 20
12.40311999999999
 30
0
 10
-15.30095
 20
12.45903999999999
 30
0
 10
-15.30253999999999
 20
12.49491999999998
 30
0
 10
-15.28237999999999
 20
12.63705999999998
 30
0
 10
-15.28237999999999
 20
12.63705999999998
 30
0
 10
-15.24314000000001
 20
12.91363
 30
0
 10
-15.24817999999999
 20
12.90321999999999
 30
0
 10
-15.15352999999999
 20
12.90321999999999
 30
0
  0
SPLINE
  5
1B4
100
AcDbEntity
  8
layer 1
  6
CONTINUOUS
 62
    1
370
    5
100
AcDbSpline
210
0
220
0
230
0
 70
    8
 71
    3
 72
   12
 73
    8
 74
    0
 42
1e-07
 43
1e-07
 40
0
 40
0
 40
0
 40
0
 40
0.3333333
 40
0.3333333
 40
0.3333333
 40
0.3333333
 40
1
 40
1
 40
1
 40
1
 10
-15.15352999999999
 20
12.90321999999999
 30
0
 10
-15.15352999999999
 20
12.90321999999999
 30
0
 10
-15.06983
 20
12.90321999999999
 30
0
 10
-15.06983
 20
12.90321999999999
 30
0
 10
-15.06983
 20
12.90321999999999
 30
0
 10
-15.06983
 20
12.90321999999999
 30
0
 10
-15.04267999999999
 20
12.67936
 30
0
 10
-15.04267999999999
 20
12.67936
 30
0
  0
SPLINE
  5
1B5
100
AcDbEntity
  8
layer 1
  6
CONTINUOUS
 62
    1
370
    5
100
AcDbSpline
210
0
220
0
230
0
 70
    8
 71
    3
 72
   12
 73
    8
 74
    0
 42
1e-07
 43
1e-07
 40
0
 40
0
 40
0
 40
0
 40
0.3333333
 40
0.3333333
 40
0.3333333
 40
0.3333333
 40
1
 40
1
 40
1
 40
1
 10
-15.04267999999999
 20
12.67936
 30
0
 10
-15.02273
 20
12.51477999999999
 30
0
 10
-15.02186
 20
12.43914999999999
 30
0
 10
-15.03944000000001
 20
12.39396999999999
 30
0
 10
-15.03944000000001
 20
12.39396999999999
 30
0
 10
-15.05620999999999
 20
12.35092
 30
0
 10
-15.06335000000001
 20
11.69112999999999
 30
0
 10
-15.06335000000001
 20
10.19328999999999
 30
0
  0
SPLINE
  5
1B6
100
AcDbEntity
  8
layer 1
  6
CONTINUOUS
 62
    1
370
    5
100
AcDbSpline
210
0
220
0
230
0
 70
    8
 71
    3
 72
   12
 73
    8
 74
    0
 42
1e-07
 43
1e-07
 40
0
 40
0
 40
0
 40
0
 40
0.3333333
 40
0.3333333
 40
0.3333333
 40
0.3333333
 40
1
 40
1
 40
1
 40
1
 10
-15.06335000000001
 20
10.19328999999999
 30
0
 10
-15.06335000000001
 20
10.19328999999999
 30
0
 10
-15.06335000000001
 20
8.054139999999999
 30
0
 10
-15.06335000000001
 20
8.054139999999999
 30
0
 10
-15.06335000000001
 20
8.054139999999999
 30
0
 10
-15.06335000000001
 20
8.054139999999999
 30
0
 10
-14.98145
 20
8.053989999999994
 30
0
 10
-14.98145
 20
8.053989999999994
 30
0
  0
SPLINE
  5
1B7
100
AcDbEntity
  8
layer 1
  6
CONTINUOUS
 62
    1
370
    5
100
AcDbSpline
210
0
220
0
230
0
 70
    8
 71
    3
 72
   24
 73
   20
 74
    0
 42
1e-07
 43
1e-07
 40
0
 40
0
 40
0
 40
0
 40
0.1666667
 40
0.1666667
 40
0.1666667
 40
0.1666667
 40
0.3333333
 40
0.3333333
 40
0.3333333
 40
0.3333333
 40
0.5
 40
0.5
 40
0.5
 40
0.5
 40
0.6666666999999999
 40
0.6666666999999999
 40
0.6666666999999999
 40
0.6666666999999999
 40
1
 40
1
 40
1
 40
1
 10
-14.98145
 20
8.053989999999994
 30
0
 10
-14.798
 20
8.053750000000003
 30
0
 10
-14.67455000000001
 20
7.982889999999992
 30
0
 10
-14.74940000000001
 20
7.920789999999991
 30
0
 10
-14.74940000000001
 20
7.920789999999991
 30
0
 10
-14.82605000000001
 20
7.857159999999988
 30
0
 10
-14.84720000000002
 20
7.77630999999999
 30
0
 10
-14.82449
 20
7.633539999999991
 30
0
 10
-14.82449
 20
7.633539999999991
 30
0
 10
-14.79634999999999
 20
7.45677999999999
 30
0
 10
-14.72735
 20
5.215839999999995
 30
0
 10
-14.74715
 20
5.12215
 30
0
 10
-14.74715
 20
5.12215
 30
0
 10
-14.77187000000001
 20
5.005239999999995
 30
0
 10
-14.86942999999999
 20
4.845129999999991
 30
0
 10
-14.94413
 20
4.798989999999998
 30
0
 10
-14.94413
 20
4.798989999999998
 30
0
 10
-15.01835
 20
4.75311999999999
 30
0
 10
-15.22709
 20
4.740939999999989
 30
0
 10
-15.31691000000001
 20
4.777209999999991
 30
0
  0
SPLINE
  5
1B8
100
AcDbEntity
  8
layer 1
  6
CONTINUOUS
 62
    1
370
    5
100
AcDbSpline
210
0
220
0
230
0
 70
    8
 71
    3
 72
    8
 73
    4
 74
    0
 42
1e-07
 43
1e-07
 40
0
 40
0
 40
0
 40
0
 40
1
 40
1
 40
1
 40
1
 10
-10.75316000000001
 20
5.034339999999994
 30
0
 10
-10.75316000000001
 20
5.034339999999994
 30
0
 10
-10.75313
 20
5.034339999999994
 30
0
 10
-10.75313
 20
5.034339999999994
 30
0
  0
SPLINE
  5
1B9
100
AcDbEntity
  8
layer 1
  6
CONTINUOUS
 62
    1
370
    5
100
AcDbSpline
210
0
220
0
230
0
 70
    8
 71
    3
 72
   12
 73
    8
 74
    0
 42
1e-07
 43
1e-07
 40
0
 40
0
 40
0
 40
0
 40
0.3333333
 40
0.3333333
 40
0.3333333
 40
0.3333333
 40
1
 40
1
 40
1
 40
1
 10
-10.75313
 20
5.034339999999994
 30
0
 10
-10.85536999999999
 20
5.145729999999994
 30
0
 10
-10.95236
 20
5.350059999999994
 30
0
 10
-10.98131000000001
 20
5.51488
 30
0
 10
-10.98131000000001
 20
5.51488
 30
0
 10
-11.04115999999999
 20
5.855799999999997
 30
0
 10
-10.85588000000001
 20
6.248079999999995
 30
0
 10
-10.55051
 20
6.427029999999996
 30
0
  0
SPLINE
  5
1BA
100
AcDbEntity
  8
layer 1
  6
CONTINUOUS
 62
    1
370
    5
100
AcDbSpline
210
0
220
0
230
0
 70
    8
 71
    3
 72
   20
 73
   16
 74
    0
 42
1e-07
 43
1e-07
 40
0
 40
0
 40
0
 40
0
 40
0.2
 40
0.2
 40
0.2
 40
0.2
 40
0.4
 40
0.4
 40
0.4
 40
0.4
 40
0.6
 40
0.6
 40
0.6
 40
0.6
 40
1
 40
1
 40
1
 40
1
 10
-10.55051
 20
6.427029999999996
 30
0
 10
-10.55051
 20
6.427029999999996
 30
0
 10
-10.45454000000001
 20
6.483280000000001
 30
0
 10
-10.45454000000001
 20
6.483280000000001
 30
0
 10
-10.45454000000001
 20
6.483280000000001
 30
0
 10
-10.45454000000001
 20
6.483280000000001
 30
0
 10
-10.45454000000001
 20
8.437479999999988
 30
0
 10
-10.45454000000001
 20
8.437479999999988
 30
0
 10
-10.45454000000001
 20
8.437479999999988
 30
0
 10
-10.45454000000001
 20
8.437479999999988
 30
0
 10
-10.45454000000001
 20
10.39167999999998
 30
0
 10
-10.45454000000001
 20
10.39167999999998
 30
0
 10
-10.45454000000001
 20
10.39167999999998
 30
0
 10
-10.45454000000001
 20
10.39167999999998
 30
0
 10
-10.59314000000001
 20
10.52799999999998
 30
0
 10
-10.59314000000001
 20
10.52799999999998
 30
0
  0
SPLINE
  5
1BB
100
AcDbEntity
  8
layer 1
  6
CONTINUOUS
 62
    1
370
    5
100
AcDbSpline
210
0
220
0
230
0
 70
    8
 71
    3
 72
   28
 73
   24
 74
    0
 42
1e-07
 43
1e-07
 40
0
 40
0
 40
0
 40
0
 40
0.1428571
 40
0.1428571
 40
0.1428571
 40
0.1428571
 40
0.2857143
 40
0.2857143
 40
0.2857143
 40
0.2857143
 40
0.4285714
 40
0.4285714
 40
0.4285714
 40
0.4285714
 40
0.5714286
 40
0.5714286
 40
0.5714286
 40
0.5714286
 40
0.7142856999999999
 40
0.7142856999999999
 40
0.7142856999999999
 40
0.7142856999999999
 40
1
 40
1
 40
1
 40
1
 10
-10.59314000000001
 20
10.52799999999998
 30
0
 10
-10.77794
 20
10.70977
 30
0
 10
-10.83410000000001
 20
10.85119
 30
0
 10
-10.82078000000001
 20
11.10121000000001
 30
0
 10
-10.82078000000001
 20
11.10121000000001
 30
0
 10
-10.81363999999999
 20
11.23554999999998
 30
0
 10
-10.7978
 20
11.30263
 30
0
 10
-10.75237999999999
 20
11.39136999999998
 30
0
 10
-10.75237999999999
 20
11.39136999999998
 30
0
 10
-10.63949
 20
11.61195999999999
 30
0
 10
-10.44116
 20
11.75595999999999
 30
0
 10
-10.20899
 20
11.78595999999999
 30
0
 10
-10.20899
 20
11.78595999999999
 30
0
 10
-10.08682999999999
 20
11.80174
 30
0
 10
-9.899299999999981
 20
11.78724999999999
 30
0
 10
-9.872060000000003
 20
11.76012999999999
 30
0
 10
-9.872060000000003
 20
11.76012999999999
 30
0
 10
-9.854479999999993
 20
11.74254999999999
 30
0
 10
-10.16636
 20
11.44255
 30
0
 10
-10.20403999999999
 20
11.44081
 30
0
 10
-10.20403999999999
 20
11.44081
 30
0
 10
-10.21639999999999
 20
11.44029999999998
 30
0
 10
-10.28276
 20
11.38296999999999
 30
0
 10
-10.35146
 20
11.31352
 30
0
  0
SPLINE
  5
1BC
100
AcDbEntity
  8
layer 1
  6
CONTINUOUS
 62
    1
370
    5
100
AcDbSpline
210
0
220
0
230
0
 70
    8
 71
    3
 72
   20
 73
   16
 74
    0
 42
1e-07
 43
1e-07
 40
0
 40
0
 40
0
 40
0
 40
0.2
 40
0.2
 40
0.2
 40
0.2
 40
0.4
 40
0.4
 40
0.4
 40
0.4
 40
0.6
 40
0.6
 40
0.6
 40
0.6
 40
1
 40
1
 40
1
 40
1
 10
-10.35146
 20
11.31352
 30
0
 10
-10.35146
 20
11.31352
 30
0
 10
-10.47638000000001
 20
11.18730999999999
 30
0
 10
-10.47638000000001
 20
11.18730999999999
 30
0
 10
-10.47638000000001
 20
11.18730999999999
 30
0
 10
-10.47638000000001
 20
11.18730999999999
 30
0
 10
-10.47608
 20
11.04594999999999
 30
0
 10
-10.47608
 20
11.04594999999999
 30
0
 10
-10.47608
 20
11.04594999999999
 30
0
 10
-10.47608
 20
11.04594999999999
 30
0
 10
-10.47581
 20
10.90461999999999
 30
0
 10
-10.47581
 20
10.90461999999999
 30
0
 10
-10.47581
 20
10.90461999999999
 30
0
 10
-10.47581
 20
10.90461999999999
 30
0
 10
-10.35748999999998
 20
10.80085
 30
0
 10
-10.35748999999998
 20
10.80085
 30
0
  0
SPLINE
  5
1BD
100
AcDbEntity
  8
layer 1
  6
CONTINUOUS
 62
    1
370
    5
100
AcDbSpline
210
0
220
0
230
0
 70
    8
 71
    3
 72
    8
 73
    4
 74
    0
 42
1e-07
 43
1e-07
 40
0
 40
0
 40
0
 40
0
 40
1
 40
1
 40
1
 40
1
 10
-10.35748999999998
 20
10.80085
 30
0
 10
-10.24097
 20
10.69866999999998
 30
0
 10
-10.23692
 20
10.69711
 30
0
 10
-10.08938000000001
 20
10.69711
 30
0
  0
SPLINE
  5
1BE
100
AcDbEntity
  8
layer 1
  6
CONTINUOUS
 62
    1
370
    5
100
AcDbSpline
210
0
220
0
230
0
 70
    8
 71
    3
 72
   12
 73
    8
 74
    0
 42
1e-07
 43
1e-07
 40
0
 40
0
 40
0
 40
0
 40
0.3333333
 40
0.3333333
 40
0.3333333
 40
0.3333333
 40
1
 40
1
 40
1
 40
1
 10
-10.08938000000001
 20
10.69711
 30
0
 10
-10.08938000000001
 20
10.69711
 30
0
 10
-9.939559999999998
 20
10.69711
 30
0
 10
-9.939559999999998
 20
10.69711
 30
0
 10
-9.939559999999998
 20
10.69711
 30
0
 10
-9.939559999999998
 20
10.69711
 30
0
 10
-9.836629999999984
 20
10.80159999999998
 30
0
 10
-9.836629999999984
 20
10.80159999999998
 30
0
  0
SPLINE
  5
1BF
100
AcDbEntity
  8
layer 1
  6
CONTINUOUS
 62
    1
370
    5
100
AcDbSpline
210
0
220
0
230
0
 70
    8
 71
    3
 72
   20
 73
   16
 74
    0
 42
1e-07
 43
1e-07
 40
0
 40
0
 40
0
 40
0
 40
0.2
 40
0.2
 40
0.2
 40
0.2
 40
0.4
 40
0.4
 40
0.4
 40
0.4
 40
0.6
 40
0.6
 40
0.6
 40
0.6
 40
1
 40
1
 40
1
 40
1
 10
-9.836629999999984
 20
10.80159999999998
 30
0
 10
-9.780020000000006
 20
10.85908
 30
0
 10
-9.733190000000006
 20
10.92051999999999
 30
0
 10
-9.732529999999995
 20
10.93812999999999
 30
0
 10
-9.732529999999995
 20
10.93812999999999
 30
0
 10
-9.731150000000012
 20
10.97667999999999
 30
0
 10
-9.406370000000008
 20
11.24592999999999
 30
0
 10
-9.380539999999995
 20
11.22996999999998
 30
0
 10
-9.380539999999995
 20
11.22996999999998
 30
0
 10
-9.370550000000007
 20
11.22378999999999
 30
0
 10
-9.362390000000003
 20
11.15089
 30
0
 10
-9.362390000000003
 20
11.06793999999998
 30
0
 10
-9.362390000000003
 20
11.06793999999998
 30
0
 10
-9.362390000000003
 20
10.84726
 30
0
 10
-9.425720000000011
 20
10.69579
 30
0
 10
-9.584360000000002
 20
10.53715
 30
0
  0
SPLINE
  5
1C0
100
AcDbEntity
  8
layer 1
  6
CONTINUOUS
 62
    1
370
    5
100
AcDbSpline
210
0
220
0
230
0
 70
    8
 71
    3
 72
   20
 73
   16
 74
    0
 42
1e-07
 43
1e-07
 40
0
 40
0
 40
0
 40
0
 40
0.2
 40
0.2
 40
0.2
 40
0.2
 40
0.4
 40
0.4
 40
0.4
 40
0.4
 40
0.6
 40
0.6
 40
0.6
 40
0.6
 40
1
 40
1
 40
1
 40
1
 10
-9.584360000000002
 20
10.53715
 30
0
 10
-9.584360000000002
 20
10.53715
 30
0
 10
-9.71186
 20
10.40964999999999
 30
0
 10
-9.71186
 20
10.40964999999999
 30
0
 10
-9.71186
 20
10.40964999999999
 30
0
 10
-9.71186
 20
10.40964999999999
 30
0
 10
-9.71186
 20
8.446719999999994
 30
0
 10
-9.71186
 20
8.446719999999994
 30
0
 10
-9.71186
 20
8.446719999999994
 30
0
 10
-9.71186
 20
8.446719999999994
 30
0
 10
-9.711860000000001
 20
6.483759999999998
 30
0
 10
-9.711860000000001
 20
6.483759999999998
 30
0
 10
-9.711860000000001
 20
6.483759999999998
 30
0
 10
-9.711860000000001
 20
6.483759999999998
 30
0
 10
-9.591109999999986
 20
6.403629999999986
 30
0
 10
-9.591109999999986
 20
6.403629999999986
 30
0
  0
SPLINE
  5
1C1
100
AcDbEntity
  8
layer 1
  6
CONTINUOUS
 62
    1
370
    5
100
AcDbSpline
210
0
220
0
230
0
 70
    8
 71
    3
 72
   20
 73
   16
 74
    0
 42
1e-07
 43
1e-07
 40
0
 40
0
 40
0
 40
0
 40
0.2
 40
0.2
 40
0.2
 40
0.2
 40
0.4
 40
0.4
 40
0.4
 40
0.4
 40
0.6
 40
0.6
 40
0.6
 40
0.6
 40
1
 40
1
 40
1
 40
1
 10
-9.591109999999986
 20
6.403629999999986
 30
0
 10
-9.444259999999986
 20
6.306159999999985
 30
0
 10
-9.339769999999987
 20
6.182319999999998
 30
0
 10
-9.259219999999999
 20
6.010299999999995
 30
0
 10
-9.259219999999999
 20
6.010299999999995
 30
0
 10
-9.204980000000006
 20
5.894469999999992
 30
0
 10
-9.198560000000015
 20
5.856489999999988
 30
0
 10
-9.198560000000015
 20
5.651409999999991
 30
0
 10
-9.198560000000015
 20
5.651409999999991
 30
0
 10
-9.198560000000015
 20
5.439639999999991
 30
0
 10
-9.203810000000004
 20
5.410989999999992
 30
0
 10
-9.267110000000002
 20
5.277399999999994
 30
0
 10
-9.267110000000002
 20
5.277399999999994
 30
0
 10
-9.352129999999988
 20
5.097909999999993
 30
0
 10
-9.479060000000004
 20
4.95243999999999
 30
0
 10
-9.550579999999997
 20
4.95243999999999
 30
0
  0
SPLINE
  5
1C2
100
AcDbEntity
  8
layer 1
  6
CONTINUOUS
 62
    1
370
    5
100
AcDbSpline
210
0
220
0
230
0
 70
    8
 71
    3
 72
   20
 73
   16
 74
    0
 42
1e-07
 43
1e-07
 40
0
 40
0
 40
0
 40
0
 40
0.2
 40
0.2
 40
0.2
 40
0.2
 40
0.4
 40
0.4
 40
0.4
 40
0.4
 40
0.6
 40
0.6
 40
0.6
 40
0.6
 40
1
 40
1
 40
1
 40
1
 10
-9.550579999999997
 20
4.95243999999999
 30
0
 10
-9.550579999999997
 20
4.95243999999999
 30
0
 10
-9.602659999999986
 20
4.95243999999999
 30
0
 10
-9.602659999999986
 20
4.95243999999999
 30
0
 10
-9.602659999999986
 20
4.95243999999999
 30
0
 10
-9.602659999999986
 20
4.95243999999999
 30
0
 10
-9.602659999999986
 20
5.232609999999988
 30
0
 10
-9.602659999999986
 20
5.232609999999988
 30
0
 10
-9.602659999999986
 20
5.232609999999988
 30
0
 10
-9.602659999999986
 20
5.232609999999988
 30
0
 10
-9.602659999999986
 20
5.512779999999986
 30
0
 10
-9.602659999999986
 20
5.512779999999986
 30
0
 10
-9.602659999999986
 20
5.512779999999986
 30
0
 10
-9.602659999999986
 20
5.512779999999986
 30
0
 10
-9.837050000000005
 20
5.694939999999997
 30
0
 10
-9.837050000000005
 20
5.694939999999997
 30
0
  0
SPLINE
  5
1C3
100
AcDbEntity
  8
layer 1
  6
CONTINUOUS
 62
    1
370
    5
100
AcDbSpline
210
0
220
0
230
0
 70
    8
 71
    3
 72
   12
 73
    8
 74
    0
 42
1e-07
 43
1e-07
 40
0
 40
0
 40
0
 40
0
 40
0.3333333
 40
0.3333333
 40
0.3333333
 40
0.3333333
 40
1
 40
1
 40
1
 40
1
 10
-9.837050000000005
 20
5.694939999999997
 30
0
 10
-9.965990000000005
 20
5.795139999999998
 30
0
 10
-10.08176
 20
5.877099999999992
 30
0
 10
-10.0943
 20
5.877099999999992
 30
0
 10
-10.0943
 20
5.877099999999992
 30
0
 10
-10.10686999999999
 20
5.877099999999992
 30
0
 10
-10.22228000000001
 20
5.794389999999987
 30
0
 10
-10.35083
 20
5.693259999999989
 30
0
  0
SPLINE
  5
1C4
100
AcDbEntity
  8
layer 1
  6
CONTINUOUS
 62
    1
370
    5
100
AcDbSpline
210
0
220
0
230
0
 70
    8
 71
    3
 72
   12
 73
    8
 74
    0
 42
1e-07
 43
1e-07
 40
0
 40
0
 40
0
 40
0
 40
0.3333333
 40
0.3333333
 40
0.3333333
 40
0.3333333
 40
1
 40
1
 40
1
 40
1
 10
-10.35083
 20
5.693259999999989
 30
0
 10
-10.35083
 20
5.693259999999989
 30
0
 10
-10.58449999999999
 20
5.509419999999986
 30
0
 10
-10.58449999999999
 20
5.509419999999986
 30
0
 10
-10.58449999999999
 20
5.509419999999986
 30
0
 10
-10.58449999999999
 20
5.509419999999986
 30
0
 10
-10.58503999999999
 20
5.230929999999995
 30
0
 10
-10.58503999999999
 20
5.230929999999995
 30
0
  0
SPLINE
  5
1C5
100
AcDbEntity
  8
layer 1
  6
CONTINUOUS
 62
    1
370
    5
100
AcDbSpline
210
0
220
0
230
0
 70
    8
 71
    3
 72
   12
 73
    8
 74
    0
 42
1e-07
 43
1e-07
 40
0
 40
0
 40
0
 40
0
 40
0.3333333
 40
0.3333333
 40
0.3333333
 40
0.3333333
 40
1
 40
1
 40
1
 40
1
 10
-10.58503999999999
 20
5.230929999999995
 30
0
 10
-10.58555000000001
 20
4.962129999999996
 30
0
 10
-10.5872
 20
4.95243999999999
 30
0
 10
-10.63177999999999
 20
4.95243999999999
 30
0
 10
-10.63177999999999
 20
4.95243999999999
 30
0
 10
-10.65725
 20
4.95243999999999
 30
0
 10
-10.71172999999999
 20
4.989190000000002
 30
0
 10
-10.75313
 20
5.034339999999994
 30
0
  0
SPLINE
  5
1C6
100
AcDbEntity
  8
layer 1
  6
CONTINUOUS
 62
    1
370
    5
100
AcDbSpline
210
0
220
0
230
0
 70
    8
 71
    3
 72
    8
 73
    4
 74
    0
 42
1e-07
 43
1e-07
 40
0
 40
0
 40
0
 40
0
 40
1
 40
1
 40
1
 40
1
 10
-10.75313
 20
5.034339999999994
 30
0
 10
-10.75313
 20
5.034339999999994
 30
0
 10
-10.75316000000001
 20
5.034339999999994
 30
0
 10
-10.75316000000001
 20
5.034339999999994
 30
0
  0
SPLINE
  5
1C7
100
AcDbEntity
  8
layer 1
  6
CONTINUOUS
 62
    1
370
    5
100
AcDbSpline
210
0
220
0
230
0
 70
    8
 71
    3
 72
   20
 73
   16
 74
    0
 42
1e-07
 43
1e-07
 40
0
 40
0
 40
0
 40
0
 40
0.2
 40
0.2
 40
0.2
 40
0.2
 40
0.4
 40
0.4
 40
0.4
 40
0.4
 40
0.6
 40
0.6
 40
0.6
 40
0.6
 40
1
 40
1
 40
1
 40
1
 10
-14.19395
 20
9.820149999999993
 30
0
 10
-14.19395
 20
9.820149999999993
 30
0
 10
-14.88629
 20
10.42404999999999
 30
0
 10
-14.88629
 20
10.42404999999999
 30
0
 10
-14.88629
 20
10.42404999999999
 30
0
 10
-14.88629
 20
10.42404999999999
 30
0
 10
-14.88746
 20
10.79373999999999
 30
0
 10
-14.88746
 20
10.79373999999999
 30
0
 10
-14.88746
 20
10.79373999999999
 30
0
 10
-14.88746
 20
10.79373999999999
 30
0
 10
-14.8886
 20
11.16343000000001
 30
0
 10
-14.8886
 20
11.16343000000001
 30
0
 10
-14.8886
 20
11.16343000000001
 30
0
 10
-14.8886
 20
11.16343000000001
 30
0
 10
-14.83946
 20
11.11905999999999
 30
0
 10
-14.83946
 20
11.11905999999999
 30
0
  0
SPLINE
  5
1C8
100
AcDbEntity
  8
layer 1
  6
CONTINUOUS
 62
    1
370
    5
100
AcDbSpline
210
0
220
0
230
0
 70
    8
 71
    3
 72
   56
 73
   52
 74
    0
 42
1e-07
 43
1e-07
 40
0
 40
0
 40
0
 40
0
 40
0.07142859999999999
 40
0.07142859999999999
 40
0.07142859999999999
 40
0.07142859999999999
 40
0.1428571
 40
0.1428571
 40
0.1428571
 40
0.1428571
 40
0.2142857
 40
0.2142857
 40
0.2142857
 40
0.2142857
 40
0.2857143
 40
0.2857143
 40
0.2857143
 40
0.2857143
 40
0.3571429
 40
0.3571429
 40
0.3571429
 40
0.3571429
 40
0.4285714
 40
0.4285714
 40
0.4285714
 40
0.4285714
 40
0.5
 40
0.5
 40
0.5
 40
0.5
 40
0.5714286
 40
0.5714286
 40
0.5714286
 40
0.5714286
 40
0.6428571
 40
0.6428571
 40
0.6428571
 40
0.6428571
 40
0.7142856999999999
 40
0.7142856999999999
 40
0.7142856999999999
 40
0.7142856999999999
 40
0.7857143
 40
0.7857143
 40
0.7857143
 40
0.7857143
 40
0.8571428999999999
 40
0.8571428999999999
 40
0.8571428999999999
 40
0.8571428999999999
 40
1
 40
1
 40
1
 40
1
 10
-14.83946
 20
11.11905999999999
 30
0
 10
-13.50890000000001
 20
9.918159999999995
 30
0
 10
-12.45785000000001
 20
9.019389999999996
 30
0
 10
-12.25655
 20
8.910459999999995
 30
0
 10
-12.25655
 20
8.910459999999995
 30
0
 10
-12.22051999999999
 20
8.890960000000002
 30
0
 10
-12.11732000000001
 20
8.86902999999999
 30
0
 10
-12.02719999999999
 20
8.861709999999997
 30
0
 10
-12.02719999999999
 20
8.861709999999997
 30
0
 10
-11.83382
 20
8.84601999999999
 30
0
 10
-11.72084000000001
 20
8.797119999999987
 30
0
 10
-11.60081
 20
8.677089999999987
 30
0
 10
-11.60081
 20
8.677089999999987
 30
0
 10
-11.48071999999999
 20
8.556999999999997
 30
0
 10
-11.43056000000001
 20
8.442489999999987
 30
0
 10
-11.42833999999999
 20
8.283459999999986
 30
0
 10
-11.42833999999999
 20
8.283459999999986
 30
0
 10
-11.42657
 20
8.156109999999993
 30
0
 10
-11.42824999999999
 20
8.152209999999991
 30
0
 10
-11.48680999999999
 20
8.14548999999999
 30
0
 10
-11.48680999999999
 20
8.14548999999999
 30
0
 10
-11.53457
 20
8.139999999999995
 30
0
 10
-11.57801000000001
 20
8.16603999999999
 30
0
 10
-11.69618
 20
8.271070000000003
 30
0
 10
-11.69618
 20
8.271070000000003
 30
0
 10
-11.7782
 20
8.343969999999993
 30
0
 10
-11.85598999999999
 20
8.403609999999995
 30
0
 10
-11.86903999999998
 20
8.403609999999995
 30
0
 10
-11.86903999999998
 20
8.403609999999995
 30
0
 10
-11.91274999999999
 20
8.403609999999995
 30
0
 10
-12.03281000000001
 20
8.286309999999995
 30
0
 10
-12.06292999999999
 20
8.214189999999997
 30
0
 10
-12.06292999999999
 20
8.214189999999997
 30
0
 10
-12.11491999999998
 20
8.089809999999995
 30
0
 10
-12.10163
 20
8.053239999999997
 30
0
 10
-11.94806
 20
7.898499999999994
 30
0
 10
-11.94806
 20
7.898499999999994
 30
0
 10
-11.80975999999998
 20
7.75915
 30
0
 10
-11.80544
 20
7.751619999999997
 30
0
 10
-11.84989999999999
 20
7.727859999999987
 30
0
 10
-11.84989999999999
 20
7.727859999999987
 30
0
 10
-11.87546
 20
7.714149999999998
 30
0
 10
-11.95778000000001
 20
7.697769999999986
 30
0
 10
-12.03278
 20
7.691439999999995
 30
0
 10
-12.03278
 20
7.691439999999995
 30
0
 10
-12.14489
 20
7.681959999999998
 30
0
 10
-12.18577999999999
 20
7.68837999999999
 30
0
 10
-12.26228
 20
7.727439999999996
 30
0
 10
-12.26228
 20
7.727439999999996
 30
0
 10
-12.4538
 20
7.825239999999988
 30
0
 10
-12.57659000000001
 20
8.033019999999988
 30
0
 10
-12.61009999999999
 20
8.316069999999991
 30
0
  0
SPLINE
  5
1C9
100
AcDbEntity
  8
layer 1
  6
CONTINUOUS
 62
    1
370
    5
100
AcDbSpline
210
0
220
0
230
0
 70
    8
 71
    3
 72
   12
 73
    8
 74
    0
 42
1e-07
 43
1e-07
 40
0
 40
0
 40
0
 40
0
 40
0.3333333
 40
0.3333333
 40
0.3333333
 40
0.3333333
 40
1
 40
1
 40
1
 40
1
 10
-12.61009999999999
 20
8.316069999999991
 30
0
 10
-12.61009999999999
 20
8.316069999999991
 30
0
 10
-12.62312
 20
8.425989999999993
 30
0
 10
-12.62312
 20
8.425989999999993
 30
0
 10
-12.62312
 20
8.425989999999993
 30
0
 10
-12.62312
 20
8.425989999999993
 30
0
 10
-13.06235000000001
 20
8.821120000000002
 30
0
 10
-13.06235000000001
 20
8.821120000000002
 30
0
  0
SPLINE
  5
1CA
100
AcDbEntity
  8
layer 1
  6
CONTINUOUS
 62
    1
370
    5
100
AcDbSpline
210
0
220
0
230
0
 70
    8
 71
    3
 72
    8
 73
    4
 74
    0
 42
1e-07
 43
1e-07
 40
0
 40
0
 40
0
 40
0
 40
1
 40
1
 40
1
 40
1
 10
-13.06235000000001
 20
8.821120000000002
 30
0
 10
-13.30394000000001
 20
9.038439999999989
 30
0
 10
-13.81316000000001
 20
9.487989999999991
 30
0
 10
-14.19395
 20
9.820149999999993
 30
0
  0
SPLINE
  5
1CB
100
AcDbEntity
  8
layer 1
  6
CONTINUOUS
 62
    1
370
    5
100
AcDbSpline
210
0
220
0
230
0
 70
    8
 71
    3
 72
   16
 73
   12
 74
    0
 42
1e-07
 43
1e-07
 40
0
 40
0
 40
0
 40
0
 40
0.25
 40
0.25
 40
0.25
 40
0.25
 40
0.5
 40
0.5
 40
0.5
 40
0.5
 40
1
 40
1
 40
1
 40
1
 10
-13.47074000000001
 20
8.070069999999996
 30
0
 10
-13.69886
 20
8.289009999999999
 30
0
 10
-13.75060999999999
 20
8.364519999999994
 30
0
 10
-13.70792
 20
8.415940000000001
 30
0
 10
-13.70792
 20
8.415940000000001
 30
0
 10
-13.69475
 20
8.431839999999989
 30
0
 10
-13.61837
 20
8.466399999999988
 30
0
 10
-13.53818000000001
 20
8.492739999999992
 30
0
 10
-13.53818000000001
 20
8.492739999999992
 30
0
 10
-13.45799
 20
8.519079999999997
 30
0
 10
-13.34558000000001
 20
8.574610000000002
 30
0
 10
-13.2884
 20
8.616129999999993
 30
0
  0
SPLINE
  5
1CC
100
AcDbEntity
  8
layer 1
  6
CONTINUOUS
 62
    1
370
    5
100
AcDbSpline
210
0
220
0
230
0
 70
    8
 71
    3
 72
   12
 73
    8
 74
    0
 42
1e-07
 43
1e-07
 40
0
 40
0
 40
0
 40
0
 40
0.3333333
 40
0.3333333
 40
0.3333333
 40
0.3333333
 40
1
 40
1
 40
1
 40
1
 10
-13.2884
 20
8.616129999999993
 30
0
 10
-13.2884
 20
8.616129999999993
 30
0
 10
-13.18441999999999
 20
8.691640000000001
 30
0
 10
-13.18441999999999
 20
8.691640000000001
 30
0
 10
-13.18441999999999
 20
8.691640000000001
 30
0
 10
-13.18441999999999
 20
8.691640000000001
 30
0
 10
-13.03721000000002
 20
8.560749999999993
 30
0
 10
-13.03721000000002
 20
8.560749999999993
 30
0
  0
SPLINE
  5
1CD
100
AcDbEntity
  8
layer 1
  6
CONTINUOUS
 62
    1
370
    5
100
AcDbSpline
210
0
220
0
230
0
 70
    8
 71
    3
 72
    8
 73
    4
 74
    0
 42
1e-07
 43
1e-07
 40
0
 40
0
 40
0
 40
0
 40
1
 40
1
 40
1
 40
1
 10
-13.03721000000002
 20
8.560749999999993
 30
0
 10
-12.95624000000001
 20
8.488779999999986
 30
0
 10
-12.86597
 20
8.404089999999991
 30
0
 10
-12.83656999999999
 20
8.372529999999992
 30
0
  0
SPLINE
  5
1CE
100
AcDbEntity
  8
layer 1
  6
CONTINUOUS
 62
    1
370
    5
100
AcDbSpline
210
0
220
0
230
0
 70
    8
 71
    3
 72
   12
 73
    8
 74
    0
 42
1e-07
 43
1e-07
 40
0
 40
0
 40
0
 40
0
 40
0.3333333
 40
0.3333333
 40
0.3333333
 40
0.3333333
 40
1
 40
1
 40
1
 40
1
 10
-12.83656999999999
 20
8.372529999999992
 30
0
 10
-12.83656999999999
 20
8.372529999999992
 30
0
 10
-12.78314
 20
8.315199999999999
 30
0
 10
-12.78314
 20
8.315199999999999
 30
0
 10
-12.78314
 20
8.315199999999999
 30
0
 10
-12.78314
 20
8.315199999999999
 30
0
 10
-12.92603
 20
8.179179999999997
 30
0
 10
-12.92603
 20
8.179179999999997
 30
0
  0
SPLINE
  5
1CF
100
AcDbEntity
  8
layer 1
  6
CONTINUOUS
 62
    1
370
    5
100
AcDbSpline
210
0
220
0
230
0
 70
    8
 71
    3
 72
   16
 73
   12
 74
    0
 42
1e-07
 43
1e-07
 40
0
 40
0
 40
0
 40
0
 40
0.25
 40
0.25
 40
0.25
 40
0.25
 40
0.5
 40
0.5
 40
0.5
 40
0.5
 40
1
 40
1
 40
1
 40
1
 10
-12.92603
 20
8.179179999999997
 30
0
 10
-13.00462999999999
 20
8.104359999999994
 30
0
 10
-13.08529999999999
 20
8.011509999999996
 30
0
 10
-13.10527999999999
 20
7.97284
 30
0
 10
-13.10527999999999
 20
7.97284
 30
0
 10
-13.13675000000001
 20
7.911999999999987
 30
0
 10
-13.19920999999999
 20
7.857519999999989
 30
0
 10
-13.23751999999999
 20
7.857519999999989
 30
0
 10
-13.23751999999999
 20
7.857519999999989
 30
0
 10
-13.244
 20
7.857519999999989
 30
0
 10
-13.34894
 20
7.953159999999992
 30
0
 10
-13.47074000000001
 20
8.070069999999996
 30
0
  0
SPLINE
  5
1D0
100
AcDbEntity
  8
layer 1
  6
CONTINUOUS
 62
    1
370
    5
100
AcDbSpline
210
0
220
0
230
0
 70
    8
 71
    3
 72
   20
 73
   16
 74
    0
 42
1e-07
 43
1e-07
 40
0
 40
0
 40
0
 40
0
 40
0.2
 40
0.2
 40
0.2
 40
0.2
 40
0.4
 40
0.4
 40
0.4
 40
0.4
 40
0.6
 40
0.6
 40
0.6
 40
0.6
 40
1
 40
1
 40
1
 40
1
 10
-12.07024999999999
 20
9.054910000000001
 30
0
 10
-12.14696000000001
 20
9.060399999999996
 30
0
 10
-12.19904
 20
9.084969999999993
 30
0
 10
-12.31345999999999
 20
9.169809999999993
 30
0
 10
-12.31345999999999
 20
9.169809999999993
 30
0
 10
-12.53023999999999
 20
9.330489999999992
 30
0
 10
-12.52760000000001
 20
9.316989999999999
 30
0
 10
-12.37111999999999
 20
9.466269999999989
 30
0
 10
-12.37111999999999
 20
9.466269999999989
 30
0
 10
-12.18209000000002
 20
9.646600000000001
 30
0
 10
-11.8835
 20
9.891699999999995
 30
0
 10
-11.51797999999999
 20
10.16652999999998
 30
0
 10
-11.51797999999999
 20
10.16652999999998
 30
0
 10
-11.34755000000001
 20
10.29465999999998
 30
0
 10
-11.12774000000002
 20
10.46635
 30
0
 10
-11.02951999999999
 20
10.54803999999999
 30
0
  0
SPLINE
  5
1D1
100
AcDbEntity
  8
layer 1
  6
CONTINUOUS
 62
    1
370
    5
100
AcDbSpline
210
0
220
0
230
0
 70
    8
 71
    3
 72
   12
 73
    8
 74
    0
 42
1e-07
 43
1e-07
 40
0
 40
0
 40
0
 40
0
 40
0.3333333
 40
0.3333333
 40
0.3333333
 40
0.3333333
 40
1
 40
1
 40
1
 40
1
 10
-11.02951999999999
 20
10.54803999999999
 30
0
 10
-11.02951999999999
 20
10.54803999999999
 30
0
 10
-10.85093000000001
 20
10.69656999999999
 30
0
 10
-10.85093000000001
 20
10.69656999999999
 30
0
 10
-10.85093000000001
 20
10.69656999999999
 30
0
 10
-10.85093000000001
 20
10.69656999999999
 30
0
 10
-10.80700999999999
 20
10.62585999999999
 30
0
 10
-10.80700999999999
 20
10.62585999999999
 30
0
  0
SPLINE
  5
1D2
100
AcDbEntity
  8
layer 1
  6
CONTINUOUS
 62
    1
370
    5
100
AcDbSpline
210
0
220
0
230
0
 70
    8
 71
    3
 72
    8
 73
    4
 74
    0
 42
1e-07
 43
1e-07
 40
0
 40
0
 40
0
 40
0
 40
1
 40
1
 40
1
 40
1
 10
-10.80700999999999
 20
10.62585999999999
 30
0
 10
-10.78286
 20
10.58694999999999
 30
0
 10
-10.72457
 20
10.51764999999999
 30
0
 10
-10.67750000000001
 20
10.47186999999999
 30
0
  0
SPLINE
  5
1D3
100
AcDbEntity
  8
layer 1
  6
CONTINUOUS
 62
    1
370
    5
100
AcDbSpline
210
0
220
0
230
0
 70
    8
 71
    3
 72
   12
 73
    8
 74
    0
 42
1e-07
 43
1e-07
 40
0
 40
0
 40
0
 40
0
 40
0.3333333
 40
0.3333333
 40
0.3333333
 40
0.3333333
 40
1
 40
1
 40
1
 40
1
 10
-10.67750000000001
 20
10.47186999999999
 30
0
 10
-10.67750000000001
 20
10.47186999999999
 30
0
 10
-10.59193999999999
 20
10.38864999999999
 30
0
 10
-10.59193999999999
 20
10.38864999999999
 30
0
 10
-10.59193999999999
 20
10.38864999999999
 30
0
 10
-10.59193999999999
 20
10.38864999999999
 30
0
 10
-11.15209999999999
 20
9.827529999999991
 30
0
 10
-11.15209999999999
 20
9.827529999999991
 30
0
  0
SPLINE
  5
1D4
100
AcDbEntity
  8
layer 1
  6
CONTINUOUS
 62
    1
370
    5
100
AcDbSpline
210
0
220
0
230
0
 70
    8
 71
    3
 72
   12
 73
    8
 74
    0
 42
1e-07
 43
1e-07
 40
0
 40
0
 40
0
 40
0
 40
0.3333333
 40
0.3333333
 40
0.3333333
 40
0.3333333
 40
1
 40
1
 40
1
 40
1
 10
-11.15209999999999
 20
9.827529999999991
 30
0
 10
-11.46019999999999
 20
9.518889999999994
 30
0
 10
-11.77085
 20
9.217239999999999
 30
0
 10
-11.84243000000001
 20
9.157180000000006
 30
0
 10
-11.84243000000001
 20
9.157180000000006
 30
0
 10
-11.96191999999999
 20
9.056949999999995
 30
0
 10
-11.98063999999999
 20
9.048550000000001
 30
0
 10
-12.07024999999999
 20
9.054910000000001
 30
0
  0
SPLINE
  5
1D5
100
AcDbEntity
  8
layer 1
  6
CONTINUOUS
 62
    1
370
    5
100
AcDbSpline
210
0
220
0
230
0
 70
    8
 71
    3
 72
   68
 73
   64
 74
    0
 42
1e-07
 43
1e-07
 40
0
 40
0
 40
0
 40
0
 40
0.0588235
 40
0.0588235
 40
0.0588235
 40
0.0588235
 40
0.1176471
 40
0.1176471
 40
0.1176471
 40
0.1176471
 40
0.1764706
 40
0.1764706
 40
0.1764706
 40
0.1764706
 40
0.2352941
 40
0.2352941
 40
0.2352941
 40
0.2352941
 40
0.2941176
 40
0.2941176
 40
0.2941176
 40
0.2941176
 40
0.3529412
 40
0.3529412
 40
0.3529412
 40
0.3529412
 40
0.4117647
 40
0.4117647
 40
0.4117647
 40
0.4117647
 40
0.4705882
 40
0.4705882
 40
0.4705882
 40
0.4705882
 40
0.5294118
 40
0.5294118
 40
0.5294118
 40
0.5294118
 40
0.5882353
 40
0.5882353
 40
0.5882353
 40
0.5882353
 40
0.6470587999999999
 40
0.6470587999999999
 40
0.6470587999999999
 40
0.6470587999999999
 40
0.7058824
 40
0.7058824
 40
0.7058824
 40
0.7058824
 40
0.7647058999999999
 40
0.7647058999999999
 40
0.7647058999999999
 40
0.7647058999999999
 40
0.8235294
 40
0.8235294
 40
0.8235294
 40
0.8235294
 40
0.8823529
 40
0.8823529
 40
0.8823529
 40
0.8823529
 40
1
 40
1
 40
1
 40
1
 10
-8.346349999999999
 20
10.84452999999998
 30
0
 10
-8.409590000000007
 20
11.01558999999999
 30
0
 10
-8.526289999999987
 20
11.21115999999999
 30
0
 10
-8.638730000000008
 20
11.33449
 30
0
 10
-8.638730000000008
 20
11.33449
 30
0
 10
-8.697020000000007
 20
11.39838999999998
 30
0
 10
-8.751229999999991
 20
11.47149999999998
 30
0
 10
-8.759209999999994
 20
11.49694
 30
0
 10
-8.759209999999994
 20
11.49694
 30
0
 10
-8.767220000000007
 20
11.52237999999999
 30
0
 10
-8.792689999999991
 20
11.56035999999999
 30
0
 10
-8.81585000000001
 20
11.58132999999999
 30
0
 10
-8.81585000000001
 20
11.58132999999999
 30
0
 10
-8.856109999999999
 20
11.61774999999999
 30
0
 10
-8.865110000000014
 20
11.61645999999998
 30
0
 10
-9.021289999999992
 20
11.55142
 30
0
 10
-9.021289999999992
 20
11.55142
 30
0
 10
-9.111109999999995
 20
11.51404
 30
0
 10
-9.206029999999997
 20
11.48343999999999
 30
0
 10
-9.232190000000001
 20
11.48343999999999
 30
0
 10
-9.232190000000001
 20
11.48343999999999
 30
0
 10
-9.282080000000006
 20
11.48343999999999
 30
0
 10
-9.424069999999999
 20
11.37747999999998
 30
0
 10
-9.788299999999991
 20
11.06841999999999
 30
0
 10
-9.788299999999991
 20
11.06841999999999
 30
0
 10
-9.908659999999996
 20
10.9663
 30
0
 10
-10.02397999999999
 20
10.86949
 30
0
 10
-10.04459
 20
10.85326
 30
0
 10
-10.04459
 20
10.85326
 30
0
 10
-10.07750000000001
 20
10.82736999999999
 30
0
 10
-10.0967
 20
10.83628
 30
0
 10
-10.20275000000001
 20
10.92690999999999
 30
0
 10
-10.20275000000001
 20
10.92690999999999
 30
0
 10
-10.30184
 20
11.01153999999999
 30
0
 10
-10.32346999999999
 20
11.04240999999998
 30
0
 10
-10.32346999999999
 20
11.09892999999999
 30
0
 10
-10.32346999999999
 20
11.09892999999999
 30
0
 10
-10.32346999999999
 20
11.15748999999999
 30
0
 10
-10.29965000000001
 20
11.18805999999998
 30
0
 10
-10.16410999999999
 20
11.30347
 30
0
 10
-10.16410999999999
 20
11.30347
 30
0
 10
-10.00556
 20
11.43843999999999
 30
0
 10
-9.634340000000007
 20
11.81671
 30
0
 10
-9.498919999999996
 20
11.98131999999999
 30
0
 10
-9.498919999999996
 20
11.98131999999999
 30
0
 10
-9.413479999999991
 20
12.08511999999999
 30
0
 10
-9.405740000000007
 20
12.18831999999999
 30
0
 10
-9.472909999999983
 20
12.32709999999999
 30
0
 10
-9.472909999999983
 20
12.32709999999999
 30
0
 10
-9.505580000000007
 20
12.39456999999999
 30
0
 10
-9.543380000000012
 20
12.43239999999999
 30
0
 10
-9.610880000000007
 20
12.46507
 30
0
 10
-9.610880000000007
 20
12.46507
 30
0
 10
-9.662000000000004
 20
12.48978999999999
 30
0
 10
-9.713840000000003
 20
12.51003999999999
 30
0
 10
-9.726049999999985
 20
12.51003999999999
 30
0
 10
-9.726049999999985
 20
12.51003999999999
 30
0
 10
-9.761480000000004
 20
12.51003999999999
 30
0
 10
-9.908479999999996
 20
12.73752999999999
 30
0
 10
-9.908479999999996
 20
12.79233999999999
 30
0
 10
-9.908479999999996
 20
12.79233999999999
 30
0
 10
-9.908479999999996
 20
12.86292999999998
 30
0
 10
-9.781219999999989
 20
12.98115999999999
 30
0
 10
-9.669080000000006
 20
13.01476
 30
0
  0
SPLINE
  5
1D6
100
AcDbEntity
  8
layer 1
  6
CONTINUOUS
 62
    1
370
    5
100
AcDbSpline
210
0
220
0
230
0
 70
    8
 71
    3
 72
   12
 73
    8
 74
    0
 42
1e-07
 43
1e-07
 40
0
 40
0
 40
0
 40
0
 40
0.3333333
 40
0.3333333
 40
0.3333333
 40
0.3333333
 40
1
 40
1
 40
1
 40
1
 10
-9.669080000000006
 20
13.01476
 30
0
 10
-9.669080000000006
 20
13.01476
 30
0
 10
-9.573859999999994
 20
13.04329
 30
0
 10
-9.573859999999994
 20
13.04329
 30
0
 10
-9.573859999999994
 20
13.04329
 30
0
 10
-9.573859999999994
 20
13.04329
 30
0
 10
-9.470059999999988
 20
12.92553999999999
 30
0
 10
-9.470059999999988
 20
12.92553999999999
 30
0
  0
SPLINE
  5
1D7
100
AcDbEntity
  8
layer 1
  6
CONTINUOUS
 62
    1
370
    5
100
AcDbSpline
210
0
220
0
230
0
 70
    8
 71
    3
 72
   36
 73
   32
 74
    0
 42
1e-07
 43
1e-07
 40
0
 40
0
 40
0
 40
0
 40
0.1111111
 40
0.1111111
 40
0.1111111
 40
0.1111111
 40
0.2222222
 40
0.2222222
 40
0.2222222
 40
0.2222222
 40
0.3333333
 40
0.3333333
 40
0.3333333
 40
0.3333333
 40
0.4444444
 40
0.4444444
 40
0.4444444
 40
0.4444444
 40
0.5555555999999999
 40
0.5555555999999999
 40
0.5555555999999999
 40
0.5555555999999999
 40
0.6666666999999999
 40
0.6666666999999999
 40
0.6666666999999999
 40
0.6666666999999999
 40
0.7777778
 40
0.7777778
 40
0.7777778
 40
0.7777778
 40
1
 40
1
 40
1
 40
1
 10
-9.470059999999988
 20
12.92553999999999
 30
0
 10
-9.41293999999999
 20
12.86077
 30
0
 10
-9.361159999999982
 20
12.78255999999998
 30
0
 10
-9.35498000000001
 20
12.75174999999999
 30
0
 10
-9.35498000000001
 20
12.75174999999999
 30
0
 10
-9.34877
 20
12.72094
 30
0
 10
-9.320539999999992
 20
12.66133
 30
0
 10
-9.292190000000003
 20
12.61926999999999
 30
0
 10
-9.292190000000003
 20
12.61926999999999
 30
0
 10
-9.24893
 20
12.55509999999999
 30
0
 10
-9.224539999999989
 20
12.54094
 30
0
 10
-9.140270000000013
 20
12.53115999999999
 30
0
 10
-9.140270000000013
 20
12.53115999999999
 30
0
 10
-8.999419999999985
 20
12.51483999999999
 30
0
 10
-8.877379999999986
 20
12.42210999999999
 30
0
 10
-8.753990000000014
 20
12.23760999999998
 30
0
 10
-8.753990000000014
 20
12.23760999999998
 30
0
 10
-8.626789999999998
 20
12.04740999999999
 30
0
 10
-8.42891
 20
11.66103999999999
 30
0
 10
-8.346650000000009
 20
11.44224999999999
 30
0
 10
-8.346650000000009
 20
11.44224999999999
 30
0
 10
-8.272580000000003
 20
11.24517999999999
 30
0
 10
-8.141330000000009
 20
10.76776
 30
0
 10
-8.156990000000006
 20
10.75212999999999
 30
0
 10
-8.156990000000006
 20
10.75212999999999
 30
0
 10
-8.163200000000016
 20
10.74588999999999
 30
0
 10
-8.19973999999999
 20
10.74079
 30
0
 10
-8.238169999999995
 20
10.74079
 30
0
 10
-8.238169999999995
 20
10.74079
 30
0
 10
-8.301530000000012
 20
10.74079
 30
0
 10
-8.311550000000009
 20
10.75036
 30
0
 10
-8.346349999999999
 20
10.84452999999998
 30
0
  0
SPLINE
  5
1D8
100
AcDbEntity
  8
layer 1
  6
CONTINUOUS
 62
    1
370
    5
100
AcDbSpline
210
0
220
0
230
0
 70
    8
 71
    3
 72
   20
 73
   16
 74
    0
 42
1e-07
 43
1e-07
 40
0
 40
0
 40
0
 40
0
 40
0.2
 40
0.2
 40
0.2
 40
0.2
 40
0.4
 40
0.4
 40
0.4
 40
0.4
 40
0.6
 40
0.6
 40
0.6
 40
0.6
 40
1
 40
1
 40
1
 40
1
 10
-15.48448999999999
 20
11.72223999999999
 30
0
 10
-15.48448999999999
 20
11.72223999999999
 30
0
 10
-15.4118
 20
11.64432999999999
 30
0
 10
-15.4118
 20
11.64432999999999
 30
0
 10
-15.4118
 20
11.64432999999999
 30
0
 10
-15.4118
 20
11.64432999999999
 30
0
 10
-15.41776999999999
 20
11.26819
 30
0
 10
-15.41776999999999
 20
11.26819
 30
0
 10
-15.41776999999999
 20
11.26819
 30
0
 10
-15.41776999999999
 20
11.26819
 30
0
 10
-15.42376999999999
 20
10.89207999999998
 30
0
 10
-15.42376999999999
 20
10.89207999999998
 30
0
 10
-15.42376999999999
 20
10.89207999999998
 30
0
 10
-15.42376999999999
 20
10.89207999999998
 30
0
 10
-15.6968
 20
11.12466999999998
 30
0
 10
-15.6968
 20
11.12466999999998
 30
0
  0
SPLINE
  5
1D9
100
AcDbEntity
  8
layer 1
  6
CONTINUOUS
 62
    1
370
    5
100
AcDbSpline
210
0
220
0
230
0
 70
    8
 71
    3
 72
   16
 73
   12
 74
    0
 42
1e-07
 43
1e-07
 40
0
 40
0
 40
0
 40
0
 40
0.25
 40
0.25
 40
0.25
 40
0.25
 40
0.5
 40
0.5
 40
0.5
 40
0.5
 40
1
 40
1
 40
1
 40
1
 10
-15.6968
 20
11.12466999999998
 30
0
 10
-16.07156000000001
 20
11.44389999999999
 30
0
 10
-16.04297
 20
11.42883999999999
 30
0
 10
-16.27468999999999
 20
11.42883999999999
 30
0
 10
-16.27468999999999
 20
11.42883999999999
 30
0
 10
-16.45186999999999
 20
11.42883999999999
 30
0
 10
-16.48298
 20
11.43513999999998
 30
0
 10
-16.57660999999999
 20
11.49018999999999
 30
0
 10
-16.57660999999999
 20
11.49018999999999
 30
0
 10
-16.73324
 20
11.58226000000001
 30
0
 10
-16.83922999999999
 20
11.75367999999999
 30
0
 10
-16.85066
 20
11.93343999999998
 30
0
  0
SPLINE
  5
1DA
100
AcDbEntity
  8
layer 1
  6
CONTINUOUS
 62
    1
370
    5
100
AcDbSpline
210
0
220
0
230
0
 70
    8
 71
    3
 72
   12
 73
    8
 74
    0
 42
1e-07
 43
1e-07
 40
0
 40
0
 40
0
 40
0
 40
0.3333333
 40
0.3333333
 40
0.3333333
 40
0.3333333
 40
1
 40
1
 40
1
 40
1
 10
-16.85066
 20
11.93343999999998
 30
0
 10
-16.85066
 20
11.93343999999998
 30
0
 10
-16.85956999999999
 20
12.07320999999999
 30
0
 10
-16.85956999999999
 20
12.07320999999999
 30
0
 10
-16.85956999999999
 20
12.07320999999999
 30
0
 10
-16.85956999999999
 20
12.07320999999999
 30
0
 10
-16.77803
 20
12.07320999999999
 30
0
 10
-16.77803
 20
12.07320999999999
 30
0
  0
SPLINE
  5
1DB
100
AcDbEntity
  8
layer 1
  6
CONTINUOUS
 62
    1
370
    5
100
AcDbSpline
210
0
220
0
230
0
 70
    8
 71
    3
 72
    8
 73
    4
 74
    0
 42
1e-07
 43
1e-07
 40
0
 40
0
 40
0
 40
0
 40
1
 40
1
 40
1
 40
1
 10
-16.77803
 20
12.07320999999999
 30
0
 10
-16.70945
 20
12.07320999999999
 30
0
 10
-16.67323999999999
 20
12.05256999999999
 30
0
 10
-16.55000000000001
 20
11.94330999999999
 30
0
  0
SPLINE
  5
1DC
100
AcDbEntity
  8
layer 1
  6
CONTINUOUS
 62
    1
370
    5
100
AcDbSpline
210
0
220
0
230
0
 70
    8
 71
    3
 72
   12
 73
    8
 74
    0
 42
1e-07
 43
1e-07
 40
0
 40
0
 40
0
 40
0
 40
0.3333333
 40
0.3333333
 40
0.3333333
 40
0.3333333
 40
1
 40
1
 40
1
 40
1
 10
-16.55000000000001
 20
11.94330999999999
 30
0
 10
-16.55000000000001
 20
11.94330999999999
 30
0
 10
-16.40348
 20
11.81340999999999
 30
0
 10
-16.40348
 20
11.81340999999999
 30
0
 10
-16.40348
 20
11.81340999999999
 30
0
 10
-16.40348
 20
11.81340999999999
 30
0
 10
-16.33528999999999
 20
11.8549
 30
0
 10
-16.33528999999999
 20
11.8549
 30
0
  0
SPLINE
  5
1DD
100
AcDbEntity
  8
layer 1
  6
CONTINUOUS
 62
    1
370
    5
100
AcDbSpline
210
0
220
0
230
0
 70
    8
 71
    3
 72
   12
 73
    8
 74
    0
 42
1e-07
 43
1e-07
 40
0
 40
0
 40
0
 40
0
 40
0.3333333
 40
0.3333333
 40
0.3333333
 40
0.3333333
 40
1
 40
1
 40
1
 40
1
 10
-16.33528999999999
 20
11.8549
 30
0
 10
-16.25021000000001
 20
11.90665
 30
0
 10
-16.20086000000001
 20
11.98042
 30
0
 10
-16.18468999999999
 20
12.08013999999999
 30
0
 10
-16.18468999999999
 20
12.08013999999999
 30
0
 10
-16.17277999999999
 20
12.15354999999999
 30
0
 10
-16.18037000000001
 20
12.16503999999999
 30
0
 10
-16.34405000000001
 20
12.32109999999999
 30
0
  0
SPLINE
  5
1DE
100
AcDbEntity
  8
layer 1
  6
CONTINUOUS
 62
    1
370
    5
100
AcDbSpline
210
0
220
0
230
0
 70
    8
 71
    3
 72
   12
 73
    8
 74
    0
 42
1e-07
 43
1e-07
 40
0
 40
0
 40
0
 40
0
 40
0.3333333
 40
0.3333333
 40
0.3333333
 40
0.3333333
 40
1
 40
1
 40
1
 40
1
 10
-16.34405000000001
 20
12.32109999999999
 30
0
 10
-16.34405000000001
 20
12.32109999999999
 30
0
 10
-16.51591999999999
 20
12.48495999999999
 30
0
 10
-16.51591999999999
 20
12.48495999999999
 30
0
 10
-16.51591999999999
 20
12.48495999999999
 30
0
 10
-16.51591999999999
 20
12.48495999999999
 30
0
 10
-16.45036999999999
 20
12.51084999999999
 30
0
 10
-16.45036999999999
 20
12.51084999999999
 30
0
  0
SPLINE
  5
1DF
100
AcDbEntity
  8
layer 1
  6
CONTINUOUS
 62
    1
370
    5
100
AcDbSpline
210
0
220
0
230
0
 70
    8
 71
    3
 72
   16
 73
   12
 74
    0
 42
1e-07
 43
1e-07
 40
0
 40
0
 40
0
 40
0
 40
0.25
 40
0.25
 40
0.25
 40
0.25
 40
0.5
 40
0.5
 40
0.5
 40
0.5
 40
1
 40
1
 40
1
 40
1
 10
-16.45036999999999
 20
12.51084999999999
 30
0
 10
-16.34066000000001
 20
12.55422999999998
 30
0
 10
-16.11439999999999
 20
12.54421
 30
0
 10
-16.00193000000002
 20
12.49102
 30
0
 10
-16.00193000000002
 20
12.49102
 30
0
 10
-15.77557999999999
 20
12.38395
 30
0
 10
-15.67166
 20
12.24792999999999
 30
0
 10
-15.63305
 20
12.00810999999999
 30
0
 10
-15.63305
 20
12.00810999999999
 30
0
 10
-15.60998000000001
 20
11.86482999999999
 30
0
 10
-15.60047
 20
11.84652999999999
 30
0
 10
-15.48448999999999
 20
11.72223999999999
 30
0
  0
SPLINE
  5
1E0
100
AcDbEntity
  8
layer 1
  6
CONTINUOUS
 62
    1
370
    5
100
AcDbSpline
210
0
220
0
230
0
 70
    8
 71
    3
 72
    8
 73
    4
 74
    0
 42
1e-07
 43
1e-07
 40
0
 40
0
 40
0
 40
0
 40
1
 40
1
 40
1
 40
1
 10
-16.69997000000001
 20
18.36859000000002
 30
0
 10
-16.69997000000001
 20
18.36859000000002
 30
0
 10
-16.92464000000001
 20
18.24964
 30
0
 10
-16.92464000000001
 20
18.24964
 30
0
  0
SPLINE
  5
1E1
100
AcDbEntity
  8
layer 1
  6
CONTINUOUS
 62
    1
370
    5
100
AcDbSpline
210
0
220
0
230
0
 70
    8
 71
    3
 72
   24
 73
   20
 74
    0
 42
1e-07
 43
1e-07
 40
0
 40
0
 40
0
 40
0
 40
0.1666667
 40
0.1666667
 40
0.1666667
 40
0.1666667
 40
0.3333333
 40
0.3333333
 40
0.3333333
 40
0.3333333
 40
0.5
 40
0.5
 40
0.5
 40
0.5
 40
0.6666666999999999
 40
0.6666666999999999
 40
0.6666666999999999
 40
0.6666666999999999
 40
1
 40
1
 40
1
 40
1
 10
-16.92464000000001
 20
18.24964
 30
0
 10
-17.14052000000001
 20
18.13537000000001
 30
0
 10
-17.64082999999999
 20
17.84188
 30
0
 10
-17.64082999999999
 20
17.82952
 30
0
 10
-17.64082999999999
 20
17.82952
 30
0
 10
-17.64082999999999
 20
17.82625
 30
0
 10
-17.54275999999999
 20
17.74162000000001
 30
0
 10
-17.42293999999998
 20
17.64144999999998
 30
0
 10
-17.42293999999998
 20
17.64144999999998
 30
0
 10
-17.18195
 20
17.44002999999999
 30
0
 10
-17.14297999999999
 20
17.37679
 30
0
 10
-17.19049999999999
 20
17.2645
 30
0
 10
-17.19049999999999
 20
17.2645
 30
0
 10
-17.23438999999999
 20
17.16087999999999
 30
0
 10
-17.30411
 20
17.10898
 30
0
 10
-17.39950999999999
 20
17.10898
 30
0
 10
-17.39950999999999
 20
17.10898
 30
0
 10
-17.46755000000002
 20
17.10898
 30
0
 10
-17.53742
 20
17.14552
 30
0
 10
-17.79041
 20
17.31334
 30
0
  0
SPLINE
  5
1E2
100
AcDbEntity
  8
layer 1
  6
CONTINUOUS
 62
    1
370
    5
100
AcDbSpline
210
0
220
0
230
0
 70
    8
 71
    3
 72
   12
 73
    8
 74
    0
 42
1e-07
 43
1e-07
 40
0
 40
0
 40
0
 40
0
 40
0.3333333
 40
0.3333333
 40
0.3333333
 40
0.3333333
 40
1
 40
1
 40
1
 40
1
 10
-17.79041
 20
17.31334
 30
0
 10
-17.79041
 20
17.31334
 30
0
 10
-18.09848
 20
17.51767
 30
0
 10
-18.09848
 20
17.51767
 30
0
 10
-18.09848
 20
17.51767
 30
0
 10
-18.09848
 20
17.51767
 30
0
 10
-18.30104
 20
17.35803999999998
 30
0
 10
-18.30104
 20
17.35803999999998
 30
0
  0
SPLINE
  5
1E3
100
AcDbEntity
  8
layer 1
  6
CONTINUOUS
 62
    1
370
    5
100
AcDbSpline
210
0
220
0
230
0
 70
    8
 71
    3
 72
   24
 73
   20
 74
    0
 42
1e-07
 43
1e-07
 40
0
 40
0
 40
0
 40
0
 40
0.1666667
 40
0.1666667
 40
0.1666667
 40
0.1666667
 40
0.3333333
 40
0.3333333
 40
0.3333333
 40
0.3333333
 40
0.5
 40
0.5
 40
0.5
 40
0.5
 40
0.6666666999999999
 40
0.6666666999999999
 40
0.6666666999999999
 40
0.6666666999999999
 40
1
 40
1
 40
1
 40
1
 10
-18.30104
 20
17.35803999999998
 30
0
 10
-18.55978999999999
 20
17.15415999999999
 30
0
 10
-18.90770000000001
 20
16.85223999999999
 30
0
 10
-18.90770000000001
 20
16.83157
 30
0
 10
-18.90770000000001
 20
16.83157
 30
0
 10
-18.90770000000001
 20
16.82284
 30
0
 10
-18.81184999999999
 20
16.75972
 30
0
 10
-18.69472999999999
 20
16.69135
 30
0
 10
-18.69472999999999
 20
16.69135
 30
0
 10
-18.57760999999999
 20
16.62297999999999
 30
0
 10
-18.46342999999998
 20
16.55113
 30
0
 10
-18.44102000000001
 20
16.53172000000001
 30
0
 10
-18.44102000000001
 20
16.53172000000001
 30
0
 10
-18.30095
 20
16.41031000000001
 30
0
 10
-18.40358000000001
 20
16.15782999999999
 30
0
 10
-18.59299999999999
 20
16.15782999999999
 30
0
 10
-18.59299999999999
 20
16.15782999999999
 30
0
 10
-18.63467
 20
16.15782999999999
 30
0
 10
-18.80323999999999
 20
16.21836999999999
 30
0
 10
-18.98869999999999
 20
16.29993999999999
 30
0
  0
SPLINE
  5
1E4
100
AcDbEntity
  8
layer 1
  6
CONTINUOUS
 62
    1
370
    5
100
AcDbSpline
210
0
220
0
230
0
 70
    8
 71
    3
 72
   12
 73
    8
 74
    0
 42
1e-07
 43
1e-07
 40
0
 40
0
 40
0
 40
0
 40
0.3333333
 40
0.3333333
 40
0.3333333
 40
0.3333333
 40
1
 40
1
 40
1
 40
1
 10
-18.98869999999999
 20
16.29993999999999
 30
0
 10
-18.98869999999999
 20
16.29993999999999
 30
0
 10
-19.31180000000001
 20
16.44202
 30
0
 10
-19.31180000000001
 20
16.44202
 30
0
 10
-19.31180000000001
 20
16.44202
 30
0
 10
-19.31180000000001
 20
16.44202
 30
0
 10
-19.45076
 20
16.29448000000001
 30
0
 10
-19.45076
 20
16.29448000000001
 30
0
  0
SPLINE
  5
1E5
100
AcDbEntity
  8
layer 1
  6
CONTINUOUS
 62
    1
370
    5
100
AcDbSpline
210
0
220
0
230
0
 70
    8
 71
    3
 72
   52
 73
   48
 74
    0
 42
1e-07
 43
1e-07
 40
0
 40
0
 40
0
 40
0
 40
0.07692309999999999
 40
0.07692309999999999
 40
0.07692309999999999
 40
0.07692309999999999
 40
0.1538462
 40
0.1538462
 40
0.1538462
 40
0.1538462
 40
0.2307692
 40
0.2307692
 40
0.2307692
 40
0.2307692
 40
0.3076923
 40
0.3076923
 40
0.3076923
 40
0.3076923
 40
0.3846154
 40
0.3846154
 40
0.3846154
 40
0.3846154
 40
0.4615385
 40
0.4615385
 40
0.4615385
 40
0.4615385
 40
0.5384614999999999
 40
0.5384614999999999
 40
0.5384614999999999
 40
0.5384614999999999
 40
0.6153845999999999
 40
0.6153845999999999
 40
0.6153845999999999
 40
0.6153845999999999
 40
0.6923077
 40
0.6923077
 40
0.6923077
 40
0.6923077
 40
0.7692308
 40
0.7692308
 40
0.7692308
 40
0.7692308
 40
0.8461538
 40
0.8461538
 40
0.8461538
 40
0.8461538
 40
1
 40
1
 40
1
 40
1
 10
-19.45076
 20
16.29448000000001
 30
0
 10
-19.64842999999999
 20
16.08459999999999
 30
0
 10
-20.00162
 20
15.64984
 30
0
 10
-19.99369999999999
 20
15.62611
 30
0
 10
-19.99369999999999
 20
15.62611
 30
0
 10
-19.99003999999999
 20
15.61509999999999
 30
0
 10
-19.87508
 20
15.56448999999999
 30
0
 10
-19.73828
 20
15.51366999999999
 30
0
 10
-19.73828
 20
15.51366999999999
 30
0
 10
-19.48339999999999
 20
15.41901999999999
 30
0
 10
-19.38824
 20
15.35013999999999
 30
0
 10
-19.38824
 20
15.26037999999999
 30
0
 10
-19.38824
 20
15.26037999999999
 30
0
 10
-19.38824
 20
15.17094999999999
 30
0
 10
-19.45099999999999
 20
15.06630999999999
 30
0
 10
-19.52615
 20
15.03049
 30
0
 10
-19.52615
 20
15.03049
 30
0
 10
-19.59848
 20
14.99599
 30
0
 10
-19.61287999999999
 20
14.99766999999999
 30
0
 10
-19.96376000000001
 20
15.08160999999999
 30
0
 10
-19.96376000000001
 20
15.08160999999999
 30
0
 10
-20.29355000000001
 20
15.16045
 30
0
 10
-20.32930999999999
 20
15.16519
 30
0
 10
-20.35597999999999
 20
15.13341999999999
 30
0
 10
-20.35597999999999
 20
15.13341999999999
 30
0
 10
-20.45123000000001
 20
15.02002
 30
0
 10
-20.88746
 20
14.26413999999999
 30
0
 10
-20.86856
 20
14.24524
 30
0
 10
-20.86856
 20
14.24524
 30
0
 10
-20.86304000000001
 20
14.23972000000001
 30
0
 10
-20.74639999999999
 20
14.21484999999999
 30
0
 10
-20.60938999999999
 20
14.18997999999998
 30
0
 10
-20.60938999999999
 20
14.18997999999998
 30
0
 10
-20.47235000000001
 20
14.16510999999999
 30
0
 10
-20.33597
 20
14.13327999999999
 30
0
 10
-20.30626999999998
 20
14.11923999999999
 30
0
 10
-20.30626999999998
 20
14.11923999999999
 30
0
 10
-20.14690999999999
 20
14.04381999999999
 30
0
 10
-20.18045000000001
 20
13.76370999999999
 30
0
 10
-20.35457
 20
13.71588999999999
 30
0
 10
-20.35457
 20
13.71588999999999
 30
0
 10
-20.39453
 20
13.70490999999999
 30
0
 10
-20.52644000000001
 20
13.70392000000001
 30
0
 10
-20.65511000000001
 20
13.71358
 30
0
 10
-20.65511000000001
 20
13.71358
 30
0
 10
-20.78126
 20
13.72308999999999
 30
0
 10
-20.93935999999999
 20
13.73127999999999
 30
0
 10
-21.00641000000002
 20
13.73206
 30
0
  0
SPLINE
  5
1E6
100
AcDbEntity
  8
layer 1
  6
CONTINUOUS
 62
    1
370
    5
100
AcDbSpline
210
0
220
0
230
0
 70
    8
 71
    3
 72
   12
 73
    8
 74
    0
 42
1e-07
 43
1e-07
 40
0
 40
0
 40
0
 40
0
 40
0.3333333
 40
0.3333333
 40
0.3333333
 40
0.3333333
 40
1
 40
1
 40
1
 40
1
 10
-21.00641000000002
 20
13.73206
 30
0
 10
-21.00641000000002
 20
13.73206
 30
0
 10
-21.12833000000001
 20
13.73334999999999
 30
0
 10
-21.12833000000001
 20
13.73334999999999
 30
0
 10
-21.12833000000001
 20
13.73334999999999
 30
0
 10
-21.12833000000001
 20
13.73334999999999
 30
0
 10
-21.22241
 20
13.49853999999998
 30
0
 10
-21.22241
 20
13.49853999999998
 30
0
  0
SPLINE
  5
1E7
100
AcDbEntity
  8
layer 1
  6
CONTINUOUS
 62
    1
370
    5
100
AcDbSpline
210
0
220
0
230
0
 70
    8
 71
    3
 72
    8
 73
    4
 74
    0
 42
1e-07
 43
1e-07
 40
0
 40
0
 40
0
 40
0
 40
1
 40
1
 40
1
 40
1
 10
-21.22241
 20
13.49853999999998
 30
0
 10
-21.34163000000001
 20
13.20093999999999
 30
0
 10
-21.47533999999999
 20
12.82620999999999
 30
0
 10
-21.49517
 20
12.73401999999999
 30
0
  0
SPLINE
  5
1E8
100
AcDbEntity
  8
layer 1
  6
CONTINUOUS
 62
    1
370
    5
100
AcDbSpline
210
0
220
0
230
0
 70
    8
 71
    3
 72
   20
 73
   16
 74
    0
 42
1e-07
 43
1e-07
 40
0
 40
0
 40
0
 40
0
 40
0.2
 40
0.2
 40
0.2
 40
0.2
 40
0.4
 40
0.4
 40
0.4
 40
0.4
 40
0.6
 40
0.6
 40
0.6
 40
0.6
 40
1
 40
1
 40
1
 40
1
 10
-21.49517
 20
12.73401999999999
 30
0
 10
-21.49517
 20
12.73401999999999
 30
0
 10
-21.51047
 20
12.66304
 30
0
 10
-21.51047
 20
12.66304
 30
0
 10
-21.51047
 20
12.66304
 30
0
 10
-21.51047
 20
12.66304
 30
0
 10
-21.20486
 20
12.66304
 30
0
 10
-21.20486
 20
12.66304
 30
0
 10
-21.20486
 20
12.66304
 30
0
 10
-21.20486
 20
12.66304
 30
0
 10
-20.89928
 20
12.66304
 30
0
 10
-20.89928
 20
12.66304
 30
0
 10
-20.89928
 20
12.66304
 30
0
 10
-20.89928
 20
12.66304
 30
0
 10
-20.84272999999999
 20
12.59584
 30
0
 10
-20.84272999999999
 20
12.59584
 30
0
  0
SPLINE
  5
1E9
100
AcDbEntity
  8
layer 1
  6
CONTINUOUS
 62
    1
370
    5
100
AcDbSpline
210
0
220
0
230
0
 70
    8
 71
    3
 72
   52
 73
   48
 74
    0
 42
1e-07
 43
1e-07
 40
0
 40
0
 40
0
 40
0
 40
0.07692309999999999
 40
0.07692309999999999
 40
0.07692309999999999
 40
0.07692309999999999
 40
0.1538462
 40
0.1538462
 40
0.1538462
 40
0.1538462
 40
0.2307692
 40
0.2307692
 40
0.2307692
 40
0.2307692
 40
0.3076923
 40
0.3076923
 40
0.3076923
 40
0.3076923
 40
0.3846154
 40
0.3846154
 40
0.3846154
 40
0.3846154
 40
0.4615385
 40
0.4615385
 40
0.4615385
 40
0.4615385
 40
0.5384614999999999
 40
0.5384614999999999
 40
0.5384614999999999
 40
0.5384614999999999
 40
0.6153845999999999
 40
0.6153845999999999
 40
0.6153845999999999
 40
0.6153845999999999
 40
0.6923077
 40
0.6923077
 40
0.6923077
 40
0.6923077
 40
0.7692308
 40
0.7692308
 40
0.7692308
 40
0.7692308
 40
0.8461538
 40
0.8461538
 40
0.8461538
 40
0.8461538
 40
1
 40
1
 40
1
 40
1
 10
-20.84272999999999
 20
12.59584
 30
0
 10
-20.74888999999999
 20
12.48432999999999
 30
0
 10
-20.77555999999998
 20
12.31216
 30
0
 10
-20.89672999999999
 20
12.24733000000001
 30
0
 10
-20.89672999999999
 20
12.24733000000001
 30
0
 10
-20.92025000000001
 20
12.23473
 30
0
 10
-21.09775999999999
 20
12.20571999999999
 30
0
 10
-21.2912
 20
12.18286000000001
 30
0
 10
-21.2912
 20
12.18286000000001
 30
0
 10
-21.48461
 20
12.15999999999999
 30
0
 10
-21.64793
 20
12.13624
 30
0
 10
-21.65411
 20
12.13002999999999
 30
0
 10
-21.65411
 20
12.13002999999999
 30
0
 10
-21.68987000000001
 20
12.09427000000001
 30
0
 10
-21.85426999999999
 20
11.12455
 30
0
 10
-21.82889
 20
11.09917
 30
0
 10
-21.82889
 20
11.09917
 30
0
 10
-21.82150999999999
 20
11.09179
 30
0
 10
-21.69263000000001
 20
11.10655
 30
0
 10
-21.54245
 20
11.13189999999999
 30
0
 10
-21.54245
 20
11.13189999999999
 30
0
 10
-21.23846
 20
11.18325999999998
 30
0
 10
-21.17939000000001
 20
11.1742
 30
0
 10
-21.12433999999999
 20
11.06772999999999
 30
0
 10
-21.12433999999999
 20
11.06772999999999
 30
0
 10
-21.09512000000001
 20
11.01121000000001
 30
0
 10
-21.08606
 20
11.00904999999999
 30
0
 10
-20.71643
 20
10.97073999999999
 30
0
 10
-20.71643
 20
10.97073999999999
 30
0
 10
-20.5085
 20
10.94917
 30
0
 10
-20.33020999999999
 20
10.92418000000001
 30
0
 10
-20.32015999999999
 20
10.91515
 30
0
 10
-20.32015999999999
 20
10.91515
 30
0
 10
-20.31013999999999
 20
10.90618
 30
0
 10
-20.32745
 20
10.85835999999999
 30
0
 10
-20.35865000000001
 20
10.80892
 30
0
 10
-20.35865000000001
 20
10.80892
 30
0
 10
-20.42509999999999
 20
10.70365
 30
0
 10
-20.40952999999999
 20
10.70550999999999
 30
0
 10
-20.82353000000001
 20
10.75351
 30
0
 10
-20.82353000000001
 20
10.75351
 30
0
 10
-21.09755000000001
 20
10.78522
 30
0
 10
-21.12716
 20
10.78513
 30
0
 10
-21.20015000000001
 20
10.75222
 30
0
 10
-21.20015000000001
 20
10.75222
 30
0
 10
-21.24370999999999
 20
10.73257
 30
0
 10
-21.41659999999999
 20
10.67518
 30
0
 10
-21.58430000000001
 20
10.62466
 30
0
  0
SPLINE
  5
1EA
100
AcDbEntity
  8
layer 1
  6
CONTINUOUS
 62
    1
370
    5
100
AcDbSpline
210
0
220
0
230
0
 70
    8
 71
    3
 72
   12
 73
    8
 74
    0
 42
1e-07
 43
1e-07
 40
0
 40
0
 40
0
 40
0
 40
0.3333333
 40
0.3333333
 40
0.3333333
 40
0.3333333
 40
1
 40
1
 40
1
 40
1
 10
-21.58430000000001
 20
10.62466
 30
0
 10
-21.58430000000001
 20
10.62466
 30
0
 10
-21.88925
 20
10.53282999999999
 30
0
 10
-21.88925
 20
10.53282999999999
 30
0
 10
-21.88925
 20
10.53282999999999
 30
0
 10
-21.88925
 20
10.53282999999999
 30
0
 10
-21.89509999999999
 20
9.989979999999999
 30
0
 10
-21.89509999999999
 20
9.989979999999999
 30
0
  0
SPLINE
  5
1EB
100
AcDbEntity
  8
layer 1
  6
CONTINUOUS
 62
    1
370
    5
100
AcDbSpline
210
0
220
0
230
0
 70
    8
 71
    3
 72
   24
 73
   20
 74
    0
 42
1e-07
 43
1e-07
 40
0
 40
0
 40
0
 40
0
 40
0.1666667
 40
0.1666667
 40
0.1666667
 40
0.1666667
 40
0.3333333
 40
0.3333333
 40
0.3333333
 40
0.3333333
 40
0.5
 40
0.5
 40
0.5
 40
0.5
 40
0.6666666999999999
 40
0.6666666999999999
 40
0.6666666999999999
 40
0.6666666999999999
 40
1
 40
1
 40
1
 40
1
 10
-21.89509999999999
 20
9.989979999999999
 30
0
 10
-21.90058999999999
 20
9.478329999999996
 30
0
 10
-21.89873
 20
9.448029999999999
 30
0
 10
-21.86233999999999
 20
9.46263999999999
 30
0
 10
-21.86233999999999
 20
9.46263999999999
 30
0
 10
-21.84110000000001
 20
9.471159999999994
 30
0
 10
-21.71249
 20
9.518049999999997
 30
0
 10
-21.57656
 20
9.566799999999995
 30
0
 10
-21.57656
 20
9.566799999999995
 30
0
 10
-21.33416
 20
9.653739999999994
 30
0
 10
-21.32798
 20
9.654729999999995
 30
0
 10
-21.25439
 20
9.619659999999991
 30
0
 10
-21.25439
 20
9.619659999999991
 30
0
 10
-21.21311
 20
9.599979999999997
 30
0
 10
-21.17936
 20
9.568899999999994
 30
0
 10
-21.17936
 20
9.550569999999988
 30
0
 10
-21.17936
 20
9.550569999999988
 30
0
 10
-21.17936
 20
9.532269999999992
 30
0
 10
-21.23572999999999
 20
9.427809999999988
 30
0
 10
-21.30466999999999
 20
9.318489999999992
 30
0
  0
SPLINE
  5
1EC
100
AcDbEntity
  8
layer 1
  6
CONTINUOUS
 62
    1
370
    5
100
AcDbSpline
210
0
220
0
230
0
 70
    8
 71
    3
 72
   12
 73
    8
 74
    0
 42
1e-07
 43
1e-07
 40
0
 40
0
 40
0
 40
0
 40
0.3333333
 40
0.3333333
 40
0.3333333
 40
0.3333333
 40
1
 40
1
 40
1
 40
1
 10
-21.30466999999999
 20
9.318489999999992
 30
0
 10
-21.30466999999999
 20
9.318489999999992
 30
0
 10
-21.42998
 20
9.119649999999988
 30
0
 10
-21.42998
 20
9.119649999999988
 30
0
 10
-21.42998
 20
9.119649999999988
 30
0
 10
-21.42998
 20
9.119649999999988
 30
0
 10
-21.64528999999999
 20
9.011619999999988
 30
0
 10
-21.64528999999999
 20
9.011619999999988
 30
0
  0
SPLINE
  5
1ED
100
AcDbEntity
  8
layer 1
  6
CONTINUOUS
 62
    1
370
    5
100
AcDbSpline
210
0
220
0
230
0
 70
    8
 71
    3
 72
   12
 73
    8
 74
    0
 42
1e-07
 43
1e-07
 40
0
 40
0
 40
0
 40
0
 40
0.3333333
 40
0.3333333
 40
0.3333333
 40
0.3333333
 40
1
 40
1
 40
1
 40
1
 10
-21.64528999999999
 20
9.011619999999988
 30
0
 10
-21.83528000000001
 20
8.916279999999997
 30
0
 10
-21.85919000000001
 20
8.897949999999991
 30
0
 10
-21.84869
 20
8.855649999999994
 30
0
 10
-21.84869
 20
8.855649999999994
 30
0
 10
-21.84211999999999
 20
8.829309999999989
 30
0
 10
-21.83038999999999
 20
8.743840000000002
 30
0
 10
-21.82258999999999
 20
8.665779999999994
 30
0
  0
SPLINE
  5
1EE
100
AcDbEntity
  8
layer 1
  6
CONTINUOUS
 62
    1
370
    5
100
AcDbSpline
210
0
220
0
230
0
 70
    8
 71
    3
 72
   12
 73
    8
 74
    0
 42
1e-07
 43
1e-07
 40
0
 40
0
 40
0
 40
0
 40
0.3333333
 40
0.3333333
 40
0.3333333
 40
0.3333333
 40
1
 40
1
 40
1
 40
1
 10
-21.82258999999999
 20
8.665779999999994
 30
0
 10
-21.82258999999999
 20
8.665779999999994
 30
0
 10
-21.80840000000001
 20
8.523790000000002
 30
0
 10
-21.80840000000001
 20
8.523790000000002
 30
0
 10
-21.80840000000001
 20
8.523790000000002
 30
0
 10
-21.80840000000001
 20
8.523790000000002
 30
0
 10
-22.87679
 20
6.841869999999996
 30
0
 10
-22.87679
 20
6.841869999999996
 30
0
  0
SPLINE
  5
1EF
100
AcDbEntity
  8
layer 1
  6
CONTINUOUS
 62
    1
370
    5
100
AcDbSpline
210
0
220
0
230
0
 70
    8
 71
    3
 72
   20
 73
   16
 74
    0
 42
1e-07
 43
1e-07
 40
0
 40
0
 40
0
 40
0
 40
0.2
 40
0.2
 40
0.2
 40
0.2
 40
0.4
 40
0.4
 40
0.4
 40
0.4
 40
0.6
 40
0.6
 40
0.6
 40
0.6
 40
1
 40
1
 40
1
 40
1
 10
-22.87679
 20
6.841869999999996
 30
0
 10
-23.46440000000001
 20
5.916819999999997
 30
0
 10
-23.98117999999999
 20
5.095569999999991
 30
0
 10
-24.02516
 20
5.016909999999991
 30
0
 10
-24.02516
 20
5.016909999999991
 30
0
 10
-24.37412
 20
4.392909999999997
 30
0
 10
-24.4385
 20
3.755829999999999
 30
0
 10
-24.20168000000001
 20
3.270579999999991
 30
0
 10
-24.20168000000001
 20
3.270579999999991
 30
0
 10
-24.04492999999999
 20
2.949399999999993
 30
0
 10
-23.69023999999999
 20
2.665929999999999
 30
0
 10
-23.27564000000001
 20
2.530479999999993
 30
0
 10
-23.27564000000001
 20
2.530479999999993
 30
0
 10
-22.89518000000001
 20
2.406189999999991
 30
0
 10
-23.02151000000001
 20
2.411529999999995
 30
0
 10
-20.24773999999999
 20
2.403039999999999
 30
0
  0
SPLINE
  5
1F0
100
AcDbEntity
  8
layer 1
  6
CONTINUOUS
 62
    1
370
    5
100
AcDbSpline
210
0
220
0
230
0
 70
    8
 71
    3
 72
   20
 73
   16
 74
    0
 42
1e-07
 43
1e-07
 40
0
 40
0
 40
0
 40
0
 40
0.2
 40
0.2
 40
0.2
 40
0.2
 40
0.4
 40
0.4
 40
0.4
 40
0.4
 40
0.6
 40
0.6
 40
0.6
 40
0.6
 40
1
 40
1
 40
1
 40
1
 10
-20.24773999999999
 20
2.403039999999999
 30
0
 10
-20.24773999999999
 20
2.403039999999999
 30
0
 10
-17.68883
 20
2.395179999999991
 30
0
 10
-17.68883
 20
2.395179999999991
 30
0
 10
-17.68883
 20
2.395179999999991
 30
0
 10
-17.68883
 20
2.395179999999991
 30
0
 10
-17.71661
 20
2.275659999999997
 30
0
 10
-17.71661
 20
2.275659999999997
 30
0
 10
-17.71661
 20
2.275659999999997
 30
0
 10
-17.71661
 20
2.275659999999997
 30
0
 10
-17.74439000000001
 20
2.156140000000003
 30
0
 10
-17.74439000000001
 20
2.156140000000003
 30
0
 10
-17.74439000000001
 20
2.156140000000003
 30
0
 10
-17.74439000000001
 20
2.156140000000003
 30
0
 10
-17.44687999999999
 20
1.974909999999989
 30
0
 10
-17.44687999999999
 20
1.974909999999989
 30
0
  0
SPLINE
  5
1F1
100
AcDbEntity
  8
layer 1
  6
CONTINUOUS
 62
    1
370
    5
100
AcDbSpline
210
0
220
0
230
0
 70
    8
 71
    3
 72
    8
 73
    4
 74
    0
 42
1e-07
 43
1e-07
 40
0
 40
0
 40
0
 40
0
 40
1
 40
1
 40
1
 40
1
 10
-17.44687999999999
 20
1.974909999999989
 30
0
 10
-17.28323
 20
1.875219999999994
 30
0
 10
-17.07362000000001
 20
1.752459999999994
 30
0
 10
-16.98106999999999
 20
1.702089999999993
 30
0
  0
SPLINE
  5
1F2
100
AcDbEntity
  8
layer 1
  6
CONTINUOUS
 62
    1
370
    5
100
AcDbSpline
210
0
220
0
230
0
 70
    8
 71
    3
 72
   12
 73
    8
 74
    0
 42
1e-07
 43
1e-07
 40
0
 40
0
 40
0
 40
0
 40
0.3333333
 40
0.3333333
 40
0.3333333
 40
0.3333333
 40
1
 40
1
 40
1
 40
1
 10
-16.98106999999999
 20
1.702089999999993
 30
0
 10
-16.98106999999999
 20
1.702089999999993
 30
0
 10
-16.81277
 20
1.610499999999997
 30
0
 10
-16.81277
 20
1.610499999999997
 30
0
 10
-16.81277
 20
1.610499999999997
 30
0
 10
-16.81277
 20
1.610499999999997
 30
0
 10
-16.79807
 20
1.692429999999997
 30
0
 10
-16.79807
 20
1.692429999999997
 30
0
  0
SPLINE
  5
1F3
100
AcDbEntity
  8
layer 1
  6
CONTINUOUS
 62
    1
370
    5
100
AcDbSpline
210
0
220
0
230
0
 70
    8
 71
    3
 72
   24
 73
   20
 74
    0
 42
1e-07
 43
1e-07
 40
0
 40
0
 40
0
 40
0
 40
0.1666667
 40
0.1666667
 40
0.1666667
 40
0.1666667
 40
0.3333333
 40
0.3333333
 40
0.3333333
 40
0.3333333
 40
0.5
 40
0.5
 40
0.5
 40
0.5
 40
0.6666666999999999
 40
0.6666666999999999
 40
0.6666666999999999
 40
0.6666666999999999
 40
1
 40
1
 40
1
 40
1
 10
-16.79807
 20
1.692429999999997
 30
0
 10
-16.72006999999999
 20
2.126499999999988
 30
0
 10
-16.70554999999999
 20
2.182299999999993
 30
0
 10
-16.65722
 20
2.233749999999996
 30
0
 10
-16.65722
 20
2.233749999999996
 30
0
 10
-16.58467999999999
 20
2.310939999999997
 30
0
 10
-16.42442
 20
2.310309999999996
 30
0
 10
-16.3466
 20
2.232459999999998
 30
0
 10
-16.3466
 20
2.232459999999998
 30
0
 10
-16.27171999999999
 20
2.157579999999991
 30
0
 10
-16.26803000000001
 20
2.122989999999996
 30
0
 10
-16.29277999999999
 20
1.72951
 30
0
 10
-16.29277999999999
 20
1.72951
 30
0
 10
-16.31068999999999
 20
1.444599999999989
 30
0
 10
-16.30924999999999
 20
1.384119999999991
 30
0
 10
-16.28405000000001
 20
1.367979999999998
 30
0
 10
-16.28405000000001
 20
1.367979999999998
 30
0
 10
-16.23007999999999
 20
1.333449999999994
 30
0
 10
-15.69182000000001
 20
1.124769999999993
 30
0
 10
-15.46745000000001
 20
1.051389999999993
 30
0
  0
SPLINE
  5
1F4
100
AcDbEntity
  8
layer 1
  6
CONTINUOUS
 62
    1
370
    5
100
AcDbSpline
210
0
220
0
230
0
 70
    8
 71
    3
 72
   12
 73
    8
 74
    0
 42
1e-07
 43
1e-07
 40
0
 40
0
 40
0
 40
0
 40
0.3333333
 40
0.3333333
 40
0.3333333
 40
0.3333333
 40
1
 40
1
 40
1
 40
1
 10
-15.46745000000001
 20
1.051389999999993
 30
0
 10
-15.46745000000001
 20
1.051389999999993
 30
0
 10
-15.24902
 20
0.9799899999999956
 30
0
 10
-15.24902
 20
0.9799899999999956
 30
0
 10
-15.24902
 20
0.9799899999999956
 30
0
 10
-15.24902
 20
0.9799899999999956
 30
0
 10
-15.2381
 20
1.291989999999993
 30
0
 10
-15.2381
 20
1.291989999999993
 30
0
  0
SPLINE
  5
1F5
100
AcDbEntity
  8
layer 1
  6
CONTINUOUS
 62
    1
370
    5
100
AcDbSpline
210
0
220
0
230
0
 70
    8
 71
    3
 72
   60
 73
   56
 74
    0
 42
1e-07
 43
1e-07
 40
0
 40
0
 40
0
 40
0
 40
0.0666667
 40
0.0666667
 40
0.0666667
 40
0.0666667
 40
0.1333333
 40
0.1333333
 40
0.1333333
 40
0.1333333
 40
0.2
 40
0.2
 40
0.2
 40
0.2
 40
0.2666667
 40
0.2666667
 40
0.2666667
 40
0.2666667
 40
0.3333333
 40
0.3333333
 40
0.3333333
 40
0.3333333
 40
0.4
 40
0.4
 40
0.4
 40
0.4
 40
0.4666667
 40
0.4666667
 40
0.4666667
 40
0.4666667
 40
0.5333333
 40
0.5333333
 40
0.5333333
 40
0.5333333
 40
0.6
 40
0.6
 40
0.6
 40
0.6
 40
0.6666666999999999
 40
0.6666666999999999
 40
0.6666666999999999
 40
0.6666666999999999
 40
0.7333333
 40
0.7333333
 40
0.7333333
 40
0.7333333
 40
0.7999999999999999
 40
0.7999999999999999
 40
0.7999999999999999
 40
0.7999999999999999
 40
0.8666667
 40
0.8666667
 40
0.8666667
 40
0.8666667
 40
1
 40
1
 40
1
 40
1
 10
-15.2381
 20
1.291989999999993
 30
0
 10
-15.22615999999999
 20
1.633539999999991
 30
0
 10
-15.21758
 20
1.657779999999997
 30
0
 10
-15.09437
 20
1.698429999999997
 30
0
 10
-15.09437
 20
1.698429999999997
 30
0
 10
-14.98820000000001
 20
1.733469999999992
 30
0
 10
-14.87693000000002
 20
1.693359999999993
 30
0
 10
-14.83013
 20
1.60317999999999
 30
0
 10
-14.83013
 20
1.60317999999999
 30
0
 10
-14.80919
 20
1.562859999999996
 30
0
 10
-14.77769000000001
 20
1.393569999999992
 30
0
 10
-14.75452999999999
 20
1.197039999999996
 30
0
 10
-14.75452999999999
 20
1.197039999999996
 30
0
 10
-14.73272
 20
1.0117
 30
0
 10
-14.70725000000002
 20
0.8528499999999983
 30
0
 10
-14.69798
 20
0.8440599999999936
 30
0
 10
-14.69798
 20
0.8440599999999936
 30
0
 10
-14.67133999999999
 20
0.8187999999999906
 30
0
 10
-13.76624000000001
 20
0.6493899999999914
 30
0
 10
-13.65791000000002
 20
0.6493899999999914
 30
0
 10
-13.65791000000002
 20
0.6493899999999914
 30
0
 10
-13.65361999999999
 20
0.6493899999999914
 30
0
 10
-13.67287999999999
 20
0.77742999999999
 30
0
 10
-13.70069000000001
 20
0.9338799999999966
 30
0
 10
-13.70069000000001
 20
0.9338799999999966
 30
0
 10
-13.75739000000002
 20
1.252719999999992
 30
0
 10
-13.75051999999999
 20
1.304979999999995
 30
0
 10
-13.64393000000001
 20
1.365639999999994
 30
0
 10
-13.64393000000001
 20
1.365639999999994
 30
0
 10
-13.60784000000001
 20
1.386189999999994
 30
0
 10
-13.57826
 20
1.415559999999993
 30
0
 10
-13.57820000000001
 20
1.430979999999999
 30
0
 10
-13.57820000000001
 20
1.430979999999999
 30
0
 10
-13.57793000000001
 20
1.482519999999989
 30
0
 10
-13.48937000000001
 20
2.297859999999995
 30
0
 10
-13.47863000000001
 20
2.347689999999995
 30
0
 10
-13.47863000000001
 20
2.347689999999995
 30
0
 10
-13.46933000000001
 20
2.390650000000003
 30
0
 10
-13.45433
 20
2.396830000000003
 30
0
 10
-13.35919999999999
 20
2.396830000000003
 30
0
 10
-13.35919999999999
 20
2.396830000000003
 30
0
 10
-13.29938000000001
 20
2.396830000000003
 30
0
 10
-13.25041999999999
 20
2.388909999999991
 30
0
 10
-13.25041999999999
 20
2.379219999999999
 30
0
 10
-13.25041999999999
 20
2.379219999999999
 30
0
 10
-13.25041999999999
 20
2.369529999999992
 30
0
 10
-13.27522999999999
 20
2.137269999999996
 30
0
 10
-13.30559
 20
1.863070000000002
 30
0
 10
-13.30559
 20
1.863070000000002
 30
0
 10
-13.36054999999999
 20
1.366179999999994
 30
0
 10
-13.36061000000001
 20
1.364169999999995
 30
0
 10
-13.31852000000001
 20
1.274529999999994
 30
0
 10
-13.31852000000001
 20
1.274529999999994
 30
0
 10
-13.2953
 20
1.225029999999999
 30
0
 10
-13.23854
 20
1.054749999999993
 30
0
 10
-13.19236999999998
 20
0.8961099999999876
 30
0
  0
SPLINE
  5
1F6
100
AcDbEntity
  8
layer 1
  6
CONTINUOUS
 62
    1
370
    5
100
AcDbSpline
210
0
220
0
230
0
 70
    8
 71
    3
 72
   12
 73
    8
 74
    0
 42
1e-07
 43
1e-07
 40
0
 40
0
 40
0
 40
0
 40
0.3333333
 40
0.3333333
 40
0.3333333
 40
0.3333333
 40
1
 40
1
 40
1
 40
1
 10
-13.19236999999998
 20
0.8961099999999876
 30
0
 10
-13.19236999999998
 20
0.8961099999999876
 30
0
 10
-13.10843
 20
0.6076599999999901
 30
0
 10
-13.10843
 20
0.6076599999999901
 30
0
 10
-13.10843
 20
0.6076599999999901
 30
0
 10
-13.10843
 20
0.6076599999999901
 30
0
 10
-13.01015000000001
 20
0.5987499999999899
 30
0
 10
-13.01015000000001
 20
0.5987499999999899
 30
0
  0
SPLINE
  5
1F7
100
AcDbEntity
  8
layer 1
  6
CONTINUOUS
 62
    1
370
    5
100
AcDbSpline
210
0
220
0
230
0
 70
    8
 71
    3
 72
   24
 73
   20
 74
    0
 42
1e-07
 43
1e-07
 40
0
 40
0
 40
0
 40
0
 40
0.1666667
 40
0.1666667
 40
0.1666667
 40
0.1666667
 40
0.3333333
 40
0.3333333
 40
0.3333333
 40
0.3333333
 40
0.5
 40
0.5
 40
0.5
 40
0.5
 40
0.6666666999999999
 40
0.6666666999999999
 40
0.6666666999999999
 40
0.6666666999999999
 40
1
 40
1
 40
1
 40
1
 10
-13.01015000000001
 20
0.5987499999999899
 30
0
 10
-12.87002000000001
 20
0.5860899999999931
 30
0
 10
-12.05492000000001
 20
0.592539999999994
 30
0
 10
-12.04106000000002
 20
0.6064299999999975
 30
0
 10
-12.04106000000002
 20
0.6064299999999975
 30
0
 10
-12.03470000000002
 20
0.6128199999999936
 30
0
 10
-12.07325
 20
0.7386399999999981
 30
0
 10
-12.12676999999999
 20
0.88599999999999
 30
0
 10
-12.12676999999999
 20
0.88599999999999
 30
0
 10
-12.18898999999999
 20
1.057239999999988
 30
0
 10
-12.21943999999999
 20
1.172529999999989
 30
0
 10
-12.21119000000002
 20
1.205439999999991
 30
0
 10
-12.21119000000002
 20
1.205439999999991
 30
0
 10
-12.17860999999999
 20
1.335129999999986
 30
0
 10
-11.97614000000002
 20
1.413369999999994
 30
0
 10
-11.86366999999998
 20
1.339689999999998
 30
0
 10
-11.86366999999998
 20
1.339689999999998
 30
0
 10
-11.82857000000001
 20
1.316679999999999
 30
0
 10
-11.74832000000001
 20
1.183450000000002
 30
0
 10
-11.64347000000001
 20
0.9741099999999904
 30
0
  0
SPLINE
  5
1F8
100
AcDbEntity
  8
layer 1
  6
CONTINUOUS
 62
    1
370
    5
100
AcDbSpline
210
0
220
0
230
0
 70
    8
 71
    3
 72
   12
 73
    8
 74
    0
 42
1e-07
 43
1e-07
 40
0
 40
0
 40
0
 40
0
 40
0.3333333
 40
0.3333333
 40
0.3333333
 40
0.3333333
 40
1
 40
1
 40
1
 40
1
 10
-11.64347000000001
 20
0.9741099999999904
 30
0
 10
-11.64347000000001
 20
0.9741099999999904
 30
0
 10
-11.4785
 20
0.6447399999999931
 30
0
 10
-11.4785
 20
0.6447399999999931
 30
0
 10
-11.4785
 20
0.6447399999999931
 30
0
 10
-11.4785
 20
0.6447399999999931
 30
0
 10
-11.35424
 20
0.6591699999999975
 30
0
 10
-11.35424
 20
0.6591699999999975
 30
0
  0
SPLINE
  5
1F9
100
AcDbEntity
  8
layer 1
  6
CONTINUOUS
 62
    1
370
    5
100
AcDbSpline
210
0
220
0
230
0
 70
    8
 71
    3
 72
    8
 73
    4
 74
    0
 42
1e-07
 43
1e-07
 40
0
 40
0
 40
0
 40
0
 40
1
 40
1
 40
1
 40
1
 10
-11.35424
 20
0.6591699999999975
 30
0
 10
-11.15627000000001
 20
0.682209999999992
 30
0
 10
-10.59058999999999
 20
0.7816899999999918
 30
0
 10
-10.49885
 20
0.8095899999999943
 30
0
  0
SPLINE
  5
1FA
100
AcDbEntity
  8
layer 1
  6
CONTINUOUS
 62
    1
370
    5
100
AcDbSpline
210
0
220
0
230
0
 70
    8
 71
    3
 72
   12
 73
    8
 74
    0
 42
1e-07
 43
1e-07
 40
0
 40
0
 40
0
 40
0
 40
0.3333333
 40
0.3333333
 40
0.3333333
 40
0.3333333
 40
1
 40
1
 40
1
 40
1
 10
-10.49885
 20
0.8095899999999943
 30
0
 10
-10.49885
 20
0.8095899999999943
 30
0
 10
-10.41505999999998
 20
0.835089999999988
 30
0
 10
-10.41505999999998
 20
0.835089999999988
 30
0
 10
-10.41505999999998
 20
0.835089999999988
 30
0
 10
-10.41505999999998
 20
0.835089999999988
 30
0
 10
-10.55447000000001
 20
1.075359999999997
 30
0
 10
-10.55447000000001
 20
1.075359999999997
 30
0
  0
SPLINE
  5
1FB
100
AcDbEntity
  8
layer 1
  6
CONTINUOUS
 62
    1
370
    5
100
AcDbSpline
210
0
220
0
230
0
 70
    8
 71
    3
 72
   24
 73
   20
 74
    0
 42
1e-07
 43
1e-07
 40
0
 40
0
 40
0
 40
0
 40
0.1666667
 40
0.1666667
 40
0.1666667
 40
0.1666667
 40
0.3333333
 40
0.3333333
 40
0.3333333
 40
0.3333333
 40
0.5
 40
0.5
 40
0.5
 40
0.5
 40
0.6666666999999999
 40
0.6666666999999999
 40
0.6666666999999999
 40
0.6666666999999999
 40
1
 40
1
 40
1
 40
1
 10
-10.55447000000001
 20
1.075359999999997
 30
0
 10
-10.71668
 20
1.354899999999995
 30
0
 10
-10.72910000000002
 20
1.426690000000002
 30
0
 10
-10.63208
 20
1.523709999999988
 30
0
 10
-10.63208
 20
1.523709999999988
 30
0
 10
-10.59757999999999
 20
1.558209999999997
 30
0
 10
-10.54247000000001
 20
1.593189999999987
 30
0
 10
-10.50961999999998
 20
1.601439999999991
 30
0
 10
-10.50961999999998
 20
1.601439999999991
 30
0
 10
-10.39919
 20
1.629129999999998
 30
0
 10
-10.32472999999999
 20
1.567149999999992
 30
0
 10
-10.10504
 20
1.264689999999996
 30
0
 10
-10.10504
 20
1.264689999999996
 30
0
 10
-9.990920000000017
 20
1.107519999999988
 30
0
 10
-9.882380000000012
 20
0.9785499999999926
 30
0
 10
-9.863869999999991
 20
0.978039999999987
 30
0
 10
-9.863869999999991
 20
0.978039999999987
 30
0
 10
-9.819230000000005
 20
0.9767799999999992
 30
0
 10
-9.316100000000006
 20
1.14718
 30
0
 10
-9.062929999999994
 20
1.249299999999999
 30
0
  0
SPLINE
  5
1FC
100
AcDbEntity
  8
layer 1
  6
CONTINUOUS
 62
    1
370
    5
100
AcDbSpline
210
0
220
0
230
0
 70
    8
 71
    3
 72
   12
 73
    8
 74
    0
 42
1e-07
 43
1e-07
 40
0
 40
0
 40
0
 40
0
 40
0.3333333
 40
0.3333333
 40
0.3333333
 40
0.3333333
 40
1
 40
1
 40
1
 40
1
 10
-9.062929999999994
 20
1.249299999999999
 30
0
 10
-9.062929999999994
 20
1.249299999999999
 30
0
 10
-8.861719999999991
 20
1.330449999999993
 30
0
 10
-8.861719999999991
 20
1.330449999999993
 30
0
 10
-8.861719999999991
 20
1.330449999999993
 30
0
 10
-8.861719999999991
 20
1.330449999999993
 30
0
 10
-9.047419999999988
 20
1.552119999999996
 30
0
 10
-9.047419999999988
 20
1.552119999999996
 30
0
  0
SPLINE
  5
1FD
100
AcDbEntity
  8
layer 1
  6
CONTINUOUS
 62
    1
370
    5
100
AcDbSpline
210
0
220
0
230
0
 70
    8
 71
    3
 72
   20
 73
   16
 74
    0
 42
1e-07
 43
1e-07
 40
0
 40
0
 40
0
 40
0
 40
0.2
 40
0.2
 40
0.2
 40
0.2
 40
0.4
 40
0.4
 40
0.4
 40
0.4
 40
0.6
 40
0.6
 40
0.6
 40
0.6
 40
1
 40
1
 40
1
 40
1
 10
-9.047419999999988
 20
1.552119999999996
 30
0
 10
-9.149540000000002
 20
1.674039999999999
 30
0
 10
-9.239059999999995
 20
1.79748999999999
 30
0
 10
-9.246350000000007
 20
1.82649999999999
 30
0
 10
-9.246350000000007
 20
1.82649999999999
 30
0
 10
-9.273770000000013
 20
1.935759999999996
 30
0
 10
-9.133489999999995
 20
2.091069999999996
 30
0
 10
-9.007370000000009
 20
2.091069999999996
 30
0
 10
-9.007370000000009
 20
2.091069999999996
 30
0
 10
-8.942329999999998
 20
2.091069999999996
 30
0
 10
-8.820349999999991
 20
2.003349999999992
 30
0
 10
-8.674340000000001
 20
1.851549999999997
 30
0
 10
-8.674340000000001
 20
1.851549999999997
 30
0
 10
-8.614280000000008
 20
1.789119999999991
 30
0
 10
-8.518489999999986
 20
1.698670000000001
 30
0
 10
-8.461489999999998
 20
1.650489999999999
 30
0
  0
SPLINE
  5
1FE
100
AcDbEntity
  8
layer 1
  6
CONTINUOUS
 62
    1
370
    5
100
AcDbSpline
210
0
220
0
230
0
 70
    8
 71
    3
 72
   12
 73
    8
 74
    0
 42
1e-07
 43
1e-07
 40
0
 40
0
 40
0
 40
0
 40
0.3333333
 40
0.3333333
 40
0.3333333
 40
0.3333333
 40
1
 40
1
 40
1
 40
1
 10
-8.461489999999998
 20
1.650489999999999
 30
0
 10
-8.461489999999998
 20
1.650489999999999
 30
0
 10
-8.35784000000001
 20
1.562919999999985
 30
0
 10
-8.35784000000001
 20
1.562919999999985
 30
0
 10
-8.35784000000001
 20
1.562919999999985
 30
0
 10
-8.35784000000001
 20
1.562919999999985
 30
0
 10
-8.133829999999989
 20
1.681839999999988
 30
0
 10
-8.133829999999989
 20
1.681839999999988
 30
0
  0
SPLINE
  5
1FF
100
AcDbEntity
  8
layer 1
  6
CONTINUOUS
 62
    1
370
    5
100
AcDbSpline
210
0
220
0
230
0
 70
    8
 71
    3
 72
    8
 73
    4
 74
    0
 42
1e-07
 43
1e-07
 40
0
 40
0
 40
0
 40
0
 40
1
 40
1
 40
1
 40
1
 10
-8.133829999999989
 20
1.681839999999988
 30
0
 10
-7.863589999999988
 20
1.825299999999993
 30
0
 10
-7.556749999999994
 20
2.00584
 30
0
 10
-7.486310000000003
 20
2.062869999999998
 30
0
  0
SPLINE
  5
200
100
AcDbEntity
  8
layer 1
  6
CONTINUOUS
 62
    1
370
    5
100
AcDbSpline
210
0
220
0
230
0
 70
    8
 71
    3
 72
   20
 73
   16
 74
    0
 42
1e-07
 43
1e-07
 40
0
 40
0
 40
0
 40
0
 40
0.2
 40
0.2
 40
0.2
 40
0.2
 40
0.4
 40
0.4
 40
0.4
 40
0.4
 40
0.6
 40
0.6
 40
0.6
 40
0.6
 40
1
 40
1
 40
1
 40
1
 10
-7.486310000000003
 20
2.062869999999998
 30
0
 10
-7.486310000000003
 20
2.062869999999998
 30
0
 10
-7.434859999999986
 20
2.104539999999994
 30
0
 10
-7.434859999999986
 20
2.104539999999994
 30
0
 10
-7.434859999999986
 20
2.104539999999994
 30
0
 10
-7.434859999999986
 20
2.104539999999994
 30
0
 10
-7.602170000000001
 20
2.245239999999989
 30
0
 10
-7.602170000000001
 20
2.245239999999989
 30
0
 10
-7.602170000000001
 20
2.245239999999989
 30
0
 10
-7.602170000000001
 20
2.245239999999989
 30
0
 10
-7.769480000000016
 20
2.385939999999999
 30
0
 10
-7.769480000000016
 20
2.385939999999999
 30
0
 10
-7.769480000000016
 20
2.385939999999999
 30
0
 10
-7.769480000000016
 20
2.385939999999999
 30
0
 10
-5.174839999999989
 20
2.39880999999999
 30
0
 10
-5.174839999999989
 20
2.39880999999999
 30
0
  0
SPLINE
  5
201
100
AcDbEntity
  8
layer 1
  6
CONTINUOUS
 62
    1
370
    5
100
AcDbSpline
210
0
220
0
230
0
 70
    8
 71
    3
 72
   28
 73
   24
 74
    0
 42
1e-07
 43
1e-07
 40
0
 40
0
 40
0
 40
0
 40
0.1428571
 40
0.1428571
 40
0.1428571
 40
0.1428571
 40
0.2857143
 40
0.2857143
 40
0.2857143
 40
0.2857143
 40
0.4285714
 40
0.4285714
 40
0.4285714
 40
0.4285714
 40
0.5714286
 40
0.5714286
 40
0.5714286
 40
0.5714286
 40
0.7142856999999999
 40
0.7142856999999999
 40
0.7142856999999999
 40
0.7142856999999999
 40
1
 40
1
 40
1
 40
1
 10
-5.174839999999989
 20
2.39880999999999
 30
0
 10
-3.418579999999992
 20
2.40753999999999
 30
0
 10
-2.543119999999988
 20
2.419449999999991
 30
0
 10
-2.465450000000004
 20
2.435739999999989
 30
0
 10
-2.465450000000004
 20
2.435739999999989
 30
0
 10
-1.949150000000003
 20
2.543949999999988
 30
0
 10
-1.604870000000005
 20
2.71555
 30
0
 10
-1.361870000000009
 20
2.985819999999997
 30
0
 10
-1.361870000000009
 20
2.985819999999997
 30
0
 10
-1.231490000000008
 20
3.130839999999999
 30
0
 10
-1.164050000000002
 20
3.249040000000001
 30
0
 10
-1.09205
 20
3.458649999999999
 30
0
 10
-1.09205
 20
3.458649999999999
 30
0
 10
-1.03976
 20
3.610899999999994
 30
0
 10
-1.03295
 20
3.662799999999997
 30
0
 10
-1.03372999999999
 20
3.903999999999989
 30
0
 10
-1.03372999999999
 20
3.903999999999989
 30
0
 10
-1.034870000000012
 20
4.266909999999989
 30
0
 10
-1.09774999999999
 20
4.512009999999997
 30
0
 10
-1.28591
 20
4.886949999999992
 30
0
 10
-1.28591
 20
4.886949999999992
 30
0
 10
-1.364840000000014
 20
5.04417999999999
 30
0
 10
-1.827709999999995
 20
5.795979999999993
 30
0
 10
-2.377309999999993
 20
6.659649999999992
 30
0
  0
SPLINE
  5
202
100
AcDbEntity
  8
layer 1
  6
CONTINUOUS
 62
    1
370
    5
100
AcDbSpline
210
0
220
0
230
0
 70
    8
 71
    3
 72
   12
 73
    8
 74
    0
 42
1e-07
 43
1e-07
 40
0
 40
0
 40
0
 40
0
 40
0.3333333
 40
0.3333333
 40
0.3333333
 40
0.3333333
 40
1
 40
1
 40
1
 40
1
 10
-2.377309999999993
 20
6.659649999999992
 30
0
 10
-2.377309999999993
 20
6.659649999999992
 30
0
 10
-3.331639999999992
 20
8.159320000000001
 30
0
 10
-3.331639999999992
 20
8.159320000000001
 30
0
 10
-3.331639999999992
 20
8.159320000000001
 30
0
 10
-3.331639999999992
 20
8.159320000000001
 30
0
 10
-3.291380000000003
 20
8.396169999999991
 30
0
 10
-3.291380000000003
 20
8.396169999999991
 30
0
  0
SPLINE
  5
203
100
AcDbEntity
  8
layer 1
  6
CONTINUOUS
 62
    1
370
    5
100
AcDbSpline
210
0
220
0
230
0
 70
    8
 71
    3
 72
   12
 73
    8
 74
    0
 42
1e-07
 43
1e-07
 40
0
 40
0
 40
0
 40
0
 40
0.3333333
 40
0.3333333
 40
0.3333333
 40
0.3333333
 40
1
 40
1
 40
1
 40
1
 10
-3.291380000000003
 20
8.396169999999991
 30
0
 10
-3.222170000000005
 20
8.803329999999995
 30
0
 10
-3.218719999999989
 20
8.840589999999985
 30
0
 10
-3.250519999999994
 20
8.839539999999992
 30
0
 10
-3.250519999999994
 20
8.839539999999992
 30
0
 10
-3.266269999999991
 20
8.839029999999987
 30
0
 10
-3.376219999999988
 20
8.820909999999991
 30
0
 10
-3.494869999999991
 20
8.799339999999994
 30
0
  0
SPLINE
  5
204
100
AcDbEntity
  8
layer 1
  6
CONTINUOUS
 62
    1
370
    5
100
AcDbSpline
210
0
220
0
230
0
 70
    8
 71
    3
 72
   12
 73
    8
 74
    0
 42
1e-07
 43
1e-07
 40
0
 40
0
 40
0
 40
0
 40
0.3333333
 40
0.3333333
 40
0.3333333
 40
0.3333333
 40
1
 40
1
 40
1
 40
1
 10
-3.494869999999991
 20
8.799339999999994
 30
0
 10
-3.494869999999991
 20
8.799339999999994
 30
0
 10
-3.710569999999989
 20
8.760069999999992
 30
0
 10
-3.710569999999989
 20
8.760069999999992
 30
0
 10
-3.710569999999989
 20
8.760069999999992
 30
0
 10
-3.710569999999989
 20
8.760069999999992
 30
0
 10
-3.827959999999989
 20
8.942049999999988
 30
0
 10
-3.827959999999989
 20
8.942049999999988
 30
0
  0
SPLINE
  5
205
100
AcDbEntity
  8
layer 1
  6
CONTINUOUS
 62
    1
370
    5
100
AcDbSpline
210
0
220
0
230
0
 70
    8
 71
    3
 72
   84
 73
   80
 74
    0
 42
1e-07
 43
1e-07
 40
0
 40
0
 40
0
 40
0
 40
0.04761899999999999
 40
0.04761899999999999
 40
0.04761899999999999
 40
0.04761899999999999
 40
0.09523809999999999
 40
0.09523809999999999
 40
0.09523809999999999
 40
0.09523809999999999
 40
0.1428571
 40
0.1428571
 40
0.1428571
 40
0.1428571
 40
0.1904762
 40
0.1904762
 40
0.1904762
 40
0.1904762
 40
0.2380952
 40
0.2380952
 40
0.2380952
 40
0.2380952
 40
0.2857143
 40
0.2857143
 40
0.2857143
 40
0.2857143
 40
0.3333333
 40
0.3333333
 40
0.3333333
 40
0.3333333
 40
0.3809524
 40
0.3809524
 40
0.3809524
 40
0.3809524
 40
0.4285714
 40
0.4285714
 40
0.4285714
 40
0.4285714
 40
0.4761905
 40
0.4761905
 40
0.4761905
 40
0.4761905
 40
0.5238094999999999
 40
0.5238094999999999
 40
0.5238094999999999
 40
0.5238094999999999
 40
0.5714286
 40
0.5714286
 40
0.5714286
 40
0.5714286
 40
0.6190475999999999
 40
0.6190475999999999
 40
0.6190475999999999
 40
0.6190475999999999
 40
0.6666666999999999
 40
0.6666666999999999
 40
0.6666666999999999
 40
0.6666666999999999
 40
0.7142856999999999
 40
0.7142856999999999
 40
0.7142856999999999
 40
0.7142856999999999
 40
0.7619047999999999
 40
0.7619047999999999
 40
0.7619047999999999
 40
0.7619047999999999
 40
0.8095238
 40
0.8095238
 40
0.8095238
 40
0.8095238
 40
0.8571428999999999
 40
0.8571428999999999
 40
0.8571428999999999
 40
0.8571428999999999
 40
0.9047619
 40
0.9047619
 40
0.9047619
 40
0.9047619
 40
1
 40
1
 40
1
 40
1
 10
-3.827959999999989
 20
8.942049999999988
 30
0
 10
-3.892549999999999
 20
9.042129999999993
 30
0
 10
-3.945379999999999
 20
9.127569999999999
 30
0
 10
-3.945379999999999
 20
9.131859999999996
 30
0
 10
-3.945379999999999
 20
9.131859999999996
 30
0
 10
-3.945379999999999
 20
9.150549999999988
 30
0
 10
-3.760099999999992
 20
9.218469999999989
 30
0
 10
-3.48850999999999
 20
9.299289999999992
 30
0
 10
-3.48850999999999
 20
9.299289999999992
 30
0
 10
-3.327349999999995
 20
9.347259999999999
 30
0
 10
-3.189739999999999
 20
9.392230000000005
 30
0
 10
-3.182719999999988
 20
9.399249999999988
 30
0
 10
-3.182719999999988
 20
9.399249999999988
 30
0
 10
-3.16073
 20
9.421209999999995
 30
0
 10
-3.156080000000002
 20
10.40028999999999
 30
0
 10
-3.177770000000009
 20
10.43262999999998
 30
0
 10
-3.177770000000009
 20
10.43262999999998
 30
0
 10
-3.194600000000007
 20
10.45767999999999
 30
0
 10
-3.24302
 20
10.44708999999999
 30
0
 10
-3.453049999999989
 20
10.37256999999999
 30
0
 10
-3.453049999999989
 20
10.37256999999999
 30
0
 10
-3.593240000000008
 20
10.32282999999999
 30
0
 10
-3.726799999999995
 20
10.28212
 30
0
 10
-3.749840000000005
 20
10.28212
 30
0
 10
-3.749840000000005
 20
10.28212
 30
0
 10
-3.824150000000002
 20
10.28212
 30
0
 10
-3.925070000000004
 20
10.39347999999999
 30
0
 10
-3.937880000000006
 20
10.48962999999998
 30
0
 10
-3.937880000000006
 20
10.48962999999998
 30
0
 10
-3.955759999999997
 20
10.62369999999999
 30
0
 10
-3.898609999999989
 20
10.67655999999998
 30
0
 10
-3.544309999999995
 20
10.85358999999999
 30
0
 10
-3.544309999999995
 20
10.85358999999999
 30
0
 10
-3.374449999999995
 20
10.93843
 30
0
 10
-3.23168000000001
 20
11.01135999999999
 30
0
 10
-3.227090000000003
 20
11.01561999999999
 30
0
 10
-3.227090000000003
 20
11.01561999999999
 30
0
 10
-3.203419999999993
 20
11.03745999999999
 30
0
 10
-3.366109999999991
 20
12.02346999999999
 30
0
 10
-3.399229999999988
 20
12.05886999999999
 30
0
 10
-3.399229999999988
 20
12.05886999999999
 30
0
 10
-3.408709999999984
 20
12.06897999999999
 30
0
 10
-3.523159999999989
 20
12.01551999999999
 30
0
 10
-3.653600000000011
 20
11.94007
 30
0
 10
-3.653600000000011
 20
11.94007
 30
0
 10
-3.809779999999988
 20
11.84970999999999
 30
0
 10
-3.914809999999988
 20
11.80276
 30
0
 10
-3.961160000000006
 20
11.80260999999999
 30
0
 10
-3.961160000000006
 20
11.80260999999999
 30
0
 10
-4.041949999999984
 20
11.80233999999999
 30
0
 10
-4.124480000000003
 20
11.86908999999999
 30
0
 10
-4.165340000000013
 20
11.96772999999999
 30
0
 10
-4.165340000000013
 20
11.96772999999999
 30
0
 10
-4.212800000000014
 20
12.08229999999999
 30
0
 10
-4.154719999999997
 20
12.15750999999999
 30
0
 10
-3.836420000000003
 20
12.39390999999998
 30
0
 10
-3.836420000000003
 20
12.39390999999998
 30
0
 10
-3.665660000000002
 20
12.52071999999999
 30
0
 10
-3.552199999999998
 20
12.61983999999999
 30
0
 10
-3.552199999999998
 20
12.64218999999999
 30
0
 10
-3.552199999999998
 20
12.64218999999999
 30
0
 10
-3.552199999999997
 20
12.71346999999999
 30
0
 10
-3.857869999999989
 20
13.56516999999998
 30
0
 10
-3.898549999999998
 20
13.60728999999998
 30
0
 10
-3.898549999999998
 20
13.60728999999998
 30
0
 10
-3.907039999999993
 20
13.61608
 30
0
 10
-4.015070000000007
 20
13.53990999999998
 30
0
 10
-4.138609999999998
 20
13.43799999999998
 30
0
 10
-4.138609999999998
 20
13.43799999999998
 30
0
 10
-4.326109999999998
 20
13.28334999999999
 30
0
 10
-4.375910000000003
 20
13.25274999999998
 30
0
 10
-4.439959999999983
 20
13.25274999999998
 30
0
 10
-4.439959999999983
 20
13.25274999999998
 30
0
 10
-4.528970000000013
 20
13.25274999999998
 30
0
 10
-4.632829999999982
 20
13.34128
 30
0
 10
-4.657070000000002
 20
13.43781999999999
 30
0
 10
-4.657070000000002
 20
13.43781999999999
 30
0
 10
-4.679900000000003
 20
13.52874999999999
 30
0
 10
-4.634299999999994
 20
13.59924999999999
 30
0
 10
-4.372489999999997
 20
13.87782999999999
 30
0
  0
SPLINE
  5
206
100
AcDbEntity
  8
layer 1
  6
CONTINUOUS
 62
    1
370
    5
100
AcDbSpline
210
0
220
0
230
0
 70
    8
 71
    3
 72
   12
 73
    8
 74
    0
 42
1e-07
 43
1e-07
 40
0
 40
0
 40
0
 40
0
 40
0.3333333
 40
0.3333333
 40
0.3333333
 40
0.3333333
 40
1
 40
1
 40
1
 40
1
 10
-4.372489999999997
 20
13.87782999999999
 30
0
 10
-4.372489999999997
 20
13.87782999999999
 30
0
 10
-4.133419999999999
 20
14.13222999999998
 30
0
 10
-4.133419999999999
 20
14.13222999999998
 30
0
 10
-4.133419999999999
 20
14.13222999999998
 30
0
 10
-4.133419999999999
 20
14.13222999999998
 30
0
 10
-4.224890000000014
 20
14.31090999999998
 30
0
 10
-4.224890000000014
 20
14.31090999999998
 30
0
  0
SPLINE
  5
207
100
AcDbEntity
  8
layer 1
  6
CONTINUOUS
 62
    1
370
    5
100
AcDbSpline
210
0
220
0
230
0
 70
    8
 71
    3
 72
   92
 73
   88
 74
    0
 42
1e-07
 43
1e-07
 40
0
 40
0
 40
0
 40
0
 40
0.0434783
 40
0.0434783
 40
0.0434783
 40
0.0434783
 40
0.08695649999999999
 40
0.08695649999999999
 40
0.08695649999999999
 40
0.08695649999999999
 40
0.1304348
 40
0.1304348
 40
0.1304348
 40
0.1304348
 40
0.173913
 40
0.173913
 40
0.173913
 40
0.173913
 40
0.2173913
 40
0.2173913
 40
0.2173913
 40
0.2173913
 40
0.2608696
 40
0.2608696
 40
0.2608696
 40
0.2608696
 40
0.3043478
 40
0.3043478
 40
0.3043478
 40
0.3043478
 40
0.3478261
 40
0.3478261
 40
0.3478261
 40
0.3478261
 40
0.3913043
 40
0.3913043
 40
0.3913043
 40
0.3913043
 40
0.4347826
 40
0.4347826
 40
0.4347826
 40
0.4347826
 40
0.4782609
 40
0.4782609
 40
0.4782609
 40
0.4782609
 40
0.5217391
 40
0.5217391
 40
0.5217391
 40
0.5217391
 40
0.5652174
 40
0.5652174
 40
0.5652174
 40
0.5652174
 40
0.6086957
 40
0.6086957
 40
0.6086957
 40
0.6086957
 40
0.6521739
 40
0.6521739
 40
0.6521739
 40
0.6521739
 40
0.6956521999999999
 40
0.6956521999999999
 40
0.6956521999999999
 40
0.6956521999999999
 40
0.7391304
 40
0.7391304
 40
0.7391304
 40
0.7391304
 40
0.7826086999999999
 40
0.7826086999999999
 40
0.7826086999999999
 40
0.7826086999999999
 40
0.826087
 40
0.826087
 40
0.826087
 40
0.826087
 40
0.8695651999999999
 40
0.8695651999999999
 40
0.8695651999999999
 40
0.8695651999999999
 40
0.9130435
 40
0.9130435
 40
0.9130435
 40
0.9130435
 40
1
 40
1
 40
1
 40
1
 10
-4.224890000000014
 20
14.31090999999998
 30
0
 10
-4.331330000000007
 20
14.51877999999998
 30
0
 10
-4.636130000000008
 20
15.03618999999999
 30
0
 10
-4.66130000000001
 20
15.05175999999999
 30
0
 10
-4.66130000000001
 20
15.05175999999999
 30
0
 10
-4.670749999999996
 20
15.05757999999999
 30
0
 10
-4.756820000000003
 20
14.96835999999998
 30
0
 10
-4.852550000000006
 20
14.85342999999999
 30
0
 10
-4.852550000000006
 20
14.85342999999999
 30
0
 10
-5.084450000000002
 20
14.57499999999999
 30
0
 10
-5.178409999999984
 20
14.53890999999999
 30
0
 10
-5.321989999999999
 20
14.67300999999999
 30
0
 10
-5.321989999999999
 20
14.67300999999999
 30
0
 10
-5.373260000000014
 20
14.72092
 30
0
 10
-5.386999999999998
 20
14.7523
 30
0
 10
-5.386999999999998
 20
14.82159999999999
 30
0
 10
-5.386999999999998
 20
14.82159999999999
 30
0
 10
-5.386999999999998
 20
14.8957
 30
0
 10
-5.356159999999986
 20
14.95605999999998
 30
0
 10
-5.190410000000012
 20
15.20646999999999
 30
0
 10
-5.190410000000012
 20
15.20646999999999
 30
0
 10
-5.082289999999999
 20
15.36984999999999
 30
0
 10
-4.993819999999997
 20
15.51267999999999
 30
0
 10
-4.993819999999997
 20
15.52392999999998
 30
0
 10
-4.993819999999997
 20
15.52392999999998
 30
0
 10
-4.993819999999997
 20
15.57750999999999
 30
0
 10
-5.653250000000012
 20
16.35774999999999
 30
0
 10
-5.677249999999985
 20
16.33257999999998
 30
0
 10
-5.677249999999985
 20
16.33257999999998
 30
0
 10
-5.682979999999985
 20
16.32657999999998
 30
0
 10
-5.752430000000002
 20
16.21212999999999
 30
0
 10
-5.831629999999988
 20
16.07826999999999
 30
0
 10
-5.831629999999988
 20
16.07826999999999
 30
0
 10
-5.987719999999994
 20
15.81438999999999
 30
0
 10
-6.034580000000004
 20
15.77703999999999
 30
0
 10
-6.166069999999989
 20
15.81208
 30
0
 10
-6.166069999999989
 20
15.81208
 30
0
 10
-6.250850000000012
 20
15.83464
 30
0
 10
-6.348080000000008
 20
15.94531
 30
0
 10
-6.348080000000008
 20
16.01922999999998
 30
0
 10
-6.348080000000008
 20
16.01922999999998
 30
0
 10
-6.348080000000008
 20
16.04925999999999
 30
0
 10
-6.283579999999999
 20
16.22115999999999
 30
0
 10
-6.204740000000013
 20
16.40118999999999
 30
0
 10
-6.204740000000013
 20
16.40118999999999
 30
0
 10
-6.125929999999982
 20
16.58124999999999
 30
0
 10
-6.064490000000005
 20
16.73688999999999
 30
0
 10
-6.068240000000001
 20
16.74708999999999
 30
0
 10
-6.068240000000001
 20
16.74708999999999
 30
0
 10
-6.086209999999992
 20
16.79592999999999
 30
0
 10
-6.830510000000002
 20
17.42472999999999
 30
0
 10
-6.87035
 20
17.42472999999999
 30
0
 10
-6.87035
 20
17.42472999999999
 30
0
 10
-6.880490000000007
 20
17.42472999999999
 30
0
 10
-6.921080000000016
 20
17.33379999999999
 30
0
 10
-6.960559999999985
 20
17.22267999999999
 30
0
 10
-6.960559999999985
 20
17.22267999999999
 30
0
 10
-7.062710000000008
 20
16.93503999999999
 30
0
 10
-7.100509999999984
 20
16.86708999999998
 30
0
 10
-7.175690000000001
 20
16.83598
 30
0
 10
-7.175690000000001
 20
16.83598
 30
0
 10
-7.312459999999986
 20
16.77930999999999
 30
0
 10
-7.483910000000007
 20
16.89642999999999
 30
0
 10
-7.483910000000007
 20
17.04651999999999
 30
0
 10
-7.483910000000007
 20
17.04651999999999
 30
0
 10
-7.483910000000007
 20
17.08755999999999
 30
0
 10
-7.449499999999998
 20
17.25774999999999
 30
0
 10
-7.407469999999988
 20
17.42472999999999
 30
0
 10
-7.407469999999988
 20
17.42472999999999
 30
0
 10
-7.365409999999995
 20
17.59167999999999
 30
0
 10
-7.331000000000016
 20
17.73786999999999
 30
0
 10
-7.331000000000016
 20
17.74962999999999
 30
0
 10
-7.331000000000016
 20
17.74962999999999
 30
0
 10
-7.331000000000016
 20
17.78160999999999
 30
0
 10
-8.192630000000007
 20
18.29842
 30
0
 10
-8.245939999999989
 20
18.29842
 30
0
 10
-8.245939999999989
 20
18.29842
 30
0
 10
-8.253680000000001
 20
18.29842
 30
0
 10
-8.281159999999998
 20
18.17997999999999
 30
0
 10
-8.307050000000002
 20
18.03519999999999
 30
0
 10
-8.307050000000002
 20
18.03519999999999
 30
0
 10
-8.332909999999996
 20
17.89042
 30
0
 10
-8.370110000000009
 20
17.74747
 30
0
 10
-8.389759999999994
 20
17.71749999999999
 30
0
 10
-8.389759999999994
 20
17.71749999999999
 30
0
 10
-8.467669999999996
 20
17.59857999999999
 30
0
 10
-8.642390000000004
 20
17.59680999999999
 30
0
 10
-8.740970000000003
 20
17.71395999999999
 30
0
  0
SPLINE
  5
208
100
AcDbEntity
  8
layer 1
  6
CONTINUOUS
 62
    1
370
    5
100
AcDbSpline
210
0
220
0
230
0
 70
    8
 71
    3
 72
   12
 73
    8
 74
    0
 42
1e-07
 43
1e-07
 40
0
 40
0
 40
0
 40
0
 40
0.3333333
 40
0.3333333
 40
0.3333333
 40
0.3333333
 40
1
 40
1
 40
1
 40
1
 10
-8.740970000000003
 20
17.71395999999999
 30
0
 10
-8.740970000000003
 20
17.71395999999999
 30
0
 10
-8.799319999999993
 20
17.78328999999998
 30
0
 10
-8.799319999999993
 20
17.78328999999998
 30
0
 10
-8.799319999999993
 20
17.78328999999998
 30
0
 10
-8.799319999999993
 20
17.78328999999998
 30
0
 10
-8.782520000000003
 20
18.09001
 30
0
 10
-8.782520000000003
 20
18.09001
 30
0
  0
SPLINE
  5
209
100
AcDbEntity
  8
layer 1
  6
CONTINUOUS
 62
    1
370
    5
100
AcDbSpline
210
0
220
0
230
0
 70
    8
 71
    3
 72
   16
 73
   12
 74
    0
 42
1e-07
 43
1e-07
 40
0
 40
0
 40
0
 40
0
 40
0.25
 40
0.25
 40
0.25
 40
0.25
 40
0.5
 40
0.5
 40
0.5
 40
0.5
 40
1
 40
1
 40
1
 40
1
 10
-8.782520000000003
 20
18.09001
 30
0
 10
-8.754289999999996
 20
18.60543999999999
 30
0
 10
-8.733110000000009
 20
18.53625999999999
 30
0
 10
-8.947370000000005
 20
18.62829999999999
 30
0
 10
-8.947370000000005
 20
18.62829999999999
 30
0
 10
-9.130279999999997
 20
18.70686999999999
 30
0
 10
-9.762650000000006
 20
18.93186999999999
 30
0
 10
-9.800569999999992
 20
18.93186999999999
 30
0
 10
-9.800569999999992
 20
18.93186999999999
 30
0
 10
-9.811249999999999
 20
18.93186999999999
 30
0
 10
-9.822709999999999
 20
18.77475999999999
 30
0
 10
-9.826009999999995
 20
18.58272999999999
 30
0
  0
SPLINE
  5
20A
100
AcDbEntity
  8
layer 1
  6
CONTINUOUS
 62
    1
370
    5
100
AcDbSpline
210
0
220
0
230
0
 70
    8
 71
    3
 72
   12
 73
    8
 74
    0
 42
1e-07
 43
1e-07
 40
0
 40
0
 40
0
 40
0
 40
0.3333333
 40
0.3333333
 40
0.3333333
 40
0.3333333
 40
1
 40
1
 40
1
 40
1
 10
-9.826009999999995
 20
18.58272999999999
 30
0
 10
-9.826009999999995
 20
18.58272999999999
 30
0
 10
-9.832009999999995
 20
18.23358999999998
 30
0
 10
-9.832009999999995
 20
18.23358999999998
 30
0
 10
-9.832009999999995
 20
18.23358999999998
 30
0
 10
-9.832009999999995
 20
18.23358999999998
 30
0
 10
-10.31131999999999
 20
18.98136999999999
 30
0
 10
-10.31131999999999
 20
18.98136999999999
 30
0
  0
SPLINE
  5
20B
100
AcDbEntity
  8
layer 1
  6
CONTINUOUS
 62
    1
370
    5
100
AcDbSpline
210
0
220
0
230
0
 70
    8
 71
    3
 72
   24
 73
   20
 74
    0
 42
1e-07
 43
1e-07
 40
0
 40
0
 40
0
 40
0
 40
0.1666667
 40
0.1666667
 40
0.1666667
 40
0.1666667
 40
0.3333333
 40
0.3333333
 40
0.3333333
 40
0.3333333
 40
0.5
 40
0.5
 40
0.5
 40
0.5
 40
0.6666666999999999
 40
0.6666666999999999
 40
0.6666666999999999
 40
0.6666666999999999
 40
1
 40
1
 40
1
 40
1
 10
-10.31131999999999
 20
18.98136999999999
 30
0
 10
-11.03456
 20
20.10972999999999
 30
0
 10
-11.17975999999999
 20
20.32587999999999
 30
0
 10
-11.33440999999999
 20
20.50455999999999
 30
0
 10
-11.33440999999999
 20
20.50455999999999
 30
0
 10
-11.92379
 20
21.18543999999999
 30
0
 10
-12.67798999999999
 20
21.39787
 30
0
 10
-13.35437000000002
 20
21.07344999999998
 30
0
 10
-13.35437000000002
 20
21.07344999999998
 30
0
 10
-13.58957000000001
 20
20.96064999999999
 30
0
 10
-13.70377999999999
 20
20.88045999999999
 30
0
 10
-13.91012000000001
 20
20.68332999999999
 30
0
 10
-13.91012000000001
 20
20.68332999999999
 30
0
 10
-14.14415
 20
20.45973999999999
 30
0
 10
-14.27099000000001
 20
20.28801999999999
 30
0
 10
-14.72516000000002
 20
19.57996
 30
0
 10
-14.72516000000002
 20
19.57996
 30
0
 10
-15.11260999999999
 20
18.97594
 30
0
 10
-15.12347
 20
18.97837
 30
0
 10
-15.20570000000001
 20
18.94876000000001
 30
0
  0
SPLINE
  5
20C
100
AcDbEntity
  8
layer 1
  6
CONTINUOUS
 62
    1
370
    5
100
AcDbSpline
210
0
220
0
230
0
 70
    8
 71
    3
 72
    8
 73
    4
 74
    0
 42
1e-07
 43
1e-07
 40
0
 40
0
 40
0
 40
0
 40
1
 40
1
 40
1
 40
1
 10
-15.20570000000001
 20
18.94876000000001
 30
0
 10
-15.20570000000001
 20
18.94876000000001
 30
0
 10
-16.19918000000001
 20
18.59085999999999
 30
0
 10
-16.19918000000001
 20
18.59085999999999
 30
0
  0
SPLINE
  5
20D
100
AcDbEntity
  8
layer 1
  6
CONTINUOUS
 62
    1
370
    5
100
AcDbSpline
210
0
220
0
230
0
 70
    8
 71
    3
 72
   20
 73
   16
 74
    0
 42
1e-07
 43
1e-07
 40
0
 40
0
 40
0
 40
0
 40
0.2
 40
0.2
 40
0.2
 40
0.2
 40
0.4
 40
0.4
 40
0.4
 40
0.4
 40
0.6
 40
0.6
 40
0.6
 40
0.6
 40
1
 40
1
 40
1
 40
1
 10
-16.19918000000001
 20
18.59085999999999
 30
0
 10
-16.20452
 20
18.58893999999999
 30
0
 10
-16.11563000000001
 20
18.48082
 30
0
 10
-16.01351
 20
18.35893
 30
0
 10
-16.01351
 20
18.35893
 30
0
 10
-15.79721000000001
 20
18.10069
 30
0
 10
-15.78254000000001
 20
18.04576
 30
0
 10
-15.89567
 20
17.91694
 30
0
 10
-15.89567
 20
17.91694
 30
0
 10
-15.95069000000001
 20
17.85427
 30
0
 10
-15.97891999999999
 20
17.83975
 30
0
 10
-16.04561000000001
 20
17.83975
 30
0
 10
-16.04561000000001
 20
17.83975
 30
0
 10
-16.14574999999999
 20
17.83975
 30
0
 10
-16.18646000000001
 20
17.86915
 30
0
 10
-16.47685999999999
 20
18.15163
 30
0
  0
SPLINE
  5
20E
100
AcDbEntity
  8
layer 1
  6
CONTINUOUS
 62
    1
370
    5
100
AcDbSpline
210
0
220
0
230
0
 70
    8
 71
    3
 72
    8
 73
    4
 74
    0
 42
1e-07
 43
1e-07
 40
0
 40
0
 40
0
 40
0
 40
1
 40
1
 40
1
 40
1
 10
-16.47685999999999
 20
18.15163
 30
0
 10
-16.47685999999999
 20
18.15163
 30
0
 10
-16.69997000000001
 20
18.36859000000002
 30
0
 10
-16.69997000000001
 20
18.36859000000002
 30
0
  0
SPLINE
  5
20F
100
AcDbEntity
  8
layer 1
  6
CONTINUOUS
 62
    1
370
    5
100
AcDbSpline
210
0
220
0
230
0
 70
    8
 71
    3
 72
   16
 73
   12
 74
    0
 42
1e-07
 43
1e-07
 40
0
 40
0
 40
0
 40
0
 40
0.25
 40
0.25
 40
0.25
 40
0.25
 40
0.5
 40
0.5
 40
0.5
 40
0.5
 40
1
 40
1
 40
1
 40
1
 10
-7.13426000000001
 20
12.16056999999998
 30
0
 10
-4.486040000000002
 20
8.033919999999988
 30
0
 10
-2.292470000000009
 20
4.608129999999982
 30
0
 10
-2.259619999999984
 20
4.547739999999997
 30
0
 10
-2.259619999999984
 20
4.547739999999997
 30
0
 10
-2.193680000000001
 20
4.426449999999996
 30
0
 10
-2.132419999999996
 20
4.216029999999996
 30
0
 10
-2.132419999999996
 20
4.110849999999992
 30
0
 10
-2.132419999999996
 20
4.110849999999992
 30
0
 10
-2.132419999999996
 20
3.811929999999983
 30
0
 10
-2.365189999999984
 20
3.565629999999993
 30
0
 10
-2.717780000000005
 20
3.491469999999986
 30
0
  0
SPLINE
  5
210
100
AcDbEntity
  8
layer 1
  6
CONTINUOUS
 62
    1
370
    5
100
AcDbSpline
210
0
220
0
230
0
 70
    8
 71
    3
 72
   48
 73
   44
 74
    0
 42
1e-07
 43
1e-07
 40
0
 40
0
 40
0
 40
0
 40
0.0833333
 40
0.0833333
 40
0.0833333
 40
0.0833333
 40
0.1666667
 40
0.1666667
 40
0.1666667
 40
0.1666667
 40
0.25
 40
0.25
 40
0.25
 40
0.25
 40
0.3333333
 40
0.3333333
 40
0.3333333
 40
0.3333333
 40
0.4166667
 40
0.4166667
 40
0.4166667
 40
0.4166667
 40
0.5
 40
0.5
 40
0.5
 40
0.5
 40
0.5833332999999999
 40
0.5833332999999999
 40
0.5833332999999999
 40
0.5833332999999999
 40
0.6666666999999999
 40
0.6666666999999999
 40
0.6666666999999999
 40
0.6666666999999999
 40
0.75
 40
0.75
 40
0.75
 40
0.75
 40
0.8333332999999999
 40
0.8333332999999999
 40
0.8333332999999999
 40
0.8333332999999999
 40
1
 40
1
 40
1
 40
1
 10
-2.717780000000005
 20
3.491469999999986
 30
0
 10
-2.801989999999988
 20
3.473769999999995
 30
0
 10
-5.523589999999984
 20
3.467649999999986
 30
0
 10
-12.69995
 20
3.468939999999998
 30
0
 10
-12.69995
 20
3.468939999999998
 30
0
 10
-23.26598000000001
 20
3.470889999999993
 30
0
 10
-22.68808999999999
 20
3.464949999999998
 30
0
 10
-22.89926
 20
3.573939999999988
 30
0
 10
-22.89926
 20
3.573939999999988
 30
0
 10
-22.94441
 20
3.597249999999999
 30
0
 10
-23.01769999999999
 20
3.654009999999996
 30
0
 10
-23.06209999999999
 20
3.700089999999999
 30
0
 10
-23.06209999999999
 20
3.700089999999999
 30
0
 10
-23.267
 20
3.912699999999997
 30
0
 10
-23.28779
 20
4.185879999999993
 30
0
 10
-23.12429
 20
4.516719999999988
 30
0
 10
-23.12429
 20
4.516719999999988
 30
0
 10
-23.09132
 20
4.583409999999996
 30
0
 10
-20.88818000000001
 20
8.02854999999999
 30
0
 10
-18.22837999999999
 20
12.17259999999999
 30
0
 10
-18.22837999999999
 20
12.17259999999999
 30
0
 10
-14.46623
 20
18.03417999999998
 30
0
 10
-13.36517000000001
 20
19.73445999999999
 30
0
 10
-13.2698
 20
19.82982999999999
 30
0
 10
-13.2698
 20
19.82982999999999
 30
0
 10
-13.20239000000001
 20
19.89727
 30
0
 10
-13.08935
 20
19.98075999999999
 30
0
 10
-13.01861
 20
20.01540999999999
 30
0
 10
-13.01861
 20
20.01540999999999
 30
0
 10
-12.90437
 20
20.07135999999999
 30
0
 10
-12.86680999999999
 20
20.07840999999998
 30
0
 10
-12.68249
 20
20.07849999999998
 30
0
 10
-12.68249
 20
20.07849999999998
 30
0
 10
-12.48830000000001
 20
20.07859
 30
0
 10
-12.46630999999999
 20
20.07387999999999
 30
0
 10
-12.33959000000002
 20
20.00514999999999
 30
0
 10
-12.33959000000002
 20
20.00514999999999
 30
0
 10
-12.26456000000002
 20
19.96443999999999
 30
0
 10
-12.14732000000001
 20
19.87191999999999
 30
0
 10
-12.07667000000001
 20
19.79763999999999
 30
0
 10
-12.07667000000001
 20
19.79763999999999
 30
0
 10
-11.98178000000001
 20
19.69785999999998
 30
0
 10
-10.71826999999999
 20
17.74542999999999
 30
0
 10
-7.13426000000001
 20
12.16056999999998
 30
0
  0
ENDBLK
  5
63
330
61
100
AcDbEntity
  8
0
100
AcDbBlockEnd
  0
BLOCK
  5
65
330
64
100
AcDbEntity
  8
0
100
AcDbBlockBegin
  2
make_break_create_blk
 70
    0
 10
0
 20
0
  3
make_break_create_blk
  1

  0
LINE
  5
211
100
AcDbEntity
  8
0
  6
CONTINUOUS
 62
    1
370
    5
100
AcDbLine
 10
28.50026220000001
 20
19.770696
 11
30.22825769999997
 21
19.770696
  0
LINE
  5
212
100
AcDbEntity
  8
0
  6
CONTINUOUS
 62
    1
370
    5
100
AcDbLine
 10
30.22825769999997
 20
19.770696
 11
30.22825769999997
 21
21.7626912
  0
LINE
  5
213
100
AcDbEntity
  8
0
  6
CONTINUOUS
 62
    1
370
    5
100
AcDbLine
 10
30.22825769999997
 20
21.7626912
 11
28.50026220000001
 21
21.7626912
  0
LINE
  5
214
100
AcDbEntity
  8
0
  6
CONTINUOUS
 62
    1
370
    5
100
AcDbLine
 10
28.50026220000001
 20
21.7626912
 11
28.50026220000001
 21
19.770696
  0
SPLINE
  5
215
100
AcDbEntity
  8
0
  6
CONTINUOUS
 62
    1
370
    5
100
AcDbSpline
210
0
220
0
230
0
 70
    8
 71
    3
 72
    8
 73
    4
 74
    0
 42
1e-07
 43
1e-07
 40
0
 40
0
 40
0
 40
0
 40
1
 40
1
 40
1
 40
1
 10
24.98426910000001
 20
21.042693
 30
0
 10
24.12027180000001
 20
21.042693
 30
0
 10
23.78427210000001
 20
21.36669209999999
 30
0
 10
23.77227240000002
 20
22.0866903
 30
0
  0
LINE
  5
216
100
AcDbEntity
  8
0
  6
CONTINUOUS
 62
    1
370
    5
100
AcDbLine
 10
23.77227240000002
 20
22.0866903
 11
27.30026340000001
 21
22.0866903
  0
LINE
  5
217
100
AcDbEntity
  8
0
  6
CONTINUOUS
 62
    1
370
    5
100
AcDbLine
 10
27.30026340000001
 20
22.0866903
 11
27.4202631
 21
23.20268786999999
  0
SPLINE
  5
218
100
AcDbEntity
  8
0
  6
CONTINUOUS
 62
    1
370
    5
100
AcDbSpline
210
0
220
0
230
0
 70
    8
 71
    3
 72
    8
 73
    4
 74
    0
 42
1e-07
 43
1e-07
 40
0
 40
0
 40
0
 40
0
 40
1
 40
1
 40
1
 40
1
 10
27.4202631
 20
23.20268786999999
 30
0
 10
27.4202631
 20
25.01468307
 30
0
 10
26.5682655
 20
25.91468127
 30
0
 10
24.80427000000003
 20
25.91468127
 30
0
  0
SPLINE
  5
219
100
AcDbEntity
  8
0
  6
CONTINUOUS
 62
    1
370
    5
100
AcDbSpline
210
0
220
0
230
0
 70
    8
 71
    3
 72
    8
 73
    4
 74
    0
 42
1e-07
 43
1e-07
 40
0
 40
0
 40
0
 40
0
 40
1
 40
1
 40
1
 40
1
 10
24.80427000000003
 20
25.91468127
 30
0
 10
23.0522742
 20
25.91468127
 30
0
 10
22.1522769
 20
24.82268336999999
 30
0
 10
22.1522769
 20
22.68668907
 30
0
  0
SPLINE
  5
21A
100
AcDbEntity
  8
0
  6
CONTINUOUS
 62
    1
370
    5
100
AcDbSpline
210
0
220
0
230
0
 70
    8
 71
    3
 72
    8
 73
    4
 74
    0
 42
1e-07
 43
1e-07
 40
0
 40
0
 40
0
 40
0
 40
1
 40
1
 40
1
 40
1
 10
22.1522769
 20
22.68668907
 30
0
 10
22.1522769
 20
20.5266942
 30
0
 10
22.92027480000002
 20
19.6266969
 30
0
 10
24.73226999999997
 20
19.6266969
 30
0
  0
SPLINE
  5
21B
100
AcDbEntity
  8
0
  6
CONTINUOUS
 62
    1
370
    5
100
AcDbSpline
210
0
220
0
230
0
 70
    8
 71
    3
 72
    8
 73
    4
 74
    0
 42
1e-07
 43
1e-07
 40
0
 40
0
 40
0
 40
0
 40
1
 40
1
 40
1
 40
1
 10
24.73226999999997
 20
19.6266969
 30
0
 10
25.84826729999997
 20
19.6266969
 30
0
 10
27.2282634
 20
19.96269569999999
 30
0
 10
27.2282634
 20
19.96269569999999
 30
0
  0
LINE
  5
21C
100
AcDbEntity
  8
0
  6
CONTINUOUS
 62
    1
370
    5
100
AcDbLine
 10
27.2282634
 20
19.96269569999999
 11
27.20426400000002
 21
21.150693
  0
SPLINE
  5
21D
100
AcDbEntity
  8
0
  6
CONTINUOUS
 62
    1
370
    5
100
AcDbSpline
210
0
220
0
230
0
 70
    8
 71
    3
 72
    8
 73
    4
 74
    0
 42
1e-07
 43
1e-07
 40
0
 40
0
 40
0
 40
0
 40
1
 40
1
 40
1
 40
1
 10
27.20426400000002
 20
21.150693
 30
0
 10
27.20426400000002
 20
21.150693
 30
0
 10
25.96826699999997
 20
21.042693
 30
0
 10
24.98426910000001
 20
21.042693
 30
0
  0
LINE
  5
21E
100
AcDbEntity
  8
0
  6
CONTINUOUS
 62
    1
370
    5
100
AcDbLine
 10
24.98426910000001
 20
21.042693
 11
24.98426910000001
 21
21.042693
  0
SPLINE
  5
21F
100
AcDbEntity
  8
0
  6
CONTINUOUS
 62
    1
370
    5
100
AcDbSpline
210
0
220
0
230
0
 70
    8
 71
    3
 72
    8
 73
    4
 74
    0
 42
1e-07
 43
1e-07
 40
0
 40
0
 40
0
 40
0
 40
1
 40
1
 40
1
 40
1
 10
23.76027270000003
 20
23.31068786999999
 30
0
 10
23.77227240000002
 20
24.22268486999999
 30
0
 10
24.03627299999999
 20
24.59468456999999
 30
0
 10
24.80427000000003
 20
24.59468456999999
 30
0
  0
SPLINE
  5
220
100
AcDbEntity
  8
0
  6
CONTINUOUS
 62
    1
370
    5
100
AcDbSpline
210
0
220
0
230
0
 70
    8
 71
    3
 72
    8
 73
    4
 74
    0
 42
1e-07
 43
1e-07
 40
0
 40
0
 40
0
 40
0
 40
1
 40
1
 40
1
 40
1
 10
24.80427000000003
 20
24.59468456999999
 30
0
 10
25.5602682
 20
24.59468456999999
 30
0
 10
25.83626759999999
 20
24.28268517
 30
0
 10
25.83626759999999
 20
23.31068786999999
 30
0
  0
LINE
  5
221
100
AcDbEntity
  8
0
  6
CONTINUOUS
 62
    1
370
    5
100
AcDbLine
 10
25.83626759999999
 20
23.31068786999999
 11
23.76027270000003
 21
23.31068786999999
  0
LINE
  5
222
100
AcDbEntity
  8
0
  6
CONTINUOUS
 62
    1
370
    5
100
AcDbLine
 10
17.98830359999999
 20
19.770696
 11
17.98830359999999
 21
22.00269059999999
  0
LINE
  5
223
100
AcDbEntity
  8
0
  6
CONTINUOUS
 62
    1
370
    5
100
AcDbLine
 10
17.98830359999999
 20
22.00269059999999
 11
18.64830239999998
 21
22.11069059999999
  0
LINE
  5
224
100
AcDbEntity
  8
0
  6
CONTINUOUS
 62
    1
370
    5
100
AcDbLine
 10
18.64830239999998
 20
22.11069059999999
 11
19.86029910000002
 21
19.770696
  0
LINE
  5
225
100
AcDbEntity
  8
0
  6
CONTINUOUS
 62
    1
370
    5
100
AcDbLine
 10
19.86029910000002
 20
19.770696
 11
21.67229429999998
 21
19.770696
  0
LINE
  5
226
100
AcDbEntity
  8
0
  6
CONTINUOUS
 62
    1
370
    5
100
AcDbLine
 10
21.67229429999998
 20
19.770696
 11
20.02829850000001
 21
22.92668846999999
  0
LINE
  5
227
100
AcDbEntity
  8
0
  6
CONTINUOUS
 62
    1
370
    5
100
AcDbLine
 10
20.02829850000001
 20
22.92668846999999
 11
21.58829459999998
 21
25.77068126999999
  0
LINE
  5
228
100
AcDbEntity
  8
0
  6
CONTINUOUS
 62
    1
370
    5
100
AcDbLine
 10
21.58829459999998
 20
25.77068126999999
 11
19.78829910000002
 21
25.77068126999999
  0
LINE
  5
229
100
AcDbEntity
  8
0
  6
CONTINUOUS
 62
    1
370
    5
100
AcDbLine
 10
19.78829910000002
 20
25.77068126999999
 11
18.60030269999999
 21
23.50268667
  0
LINE
  5
22A
100
AcDbEntity
  8
0
  6
CONTINUOUS
 62
    1
370
    5
100
AcDbLine
 10
18.60030269999999
 20
23.50268667
 11
17.98830359999999
 21
23.39468756999999
  0
LINE
  5
22B
100
AcDbEntity
  8
0
  6
CONTINUOUS
 62
    1
370
    5
100
AcDbLine
 10
17.98830359999999
 20
23.39468756999999
 11
17.98830359999999
 21
28.17067527
  0
LINE
  5
22C
100
AcDbEntity
  8
0
  6
CONTINUOUS
 62
    1
370
    5
100
AcDbLine
 10
17.98830359999999
 20
28.17067527
 11
16.38030780000003
 21
28.17067527
  0
LINE
  5
22D
100
AcDbEntity
  8
0
  6
CONTINUOUS
 62
    1
370
    5
100
AcDbLine
 10
16.38030780000003
 20
28.17067527
 11
16.38030780000003
 21
19.770696
  0
LINE
  5
22E
100
AcDbEntity
  8
0
  6
CONTINUOUS
 62
    1
370
    5
100
AcDbLine
 10
16.38030780000003
 20
19.770696
 11
17.98830359999999
 21
19.770696
  0
LINE
  5
22F
100
AcDbEntity
  8
0
  6
CONTINUOUS
 62
    1
370
    5
100
AcDbLine
 10
1.788340140000005
 20
19.770696
 11
1.788340140000006
 21
24.25868487
  0
SPLINE
  5
230
100
AcDbEntity
  8
0
  6
CONTINUOUS
 62
    1
370
    5
100
AcDbSpline
210
0
220
0
230
0
 70
    8
 71
    3
 72
    8
 73
    4
 74
    0
 42
1e-07
 43
1e-07
 40
0
 40
0
 40
0
 40
0
 40
1
 40
1
 40
1
 40
1
 10
1.788340140000006
 20
24.25868487
 30
0
 10
1.788340140000006
 20
24.25868487
 30
0
 10
2.328338700000022
 20
24.47468487
 30
0
 10
2.856337380000017
 20
24.47468487
 30
0
  0
SPLINE
  5
231
100
AcDbEntity
  8
0
  6
CONTINUOUS
 62
    1
370
    5
100
AcDbSpline
210
0
220
0
230
0
 70
    8
 71
    3
 72
    8
 73
    4
 74
    0
 42
1e-07
 43
1e-07
 40
0
 40
0
 40
0
 40
0
 40
1
 40
1
 40
1
 40
1
 10
2.856337380000017
 20
24.47468487
 30
0
 10
3.600335430000033
 20
24.47468487
 30
0
 10
3.696335190000016
 20
23.93468577
 30
0
 10
3.696335190000016
 20
22.85468847
 30
0
  0
LINE
  5
232
100
AcDbEntity
  8
0
  6
CONTINUOUS
 62
    1
370
    5
100
AcDbLine
 10
3.696335190000016
 20
22.85468847
 11
3.696335190000016
 21
19.770696
  0
LINE
  5
233
100
AcDbEntity
  8
0
  6
CONTINUOUS
 62
    1
370
    5
100
AcDbLine
 10
3.696335190000016
 20
19.770696
 11
5.304331349999987
 21
19.770696
  0
LINE
  5
234
100
AcDbEntity
  8
0
  6
CONTINUOUS
 62
    1
370
    5
100
AcDbLine
 10
5.304331349999987
 20
19.770696
 11
5.304331349999987
 21
22.87868877
  0
SPLINE
  5
235
100
AcDbEntity
  8
0
  6
CONTINUOUS
 62
    1
370
    5
100
AcDbSpline
210
0
220
0
230
0
 70
    8
 71
    3
 72
    8
 73
    4
 74
    0
 42
1e-07
 43
1e-07
 40
0
 40
0
 40
0
 40
0
 40
1
 40
1
 40
1
 40
1
 10
5.304331349999987
 20
22.87868877
 30
0
 10
5.304331349999987
 20
23.34668787
 30
0
 10
5.256331649999995
 20
24.24668517000001
 30
0
 10
5.256331649999995
 20
24.24668517000001
 30
0
  0
SPLINE
  5
236
100
AcDbEntity
  8
0
  6
CONTINUOUS
 62
    1
370
    5
100
AcDbSpline
210
0
220
0
230
0
 70
    8
 71
    3
 72
    8
 73
    4
 74
    0
 42
1e-07
 43
1e-07
 40
0
 40
0
 40
0
 40
0
 40
1
 40
1
 40
1
 40
1
 10
5.256331649999995
 20
24.24668517000001
 30
0
 10
5.256331649999995
 20
24.24668517000001
 30
0
 10
5.892329249999992
 20
24.47468487
 30
0
 10
6.372328050000025
 20
24.47468487
 30
0
  0
SPLINE
  5
237
100
AcDbEntity
  8
0
  6
CONTINUOUS
 62
    1
370
    5
100
AcDbSpline
210
0
220
0
230
0
 70
    8
 71
    3
 72
    8
 73
    4
 74
    0
 42
1e-07
 43
1e-07
 40
0
 40
0
 40
0
 40
0
 40
1
 40
1
 40
1
 40
1
 10
6.372328050000025
 20
24.47468487
 30
0
 10
7.092326249999989
 20
24.47468487
 30
0
 10
7.212325949999983
 20
23.88668607
 30
0
 10
7.212325949999983
 20
22.97468817000001
 30
0
  0
LINE
  5
238
100
AcDbEntity
  8
0
  6
CONTINUOUS
 62
    1
370
    5
100
AcDbLine
 10
7.212325949999983
 20
22.97468817000001
 11
7.212325949999981
 21
19.770696
  0
LINE
  5
239
100
AcDbEntity
  8
0
  6
CONTINUOUS
 62
    1
370
    5
100
AcDbLine
 10
7.212325949999981
 20
19.770696
 11
8.820321750000012
 21
19.770696
  0
LINE
  5
23A
100
AcDbEntity
  8
0
  6
CONTINUOUS
 62
    1
370
    5
100
AcDbLine
 10
8.820321750000012
 20
19.770696
 11
8.820321750000014
 21
23.02268877
  0
SPLINE
  5
23B
100
AcDbEntity
  8
0
  6
CONTINUOUS
 62
    1
370
    5
100
AcDbSpline
210
0
220
0
230
0
 70
    8
 71
    3
 72
    8
 73
    4
 74
    0
 42
1e-07
 43
1e-07
 40
0
 40
0
 40
0
 40
0
 40
1
 40
1
 40
1
 40
1
 10
8.820321750000014
 20
23.02268877
 30
0
 10
8.820321750000014
 20
24.95468367000001
 30
0
 10
8.340322949999974
 20
25.91468127
 30
0
 10
6.708327750000027
 20
25.91468127
 30
0
  0
SPLINE
  5
23C
100
AcDbEntity
  8
0
  6
CONTINUOUS
 62
    1
370
    5
100
AcDbSpline
210
0
220
0
230
0
 70
    8
 71
    3
 72
    8
 73
    4
 74
    0
 42
1e-07
 43
1e-07
 40
0
 40
0
 40
0
 40
0
 40
1
 40
1
 40
1
 40
1
 10
6.708327750000027
 20
25.91468127
 30
0
 10
5.79632985000001
 20
25.91468127
 30
0
 10
4.692332700000012
 20
25.35068277000001
 30
0
 10
4.692332700000012
 20
25.35068277000001
 30
0
  0
SPLINE
  5
23D
100
AcDbEntity
  8
0
  6
CONTINUOUS
 62
    1
370
    5
100
AcDbSpline
210
0
220
0
230
0
 70
    8
 71
    3
 72
    8
 73
    4
 74
    0
 42
1e-07
 43
1e-07
 40
0
 40
0
 40
0
 40
0
 40
1
 40
1
 40
1
 40
1
 10
4.692332700000012
 20
25.35068277000001
 30
0
 10
4.33233360000003
 20
25.73468127
 30
0
 10
3.864334770000031
 20
25.91468127
 30
0
 10
3.192336539999989
 20
25.91468127
 30
0
  0
SPLINE
  5
23E
100
AcDbEntity
  8
0
  6
CONTINUOUS
 62
    1
370
    5
100
AcDbSpline
210
0
220
0
230
0
 70
    8
 71
    3
 72
    8
 73
    4
 74
    0
 42
1e-07
 43
1e-07
 40
0
 40
0
 40
0
 40
0
 40
1
 40
1
 40
1
 40
1
 10
3.192336539999989
 20
25.91468127
 30
0
 10
2.604338009999996
 20
25.91468127
 30
0
 10
1.776340170000029
 20
25.43468247
 30
0
 10
1.776340170000029
 20
25.43468247
 30
0
  0
LINE
  5
23F
100
AcDbEntity
  8
0
  6
CONTINUOUS
 62
    1
370
    5
100
AcDbLine
 10
1.776340170000029
 20
25.43468247
 11
1.776340170000029
 21
25.77068127
  0
LINE
  5
240
100
AcDbEntity
  8
0
  6
CONTINUOUS
 62
    1
370
    5
100
AcDbLine
 10
1.776340170000029
 20
25.77068127
 11
0.1803442500000219
 21
25.77068127
  0
LINE
  5
241
100
AcDbEntity
  8
0
  6
CONTINUOUS
 62
    1
370
    5
100
AcDbLine
 10
0.1803442500000219
 20
25.77068127
 11
0.1803442500000214
 21
19.770696
  0
LINE
  5
242
100
AcDbEntity
  8
0
  6
CONTINUOUS
 62
    1
370
    5
100
AcDbLine
 10
0.1803442500000214
 20
19.770696
 11
1.788340140000005
 21
19.770696
  0
SPLINE
  5
243
100
AcDbEntity
  8
0
  6
CONTINUOUS
 62
    1
370
    5
100
AcDbSpline
210
0
220
0
230
0
 70
    8
 71
    3
 72
    8
 73
    4
 74
    0
 42
1e-07
 43
1e-07
 40
0
 40
0
 40
0
 40
0
 40
1
 40
1
 40
1
 40
1
 10
3.125352869999974
 20
16.976979
 30
0
 10
2.597354189999978
 20
16.976979
 30
0
 10
1.829356200000009
 20
16.65297989999999
 30
0
 10
1.829356200000009
 20
16.65297989999999
 30
0
  0
LINE
  5
244
100
AcDbEntity
  8
0
  6
CONTINUOUS
 62
    1
370
    5
100
AcDbLine
 10
1.829356200000009
 20
16.65297989999999
 11
1.829356200000009
 21
19.232973
  0
LINE
  5
245
100
AcDbEntity
  8
0
  6
CONTINUOUS
 62
    1
370
    5
100
AcDbLine
 10
1.829356200000009
 20
19.232973
 11
0.2213603100000254
 21
19.232973
  0
LINE
  5
246
100
AcDbEntity
  8
0
  6
CONTINUOUS
 62
    1
370
    5
100
AcDbLine
 10
0.2213603100000254
 20
19.232973
 11
0.2213603100000241
 21
10.8569943
  0
SPLINE
  5
247
100
AcDbEntity
  8
0
  6
CONTINUOUS
 62
    1
370
    5
100
AcDbSpline
210
0
220
0
230
0
 70
    8
 71
    3
 72
    8
 73
    4
 74
    0
 42
1e-07
 43
1e-07
 40
0
 40
0
 40
0
 40
0
 40
1
 40
1
 40
1
 40
1
 10
0.2213603100000241
 20
10.8569943
 30
0
 10
0.2213603100000241
 20
10.8569943
 30
0
 10
1.985355809999989
 20
10.6889949
 30
0
 10
2.561354279999991
 20
10.6889949
 30
0
  0
SPLINE
  5
248
100
AcDbEntity
  8
0
  6
CONTINUOUS
 62
    1
370
    5
100
AcDbSpline
210
0
220
0
230
0
 70
    8
 71
    3
 72
    8
 73
    4
 74
    0
 42
1e-07
 43
1e-07
 40
0
 40
0
 40
0
 40
0
 40
1
 40
1
 40
1
 40
1
 10
2.561354279999991
 20
10.6889949
 30
0
 10
4.673348910000017
 20
10.6889949
 30
0
 10
5.549346449999975
 20
11.3369931
 30
0
 10
5.549346449999975
 20
13.9169862
 30
0
  0
SPLINE
  5
249
100
AcDbEntity
  8
0
  6
CONTINUOUS
 62
    1
370
    5
100
AcDbSpline
210
0
220
0
230
0
 70
    8
 71
    3
 72
    8
 73
    4
 74
    0
 42
1e-07
 43
1e-07
 40
0
 40
0
 40
0
 40
0
 40
1
 40
1
 40
1
 40
1
 10
5.549346449999975
 20
13.9169862
 30
0
 10
5.549346449999975
 20
16.22098080000001
 30
0
 10
4.757348700000025
 20
16.976979
 30
0
 10
3.125352869999974
 20
16.976979
 30
0
  0
LINE
  5
24A
100
AcDbEntity
  8
0
  6
CONTINUOUS
 62
    1
370
    5
100
AcDbLine
 10
3.125352869999974
 20
16.976979
 11
3.125352869999974
 21
16.976979
  0
SPLINE
  5
24B
100
AcDbEntity
  8
0
  6
CONTINUOUS
 62
    1
370
    5
100
AcDbSpline
210
0
220
0
230
0
 70
    8
 71
    3
 72
    8
 73
    4
 74
    0
 42
1e-07
 43
1e-07
 40
0
 40
0
 40
0
 40
0
 40
1
 40
1
 40
1
 40
1
 10
2.561354279999991
 20
12.1289913
 30
0
 10
2.381354820000015
 20
12.1289913
 30
0
 10
1.829356200000008
 20
12.176991
 30
0
 10
1.829356200000008
 20
12.176991
 30
0
  0
LINE
  5
24C
100
AcDbEntity
  8
0
  6
CONTINUOUS
 62
    1
370
    5
100
AcDbLine
 10
1.829356200000008
 20
12.176991
 11
1.829356200000009
 21
15.38098289999999
  0
SPLINE
  5
24D
100
AcDbEntity
  8
0
  6
CONTINUOUS
 62
    1
370
    5
100
AcDbSpline
210
0
220
0
230
0
 70
    8
 71
    3
 72
    8
 73
    4
 74
    0
 42
1e-07
 43
1e-07
 40
0
 40
0
 40
0
 40
0
 40
1
 40
1
 40
1
 40
1
 10
1.829356200000009
 20
15.38098289999999
 30
0
 10
1.829356200000009
 20
15.38098289999999
 30
0
 10
2.429354610000021
 20
15.5369826
 30
0
 10
2.909353409999996
 20
15.5369826
 30
0
  0
SPLINE
  5
24E
100
AcDbEntity
  8
0
  6
CONTINUOUS
 62
    1
370
    5
100
AcDbSpline
210
0
220
0
230
0
 70
    8
 71
    3
 72
    8
 73
    4
 74
    0
 42
1e-07
 43
1e-07
 40
0
 40
0
 40
0
 40
0
 40
1
 40
1
 40
1
 40
1
 10
2.909353409999996
 20
15.5369826
 30
0
 10
3.533351849999976
 20
15.5369826
 30
0
 10
3.917350890000025
 20
15.1289838
 30
0
 10
3.917350890000025
 20
13.9169862
 30
0
  0
SPLINE
  5
24F
100
AcDbEntity
  8
0
  6
CONTINUOUS
 62
    1
370
    5
100
AcDbSpline
210
0
220
0
230
0
 70
    8
 71
    3
 72
    8
 73
    4
 74
    0
 42
1e-07
 43
1e-07
 40
0
 40
0
 40
0
 40
0
 40
1
 40
1
 40
1
 40
1
 10
3.917350890000025
 20
13.9169862
 30
0
 10
3.917350890000025
 20
12.6209898
 30
0
 10
3.665351520000004
 20
12.1289913
 30
0
 10
2.561354279999991
 20
12.1289913
 30
0
  0
LINE
  5
250
100
AcDbEntity
  8
0
  6
CONTINUOUS
 62
    1
370
    5
100
AcDbLine
 10
2.561354279999991
 20
12.1289913
 11
2.561354279999991
 21
12.1289913
  0
LINE
  5
251
100
AcDbEntity
  8
0
  6
CONTINUOUS
 62
    1
370
    5
100
AcDbLine
 10
29.57328180000002
 20
10.832994
 11
31.30127729999998
 21
10.832994
  0
LINE
  5
252
100
AcDbEntity
  8
0
  6
CONTINUOUS
 62
    1
370
    5
100
AcDbLine
 10
31.30127729999998
 20
10.832994
 11
31.30127729999998
 21
12.82498919999999
  0
LINE
  5
253
100
AcDbEntity
  8
0
  6
CONTINUOUS
 62
    1
370
    5
100
AcDbLine
 10
31.30127729999998
 20
12.82498919999999
 11
29.57328180000002
 21
12.82498919999999
  0
LINE
  5
254
100
AcDbEntity
  8
0
  6
CONTINUOUS
 62
    1
370
    5
100
AcDbLine
 10
29.57328180000002
 20
12.82498919999999
 11
29.57328180000002
 21
10.832994
  0
LINE
  5
255
100
AcDbEntity
  8
0
  6
CONTINUOUS
 62
    1
370
    5
100
AcDbLine
 10
25.07330159999998
 20
10.832994
 11
25.07330159999998
 21
13.06498859999999
  0
LINE
  5
256
100
AcDbEntity
  8
0
  6
CONTINUOUS
 62
    1
370
    5
100
AcDbLine
 10
25.07330159999998
 20
13.06498859999999
 11
25.73329860000001
 21
13.1729886
  0
LINE
  5
257
100
AcDbEntity
  8
0
  6
CONTINUOUS
 62
    1
370
    5
100
AcDbLine
 10
25.73329860000001
 20
13.1729886
 11
26.9452953
 21
10.832994
  0
LINE
  5
258
100
AcDbEntity
  8
0
  6
CONTINUOUS
 62
    1
370
    5
100
AcDbLine
 10
26.9452953
 20
10.832994
 11
28.75729139999999
 21
10.832994
  0
LINE
  5
259
100
AcDbEntity
  8
0
  6
CONTINUOUS
 62
    1
370
    5
100
AcDbLine
 10
28.75729139999999
 20
10.832994
 11
27.11329560000001
 21
13.9889862
  0
LINE
  5
25A
100
AcDbEntity
  8
0
  6
CONTINUOUS
 62
    1
370
    5
100
AcDbLine
 10
27.11329560000001
 20
13.9889862
 11
28.67329080000002
 21
16.83297899999999
  0
LINE
  5
25B
100
AcDbEntity
  8
0
  6
CONTINUOUS
 62
    1
370
    5
100
AcDbLine
 10
28.67329080000002
 20
16.83297899999999
 11
26.8732971
 21
16.83297899999999
  0
LINE
  5
25C
100
AcDbEntity
  8
0
  6
CONTINUOUS
 62
    1
370
    5
100
AcDbLine
 10
26.8732971
 20
16.83297899999999
 11
25.6852998
 21
14.5649844
  0
LINE
  5
25D
100
AcDbEntity
  8
0
  6
CONTINUOUS
 62
    1
370
    5
100
AcDbLine
 10
25.6852998
 20
14.5649844
 11
25.07330159999998
 21
14.4569853
  0
LINE
  5
25E
100
AcDbEntity
  8
0
  6
CONTINUOUS
 62
    1
370
    5
100
AcDbLine
 10
25.07330159999998
 20
14.4569853
 11
25.07330159999998
 21
19.232973
  0
LINE
  5
25F
100
AcDbEntity
  8
0
  6
CONTINUOUS
 62
    1
370
    5
100
AcDbLine
 10
25.07330159999998
 20
19.232973
 11
23.46530489999998
 21
19.232973
  0
LINE
  5
260
100
AcDbEntity
  8
0
  6
CONTINUOUS
 62
    1
370
    5
100
AcDbLine
 10
23.46530489999998
 20
19.232973
 11
23.46530489999998
 21
10.832994
  0
LINE
  5
261
100
AcDbEntity
  8
0
  6
CONTINUOUS
 62
    1
370
    5
100
AcDbLine
 10
23.46530489999998
 20
10.832994
 11
25.07330159999998
 21
10.832994
  0
SPLINE
  5
262
100
AcDbEntity
  8
0
  6
CONTINUOUS
 62
    1
370
    5
100
AcDbSpline
210
0
220
0
230
0
 70
    8
 71
    3
 72
    8
 73
    4
 74
    0
 42
1e-07
 43
1e-07
 40
0
 40
0
 40
0
 40
0
 40
1
 40
1
 40
1
 40
1
 10
16.05619890000003
 20
13.1489523
 30
0
 10
16.05433590000001
 20
13.325715
 30
0
 10
16.05357989999999
 20
13.5026298
 30
0
 10
16.05075390000002
 20
13.6792845
 30
0
  0
SPLINE
  5
263
100
AcDbEntity
  8
0
  6
CONTINUOUS
 62
    1
370
    5
100
AcDbSpline
210
0
220
0
230
0
 70
    8
 71
    3
 72
    8
 73
    4
 74
    0
 42
1e-07
 43
1e-07
 40
0
 40
0
 40
0
 40
0
 40
1
 40
1
 40
1
 40
1
 10
16.05075390000002
 20
13.6792845
 30
0
 10
15.95151989999999
 20
13.6817505
 30
0
 10
15.8522256
 20
13.6836945
 30
0
 10
15.75297899999998
 20
13.6856115
 30
0
  0
SPLINE
  5
264
100
AcDbEntity
  8
0
  6
CONTINUOUS
 62
    1
370
    5
100
AcDbSpline
210
0
220
0
230
0
 70
    8
 71
    3
 72
    8
 73
    4
 74
    0
 42
1e-07
 43
1e-07
 40
0
 40
0
 40
0
 40
0
 40
1
 40
1
 40
1
 40
1
 10
15.75297899999998
 20
13.6856115
 30
0
 10
15.60049830000003
 20
13.6981692
 30
0
 10
15.44380469999999
 20
13.6712691
 30
0
 10
15.29489339999999
 20
13.7144394
 30
0
  0
SPLINE
  5
265
100
AcDbEntity
  8
0
  6
CONTINUOUS
 62
    1
370
    5
100
AcDbSpline
210
0
220
0
230
0
 70
    8
 71
    3
 72
    8
 73
    4
 74
    0
 42
1e-07
 43
1e-07
 40
0
 40
0
 40
0
 40
0
 40
1
 40
1
 40
1
 40
1
 10
15.29489339999999
 20
13.7144394
 30
0
 10
15.15412529999998
 20
13.7376288
 30
0
 10
15.08125319999999
 20
13.8757743
 30
0
 10
15.04229579999998
 20
13.9988538
 30
0
  0
SPLINE
  5
266
100
AcDbEntity
  8
0
  6
CONTINUOUS
 62
    1
370
    5
100
AcDbSpline
210
0
220
0
230
0
 70
    8
 71
    3
 72
    8
 73
    4
 74
    0
 42
1e-07
 43
1e-07
 40
0
 40
0
 40
0
 40
0
 40
1
 40
1
 40
1
 40
1
 10
15.04229579999998
 20
13.9988538
 30
0
 10
15.00646139999998
 20
14.2524153
 30
0
 10
15.00288840000002
 20
14.5109133
 30
0
 10
14.979015
 20
14.7663144
 30
0
  0
SPLINE
  5
267
100
AcDbEntity
  8
0
  6
CONTINUOUS
 62
    1
370
    5
100
AcDbSpline
210
0
220
0
230
0
 70
    8
 71
    3
 72
    8
 73
    4
 74
    0
 42
1e-07
 43
1e-07
 40
0
 40
0
 40
0
 40
0
 40
1
 40
1
 40
1
 40
1
 10
14.979015
 20
14.7663144
 30
0
 10
14.84533800000003
 20
14.7683394
 30
0
 10
14.71174830000001
 20
14.7678084
 30
0
 10
14.57805780000001
 20
14.7672144
 30
0
  0
SPLINE
  5
268
100
AcDbEntity
  8
0
  6
CONTINUOUS
 62
    1
370
    5
100
AcDbSpline
210
0
220
0
230
0
 70
    8
 71
    3
 72
    8
 73
    4
 74
    0
 42
1e-07
 43
1e-07
 40
0
 40
0
 40
0
 40
0
 40
1
 40
1
 40
1
 40
1
 10
14.57805780000001
 20
14.7672144
 30
0
 10
14.59117620000001
 20
14.6499057
 30
0
 10
14.59739430000002
 20
14.5187928
 30
0
 10
14.59739430000002
 20
14.372937
 30
0
  0
LINE
  5
269
100
AcDbEntity
  8
0
  6
CONTINUOUS
 62
    1
370
    5
100
AcDbLine
 10
14.59739430000002
 20
14.372937
 11
12.52141649999999
 21
14.372937
  0
SPLINE
  5
26A
100
AcDbEntity
  8
0
  6
CONTINUOUS
 62
    1
370
    5
100
AcDbSpline
210
0
220
0
230
0
 70
    8
 71
    3
 72
    8
 73
    4
 74
    0
 42
1e-07
 43
1e-07
 40
0
 40
0
 40
0
 40
0
 40
1
 40
1
 40
1
 40
1
 10
12.52141649999999
 20
14.372937
 30
0
 10
12.53341619999998
 20
15.28493399999999
 30
0
 10
12.7973844
 20
15.65701920000001
 30
0
 10
13.56538230000001
 20
15.65701920000001
 30
0
  0
SPLINE
  5
26B
100
AcDbEntity
  8
0
  6
CONTINUOUS
 62
    1
370
    5
100
AcDbSpline
210
0
220
0
230
0
 70
    8
 71
    3
 72
    8
 73
    4
 74
    0
 42
1e-07
 43
1e-07
 40
0
 40
0
 40
0
 40
0
 40
1
 40
1
 40
1
 40
1
 10
13.56538230000001
 20
15.65701920000001
 30
0
 10
13.66400879999998
 20
15.65701920000001
 30
0
 10
13.75439940000001
 20
15.6517092
 30
0
 10
13.83713999999998
 20
15.64031969999998
 30
0
  0
SPLINE
  5
26C
100
AcDbEntity
  8
0
  6
CONTINUOUS
 62
    1
370
    5
100
AcDbSpline
210
0
220
0
230
0
 70
    8
 71
    3
 72
    8
 73
    4
 74
    0
 42
1e-07
 43
1e-07
 40
0
 40
0
 40
0
 40
0
 40
1
 40
1
 40
1
 40
1
 10
13.83713999999998
 20
15.64031969999998
 30
0
 10
13.83594299999999
 20
15.70401269999999
 30
0
 10
13.83445799999998
 20
15.7676067
 30
0
 10
13.83239700000001
 20
15.8312178
 30
0
  0
SPLINE
  5
26D
100
AcDbEntity
  8
0
  6
CONTINUOUS
 62
    1
370
    5
100
AcDbSpline
210
0
220
0
230
0
 70
    8
 71
    3
 72
    8
 73
    4
 74
    0
 42
1e-07
 43
1e-07
 40
0
 40
0
 40
0
 40
0
 40
1
 40
1
 40
1
 40
1
 10
13.83239700000001
 20
15.8312178
 30
0
 10
13.78486529999998
 20
15.83730180000001
 30
0
 10
13.7368548
 20
15.83793180000001
 30
0
 10
13.68913500000002
 20
15.8419404
 30
0
  0
SPLINE
  5
26E
100
AcDbEntity
  8
0
  6
CONTINUOUS
 62
    1
370
    5
100
AcDbSpline
210
0
220
0
230
0
 70
    8
 71
    3
 72
    8
 73
    4
 74
    0
 42
1e-07
 43
1e-07
 40
0
 40
0
 40
0
 40
0
 40
1
 40
1
 40
1
 40
1
 10
13.68913500000002
 20
15.8419404
 30
0
 10
13.55186880000002
 20
15.8350824
 30
0
 10
13.42017720000001
 20
15.9014502
 30
0
 10
13.32052199999998
 20
15.9910029
 30
0
  0
SPLINE
  5
26F
100
AcDbEntity
  8
0
  6
CONTINUOUS
 62
    1
370
    5
100
AcDbSpline
210
0
220
0
230
0
 70
    8
 71
    3
 72
    8
 73
    4
 74
    0
 42
1e-07
 43
1e-07
 40
0
 40
0
 40
0
 40
0
 40
1
 40
1
 40
1
 40
1
 10
13.32052199999998
 20
15.9910029
 30
0
 10
13.19819310000003
 20
16.1540388
 30
0
 10
13.08050550000002
 20
16.32289859999999
 30
0
 10
12.9722994
 20
16.4963745
 30
0
  0
SPLINE
  5
270
100
AcDbEntity
  8
0
  6
CONTINUOUS
 62
    1
370
    5
100
AcDbSpline
210
0
220
0
230
0
 70
    8
 71
    3
 72
    8
 73
    4
 74
    0
 42
1e-07
 43
1e-07
 40
0
 40
0
 40
0
 40
0
 40
1
 40
1
 40
1
 40
1
 10
12.9722994
 20
16.4963745
 30
0
 10
12.89288069999998
 20
16.6149144
 30
0
 10
12.82983839999997
 20
16.76316869999999
 30
0
 10
12.84854940000002
 20
16.90647209999999
 30
0
  0
SPLINE
  5
271
100
AcDbEntity
  8
0
  6
CONTINUOUS
 62
    1
370
    5
100
AcDbSpline
210
0
220
0
230
0
 70
    8
 71
    3
 72
    8
 73
    4
 74
    0
 42
1e-07
 43
1e-07
 40
0
 40
0
 40
0
 40
0
 40
1
 40
1
 40
1
 40
1
 10
12.84854940000002
 20
16.90647209999999
 30
0
 10
11.5683363
 20
16.6336641
 30
0
 10
10.91337299999998
 20
15.5713167
 30
0
 10
10.91337299999998
 20
13.7490894
 30
0
  0
SPLINE
  5
272
100
AcDbEntity
  8
0
  6
CONTINUOUS
 62
    1
370
    5
100
AcDbSpline
210
0
220
0
230
0
 70
    8
 71
    3
 72
    8
 73
    4
 74
    0
 42
1e-07
 43
1e-07
 40
0
 40
0
 40
0
 40
0
 40
1
 40
1
 40
1
 40
1
 10
10.91337299999998
 20
13.7490894
 30
0
 10
10.91337299999998
 20
11.5890948
 30
0
 10
11.68131959999999
 20
10.6890894
 30
0
 10
13.49331480000001
 20
10.6890894
 30
0
  0
SPLINE
  5
273
100
AcDbEntity
  8
0
  6
CONTINUOUS
 62
    1
370
    5
100
AcDbSpline
210
0
220
0
230
0
 70
    8
 71
    3
 72
    8
 73
    4
 74
    0
 42
1e-07
 43
1e-07
 40
0
 40
0
 40
0
 40
0
 40
1
 40
1
 40
1
 40
1
 10
13.49331480000001
 20
10.6890894
 30
0
 10
14.60931210000001
 20
10.6890894
 30
0
 10
15.98940900000002
 20
11.0250072
 30
0
 10
15.98940900000002
 20
11.0250072
 30
0
  0
LINE
  5
274
100
AcDbEntity
  8
0
  6
CONTINUOUS
 62
    1
370
    5
100
AcDbLine
 10
15.98940900000002
 20
11.0250072
 11
15.96532680000001
 21
12.212937
  0
SPLINE
  5
275
100
AcDbEntity
  8
0
  6
CONTINUOUS
 62
    1
370
    5
100
AcDbSpline
210
0
220
0
230
0
 70
    8
 71
    3
 72
    8
 73
    4
 74
    0
 42
1e-07
 43
1e-07
 40
0
 40
0
 40
0
 40
0
 40
1
 40
1
 40
1
 40
1
 10
15.96532680000001
 20
12.212937
 30
0
 10
15.96532680000001
 20
12.212937
 30
0
 10
14.72938199999999
 20
12.1050072
 30
0
 10
13.745385
 20
12.1050072
 30
0
  0
SPLINE
  5
276
100
AcDbEntity
  8
0
  6
CONTINUOUS
 62
    1
370
    5
100
AcDbSpline
210
0
220
0
230
0
 70
    8
 71
    3
 72
    8
 73
    4
 74
    0
 42
1e-07
 43
1e-07
 40
0
 40
0
 40
0
 40
0
 40
1
 40
1
 40
1
 40
1
 10
13.745385
 20
12.1050072
 30
0
 10
12.88138679999997
 20
12.1050072
 30
0
 10
12.5453736
 20
12.4289739
 30
0
 10
12.53337299999998
 20
13.1489721
 30
0
  0
LINE
  5
277
100
AcDbEntity
  8
0
  6
CONTINUOUS
 62
    1
370
    5
100
AcDbLine
 10
12.53337299999998
 20
13.1489721
 11
16.05619890000003
 21
13.1489523
  0
SPLINE
  5
278
100
AcDbEntity
  8
0
  6
CONTINUOUS
 62
    1
370
    5
100
AcDbSpline
210
0
220
0
230
0
 70
    8
 71
    3
 72
    8
 73
    4
 74
    0
 42
1e-07
 43
1e-07
 40
0
 40
0
 40
0
 40
0
 40
1
 40
1
 40
1
 40
1
 10
17.10789840000001
 20
11.6537571
 30
0
 10
17.10440640000002
 20
11.9135799
 30
0
 10
17.10807840000001
 20
12.1741218
 30
0
 10
17.1066654
 20
12.4342254
 30
0
  0
SPLINE
  5
279
100
AcDbEntity
  8
0
  6
CONTINUOUS
 62
    1
370
    5
100
AcDbSpline
210
0
220
0
230
0
 70
    8
 71
    3
 72
    8
 73
    4
 74
    0
 42
1e-07
 43
1e-07
 40
0
 40
0
 40
0
 40
0
 40
1
 40
1
 40
1
 40
1
 10
17.1066654
 20
12.4342254
 30
0
 10
17.05232610000002
 20
12.4345854
 30
0
 10
16.99803359999999
 20
12.4349454
 30
0
 10
16.943715
 20
12.4352784
 30
0
  0
SPLINE
  5
27A
100
AcDbEntity
  8
0
  6
CONTINUOUS
 62
    1
370
    5
100
AcDbSpline
210
0
220
0
230
0
 70
    8
 71
    3
 72
    8
 73
    4
 74
    0
 42
1e-07
 43
1e-07
 40
0
 40
0
 40
0
 40
0
 40
1
 40
1
 40
1
 40
1
 10
16.943715
 20
12.4352784
 30
0
 10
16.96144049999998
 20
12.1386834
 30
0
 10
17.0158644
 20
11.8776285
 30
0
 10
17.1078948
 20
11.6537553
 30
0
  0
LINE
  5
27B
100
AcDbEntity
  8
0
  6
CONTINUOUS
 62
    1
370
    5
100
AcDbLine
 10
17.1078948
 20
11.6537553
 11
17.10789840000001
 21
11.6537571
  0
SPLINE
  5
27C
100
AcDbEntity
  8
0
  6
CONTINUOUS
 62
    1
370
    5
100
AcDbSpline
210
0
220
0
230
0
 70
    8
 71
    3
 72
    8
 73
    4
 74
    0
 42
1e-07
 43
1e-07
 40
0
 40
0
 40
0
 40
0
 40
1
 40
1
 40
1
 40
1
 10
18.06362100000001
 20
10.7880345
 30
0
 10
18.07253100000003
 20
10.945152
 30
0
 10
18.08244179999997
 20
11.1022047
 30
0
 10
18.0905166
 20
11.2593033
 30
0
  0
SPLINE
  5
27D
100
AcDbEntity
  8
0
  6
CONTINUOUS
 62
    1
370
    5
100
AcDbSpline
210
0
220
0
230
0
 70
    8
 71
    3
 72
    8
 73
    4
 74
    0
 42
1e-07
 43
1e-07
 40
0
 40
0
 40
0
 40
0
 40
1
 40
1
 40
1
 40
1
 10
18.0905166
 20
11.2593033
 30
0
 10
18.00369810000001
 20
11.2558473
 30
0
 10
17.91682650000001
 20
11.2523913
 30
0
 10
17.83000800000002
 20
11.2489326
 30
0
  0
SPLINE
  5
27E
100
AcDbEntity
  8
0
  6
CONTINUOUS
 62
    1
370
    5
100
AcDbSpline
210
0
220
0
230
0
 70
    8
 71
    3
 72
    8
 73
    4
 74
    0
 42
1e-07
 43
1e-07
 40
0
 40
0
 40
0
 40
0
 40
1
 40
1
 40
1
 40
1
 10
17.83000800000002
 20
11.2489326
 30
0
 10
17.66484630000002
 20
11.25217259999999
 30
0
 10
17.49225689999997
 20
11.2054167
 30
0
 10
17.33412870000001
 20
11.2721355
 30
0
  0
SPLINE
  5
27F
100
AcDbEntity
  8
0
  6
CONTINUOUS
 62
    1
370
    5
100
AcDbSpline
210
0
220
0
230
0
 70
    8
 71
    3
 72
    8
 73
    4
 74
    0
 42
1e-07
 43
1e-07
 40
0
 40
0
 40
0
 40
0
 40
1
 40
1
 40
1
 40
1
 10
17.33412870000001
 20
11.2721355
 30
0
 10
17.33203170000002
 20
11.2727655
 30
0
 10
17.33004269999998
 20
11.2734315
 30
0
 10
17.32797269999998
 20
11.2740705
 30
0
  0
SPLINE
  5
280
100
AcDbEntity
  8
0
  6
CONTINUOUS
 62
    1
370
    5
100
AcDbSpline
210
0
220
0
230
0
 70
    8
 71
    3
 72
    8
 73
    4
 74
    0
 42
1e-07
 43
1e-07
 40
0
 40
0
 40
0
 40
0
 40
1
 40
1
 40
1
 40
1
 10
17.32797269999998
 20
11.2740705
 30
0
 10
17.5088106
 20
11.0466495
 30
0
 10
17.75339100000002
 20
10.8833679
 30
0
 10
18.0636174
 20
10.7880354
 30
0
  0
LINE
  5
281
100
AcDbEntity
  8
0
  6
CONTINUOUS
 62
    1
370
    5
100
AcDbLine
 10
18.0636174
 20
10.7880354
 11
18.06362100000001
 21
10.7880345
  0
SPLINE
  5
282
100
AcDbEntity
  8
0
  6
CONTINUOUS
 62
    1
370
    5
100
AcDbSpline
210
0
220
0
230
0
 70
    8
 71
    3
 72
    8
 73
    4
 74
    0
 42
1e-07
 43
1e-07
 40
0
 40
0
 40
0
 40
0
 40
1
 40
1
 40
1
 40
1
 10
17.38000799999998
 20
16.64735039999999
 30
0
 10
17.58876479999998
 20
16.2820323
 30
0
 10
17.79756120000002
 20
15.9166737
 30
0
 10
18.00631620000001
 20
15.5513547
 30
0
  0
SPLINE
  5
283
100
AcDbEntity
  8
0
  6
CONTINUOUS
 62
    1
370
    5
100
AcDbSpline
210
0
220
0
230
0
 70
    8
 71
    3
 72
    8
 73
    4
 74
    0
 42
1e-07
 43
1e-07
 40
0
 40
0
 40
0
 40
0
 40
1
 40
1
 40
1
 40
1
 10
18.00631620000001
 20
15.5513547
 30
0
 10
18.49821209999999
 20
15.57809639999999
 30
0
 10
19.1639007
 20
15.6090105
 30
0
 10
19.61330850000002
 20
15.6090105
 30
0
  0
SPLINE
  5
284
100
AcDbEntity
  8
0
  6
CONTINUOUS
 62
    1
370
    5
100
AcDbSpline
210
0
220
0
230
0
 70
    8
 71
    3
 72
    8
 73
    4
 74
    0
 42
1e-07
 43
1e-07
 40
0
 40
0
 40
0
 40
0
 40
1
 40
1
 40
1
 40
1
 10
19.61330850000002
 20
15.6090105
 30
0
 10
20.09330820000002
 20
15.6090105
 30
0
 10
20.3213556
 20
15.476904
 30
0
 10
20.3213556
 20
14.9609052
 30
0
  0
LINE
  5
285
100
AcDbEntity
  8
0
  6
CONTINUOUS
 62
    1
370
    5
100
AcDbLine
 10
20.3213556
 20
14.9609052
 11
20.3213556
 21
14.5889523
  0
LINE
  5
286
100
AcDbEntity
  8
0
  6
CONTINUOUS
 62
    1
370
    5
100
AcDbLine
 10
20.3213556
 20
14.5889523
 11
19.0372734
 21
14.4929754
  0
SPLINE
  5
287
100
AcDbEntity
  8
0
  6
CONTINUOUS
 62
    1
370
    5
100
AcDbSpline
210
0
220
0
230
0
 70
    8
 71
    3
 72
    8
 73
    4
 74
    0
 42
1e-07
 43
1e-07
 40
0
 40
0
 40
0
 40
0
 40
1
 40
1
 40
1
 40
1
 10
19.0372734
 20
14.4929754
 30
0
 10
18.8968167
 20
14.4827604
 30
0
 10
18.76249890000003
 20
14.469228
 30
0
 10
18.63455850000003
 20
14.4516672
 30
0
  0
SPLINE
  5
288
100
AcDbEntity
  8
0
  6
CONTINUOUS
 62
    1
370
    5
100
AcDbSpline
210
0
220
0
230
0
 70
    8
 71
    3
 72
    8
 73
    4
 74
    0
 42
1e-07
 43
1e-07
 40
0
 40
0
 40
0
 40
0
 40
1
 40
1
 40
1
 40
1
 10
18.63455850000003
 20
14.4516672
 30
0
 10
18.83898899999997
 20
14.0939154
 30
0
 10
19.0434285
 20
13.7362734
 30
0
 10
19.24785900000001
 20
13.3785225
 30
0
  0
LINE
  5
289
100
AcDbEntity
  8
0
  6
CONTINUOUS
 62
    1
370
    5
100
AcDbLine
 10
19.24785900000001
 20
13.3785225
 11
20.3213556
 21
13.4729172
  0
LINE
  5
28A
100
AcDbEntity
  8
0
  6
CONTINUOUS
 62
    1
370
    5
100
AcDbLine
 10
20.3213556
 20
13.4729172
 11
20.3213556
 21
12.18901049999999
  0
SPLINE
  5
28B
100
AcDbEntity
  8
0
  6
CONTINUOUS
 62
    1
370
    5
100
AcDbSpline
210
0
220
0
230
0
 70
    8
 71
    3
 72
    8
 73
    4
 74
    0
 42
1e-07
 43
1e-07
 40
0
 40
0
 40
0
 40
0
 40
1
 40
1
 40
1
 40
1
 10
20.3213556
 20
12.18901049999999
 30
0
 10
20.3213556
 20
12.18901049999999
 30
0
 10
20.17978110000001
 20
12.1478076
 30
0
 10
19.97647289999998
 20
12.10358069999999
 30
0
  0
SPLINE
  5
28C
100
AcDbEntity
  8
0
  6
CONTINUOUS
 62
    1
370
    5
100
AcDbSpline
210
0
220
0
230
0
 70
    8
 71
    3
 72
    8
 73
    4
 74
    0
 42
1e-07
 43
1e-07
 40
0
 40
0
 40
0
 40
0
 40
1
 40
1
 40
1
 40
1
 10
19.97647289999998
 20
12.10358069999999
 30
0
 10
20.10701160000002
 20
11.8751409
 30
0
 10
20.2373973
 20
11.6466489
 30
0
 10
20.36793779999999
 20
11.41821
 30
0
  0
SPLINE
  5
28D
100
AcDbEntity
  8
0
  6
CONTINUOUS
 62
    1
370
    5
100
AcDbSpline
210
0
220
0
230
0
 70
    8
 71
    3
 72
    8
 73
    4
 74
    0
 42
1e-07
 43
1e-07
 40
0
 40
0
 40
0
 40
0
 40
1
 40
1
 40
1
 40
1
 10
20.36793779999999
 20
11.41821
 30
0
 10
20.42126189999999
 20
11.3107374
 30
0
 10
20.4992694
 20
11.2122045
 30
0
 10
20.54371859999998
 20
11.1007494
 30
0
  0
SPLINE
  5
28E
100
AcDbEntity
  8
0
  6
CONTINUOUS
 62
    1
370
    5
100
AcDbSpline
210
0
220
0
230
0
 70
    8
 71
    3
 72
    8
 73
    4
 74
    0
 42
1e-07
 43
1e-07
 40
0
 40
0
 40
0
 40
0
 40
1
 40
1
 40
1
 40
1
 10
20.54371859999998
 20
11.1007494
 30
0
 10
20.5552692
 20
11.1061134
 30
0
 10
20.56129650000003
 20
11.1090114
 30
0
 10
20.56129650000003
 20
11.1090114
 30
0
  0
SPLINE
  5
28F
100
AcDbEntity
  8
0
  6
CONTINUOUS
 62
    1
370
    5
100
AcDbSpline
210
0
220
0
230
0
 70
    8
 71
    3
 72
    8
 73
    4
 74
    0
 42
1e-07
 43
1e-07
 40
0
 40
0
 40
0
 40
0
 40
1
 40
1
 40
1
 40
1
 10
20.56129650000003
 20
11.1090114
 30
0
 10
21.06529560000001
 20
10.7730126
 30
0
 10
21.4732755
 20
10.6890705
 30
0
 10
22.27727340000001
 20
10.6890705
 30
0
  0
LINE
  5
290
100
AcDbEntity
  8
0
  6
CONTINUOUS
 62
    1
370
    5
100
AcDbLine
 10
22.27727340000001
 20
10.6890705
 11
22.32526139999999
 21
11.9009061
  0
SPLINE
  5
291
100
AcDbEntity
  8
0
  6
CONTINUOUS
 62
    1
370
    5
100
AcDbSpline
210
0
220
0
230
0
 70
    8
 71
    3
 72
    8
 73
    4
 74
    0
 42
1e-07
 43
1e-07
 40
0
 40
0
 40
0
 40
0
 40
1
 40
1
 40
1
 40
1
 10
22.32526139999999
 20
11.9009061
 30
0
 10
22.00126319999998
 20
11.9609064
 30
0
 10
21.95322750000003
 20
12.10498919999999
 30
0
 10
21.92922629999998
 20
12.4649883
 30
0
  0
LINE
  5
292
100
AcDbEntity
  8
0
  6
CONTINUOUS
 62
    1
370
    5
100
AcDbLine
 10
21.92922629999998
 20
12.4649883
 11
21.92922629999998
 21
14.9609061
  0
SPLINE
  5
293
100
AcDbEntity
  8
0
  6
CONTINUOUS
 62
    1
370
    5
100
AcDbSpline
210
0
220
0
230
0
 70
    8
 71
    3
 72
    8
 73
    4
 74
    0
 42
1e-07
 43
1e-07
 40
0
 40
0
 40
0
 40
0
 40
1
 40
1
 40
1
 40
1
 10
21.92922629999998
 20
14.9609061
 30
0
 10
21.92922629999998
 20
16.3649025
 30
0
 10
21.3053175
 20
16.9769412
 30
0
 10
19.74532049999999
 20
16.9769412
 30
0
  0
SPLINE
  5
294
100
AcDbEntity
  8
0
  6
CONTINUOUS
 62
    1
370
    5
100
AcDbSpline
210
0
220
0
230
0
 70
    8
 71
    3
 72
    8
 73
    4
 74
    0
 42
1e-07
 43
1e-07
 40
0
 40
0
 40
0
 40
0
 40
1
 40
1
 40
1
 40
1
 10
19.74532049999999
 20
16.9769412
 30
0
 10
18.75347820000002
 20
16.9769412
 30
0
 10
17.66382479999999
 20
16.7190777
 30
0
 10
17.38000799999998
 20
16.6473513
 30
0
  0
LINE
  5
295
100
AcDbEntity
  8
0
  6
CONTINUOUS
 62
    1
370
    5
100
AcDbLine
 10
17.38000799999998
 20
16.6473513
 11
17.38000799999998
 21
16.64735039999999
  0
SPLINE
  5
296
100
AcDbEntity
  8
0
  6
CONTINUOUS
 62
    1
370
    5
100
AcDbSpline
210
0
220
0
230
0
 70
    8
 71
    3
 72
    8
 73
    4
 74
    0
 42
1e-07
 43
1e-07
 40
0
 40
0
 40
0
 40
0
 40
1
 40
1
 40
1
 40
1
 10
12.66028200000001
 20
25.91471457
 30
0
 10
11.50828469999999
 20
25.91471457
 30
0
 10
10.22430509999998
 20
25.56666747
 30
0
 10
10.22430509999998
 20
25.56666747
 30
0
  0
LINE
  5
297
100
AcDbEntity
  8
0
  6
CONTINUOUS
 62
    1
370
    5
100
AcDbLine
 10
10.22430509999998
 20
25.56666747
 11
10.27229399999999
 21
24.45063236999999
  0
SPLINE
  5
298
100
AcDbEntity
  8
0
  6
CONTINUOUS
 62
    1
370
    5
100
AcDbSpline
210
0
220
0
230
0
 70
    8
 71
    3
 72
    8
 73
    4
 74
    0
 42
1e-07
 43
1e-07
 40
0
 40
0
 40
0
 40
0
 40
1
 40
1
 40
1
 40
1
 10
10.27229399999999
 20
24.45063236999999
 30
0
 10
10.27229399999999
 20
24.45063236999999
 30
0
 10
11.7362718
 20
24.54660837
 30
0
 10
12.52826909999999
 20
24.54660837
 30
0
  0
SPLINE
  5
299
100
AcDbEntity
  8
0
  6
CONTINUOUS
 62
    1
370
    5
100
AcDbSpline
210
0
220
0
230
0
 70
    8
 71
    3
 72
    8
 73
    4
 74
    0
 42
1e-07
 43
1e-07
 40
0
 40
0
 40
0
 40
0
 40
1
 40
1
 40
1
 40
1
 10
12.52826909999999
 20
24.54660837
 30
0
 10
13.00826790000002
 20
24.54660837
 30
0
 10
13.23631619999998
 20
24.41467736999999
 30
0
 10
13.23631619999998
 20
23.89867857
 30
0
  0
LINE
  5
29A
100
AcDbEntity
  8
0
  6
CONTINUOUS
 62
    1
370
    5
100
AcDbLine
 10
13.23631619999998
 20
23.89867857
 11
13.23631619999998
 21
23.52672567
  0
LINE
  5
29B
100
AcDbEntity
  8
0
  6
CONTINUOUS
 62
    1
370
    5
100
AcDbLine
 10
13.23631619999998
 20
23.52672567
 11
11.95223399999998
 21
23.43074967
  0
SPLINE
  5
29C
100
AcDbEntity
  8
0
  6
CONTINUOUS
 62
    1
370
    5
100
AcDbSpline
210
0
220
0
230
0
 70
    8
 71
    3
 72
    8
 73
    4
 74
    0
 42
1e-07
 43
1e-07
 40
0
 40
0
 40
0
 40
0
 40
1
 40
1
 40
1
 40
1
 10
11.95223399999998
 20
23.43074967
 30
0
 10
10.63223729999999
 20
23.33474937
 30
0
 10
9.852351300000013
 20
22.95071127
 30
0
 10
9.852351300000013
 20
21.59471430000001
 30
0
  0
SPLINE
  5
29D
100
AcDbEntity
  8
0
  6
CONTINUOUS
 62
    1
370
    5
100
AcDbSpline
210
0
220
0
230
0
 70
    8
 71
    3
 72
    8
 73
    4
 74
    0
 42
1e-07
 43
1e-07
 40
0
 40
0
 40
0
 40
0
 40
1
 40
1
 40
1
 40
1
 10
9.852351300000013
 20
21.59471430000001
 30
0
 10
9.852351300000011
 20
20.32271729999999
 30
0
 10
10.45229669999998
 20
19.6266672
 30
0
 10
11.71229310000001
 20
19.6266672
 30
0
  0
SPLINE
  5
29E
100
AcDbEntity
  8
0
  6
CONTINUOUS
 62
    1
370
    5
100
AcDbSpline
210
0
220
0
230
0
 70
    8
 71
    3
 72
    8
 73
    4
 74
    0
 42
1e-07
 43
1e-07
 40
0
 40
0
 40
0
 40
0
 40
1
 40
1
 40
1
 40
1
 10
11.71229310000001
 20
19.6266672
 30
0
 10
11.76608970000001
 20
19.6266672
 30
0
 10
11.81977019999999
 20
19.6282422
 30
0
 10
11.873133
 20
19.6310592
 30
0
  0
SPLINE
  5
29F
100
AcDbEntity
  8
0
  6
CONTINUOUS
 62
    1
370
    5
100
AcDbSpline
210
0
220
0
230
0
 70
    8
 71
    3
 72
    8
 73
    4
 74
    0
 42
1e-07
 43
1e-07
 40
0
 40
0
 40
0
 40
0
 40
1
 40
1
 40
1
 40
1
 10
11.873133
 20
19.6310592
 30
0
 10
11.94401879999998
 20
19.65608639999999
 30
0
 10
12.02216129999999
 20
19.66169429999999
 30
0
 10
12.097782
 20
19.6503948
 30
0
  0
SPLINE
  5
2A0
100
AcDbEntity
  8
0
  6
CONTINUOUS
 62
    1
370
    5
100
AcDbSpline
210
0
220
0
230
0
 70
    8
 71
    3
 72
    8
 73
    4
 74
    0
 42
1e-07
 43
1e-07
 40
0
 40
0
 40
0
 40
0
 40
1
 40
1
 40
1
 40
1
 10
12.097782
 20
19.6503948
 30
0
 10
12.28517190000002
 20
19.672704
 30
0
 10
12.46540859999999
 20
19.70887139999999
 30
0
 10
12.63022380000001
 20
19.75041450000001
 30
0
  0
SPLINE
  5
2A1
100
AcDbEntity
  8
0
  6
CONTINUOUS
 62
    1
370
    5
100
AcDbSpline
210
0
220
0
230
0
 70
    8
 71
    3
 72
    8
 73
    4
 74
    0
 42
1e-07
 43
1e-07
 40
0
 40
0
 40
0
 40
0
 40
1
 40
1
 40
1
 40
1
 10
12.63022380000001
 20
19.75041450000001
 30
0
 10
12.6386478
 20
19.75562549999999
 30
0
 10
12.64696470000001
 20
19.7606952
 30
0
 10
12.65535990000001
 20
19.7657073
 30
0
  0
SPLINE
  5
2A2
100
AcDbEntity
  8
0
  6
CONTINUOUS
 62
    1
370
    5
100
AcDbSpline
210
0
220
0
230
0
 70
    8
 71
    3
 72
    8
 73
    4
 74
    0
 42
1e-07
 43
1e-07
 40
0
 40
0
 40
0
 40
0
 40
1
 40
1
 40
1
 40
1
 10
12.65535990000001
 20
19.7657073
 30
0
 10
12.99530970000001
 20
19.9975779
 30
0
 10
13.36609349999998
 20
20.18493720000001
 30
0
 10
13.6824489
 20
20.4505506
 30
0
  0
SPLINE
  5
2A3
100
AcDbEntity
  8
0
  6
CONTINUOUS
 62
    1
370
    5
100
AcDbSpline
210
0
220
0
230
0
 70
    8
 71
    3
 72
    8
 73
    4
 74
    0
 42
1e-07
 43
1e-07
 40
0
 40
0
 40
0
 40
0
 40
1
 40
1
 40
1
 40
1
 10
13.6824489
 20
20.4505506
 30
0
 10
13.69694879999997
 20
20.49836759999999
 30
0
 10
13.68083790000003
 20
20.5601796
 30
0
 10
13.69000890000001
 20
20.6131491
 30
0
  0
SPLINE
  5
2A4
100
AcDbEntity
  8
0
  6
CONTINUOUS
 62
    1
370
    5
100
AcDbSpline
210
0
220
0
230
0
 70
    8
 71
    3
 72
    8
 73
    4
 74
    0
 42
1e-07
 43
1e-07
 40
0
 40
0
 40
0
 40
0
 40
1
 40
1
 40
1
 40
1
 10
13.69000890000001
 20
20.6131491
 30
0
 10
13.67675819999999
 20
20.9332179
 30
0
 10
13.94982449999998
 20
21.22793369999999
 30
0
 10
14.26815360000001
 20
21.24631260000001
 30
0
  0
SPLINE
  5
2A5
100
AcDbEntity
  8
0
  6
CONTINUOUS
 62
    1
370
    5
100
AcDbSpline
210
0
220
0
230
0
 70
    8
 71
    3
 72
    8
 73
    4
 74
    0
 42
1e-07
 43
1e-07
 40
0
 40
0
 40
0
 40
0
 40
1
 40
1
 40
1
 40
1
 10
14.26815360000001
 20
21.24631260000001
 30
0
 10
14.2821027
 20
21.2471226
 30
0
 10
14.29590150000001
 20
21.2472126
 30
0
 10
14.30963730000002
 20
21.2466726
 30
0
  0
SPLINE
  5
2A6
100
AcDbEntity
  8
0
  6
CONTINUOUS
 62
    1
370
    5
100
AcDbSpline
210
0
220
0
230
0
 70
    8
 71
    3
 72
    8
 73
    4
 74
    0
 42
1e-07
 43
1e-07
 40
0
 40
0
 40
0
 40
0
 40
1
 40
1
 40
1
 40
1
 10
14.30963730000002
 20
21.2466726
 30
0
 10
14.51567610000001
 20
21.23895059999998
 30
0
 10
14.6956113
 20
21.0866922
 30
0
 10
14.7821373
 20
20.90512979999999
 30
0
  0
SPLINE
  5
2A7
100
AcDbEntity
  8
0
  6
CONTINUOUS
 62
    1
370
    5
100
AcDbSpline
210
0
220
0
230
0
 70
    8
 71
    3
 72
    8
 73
    4
 74
    0
 42
1e-07
 43
1e-07
 40
0
 40
0
 40
0
 40
0
 40
1
 40
1
 40
1
 40
1
 10
14.7821373
 20
20.90512979999999
 30
0
 10
14.84651250000002
 20
20.7308529
 30
0
 10
14.94245969999997
 20
20.57071139999999
 30
0
 10
15.02981369999998
 20
20.40696539999999
 30
0
  0
SPLINE
  5
2A8
100
AcDbEntity
  8
0
  6
CONTINUOUS
 62
    1
370
    5
100
AcDbSpline
210
0
220
0
230
0
 70
    8
 71
    3
 72
    8
 73
    4
 74
    0
 42
1e-07
 43
1e-07
 40
0
 40
0
 40
0
 40
0
 40
1
 40
1
 40
1
 40
1
 10
15.02981369999998
 20
20.40696539999999
 30
0
 10
15.08904899999999
 20
20.30054129999998
 30
0
 10
15.14951730000001
 20
20.1948084
 30
0
 10
15.21069119999999
 20
20.0895048
 30
0
  0
LINE
  5
2A9
100
AcDbEntity
  8
0
  6
CONTINUOUS
 62
    1
370
    5
100
AcDbLine
 10
15.21069119999999
 20
20.0895048
 11
15.24039929999998
 21
20.8386837
  0
SPLINE
  5
2AA
100
AcDbEntity
  8
0
  6
CONTINUOUS
 62
    1
370
    5
100
AcDbSpline
210
0
220
0
230
0
 70
    8
 71
    3
 72
    8
 73
    4
 74
    0
 42
1e-07
 43
1e-07
 40
0
 40
0
 40
0
 40
0
 40
1
 40
1
 40
1
 40
1
 10
15.24039929999998
 20
20.8386837
 30
0
 10
14.91640020000001
 20
20.898684
 30
0
 10
14.86836449999998
 20
21.04276679999998
 30
0
 10
14.84436419999997
 20
21.40276589999999
 30
0
  0
LINE
  5
2AB
100
AcDbEntity
  8
0
  6
CONTINUOUS
 62
    1
370
    5
100
AcDbLine
 10
14.84436419999997
 20
21.40276589999999
 11
14.84436419999997
 21
23.89868397
  0
SPLINE
  5
2AC
100
AcDbEntity
  8
0
  6
CONTINUOUS
 62
    1
370
    5
100
AcDbSpline
210
0
220
0
230
0
 70
    8
 71
    3
 72
    8
 73
    4
 74
    0
 42
1e-07
 43
1e-07
 40
0
 40
0
 40
0
 40
0
 40
1
 40
1
 40
1
 40
1
 10
14.84436419999997
 20
23.89868397
 30
0
 10
14.84436419999997
 20
25.30268037
 30
0
 10
14.22027809999997
 20
25.91471907
 30
0
 10
12.66028200000001
 20
25.91471996999999
 30
0
  0
LINE
  5
2AD
100
AcDbEntity
  8
0
  6
CONTINUOUS
 62
    1
370
    5
100
AcDbLine
 10
12.66028200000001
 20
25.91471996999999
 11
12.66028200000001
 21
25.91471457
  0
LINE
  5
2AE
100
AcDbEntity
  8
0
  6
CONTINUOUS
 62
    1
370
    5
100
AcDbLine
 10
13.23631619999998
 20
22.4106903
 11
13.23631619999998
 21
21.1266081
  0
SPLINE
  5
2AF
100
AcDbEntity
  8
0
  6
CONTINUOUS
 62
    1
370
    5
100
AcDbSpline
210
0
220
0
230
0
 70
    8
 71
    3
 72
    8
 73
    4
 74
    0
 42
1e-07
 43
1e-07
 40
0
 40
0
 40
0
 40
0
 40
1
 40
1
 40
1
 40
1
 10
13.23631619999998
 20
21.1266081
 30
0
 10
13.23631619999998
 20
21.1266081
 30
0
 10
12.57633900000002
 20
20.93465519999999
 30
0
 10
12.06034019999998
 20
20.93465519999999
 30
0
  0
SPLINE
  5
2B0
100
AcDbEntity
  8
0
  6
CONTINUOUS
 62
    1
370
    5
100
AcDbSpline
210
0
220
0
230
0
 70
    8
 71
    3
 72
    8
 73
    4
 74
    0
 42
1e-07
 43
1e-07
 40
0
 40
0
 40
0
 40
0
 40
1
 40
1
 40
1
 40
1
 10
12.06034019999998
 20
20.93465519999999
 30
0
 10
11.62834199999998
 20
20.93465519999999
 30
0
 10
11.47235219999999
 20
21.22270380000001
 30
0
 10
11.47235219999999
 20
21.6427023
 30
0
  0
SPLINE
  5
2B1
100
AcDbEntity
  8
0
  6
CONTINUOUS
 62
    1
370
    5
100
AcDbSpline
210
0
220
0
230
0
 70
    8
 71
    3
 72
    8
 73
    4
 74
    0
 42
1e-07
 43
1e-07
 40
0
 40
0
 40
0
 40
0
 40
1
 40
1
 40
1
 40
1
 10
11.47235219999999
 20
21.6427023
 30
0
 10
11.47235219999999
 20
22.0747014
 30
0
 10
11.72436570000002
 20
22.27871429999999
 30
0
 10
12.14436419999998
 20
22.31471430000001
 30
0
  0
LINE
  5
2B2
100
AcDbEntity
  8
0
  6
CONTINUOUS
 62
    1
370
    5
100
AcDbLine
 10
12.14436419999998
 20
22.31471430000001
 11
13.23631619999998
 21
22.4106903
  0
SPLINE
  5
2B3
100
AcDbEntity
  8
0
  6
CONTINUOUS
 62
    1
370
    5
100
AcDbSpline
210
0
220
0
230
0
 70
    8
 71
    3
 72
    8
 73
    4
 74
    0
 42
1e-07
 43
1e-07
 40
0
 40
0
 40
0
 40
0
 40
1
 40
1
 40
1
 40
1
 10
10.26526139999999
 20
16.9769403
 30
0
 10
9.353265299999983
 20
16.7969403
 30
0
 10
8.345379149999992
 20
16.1969994
 30
0
 10
8.345379149999992
 20
16.1969994
 30
0
  0
LINE
  5
2B4
100
AcDbEntity
  8
0
  6
CONTINUOUS
 62
    1
370
    5
100
AcDbLine
 10
8.345379149999992
 20
16.1969994
 11
8.345379149999992
 21
16.8329754
  0
LINE
  5
2B5
100
AcDbEntity
  8
0
  6
CONTINUOUS
 62
    1
370
    5
100
AcDbLine
 10
8.345379149999992
 20
16.8329754
 11
6.74928584999998
 21
16.8329754
  0
LINE
  5
2B6
100
AcDbEntity
  8
0
  6
CONTINUOUS
 62
    1
370
    5
100
AcDbLine
 10
6.74928584999998
 20
16.8329754
 11
6.74928584999998
 21
11.3737374
  0
SPLINE
  5
2B7
100
AcDbEntity
  8
0
  6
CONTINUOUS
 62
    1
370
    5
100
AcDbSpline
210
0
220
0
230
0
 70
    8
 71
    3
 72
    8
 73
    4
 74
    0
 42
1e-07
 43
1e-07
 40
0
 40
0
 40
0
 40
0
 40
1
 40
1
 40
1
 40
1
 10
6.74928584999998
 20
11.3737374
 30
0
 10
6.924888450000028
 20
11.3921847
 30
0
 10
7.101354150000022
 20
11.4029199
 30
0
 10
7.277859449999996
 20
11.40572969999999
 30
0
  0
SPLINE
  5
2B8
100
AcDbEntity
  8
0
  6
CONTINUOUS
 62
    1
370
    5
100
AcDbSpline
210
0
220
0
230
0
 70
    8
 71
    3
 72
    8
 73
    4
 74
    0
 42
1e-07
 43
1e-07
 40
0
 40
0
 40
0
 40
0
 40
1
 40
1
 40
1
 40
1
 10
7.277859449999996
 20
11.40572969999999
 30
0
 10
7.639260750000007
 20
11.4116337
 30
0
 10
8.000977050000023
 20
11.3842728
 30
0
 10
8.357332050000021
 20
11.3248701
 30
0
  0
LINE
  5
2B9
100
AcDbEntity
  8
0
  6
CONTINUOUS
 62
    1
370
    5
100
AcDbLine
 10
8.357332050000021
 20
11.3248701
 11
8.357332050000021
 21
14.8529754
  0
SPLINE
  5
2BA
100
AcDbEntity
  8
0
  6
CONTINUOUS
 62
    1
370
    5
100
AcDbSpline
210
0
220
0
230
0
 70
    8
 71
    3
 72
    8
 73
    4
 74
    0
 42
1e-07
 43
1e-07
 40
0
 40
0
 40
0
 40
0
 40
1
 40
1
 40
1
 40
1
 10
8.357332050000021
 20
14.8529754
 30
0
 10
8.357332050000021
 20
14.8529754
 30
0
 10
9.209265300000032
 20
15.1529409
 30
0
 10
10.26526139999999
 20
15.35694029999999
 30
0
  0
LINE
  5
2BB
100
AcDbEntity
  8
0
  6
CONTINUOUS
 62
    1
370
    5
100
AcDbLine
 10
10.26526139999999
 20
15.35694029999999
 11
10.26526139999999
 21
16.9769403
  0
SPLINE
  5
2BC
100
AcDbEntity
  8
0
  6
CONTINUOUS
 62
    1
370
    5
100
AcDbSpline
210
0
220
0
230
0
 70
    8
 71
    3
 72
    8
 73
    4
 74
    0
 42
1e-07
 43
1e-07
 40
0
 40
0
 40
0
 40
0
 40
1
 40
1
 40
1
 40
1
 10
2.554493490000028
 20
8.690045400000002
 30
0
 10
0.7664980499999969
 20
8.690045400000002
 30
0
 10
0.02249999999998042
 20
7.730047800000001
 30
0
 10
0.02249999999998042
 20
5.606053199999998
 30
0
  0
SPLINE
  5
2BD
100
AcDbEntity
  8
0
  6
CONTINUOUS
 62
    1
370
    5
100
AcDbSpline
210
0
220
0
230
0
 70
    8
 71
    3
 72
    8
 73
    4
 74
    0
 42
1e-07
 43
1e-07
 40
0
 40
0
 40
0
 40
0
 40
1
 40
1
 40
1
 40
1
 10
0.02249999999998042
 20
5.606053199999998
 30
0
 10
0.02249999999997998
 20
3.350058300000001
 30
0
 10
0.7304981400000092
 20
2.402061299999999
 30
0
 10
2.518493579999983
 20
2.402061299999999
 30
0
  0
SPLINE
  5
2BE
100
AcDbEntity
  8
0
  6
CONTINUOUS
 62
    1
370
    5
100
AcDbSpline
210
0
220
0
230
0
 70
    8
 71
    3
 72
    8
 73
    4
 74
    0
 42
1e-07
 43
1e-07
 40
0
 40
0
 40
0
 40
0
 40
1
 40
1
 40
1
 40
1
 10
2.518493579999983
 20
2.402061299999999
 30
0
 10
3.190491899999984
 20
2.402061299999999
 30
0
 10
4.474488599999973
 20
2.654060399999998
 30
0
 10
4.474488599999973
 20
2.654060399999998
 30
0
  0
LINE
  5
2BF
100
AcDbEntity
  8
0
  6
CONTINUOUS
 62
    1
370
    5
100
AcDbLine
 10
4.474488599999973
 20
2.654060399999998
 11
4.42648872000001
 21
3.938057100000001
  0
SPLINE
  5
2C0
100
AcDbEntity
  8
0
  6
CONTINUOUS
 62
    1
370
    5
100
AcDbSpline
210
0
220
0
230
0
 70
    8
 71
    3
 72
    8
 73
    4
 74
    0
 42
1e-07
 43
1e-07
 40
0
 40
0
 40
0
 40
0
 40
1
 40
1
 40
1
 40
1
 10
4.42648872000001
 20
3.938057100000001
 30
0
 10
4.42648872000001
 20
3.938057100000001
 30
0
 10
3.490491150000026
 20
3.842057699999997
 30
0
 10
3.034492290000004
 20
3.842057699999997
 30
0
  0
SPLINE
  5
2C1
100
AcDbEntity
  8
0
  6
CONTINUOUS
 62
    1
370
    5
100
AcDbSpline
210
0
220
0
230
0
 70
    8
 71
    3
 72
    8
 73
    4
 74
    0
 42
1e-07
 43
1e-07
 40
0
 40
0
 40
0
 40
0
 40
1
 40
1
 40
1
 40
1
 10
3.034492290000004
 20
3.842057699999997
 30
0
 10
1.882495259999985
 20
3.842057699999997
 30
0
 10
1.654495829999974
 20
4.262056199999996
 30
0
 10
1.654495829999974
 20
5.606053199999997
 30
0
  0
SPLINE
  5
2C2
100
AcDbEntity
  8
0
  6
CONTINUOUS
 62
    1
370
    5
100
AcDbSpline
210
0
220
0
230
0
 70
    8
 71
    3
 72
    8
 73
    4
 74
    0
 42
1e-07
 43
1e-07
 40
0
 40
0
 40
0
 40
0
 40
1
 40
1
 40
1
 40
1
 10
1.654495829999974
 20
5.606053199999997
 30
0
 10
1.654495829999974
 20
6.8060502
 30
0
 10
1.870495290000009
 20
7.250049000000004
 30
0
 10
3.022492320000027
 20
7.250049000000004
 30
0
  0
SPLINE
  5
2C3
100
AcDbEntity
  8
0
  6
CONTINUOUS
 62
    1
370
    5
100
AcDbSpline
210
0
220
0
230
0
 70
    8
 71
    3
 72
    8
 73
    4
 74
    0
 42
1e-07
 43
1e-07
 40
0
 40
0
 40
0
 40
0
 40
1
 40
1
 40
1
 40
1
 10
3.022492320000027
 20
7.250049000000004
 30
0
 10
3.478491179999993
 20
7.250049000000004
 30
0
 10
4.42648872000001
 20
7.154048699999997
 30
0
 10
4.42648872000001
 20
7.154048699999997
 30
0
  0
LINE
  5
2C4
100
AcDbEntity
  8
0
  6
CONTINUOUS
 62
    1
370
    5
100
AcDbLine
 10
4.42648872000001
 20
7.154048699999997
 11
4.474488599999973
 21
8.426045700000003
  0
SPLINE
  5
2C5
100
AcDbEntity
  8
0
  6
CONTINUOUS
 62
    1
370
    5
100
AcDbSpline
210
0
220
0
230
0
 70
    8
 71
    3
 72
    8
 73
    4
 74
    0
 42
1e-07
 43
1e-07
 40
0
 40
0
 40
0
 40
0
 40
1
 40
1
 40
1
 40
1
 10
4.474488599999973
 20
8.426045700000003
 30
0
 10
4.474488599999973
 20
8.426045700000003
 30
0
 10
3.250491749999981
 20
8.690045400000002
 30
0
 10
2.554493490000028
 20
8.690045400000002
 30
0
  0
LINE
  5
2C6
100
AcDbEntity
  8
0
  6
CONTINUOUS
 62
    1
370
    5
100
AcDbLine
 10
2.554493490000028
 20
8.690045400000002
 11
2.554493490000028
 21
8.690045400000002
  0
LINE
  5
2C7
100
AcDbEntity
  8
0
  6
CONTINUOUS
 62
    1
370
    5
100
AcDbLine
 10
32.79440879999999
 20
2.54606039999999
 11
34.52240430000001
 21
2.54606039999999
  0
LINE
  5
2C8
100
AcDbEntity
  8
0
  6
CONTINUOUS
 62
    1
370
    5
100
AcDbLine
 10
34.52240430000001
 20
2.54606039999999
 11
34.52240430000001
 21
4.538055599999988
  0
LINE
  5
2C9
100
AcDbEntity
  8
0
  6
CONTINUOUS
 62
    1
370
    5
100
AcDbLine
 10
34.52240430000001
 20
4.538055599999988
 11
32.79440879999999
 21
4.538055599999988
  0
LINE
  5
2CA
100
AcDbEntity
  8
0
  6
CONTINUOUS
 62
    1
370
    5
100
AcDbLine
 10
32.79440879999999
 20
4.538055599999988
 11
32.79440879999999
 21
2.54606039999999
  0
SPLINE
  5
2CB
100
AcDbEntity
  8
0
  6
CONTINUOUS
 62
    1
370
    5
100
AcDbSpline
210
0
220
0
230
0
 70
    8
 71
    3
 72
    8
 73
    4
 74
    0
 42
1e-07
 43
1e-07
 40
0
 40
0
 40
0
 40
0
 40
1
 40
1
 40
1
 40
1
 10
29.278413
 20
3.818057399999997
 30
0
 10
28.41441479999997
 20
3.818057399999997
 30
0
 10
28.078416
 20
4.142056499999992
 30
0
 10
28.06641630000001
 20
4.862054699999998
 30
0
  0
LINE
  5
2CC
100
AcDbEntity
  8
0
  6
CONTINUOUS
 62
    1
370
    5
100
AcDbLine
 10
28.06641630000001
 20
4.862054699999998
 11
31.5944073
 21
4.862054699999997
  0
LINE
  5
2CD
100
AcDbEntity
  8
0
  6
CONTINUOUS
 62
    1
370
    5
100
AcDbLine
 10
31.5944073
 20
4.862054699999997
 11
31.71440699999999
 21
5.978051999999987
  0
SPLINE
  5
2CE
100
AcDbEntity
  8
0
  6
CONTINUOUS
 62
    1
370
    5
100
AcDbSpline
210
0
220
0
230
0
 70
    8
 71
    3
 72
    8
 73
    4
 74
    0
 42
1e-07
 43
1e-07
 40
0
 40
0
 40
0
 40
0
 40
1
 40
1
 40
1
 40
1
 10
31.71440699999999
 20
5.978051999999987
 30
0
 10
31.71440699999999
 20
7.7900472
 30
0
 10
30.86240939999999
 20
8.690045399999999
 30
0
 10
29.09841390000003
 20
8.690045399999999
 30
0
  0
SPLINE
  5
2CF
100
AcDbEntity
  8
0
  6
CONTINUOUS
 62
    1
370
    5
100
AcDbSpline
210
0
220
0
230
0
 70
    8
 71
    3
 72
    8
 73
    4
 74
    0
 42
1e-07
 43
1e-07
 40
0
 40
0
 40
0
 40
0
 40
1
 40
1
 40
1
 40
1
 10
29.09841390000003
 20
8.690045399999999
 30
0
 10
27.34641809999999
 20
8.690045399999999
 30
0
 10
26.44641990000002
 20
7.598047499999989
 30
0
 10
26.44641990000002
 20
5.462053199999996
 30
0
  0
SPLINE
  5
2D0
100
AcDbEntity
  8
0
  6
CONTINUOUS
 62
    1
370
    5
100
AcDbSpline
210
0
220
0
230
0
 70
    8
 71
    3
 72
    8
 73
    4
 74
    0
 42
1e-07
 43
1e-07
 40
0
 40
0
 40
0
 40
0
 40
1
 40
1
 40
1
 40
1
 10
26.44641990000002
 20
5.462053199999996
 30
0
 10
26.44641990000002
 20
3.302058599999999
 30
0
 10
27.21441870000001
 20
2.402061299999996
 30
0
 10
29.02641390000002
 20
2.402061299999996
 30
0
  0
SPLINE
  5
2D1
100
AcDbEntity
  8
0
  6
CONTINUOUS
 62
    1
370
    5
100
AcDbSpline
210
0
220
0
230
0
 70
    8
 71
    3
 72
    8
 73
    4
 74
    0
 42
1e-07
 43
1e-07
 40
0
 40
0
 40
0
 40
0
 40
1
 40
1
 40
1
 40
1
 10
29.02641390000002
 20
2.402061299999996
 30
0
 10
30.14241120000003
 20
2.402061299999996
 30
0
 10
31.5224073
 20
2.738060099999987
 30
0
 10
31.5224073
 20
2.738060099999987
 30
0
  0
LINE
  5
2D2
100
AcDbEntity
  8
0
  6
CONTINUOUS
 62
    1
370
    5
100
AcDbLine
 10
31.5224073
 20
2.738060099999987
 11
31.49840699999999
 21
3.926057399999986
  0
SPLINE
  5
2D3
100
AcDbEntity
  8
0
  6
CONTINUOUS
 62
    1
370
    5
100
AcDbSpline
210
0
220
0
230
0
 70
    8
 71
    3
 72
    8
 73
    4
 74
    0
 42
1e-07
 43
1e-07
 40
0
 40
0
 40
0
 40
0
 40
1
 40
1
 40
1
 40
1
 10
31.49840699999999
 20
3.926057399999986
 30
0
 10
31.49840699999999
 20
3.926057399999986
 30
0
 10
30.26241090000002
 20
3.818057399999997
 30
0
 10
29.278413
 20
3.818057399999997
 30
0
  0
LINE
  5
2D4
100
AcDbEntity
  8
0
  6
CONTINUOUS
 62
    1
370
    5
100
AcDbLine
 10
29.278413
 20
3.818057399999997
 11
29.278413
 21
3.818057399999997
  0
SPLINE
  5
2D5
100
AcDbEntity
  8
0
  6
CONTINUOUS
 62
    1
370
    5
100
AcDbSpline
210
0
220
0
230
0
 70
    8
 71
    3
 72
    8
 73
    4
 74
    0
 42
1e-07
 43
1e-07
 40
0
 40
0
 40
0
 40
0
 40
1
 40
1
 40
1
 40
1
 10
28.05441659999997
 20
6.086051999999992
 30
0
 10
28.06641630000001
 20
6.998048999999991
 30
0
 10
28.33041509999998
 20
7.370048699999995
 30
0
 10
29.09841390000003
 20
7.370048699999995
 30
0
  0
SPLINE
  5
2D6
100
AcDbEntity
  8
0
  6
CONTINUOUS
 62
    1
370
    5
100
AcDbSpline
210
0
220
0
230
0
 70
    8
 71
    3
 72
    8
 73
    4
 74
    0
 42
1e-07
 43
1e-07
 40
0
 40
0
 40
0
 40
0
 40
1
 40
1
 40
1
 40
1
 10
29.09841390000003
 20
7.370048699999995
 30
0
 10
29.85441120000002
 20
7.370048699999995
 30
0
 10
30.1304106
 20
7.05804929999999
 30
0
 10
30.1304106
 20
6.086051999999992
 30
0
  0
LINE
  5
2D7
100
AcDbEntity
  8
0
  6
CONTINUOUS
 62
    1
370
    5
100
AcDbLine
 10
30.1304106
 20
6.086051999999992
 11
28.05441659999997
 21
6.086051999999992
  0
LINE
  5
2D8
100
AcDbEntity
  8
0
  6
CONTINUOUS
 62
    1
370
    5
100
AcDbLine
 10
25.70241959999998
 20
7.178048999999998
 11
25.70241959999998
 21
8.546045399999993
  0
LINE
  5
2D9
100
AcDbEntity
  8
0
  6
CONTINUOUS
 62
    1
370
    5
100
AcDbLine
 10
25.70241959999998
 20
8.546045399999993
 11
24.22642500000001
 21
8.546045399999993
  0
LINE
  5
2DA
100
AcDbEntity
  8
0
  6
CONTINUOUS
 62
    1
370
    5
100
AcDbLine
 10
24.22642500000001
 20
8.546045399999993
 11
24.22642500000001
 21
10.21404149999999
  0
LINE
  5
2DB
100
AcDbEntity
  8
0
  6
CONTINUOUS
 62
    1
370
    5
100
AcDbLine
 10
24.22642500000001
 20
10.21404149999999
 11
22.61842830000001
 21
10.21404149999999
  0
LINE
  5
2DC
100
AcDbEntity
  8
0
  6
CONTINUOUS
 62
    1
370
    5
100
AcDbLine
 10
22.61842830000001
 20
10.21404149999999
 11
22.61842830000001
 21
8.546045399999993
  0
LINE
  5
2DD
100
AcDbEntity
  8
0
  6
CONTINUOUS
 62
    1
370
    5
100
AcDbLine
 10
22.61842830000001
 20
8.546045399999993
 11
21.91043070000001
 21
8.546045399999993
  0
LINE
  5
2DE
100
AcDbEntity
  8
0
  6
CONTINUOUS
 62
    1
370
    5
100
AcDbLine
 10
21.91043070000001
 20
8.546045399999993
 11
21.91043070000001
 21
7.178048999999998
  0
LINE
  5
2DF
100
AcDbEntity
  8
0
  6
CONTINUOUS
 62
    1
370
    5
100
AcDbLine
 10
21.91043070000001
 20
7.178048999999998
 11
22.61842830000001
 21
7.178048999999998
  0
LINE
  5
2E0
100
AcDbEntity
  8
0
  6
CONTINUOUS
 62
    1
370
    5
100
AcDbLine
 10
22.61842830000001
 20
7.178048999999998
 11
22.61842830000001
 21
4.682055599999996
  0
SPLINE
  5
2E1
100
AcDbEntity
  8
0
  6
CONTINUOUS
 62
    1
370
    5
100
AcDbSpline
210
0
220
0
230
0
 70
    8
 71
    3
 72
    8
 73
    4
 74
    0
 42
1e-07
 43
1e-07
 40
0
 40
0
 40
0
 40
0
 40
1
 40
1
 40
1
 40
1
 10
22.61842830000001
 20
4.682055599999996
 30
0
 10
22.61842830000001
 20
2.9540592
 30
0
 10
23.03842680000002
 20
2.402061299999997
 30
0
 10
24.4904229
 20
2.402061299999997
 30
0
  0
SPLINE
  5
2E2
100
AcDbEntity
  8
0
  6
CONTINUOUS
 62
    1
370
    5
100
AcDbSpline
210
0
220
0
230
0
 70
    8
 71
    3
 72
    8
 73
    4
 74
    0
 42
1e-07
 43
1e-07
 40
0
 40
0
 40
0
 40
0
 40
1
 40
1
 40
1
 40
1
 10
24.4904229
 20
2.402061299999997
 30
0
 10
24.91042229999999
 20
2.402061299999997
 30
0
 10
25.71442020000001
 20
2.5820604
 30
0
 10
25.71442020000001
 20
2.5820604
 30
0
  0
LINE
  5
2E3
100
AcDbEntity
  8
0
  6
CONTINUOUS
 62
    1
370
    5
100
AcDbLine
 10
25.71442020000001
 20
2.5820604
 11
25.6424202
 21
3.866057099999995
  0
SPLINE
  5
2E4
100
AcDbEntity
  8
0
  6
CONTINUOUS
 62
    1
370
    5
100
AcDbSpline
210
0
220
0
230
0
 70
    8
 71
    3
 72
    8
 73
    4
 74
    0
 42
1e-07
 43
1e-07
 40
0
 40
0
 40
0
 40
0
 40
1
 40
1
 40
1
 40
1
 10
25.6424202
 20
3.866057099999995
 30
0
 10
25.6424202
 20
3.866057099999995
 30
0
 10
25.06642199999999
 20
3.842057699999994
 30
0
 10
24.73042229999999
 20
3.842057699999994
 30
0
  0
SPLINE
  5
2E5
100
AcDbEntity
  8
0
  6
CONTINUOUS
 62
    1
370
    5
100
AcDbSpline
210
0
220
0
230
0
 70
    8
 71
    3
 72
    8
 73
    4
 74
    0
 42
1e-07
 43
1e-07
 40
0
 40
0
 40
0
 40
0
 40
1
 40
1
 40
1
 40
1
 10
24.73042229999999
 20
3.842057699999994
 30
0
 10
24.22642409999997
 20
3.842057699999994
 30
0
 10
24.22642409999997
 20
4.118056199999995
 30
0
 10
24.22642409999997
 20
4.7180547
 30
0
  0
LINE
  5
2E6
100
AcDbEntity
  8
0
  6
CONTINUOUS
 62
    1
370
    5
100
AcDbLine
 10
24.22642409999997
 20
4.7180547
 11
24.22642409999997
 21
7.178048999999998
  0
LINE
  5
2E7
100
AcDbEntity
  8
0
  6
CONTINUOUS
 62
    1
370
    5
100
AcDbLine
 10
24.22642409999997
 20
7.178048999999998
 11
25.70241959999998
 21
7.178048999999998
  0
SPLINE
  5
2E8
100
AcDbEntity
  8
0
  6
CONTINUOUS
 62
    1
370
    5
100
AcDbSpline
210
0
220
0
230
0
 70
    8
 71
    3
 72
    8
 73
    4
 74
    0
 42
1e-07
 43
1e-07
 40
0
 40
0
 40
0
 40
0
 40
1
 40
1
 40
1
 40
1
 10
20.84243579999998
 20
6.674049899999997
 30
0
 10
20.84243579999998
 20
8.078046299999993
 30
0
 10
20.21843790000003
 20
8.690045399999999
 30
0
 10
18.65844270000002
 20
8.690045400000001
 30
0
  0
SPLINE
  5
2E9
100
AcDbEntity
  8
0
  6
CONTINUOUS
 62
    1
370
    5
100
AcDbSpline
210
0
220
0
230
0
 70
    8
 71
    3
 72
    8
 73
    4
 74
    0
 42
1e-07
 43
1e-07
 40
0
 40
0
 40
0
 40
0
 40
1
 40
1
 40
1
 40
1
 10
18.65844270000002
 20
8.690045400000001
 30
0
 10
17.50644449999999
 20
8.690045400000001
 30
0
 10
16.22244869999997
 20
8.342045999999995
 30
0
 10
16.22244869999997
 20
8.342045999999995
 30
0
  0
LINE
  5
2EA
100
AcDbEntity
  8
0
  6
CONTINUOUS
 62
    1
370
    5
100
AcDbLine
 10
16.22244869999997
 20
8.342045999999995
 11
16.27044749999999
 21
7.226048699999998
  0
SPLINE
  5
2EB
100
AcDbEntity
  8
0
  6
CONTINUOUS
 62
    1
370
    5
100
AcDbSpline
210
0
220
0
230
0
 70
    8
 71
    3
 72
    8
 73
    4
 74
    0
 42
1e-07
 43
1e-07
 40
0
 40
0
 40
0
 40
0
 40
1
 40
1
 40
1
 40
1
 10
16.27044749999999
 20
7.226048699999998
 30
0
 10
16.27044749999999
 20
7.226048699999998
 30
0
 10
17.73444510000002
 20
7.322048099999995
 30
0
 10
18.52644329999998
 20
7.322048099999995
 30
0
  0
SPLINE
  5
2EC
100
AcDbEntity
  8
0
  6
CONTINUOUS
 62
    1
370
    5
100
AcDbSpline
210
0
220
0
230
0
 70
    8
 71
    3
 72
    8
 73
    4
 74
    0
 42
1e-07
 43
1e-07
 40
0
 40
0
 40
0
 40
0
 40
1
 40
1
 40
1
 40
1
 10
18.52644329999998
 20
7.322048099999995
 30
0
 10
19.00644119999998
 20
7.322048099999995
 30
0
 10
19.23444000000001
 20
7.190048699999997
 30
0
 10
19.23444000000001
 20
6.674049899999997
 30
0
  0
LINE
  5
2ED
100
AcDbEntity
  8
0
  6
CONTINUOUS
 62
    1
370
    5
100
AcDbLine
 10
19.23444000000001
 20
6.674049899999997
 11
19.23444000000001
 21
6.302051099999997
  0
LINE
  5
2EE
100
AcDbEntity
  8
0
  6
CONTINUOUS
 62
    1
370
    5
100
AcDbLine
 10
19.23444000000001
 20
6.302051099999997
 11
17.95044419999999
 21
6.206051700000001
  0
SPLINE
  5
2EF
100
AcDbEntity
  8
0
  6
CONTINUOUS
 62
    1
370
    5
100
AcDbSpline
210
0
220
0
230
0
 70
    8
 71
    3
 72
    8
 73
    4
 74
    0
 42
1e-07
 43
1e-07
 40
0
 40
0
 40
0
 40
0
 40
1
 40
1
 40
1
 40
1
 10
17.95044419999999
 20
6.206051700000001
 30
0
 10
16.6304475
 20
6.110051400000001
 30
0
 10
15.85044899999997
 20
5.726052899999997
 30
0
 10
15.85044899999997
 20
4.3700562
 30
0
  0
SPLINE
  5
2F0
100
AcDbEntity
  8
0
  6
CONTINUOUS
 62
    1
370
    5
100
AcDbSpline
210
0
220
0
230
0
 70
    8
 71
    3
 72
    8
 73
    4
 74
    0
 42
1e-07
 43
1e-07
 40
0
 40
0
 40
0
 40
0
 40
1
 40
1
 40
1
 40
1
 10
15.85044899999997
 20
4.3700562
 30
0
 10
15.85044899999997
 20
3.0980592
 30
0
 10
16.4504475
 20
2.402061299999998
 30
0
 10
17.71044389999997
 20
2.402061299999998
 30
0
  0
SPLINE
  5
2F1
100
AcDbEntity
  8
0
  6
CONTINUOUS
 62
    1
370
    5
100
AcDbSpline
210
0
220
0
230
0
 70
    8
 71
    3
 72
    8
 73
    4
 74
    0
 42
1e-07
 43
1e-07
 40
0
 40
0
 40
0
 40
0
 40
1
 40
1
 40
1
 40
1
 10
17.71044389999997
 20
2.402061299999998
 30
0
 10
18.6104421
 20
2.402061299999997
 30
0
 10
19.47443939999999
 20
2.822059799999995
 30
0
 10
19.47443939999999
 20
2.822059799999995
 30
0
  0
SPLINE
  5
2F2
100
AcDbEntity
  8
0
  6
CONTINUOUS
 62
    1
370
    5
100
AcDbSpline
210
0
220
0
230
0
 70
    8
 71
    3
 72
    8
 73
    4
 74
    0
 42
1e-07
 43
1e-07
 40
0
 40
0
 40
0
 40
0
 40
1
 40
1
 40
1
 40
1
 10
19.47443939999999
 20
2.822059799999995
 30
0
 10
19.97843849999998
 20
2.486060999999997
 30
0
 10
20.38643730000001
 20
2.402061299999997
 30
0
 10
21.19043520000002
 20
2.402061299999997
 30
0
  0
LINE
  5
2F3
100
AcDbEntity
  8
0
  6
CONTINUOUS
 62
    1
370
    5
100
AcDbLine
 10
21.19043520000002
 20
2.402061299999997
 11
21.23843490000002
 21
3.614057999999997
  0
SPLINE
  5
2F4
100
AcDbEntity
  8
0
  6
CONTINUOUS
 62
    1
370
    5
100
AcDbSpline
210
0
220
0
230
0
 70
    8
 71
    3
 72
    8
 73
    4
 74
    0
 42
1e-07
 43
1e-07
 40
0
 40
0
 40
0
 40
0
 40
1
 40
1
 40
1
 40
1
 10
21.23843490000002
 20
3.614057999999997
 30
0
 10
20.91443579999998
 20
3.6740574
 30
0
 10
20.86643609999999
 20
3.818057399999998
 30
0
 10
20.84243579999998
 20
4.178056499999994
 30
0
  0
LINE
  5
2F5
100
AcDbEntity
  8
0
  6
CONTINUOUS
 62
    1
370
    5
100
AcDbLine
 10
20.84243579999998
 20
4.178056499999994
 11
20.84243579999998
 21
6.674049899999997
  0
LINE
  5
2F6
100
AcDbEntity
  8
0
  6
CONTINUOUS
 62
    1
370
    5
100
AcDbLine
 10
19.23444000000001
 20
5.186053799999994
 11
19.23444000000001
 21
3.902057099999998
  0
SPLINE
  5
2F7
100
AcDbEntity
  8
0
  6
CONTINUOUS
 62
    1
370
    5
100
AcDbSpline
210
0
220
0
230
0
 70
    8
 71
    3
 72
    8
 73
    4
 74
    0
 42
1e-07
 43
1e-07
 40
0
 40
0
 40
0
 40
0
 40
1
 40
1
 40
1
 40
1
 10
19.23444000000001
 20
3.902057099999998
 30
0
 10
19.23444000000001
 20
3.902057099999998
 30
0
 10
18.5744421
 20
3.710057399999994
 30
0
 10
18.0584442
 20
3.710057399999994
 30
0
  0
SPLINE
  5
2F8
100
AcDbEntity
  8
0
  6
CONTINUOUS
 62
    1
370
    5
100
AcDbSpline
210
0
220
0
230
0
 70
    8
 71
    3
 72
    8
 73
    4
 74
    0
 42
1e-07
 43
1e-07
 40
0
 40
0
 40
0
 40
0
 40
1
 40
1
 40
1
 40
1
 10
18.0584442
 20
3.710057399999994
 30
0
 10
17.62644419999998
 20
3.710057399999994
 30
0
 10
17.47044540000002
 20
3.998056499999994
 30
0
 10
17.47044540000002
 20
4.418055899999996
 30
0
  0
SPLINE
  5
2F9
100
AcDbEntity
  8
0
  6
CONTINUOUS
 62
    1
370
    5
100
AcDbSpline
210
0
220
0
230
0
 70
    8
 71
    3
 72
    8
 73
    4
 74
    0
 42
1e-07
 43
1e-07
 40
0
 40
0
 40
0
 40
0
 40
1
 40
1
 40
1
 40
1
 10
17.47044540000002
 20
4.418055899999996
 30
0
 10
17.47044540000002
 20
4.850054999999995
 30
0
 10
17.72244540000003
 20
5.054054399999996
 30
0
 10
18.14244300000001
 20
5.090054399999997
 30
0
  0
LINE
  5
2FA
100
AcDbEntity
  8
0
  6
CONTINUOUS
 62
    1
370
    5
100
AcDbLine
 10
18.14244300000001
 20
5.090054399999997
 11
19.23444000000001
 21
5.186053799999994
  0
SPLINE
  5
2FB
100
AcDbEntity
  8
0
  6
CONTINUOUS
 62
    1
370
    5
100
AcDbSpline
210
0
220
0
230
0
 70
    8
 71
    3
 72
    8
 73
    4
 74
    0
 42
1e-07
 43
1e-07
 40
0
 40
0
 40
0
 40
0
 40
1
 40
1
 40
1
 40
1
 10
12.65845409999997
 20
3.818057399999999
 30
0
 10
11.79445679999998
 20
3.818057399999999
 30
0
 10
11.45845800000001
 20
4.1420565
 30
0
 10
11.44645739999999
 20
4.8620547
 30
0
  0
LINE
  5
2FC
100
AcDbEntity
  8
0
  6
CONTINUOUS
 62
    1
370
    5
100
AcDbLine
 10
11.44645739999999
 20
4.8620547
 11
14.9744475
 21
4.8620547
  0
LINE
  5
2FD
100
AcDbEntity
  8
0
  6
CONTINUOUS
 62
    1
370
    5
100
AcDbLine
 10
14.9744475
 20
4.8620547
 11
15.09444719999999
 21
5.978051999999996
  0
SPLINE
  5
2FE
100
AcDbEntity
  8
0
  6
CONTINUOUS
 62
    1
370
    5
100
AcDbSpline
210
0
220
0
230
0
 70
    8
 71
    3
 72
    8
 73
    4
 74
    0
 42
1e-07
 43
1e-07
 40
0
 40
0
 40
0
 40
0
 40
1
 40
1
 40
1
 40
1
 10
15.09444719999999
 20
5.978051999999996
 30
0
 10
15.09444719999999
 20
7.790047200000002
 30
0
 10
14.24244959999999
 20
8.690045400000001
 30
0
 10
12.47845410000002
 20
8.690045400000001
 30
0
  0
SPLINE
  5
2FF
100
AcDbEntity
  8
0
  6
CONTINUOUS
 62
    1
370
    5
100
AcDbSpline
210
0
220
0
230
0
 70
    8
 71
    3
 72
    8
 73
    4
 74
    0
 42
1e-07
 43
1e-07
 40
0
 40
0
 40
0
 40
0
 40
1
 40
1
 40
1
 40
1
 10
12.47845410000002
 20
8.690045400000001
 30
0
 10
10.72645829999999
 20
8.690045400000001
 30
0
 10
9.826460999999991
 20
7.598047499999998
 30
0
 10
9.826460999999989
 20
5.462053199999998
 30
0
  0
SPLINE
  5
300
100
AcDbEntity
  8
0
  6
CONTINUOUS
 62
    1
370
    5
100
AcDbSpline
210
0
220
0
230
0
 70
    8
 71
    3
 72
    8
 73
    4
 74
    0
 42
1e-07
 43
1e-07
 40
0
 40
0
 40
0
 40
0
 40
1
 40
1
 40
1
 40
1
 10
9.826460999999989
 20
5.462053199999998
 30
0
 10
9.826460999999989
 20
3.302058600000001
 30
0
 10
10.59445890000001
 20
2.402061299999998
 30
0
 10
12.40645410000002
 20
2.402061299999998
 30
0
  0
SPLINE
  5
301
100
AcDbEntity
  8
0
  6
CONTINUOUS
 62
    1
370
    5
100
AcDbSpline
210
0
220
0
230
0
 70
    8
 71
    3
 72
    8
 73
    4
 74
    0
 42
1e-07
 43
1e-07
 40
0
 40
0
 40
0
 40
0
 40
1
 40
1
 40
1
 40
1
 10
12.40645410000002
 20
2.402061299999998
 30
0
 10
13.52245140000002
 20
2.402061299999998
 30
0
 10
14.90244840000003
 20
2.738060099999996
 30
0
 10
14.90244840000003
 20
2.738060099999996
 30
0
  0
LINE
  5
302
100
AcDbEntity
  8
0
  6
CONTINUOUS
 62
    1
370
    5
100
AcDbLine
 10
14.90244840000003
 20
2.738060099999996
 11
14.87844899999999
 21
3.926057399999996
  0
SPLINE
  5
303
100
AcDbEntity
  8
0
  6
CONTINUOUS
 62
    1
370
    5
100
AcDbSpline
210
0
220
0
230
0
 70
    8
 71
    3
 72
    8
 73
    4
 74
    0
 42
1e-07
 43
1e-07
 40
0
 40
0
 40
0
 40
0
 40
1
 40
1
 40
1
 40
1
 10
14.87844899999999
 20
3.926057399999996
 30
0
 10
14.87844899999999
 20
3.926057399999996
 30
0
 10
13.64245110000002
 20
3.818057399999999
 30
0
 10
12.65845409999997
 20
3.818057399999999
 30
0
  0
LINE
  5
304
100
AcDbEntity
  8
0
  6
CONTINUOUS
 62
    1
370
    5
100
AcDbLine
 10
12.65845409999997
 20
3.818057399999999
 11
12.65845409999997
 21
3.818057399999999
  0
SPLINE
  5
305
100
AcDbEntity
  8
0
  6
CONTINUOUS
 62
    1
370
    5
100
AcDbSpline
210
0
220
0
230
0
 70
    8
 71
    3
 72
    8
 73
    4
 74
    0
 42
1e-07
 43
1e-07
 40
0
 40
0
 40
0
 40
0
 40
1
 40
1
 40
1
 40
1
 10
11.4344577
 20
6.086052
 30
0
 10
11.44645739999999
 20
6.998049
 30
0
 10
11.71045709999999
 20
7.370048699999996
 30
0
 10
12.47845410000002
 20
7.370048699999996
 30
0
  0
SPLINE
  5
306
100
AcDbEntity
  8
0
  6
CONTINUOUS
 62
    1
370
    5
100
AcDbSpline
210
0
220
0
230
0
 70
    8
 71
    3
 72
    8
 73
    4
 74
    0
 42
1e-07
 43
1e-07
 40
0
 40
0
 40
0
 40
0
 40
1
 40
1
 40
1
 40
1
 10
12.47845410000002
 20
7.370048699999996
 30
0
 10
13.23445320000002
 20
7.370048699999996
 30
0
 10
13.51045260000001
 20
7.058049299999999
 30
0
 10
13.51045260000001
 20
6.086052
 30
0
  0
LINE
  5
307
100
AcDbEntity
  8
0
  6
CONTINUOUS
 62
    1
370
    5
100
AcDbLine
 10
13.51045260000001
 20
6.086052
 11
11.4344577
 21
6.086052
  0
LINE
  5
308
100
AcDbEntity
  8
0
  6
CONTINUOUS
 62
    1
370
    5
100
AcDbLine
 10
5.662475550000011
 20
2.546060400000001
 11
7.27047134999998
 21
2.5460604
  0
LINE
  5
309
100
AcDbEntity
  8
0
  6
CONTINUOUS
 62
    1
370
    5
100
AcDbLine
 10
7.27047134999998
 20
2.5460604
 11
7.270471349999982
 21
6.566050799999998
  0
SPLINE
  5
30A
100
AcDbEntity
  8
0
  6
CONTINUOUS
 62
    1
370
    5
100
AcDbSpline
210
0
220
0
230
0
 70
    8
 71
    3
 72
    8
 73
    4
 74
    0
 42
1e-07
 43
1e-07
 40
0
 40
0
 40
0
 40
0
 40
1
 40
1
 40
1
 40
1
 10
7.270471349999982
 20
6.566050799999998
 30
0
 10
7.270471349999982
 20
6.566050799999998
 30
0
 10
8.122468949999982
 20
6.866049599999996
 30
0
 10
9.178466399999992
 20
7.070048999999996
 30
0
  0
LINE
  5
30B
100
AcDbEntity
  8
0
  6
CONTINUOUS
 62
    1
370
    5
100
AcDbLine
 10
9.178466399999992
 20
7.070048999999996
 11
9.178466399999992
 21
8.690045400000001
  0
SPLINE
  5
30C
100
AcDbEntity
  8
0
  6
CONTINUOUS
 62
    1
370
    5
100
AcDbSpline
210
0
220
0
230
0
 70
    8
 71
    3
 72
    8
 73
    4
 74
    0
 42
1e-07
 43
1e-07
 40
0
 40
0
 40
0
 40
0
 40
1
 40
1
 40
1
 40
1
 10
9.178466399999992
 20
8.690045400000001
 30
0
 10
8.266468949999991
 20
8.510045399999994
 30
0
 10
7.258470750000017
 20
7.910046899999996
 30
0
 10
7.258470750000017
 20
7.910046899999996
 30
0
  0
LINE
  5
30D
100
AcDbEntity
  8
0
  6
CONTINUOUS
 62
    1
370
    5
100
AcDbLine
 10
7.258470750000017
 20
7.910046899999996
 11
7.258470750000017
 21
8.546045399999995
  0
LINE
  5
30E
100
AcDbEntity
  8
0
  6
CONTINUOUS
 62
    1
370
    5
100
AcDbLine
 10
7.258470750000017
 20
8.546045399999995
 11
5.662475550000011
 21
8.546045399999995
  0
LINE
  5
30F
100
AcDbEntity
  8
0
  6
CONTINUOUS
 62
    1
370
    5
100
AcDbLine
 10
5.662475550000011
 20
8.546045399999995
 11
5.662475550000011
 21
2.546060400000001
  0
SPLINE
  5
310
100
AcDbEntity
  8
0
  6
CONTINUOUS
 62
    1
370
    5
100
AcDbSpline
210
0
220
0
230
0
 70
    8
 71
    3
 72
    8
 73
    4
 74
    0
 42
1e-07
 43
1e-07
 40
0
 40
0
 40
0
 40
0
 40
1
 40
1
 40
1
 40
1
 10
33.30655739999997
 20
25.65218906999999
 30
0
 10
32.7652812
 20
25.65218906999999
 30
0
 10
32.32956510000002
 20
25.21647387
 30
0
 10
32.32956510000002
 20
24.67519677
 30
0
  0
LINE
  5
311
100
AcDbEntity
  8
0
  6
CONTINUOUS
 62
    1
370
    5
100
AcDbLine
 10
32.32956510000002
 20
24.67519677
 11
32.32956510000002
 21
17.646759
  0
SPLINE
  5
312
100
AcDbEntity
  8
0
  6
CONTINUOUS
 62
    1
370
    5
100
AcDbSpline
210
0
220
0
230
0
 70
    8
 71
    3
 72
    8
 73
    4
 74
    0
 42
1e-07
 43
1e-07
 40
0
 40
0
 40
0
 40
0
 40
1
 40
1
 40
1
 40
1
 10
32.32956510000002
 20
17.646759
 30
0
 10
32.32956510000002
 20
17.1054828
 30
0
 10
32.7652812
 20
16.6697676
 30
0
 10
33.30655739999997
 20
16.6697676
 30
0
  0
LINE
  5
313
100
AcDbEntity
  8
0
  6
CONTINUOUS
 62
    1
370
    5
100
AcDbLine
 10
33.30655739999997
 20
16.6697676
 11
32.77077659999998
 21
16.6697676
  0
SPLINE
  5
314
100
AcDbEntity
  8
0
  6
CONTINUOUS
 62
    1
370
    5
100
AcDbSpline
210
0
220
0
230
0
 70
    8
 71
    3
 72
    8
 73
    4
 74
    0
 42
1e-07
 43
1e-07
 40
0
 40
0
 40
0
 40
0
 40
1
 40
1
 40
1
 40
1
 10
32.77077659999998
 20
16.6697676
 30
0
 10
32.52637440000001
 20
16.6697667
 30
0
 10
32.32974150000001
 20
16.47295829999999
 30
0
 10
32.32974150000001
 20
16.22855610000001
 30
0
  0
LINE
  5
315
100
AcDbEntity
  8
0
  6
CONTINUOUS
 62
    1
370
    5
100
AcDbLine
 10
32.32974150000001
 20
16.22855610000001
 11
32.32974150000001
 21
16.1654508
  0
SPLINE
  5
316
100
AcDbEntity
  8
0
  6
CONTINUOUS
 62
    1
370
    5
100
AcDbSpline
210
0
220
0
230
0
 70
    8
 71
    3
 72
    8
 73
    4
 74
    0
 42
1e-07
 43
1e-07
 40
0
 40
0
 40
0
 40
0
 40
1
 40
1
 40
1
 40
1
 10
32.32974150000001
 20
16.1654508
 30
0
 10
32.32974150000001
 20
15.92104860000001
 30
0
 10
32.52637440000001
 20
15.72441569999999
 30
0
 10
32.77077659999998
 20
15.72441569999999
 30
0
  0
LINE
  5
317
100
AcDbEntity
  8
0
  6
CONTINUOUS
 62
    1
370
    5
100
AcDbLine
 10
32.77077659999998
 20
15.72441569999999
 11
34.91390159999997
 21
15.72441569999999
  0
SPLINE
  5
318
100
AcDbEntity
  8
0
  6
CONTINUOUS
 62
    1
370
    5
100
AcDbSpline
210
0
220
0
230
0
 70
    8
 71
    3
 72
    8
 73
    4
 74
    0
 42
1e-07
 43
1e-07
 40
0
 40
0
 40
0
 40
0
 40
1
 40
1
 40
1
 40
1
 10
34.91390159999997
 20
15.72441569999999
 30
0
 10
35.1583038
 20
15.72441569999999
 30
0
 10
35.35511220000001
 20
15.92104860000001
 30
0
 10
35.35511220000001
 20
16.1654508
 30
0
  0
LINE
  5
319
100
AcDbEntity
  8
0
  6
CONTINUOUS
 62
    1
370
    5
100
AcDbLine
 10
35.35511220000001
 20
16.1654508
 11
35.35511220000001
 21
16.22855610000001
  0
SPLINE
  5
31A
100
AcDbEntity
  8
0
  6
CONTINUOUS
 62
    1
370
    5
100
AcDbSpline
210
0
220
0
230
0
 70
    8
 71
    3
 72
    8
 73
    4
 74
    0
 42
1e-07
 43
1e-07
 40
0
 40
0
 40
0
 40
0
 40
1
 40
1
 40
1
 40
1
 10
35.35511220000001
 20
16.22855610000001
 30
0
 10
35.35511220000001
 20
16.47295829999999
 30
0
 10
35.1583038
 20
16.66976579999999
 30
0
 10
34.91390159999997
 20
16.6697676
 30
0
  0
LINE
  5
31B
100
AcDbEntity
  8
0
  6
CONTINUOUS
 62
    1
370
    5
100
AcDbLine
 10
34.91390159999997
 20
16.6697676
 11
34.37829540000001
 21
16.6697676
  0
SPLINE
  5
31C
100
AcDbEntity
  8
0
  6
CONTINUOUS
 62
    1
370
    5
100
AcDbSpline
210
0
220
0
230
0
 70
    8
 71
    3
 72
    8
 73
    4
 74
    0
 42
1e-07
 43
1e-07
 40
0
 40
0
 40
0
 40
0
 40
1
 40
1
 40
1
 40
1
 10
34.37829540000001
 20
16.6697676
 30
0
 10
34.91957250000002
 20
16.6697667
 30
0
 10
35.35528770000002
 20
17.1054828
 30
0
 10
35.35528770000002
 20
17.646759
 30
0
  0
LINE
  5
31D
100
AcDbEntity
  8
0
  6
CONTINUOUS
 62
    1
370
    5
100
AcDbLine
 10
35.35528770000002
 20
17.646759
 11
35.35528770000002
 21
24.67519677
  0
SPLINE
  5
31E
100
AcDbEntity
  8
0
  6
CONTINUOUS
 62
    1
370
    5
100
AcDbSpline
210
0
220
0
230
0
 70
    8
 71
    3
 72
    8
 73
    4
 74
    0
 42
1e-07
 43
1e-07
 40
0
 40
0
 40
0
 40
0
 40
1
 40
1
 40
1
 40
1
 10
35.35528770000002
 20
24.67519677
 30
0
 10
35.35528770000002
 20
25.21647387
 30
0
 10
34.91957250000002
 20
25.65218906999999
 30
0
 10
34.37829540000001
 20
25.65218906999999
 30
0
  0
LINE
  5
31F
100
AcDbEntity
  8
0
  6
CONTINUOUS
 62
    1
370
    5
100
AcDbLine
 10
34.37829540000001
 20
25.65218906999999
 11
33.30655739999997
 21
25.65218906999999
  0
SPLINE
  5
320
100
AcDbEntity
  8
0
  6
CONTINUOUS
 62
    1
370
    5
100
AcDbSpline
210
0
220
0
230
0
 70
    8
 71
    3
 72
    8
 73
    4
 74
    0
 42
1e-07
 43
1e-07
 40
0
 40
0
 40
0
 40
0
 40
1
 40
1
 40
1
 40
1
 10
33.09667469999999
 20
23.88716936999999
 30
0
 10
33.34112190000002
 20
23.88716936999999
 30
0
 10
33.53788530000003
 20
23.69040597
 30
0
 10
33.53788530000003
 20
23.44595877
 30
0
  0
LINE
  5
321
100
AcDbEntity
  8
0
  6
CONTINUOUS
 62
    1
370
    5
100
AcDbLine
 10
33.53788530000003
 20
23.44595877
 11
33.53788530000003
 21
17.83590029999999
  0
SPLINE
  5
322
100
AcDbEntity
  8
0
  6
CONTINUOUS
 62
    1
370
    5
100
AcDbSpline
210
0
220
0
230
0
 70
    8
 71
    3
 72
    8
 73
    4
 74
    0
 42
1e-07
 43
1e-07
 40
0
 40
0
 40
0
 40
0
 40
1
 40
1
 40
1
 40
1
 10
33.53788530000003
 20
17.83590029999999
 30
0
 10
33.53788530000003
 20
17.59145219999998
 30
0
 10
33.34112190000002
 20
17.39468879999999
 30
0
 10
33.09667469999999
 20
17.39468879999999
 30
0
  0
SPLINE
  5
323
100
AcDbEntity
  8
0
  6
CONTINUOUS
 62
    1
370
    5
100
AcDbSpline
210
0
220
0
230
0
 70
    8
 71
    3
 72
    8
 73
    4
 74
    0
 42
1e-07
 43
1e-07
 40
0
 40
0
 40
0
 40
0
 40
1
 40
1
 40
1
 40
1
 10
33.09667469999999
 20
17.39468879999999
 30
0
 10
32.8522284
 20
17.39468879999999
 30
0
 10
32.65528860000001
 20
17.59145219999998
 30
0
 10
32.65528860000001
 20
17.83590029999999
 30
0
  0
LINE
  5
324
100
AcDbEntity
  8
0
  6
CONTINUOUS
 62
    1
370
    5
100
AcDbLine
 10
32.65528860000001
 20
17.83590029999999
 11
32.65528860000001
 21
23.44595877
  0
SPLINE
  5
325
100
AcDbEntity
  8
0
  6
CONTINUOUS
 62
    1
370
    5
100
AcDbSpline
210
0
220
0
230
0
 70
    8
 71
    3
 72
    8
 73
    4
 74
    0
 42
1e-07
 43
1e-07
 40
0
 40
0
 40
0
 40
0
 40
1
 40
1
 40
1
 40
1
 10
32.65528860000001
 20
23.44595877
 30
0
 10
32.65528860000001
 20
23.69040597
 30
0
 10
32.8522284
 20
23.88716936999999
 30
0
 10
33.09667469999999
 20
23.88716936999999
 30
0
  0
LINE
  5
326
100
AcDbEntity
  8
0
  6
CONTINUOUS
 62
    1
370
    5
100
AcDbLine
 10
33.09667469999999
 20
23.88716936999999
 11
33.09667469999999
 21
23.88716936999999
  0
SPLINE
  5
327
100
AcDbEntity
  8
0
  6
CONTINUOUS
 62
    1
370
    5
100
AcDbSpline
210
0
220
0
230
0
 70
    8
 71
    3
 72
    8
 73
    4
 74
    0
 42
1e-07
 43
1e-07
 40
0
 40
0
 40
0
 40
0
 40
1
 40
1
 40
1
 40
1
 10
34.58817900000003
 20
23.88716936999999
 30
0
 10
34.83262619999999
 20
23.88716936999999
 30
0
 10
35.02956510000001
 20
23.69040597
 30
0
 10
35.02956510000001
 20
23.44595877
 30
0
  0
LINE
  5
328
100
AcDbEntity
  8
0
  6
CONTINUOUS
 62
    1
370
    5
100
AcDbLine
 10
35.02956510000001
 20
23.44595877
 11
35.02956510000001
 21
17.83590029999999
  0
SPLINE
  5
329
100
AcDbEntity
  8
0
  6
CONTINUOUS
 62
    1
370
    5
100
AcDbSpline
210
0
220
0
230
0
 70
    8
 71
    3
 72
    8
 73
    4
 74
    0
 42
1e-07
 43
1e-07
 40
0
 40
0
 40
0
 40
0
 40
1
 40
1
 40
1
 40
1
 10
35.02956510000001
 20
17.83590029999999
 30
0
 10
35.02956510000001
 20
17.59145219999998
 30
0
 10
34.83262619999999
 20
17.39468879999999
 30
0
 10
34.58817900000003
 20
17.39468879999999
 30
0
  0
SPLINE
  5
32A
100
AcDbEntity
  8
0
  6
CONTINUOUS
 62
    1
370
    5
100
AcDbSpline
210
0
220
0
230
0
 70
    8
 71
    3
 72
    8
 73
    4
 74
    0
 42
1e-07
 43
1e-07
 40
0
 40
0
 40
0
 40
0
 40
1
 40
1
 40
1
 40
1
 10
34.58817900000003
 20
17.39468879999999
 30
0
 10
34.34373089999997
 20
17.39468879999999
 30
0
 10
34.14696750000002
 20
17.59145219999998
 30
0
 10
34.14696750000002
 20
17.83590029999999
 30
0
  0
LINE
  5
32B
100
AcDbEntity
  8
0
  6
CONTINUOUS
 62
    1
370
    5
100
AcDbLine
 10
34.14696750000002
 20
17.83590029999999
 11
34.14696750000002
 21
23.44595877
  0
SPLINE
  5
32C
100
AcDbEntity
  8
0
  6
CONTINUOUS
 62
    1
370
    5
100
AcDbSpline
210
0
220
0
230
0
 70
    8
 71
    3
 72
    8
 73
    4
 74
    0
 42
1e-07
 43
1e-07
 40
0
 40
0
 40
0
 40
0
 40
1
 40
1
 40
1
 40
1
 10
34.14696750000002
 20
23.44595877
 30
0
 10
34.14696750000002
 20
23.69040597
 30
0
 10
34.34373089999997
 20
23.88716936999999
 30
0
 10
34.58817900000003
 20
23.88716936999999
 30
0
  0
LINE
  5
32D
100
AcDbEntity
  8
0
  6
CONTINUOUS
 62
    1
370
    5
100
AcDbLine
 10
34.58817900000003
 20
23.88716936999999
 11
34.58817900000003
 21
23.88716936999999
  0
LINE
  5
32E
100
AcDbEntity
  8
0
  6
CONTINUOUS
 62
    1
370
    5
100
AcDbLine
 10
33.58991789999999
 20
15.7235364
 11
33.57884339999998
 21
8.502794099999985
  0
LINE
  5
32F
100
AcDbEntity
  8
0
  6
CONTINUOUS
 62
    1
370
    5
100
AcDbLine
 10
33.57884339999998
 20
8.502794099999985
 11
33.23993760000002
 21
7.299395999999991
  0
SPLINE
  5
330
100
AcDbEntity
  8
0
  6
CONTINUOUS
 62
    1
370
    5
100
AcDbSpline
210
0
220
0
230
0
 70
    8
 71
    3
 72
    8
 73
    4
 74
    0
 42
1e-07
 43
1e-07
 40
0
 40
0
 40
0
 40
0
 40
1
 40
1
 40
1
 40
1
 10
33.23993760000002
 20
7.299395999999991
 30
0
 10
33.31979280000002
 20
6.821175599999992
 30
0
 10
33.52962509999998
 20
5.763243599999991
 30
0
 10
33.52962509999998
 20
5.763243599999991
 30
0
  0
LINE
  5
331
100
AcDbEntity
  8
0
  6
CONTINUOUS
 62
    1
370
    5
100
AcDbLine
 10
33.52962509999998
 20
5.763243599999991
 11
33.84181260000003
 21
5.763243599999991
  0
LINE
  5
332
100
AcDbEntity
  8
0
  6
CONTINUOUS
 62
    1
370
    5
100
AcDbLine
 10
33.84181260000003
 20
5.763243599999991
 11
33.84321660000001
 21
5.763243599999991
  0
LINE
  5
333
100
AcDbEntity
  8
0
  6
CONTINUOUS
 62
    1
370
    5
100
AcDbLine
 10
33.84321660000001
 20
5.763243599999991
 11
34.1554041
 21
5.763243599999991
  0
SPLINE
  5
334
100
AcDbEntity
  8
0
  6
CONTINUOUS
 62
    1
370
    5
100
AcDbSpline
210
0
220
0
230
0
 70
    8
 71
    3
 72
    8
 73
    4
 74
    0
 42
1e-07
 43
1e-07
 40
0
 40
0
 40
0
 40
0
 40
1
 40
1
 40
1
 40
1
 10
34.1554041
 20
5.763243599999991
 30
0
 10
34.1554041
 20
5.763243599999991
 30
0
 10
34.3650609
 20
6.821175599999992
 30
0
 10
34.4449161
 20
7.299395999999989
 30
0
  0
LINE
  5
335
100
AcDbEntity
  8
0
  6
CONTINUOUS
 62
    1
370
    5
100
AcDbLine
 10
34.4449161
 20
7.299395999999989
 11
34.10618579999999
 21
8.502794099999985
  0
LINE
  5
336
100
AcDbEntity
  8
0
  6
CONTINUOUS
 62
    1
370
    5
100
AcDbLine
 10
34.10618579999999
 20
8.502794099999985
 11
34.09493580000003
 21
15.7235364
  0
LINE
  5
337
100
AcDbEntity
  8
0
  6
CONTINUOUS
 62
    1
370
    5
100
AcDbLine
 10
34.09493580000003
 20
15.7235364
 11
33.8426892
 21
15.7235364
  0
LINE
  5
338
100
AcDbEntity
  8
0
  6
CONTINUOUS
 62
    1
370
    5
100
AcDbLine
 10
33.8426892
 20
15.7235364
 11
33.84214919999999
 21
15.7235364
  0
LINE
  5
339
100
AcDbEntity
  8
0
  6
CONTINUOUS
 62
    1
370
    5
100
AcDbLine
 10
33.84214919999999
 20
15.7235364
 11
33.58991789999999
 21
15.7235364
  0
SPLINE
  5
33A
100
AcDbEntity
  8
0
  6
CONTINUOUS
 62
    1
370
    5
100
AcDbSpline
210
0
220
0
230
0
 70
    8
 71
    3
 72
    8
 73
    4
 74
    0
 42
1e-07
 43
1e-07
 40
0
 40
0
 40
0
 40
0
 40
1
 40
1
 40
1
 40
1
 10
9.251502299999974
 20
31.4436015
 30
0
 10
8.739625049999974
 20
31.4436015
 30
0
 10
8.733124350000034
 20
30.92662881
 30
0
 10
8.733124350000034
 20
30.92662881
 30
0
  0
LINE
  5
33B
100
AcDbEntity
  8
0
  6
CONTINUOUS
 62
    1
370
    5
100
AcDbLine
 10
8.733124350000034
 20
30.92662881
 11
9.775155600000014
 21
30.92662881
  0
SPLINE
  5
33C
100
AcDbEntity
  8
0
  6
CONTINUOUS
 62
    1
370
    5
100
AcDbSpline
210
0
220
0
230
0
 70
    8
 71
    3
 72
    8
 73
    4
 74
    0
 42
1e-07
 43
1e-07
 40
0
 40
0
 40
0
 40
0
 40
1
 40
1
 40
1
 40
1
 10
9.775155600000014
 20
30.92662881
 30
0
 10
9.775155600000014
 20
30.92662881
 30
0
 10
9.763380900000023
 20
31.4436015
 30
0
 10
9.251502299999974
 20
31.4436015
 30
0
  0
LINE
  5
33D
100
AcDbEntity
  8
0
  6
CONTINUOUS
 62
    1
370
    5
100
AcDbLine
 10
9.251502299999974
 20
31.4436015
 11
9.251502299999974
 21
31.4436015
  0
SPLINE
  5
33E
100
AcDbEntity
  8
0
  6
CONTINUOUS
 62
    1
370
    5
100
AcDbSpline
210
0
220
0
230
0
 70
    8
 71
    3
 72
    8
 73
    4
 74
    0
 42
1e-07
 43
1e-07
 40
0
 40
0
 40
0
 40
0
 40
1
 40
1
 40
1
 40
1
 10
15.87283109999998
 20
31.4436015
 30
0
 10
15.36095339999997
 20
31.4436015
 30
0
 10
15.34917869999999
 20
30.92662880999999
 30
0
 10
15.34917869999999
 20
30.92662880999999
 30
0
  0
LINE
  5
33F
100
AcDbEntity
  8
0
  6
CONTINUOUS
 62
    1
370
    5
100
AcDbLine
 10
15.34917869999999
 20
30.92662880999999
 11
16.3912095
 21
30.92662880999999
  0
SPLINE
  5
340
100
AcDbEntity
  8
0
  6
CONTINUOUS
 62
    1
370
    5
100
AcDbSpline
210
0
220
0
230
0
 70
    8
 71
    3
 72
    8
 73
    4
 74
    0
 42
1e-07
 43
1e-07
 40
0
 40
0
 40
0
 40
0
 40
1
 40
1
 40
1
 40
1
 10
16.3912095
 20
30.92662880999999
 30
0
 10
16.3912095
 20
30.92662880999999
 30
0
 10
16.38471149999998
 20
31.4436015
 30
0
 10
15.87283109999998
 20
31.4436015
 30
0
  0
LINE
  5
341
100
AcDbEntity
  8
0
  6
CONTINUOUS
 62
    1
370
    5
100
AcDbLine
 10
15.87283109999998
 20
31.4436015
 11
15.87283109999998
 21
31.4436015
  0
SPLINE
  5
342
100
AcDbEntity
  8
0
  6
CONTINUOUS
 62
    1
370
    5
100
AcDbSpline
210
0
220
0
230
0
 70
    8
 71
    3
 72
    8
 73
    4
 74
    0
 42
1e-07
 43
1e-07
 40
0
 40
0
 40
0
 40
0
 40
1
 40
1
 40
1
 40
1
 10
7.634667149999988
 20
30.70145303999999
 30
0
 10
7.435227150000006
 20
30.70145303999999
 30
0
 10
7.274667150000031
 20
30.54089304
 30
0
 10
7.274667150000031
 20
30.34145304
 30
0
  0
SPLINE
  5
343
100
AcDbEntity
  8
0
  6
CONTINUOUS
 62
    1
370
    5
100
AcDbSpline
210
0
220
0
230
0
 70
    8
 71
    3
 72
    8
 73
    4
 74
    0
 42
1e-07
 43
1e-07
 40
0
 40
0
 40
0
 40
0
 40
1
 40
1
 40
1
 40
1
 10
7.274667150000031
 20
30.34145304
 30
0
 10
7.274667150000031
 20
30.14201303999999
 30
0
 10
7.435227150000006
 20
29.98145303999999
 30
0
 10
7.634667149999988
 20
29.98145303999999
 30
0
  0
LINE
  5
344
100
AcDbEntity
  8
0
  6
CONTINUOUS
 62
    1
370
    5
100
AcDbLine
 10
7.634667149999988
 20
29.98145303999999
 11
10.94216669999997
 21
29.98145303999999
  0
SPLINE
  5
345
100
AcDbEntity
  8
0
  6
CONTINUOUS
 62
    1
370
    5
100
AcDbSpline
210
0
220
0
230
0
 70
    8
 71
    3
 72
    8
 73
    4
 74
    0
 42
1e-07
 43
1e-07
 40
0
 40
0
 40
0
 40
0
 40
1
 40
1
 40
1
 40
1
 10
10.94216669999997
 20
29.98145303999999
 30
0
 10
11.14160670000001
 20
29.98145303999999
 30
0
 10
11.30216669999999
 20
30.14201303999999
 30
0
 10
11.30216669999999
 20
30.34145304
 30
0
  0
SPLINE
  5
346
100
AcDbEntity
  8
0
  6
CONTINUOUS
 62
    1
370
    5
100
AcDbSpline
210
0
220
0
230
0
 70
    8
 71
    3
 72
    8
 73
    4
 74
    0
 42
1e-07
 43
1e-07
 40
0
 40
0
 40
0
 40
0
 40
1
 40
1
 40
1
 40
1
 10
11.30216669999999
 20
30.34145304
 30
0
 10
11.30216669999999
 20
30.54089304
 30
0
 10
11.14160670000001
 20
30.70145303999999
 30
0
 10
10.94216669999997
 20
30.70145303999999
 30
0
  0
LINE
  5
347
100
AcDbEntity
  8
0
  6
CONTINUOUS
 62
    1
370
    5
100
AcDbLine
 10
10.94216669999997
 20
30.70145303999999
 11
7.634667149999988
 21
30.70145303999999
  0
SPLINE
  5
348
100
AcDbEntity
  8
0
  6
CONTINUOUS
 62
    1
370
    5
100
AcDbSpline
210
0
220
0
230
0
 70
    8
 71
    3
 72
    8
 73
    4
 74
    0
 42
1e-07
 43
1e-07
 40
0
 40
0
 40
0
 40
0
 40
1
 40
1
 40
1
 40
1
 10
14.18216669999998
 20
30.70145303999999
 30
0
 10
13.9827267
 20
30.70145303999999
 30
0
 10
13.82216670000004
 20
30.54089304
 30
0
 10
13.82216670000004
 20
30.34145304
 30
0
  0
SPLINE
  5
349
100
AcDbEntity
  8
0
  6
CONTINUOUS
 62
    1
370
    5
100
AcDbSpline
210
0
220
0
230
0
 70
    8
 71
    3
 72
    8
 73
    4
 74
    0
 42
1e-07
 43
1e-07
 40
0
 40
0
 40
0
 40
0
 40
1
 40
1
 40
1
 40
1
 10
13.82216670000004
 20
30.34145304
 30
0
 10
13.82216670000004
 20
30.14201303999999
 30
0
 10
13.9827267
 20
29.98145303999999
 30
0
 10
14.18216669999998
 20
29.98145303999999
 30
0
  0
LINE
  5
34A
100
AcDbEntity
  8
0
  6
CONTINUOUS
 62
    1
370
    5
100
AcDbLine
 10
14.18216669999998
 20
29.98145303999999
 11
17.48966669999999
 21
29.98145303999999
  0
SPLINE
  5
34B
100
AcDbEntity
  8
0
  6
CONTINUOUS
 62
    1
370
    5
100
AcDbSpline
210
0
220
0
230
0
 70
    8
 71
    3
 72
    8
 73
    4
 74
    0
 42
1e-07
 43
1e-07
 40
0
 40
0
 40
0
 40
0
 40
1
 40
1
 40
1
 40
1
 10
17.48966669999999
 20
29.98145303999999
 30
0
 10
17.68910670000002
 20
29.98145303999999
 30
0
 10
17.8496667
 20
30.14201303999999
 30
0
 10
17.8496667
 20
30.34145304
 30
0
  0
SPLINE
  5
34C
100
AcDbEntity
  8
0
  6
CONTINUOUS
 62
    1
370
    5
100
AcDbSpline
210
0
220
0
230
0
 70
    8
 71
    3
 72
    8
 73
    4
 74
    0
 42
1e-07
 43
1e-07
 40
0
 40
0
 40
0
 40
0
 40
1
 40
1
 40
1
 40
1
 10
17.8496667
 20
30.34145304
 30
0
 10
17.8496667
 20
30.54089304
 30
0
 10
17.68910670000002
 20
30.70145303999999
 30
0
 10
17.48966669999999
 20
30.70145303999999
 30
0
  0
LINE
  5
34D
100
AcDbEntity
  8
0
  6
CONTINUOUS
 62
    1
370
    5
100
AcDbLine
 10
17.48966669999999
 20
30.70145303999999
 11
14.18216669999998
 21
30.70145303999999
  0
SPLINE
  5
34E
100
AcDbEntity
  8
0
  6
CONTINUOUS
 62
    1
370
    5
100
AcDbSpline
210
0
220
0
230
0
 70
    8
 71
    3
 72
    8
 73
    4
 74
    0
 42
1e-07
 43
1e-07
 40
0
 40
0
 40
0
 40
0
 40
1
 40
1
 40
1
 40
1
 10
12.56179859999997
 20
29.82395277000001
 30
0
 10
12.42948239999998
 20
29.82395277000001
 30
0
 10
12.31269029999999
 20
29.82735477
 30
0
 10
12.2039082
 20
29.82782277
 30
0
  0
LINE
  5
34F
100
AcDbEntity
  8
0
  6
CONTINUOUS
 62
    1
370
    5
100
AcDbLine
 10
12.2039082
 20
29.82782277
 11
12.20392440000002
 21
29.82782007
  0
SPLINE
  5
350
100
AcDbEntity
  8
0
  6
CONTINUOUS
 62
    1
370
    5
100
AcDbSpline
210
0
220
0
230
0
 70
    8
 71
    3
 72
    8
 73
    4
 74
    0
 42
1e-07
 43
1e-07
 40
0
 40
0
 40
0
 40
0
 40
1
 40
1
 40
1
 40
1
 10
12.20392440000002
 20
29.82782007
 30
0
 10
11.87757900000003
 20
29.82921507
 30
0
 10
11.62412549999999
 20
29.80479267
 30
0
 10
11.24591670000001
 20
29.58770276999999
 30
0
  0
SPLINE
  5
351
100
AcDbEntity
  8
0
  6
CONTINUOUS
 62
    1
370
    5
100
AcDbSpline
210
0
220
0
230
0
 70
    8
 71
    3
 72
    8
 73
    4
 74
    0
 42
1e-07
 43
1e-07
 40
0
 40
0
 40
0
 40
0
 40
1
 40
1
 40
1
 40
1
 10
11.24591670000001
 20
29.58770276999999
 30
0
 10
11.06630189999998
 20
29.48460507
 30
0
 10
10.91357099999999
 20
29.32715007
 30
0
 10
10.71716670000001
 20
29.26145277000001
 30
0
  0
SPLINE
  5
352
100
AcDbEntity
  8
0
  6
CONTINUOUS
 62
    1
370
    5
100
AcDbSpline
210
0
220
0
230
0
 70
    8
 71
    3
 72
    8
 73
    4
 74
    0
 42
1e-07
 43
1e-07
 40
0
 40
0
 40
0
 40
0
 40
1
 40
1
 40
1
 40
1
 10
10.71716670000001
 20
29.26145277000001
 30
0
 10
10.41000300000002
 20
29.15870697
 30
0
 10
9.737713799999993
 20
29.17145277
 30
0
 10
9.737713799999993
 20
29.17145277
 30
0
  0
LINE
  5
353
100
AcDbEntity
  8
0
  6
CONTINUOUS
 62
    1
370
    5
100
AcDbLine
 10
9.737713799999993
 20
29.17145277
 11
9.737713799999993
 21
29.60739027
  0
SPLINE
  5
354
100
AcDbEntity
  8
0
  6
CONTINUOUS
 62
    1
370
    5
100
AcDbSpline
210
0
220
0
230
0
 70
    8
 71
    3
 72
    8
 73
    4
 74
    0
 42
1e-07
 43
1e-07
 40
0
 40
0
 40
0
 40
0
 40
1
 40
1
 40
1
 40
1
 10
9.737713799999993
 20
29.60739027
 30
0
 10
9.737713799999993
 20
29.71960136999999
 30
0
 10
9.637694099999983
 20
29.72270277
 30
0
 10
9.637694099999983
 20
29.72270277
 30
0
  0
LINE
  5
355
100
AcDbEntity
  8
0
  6
CONTINUOUS
 62
    1
370
    5
100
AcDbLine
 10
9.637694099999983
 20
29.72270277
 11
8.825584950000014
 21
29.72270277
  0
SPLINE
  5
356
100
AcDbEntity
  8
0
  6
CONTINUOUS
 62
    1
370
    5
100
AcDbSpline
210
0
220
0
230
0
 70
    8
 71
    3
 72
    8
 73
    4
 74
    0
 42
1e-07
 43
1e-07
 40
0
 40
0
 40
0
 40
0
 40
1
 40
1
 40
1
 40
1
 10
8.825584950000014
 20
29.72270277
 30
0
 10
8.825584950000014
 20
29.72270277
 30
0
 10
8.736464249999983
 20
29.72561877
 30
0
 10
8.736464249999983
 20
29.62321047
 30
0
  0
SPLINE
  5
357
100
AcDbEntity
  8
0
  6
CONTINUOUS
 62
    1
370
    5
100
AcDbSpline
210
0
220
0
230
0
 70
    8
 71
    3
 72
    8
 73
    4
 74
    0
 42
1e-07
 43
1e-07
 40
0
 40
0
 40
0
 40
0
 40
1
 40
1
 40
1
 40
1
 10
8.736464249999983
 20
29.62321047
 30
0
 10
8.736464249999983
 20
29.57213546999999
 30
0
 10
8.737184249999984
 20
29.08977867
 30
0
 10
8.737184249999984
 20
28.85645277
 30
0
  0
SPLINE
  5
358
100
AcDbEntity
  8
0
  6
CONTINUOUS
 62
    1
370
    5
100
AcDbSpline
210
0
220
0
230
0
 70
    8
 71
    3
 72
    8
 73
    4
 74
    0
 42
1e-07
 43
1e-07
 40
0
 40
0
 40
0
 40
0
 40
1
 40
1
 40
1
 40
1
 10
8.737184249999984
 20
28.85645277
 30
0
 10
8.737184249999984
 20
28.62751887
 30
0
 10
9.063433799999984
 20
28.03379606999999
 30
0
 10
9.063433799999984
 20
28.03379697
 30
0
  0
LINE
  5
359
100
AcDbEntity
  8
0
  6
CONTINUOUS
 62
    1
370
    5
100
AcDbLine
 10
9.063433799999984
 20
28.03379697
 11
9.434683800000023
 21
28.02395276999999
  0
LINE
  5
35A
100
AcDbEntity
  8
0
  6
CONTINUOUS
 62
    1
370
    5
100
AcDbLine
 10
9.434683800000023
 20
28.02395276999999
 11
9.648433800000024
 21
28.41770277000001
  0
SPLINE
  5
35B
100
AcDbEntity
  8
0
  6
CONTINUOUS
 62
    1
370
    5
100
AcDbSpline
210
0
220
0
230
0
 70
    8
 71
    3
 72
    8
 73
    4
 74
    0
 42
1e-07
 43
1e-07
 40
0
 40
0
 40
0
 40
0
 40
1
 40
1
 40
1
 40
1
 10
9.648433800000024
 20
28.41770277000001
 30
0
 10
9.648433800000024
 20
28.41770277000001
 30
0
 10
10.0796229
 20
28.44956277
 30
0
 10
10.46353140000002
 20
28.44160857
 30
0
  0
SPLINE
  5
35C
100
AcDbEntity
  8
0
  6
CONTINUOUS
 62
    1
370
    5
100
AcDbSpline
210
0
220
0
230
0
 70
    8
 71
    3
 72
    8
 73
    4
 74
    0
 42
1e-07
 43
1e-07
 40
0
 40
0
 40
0
 40
0
 40
1
 40
1
 40
1
 40
1
 10
10.46353140000002
 20
28.44160857
 30
0
 10
10.6798824
 20
28.43712657
 30
0
 10
10.76351670000003
 20
28.41636357
 30
0
 10
10.91423429999998
 20
28.26108207
 30
0
  0
SPLINE
  5
35D
100
AcDbEntity
  8
0
  6
CONTINUOUS
 62
    1
370
    5
100
AcDbSpline
210
0
220
0
230
0
 70
    8
 71
    3
 72
    8
 73
    4
 74
    0
 42
1e-07
 43
1e-07
 40
0
 40
0
 40
0
 40
0
 40
1
 40
1
 40
1
 40
1
 10
10.91423429999998
 20
28.26108207
 30
0
 10
11.09178000000003
 20
28.07815977
 30
0
 10
11.19268260000001
 20
27.69413427000001
 30
0
 10
11.31026939999998
 20
27.46795707
 30
0
  0
SPLINE
  5
35E
100
AcDbEntity
  8
0
  6
CONTINUOUS
 62
    1
370
    5
100
AcDbSpline
210
0
220
0
230
0
 70
    8
 71
    3
 72
    8
 73
    4
 74
    0
 42
1e-07
 43
1e-07
 40
0
 40
0
 40
0
 40
0
 40
1
 40
1
 40
1
 40
1
 10
11.31026939999998
 20
27.46795707
 30
0
 10
11.43495089999999
 20
27.22813407
 30
0
 10
11.51405820000002
 20
26.59520277
 30
0
 10
11.7831213
 20
26.59520277
 30
0
  0
LINE
  5
35F
100
AcDbEntity
  8
0
  6
CONTINUOUS
 62
    1
370
    5
100
AcDbLine
 10
11.7831213
 20
26.59520277
 11
12.56216669999998
 21
26.59520277
  0
LINE
  5
360
100
AcDbEntity
  8
0
  6
CONTINUOUS
 62
    1
370
    5
100
AcDbLine
 10
12.56180669999998
 20
27.18020276999999
 11
12.19091670000001
 21
27.18020276999999
  0
SPLINE
  5
361
100
AcDbEntity
  8
0
  6
CONTINUOUS
 62
    1
370
    5
100
AcDbSpline
210
0
220
0
230
0
 70
    8
 71
    3
 72
    8
 73
    4
 74
    0
 42
1e-07
 43
1e-07
 40
0
 40
0
 40
0
 40
0
 40
1
 40
1
 40
1
 40
1
 10
12.19091670000001
 20
27.18020276999999
 30
0
 10
11.8869426
 20
27.18020276999999
 30
0
 10
11.3958801
 20
28.58271327
 30
0
 10
11.43716669999998
 20
28.98020277000001
 30
0
  0
SPLINE
  5
362
100
AcDbEntity
  8
0
  6
CONTINUOUS
 62
    1
370
    5
100
AcDbSpline
210
0
220
0
230
0
 70
    8
 71
    3
 72
    8
 73
    4
 74
    0
 42
1e-07
 43
1e-07
 40
0
 40
0
 40
0
 40
0
 40
1
 40
1
 40
1
 40
1
 10
11.43716669999998
 20
28.98020277000001
 30
0
 10
11.50352099999998
 20
29.24310177
 30
0
 10
11.86521119999998
 20
29.28900897
 30
0
 10
12.04079939999997
 20
29.31313256999999
 30
0
  0
SPLINE
  5
363
100
AcDbEntity
  8
0
  6
CONTINUOUS
 62
    1
370
    5
100
AcDbSpline
210
0
220
0
230
0
 70
    8
 71
    3
 72
    8
 73
    4
 74
    0
 42
1e-07
 43
1e-07
 40
0
 40
0
 40
0
 40
0
 40
1
 40
1
 40
1
 40
1
 10
12.04079939999997
 20
29.31313256999999
 30
0
 10
12.19683329999998
 20
29.33456966999999
 30
0
 10
12.25596510000003
 20
29.32895277
 30
0
 10
12.56216669999998
 20
29.32895277
 30
0
  0
LINE
  5
364
100
AcDbEntity
  8
0
  6
CONTINUOUS
 62
    1
370
    5
100
AcDbLine
 10
12.56213159999999
 20
29.32895277
 11
12.56216669999998
 21
29.32895277
  0
SPLINE
  5
365
100
AcDbEntity
  8
0
  6
CONTINUOUS
 62
    1
370
    5
100
AcDbSpline
210
0
220
0
230
0
 70
    8
 71
    3
 72
    8
 73
    4
 74
    0
 42
1e-07
 43
1e-07
 40
0
 40
0
 40
0
 40
0
 40
1
 40
1
 40
1
 40
1
 10
12.56216669999998
 20
29.32895277
 30
0
 10
12.86836829999999
 20
29.32895277
 30
0
 10
12.92750009999997
 20
29.33456877
 30
0
 10
13.08353399999999
 20
29.31313256999999
 30
0
  0
SPLINE
  5
366
100
AcDbEntity
  8
0
  6
CONTINUOUS
 62
    1
370
    5
100
AcDbSpline
210
0
220
0
230
0
 70
    8
 71
    3
 72
    8
 73
    4
 74
    0
 42
1e-07
 43
1e-07
 40
0
 40
0
 40
0
 40
0
 40
1
 40
1
 40
1
 40
1
 10
13.08353399999999
 20
29.31313256999999
 30
0
 10
13.25912219999998
 20
29.28900897
 30
0
 10
13.62081239999998
 20
29.24310177
 30
0
 10
13.68716669999998
 20
28.98020277000001
 30
0
  0
SPLINE
  5
367
100
AcDbEntity
  8
0
  6
CONTINUOUS
 62
    1
370
    5
100
AcDbSpline
210
0
220
0
230
0
 70
    8
 71
    3
 72
    8
 73
    4
 74
    0
 42
1e-07
 43
1e-07
 40
0
 40
0
 40
0
 40
0
 40
1
 40
1
 40
1
 40
1
 10
13.68716669999998
 20
28.98020277000001
 30
0
 10
13.72845330000002
 20
28.58271327
 30
0
 10
13.23739080000001
 20
27.18020276999999
 30
0
 10
12.93341670000001
 20
27.18020276999999
 30
0
  0
LINE
  5
368
100
AcDbEntity
  8
0
  6
CONTINUOUS
 62
    1
370
    5
100
AcDbLine
 10
12.93341670000001
 20
27.18020276999999
 11
12.56251859999998
 21
27.18020276999999
  0
LINE
  5
369
100
AcDbEntity
  8
0
  6
CONTINUOUS
 62
    1
370
    5
100
AcDbLine
 10
12.56215859999999
 20
26.59520277
 11
13.34122109999998
 21
26.59520277
  0
SPLINE
  5
36A
100
AcDbEntity
  8
0
  6
CONTINUOUS
 62
    1
370
    5
100
AcDbSpline
210
0
220
0
230
0
 70
    8
 71
    3
 72
    8
 73
    4
 74
    0
 42
1e-07
 43
1e-07
 40
0
 40
0
 40
0
 40
0
 40
1
 40
1
 40
1
 40
1
 10
13.34122109999998
 20
26.59520277
 30
0
 10
13.61028420000002
 20
26.59520277
 30
0
 10
13.6893915
 20
27.22813407
 30
0
 10
13.81407300000001
 20
27.46795707
 30
0
  0
SPLINE
  5
36B
100
AcDbEntity
  8
0
  6
CONTINUOUS
 62
    1
370
    5
100
AcDbSpline
210
0
220
0
230
0
 70
    8
 71
    3
 72
    8
 73
    4
 74
    0
 42
1e-07
 43
1e-07
 40
0
 40
0
 40
0
 40
0
 40
1
 40
1
 40
1
 40
1
 10
13.81407300000001
 20
27.46795707
 30
0
 10
13.93165979999998
 20
27.69413427000001
 30
0
 10
14.03256240000002
 20
28.07815977
 30
0
 10
14.21010810000001
 20
28.26108207
 30
0
  0
SPLINE
  5
36C
100
AcDbEntity
  8
0
  6
CONTINUOUS
 62
    1
370
    5
100
AcDbSpline
210
0
220
0
230
0
 70
    8
 71
    3
 72
    8
 73
    4
 74
    0
 42
1e-07
 43
1e-07
 40
0
 40
0
 40
0
 40
0
 40
1
 40
1
 40
1
 40
1
 10
14.21010810000001
 20
28.26108207
 30
0
 10
14.36082570000002
 20
28.41636357
 30
0
 10
14.44445999999999
 20
28.43712657
 30
0
 10
14.66081100000002
 20
28.44160857
 30
0
  0
SPLINE
  5
36D
100
AcDbEntity
  8
0
  6
CONTINUOUS
 62
    1
370
    5
100
AcDbSpline
210
0
220
0
230
0
 70
    8
 71
    3
 72
    8
 73
    4
 74
    0
 42
1e-07
 43
1e-07
 40
0
 40
0
 40
0
 40
0
 40
1
 40
1
 40
1
 40
1
 10
14.66081100000002
 20
28.44160857
 30
0
 10
15.04471949999999
 20
28.44956456999999
 30
0
 10
15.47590860000003
 20
28.41770276999999
 30
0
 10
15.47590860000003
 20
28.41770276999999
 30
0
  0
LINE
  5
36E
100
AcDbEntity
  8
0
  6
CONTINUOUS
 62
    1
370
    5
100
AcDbLine
 10
15.47590860000003
 20
28.41770276999999
 11
15.68965859999997
 21
28.02395276999999
  0
LINE
  5
36F
100
AcDbEntity
  8
0
  6
CONTINUOUS
 62
    1
370
    5
100
AcDbLine
 10
15.68965859999997
 20
28.02395276999999
 11
16.0609086
 21
28.03379696999999
  0
SPLINE
  5
370
100
AcDbEntity
  8
0
  6
CONTINUOUS
 62
    1
370
    5
100
AcDbSpline
210
0
220
0
230
0
 70
    8
 71
    3
 72
    8
 73
    4
 74
    0
 42
1e-07
 43
1e-07
 40
0
 40
0
 40
0
 40
0
 40
1
 40
1
 40
1
 40
1
 10
16.0609086
 20
28.03379696999999
 30
0
 10
16.0609086
 20
28.03379606999999
 30
0
 10
16.38715860000002
 20
28.63990017
 30
0
 10
16.38715860000002
 20
28.85645277
 30
0
  0
SPLINE
  5
371
100
AcDbEntity
  8
0
  6
CONTINUOUS
 62
    1
370
    5
100
AcDbSpline
210
0
220
0
230
0
 70
    8
 71
    3
 72
    8
 73
    4
 74
    0
 42
1e-07
 43
1e-07
 40
0
 40
0
 40
0
 40
0
 40
1
 40
1
 40
1
 40
1
 10
16.38715860000002
 20
28.85645277
 30
0
 10
16.38715860000002
 20
29.06679807
 30
0
 10
16.38787860000002
 20
29.50848836999999
 30
0
 10
16.38787860000002
 20
29.62321047
 30
0
  0
SPLINE
  5
372
100
AcDbEntity
  8
0
  6
CONTINUOUS
 62
    1
370
    5
100
AcDbSpline
210
0
220
0
230
0
 70
    8
 71
    3
 72
    8
 73
    4
 74
    0
 42
1e-07
 43
1e-07
 40
0
 40
0
 40
0
 40
0
 40
1
 40
1
 40
1
 40
1
 10
16.38787860000002
 20
29.62321047
 30
0
 10
16.38787860000002
 20
29.71667277
 30
0
 10
16.2987579
 20
29.72270276999999
 30
0
 10
16.2987579
 20
29.72270276999999
 30
0
  0
LINE
  5
373
100
AcDbEntity
  8
0
  6
CONTINUOUS
 62
    1
370
    5
100
AcDbLine
 10
16.2987579
 20
29.72270276999999
 11
15.48664830000001
 21
29.72270276999999
  0
SPLINE
  5
374
100
AcDbEntity
  8
0
  6
CONTINUOUS
 62
    1
370
    5
100
AcDbSpline
210
0
220
0
230
0
 70
    8
 71
    3
 72
    8
 73
    4
 74
    0
 42
1e-07
 43
1e-07
 40
0
 40
0
 40
0
 40
0
 40
1
 40
1
 40
1
 40
1
 10
15.48664830000001
 20
29.72270276999999
 30
0
 10
15.48664830000001
 20
29.72270276999999
 30
0
 10
15.38662859999999
 20
29.71959777
 30
0
 10
15.38662859999999
 20
29.60739026999999
 30
0
  0
LINE
  5
375
100
AcDbEntity
  8
0
  6
CONTINUOUS
 62
    1
370
    5
100
AcDbLine
 10
15.38662859999999
 20
29.60739026999999
 11
15.38662859999999
 21
29.17145276999999
  0
SPLINE
  5
376
100
AcDbEntity
  8
0
  6
CONTINUOUS
 62
    1
370
    5
100
AcDbSpline
210
0
220
0
230
0
 70
    8
 71
    3
 72
    8
 73
    4
 74
    0
 42
1e-07
 43
1e-07
 40
0
 40
0
 40
0
 40
0
 40
1
 40
1
 40
1
 40
1
 10
15.38662859999999
 20
29.17145276999999
 30
0
 10
15.38662859999999
 20
29.17145276999999
 30
0
 10
14.71433939999998
 20
29.15870696999999
 30
0
 10
14.40717569999998
 20
29.26145277000001
 30
0
  0
SPLINE
  5
377
100
AcDbEntity
  8
0
  6
CONTINUOUS
 62
    1
370
    5
100
AcDbSpline
210
0
220
0
230
0
 70
    8
 71
    3
 72
    8
 73
    4
 74
    0
 42
1e-07
 43
1e-07
 40
0
 40
0
 40
0
 40
0
 40
1
 40
1
 40
1
 40
1
 10
14.40717569999998
 20
29.26145277000001
 30
0
 10
14.2107714
 20
29.32715006999999
 30
0
 10
14.0580405
 20
29.48460507
 30
0
 10
13.87842569999998
 20
29.58770276999999
 30
0
  0
SPLINE
  5
378
100
AcDbEntity
  8
0
  6
CONTINUOUS
 62
    1
370
    5
100
AcDbSpline
210
0
220
0
230
0
 70
    8
 71
    3
 72
    8
 73
    4
 74
    0
 42
1e-07
 43
1e-07
 40
0
 40
0
 40
0
 40
0
 40
1
 40
1
 40
1
 40
1
 10
13.87842569999998
 20
29.58770276999999
 30
0
 10
13.37414760000001
 20
29.87715627
 30
0
 10
13.09179239999997
 20
29.82395277000001
 30
0
 10
12.56252760000001
 20
29.82395277000001
 30
0
  0
SPLINE
  5
379
100
AcDbEntity
  8
0
  6
CONTINUOUS
 62
    1
370
    5
100
AcDbSpline
210
0
220
0
230
0
 70
    8
 71
    3
 72
    8
 73
    4
 74
    0
 42
1e-07
 43
1e-07
 40
0
 40
0
 40
0
 40
0
 40
1
 40
1
 40
1
 40
1
 10
10.78326090000002
 20
27.78805467000001
 30
0
 10
10.63975049999999
 20
27.78677666999999
 30
0
 10
10.50974459999998
 20
27.69032007
 30
0
 10
10.50974459999998
 20
27.69032007
 30
0
  0
SPLINE
  5
37A
100
AcDbEntity
  8
0
  6
CONTINUOUS
 62
    1
370
    5
100
AcDbSpline
210
0
220
0
230
0
 70
    8
 71
    3
 72
    8
 73
    4
 74
    0
 42
1e-07
 43
1e-07
 40
0
 40
0
 40
0
 40
0
 40
1
 40
1
 40
1
 40
1
 10
10.50974459999998
 20
27.69032007
 30
0
 10
10.50974459999998
 20
27.69032007
 30
0
 10
9.436220999999994
 20
26.75279547
 30
0
 10
9.186639300000024
 20
26.11373786999999
 30
0
  0
SPLINE
  5
37B
100
AcDbEntity
  8
0
  6
CONTINUOUS
 62
    1
370
    5
100
AcDbSpline
210
0
220
0
230
0
 70
    8
 71
    3
 72
    8
 73
    4
 74
    0
 42
1e-07
 43
1e-07
 40
0
 40
0
 40
0
 40
0
 40
1
 40
1
 40
1
 40
1
 10
9.186639300000024
 20
26.11373786999999
 30
0
 10
8.952464249999993
 20
25.51412726999999
 30
0
 10
9.096991199999994
 20
24.18471477
 30
0
 10
9.096991199999994
 20
24.18471477
 30
0
  0
SPLINE
  5
37C
100
AcDbEntity
  8
0
  6
CONTINUOUS
 62
    1
370
    5
100
AcDbSpline
210
0
220
0
230
0
 70
    8
 71
    3
 72
    8
 73
    4
 74
    0
 42
1e-07
 43
1e-07
 40
0
 40
0
 40
0
 40
0
 40
1
 40
1
 40
1
 40
1
 10
9.096991199999994
 20
24.18471477
 30
0
 10
9.096991199999994
 20
24.18471477
 30
0
 10
9.111716100000024
 20
23.84125047000001
 30
0
 10
9.423241200000014
 20
23.84071047
 30
0
  0
SPLINE
  5
37D
100
AcDbEntity
  8
0
  6
CONTINUOUS
 62
    1
370
    5
100
AcDbSpline
210
0
220
0
230
0
 70
    8
 71
    3
 72
    8
 73
    4
 74
    0
 42
1e-07
 43
1e-07
 40
0
 40
0
 40
0
 40
0
 40
1
 40
1
 40
1
 40
1
 10
9.423241200000014
 20
23.84071047
 30
0
 10
9.734766299999993
 20
23.84017047
 30
0
 10
9.759334500000023
 20
24.14885516999999
 30
0
 10
9.759334500000023
 20
24.14885516999999
 30
0
  0
SPLINE
  5
37E
100
AcDbEntity
  8
0
  6
CONTINUOUS
 62
    1
370
    5
100
AcDbSpline
210
0
220
0
230
0
 70
    8
 71
    3
 72
    8
 73
    4
 74
    0
 42
1e-07
 43
1e-07
 40
0
 40
0
 40
0
 40
0
 40
1
 40
1
 40
1
 40
1
 10
9.759334500000023
 20
24.14885516999999
 30
0
 10
9.759334500000023
 20
24.14885516999999
 30
0
 10
9.627676200000003
 20
25.28215947
 30
0
 10
9.822967199999994
 20
25.79557346999999
 30
0
  0
SPLINE
  5
37F
100
AcDbEntity
  8
0
  6
CONTINUOUS
 62
    1
370
    5
100
AcDbSpline
210
0
220
0
230
0
 70
    8
 71
    3
 72
    8
 73
    4
 74
    0
 42
1e-07
 43
1e-07
 40
0
 40
0
 40
0
 40
0
 40
1
 40
1
 40
1
 40
1
 10
9.822967199999994
 20
25.79557346999999
 30
0
 10
10.04777819999998
 20
26.38659447000001
 30
0
 10
11.02794749999998
 20
27.26071047000001
 30
0
 10
11.02794749999998
 20
27.26071047000001
 30
0
  0
SPLINE
  5
380
100
AcDbEntity
  8
0
  6
CONTINUOUS
 62
    1
370
    5
100
AcDbSpline
210
0
220
0
230
0
 70
    8
 71
    3
 72
    8
 73
    4
 74
    0
 42
1e-07
 43
1e-07
 40
0
 40
0
 40
0
 40
0
 40
1
 40
1
 40
1
 40
1
 10
11.02794749999998
 20
27.26071047000001
 30
0
 10
11.02794840000001
 20
27.26071047000001
 30
0
 10
11.16827280000001
 20
27.53093457
 30
0
 10
10.97644409999998
 20
27.71282006999999
 30
0
  0
SPLINE
  5
381
100
AcDbEntity
  8
0
  6
CONTINUOUS
 62
    1
370
    5
100
AcDbSpline
210
0
220
0
230
0
 70
    8
 71
    3
 72
    8
 73
    4
 74
    0
 42
1e-07
 43
1e-07
 40
0
 40
0
 40
0
 40
0
 40
1
 40
1
 40
1
 40
1
 10
10.97644409999998
 20
27.71282006999999
 30
0
 10
10.9164978
 20
27.76965957
 30
0
 10
10.84849109999999
 20
27.78863337
 30
0
 10
10.78326090000002
 20
27.78805467000001
 30
0
  0
LINE
  5
382
100
AcDbEntity
  8
0
  6
CONTINUOUS
 62
    1
370
    5
100
AcDbLine
 10
10.78326090000002
 20
27.78805467000001
 11
10.78326090000002
 21
27.78805467000001
  0
SPLINE
  5
383
100
AcDbEntity
  8
0
  6
CONTINUOUS
 62
    1
370
    5
100
AcDbSpline
210
0
220
0
230
0
 70
    8
 71
    3
 72
    8
 73
    4
 74
    0
 42
1e-07
 43
1e-07
 40
0
 40
0
 40
0
 40
0
 40
1
 40
1
 40
1
 40
1
 10
14.3410725
 20
27.78805467000001
 30
0
 10
14.27584230000002
 20
27.78859466999999
 30
0
 10
14.20783560000001
 20
27.76965957
 30
0
 10
14.14788929999997
 20
27.71282006999999
 30
0
  0
SPLINE
  5
384
100
AcDbEntity
  8
0
  6
CONTINUOUS
 62
    1
370
    5
100
AcDbSpline
210
0
220
0
230
0
 70
    8
 71
    3
 72
    8
 73
    4
 74
    0
 42
1e-07
 43
1e-07
 40
0
 40
0
 40
0
 40
0
 40
1
 40
1
 40
1
 40
1
 10
14.14788929999997
 20
27.71282006999999
 30
0
 10
13.9560606
 20
27.53093457
 30
0
 10
14.09638500000001
 20
27.26071047000001
 30
0
 10
14.09638589999997
 20
27.26071047000001
 30
0
  0
SPLINE
  5
385
100
AcDbEntity
  8
0
  6
CONTINUOUS
 62
    1
370
    5
100
AcDbSpline
210
0
220
0
230
0
 70
    8
 71
    3
 72
    8
 73
    4
 74
    0
 42
1e-07
 43
1e-07
 40
0
 40
0
 40
0
 40
0
 40
1
 40
1
 40
1
 40
1
 10
14.09638589999997
 20
27.26071047000001
 30
0
 10
14.09638500000001
 20
27.26071047000001
 30
0
 10
15.07655520000003
 20
26.38659447
 30
0
 10
15.30136620000003
 20
25.79557346999999
 30
0
  0
SPLINE
  5
386
100
AcDbEntity
  8
0
  6
CONTINUOUS
 62
    1
370
    5
100
AcDbSpline
210
0
220
0
230
0
 70
    8
 71
    3
 72
    8
 73
    4
 74
    0
 42
1e-07
 43
1e-07
 40
0
 40
0
 40
0
 40
0
 40
1
 40
1
 40
1
 40
1
 10
15.30136620000003
 20
25.79557346999999
 30
0
 10
15.49665720000002
 20
25.28215946999999
 30
0
 10
15.36499889999999
 20
24.14885516999999
 30
0
 10
15.36499889999999
 20
24.14885516999999
 30
0
  0
SPLINE
  5
387
100
AcDbEntity
  8
0
  6
CONTINUOUS
 62
    1
370
    5
100
AcDbSpline
210
0
220
0
230
0
 70
    8
 71
    3
 72
    8
 73
    4
 74
    0
 42
1e-07
 43
1e-07
 40
0
 40
0
 40
0
 40
0
 40
1
 40
1
 40
1
 40
1
 10
15.36499889999999
 20
24.14885516999999
 30
0
 10
15.36499889999999
 20
24.14885516999999
 30
0
 10
15.38956710000002
 20
23.84017047
 30
0
 10
15.70109220000001
 20
23.84071047
 30
0
  0
SPLINE
  5
388
100
AcDbEntity
  8
0
  6
CONTINUOUS
 62
    1
370
    5
100
AcDbSpline
210
0
220
0
230
0
 70
    8
 71
    3
 72
    8
 73
    4
 74
    0
 42
1e-07
 43
1e-07
 40
0
 40
0
 40
0
 40
0
 40
1
 40
1
 40
1
 40
1
 10
15.70109220000001
 20
23.84071047
 30
0
 10
16.0126173
 20
23.84125046999999
 30
0
 10
16.02734220000002
 20
24.18471477
 30
0
 10
16.02734220000002
 20
24.18471477
 30
0
  0
SPLINE
  5
389
100
AcDbEntity
  8
0
  6
CONTINUOUS
 62
    1
370
    5
100
AcDbSpline
210
0
220
0
230
0
 70
    8
 71
    3
 72
    8
 73
    4
 74
    0
 42
1e-07
 43
1e-07
 40
0
 40
0
 40
0
 40
0
 40
1
 40
1
 40
1
 40
1
 10
16.02734220000002
 20
24.18471477
 30
0
 10
16.02734220000002
 20
24.18471477
 30
0
 10
16.17186959999998
 20
25.51412726999999
 30
0
 10
15.93769409999999
 20
26.11373786999999
 30
0
  0
SPLINE
  5
38A
100
AcDbEntity
  8
0
  6
CONTINUOUS
 62
    1
370
    5
100
AcDbSpline
210
0
220
0
230
0
 70
    8
 71
    3
 72
    8
 73
    4
 74
    0
 42
1e-07
 43
1e-07
 40
0
 40
0
 40
0
 40
0
 40
1
 40
1
 40
1
 40
1
 10
15.93769409999999
 20
26.11373786999999
 30
0
 10
15.68811240000002
 20
26.75279546999999
 30
0
 10
14.61458879999998
 20
27.69032006999999
 30
0
 10
14.61458879999998
 20
27.69032006999999
 30
0
  0
SPLINE
  5
38B
100
AcDbEntity
  8
0
  6
CONTINUOUS
 62
    1
370
    5
100
AcDbSpline
210
0
220
0
230
0
 70
    8
 71
    3
 72
    8
 73
    4
 74
    0
 42
1e-07
 43
1e-07
 40
0
 40
0
 40
0
 40
0
 40
1
 40
1
 40
1
 40
1
 10
14.61458879999998
 20
27.69032006999999
 30
0
 10
14.61458879999998
 20
27.69032006999999
 30
0
 10
14.48458290000002
 20
27.78677666999999
 30
0
 10
14.3410725
 20
27.78805467000001
 30
0
  0
LINE
  5
38C
100
AcDbEntity
  8
0
  6
CONTINUOUS
 62
    1
370
    5
100
AcDbLine
 10
14.3410725
 20
27.78805467000001
 11
14.3410725
 21
27.78805467000001
  0
SPLINE
  5
38D
100
AcDbEntity
  8
0
  6
CONTINUOUS
 62
    1
370
    5
100
AcDbSpline
210
0
220
0
230
0
 70
    8
 71
    3
 72
    8
 73
    4
 74
    0
 42
1e-07
 43
1e-07
 40
0
 40
0
 40
0
 40
0
 40
1
 40
1
 40
1
 40
1
 10
16.49466000000001
 20
17.55165149999999
 30
0
 10
16.49466000000001
 20
17.55165149999999
 30
0
 10
15.9165792
 20
16.9502706
 30
0
 10
15.55757010000002
 20
16.750089
 30
0
  0
SPLINE
  5
38E
100
AcDbEntity
  8
0
  6
CONTINUOUS
 62
    1
370
    5
100
AcDbSpline
210
0
220
0
230
0
 70
    8
 71
    3
 72
    8
 73
    4
 74
    0
 42
1e-07
 43
1e-07
 40
0
 40
0
 40
0
 40
0
 40
1
 40
1
 40
1
 40
1
 10
15.55757010000002
 20
16.750089
 30
0
 10
15.31443239999999
 20
16.6145166
 30
0
 10
15.0392205
 20
16.5226356
 30
0
 10
14.76215999999999
 20
16.4955573
 30
0
  0
SPLINE
  5
38F
100
AcDbEntity
  8
0
  6
CONTINUOUS
 62
    1
370
    5
100
AcDbSpline
210
0
220
0
230
0
 70
    8
 71
    3
 72
    8
 73
    4
 74
    0
 42
1e-07
 43
1e-07
 40
0
 40
0
 40
0
 40
0
 40
1
 40
1
 40
1
 40
1
 10
14.76215999999999
 20
16.4955573
 30
0
 10
14.48584649999998
 20
16.46855189999999
 30
0
 10
14.20404930000001
 20
16.5234762
 30
0
 10
13.93475760000001
 20
16.5910068
 30
0
  0
SPLINE
  5
390
100
AcDbEntity
  8
0
  6
CONTINUOUS
 62
    1
370
    5
100
AcDbSpline
210
0
220
0
230
0
 70
    8
 71
    3
 72
    8
 73
    4
 74
    0
 42
1e-07
 43
1e-07
 40
0
 40
0
 40
0
 40
0
 40
1
 40
1
 40
1
 40
1
 10
13.93475760000001
 20
16.5910068
 30
0
 10
13.69689390000002
 20
16.65065609999998
 30
0
 10
13.32902519999999
 20
16.8800724
 30
0
 10
13.25061720000002
 20
16.86153419999999
 30
0
  0
SPLINE
  5
391
100
AcDbEntity
  8
0
  6
CONTINUOUS
 62
    1
370
    5
100
AcDbSpline
210
0
220
0
230
0
 70
    8
 71
    3
 72
    8
 73
    4
 74
    0
 42
1e-07
 43
1e-07
 40
0
 40
0
 40
0
 40
0
 40
1
 40
1
 40
1
 40
1
 10
13.25061720000002
 20
16.86153419999999
 30
0
 10
13.22975969999999
 20
16.78405770000001
 30
0
 10
13.49693459999997
 20
16.4310912
 30
0
 10
13.64841000000001
 20
16.2092097
 30
0
  0
SPLINE
  5
392
100
AcDbEntity
  8
0
  6
CONTINUOUS
 62
    1
370
    5
100
AcDbSpline
210
0
220
0
230
0
 70
    8
 71
    3
 72
    8
 73
    4
 74
    0
 42
1e-07
 43
1e-07
 40
0
 40
0
 40
0
 40
0
 40
1
 40
1
 40
1
 40
1
 10
13.64841000000001
 20
16.2092097
 30
0
 10
13.8674259
 20
16.1906274
 30
0
 10
14.23744290000002
 20
16.2084897
 30
0
 10
14.2371018
 20
15.94671389999998
 30
0
  0
LINE
  5
393
100
AcDbEntity
  8
0
  6
CONTINUOUS
 62
    1
370
    5
100
AcDbLine
 10
14.2371018
 20
15.94671389999998
 11
14.25292200000001
 21
15.12727649999999
  0
LINE
  5
394
100
AcDbEntity
  8
0
  6
CONTINUOUS
 62
    1
370
    5
100
AcDbLine
 10
14.25292200000001
 20
15.12727649999999
 11
15.12216000000002
 21
15.12727649999999
  0
SPLINE
  5
395
100
AcDbEntity
  8
0
  6
CONTINUOUS
 62
    1
370
    5
100
AcDbSpline
210
0
220
0
230
0
 70
    8
 71
    3
 72
    8
 73
    4
 74
    0
 42
1e-07
 43
1e-07
 40
0
 40
0
 40
0
 40
0
 40
1
 40
1
 40
1
 40
1
 10
15.12216000000002
 20
15.12727649999999
 30
0
 10
15.29711909999997
 20
15.1182522
 30
0
 10
15.36834240000002
 20
15.0119703
 30
0
 10
15.37985520000001
 20
14.8616712
 30
0
  0
LINE
  5
396
100
AcDbEntity
  8
0
  6
CONTINUOUS
 62
    1
370
    5
100
AcDbLine
 10
15.37985520000001
 20
14.8616712
 11
15.43716000000001
 21
14.0529015
  0
LINE
  5
397
100
AcDbEntity
  8
0
  6
CONTINUOUS
 62
    1
370
    5
100
AcDbLine
 10
15.43716000000001
 20
14.0529015
 11
16.28372250000001
 21
14.0360265
  0
SPLINE
  5
398
100
AcDbEntity
  8
0
  6
CONTINUOUS
 62
    1
370
    5
100
AcDbSpline
210
0
220
0
230
0
 70
    8
 71
    3
 72
    8
 73
    4
 74
    0
 42
1e-07
 43
1e-07
 40
0
 40
0
 40
0
 40
0
 40
1
 40
1
 40
1
 40
1
 10
16.28372250000001
 20
14.0360265
 30
0
 10
16.3800675
 20
13.9996521
 30
0
 10
16.44541470000001
 20
13.9701033
 30
0
 10
16.455285
 20
13.8279015
 30
0
  0
LINE
  5
399
100
AcDbEntity
  8
0
  6
CONTINUOUS
 62
    1
370
    5
100
AcDbLine
 10
16.455285
 20
13.8279015
 11
16.46653500000002
 21
12.7985265
  0
LINE
  5
39A
100
AcDbEntity
  8
0
  6
CONTINUOUS
 62
    1
370
    5
100
AcDbLine
 10
16.46653500000002
 20
12.7985265
 11
17.38622249999997
 21
12.7929015
  0
SPLINE
  5
39B
100
AcDbEntity
  8
0
  6
CONTINUOUS
 62
    1
370
    5
100
AcDbSpline
210
0
220
0
230
0
 70
    8
 71
    3
 72
    8
 73
    4
 74
    0
 42
1e-07
 43
1e-07
 40
0
 40
0
 40
0
 40
0
 40
1
 40
1
 40
1
 40
1
 10
17.38622249999997
 20
12.7929015
 30
0
 10
17.47143089999997
 20
12.7577691
 30
0
 10
17.50371209999997
 20
12.7295568
 30
0
 10
17.51278500000001
 20
12.6297765
 30
0
  0
LINE
  5
39C
100
AcDbEntity
  8
0
  6
CONTINUOUS
 62
    1
370
    5
100
AcDbLine
 10
17.51278500000001
 20
12.6297765
 11
17.51278500000001
 21
11.5947765
  0
LINE
  5
39D
100
AcDbEntity
  8
0
  6
CONTINUOUS
 62
    1
370
    5
100
AcDbLine
 10
17.51278500000001
 20
11.5947765
 11
18.36216000000002
 21
11.6285265
  0
SPLINE
  5
39E
100
AcDbEntity
  8
0
  6
CONTINUOUS
 62
    1
370
    5
100
AcDbSpline
210
0
220
0
230
0
 70
    8
 71
    3
 72
    8
 73
    4
 74
    0
 42
1e-07
 43
1e-07
 40
0
 40
0
 40
0
 40
0
 40
1
 40
1
 40
1
 40
1
 10
18.36216000000002
 20
11.6285265
 30
0
 10
18.46303469999998
 20
11.6233065
 30
0
 10
18.51790770000002
 20
11.542392
 30
0
 10
18.50841000000003
 20
11.4597765
 30
0
  0
LINE
  5
39F
100
AcDbEntity
  8
0
  6
CONTINUOUS
 62
    1
370
    5
100
AcDbLine
 10
18.50841000000003
 20
11.4597765
 11
18.45215999999999
 21
10.4641515
  0
SPLINE
  5
3A0
100
AcDbEntity
  8
0
  6
CONTINUOUS
 62
    1
370
    5
100
AcDbSpline
210
0
220
0
230
0
 70
    8
 71
    3
 72
    8
 73
    4
 74
    0
 42
1e-07
 43
1e-07
 40
0
 40
0
 40
0
 40
0
 40
1
 40
1
 40
1
 40
1
 10
18.45215999999999
 20
10.4641515
 30
0
 10
18.45215999999999
 20
10.4641515
 30
0
 10
18.8716455
 20
10.1916774
 30
0
 10
19.01465999999999
 20
10.2616515
 30
0
  0
LINE
  5
3A1
100
AcDbEntity
  8
0
  6
CONTINUOUS
 62
    1
370
    5
100
AcDbLine
 10
19.01465999999999
 20
10.2616515
 11
20.27465999999998
 21
10.9366515
  0
LINE
  5
3A2
100
AcDbEntity
  8
0
  6
CONTINUOUS
 62
    1
370
    5
100
AcDbLine
 10
20.27465999999998
 20
10.9366515
 11
16.49466000000001
 21
17.55165149999999
  0
SPLINE
  5
3A3
100
AcDbEntity
  8
0
  6
CONTINUOUS
 62
    1
370
    5
100
AcDbSpline
210
0
220
0
230
0
 70
    8
 71
    3
 72
    8
 73
    4
 74
    0
 42
1e-07
 43
1e-07
 40
0
 40
0
 40
0
 40
0
 40
1
 40
1
 40
1
 40
1
 10
14.33248559999998
 20
20.88688500000001
 30
0
 10
14.25299310000003
 20
20.884176
 30
0
 10
14.1748164
 20
20.82108600000001
 30
0
 10
14.1296337
 20
20.7554013
 30
0
  0
SPLINE
  5
3A4
100
AcDbEntity
  8
0
  6
CONTINUOUS
 62
    1
370
    5
100
AcDbSpline
210
0
220
0
230
0
 70
    8
 71
    3
 72
    8
 73
    4
 74
    0
 42
1e-07
 43
1e-07
 40
0
 40
0
 40
0
 40
0
 40
1
 40
1
 40
1
 40
1
 10
14.1296337
 20
20.7554013
 30
0
 10
14.09072220000002
 20
20.69883
 30
0
 10
14.10104250000001
 20
20.6208441
 30
0
 10
14.09395050000001
 20
20.5525494
 30
0
  0
SPLINE
  5
3A5
100
AcDbEntity
  8
0
  6
CONTINUOUS
 62
    1
370
    5
100
AcDbSpline
210
0
220
0
230
0
 70
    8
 71
    3
 72
    8
 73
    4
 74
    0
 42
1e-07
 43
1e-07
 40
0
 40
0
 40
0
 40
0
 40
1
 40
1
 40
1
 40
1
 10
14.09395050000001
 20
20.5525494
 30
0
 10
14.08545449999997
 20
20.47074480000001
 30
0
 10
14.11578270000001
 20
20.3825385
 30
0
 10
14.0858685
 20
20.30592870000001
 30
0
  0
SPLINE
  5
3A6
100
AcDbEntity
  8
0
  6
CONTINUOUS
 62
    1
370
    5
100
AcDbSpline
210
0
220
0
230
0
 70
    8
 71
    3
 72
    8
 73
    4
 74
    0
 42
1e-07
 43
1e-07
 40
0
 40
0
 40
0
 40
0
 40
1
 40
1
 40
1
 40
1
 10
14.0858685
 20
20.30592870000001
 30
0
 10
14.07184919999997
 20
20.27002859999999
 30
0
 10
14.03919450000001
 20
20.2440708
 30
0
 10
14.0104584
 20
20.21838929999999
 30
0
  0
SPLINE
  5
3A7
100
AcDbEntity
  8
0
  6
CONTINUOUS
 62
    1
370
    5
100
AcDbSpline
210
0
220
0
230
0
 70
    8
 71
    3
 72
    8
 73
    4
 74
    0
 42
1e-07
 43
1e-07
 40
0
 40
0
 40
0
 40
0
 40
1
 40
1
 40
1
 40
1
 10
14.0104584
 20
20.21838929999999
 30
0
 10
13.74091920000001
 20
19.9775025
 30
0
 10
13.4227143
 20
19.7962911
 30
0
 10
13.11537959999998
 20
19.60596719999999
 30
0
  0
SPLINE
  5
3A8
100
AcDbEntity
  8
0
  6
CONTINUOUS
 62
    1
370
    5
100
AcDbSpline
210
0
220
0
230
0
 70
    8
 71
    3
 72
    8
 73
    4
 74
    0
 42
1e-07
 43
1e-07
 40
0
 40
0
 40
0
 40
0
 40
1
 40
1
 40
1
 40
1
 10
13.11537959999998
 20
19.60596719999999
 30
0
 10
12.9140415
 20
19.48128389999999
 30
0
 10
12.72281579999998
 20
19.32407549999999
 30
0
 10
12.49487190000002
 20
19.25985420000001
 30
0
  0
SPLINE
  5
3A9
100
AcDbEntity
  8
0
  6
CONTINUOUS
 62
    1
370
    5
100
AcDbSpline
210
0
220
0
230
0
 70
    8
 71
    3
 72
    8
 73
    4
 74
    0
 42
1e-07
 43
1e-07
 40
0
 40
0
 40
0
 40
0
 40
1
 40
1
 40
1
 40
1
 10
12.49487190000002
 20
19.25985420000001
 30
0
 10
12.40035929999999
 20
19.23322589999999
 30
0
 10
12.29476770000002
 20
19.2200301
 30
0
 10
12.20061420000002
 20
19.2479013
 30
0
  0
SPLINE
  5
3AA
100
AcDbEntity
  8
0
  6
CONTINUOUS
 62
    1
370
    5
100
AcDbSpline
210
0
220
0
230
0
 70
    8
 71
    3
 72
    8
 73
    4
 74
    0
 42
1e-07
 43
1e-07
 40
0
 40
0
 40
0
 40
0
 40
1
 40
1
 40
1
 40
1
 10
12.20061420000002
 20
19.2479013
 30
0
 10
12.14165070000001
 20
19.265355
 30
0
 10
12.0794373
 20
19.32211889999999
 30
0
 10
12.03362190000001
 20
19.2878037
 30
0
  0
SPLINE
  5
3AB
100
AcDbEntity
  8
0
  6
CONTINUOUS
 62
    1
370
    5
100
AcDbSpline
210
0
220
0
230
0
 70
    8
 71
    3
 72
    8
 73
    4
 74
    0
 42
1e-07
 43
1e-07
 40
0
 40
0
 40
0
 40
0
 40
1
 40
1
 40
1
 40
1
 10
12.03362190000001
 20
19.2878037
 30
0
 10
11.95370639999999
 20
19.22794829999999
 30
0
 10
12.02958089999998
 20
19.12063499999999
 30
0
 10
12.02958089999998
 20
19.12063499999999
 30
0
  0
SPLINE
  5
3AC
100
AcDbEntity
  8
0
  6
CONTINUOUS
 62
    1
370
    5
100
AcDbSpline
210
0
220
0
230
0
 70
    8
 71
    3
 72
    8
 73
    4
 74
    0
 42
1e-07
 43
1e-07
 40
0
 40
0
 40
0
 40
0
 40
1
 40
1
 40
1
 40
1
 10
12.02958089999998
 20
19.12063499999999
 30
0
 10
12.02958089999998
 20
19.12063499999999
 30
0
 10
12.7667007
 20
17.8681338
 30
0
 10
13.26585060000002
 20
17.3491119
 30
0
  0
SPLINE
  5
3AD
100
AcDbEntity
  8
0
  6
CONTINUOUS
 62
    1
370
    5
100
AcDbSpline
210
0
220
0
230
0
 70
    8
 71
    3
 72
    8
 73
    4
 74
    0
 42
1e-07
 43
1e-07
 40
0
 40
0
 40
0
 40
0
 40
1
 40
1
 40
1
 40
1
 10
13.26585060000002
 20
17.3491119
 30
0
 10
13.37346719999999
 20
17.23721129999999
 30
0
 10
13.50131490000001
 20
17.1431307
 30
0
 10
13.6371006
 20
17.0678619
 30
0
  0
SPLINE
  5
3AE
100
AcDbEntity
  8
0
  6
CONTINUOUS
 62
    1
370
    5
100
AcDbSpline
210
0
220
0
230
0
 70
    8
 71
    3
 72
    8
 73
    4
 74
    0
 42
1e-07
 43
1e-07
 40
0
 40
0
 40
0
 40
0
 40
1
 40
1
 40
1
 40
1
 10
13.6371006
 20
17.0678619
 30
0
 10
13.78450980000002
 20
16.98615000000001
 30
0
 10
13.94530650000002
 20
16.9254621
 30
0
 10
14.10960060000003
 20
16.8878619
 30
0
  0
SPLINE
  5
3AF
100
AcDbEntity
  8
0
  6
CONTINUOUS
 62
    1
370
    5
100
AcDbSpline
210
0
220
0
230
0
 70
    8
 71
    3
 72
    8
 73
    4
 74
    0
 42
1e-07
 43
1e-07
 40
0
 40
0
 40
0
 40
0
 40
1
 40
1
 40
1
 40
1
 10
14.10960060000003
 20
16.8878619
 30
0
 10
14.32240560000002
 20
16.83916289999999
 30
0
 10
14.54559389999998
 20
16.8036336
 30
0
 10
14.7621006
 20
16.8316119
 30
0
  0
SPLINE
  5
3B0
100
AcDbEntity
  8
0
  6
CONTINUOUS
 62
    1
370
    5
100
AcDbSpline
210
0
220
0
230
0
 70
    8
 71
    3
 72
    8
 73
    4
 74
    0
 42
1e-07
 43
1e-07
 40
0
 40
0
 40
0
 40
0
 40
1
 40
1
 40
1
 40
1
 10
14.7621006
 20
16.8316119
 30
0
 10
14.98325310000001
 20
16.8601905
 30
0
 10
15.1911801
 20
16.9598862
 30
0
 10
15.39210059999999
 20
17.0566119
 30
0
  0
SPLINE
  5
3B1
100
AcDbEntity
  8
0
  6
CONTINUOUS
 62
    1
370
    5
100
AcDbSpline
210
0
220
0
230
0
 70
    8
 71
    3
 72
    8
 73
    4
 74
    0
 42
1e-07
 43
1e-07
 40
0
 40
0
 40
0
 40
0
 40
1
 40
1
 40
1
 40
1
 10
15.39210059999999
 20
17.0566119
 30
0
 10
15.55900380000003
 20
17.13696029999999
 30
0
 10
15.72165810000001
 20
17.23129919999999
 30
0
 10
15.86460060000002
 20
17.34911189999999
 30
0
  0
SPLINE
  5
3B2
100
AcDbEntity
  8
0
  6
CONTINUOUS
 62
    1
370
    5
100
AcDbSpline
210
0
220
0
230
0
 70
    8
 71
    3
 72
    8
 73
    4
 74
    0
 42
1e-07
 43
1e-07
 40
0
 40
0
 40
0
 40
0
 40
1
 40
1
 40
1
 40
1
 10
15.86460060000002
 20
17.34911189999999
 30
0
 10
16.02227879999998
 20
17.4790701
 30
0
 10
16.28085060000002
 20
17.7991119
 30
0
 10
16.28085060000002
 20
17.7991119
 30
0
  0
SPLINE
  5
3B3
100
AcDbEntity
  8
0
  6
CONTINUOUS
 62
    1
370
    5
100
AcDbSpline
210
0
220
0
230
0
 70
    8
 71
    3
 72
    8
 73
    4
 74
    0
 42
1e-07
 43
1e-07
 40
0
 40
0
 40
0
 40
0
 40
1
 40
1
 40
1
 40
1
 10
16.28085060000002
 20
17.7991119
 30
0
 10
16.28085060000002
 20
17.7991119
 30
0
 10
15.02587979999998
 20
19.65351509999999
 30
0
 10
14.53710059999997
 20
20.6566119
 30
0
  0
SPLINE
  5
3B4
100
AcDbEntity
  8
0
  6
CONTINUOUS
 62
    1
370
    5
100
AcDbSpline
210
0
220
0
230
0
 70
    8
 71
    3
 72
    8
 73
    4
 74
    0
 42
1e-07
 43
1e-07
 40
0
 40
0
 40
0
 40
0
 40
1
 40
1
 40
1
 40
1
 10
14.53710059999997
 20
20.6566119
 30
0
 10
14.51983589999998
 20
20.6920431
 30
0
 10
14.51865149999998
 20
20.7353736
 30
0
 10
14.49561599999998
 20
20.7673542
 30
0
  0
SPLINE
  5
3B5
100
AcDbEntity
  8
0
  6
CONTINUOUS
 62
    1
370
    5
100
AcDbSpline
210
0
220
0
230
0
 70
    8
 71
    3
 72
    8
 73
    4
 74
    0
 42
1e-07
 43
1e-07
 40
0
 40
0
 40
0
 40
0
 40
1
 40
1
 40
1
 40
1
 10
14.49561599999998
 20
20.7673542
 30
0
 10
14.4587052
 20
20.8185993
 30
0
 10
14.4114849
 20
20.88226349999999
 30
0
 10
14.34848670000002
 20
20.88670949999999
 30
0
  0
SPLINE
  5
3B6
100
AcDbEntity
  8
0
  6
CONTINUOUS
 62
    1
370
    5
100
AcDbSpline
210
0
220
0
230
0
 70
    8
 71
    3
 72
    8
 73
    4
 74
    0
 42
1e-07
 43
1e-07
 40
0
 40
0
 40
0
 40
0
 40
1
 40
1
 40
1
 40
1
 10
14.34848670000002
 20
20.88670949999999
 30
0
 10
14.34318569999999
 20
20.8870695
 30
0
 10
14.33779019999997
 20
20.8870695
 30
0
 10
14.332491
 20
20.8868895
 30
0
  0
LINE
  5
3B7
100
AcDbEntity
  8
0
  6
CONTINUOUS
 62
    1
370
    5
100
AcDbLine
 10
14.332491
 20
20.8868895
 11
14.33248559999998
 21
20.88688500000001
  0
SPLINE
  5
3B8
100
AcDbEntity
  8
0
  6
CONTINUOUS
 62
    1
370
    5
100
AcDbSpline
210
0
220
0
230
0
 70
    8
 71
    3
 72
    8
 73
    4
 74
    0
 42
1e-07
 43
1e-07
 40
0
 40
0
 40
0
 40
0
 40
1
 40
1
 40
1
 40
1
 10
14.29082549999998
 20
19.5940143
 30
0
 10
14.29543350000001
 20
19.5941943
 30
0
 10
14.30004869999999
 20
19.5942843
 30
0
 10
14.30471249999999
 20
19.5940143
 30
0
  0
SPLINE
  5
3B9
100
AcDbEntity
  8
0
  6
CONTINUOUS
 62
    1
370
    5
100
AcDbSpline
210
0
220
0
230
0
 70
    8
 71
    3
 72
    8
 73
    4
 74
    0
 42
1e-07
 43
1e-07
 40
0
 40
0
 40
0
 40
0
 40
1
 40
1
 40
1
 40
1
 10
14.30471249999999
 20
19.5940143
 30
0
 10
14.3653311
 20
19.59062130000001
 30
0
 10
14.45143139999999
 20
19.5393204
 30
0
 10
14.4996534
 20
19.50243209999999
 30
0
  0
SPLINE
  5
3BA
100
AcDbEntity
  8
0
  6
CONTINUOUS
 62
    1
370
    5
100
AcDbSpline
210
0
220
0
230
0
 70
    8
 71
    3
 72
    8
 73
    4
 74
    0
 42
1e-07
 43
1e-07
 40
0
 40
0
 40
0
 40
0
 40
1
 40
1
 40
1
 40
1
 10
14.4996534
 20
19.50243209999999
 30
0
 10
14.61959459999997
 20
19.4106825
 30
0
 10
14.70276269999999
 20
19.311543
 30
0
 10
14.79004379999999
 20
19.1883114
 30
0
  0
SPLINE
  5
3BB
100
AcDbEntity
  8
0
  6
CONTINUOUS
 62
    1
370
    5
100
AcDbSpline
210
0
220
0
230
0
 70
    8
 71
    3
 72
    8
 73
    4
 74
    0
 42
1e-07
 43
1e-07
 40
0
 40
0
 40
0
 40
0
 40
1
 40
1
 40
1
 40
1
 10
14.79004379999999
 20
19.1883114
 30
0
 10
14.82606809999999
 20
19.1374488
 30
0
 10
14.86026090000001
 20
19.0793871
 30
0
 10
14.86545480000001
 20
19.01727629999998
 30
0
  0
SPLINE
  5
3BC
100
AcDbEntity
  8
0
  6
CONTINUOUS
 62
    1
370
    5
100
AcDbSpline
210
0
220
0
230
0
 70
    8
 71
    3
 72
    8
 73
    4
 74
    0
 42
1e-07
 43
1e-07
 40
0
 40
0
 40
0
 40
0
 40
1
 40
1
 40
1
 40
1
 10
14.86545480000001
 20
19.01727629999998
 30
0
 10
14.87172779999997
 20
18.9422919
 30
0
 10
14.84778060000002
 20
18.8634483
 30
0
 10
14.8099077
 20
18.7984287
 30
0
  0
SPLINE
  5
3BD
100
AcDbEntity
  8
0
  6
CONTINUOUS
 62
    1
370
    5
100
AcDbSpline
210
0
220
0
230
0
 70
    8
 71
    3
 72
    8
 73
    4
 74
    0
 42
1e-07
 43
1e-07
 40
0
 40
0
 40
0
 40
0
 40
1
 40
1
 40
1
 40
1
 10
14.8099077
 20
18.7984287
 30
0
 10
14.6933325
 20
18.59829479999999
 30
0
 10
14.50667609999999
 20
18.43760879999999
 30
0
 10
14.30875530000003
 20
18.31731479999999
 30
0
  0
SPLINE
  5
3BE
100
AcDbEntity
  8
0
  6
CONTINUOUS
 62
    1
370
    5
100
AcDbSpline
210
0
220
0
230
0
 70
    8
 71
    3
 72
    8
 73
    4
 74
    0
 42
1e-07
 43
1e-07
 40
0
 40
0
 40
0
 40
0
 40
1
 40
1
 40
1
 40
1
 10
14.30875530000003
 20
18.31731479999999
 30
0
 10
14.1077583
 20
18.19515060000001
 30
0
 10
13.8744117
 20
18.1146123
 30
0
 10
13.64043509999999
 20
18.0905571
 30
0
  0
SPLINE
  5
3BF
100
AcDbEntity
  8
0
  6
CONTINUOUS
 62
    1
370
    5
100
AcDbSpline
210
0
220
0
230
0
 70
    8
 71
    3
 72
    8
 73
    4
 74
    0
 42
1e-07
 43
1e-07
 40
0
 40
0
 40
0
 40
0
 40
1
 40
1
 40
1
 40
1
 10
13.64043509999999
 20
18.0905571
 30
0
 10
13.56469470000002
 20
18.0827721
 30
0
 10
13.48638210000001
 20
18.0957141
 30
0
 10
13.41367739999998
 20
18.11833110000001
 30
0
  0
SPLINE
  5
3C0
100
AcDbEntity
  8
0
  6
CONTINUOUS
 62
    1
370
    5
100
AcDbSpline
210
0
220
0
230
0
 70
    8
 71
    3
 72
    8
 73
    4
 74
    0
 42
1e-07
 43
1e-07
 40
0
 40
0
 40
0
 40
0
 40
1
 40
1
 40
1
 40
1
 10
13.41367739999998
 20
18.11833110000001
 30
0
 10
13.34799179999999
 20
18.1387611
 30
0
 10
13.2820893
 20
18.16786619999999
 30
0
 10
13.23086490000003
 20
18.2137797
 30
0
  0
SPLINE
  5
3C1
100
AcDbEntity
  8
0
  6
CONTINUOUS
 62
    1
370
    5
100
AcDbSpline
210
0
220
0
230
0
 70
    8
 71
    3
 72
    8
 73
    4
 74
    0
 42
1e-07
 43
1e-07
 40
0
 40
0
 40
0
 40
0
 40
1
 40
1
 40
1
 40
1
 10
13.23086490000003
 20
18.2137797
 30
0
 10
13.10134679999999
 20
18.3298707
 30
0
 10
12.97759860000002
 20
18.4775094
 30
0
 10
12.94047360000002
 20
18.6474321
 30
0
  0
SPLINE
  5
3C2
100
AcDbEntity
  8
0
  6
CONTINUOUS
 62
    1
370
    5
100
AcDbSpline
210
0
220
0
230
0
 70
    8
 71
    3
 72
    8
 73
    4
 74
    0
 42
1e-07
 43
1e-07
 40
0
 40
0
 40
0
 40
0
 40
1
 40
1
 40
1
 40
1
 10
12.94047360000002
 20
18.6474321
 30
0
 10
12.92270129999997
 20
18.72877680000001
 30
0
 10
12.91976549999998
 20
18.8367786
 30
0
 10
12.98020050000002
 20
18.8940537
 30
0
  0
SPLINE
  5
3C3
100
AcDbEntity
  8
0
  6
CONTINUOUS
 62
    1
370
    5
100
AcDbSpline
210
0
220
0
230
0
 70
    8
 71
    3
 72
    8
 73
    4
 74
    0
 42
1e-07
 43
1e-07
 40
0
 40
0
 40
0
 40
0
 40
1
 40
1
 40
1
 40
1
 10
12.98020050000002
 20
18.8940537
 30
0
 10
13.03465770000003
 20
18.9456624
 30
0
 10
13.13121599999999
 20
18.8994537
 30
0
 10
13.20397020000001
 20
18.917784
 30
0
  0
SPLINE
  5
3C4
100
AcDbEntity
  8
0
  6
CONTINUOUS
 62
    1
370
    5
100
AcDbSpline
210
0
220
0
230
0
 70
    8
 71
    3
 72
    8
 73
    4
 74
    0
 42
1e-07
 43
1e-07
 40
0
 40
0
 40
0
 40
0
 40
1
 40
1
 40
1
 40
1
 10
13.20397020000001
 20
18.917784
 30
0
 10
13.39798769999999
 20
18.96665849999999
 30
0
 10
13.59408780000001
 20
19.0324071
 30
0
 10
13.75979039999999
 20
19.14454169999999
 30
0
  0
SPLINE
  5
3C5
100
AcDbEntity
  8
0
  6
CONTINUOUS
 62
    1
370
    5
100
AcDbSpline
210
0
220
0
230
0
 70
    8
 71
    3
 72
    8
 73
    4
 74
    0
 42
1e-07
 43
1e-07
 40
0
 40
0
 40
0
 40
0
 40
1
 40
1
 40
1
 40
1
 10
13.75979039999999
 20
19.14454169999999
 30
0
 10
13.89568500000001
 20
19.2365046
 30
0
 10
13.96842750000002
 20
19.40306579999999
 30
0
 10
14.10186060000001
 20
19.4985648
 30
0
  0
SPLINE
  5
3C6
100
AcDbEntity
  8
0
  6
CONTINUOUS
 62
    1
370
    5
100
AcDbSpline
210
0
220
0
230
0
 70
    8
 71
    3
 72
    8
 73
    4
 74
    0
 42
1e-07
 43
1e-07
 40
0
 40
0
 40
0
 40
0
 40
1
 40
1
 40
1
 40
1
 10
14.10186060000001
 20
19.4985648
 30
0
 10
14.15883239999999
 20
19.5393402
 30
0
 10
14.22171090000001
 20
19.591128
 30
0
 10
14.29082549999998
 20
19.5940143
 30
0
  0
LINE
  5
3C7
100
AcDbEntity
  8
0
  6
CONTINUOUS
 62
    1
370
    5
100
AcDbLine
 10
14.29082549999998
 20
19.5940143
 11
14.29082549999998
 21
19.5940143
  0
SPLINE
  5
3C8
100
AcDbEntity
  8
0
  6
CONTINUOUS
 62
    1
370
    5
100
AcDbSpline
210
0
220
0
230
0
 70
    8
 71
    3
 72
    8
 73
    4
 74
    0
 42
1e-07
 43
1e-07
 40
0
 40
0
 40
0
 40
0
 40
1
 40
1
 40
1
 40
1
 10
15.45959520000002
 20
18.043272
 30
0
 10
15.53120360999998
 20
18.043272
 30
0
 10
15.59987919000002
 20
18.01482561
 30
0
 10
15.65051399999999
 20
17.96419079999999
 30
0
  0
SPLINE
  5
3C9
100
AcDbEntity
  8
0
  6
CONTINUOUS
 62
    1
370
    5
100
AcDbSpline
210
0
220
0
230
0
 70
    8
 71
    3
 72
    8
 73
    4
 74
    0
 42
1e-07
 43
1e-07
 40
0
 40
0
 40
0
 40
0
 40
1
 40
1
 40
1
 40
1
 10
15.65051399999999
 20
17.96419079999999
 30
0
 10
15.70114881000001
 20
17.91355598999998
 30
0
 10
15.72959520000001
 20
17.84488040999999
 30
0
 10
15.72959520000001
 20
17.77327199999999
 30
0
  0
SPLINE
  5
3CA
100
AcDbEntity
  8
0
  6
CONTINUOUS
 62
    1
370
    5
100
AcDbSpline
210
0
220
0
230
0
 70
    8
 71
    3
 72
    8
 73
    4
 74
    0
 42
1e-07
 43
1e-07
 40
0
 40
0
 40
0
 40
0
 40
1
 40
1
 40
1
 40
1
 10
15.72959520000001
 20
17.77327199999999
 30
0
 10
15.72959520000001
 20
17.70166358999998
 30
0
 10
15.70114881000001
 20
17.63298800999999
 30
0
 10
15.65051399999999
 20
17.5823532
 30
0
  0
SPLINE
  5
3CB
100
AcDbEntity
  8
0
  6
CONTINUOUS
 62
    1
370
    5
100
AcDbSpline
210
0
220
0
230
0
 70
    8
 71
    3
 72
    8
 73
    4
 74
    0
 42
1e-07
 43
1e-07
 40
0
 40
0
 40
0
 40
0
 40
1
 40
1
 40
1
 40
1
 10
15.65051399999999
 20
17.5823532
 30
0
 10
15.59987919000002
 20
17.53171839000001
 30
0
 10
15.53120360999998
 20
17.50327199999998
 30
0
 10
15.45959520000002
 20
17.50327199999998
 30
0
  0
SPLINE
  5
3CC
100
AcDbEntity
  8
0
  6
CONTINUOUS
 62
    1
370
    5
100
AcDbSpline
210
0
220
0
230
0
 70
    8
 71
    3
 72
    8
 73
    4
 74
    0
 42
1e-07
 43
1e-07
 40
0
 40
0
 40
0
 40
0
 40
1
 40
1
 40
1
 40
1
 10
15.45959520000002
 20
17.50327199999998
 30
0
 10
15.38798679000001
 20
17.50327199999998
 30
0
 10
15.31931121000002
 20
17.53171839000001
 30
0
 10
15.2686764
 20
17.5823532
 30
0
  0
SPLINE
  5
3CD
100
AcDbEntity
  8
0
  6
CONTINUOUS
 62
    1
370
    5
100
AcDbSpline
210
0
220
0
230
0
 70
    8
 71
    3
 72
    8
 73
    4
 74
    0
 42
1e-07
 43
1e-07
 40
0
 40
0
 40
0
 40
0
 40
1
 40
1
 40
1
 40
1
 10
15.2686764
 20
17.5823532
 30
0
 10
15.21804158999998
 20
17.63298800999999
 30
0
 10
15.18959519999999
 20
17.70166358999998
 30
0
 10
15.18959519999999
 20
17.77327199999999
 30
0
  0
SPLINE
  5
3CE
100
AcDbEntity
  8
0
  6
CONTINUOUS
 62
    1
370
    5
100
AcDbSpline
210
0
220
0
230
0
 70
    8
 71
    3
 72
    8
 73
    4
 74
    0
 42
1e-07
 43
1e-07
 40
0
 40
0
 40
0
 40
0
 40
1
 40
1
 40
1
 40
1
 10
15.18959519999999
 20
17.77327199999999
 30
0
 10
15.18959519999999
 20
17.84488040999999
 30
0
 10
15.21804158999998
 20
17.91355598999998
 30
0
 10
15.2686764
 20
17.96419079999999
 30
0
  0
SPLINE
  5
3CF
100
AcDbEntity
  8
0
  6
CONTINUOUS
 62
    1
370
    5
100
AcDbSpline
210
0
220
0
230
0
 70
    8
 71
    3
 72
    8
 73
    4
 74
    0
 42
1e-07
 43
1e-07
 40
0
 40
0
 40
0
 40
0
 40
1
 40
1
 40
1
 40
1
 10
15.2686764
 20
17.96419079999999
 30
0
 10
15.31931121000002
 20
18.01482561
 30
0
 10
15.38798679000001
 20
18.043272
 30
0
 10
15.45959520000002
 20
18.043272
 30
0
  0
LINE
  5
3D0
100
AcDbEntity
  8
0
  6
CONTINUOUS
 62
    1
370
    5
100
AcDbLine
 10
15.45959520000002
 20
18.043272
 11
15.45959520000002
 21
18.043272
  0
SPLINE
  5
3D1
100
AcDbEntity
  8
0
  6
CONTINUOUS
 62
    1
370
    5
100
AcDbSpline
210
0
220
0
230
0
 70
    8
 71
    3
 72
    8
 73
    4
 74
    0
 42
1e-07
 43
1e-07
 40
0
 40
0
 40
0
 40
0
 40
1
 40
1
 40
1
 40
1
 10
14.68897019999998
 20
17.5881744
 30
0
 10
14.76057860999998
 20
17.5881744
 30
0
 10
14.82925419000003
 20
17.55972801
 30
0
 10
14.879889
 20
17.50909319999999
 30
0
  0
SPLINE
  5
3D2
100
AcDbEntity
  8
0
  6
CONTINUOUS
 62
    1
370
    5
100
AcDbSpline
210
0
220
0
230
0
 70
    8
 71
    3
 72
    8
 73
    4
 74
    0
 42
1e-07
 43
1e-07
 40
0
 40
0
 40
0
 40
0
 40
1
 40
1
 40
1
 40
1
 10
14.879889
 20
17.50909319999999
 30
0
 10
14.93052381000001
 20
17.45845839
 30
0
 10
14.95897020000001
 20
17.38978281
 30
0
 10
14.95897020000001
 20
17.3181744
 30
0
  0
SPLINE
  5
3D3
100
AcDbEntity
  8
0
  6
CONTINUOUS
 62
    1
370
    5
100
AcDbSpline
210
0
220
0
230
0
 70
    8
 71
    3
 72
    8
 73
    4
 74
    0
 42
1e-07
 43
1e-07
 40
0
 40
0
 40
0
 40
0
 40
1
 40
1
 40
1
 40
1
 10
14.95897020000001
 20
17.3181744
 30
0
 10
14.95897020000001
 20
17.24656598999999
 30
0
 10
14.93052381000001
 20
17.17789041
 30
0
 10
14.879889
 20
17.12725559999999
 30
0
  0
SPLINE
  5
3D4
100
AcDbEntity
  8
0
  6
CONTINUOUS
 62
    1
370
    5
100
AcDbSpline
210
0
220
0
230
0
 70
    8
 71
    3
 72
    8
 73
    4
 74
    0
 42
1e-07
 43
1e-07
 40
0
 40
0
 40
0
 40
0
 40
1
 40
1
 40
1
 40
1
 10
14.879889
 20
17.12725559999999
 30
0
 10
14.82925419000003
 20
17.07662078999999
 30
0
 10
14.76057860999998
 20
17.04817439999999
 30
0
 10
14.68897019999998
 20
17.04817439999999
 30
0
  0
SPLINE
  5
3D5
100
AcDbEntity
  8
0
  6
CONTINUOUS
 62
    1
370
    5
100
AcDbSpline
210
0
220
0
230
0
 70
    8
 71
    3
 72
    8
 73
    4
 74
    0
 42
1e-07
 43
1e-07
 40
0
 40
0
 40
0
 40
0
 40
1
 40
1
 40
1
 40
1
 10
14.68897019999998
 20
17.04817439999999
 30
0
 10
14.61736179000003
 20
17.04817439999999
 30
0
 10
14.54868620999997
 20
17.07662078999999
 30
0
 10
14.49805140000001
 20
17.1272556
 30
0
  0
SPLINE
  5
3D6
100
AcDbEntity
  8
0
  6
CONTINUOUS
 62
    1
370
    5
100
AcDbSpline
210
0
220
0
230
0
 70
    8
 71
    3
 72
    8
 73
    4
 74
    0
 42
1e-07
 43
1e-07
 40
0
 40
0
 40
0
 40
0
 40
1
 40
1
 40
1
 40
1
 10
14.49805140000001
 20
17.1272556
 30
0
 10
14.44741658999999
 20
17.17789041
 30
0
 10
14.41897019999999
 20
17.24656598999999
 30
0
 10
14.41897019999999
 20
17.3181744
 30
0
  0
SPLINE
  5
3D7
100
AcDbEntity
  8
0
  6
CONTINUOUS
 62
    1
370
    5
100
AcDbSpline
210
0
220
0
230
0
 70
    8
 71
    3
 72
    8
 73
    4
 74
    0
 42
1e-07
 43
1e-07
 40
0
 40
0
 40
0
 40
0
 40
1
 40
1
 40
1
 40
1
 10
14.41897019999999
 20
17.3181744
 30
0
 10
14.41897019999999
 20
17.38978281
 30
0
 10
14.44741658999999
 20
17.45845839
 30
0
 10
14.49805140000001
 20
17.5090932
 30
0
  0
SPLINE
  5
3D8
100
AcDbEntity
  8
0
  6
CONTINUOUS
 62
    1
370
    5
100
AcDbSpline
210
0
220
0
230
0
 70
    8
 71
    3
 72
    8
 73
    4
 74
    0
 42
1e-07
 43
1e-07
 40
0
 40
0
 40
0
 40
0
 40
1
 40
1
 40
1
 40
1
 10
14.49805140000001
 20
17.5090932
 30
0
 10
14.54868620999997
 20
17.55972801
 30
0
 10
14.61736179000003
 20
17.5881744
 30
0
 10
14.68897019999998
 20
17.5881744
 30
0
  0
LINE
  5
3D9
100
AcDbEntity
  8
0
  6
CONTINUOUS
 62
    1
370
    5
100
AcDbLine
 10
14.68897019999998
 20
17.5881744
 11
14.68897019999998
 21
17.5881744
  0
SPLINE
  5
3DA
100
AcDbEntity
  8
0
  6
CONTINUOUS
 62
    1
370
    5
100
AcDbSpline
210
0
220
0
230
0
 70
    8
 71
    3
 72
    8
 73
    4
 74
    0
 42
1e-07
 43
1e-07
 40
0
 40
0
 40
0
 40
0
 40
1
 40
1
 40
1
 40
1
 10
7.37334944999998
 20
11.2264326
 30
0
 10
6.370452450000018
 20
11.2264326
 30
0
 10
5.367549150000004
 20
10.9670751
 30
0
 10
4.468917149999983
 20
10.44824850000001
 30
0
  0
SPLINE
  5
3DB
100
AcDbEntity
  8
0
  6
CONTINUOUS
 62
    1
370
    5
100
AcDbSpline
210
0
220
0
230
0
 70
    8
 71
    3
 72
    8
 73
    4
 74
    0
 42
1e-07
 43
1e-07
 40
0
 40
0
 40
0
 40
0
 40
1
 40
1
 40
1
 40
1
 10
4.468917149999983
 20
10.44824850000001
 30
0
 10
4.468917149999983
 20
10.44824850000001
 30
0
 10
4.162644450000018
 20
10.2552372
 30
0
 10
4.329697950000027
 20
9.966432599999999
 30
0
  0
SPLINE
  5
3DC
100
AcDbEntity
  8
0
  6
CONTINUOUS
 62
    1
370
    5
100
AcDbSpline
210
0
220
0
230
0
 70
    8
 71
    3
 72
    8
 73
    4
 74
    0
 42
1e-07
 43
1e-07
 40
0
 40
0
 40
0
 40
0
 40
1
 40
1
 40
1
 40
1
 10
4.329697950000027
 20
9.966432599999999
 30
0
 10
4.496752350000009
 20
9.677628
 30
0
 10
4.803955649999978
 20
9.867818700000001
 30
0
 10
4.803955649999978
 20
9.867818700000001
 30
0
  0
SPLINE
  5
3DD
100
AcDbEntity
  8
0
  6
CONTINUOUS
 62
    1
370
    5
100
AcDbSpline
210
0
220
0
230
0
 70
    8
 71
    3
 72
    8
 73
    4
 74
    0
 42
1e-07
 43
1e-07
 40
0
 40
0
 40
0
 40
0
 40
1
 40
1
 40
1
 40
1
 10
4.803955649999978
 20
9.867818700000001
 30
0
 10
6.393843450000022
 20
10.7857413
 30
0
 10
8.352679949999981
 20
10.7857413
 30
0
 10
9.942569100000012
 20
9.867818699999999
 30
0
  0
SPLINE
  5
3DE
100
AcDbEntity
  8
0
  6
CONTINUOUS
 62
    1
370
    5
100
AcDbSpline
210
0
220
0
230
0
 70
    8
 71
    3
 72
    8
 73
    4
 74
    0
 42
1e-07
 43
1e-07
 40
0
 40
0
 40
0
 40
0
 40
1
 40
1
 40
1
 40
1
 10
9.942569100000012
 20
9.867818699999999
 30
0
 10
9.942569100000012
 20
9.867818699999999
 30
0
 10
10.2487284
 20
9.694203299999998
 30
0
 10
10.41541919999997
 20
9.981725399999998
 30
0
  0
SPLINE
  5
3DF
100
AcDbEntity
  8
0
  6
CONTINUOUS
 62
    1
370
    5
100
AcDbSpline
210
0
220
0
230
0
 70
    8
 71
    3
 72
    8
 73
    4
 74
    0
 42
1e-07
 43
1e-07
 40
0
 40
0
 40
0
 40
0
 40
1
 40
1
 40
1
 40
1
 10
10.41541919999997
 20
9.981725399999998
 30
0
 10
10.58211089999998
 20
10.2692475
 30
0
 10
10.27778310000002
 20
10.44824850000001
 30
0
 10
10.27778310000002
 20
10.44824850000001
 30
0
  0
SPLINE
  5
3E0
100
AcDbEntity
  8
0
  6
CONTINUOUS
 62
    1
370
    5
100
AcDbSpline
210
0
220
0
230
0
 70
    8
 71
    3
 72
    8
 73
    4
 74
    0
 42
1e-07
 43
1e-07
 40
0
 40
0
 40
0
 40
0
 40
1
 40
1
 40
1
 40
1
 10
10.27778310000002
 20
10.44824850000001
 30
0
 10
9.379151100000001
 20
10.9670751
 30
0
 10
8.376247349999971
 20
11.2264326
 30
0
 10
7.37334944999998
 20
11.2264326
 30
0
  0
LINE
  5
3E1
100
AcDbEntity
  8
0
  6
CONTINUOUS
 62
    1
370
    5
100
AcDbLine
 10
7.37334944999998
 20
11.2264326
 11
7.37334944999998
 21
11.2264326
  0
SPLINE
  5
3E2
100
AcDbEntity
  8
0
  6
CONTINUOUS
 62
    1
370
    5
100
AcDbSpline
210
0
220
0
230
0
 70
    8
 71
    3
 72
    8
 73
    4
 74
    0
 42
1e-07
 43
1e-07
 40
0
 40
0
 40
0
 40
0
 40
1
 40
1
 40
1
 40
1
 10
7.37334944999998
 20
9.885924899999997
 30
0
 10
6.601890149999976
 20
9.885924899999997
 30
0
 10
5.830426349999983
 20
9.686310299999999
 30
0
 10
5.139169649999986
 20
9.287213400000001
 30
0
  0
SPLINE
  5
3E3
100
AcDbEntity
  8
0
  6
CONTINUOUS
 62
    1
370
    5
100
AcDbSpline
210
0
220
0
230
0
 70
    8
 71
    3
 72
    8
 73
    4
 74
    0
 42
1e-07
 43
1e-07
 40
0
 40
0
 40
0
 40
0
 40
1
 40
1
 40
1
 40
1
 10
5.139169649999986
 20
9.287213400000001
 30
0
 10
5.139169649999986
 20
9.287213400000001
 30
0
 10
4.838188950000018
 20
9.0987885
 30
0
 10
5.005751850000025
 20
8.808560999999997
 30
0
  0
SPLINE
  5
3E4
100
AcDbEntity
  8
0
  6
CONTINUOUS
 62
    1
370
    5
100
AcDbSpline
210
0
220
0
230
0
 70
    8
 71
    3
 72
    8
 73
    4
 74
    0
 42
1e-07
 43
1e-07
 40
0
 40
0
 40
0
 40
0
 40
1
 40
1
 40
1
 40
1
 10
5.005751850000025
 20
8.808560999999997
 30
0
 10
5.173314749999975
 20
8.518332600000001
 30
0
 10
5.474209050000014
 20
8.7067836
 30
0
 10
5.474209050000014
 20
8.7067836
 30
0
  0
SPLINE
  5
3E5
100
AcDbEntity
  8
0
  6
CONTINUOUS
 62
    1
370
    5
100
AcDbSpline
210
0
220
0
230
0
 70
    8
 71
    3
 72
    8
 73
    4
 74
    0
 42
1e-07
 43
1e-07
 40
0
 40
0
 40
0
 40
0
 40
1
 40
1
 40
1
 40
1
 10
5.474209050000014
 20
8.7067836
 30
0
 10
6.649344450000003
 20
9.385248599999999
 30
0
 10
8.097178950000002
 20
9.385248599999999
 30
0
 10
9.272313899999972
 20
8.7067836
 30
0
  0
SPLINE
  5
3E6
100
AcDbEntity
  8
0
  6
CONTINUOUS
 62
    1
370
    5
100
AcDbSpline
210
0
220
0
230
0
 70
    8
 71
    3
 72
    8
 73
    4
 74
    0
 42
1e-07
 43
1e-07
 40
0
 40
0
 40
0
 40
0
 40
1
 40
1
 40
1
 40
1
 10
9.272313899999972
 20
8.7067836
 30
0
 10
9.272313899999972
 20
8.7067836
 30
0
 10
9.595883700000002
 20
8.5014576
 30
0
 10
9.763446600000012
 20
8.791685999999997
 30
0
  0
SPLINE
  5
3E7
100
AcDbEntity
  8
0
  6
CONTINUOUS
 62
    1
370
    5
100
AcDbSpline
210
0
220
0
230
0
 70
    8
 71
    3
 72
    8
 73
    4
 74
    0
 42
1e-07
 43
1e-07
 40
0
 40
0
 40
0
 40
0
 40
1
 40
1
 40
1
 40
1
 10
9.763446600000012
 20
8.791685999999997
 30
0
 10
9.931010399999991
 20
9.081913499999999
 30
0
 10
9.607528800000011
 20
9.287213399999999
 30
0
 10
9.607528800000011
 20
9.287213399999999
 30
0
  0
SPLINE
  5
3E8
100
AcDbEntity
  8
0
  6
CONTINUOUS
 62
    1
370
    5
100
AcDbSpline
210
0
220
0
230
0
 70
    8
 71
    3
 72
    8
 73
    4
 74
    0
 42
1e-07
 43
1e-07
 40
0
 40
0
 40
0
 40
0
 40
1
 40
1
 40
1
 40
1
 10
9.607528800000011
 20
9.287213399999999
 30
0
 10
8.916273450000011
 20
9.686310299999999
 30
0
 10
8.144808749999982
 20
9.885924899999997
 30
0
 10
7.37334944999998
 20
9.885924899999997
 30
0
  0
LINE
  5
3E9
100
AcDbEntity
  8
0
  6
CONTINUOUS
 62
    1
370
    5
100
AcDbLine
 10
7.37334944999998
 20
9.885924899999997
 11
7.37334944999998
 21
9.885924899999997
  0
SPLINE
  5
3EA
100
AcDbEntity
  8
0
  6
CONTINUOUS
 62
    1
370
    5
100
AcDbSpline
210
0
220
0
230
0
 70
    8
 71
    3
 72
    8
 73
    4
 74
    0
 42
1e-07
 43
1e-07
 40
0
 40
0
 40
0
 40
0
 40
1
 40
1
 40
1
 40
1
 10
7.373349449999978
 20
0.02249999999999974
 30
0
 10
6.370452450000016
 20
0.02249999999999974
 30
0
 10
5.367549150000002
 20
0.2818575000000001
 30
0
 10
4.468917149999982
 20
0.8006840999999971
 30
0
  0
SPLINE
  5
3EB
100
AcDbEntity
  8
0
  6
CONTINUOUS
 62
    1
370
    5
100
AcDbSpline
210
0
220
0
230
0
 70
    8
 71
    3
 72
    8
 73
    4
 74
    0
 42
1e-07
 43
1e-07
 40
0
 40
0
 40
0
 40
0
 40
1
 40
1
 40
1
 40
1
 10
4.468917149999982
 20
0.8006840999999971
 30
0
 10
4.468917149999982
 20
0.8006840999999971
 30
0
 10
4.162644450000016
 20
0.9936953999999993
 30
0
 10
4.329697950000025
 20
1.282500900000001
 30
0
  0
SPLINE
  5
3EC
100
AcDbEntity
  8
0
  6
CONTINUOUS
 62
    1
370
    5
100
AcDbSpline
210
0
220
0
230
0
 70
    8
 71
    3
 72
    8
 73
    4
 74
    0
 42
1e-07
 43
1e-07
 40
0
 40
0
 40
0
 40
0
 40
1
 40
1
 40
1
 40
1
 10
4.329697950000025
 20
1.282500900000001
 30
0
 10
4.496752350000008
 20
1.571304599999997
 30
0
 10
4.803955649999978
 20
1.381114799999998
 30
0
 10
4.803955649999978
 20
1.381114799999998
 30
0
  0
SPLINE
  5
3ED
100
AcDbEntity
  8
0
  6
CONTINUOUS
 62
    1
370
    5
100
AcDbSpline
210
0
220
0
230
0
 70
    8
 71
    3
 72
    8
 73
    4
 74
    0
 42
1e-07
 43
1e-07
 40
0
 40
0
 40
0
 40
0
 40
1
 40
1
 40
1
 40
1
 10
4.803955649999978
 20
1.381114799999998
 30
0
 10
6.393844349999995
 20
0.4631922000000006
 30
0
 10
8.352680850000009
 20
0.4631922000000004
 30
0
 10
9.942569100000011
 20
1.381114799999998
 30
0
  0
SPLINE
  5
3EE
100
AcDbEntity
  8
0
  6
CONTINUOUS
 62
    1
370
    5
100
AcDbSpline
210
0
220
0
230
0
 70
    8
 71
    3
 72
    8
 73
    4
 74
    0
 42
1e-07
 43
1e-07
 40
0
 40
0
 40
0
 40
0
 40
1
 40
1
 40
1
 40
1
 10
9.942569100000011
 20
1.381114799999998
 30
0
 10
9.942569100000011
 20
1.381114799999998
 30
0
 10
10.2487284
 20
1.554729299999997
 30
0
 10
10.41542010000001
 20
1.267208099999997
 30
0
  0
SPLINE
  5
3EF
100
AcDbEntity
  8
0
  6
CONTINUOUS
 62
    1
370
    5
100
AcDbSpline
210
0
220
0
230
0
 70
    8
 71
    3
 72
    8
 73
    4
 74
    0
 42
1e-07
 43
1e-07
 40
0
 40
0
 40
0
 40
0
 40
1
 40
1
 40
1
 40
1
 10
10.41542010000001
 20
1.267208099999997
 30
0
 10
10.58211089999998
 20
0.9796859999999994
 30
0
 10
10.277784
 20
0.8006849999999994
 30
0
 10
10.277784
 20
0.8006849999999994
 30
0
  0
SPLINE
  5
3F0
100
AcDbEntity
  8
0
  6
CONTINUOUS
 62
    1
370
    5
100
AcDbSpline
210
0
220
0
230
0
 70
    8
 71
    3
 72
    8
 73
    4
 74
    0
 42
1e-07
 43
1e-07
 40
0
 40
0
 40
0
 40
0
 40
1
 40
1
 40
1
 40
1
 10
10.277784
 20
0.8006849999999994
 30
0
 10
9.3791511
 20
0.281858399999996
 30
0
 10
8.37624825
 20
0.02250089999999583
 30
0
 10
7.373349449999978
 20
0.02249999999999974
 30
0
  0
LINE
  5
3F1
100
AcDbEntity
  8
0
  6
CONTINUOUS
 62
    1
370
    5
100
AcDbLine
 10
7.373349449999978
 20
0.02249999999999974
 11
7.373349449999978
 21
0.02249999999999974
  0
SPLINE
  5
3F2
100
AcDbEntity
  8
0
  6
CONTINUOUS
 62
    1
370
    5
100
AcDbSpline
210
0
220
0
230
0
 70
    8
 71
    3
 72
    8
 73
    4
 74
    0
 42
1e-07
 43
1e-07
 40
0
 40
0
 40
0
 40
0
 40
1
 40
1
 40
1
 40
1
 10
7.373349449999978
 20
1.363007699999996
 30
0
 10
6.601890149999974
 20
1.363007699999996
 30
0
 10
5.830426349999982
 20
1.5626223
 30
0
 10
5.139169649999985
 20
1.961719199999996
 30
0
  0
SPLINE
  5
3F3
100
AcDbEntity
  8
0
  6
CONTINUOUS
 62
    1
370
    5
100
AcDbSpline
210
0
220
0
230
0
 70
    8
 71
    3
 72
    8
 73
    4
 74
    0
 42
1e-07
 43
1e-07
 40
0
 40
0
 40
0
 40
0
 40
1
 40
1
 40
1
 40
1
 10
5.139169649999985
 20
1.961719199999996
 30
0
 10
5.139169649999985
 20
1.961719199999996
 30
0
 10
4.838188950000017
 20
2.150144099999998
 30
0
 10
5.005751850000024
 20
2.440371599999998
 30
0
  0
SPLINE
  5
3F4
100
AcDbEntity
  8
0
  6
CONTINUOUS
 62
    1
370
    5
100
AcDbSpline
210
0
220
0
230
0
 70
    8
 71
    3
 72
    8
 73
    4
 74
    0
 42
1e-07
 43
1e-07
 40
0
 40
0
 40
0
 40
0
 40
1
 40
1
 40
1
 40
1
 10
5.005751850000024
 20
2.440371599999998
 30
0
 10
5.173314749999975
 20
2.730600000000002
 30
0
 10
5.474209050000013
 20
2.542149000000001
 30
0
 10
5.474209050000013
 20
2.542149000000001
 30
0
  0
SPLINE
  5
3F5
100
AcDbEntity
  8
0
  6
CONTINUOUS
 62
    1
370
    5
100
AcDbSpline
210
0
220
0
230
0
 70
    8
 71
    3
 72
    8
 73
    4
 74
    0
 42
1e-07
 43
1e-07
 40
0
 40
0
 40
0
 40
0
 40
1
 40
1
 40
1
 40
1
 10
5.474209050000013
 20
2.542149000000001
 30
0
 10
6.649344450000001
 20
1.863683999999998
 30
0
 10
8.09717895
 20
1.863683999999997
 30
0
 10
9.27231389999997
 20
2.542149000000001
 30
0
  0
SPLINE
  5
3F6
100
AcDbEntity
  8
0
  6
CONTINUOUS
 62
    1
370
    5
100
AcDbSpline
210
0
220
0
230
0
 70
    8
 71
    3
 72
    8
 73
    4
 74
    0
 42
1e-07
 43
1e-07
 40
0
 40
0
 40
0
 40
0
 40
1
 40
1
 40
1
 40
1
 10
9.27231389999997
 20
2.542149000000001
 30
0
 10
9.27231389999997
 20
2.542149000000001
 30
0
 10
9.5958837
 20
2.747475
 30
0
 10
9.763446600000011
 20
2.457246599999996
 30
0
  0
SPLINE
  5
3F7
100
AcDbEntity
  8
0
  6
CONTINUOUS
 62
    1
370
    5
100
AcDbSpline
210
0
220
0
230
0
 70
    8
 71
    3
 72
    8
 73
    4
 74
    0
 42
1e-07
 43
1e-07
 40
0
 40
0
 40
0
 40
0
 40
1
 40
1
 40
1
 40
1
 10
9.763446600000011
 20
2.457246599999996
 30
0
 10
9.931010399999989
 20
2.167019099999996
 30
0
 10
9.60752880000001
 20
1.961719199999996
 30
0
 10
9.60752880000001
 20
1.961719199999996
 30
0
  0
SPLINE
  5
3F8
100
AcDbEntity
  8
0
  6
CONTINUOUS
 62
    1
370
    5
100
AcDbSpline
210
0
220
0
230
0
 70
    8
 71
    3
 72
    8
 73
    4
 74
    0
 42
1e-07
 43
1e-07
 40
0
 40
0
 40
0
 40
0
 40
1
 40
1
 40
1
 40
1
 10
9.60752880000001
 20
1.961719199999996
 30
0
 10
8.916273450000009
 20
1.5626223
 30
0
 10
8.14480874999998
 20
1.363007699999996
 30
0
 10
7.373349449999978
 20
1.363007699999996
 30
0
  0
LINE
  5
3F9
100
AcDbEntity
  8
0
  6
CONTINUOUS
 62
    1
370
    5
100
AcDbLine
 10
7.373349449999978
 20
1.363007699999996
 11
7.373349449999978
 21
1.363007699999996
  0
ENDBLK
  5
66
330
64
100
AcDbEntity
  8
0
100
AcDbBlockEnd
  0
ENDSEC
  0
SECTION
  2
ENTITIES
  0
INSERT
  5
3FA
100
AcDbEntity
  8
0
  6
ByLayer
 62
  256
370
   -1
100
AcDbBlockReference
  2
clock_stand_v4_2
 10
31
 20
32
 30
0
 41
1
 42
1
 43
0
 50
0
 70
    1
 71
    1
 44
0
 45
0
  0
INSERT
  5
3FB
100
AcDbEntity
  8
0
  6
ByLayer
 62
  256
370
   -1
100
AcDbBlockReference
  2
clock_stand_v4_4
 10
157
 20
44
 30
0
 41
1
 42
1
 43
0
 50
0
 70
    1
 71
    1
 44
0
 45
0
  0
INSERT
  5
3FC
100
AcDbEntity
  8
0
  6
ByLayer
 62
  256
370
   -1
100
AcDbBlockReference
  2
clock_stand_v4_3
 10
156.95
 20
-8.000000000000007
 30
0
 41
1
 42
1
 43
0
 50
180
 70
    1
 71
    1
 44
0
 45
0
  0
INSERT
  5
3FD
100
AcDbEntity
  8
0
  6
ByLayer
 62
  256
370
   -1
100
AcDbBlockReference
  2
clock_stand_v4_2-0
 10
282
 20
31.99999999999999
 30
0
 41
-1
 42
1
 43
0
 50
0
 70
    1
 71
    1
 44
0
 45
0
  0
INSERT
  5
3FE
100
AcDbEntity
  8
0
  6
ByLayer
 62
  256
370
   -1
100
AcDbBlockReference
  2
MA_logo_blk-0
 10
151
 20
1
 30
0
 41
1
 42
1
 43
0
 50
0
 70
    1
 71
    1
 44
0
 45
0
  0
INSERT
  5
3FF
100
AcDbEntity
  8
0
  6
ByLayer
 62
  256
370
   -1
100
AcDbBlockReference
  2
make_break_create_blk
 10
229
 20
1
 30
0
 41
0.7
 42
0.7
 43
0
 50
0
 70
    1
 71
    1
 44
0
 45
0
  0
ENDSEC
  0
SECTION
  2
OBJECTS
  0
DICTIONARY
  5
C
330
0
100
AcDbDictionary
281
    1
  3
ACAD_GROUP
350
D
  0
DICTIONARY
  5
D
330
C
100
AcDbDictionary
281
    1
  0
PLOTSETTINGS
  5
400
100
AcDbPlotSettings
  6
1x1
 40
0
 41
0
 42
0
 43
0
  0
ENDSEC
  0
EOF
