ISO-10303-21;
HEADER;
FILE_DESCRIPTION(('STEP'),'2;1');

FILE_NAME('H:\\CAD-Daten\\BHO_-\\Astro\\Skywatcher_Montierung_EQ6-Stativ_Farbe\\Skywatcher_Montierung_EQ6-Stativ.stp','2021-12-07T18:17:35+00:00',('none'),('none'),'BHO - SP 2 (IN-10)','BHO - STEP AP214','none');

FILE_SCHEMA(('AUTOMOTIVE_DESIGN { 1 0 10303 214 1 1 1 1 }'));

ENDSEC;
/* file written by bho */
DATA;
#5=PRODUCT('Skywatcher_Montierung_EQ6-Stativ','','',(#2)) ;
#27=PRODUCT('Stativkopf','','',(#2)) ;
#3291=PRODUCT('Beingelenk','','',(#2)) ;
#4033=PRODUCT('Stativbein','','',(#2)) ;
#4238=PRODUCT('Fussklemme','','',(#2)) ;
#5511=PRODUCT('Klemmhebel','','',(#2)) ;
#7299=PRODUCT('Auszug','','',(#2)) ;
#7503=PRODUCT('Fuss','','',(#2)) ;
#7943=PRODUCT('Welle','','',(#2)) ;
#10117=PRODUCT('Scheibe_12','','',(#2)) ;
#10292=PRODUCT('Sterngriff','','',(#2)) ;
#11947=PRODUCT('Okularplatte','','',(#2)) ;
#13813=PRODUCT('SKT_SCHRB_M10x75','','',(#2)) ;
#14579=PRODUCT('Scheibe_10','','',(#2)) ;
#14783=PRODUCT('Mutter_M10','','',(#2)) ;
#15762=PRODUCT('Anschlag','','',(#2)) ;
#2=PRODUCT_CONTEXT(' ',#1,'mechanical') ;
#1=APPLICATION_CONTEXT('automotive design') ;
#13=PRODUCT_DEFINITION('',' ',#6,#3) ;
#29=PRODUCT_DEFINITION('',' ',#28,#3) ;
#3293=PRODUCT_DEFINITION('',' ',#3292,#3) ;
#4035=PRODUCT_DEFINITION('',' ',#4034,#3) ;
#4240=PRODUCT_DEFINITION('',' ',#4239,#3) ;
#5513=PRODUCT_DEFINITION('',' ',#5512,#3) ;
#7301=PRODUCT_DEFINITION('',' ',#7300,#3) ;
#7505=PRODUCT_DEFINITION('',' ',#7504,#3) ;
#7945=PRODUCT_DEFINITION('',' ',#7944,#3) ;
#10119=PRODUCT_DEFINITION('',' ',#10118,#3) ;
#10294=PRODUCT_DEFINITION('',' ',#10293,#3) ;
#11949=PRODUCT_DEFINITION('',' ',#11948,#3) ;
#13815=PRODUCT_DEFINITION('',' ',#13814,#3) ;
#14581=PRODUCT_DEFINITION('',' ',#14580,#3) ;
#14785=PRODUCT_DEFINITION('',' ',#14784,#3) ;
#15764=PRODUCT_DEFINITION('',' ',#15763,#3) ;
#3=PRODUCT_DEFINITION_CONTEXT('part definition',#1,' ') ;
#16=PRODUCT_DEFINITION_SHAPE(' ',' ',#13) ;
#30=PRODUCT_DEFINITION_SHAPE(' ',' ',#29) ;
#3275=PRODUCT_DEFINITION_SHAPE(' ',' ',#3274) ;
#3294=PRODUCT_DEFINITION_SHAPE(' ',' ',#3293) ;
#3987=PRODUCT_DEFINITION_SHAPE(' ',' ',#3986) ;
#4002=PRODUCT_DEFINITION_SHAPE(' ',' ',#4001) ;
#4017=PRODUCT_DEFINITION_SHAPE(' ',' ',#4016) ;
#4036=PRODUCT_DEFINITION_SHAPE(' ',' ',#4035) ;
#4192=PRODUCT_DEFINITION_SHAPE(' ',' ',#4191) ;
#4207=PRODUCT_DEFINITION_SHAPE(' ',' ',#4206) ;
#4222=PRODUCT_DEFINITION_SHAPE(' ',' ',#4221) ;
#4241=PRODUCT_DEFINITION_SHAPE(' ',' ',#4240) ;
#5465=PRODUCT_DEFINITION_SHAPE(' ',' ',#5464) ;
#5480=PRODUCT_DEFINITION_SHAPE(' ',' ',#5479) ;
#5495=PRODUCT_DEFINITION_SHAPE(' ',' ',#5494) ;
#5514=PRODUCT_DEFINITION_SHAPE(' ',' ',#5513) ;
#7253=PRODUCT_DEFINITION_SHAPE(' ',' ',#7252) ;
#7268=PRODUCT_DEFINITION_SHAPE(' ',' ',#7267) ;
#7283=PRODUCT_DEFINITION_SHAPE(' ',' ',#7282) ;
#7302=PRODUCT_DEFINITION_SHAPE(' ',' ',#7301) ;
#7457=PRODUCT_DEFINITION_SHAPE(' ',' ',#7456) ;
#7472=PRODUCT_DEFINITION_SHAPE(' ',' ',#7471) ;
#7487=PRODUCT_DEFINITION_SHAPE(' ',' ',#7486) ;
#7506=PRODUCT_DEFINITION_SHAPE(' ',' ',#7505) ;
#7897=PRODUCT_DEFINITION_SHAPE(' ',' ',#7896) ;
#7912=PRODUCT_DEFINITION_SHAPE(' ',' ',#7911) ;
#7927=PRODUCT_DEFINITION_SHAPE(' ',' ',#7926) ;
#7946=PRODUCT_DEFINITION_SHAPE(' ',' ',#7945) ;
#10101=PRODUCT_DEFINITION_SHAPE(' ',' ',#10100) ;
#10120=PRODUCT_DEFINITION_SHAPE(' ',' ',#10119) ;
#10276=PRODUCT_DEFINITION_SHAPE(' ',' ',#10275) ;
#10295=PRODUCT_DEFINITION_SHAPE(' ',' ',#10294) ;
#11931=PRODUCT_DEFINITION_SHAPE(' ',' ',#11930) ;
#11950=PRODUCT_DEFINITION_SHAPE(' ',' ',#11949) ;
#13797=PRODUCT_DEFINITION_SHAPE(' ',' ',#13796) ;
#13816=PRODUCT_DEFINITION_SHAPE(' ',' ',#13815) ;
#14533=PRODUCT_DEFINITION_SHAPE(' ',' ',#14532) ;
#14548=PRODUCT_DEFINITION_SHAPE(' ',' ',#14547) ;
#14563=PRODUCT_DEFINITION_SHAPE(' ',' ',#14562) ;
#14582=PRODUCT_DEFINITION_SHAPE(' ',' ',#14581) ;
#14737=PRODUCT_DEFINITION_SHAPE(' ',' ',#14736) ;
#14752=PRODUCT_DEFINITION_SHAPE(' ',' ',#14751) ;
#14767=PRODUCT_DEFINITION_SHAPE(' ',' ',#14766) ;
#14786=PRODUCT_DEFINITION_SHAPE(' ',' ',#14785) ;
#15716=PRODUCT_DEFINITION_SHAPE(' ',' ',#15715) ;
#15731=PRODUCT_DEFINITION_SHAPE(' ',' ',#15730) ;
#15746=PRODUCT_DEFINITION_SHAPE(' ',' ',#15745) ;
#15765=PRODUCT_DEFINITION_SHAPE(' ',' ',#15764) ;
#16443=PRODUCT_DEFINITION_SHAPE(' ',' ',#16442) ;
#16455=MECHANICAL_DESIGN_GEOMETRIC_PRESENTATION_REPRESENTATION(' ',(#39,#3302,#4045,#4249,#5522,#7310,#7514,#8003,#8027,#8065,#8082,#8101,#8139,#8158,#8196,#8215,#8250,#8288,#8307,#8354,#8378,#8395,#8428,#8447,#7954,#10129,#10303,#11958,#13825,#14590,#14794,#15773),#22) ;
#15=SHAPE_REPRESENTATION(' ',(#3279,#3991,#4006,#4021,#4196,#4211,#4226,#5469,#5484,#5499,#7257,#7272,#7287,#7461,#7476,#7491,#7901,#7916,#7931,#10105,#10280,#11935,#13801,#14537,#14552,#14567,#14741,#14756,#14771,#15720,#15735,#15750,#16447),#22) ;
#25=SHAPE_REPRESENTATION(' ',(#3280),#24) ;
#3289=SHAPE_REPRESENTATION(' ',(#3992,#4007,#4022),#3288) ;
#4031=SHAPE_REPRESENTATION(' ',(#4197,#4212,#4227),#4030) ;
#4236=SHAPE_REPRESENTATION(' ',(#5470,#5485,#5500),#4235) ;
#5509=SHAPE_REPRESENTATION(' ',(#7258,#7273,#7288),#5508) ;
#7297=SHAPE_REPRESENTATION(' ',(#7462,#7477,#7492),#7296) ;
#7501=SHAPE_REPRESENTATION(' ',(#7902,#7917,#7932),#7500) ;
#7941=SHAPE_REPRESENTATION(' ',(#10106),#7940) ;
#10115=SHAPE_REPRESENTATION(' ',(#10281),#10114) ;
#10290=SHAPE_REPRESENTATION(' ',(#11936),#10289) ;
#11945=SHAPE_REPRESENTATION(' ',(#13802),#11944) ;
#13811=SHAPE_REPRESENTATION(' ',(#14538,#14553,#14568),#13810) ;
#14577=SHAPE_REPRESENTATION(' ',(#14742,#14757,#14772),#14576) ;
#14781=SHAPE_REPRESENTATION(' ',(#15721,#15736,#15751),#14780) ;
#15760=SHAPE_REPRESENTATION(' ',(#16448),#15759) ;
#3278=ITEM_DEFINED_TRANSFORMATION(' ',' ',#3280,#3279) ;
#3990=ITEM_DEFINED_TRANSFORMATION(' ',' ',#3992,#3991) ;
#4005=ITEM_DEFINED_TRANSFORMATION(' ',' ',#4007,#4006) ;
#4020=ITEM_DEFINED_TRANSFORMATION(' ',' ',#4022,#4021) ;
#4195=ITEM_DEFINED_TRANSFORMATION(' ',' ',#4197,#4196) ;
#4210=ITEM_DEFINED_TRANSFORMATION(' ',' ',#4212,#4211) ;
#4225=ITEM_DEFINED_TRANSFORMATION(' ',' ',#4227,#4226) ;
#5468=ITEM_DEFINED_TRANSFORMATION(' ',' ',#5470,#5469) ;
#5483=ITEM_DEFINED_TRANSFORMATION(' ',' ',#5485,#5484) ;
#5498=ITEM_DEFINED_TRANSFORMATION(' ',' ',#5500,#5499) ;
#7256=ITEM_DEFINED_TRANSFORMATION(' ',' ',#7258,#7257) ;
#7271=ITEM_DEFINED_TRANSFORMATION(' ',' ',#7273,#7272) ;
#7286=ITEM_DEFINED_TRANSFORMATION(' ',' ',#7288,#7287) ;
#7460=ITEM_DEFINED_TRANSFORMATION(' ',' ',#7462,#7461) ;
#7475=ITEM_DEFINED_TRANSFORMATION(' ',' ',#7477,#7476) ;
#7490=ITEM_DEFINED_TRANSFORMATION(' ',' ',#7492,#7491) ;
#7900=ITEM_DEFINED_TRANSFORMATION(' ',' ',#7902,#7901) ;
#7915=ITEM_DEFINED_TRANSFORMATION(' ',' ',#7917,#7916) ;
#7930=ITEM_DEFINED_TRANSFORMATION(' ',' ',#7932,#7931) ;
#10104=ITEM_DEFINED_TRANSFORMATION(' ',' ',#10106,#10105) ;
#10279=ITEM_DEFINED_TRANSFORMATION(' ',' ',#10281,#10280) ;
#11934=ITEM_DEFINED_TRANSFORMATION(' ',' ',#11936,#11935) ;
#13800=ITEM_DEFINED_TRANSFORMATION(' ',' ',#13802,#13801) ;
#14536=ITEM_DEFINED_TRANSFORMATION(' ',' ',#14538,#14537) ;
#14551=ITEM_DEFINED_TRANSFORMATION(' ',' ',#14553,#14552) ;
#14566=ITEM_DEFINED_TRANSFORMATION(' ',' ',#14568,#14567) ;
#14740=ITEM_DEFINED_TRANSFORMATION(' ',' ',#14742,#14741) ;
#14755=ITEM_DEFINED_TRANSFORMATION(' ',' ',#14757,#14756) ;
#14770=ITEM_DEFINED_TRANSFORMATION(' ',' ',#14772,#14771) ;
#15719=ITEM_DEFINED_TRANSFORMATION(' ',' ',#15721,#15720) ;
#15734=ITEM_DEFINED_TRANSFORMATION(' ',' ',#15736,#15735) ;
#15749=ITEM_DEFINED_TRANSFORMATION(' ',' ',#15751,#15750) ;
#16446=ITEM_DEFINED_TRANSFORMATION(' ',' ',#16448,#16447) ;
#44=AXIS2_PLACEMENT_3D('Cylinder Axis2P3D',#41,#42,#43) ;
#57=AXIS2_PLACEMENT_3D('Circle Axis2P3D',#55,#56,$) ;
#71=AXIS2_PLACEMENT_3D('Circle Axis2P3D',#69,#70,$) ;
#84=AXIS2_PLACEMENT_3D('Plane Axis2P3D',#81,#82,#83) ;
#146=AXIS2_PLACEMENT_3D('Circle Axis2P3D',#144,#145,$) ;
#155=AXIS2_PLACEMENT_3D('Circle Axis2P3D',#153,#154,$) ;
#166=AXIS2_PLACEMENT_3D('Plane Axis2P3D',#163,#164,#165) ;
#170=AXIS2_PLACEMENT_3D('Circle Axis2P3D',#168,#169,$) ;
#217=AXIS2_PLACEMENT_3D('Torus Axis2P3D',#214,#215,#216) ;
#248=AXIS2_PLACEMENT_3D('Circle Axis2P3D',#246,#247,$) ;
#281=AXIS2_PLACEMENT_3D('Circle Axis2P3D',#279,#280,$) ;
#305=AXIS2_PLACEMENT_3D('Circle Axis2P3D',#303,#304,$) ;
#312=AXIS2_PLACEMENT_3D('Circle Axis2P3D',#310,#311,$) ;
#319=AXIS2_PLACEMENT_3D('Circle Axis2P3D',#317,#318,$) ;
#324=AXIS2_PLACEMENT_3D('Circle Axis2P3D',#322,#323,$) ;
#349=AXIS2_PLACEMENT_3D('Cylinder Axis2P3D',#346,#347,#348) ;
#367=AXIS2_PLACEMENT_3D('Circle Axis2P3D',#365,#366,$) ;
#379=AXIS2_PLACEMENT_3D('Circle Axis2P3D',#377,#378,$) ;
#418=AXIS2_PLACEMENT_3D('Circle Axis2P3D',#416,#417,$) ;
#431=AXIS2_PLACEMENT_3D('Circle Axis2P3D',#429,#430,$) ;
#453=AXIS2_PLACEMENT_3D('Circle Axis2P3D',#451,#452,$) ;
#486=AXIS2_PLACEMENT_3D('Circle Axis2P3D',#484,#485,$) ;
#511=AXIS2_PLACEMENT_3D('Plane Axis2P3D',#508,#509,#510) ;
#533=AXIS2_PLACEMENT_3D('Circle Axis2P3D',#531,#532,$) ;
#560=AXIS2_PLACEMENT_3D('Plane Axis2P3D',#557,#558,#559) ;
#598=AXIS2_PLACEMENT_3D('Circle Axis2P3D',#596,#597,$) ;
#612=AXIS2_PLACEMENT_3D('Circle Axis2P3D',#610,#611,$) ;
#621=AXIS2_PLACEMENT_3D('Circle Axis2P3D',#619,#620,$) ;
#649=AXIS2_PLACEMENT_3D('Circle Axis2P3D',#647,#648,$) ;
#682=AXIS2_PLACEMENT_3D('Circle Axis2P3D',#680,#681,$) ;
#696=AXIS2_PLACEMENT_3D('Circle Axis2P3D',#694,#695,$) ;
#703=AXIS2_PLACEMENT_3D('Circle Axis2P3D',#701,#702,$) ;
#710=AXIS2_PLACEMENT_3D('Circle Axis2P3D',#708,#709,$) ;
#724=AXIS2_PLACEMENT_3D('Circle Axis2P3D',#722,#723,$) ;
#750=AXIS2_PLACEMENT_3D('Cylinder Axis2P3D',#747,#748,#749) ;
#754=AXIS2_PLACEMENT_3D('Circle Axis2P3D',#752,#753,$) ;
#770=AXIS2_PLACEMENT_3D('Circle Axis2P3D',#768,#769,$) ;
#790=AXIS2_PLACEMENT_3D('Cylinder Axis2P3D',#787,#788,#789) ;
#804=AXIS2_PLACEMENT_3D('Circle Axis2P3D',#802,#803,$) ;
#830=AXIS2_PLACEMENT_3D('Circle Axis2P3D',#828,#829,$) ;
#850=AXIS2_PLACEMENT_3D('Cylinder Axis2P3D',#847,#848,#849) ;
#873=AXIS2_PLACEMENT_3D('Circle Axis2P3D',#871,#872,$) ;
#893=AXIS2_PLACEMENT_3D('Cylinder Axis2P3D',#890,#891,#892) ;
#906=AXIS2_PLACEMENT_3D('Circle Axis2P3D',#904,#905,$) ;
#920=AXIS2_PLACEMENT_3D('Circle Axis2P3D',#918,#919,$) ;
#932=AXIS2_PLACEMENT_3D('Circle Axis2P3D',#930,#931,$) ;
#937=AXIS2_PLACEMENT_3D('Circle Axis2P3D',#935,#936,$) ;
#950=AXIS2_PLACEMENT_3D('Plane Axis2P3D',#947,#948,#949) ;
#981=AXIS2_PLACEMENT_3D('Plane Axis2P3D',#978,#979,#980) ;
#1005=AXIS2_PLACEMENT_3D('Plane Axis2P3D',#1002,#1003,#1004) ;
#1029=AXIS2_PLACEMENT_3D('Cylinder Axis2P3D',#1026,#1027,#1028) ;
#1033=AXIS2_PLACEMENT_3D('Circle Axis2P3D',#1031,#1032,$) ;
#1040=AXIS2_PLACEMENT_3D('Circle Axis2P3D',#1038,#1039,$) ;
#1060=AXIS2_PLACEMENT_3D('Cylinder Axis2P3D',#1057,#1058,#1059) ;
#1064=AXIS2_PLACEMENT_3D('Circle Axis2P3D',#1062,#1063,$) ;
#1071=AXIS2_PLACEMENT_3D('Circle Axis2P3D',#1069,#1070,$) ;
#1091=AXIS2_PLACEMENT_3D('Cylinder Axis2P3D',#1088,#1089,#1090) ;
#1095=AXIS2_PLACEMENT_3D('Circle Axis2P3D',#1093,#1094,$) ;
#1102=AXIS2_PLACEMENT_3D('Circle Axis2P3D',#1100,#1101,$) ;
#1122=AXIS2_PLACEMENT_3D('Plane Axis2P3D',#1119,#1120,#1121) ;
#1153=AXIS2_PLACEMENT_3D('Cylinder Axis2P3D',#1150,#1151,#1152) ;
#1157=AXIS2_PLACEMENT_3D('Circle Axis2P3D',#1155,#1156,$) ;
#1164=AXIS2_PLACEMENT_3D('Circle Axis2P3D',#1162,#1163,$) ;
#1184=AXIS2_PLACEMENT_3D('Cylinder Axis2P3D',#1181,#1182,#1183) ;
#1188=AXIS2_PLACEMENT_3D('Circle Axis2P3D',#1186,#1187,$) ;
#1204=AXIS2_PLACEMENT_3D('Circle Axis2P3D',#1202,#1203,$) ;
#1224=AXIS2_PLACEMENT_3D('Plane Axis2P3D',#1221,#1222,#1223) ;
#1255=AXIS2_PLACEMENT_3D('Cylinder Axis2P3D',#1252,#1253,#1254) ;
#1259=AXIS2_PLACEMENT_3D('Circle Axis2P3D',#1257,#1258,$) ;
#1266=AXIS2_PLACEMENT_3D('Circle Axis2P3D',#1264,#1265,$) ;
#1285=AXIS2_PLACEMENT_3D('Circle Axis2P3D',#1283,#1284,$) ;
#1292=AXIS2_PLACEMENT_3D('Circle Axis2P3D',#1290,#1291,$) ;
#1312=AXIS2_PLACEMENT_3D('Cylinder Axis2P3D',#1309,#1310,#1311) ;
#1316=AXIS2_PLACEMENT_3D('Circle Axis2P3D',#1314,#1315,$) ;
#1323=AXIS2_PLACEMENT_3D('Circle Axis2P3D',#1321,#1322,$) ;
#1343=AXIS2_PLACEMENT_3D('Plane Axis2P3D',#1340,#1341,#1342) ;
#1374=AXIS2_PLACEMENT_3D('Cylinder Axis2P3D',#1371,#1372,#1373) ;
#1378=AXIS2_PLACEMENT_3D('Circle Axis2P3D',#1376,#1377,$) ;
#1385=AXIS2_PLACEMENT_3D('Circle Axis2P3D',#1383,#1384,$) ;
#1457=AXIS2_PLACEMENT_3D('Cylinder Axis2P3D',#1454,#1455,#1456) ;
#1461=AXIS2_PLACEMENT_3D('Circle Axis2P3D',#1459,#1460,$) ;
#1477=AXIS2_PLACEMENT_3D('Circle Axis2P3D',#1475,#1476,$) ;
#1496=AXIS2_PLACEMENT_3D('Circle Axis2P3D',#1494,#1495,$) ;
#1501=AXIS2_PLACEMENT_3D('Circle Axis2P3D',#1499,#1500,$) ;
#1514=AXIS2_PLACEMENT_3D('Plane Axis2P3D',#1511,#1512,#1513) ;
#1518=AXIS2_PLACEMENT_3D('Circle Axis2P3D',#1516,#1517,$) ;
#1527=AXIS2_PLACEMENT_3D('Circle Axis2P3D',#1525,#1526,$) ;
#1542=AXIS2_PLACEMENT_3D('Cylinder Axis2P3D',#1539,#1540,#1541) ;
#1553=AXIS2_PLACEMENT_3D('Circle Axis2P3D',#1551,#1552,$) ;
#1572=AXIS2_PLACEMENT_3D('Circle Axis2P3D',#1570,#1571,$) ;
#1585=AXIS2_PLACEMENT_3D('Plane Axis2P3D',#1582,#1583,#1584) ;
#1589=AXIS2_PLACEMENT_3D('Circle Axis2P3D',#1587,#1588,$) ;
#1598=AXIS2_PLACEMENT_3D('Circle Axis2P3D',#1596,#1597,$) ;
#1613=AXIS2_PLACEMENT_3D('Cylinder Axis2P3D',#1610,#1611,#1612) ;
#1624=AXIS2_PLACEMENT_3D('Circle Axis2P3D',#1622,#1623,$) ;
#1643=AXIS2_PLACEMENT_3D('Circle Axis2P3D',#1641,#1642,$) ;
#1656=AXIS2_PLACEMENT_3D('Plane Axis2P3D',#1653,#1654,#1655) ;
#1660=AXIS2_PLACEMENT_3D('Circle Axis2P3D',#1658,#1659,$) ;
#1669=AXIS2_PLACEMENT_3D('Circle Axis2P3D',#1667,#1668,$) ;
#1678=AXIS2_PLACEMENT_3D('Circle Axis2P3D',#1676,#1677,$) ;
#1687=AXIS2_PLACEMENT_3D('Circle Axis2P3D',#1685,#1686,$) ;
#1696=AXIS2_PLACEMENT_3D('Circle Axis2P3D',#1694,#1695,$) ;
#1705=AXIS2_PLACEMENT_3D('Circle Axis2P3D',#1703,#1704,$) ;
#1720=AXIS2_PLACEMENT_3D('Cone Axis2P3D',#1717,#1718,#1719) ;
#1731=AXIS2_PLACEMENT_3D('Circle Axis2P3D',#1729,#1730,$) ;
#1750=AXIS2_PLACEMENT_3D('Circle Axis2P3D',#1748,#1749,$) ;
#1763=AXIS2_PLACEMENT_3D('Plane Axis2P3D',#1760,#1761,#1762) ;
#1767=AXIS2_PLACEMENT_3D('Circle Axis2P3D',#1765,#1766,$) ;
#1776=AXIS2_PLACEMENT_3D('Circle Axis2P3D',#1774,#1775,$) ;
#1791=AXIS2_PLACEMENT_3D('Plane Axis2P3D',#1788,#1789,#1790) ;
#1795=AXIS2_PLACEMENT_3D('Circle Axis2P3D',#1793,#1794,$) ;
#1804=AXIS2_PLACEMENT_3D('Circle Axis2P3D',#1802,#1803,$) ;
#1814=AXIS2_PLACEMENT_3D('Circle Axis2P3D',#1812,#1813,$) ;
#1823=AXIS2_PLACEMENT_3D('Circle Axis2P3D',#1821,#1822,$) ;
#1834=AXIS2_PLACEMENT_3D('Cylinder Axis2P3D',#1831,#1832,#1833) ;
#1863=AXIS2_PLACEMENT_3D('Cylinder Axis2P3D',#1860,#1861,#1862) ;
#1892=AXIS2_PLACEMENT_3D('Torus Axis2P3D',#1889,#1890,#1891) ;
#1896=AXIS2_PLACEMENT_3D('Circle Axis2P3D',#1894,#1895,$) ;
#1903=AXIS2_PLACEMENT_3D('Circle Axis2P3D',#1901,#1902,$) ;
#1910=AXIS2_PLACEMENT_3D('Circle Axis2P3D',#1908,#1909,$) ;
#1923=AXIS2_PLACEMENT_3D('Cylinder Axis2P3D',#1920,#1921,#1922) ;
#1937=AXIS2_PLACEMENT_3D('Circle Axis2P3D',#1935,#1936,$) ;
#1957=AXIS2_PLACEMENT_3D('Cylinder Axis2P3D',#1954,#1955,#1956) ;
#1971=AXIS2_PLACEMENT_3D('Circle Axis2P3D',#1969,#1970,$) ;
#1990=AXIS2_PLACEMENT_3D('Circle Axis2P3D',#1988,#1989,$) ;
#2003=AXIS2_PLACEMENT_3D('Cylinder Axis2P3D',#2000,#2001,#2002) ;
#2016=AXIS2_PLACEMENT_3D('Circle Axis2P3D',#2014,#2015,$) ;
#2030=AXIS2_PLACEMENT_3D('Circle Axis2P3D',#2028,#2029,$) ;
#2042=AXIS2_PLACEMENT_3D('Circle Axis2P3D',#2040,#2041,$) ;
#2047=AXIS2_PLACEMENT_3D('Circle Axis2P3D',#2045,#2046,$) ;
#2060=AXIS2_PLACEMENT_3D('Plane Axis2P3D',#2057,#2058,#2059) ;
#2093=AXIS2_PLACEMENT_3D('Cylinder Axis2P3D',#2090,#2091,#2092) ;
#2114=AXIS2_PLACEMENT_3D('Circle Axis2P3D',#2112,#2113,$) ;
#2153=AXIS2_PLACEMENT_3D('Cylinder Axis2P3D',#2150,#2151,#2152) ;
#2166=AXIS2_PLACEMENT_3D('Circle Axis2P3D',#2164,#2165,$) ;
#2180=AXIS2_PLACEMENT_3D('Circle Axis2P3D',#2178,#2179,$) ;
#2192=AXIS2_PLACEMENT_3D('Circle Axis2P3D',#2190,#2191,$) ;
#2197=AXIS2_PLACEMENT_3D('Circle Axis2P3D',#2195,#2196,$) ;
#2210=AXIS2_PLACEMENT_3D('Cylinder Axis2P3D',#2207,#2208,#2209) ;
#2221=AXIS2_PLACEMENT_3D('Circle Axis2P3D',#2219,#2220,$) ;
#2241=AXIS2_PLACEMENT_3D('Plane Axis2P3D',#2238,#2239,#2240) ;
#2265=AXIS2_PLACEMENT_3D('Cylinder Axis2P3D',#2262,#2263,#2264) ;
#2269=AXIS2_PLACEMENT_3D('Circle Axis2P3D',#2267,#2268,$) ;
#2288=AXIS2_PLACEMENT_3D('Circle Axis2P3D',#2286,#2287,$) ;
#2308=AXIS2_PLACEMENT_3D('Cylinder Axis2P3D',#2305,#2306,#2307) ;
#2312=AXIS2_PLACEMENT_3D('Circle Axis2P3D',#2310,#2311,$) ;
#2332=AXIS2_PLACEMENT_3D('Plane Axis2P3D',#2329,#2330,#2331) ;
#2356=AXIS2_PLACEMENT_3D('Cylinder Axis2P3D',#2353,#2354,#2355) ;
#2360=AXIS2_PLACEMENT_3D('Circle Axis2P3D',#2358,#2359,$) ;
#2380=AXIS2_PLACEMENT_3D('Cone Axis2P3D',#2377,#2378,#2379) ;
#2417=AXIS2_PLACEMENT_3D('Circle Axis2P3D',#2415,#2416,$) ;
#2436=AXIS2_PLACEMENT_3D('Circle Axis2P3D',#2434,#2435,$) ;
#2449=AXIS2_PLACEMENT_3D('Plane Axis2P3D',#2446,#2447,#2448) ;
#2484=AXIS2_PLACEMENT_3D('Cylinder Axis2P3D',#2481,#2482,#2483) ;
#2497=AXIS2_PLACEMENT_3D('Circle Axis2P3D',#2495,#2496,$) ;
#2511=AXIS2_PLACEMENT_3D('Circle Axis2P3D',#2509,#2510,$) ;
#2523=AXIS2_PLACEMENT_3D('Circle Axis2P3D',#2521,#2522,$) ;
#2528=AXIS2_PLACEMENT_3D('Circle Axis2P3D',#2526,#2527,$) ;
#2541=AXIS2_PLACEMENT_3D('Cylinder Axis2P3D',#2538,#2539,#2540) ;
#2586=AXIS2_PLACEMENT_3D('Plane Axis2P3D',#2583,#2584,#2585) ;
#2667=AXIS2_PLACEMENT_3D('Cylinder Axis2P3D',#2664,#2665,#2666) ;
#2671=AXIS2_PLACEMENT_3D('Circle Axis2P3D',#2669,#2670,$) ;
#2684=AXIS2_PLACEMENT_3D('Plane Axis2P3D',#2681,#2682,#2683) ;
#2720=AXIS2_PLACEMENT_3D('Plane Axis2P3D',#2717,#2718,#2719) ;
#2859=AXIS2_PLACEMENT_3D('Plane Axis2P3D',#2856,#2857,#2858) ;
#2870=AXIS2_PLACEMENT_3D('Circle Axis2P3D',#2868,#2869,$) ;
#2890=AXIS2_PLACEMENT_3D('Plane Axis2P3D',#2887,#2888,#2889) ;
#2901=AXIS2_PLACEMENT_3D('Circle Axis2P3D',#2899,#2900,$) ;
#2921=AXIS2_PLACEMENT_3D('Plane Axis2P3D',#2918,#2919,#2920) ;
#2925=AXIS2_PLACEMENT_3D('Circle Axis2P3D',#2923,#2924,$) ;
#2952=AXIS2_PLACEMENT_3D('Plane Axis2P3D',#2949,#2950,#2951) ;
#2956=AXIS2_PLACEMENT_3D('Circle Axis2P3D',#2954,#2955,$) ;
#2990=AXIS2_PLACEMENT_3D('Plane Axis2P3D',#2987,#2988,#2989) ;
#2994=AXIS2_PLACEMENT_3D('Circle Axis2P3D',#2992,#2993,$) ;
#3028=AXIS2_PLACEMENT_3D('Plane Axis2P3D',#3025,#3026,#3027) ;
#3046=AXIS2_PLACEMENT_3D('Circle Axis2P3D',#3044,#3045,$) ;
#3066=AXIS2_PLACEMENT_3D('Plane Axis2P3D',#3063,#3064,#3065) ;
#3070=AXIS2_PLACEMENT_3D('Circle Axis2P3D',#3068,#3069,$) ;
#3097=AXIS2_PLACEMENT_3D('Plane Axis2P3D',#3094,#3095,#3096) ;
#3115=AXIS2_PLACEMENT_3D('Circle Axis2P3D',#3113,#3114,$) ;
#3135=AXIS2_PLACEMENT_3D('Cylinder Axis2P3D',#3132,#3133,#3134) ;
#3152=AXIS2_PLACEMENT_3D('Plane Axis2P3D',#3149,#3150,#3151) ;
#3205=AXIS2_PLACEMENT_3D('Cylinder Axis2P3D',#3202,#3203,#3204) ;
#3222=AXIS2_PLACEMENT_3D('Plane Axis2P3D',#3219,#3220,#3221) ;
#3279=AXIS2_PLACEMENT_3D(' ',#3282,#3286,#3285) ;
#3280=AXIS2_PLACEMENT_3D(' ',#3281,#3284,#3283) ;
#3307=AXIS2_PLACEMENT_3D('Cylinder Axis2P3D',#3304,#3305,#3306) ;
#3320=AXIS2_PLACEMENT_3D('Circle Axis2P3D',#3318,#3319,$) ;
#3334=AXIS2_PLACEMENT_3D('Circle Axis2P3D',#3332,#3333,$) ;
#3346=AXIS2_PLACEMENT_3D('Circle Axis2P3D',#3344,#3345,$) ;
#3351=AXIS2_PLACEMENT_3D('Circle Axis2P3D',#3349,#3350,$) ;
#3364=AXIS2_PLACEMENT_3D('Cylinder Axis2P3D',#3361,#3362,#3363) ;
#3393=AXIS2_PLACEMENT_3D('Circle Axis2P3D',#3391,#3392,$) ;
#3413=AXIS2_PLACEMENT_3D('Plane Axis2P3D',#3410,#3411,#3412) ;
#3417=AXIS2_PLACEMENT_3D('Circle Axis2P3D',#3415,#3416,$) ;
#3460=AXIS2_PLACEMENT_3D('Circle Axis2P3D',#3458,#3459,$) ;
#3479=AXIS2_PLACEMENT_3D('Circle Axis2P3D',#3477,#3478,$) ;
#3498=AXIS2_PLACEMENT_3D('Plane Axis2P3D',#3495,#3496,#3497) ;
#3502=AXIS2_PLACEMENT_3D('Circle Axis2P3D',#3500,#3501,$) ;
#3511=AXIS2_PLACEMENT_3D('Circle Axis2P3D',#3509,#3510,$) ;
#3522=AXIS2_PLACEMENT_3D('Cone Axis2P3D',#3519,#3520,#3521) ;
#3533=AXIS2_PLACEMENT_3D('Circle Axis2P3D',#3531,#3532,$) ;
#3552=AXIS2_PLACEMENT_3D('Circle Axis2P3D',#3550,#3551,$) ;
#3565=AXIS2_PLACEMENT_3D('Plane Axis2P3D',#3562,#3563,#3564) ;
#3569=AXIS2_PLACEMENT_3D('Circle Axis2P3D',#3567,#3568,$) ;
#3578=AXIS2_PLACEMENT_3D('Circle Axis2P3D',#3576,#3577,$) ;
#3593=AXIS2_PLACEMENT_3D('Torus Axis2P3D',#3590,#3591,#3592) ;
#3597=AXIS2_PLACEMENT_3D('Circle Axis2P3D',#3595,#3596,$) ;
#3604=AXIS2_PLACEMENT_3D('Circle Axis2P3D',#3602,#3603,$) ;
#3611=AXIS2_PLACEMENT_3D('Circle Axis2P3D',#3609,#3610,$) ;
#3623=AXIS2_PLACEMENT_3D('Circle Axis2P3D',#3621,#3622,$) ;
#3636=AXIS2_PLACEMENT_3D('Plane Axis2P3D',#3633,#3634,#3635) ;
#3699=AXIS2_PLACEMENT_3D('Plane Axis2P3D',#3696,#3697,#3698) ;
#3772=AXIS2_PLACEMENT_3D('Plane Axis2P3D',#3769,#3770,#3771) ;
#3828=AXIS2_PLACEMENT_3D('Cone Axis2P3D',#3825,#3826,#3827) ;
#3844=AXIS2_PLACEMENT_3D('Circle Axis2P3D',#3842,#3843,$) ;
#3869=AXIS2_PLACEMENT_3D('Circle Axis2P3D',#3867,#3868,$) ;
#3887=AXIS2_PLACEMENT_3D('Plane Axis2P3D',#3884,#3885,#3886) ;
#3891=AXIS2_PLACEMENT_3D('Circle Axis2P3D',#3889,#3890,$) ;
#3900=AXIS2_PLACEMENT_3D('Circle Axis2P3D',#3898,#3899,$) ;
#3919=AXIS2_PLACEMENT_3D('Plane Axis2P3D',#3916,#3917,#3918) ;
#3958=AXIS2_PLACEMENT_3D('Torus Axis2P3D',#3955,#3956,#3957) ;
#3962=AXIS2_PLACEMENT_3D('Circle Axis2P3D',#3960,#3961,$) ;
#3975=AXIS2_PLACEMENT_3D('Torus Axis2P3D',#3972,#3973,#3974) ;
#3991=AXIS2_PLACEMENT_3D(' ',#3994,#3998,#3997) ;
#3992=AXIS2_PLACEMENT_3D(' ',#3993,#3996,#3995) ;
#4006=AXIS2_PLACEMENT_3D(' ',#4009,#4013,#4012) ;
#4007=AXIS2_PLACEMENT_3D(' ',#4008,#4011,#4010) ;
#4021=AXIS2_PLACEMENT_3D(' ',#4024,#4028,#4027) ;
#4022=AXIS2_PLACEMENT_3D(' ',#4023,#4026,#4025) ;
#4050=AXIS2_PLACEMENT_3D('Cylinder Axis2P3D',#4047,#4048,#4049) ;
#4054=AXIS2_PLACEMENT_3D('Circle Axis2P3D',#4052,#4053,$) ;
#4070=AXIS2_PLACEMENT_3D('Circle Axis2P3D',#4068,#4069,$) ;
#4089=AXIS2_PLACEMENT_3D('Circle Axis2P3D',#4087,#4088,$) ;
#4094=AXIS2_PLACEMENT_3D('Circle Axis2P3D',#4092,#4093,$) ;
#4107=AXIS2_PLACEMENT_3D('Cylinder Axis2P3D',#4104,#4105,#4106) ;
#4111=AXIS2_PLACEMENT_3D('Circle Axis2P3D',#4109,#4110,$) ;
#4127=AXIS2_PLACEMENT_3D('Circle Axis2P3D',#4125,#4126,$) ;
#4146=AXIS2_PLACEMENT_3D('Circle Axis2P3D',#4144,#4145,$) ;
#4151=AXIS2_PLACEMENT_3D('Circle Axis2P3D',#4149,#4150,$) ;
#4164=AXIS2_PLACEMENT_3D('Plane Axis2P3D',#4161,#4162,#4163) ;
#4178=AXIS2_PLACEMENT_3D('Plane Axis2P3D',#4175,#4176,#4177) ;
#4196=AXIS2_PLACEMENT_3D(' ',#4199,#4203,#4202) ;
#4197=AXIS2_PLACEMENT_3D(' ',#4198,#4201,#4200) ;
#4211=AXIS2_PLACEMENT_3D(' ',#4214,#4218,#4217) ;
#4212=AXIS2_PLACEMENT_3D(' ',#4213,#4216,#4215) ;
#4226=AXIS2_PLACEMENT_3D(' ',#4229,#4233,#4232) ;
#4227=AXIS2_PLACEMENT_3D(' ',#4228,#4231,#4230) ;
#4254=AXIS2_PLACEMENT_3D('Cylinder Axis2P3D',#4251,#4252,#4253) ;
#4293=AXIS2_PLACEMENT_3D('Circle Axis2P3D',#4291,#4292,$) ;
#4322=AXIS2_PLACEMENT_3D('Circle Axis2P3D',#4320,#4321,$) ;
#4335=AXIS2_PLACEMENT_3D('Cylinder Axis2P3D',#4332,#4333,#4334) ;
#4339=AXIS2_PLACEMENT_3D('Circle Axis2P3D',#4337,#4338,$) ;
#4355=AXIS2_PLACEMENT_3D('Circle Axis2P3D',#4353,#4354,$) ;
#4378=AXIS2_PLACEMENT_3D('Circle Axis2P3D',#4376,#4377,$) ;
#4383=AXIS2_PLACEMENT_3D('Circle Axis2P3D',#4381,#4382,$) ;
#4396=AXIS2_PLACEMENT_3D('Plane Axis2P3D',#4393,#4394,#4395) ;
#4400=AXIS2_PLACEMENT_3D('Circle Axis2P3D',#4398,#4399,$) ;
#4409=AXIS2_PLACEMENT_3D('Circle Axis2P3D',#4407,#4408,$) ;
#4424=AXIS2_PLACEMENT_3D('Torus Axis2P3D',#4421,#4422,#4423) ;
#4428=AXIS2_PLACEMENT_3D('Circle Axis2P3D',#4426,#4427,$) ;
#4435=AXIS2_PLACEMENT_3D('Circle Axis2P3D',#4433,#4434,$) ;
#4442=AXIS2_PLACEMENT_3D('Circle Axis2P3D',#4440,#4441,$) ;
#4455=AXIS2_PLACEMENT_3D('Torus Axis2P3D',#4452,#4453,#4454) ;
#4459=AXIS2_PLACEMENT_3D('Circle Axis2P3D',#4457,#4458,$) ;
#4528=AXIS2_PLACEMENT_3D('Circle Axis2P3D',#4526,#4527,$) ;
#4642=AXIS2_PLACEMENT_3D('Circle Axis2P3D',#4640,#4641,$) ;
#4703=AXIS2_PLACEMENT_3D('Torus Axis2P3D',#4700,#4701,#4702) ;
#4707=AXIS2_PLACEMENT_3D('Circle Axis2P3D',#4705,#4706,$) ;
#4714=AXIS2_PLACEMENT_3D('Circle Axis2P3D',#4712,#4713,$) ;
#4721=AXIS2_PLACEMENT_3D('Circle Axis2P3D',#4719,#4720,$) ;
#4734=AXIS2_PLACEMENT_3D('Cone Axis2P3D',#4731,#4732,#4733) ;
#4738=AXIS2_PLACEMENT_3D('Circle Axis2P3D',#4736,#4737,$) ;
#4765=AXIS2_PLACEMENT_3D('Cone Axis2P3D',#4762,#4763,#4764) ;
#4769=AXIS2_PLACEMENT_3D('Circle Axis2P3D',#4767,#4768,$) ;
#4782=AXIS2_PLACEMENT_3D('Torus Axis2P3D',#4779,#4780,#4781) ;
#4786=AXIS2_PLACEMENT_3D('Circle Axis2P3D',#4784,#4785,$) ;
#5217=AXIS2_PLACEMENT_3D('Plane Axis2P3D',#5214,#5215,#5216) ;
#5225=AXIS2_PLACEMENT_3D('Circle Axis2P3D',#5223,#5224,$) ;
#5234=AXIS2_PLACEMENT_3D('Circle Axis2P3D',#5232,#5233,$) ;
#5245=AXIS2_PLACEMENT_3D('Cylinder Axis2P3D',#5242,#5243,#5244) ;
#5263=AXIS2_PLACEMENT_3D('Circle Axis2P3D',#5261,#5262,$) ;
#5275=AXIS2_PLACEMENT_3D('Circle Axis2P3D',#5273,#5274,$) ;
#5288=AXIS2_PLACEMENT_3D('Cylinder Axis2P3D',#5285,#5286,#5287) ;
#5299=AXIS2_PLACEMENT_3D('Circle Axis2P3D',#5297,#5298,$) ;
#5318=AXIS2_PLACEMENT_3D('Circle Axis2P3D',#5316,#5317,$) ;
#5331=AXIS2_PLACEMENT_3D('Torus Axis2P3D',#5328,#5329,#5330) ;
#5335=AXIS2_PLACEMENT_3D('Circle Axis2P3D',#5333,#5334,$) ;
#5342=AXIS2_PLACEMENT_3D('Circle Axis2P3D',#5340,#5341,$) ;
#5349=AXIS2_PLACEMENT_3D('Circle Axis2P3D',#5347,#5348,$) ;
#5362=AXIS2_PLACEMENT_3D('Torus Axis2P3D',#5359,#5360,#5361) ;
#5366=AXIS2_PLACEMENT_3D('Circle Axis2P3D',#5364,#5365,$) ;
#5379=AXIS2_PLACEMENT_3D('Plane Axis2P3D',#5376,#5377,#5378) ;
#5383=AXIS2_PLACEMENT_3D('Circle Axis2P3D',#5381,#5382,$) ;
#5392=AXIS2_PLACEMENT_3D('Circle Axis2P3D',#5390,#5391,$) ;
#5403=AXIS2_PLACEMENT_3D('Torus Axis2P3D',#5400,#5401,#5402) ;
#5407=AXIS2_PLACEMENT_3D('Circle Axis2P3D',#5405,#5406,$) ;
#5412=AXIS2_PLACEMENT_3D('Circle Axis2P3D',#5410,#5411,$) ;
#5425=AXIS2_PLACEMENT_3D('Torus Axis2P3D',#5422,#5423,#5424) ;
#5437=AXIS2_PLACEMENT_3D('Plane Axis2P3D',#5434,#5435,#5436) ;
#5451=AXIS2_PLACEMENT_3D('Plane Axis2P3D',#5448,#5449,#5450) ;
#5469=AXIS2_PLACEMENT_3D(' ',#5472,#5476,#5475) ;
#5470=AXIS2_PLACEMENT_3D(' ',#5471,#5474,#5473) ;
#5484=AXIS2_PLACEMENT_3D(' ',#5487,#5491,#5490) ;
#5485=AXIS2_PLACEMENT_3D(' ',#5486,#5489,#5488) ;
#5499=AXIS2_PLACEMENT_3D(' ',#5502,#5506,#5505) ;
#5500=AXIS2_PLACEMENT_3D(' ',#5501,#5504,#5503) ;
#5527=AXIS2_PLACEMENT_3D('Cone Axis2P3D',#5524,#5525,#5526) ;
#5531=AXIS2_PLACEMENT_3D('Circle Axis2P3D',#5529,#5530,$) ;
#5547=AXIS2_PLACEMENT_3D('Circle Axis2P3D',#5545,#5546,$) ;
#5566=AXIS2_PLACEMENT_3D('Circle Axis2P3D',#5564,#5565,$) ;
#5571=AXIS2_PLACEMENT_3D('Circle Axis2P3D',#5569,#5570,$) ;
#5584=AXIS2_PLACEMENT_3D('Cylinder Axis2P3D',#5581,#5582,#5583) ;
#5595=AXIS2_PLACEMENT_3D('Circle Axis2P3D',#5593,#5594,$) ;
#5615=AXIS2_PLACEMENT_3D('Plane Axis2P3D',#5612,#5613,#5614) ;
#5624=AXIS2_PLACEMENT_3D('Circle Axis2P3D',#5622,#5623,$) ;
#5637=AXIS2_PLACEMENT_3D('Cone Axis2P3D',#5634,#5635,#5636) ;
#5648=AXIS2_PLACEMENT_3D('Circle Axis2P3D',#5646,#5647,$) ;
#5667=AXIS2_PLACEMENT_3D('Circle Axis2P3D',#5665,#5666,$) ;
#5680=AXIS2_PLACEMENT_3D('Cylinder Axis2P3D',#5677,#5678,#5679) ;
#5691=AXIS2_PLACEMENT_3D('Circle Axis2P3D',#5689,#5690,$) ;
#5710=AXIS2_PLACEMENT_3D('Circle Axis2P3D',#5708,#5709,$) ;
#5723=AXIS2_PLACEMENT_3D('Plane Axis2P3D',#5720,#5721,#5722) ;
#5727=AXIS2_PLACEMENT_3D('Circle Axis2P3D',#5725,#5726,$) ;
#5736=AXIS2_PLACEMENT_3D('Circle Axis2P3D',#5734,#5735,$) ;
#5743=AXIS2_PLACEMENT_3D('Circle Axis2P3D',#5741,#5742,$) ;
#5789=AXIS2_PLACEMENT_3D('Cylinder Axis2P3D',#5786,#5787,#5788) ;
#5793=AXIS2_PLACEMENT_3D('Circle Axis2P3D',#5791,#5792,$) ;
#5809=AXIS2_PLACEMENT_3D('Circle Axis2P3D',#5807,#5808,$) ;
#5837=AXIS2_PLACEMENT_3D('Torus Axis2P3D',#5834,#5835,#5836) ;
#5841=AXIS2_PLACEMENT_3D('Circle Axis2P3D',#5839,#5840,$) ;
#5850=AXIS2_PLACEMENT_3D('Circle Axis2P3D',#5848,#5849,$) ;
#5857=AXIS2_PLACEMENT_3D('Circle Axis2P3D',#5855,#5856,$) ;
#5864=AXIS2_PLACEMENT_3D('Circle Axis2P3D',#5862,#5863,$) ;
#5877=AXIS2_PLACEMENT_3D('Cylinder Axis2P3D',#5874,#5875,#5876) ;
#5881=AXIS2_PLACEMENT_3D('Circle Axis2P3D',#5879,#5880,$) ;
#5908=AXIS2_PLACEMENT_3D('Torus Axis2P3D',#5905,#5906,#5907) ;
#5912=AXIS2_PLACEMENT_3D('Circle Axis2P3D',#5910,#5911,$) ;
#5921=AXIS2_PLACEMENT_3D('Circle Axis2P3D',#5919,#5920,$) ;
#5926=AXIS2_PLACEMENT_3D('Circle Axis2P3D',#5924,#5925,$) ;
#5939=AXIS2_PLACEMENT_3D('Cylinder Axis2P3D',#5936,#5937,#5938) ;
#5943=AXIS2_PLACEMENT_3D('Circle Axis2P3D',#5941,#5942,$) ;
#5970=AXIS2_PLACEMENT_3D('Torus Axis2P3D',#5967,#5968,#5969) ;
#5974=AXIS2_PLACEMENT_3D('Circle Axis2P3D',#5972,#5973,$) ;
#5979=AXIS2_PLACEMENT_3D('Circle Axis2P3D',#5977,#5978,$) ;
#5992=AXIS2_PLACEMENT_3D('Torus Axis2P3D',#5989,#5990,#5991) ;
#5996=AXIS2_PLACEMENT_3D('Circle Axis2P3D',#5994,#5995,$) ;
#6005=AXIS2_PLACEMENT_3D('Circle Axis2P3D',#6003,#6004,$) ;
#6010=AXIS2_PLACEMENT_3D('Circle Axis2P3D',#6008,#6009,$) ;
#6023=AXIS2_PLACEMENT_3D('Cylinder Axis2P3D',#6020,#6021,#6022) ;
#6027=AXIS2_PLACEMENT_3D('Circle Axis2P3D',#6025,#6026,$) ;
#6054=AXIS2_PLACEMENT_3D('Torus Axis2P3D',#6051,#6052,#6053) ;
#6058=AXIS2_PLACEMENT_3D('Circle Axis2P3D',#6056,#6057,$) ;
#6067=AXIS2_PLACEMENT_3D('Circle Axis2P3D',#6065,#6066,$) ;
#6072=AXIS2_PLACEMENT_3D('Circle Axis2P3D',#6070,#6071,$) ;
#6085=AXIS2_PLACEMENT_3D('Cylinder Axis2P3D',#6082,#6083,#6084) ;
#6089=AXIS2_PLACEMENT_3D('Circle Axis2P3D',#6087,#6088,$) ;
#6116=AXIS2_PLACEMENT_3D('Torus Axis2P3D',#6113,#6114,#6115) ;
#6120=AXIS2_PLACEMENT_3D('Circle Axis2P3D',#6118,#6119,$) ;
#6129=AXIS2_PLACEMENT_3D('Circle Axis2P3D',#6127,#6128,$) ;
#6134=AXIS2_PLACEMENT_3D('Circle Axis2P3D',#6132,#6133,$) ;
#6147=AXIS2_PLACEMENT_3D('Torus Axis2P3D',#6144,#6145,#6146) ;
#6151=AXIS2_PLACEMENT_3D('Circle Axis2P3D',#6149,#6150,$) ;
#6156=AXIS2_PLACEMENT_3D('Circle Axis2P3D',#6154,#6155,$) ;
#6169=AXIS2_PLACEMENT_3D('Cylinder Axis2P3D',#6166,#6167,#6168) ;
#6180=AXIS2_PLACEMENT_3D('Circle Axis2P3D',#6178,#6179,$) ;
#6200=AXIS2_PLACEMENT_3D('Plane Axis2P3D',#6197,#6198,#6199) ;
#6231=AXIS2_PLACEMENT_3D('Plane Axis2P3D',#6228,#6229,#6230) ;
#6262=AXIS2_PLACEMENT_3D('Cylinder Axis2P3D',#6259,#6260,#6261) ;
#6273=AXIS2_PLACEMENT_3D('Circle Axis2P3D',#6271,#6272,$) ;
#6286=AXIS2_PLACEMENT_3D('Plane Axis2P3D',#6283,#6284,#6285) ;
#6329=AXIS2_PLACEMENT_3D('Cylinder Axis2P3D',#6326,#6327,#6328) ;
#6340=AXIS2_PLACEMENT_3D('Circle Axis2P3D',#6338,#6339,$) ;
#6353=AXIS2_PLACEMENT_3D('Plane Axis2P3D',#6350,#6351,#6352) ;
#6377=AXIS2_PLACEMENT_3D('Cylinder Axis2P3D',#6374,#6375,#6376) ;
#6381=AXIS2_PLACEMENT_3D('Circle Axis2P3D',#6379,#6380,$) ;
#6394=AXIS2_PLACEMENT_3D('Cylinder Axis2P3D',#6391,#6392,#6393) ;
#6398=AXIS2_PLACEMENT_3D('Circle Axis2P3D',#6396,#6397,$) ;
#6418=AXIS2_PLACEMENT_3D('Plane Axis2P3D',#6415,#6416,#6417) ;
#6442=AXIS2_PLACEMENT_3D('Cylinder Axis2P3D',#6439,#6440,#6441) ;
#6446=AXIS2_PLACEMENT_3D('Circle Axis2P3D',#6444,#6445,$) ;
#6461=AXIS2_PLACEMENT_3D('Circle Axis2P3D',#6459,#6460,$) ;
#6476=AXIS2_PLACEMENT_3D('Cylinder Axis2P3D',#6473,#6474,#6475) ;
#6480=AXIS2_PLACEMENT_3D('Circle Axis2P3D',#6478,#6479,$) ;
#6495=AXIS2_PLACEMENT_3D('Circle Axis2P3D',#6493,#6494,$) ;
#6510=AXIS2_PLACEMENT_3D('Plane Axis2P3D',#6507,#6508,#6509) ;
#6530=AXIS2_PLACEMENT_3D('Torus Axis2P3D',#6527,#6528,#6529) ;
#6534=AXIS2_PLACEMENT_3D('Circle Axis2P3D',#6532,#6533,$) ;
#6543=AXIS2_PLACEMENT_3D('Circle Axis2P3D',#6541,#6542,$) ;
#6570=AXIS2_PLACEMENT_3D('Torus Axis2P3D',#6567,#6568,#6569) ;
#6574=AXIS2_PLACEMENT_3D('Circle Axis2P3D',#6572,#6573,$) ;
#6581=AXIS2_PLACEMENT_3D('Circle Axis2P3D',#6579,#6580,$) ;
#6698=AXIS2_PLACEMENT_3D('Torus Axis2P3D',#6695,#6696,#6697) ;
#6702=AXIS2_PLACEMENT_3D('Circle Axis2P3D',#6700,#6701,$) ;
#6726=AXIS2_PLACEMENT_3D('Torus Axis2P3D',#6723,#6724,#6725) ;
#6730=AXIS2_PLACEMENT_3D('Circle Axis2P3D',#6728,#6729,$) ;
#6826=AXIS2_PLACEMENT_3D('Torus Axis2P3D',#6823,#6824,#6825) ;
#6838=AXIS2_PLACEMENT_3D('Cylinder Axis2P3D',#6835,#6836,#6837) ;
#6842=AXIS2_PLACEMENT_3D('Circle Axis2P3D',#6840,#6841,$) ;
#6862=AXIS2_PLACEMENT_3D('Torus Axis2P3D',#6859,#6860,#6861) ;
#6866=AXIS2_PLACEMENT_3D('Circle Axis2P3D',#6864,#6865,$) ;
#6873=AXIS2_PLACEMENT_3D('Circle Axis2P3D',#6871,#6872,$) ;
#6886=AXIS2_PLACEMENT_3D('Cylinder Axis2P3D',#6883,#6884,#6885) ;
#6890=AXIS2_PLACEMENT_3D('Circle Axis2P3D',#6888,#6889,$) ;
#6910=AXIS2_PLACEMENT_3D('Torus Axis2P3D',#6907,#6908,#6909) ;
#6914=AXIS2_PLACEMENT_3D('Circle Axis2P3D',#6912,#6913,$) ;
#6921=AXIS2_PLACEMENT_3D('Circle Axis2P3D',#6919,#6920,$) ;
#6934=AXIS2_PLACEMENT_3D('Cylinder Axis2P3D',#6931,#6932,#6933) ;
#6938=AXIS2_PLACEMENT_3D('Circle Axis2P3D',#6936,#6937,$) ;
#6958=AXIS2_PLACEMENT_3D('Cylinder Axis2P3D',#6955,#6956,#6957) ;
#6962=AXIS2_PLACEMENT_3D('Circle Axis2P3D',#6960,#6961,$) ;
#6982=AXIS2_PLACEMENT_3D('Torus Axis2P3D',#6979,#6980,#6981) ;
#6986=AXIS2_PLACEMENT_3D('Circle Axis2P3D',#6984,#6985,$) ;
#6993=AXIS2_PLACEMENT_3D('Circle Axis2P3D',#6991,#6992,$) ;
#7006=AXIS2_PLACEMENT_3D('Cylinder Axis2P3D',#7003,#7004,#7005) ;
#7010=AXIS2_PLACEMENT_3D('Circle Axis2P3D',#7008,#7009,$) ;
#7030=AXIS2_PLACEMENT_3D('Torus Axis2P3D',#7027,#7028,#7029) ;
#7034=AXIS2_PLACEMENT_3D('Circle Axis2P3D',#7032,#7033,$) ;
#7041=AXIS2_PLACEMENT_3D('Circle Axis2P3D',#7039,#7040,$) ;
#7054=AXIS2_PLACEMENT_3D('Cylinder Axis2P3D',#7051,#7052,#7053) ;
#7071=AXIS2_PLACEMENT_3D('Plane Axis2P3D',#7068,#7069,#7070) ;
#7097=AXIS2_PLACEMENT_3D('Circle Axis2P3D',#7095,#7096,$) ;
#7113=AXIS2_PLACEMENT_3D('Circle Axis2P3D',#7111,#7112,$) ;
#7133=AXIS2_PLACEMENT_3D('Plane Axis2P3D',#7130,#7131,#7132) ;
#7145=AXIS2_PLACEMENT_3D('Cylinder Axis2P3D',#7142,#7143,#7144) ;
#7163=AXIS2_PLACEMENT_3D('Circle Axis2P3D',#7161,#7162,$) ;
#7176=AXIS2_PLACEMENT_3D('Plane Axis2P3D',#7173,#7174,#7175) ;
#7180=AXIS2_PLACEMENT_3D('Circle Axis2P3D',#7178,#7179,$) ;
#7207=AXIS2_PLACEMENT_3D('Plane Axis2P3D',#7204,#7205,#7206) ;
#7224=AXIS2_PLACEMENT_3D('Plane Axis2P3D',#7221,#7222,#7223) ;
#7241=AXIS2_PLACEMENT_3D('Cylinder Axis2P3D',#7238,#7239,#7240) ;
#7257=AXIS2_PLACEMENT_3D(' ',#7260,#7264,#7263) ;
#7258=AXIS2_PLACEMENT_3D(' ',#7259,#7262,#7261) ;
#7272=AXIS2_PLACEMENT_3D(' ',#7275,#7279,#7278) ;
#7273=AXIS2_PLACEMENT_3D(' ',#7274,#7277,#7276) ;
#7287=AXIS2_PLACEMENT_3D(' ',#7290,#7294,#7293) ;
#7288=AXIS2_PLACEMENT_3D(' ',#7289,#7292,#7291) ;
#7315=AXIS2_PLACEMENT_3D('Cylinder Axis2P3D',#7312,#7313,#7314) ;
#7319=AXIS2_PLACEMENT_3D('Circle Axis2P3D',#7317,#7318,$) ;
#7335=AXIS2_PLACEMENT_3D('Circle Axis2P3D',#7333,#7334,$) ;
#7354=AXIS2_PLACEMENT_3D('Circle Axis2P3D',#7352,#7353,$) ;
#7359=AXIS2_PLACEMENT_3D('Circle Axis2P3D',#7357,#7358,$) ;
#7372=AXIS2_PLACEMENT_3D('Cylinder Axis2P3D',#7369,#7370,#7371) ;
#7376=AXIS2_PLACEMENT_3D('Circle Axis2P3D',#7374,#7375,$) ;
#7392=AXIS2_PLACEMENT_3D('Circle Axis2P3D',#7390,#7391,$) ;
#7411=AXIS2_PLACEMENT_3D('Circle Axis2P3D',#7409,#7410,$) ;
#7416=AXIS2_PLACEMENT_3D('Circle Axis2P3D',#7414,#7415,$) ;
#7429=AXIS2_PLACEMENT_3D('Plane Axis2P3D',#7426,#7427,#7428) ;
#7443=AXIS2_PLACEMENT_3D('Plane Axis2P3D',#7440,#7441,#7442) ;
#7461=AXIS2_PLACEMENT_3D(' ',#7464,#7468,#7467) ;
#7462=AXIS2_PLACEMENT_3D(' ',#7463,#7466,#7465) ;
#7476=AXIS2_PLACEMENT_3D(' ',#7479,#7483,#7482) ;
#7477=AXIS2_PLACEMENT_3D(' ',#7478,#7481,#7480) ;
#7491=AXIS2_PLACEMENT_3D(' ',#7494,#7498,#7497) ;
#7492=AXIS2_PLACEMENT_3D(' ',#7493,#7496,#7495) ;
#7519=AXIS2_PLACEMENT_3D('Cylinder Axis2P3D',#7516,#7517,#7518) ;
#7523=AXIS2_PLACEMENT_3D('Circle Axis2P3D',#7521,#7522,$) ;
#7539=AXIS2_PLACEMENT_3D('Circle Axis2P3D',#7537,#7538,$) ;
#7558=AXIS2_PLACEMENT_3D('Circle Axis2P3D',#7556,#7557,$) ;
#7563=AXIS2_PLACEMENT_3D('Circle Axis2P3D',#7561,#7562,$) ;
#7576=AXIS2_PLACEMENT_3D('Plane Axis2P3D',#7573,#7574,#7575) ;
#7586=AXIS2_PLACEMENT_3D('Plane Axis2P3D',#7583,#7584,#7585) ;
#7590=AXIS2_PLACEMENT_3D('Circle Axis2P3D',#7588,#7589,$) ;
#7599=AXIS2_PLACEMENT_3D('Circle Axis2P3D',#7597,#7598,$) ;
#7610=AXIS2_PLACEMENT_3D('Torus Axis2P3D',#7607,#7608,#7609) ;
#7614=AXIS2_PLACEMENT_3D('Circle Axis2P3D',#7612,#7613,$) ;
#7621=AXIS2_PLACEMENT_3D('Circle Axis2P3D',#7619,#7620,$) ;
#7628=AXIS2_PLACEMENT_3D('Circle Axis2P3D',#7626,#7627,$) ;
#7641=AXIS2_PLACEMENT_3D('Torus Axis2P3D',#7638,#7639,#7640) ;
#7645=AXIS2_PLACEMENT_3D('Circle Axis2P3D',#7643,#7644,$) ;
#7658=AXIS2_PLACEMENT_3D('Torus Axis2P3D',#7655,#7656,#7657) ;
#7662=AXIS2_PLACEMENT_3D('Circle Axis2P3D',#7660,#7661,$) ;
#7671=AXIS2_PLACEMENT_3D('Circle Axis2P3D',#7669,#7670,$) ;
#7678=AXIS2_PLACEMENT_3D('Circle Axis2P3D',#7676,#7677,$) ;
#7685=AXIS2_PLACEMENT_3D('Circle Axis2P3D',#7683,#7684,$) ;
#7697=AXIS2_PLACEMENT_3D('Circle Axis2P3D',#7695,#7696,$) ;
#7702=AXIS2_PLACEMENT_3D('Circle Axis2P3D',#7700,#7701,$) ;
#7715=AXIS2_PLACEMENT_3D('Cone Axis2P3D',#7712,#7713,#7714) ;
#7733=AXIS2_PLACEMENT_3D('Circle Axis2P3D',#7731,#7732,$) ;
#7745=AXIS2_PLACEMENT_3D('Circle Axis2P3D',#7743,#7744,$) ;
#7758=AXIS2_PLACEMENT_3D('Torus Axis2P3D',#7755,#7756,#7757) ;
#7762=AXIS2_PLACEMENT_3D('Circle Axis2P3D',#7760,#7761,$) ;
#7767=AXIS2_PLACEMENT_3D('Circle Axis2P3D',#7765,#7766,$) ;
#7780=AXIS2_PLACEMENT_3D('Torus Axis2P3D',#7777,#7778,#7779) ;
#7792=AXIS2_PLACEMENT_3D('Cylinder Axis2P3D',#7789,#7790,#7791) ;
#7810=AXIS2_PLACEMENT_3D('Circle Axis2P3D',#7808,#7809,$) ;
#7822=AXIS2_PLACEMENT_3D('Circle Axis2P3D',#7820,#7821,$) ;
#7835=AXIS2_PLACEMENT_3D('Plane Axis2P3D',#7832,#7833,#7834) ;
#7839=AXIS2_PLACEMENT_3D('Circle Axis2P3D',#7837,#7838,$) ;
#7848=AXIS2_PLACEMENT_3D('Circle Axis2P3D',#7846,#7847,$) ;
#7863=AXIS2_PLACEMENT_3D('Torus Axis2P3D',#7860,#7861,#7862) ;
#7867=AXIS2_PLACEMENT_3D('Circle Axis2P3D',#7865,#7866,$) ;
#7872=AXIS2_PLACEMENT_3D('Circle Axis2P3D',#7870,#7871,$) ;
#7885=AXIS2_PLACEMENT_3D('Torus Axis2P3D',#7882,#7883,#7884) ;
#7901=AXIS2_PLACEMENT_3D(' ',#7904,#7908,#7907) ;
#7902=AXIS2_PLACEMENT_3D(' ',#7903,#7906,#7905) ;
#7916=AXIS2_PLACEMENT_3D(' ',#7919,#7923,#7922) ;
#7917=AXIS2_PLACEMENT_3D(' ',#7918,#7921,#7920) ;
#7931=AXIS2_PLACEMENT_3D(' ',#7934,#7938,#7937) ;
#7932=AXIS2_PLACEMENT_3D(' ',#7933,#7936,#7935) ;
#7959=AXIS2_PLACEMENT_3D('Cone Axis2P3D',#7956,#7957,#7958) ;
#7963=AXIS2_PLACEMENT_3D('Circle Axis2P3D',#7961,#7962,$) ;
#7979=AXIS2_PLACEMENT_3D('Circle Axis2P3D',#7977,#7978,$) ;
#8006=AXIS2_PLACEMENT_3D('Circle Axis2P3D',#8004,#8005,$) ;
#8011=AXIS2_PLACEMENT_3D('Circle Axis2P3D',#8009,#8010,$) ;
#8031=AXIS2_PLACEMENT_3D('Cylinder Axis2P3D',#8028,#8029,#8030) ;
#8042=AXIS2_PLACEMENT_3D('Circle Axis2P3D',#8040,#8041,$) ;
#8069=AXIS2_PLACEMENT_3D('Plane Axis2P3D',#8066,#8067,#8068) ;
#8085=AXIS2_PLACEMENT_3D('Circle Axis2P3D',#8083,#8084,$) ;
#8105=AXIS2_PLACEMENT_3D('Cone Axis2P3D',#8102,#8103,#8104) ;
#8116=AXIS2_PLACEMENT_3D('Circle Axis2P3D',#8114,#8115,$) ;
#8142=AXIS2_PLACEMENT_3D('Circle Axis2P3D',#8140,#8141,$) ;
#8162=AXIS2_PLACEMENT_3D('Cylinder Axis2P3D',#8159,#8160,#8161) ;
#8173=AXIS2_PLACEMENT_3D('Circle Axis2P3D',#8171,#8172,$) ;
#8199=AXIS2_PLACEMENT_3D('Circle Axis2P3D',#8197,#8198,$) ;
#8219=AXIS2_PLACEMENT_3D('Plane Axis2P3D',#8216,#8217,#8218) ;
#8223=AXIS2_PLACEMENT_3D('Circle Axis2P3D',#8221,#8222,$) ;
#8232=AXIS2_PLACEMENT_3D('Circle Axis2P3D',#8230,#8231,$) ;
#8254=AXIS2_PLACEMENT_3D('Cylinder Axis2P3D',#8251,#8252,#8253) ;
#8265=AXIS2_PLACEMENT_3D('Circle Axis2P3D',#8263,#8264,$) ;
#8291=AXIS2_PLACEMENT_3D('Circle Axis2P3D',#8289,#8290,$) ;
#8311=AXIS2_PLACEMENT_3D('Cone Axis2P3D',#8308,#8309,#8310) ;
#8315=AXIS2_PLACEMENT_3D('Circle Axis2P3D',#8313,#8314,$) ;
#8331=AXIS2_PLACEMENT_3D('Circle Axis2P3D',#8329,#8330,$) ;
#8357=AXIS2_PLACEMENT_3D('Circle Axis2P3D',#8355,#8356,$) ;
#8362=AXIS2_PLACEMENT_3D('Circle Axis2P3D',#8360,#8361,$) ;
#8382=AXIS2_PLACEMENT_3D('Plane Axis2P3D',#8379,#8380,#8381) ;
#8412=AXIS2_PLACEMENT_3D('Circle Axis2P3D',#8410,#8411,$) ;
#8431=AXIS2_PLACEMENT_3D('Circle Axis2P3D',#8429,#8430,$) ;
#8451=AXIS2_PLACEMENT_3D('Cylinder Axis2P3D',#8448,#8449,#8450) ;
#8455=AXIS2_PLACEMENT_3D('Circle Axis2P3D',#8453,#8454,$) ;
#8471=AXIS2_PLACEMENT_3D('Circle Axis2P3D',#8469,#8470,$) ;
#8490=AXIS2_PLACEMENT_3D('Circle Axis2P3D',#8488,#8489,$) ;
#8495=AXIS2_PLACEMENT_3D('Circle Axis2P3D',#8493,#8494,$) ;
#8508=AXIS2_PLACEMENT_3D('Plane Axis2P3D',#8505,#8506,#8507) ;
#8512=AXIS2_PLACEMENT_3D('Circle Axis2P3D',#8510,#8511,$) ;
#8521=AXIS2_PLACEMENT_3D('Circle Axis2P3D',#8519,#8520,$) ;
#8528=AXIS2_PLACEMENT_3D('Circle Axis2P3D',#8526,#8527,$) ;
#8535=AXIS2_PLACEMENT_3D('Circle Axis2P3D',#8533,#8534,$) ;
#8542=AXIS2_PLACEMENT_3D('Circle Axis2P3D',#8540,#8541,$) ;
#8549=AXIS2_PLACEMENT_3D('Circle Axis2P3D',#8547,#8548,$) ;
#8556=AXIS2_PLACEMENT_3D('Circle Axis2P3D',#8554,#8555,$) ;
#8563=AXIS2_PLACEMENT_3D('Circle Axis2P3D',#8561,#8562,$) ;
#8570=AXIS2_PLACEMENT_3D('Circle Axis2P3D',#8568,#8569,$) ;
#8577=AXIS2_PLACEMENT_3D('Circle Axis2P3D',#8575,#8576,$) ;
#8584=AXIS2_PLACEMENT_3D('Circle Axis2P3D',#8582,#8583,$) ;
#8591=AXIS2_PLACEMENT_3D('Circle Axis2P3D',#8589,#8590,$) ;
#8598=AXIS2_PLACEMENT_3D('Circle Axis2P3D',#8596,#8597,$) ;
#8605=AXIS2_PLACEMENT_3D('Circle Axis2P3D',#8603,#8604,$) ;
#8612=AXIS2_PLACEMENT_3D('Circle Axis2P3D',#8610,#8611,$) ;
#8619=AXIS2_PLACEMENT_3D('Circle Axis2P3D',#8617,#8618,$) ;
#8626=AXIS2_PLACEMENT_3D('Circle Axis2P3D',#8624,#8625,$) ;
#8633=AXIS2_PLACEMENT_3D('Circle Axis2P3D',#8631,#8632,$) ;
#8640=AXIS2_PLACEMENT_3D('Circle Axis2P3D',#8638,#8639,$) ;
#8647=AXIS2_PLACEMENT_3D('Circle Axis2P3D',#8645,#8646,$) ;
#8654=AXIS2_PLACEMENT_3D('Circle Axis2P3D',#8652,#8653,$) ;
#8688=AXIS2_PLACEMENT_3D('Plane Axis2P3D',#8685,#8686,#8687) ;
#8702=AXIS2_PLACEMENT_3D('Cylinder Axis2P3D',#8699,#8700,#8701) ;
#8720=AXIS2_PLACEMENT_3D('Circle Axis2P3D',#8718,#8719,$) ;
#8733=AXIS2_PLACEMENT_3D('Cylinder Axis2P3D',#8730,#8731,#8732) ;
#8744=AXIS2_PLACEMENT_3D('Circle Axis2P3D',#8742,#8743,$) ;
#8757=AXIS2_PLACEMENT_3D('Cylinder Axis2P3D',#8754,#8755,#8756) ;
#8761=AXIS2_PLACEMENT_3D('Circle Axis2P3D',#8759,#8760,$) ;
#8781=AXIS2_PLACEMENT_3D('Cylinder Axis2P3D',#8778,#8779,#8780) ;
#8792=AXIS2_PLACEMENT_3D('Circle Axis2P3D',#8790,#8791,$) ;
#8811=AXIS2_PLACEMENT_3D('Circle Axis2P3D',#8809,#8810,$) ;
#8824=AXIS2_PLACEMENT_3D('Cylinder Axis2P3D',#8821,#8822,#8823) ;
#8835=AXIS2_PLACEMENT_3D('Circle Axis2P3D',#8833,#8834,$) ;
#8848=AXIS2_PLACEMENT_3D('Cylinder Axis2P3D',#8845,#8846,#8847) ;
#8852=AXIS2_PLACEMENT_3D('Circle Axis2P3D',#8850,#8851,$) ;
#8872=AXIS2_PLACEMENT_3D('Cylinder Axis2P3D',#8869,#8870,#8871) ;
#8883=AXIS2_PLACEMENT_3D('Circle Axis2P3D',#8881,#8882,$) ;
#8902=AXIS2_PLACEMENT_3D('Circle Axis2P3D',#8900,#8901,$) ;
#8921=AXIS2_PLACEMENT_3D('Circle Axis2P3D',#8919,#8920,$) ;
#8934=AXIS2_PLACEMENT_3D('Cylinder Axis2P3D',#8931,#8932,#8933) ;
#8945=AXIS2_PLACEMENT_3D('Circle Axis2P3D',#8943,#8944,$) ;
#8958=AXIS2_PLACEMENT_3D('Cylinder Axis2P3D',#8955,#8956,#8957) ;
#8962=AXIS2_PLACEMENT_3D('Circle Axis2P3D',#8960,#8961,$) ;
#8982=AXIS2_PLACEMENT_3D('Cylinder Axis2P3D',#8979,#8980,#8981) ;
#8993=AXIS2_PLACEMENT_3D('Circle Axis2P3D',#8991,#8992,$) ;
#9012=AXIS2_PLACEMENT_3D('Circle Axis2P3D',#9010,#9011,$) ;
#9025=AXIS2_PLACEMENT_3D('Cylinder Axis2P3D',#9022,#9023,#9024) ;
#9036=AXIS2_PLACEMENT_3D('Circle Axis2P3D',#9034,#9035,$) ;
#9049=AXIS2_PLACEMENT_3D('Cylinder Axis2P3D',#9046,#9047,#9048) ;
#9053=AXIS2_PLACEMENT_3D('Circle Axis2P3D',#9051,#9052,$) ;
#9073=AXIS2_PLACEMENT_3D('Cylinder Axis2P3D',#9070,#9071,#9072) ;
#9084=AXIS2_PLACEMENT_3D('Circle Axis2P3D',#9082,#9083,$) ;
#9103=AXIS2_PLACEMENT_3D('Circle Axis2P3D',#9101,#9102,$) ;
#9116=AXIS2_PLACEMENT_3D('Cylinder Axis2P3D',#9113,#9114,#9115) ;
#9127=AXIS2_PLACEMENT_3D('Circle Axis2P3D',#9125,#9126,$) ;
#9140=AXIS2_PLACEMENT_3D('Cylinder Axis2P3D',#9137,#9138,#9139) ;
#9144=AXIS2_PLACEMENT_3D('Circle Axis2P3D',#9142,#9143,$) ;
#9164=AXIS2_PLACEMENT_3D('Cylinder Axis2P3D',#9161,#9162,#9163) ;
#9168=AXIS2_PLACEMENT_3D('Circle Axis2P3D',#9166,#9167,$) ;
#9181=AXIS2_PLACEMENT_3D('Torus Axis2P3D',#9178,#9179,#9180) ;
#9195=AXIS2_PLACEMENT_3D('Circle Axis2P3D',#9193,#9194,$) ;
#9281=AXIS2_PLACEMENT_3D('Torus Axis2P3D',#9278,#9279,#9280) ;
#9285=AXIS2_PLACEMENT_3D('Circle Axis2P3D',#9283,#9284,$) ;
#9371=AXIS2_PLACEMENT_3D('Torus Axis2P3D',#9368,#9369,#9370) ;
#9375=AXIS2_PLACEMENT_3D('Circle Axis2P3D',#9373,#9374,$) ;
#9461=AXIS2_PLACEMENT_3D('Torus Axis2P3D',#9458,#9459,#9460) ;
#9465=AXIS2_PLACEMENT_3D('Circle Axis2P3D',#9463,#9464,$) ;
#9551=AXIS2_PLACEMENT_3D('Torus Axis2P3D',#9548,#9549,#9550) ;
#9555=AXIS2_PLACEMENT_3D('Circle Axis2P3D',#9553,#9554,$) ;
#9562=AXIS2_PLACEMENT_3D('Circle Axis2P3D',#9560,#9561,$) ;
#9650=AXIS2_PLACEMENT_3D('Torus Axis2P3D',#9647,#9648,#9649) ;
#9654=AXIS2_PLACEMENT_3D('Circle Axis2P3D',#9652,#9653,$) ;
#9740=AXIS2_PLACEMENT_3D('Torus Axis2P3D',#9737,#9738,#9739) ;
#9744=AXIS2_PLACEMENT_3D('Circle Axis2P3D',#9742,#9743,$) ;
#9830=AXIS2_PLACEMENT_3D('Torus Axis2P3D',#9827,#9828,#9829) ;
#9834=AXIS2_PLACEMENT_3D('Circle Axis2P3D',#9832,#9833,$) ;
#9920=AXIS2_PLACEMENT_3D('Torus Axis2P3D',#9917,#9918,#9919) ;
#9924=AXIS2_PLACEMENT_3D('Circle Axis2P3D',#9922,#9923,$) ;
#10010=AXIS2_PLACEMENT_3D('Torus Axis2P3D',#10007,#10008,#10009) ;
#10014=AXIS2_PLACEMENT_3D('Circle Axis2P3D',#10012,#10013,$) ;
#10078=AXIS2_PLACEMENT_3D('Plane Axis2P3D',#10075,#10076,#10077) ;
#10105=AXIS2_PLACEMENT_3D(' ',#10108,#10112,#10111) ;
#10106=AXIS2_PLACEMENT_3D(' ',#10107,#10110,#10109) ;
#10134=AXIS2_PLACEMENT_3D('Cylinder Axis2P3D',#10131,#10132,#10133) ;
#10138=AXIS2_PLACEMENT_3D('Circle Axis2P3D',#10136,#10137,$) ;
#10154=AXIS2_PLACEMENT_3D('Circle Axis2P3D',#10152,#10153,$) ;
#10173=AXIS2_PLACEMENT_3D('Circle Axis2P3D',#10171,#10172,$) ;
#10178=AXIS2_PLACEMENT_3D('Circle Axis2P3D',#10176,#10177,$) ;
#10191=AXIS2_PLACEMENT_3D('Cylinder Axis2P3D',#10188,#10189,#10190) ;
#10195=AXIS2_PLACEMENT_3D('Circle Axis2P3D',#10193,#10194,$) ;
#10211=AXIS2_PLACEMENT_3D('Circle Axis2P3D',#10209,#10210,$) ;
#10230=AXIS2_PLACEMENT_3D('Circle Axis2P3D',#10228,#10229,$) ;
#10235=AXIS2_PLACEMENT_3D('Circle Axis2P3D',#10233,#10234,$) ;
#10248=AXIS2_PLACEMENT_3D('Plane Axis2P3D',#10245,#10246,#10247) ;
#10262=AXIS2_PLACEMENT_3D('Plane Axis2P3D',#10259,#10260,#10261) ;
#10280=AXIS2_PLACEMENT_3D(' ',#10283,#10287,#10286) ;
#10281=AXIS2_PLACEMENT_3D(' ',#10282,#10285,#10284) ;
#10308=AXIS2_PLACEMENT_3D('Cylinder Axis2P3D',#10305,#10306,#10307) ;
#10312=AXIS2_PLACEMENT_3D('Circle Axis2P3D',#10310,#10311,$) ;
#10328=AXIS2_PLACEMENT_3D('Circle Axis2P3D',#10326,#10327,$) ;
#10347=AXIS2_PLACEMENT_3D('Circle Axis2P3D',#10345,#10346,$) ;
#10352=AXIS2_PLACEMENT_3D('Circle Axis2P3D',#10350,#10351,$) ;
#10365=AXIS2_PLACEMENT_3D('Plane Axis2P3D',#10362,#10363,#10364) ;
#10369=AXIS2_PLACEMENT_3D('Circle Axis2P3D',#10367,#10368,$) ;
#10378=AXIS2_PLACEMENT_3D('Circle Axis2P3D',#10376,#10377,$) ;
#10393=AXIS2_PLACEMENT_3D('Cylinder Axis2P3D',#10390,#10391,#10392) ;
#10404=AXIS2_PLACEMENT_3D('Circle Axis2P3D',#10402,#10403,$) ;
#10423=AXIS2_PLACEMENT_3D('Circle Axis2P3D',#10421,#10422,$) ;
#10436=AXIS2_PLACEMENT_3D('Plane Axis2P3D',#10433,#10434,#10435) ;
#10440=AXIS2_PLACEMENT_3D('Circle Axis2P3D',#10438,#10439,$) ;
#10449=AXIS2_PLACEMENT_3D('Circle Axis2P3D',#10447,#10448,$) ;
#10456=AXIS2_PLACEMENT_3D('Circle Axis2P3D',#10454,#10455,$) ;
#10463=AXIS2_PLACEMENT_3D('Circle Axis2P3D',#10461,#10462,$) ;
#10470=AXIS2_PLACEMENT_3D('Circle Axis2P3D',#10468,#10469,$) ;
#10477=AXIS2_PLACEMENT_3D('Circle Axis2P3D',#10475,#10476,$) ;
#10484=AXIS2_PLACEMENT_3D('Circle Axis2P3D',#10482,#10483,$) ;
#10491=AXIS2_PLACEMENT_3D('Circle Axis2P3D',#10489,#10490,$) ;
#10498=AXIS2_PLACEMENT_3D('Circle Axis2P3D',#10496,#10497,$) ;
#10505=AXIS2_PLACEMENT_3D('Circle Axis2P3D',#10503,#10504,$) ;
#10512=AXIS2_PLACEMENT_3D('Circle Axis2P3D',#10510,#10511,$) ;
#10519=AXIS2_PLACEMENT_3D('Circle Axis2P3D',#10517,#10518,$) ;
#10526=AXIS2_PLACEMENT_3D('Circle Axis2P3D',#10524,#10525,$) ;
#10533=AXIS2_PLACEMENT_3D('Circle Axis2P3D',#10531,#10532,$) ;
#10540=AXIS2_PLACEMENT_3D('Circle Axis2P3D',#10538,#10539,$) ;
#10547=AXIS2_PLACEMENT_3D('Circle Axis2P3D',#10545,#10546,$) ;
#10554=AXIS2_PLACEMENT_3D('Circle Axis2P3D',#10552,#10553,$) ;
#10561=AXIS2_PLACEMENT_3D('Circle Axis2P3D',#10559,#10560,$) ;
#10568=AXIS2_PLACEMENT_3D('Circle Axis2P3D',#10566,#10567,$) ;
#10575=AXIS2_PLACEMENT_3D('Circle Axis2P3D',#10573,#10574,$) ;
#10582=AXIS2_PLACEMENT_3D('Circle Axis2P3D',#10580,#10581,$) ;
#10616=AXIS2_PLACEMENT_3D('Cylinder Axis2P3D',#10613,#10614,#10615) ;
#10634=AXIS2_PLACEMENT_3D('Circle Axis2P3D',#10632,#10633,$) ;
#10647=AXIS2_PLACEMENT_3D('Cylinder Axis2P3D',#10644,#10645,#10646) ;
#10651=AXIS2_PLACEMENT_3D('Circle Axis2P3D',#10649,#10650,$) ;
#10671=AXIS2_PLACEMENT_3D('Cylinder Axis2P3D',#10668,#10669,#10670) ;
#10682=AXIS2_PLACEMENT_3D('Circle Axis2P3D',#10680,#10681,$) ;
#10695=AXIS2_PLACEMENT_3D('Cylinder Axis2P3D',#10692,#10693,#10694) ;
#10706=AXIS2_PLACEMENT_3D('Circle Axis2P3D',#10704,#10705,$) ;
#10719=AXIS2_PLACEMENT_3D('Cylinder Axis2P3D',#10716,#10717,#10718) ;
#10730=AXIS2_PLACEMENT_3D('Circle Axis2P3D',#10728,#10729,$) ;
#10756=AXIS2_PLACEMENT_3D('Circle Axis2P3D',#10754,#10755,$) ;
#10769=AXIS2_PLACEMENT_3D('Cylinder Axis2P3D',#10766,#10767,#10768) ;
#10773=AXIS2_PLACEMENT_3D('Circle Axis2P3D',#10771,#10772,$) ;
#10793=AXIS2_PLACEMENT_3D('Cylinder Axis2P3D',#10790,#10791,#10792) ;
#10797=AXIS2_PLACEMENT_3D('Circle Axis2P3D',#10795,#10796,$) ;
#10816=AXIS2_PLACEMENT_3D('Circle Axis2P3D',#10814,#10815,$) ;
#10829=AXIS2_PLACEMENT_3D('Cylinder Axis2P3D',#10826,#10827,#10828) ;
#10840=AXIS2_PLACEMENT_3D('Circle Axis2P3D',#10838,#10839,$) ;
#10853=AXIS2_PLACEMENT_3D('Cylinder Axis2P3D',#10850,#10851,#10852) ;
#10857=AXIS2_PLACEMENT_3D('Circle Axis2P3D',#10855,#10856,$) ;
#10877=AXIS2_PLACEMENT_3D('Cylinder Axis2P3D',#10874,#10875,#10876) ;
#10888=AXIS2_PLACEMENT_3D('Circle Axis2P3D',#10886,#10887,$) ;
#10907=AXIS2_PLACEMENT_3D('Circle Axis2P3D',#10905,#10906,$) ;
#10920=AXIS2_PLACEMENT_3D('Cylinder Axis2P3D',#10917,#10918,#10919) ;
#10931=AXIS2_PLACEMENT_3D('Circle Axis2P3D',#10929,#10930,$) ;
#10944=AXIS2_PLACEMENT_3D('Cylinder Axis2P3D',#10941,#10942,#10943) ;
#10948=AXIS2_PLACEMENT_3D('Circle Axis2P3D',#10946,#10947,$) ;
#10968=AXIS2_PLACEMENT_3D('Cylinder Axis2P3D',#10965,#10966,#10967) ;
#10979=AXIS2_PLACEMENT_3D('Circle Axis2P3D',#10977,#10978,$) ;
#10998=AXIS2_PLACEMENT_3D('Circle Axis2P3D',#10996,#10997,$) ;
#11011=AXIS2_PLACEMENT_3D('Cylinder Axis2P3D',#11008,#11009,#11010) ;
#11022=AXIS2_PLACEMENT_3D('Circle Axis2P3D',#11020,#11021,$) ;
#11041=AXIS2_PLACEMENT_3D('Circle Axis2P3D',#11039,#11040,$) ;
#11054=AXIS2_PLACEMENT_3D('Cylinder Axis2P3D',#11051,#11052,#11053) ;
#11058=AXIS2_PLACEMENT_3D('Circle Axis2P3D',#11056,#11057,$) ;
#11078=AXIS2_PLACEMENT_3D('Plane Axis2P3D',#11075,#11076,#11077) ;
#11082=AXIS2_PLACEMENT_3D('Circle Axis2P3D',#11080,#11081,$) ;
#11091=AXIS2_PLACEMENT_3D('Circle Axis2P3D',#11089,#11090,$) ;
#11098=AXIS2_PLACEMENT_3D('Circle Axis2P3D',#11096,#11097,$) ;
#11105=AXIS2_PLACEMENT_3D('Circle Axis2P3D',#11103,#11104,$) ;
#11112=AXIS2_PLACEMENT_3D('Circle Axis2P3D',#11110,#11111,$) ;
#11119=AXIS2_PLACEMENT_3D('Circle Axis2P3D',#11117,#11118,$) ;
#11126=AXIS2_PLACEMENT_3D('Circle Axis2P3D',#11124,#11125,$) ;
#11133=AXIS2_PLACEMENT_3D('Circle Axis2P3D',#11131,#11132,$) ;
#11140=AXIS2_PLACEMENT_3D('Circle Axis2P3D',#11138,#11139,$) ;
#11147=AXIS2_PLACEMENT_3D('Circle Axis2P3D',#11145,#11146,$) ;
#11154=AXIS2_PLACEMENT_3D('Circle Axis2P3D',#11152,#11153,$) ;
#11178=AXIS2_PLACEMENT_3D('Cylinder Axis2P3D',#11175,#11176,#11177) ;
#11182=AXIS2_PLACEMENT_3D('Circle Axis2P3D',#11180,#11181,$) ;
#11195=AXIS2_PLACEMENT_3D('Torus Axis2P3D',#11192,#11193,#11194) ;
#11223=AXIS2_PLACEMENT_3D('Torus Axis2P3D',#11220,#11221,#11222) ;
#11251=AXIS2_PLACEMENT_3D('Torus Axis2P3D',#11248,#11249,#11250) ;
#11279=AXIS2_PLACEMENT_3D('Torus Axis2P3D',#11276,#11277,#11278) ;
#11307=AXIS2_PLACEMENT_3D('Torus Axis2P3D',#11304,#11305,#11306) ;
#11335=AXIS2_PLACEMENT_3D('Torus Axis2P3D',#11332,#11333,#11334) ;
#11363=AXIS2_PLACEMENT_3D('Torus Axis2P3D',#11360,#11361,#11362) ;
#11391=AXIS2_PLACEMENT_3D('Torus Axis2P3D',#11388,#11389,#11390) ;
#11419=AXIS2_PLACEMENT_3D('Torus Axis2P3D',#11416,#11417,#11418) ;
#11917=AXIS2_PLACEMENT_3D('Torus Axis2P3D',#11914,#11915,#11916) ;
#11935=AXIS2_PLACEMENT_3D(' ',#11938,#11942,#11941) ;
#11936=AXIS2_PLACEMENT_3D(' ',#11937,#11940,#11939) ;
#11963=AXIS2_PLACEMENT_3D('Plane Axis2P3D',#11960,#11961,#11962) ;
#12011=AXIS2_PLACEMENT_3D('Plane Axis2P3D',#12008,#12009,#12010) ;
#12024=AXIS2_PLACEMENT_3D('Circle Axis2P3D',#12022,#12023,$) ;
#12045=AXIS2_PLACEMENT_3D('Circle Axis2P3D',#12043,#12044,$) ;
#12059=AXIS2_PLACEMENT_3D('Circle Axis2P3D',#12057,#12058,$) ;
#12073=AXIS2_PLACEMENT_3D('Circle Axis2P3D',#12071,#12072,$) ;
#12094=AXIS2_PLACEMENT_3D('Circle Axis2P3D',#12092,#12093,$) ;
#12108=AXIS2_PLACEMENT_3D('Circle Axis2P3D',#12106,#12107,$) ;
#12122=AXIS2_PLACEMENT_3D('Circle Axis2P3D',#12120,#12121,$) ;
#12136=AXIS2_PLACEMENT_3D('Circle Axis2P3D',#12134,#12135,$) ;
#12150=AXIS2_PLACEMENT_3D('Circle Axis2P3D',#12148,#12149,$) ;
#12171=AXIS2_PLACEMENT_3D('Circle Axis2P3D',#12169,#12170,$) ;
#12185=AXIS2_PLACEMENT_3D('Circle Axis2P3D',#12183,#12184,$) ;
#12217=AXIS2_PLACEMENT_3D('Circle Axis2P3D',#12215,#12216,$) ;
#12226=AXIS2_PLACEMENT_3D('Circle Axis2P3D',#12224,#12225,$) ;
#12250=AXIS2_PLACEMENT_3D('Circle Axis2P3D',#12248,#12249,$) ;
#12257=AXIS2_PLACEMENT_3D('Circle Axis2P3D',#12255,#12256,$) ;
#12297=AXIS2_PLACEMENT_3D('Circle Axis2P3D',#12295,#12296,$) ;
#12357=AXIS2_PLACEMENT_3D('Circle Axis2P3D',#12355,#12356,$) ;
#12366=AXIS2_PLACEMENT_3D('Circle Axis2P3D',#12364,#12365,$) ;
#12375=AXIS2_PLACEMENT_3D('Circle Axis2P3D',#12373,#12374,$) ;
#12384=AXIS2_PLACEMENT_3D('Circle Axis2P3D',#12382,#12383,$) ;
#12393=AXIS2_PLACEMENT_3D('Circle Axis2P3D',#12391,#12392,$) ;
#12402=AXIS2_PLACEMENT_3D('Circle Axis2P3D',#12400,#12401,$) ;
#12411=AXIS2_PLACEMENT_3D('Circle Axis2P3D',#12409,#12410,$) ;
#12420=AXIS2_PLACEMENT_3D('Circle Axis2P3D',#12418,#12419,$) ;
#12429=AXIS2_PLACEMENT_3D('Circle Axis2P3D',#12427,#12428,$) ;
#12438=AXIS2_PLACEMENT_3D('Circle Axis2P3D',#12436,#12437,$) ;
#12447=AXIS2_PLACEMENT_3D('Circle Axis2P3D',#12445,#12446,$) ;
#12456=AXIS2_PLACEMENT_3D('Circle Axis2P3D',#12454,#12455,$) ;
#12465=AXIS2_PLACEMENT_3D('Circle Axis2P3D',#12463,#12464,$) ;
#12474=AXIS2_PLACEMENT_3D('Circle Axis2P3D',#12472,#12473,$) ;
#12485=AXIS2_PLACEMENT_3D('Plane Axis2P3D',#12482,#12483,#12484) ;
#12501=AXIS2_PLACEMENT_3D('Plane Axis2P3D',#12498,#12499,#12500) ;
#12518=AXIS2_PLACEMENT_3D('Plane Axis2P3D',#12515,#12516,#12517) ;
#12529=AXIS2_PLACEMENT_3D('Cylinder Axis2P3D',#12526,#12527,#12528) ;
#12547=AXIS2_PLACEMENT_3D('Circle Axis2P3D',#12545,#12546,$) ;
#12560=AXIS2_PLACEMENT_3D('Plane Axis2P3D',#12557,#12558,#12559) ;
#12584=AXIS2_PLACEMENT_3D('Cylinder Axis2P3D',#12581,#12582,#12583) ;
#12595=AXIS2_PLACEMENT_3D('Circle Axis2P3D',#12593,#12594,$) ;
#12608=AXIS2_PLACEMENT_3D('Plane Axis2P3D',#12605,#12606,#12607) ;
#12632=AXIS2_PLACEMENT_3D('Plane Axis2P3D',#12629,#12630,#12631) ;
#12656=AXIS2_PLACEMENT_3D('Cylinder Axis2P3D',#12653,#12654,#12655) ;
#12667=AXIS2_PLACEMENT_3D('Circle Axis2P3D',#12665,#12666,$) ;
#12680=AXIS2_PLACEMENT_3D('Plane Axis2P3D',#12677,#12678,#12679) ;
#12710=AXIS2_PLACEMENT_3D('Circle Axis2P3D',#12708,#12709,$) ;
#12723=AXIS2_PLACEMENT_3D('Plane Axis2P3D',#12720,#12721,#12722) ;
#12747=AXIS2_PLACEMENT_3D('Cylinder Axis2P3D',#12744,#12745,#12746) ;
#12758=AXIS2_PLACEMENT_3D('Circle Axis2P3D',#12756,#12757,$) ;
#12771=AXIS2_PLACEMENT_3D('Plane Axis2P3D',#12768,#12769,#12770) ;
#12801=AXIS2_PLACEMENT_3D('Circle Axis2P3D',#12799,#12800,$) ;
#12814=AXIS2_PLACEMENT_3D('Plane Axis2P3D',#12811,#12812,#12813) ;
#12838=AXIS2_PLACEMENT_3D('Cylinder Axis2P3D',#12835,#12836,#12837) ;
#12849=AXIS2_PLACEMENT_3D('Circle Axis2P3D',#12847,#12848,$) ;
#12862=AXIS2_PLACEMENT_3D('Plane Axis2P3D',#12859,#12860,#12861) ;
#12886=AXIS2_PLACEMENT_3D('Plane Axis2P3D',#12883,#12884,#12885) ;
#12910=AXIS2_PLACEMENT_3D('Cylinder Axis2P3D',#12907,#12908,#12909) ;
#12921=AXIS2_PLACEMENT_3D('Circle Axis2P3D',#12919,#12920,$) ;
#12934=AXIS2_PLACEMENT_3D('Plane Axis2P3D',#12931,#12932,#12933) ;
#12958=AXIS2_PLACEMENT_3D('Cylinder Axis2P3D',#12955,#12956,#12957) ;
#12969=AXIS2_PLACEMENT_3D('Circle Axis2P3D',#12967,#12968,$) ;
#12982=AXIS2_PLACEMENT_3D('Plane Axis2P3D',#12979,#12980,#12981) ;
#13006=AXIS2_PLACEMENT_3D('Cylinder Axis2P3D',#13003,#13004,#13005) ;
#13017=AXIS2_PLACEMENT_3D('Circle Axis2P3D',#13015,#13016,$) ;
#13030=AXIS2_PLACEMENT_3D('Plane Axis2P3D',#13027,#13028,#13029) ;
#13054=AXIS2_PLACEMENT_3D('Plane Axis2P3D',#13051,#13052,#13053) ;
#13078=AXIS2_PLACEMENT_3D('Cylinder Axis2P3D',#13075,#13076,#13077) ;
#13089=AXIS2_PLACEMENT_3D('Circle Axis2P3D',#13087,#13088,$) ;
#13102=AXIS2_PLACEMENT_3D('Plane Axis2P3D',#13099,#13100,#13101) ;
#13119=AXIS2_PLACEMENT_3D('Cylinder Axis2P3D',#13116,#13117,#13118) ;
#13123=AXIS2_PLACEMENT_3D('Circle Axis2P3D',#13121,#13122,$) ;
#13151=AXIS2_PLACEMENT_3D('Circle Axis2P3D',#13149,#13150,$) ;
#13165=AXIS2_PLACEMENT_3D('Cylinder Axis2P3D',#13162,#13163,#13164) ;
#13169=AXIS2_PLACEMENT_3D('Circle Axis2P3D',#13167,#13168,$) ;
#13195=AXIS2_PLACEMENT_3D('Circle Axis2P3D',#13193,#13194,$) ;
#13208=AXIS2_PLACEMENT_3D('Cylinder Axis2P3D',#13205,#13206,#13207) ;
#13212=AXIS2_PLACEMENT_3D('Circle Axis2P3D',#13210,#13211,$) ;
#13238=AXIS2_PLACEMENT_3D('Circle Axis2P3D',#13236,#13237,$) ;
#13251=AXIS2_PLACEMENT_3D('Cylinder Axis2P3D',#13248,#13249,#13250) ;
#13255=AXIS2_PLACEMENT_3D('Circle Axis2P3D',#13253,#13254,$) ;
#13281=AXIS2_PLACEMENT_3D('Circle Axis2P3D',#13279,#13280,$) ;
#13294=AXIS2_PLACEMENT_3D('Cylinder Axis2P3D',#13291,#13292,#13293) ;
#13298=AXIS2_PLACEMENT_3D('Circle Axis2P3D',#13296,#13297,$) ;
#13324=AXIS2_PLACEMENT_3D('Circle Axis2P3D',#13322,#13323,$) ;
#13337=AXIS2_PLACEMENT_3D('Cylinder Axis2P3D',#13334,#13335,#13336) ;
#13341=AXIS2_PLACEMENT_3D('Circle Axis2P3D',#13339,#13340,$) ;
#13367=AXIS2_PLACEMENT_3D('Circle Axis2P3D',#13365,#13366,$) ;
#13380=AXIS2_PLACEMENT_3D('Cylinder Axis2P3D',#13377,#13378,#13379) ;
#13384=AXIS2_PLACEMENT_3D('Circle Axis2P3D',#13382,#13383,$) ;
#13410=AXIS2_PLACEMENT_3D('Circle Axis2P3D',#13408,#13409,$) ;
#13423=AXIS2_PLACEMENT_3D('Cylinder Axis2P3D',#13420,#13421,#13422) ;
#13427=AXIS2_PLACEMENT_3D('Circle Axis2P3D',#13425,#13426,$) ;
#13453=AXIS2_PLACEMENT_3D('Circle Axis2P3D',#13451,#13452,$) ;
#13466=AXIS2_PLACEMENT_3D('Plane Axis2P3D',#13463,#13464,#13465) ;
#13497=AXIS2_PLACEMENT_3D('Circle Axis2P3D',#13495,#13496,$) ;
#13506=AXIS2_PLACEMENT_3D('Circle Axis2P3D',#13504,#13505,$) ;
#13545=AXIS2_PLACEMENT_3D('Plane Axis2P3D',#13542,#13543,#13544) ;
#13553=AXIS2_PLACEMENT_3D('Circle Axis2P3D',#13551,#13552,$) ;
#13562=AXIS2_PLACEMENT_3D('Circle Axis2P3D',#13560,#13561,$) ;
#13573=AXIS2_PLACEMENT_3D('Cylinder Axis2P3D',#13570,#13571,#13572) ;
#13584=AXIS2_PLACEMENT_3D('Circle Axis2P3D',#13582,#13583,$) ;
#13603=AXIS2_PLACEMENT_3D('Circle Axis2P3D',#13601,#13602,$) ;
#13616=AXIS2_PLACEMENT_3D('Cylinder Axis2P3D',#13613,#13614,#13615) ;
#13645=AXIS2_PLACEMENT_3D('Plane Axis2P3D',#13642,#13643,#13644) ;
#13677=AXIS2_PLACEMENT_3D('Plane Axis2P3D',#13674,#13675,#13676) ;
#13693=AXIS2_PLACEMENT_3D('Plane Axis2P3D',#13690,#13691,#13692) ;
#13710=AXIS2_PLACEMENT_3D('Plane Axis2P3D',#13707,#13708,#13709) ;
#13721=AXIS2_PLACEMENT_3D('Plane Axis2P3D',#13718,#13719,#13720) ;
#13753=AXIS2_PLACEMENT_3D('Plane Axis2P3D',#13750,#13751,#13752) ;
#13769=AXIS2_PLACEMENT_3D('Plane Axis2P3D',#13766,#13767,#13768) ;
#13786=AXIS2_PLACEMENT_3D('Plane Axis2P3D',#13783,#13784,#13785) ;
#13801=AXIS2_PLACEMENT_3D(' ',#13804,#13808,#13807) ;
#13802=AXIS2_PLACEMENT_3D(' ',#13803,#13806,#13805) ;
#13830=AXIS2_PLACEMENT_3D('Cone Axis2P3D',#13827,#13828,#13829) ;
#13834=AXIS2_PLACEMENT_3D('Circle Axis2P3D',#13832,#13833,$) ;
#13863=AXIS2_PLACEMENT_3D('Circle Axis2P3D',#13861,#13862,$) ;
#13893=AXIS2_PLACEMENT_3D('Plane Axis2P3D',#13890,#13891,#13892) ;
#13897=AXIS2_PLACEMENT_3D('Circle Axis2P3D',#13895,#13896,$) ;
#13904=AXIS2_PLACEMENT_3D('Circle Axis2P3D',#13902,#13903,$) ;
#13911=AXIS2_PLACEMENT_3D('Circle Axis2P3D',#13909,#13910,$) ;
#13918=AXIS2_PLACEMENT_3D('Circle Axis2P3D',#13916,#13917,$) ;
#13925=AXIS2_PLACEMENT_3D('Circle Axis2P3D',#13923,#13924,$) ;
#13932=AXIS2_PLACEMENT_3D('Circle Axis2P3D',#13930,#13931,$) ;
#13949=AXIS2_PLACEMENT_3D('Plane Axis2P3D',#13946,#13947,#13948) ;
#14015=AXIS2_PLACEMENT_3D('Plane Axis2P3D',#14012,#14013,#14014) ;
#14060=AXIS2_PLACEMENT_3D('Plane Axis2P3D',#14057,#14058,#14059) ;
#14117=AXIS2_PLACEMENT_3D('Plane Axis2P3D',#14114,#14115,#14116) ;
#14163=AXIS2_PLACEMENT_3D('Plane Axis2P3D',#14160,#14161,#14162) ;
#14231=AXIS2_PLACEMENT_3D('Plane Axis2P3D',#14228,#14229,#14230) ;
#14321=AXIS2_PLACEMENT_3D('Cone Axis2P3D',#14318,#14319,#14320) ;
#14325=AXIS2_PLACEMENT_3D('Circle Axis2P3D',#14323,#14324,$) ;
#14341=AXIS2_PLACEMENT_3D('Circle Axis2P3D',#14339,#14340,$) ;
#14360=AXIS2_PLACEMENT_3D('Circle Axis2P3D',#14358,#14359,$) ;
#14365=AXIS2_PLACEMENT_3D('Circle Axis2P3D',#14363,#14364,$) ;
#14378=AXIS2_PLACEMENT_3D('Cylinder Axis2P3D',#14375,#14376,#14377) ;
#14389=AXIS2_PLACEMENT_3D('Circle Axis2P3D',#14387,#14388,$) ;
#14408=AXIS2_PLACEMENT_3D('Circle Axis2P3D',#14406,#14407,$) ;
#14421=AXIS2_PLACEMENT_3D('Plane Axis2P3D',#14418,#14419,#14420) ;
#14425=AXIS2_PLACEMENT_3D('Circle Axis2P3D',#14423,#14424,$) ;
#14432=AXIS2_PLACEMENT_3D('Circle Axis2P3D',#14430,#14431,$) ;
#14437=AXIS2_PLACEMENT_3D('Circle Axis2P3D',#14435,#14436,$) ;
#14442=AXIS2_PLACEMENT_3D('Circle Axis2P3D',#14440,#14441,$) ;
#14449=AXIS2_PLACEMENT_3D('Circle Axis2P3D',#14447,#14448,$) ;
#14454=AXIS2_PLACEMENT_3D('Circle Axis2P3D',#14452,#14453,$) ;
#14459=AXIS2_PLACEMENT_3D('Circle Axis2P3D',#14457,#14458,$) ;
#14464=AXIS2_PLACEMENT_3D('Circle Axis2P3D',#14462,#14463,$) ;
#14523=AXIS2_PLACEMENT_3D('Plane Axis2P3D',#14520,#14521,#14522) ;
#14537=AXIS2_PLACEMENT_3D(' ',#14540,#14544,#14543) ;
#14538=AXIS2_PLACEMENT_3D(' ',#14539,#14542,#14541) ;
#14552=AXIS2_PLACEMENT_3D(' ',#14555,#14559,#14558) ;
#14553=AXIS2_PLACEMENT_3D(' ',#14554,#14557,#14556) ;
#14567=AXIS2_PLACEMENT_3D(' ',#14570,#14574,#14573) ;
#14568=AXIS2_PLACEMENT_3D(' ',#14569,#14572,#14571) ;
#14595=AXIS2_PLACEMENT_3D('Cylinder Axis2P3D',#14592,#14593,#14594) ;
#14599=AXIS2_PLACEMENT_3D('Circle Axis2P3D',#14597,#14598,$) ;
#14615=AXIS2_PLACEMENT_3D('Circle Axis2P3D',#14613,#14614,$) ;
#14634=AXIS2_PLACEMENT_3D('Circle Axis2P3D',#14632,#14633,$) ;
#14639=AXIS2_PLACEMENT_3D('Circle Axis2P3D',#14637,#14638,$) ;
#14652=AXIS2_PLACEMENT_3D('Cylinder Axis2P3D',#14649,#14650,#14651) ;
#14656=AXIS2_PLACEMENT_3D('Circle Axis2P3D',#14654,#14655,$) ;
#14672=AXIS2_PLACEMENT_3D('Circle Axis2P3D',#14670,#14671,$) ;
#14691=AXIS2_PLACEMENT_3D('Circle Axis2P3D',#14689,#14690,$) ;
#14696=AXIS2_PLACEMENT_3D('Circle Axis2P3D',#14694,#14695,$) ;
#14709=AXIS2_PLACEMENT_3D('Plane Axis2P3D',#14706,#14707,#14708) ;
#14723=AXIS2_PLACEMENT_3D('Plane Axis2P3D',#14720,#14721,#14722) ;
#14741=AXIS2_PLACEMENT_3D(' ',#14744,#14748,#14747) ;
#14742=AXIS2_PLACEMENT_3D(' ',#14743,#14746,#14745) ;
#14756=AXIS2_PLACEMENT_3D(' ',#14759,#14763,#14762) ;
#14757=AXIS2_PLACEMENT_3D(' ',#14758,#14761,#14760) ;
#14771=AXIS2_PLACEMENT_3D(' ',#14774,#14778,#14777) ;
#14772=AXIS2_PLACEMENT_3D(' ',#14773,#14776,#14775) ;
#14799=AXIS2_PLACEMENT_3D('Cone Axis2P3D',#14796,#14797,#14798) ;
#14803=AXIS2_PLACEMENT_3D('Circle Axis2P3D',#14801,#14802,$) ;
#14832=AXIS2_PLACEMENT_3D('Circle Axis2P3D',#14830,#14831,$) ;
#14862=AXIS2_PLACEMENT_3D('Plane Axis2P3D',#14859,#14860,#14861) ;
#14866=AXIS2_PLACEMENT_3D('Circle Axis2P3D',#14864,#14865,$) ;
#14873=AXIS2_PLACEMENT_3D('Circle Axis2P3D',#14871,#14872,$) ;
#14880=AXIS2_PLACEMENT_3D('Circle Axis2P3D',#14878,#14879,$) ;
#14887=AXIS2_PLACEMENT_3D('Circle Axis2P3D',#14885,#14886,$) ;
#14894=AXIS2_PLACEMENT_3D('Circle Axis2P3D',#14892,#14893,$) ;
#14901=AXIS2_PLACEMENT_3D('Circle Axis2P3D',#14899,#14900,$) ;
#14916=AXIS2_PLACEMENT_3D('Circle Axis2P3D',#14914,#14915,$) ;
#14925=AXIS2_PLACEMENT_3D('Circle Axis2P3D',#14923,#14924,$) ;
#14936=AXIS2_PLACEMENT_3D('Plane Axis2P3D',#14933,#14934,#14935) ;
#15014=AXIS2_PLACEMENT_3D('Plane Axis2P3D',#15011,#15012,#15013) ;
#15082=AXIS2_PLACEMENT_3D('Plane Axis2P3D',#15079,#15080,#15081) ;
#15151=AXIS2_PLACEMENT_3D('Plane Axis2P3D',#15148,#15149,#15150) ;
#15209=AXIS2_PLACEMENT_3D('Plane Axis2P3D',#15206,#15207,#15208) ;
#15300=AXIS2_PLACEMENT_3D('Plane Axis2P3D',#15297,#15298,#15299) ;
#15360=AXIS2_PLACEMENT_3D('Cone Axis2P3D',#15357,#15358,#15359) ;
#15371=AXIS2_PLACEMENT_3D('Circle Axis2P3D',#15369,#15370,$) ;
#15378=AXIS2_PLACEMENT_3D('Circle Axis2P3D',#15376,#15377,$) ;
#15398=AXIS2_PLACEMENT_3D('Circle Axis2P3D',#15396,#15397,$) ;
#15405=AXIS2_PLACEMENT_3D('Circle Axis2P3D',#15403,#15404,$) ;
#15461=AXIS2_PLACEMENT_3D('Cone Axis2P3D',#15458,#15459,#15460) ;
#15465=AXIS2_PLACEMENT_3D('Circle Axis2P3D',#15463,#15464,$) ;
#15476=AXIS2_PLACEMENT_3D('Circle Axis2P3D',#15474,#15475,$) ;
#15487=AXIS2_PLACEMENT_3D('Circle Axis2P3D',#15485,#15486,$) ;
#15506=AXIS2_PLACEMENT_3D('Circle Axis2P3D',#15504,#15505,$) ;
#15517=AXIS2_PLACEMENT_3D('Circle Axis2P3D',#15515,#15516,$) ;
#15528=AXIS2_PLACEMENT_3D('Circle Axis2P3D',#15526,#15527,$) ;
#15546=AXIS2_PLACEMENT_3D('Circle Axis2P3D',#15544,#15545,$) ;
#15557=AXIS2_PLACEMENT_3D('Circle Axis2P3D',#15555,#15556,$) ;
#15570=AXIS2_PLACEMENT_3D('Cylinder Axis2P3D',#15567,#15568,#15569) ;
#15581=AXIS2_PLACEMENT_3D('Circle Axis2P3D',#15579,#15580,$) ;
#15607=AXIS2_PLACEMENT_3D('Circle Axis2P3D',#15605,#15606,$) ;
#15626=AXIS2_PLACEMENT_3D('Circle Axis2P3D',#15624,#15625,$) ;
#15638=AXIS2_PLACEMENT_3D('Circle Axis2P3D',#15636,#15637,$) ;
#15651=AXIS2_PLACEMENT_3D('Plane Axis2P3D',#15648,#15649,#15650) ;
#15665=AXIS2_PLACEMENT_3D('Circle Axis2P3D',#15663,#15664,$) ;
#15674=AXIS2_PLACEMENT_3D('Circle Axis2P3D',#15672,#15673,$) ;
#15685=AXIS2_PLACEMENT_3D('Cone Axis2P3D',#15682,#15683,#15684) ;
#15720=AXIS2_PLACEMENT_3D(' ',#15723,#15727,#15726) ;
#15721=AXIS2_PLACEMENT_3D(' ',#15722,#15725,#15724) ;
#15735=AXIS2_PLACEMENT_3D(' ',#15738,#15742,#15741) ;
#15736=AXIS2_PLACEMENT_3D(' ',#15737,#15740,#15739) ;
#15750=AXIS2_PLACEMENT_3D(' ',#15753,#15757,#15756) ;
#15751=AXIS2_PLACEMENT_3D(' ',#15752,#15755,#15754) ;
#15778=AXIS2_PLACEMENT_3D('Cone Axis2P3D',#15775,#15776,#15777) ;
#15782=AXIS2_PLACEMENT_3D('Circle Axis2P3D',#15780,#15781,$) ;
#15798=AXIS2_PLACEMENT_3D('Circle Axis2P3D',#15796,#15797,$) ;
#15818=AXIS2_PLACEMENT_3D('Plane Axis2P3D',#15815,#15816,#15817) ;
#15822=AXIS2_PLACEMENT_3D('Circle Axis2P3D',#15820,#15821,$) ;
#15832=AXIS2_PLACEMENT_3D('Circle Axis2P3D',#15830,#15831,$) ;
#15845=AXIS2_PLACEMENT_3D('Cylinder Axis2P3D',#15842,#15843,#15844) ;
#15856=AXIS2_PLACEMENT_3D('Circle Axis2P3D',#15854,#15855,$) ;
#15875=AXIS2_PLACEMENT_3D('Circle Axis2P3D',#15873,#15874,$) ;
#15888=AXIS2_PLACEMENT_3D('Plane Axis2P3D',#15885,#15886,#15887) ;
#15892=AXIS2_PLACEMENT_3D('Circle Axis2P3D',#15890,#15891,$) ;
#15901=AXIS2_PLACEMENT_3D('Circle Axis2P3D',#15899,#15900,$) ;
#15916=AXIS2_PLACEMENT_3D('Plane Axis2P3D',#15913,#15914,#15915) ;
#15956=AXIS2_PLACEMENT_3D('Plane Axis2P3D',#15953,#15954,#15955) ;
#15995=AXIS2_PLACEMENT_3D('Plane Axis2P3D',#15992,#15993,#15994) ;
#16019=AXIS2_PLACEMENT_3D('Plane Axis2P3D',#16016,#16017,#16018) ;
#16043=AXIS2_PLACEMENT_3D('Plane Axis2P3D',#16040,#16041,#16042) ;
#16068=AXIS2_PLACEMENT_3D('Cone Axis2P3D',#16065,#16066,#16067) ;
#16081=AXIS2_PLACEMENT_3D('Circle Axis2P3D',#16079,#16080,$) ;
#16141=AXIS2_PLACEMENT_3D('Circle Axis2P3D',#16139,#16140,$) ;
#16193=AXIS2_PLACEMENT_3D('Cone Axis2P3D',#16190,#16191,#16192) ;
#16304=AXIS2_PLACEMENT_3D('Plane Axis2P3D',#16301,#16302,#16303) ;
#16325=AXIS2_PLACEMENT_3D('Plane Axis2P3D',#16322,#16323,#16324) ;
#16347=AXIS2_PLACEMENT_3D('Plane Axis2P3D',#16344,#16345,#16346) ;
#16366=AXIS2_PLACEMENT_3D('Plane Axis2P3D',#16363,#16364,#16365) ;
#16383=AXIS2_PLACEMENT_3D('Plane Axis2P3D',#16380,#16381,#16382) ;
#16400=AXIS2_PLACEMENT_3D('Plane Axis2P3D',#16397,#16398,#16399) ;
#16419=AXIS2_PLACEMENT_3D('Plane Axis2P3D',#16416,#16417,#16418) ;
#16431=AXIS2_PLACEMENT_3D('Plane Axis2P3D',#16428,#16429,#16430) ;
#16447=AXIS2_PLACEMENT_3D(' ',#16450,#16454,#16453) ;
#16448=AXIS2_PLACEMENT_3D(' ',#16449,#16452,#16451) ;
#41=CARTESIAN_POINT('Axis2P3D Location',(-29.,0.,45.129215029)) ;
#46=CARTESIAN_POINT('Line Origine',(-29.55,0.,60.129215029)) ;
#50=CARTESIAN_POINT('Vertex',(-29.55,31.,60.129215029)) ;
#52=CARTESIAN_POINT('Vertex',(-29.55,20.,60.129215029)) ;
#55=CARTESIAN_POINT('Axis2P3D Location',(-29.,31.,45.129215029)) ;
#59=CARTESIAN_POINT('Vertex',(-44.,31.,45.679215029)) ;
#62=CARTESIAN_POINT('Line Origine',(-44.,0.,45.679215029)) ;
#66=CARTESIAN_POINT('Vertex',(-44.,20.,45.679215029)) ;
#69=CARTESIAN_POINT('Axis2P3D Location',(-29.,20.,45.129215029)) ;
#81=CARTESIAN_POINT('Axis2P3D Location',(-44.,31.,84.4926032266)) ;
#86=CARTESIAN_POINT('Line Origine',(-22.325,31.,60.129215029)) ;
#90=CARTESIAN_POINT('Vertex',(-15.1,31.,60.129215029)) ;
#94=CARTESIAN_POINT('Control Point',(-15.1,31.,60.129215029)) ;
#95=CARTESIAN_POINT('Control Point',(-15.0799909878,31.,60.129215029)) ;
#96=CARTESIAN_POINT('Control Point',(-15.0599819812,31.,60.1294965518)) ;
#97=CARTESIAN_POINT('Control Point',(-15.03997021,31.,60.1300598703)) ;
#98=CARTESIAN_POINT('Control Point',(-15.0199771509,31.,60.1309042799)) ;
#99=CARTESIAN_POINT('Control Point',(-15.,31.,60.1320294679)) ;
#100=CARTESIAN_POINT('Vertex',(-15.,31.,60.1320294679)) ;
#103=CARTESIAN_POINT('Line Origine',(-15.,31.,49.776560769)) ;
#107=CARTESIAN_POINT('Vertex',(-15.,31.,39.4210920701)) ;
#111=CARTESIAN_POINT('Control Point',(-42.0259269389,31.,23.3782217351)) ;
#112=CARTESIAN_POINT('Control Point',(-39.7669049499,31.,24.9501107079)) ;
#113=CARTESIAN_POINT('Control Point',(-37.4550649118,31.,26.4745356358)) ;
#114=CARTESIAN_POINT('Control Point',(-35.1070838103,31.,27.9602370963)) ;
#115=CARTESIAN_POINT('Control Point',(-29.7471620195,31.,31.2376686619)) ;
#116=CARTESIAN_POINT('Control Point',(-24.2708250954,31.,34.3737292239)) ;
#117=CARTESIAN_POINT('Control Point',(-21.1997774161,31.,36.083419094)) ;
#118=CARTESIAN_POINT('Control Point',(-18.1077243328,31.,37.7647003367)) ;
#119=CARTESIAN_POINT('Control Point',(-15.,31.,39.4210920701)) ;
#120=CARTESIAN_POINT('Vertex',(-42.0259269389,31.,23.3782217351)) ;
#123=CARTESIAN_POINT('Line Origine',(-43.0129634695,31.,23.3782217351)) ;
#127=CARTESIAN_POINT('Vertex',(-44.,31.,23.3782217351)) ;
#130=CARTESIAN_POINT('Line Origine',(-44.,31.,34.528718382)) ;
#144=CARTESIAN_POINT('Axis2P3D Location',(-29.,31.,45.129215029)) ;
#148=CARTESIAN_POINT('Vertex',(-24.1732959096,31.,42.4923745666)) ;
#150=CARTESIAN_POINT('Vertex',(-33.8267040904,31.,47.7660554913)) ;
#153=CARTESIAN_POINT('Axis2P3D Location',(-29.,31.,45.129215029)) ;
#163=CARTESIAN_POINT('Axis2P3D Location',(-15.,0.,0.)) ;
#168=CARTESIAN_POINT('Axis2P3D Location',(-15.,0.,0.)) ;
#172=CARTESIAN_POINT('Vertex',(-15.,49.6396671776,7.13624148226)) ;
#176=CARTESIAN_POINT('Control Point',(-15.,59.3706556412,32.4343370005)) ;
#177=CARTESIAN_POINT('Control Point',(-15.,56.793952742,37.1509600201)) ;
#178=CARTESIAN_POINT('Control Point',(-15.,53.7488676466,41.6117043667)) ;
#179=CARTESIAN_POINT('Control Point',(-15.,50.2691761808,45.7546134451)) ;
#180=CARTESIAN_POINT('Control Point',(-15.,44.4774797441,51.399436669)) ;
#181=CARTESIAN_POINT('Control Point',(-15.,37.9392855402,56.1089056343)) ;
#182=CARTESIAN_POINT('Control Point',(-15.,35.6918509364,57.5646632537)) ;
#183=CARTESIAN_POINT('Control Point',(-15.,33.3761799041,58.9070321133)) ;
#184=CARTESIAN_POINT('Control Point',(-15.,31.,60.1320294679)) ;
#185=CARTESIAN_POINT('Vertex',(-15.,59.3706556412,32.4343370005)) ;
#189=CARTESIAN_POINT('Control Point',(-15.,59.3706556412,32.4343370005)) ;
#190=CARTESIAN_POINT('Control Point',(-15.,61.9473585399,27.717713982)) ;
#191=CARTESIAN_POINT('Control Point',(-15.,64.0556789791,22.7452127729)) ;
#192=CARTESIAN_POINT('Control Point',(-15.,65.6617314392,17.5787300406)) ;
#193=CARTESIAN_POINT('Control Point',(-15.,67.1538163941,10.2840079063)) ;
#194=CARTESIAN_POINT('Control Point',(-15.,67.6369178294,2.88521626677)) ;
#195=CARTESIAN_POINT('Control Point',(-15.,67.6930984528,0.849317859611)) ;
#196=CARTESIAN_POINT('Control Point',(-15.,67.6726855436,-1.18677346206)) ;
#197=CARTESIAN_POINT('Control Point',(-15.,67.5758618554,-3.21922534321)) ;
#198=CARTESIAN_POINT('Vertex',(-15.,67.5758651003,-3.21922721663)) ;
#201=CARTESIAN_POINT('Line Origine',(-15.,58.607766139,1.95850713281)) ;
#214=CARTESIAN_POINT('Axis2P3D Location',(-15.1,0.,0.)) ;
#220=CARTESIAN_POINT('Control Point',(-15.1,20.,64.6260203014)) ;
#221=CARTESIAN_POINT('Control Point',(-15.0666534719,20.,64.6260203014)) ;
#222=CARTESIAN_POINT('Control Point',(-15.0333007133,20.,64.6268937918)) ;
#223=CARTESIAN_POINT('Control Point',(-15.,20.,64.6286389144)) ;
#224=CARTESIAN_POINT('Vertex',(-15.1,20.,64.6260203014)) ;
#226=CARTESIAN_POINT('Vertex',(-15.,20.,64.6286389144)) ;
#230=CARTESIAN_POINT('Control Point',(-15.,-20.,64.6286389144)) ;
#231=CARTESIAN_POINT('Control Point',(-15.,-10.302066681,67.6297645708)) ;
#232=CARTESIAN_POINT('Control Point',(-15.,7.6178144786E-005,68.6907556587)) ;
#233=CARTESIAN_POINT('Control Point',(-15.,10.302066681,67.6297645708)) ;
#234=CARTESIAN_POINT('Control Point',(-15.,20.,64.6286389144)) ;
#235=CARTESIAN_POINT('Vertex',(-15.,-20.,64.6286389144)) ;
#239=CARTESIAN_POINT('Control Point',(-15.1,-20.,64.6260203014)) ;
#240=CARTESIAN_POINT('Control Point',(-15.0666534719,-20.,64.6260203014)) ;
#241=CARTESIAN_POINT('Control Point',(-15.0333007133,-20.,64.6268937918)) ;
#242=CARTESIAN_POINT('Control Point',(-15.,-20.,64.6286389144)) ;
#243=CARTESIAN_POINT('Vertex',(-15.1,-20.,64.6260203014)) ;
#246=CARTESIAN_POINT('Axis2P3D Location',(-15.1,0.,0.)) ;
#250=CARTESIAN_POINT('Vertex',(-15.1,-31.,60.129215029)) ;
#254=CARTESIAN_POINT('Control Point',(-15.1,-31.,60.129215029)) ;
#255=CARTESIAN_POINT('Control Point',(-15.0666516463,-31.,60.129215029)) ;
#256=CARTESIAN_POINT('Control Point',(-15.0332952515,-31.,60.1301541545)) ;
#257=CARTESIAN_POINT('Control Point',(-15.,-31.,60.1320294679)) ;
#258=CARTESIAN_POINT('Vertex',(-15.,-31.,60.1320294679)) ;
#262=CARTESIAN_POINT('Control Point',(-15.,-31.,60.1320294679)) ;
#263=CARTESIAN_POINT('Control Point',(-15.,-44.7389432296,53.0491612546)) ;
#264=CARTESIAN_POINT('Control Point',(-15.,-56.4590832754,42.0448793659)) ;
#265=CARTESIAN_POINT('Control Point',(-15.,-64.6414669691,27.8725683799)) ;
#266=CARTESIAN_POINT('Control Point',(-15.,-68.3113939011,12.2205037899)) ;
#267=CARTESIAN_POINT('Control Point',(-15.,-67.5758651227,-3.21922674768)) ;
#268=CARTESIAN_POINT('Vertex',(-15.,-67.5758651003,-3.21922721663)) ;
#272=CARTESIAN_POINT('Control Point',(-15.1,-67.5734277247,-3.21781999717)) ;
#273=CARTESIAN_POINT('Control Point',(-15.0666516463,-67.5734277247,-3.21781999717)) ;
#274=CARTESIAN_POINT('Control Point',(-15.0332952515,-67.5742410313,-3.21828955995)) ;
#275=CARTESIAN_POINT('Control Point',(-15.,-67.5758651003,-3.21922721663)) ;
#276=CARTESIAN_POINT('Vertex',(-15.1,-67.5734277247,-3.21781999717)) ;
#279=CARTESIAN_POINT('Axis2P3D Location',(-15.1,0.,0.)) ;
#283=CARTESIAN_POINT('Vertex',(-15.1,-65.9677753265,-14.992502075)) ;
#287=CARTESIAN_POINT('Control Point',(-15.1,-65.9677753265,-14.992502075)) ;
#288=CARTESIAN_POINT('Control Point',(-15.0666534719,-65.9677753265,-14.992502075)) ;
#289=CARTESIAN_POINT('Control Point',(-15.0333007133,-65.9685317914,-14.9929388202)) ;
#290=CARTESIAN_POINT('Control Point',(-15.,-65.9700431119,-14.9938113815)) ;
#291=CARTESIAN_POINT('Vertex',(-15.,-65.9700431119,-14.9938113815)) ;
#295=CARTESIAN_POINT('Control Point',(-15.,-59.3706556412,-32.4343370005)) ;
#296=CARTESIAN_POINT('Control Point',(-15.,-61.6127856224,-28.3301455995)) ;
#297=CARTESIAN_POINT('Control Point',(-15.,-63.4766631771,-24.0192172684)) ;
#298=CARTESIAN_POINT('Control Point',(-15.,-64.9335414286,-19.5542307886)) ;
#299=CARTESIAN_POINT('Control Point',(-15.,-65.9700434758,-14.9938097802)) ;
#300=CARTESIAN_POINT('Vertex',(-15.,-59.3706556412,-32.4343370005)) ;
#303=CARTESIAN_POINT('Axis2P3D Location',(-15.1,-61.1236254357,-33.3919887638)) ;
#307=CARTESIAN_POINT('Vertex',(-13.1,-61.1236254357,-33.3919887638)) ;
#310=CARTESIAN_POINT('Axis2P3D Location',(-13.1,0.,0.)) ;
#314=CARTESIAN_POINT('Vertex',(-13.1,61.1236254357,33.3919887638)) ;
#317=CARTESIAN_POINT('Axis2P3D Location',(-15.1,61.1236254357,33.3919887638)) ;
#322=CARTESIAN_POINT('Axis2P3D Location',(-15.1,0.,0.)) ;
#346=CARTESIAN_POINT('Axis2P3D Location',(-29.,0.1,45.129215029)) ;
#351=CARTESIAN_POINT('Line Origine',(-24.1732959096,0.,42.4923745666)) ;
#355=CARTESIAN_POINT('Vertex',(-24.1732959096,20.,42.4923745666)) ;
#358=CARTESIAN_POINT('Line Origine',(-33.8267040904,0.,47.7660554913)) ;
#362=CARTESIAN_POINT('Vertex',(-33.8267040904,20.,47.7660554913)) ;
#365=CARTESIAN_POINT('Axis2P3D Location',(-29.,20.,45.129215029)) ;
#377=CARTESIAN_POINT('Axis2P3D Location',(-29.,20.,45.129215029)) ;
#390=CARTESIAN_POINT('Control Point',(-15.1,45.9677753265,-49.6335182264)) ;
#391=CARTESIAN_POINT('Control Point',(-15.0666534719,45.9677753265,-49.6335182264)) ;
#392=CARTESIAN_POINT('Control Point',(-15.0333007133,45.9685317914,-49.6339549716)) ;
#393=CARTESIAN_POINT('Control Point',(-15.,45.9700431119,-49.6348275329)) ;
#394=CARTESIAN_POINT('Vertex',(-15.1,45.9677753265,-49.6335182264)) ;
#396=CARTESIAN_POINT('Vertex',(-15.,45.9700431119,-49.6348275329)) ;
#400=CARTESIAN_POINT('Control Point',(-15.,45.9700421979,-49.6348283794)) ;
#401=CARTESIAN_POINT('Control Point',(-15.,53.4180811201,-42.7367152052)) ;
#402=CARTESIAN_POINT('Control Point',(-15.,59.4879275176,-34.345358389)) ;
#403=CARTESIAN_POINT('Control Point',(-15.,63.7201190701,-24.8930693652)) ;
#404=CARTESIAN_POINT('Control Point',(-15.,65.9700435701,-14.9938093656)) ;
#405=CARTESIAN_POINT('Vertex',(-15.,65.9700431119,-14.9938113815)) ;
#409=CARTESIAN_POINT('Control Point',(-15.1,65.9677753265,-14.992502075)) ;
#410=CARTESIAN_POINT('Control Point',(-15.0666534719,65.9677753265,-14.992502075)) ;
#411=CARTESIAN_POINT('Control Point',(-15.0333007133,65.9685317914,-14.9929388202)) ;
#412=CARTESIAN_POINT('Control Point',(-15.,65.9700431119,-14.9938113815)) ;
#413=CARTESIAN_POINT('Vertex',(-15.1,65.9677753265,-14.992502075)) ;
#416=CARTESIAN_POINT('Axis2P3D Location',(-15.1,0.,0.)) ;
#420=CARTESIAN_POINT('Vertex',(-15.1,67.5734277247,-3.21781999717)) ;
#424=CARTESIAN_POINT('Control Point',(-15.1,67.5734277247,-3.21781999717)) ;
#425=CARTESIAN_POINT('Control Point',(-15.0666516463,67.5734277247,-3.21781999717)) ;
#426=CARTESIAN_POINT('Control Point',(-15.0332952515,67.5742410313,-3.21828955995)) ;
#427=CARTESIAN_POINT('Control Point',(-15.,67.5758651003,-3.21922721663)) ;
#429=CARTESIAN_POINT('Axis2P3D Location',(-13.1,0.,0.)) ;
#435=CARTESIAN_POINT('Control Point',(-15.,-59.3706556412,-32.4343370005)) ;
#436=CARTESIAN_POINT('Control Point',(-15.,-56.7458220827,-37.2390626008)) ;
#437=CARTESIAN_POINT('Control Point',(-15.,-53.6024355499,-41.7607133954)) ;
#438=CARTESIAN_POINT('Control Point',(-15.,-49.9868823032,-45.9145714743)) ;
#439=CARTESIAN_POINT('Control Point',(-15.,-45.9700427166,-49.634827899)) ;
#440=CARTESIAN_POINT('Vertex',(-15.,-45.9700431119,-49.6348275329)) ;
#444=CARTESIAN_POINT('Control Point',(-15.1,-45.9677753265,-49.6335182264)) ;
#445=CARTESIAN_POINT('Control Point',(-15.0666534719,-45.9677753265,-49.6335182264)) ;
#446=CARTESIAN_POINT('Control Point',(-15.0333007133,-45.9685317914,-49.6339549716)) ;
#447=CARTESIAN_POINT('Control Point',(-15.,-45.9700431119,-49.6348275329)) ;
#448=CARTESIAN_POINT('Vertex',(-15.1,-45.9677753265,-49.6335182264)) ;
#451=CARTESIAN_POINT('Axis2P3D Location',(-15.1,0.,0.)) ;
#455=CARTESIAN_POINT('Vertex',(-15.1,-36.5734277247,-56.9113950318)) ;
#459=CARTESIAN_POINT('Control Point',(-15.1,-36.5734277247,-56.9113950318)) ;
#460=CARTESIAN_POINT('Control Point',(-15.0666516463,-36.5734277247,-56.9113950318)) ;
#461=CARTESIAN_POINT('Control Point',(-15.0332952515,-36.5742410313,-56.9118645946)) ;
#462=CARTESIAN_POINT('Control Point',(-15.,-36.5758651003,-56.9128022513)) ;
#463=CARTESIAN_POINT('Vertex',(-15.,-36.5758651003,-56.9128022513)) ;
#467=CARTESIAN_POINT('Control Point',(-15.,-36.5758650987,-56.9128022523)) ;
#468=CARTESIAN_POINT('Control Point',(-15.,-23.5724493969,-65.2696421848)) ;
#469=CARTESIAN_POINT('Control Point',(-15.,-8.18238549771,-69.9174408185)) ;
#470=CARTESIAN_POINT('Control Point',(-15.,8.18237743639,-69.9174378581)) ;
#471=CARTESIAN_POINT('Control Point',(-15.,23.5724342169,-65.2696518498)) ;
#472=CARTESIAN_POINT('Control Point',(-15.,36.575864818,-56.9128024327)) ;
#473=CARTESIAN_POINT('Vertex',(-15.,36.5758651003,-56.9128022513)) ;
#477=CARTESIAN_POINT('Control Point',(-15.1,36.5734277247,-56.9113950318)) ;
#478=CARTESIAN_POINT('Control Point',(-15.0666516463,36.5734277247,-56.9113950318)) ;
#479=CARTESIAN_POINT('Control Point',(-15.0332952515,36.5742410313,-56.9118645946)) ;
#480=CARTESIAN_POINT('Control Point',(-15.,36.5758651003,-56.9128022513)) ;
#481=CARTESIAN_POINT('Vertex',(-15.1,36.5734277247,-56.9113950318)) ;
#484=CARTESIAN_POINT('Axis2P3D Location',(-15.1,0.,0.)) ;
#508=CARTESIAN_POINT('Axis2P3D Location',(-15.1,0.,60.129215029)) ;
#513=CARTESIAN_POINT('Line Origine',(-15.1,20.,62.3776176652)) ;
#517=CARTESIAN_POINT('Vertex',(-15.1,20.,60.129215029)) ;
#520=CARTESIAN_POINT('Line Origine',(-15.1,25.5,60.129215029)) ;
#531=CARTESIAN_POINT('Axis2P3D Location',(-15.,0.,0.)) ;
#535=CARTESIAN_POINT('Vertex',(-15.,-49.6396671776,7.13624148226)) ;
#537=CARTESIAN_POINT('Vertex',(-15.,-31.,39.4210920701)) ;
#540=CARTESIAN_POINT('Line Origine',(-15.,-58.607766139,1.95850713281)) ;
#545=CARTESIAN_POINT('Line Origine',(-15.,-31.,49.776560769)) ;
#557=CARTESIAN_POINT('Axis2P3D Location',(-44.,-31.,84.4926032266)) ;
#562=CARTESIAN_POINT('Line Origine',(-44.,-31.,34.528718382)) ;
#566=CARTESIAN_POINT('Vertex',(-44.,-31.,23.3782217351)) ;
#568=CARTESIAN_POINT('Vertex',(-44.,-31.,45.679215029)) ;
#571=CARTESIAN_POINT('Line Origine',(-43.0129634695,-31.,23.3782217351)) ;
#575=CARTESIAN_POINT('Vertex',(-42.0259269389,-31.,23.3782217351)) ;
#579=CARTESIAN_POINT('Control Point',(-42.0259269389,-31.,23.3782217351)) ;
#580=CARTESIAN_POINT('Control Point',(-39.7669049496,-31.,24.9501107081)) ;
#581=CARTESIAN_POINT('Control Point',(-37.4550649111,-31.,26.4745356362)) ;
#582=CARTESIAN_POINT('Control Point',(-35.107083811,-31.,27.9602370959)) ;
#583=CARTESIAN_POINT('Control Point',(-29.7471620187,-31.,31.2376686624)) ;
#584=CARTESIAN_POINT('Control Point',(-24.2708250931,-31.,34.3737292251)) ;
#585=CARTESIAN_POINT('Control Point',(-21.1997774184,-31.,36.0834190927)) ;
#586=CARTESIAN_POINT('Control Point',(-18.107724334,-31.,37.7647003361)) ;
#587=CARTESIAN_POINT('Control Point',(-15.,-31.,39.4210920701)) ;
#589=CARTESIAN_POINT('Line Origine',(-22.325,-31.,60.129215029)) ;
#593=CARTESIAN_POINT('Vertex',(-29.55,-31.,60.129215029)) ;
#596=CARTESIAN_POINT('Axis2P3D Location',(-29.,-31.,45.129215029)) ;
#610=CARTESIAN_POINT('Axis2P3D Location',(-29.,-31.,45.129215029)) ;
#614=CARTESIAN_POINT('Vertex',(-33.8267040904,-31.,47.7660554913)) ;
#616=CARTESIAN_POINT('Vertex',(-24.1732959096,-31.,42.4923745666)) ;
#619=CARTESIAN_POINT('Axis2P3D Location',(-29.,-31.,45.129215029)) ;
#629=CARTESIAN_POINT('Line Origine',(-15.1,-20.,62.3776176652)) ;
#633=CARTESIAN_POINT('Vertex',(-15.1,-20.,60.129215029)) ;
#636=CARTESIAN_POINT('Line Origine',(-15.1,-25.5,60.129215029)) ;
#647=CARTESIAN_POINT('Axis2P3D Location',(-15.,0.,0.)) ;
#651=CARTESIAN_POINT('Vertex',(-15.,18.6396671776,-46.5573335524)) ;
#653=CARTESIAN_POINT('Vertex',(-15.,-18.6396671776,-46.5573335524)) ;
#656=CARTESIAN_POINT('Line Origine',(-15.,27.607766139,-51.7350679018)) ;
#661=CARTESIAN_POINT('Line Origine',(-15.,-27.607766139,-51.7350679018)) ;
#673=CARTESIAN_POINT('Line Origine',(-15.,26.7350215559,-38.5294826597)) ;
#677=CARTESIAN_POINT('Vertex',(-15.,7.5,-27.4241377865)) ;
#680=CARTESIAN_POINT('Axis2P3D Location',(-15.,9.5,-23.9600361714)) ;
#684=CARTESIAN_POINT('Vertex',(-15.,5.5,-23.9600361714)) ;
#687=CARTESIAN_POINT('Line Origine',(-15.,5.5,-21.9015855022)) ;
#691=CARTESIAN_POINT('Vertex',(-15.,5.5,-19.843134833)) ;
#694=CARTESIAN_POINT('Axis2P3D Location',(-15.,9.5,-19.843134833)) ;
#698=CARTESIAN_POINT('Vertex',(-15.,7.77272727273,-16.2352921361)) ;
#701=CARTESIAN_POINT('Axis2P3D Location',(-15.,0.,0.)) ;
#705=CARTESIAN_POINT('Vertex',(-15.,17.9465390641,1.38626679317)) ;
#708=CARTESIAN_POINT('Axis2P3D Location',(-15.,21.9346588561,1.69432608054)) ;
#712=CARTESIAN_POINT('Vertex',(-15.,19.9346588561,5.15842769568)) ;
#715=CARTESIAN_POINT('Line Origine',(-15.,21.717329428,6.18765303027)) ;
#719=CARTESIAN_POINT('Vertex',(-15.,23.5,7.21687836487)) ;
#722=CARTESIAN_POINT('Axis2P3D Location',(-15.,25.5,3.75277674973)) ;
#726=CARTESIAN_POINT('Vertex',(-15.,27.5,7.21687836487)) ;
#729=CARTESIAN_POINT('Line Origine',(-15.,46.7350215559,-3.88846650832)) ;
#747=CARTESIAN_POINT('Axis2P3D Location',(-29.5,-25.5,3.75277674973)) ;
#752=CARTESIAN_POINT('Axis2P3D Location',(-15.,-25.5,3.75277674973)) ;
#756=CARTESIAN_POINT('Vertex',(-15.,-23.5,7.21687836487)) ;
#758=CARTESIAN_POINT('Vertex',(-15.,-27.5,7.21687836487)) ;
#761=CARTESIAN_POINT('Line Origine',(-29.5,-27.5,7.21687836487)) ;
#765=CARTESIAN_POINT('Vertex',(-44.,-27.5,7.21687836487)) ;
#768=CARTESIAN_POINT('Axis2P3D Location',(-44.,-25.5,3.75277674973)) ;
#772=CARTESIAN_POINT('Vertex',(-44.,-23.5,7.21687836487)) ;
#775=CARTESIAN_POINT('Line Origine',(-29.5,-23.5,7.21687836487)) ;
#787=CARTESIAN_POINT('Axis2P3D Location',(-29.5,-35.,23.3782217351)) ;
#793=CARTESIAN_POINT('Control Point',(-43.7634703242,-31.5358983849,21.3782217351)) ;
#794=CARTESIAN_POINT('Control Point',(-43.6723145993,-31.2709720004,21.8370876933)) ;
#795=CARTESIAN_POINT('Control Point',(-43.3466312146,-31.1036290318,22.3099704824)) ;
#796=CARTESIAN_POINT('Control Point',(-42.9357222528,-31.0365773865,22.6923952796)) ;
#797=CARTESIAN_POINT('Control Point',(-42.4949536476,-31.,23.051860188)) ;
#798=CARTESIAN_POINT('Control Point',(-42.0259269389,-31.,23.3782217351)) ;
#799=CARTESIAN_POINT('Vertex',(-43.7634703242,-31.5358983849,21.3782217351)) ;
#802=CARTESIAN_POINT('Axis2P3D Location',(-44.,-35.,23.3782217351)) ;
#806=CARTESIAN_POINT('Vertex',(-44.,-31.5358983849,21.3782217351)) ;
#809=CARTESIAN_POINT('Line Origine',(-29.5,-31.5358983849,21.3782217351)) ;
#821=CARTESIAN_POINT('Line Origine',(-29.55,0.,60.129215029)) ;
#825=CARTESIAN_POINT('Vertex',(-29.55,-20.,60.129215029)) ;
#828=CARTESIAN_POINT('Axis2P3D Location',(-29.,-20.,45.129215029)) ;
#832=CARTESIAN_POINT('Vertex',(-44.,-20.,45.679215029)) ;
#835=CARTESIAN_POINT('Line Origine',(-44.,0.,45.679215029)) ;
#847=CARTESIAN_POINT('Axis2P3D Location',(-29.5,-2.74613391789,-42.)) ;
#853=CARTESIAN_POINT('Control Point',(-43.7634703242,-2.74613391789,-38.)) ;
#854=CARTESIAN_POINT('Control Point',(-43.6723145993,-3.27598668691,-38.)) ;
#855=CARTESIAN_POINT('Control Point',(-43.3466312144,-3.7691866796,-38.0915181327)) ;
#856=CARTESIAN_POINT('Control Point',(-42.9357222531,-4.13390209135,-38.2246621029)) ;
#857=CARTESIAN_POINT('Control Point',(-42.4949536477,-4.46349652726,-38.3727176113)) ;
#858=CARTESIAN_POINT('Control Point',(-42.0259269389,-4.74613391789,-38.5358983849)) ;
#859=CARTESIAN_POINT('Vertex',(-43.7634703242,-2.74613391789,-38.)) ;
#861=CARTESIAN_POINT('Vertex',(-42.0259269389,-4.74613391789,-38.5358983849)) ;
#864=CARTESIAN_POINT('Line Origine',(-29.5,-4.74613391789,-38.5358983849)) ;
#868=CARTESIAN_POINT('Vertex',(-44.,-4.74613391789,-38.5358983849)) ;
#871=CARTESIAN_POINT('Axis2P3D Location',(-44.,-2.74613391789,-42.)) ;
#875=CARTESIAN_POINT('Vertex',(-44.,-2.74613391789,-38.)) ;
#878=CARTESIAN_POINT('Line Origine',(-29.5,-2.74613391789,-38.)) ;
#890=CARTESIAN_POINT('Axis2P3D Location',(-29.,-39.1330466679,-22.4780049741)) ;
#895=CARTESIAN_POINT('Line Origine',(-33.8267040904,-41.366617494,-23.8830277456)) ;
#899=CARTESIAN_POINT('Vertex',(-33.8267040904,-25.866617494,-50.729815263)) ;
#901=CARTESIAN_POINT('Vertex',(-33.8267040904,-31.366617494,-41.2035358213)) ;
#904=CARTESIAN_POINT('Axis2P3D Location',(-29.,-29.0830466679,-39.8851155902)) ;
#908=CARTESIAN_POINT('Vertex',(-24.1732959096,-26.7994758418,-38.566695359)) ;
#911=CARTESIAN_POINT('Line Origine',(-24.1732959096,-36.7994758418,-21.2461872833)) ;
#915=CARTESIAN_POINT('Vertex',(-24.1732959096,-21.2994758418,-48.0929748006)) ;
#918=CARTESIAN_POINT('Axis2P3D Location',(-29.,-23.5830466679,-49.4113950318)) ;
#930=CARTESIAN_POINT('Axis2P3D Location',(-29.,-29.0830466679,-39.8851155902)) ;
#935=CARTESIAN_POINT('Axis2P3D Location',(-29.,-23.5830466679,-49.4113950318)) ;
#947=CARTESIAN_POINT('Axis2P3D Location',(-44.,-19.9346588561,5.15842769568)) ;
#952=CARTESIAN_POINT('Line Origine',(-15.,-21.717329428,6.18765303027)) ;
#956=CARTESIAN_POINT('Vertex',(-15.,-19.9346588561,5.15842769568)) ;
#959=CARTESIAN_POINT('Line Origine',(-44.,-21.717329428,6.18765303027)) ;
#963=CARTESIAN_POINT('Vertex',(-44.,-19.9346588561,5.15842769568)) ;
#966=CARTESIAN_POINT('Line Origine',(-29.5,-19.9346588561,5.15842769568)) ;
#978=CARTESIAN_POINT('Axis2P3D Location',(-44.,-31.5358983849,21.3782217351)) ;
#983=CARTESIAN_POINT('Line Origine',(-44.,-32.2224013052,20.1891637975)) ;
#987=CARTESIAN_POINT('Vertex',(-44.,-32.9089042255,19.00010586)) ;
#991=CARTESIAN_POINT('Control Point',(-43.7634703242,-31.5358983849,21.3782217351)) ;
#992=CARTESIAN_POINT('Control Point',(-43.9198698521,-31.9904431928,20.5909270335)) ;
#993=CARTESIAN_POINT('Control Point',(-43.9999961912,-32.4497080855,19.7954569052)) ;
#994=CARTESIAN_POINT('Control Point',(-43.9999961912,-32.9089654548,18.9999998078)) ;
#1002=CARTESIAN_POINT('Axis2P3D Location',(-44.,2.74613391789,-38.)) ;
#1008=CARTESIAN_POINT('Control Point',(-43.9999961912,-2.22077237044E-007,-38.)) ;
#1009=CARTESIAN_POINT('Control Point',(-43.9999961912,-0.918514580661,-38.)) ;
#1010=CARTESIAN_POINT('Control Point',(-43.9198697874,-1.83704467807,-38.)) ;
#1011=CARTESIAN_POINT('Control Point',(-43.7634703242,-2.74613391789,-38.)) ;
#1012=CARTESIAN_POINT('Vertex',(-44.,1.42108547152E-014,-38.)) ;
#1015=CARTESIAN_POINT('Line Origine',(-44.,-1.37306695895,-38.)) ;
#1026=CARTESIAN_POINT('Axis2P3D Location',(-29.5,-21.9346588561,1.69432608054)) ;
#1031=CARTESIAN_POINT('Axis2P3D Location',(-15.,-21.9346588561,1.69432608054)) ;
#1035=CARTESIAN_POINT('Vertex',(-15.,-17.9465390641,1.38626679317)) ;
#1038=CARTESIAN_POINT('Axis2P3D Location',(-44.,-21.9346588561,1.69432608054)) ;
#1042=CARTESIAN_POINT('Vertex',(-44.,-17.9465390641,1.38626679317)) ;
#1045=CARTESIAN_POINT('Line Origine',(-29.5,-17.9465390641,1.38626679317)) ;
#1057=CARTESIAN_POINT('Axis2P3D Location',(-29.5,0.,0.)) ;
#1062=CARTESIAN_POINT('Axis2P3D Location',(-15.,0.,0.)) ;
#1066=CARTESIAN_POINT('Vertex',(-15.,-7.77272727273,-16.2352921361)) ;
#1069=CARTESIAN_POINT('Axis2P3D Location',(-44.,0.,0.)) ;
#1073=CARTESIAN_POINT('Vertex',(-44.,-7.77272727273,-16.2352921361)) ;
#1076=CARTESIAN_POINT('Line Origine',(-29.5,-7.77272727273,-16.2352921361)) ;
#1088=CARTESIAN_POINT('Axis2P3D Location',(-29.5,-9.5,-19.843134833)) ;
#1093=CARTESIAN_POINT('Axis2P3D Location',(-15.,-9.5,-19.843134833)) ;
#1097=CARTESIAN_POINT('Vertex',(-15.,-5.5,-19.843134833)) ;
#1100=CARTESIAN_POINT('Axis2P3D Location',(-44.,-9.5,-19.843134833)) ;
#1104=CARTESIAN_POINT('Vertex',(-44.,-5.5,-19.843134833)) ;
#1107=CARTESIAN_POINT('Line Origine',(-29.5,-5.5,-19.843134833)) ;
#1119=CARTESIAN_POINT('Axis2P3D Location',(-44.,-5.5,-19.843134833)) ;
#1124=CARTESIAN_POINT('Line Origine',(-15.,-5.5,-21.9015855022)) ;
#1128=CARTESIAN_POINT('Vertex',(-15.,-5.5,-23.9600361714)) ;
#1131=CARTESIAN_POINT('Line Origine',(-44.,-5.5,-21.9015855022)) ;
#1135=CARTESIAN_POINT('Vertex',(-44.,-5.5,-23.9600361714)) ;
#1138=CARTESIAN_POINT('Line Origine',(-29.5,-5.5,-23.9600361714)) ;
#1150=CARTESIAN_POINT('Axis2P3D Location',(-29.5,-9.5,-23.9600361714)) ;
#1155=CARTESIAN_POINT('Axis2P3D Location',(-15.,-9.5,-23.9600361714)) ;
#1159=CARTESIAN_POINT('Vertex',(-15.,-7.5,-27.4241377865)) ;
#1162=CARTESIAN_POINT('Axis2P3D Location',(-44.,-9.5,-23.9600361714)) ;
#1166=CARTESIAN_POINT('Vertex',(-44.,-7.5,-27.4241377865)) ;
#1169=CARTESIAN_POINT('Line Origine',(-29.5,-7.5,-27.4241377865)) ;
#1181=CARTESIAN_POINT('Axis2P3D Location',(-29.5,16.,20.2072594216)) ;
#1186=CARTESIAN_POINT('Axis2P3D Location',(-15.,16.,20.2072594216)) ;
#1190=CARTESIAN_POINT('Vertex',(-15.,18.,16.7431578065)) ;
#1192=CARTESIAN_POINT('Vertex',(-15.,20.,20.2072594216)) ;
#1195=CARTESIAN_POINT('Line Origine',(-29.5,20.,20.2072594216)) ;
#1199=CARTESIAN_POINT('Vertex',(-44.,20.,20.2072594216)) ;
#1202=CARTESIAN_POINT('Axis2P3D Location',(-44.,16.,20.2072594216)) ;
#1206=CARTESIAN_POINT('Vertex',(-44.,18.,16.7431578065)) ;
#1209=CARTESIAN_POINT('Line Origine',(-29.5,18.,16.7431578065)) ;
#1221=CARTESIAN_POINT('Axis2P3D Location',(-44.,18.,16.7431578065)) ;
#1226=CARTESIAN_POINT('Line Origine',(-15.,16.217329428,15.7139324719)) ;
#1230=CARTESIAN_POINT('Vertex',(-15.,14.4346588561,14.6847071373)) ;
#1233=CARTESIAN_POINT('Line Origine',(-44.,16.217329428,15.7139324719)) ;
#1237=CARTESIAN_POINT('Vertex',(-44.,14.4346588561,14.6847071373)) ;
#1240=CARTESIAN_POINT('Line Origine',(-29.5,14.4346588561,14.6847071373)) ;
#1252=CARTESIAN_POINT('Axis2P3D Location',(-29.5,12.4346588561,18.1488087524)) ;
#1257=CARTESIAN_POINT('Axis2P3D Location',(-15.,12.4346588561,18.1488087524)) ;
#1261=CARTESIAN_POINT('Vertex',(-15.,10.1738117913,14.8490253429)) ;
#1264=CARTESIAN_POINT('Axis2P3D Location',(-44.,12.4346588561,18.1488087524)) ;
#1268=CARTESIAN_POINT('Vertex',(-44.,10.1738117913,14.8490253429)) ;
#1271=CARTESIAN_POINT('Line Origine',(-29.5,10.1738117913,14.8490253429)) ;
#1283=CARTESIAN_POINT('Axis2P3D Location',(-15.,0.,0.)) ;
#1287=CARTESIAN_POINT('Vertex',(-15.,-10.1738117913,14.8490253429)) ;
#1290=CARTESIAN_POINT('Axis2P3D Location',(-44.,0.,0.)) ;
#1294=CARTESIAN_POINT('Vertex',(-44.,-10.1738117913,14.8490253429)) ;
#1297=CARTESIAN_POINT('Line Origine',(-29.5,-10.1738117913,14.8490253429)) ;
#1309=CARTESIAN_POINT('Axis2P3D Location',(-29.5,-12.4346588561,18.1488087524)) ;
#1314=CARTESIAN_POINT('Axis2P3D Location',(-15.,-12.4346588561,18.1488087524)) ;
#1318=CARTESIAN_POINT('Vertex',(-15.,-14.4346588561,14.6847071373)) ;
#1321=CARTESIAN_POINT('Axis2P3D Location',(-44.,-12.4346588561,18.1488087524)) ;
#1325=CARTESIAN_POINT('Vertex',(-44.,-14.4346588561,14.6847071373)) ;
#1328=CARTESIAN_POINT('Line Origine',(-29.5,-14.4346588561,14.6847071373)) ;
#1340=CARTESIAN_POINT('Axis2P3D Location',(-44.,-14.4346588561,14.6847071373)) ;
#1345=CARTESIAN_POINT('Line Origine',(-15.,-16.217329428,15.7139324719)) ;
#1349=CARTESIAN_POINT('Vertex',(-15.,-18.,16.7431578065)) ;
#1352=CARTESIAN_POINT('Line Origine',(-44.,-16.217329428,15.7139324719)) ;
#1356=CARTESIAN_POINT('Vertex',(-44.,-18.,16.7431578065)) ;
#1359=CARTESIAN_POINT('Line Origine',(-29.5,-18.,16.7431578065)) ;
#1371=CARTESIAN_POINT('Axis2P3D Location',(-29.5,-16.,20.2072594216)) ;
#1376=CARTESIAN_POINT('Axis2P3D Location',(-15.,-16.,20.2072594216)) ;
#1380=CARTESIAN_POINT('Vertex',(-15.,-20.,20.2072594216)) ;
#1383=CARTESIAN_POINT('Axis2P3D Location',(-44.,-16.,20.2072594216)) ;
#1387=CARTESIAN_POINT('Vertex',(-44.,-20.,20.2072594216)) ;
#1390=CARTESIAN_POINT('Line Origine',(-29.5,-20.,20.2072594216)) ;
#1402=CARTESIAN_POINT('Line Origine',(-44.,-33.5954682641,17.8109420624)) ;
#1406=CARTESIAN_POINT('Vertex',(-44.,-34.2820323028,16.6217782649)) ;
#1409=CARTESIAN_POINT('Line Origine',(-43.8817351621,-34.2820323028,16.6217782649)) ;
#1413=CARTESIAN_POINT('Vertex',(-43.7634703242,-34.2820323028,16.6217782649)) ;
#1417=CARTESIAN_POINT('Control Point',(-43.9999961912,-32.9089654548,18.9999998078)) ;
#1418=CARTESIAN_POINT('Control Point',(-43.9999961912,-33.3682226341,18.2045430394)) ;
#1419=CARTESIAN_POINT('Control Point',(-43.9198697874,-33.8274876829,17.4090726409)) ;
#1420=CARTESIAN_POINT('Control Point',(-43.7634703242,-34.2820323028,16.6217782649)) ;
#1429=CARTESIAN_POINT('Control Point',(-43.7634703242,2.74613391789,-38.)) ;
#1430=CARTESIAN_POINT('Control Point',(-43.9198698522,1.83704430194,-38.)) ;
#1431=CARTESIAN_POINT('Control Point',(-43.9999961912,0.918514516534,-38.)) ;
#1432=CARTESIAN_POINT('Control Point',(-43.9999961912,-2.22077237266E-007,-38.)) ;
#1433=CARTESIAN_POINT('Vertex',(-43.7634703242,2.74613391789,-38.)) ;
#1436=CARTESIAN_POINT('Line Origine',(-44.,1.37306695895,-38.)) ;
#1440=CARTESIAN_POINT('Vertex',(-44.,2.74613391789,-38.)) ;
#1443=CARTESIAN_POINT('Line Origine',(-43.8817351621,2.74613391789,-38.)) ;
#1454=CARTESIAN_POINT('Axis2P3D Location',(-22.0000000002,0.,0.)) ;
#1459=CARTESIAN_POINT('Axis2P3D Location',(-44.,0.,0.)) ;
#1463=CARTESIAN_POINT('Vertex',(-44.,4.47567106564,2.44507024688)) ;
#1465=CARTESIAN_POINT('Vertex',(-44.,-4.47567106564,-2.44507024688)) ;
#1468=CARTESIAN_POINT('Line Origine',(-41.,4.47567106564,2.44507024688)) ;
#1472=CARTESIAN_POINT('Vertex',(-38.,4.47567106564,2.44507024688)) ;
#1475=CARTESIAN_POINT('Axis2P3D Location',(-38.,0.,0.)) ;
#1479=CARTESIAN_POINT('Vertex',(-38.,-4.47567106564,-2.44507024688)) ;
#1482=CARTESIAN_POINT('Line Origine',(-41.,-4.47567106564,-2.44507024688)) ;
#1494=CARTESIAN_POINT('Axis2P3D Location',(-44.,0.,0.)) ;
#1499=CARTESIAN_POINT('Axis2P3D Location',(-38.,0.,0.)) ;
#1511=CARTESIAN_POINT('Axis2P3D Location',(-38.,15.,0.)) ;
#1516=CARTESIAN_POINT('Axis2P3D Location',(-38.,0.,0.)) ;
#1520=CARTESIAN_POINT('Vertex',(-38.,-13.1637384284,-7.19138307906)) ;
#1522=CARTESIAN_POINT('Vertex',(-38.,13.1637384284,7.19138307906)) ;
#1525=CARTESIAN_POINT('Axis2P3D Location',(-38.,0.,0.)) ;
#1539=CARTESIAN_POINT('Axis2P3D Location',(-22.0000000002,0.,0.)) ;
#1544=CARTESIAN_POINT('Line Origine',(-21.5,-13.1637384284,-7.19138307906)) ;
#1548=CARTESIAN_POINT('Vertex',(-5.,-13.1637384284,-7.19138307906)) ;
#1551=CARTESIAN_POINT('Axis2P3D Location',(-5.,0.,0.)) ;
#1555=CARTESIAN_POINT('Vertex',(-5.,13.1637384284,7.19138307906)) ;
#1558=CARTESIAN_POINT('Line Origine',(-21.5,13.1637384284,7.19138307906)) ;
#1570=CARTESIAN_POINT('Axis2P3D Location',(-5.,0.,0.)) ;
#1582=CARTESIAN_POINT('Axis2P3D Location',(-5.,32.65,0.)) ;
#1587=CARTESIAN_POINT('Axis2P3D Location',(-5.,0.,0.)) ;
#1591=CARTESIAN_POINT('Vertex',(-5.,-28.6530706457,-15.6532438354)) ;
#1593=CARTESIAN_POINT('Vertex',(-5.,28.6530706457,15.6532438354)) ;
#1596=CARTESIAN_POINT('Axis2P3D Location',(-5.,0.,0.)) ;
#1610=CARTESIAN_POINT('Axis2P3D Location',(-22.0000000002,0.,0.)) ;
#1615=CARTESIAN_POINT('Line Origine',(-2.75,-28.6530706457,-15.6532438354)) ;
#1619=CARTESIAN_POINT('Vertex',(-0.5,-28.6530706457,-15.6532438354)) ;
#1622=CARTESIAN_POINT('Axis2P3D Location',(-0.5,0.,0.)) ;
#1626=CARTESIAN_POINT('Vertex',(-0.5,28.6530706457,15.6532438354)) ;
#1629=CARTESIAN_POINT('Line Origine',(-2.75,28.6530706457,15.6532438354)) ;
#1641=CARTESIAN_POINT('Axis2P3D Location',(-0.5,0.,0.)) ;
#1653=CARTESIAN_POINT('Axis2P3D Location',(-0.5,56.5,0.)) ;
#1658=CARTESIAN_POINT('Axis2P3D Location',(-0.5,0.,0.)) ;
#1662=CARTESIAN_POINT('Vertex',(-0.5,-49.5834147468,-27.0875429311)) ;
#1664=CARTESIAN_POINT('Vertex',(-0.5,49.5834147468,27.0875429311)) ;
#1667=CARTESIAN_POINT('Axis2P3D Location',(-0.5,0.,0.)) ;
#1676=CARTESIAN_POINT('Axis2P3D Location',(-0.5,-1.42108547152E-014,44.)) ;
#1680=CARTESIAN_POINT('Vertex',(-0.5,-3.6753157692,46.0078341557)) ;
#1682=CARTESIAN_POINT('Vertex',(-0.5,3.6753157692,41.9921658443)) ;
#1685=CARTESIAN_POINT('Axis2P3D Location',(-0.5,-1.42108547152E-014,44.)) ;
#1694=CARTESIAN_POINT('Axis2P3D Location',(-0.5,0.,-44.)) ;
#1698=CARTESIAN_POINT('Vertex',(-0.5,-3.6753157692,-41.9921658443)) ;
#1700=CARTESIAN_POINT('Vertex',(-0.5,3.6753157692,-46.0078341557)) ;
#1703=CARTESIAN_POINT('Axis2P3D Location',(-0.5,0.,-44.)) ;
#1717=CARTESIAN_POINT('Axis2P3D Location',(-0.5,0.,0.)) ;
#1722=CARTESIAN_POINT('Line Origine',(-0.25,-49.8028103873,-27.2073993158)) ;
#1726=CARTESIAN_POINT('Vertex',(1.40443212615E-014,-50.0222060278,-27.3272557004)) ;
#1729=CARTESIAN_POINT('Axis2P3D Location',(1.4155343564E-014,0.,0.)) ;
#1733=CARTESIAN_POINT('Vertex',(1.40443212615E-014,50.0222060278,27.3272557004)) ;
#1736=CARTESIAN_POINT('Line Origine',(-0.25,49.8028103873,27.2073993158)) ;
#1748=CARTESIAN_POINT('Axis2P3D Location',(1.4155343564E-014,0.,0.)) ;
#1760=CARTESIAN_POINT('Axis2P3D Location',(0.,64.75,0.)) ;
#1765=CARTESIAN_POINT('Axis2P3D Location',(0.,0.,0.)) ;
#1769=CARTESIAN_POINT('Vertex',(-1.36002320517E-014,-56.8234708824,-31.0428036246)) ;
#1771=CARTESIAN_POINT('Vertex',(-1.36002320517E-014,56.8234708824,31.0428036246)) ;
#1774=CARTESIAN_POINT('Axis2P3D Location',(0.,0.,0.)) ;
#1788=CARTESIAN_POINT('Axis2P3D Location',(-14.,0.,-44.)) ;
#1793=CARTESIAN_POINT('Axis2P3D Location',(-14.,-1.41514793172E-014,44.)) ;
#1797=CARTESIAN_POINT('Vertex',(-14.,3.6753157692,41.9921658443)) ;
#1799=CARTESIAN_POINT('Vertex',(-14.,-3.6753157692,46.0078341557)) ;
#1802=CARTESIAN_POINT('Axis2P3D Location',(-14.,-1.41514793172E-014,44.)) ;
#1812=CARTESIAN_POINT('Axis2P3D Location',(-14.,0.,-44.)) ;
#1816=CARTESIAN_POINT('Vertex',(-14.,-3.6753157692,-41.9921658443)) ;
#1818=CARTESIAN_POINT('Vertex',(-14.,3.6753157692,-46.0078341557)) ;
#1821=CARTESIAN_POINT('Axis2P3D Location',(-14.,0.,-44.)) ;
#1831=CARTESIAN_POINT('Axis2P3D Location',(-0.1,0.,-44.)) ;
#1836=CARTESIAN_POINT('Line Origine',(-6.84499999997,-3.6753157692,-41.9921658443)) ;
#1841=CARTESIAN_POINT('Line Origine',(-6.84499999997,3.6753157692,-46.0078341557)) ;
#1860=CARTESIAN_POINT('Axis2P3D Location',(-0.1,-1.41514793172E-014,44.)) ;
#1865=CARTESIAN_POINT('Line Origine',(-6.84499999997,-3.6753157692,46.0078341557)) ;
#1870=CARTESIAN_POINT('Line Origine',(-6.84499999997,3.6753157692,41.9921658443)) ;
#1889=CARTESIAN_POINT('Axis2P3D Location',(-0.384905660377,0.,0.)) ;
#1894=CARTESIAN_POINT('Axis2P3D Location',(-0.384905660377,-61.1236254357,-33.3919887638)) ;
#1898=CARTESIAN_POINT('Vertex',(-5.3,-61.1236254357,-33.3919887638)) ;
#1901=CARTESIAN_POINT('Axis2P3D Location',(-5.3,0.,0.)) ;
#1905=CARTESIAN_POINT('Vertex',(-5.3,61.1236254357,33.3919887638)) ;
#1908=CARTESIAN_POINT('Axis2P3D Location',(-0.384905660377,61.1236254357,33.3919887638)) ;
#1920=CARTESIAN_POINT('Axis2P3D Location',(-29.5,2.74613391789,-42.)) ;
#1926=CARTESIAN_POINT('Control Point',(-43.7634703242,2.74613391789,-38.)) ;
#1927=CARTESIAN_POINT('Control Point',(-43.6723145993,3.27598668684,-38.)) ;
#1928=CARTESIAN_POINT('Control Point',(-43.3466312146,3.76918667955,-38.0915181326)) ;
#1929=CARTESIAN_POINT('Control Point',(-42.9357222527,4.13390209167,-38.224662103)) ;
#1930=CARTESIAN_POINT('Control Point',(-42.4949536476,4.4634965273,-38.3727176113)) ;
#1931=CARTESIAN_POINT('Control Point',(-42.0259269389,4.74613391789,-38.5358983849)) ;
#1932=CARTESIAN_POINT('Vertex',(-42.0259269389,4.74613391789,-38.5358983849)) ;
#1935=CARTESIAN_POINT('Axis2P3D Location',(-44.,2.74613391789,-42.)) ;
#1939=CARTESIAN_POINT('Vertex',(-44.,4.74613391789,-38.5358983849)) ;
#1942=CARTESIAN_POINT('Line Origine',(-29.5,4.74613391789,-38.5358983849)) ;
#1954=CARTESIAN_POINT('Axis2P3D Location',(-29.5,-37.7461339179,18.6217782649)) ;
#1960=CARTESIAN_POINT('Control Point',(-43.7634703242,-34.2820323028,16.6217782649)) ;
#1961=CARTESIAN_POINT('Control Point',(-43.6723145993,-34.5469586872,16.1629123067)) ;
#1962=CARTESIAN_POINT('Control Point',(-43.3466312145,-34.8728157114,15.7815476502)) ;
#1963=CARTESIAN_POINT('Control Point',(-42.935722253,-35.1704794779,15.5322668235)) ;
#1964=CARTESIAN_POINT('Control Point',(-42.4949536476,-35.4634965273,15.3208574233)) ;
#1965=CARTESIAN_POINT('Control Point',(-42.0259269389,-35.7461339179,15.1576766498)) ;
#1966=CARTESIAN_POINT('Vertex',(-42.0259269389,-35.7461339179,15.1576766498)) ;
#1969=CARTESIAN_POINT('Axis2P3D Location',(-44.,-37.7461339179,18.6217782649)) ;
#1973=CARTESIAN_POINT('Vertex',(-44.,-35.7461339179,15.1576766498)) ;
#1976=CARTESIAN_POINT('Line Origine',(-29.5,-35.7461339179,15.1576766498)) ;
#1988=CARTESIAN_POINT('Axis2P3D Location',(-5.3,0.,0.)) ;
#2000=CARTESIAN_POINT('Axis2P3D Location',(-29.,39.0330466679,-22.6512100549)) ;
#2005=CARTESIAN_POINT('Line Origine',(-24.1732959096,36.7994758418,-21.2461872833)) ;
#2009=CARTESIAN_POINT('Vertex',(-24.1732959096,52.2994758418,5.60060023399)) ;
#2011=CARTESIAN_POINT('Vertex',(-24.1732959096,46.7994758418,-3.92567920763)) ;
#2014=CARTESIAN_POINT('Axis2P3D Location',(-29.,49.0830466679,-5.2440994388)) ;
#2018=CARTESIAN_POINT('Vertex',(-33.8267040904,51.366617494,-6.56251966996)) ;
#2021=CARTESIAN_POINT('Line Origine',(-33.8267040904,41.366617494,-23.8830277456)) ;
#2025=CARTESIAN_POINT('Vertex',(-33.8267040904,56.866617494,2.96375977167)) ;
#2028=CARTESIAN_POINT('Axis2P3D Location',(-29.,54.5830466679,4.28218000283)) ;
#2040=CARTESIAN_POINT('Axis2P3D Location',(-29.,49.0830466679,-5.2440994388)) ;
#2045=CARTESIAN_POINT('Axis2P3D Location',(-29.,54.5830466679,4.28218000283)) ;
#2057=CARTESIAN_POINT('Axis2P3D Location',(-44.,31.5358983849,21.3782217351)) ;
#2063=CARTESIAN_POINT('Control Point',(-43.9999961912,32.9089654548,18.9999998078)) ;
#2064=CARTESIAN_POINT('Control Point',(-43.9999961912,33.3682226341,18.2045430394)) ;
#2065=CARTESIAN_POINT('Control Point',(-43.9198697875,33.8274876828,17.4090726409)) ;
#2066=CARTESIAN_POINT('Control Point',(-43.7634703242,34.2820323028,16.6217782649)) ;
#2067=CARTESIAN_POINT('Vertex',(-44.,32.9089653438,19.)) ;
#2069=CARTESIAN_POINT('Vertex',(-43.7634703242,34.2820323028,16.6217782649)) ;
#2072=CARTESIAN_POINT('Line Origine',(-43.8817351621,34.2820323028,16.6217782649)) ;
#2076=CARTESIAN_POINT('Vertex',(-44.,34.2820323028,16.6217782649)) ;
#2079=CARTESIAN_POINT('Line Origine',(-44.,33.5954988233,17.8108891325)) ;
#2090=CARTESIAN_POINT('Axis2P3D Location',(-29.5,37.7461339179,18.6217782649)) ;
#2096=CARTESIAN_POINT('Control Point',(-43.7634703242,34.2820323028,16.6217782649)) ;
#2097=CARTESIAN_POINT('Control Point',(-43.6723145993,34.5469586872,16.1629123067)) ;
#2098=CARTESIAN_POINT('Control Point',(-43.3466312144,34.8728157115,15.7815476501)) ;
#2099=CARTESIAN_POINT('Control Point',(-42.935722253,35.1704794779,15.5322668236)) ;
#2100=CARTESIAN_POINT('Control Point',(-42.4949536476,35.4634965273,15.3208574233)) ;
#2101=CARTESIAN_POINT('Control Point',(-42.0259269389,35.7461339179,15.1576766498)) ;
#2102=CARTESIAN_POINT('Vertex',(-42.0259269389,35.7461339179,15.1576766498)) ;
#2105=CARTESIAN_POINT('Line Origine',(-29.5,35.7461339179,15.1576766498)) ;
#2109=CARTESIAN_POINT('Vertex',(-44.,35.7461339179,15.1576766498)) ;
#2112=CARTESIAN_POINT('Axis2P3D Location',(-44.,37.7461339179,18.6217782649)) ;
#2125=CARTESIAN_POINT('Control Point',(-43.7634703242,31.5358983849,21.3782217351)) ;
#2126=CARTESIAN_POINT('Control Point',(-43.9198698522,31.9904431928,20.5909270334)) ;
#2127=CARTESIAN_POINT('Control Point',(-43.9999961912,32.4497080855,19.7954569051)) ;
#2128=CARTESIAN_POINT('Control Point',(-43.9999961912,32.9089654548,18.9999998078)) ;
#2129=CARTESIAN_POINT('Vertex',(-43.7634703242,31.5358983849,21.3782217351)) ;
#2132=CARTESIAN_POINT('Line Origine',(-44.,32.2224318643,20.1891108675)) ;
#2136=CARTESIAN_POINT('Vertex',(-44.,31.5358983849,21.3782217351)) ;
#2139=CARTESIAN_POINT('Line Origine',(-43.8817351621,31.5358983849,21.3782217351)) ;
#2150=CARTESIAN_POINT('Axis2P3D Location',(-29.,39.0330466679,-22.6512100549)) ;
#2155=CARTESIAN_POINT('Line Origine',(-33.8267040904,41.366617494,-23.8830277456)) ;
#2159=CARTESIAN_POINT('Vertex',(-33.8267040904,25.866617494,-50.729815263)) ;
#2161=CARTESIAN_POINT('Vertex',(-33.8267040904,31.366617494,-41.2035358213)) ;
#2164=CARTESIAN_POINT('Axis2P3D Location',(-29.,23.5830466679,-49.4113950318)) ;
#2168=CARTESIAN_POINT('Vertex',(-24.1732959096,21.2994758418,-48.0929748006)) ;
#2171=CARTESIAN_POINT('Line Origine',(-24.1732959096,36.7994758418,-21.2461872833)) ;
#2175=CARTESIAN_POINT('Vertex',(-24.1732959096,26.7994758418,-38.566695359)) ;
#2178=CARTESIAN_POINT('Axis2P3D Location',(-29.,29.0830466679,-39.8851155902)) ;
#2190=CARTESIAN_POINT('Axis2P3D Location',(-29.,23.5830466679,-49.4113950318)) ;
#2195=CARTESIAN_POINT('Axis2P3D Location',(-29.,29.0830466679,-39.8851155902)) ;
#2207=CARTESIAN_POINT('Axis2P3D Location',(-29.5,9.5,-23.9600361714)) ;
#2212=CARTESIAN_POINT('Line Origine',(-29.5,7.5,-27.4241377865)) ;
#2216=CARTESIAN_POINT('Vertex',(-44.,7.5,-27.4241377865)) ;
#2219=CARTESIAN_POINT('Axis2P3D Location',(-44.,9.5,-23.9600361714)) ;
#2223=CARTESIAN_POINT('Vertex',(-44.,5.5,-23.9600361714)) ;
#2226=CARTESIAN_POINT('Line Origine',(-29.5,5.5,-23.9600361714)) ;
#2238=CARTESIAN_POINT('Axis2P3D Location',(-44.,5.5,-19.843134833)) ;
#2243=CARTESIAN_POINT('Line Origine',(-44.,5.5,-21.9015855022)) ;
#2247=CARTESIAN_POINT('Vertex',(-44.,5.5,-19.843134833)) ;
#2250=CARTESIAN_POINT('Line Origine',(-29.5,5.5,-19.843134833)) ;
#2262=CARTESIAN_POINT('Axis2P3D Location',(-29.5,9.5,-19.843134833)) ;
#2267=CARTESIAN_POINT('Axis2P3D Location',(-44.,9.5,-19.843134833)) ;
#2271=CARTESIAN_POINT('Vertex',(-44.,7.77272727273,-16.2352921361)) ;
#2274=CARTESIAN_POINT('Line Origine',(-29.5,7.77272727273,-16.2352921361)) ;
#2286=CARTESIAN_POINT('Axis2P3D Location',(-44.,0.,0.)) ;
#2290=CARTESIAN_POINT('Vertex',(-44.,17.9465390641,1.38626679317)) ;
#2293=CARTESIAN_POINT('Line Origine',(-29.5,17.9465390641,1.38626679317)) ;
#2305=CARTESIAN_POINT('Axis2P3D Location',(-29.5,21.9346588561,1.69432608054)) ;
#2310=CARTESIAN_POINT('Axis2P3D Location',(-44.,21.9346588561,1.69432608054)) ;
#2314=CARTESIAN_POINT('Vertex',(-44.,19.9346588561,5.15842769568)) ;
#2317=CARTESIAN_POINT('Line Origine',(-29.5,19.9346588561,5.15842769568)) ;
#2329=CARTESIAN_POINT('Axis2P3D Location',(-44.,23.5,7.21687836487)) ;
#2334=CARTESIAN_POINT('Line Origine',(-44.,21.717329428,6.18765303027)) ;
#2338=CARTESIAN_POINT('Vertex',(-44.,23.5,7.21687836487)) ;
#2341=CARTESIAN_POINT('Line Origine',(-29.5,23.5,7.21687836487)) ;
#2353=CARTESIAN_POINT('Axis2P3D Location',(-29.5,25.5,3.75277674973)) ;
#2358=CARTESIAN_POINT('Axis2P3D Location',(-44.,25.5,3.75277674973)) ;
#2362=CARTESIAN_POINT('Vertex',(-44.,27.5,7.21687836487)) ;
#2365=CARTESIAN_POINT('Line Origine',(-29.5,27.5,7.21687836487)) ;
#2377=CARTESIAN_POINT('Axis2P3D Location',(-44.,0.,0.)) ;
#2383=CARTESIAN_POINT('Control Point',(-42.0259269389,4.74613391789,-38.5358983849)) ;
#2384=CARTESIAN_POINT('Control Point',(-36.9324029838,7.81551204301,-40.3080046716)) ;
#2385=CARTESIAN_POINT('Control Point',(-31.573527823,10.6758228138,-41.9594098104)) ;
#2386=CARTESIAN_POINT('Control Point',(-26.1179811442,13.4159124304,-43.5413990802)) ;
#2387=CARTESIAN_POINT('Control Point',(-20.5844972144,16.0619499356,-45.0690878088)) ;
#2388=CARTESIAN_POINT('Control Point',(-15.,18.6396671776,-46.5573335524)) ;
#2391=CARTESIAN_POINT('Control Point',(-42.0259269389,-4.74613391789,-38.5358983849)) ;
#2392=CARTESIAN_POINT('Control Point',(-36.9324029834,-7.8155120433,-40.3080046718)) ;
#2393=CARTESIAN_POINT('Control Point',(-31.5735278225,-10.6758228142,-41.9594098105)) ;
#2394=CARTESIAN_POINT('Control Point',(-26.1179811421,-13.4159124314,-43.5413990808)) ;
#2395=CARTESIAN_POINT('Control Point',(-20.5844972149,-16.0619499353,-45.0690878086)) ;
#2396=CARTESIAN_POINT('Control Point',(-15.,-18.6396671776,-46.5573335524)) ;
#2408=CARTESIAN_POINT('Line Origine',(-33.8267040904,0.,47.7660554913)) ;
#2412=CARTESIAN_POINT('Vertex',(-33.8267040904,-20.,47.7660554913)) ;
#2415=CARTESIAN_POINT('Axis2P3D Location',(-29.,-20.,45.129215029)) ;
#2419=CARTESIAN_POINT('Vertex',(-24.1732959096,-20.,42.4923745666)) ;
#2422=CARTESIAN_POINT('Line Origine',(-24.1732959096,0.,42.4923745666)) ;
#2434=CARTESIAN_POINT('Axis2P3D Location',(-29.,-20.,45.129215029)) ;
#2446=CARTESIAN_POINT('Axis2P3D Location',(-29.55,0.,60.129215029)) ;
#2451=CARTESIAN_POINT('Line Origine',(-22.325,-20.,60.129215029)) ;
#2464=CARTESIAN_POINT('Control Point',(-42.0259269389,-35.7461339179,15.1576766498)) ;
#2465=CARTESIAN_POINT('Control Point',(-36.9324029821,-38.815512044,13.3855703624)) ;
#2466=CARTESIAN_POINT('Control Point',(-31.5735278221,-41.675826231,11.7341711418)) ;
#2467=CARTESIAN_POINT('Control Point',(-26.117981137,-44.4159139384,10.1521785585)) ;
#2468=CARTESIAN_POINT('Control Point',(-20.5844972162,-47.0619499347,8.62448722635)) ;
#2469=CARTESIAN_POINT('Control Point',(-15.,-49.6396671776,7.13624148226)) ;
#2481=CARTESIAN_POINT('Axis2P3D Location',(-29.,-39.1330466679,-22.4780049741)) ;
#2486=CARTESIAN_POINT('Line Origine',(-33.8267040904,-41.366617494,-23.8830277456)) ;
#2490=CARTESIAN_POINT('Vertex',(-33.8267040904,-56.866617494,2.96375977167)) ;
#2492=CARTESIAN_POINT('Vertex',(-33.8267040904,-51.366617494,-6.56251966996)) ;
#2495=CARTESIAN_POINT('Axis2P3D Location',(-29.,-54.5830466679,4.28218000283)) ;
#2499=CARTESIAN_POINT('Vertex',(-24.1732959096,-52.2994758418,5.60060023399)) ;
#2502=CARTESIAN_POINT('Line Origine',(-24.1732959096,-36.7994758418,-21.2461872833)) ;
#2506=CARTESIAN_POINT('Vertex',(-24.1732959096,-46.7994758418,-3.92567920763)) ;
#2509=CARTESIAN_POINT('Axis2P3D Location',(-29.,-49.0830466679,-5.2440994388)) ;
#2521=CARTESIAN_POINT('Axis2P3D Location',(-29.,-54.5830466679,4.28218000283)) ;
#2526=CARTESIAN_POINT('Axis2P3D Location',(-29.,-49.0830466679,-5.2440994388)) ;
#2538=CARTESIAN_POINT('Axis2P3D Location',(-22.0000000002,0.,0.)) ;
#2543=CARTESIAN_POINT('Line Origine',(-9.2,-61.1236254357,-33.3919887638)) ;
#2548=CARTESIAN_POINT('Line Origine',(-9.2,61.1236254357,33.3919887638)) ;
#2560=CARTESIAN_POINT('Line Origine',(-15.,20.,42.417949168)) ;
#2565=CARTESIAN_POINT('Line Origine',(-15.,-20.,42.417949168)) ;
#2583=CARTESIAN_POINT('Axis2P3D Location',(-44.,-20.,87.7496438739)) ;
#2588=CARTESIAN_POINT('Line Origine',(-44.,-20.,32.9432372253)) ;
#2607=CARTESIAN_POINT('Line Origine',(-15.,-46.7350215559,-3.88846650832)) ;
#2612=CARTESIAN_POINT('Line Origine',(-15.,-26.7350215559,-38.5294826597)) ;
#2639=CARTESIAN_POINT('Control Point',(-43.7634703242,31.5358983849,21.3782217351)) ;
#2640=CARTESIAN_POINT('Control Point',(-43.6723145993,31.2709720004,21.8370876933)) ;
#2641=CARTESIAN_POINT('Control Point',(-43.3466312149,31.1036300868,22.3099682439)) ;
#2642=CARTESIAN_POINT('Control Point',(-42.9357222529,31.0365768747,22.6923971345)) ;
#2643=CARTESIAN_POINT('Control Point',(-42.4949536476,31.,23.051860188)) ;
#2644=CARTESIAN_POINT('Control Point',(-42.0259269389,31.,23.3782217351)) ;
#2647=CARTESIAN_POINT('Control Point',(-42.0259269389,35.7461339179,15.1576766498)) ;
#2648=CARTESIAN_POINT('Control Point',(-36.9324029835,38.8155120432,13.3855703629)) ;
#2649=CARTESIAN_POINT('Control Point',(-31.5735278216,41.6758262313,11.7341711416)) ;
#2650=CARTESIAN_POINT('Control Point',(-26.1179811423,44.4159139358,10.1521785599)) ;
#2651=CARTESIAN_POINT('Control Point',(-20.5844972147,47.0619499354,8.62448722594)) ;
#2652=CARTESIAN_POINT('Control Point',(-15.,49.6396671776,7.13624148226)) ;
#2664=CARTESIAN_POINT('Axis2P3D Location',(-29.5,35.,23.3782217351)) ;
#2669=CARTESIAN_POINT('Axis2P3D Location',(-44.,35.,23.3782217351)) ;
#2681=CARTESIAN_POINT('Axis2P3D Location',(-44.,20.,87.7496438739)) ;
#2686=CARTESIAN_POINT('Line Origine',(-22.325,20.,60.129215029)) ;
#2691=CARTESIAN_POINT('Line Origine',(-44.,20.,32.9432372253)) ;
#2717=CARTESIAN_POINT('Axis2P3D Location',(-44.,67.65,0.)) ;
#2722=CARTESIAN_POINT('Line Origine',(-44.,-52.30936064,-0.755959717981)) ;
#2726=CARTESIAN_POINT('Vertex',(-44.,-49.55936064,-5.5190994388)) ;
#2728=CARTESIAN_POINT('Vertex',(-44.,-55.05936064,4.00718000283)) ;
#2731=CARTESIAN_POINT('Line Origine',(-44.,-45.402747279,9.5824283263)) ;
#2736=CARTESIAN_POINT('Line Origine',(-44.,45.402747279,9.5824283263)) ;
#2740=CARTESIAN_POINT('Vertex',(-44.,55.05936064,4.00718000283)) ;
#2743=CARTESIAN_POINT('Line Origine',(-44.,52.30936064,-0.755959717981)) ;
#2747=CARTESIAN_POINT('Vertex',(-44.,49.55936064,-5.5190994388)) ;
#2750=CARTESIAN_POINT('Line Origine',(-44.,38.52968032,0.848889463037)) ;
#2755=CARTESIAN_POINT('Line Origine',(-44.,18.52968032,-33.7921266883)) ;
#2759=CARTESIAN_POINT('Vertex',(-44.,29.55936064,-40.1601155902)) ;
#2762=CARTESIAN_POINT('Line Origine',(-44.,26.80936064,-44.923255311)) ;
#2766=CARTESIAN_POINT('Vertex',(-44.,24.05936064,-49.6863950318)) ;
#2769=CARTESIAN_POINT('Line Origine',(-44.,14.402747279,-44.1111467083)) ;
#2774=CARTESIAN_POINT('Line Origine',(-44.,-14.402747279,-44.1111467083)) ;
#2778=CARTESIAN_POINT('Vertex',(-44.,-24.05936064,-49.6863950318)) ;
#2781=CARTESIAN_POINT('Line Origine',(-44.,-26.80936064,-44.923255311)) ;
#2785=CARTESIAN_POINT('Vertex',(-44.,-29.55936064,-40.1601155902)) ;
#2788=CARTESIAN_POINT('Line Origine',(-44.,-18.52968032,-33.7921266883)) ;
#2793=CARTESIAN_POINT('Line Origine',(-44.,-38.52968032,0.848889463037)) ;
#2856=CARTESIAN_POINT('Axis2P3D Location',(-44.,88.6727408261,-15.399514096)) ;
#2861=CARTESIAN_POINT('Line Origine',(-22.325,67.5734277247,-3.21781999717)) ;
#2865=CARTESIAN_POINT('Vertex',(-29.55,67.5734277247,-3.21781999717)) ;
#2868=CARTESIAN_POINT('Axis2P3D Location',(-29.,54.5830466679,4.28218000283)) ;
#2887=CARTESIAN_POINT('Axis2P3D Location',(-44.,-35.7461339179,15.1576766498)) ;
#2892=CARTESIAN_POINT('Line Origine',(-22.325,-67.5734277247,-3.21781999717)) ;
#2896=CARTESIAN_POINT('Vertex',(-29.55,-67.5734277247,-3.21781999717)) ;
#2899=CARTESIAN_POINT('Axis2P3D Location',(-29.,-54.5830466679,4.28218000283)) ;
#2918=CARTESIAN_POINT('Axis2P3D Location',(-44.,57.6727408261,-69.0930891306)) ;
#2923=CARTESIAN_POINT('Axis2P3D Location',(-29.,23.5830466679,-49.4113950318)) ;
#2927=CARTESIAN_POINT('Vertex',(-29.55,36.5734277247,-56.9113950318)) ;
#2930=CARTESIAN_POINT('Line Origine',(-22.325,36.5734277247,-56.9113950318)) ;
#2949=CARTESIAN_POINT('Axis2P3D Location',(-44.,-7.5,-27.4241377865)) ;
#2954=CARTESIAN_POINT('Axis2P3D Location',(-29.,-29.0830466679,-39.8851155902)) ;
#2958=CARTESIAN_POINT('Vertex',(-29.55,-42.0734277247,-47.3851155902)) ;
#2961=CARTESIAN_POINT('Line Origine',(-22.325,-42.0734277247,-47.3851155902)) ;
#2965=CARTESIAN_POINT('Vertex',(-15.1,-42.0734277247,-47.3851155902)) ;
#2968=CARTESIAN_POINT('Line Origine',(-15.1,-44.0206015256,-48.5093169083)) ;
#2987=CARTESIAN_POINT('Axis2P3D Location',(-44.,85.9934207679,-26.5543138613)) ;
#2992=CARTESIAN_POINT('Axis2P3D Location',(-29.,49.0830466679,-5.2440994388)) ;
#2996=CARTESIAN_POINT('Vertex',(-29.55,62.0734277247,-12.7440994388)) ;
#2999=CARTESIAN_POINT('Line Origine',(-22.325,62.0734277247,-12.7440994388)) ;
#3003=CARTESIAN_POINT('Vertex',(-15.1,62.0734277247,-12.7440994388)) ;
#3006=CARTESIAN_POINT('Line Origine',(-15.1,64.0206015256,-13.8683007569)) ;
#3025=CARTESIAN_POINT('Axis2P3D Location',(-44.,65.9934207679,-61.1953300126)) ;
#3030=CARTESIAN_POINT('Line Origine',(-15.1,44.0206015256,-48.5093169083)) ;
#3034=CARTESIAN_POINT('Vertex',(-15.1,42.0734277247,-47.3851155902)) ;
#3037=CARTESIAN_POINT('Line Origine',(-22.325,42.0734277247,-47.3851155902)) ;
#3041=CARTESIAN_POINT('Vertex',(-29.55,42.0734277247,-47.3851155902)) ;
#3044=CARTESIAN_POINT('Axis2P3D Location',(-29.,29.0830466679,-39.8851155902)) ;
#3063=CARTESIAN_POINT('Axis2P3D Location',(-44.,-4.74613391789,-38.5358983849)) ;
#3068=CARTESIAN_POINT('Axis2P3D Location',(-29.,-23.5830466679,-49.4113950318)) ;
#3072=CARTESIAN_POINT('Vertex',(-29.55,-36.5734277247,-56.9113950318)) ;
#3075=CARTESIAN_POINT('Line Origine',(-22.325,-36.5734277247,-56.9113950318)) ;
#3094=CARTESIAN_POINT('Axis2P3D Location',(-44.,-27.5,7.21687836487)) ;
#3099=CARTESIAN_POINT('Line Origine',(-15.1,-64.0206015256,-13.8683007569)) ;
#3103=CARTESIAN_POINT('Vertex',(-15.1,-62.0734277247,-12.7440994388)) ;
#3106=CARTESIAN_POINT('Line Origine',(-22.325,-62.0734277247,-12.7440994388)) ;
#3110=CARTESIAN_POINT('Vertex',(-29.55,-62.0734277247,-12.7440994388)) ;
#3113=CARTESIAN_POINT('Axis2P3D Location',(-29.,-49.0830466679,-5.2440994388)) ;
#3132=CARTESIAN_POINT('Axis2P3D Location',(-29.,39.0830466679,-22.5646075145)) ;
#3137=CARTESIAN_POINT('Line Origine',(-29.55,52.0734277247,-30.0646075145)) ;
#3149=CARTESIAN_POINT('Axis2P3D Location',(-29.55,52.0734277247,-30.0646075145)) ;
#3154=CARTESIAN_POINT('Line Origine',(-15.1,64.8234277247,-7.98095971798)) ;
#3172=CARTESIAN_POINT('Line Origine',(-29.55,52.0734277247,-30.0646075145)) ;
#3184=CARTESIAN_POINT('Line Origine',(-15.1,39.3234277247,-52.148255311)) ;
#3202=CARTESIAN_POINT('Axis2P3D Location',(-29.,-39.0830466679,-22.5646075145)) ;
#3207=CARTESIAN_POINT('Line Origine',(-29.55,-52.0734277247,-30.0646075145)) ;
#3219=CARTESIAN_POINT('Axis2P3D Location',(-29.55,-52.0734277247,-30.0646075145)) ;
#3224=CARTESIAN_POINT('Line Origine',(-15.1,-39.3234277247,-52.148255311)) ;
#3242=CARTESIAN_POINT('Line Origine',(-29.55,-52.0734277247,-30.0646075145)) ;
#3254=CARTESIAN_POINT('Line Origine',(-15.1,-64.8234277247,-7.98095971798)) ;
#3281=CARTESIAN_POINT('NONE',(0.,0.,0.)) ;
#3282=CARTESIAN_POINT('NONE',(-15.5,1.42108547152E-014,-1.94389164719E-014)) ;
#3304=CARTESIAN_POINT('Axis2P3D Location',(10.3331874782,95.0000058559,-0.1)) ;
#3309=CARTESIAN_POINT('Line Origine',(5.5064833878,97.6368463182,0.)) ;
#3313=CARTESIAN_POINT('Vertex',(5.5064833878,97.6368463182,-20.)) ;
#3315=CARTESIAN_POINT('Vertex',(5.5064833878,97.6368463182,20.)) ;
#3318=CARTESIAN_POINT('Axis2P3D Location',(10.3331874782,95.0000058559,-20.)) ;
#3322=CARTESIAN_POINT('Vertex',(15.1598915686,92.3631653936,-20.)) ;
#3325=CARTESIAN_POINT('Line Origine',(15.1598915686,92.3631653936,0.)) ;
#3329=CARTESIAN_POINT('Vertex',(15.1598915686,92.3631653936,20.)) ;
#3332=CARTESIAN_POINT('Axis2P3D Location',(10.3331874782,95.0000058559,20.)) ;
#3344=CARTESIAN_POINT('Axis2P3D Location',(10.3331874782,95.0000058559,-20.)) ;
#3349=CARTESIAN_POINT('Axis2P3D Location',(10.3331874782,95.0000058559,20.)) ;
#3361=CARTESIAN_POINT('Axis2P3D Location',(10.3331833778,95.,-34.)) ;
#3367=CARTESIAN_POINT('Control Point',(-8.46066903787,88.1595971335,32.1057565371)) ;
#3368=CARTESIAN_POINT('Control Point',(-7.85859950435,86.5054246852,32.1731824598)) ;
#3369=CARTESIAN_POINT('Control Point',(-7.07397216299,84.9159418869,32.278297668)) ;
#3370=CARTESIAN_POINT('Control Point',(-6.11526183487,83.4167573352,32.4027091421)) ;
#3371=CARTESIAN_POINT('Control Point',(-4.09214924161,80.9142255604,32.6105405677)) ;
#3372=CARTESIAN_POINT('Control Point',(-1.60572006603,78.8575345864,32.6959711821)) ;
#3373=CARTESIAN_POINT('Control Point',(-0.411668927208,78.0387665745,32.6949226954)) ;
#3374=CARTESIAN_POINT('Control Point',(2.35680615483,76.4895233621,32.5741314948)) ;
#3375=CARTESIAN_POINT('Control Point',(5.36081994315,75.5146687981,32.1480808895)) ;
#3376=CARTESIAN_POINT('Control Point',(7.03212104314,75.1668292718,31.8094776261)) ;
#3377=CARTESIAN_POINT('Control Point',(8.69939381097,75.,31.3614411701)) ;
#3378=CARTESIAN_POINT('Control Point',(10.3331833778,75.,30.8135574266)) ;
#3379=CARTESIAN_POINT('Vertex',(-8.46066903787,88.1595971335,32.1057565371)) ;
#3381=CARTESIAN_POINT('Vertex',(10.3331833778,75.,30.8135574266)) ;
#3384=CARTESIAN_POINT('Line Origine',(10.3331833778,75.,0.)) ;
#3388=CARTESIAN_POINT('Vertex',(10.3331833778,75.,20.)) ;
#3391=CARTESIAN_POINT('Axis2P3D Location',(10.3331833778,95.,20.)) ;
#3395=CARTESIAN_POINT('Vertex',(-8.46066903787,88.1595971335,20.)) ;
#3398=CARTESIAN_POINT('Line Origine',(-8.46066903787,88.1595971335,0.)) ;
#3410=CARTESIAN_POINT('Axis2P3D Location',(40.,75.,0.)) ;
#3415=CARTESIAN_POINT('Axis2P3D Location',(0.,75.,0.)) ;
#3419=CARTESIAN_POINT('Vertex',(25.6173769149,75.,20.)) ;
#3422=CARTESIAN_POINT('Line Origine',(17.9752801464,75.,20.)) ;
#3434=CARTESIAN_POINT('Control Point',(-8.46066903787,88.1595971335,-32.1057565371)) ;
#3435=CARTESIAN_POINT('Control Point',(-7.8585995043,86.5054246851,-32.1731824598)) ;
#3436=CARTESIAN_POINT('Control Point',(-7.07397216286,84.9159418866,-32.278297668)) ;
#3437=CARTESIAN_POINT('Control Point',(-6.11526183475,83.416757335,-32.4027091421)) ;
#3438=CARTESIAN_POINT('Control Point',(-4.09214924138,80.9142255602,-32.6105405677)) ;
#3439=CARTESIAN_POINT('Control Point',(-1.6057200657,78.8575345861,-32.6959711821)) ;
#3440=CARTESIAN_POINT('Control Point',(-0.411668926663,78.0387665741,-32.6949226954)) ;
#3441=CARTESIAN_POINT('Control Point',(2.35680615527,76.489523362,-32.5741314947)) ;
#3442=CARTESIAN_POINT('Control Point',(5.36081994344,75.514668798,-32.1480808895)) ;
#3443=CARTESIAN_POINT('Control Point',(7.03212104336,75.1668292718,-31.809477626)) ;
#3444=CARTESIAN_POINT('Control Point',(8.69939381107,75.,-31.3614411701)) ;
#3445=CARTESIAN_POINT('Control Point',(10.3331833778,75.,-30.8135574266)) ;
#3446=CARTESIAN_POINT('Vertex',(-8.46066903787,88.1595971335,-32.1057565371)) ;
#3448=CARTESIAN_POINT('Vertex',(10.3331833778,75.,-30.8135574266)) ;
#3451=CARTESIAN_POINT('Line Origine',(-8.46066903787,88.1595971335,0.)) ;
#3455=CARTESIAN_POINT('Vertex',(-8.46066903787,88.1595971335,-20.)) ;
#3458=CARTESIAN_POINT('Axis2P3D Location',(10.3331833778,95.,-20.)) ;
#3462=CARTESIAN_POINT('Vertex',(10.3331833778,75.,-20.)) ;
#3465=CARTESIAN_POINT('Line Origine',(10.3331833778,75.,0.)) ;
#3477=CARTESIAN_POINT('Axis2P3D Location',(1.42108547152E-014,75.,-2.13162820728E-014)) ;
#3481=CARTESIAN_POINT('Vertex',(25.6173769149,75.,-20.)) ;
#3484=CARTESIAN_POINT('Line Origine',(17.9752801464,75.,-20.)) ;
#3495=CARTESIAN_POINT('Axis2P3D Location',(29.1333333333,70.,0.)) ;
#3500=CARTESIAN_POINT('Axis2P3D Location',(0.,70.,0.)) ;
#3504=CARTESIAN_POINT('Vertex',(25.5669053031,70.,13.9672640247)) ;
#3506=CARTESIAN_POINT('Vertex',(-25.5669053031,70.,-13.9672640247)) ;
#3509=CARTESIAN_POINT('Axis2P3D Location',(0.,70.,0.)) ;
#3519=CARTESIAN_POINT('Axis2P3D Location',(0.,0.,0.)) ;
#3524=CARTESIAN_POINT('Line Origine',(-23.9287511875,35.,-13.0723363526)) ;
#3528=CARTESIAN_POINT('Vertex',(-22.290597072,0.,-12.1774086805)) ;
#3531=CARTESIAN_POINT('Axis2P3D Location',(0.,0.,0.)) ;
#3535=CARTESIAN_POINT('Vertex',(22.290597072,0.,12.1774086805)) ;
#3538=CARTESIAN_POINT('Line Origine',(23.9287511875,35.,13.0723363526)) ;
#3550=CARTESIAN_POINT('Axis2P3D Location',(0.,0.,0.)) ;
#3562=CARTESIAN_POINT('Axis2P3D Location',(25.4,0.,0.)) ;
#3567=CARTESIAN_POINT('Axis2P3D Location',(0.,0.,0.)) ;
#3571=CARTESIAN_POINT('Vertex',(-24.1790776242,0.,-13.2090903082)) ;
#3573=CARTESIAN_POINT('Vertex',(24.1790776242,0.,13.2090903082)) ;
#3576=CARTESIAN_POINT('Axis2P3D Location',(0.,0.,0.)) ;
#3590=CARTESIAN_POINT('Axis2P3D Location',(0.,1.,0.)) ;
#3595=CARTESIAN_POINT('Axis2P3D Location',(-24.1790776242,1.,-13.2090903082)) ;
#3599=CARTESIAN_POINT('Vertex',(-25.055414725,0.946742357084,-13.6878354483)) ;
#3602=CARTESIAN_POINT('Axis2P3D Location',(0.,0.946742357084,0.)) ;
#3606=CARTESIAN_POINT('Vertex',(25.055414725,0.946742357084,13.6878354483)) ;
#3609=CARTESIAN_POINT('Axis2P3D Location',(24.1790776242,1.,13.2090903082)) ;
#3621=CARTESIAN_POINT('Axis2P3D Location',(0.,0.946742357084,0.)) ;
#3633=CARTESIAN_POINT('Axis2P3D Location',(-8.46066903787,88.1595971335,0.)) ;
#3638=CARTESIAN_POINT('Line Origine',(-12.306112914,98.7248673508,-25.721456564)) ;
#3642=CARTESIAN_POINT('Vertex',(-12.306112914,98.7248673508,-31.4429131281)) ;
#3644=CARTESIAN_POINT('Vertex',(-12.306112914,98.7248673508,-20.)) ;
#3647=CARTESIAN_POINT('Line Origine',(-10.3833909759,93.4422322422,-20.)) ;
#3653=CARTESIAN_POINT('Control Point',(-12.306112914,98.7248673508,-31.4429131281)) ;
#3654=CARTESIAN_POINT('Control Point',(-11.537708079,96.6136924179,-31.6227385347)) ;
#3655=CARTESIAN_POINT('Control Point',(-10.7688545283,94.5012846484,-31.7784147978)) ;
#3656=CARTESIAN_POINT('Control Point',(-9.99966281146,92.3879477751,-31.9105529722)) ;
#3657=CARTESIAN_POINT('Control Point',(-9.23022328823,90.2739300594,-32.0195739576)) ;
#3658=CARTESIAN_POINT('Control Point',(-8.46066903787,88.1595971335,-32.1057565371)) ;
#3667=CARTESIAN_POINT('Line Origine',(-12.306112914,98.7248673508,25.721456564)) ;
#3671=CARTESIAN_POINT('Vertex',(-12.306112914,98.7248673508,20.)) ;
#3673=CARTESIAN_POINT('Vertex',(-12.306112914,98.7248673508,31.4429131281)) ;
#3677=CARTESIAN_POINT('Control Point',(-12.306112914,98.7248673508,31.4429131281)) ;
#3678=CARTESIAN_POINT('Control Point',(-11.5377080791,96.6136924179,31.6227385347)) ;
#3679=CARTESIAN_POINT('Control Point',(-10.7688545284,94.5012846486,31.7784147978)) ;
#3680=CARTESIAN_POINT('Control Point',(-9.99966281152,92.3879477753,31.9105529722)) ;
#3681=CARTESIAN_POINT('Control Point',(-9.23022328826,90.2739300595,32.0195739576)) ;
#3682=CARTESIAN_POINT('Control Point',(-8.46066903787,88.1595971335,32.1057565371)) ;
#3684=CARTESIAN_POINT('Line Origine',(-10.3833909759,93.4422322422,20.)) ;
#3696=CARTESIAN_POINT('Axis2P3D Location',(-38.0033634711,84.9114467591,5.05609282454E-014)) ;
#3702=CARTESIAN_POINT('Control Point',(-29.2066530826,89.6400717203,-15.955667299)) ;
#3703=CARTESIAN_POINT('Control Point',(-28.2063914393,90.1777570556,-17.8464483561)) ;
#3704=CARTESIAN_POINT('Control Point',(-27.0668015998,90.7903375229,-19.6422039986)) ;
#3705=CARTESIAN_POINT('Control Point',(-25.8020381428,91.4702044037,-21.3288255829)) ;
#3706=CARTESIAN_POINT('Control Point',(-22.9545829097,93.000838845,-24.5781707694)) ;
#3707=CARTESIAN_POINT('Control Point',(-19.6987976603,94.7509689185,-27.2935192266)) ;
#3708=CARTESIAN_POINT('Control Point',(-17.9224096613,95.7058568552,-28.5483828086)) ;
#3709=CARTESIAN_POINT('Control Point',(-15.7162820199,96.891749055,-29.8603838823)) ;
#3710=CARTESIAN_POINT('Control Point',(-13.4242029198,98.1238440049,-30.9511537902)) ;
#3711=CARTESIAN_POINT('Control Point',(-13.0534947306,98.3231162237,-31.1208245994)) ;
#3712=CARTESIAN_POINT('Control Point',(-12.6807659403,98.5234746058,-31.2847478871)) ;
#3713=CARTESIAN_POINT('Control Point',(-12.3061156586,98.7248658754,-31.4429122836)) ;
#3714=CARTESIAN_POINT('Vertex',(-29.2066530826,89.6400717203,-15.955667299)) ;
#3718=CARTESIAN_POINT('Control Point',(-29.2066530826,89.6400717203,-15.955667299)) ;
#3719=CARTESIAN_POINT('Control Point',(-30.1684029908,89.1230881638,-14.137684454)) ;
#3720=CARTESIAN_POINT('Control Point',(-31.0013466716,88.6753437109,-12.2318528898)) ;
#3721=CARTESIAN_POINT('Control Point',(-31.6928086241,88.3036520098,-10.2508285)) ;
#3722=CARTESIAN_POINT('Control Point',(-32.7960569627,87.7106067233,-6.07490115706)) ;
#3723=CARTESIAN_POINT('Control Point',(-33.2319870939,87.476274796,-1.74152662186)) ;
#3724=CARTESIAN_POINT('Control Point',(-33.2729091939,87.4542773384,0.493216872949)) ;
#3725=CARTESIAN_POINT('Control Point',(-32.9981302977,87.601983275,4.7984421376)) ;
#3726=CARTESIAN_POINT('Control Point',(-32.0614720316,88.1054789526,8.97936586537)) ;
#3727=CARTESIAN_POINT('Control Point',(-31.4596200137,88.4290013091,10.9496558054)) ;
#3728=CARTESIAN_POINT('Control Point',(-29.9382288923,89.2468170283,14.8561242718)) ;
#3729=CARTESIAN_POINT('Control Point',(-27.8767981848,90.3549281595,18.4306952355)) ;
#3730=CARTESIAN_POINT('Control Point',(-26.6917254087,90.9919577378,20.1604975978)) ;
#3731=CARTESIAN_POINT('Control Point',(-24.0002892015,92.4387249803,23.5131556775)) ;
#3732=CARTESIAN_POINT('Control Point',(-20.8825117312,94.1146697049,26.3544440076)) ;
#3733=CARTESIAN_POINT('Control Point',(-19.1718534686,95.0342249708,27.6800476127)) ;
#3734=CARTESIAN_POINT('Control Point',(-16.7736557851,96.3233634018,29.2552354767)) ;
#3735=CARTESIAN_POINT('Control Point',(-14.2577130815,97.6757950432,30.5583088039)) ;
#3736=CARTESIAN_POINT('Control Point',(-13.6134423591,98.0221193492,30.8708226058)) ;
#3737=CARTESIAN_POINT('Control Point',(-12.9627311703,98.3719056936,31.16571065)) ;
#3738=CARTESIAN_POINT('Control Point',(-12.3061167625,98.7248652821,31.4429101901)) ;
#3740=CARTESIAN_POINT('Line Origine',(-4.14387746826,103.112433675,20.)) ;
#3744=CARTESIAN_POINT('Vertex',(4.01835797744,107.5,20.)) ;
#3747=CARTESIAN_POINT('Line Origine',(4.01835797724,107.5,0.)) ;
#3751=CARTESIAN_POINT('Vertex',(4.01835797724,107.5,-20.)) ;
#3754=CARTESIAN_POINT('Line Origine',(-4.14387746826,103.112433675,-20.)) ;
#3769=CARTESIAN_POINT('Axis2P3D Location',(0.,0.,-20.)) ;
#3775=CARTESIAN_POINT('Control Point',(27.4366516551,102.233711785,-20.)) ;
#3776=CARTESIAN_POINT('Control Point',(27.4582413945,102.560832824,-20.)) ;
#3777=CARTESIAN_POINT('Control Point',(27.4467145538,102.890036,-20.)) ;
#3778=CARTESIAN_POINT('Control Point',(27.4015587312,103.216988866,-20.)) ;
#3779=CARTESIAN_POINT('Control Point',(27.2439264026,103.867482035,-20.)) ;
#3780=CARTESIAN_POINT('Control Point',(26.9618884599,104.476722421,-20.)) ;
#3781=CARTESIAN_POINT('Control Point',(26.7892436159,104.771467373,-20.)) ;
#3782=CARTESIAN_POINT('Control Point',(26.379177505,105.345052347,-20.)) ;
#3783=CARTESIAN_POINT('Control Point',(25.873487038,105.8401204,-20.)) ;
#3784=CARTESIAN_POINT('Control Point',(25.5914387588,106.072874765,-20.)) ;
#3785=CARTESIAN_POINT('Control Point',(24.7942678722,106.631888049,-20.)) ;
#3786=CARTESIAN_POINT('Control Point',(23.8997380962,107.029387485,-20.)) ;
#3787=CARTESIAN_POINT('Control Point',(23.3180065948,107.216134668,-20.)) ;
#3788=CARTESIAN_POINT('Control Point',(22.4907736741,107.397594402,-20.)) ;
#3789=CARTESIAN_POINT('Control Point',(21.6545053558,107.477812863,-20.)) ;
#3790=CARTESIAN_POINT('Control Point',(21.417507469,107.492687076,-20.)) ;
#3791=CARTESIAN_POINT('Control Point',(21.1806054363,107.5,-20.)) ;
#3792=CARTESIAN_POINT('Control Point',(20.9441197104,107.5,-20.)) ;
#3793=CARTESIAN_POINT('Vertex',(27.4366516551,102.233711785,-20.)) ;
#3795=CARTESIAN_POINT('Vertex',(20.9441197104,107.5,-20.)) ;
#3799=CARTESIAN_POINT('Control Point',(25.617376916,75.,-20.)) ;
#3800=CARTESIAN_POINT('Control Point',(25.9858900927,80.4463505452,-20.)) ;
#3801=CARTESIAN_POINT('Control Point',(26.3519082106,85.892913445,-20.)) ;
#3802=CARTESIAN_POINT('Control Point',(26.7156106426,91.3396800815,-20.)) ;
#3803=CARTESIAN_POINT('Control Point',(27.0771475208,96.786616805,-20.)) ;
#3804=CARTESIAN_POINT('Control Point',(27.4366516551,102.233711785,-20.)) ;
#3806=CARTESIAN_POINT('Line Origine',(12.4812388438,107.5,-20.)) ;
#3825=CARTESIAN_POINT('Axis2P3D Location',(0.,0.946742357084,0.)) ;
#3830=CARTESIAN_POINT('Line Origine',(27.5489955468,54.2233711785,15.0500848599)) ;
#3834=CARTESIAN_POINT('Vertex',(29.7960908912,102.233711785,16.2776786415)) ;
#3837=CARTESIAN_POINT('Line Origine',(-27.5489955468,54.2233711785,-15.0500848599)) ;
#3842=CARTESIAN_POINT('Axis2P3D Location',(0.,102.233711785,0.)) ;
#3860=CARTESIAN_POINT('Control Point',(25.6173769149,75.,20.)) ;
#3861=CARTESIAN_POINT('Control Point',(26.2315655427,84.0772509087,20.)) ;
#3862=CARTESIAN_POINT('Control Point',(26.8374780905,93.1552201514,20.0000000502)) ;
#3863=CARTESIAN_POINT('Control Point',(27.4366516537,102.233711785,20.0000000097)) ;
#3864=CARTESIAN_POINT('Vertex',(27.4366516551,102.233711785,20.)) ;
#3867=CARTESIAN_POINT('Axis2P3D Location',(0.,102.233711785,0.)) ;
#3884=CARTESIAN_POINT('Axis2P3D Location',(34.2333333333,107.5,0.)) ;
#3889=CARTESIAN_POINT('Axis2P3D Location',(0.,107.5,3.5527136788E-015)) ;
#3893=CARTESIAN_POINT('Vertex',(25.4144053871,107.5,13.8839529409)) ;
#3895=CARTESIAN_POINT('Vertex',(20.9441197104,107.5,20.)) ;
#3898=CARTESIAN_POINT('Axis2P3D Location',(-7.1054273576E-015,107.5,1.59872115546E-014)) ;
#3903=CARTESIAN_POINT('Line Origine',(12.4812388439,107.5,20.)) ;
#3916=CARTESIAN_POINT('Axis2P3D Location',(0.,0.,20.)) ;
#3922=CARTESIAN_POINT('Control Point',(27.4366516551,102.233711785,20.)) ;
#3923=CARTESIAN_POINT('Control Point',(27.4582413945,102.560832824,20.)) ;
#3924=CARTESIAN_POINT('Control Point',(27.4467145538,102.890036,20.)) ;
#3925=CARTESIAN_POINT('Control Point',(27.4015587312,103.216988866,20.)) ;
#3926=CARTESIAN_POINT('Control Point',(27.2439264026,103.867482035,20.)) ;
#3927=CARTESIAN_POINT('Control Point',(26.9618884599,104.476722421,20.)) ;
#3928=CARTESIAN_POINT('Control Point',(26.7892436159,104.771467373,20.)) ;
#3929=CARTESIAN_POINT('Control Point',(26.379177505,105.345052347,20.)) ;
#3930=CARTESIAN_POINT('Control Point',(25.8734870381,105.840120399,20.)) ;
#3931=CARTESIAN_POINT('Control Point',(25.5914387588,106.072874765,20.)) ;
#3932=CARTESIAN_POINT('Control Point',(24.7942678722,106.631888049,20.)) ;
#3933=CARTESIAN_POINT('Control Point',(23.8997380962,107.029387485,20.)) ;
#3934=CARTESIAN_POINT('Control Point',(23.3180065948,107.216134668,20.)) ;
#3935=CARTESIAN_POINT('Control Point',(22.4907736741,107.397594402,20.)) ;
#3936=CARTESIAN_POINT('Control Point',(21.6545053557,107.477812863,20.)) ;
#3937=CARTESIAN_POINT('Control Point',(21.417507469,107.492687076,20.)) ;
#3938=CARTESIAN_POINT('Control Point',(21.1806054363,107.5,20.)) ;
#3939=CARTESIAN_POINT('Control Point',(20.9441197104,107.5,20.)) ;
#3955=CARTESIAN_POINT('Axis2P3D Location',(-3.49720252757E-015,102.5,3.5527136788E-015)) ;
#3960=CARTESIAN_POINT('Axis2P3D Location',(25.4144053871,102.5,13.8839529409)) ;
#3972=CARTESIAN_POINT('Axis2P3D Location',(-7.1054273576E-015,102.5,2.30926389122E-014)) ;
#3993=CARTESIAN_POINT('NONE',(0.,0.,0.)) ;
#3994=CARTESIAN_POINT('NONE',(-123.284271335,99.2107688744,-2.85127844371E-013)) ;
#4008=CARTESIAN_POINT('NONE',(0.,0.,0.)) ;
#4009=CARTESIAN_POINT('NONE',(-123.284271335,-49.6053844372,-85.9190461742)) ;
#4023=CARTESIAN_POINT('NONE',(0.,0.,0.)) ;
#4024=CARTESIAN_POINT('NONE',(-123.284271335,-49.6053844372,85.9190461742)) ;
#4047=CARTESIAN_POINT('Axis2P3D Location',(330.,0.,0.)) ;
#4052=CARTESIAN_POINT('Axis2P3D Location',(0.,0.,0.)) ;
#4056=CARTESIAN_POINT('Vertex',(0.,19.6578493863,10.7391320647)) ;
#4058=CARTESIAN_POINT('Vertex',(0.,-19.6578493863,-10.7391320647)) ;
#4061=CARTESIAN_POINT('Line Origine',(330.,19.6578493863,10.7391320647)) ;
#4065=CARTESIAN_POINT('Vertex',(660.,19.6578493863,10.7391320647)) ;
#4068=CARTESIAN_POINT('Axis2P3D Location',(660.,0.,0.)) ;
#4072=CARTESIAN_POINT('Vertex',(660.,-19.6578493863,-10.7391320647)) ;
#4075=CARTESIAN_POINT('Line Origine',(330.,-19.6578493863,-10.7391320647)) ;
#4087=CARTESIAN_POINT('Axis2P3D Location',(0.,0.,0.)) ;
#4092=CARTESIAN_POINT('Axis2P3D Location',(660.,0.,0.)) ;
#4104=CARTESIAN_POINT('Axis2P3D Location',(330.,0.,0.)) ;
#4109=CARTESIAN_POINT('Axis2P3D Location',(660.,0.,0.)) ;
#4113=CARTESIAN_POINT('Vertex',(660.,22.290597072,12.1774086805)) ;
#4115=CARTESIAN_POINT('Vertex',(660.,-22.290597072,-12.1774086805)) ;
#4118=CARTESIAN_POINT('Line Origine',(330.,22.290597072,12.1774086805)) ;
#4122=CARTESIAN_POINT('Vertex',(0.,22.290597072,12.1774086805)) ;
#4125=CARTESIAN_POINT('Axis2P3D Location',(0.,0.,0.)) ;
#4129=CARTESIAN_POINT('Vertex',(0.,-22.290597072,-12.1774086805)) ;
#4132=CARTESIAN_POINT('Line Origine',(330.,-22.290597072,-12.1774086805)) ;
#4144=CARTESIAN_POINT('Axis2P3D Location',(660.,0.,0.)) ;
#4149=CARTESIAN_POINT('Axis2P3D Location',(0.,0.,0.)) ;
#4161=CARTESIAN_POINT('Axis2P3D Location',(0.,22.4,0.)) ;
#4175=CARTESIAN_POINT('Axis2P3D Location',(660.,25.4,0.)) ;
#4198=CARTESIAN_POINT('NONE',(0.,0.,0.)) ;
#4199=CARTESIAN_POINT('NONE',(-61.6277126587,66.0676131372,-3.69608647882E-013)) ;
#4213=CARTESIAN_POINT('NONE',(0.,0.,0.)) ;
#4214=CARTESIAN_POINT('NONE',(-61.6277126587,-33.0338065686,-57.2162313442)) ;
#4228=CARTESIAN_POINT('NONE',(0.,0.,0.)) ;
#4229=CARTESIAN_POINT('NONE',(-61.6277126587,-33.0338065686,57.2162313442)) ;
#4251=CARTESIAN_POINT('Axis2P3D Location',(90.,0.,-36.4)) ;
#4256=CARTESIAN_POINT('Line Origine',(86.3246842308,-2.00783415567,-32.6071781921)) ;
#4260=CARTESIAN_POINT('Vertex',(86.3246842308,-2.00783415567,-18.9941728434)) ;
#4262=CARTESIAN_POINT('Vertex',(86.3246842308,-2.00783415567,-36.5)) ;
#4266=CARTESIAN_POINT('Control Point',(86.3246842308,-2.00783415567,-18.9941728434)) ;
#4267=CARTESIAN_POINT('Control Point',(86.710778748,-2.71457542876,-18.9194647063)) ;
#4268=CARTESIAN_POINT('Control Point',(87.2657178623,-3.32662111002,-18.8215289671)) ;
#4269=CARTESIAN_POINT('Control Point',(87.9586028836,-3.79306911229,-18.7228714078)) ;
#4270=CARTESIAN_POINT('Control Point',(89.3800915413,-4.30591285988,-18.6093304403)) ;
#4271=CARTESIAN_POINT('Control Point',(90.8753352719,-4.17731498974,-18.637236872)) ;
#4272=CARTESIAN_POINT('Control Point',(91.5270698556,-3.98450801207,-18.6826374751)) ;
#4273=CARTESIAN_POINT('Control Point',(92.4854888853,-3.47819432525,-18.7891744136)) ;
#4274=CARTESIAN_POINT('Control Point',(93.2307652655,-2.71079859644,-18.9103531025)) ;
#4275=CARTESIAN_POINT('Control Point',(93.4777103211,-2.38590773832,-18.9551618121)) ;
#4276=CARTESIAN_POINT('Control Point',(94.0684404761,-1.37452290986,-19.0698219293)) ;
#4277=CARTESIAN_POINT('Control Point',(94.2896283762,-0.198007450288,-19.1232827912)) ;
#4278=CARTESIAN_POINT('Control Point',(94.2528172694,0.592563402643,-19.1142936313)) ;
#4279=CARTESIAN_POINT('Control Point',(94.0389539153,1.34219899403,-19.0645357396)) ;
#4280=CARTESIAN_POINT('Control Point',(93.6753157692,2.00783415567,-18.9941728434)) ;
#4281=CARTESIAN_POINT('Vertex',(93.6753157692,2.00783415567,-18.9941728434)) ;
#4284=CARTESIAN_POINT('Line Origine',(93.6753157692,2.00783415567,-32.6071781921)) ;
#4288=CARTESIAN_POINT('Vertex',(93.6753157692,2.00783415567,-36.5)) ;
#4291=CARTESIAN_POINT('Axis2P3D Location',(90.,0.,-36.5)) ;
#4304=CARTESIAN_POINT('Control Point',(93.6753157692,2.00783415567,-18.9941728434)) ;
#4305=CARTESIAN_POINT('Control Point',(93.2892212521,2.71457542872,-18.9194647063)) ;
#4306=CARTESIAN_POINT('Control Point',(92.7342821378,3.32662110994,-18.8215289672)) ;
#4307=CARTESIAN_POINT('Control Point',(92.0413971163,3.79306911232,-18.7228714078)) ;
#4308=CARTESIAN_POINT('Control Point',(90.6199084587,4.30591285987,-18.6093304403)) ;
#4309=CARTESIAN_POINT('Control Point',(89.1246647281,4.17731498974,-18.637236872)) ;
#4310=CARTESIAN_POINT('Control Point',(88.4729301444,3.98450801207,-18.6826374751)) ;
#4311=CARTESIAN_POINT('Control Point',(87.5145111147,3.47819432526,-18.7891744136)) ;
#4312=CARTESIAN_POINT('Control Point',(86.7692347345,2.71079859646,-18.9103531025)) ;
#4313=CARTESIAN_POINT('Control Point',(86.522289679,2.38590773833,-18.9551618121)) ;
#4314=CARTESIAN_POINT('Control Point',(85.9315595239,1.3745229099,-19.0698219293)) ;
#4315=CARTESIAN_POINT('Control Point',(85.7103716239,0.19800745037,-19.1232827912)) ;
#4316=CARTESIAN_POINT('Control Point',(85.7471827307,-0.592563402703,-19.1142936312)) ;
#4317=CARTESIAN_POINT('Control Point',(85.9610460847,-1.34219899406,-19.0645357396)) ;
#4318=CARTESIAN_POINT('Control Point',(86.3246842308,-2.00783415567,-18.9941728434)) ;
#4320=CARTESIAN_POINT('Axis2P3D Location',(90.,0.,-36.5)) ;
#4332=CARTESIAN_POINT('Axis2P3D Location',(70.0000000004,0.,0.)) ;
#4337=CARTESIAN_POINT('Axis2P3D Location',(60.,0.,0.)) ;
#4341=CARTESIAN_POINT('Vertex',(60.,-16.7618269321,-9.15702778734)) ;
#4343=CARTESIAN_POINT('Vertex',(60.,16.7618269321,9.15702778734)) ;
#4346=CARTESIAN_POINT('Line Origine',(100.,-16.7618269321,-9.15702778734)) ;
#4350=CARTESIAN_POINT('Vertex',(140.,-16.7618269321,-9.15702778734)) ;
#4353=CARTESIAN_POINT('Axis2P3D Location',(140.,0.,0.)) ;
#4357=CARTESIAN_POINT('Vertex',(140.,16.7618269321,9.15702778734)) ;
#4360=CARTESIAN_POINT('Line Origine',(100.,16.7618269321,9.15702778734)) ;
#4376=CARTESIAN_POINT('Axis2P3D Location',(60.,0.,0.)) ;
#4381=CARTESIAN_POINT('Axis2P3D Location',(140.,0.,0.)) ;
#4393=CARTESIAN_POINT('Axis2P3D Location',(140.,22.15,0.)) ;
#4398=CARTESIAN_POINT('Axis2P3D Location',(140.,0.,5.3290705182E-015)) ;
#4402=CARTESIAN_POINT('Vertex',(140.,18.7081409196,10.2203039647)) ;
#4404=CARTESIAN_POINT('Vertex',(140.,-18.7081412784,-10.2203033081)) ;
#4407=CARTESIAN_POINT('Axis2P3D Location',(140.,1.06581410364E-014,4.88498130835E-015)) ;
#4421=CARTESIAN_POINT('Axis2P3D Location',(139.,-4.4408920985E-016,-1.7763568394E-015)) ;
#4426=CARTESIAN_POINT('Axis2P3D Location',(139.,18.7081409196,10.2203039647)) ;
#4430=CARTESIAN_POINT('Vertex',(139.180967915,19.5712337161,10.6918137084)) ;
#4433=CARTESIAN_POINT('Axis2P3D Location',(139.180967915,-4.4408920985E-016,-1.7763568394E-015)) ;
#4437=CARTESIAN_POINT('Vertex',(139.180967915,-19.5712337161,-10.6918137084)) ;
#4440=CARTESIAN_POINT('Axis2P3D Location',(139.,-18.7081409196,-10.2203039647)) ;
#4452=CARTESIAN_POINT('Axis2P3D Location',(139.,-5.3290705182E-015,3.5527136788E-015)) ;
#4457=CARTESIAN_POINT('Axis2P3D Location',(139.180967915,-5.3290705182E-015,3.5527136788E-015)) ;
#4470=CARTESIAN_POINT('Control Point',(0.907748237053,28.8349044531,0.)) ;
#4471=CARTESIAN_POINT('Control Point',(4.72221979336,29.1883031721,0.)) ;
#4472=CARTESIAN_POINT('Control Point',(8.53868255963,29.5063777502,0.)) ;
#4473=CARTESIAN_POINT('Control Point',(12.3571365033,29.7891306014,0.)) ;
#4474=CARTESIAN_POINT('Control Point',(20.1714643477,30.2953343131,0.)) ;
#4475=CARTESIAN_POINT('Control Point',(27.9940535977,30.6588791952,0.)) ;
#4476=CARTESIAN_POINT('Control Point',(31.9942994512,30.8087567292,0.)) ;
#4477=CARTESIAN_POINT('Control Point',(39.996300511,31.0419132033,0.)) ;
#4478=CARTESIAN_POINT('Control Point',(48.0023020191,31.1072155708,0.)) ;
#4479=CARTESIAN_POINT('Control Point',(52.0038511746,31.0892063119,0.)) ;
#4480=CARTESIAN_POINT('Control Point',(60.0094951566,30.9115624235,0.)) ;
#4481=CARTESIAN_POINT('Control Point',(68.005459654,30.4866032447,0.)) ;
#4482=CARTESIAN_POINT('Control Point',(72.004403814,30.2210601093,0.)) ;
#4483=CARTESIAN_POINT('Control Point',(80.0072897793,29.6605125601,0.)) ;
#4484=CARTESIAN_POINT('Control Point',(88.006537279,29.0560568186,0.)) ;
#4485=CARTESIAN_POINT('Control Point',(92.0082220977,28.746157996,0.)) ;
#4486=CARTESIAN_POINT('Control Point',(100.022150622,28.0470178766,0.)) ;
#4487=CARTESIAN_POINT('Control Point',(108.017284107,27.1528596156,0.)) ;
#4488=CARTESIAN_POINT('Control Point',(112.017609597,26.6460784542,0.)) ;
#4489=CARTESIAN_POINT('Control Point',(119.865430698,25.5594827278,0.)) ;
#4490=CARTESIAN_POINT('Control Point',(127.689610743,24.3184632938,0.)) ;
#4491=CARTESIAN_POINT('Control Point',(131.525815605,23.6774601134,0.)) ;
#4492=CARTESIAN_POINT('Control Point',(135.356268024,23.0050698469,0.)) ;
#4493=CARTESIAN_POINT('Control Point',(139.180967915,22.3013019697,0.)) ;
#4494=CARTESIAN_POINT('Axis1P Location',(70.0000000004,0.,0.)) ;
#4499=CARTESIAN_POINT('Control Point',(0.907748237053,25.3050093218,13.824189598)) ;
#4500=CARTESIAN_POINT('Control Point',(4.72221979336,25.615145875,13.9936179692)) ;
#4501=CARTESIAN_POINT('Control Point',(8.53868255963,25.8942825781,14.1461110451)) ;
#4502=CARTESIAN_POINT('Control Point',(12.3571365033,26.1424215497,14.2816699831)) ;
#4503=CARTESIAN_POINT('Control Point',(20.1714643477,26.5866570998,14.5243569703)) ;
#4504=CARTESIAN_POINT('Control Point',(27.9940535977,26.9056977488,14.6986496712)) ;
#4505=CARTESIAN_POINT('Control Point',(31.9942994512,27.0372276591,14.7705047886)) ;
#4506=CARTESIAN_POINT('Control Point',(39.996300511,27.2418417149,14.8822859568)) ;
#4507=CARTESIAN_POINT('Control Point',(48.0023020191,27.2991499339,14.9135935795)) ;
#4508=CARTESIAN_POINT('Control Point',(52.0038511746,27.2833453223,14.9049594809)) ;
#4509=CARTESIAN_POINT('Control Point',(60.0094951566,27.1274481437,14.819792464)) ;
#4510=CARTESIAN_POINT('Control Point',(68.005459654,26.7545113789,14.6160561808)) ;
#4511=CARTESIAN_POINT('Control Point',(72.004403814,26.5214753538,14.4887480201)) ;
#4512=CARTESIAN_POINT('Control Point',(80.0072897793,26.0295485995,14.2200072094)) ;
#4513=CARTESIAN_POINT('Control Point',(88.006537279,25.4990887813,13.93021569)) ;
#4514=CARTESIAN_POINT('Control Point',(92.0082220977,25.2271269786,13.78164228)) ;
#4515=CARTESIAN_POINT('Control Point',(100.022150622,24.6135738016,13.4464566517)) ;
#4516=CARTESIAN_POINT('Control Point',(108.017284107,23.8288761041,13.0177743458)) ;
#4517=CARTESIAN_POINT('Control Point',(112.017609597,23.3841337942,12.7748105146)) ;
#4518=CARTESIAN_POINT('Control Point',(119.865430698,22.4305563329,12.2538687732)) ;
#4519=CARTESIAN_POINT('Control Point',(127.689610743,21.3414593186,11.6588923626)) ;
#4520=CARTESIAN_POINT('Control Point',(131.525815605,20.7789261054,11.3515790677)) ;
#4521=CARTESIAN_POINT('Control Point',(135.356268024,20.1888481327,11.029218002)) ;
#4522=CARTESIAN_POINT('Control Point',(139.180967915,19.5712337161,10.6918137084)) ;
#4523=CARTESIAN_POINT('Vertex',(0.907748237053,25.3050093218,13.824189598)) ;
#4526=CARTESIAN_POINT('Axis2P3D Location',(0.907748237053,0.,0.)) ;
#4530=CARTESIAN_POINT('Vertex',(0.907748237053,-25.3050093218,-13.824189598)) ;
#4534=CARTESIAN_POINT('Control Point',(0.907748237053,-25.3050093218,-13.824189598)) ;
#4535=CARTESIAN_POINT('Control Point',(4.72221979336,-25.615145875,-13.9936179692)) ;
#4536=CARTESIAN_POINT('Control Point',(8.53868255963,-25.8942825781,-14.1461110451)) ;
#4537=CARTESIAN_POINT('Control Point',(12.3571365033,-26.1424215497,-14.2816699831)) ;
#4538=CARTESIAN_POINT('Control Point',(20.1714643477,-26.5866570998,-14.5243569703)) ;
#4539=CARTESIAN_POINT('Control Point',(27.9940535977,-26.9056977488,-14.6986496712)) ;
#4540=CARTESIAN_POINT('Control Point',(31.9942994512,-27.0372276591,-14.7705047886)) ;
#4541=CARTESIAN_POINT('Control Point',(39.996300511,-27.2418417149,-14.8822859568)) ;
#4542=CARTESIAN_POINT('Control Point',(48.0023020191,-27.2991499339,-14.9135935795)) ;
#4543=CARTESIAN_POINT('Control Point',(52.0038511746,-27.2833453223,-14.9049594809)) ;
#4544=CARTESIAN_POINT('Control Point',(60.0094951566,-27.1274481437,-14.819792464)) ;
#4545=CARTESIAN_POINT('Control Point',(68.005459654,-26.7545113789,-14.6160561808)) ;
#4546=CARTESIAN_POINT('Control Point',(72.004403814,-26.5214753538,-14.4887480201)) ;
#4547=CARTESIAN_POINT('Control Point',(80.0072897793,-26.0295485995,-14.2200072094)) ;
#4548=CARTESIAN_POINT('Control Point',(88.006537279,-25.4990887813,-13.93021569)) ;
#4549=CARTESIAN_POINT('Control Point',(92.0082220977,-25.2271269786,-13.78164228)) ;
#4550=CARTESIAN_POINT('Control Point',(100.022150622,-24.6135738016,-13.4464566517)) ;
#4551=CARTESIAN_POINT('Control Point',(108.017284107,-23.8288761041,-13.0177743458)) ;
#4552=CARTESIAN_POINT('Control Point',(112.017609597,-23.3841337942,-12.7748105146)) ;
#4553=CARTESIAN_POINT('Control Point',(119.865430698,-22.4305563329,-12.2538687732)) ;
#4554=CARTESIAN_POINT('Control Point',(127.689610743,-21.3414593186,-11.6588923626)) ;
#4555=CARTESIAN_POINT('Control Point',(131.525815605,-20.7789261054,-11.3515790677)) ;
#4556=CARTESIAN_POINT('Control Point',(135.356268024,-20.1888481327,-11.029218002)) ;
#4557=CARTESIAN_POINT('Control Point',(139.180967915,-19.5712337161,-10.6918137084)) ;
#4566=CARTESIAN_POINT('Control Point',(4.35632936475,5.44154910448E-007,29.1428002858)) ;
#4567=CARTESIAN_POINT('Control Point',(4.35632972377,-1.43189382406,29.1428003434)) ;
#4568=CARTESIAN_POINT('Control Point',(4.59118990737,-2.86372611575,29.0750363431)) ;
#4569=CARTESIAN_POINT('Control Point',(5.06123140786,-4.23820794219,28.9390706687)) ;
#4570=CARTESIAN_POINT('Control Point',(6.60382010835,-7.10479985743,28.5352261341)) ;
#4571=CARTESIAN_POINT('Control Point',(9.0784438696,-9.22445567699,28.0846409511)) ;
#4572=CARTESIAN_POINT('Control Point',(10.6959605035,-10.1032671081,27.8841257601)) ;
#4573=CARTESIAN_POINT('Control Point',(14.2433638129,-11.1129338415,27.766888869)) ;
#4574=CARTESIAN_POINT('Control Point',(17.8598967064,-10.5758816778,28.2147337221)) ;
#4575=CARTESIAN_POINT('Control Point',(19.5715224485,-9.91384929934,28.5809195661)) ;
#4576=CARTESIAN_POINT('Control Point',(22.5003956947,-8.01018452312,29.3840479797)) ;
#4577=CARTESIAN_POINT('Control Point',(24.4909505534,-5.07231381043,30.1146183134)) ;
#4578=CARTESIAN_POINT('Control Point',(25.1783972441,-3.46266929075,30.3916351135)) ;
#4579=CARTESIAN_POINT('Control Point',(25.5223044906,-1.73114877732,30.5300374163)) ;
#4580=CARTESIAN_POINT('Control Point',(25.5223039452,-2.92689239068E-007,30.530037408)) ;
#4581=CARTESIAN_POINT('Vertex',(25.5223043761,0.,30.5300336626)) ;
#4583=CARTESIAN_POINT('Vertex',(4.35632790655,1.30343084736E-015,29.142794306)) ;
#4587=CARTESIAN_POINT('Control Point',(25.5223033207,-1.64016864135E-006,30.5300373795)) ;
#4588=CARTESIAN_POINT('Control Point',(25.5223020522,1.29443830237,30.5300373911)) ;
#4589=CARTESIAN_POINT('Control Point',(25.3300201339,2.58853382261,30.4526556909)) ;
#4590=CARTESIAN_POINT('Control Point',(24.9450583158,3.83433756407,30.2975831025)) ;
#4591=CARTESIAN_POINT('Control Point',(23.9022765035,6.01364987295,29.8976532457)) ;
#4592=CARTESIAN_POINT('Control Point',(22.3457589557,7.79215163198,29.3781597095)) ;
#4593=CARTESIAN_POINT('Control Point',(21.5162894668,8.52424271761,29.1235385985)) ;
#4594=CARTESIAN_POINT('Control Point',(19.6004165361,9.82104392894,28.6047550861)) ;
#4595=CARTESIAN_POINT('Control Point',(17.3985850862,10.5608039724,28.1902442848)) ;
#4596=CARTESIAN_POINT('Control Point',(16.1873441998,10.7813009913,28.0226708303)) ;
#4597=CARTESIAN_POINT('Control Point',(13.3179575479,10.8707738402,27.7906510938)) ;
#4598=CARTESIAN_POINT('Control Point',(10.5420230927,9.99063646021,27.9126558157)) ;
#4599=CARTESIAN_POINT('Control Point',(9.08245785059,9.18055207399,28.0927910674)) ;
#4600=CARTESIAN_POINT('Control Point',(6.67304909579,7.15639882303,28.5192637999)) ;
#4601=CARTESIAN_POINT('Control Point',(5.12084528846,4.40867200074,28.9217842163)) ;
#4602=CARTESIAN_POINT('Control Point',(4.61107758179,2.98242843156,29.0692988036)) ;
#4603=CARTESIAN_POINT('Control Point',(4.3563300726,1.49128261227,29.1428003732)) ;
#4604=CARTESIAN_POINT('Control Point',(4.35632925042,-5.18970726393E-007,29.142800276)) ;
#4612=CARTESIAN_POINT('Control Point',(0.907748237053,28.8349044531,0.)) ;
#4613=CARTESIAN_POINT('Control Point',(4.72221979336,29.1883031721,0.)) ;
#4614=CARTESIAN_POINT('Control Point',(8.53868255963,29.5063777502,0.)) ;
#4615=CARTESIAN_POINT('Control Point',(12.3571365033,29.7891306014,0.)) ;
#4616=CARTESIAN_POINT('Control Point',(20.1714643477,30.2953343131,0.)) ;
#4617=CARTESIAN_POINT('Control Point',(27.9940535977,30.6588791952,0.)) ;
#4618=CARTESIAN_POINT('Control Point',(31.9942994512,30.8087567292,0.)) ;
#4619=CARTESIAN_POINT('Control Point',(39.996300511,31.0419132033,0.)) ;
#4620=CARTESIAN_POINT('Control Point',(48.0023020191,31.1072155708,0.)) ;
#4621=CARTESIAN_POINT('Control Point',(52.0038511746,31.0892063119,0.)) ;
#4622=CARTESIAN_POINT('Control Point',(60.0094951566,30.9115624235,0.)) ;
#4623=CARTESIAN_POINT('Control Point',(68.005459654,30.4866032447,0.)) ;
#4624=CARTESIAN_POINT('Control Point',(72.004403814,30.2210601093,0.)) ;
#4625=CARTESIAN_POINT('Control Point',(80.0072897793,29.6605125601,0.)) ;
#4626=CARTESIAN_POINT('Control Point',(88.006537279,29.0560568186,0.)) ;
#4627=CARTESIAN_POINT('Control Point',(92.0082220977,28.746157996,0.)) ;
#4628=CARTESIAN_POINT('Control Point',(100.022150622,28.0470178766,0.)) ;
#4629=CARTESIAN_POINT('Control Point',(108.017284107,27.1528596156,0.)) ;
#4630=CARTESIAN_POINT('Control Point',(112.017609597,26.6460784542,0.)) ;
#4631=CARTESIAN_POINT('Control Point',(119.865430698,25.5594827278,0.)) ;
#4632=CARTESIAN_POINT('Control Point',(127.689610743,24.3184632938,0.)) ;
#4633=CARTESIAN_POINT('Control Point',(131.525815605,23.6774601134,0.)) ;
#4634=CARTESIAN_POINT('Control Point',(135.356268024,23.0050698469,0.)) ;
#4635=CARTESIAN_POINT('Control Point',(139.180967915,22.3013019697,0.)) ;
#4636=CARTESIAN_POINT('Axis1P Location',(70.0000000004,0.,0.)) ;
#4640=CARTESIAN_POINT('Axis2P3D Location',(0.907748237053,0.,0.)) ;
#4652=CARTESIAN_POINT('Control Point',(100.051731024,1.90958360236E-014,-27.9948495772)) ;
#4653=CARTESIAN_POINT('Control Point',(100.051731024,1.61303910105,-27.9948495772)) ;
#4654=CARTESIAN_POINT('Control Point',(99.6894666506,3.22607671152,-27.9147628483)) ;
#4655=CARTESIAN_POINT('Control Point',(98.9654882764,4.72680532273,-27.7536899885)) ;
#4656=CARTESIAN_POINT('Control Point',(97.0445227178,7.18961800166,-27.4047120134)) ;
#4657=CARTESIAN_POINT('Control Point',(94.3238389554,8.77934059826,-27.1579311827)) ;
#4658=CARTESIAN_POINT('Control Point',(92.9146436289,9.29868261653,-27.1017251769)) ;
#4659=CARTESIAN_POINT('Control Point',(90.5479869324,9.72958548732,-27.1577731654)) ;
#4660=CARTESIAN_POINT('Control Point',(88.1925622144,9.52161300414,-27.4283658541)) ;
#4661=CARTESIAN_POINT('Control Point',(87.3158714267,9.35205031934,-27.5601836174)) ;
#4662=CARTESIAN_POINT('Control Point',(85.4333251104,8.78348846155,-27.9044963554)) ;
#4663=CARTESIAN_POINT('Control Point',(83.7404618218,7.8074819479,-28.327407145)) ;
#4664=CARTESIAN_POINT('Control Point',(82.8851161755,7.15492848184,-28.5703740293)) ;
#4665=CARTESIAN_POINT('Control Point',(81.2949518292,5.56395757956,-29.0636758624)) ;
#4666=CARTESIAN_POINT('Control Point',(80.2080990184,3.55300710027,-29.4517807924)) ;
#4667=CARTESIAN_POINT('Control Point',(79.8059456854,2.40547709149,-29.6031949963)) ;
#4668=CARTESIAN_POINT('Control Point',(79.6052155763,1.2028028121,-29.6786973065)) ;
#4669=CARTESIAN_POINT('Control Point',(79.6052174716,-2.11416830709E-008,-29.6786971681)) ;
#4670=CARTESIAN_POINT('Vertex',(100.051731024,1.97220206573E-014,-27.9948495772)) ;
#4672=CARTESIAN_POINT('Vertex',(79.6052174716,-2.11416834072E-008,-29.6786971681)) ;
#4676=CARTESIAN_POINT('Control Point',(79.60521752,2.13162820728E-014,-29.6786971645)) ;
#4677=CARTESIAN_POINT('Control Point',(79.6052175101,-1.09183419652,-29.6786971653)) ;
#4678=CARTESIAN_POINT('Control Point',(79.7706205791,-2.18366875164,-29.6164834686)) ;
#4679=CARTESIAN_POINT('Control Point',(80.1019401529,-3.23435694165,-29.4917457573)) ;
#4680=CARTESIAN_POINT('Control Point',(81.0994296589,-5.29466072988,-29.1319693902)) ;
#4681=CARTESIAN_POINT('Control Point',(82.6295050361,-6.95489516523,-28.6439404205)) ;
#4682=CARTESIAN_POINT('Control Point',(83.5548088322,-7.6989653864,-28.3741531763)) ;
#4683=CARTESIAN_POINT('Control Point',(85.3564383246,-8.76803716019,-27.9166604083)) ;
#4684=CARTESIAN_POINT('Control Point',(87.3755321011,-9.36989571629,-27.5493173197)) ;
#4685=CARTESIAN_POINT('Control Point',(88.2846093662,-9.5390405618,-27.4146432715)) ;
#4686=CARTESIAN_POINT('Control Point',(90.9723365642,-9.74733576344,-27.1156971598)) ;
#4687=CARTESIAN_POINT('Control Point',(93.6610201318,-9.12591021587,-27.0964427378)) ;
#4688=CARTESIAN_POINT('Control Point',(95.3087156401,-8.354964135,-27.2164910129)) ;
#4689=CARTESIAN_POINT('Control Point',(97.7946416089,-6.45678695846,-27.5330590553)) ;
#4690=CARTESIAN_POINT('Control Point',(99.3543478369,-3.81894897215,-27.8403407407)) ;
#4691=CARTESIAN_POINT('Control Point',(99.8193658483,-2.58373375651,-27.9434800024)) ;
#4692=CARTESIAN_POINT('Control Point',(100.051731024,-1.29186640021,-27.9948495772)) ;
#4693=CARTESIAN_POINT('Control Point',(100.051731024,1.95399252334E-014,-27.9948495772)) ;
#4700=CARTESIAN_POINT('Axis2P3D Location',(1.,-2.6645352591E-015,-3.5527136788E-015)) ;
#4705=CARTESIAN_POINT('Axis2P3D Location',(1.,24.4311690229,13.346808467)) ;
#4709=CARTESIAN_POINT('Vertex',(0.,24.4311690229,13.346808467)) ;
#4712=CARTESIAN_POINT('Axis2P3D Location',(0.,-2.6645352591E-015,-3.5527136788E-015)) ;
#4716=CARTESIAN_POINT('Vertex',(0.,-24.4311690223,-13.3468084682)) ;
#4719=CARTESIAN_POINT('Axis2P3D Location',(1.,-24.4311690223,-13.3468084682)) ;
#4731=CARTESIAN_POINT('Axis2P3D Location',(15.,0.,36.5)) ;
#4736=CARTESIAN_POINT('Axis2P3D Location',(15.,0.,35.5871557427)) ;
#4740=CARTESIAN_POINT('Vertex',(25.0798635241,-2.46877298345E-015,35.5871557427)) ;
#4742=CARTESIAN_POINT('Vertex',(4.92013647593,1.23438649172E-015,35.5871557427)) ;
#4745=CARTESIAN_POINT('Line Origine',(25.3790267741,0.,32.1677041476)) ;
#4750=CARTESIAN_POINT('Line Origine',(4.62097322588,1.27102221341E-015,32.1677041476)) ;
#4762=CARTESIAN_POINT('Axis2P3D Location',(15.,0.,36.5)) ;
#4767=CARTESIAN_POINT('Axis2P3D Location',(15.,0.,35.5871557427)) ;
#4779=CARTESIAN_POINT('Axis2P3D Location',(1.,-3.5527136788E-015,-1.7763568394E-014)) ;
#4784=CARTESIAN_POINT('Axis2P3D Location',(0.,-3.5527136788E-015,-1.7763568394E-014)) ;
#4797=CARTESIAN_POINT('Control Point',(79.6052175215,-2.29323227074E-010,-29.6786970491)) ;
#4798=CARTESIAN_POINT('Control Point',(79.9330052825,-1.15236864495E-008,-29.6549060849)) ;
#4799=CARTESIAN_POINT('Control Point',(80.2656853488,-2.27978667056E-008,-29.6984262789)) ;
#4800=CARTESIAN_POINT('Control Point',(80.5847903012,-3.34152070458E-008,-29.8107195074)) ;
#4801=CARTESIAN_POINT('Control Point',(81.1580245054,-5.20777145852E-008,-30.1595242777)) ;
#4802=CARTESIAN_POINT('Control Point',(81.5474107124,-6.38913073558E-008,-30.7060044003)) ;
#4803=CARTESIAN_POINT('Control Point',(81.6825093944,-6.76538363109E-008,-31.0161431579)) ;
#4804=CARTESIAN_POINT('Control Point',(81.749998164,-6.90488088928E-008,-31.3447998982)) ;
#4805=CARTESIAN_POINT('Control Point',(81.7499982041,-6.81320502238E-008,-31.6734498316)) ;
#4806=CARTESIAN_POINT('Control Point',(79.6052175117,-1.09183418655,-29.6786970498)) ;
#4807=CARTESIAN_POINT('Control Point',(79.9330052768,-1.0534998224,-29.6549060849)) ;
#4808=CARTESIAN_POINT('Control Point',(80.2656853473,-1.01764095766,-29.6984262786)) ;
#4809=CARTESIAN_POINT('Control Point',(80.5847903034,-0.986422806152,-29.8107195075)) ;
#4810=CARTESIAN_POINT('Control Point',(81.1580245139,-0.936967645696,-30.1595242797)) ;
#4811=CARTESIAN_POINT('Control Point',(81.5474107234,-0.917315464006,-30.7060044055)) ;
#4812=CARTESIAN_POINT('Control Point',(81.6825094055,-0.915925948363,-31.0161431648)) ;
#4813=CARTESIAN_POINT('Control Point',(81.749998174,-0.923056350315,-31.3447999068)) ;
#4814=CARTESIAN_POINT('Control Point',(81.7499982118,-0.937858548045,-31.6734498417)) ;
#4815=CARTESIAN_POINT('Control Point',(79.7705425216,-2.18420383991,-29.6165320524)) ;
#4816=CARTESIAN_POINT('Control Point',(80.0907098971,-2.10746258976,-29.5967453238)) ;
#4817=CARTESIAN_POINT('Control Point',(80.4157069024,-2.03567664348,-29.6432122552)) ;
#4818=CARTESIAN_POINT('Control Point',(80.7277554471,-1.97318540773,-29.7571447911)) ;
#4819=CARTESIAN_POINT('Control Point',(81.2895224466,-1.87420671733,-30.1066153634)) ;
#4820=CARTESIAN_POINT('Control Point',(81.6743743533,-1.83492472329,-30.6494298678)) ;
#4821=CARTESIAN_POINT('Control Point',(81.8093598112,-1.83218174699,-30.9568681615)) ;
#4822=CARTESIAN_POINT('Control Point',(81.8790138338,-1.84650002763,-31.2823870281)) ;
#4823=CARTESIAN_POINT('Control Point',(81.8832134278,-1.8761756029,-31.6078994392)) ;
#4824=CARTESIAN_POINT('Control Point',(80.1019304866,-3.23443577472,-29.4917517138)) ;
#4825=CARTESIAN_POINT('Control Point',(80.4067857581,-3.12328199966,-29.4800228873)) ;
#4826=CARTESIAN_POINT('Control Point',(80.7163446318,-3.0192810361,-29.532420131)) ;
#4827=CARTESIAN_POINT('Control Point',(81.0142161854,-2.92853853568,-29.6496521926)) ;
#4828=CARTESIAN_POINT('Control Point',(81.5529536279,-2.78401869253,-30.0004649457)) ;
#4829=CARTESIAN_POINT('Control Point',(81.9287314656,-2.72448708201,-30.5359073274)) ;
#4830=CARTESIAN_POINT('Control Point',(82.0635160096,-2.71880180526,-30.8379140835)) ;
#4831=CARTESIAN_POINT('Control Point',(82.1375571374,-2.73753615905,-31.15712149)) ;
#4832=CARTESIAN_POINT('Control Point',(82.1502405763,-2.77842167169,-31.4763231332)) ;
#4833=CARTESIAN_POINT('Control Point',(81.0994404159,-5.29457300129,-29.1319627615)) ;
#4834=CARTESIAN_POINT('Control Point',(81.3622172132,-5.12366488059,-29.1412510204)) ;
#4835=CARTESIAN_POINT('Control Point',(81.6293488512,-4.96358602927,-29.2088750963)) ;
#4836=CARTESIAN_POINT('Control Point',(81.8879549831,-4.82297231073,-29.334386696)) ;
#4837=CARTESIAN_POINT('Control Point',(82.3615931682,-4.59552389566,-29.68810217)) ;
#4838=CARTESIAN_POINT('Control Point',(82.7079562017,-4.49219768502,-30.2039482122)) ;
#4839=CARTESIAN_POINT('Control Point',(82.839205013,-4.47579135499,-30.4916969609)) ;
#4840=CARTESIAN_POINT('Control Point',(82.9217364491,-4.49554089246,-30.7944002606)) ;
#4841=CARTESIAN_POINT('Control Point',(82.9539674452,-4.54875040706,-31.0970993941)) ;
#4842=CARTESIAN_POINT('Control Point',(82.6294930653,-6.95499279313,-28.6439477972)) ;
#4843=CARTESIAN_POINT('Control Point',(82.8372181745,-6.7492672185,-28.6771936793)) ;
#4844=CARTESIAN_POINT('Control Point',(83.0488641896,-6.55615016774,-28.7617151605)) ;
#4845=CARTESIAN_POINT('Control Point',(83.2553972446,-6.38481552022,-28.8960424347)) ;
#4846=CARTESIAN_POINT('Control Point',(83.6395254041,-6.10160638231,-29.2519089435)) ;
#4847=CARTESIAN_POINT('Control Point',(83.9361632148,-5.95630306337,-29.7446566834)) ;
#4848=CARTESIAN_POINT('Control Point',(84.0551615777,-5.92294846114,-30.0159367476)) ;
#4849=CARTESIAN_POINT('Control Point',(84.13940142,-5.93047111809,-30.2996972862)) ;
#4850=CARTESIAN_POINT('Control Point',(84.1867940472,-5.97680259791,-30.5834550596)) ;
#4851=CARTESIAN_POINT('Control Point',(83.5548088322,-7.6989653864,-28.3741531763)) ;
#4852=CARTESIAN_POINT('Control Point',(83.7324132197,-7.48133527244,-28.41902075)) ;
#4853=CARTESIAN_POINT('Control Point',(83.9137144339,-7.27674749924,-28.5115607331)) ;
#4854=CARTESIAN_POINT('Control Point',(84.0914961087,-7.09424244661,-28.6499232181)) ;
#4855=CARTESIAN_POINT('Control Point',(84.4250060243,-6.78913440896,-29.0063796424)) ;
#4856=CARTESIAN_POINT('Control Point',(84.6900891735,-6.62329719364,-29.4876124992)) ;
#4857=CARTESIAN_POINT('Control Point',(84.7994133618,-6.58012824393,-29.7508091354)) ;
#4858=CARTESIAN_POINT('Control Point',(84.8808783649,-6.57860449235,-30.0253177535)) ;
#4859=CARTESIAN_POINT('Control Point',(84.9323821045,-6.6171313422,-30.299824158)) ;
#4860=CARTESIAN_POINT('Control Point',(85.3564383246,-8.76803716019,-27.9166604083)) ;
#4861=CARTESIAN_POINT('Control Point',(85.4802636827,-8.53676986546,-27.9791382275)) ;
#4862=CARTESIAN_POINT('Control Point',(85.6074371477,-8.31878465692,-28.0836448221)) ;
#4863=CARTESIAN_POINT('Control Point',(85.7335215237,-8.12263536802,-28.2278765008)) ;
#4864=CARTESIAN_POINT('Control Point',(85.9741512615,-7.78901244676,-28.5847628409)) ;
#4865=CARTESIAN_POINT('Control Point',(86.1758104173,-7.59228110083,-29.04822077)) ;
#4866=CARTESIAN_POINT('Control Point',(86.2629107745,-7.53307461067,-29.2990633892)) ;
#4867=CARTESIAN_POINT('Control Point',(86.3330237926,-7.51531902719,-29.5594774886)) ;
#4868=CARTESIAN_POINT('Control Point',(86.3842880591,-7.5381735632,-29.8198901015)) ;
#4869=CARTESIAN_POINT('Control Point',(87.3755321011,-9.36989571629,-27.5493173197)) ;
#4870=CARTESIAN_POINT('Control Point',(87.4453087635,-9.1350055539,-27.6234290006)) ;
#4871=CARTESIAN_POINT('Control Point',(87.5182142041,-8.91310864401,-27.7356894893)) ;
#4872=CARTESIAN_POINT('Control Point',(87.5919438614,-8.71213202505,-27.8836166143)) ;
#4873=CARTESIAN_POINT('Control Point',(87.7360156357,-8.36600553492,-28.240504417)) ;
#4874=CARTESIAN_POINT('Control Point',(87.8642899318,-8.15040098017,-28.6921602892)) ;
#4875=CARTESIAN_POINT('Control Point',(87.9222174265,-8.07998748344,-28.9348853374)) ;
#4876=CARTESIAN_POINT('Control Point',(87.9719477462,-8.04942261384,-29.1860699459)) ;
#4877=CARTESIAN_POINT('Control Point',(88.012143646,-8.05839038784,-29.4372534309)) ;
#4878=CARTESIAN_POINT('Control Point',(88.2846237377,-9.5390740997,-27.4145757463)) ;
#4879=CARTESIAN_POINT('Control Point',(88.3309283942,-9.30397695816,-27.4924977641)) ;
#4880=CARTESIAN_POINT('Control Point',(88.380297632,-9.08170966816,-27.6072868067)) ;
#4881=CARTESIAN_POINT('Control Point',(88.4312500413,-8.87995516466,-27.7564183652)) ;
#4882=CARTESIAN_POINT('Control Point',(88.5329490523,-8.53105420111,-28.113320878)) ;
#4883=CARTESIAN_POINT('Control Point',(88.6279117503,-8.30990401032,-28.5611786583)) ;
#4884=CARTESIAN_POINT('Control Point',(88.6721260456,-8.23593827794,-28.801292535)) ;
#4885=CARTESIAN_POINT('Control Point',(88.7116020641,-8.20107523203,-29.0495088401)) ;
#4886=CARTESIAN_POINT('Control Point',(88.7452521521,-8.20516129611,-29.2977241315)) ;
#4887=CARTESIAN_POINT('Control Point',(90.9723091941,-9.74727189132,-27.1158257599)) ;
#4888=CARTESIAN_POINT('Control Point',(90.9504842095,-9.51468005148,-27.201149683)) ;
#4889=CARTESIAN_POINT('Control Point',(90.9316434661,-9.2944754853,-27.3209083574)) ;
#4890=CARTESIAN_POINT('Control Point',(90.9165165789,-9.09378391903,-27.4725015588)) ;
#4891=CARTESIAN_POINT('Control Point',(90.8947666636,-8.74407187127,-27.829797719)) ;
#4892=CARTESIAN_POINT('Control Point',(90.8909941488,-8.51534993034,-28.270838984)) ;
#4893=CARTESIAN_POINT('Control Point',(90.8938497081,-8.43568010381,-28.5061991368)) ;
#4894=CARTESIAN_POINT('Control Point',(90.9013975536,-8.39321711751,-28.7489870035)) ;
#4895=CARTESIAN_POINT('Control Point',(90.9132928658,-8.38810434784,-28.9917740563)) ;
#4896=CARTESIAN_POINT('Control Point',(93.6610722576,-9.12603185877,-27.0961978222)) ;
#4897=CARTESIAN_POINT('Control Point',(93.5715584401,-8.90505229584,-27.1784004889)) ;
#4898=CARTESIAN_POINT('Control Point',(93.4852712826,-8.69611584852,-27.2963608391)) ;
#4899=CARTESIAN_POINT('Control Point',(93.4049679831,-8.5062112333,-27.4475091185)) ;
#4900=CARTESIAN_POINT('Control Point',(93.2614068134,-8.17682605102,-27.8063508279)) ;
#4901=CARTESIAN_POINT('Control Point',(93.1594265976,-7.9653014958,-28.2528078223)) ;
#4902=CARTESIAN_POINT('Control Point',(93.1207155017,-7.89329053489,-28.4915959674)) ;
#4903=CARTESIAN_POINT('Control Point',(93.0954934073,-7.85737204012,-28.7381729346)) ;
#4904=CARTESIAN_POINT('Control Point',(93.0840844063,-7.85751630071,-28.9847489829)) ;
#4905=CARTESIAN_POINT('Control Point',(95.3090812289,-8.35501345261,-27.216423609)) ;
#4906=CARTESIAN_POINT('Control Point',(95.175556674,-8.14502669086,-27.2922715576)) ;
#4907=CARTESIAN_POINT('Control Point',(95.0455725918,-7.94698041408,-27.4063753829)) ;
#4908=CARTESIAN_POINT('Control Point',(94.9234207189,-7.76799021065,-27.5561748478)) ;
#4909=CARTESIAN_POINT('Control Point',(94.7028575453,-7.46063881018,-27.9167788388)) ;
#4910=CARTESIAN_POINT('Control Point',(94.5419932762,-7.27135838511,-28.3720492061)) ;
#4911=CARTESIAN_POINT('Control Point',(94.4795570663,-7.21047601954,-28.616543633)) ;
#4912=CARTESIAN_POINT('Control Point',(94.4371917339,-7.18551652937,-28.869478169)) ;
#4913=CARTESIAN_POINT('Control Point',(94.415597295,-7.19614542442,-29.1224116405)) ;
#4914=CARTESIAN_POINT('Control Point',(97.7943678104,-6.45675002329,-27.5331095357)) ;
#4915=CARTESIAN_POINT('Control Point',(97.5855730212,-6.2805882348,-27.5913435164)) ;
#4916=CARTESIAN_POINT('Control Point',(97.3810628425,-6.11517514603,-27.6940820325)) ;
#4917=CARTESIAN_POINT('Control Point',(97.1886471283,-5.96741473421,-27.8390797685)) ;
#4918=CARTESIAN_POINT('Control Point',(96.8428952551,-5.71919868524,-28.2020622172)) ;
#4919=CARTESIAN_POINT('Control Point',(96.5973730942,-5.58069553019,-28.6788715234)) ;
#4920=CARTESIAN_POINT('Control Point',(96.5052250347,-5.54269375442,-28.9377407658)) ;
#4921=CARTESIAN_POINT('Control Point',(96.4472864929,-5.53751550603,-29.2068589834)) ;
#4922=CARTESIAN_POINT('Control Point',(96.4244294092,-5.56412977946,-29.4759755035)) ;
#4923=CARTESIAN_POINT('Control Point',(99.3545528913,-3.8189766338,-27.8403029346)) ;
#4924=CARTESIAN_POINT('Control Point',(99.0895298704,-3.70750871439,-27.879830696)) ;
#4925=CARTESIAN_POINT('Control Point',(98.8294982902,-3.60313949764,-27.9699862586)) ;
#4926=CARTESIAN_POINT('Control Point',(98.5857406022,-3.51073530872,-28.1091062237)) ;
#4927=CARTESIAN_POINT('Control Point',(98.1523426127,-3.35824261516,-28.4728666761)) ;
#4928=CARTESIAN_POINT('Control Point',(97.8580170534,-3.28036533609,-28.9706962744)) ;
#4929=CARTESIAN_POINT('Control Point',(97.7534008234,-3.26261528972,-29.2439523947)) ;
#4930=CARTESIAN_POINT('Control Point',(97.695976068,-3.26687197602,-29.5294047562)) ;
#4931=CARTESIAN_POINT('Control Point',(97.6861323826,-3.29203090631,-29.8148545419)) ;
#4932=CARTESIAN_POINT('Control Point',(99.8194207732,-2.58395701556,-27.9435674563)) ;
#4933=CARTESIAN_POINT('Control Point',(99.535819496,-2.50672094423,-27.9761774273)) ;
#4934=CARTESIAN_POINT('Control Point',(99.2574576863,-2.43446062155,-28.0615738039)) ;
#4935=CARTESIAN_POINT('Control Point',(98.996921387,-2.37067638711,-28.1983653049)) ;
#4936=CARTESIAN_POINT('Control Point',(98.5355697307,-2.26607397197,-28.5620839693)) ;
#4937=CARTESIAN_POINT('Control Point',(98.2276073772,-2.21440644572,-29.0673728936)) ;
#4938=CARTESIAN_POINT('Control Point',(98.1205433736,-2.20358695549,-29.345811322)) ;
#4939=CARTESIAN_POINT('Control Point',(98.0653483742,-2.20829095437,-29.637176224)) ;
#4940=CARTESIAN_POINT('Control Point',(98.0621116119,-2.2276242542,-29.9285381573)) ;
#4941=CARTESIAN_POINT('Control Point',(100.051731024,-1.29186640021,-27.9948495772)) ;
#4942=CARTESIAN_POINT('Control Point',(99.7588809837,-1.25328689378,-28.024024832)) ;
#4943=CARTESIAN_POINT('Control Point',(99.4713932807,-1.21719227372,-28.1070570707)) ;
#4944=CARTESIAN_POINT('Control Point',(99.2025014062,-1.18532796031,-28.2426910693)) ;
#4945=CARTESIAN_POINT('Control Point',(98.7272208417,-1.13305917578,-28.6063874662)) ;
#4946=CARTESIAN_POINT('Control Point',(98.4124326925,-1.10720705193,-29.1153816758)) ;
#4947=CARTESIAN_POINT('Control Point',(98.3041232793,-1.10177422052,-29.3963950077)) ;
#4948=CARTESIAN_POINT('Control Point',(98.25,-1.10409081624,-29.6906979175)) ;
#4949=CARTESIAN_POINT('Control Point',(98.25,-1.11371371321,-29.9849976655)) ;
#4950=CARTESIAN_POINT('Control Point',(100.051731024,1.73194791842E-014,-27.9948495772)) ;
#4951=CARTESIAN_POINT('Control Point',(99.7588809837,1.50990331349E-014,-28.024024832)) ;
#4952=CARTESIAN_POINT('Control Point',(99.4713932807,1.1990408666E-014,-28.1070570707)) ;
#4953=CARTESIAN_POINT('Control Point',(99.2025014062,9.32587340685E-015,-28.2426910693)) ;
#4954=CARTESIAN_POINT('Control Point',(98.7272208417,4.88498130835E-015,-28.6063874662)) ;
#4955=CARTESIAN_POINT('Control Point',(98.4124326925,1.33226762955E-015,-29.1153816758)) ;
#4956=CARTESIAN_POINT('Control Point',(98.3041232793,8.881784197E-016,-29.3963950077)) ;
#4957=CARTESIAN_POINT('Control Point',(98.25,0.,-29.6906979175)) ;
#4958=CARTESIAN_POINT('Control Point',(98.25,-8.881784197E-016,-29.9849976655)) ;
#4960=CARTESIAN_POINT('Control Point',(81.7499982041,-6.81320498214E-008,-31.6734498316)) ;
#4961=CARTESIAN_POINT('Control Point',(81.749998206,-0.230486309449,-31.6734498341)) ;
#4962=CARTESIAN_POINT('Control Point',(81.7580478225,-0.460972555724,-31.6694877235)) ;
#4963=CARTESIAN_POINT('Control Point',(81.7741470543,-0.690959211188,-31.6615634961)) ;
#4964=CARTESIAN_POINT('Control Point',(81.8721570054,-1.62271910061,-31.6134265024)) ;
#4965=CARTESIAN_POINT('Control Point',(82.1003598966,-2.52962770811,-31.5024847664)) ;
#4966=CARTESIAN_POINT('Control Point',(82.3430238025,-3.18558905625,-31.3862810148)) ;
#4967=CARTESIAN_POINT('Control Point',(83.0973588964,-4.71491303521,-31.0373593835)) ;
#4968=CARTESIAN_POINT('Control Point',(84.1868036971,-5.97671895105,-30.5834472905)) ;
#4969=CARTESIAN_POINT('Control Point',(84.9323821045,-6.6171313422,-30.299824158)) ;
#4970=CARTESIAN_POINT('Control Point',(86.3842880591,-7.5381735632,-29.8198901015)) ;
#4971=CARTESIAN_POINT('Control Point',(88.012143646,-8.05839038784,-29.4372534309)) ;
#4972=CARTESIAN_POINT('Control Point',(88.7452414375,-8.2051323231,-29.2977977531)) ;
#4973=CARTESIAN_POINT('Control Point',(90.2034099285,-8.32822995133,-29.0918827296)) ;
#4974=CARTESIAN_POINT('Control Point',(91.6627818507,-8.12845606579,-29.0214653404)) ;
#4975=CARTESIAN_POINT('Control Point',(92.363643337,-7.95334297591,-29.0207559029)) ;
#4976=CARTESIAN_POINT('Control Point',(93.7183009117,-7.45233654892,-29.0794405638)) ;
#4977=CARTESIAN_POINT('Control Point',(94.9387365752,-6.66760733134,-29.2312403036)) ;
#4978=CARTESIAN_POINT('Control Point',(95.5043727518,-6.2093453861,-29.3236447276)) ;
#4979=CARTESIAN_POINT('Control Point',(96.5256829598,-5.17666854779,-29.5223600924)) ;
#4980=CARTESIAN_POINT('Control Point',(97.304891249,-3.93678092492,-29.7163972668)) ;
#4981=CARTESIAN_POINT('Control Point',(97.6251858217,-3.27541081122,-29.8035557414)) ;
#4982=CARTESIAN_POINT('Control Point',(97.9956719236,-2.22546830616,-29.9090887124)) ;
#4983=CARTESIAN_POINT('Control Point',(98.1854989824,-1.12822690572,-29.965586271)) ;
#4984=CARTESIAN_POINT('Control Point',(98.2284990778,-0.753408498153,-29.9785273817)) ;
#4985=CARTESIAN_POINT('Control Point',(98.25,-0.376704242466,-29.9849976655)) ;
#4986=CARTESIAN_POINT('Control Point',(98.25,1.7763568394E-015,-29.9849976655)) ;
#4987=CARTESIAN_POINT('Vertex',(81.75,1.0103002419E-015,-31.6734498323)) ;
#4989=CARTESIAN_POINT('Vertex',(98.25,-2.02060048381E-015,-29.9849976655)) ;
#4993=CARTESIAN_POINT('Control Point',(100.051731024,1.73194791842E-014,-27.9948495772)) ;
#4994=CARTESIAN_POINT('Control Point',(99.4660309433,1.18817930821E-014,-28.0532000869)) ;
#4995=CARTESIAN_POINT('Control Point',(98.901372711,6.48859977543E-015,-28.3265560685)) ;
#4996=CARTESIAN_POINT('Control Point',(98.4660323374,2.14285483505E-015,-28.8074224135)) ;
#4997=CARTESIAN_POINT('Control Point',(98.25,-2.57123130672E-016,-29.3963981695)) ;
#4998=CARTESIAN_POINT('Control Point',(98.25,-6.66133814775E-016,-29.9849976655)) ;
#5001=CARTESIAN_POINT('Control Point',(79.6052175215,-2.29322782985E-010,-29.6786970491)) ;
#5002=CARTESIAN_POINT('Control Point',(80.2607930434,-2.28180490676E-008,-29.6311151207)) ;
#5003=CARTESIAN_POINT('Control Point',(80.93664372,-4.53526949477E-008,-29.8518931876)) ;
#5004=CARTESIAN_POINT('Control Point',(81.4808743396,-6.25827752113E-008,-30.3580547508)) ;
#5005=CARTESIAN_POINT('Control Point',(81.7499981239,-6.99655673094E-008,-31.0161499648)) ;
#5006=CARTESIAN_POINT('Control Point',(81.7499982041,-6.81320500018E-008,-31.6734498316)) ;
#5016=CARTESIAN_POINT('Control Point',(100.051731024,1.95399252334E-014,-27.9948495772)) ;
#5017=CARTESIAN_POINT('Control Point',(99.7588809837,1.68753899743E-014,-28.024024832)) ;
#5018=CARTESIAN_POINT('Control Point',(99.4713932807,1.33226762955E-014,-28.1070570707)) ;
#5019=CARTESIAN_POINT('Control Point',(99.2025014062,1.02140518266E-014,-28.2426910693)) ;
#5020=CARTESIAN_POINT('Control Point',(98.7272208417,6.2172489379E-015,-28.6063874662)) ;
#5021=CARTESIAN_POINT('Control Point',(98.4124326925,3.10862446895E-015,-29.1153816758)) ;
#5022=CARTESIAN_POINT('Control Point',(98.3041232793,4.4408920985E-016,-29.3963950077)) ;
#5023=CARTESIAN_POINT('Control Point',(98.25,1.33226762955E-015,-29.6906979175)) ;
#5024=CARTESIAN_POINT('Control Point',(98.25,1.7763568394E-015,-29.9849976655)) ;
#5025=CARTESIAN_POINT('Control Point',(100.051731024,1.61303910105,-27.9948495772)) ;
#5026=CARTESIAN_POINT('Control Point',(99.7588809837,1.56486828992,-28.024024832)) ;
#5027=CARTESIAN_POINT('Control Point',(99.4713932807,1.5198001362,-28.1070570707)) ;
#5028=CARTESIAN_POINT('Control Point',(99.2025014062,1.48001399156,-28.2426910693)) ;
#5029=CARTESIAN_POINT('Control Point',(98.7272208417,1.41475059188,-28.6063874662)) ;
#5030=CARTESIAN_POINT('Control Point',(98.4124326925,1.38247133561,-29.1153816758)) ;
#5031=CARTESIAN_POINT('Control Point',(98.3041232793,1.37568784043,-29.3963950077)) ;
#5032=CARTESIAN_POINT('Control Point',(98.25,1.37858036822,-29.6906979175)) ;
#5033=CARTESIAN_POINT('Control Point',(98.25,1.39059562699,-29.9849976655)) ;
#5034=CARTESIAN_POINT('Control Point',(99.6893518424,3.22649979301,-27.9149480667)) ;
#5035=CARTESIAN_POINT('Control Point',(99.4109717289,3.12992048423,-27.9495102613)) ;
#5036=CARTESIAN_POINT('Control Point',(99.1377619769,3.03956624334,-28.0362558915)) ;
#5037=CARTESIAN_POINT('Control Point',(98.8819386051,2.95982446096,-28.1737130257)) ;
#5038=CARTESIAN_POINT('Control Point',(98.4284253463,2.82910211788,-28.5374594137)) ;
#5039=CARTESIAN_POINT('Control Point',(98.1242582983,2.76466397765,-29.0406537826)) ;
#5040=CARTESIAN_POINT('Control Point',(98.0178599234,2.75124398965,-29.3176327008)) ;
#5041=CARTESIAN_POINT('Control Point',(97.9620183413,2.75725441124,-29.6073308072)) ;
#5042=CARTESIAN_POINT('Control Point',(97.9569163351,2.7815656563,-29.8970260642)) ;
#5043=CARTESIAN_POINT('Control Point',(98.9655938874,4.72707014872,-27.7536220516)) ;
#5044=CARTESIAN_POINT('Control Point',(98.71597496,4.59126614312,-27.7988459801)) ;
#5045=CARTESIAN_POINT('Control Point',(98.471141303,4.46404251734,-27.8929045045)) ;
#5046=CARTESIAN_POINT('Control Point',(98.2413081273,4.35117490169,-28.0339194584)) ;
#5047=CARTESIAN_POINT('Control Point',(97.8311643389,4.16412567657,-28.3976700256)) ;
#5048=CARTESIAN_POINT('Control Point',(97.5483290057,4.06651041413,-28.8893218954)) ;
#5049=CARTESIAN_POINT('Control Point',(97.4458623234,4.04312038083,-29.1582974886)) ;
#5050=CARTESIAN_POINT('Control Point',(97.3867267307,4.04621305871,-29.4388703972)) ;
#5051=CARTESIAN_POINT('Control Point',(97.3715408029,4.07459635573,-29.7194410289)) ;
#5052=CARTESIAN_POINT('Control Point',(97.0444288139,7.18938253191,-27.4047724194)) ;
#5053=CARTESIAN_POINT('Control Point',(96.8600080598,6.99963750986,-27.4700087028)) ;
#5054=CARTESIAN_POINT('Control Point',(96.6795894388,6.82117974083,-27.5773183657)) ;
#5055=CARTESIAN_POINT('Control Point',(96.5097003818,6.66103470917,-27.7243115931)) ;
#5056=CARTESIAN_POINT('Control Point',(96.2033962114,6.3896377731,-28.0865612818)) ;
#5057=CARTESIAN_POINT('Control Point',(95.9826342999,6.23188598993,-28.5550690191)) ;
#5058=CARTESIAN_POINT('Control Point',(95.8983168126,6.18542839522,-28.8083582624)) ;
#5059=CARTESIAN_POINT('Control Point',(95.8431580607,6.17320458722,-29.0711792929)) ;
#5060=CARTESIAN_POINT('Control Point',(95.818047562,6.19444999703,-29.3339988937)) ;
#5061=CARTESIAN_POINT('Control Point',(94.3239224499,8.77954996594,-27.1578774727)) ;
#5062=CARTESIAN_POINT('Control Point',(94.2165915936,8.56327609603,-27.237128655)) ;
#5063=CARTESIAN_POINT('Control Point',(94.1126282172,8.35902518752,-27.3533002028)) ;
#5064=CARTESIAN_POINT('Control Point',(94.0154172394,8.17386127407,-27.5038211712)) ;
#5065=CARTESIAN_POINT('Control Point',(93.8408021026,7.85417028502,-27.863467981)) ;
#5066=CARTESIAN_POINT('Control Point',(93.7152154015,7.6527190881,-28.3139822802)) ;
#5067=CARTESIAN_POINT('Control Point',(93.6670463642,7.58582977472,-28.555397066)) ;
#5068=CARTESIAN_POINT('Control Point',(93.6350619808,7.55504432812,-28.8049003095)) ;
#5069=CARTESIAN_POINT('Control Point',(93.6197354176,7.56019450009,-29.0544025649)) ;
#5070=CARTESIAN_POINT('Control Point',(92.9147194092,9.29878924857,-27.1015822952)) ;
#5071=CARTESIAN_POINT('Control Point',(92.8440787789,9.07457528237,-27.1846399213)) ;
#5072=CARTESIAN_POINT('Control Point',(92.7765971489,8.86249994345,-27.3030898708)) ;
#5073=CARTESIAN_POINT('Control Point',(92.7144567632,8.66959175504,-27.4543551302)) ;
#5074=CARTESIAN_POINT('Control Point',(92.6048013614,8.33455182222,-27.8127613801)) ;
#5075=CARTESIAN_POINT('Control Point',(92.5300462281,8.11825395959,-28.2577198831)) ;
#5076=CARTESIAN_POINT('Control Point',(92.5028155173,8.04412052895,-28.4955612389)) ;
#5077=CARTESIAN_POINT('Control Point',(92.4865887605,8.00639099357,-28.7410923637)) ;
#5078=CARTESIAN_POINT('Control Point',(92.4815073174,8.00508127738,-28.9866225984)) ;
#5079=CARTESIAN_POINT('Control Point',(90.5479406784,9.72952040232,-27.1578603762)) ;
#5080=CARTESIAN_POINT('Control Point',(90.5368076906,9.49637474498,-27.2422173095)) ;
#5081=CARTESIAN_POINT('Control Point',(90.5286658998,9.2756841089,-27.361322331)) ;
#5082=CARTESIAN_POINT('Control Point',(90.5239074602,9.0746530137,-27.5125845268)) ;
#5083=CARTESIAN_POINT('Control Point',(90.5215556816,8.72468872286,-27.8698009852)) ;
#5084=CARTESIAN_POINT('Control Point',(90.5333867055,8.4967029192,-28.3116891599)) ;
#5085=CARTESIAN_POINT('Control Point',(90.5428151338,8.4176827734,-28.5476455821)) ;
#5086=CARTESIAN_POINT('Control Point',(90.5554874675,8.37615196946,-28.7911163782)) ;
#5087=CARTESIAN_POINT('Control Point',(90.5709406464,8.37221738915,-29.0345863346)) ;
#5088=CARTESIAN_POINT('Control Point',(88.1925904465,9.52165273008,-27.4283126233)) ;
#5089=CARTESIAN_POINT('Control Point',(88.2412720076,9.28657587403,-27.5058443013)) ;
#5090=CARTESIAN_POINT('Control Point',(88.2930248096,9.06434568192,-27.6203744135)) ;
#5091=CARTESIAN_POINT('Control Point',(88.3462838279,8.86267055265,-27.7693827569)) ;
#5092=CARTESIAN_POINT('Control Point',(88.4522731377,8.51405492248,-28.1262841446)) ;
#5093=CARTESIAN_POINT('Control Point',(88.5506073045,8.29347744841,-28.5745314056)) ;
#5094=CARTESIAN_POINT('Control Point',(88.5962090726,8.2198788112,-28.8149129568)) ;
#5095=CARTESIAN_POINT('Control Point',(88.6367223749,8.1854598461,-29.0634335116)) ;
#5096=CARTESIAN_POINT('Control Point',(88.6710349705,8.19004969656,-29.3119530419)) ;
#5097=CARTESIAN_POINT('Control Point',(87.3158714267,9.35205031934,-27.5601836174)) ;
#5098=CARTESIAN_POINT('Control Point',(87.3872465388,9.11726699282,-27.6339501746)) ;
#5099=CARTESIAN_POINT('Control Point',(87.4617569325,8.89548542148,-27.7459805486)) ;
#5100=CARTESIAN_POINT('Control Point',(87.5370348171,8.69465141852,-27.8937979183)) ;
#5101=CARTESIAN_POINT('Control Point',(87.6839613606,8.34889519,-28.2506853976)) ;
#5102=CARTESIAN_POINT('Control Point',(87.8144034168,8.13385083195,-28.7026910984)) ;
#5103=CARTESIAN_POINT('Control Point',(87.8731918711,8.06377019211,-28.9456568249)) ;
#5104=CARTESIAN_POINT('Control Point',(87.9235225903,8.03358578494,-29.1971151034)) ;
#5105=CARTESIAN_POINT('Control Point',(87.9640428814,8.04296578764,-29.448572251)) ;
#5106=CARTESIAN_POINT('Control Point',(85.4333251104,8.78348846155,-27.9044963554)) ;
#5107=CARTESIAN_POINT('Control Point',(85.5551692885,8.55223097664,-27.967316367)) ;
#5108=CARTESIAN_POINT('Control Point',(85.6803553633,8.3342375652,-28.072047889)) ;
#5109=CARTESIAN_POINT('Control Point',(85.8045151876,8.13803685019,-28.2163845162)) ;
#5110=CARTESIAN_POINT('Control Point',(86.0415612897,7.80418289818,-28.5732651775)) ;
#5111=CARTESIAN_POINT('Control Point',(86.2403975724,7.60692900932,-29.0363750402)) ;
#5112=CARTESIAN_POINT('Control Point',(86.3263343394,7.54737925966,-29.2869799976)) ;
#5113=CARTESIAN_POINT('Control Point',(86.3955765722,7.5292015674,-29.5471245357)) ;
#5114=CARTESIAN_POINT('Control Point',(86.4462859884,7.55157148839,-29.8072675916)) ;
#5115=CARTESIAN_POINT('Control Point',(83.7404618218,7.8074819479,-28.327407145)) ;
#5116=CARTESIAN_POINT('Control Point',(83.9125427675,7.58847666897,-28.37406622)) ;
#5117=CARTESIAN_POINT('Control Point',(84.0882850866,7.38253693379,-28.4678230682)) ;
#5118=CARTESIAN_POINT('Control Point',(84.2607559171,7.19865315285,-28.6067819961)) ;
#5119=CARTESIAN_POINT('Control Point',(84.584716916,6.89065870624,-28.963281051)) ;
#5120=CARTESIAN_POINT('Control Point',(84.8432574344,6.72168282825,-29.4427050835)) ;
#5121=CARTESIAN_POINT('Control Point',(84.9502788177,6.67688147676,-29.7046448456)) ;
#5122=CARTESIAN_POINT('Control Point',(85.0305512354,6.67370208137,-29.9777196286)) ;
#5123=CARTESIAN_POINT('Control Point',(85.0819981329,6.71062639076,-30.2507922766)) ;
#5124=CARTESIAN_POINT('Control Point',(82.8850975495,7.1550110807,-28.5703809392)) ;
#5125=CARTESIAN_POINT('Control Point',(83.0845608743,6.94613796739,-28.6067741483)) ;
#5126=CARTESIAN_POINT('Control Point',(83.287884386,6.74998470911,-28.6934656039)) ;
#5127=CARTESIAN_POINT('Control Point',(83.4865271679,6.5756841424,-28.8288836274)) ;
#5128=CARTESIAN_POINT('Control Point',(83.8567421045,6.28663235122,-29.1849061019)) ;
#5129=CARTESIAN_POINT('Control Point',(84.144640407,6.1357853644,-29.6745329523)) ;
#5130=CARTESIAN_POINT('Control Point',(84.2609258744,6.09976136616,-29.943623184)) ;
#5131=CARTESIAN_POINT('Control Point',(84.3443271725,6.10480180026,-30.2248777222)) ;
#5132=CARTESIAN_POINT('Control Point',(84.392754462,6.14896795083,-30.5061296545)) ;
#5133=CARTESIAN_POINT('Control Point',(81.2949721207,5.56386759482,-29.0636683346)) ;
#5134=CARTESIAN_POINT('Control Point',(81.5500297747,5.38656201035,-29.0766461394)) ;
#5135=CARTESIAN_POINT('Control Point',(81.8093780987,5.22044865122,-29.1469082219)) ;
#5136=CARTESIAN_POINT('Control Point',(82.06073763,5.07432592669,-29.2738257818)) ;
#5137=CARTESIAN_POINT('Control Point',(82.5221749954,4.83720652219,-29.6279634329)) ;
#5138=CARTESIAN_POINT('Control Point',(82.8624986001,4.72741946016,-30.1403145991)) ;
#5139=CARTESIAN_POINT('Control Point',(82.9926689501,4.70871326212,-30.4255462404)) ;
#5140=CARTESIAN_POINT('Control Point',(83.0762414363,4.72720285278,-30.725345107)) ;
#5141=CARTESIAN_POINT('Control Point',(83.1115082523,4.78025642717,-31.0251400405)) ;
#5142=CARTESIAN_POINT('Control Point',(80.2080769125,3.55310513131,-29.4517889933)) ;
#5143=CARTESIAN_POINT('Control Point',(80.5080495523,3.43164624525,-29.4426251859)) ;
#5144=CARTESIAN_POINT('Control Point',(80.8126854952,3.31799719498,-29.4969078395)) ;
#5145=CARTESIAN_POINT('Control Point',(81.1060342169,3.21878146543,-29.6151870393)) ;
#5146=CARTESIAN_POINT('Control Point',(81.6374160731,3.0605554838,-29.9664214741)) ;
#5147=CARTESIAN_POINT('Control Point',(82.0102735637,2.99480303876,-30.499514395)) ;
#5148=CARTESIAN_POINT('Control Point',(82.1449769588,2.98813469064,-30.7997918765)) ;
#5149=CARTESIAN_POINT('Control Point',(82.2203984237,3.00807266339,-31.1169904904)) ;
#5150=CARTESIAN_POINT('Control Point',(82.2357704827,3.05219212594,-31.4341835723)) ;
#5151=CARTESIAN_POINT('Control Point',(79.8058299381,2.4062039095,-29.603260913)) ;
#5152=CARTESIAN_POINT('Control Point',(80.1243638541,2.32163135467,-29.5843340283)) ;
#5153=CARTESIAN_POINT('Control Point',(80.4477140043,2.24251967657,-29.6314345365)) ;
#5154=CARTESIAN_POINT('Control Point',(80.7582507051,2.17365386076,-29.7457201902)) ;
#5155=CARTESIAN_POINT('Control Point',(81.3175636905,2.06458937971,-30.0953356377)) ;
#5156=CARTESIAN_POINT('Control Point',(81.7014523982,2.02133345087,-30.637363871)) ;
#5157=CARTESIAN_POINT('Control Point',(81.8364190763,2.01833311725,-30.9442223188)) ;
#5158=CARTESIAN_POINT('Control Point',(81.9065430307,2.03413837392,-31.2690671991)) ;
#5159=CARTESIAN_POINT('Control Point',(81.9116477151,2.06686797274,-31.593905695)) ;
#5160=CARTESIAN_POINT('Control Point',(79.6052155792,1.20280268615,-29.6786970942)) ;
#5161=CARTESIAN_POINT('Control Point',(79.9330033757,1.16057218159,-29.6549061696)) ;
#5162=CARTESIAN_POINT('Control Point',(80.2656834772,1.1210687738,-29.6984263933)) ;
#5163=CARTESIAN_POINT('Control Point',(80.5847884648,1.08667773962,-29.8107196391)) ;
#5164=CARTESIAN_POINT('Control Point',(81.1580227417,1.03219615831,-30.1595244192)) ;
#5165=CARTESIAN_POINT('Control Point',(81.5474090248,1.01054659778,-30.7060045106)) ;
#5166=CARTESIAN_POINT('Control Point',(81.6825077457,1.00901584917,-31.0161432444)) ;
#5167=CARTESIAN_POINT('Control Point',(81.7499965538,1.01687094568,-31.344799957)) ;
#5168=CARTESIAN_POINT('Control Point',(81.7499966299,1.03317756652,-31.673449863)) ;
#5169=CARTESIAN_POINT('Control Point',(79.6052174731,-8.35967131074E-008,-29.6786970497)) ;
#5170=CARTESIAN_POINT('Control Point',(79.9330052352,-9.1854967188E-008,-29.6549060864)) ;
#5171=CARTESIAN_POINT('Control Point',(80.2656853027,-1.00241003054E-007,-29.698426281)) ;
#5172=CARTESIAN_POINT('Control Point',(80.584790256,-1.08289561762E-007,-29.8107195099)) ;
#5173=CARTESIAN_POINT('Control Point',(81.1580244624,-1.22757678689E-007,-30.1595242806)) ;
#5174=CARTESIAN_POINT('Control Point',(81.5474106713,-1.32606274406E-007,-30.7060044026)) ;
#5175=CARTESIAN_POINT('Control Point',(81.6825093543,-1.36031333309E-007,-31.0161431597)) ;
#5176=CARTESIAN_POINT('Control Point',(81.7499981247,-1.37753946028E-007,-31.3447998994)) ;
#5177=CARTESIAN_POINT('Control Point',(81.7499981655,-1.37775924891E-007,-31.6734498323)) ;
#5179=CARTESIAN_POINT('Control Point',(98.25,5.05150120952E-016,-29.9849976655)) ;
#5180=CARTESIAN_POINT('Control Point',(98.25,0.647788253927,-29.9849976655)) ;
#5181=CARTESIAN_POINT('Control Point',(98.1864197543,1.29557646876,-29.9658644287)) ;
#5182=CARTESIAN_POINT('Control Point',(98.0592904105,1.93359854299,-29.9275848605)) ;
#5183=CARTESIAN_POINT('Control Point',(97.6555551314,3.26358387943,-29.8101663193)) ;
#5184=CARTESIAN_POINT('Control Point',(96.9901649574,4.47326711405,-29.6373663608)) ;
#5185=CARTESIAN_POINT('Control Point',(96.566173628,5.07412367389,-29.5358101297)) ;
#5186=CARTESIAN_POINT('Control Point',(95.5994838677,6.1659834569,-29.3329112872)) ;
#5187=CARTESIAN_POINT('Control Point',(94.4272035064,7.01725618461,-29.1638293086)) ;
#5188=CARTESIAN_POINT('Control Point',(93.7995283837,7.37574093182,-29.0963552789)) ;
#5189=CARTESIAN_POINT('Control Point',(92.6968447294,7.85499202368,-29.0253748633)) ;
#5190=CARTESIAN_POINT('Control Point',(91.5348872655,8.12709796814,-29.0355861378)) ;
#5191=CARTESIAN_POINT('Control Point',(91.0624524248,8.20212051172,-29.0540123711)) ;
#5192=CARTESIAN_POINT('Control Point',(89.8646592946,8.30451845715,-29.1376605322)) ;
#5193=CARTESIAN_POINT('Control Point',(88.6710126376,8.19001548891,-29.3120104786)) ;
#5194=CARTESIAN_POINT('Control Point',(87.9640428814,8.04296578764,-29.448572251)) ;
#5195=CARTESIAN_POINT('Control Point',(86.4462859884,7.55157148839,-29.8072675916)) ;
#5196=CARTESIAN_POINT('Control Point',(85.0819981329,6.71062639076,-30.2507922766)) ;
#5197=CARTESIAN_POINT('Control Point',(84.3927693952,6.14889753456,-30.506122404)) ;
#5198=CARTESIAN_POINT('Control Point',(83.2863472518,4.96710041748,-30.954316792)) ;
#5199=CARTESIAN_POINT('Control Point',(82.4823552633,3.5171101079,-31.3204869485)) ;
#5200=CARTESIAN_POINT('Control Point',(82.1929555022,2.82308670931,-31.4579205205)) ;
#5201=CARTESIAN_POINT('Control Point',(81.9097834125,1.83430768883,-31.5949896613)) ;
#5202=CARTESIAN_POINT('Control Point',(81.7832382038,0.810434210458,-31.6570882946)) ;
#5203=CARTESIAN_POINT('Control Point',(81.7610780155,0.540835452708,-31.6679957925)) ;
#5204=CARTESIAN_POINT('Control Point',(81.7499977681,0.270421491153,-31.6734498381)) ;
#5205=CARTESIAN_POINT('Control Point',(81.7499981655,-1.35100264309E-012,-31.6734498323)) ;
#5214=CARTESIAN_POINT('Axis2P3D Location',(0.,25.4,0.)) ;
#5223=CARTESIAN_POINT('Axis2P3D Location',(0.,0.,0.)) ;
#5227=CARTESIAN_POINT('Vertex',(0.,-22.290597072,-12.1774086805)) ;
#5229=CARTESIAN_POINT('Vertex',(0.,22.290597072,12.1774086805)) ;
#5232=CARTESIAN_POINT('Axis2P3D Location',(0.,0.,0.)) ;
#5242=CARTESIAN_POINT('Axis2P3D Location',(90.,0.,5.61217819215)) ;
#5247=CARTESIAN_POINT('Line Origine',(98.25,-2.02060048381E-015,5.61217819215)) ;
#5251=CARTESIAN_POINT('Vertex',(98.25,-2.02060048381E-015,-35.5)) ;
#5254=CARTESIAN_POINT('Line Origine',(81.75,1.0103002419E-015,5.61217819215)) ;
#5258=CARTESIAN_POINT('Vertex',(81.75,1.0103002419E-015,-35.5)) ;
#5261=CARTESIAN_POINT('Axis2P3D Location',(90.,0.,-35.5)) ;
#5273=CARTESIAN_POINT('Axis2P3D Location',(90.,0.,-35.5)) ;
#5285=CARTESIAN_POINT('Axis2P3D Location',(70.0000000004,0.,0.)) ;
#5290=CARTESIAN_POINT('Line Origine',(30.,22.290597072,12.1774086805)) ;
#5294=CARTESIAN_POINT('Vertex',(60.,22.290597072,12.1774086805)) ;
#5297=CARTESIAN_POINT('Axis2P3D Location',(60.,0.,0.)) ;
#5301=CARTESIAN_POINT('Vertex',(60.,-22.290597072,-12.1774086805)) ;
#5304=CARTESIAN_POINT('Line Origine',(30.,-22.290597072,-12.1774086805)) ;
#5316=CARTESIAN_POINT('Axis2P3D Location',(60.,0.,0.)) ;
#5328=CARTESIAN_POINT('Axis2P3D Location',(90.,-7.54951656745E-015,-35.5)) ;
#5333=CARTESIAN_POINT('Axis2P3D Location',(82.75,2.51187959321E-015,-35.5)) ;
#5337=CARTESIAN_POINT('Vertex',(82.75,5.18820897321E-009,-36.5)) ;
#5340=CARTESIAN_POINT('Axis2P3D Location',(90.,-7.54951656745E-015,-36.5)) ;
#5344=CARTESIAN_POINT('Vertex',(97.25,-1.01023518977E-014,-36.5)) ;
#5347=CARTESIAN_POINT('Axis2P3D Location',(97.25,-7.14706072102E-015,-35.5)) ;
#5359=CARTESIAN_POINT('Axis2P3D Location',(90.,4.4408920985E-016,-35.5)) ;
#5364=CARTESIAN_POINT('Axis2P3D Location',(90.,4.4408920985E-016,-36.5)) ;
#5376=CARTESIAN_POINT('Axis2P3D Location',(0.,0.,36.5)) ;
#5381=CARTESIAN_POINT('Axis2P3D Location',(15.,2.23432383706E-015,36.5)) ;
#5385=CARTESIAN_POINT('Vertex',(5.91633117402,-7.71891687454E-009,36.5)) ;
#5387=CARTESIAN_POINT('Vertex',(24.083668826,2.56188446011E-008,36.5)) ;
#5390=CARTESIAN_POINT('Axis2P3D Location',(15.,-1.38777878078E-015,36.5)) ;
#5400=CARTESIAN_POINT('Axis2P3D Location',(15.,-4.4408920985E-016,35.5)) ;
#5405=CARTESIAN_POINT('Axis2P3D Location',(5.91633117402,5.64400618017E-016,35.5)) ;
#5410=CARTESIAN_POINT('Axis2P3D Location',(24.083668826,1.06864553195E-015,35.5)) ;
#5422=CARTESIAN_POINT('Axis2P3D Location',(15.,-1.33226762955E-015,35.5)) ;
#5434=CARTESIAN_POINT('Axis2P3D Location',(60.,25.4,0.)) ;
#5448=CARTESIAN_POINT('Axis2P3D Location',(0.,0.,-36.5)) ;
#5471=CARTESIAN_POINT('NONE',(0.,0.,0.)) ;
#5472=CARTESIAN_POINT('NONE',(-590.112501311,350.15180517,-3.09212515343E-013)) ;
#5486=CARTESIAN_POINT('NONE',(0.,0.,0.)) ;
#5487=CARTESIAN_POINT('NONE',(-590.112501311,-175.075902585,-303.240358459)) ;
#5501=CARTESIAN_POINT('NONE',(0.,0.,0.)) ;
#5502=CARTESIAN_POINT('NONE',(-590.112501311,-175.075902585,303.240358459)) ;
#5524=CARTESIAN_POINT('Axis2P3D Location',(0.,0.,32.5)) ;
#5529=CARTESIAN_POINT('Axis2P3D Location',(0.,0.,32.5)) ;
#5533=CARTESIAN_POINT('Vertex',(3.07153896662,1.67798938511,32.5)) ;
#5535=CARTESIAN_POINT('Vertex',(-3.07153896662,-1.67798938511,32.5)) ;
#5538=CARTESIAN_POINT('Line Origine',(3.72972588803,2.03755853907,31.75)) ;
#5542=CARTESIAN_POINT('Vertex',(4.38791280945,2.39712769302,31.)) ;
#5545=CARTESIAN_POINT('Axis2P3D Location',(0.,0.,31.)) ;
#5549=CARTESIAN_POINT('Vertex',(-4.38791280945,-2.39712769302,31.)) ;
#5552=CARTESIAN_POINT('Line Origine',(-3.72972588803,-2.03755853907,31.75)) ;
#5564=CARTESIAN_POINT('Axis2P3D Location',(0.,0.,32.5)) ;
#5569=CARTESIAN_POINT('Axis2P3D Location',(0.,0.,31.)) ;
#5581=CARTESIAN_POINT('Axis2P3D Location',(0.,0.,21.25)) ;
#5586=CARTESIAN_POINT('Line Origine',(4.38791280945,2.39712769302,21.875)) ;
#5590=CARTESIAN_POINT('Vertex',(4.38791280945,2.39712769302,12.75)) ;
#5593=CARTESIAN_POINT('Axis2P3D Location',(0.,0.,12.75)) ;
#5597=CARTESIAN_POINT('Vertex',(-4.38791280945,-2.39712769302,12.75)) ;
#5600=CARTESIAN_POINT('Line Origine',(-4.38791280945,-2.39712769302,21.875)) ;
#5612=CARTESIAN_POINT('Axis2P3D Location',(3.5,0.,32.5)) ;
#5622=CARTESIAN_POINT('Axis2P3D Location',(0.,0.,12.75)) ;
#5634=CARTESIAN_POINT('Axis2P3D Location',(0.,0.,12.)) ;
#5639=CARTESIAN_POINT('Line Origine',(4.05881934874,2.21734311604,12.375)) ;
#5643=CARTESIAN_POINT('Vertex',(3.72972588803,2.03755853907,12.)) ;
#5646=CARTESIAN_POINT('Axis2P3D Location',(0.,0.,12.)) ;
#5650=CARTESIAN_POINT('Vertex',(-3.72972588803,-2.03755853907,12.)) ;
#5653=CARTESIAN_POINT('Line Origine',(-4.05881934874,-2.21734311604,12.375)) ;
#5665=CARTESIAN_POINT('Axis2P3D Location',(0.,0.,12.)) ;
#5677=CARTESIAN_POINT('Axis2P3D Location',(0.,0.,21.25)) ;
#5682=CARTESIAN_POINT('Line Origine',(3.72972588803,2.03755853907,11.)) ;
#5686=CARTESIAN_POINT('Vertex',(3.72972588803,2.03755853907,10.)) ;
#5689=CARTESIAN_POINT('Axis2P3D Location',(0.,0.,10.)) ;
#5693=CARTESIAN_POINT('Vertex',(-3.72972588803,-2.03755853907,10.)) ;
#5696=CARTESIAN_POINT('Line Origine',(-3.72972588803,-2.03755853907,11.)) ;
#5708=CARTESIAN_POINT('Axis2P3D Location',(0.,0.,10.)) ;
#5720=CARTESIAN_POINT('Axis2P3D Location',(-10.5,0.,10.)) ;
#5725=CARTESIAN_POINT('Axis2P3D Location',(13.0087470573,10.15,10.)) ;
#5729=CARTESIAN_POINT('Vertex',(7.48988436312,5.8439397864,10.)) ;
#5731=CARTESIAN_POINT('Vertex',(10.0620806538,3.80042071418,10.)) ;
#5734=CARTESIAN_POINT('Axis2P3D Location',(0.,-2.22044604925E-016,10.)) ;
#5738=CARTESIAN_POINT('Vertex',(7.48988485172,-5.84393916019,10.)) ;
#5741=CARTESIAN_POINT('Axis2P3D Location',(13.0087470573,-10.15,10.)) ;
#5745=CARTESIAN_POINT('Vertex',(10.0620807824,-3.80042065452,10.)) ;
#5749=CARTESIAN_POINT('Control Point',(10.,-3.46625281767,10.)) ;
#5750=CARTESIAN_POINT('Control Point',(10.0000000001,-3.53420280031,10.)) ;
#5751=CARTESIAN_POINT('Control Point',(10.0061341916,-3.60248577607,10.)) ;
#5752=CARTESIAN_POINT('Control Point',(10.0186195171,-3.67024804868,10.)) ;
#5753=CARTESIAN_POINT('Control Point',(10.037403015,-3.73652056401,10.)) ;
#5754=CARTESIAN_POINT('Control Point',(10.0620807824,-3.80042065452,10.)) ;
#5755=CARTESIAN_POINT('Vertex',(10.,-3.46625281767,10.)) ;
#5758=CARTESIAN_POINT('Line Origine',(10.,1.09875665455E-007,10.)) ;
#5762=CARTESIAN_POINT('Vertex',(10.,3.46625303743,10.)) ;
#5766=CARTESIAN_POINT('Control Point',(10.,3.46625303743,10.)) ;
#5767=CARTESIAN_POINT('Control Point',(9.99999998738,3.53420282228,10.)) ;
#5768=CARTESIAN_POINT('Control Point',(10.0061341297,3.60248573369,10.)) ;
#5769=CARTESIAN_POINT('Control Point',(10.0186194174,3.67024803212,10.)) ;
#5770=CARTESIAN_POINT('Control Point',(10.037402904,3.73652059975,10.)) ;
#5771=CARTESIAN_POINT('Control Point',(10.0620806538,3.80042071418,10.)) ;
#5786=CARTESIAN_POINT('Axis2P3D Location',(38.,0.,2.)) ;
#5791=CARTESIAN_POINT('Axis2P3D Location',(38.,-4.4,2.)) ;
#5795=CARTESIAN_POINT('Vertex',(40.,-4.4,2.)) ;
#5797=CARTESIAN_POINT('Vertex',(38.,-4.39999899526,0.)) ;
#5800=CARTESIAN_POINT('Line Origine',(38.,0.,0.)) ;
#5804=CARTESIAN_POINT('Vertex',(38.,4.4,0.)) ;
#5807=CARTESIAN_POINT('Axis2P3D Location',(38.,4.4,2.)) ;
#5811=CARTESIAN_POINT('Vertex',(40.,4.4,2.)) ;
#5814=CARTESIAN_POINT('Line Origine',(40.,0.,2.)) ;
#5818=CARTESIAN_POINT('Vertex',(40.,2.04281036531E-014,2.)) ;
#5821=CARTESIAN_POINT('Line Origine',(40.,0.,2.)) ;
#5834=CARTESIAN_POINT('Axis2P3D Location',(13.0087470573,10.15,2.)) ;
#5839=CARTESIAN_POINT('Axis2P3D Location',(13.0087470573,2.15,2.)) ;
#5843=CARTESIAN_POINT('Vertex',(13.0087470573,4.15,2.)) ;
#5845=CARTESIAN_POINT('Vertex',(13.0087470573,2.15,0.)) ;
#5848=CARTESIAN_POINT('Axis2P3D Location',(13.0087470573,10.15,0.)) ;
#5852=CARTESIAN_POINT('Vertex',(6.70147570806,5.22878794122,0.)) ;
#5855=CARTESIAN_POINT('Axis2P3D Location',(6.70147570806,5.22878794122,2.)) ;
#5859=CARTESIAN_POINT('Vertex',(8.2782935819,6.45909090909,2.)) ;
#5862=CARTESIAN_POINT('Axis2P3D Location',(13.0087470573,10.15,2.)) ;
#5874=CARTESIAN_POINT('Axis2P3D Location',(14.75,2.15,2.)) ;
#5879=CARTESIAN_POINT('Axis2P3D Location',(29.8352106592,2.15,2.)) ;
#5883=CARTESIAN_POINT('Vertex',(29.8352106592,4.15,2.)) ;
#5885=CARTESIAN_POINT('Vertex',(29.8352104064,2.15,0.)) ;
#5888=CARTESIAN_POINT('Line Origine',(14.75,2.15,0.)) ;
#5893=CARTESIAN_POINT('Line Origine',(14.75,4.15,2.)) ;
#5905=CARTESIAN_POINT('Axis2P3D Location',(29.8352106592,10.15,2.)) ;
#5910=CARTESIAN_POINT('Axis2P3D Location',(34.9430654132,3.99290492095,2.)) ;
#5914=CARTESIAN_POINT('Vertex',(33.6661017247,5.53217869071,2.)) ;
#5916=CARTESIAN_POINT('Vertex',(34.9430654132,3.99290492095,0.)) ;
#5919=CARTESIAN_POINT('Axis2P3D Location',(29.8352106592,10.15,0.)) ;
#5924=CARTESIAN_POINT('Axis2P3D Location',(29.8352106592,10.15,2.)) ;
#5936=CARTESIAN_POINT('Axis2P3D Location',(30.1299498443,0.,2.)) ;
#5941=CARTESIAN_POINT('Axis2P3D Location',(36.3615181558,5.16963688488,2.)) ;
#5945=CARTESIAN_POINT('Vertex',(35.0845544673,6.70891065465,2.)) ;
#5947=CARTESIAN_POINT('Vertex',(36.3615173825,5.16963624338,0.)) ;
#5950=CARTESIAN_POINT('Line Origine',(30.1299498443,1.7763568394E-015,0.)) ;
#5955=CARTESIAN_POINT('Line Origine',(28.8529861558,1.53927376976,2.)) ;
#5967=CARTESIAN_POINT('Axis2P3D Location',(37.,4.4,2.)) ;
#5972=CARTESIAN_POINT('Axis2P3D Location',(37.,4.4,0.)) ;
#5977=CARTESIAN_POINT('Axis2P3D Location',(37.,4.4,2.)) ;
#5989=CARTESIAN_POINT('Axis2P3D Location',(37.,-4.4,2.)) ;
#5994=CARTESIAN_POINT('Axis2P3D Location',(36.3615181558,-5.16963688488,2.)) ;
#5998=CARTESIAN_POINT('Vertex',(35.0845544673,-6.70891065465,2.)) ;
#6000=CARTESIAN_POINT('Vertex',(36.3615181558,-5.16963688488,0.)) ;
#6003=CARTESIAN_POINT('Axis2P3D Location',(37.,-4.4,0.)) ;
#6008=CARTESIAN_POINT('Axis2P3D Location',(37.,-4.4,2.)) ;
#6020=CARTESIAN_POINT('Axis2P3D Location',(30.1299498443,0.,2.)) ;
#6025=CARTESIAN_POINT('Axis2P3D Location',(34.9430654132,-3.99290492095,2.)) ;
#6029=CARTESIAN_POINT('Vertex',(33.6661017247,-5.53217869071,2.)) ;
#6031=CARTESIAN_POINT('Vertex',(34.9430654261,-3.99290493168,0.)) ;
#6034=CARTESIAN_POINT('Line Origine',(30.1299498443,-1.7763568394E-015,0.)) ;
#6039=CARTESIAN_POINT('Line Origine',(28.8529861558,-1.53927376976,2.)) ;
#6051=CARTESIAN_POINT('Axis2P3D Location',(29.8352106592,-10.15,2.)) ;
#6056=CARTESIAN_POINT('Axis2P3D Location',(29.8352106592,-2.15,2.)) ;
#6060=CARTESIAN_POINT('Vertex',(29.8352106592,-4.15,2.)) ;
#6062=CARTESIAN_POINT('Vertex',(29.8352106592,-2.15,0.)) ;
#6065=CARTESIAN_POINT('Axis2P3D Location',(29.8352106592,-10.15,0.)) ;
#6070=CARTESIAN_POINT('Axis2P3D Location',(29.8352106592,-10.15,2.)) ;
#6082=CARTESIAN_POINT('Axis2P3D Location',(14.75,-2.15,2.)) ;
#6087=CARTESIAN_POINT('Axis2P3D Location',(13.0087470573,-2.15,2.)) ;
#6091=CARTESIAN_POINT('Vertex',(13.0087470573,-4.15,2.)) ;
#6093=CARTESIAN_POINT('Vertex',(13.0087472863,-2.15,0.)) ;
#6096=CARTESIAN_POINT('Line Origine',(14.75,-2.15,0.)) ;
#6101=CARTESIAN_POINT('Line Origine',(14.75,-4.15,2.)) ;
#6113=CARTESIAN_POINT('Axis2P3D Location',(13.0087470573,-10.15,2.)) ;
#6118=CARTESIAN_POINT('Axis2P3D Location',(6.70147575677,-5.22878787879,2.)) ;
#6122=CARTESIAN_POINT('Vertex',(8.2782935819,-6.45909090909,2.)) ;
#6124=CARTESIAN_POINT('Vertex',(6.70147575865,-5.22878787639,0.)) ;
#6127=CARTESIAN_POINT('Axis2P3D Location',(13.0087470573,-10.15,0.)) ;
#6132=CARTESIAN_POINT('Axis2P3D Location',(13.0087470573,-10.15,2.)) ;
#6144=CARTESIAN_POINT('Axis2P3D Location',(-3.21964677141E-015,0.,2.)) ;
#6149=CARTESIAN_POINT('Axis2P3D Location',(-3.21964677141E-015,0.,0.)) ;
#6154=CARTESIAN_POINT('Axis2P3D Location',(-3.21964677141E-015,0.,2.)) ;
#6166=CARTESIAN_POINT('Axis2P3D Location',(0.,0.,7.5)) ;
#6171=CARTESIAN_POINT('Line Origine',(8.2782935819,-6.45909090909,7.5)) ;
#6175=CARTESIAN_POINT('Vertex',(8.2782935819,-6.45909090909,9.)) ;
#6178=CARTESIAN_POINT('Axis2P3D Location',(0.,0.,9.)) ;
#6182=CARTESIAN_POINT('Vertex',(8.2782935819,6.45909090909,9.)) ;
#6185=CARTESIAN_POINT('Line Origine',(8.2782935819,6.45909090909,7.5)) ;
#6197=CARTESIAN_POINT('Axis2P3D Location',(13.0087470573,4.15,0.)) ;
#6202=CARTESIAN_POINT('Line Origine',(13.0087470573,4.15,8.)) ;
#6206=CARTESIAN_POINT('Vertex',(13.0087470573,4.15,14.)) ;
#6209=CARTESIAN_POINT('Line Origine',(21.4219788582,4.15,14.)) ;
#6213=CARTESIAN_POINT('Vertex',(29.8352106592,4.15,14.)) ;
#6216=CARTESIAN_POINT('Line Origine',(29.8352106592,4.15,8.)) ;
#6228=CARTESIAN_POINT('Axis2P3D Location',(33.6661017247,-5.53217869071,0.)) ;
#6233=CARTESIAN_POINT('Line Origine',(35.0845544673,-6.70891065465,8.)) ;
#6237=CARTESIAN_POINT('Vertex',(35.0845544673,-6.70891065465,14.)) ;
#6240=CARTESIAN_POINT('Line Origine',(34.375328096,-6.12054467268,14.)) ;
#6244=CARTESIAN_POINT('Vertex',(33.6661017247,-5.53217869071,14.)) ;
#6247=CARTESIAN_POINT('Line Origine',(33.6661017247,-5.53217869071,8.)) ;
#6259=CARTESIAN_POINT('Axis2P3D Location',(37.,-4.4,7.5)) ;
#6264=CARTESIAN_POINT('Line Origine',(40.,-4.4,7.5)) ;
#6268=CARTESIAN_POINT('Vertex',(40.,-4.4,14.)) ;
#6271=CARTESIAN_POINT('Axis2P3D Location',(37.,-4.4,14.)) ;
#6283=CARTESIAN_POINT('Axis2P3D Location',(40.,-4.4,0.)) ;
#6288=CARTESIAN_POINT('Line Origine',(40.,2.04281036531E-014,8.)) ;
#6292=CARTESIAN_POINT('Vertex',(40.,2.04281036531E-014,14.)) ;
#6295=CARTESIAN_POINT('Line Origine',(40.,-2.2,14.)) ;
#6307=CARTESIAN_POINT('Line Origine',(40.,4.4,8.)) ;
#6311=CARTESIAN_POINT('Vertex',(40.,4.4,14.)) ;
#6314=CARTESIAN_POINT('Line Origine',(40.,2.2,14.)) ;
#6326=CARTESIAN_POINT('Axis2P3D Location',(37.,4.4,7.5)) ;
#6331=CARTESIAN_POINT('Line Origine',(35.0845544673,6.70891065465,7.5)) ;
#6335=CARTESIAN_POINT('Vertex',(35.0845544673,6.70891065465,14.)) ;
#6338=CARTESIAN_POINT('Axis2P3D Location',(37.,4.4,14.)) ;
#6350=CARTESIAN_POINT('Axis2P3D Location',(33.6661017247,5.53217869071,0.)) ;
#6355=CARTESIAN_POINT('Line Origine',(33.6661017247,5.53217869071,8.)) ;
#6359=CARTESIAN_POINT('Vertex',(33.6661017247,5.53217869071,14.)) ;
#6362=CARTESIAN_POINT('Line Origine',(34.375328096,6.12054467268,14.)) ;
#6374=CARTESIAN_POINT('Axis2P3D Location',(29.8352106592,10.15,7.5)) ;
#6379=CARTESIAN_POINT('Axis2P3D Location',(29.8352106592,10.15,14.)) ;
#6391=CARTESIAN_POINT('Axis2P3D Location',(29.8352106592,-10.15,7.5)) ;
#6396=CARTESIAN_POINT('Axis2P3D Location',(29.8352106592,-10.15,14.)) ;
#6400=CARTESIAN_POINT('Vertex',(29.8352106592,-4.15,14.)) ;
#6403=CARTESIAN_POINT('Line Origine',(29.8352106592,-4.15,7.5)) ;
#6415=CARTESIAN_POINT('Axis2P3D Location',(13.0087470573,-4.15,0.)) ;
#6420=CARTESIAN_POINT('Line Origine',(21.4219788582,-4.15,14.)) ;
#6424=CARTESIAN_POINT('Vertex',(13.0087470573,-4.15,14.)) ;
#6427=CARTESIAN_POINT('Line Origine',(13.0087470573,-4.15,8.)) ;
#6439=CARTESIAN_POINT('Axis2P3D Location',(13.0087470573,10.15,7.5)) ;
#6444=CARTESIAN_POINT('Axis2P3D Location',(13.0087470573,10.15,9.)) ;
#6448=CARTESIAN_POINT('Vertex',(11.0101347914,4.4926553039,9.)) ;
#6452=CARTESIAN_POINT('Control Point',(12.7243814446,4.15674243851,14.)) ;
#6453=CARTESIAN_POINT('Control Point',(12.1516859576,4.18391545776,12.3296825632)) ;
#6454=CARTESIAN_POINT('Control Point',(11.5793542591,4.29156290608,10.6602302608)) ;
#6455=CARTESIAN_POINT('Control Point',(11.0101347914,4.4926553039,9.)) ;
#6456=CARTESIAN_POINT('Vertex',(12.7243814446,4.15674243851,14.)) ;
#6459=CARTESIAN_POINT('Axis2P3D Location',(13.0087470573,10.15,14.)) ;
#6473=CARTESIAN_POINT('Axis2P3D Location',(13.0087470573,-10.15,7.5)) ;
#6478=CARTESIAN_POINT('Axis2P3D Location',(13.0087470573,-10.15,14.)) ;
#6482=CARTESIAN_POINT('Vertex',(12.7244110465,-4.15674103405,14.)) ;
#6486=CARTESIAN_POINT('Control Point',(11.0101328589,-4.4926559866,9.)) ;
#6487=CARTESIAN_POINT('Control Point',(11.5788702517,-4.29173367644,10.6587899366)) ;
#6488=CARTESIAN_POINT('Control Point',(12.151668545,-4.18391344875,12.3295052215)) ;
#6489=CARTESIAN_POINT('Control Point',(12.7244110465,-4.15674103405,14.)) ;
#6490=CARTESIAN_POINT('Vertex',(11.0101328589,-4.4926559866,9.)) ;
#6493=CARTESIAN_POINT('Axis2P3D Location',(13.0087470573,-10.15,9.)) ;
#6507=CARTESIAN_POINT('Axis2P3D Location',(0.,0.,0.)) ;
#6527=CARTESIAN_POINT('Axis2P3D Location',(13.0087470573,10.15,14.)) ;
#6532=CARTESIAN_POINT('Axis2P3D Location',(13.0087470573,10.15,15.)) ;
#6536=CARTESIAN_POINT('Vertex',(12.0028113319,3.22265611389,15.)) ;
#6538=CARTESIAN_POINT('Vertex',(13.0087470573,3.15,15.)) ;
#6541=CARTESIAN_POINT('Axis2P3D Location',(13.0087470573,3.15,14.)) ;
#6547=CARTESIAN_POINT('Control Point',(12.7243814446,4.15674243851,14.)) ;
#6548=CARTESIAN_POINT('Control Point',(12.6815644247,4.15877400281,14.0665446452)) ;
#6549=CARTESIAN_POINT('Control Point',(12.6385059952,4.1556587844,14.1331519303)) ;
#6550=CARTESIAN_POINT('Control Point',(12.5953908707,4.14739036215,14.1993388943)) ;
#6551=CARTESIAN_POINT('Control Point',(12.4626718634,4.10578455671,14.4011224459)) ;
#6552=CARTESIAN_POINT('Control Point',(12.3307888144,4.01108038268,14.5949572594)) ;
#6553=CARTESIAN_POINT('Control Point',(12.2406143569,3.91823846462,14.7233196704)) ;
#6554=CARTESIAN_POINT('Control Point',(12.1214754351,3.73195323772,14.882528786)) ;
#6555=CARTESIAN_POINT('Control Point',(12.0420112796,3.47825352757,14.9716347625)) ;
#6556=CARTESIAN_POINT('Control Point',(12.0226852895,3.39535067863,14.9906294102)) ;
#6557=CARTESIAN_POINT('Control Point',(12.0095574758,3.30916675912,15.)) ;
#6558=CARTESIAN_POINT('Control Point',(12.0028113319,3.22265611389,15.)) ;
#6567=CARTESIAN_POINT('Axis2P3D Location',(13.0087470573,-10.15,14.)) ;
#6572=CARTESIAN_POINT('Axis2P3D Location',(13.0087470573,-3.15,14.)) ;
#6576=CARTESIAN_POINT('Vertex',(13.0087470573,-3.15,15.)) ;
#6579=CARTESIAN_POINT('Axis2P3D Location',(13.0087470573,-10.15,15.)) ;
#6583=CARTESIAN_POINT('Vertex',(12.0028108845,-3.22265617886,15.)) ;
#6587=CARTESIAN_POINT('Control Point',(12.7244110465,-4.15674103405,14.)) ;
#6588=CARTESIAN_POINT('Control Point',(12.6431688952,-4.16059537596,14.1262634991)) ;
#6589=CARTESIAN_POINT('Control Point',(12.5613926837,-4.1459042565,14.2528471699)) ;
#6590=CARTESIAN_POINT('Control Point',(12.4789887876,-4.11283406915,14.3766809585)) ;
#6591=CARTESIAN_POINT('Control Point',(12.3058877589,-3.99953006335,14.6324236439)) ;
#6592=CARTESIAN_POINT('Control Point',(12.1464697947,-3.77532541229,14.8501441529)) ;
#6593=CARTESIAN_POINT('Control Point',(12.06760888,-3.61891227291,14.9504204495)) ;
#6594=CARTESIAN_POINT('Control Point',(12.018327234,-3.42164916348,15.)) ;
#6595=CARTESIAN_POINT('Control Point',(12.0028108845,-3.22265617886,15.)) ;
#6605=CARTESIAN_POINT('Control Point',(12.0188435042,3.15026075518,15.0471087605)) ;
#6606=CARTESIAN_POINT('Control Point',(12.0190342662,3.30815475446,15.0475866946)) ;
#6607=CARTESIAN_POINT('Control Point',(12.048152894,3.46605133341,15.0364934915)) ;
#6608=CARTESIAN_POINT('Control Point',(12.1062338426,3.61573590949,15.0137865343)) ;
#6609=CARTESIAN_POINT('Control Point',(12.2739817921,3.88236057231,14.9476232594)) ;
#6610=CARTESIAN_POINT('Control Point',(12.5231090951,4.06050400552,14.8485976567)) ;
#6611=CARTESIAN_POINT('Control Point',(12.6626294291,4.12164208128,14.7930041297)) ;
#6612=CARTESIAN_POINT('Control Point',(12.8095002923,4.15151033215,14.7343606279)) ;
#6613=CARTESIAN_POINT('Control Point',(12.9560953591,4.15022350299,14.6757180841)) ;
#6614=CARTESIAN_POINT('Control Point',(11.563780339,3.15425208599,13.9094508474)) ;
#6615=CARTESIAN_POINT('Control Point',(11.5653941772,3.31816994864,13.9134869767)) ;
#6616=CARTESIAN_POINT('Control Point',(11.598146727,3.48209107564,13.9050676999)) ;
#6617=CARTESIAN_POINT('Control Point',(11.662007731,3.63685728014,13.8839593399)) ;
#6618=CARTESIAN_POINT('Control Point',(11.8444701318,3.90990147953,13.8188668101)) ;
#6619=CARTESIAN_POINT('Control Point',(12.1112552685,4.08506037032,13.7174004965)) ;
#6620=CARTESIAN_POINT('Control Point',(12.2595101037,4.14185938993,13.6598879295)) ;
#6621=CARTESIAN_POINT('Control Point',(12.4139370244,4.16451111062,13.5989734438)) ;
#6622=CARTESIAN_POINT('Control Point',(12.5660411826,4.1536446386,13.5380601711)) ;
#6623=CARTESIAN_POINT('Control Point',(11.1089684752,3.19522957559,12.7724211879)) ;
#6624=CARTESIAN_POINT('Control Point',(11.1121426438,3.36505524416,12.7803583696)) ;
#6625=CARTESIAN_POINT('Control Point',(11.1487718747,3.53488505376,12.7749137197)) ;
#6626=CARTESIAN_POINT('Control Point',(11.2187421927,3.69453237857,12.7556081163)) ;
#6627=CARTESIAN_POINT('Control Point',(11.4165600793,3.973264573,12.6917557289)) ;
#6628=CARTESIAN_POINT('Control Point',(11.7011616586,4.14404563336,12.5875936779)) ;
#6629=CARTESIAN_POINT('Control Point',(11.8579994704,4.19563898712,12.527940052)) ;
#6630=CARTESIAN_POINT('Control Point',(12.0194793307,4.21011698809,12.4644845096)) ;
#6631=CARTESIAN_POINT('Control Point',(12.1762024316,4.18876819279,12.4010305116)) ;
#6632=CARTESIAN_POINT('Control Point',(10.6546507161,3.2732185032,11.6366267901)) ;
#6633=CARTESIAN_POINT('Control Point',(10.6595558392,3.44885298485,11.6488900407)) ;
#6634=CARTESIAN_POINT('Control Point',(10.7003533658,3.62449273963,11.6467967129)) ;
#6635=CARTESIAN_POINT('Control Point',(10.7768212243,3.78882903091,11.6295525811)) ;
#6636=CARTESIAN_POINT('Control Point',(10.9907341037,4.07250205026,11.5671582997)) ;
#6637=CARTESIAN_POINT('Control Point',(11.2933062667,4.23746443713,11.4599828524)) ;
#6638=CARTESIAN_POINT('Control Point',(11.4585315994,4.28296066169,11.397908825)) ;
#6639=CARTESIAN_POINT('Control Point',(11.6264659232,4.28830503543,11.3315714768)) ;
#6640=CARTESIAN_POINT('Control Point',(11.7867872528,4.25561583991,11.2652361138)) ;
#6641=CARTESIAN_POINT('Control Point',(10.2007340185,3.39002041311,10.5018350463)) ;
#6642=CARTESIAN_POINT('Control Point',(10.2075844138,3.57137807774,10.5189610893)) ;
#6643=CARTESIAN_POINT('Control Point',(10.2529087851,3.75274249402,10.5206982265)) ;
#6644=CARTESIAN_POINT('Control Point',(10.3363456226,3.92157481384,10.5058472631)) ;
#6645=CARTESIAN_POINT('Control Point',(10.5672377355,4.20938694283,10.4451933978)) ;
#6646=CARTESIAN_POINT('Control Point',(10.887946526,4.36696856093,10.3346020813)) ;
#6647=CARTESIAN_POINT('Control Point',(11.0613143505,4.40540686963,10.2697512491)) ;
#6648=CARTESIAN_POINT('Control Point',(11.234985372,4.40061074002,10.2000965215)) ;
#6649=CARTESIAN_POINT('Control Point',(11.3977158795,4.35573177807,10.13044437)) ;
#6650=CARTESIAN_POINT('Control Point',(9.74855627054,3.549764463,9.37139067635)) ;
#6651=CARTESIAN_POINT('Control Point',(9.75766453678,3.73668540288,9.39416134759)) ;
#6652=CARTESIAN_POINT('Control Point',(9.80800323148,3.92361508653,9.40044108303)) ;
#6653=CARTESIAN_POINT('Control Point',(9.89902260379,4.09666563762,9.38848727387)) ;
#6654=CARTESIAN_POINT('Control Point',(10.1479875667,4.38761001922,9.33001491901)) ;
#6655=CARTESIAN_POINT('Control Point',(10.4869283668,4.53606028574,9.21541624886)) ;
#6656=CARTESIAN_POINT('Control Point',(10.6680548972,4.56640874973,9.14725420733)) ;
#6657=CARTESIAN_POINT('Control Point',(10.8464946377,4.55046568736,9.07362538164)) ;
#6658=CARTESIAN_POINT('Control Point',(11.0101349718,4.49265525331,8.99999999999)) ;
#6660=CARTESIAN_POINT('Control Point',(11.0101349718,4.49265525331,9.)) ;
#6661=CARTESIAN_POINT('Control Point',(10.9162168471,4.5258344149,9.15784387763)) ;
#6662=CARTESIAN_POINT('Control Point',(10.8118152339,4.53187966223,9.31537705138)) ;
#6663=CARTESIAN_POINT('Control Point',(10.700853216,4.51002440387,9.46969841461)) ;
#6664=CARTESIAN_POINT('Control Point',(10.4951343846,4.41732573996,9.72061526969)) ;
#6665=CARTESIAN_POINT('Control Point',(10.2794865091,4.1966517384,9.90914925568)) ;
#6666=CARTESIAN_POINT('Control Point',(10.1921646141,4.08205643993,9.97030827776)) ;
#6667=CARTESIAN_POINT('Control Point',(10.1177252371,3.944505781,10.)) ;
#6668=CARTESIAN_POINT('Control Point',(10.0620806538,3.80042071418,10.)) ;
#6671=CARTESIAN_POINT('Control Point',(12.,3.15045140015,15.)) ;
#6672=CARTESIAN_POINT('Control Point',(11.5992828932,3.15504508321,13.9982072329)) ;
#6673=CARTESIAN_POINT('Control Point',(11.1987652807,3.18832010238,12.9969132018)) ;
#6674=CARTESIAN_POINT('Control Point',(10.798609244,3.2503138355,11.99652311)) ;
#6675=CARTESIAN_POINT('Control Point',(10.3987837158,3.34213448842,10.9969592895)) ;
#6676=CARTESIAN_POINT('Control Point',(10.,3.46625303743,10.)) ;
#6677=CARTESIAN_POINT('Vertex',(12.,3.15045140015,15.)) ;
#6681=CARTESIAN_POINT('Control Point',(12.,3.15045140015,15.)) ;
#6682=CARTESIAN_POINT('Control Point',(11.999999936,3.17454069222,15.)) ;
#6683=CARTESIAN_POINT('Control Point',(12.0009391843,3.19864822187,15.)) ;
#6684=CARTESIAN_POINT('Control Point',(12.0028113319,3.22265611389,15.)) ;
#6695=CARTESIAN_POINT('Axis2P3D Location',(13.0087470573,-10.15,9.)) ;
#6700=CARTESIAN_POINT('Axis2P3D Location',(7.48988466934,-5.84393939394,9.)) ;
#6706=CARTESIAN_POINT('Control Point',(11.0101328589,-4.4926559866,9.)) ;
#6707=CARTESIAN_POINT('Control Point',(10.9344823176,-4.51938164541,9.12714249412)) ;
#6708=CARTESIAN_POINT('Control Point',(10.8528158567,-4.52822452753,9.25457159706)) ;
#6709=CARTESIAN_POINT('Control Point',(10.7652505204,-4.51938168415,9.37907779261)) ;
#6710=CARTESIAN_POINT('Control Point',(10.5702760851,-4.45895416903,9.63370222338)) ;
#6711=CARTESIAN_POINT('Control Point',(10.3555007309,-4.28797123236,9.85087427778)) ;
#6712=CARTESIAN_POINT('Control Point',(10.2368534897,-4.16117106679,9.95062265479)) ;
#6713=CARTESIAN_POINT('Control Point',(10.1338388785,-3.9862295558,10.)) ;
#6714=CARTESIAN_POINT('Control Point',(10.0620807824,-3.80042065452,10.)) ;
#6723=CARTESIAN_POINT('Axis2P3D Location',(13.0087470573,10.15,9.)) ;
#6728=CARTESIAN_POINT('Axis2P3D Location',(7.48988466934,5.84393939394,9.)) ;
#6741=CARTESIAN_POINT('Control Point',(9.74855590087,-3.54976240492,9.37138975217)) ;
#6742=CARTESIAN_POINT('Control Point',(9.75766417761,-3.73668340733,9.39416042536)) ;
#6743=CARTESIAN_POINT('Control Point',(9.80800288376,-3.92361315351,9.40044016237)) ;
#6744=CARTESIAN_POINT('Control Point',(9.89902226769,-4.09666376217,9.38848635421)) ;
#6745=CARTESIAN_POINT('Control Point',(10.147987252,-4.38760823919,9.3300140001)) ;
#6746=CARTESIAN_POINT('Control Point',(10.4869280661,-4.53605855069,9.21541532857)) ;
#6747=CARTESIAN_POINT('Control Point',(10.6680546007,-4.56640702173,9.14725328589)) ;
#6748=CARTESIAN_POINT('Control Point',(10.8464943421,-4.55046395034,9.07362445884)) ;
#6749=CARTESIAN_POINT('Control Point',(11.0101346735,-4.49265349309,8.99999907582)) ;
#6750=CARTESIAN_POINT('Control Point',(10.2003390042,-3.39016403154,10.5008475105)) ;
#6751=CARTESIAN_POINT('Control Point',(10.2071913742,-3.57152643539,10.5179784832)) ;
#6752=CARTESIAN_POINT('Control Point',(10.2525201277,-3.75289559264,10.5197195876)) ;
#6753=CARTESIAN_POINT('Control Point',(10.3359635901,-3.92173148616,10.5048711543)) ;
#6754=CARTESIAN_POINT('Control Point',(10.5668714919,-4.20954616661,10.4442191941)) ;
#6755=CARTESIAN_POINT('Control Point',(10.8875962088,-4.36711971942,10.3336243779)) ;
#6756=CARTESIAN_POINT('Control Point',(11.0609708107,-4.40555094639,10.2687706539)) ;
#6757=CARTESIAN_POINT('Control Point',(11.2346459977,-4.40074509522,10.1991124556)) ;
#6758=CARTESIAN_POINT('Control Point',(11.3973772998,-4.35585488005,10.1294568341)) ;
#6759=CARTESIAN_POINT('Control Point',(10.6543252932,-3.27325691918,11.635813233)) ;
#6760=CARTESIAN_POINT('Control Point',(10.6592316484,-3.44889553646,11.6480790618)) ;
#6761=CARTESIAN_POINT('Control Point',(10.7000320272,-3.62453942736,11.645987664)) ;
#6762=CARTESIAN_POINT('Control Point',(10.7765042971,-3.78887912106,11.6287446762)) ;
#6763=CARTESIAN_POINT('Control Point',(10.9904282042,-4.07255603003,11.5663511486)) ;
#6764=CARTESIAN_POINT('Control Point',(11.2930130962,-4.23751504664,11.4591739346)) ;
#6765=CARTESIAN_POINT('Control Point',(11.4582445514,-4.28300740078,11.3970985271)) ;
#6766=CARTESIAN_POINT('Control Point',(11.6261838793,-4.28834572853,11.3307595492)) ;
#6767=CARTESIAN_POINT('Control Point',(11.7865084002,-4.25564878405,11.2644225567)) ;
#6768=CARTESIAN_POINT('Control Point',(11.1088579392,-3.1952367346,12.7721448481)) ;
#6769=CARTESIAN_POINT('Control Point',(11.1120329341,-3.36506332987,12.780082681)) ;
#6770=CARTESIAN_POINT('Control Point',(11.1486634097,-3.53489406629,12.7746385149)) ;
#6771=CARTESIAN_POINT('Control Point',(11.2186353468,-3.6945421602,12.7553331977)) ;
#6772=CARTESIAN_POINT('Control Point',(11.4164569563,-3.97327526621,12.6914809979)) ;
#6773=CARTESIAN_POINT('Control Point',(11.7010625378,-4.14405565214,12.5873185027)) ;
#6774=CARTESIAN_POINT('Control Point',(11.8579022496,-4.19564818647,12.5276645304)) ;
#6775=CARTESIAN_POINT('Control Point',(12.0193837011,-4.21012487491,12.4642085788)) ;
#6776=CARTESIAN_POINT('Control Point',(12.1761079226,-4.18877435423,12.4007541717)) ;
#6777=CARTESIAN_POINT('Control Point',(11.5637922847,-3.15426182231,13.9094807118)) ;
#6778=CARTESIAN_POINT('Control Point',(11.5654064844,-3.31817904116,13.9135165986)) ;
#6779=CARTESIAN_POINT('Control Point',(11.5981592472,-3.48209952429,13.9050971387)) ;
#6780=CARTESIAN_POINT('Control Point',(11.6620202955,-3.63686516263,13.8839886687)) ;
#6781=CARTESIAN_POINT('Control Point',(11.8444824767,-3.90990853827,13.8188960647)) ;
#6782=CARTESIAN_POINT('Control Point',(12.1112669408,-4.08506738646,13.7174299177)) ;
#6783=CARTESIAN_POINT('Control Point',(12.2595213663,-4.14186662239,13.6599174823)) ;
#6784=CARTESIAN_POINT('Control Point',(12.4139478686,-4.1645188025,13.5990031524)) ;
#6785=CARTESIAN_POINT('Control Point',(12.566051659,-4.15365299527,13.5380900355)) ;
#6786=CARTESIAN_POINT('Control Point',(12.0188433615,-3.1502683262,15.0471084036)) ;
#6787=CARTESIAN_POINT('Control Point',(12.0190343836,-3.30816199743,15.0475862461)) ;
#6788=CARTESIAN_POINT('Control Point',(12.0481532146,-3.46605824831,15.036492974)) ;
#6789=CARTESIAN_POINT('Control Point',(12.1062342957,-3.61574252961,15.0137859756)) ;
#6790=CARTESIAN_POINT('Control Point',(12.2739823671,-3.88236673522,14.9476226731)) ;
#6791=CARTESIAN_POINT('Control Point',(12.5231095498,-4.06051005048,14.8485971332)) ;
#6792=CARTESIAN_POINT('Control Point',(12.6626297735,-4.12164817122,14.7930036558)) ;
#6793=CARTESIAN_POINT('Control Point',(12.8095004981,-4.15151657547,14.7343602125)) ;
#6794=CARTESIAN_POINT('Control Point',(12.9560954204,-4.1502299947,14.6757177273)) ;
#6796=CARTESIAN_POINT('Control Point',(12.,-3.15045906085,15.)) ;
#6797=CARTESIAN_POINT('Control Point',(11.9999999823,-3.17454581437,15.)) ;
#6798=CARTESIAN_POINT('Control Point',(12.00093908,-3.19865079178,15.)) ;
#6799=CARTESIAN_POINT('Control Point',(12.0028108845,-3.22265617886,15.)) ;
#6800=CARTESIAN_POINT('Vertex',(12.,-3.15045906085,15.)) ;
#6804=CARTESIAN_POINT('Control Point',(10.,-3.46625281767,10.)) ;
#6805=CARTESIAN_POINT('Control Point',(10.0214166814,-3.4595870731,10.0535417035)) ;
#6806=CARTESIAN_POINT('Control Point',(10.0428372656,-3.45301418316,10.1070931641)) ;
#6807=CARTESIAN_POINT('Control Point',(10.0642615679,-3.44653380931,10.1606539197)) ;
#6808=CARTESIAN_POINT('Control Point',(10.4630530166,-3.32764392877,11.1576325415)) ;
#6809=CARTESIAN_POINT('Control Point',(10.8629840231,-3.24058320691,12.1574600577)) ;
#6810=CARTESIAN_POINT('Control Point',(11.2417888714,-3.18483061507,13.1044721786)) ;
#6811=CARTESIAN_POINT('Control Point',(11.6208513498,-3.15480726468,14.0521283744)) ;
#6812=CARTESIAN_POINT('Control Point',(12.,-3.15045906085,15.)) ;
#6823=CARTESIAN_POINT('Axis2P3D Location',(3.44169137634E-015,1.7763568394E-015,9.)) ;
#6835=CARTESIAN_POINT('Axis2P3D Location',(26.,-3.15,14.)) ;
#6840=CARTESIAN_POINT('Axis2P3D Location',(29.8352106592,-3.15,14.)) ;
#6844=CARTESIAN_POINT('Vertex',(29.8352106622,-3.15,15.)) ;
#6847=CARTESIAN_POINT('Line Origine',(26.,-3.15,15.)) ;
#6859=CARTESIAN_POINT('Axis2P3D Location',(29.8352106592,-10.15,14.)) ;
#6864=CARTESIAN_POINT('Axis2P3D Location',(34.3045835689,-4.76254180583,14.)) ;
#6868=CARTESIAN_POINT('Vertex',(34.3045835689,-4.76254180583,15.)) ;
#6871=CARTESIAN_POINT('Axis2P3D Location',(29.8352106592,-10.15,15.)) ;
#6883=CARTESIAN_POINT('Axis2P3D Location',(28.5637345963,0.,14.)) ;
#6888=CARTESIAN_POINT('Axis2P3D Location',(35.7230363115,-5.93927376976,14.)) ;
#6892=CARTESIAN_POINT('Vertex',(35.7230361492,-5.93927363511,15.)) ;
#6895=CARTESIAN_POINT('Line Origine',(28.5637345963,-1.7763568394E-015,15.)) ;
#6907=CARTESIAN_POINT('Axis2P3D Location',(37.,-4.4,14.)) ;
#6912=CARTESIAN_POINT('Axis2P3D Location',(39.,-4.4,14.)) ;
#6916=CARTESIAN_POINT('Vertex',(39.,-4.4,15.)) ;
#6919=CARTESIAN_POINT('Axis2P3D Location',(37.,-4.4,15.)) ;
#6931=CARTESIAN_POINT('Axis2P3D Location',(39.,0.,14.)) ;
#6936=CARTESIAN_POINT('Axis2P3D Location',(39.,2.04281036531E-014,14.)) ;
#6940=CARTESIAN_POINT('Vertex',(39.,1.95399252334E-014,15.)) ;
#6943=CARTESIAN_POINT('Line Origine',(39.,0.,15.)) ;
#6955=CARTESIAN_POINT('Axis2P3D Location',(39.,0.,14.)) ;
#6960=CARTESIAN_POINT('Axis2P3D Location',(39.,4.4,14.)) ;
#6964=CARTESIAN_POINT('Vertex',(39.,4.39999978911,15.)) ;
#6967=CARTESIAN_POINT('Line Origine',(39.,0.,15.)) ;
#6979=CARTESIAN_POINT('Axis2P3D Location',(37.,4.4,14.)) ;
#6984=CARTESIAN_POINT('Axis2P3D Location',(35.7230363115,5.93927376976,14.)) ;
#6988=CARTESIAN_POINT('Vertex',(35.7230363115,5.93927376976,15.)) ;
#6991=CARTESIAN_POINT('Axis2P3D Location',(37.,4.4,15.)) ;
#7003=CARTESIAN_POINT('Axis2P3D Location',(28.5637345963,0.,14.)) ;
#7008=CARTESIAN_POINT('Axis2P3D Location',(34.3045835689,4.76254180583,14.)) ;
#7012=CARTESIAN_POINT('Vertex',(34.3045833102,4.76254159118,15.)) ;
#7015=CARTESIAN_POINT('Line Origine',(28.5637345963,1.7763568394E-015,15.)) ;
#7027=CARTESIAN_POINT('Axis2P3D Location',(29.8352106592,10.15,14.)) ;
#7032=CARTESIAN_POINT('Axis2P3D Location',(29.8352106592,3.15,14.)) ;
#7036=CARTESIAN_POINT('Vertex',(29.8352106592,3.15,15.)) ;
#7039=CARTESIAN_POINT('Axis2P3D Location',(29.8352106592,10.15,15.)) ;
#7051=CARTESIAN_POINT('Axis2P3D Location',(26.,3.15,14.)) ;
#7056=CARTESIAN_POINT('Line Origine',(26.,3.15,15.)) ;
#7068=CARTESIAN_POINT('Axis2P3D Location',(0.,0.,15.)) ;
#7073=CARTESIAN_POINT('Line Origine',(12.,-3.83035047058E-006,15.)) ;
#7095=CARTESIAN_POINT('Axis2P3D Location',(33.5,0.,15.)) ;
#7099=CARTESIAN_POINT('Vertex',(33.5,-2.,15.)) ;
#7101=CARTESIAN_POINT('Vertex',(33.5,2.,15.)) ;
#7104=CARTESIAN_POINT('Line Origine',(25.5,-2.,15.)) ;
#7108=CARTESIAN_POINT('Vertex',(17.5,-2.,15.)) ;
#7111=CARTESIAN_POINT('Axis2P3D Location',(17.5,0.,15.)) ;
#7115=CARTESIAN_POINT('Vertex',(17.5,2.,15.)) ;
#7118=CARTESIAN_POINT('Line Origine',(25.5,2.,15.)) ;
#7130=CARTESIAN_POINT('Axis2P3D Location',(10.,0.,10.)) ;
#7142=CARTESIAN_POINT('Axis2P3D Location',(33.5,0.,8.5)) ;
#7147=CARTESIAN_POINT('Line Origine',(33.5,-2.,8.5)) ;
#7151=CARTESIAN_POINT('Vertex',(33.5,-2.,2.)) ;
#7154=CARTESIAN_POINT('Line Origine',(33.5,2.,8.5)) ;
#7158=CARTESIAN_POINT('Vertex',(33.5,2.,2.)) ;
#7161=CARTESIAN_POINT('Axis2P3D Location',(33.5,0.,2.)) ;
#7173=CARTESIAN_POINT('Axis2P3D Location',(0.,0.,2.)) ;
#7178=CARTESIAN_POINT('Axis2P3D Location',(17.5,0.,2.)) ;
#7182=CARTESIAN_POINT('Vertex',(17.5,2.,2.)) ;
#7184=CARTESIAN_POINT('Vertex',(17.5,-2.,2.)) ;
#7187=CARTESIAN_POINT('Line Origine',(25.5,-2.,2.)) ;
#7192=CARTESIAN_POINT('Line Origine',(25.5,2.,2.)) ;
#7204=CARTESIAN_POINT('Axis2P3D Location',(33.5,-2.,15.)) ;
#7209=CARTESIAN_POINT('Line Origine',(17.5,-2.,8.5)) ;
#7221=CARTESIAN_POINT('Axis2P3D Location',(17.5,2.,15.)) ;
#7226=CARTESIAN_POINT('Line Origine',(17.5,2.,8.5)) ;
#7238=CARTESIAN_POINT('Axis2P3D Location',(17.5,0.,8.5)) ;
#7259=CARTESIAN_POINT('NONE',(0.,0.,0.)) ;
#7260=CARTESIAN_POINT('NONE',(-693.295639105,348.283630931,-5.04611767677E-013)) ;
#7274=CARTESIAN_POINT('NONE',(0.,0.,0.)) ;
#7275=CARTESIAN_POINT('NONE',(-693.295639105,-174.141815465,-301.622472108)) ;
#7289=CARTESIAN_POINT('NONE',(0.,0.,0.)) ;
#7290=CARTESIAN_POINT('NONE',(-693.295639105,-174.141815465,301.622472108)) ;
#7312=CARTESIAN_POINT('Axis2P3D Location',(358.75,0.,0.)) ;
#7317=CARTESIAN_POINT('Axis2P3D Location',(0.,0.,0.)) ;
#7321=CARTESIAN_POINT('Vertex',(0.,14.0413209902,7.67080861767)) ;
#7323=CARTESIAN_POINT('Vertex',(0.,-14.0413209902,-7.67080861767)) ;
#7326=CARTESIAN_POINT('Line Origine',(358.75,14.0413209902,7.67080861767)) ;
#7330=CARTESIAN_POINT('Vertex',(717.5,14.0413209902,7.67080861767)) ;
#7333=CARTESIAN_POINT('Axis2P3D Location',(717.5,0.,0.)) ;
#7337=CARTESIAN_POINT('Vertex',(717.5,-14.0413209902,-7.67080861767)) ;
#7340=CARTESIAN_POINT('Line Origine',(358.75,-14.0413209902,-7.67080861767)) ;
#7352=CARTESIAN_POINT('Axis2P3D Location',(0.,0.,0.)) ;
#7357=CARTESIAN_POINT('Axis2P3D Location',(717.5,0.,0.)) ;
#7369=CARTESIAN_POINT('Axis2P3D Location',(358.75,0.,0.)) ;
#7374=CARTESIAN_POINT('Axis2P3D Location',(717.5,0.,0.)) ;
#7378=CARTESIAN_POINT('Vertex',(717.5,16.6740686759,9.10908523348)) ;
#7380=CARTESIAN_POINT('Vertex',(717.5,-16.6740686759,-9.10908523348)) ;
#7383=CARTESIAN_POINT('Line Origine',(358.75,16.6740686759,9.10908523348)) ;
#7387=CARTESIAN_POINT('Vertex',(0.,16.6740686759,9.10908523348)) ;
#7390=CARTESIAN_POINT('Axis2P3D Location',(0.,0.,0.)) ;
#7394=CARTESIAN_POINT('Vertex',(0.,-16.6740686759,-9.10908523348)) ;
#7397=CARTESIAN_POINT('Line Origine',(358.75,-16.6740686759,-9.10908523348)) ;
#7409=CARTESIAN_POINT('Axis2P3D Location',(717.5,0.,0.)) ;
#7414=CARTESIAN_POINT('Axis2P3D Location',(0.,0.,0.)) ;
#7426=CARTESIAN_POINT('Axis2P3D Location',(0.,16.,0.)) ;
#7440=CARTESIAN_POINT('Axis2P3D Location',(717.5,19.,0.)) ;
#7463=CARTESIAN_POINT('NONE',(0.,0.,0.)) ;
#7464=CARTESIAN_POINT('NONE',(-1274.94070661,718.27757068,-2.49547857159E-013)) ;
#7478=CARTESIAN_POINT('NONE',(0.,0.,0.)) ;
#7479=CARTESIAN_POINT('NONE',(-1274.94070661,-359.13878534,-622.046623178)) ;
#7493=CARTESIAN_POINT('NONE',(0.,0.,0.)) ;
#7494=CARTESIAN_POINT('NONE',(-1274.94070661,-359.13878534,622.046623178)) ;
#7516=CARTESIAN_POINT('Axis2P3D Location',(32.,-4.14787999907E-015,0.)) ;
#7521=CARTESIAN_POINT('Axis2P3D Location',(0.,0.,0.)) ;
#7525=CARTESIAN_POINT('Vertex',(2.16131362388E-015,16.6740686759,9.10908523348)) ;
#7527=CARTESIAN_POINT('Vertex',(-2.16131362388E-015,-16.6740686759,-9.10908523348)) ;
#7530=CARTESIAN_POINT('Line Origine',(8.25,16.6740686759,9.10908523348)) ;
#7534=CARTESIAN_POINT('Vertex',(16.5,16.6740686759,9.10908523348)) ;
#7537=CARTESIAN_POINT('Axis2P3D Location',(16.5,-2.13875062452E-015,0.)) ;
#7541=CARTESIAN_POINT('Vertex',(16.5,-16.6740686759,-9.10908523348)) ;
#7544=CARTESIAN_POINT('Line Origine',(8.25,-16.6740686759,-9.10908523348)) ;
#7556=CARTESIAN_POINT('Axis2P3D Location',(0.,0.,0.)) ;
#7561=CARTESIAN_POINT('Axis2P3D Location',(16.5,-2.13875062452E-015,0.)) ;
#7573=CARTESIAN_POINT('Axis2P3D Location',(16.5,19.,0.)) ;
#7583=CARTESIAN_POINT('Axis2P3D Location',(47.5,6.8,0.)) ;
#7588=CARTESIAN_POINT('Axis2P3D Location',(47.5,-7.1054273576E-015,-9.43689570931E-016)) ;
#7592=CARTESIAN_POINT('Vertex',(47.5,5.24521968371,2.86547657299)) ;
#7594=CARTESIAN_POINT('Vertex',(47.5,-5.24521956425,-2.86547679165)) ;
#7597=CARTESIAN_POINT('Axis2P3D Location',(47.5,-5.3290705182E-015,1.72084568817E-015)) ;
#7607=CARTESIAN_POINT('Axis2P3D Location',(46.5,-4.21884749358E-015,-1.7763568394E-015)) ;
#7612=CARTESIAN_POINT('Axis2P3D Location',(46.5,5.24521968371,2.86547657299)) ;
#7616=CARTESIAN_POINT('Vertex',(46.6922502073,6.10643176955,3.33595887977)) ;
#7619=CARTESIAN_POINT('Axis2P3D Location',(46.6922502073,-4.21884749358E-015,-1.7763568394E-015)) ;
#7623=CARTESIAN_POINT('Vertex',(46.6922502073,-6.10643176955,-3.33595887977)) ;
#7626=CARTESIAN_POINT('Axis2P3D Location',(46.5,-5.24521968371,-2.86547657299)) ;
#7638=CARTESIAN_POINT('Axis2P3D Location',(46.5,-6.2172489379E-015,4.4408920985E-016)) ;
#7643=CARTESIAN_POINT('Axis2P3D Location',(46.6922502073,-6.2172489379E-015,4.4408920985E-016)) ;
#7655=CARTESIAN_POINT('Axis2P3D Location',(16.5,-2.6645352591E-015,0.)) ;
#7660=CARTESIAN_POINT('Axis2P3D Location',(16.5,6.01144054895,3.28406493944)) ;
#7664=CARTESIAN_POINT('Vertex',(31.0218727384,9.30853729083,5.08527709878)) ;
#7666=CARTESIAN_POINT('Vertex',(16.5,19.1751789773,10.4754480185)) ;
#7669=CARTESIAN_POINT('Axis2P3D Location',(16.5,-2.6645352591E-015,0.)) ;
#7673=CARTESIAN_POINT('Vertex',(16.5,-19.1751789773,-10.4754480185)) ;
#7676=CARTESIAN_POINT('Axis2P3D Location',(16.5,-6.01144054895,-3.28406493944)) ;
#7680=CARTESIAN_POINT('Vertex',(31.0218727384,-9.30853729083,-5.08527709878)) ;
#7683=CARTESIAN_POINT('Axis2P3D Location',(31.0218727384,-4.54687855538E-015,0.)) ;
#7695=CARTESIAN_POINT('Axis2P3D Location',(16.5,-2.6645352591E-015,0.)) ;
#7700=CARTESIAN_POINT('Axis2P3D Location',(31.0218727384,-4.54687855538E-015,0.)) ;
#7712=CARTESIAN_POINT('Axis2P3D Location',(47.5,-6.15700937362E-015,0.)) ;
#7717=CARTESIAN_POINT('Line Origine',(39.3327603943,-7.37169351988,-4.02717452428)) ;
#7721=CARTESIAN_POINT('Vertex',(31.7977473804,-8.66713165444,-4.73487560263)) ;
#7724=CARTESIAN_POINT('Line Origine',(39.3327603943,7.37169351988,4.02717452428)) ;
#7728=CARTESIAN_POINT('Vertex',(31.7977473804,8.66713165444,4.73487560263)) ;
#7731=CARTESIAN_POINT('Axis2P3D Location',(31.7977473804,-4.12166376171E-015,0.)) ;
#7743=CARTESIAN_POINT('Axis2P3D Location',(31.7977473804,-4.12166376171E-015,0.)) ;
#7755=CARTESIAN_POINT('Axis2P3D Location',(31.9899975877,-5.77315972805E-015,3.5527136788E-015)) ;
#7760=CARTESIAN_POINT('Axis2P3D Location',(31.9899975877,-9.52834374029,-5.20535790941)) ;
#7765=CARTESIAN_POINT('Axis2P3D Location',(31.9899975877,9.52834374029,5.20535790941)) ;
#7777=CARTESIAN_POINT('Axis2P3D Location',(31.9899975877,-5.81132364452E-015,0.)) ;
#7789=CARTESIAN_POINT('Axis2P3D Location',(32.,-4.14787999907E-015,0.)) ;
#7794=CARTESIAN_POINT('Line Origine',(8.25,-19.1751789773,-10.4754480185)) ;
#7798=CARTESIAN_POINT('Vertex',(1.,-19.1751789773,-10.4754480185)) ;
#7801=CARTESIAN_POINT('Line Origine',(8.25,19.1751789773,10.4754480185)) ;
#7805=CARTESIAN_POINT('Vertex',(1.,19.1751789773,10.4754480185)) ;
#7808=CARTESIAN_POINT('Axis2P3D Location',(1.,-1.29621249971E-016,0.)) ;
#7820=CARTESIAN_POINT('Axis2P3D Location',(1.,-1.29621249971E-016,0.)) ;
#7832=CARTESIAN_POINT('Axis2P3D Location',(0.,21.85,0.)) ;
#7837=CARTESIAN_POINT('Axis2P3D Location',(-2.83222431187E-015,3.5527136788E-015,8.881784197E-016)) ;
#7841=CARTESIAN_POINT('Vertex',(-4.60466993036E-016,18.2975964154,9.9960224799)) ;
#7843=CARTESIAN_POINT('Vertex',(-5.20398164399E-015,-18.297596518,-9.99602229216)) ;
#7846=CARTESIAN_POINT('Axis2P3D Location',(-2.83222431187E-015,0.,3.5527136788E-015)) ;
#7860=CARTESIAN_POINT('Axis2P3D Location',(1.,-3.5527136788E-015,5.3290705182E-015)) ;
#7865=CARTESIAN_POINT('Axis2P3D Location',(1.,-18.2975965857,-9.99602216815)) ;
#7870=CARTESIAN_POINT('Axis2P3D Location',(1.,18.2975964154,9.9960224799)) ;
#7882=CARTESIAN_POINT('Axis2P3D Location',(1.,-2.6645352591E-015,1.24344978758E-014)) ;
#7903=CARTESIAN_POINT('NONE',(0.,0.,0.)) ;
#7904=CARTESIAN_POINT('NONE',(-1260.40737492,710.465255399,-2.55815431723E-013)) ;
#7918=CARTESIAN_POINT('NONE',(0.,0.,0.)) ;
#7919=CARTESIAN_POINT('NONE',(-1260.40737492,-355.2326277,615.280959682)) ;
#7933=CARTESIAN_POINT('NONE',(0.,0.,0.)) ;
#7934=CARTESIAN_POINT('NONE',(-1260.40737492,-355.2326277,-615.280959682)) ;
#7956=CARTESIAN_POINT('Axis2P3D Location',(280.5,0.,0.)) ;
#7961=CARTESIAN_POINT('Axis2P3D Location',(280.5,0.,0.)) ;
#7965=CARTESIAN_POINT('Vertex',(280.5,4.16851716898,2.27727130837)) ;
#7967=CARTESIAN_POINT('Vertex',(280.5,-4.16851716898,-2.27727130837)) ;
#7970=CARTESIAN_POINT('Line Origine',(279.875,4.71700627016,2.57691227)) ;
#7974=CARTESIAN_POINT('Vertex',(279.25,5.26549537134,2.87655323163)) ;
#7977=CARTESIAN_POINT('Axis2P3D Location',(279.25,0.,0.)) ;
#7981=CARTESIAN_POINT('Vertex',(279.25,-5.26549537134,-2.87655323163)) ;
#7984=CARTESIAN_POINT('Line Origine',(279.875,-4.71700627016,-2.57691227)) ;
#8004=CARTESIAN_POINT('Axis2P3D Location',(280.5,0.,0.)) ;
#8009=CARTESIAN_POINT('Axis2P3D Location',(279.25,0.,0.)) ;
#8028=CARTESIAN_POINT('Axis2P3D Location',(140.25,0.,0.)) ;
#8033=CARTESIAN_POINT('Line Origine',(140.125,5.26549537134,2.87655323163)) ;
#8037=CARTESIAN_POINT('Vertex',(264.25,5.26549537134,2.87655323163)) ;
#8040=CARTESIAN_POINT('Axis2P3D Location',(264.25,0.,0.)) ;
#8044=CARTESIAN_POINT('Vertex',(264.25,-5.26549537134,-2.87655323163)) ;
#8047=CARTESIAN_POINT('Line Origine',(140.125,-5.26549537134,-2.87655323163)) ;
#8066=CARTESIAN_POINT('Axis2P3D Location',(280.5,4.75,0.)) ;
#8083=CARTESIAN_POINT('Axis2P3D Location',(264.25,0.,0.)) ;
#8102=CARTESIAN_POINT('Axis2P3D Location',(263.,0.,0.)) ;
#8107=CARTESIAN_POINT('Line Origine',(263.625,4.71700627016,2.57691227)) ;
#8111=CARTESIAN_POINT('Vertex',(263.,4.16851716898,2.27727130837)) ;
#8114=CARTESIAN_POINT('Axis2P3D Location',(263.,0.,0.)) ;
#8118=CARTESIAN_POINT('Vertex',(263.,-4.16851716898,-2.27727130837)) ;
#8121=CARTESIAN_POINT('Line Origine',(263.625,-4.71700627016,-2.57691227)) ;
#8140=CARTESIAN_POINT('Axis2P3D Location',(263.,0.,0.)) ;
#8159=CARTESIAN_POINT('Axis2P3D Location',(140.25,0.,0.)) ;
#8164=CARTESIAN_POINT('Line Origine',(245.75,4.16851716898,2.27727130837)) ;
#8168=CARTESIAN_POINT('Vertex',(228.5,4.16851716898,2.27727130837)) ;
#8171=CARTESIAN_POINT('Axis2P3D Location',(228.5,0.,0.)) ;
#8175=CARTESIAN_POINT('Vertex',(228.5,-4.16851716898,-2.27727130837)) ;
#8178=CARTESIAN_POINT('Line Origine',(245.75,-4.16851716898,-2.27727130837)) ;
#8197=CARTESIAN_POINT('Axis2P3D Location',(228.5,0.,0.)) ;
#8216=CARTESIAN_POINT('Axis2P3D Location',(228.5,8.5,0.)) ;
#8221=CARTESIAN_POINT('Axis2P3D Location',(228.5,0.,0.)) ;
#8225=CARTESIAN_POINT('Vertex',(228.5,-7.45945177607,-4.07511707814)) ;
#8227=CARTESIAN_POINT('Vertex',(228.5,7.45945177607,4.07511707814)) ;
#8230=CARTESIAN_POINT('Axis2P3D Location',(228.5,0.,0.)) ;
#8251=CARTESIAN_POINT('Axis2P3D Location',(140.25,0.,0.)) ;
#8256=CARTESIAN_POINT('Line Origine',(214.25,-7.45945177607,-4.07511707814)) ;
#8260=CARTESIAN_POINT('Vertex',(200.,-7.45945177607,-4.07511707814)) ;
#8263=CARTESIAN_POINT('Axis2P3D Location',(200.,0.,0.)) ;
#8267=CARTESIAN_POINT('Vertex',(200.,7.45945177607,4.07511707814)) ;
#8270=CARTESIAN_POINT('Line Origine',(214.25,7.45945177607,4.07511707814)) ;
#8289=CARTESIAN_POINT('Axis2P3D Location',(200.,0.,0.)) ;
#8308=CARTESIAN_POINT('Axis2P3D Location',(5.68434188608E-014,0.,0.)) ;
#8313=CARTESIAN_POINT('Axis2P3D Location',(1.,0.,0.)) ;
#8317=CARTESIAN_POINT('Vertex',(1.,5.26549537134,2.87655323163)) ;
#8319=CARTESIAN_POINT('Vertex',(1.,-5.26549537134,-2.87655323163)) ;
#8322=CARTESIAN_POINT('Line Origine',(0.5,4.8267040904,2.63684046232)) ;
#8326=CARTESIAN_POINT('Vertex',(5.68434188608E-014,4.38791280945,2.39712769302)) ;
#8329=CARTESIAN_POINT('Axis2P3D Location',(5.68434188608E-014,0.,0.)) ;
#8333=CARTESIAN_POINT('Vertex',(5.68434188608E-014,-4.38791280945,-2.39712769302)) ;
#8336=CARTESIAN_POINT('Line Origine',(0.5,-4.8267040904,-2.63684046232)) ;
#8355=CARTESIAN_POINT('Axis2P3D Location',(1.,0.,0.)) ;
#8360=CARTESIAN_POINT('Axis2P3D Location',(5.68434188608E-014,0.,0.)) ;
#8379=CARTESIAN_POINT('Axis2P3D Location',(0.,0.,0.)) ;
#8396=CARTESIAN_POINT('Line Origine',(140.125,5.26549537134,2.87655323163)) ;
#8400=CARTESIAN_POINT('Vertex',(180.,5.26549537134,2.87655323163)) ;
#8403=CARTESIAN_POINT('Line Origine',(140.125,-5.26549537134,-2.87655323163)) ;
#8407=CARTESIAN_POINT('Vertex',(180.,-5.26549537134,-2.87655323163)) ;
#8410=CARTESIAN_POINT('Axis2P3D Location',(180.,0.,0.)) ;
#8429=CARTESIAN_POINT('Axis2P3D Location',(180.,0.,0.)) ;
#8448=CARTESIAN_POINT('Axis2P3D Location',(190.,-9.85351457414E-016,1.16341445919E-014)) ;
#8453=CARTESIAN_POINT('Axis2P3D Location',(200.,-1.59767485699E-015,1.22464679915E-014)) ;
#8457=CARTESIAN_POINT('Vertex',(200.,-10.0044412056,-5.46545114009)) ;
#8459=CARTESIAN_POINT('Vertex',(200.,10.0044412056,5.46545114009)) ;
#8462=CARTESIAN_POINT('Line Origine',(196.,-10.0044412056,-5.46545114009)) ;
#8466=CARTESIAN_POINT('Vertex',(192.,-10.0044412056,-5.46545114009)) ;
#8469=CARTESIAN_POINT('Axis2P3D Location',(192.,-1.10781613733E-015,1.17566092718E-014)) ;
#8473=CARTESIAN_POINT('Vertex',(192.,10.0044412056,5.46545114009)) ;
#8476=CARTESIAN_POINT('Line Origine',(196.,10.0044412056,5.46545114009)) ;
#8488=CARTESIAN_POINT('Axis2P3D Location',(200.,-1.59767485699E-015,1.22464679915E-014)) ;
#8493=CARTESIAN_POINT('Axis2P3D Location',(192.,-1.10781613733E-015,1.17566092718E-014)) ;
#8505=CARTESIAN_POINT('Axis2P3D Location',(192.,25.,1.17566092718E-014)) ;
#8510=CARTESIAN_POINT('Axis2P3D Location',(192.,0.,1.17566092718E-014)) ;
#8514=CARTESIAN_POINT('Vertex',(192.,19.3783596872,15.7949098077)) ;
#8516=CARTESIAN_POINT('Vertex',(192.,9.03360943049,23.3108108108)) ;
#8519=CARTESIAN_POINT('Axis2P3D Location',(192.,8.67226505327,22.3783783784)) ;
#8523=CARTESIAN_POINT('Vertex',(192.,8.16213181484,23.2384737679)) ;
#8526=CARTESIAN_POINT('Axis2P3D Location',(192.,-3.5527136788E-015,37.)) ;
#8530=CARTESIAN_POINT('Vertex',(192.,-8.16213181484,23.2384737679)) ;
#8533=CARTESIAN_POINT('Axis2P3D Location',(192.,-8.67226505327,22.3783783784)) ;
#8537=CARTESIAN_POINT('Vertex',(192.,-9.03360943049,23.3108108108)) ;
#8540=CARTESIAN_POINT('Axis2P3D Location',(192.,0.,1.17566092718E-014)) ;
#8544=CARTESIAN_POINT('Vertex',(192.,-19.3783596872,15.7949098077)) ;
#8547=CARTESIAN_POINT('Axis2P3D Location',(192.,-18.6032252997,15.1631134154)) ;
#8551=CARTESIAN_POINT('Vertex',(192.,-19.5788644646,14.943731967)) ;
#8554=CARTESIAN_POINT('Axis2P3D Location',(192.,-35.1890911029,11.4336287919)) ;
#8558=CARTESIAN_POINT('Vertex',(192.,-24.6233393468,-0.581565331751)) ;
#8561=CARTESIAN_POINT('Axis2P3D Location',(192.,-23.9629798621,-1.33251496448)) ;
#8565=CARTESIAN_POINT('Vertex',(192.,-24.9614373563,-1.38803642133)) ;
#8568=CARTESIAN_POINT('Axis2P3D Location',(192.,0.,1.17566092718E-014)) ;
#8572=CARTESIAN_POINT('Vertex',(192.,-21.9395640473,-11.9856384651)) ;
#8575=CARTESIAN_POINT('Axis2P3D Location',(192.,0.,1.17566092718E-014)) ;
#8579=CARTESIAN_POINT('Vertex',(192.,-21.0100943634,-13.5490197004)) ;
#8582=CARTESIAN_POINT('Axis2P3D Location',(192.,-20.1696905888,-13.0070589124)) ;
#8586=CARTESIAN_POINT('Vertex',(192.,-20.2625355151,-14.0027394935)) ;
#8589=CARTESIAN_POINT('Axis2P3D Location',(192.,-21.7480543348,-29.9336287919)) ;
#8593=CARTESIAN_POINT('Vertex',(192.,-7.05592881801,-23.5979009096)) ;
#8596=CARTESIAN_POINT('Axis2P3D Location',(192.,-6.13767097321,-23.2019179169)) ;
#8600=CARTESIAN_POINT('Vertex',(192.,-6.39340726376,-24.1686644968)) ;
#8603=CARTESIAN_POINT('Axis2P3D Location',(192.,0.,1.17566092718E-014)) ;
#8607=CARTESIAN_POINT('Vertex',(192.,6.39340726376,-24.1686644968)) ;
#8610=CARTESIAN_POINT('Axis2P3D Location',(192.,6.13767097321,-23.2019179169)) ;
#8614=CARTESIAN_POINT('Vertex',(192.,7.05592881801,-23.5979009096)) ;
#8617=CARTESIAN_POINT('Axis2P3D Location',(192.,21.7480543348,-29.9336287919)) ;
#8621=CARTESIAN_POINT('Vertex',(192.,20.2625355151,-14.0027394935)) ;
#8624=CARTESIAN_POINT('Axis2P3D Location',(192.,20.1696905888,-13.0070589124)) ;
#8628=CARTESIAN_POINT('Vertex',(192.,21.0100943634,-13.5490197004)) ;
#8631=CARTESIAN_POINT('Axis2P3D Location',(192.,0.,1.17566092718E-014)) ;
#8635=CARTESIAN_POINT('Vertex',(192.,24.9614373563,-1.38803642133)) ;
#8638=CARTESIAN_POINT('Axis2P3D Location',(192.,23.9629798621,-1.33251496448)) ;
#8642=CARTESIAN_POINT('Vertex',(192.,24.6233393468,-0.581565331751)) ;
#8645=CARTESIAN_POINT('Axis2P3D Location',(192.,35.1890911029,11.4336287919)) ;
#8649=CARTESIAN_POINT('Vertex',(192.,19.5788644646,14.943731967)) ;
#8652=CARTESIAN_POINT('Axis2P3D Location',(192.,18.6032252997,15.1631134154)) ;
#8685=CARTESIAN_POINT('Axis2P3D Location',(200.,11.4,1.22464679915E-014)) ;
#8699=CARTESIAN_POINT('Axis2P3D Location',(190.,-9.85351457414E-016,1.16341445919E-014)) ;
#8704=CARTESIAN_POINT('Line Origine',(186.,9.03360943049,23.3108108108)) ;
#8708=CARTESIAN_POINT('Vertex',(183.,9.03360943049,23.3108108108)) ;
#8711=CARTESIAN_POINT('Line Origine',(186.,19.3783596872,15.7949098077)) ;
#8715=CARTESIAN_POINT('Vertex',(183.,19.3783596872,15.7949098077)) ;
#8718=CARTESIAN_POINT('Axis2P3D Location',(183.,-5.56725077712E-016,1.12055182122E-014)) ;
#8730=CARTESIAN_POINT('Axis2P3D Location',(186.,8.67226505327,22.3783783784)) ;
#8735=CARTESIAN_POINT('Line Origine',(186.,8.16213181484,23.2384737679)) ;
#8739=CARTESIAN_POINT('Vertex',(183.,8.16213181484,23.2384737679)) ;
#8742=CARTESIAN_POINT('Axis2P3D Location',(183.,8.67226505327,22.3783783784)) ;
#8754=CARTESIAN_POINT('Axis2P3D Location',(100.660000001,0.,37.)) ;
#8759=CARTESIAN_POINT('Axis2P3D Location',(183.,0.,37.)) ;
#8763=CARTESIAN_POINT('Vertex',(183.,-8.16213181484,23.2384737679)) ;
#8766=CARTESIAN_POINT('Line Origine',(100.660000001,-8.16213181484,23.2384737679)) ;
#8778=CARTESIAN_POINT('Axis2P3D Location',(186.,-8.67226505327,22.3783783784)) ;
#8783=CARTESIAN_POINT('Line Origine',(186.,-9.03360943049,23.3108108108)) ;
#8787=CARTESIAN_POINT('Vertex',(183.,-9.03360943049,23.3108108108)) ;
#8790=CARTESIAN_POINT('Axis2P3D Location',(183.,-8.67226505327,22.3783783784)) ;
#8802=CARTESIAN_POINT('Line Origine',(186.,-19.3783596872,15.7949098077)) ;
#8806=CARTESIAN_POINT('Vertex',(183.,-19.3783596872,15.7949098077)) ;
#8809=CARTESIAN_POINT('Axis2P3D Location',(183.,-5.56725077712E-016,1.12055182122E-014)) ;
#8821=CARTESIAN_POINT('Axis2P3D Location',(186.,-18.6032252997,15.1631134154)) ;
#8826=CARTESIAN_POINT('Line Origine',(186.,-19.5788644646,14.943731967)) ;
#8830=CARTESIAN_POINT('Vertex',(183.,-19.5788644646,14.943731967)) ;
#8833=CARTESIAN_POINT('Axis2P3D Location',(183.,-18.6032252997,15.1631134154)) ;
#8845=CARTESIAN_POINT('Axis2P3D Location',(100.660000001,-35.1890911029,11.4336287919)) ;
#8850=CARTESIAN_POINT('Axis2P3D Location',(183.,-35.1890911029,11.4336287919)) ;
#8854=CARTESIAN_POINT('Vertex',(183.,-24.6233393468,-0.581565331751)) ;
#8857=CARTESIAN_POINT('Line Origine',(100.660000001,-24.6233393468,-0.581565331751)) ;
#8869=CARTESIAN_POINT('Axis2P3D Location',(186.,-23.9629798621,-1.33251496448)) ;
#8874=CARTESIAN_POINT('Line Origine',(186.,-24.9614373563,-1.38803642133)) ;
#8878=CARTESIAN_POINT('Vertex',(183.,-24.9614373563,-1.38803642133)) ;
#8881=CARTESIAN_POINT('Axis2P3D Location',(183.,-23.9629798621,-1.33251496448)) ;
#8893=CARTESIAN_POINT('Line Origine',(186.,-21.9395640473,-11.9856384651)) ;
#8897=CARTESIAN_POINT('Vertex',(183.,-21.9395640473,-11.9856384651)) ;
#8900=CARTESIAN_POINT('Axis2P3D Location',(183.,-5.56725077712E-016,1.12055182122E-014)) ;
#8912=CARTESIAN_POINT('Line Origine',(186.,-21.0100943634,-13.5490197004)) ;
#8916=CARTESIAN_POINT('Vertex',(183.,-21.0100943634,-13.5490197004)) ;
#8919=CARTESIAN_POINT('Axis2P3D Location',(183.,-5.56725077712E-016,1.12055182122E-014)) ;
#8931=CARTESIAN_POINT('Axis2P3D Location',(186.,-20.1696905888,-13.0070589124)) ;
#8936=CARTESIAN_POINT('Line Origine',(186.,-20.2625355151,-14.0027394935)) ;
#8940=CARTESIAN_POINT('Vertex',(183.,-20.2625355151,-14.0027394935)) ;
#8943=CARTESIAN_POINT('Axis2P3D Location',(183.,-20.1696905888,-13.0070589124)) ;
#8955=CARTESIAN_POINT('Axis2P3D Location',(100.660000001,-21.7480543348,-29.9336287919)) ;
#8960=CARTESIAN_POINT('Axis2P3D Location',(183.,-21.7480543348,-29.9336287919)) ;
#8964=CARTESIAN_POINT('Vertex',(183.,-7.05592881801,-23.5979009096)) ;
#8967=CARTESIAN_POINT('Line Origine',(100.660000001,-7.05592881801,-23.5979009096)) ;
#8979=CARTESIAN_POINT('Axis2P3D Location',(186.,-6.13767097321,-23.2019179169)) ;
#8984=CARTESIAN_POINT('Line Origine',(186.,-6.39340726376,-24.1686644968)) ;
#8988=CARTESIAN_POINT('Vertex',(183.,-6.39340726376,-24.1686644968)) ;
#8991=CARTESIAN_POINT('Axis2P3D Location',(183.,-6.13767097321,-23.2019179169)) ;
#9003=CARTESIAN_POINT('Line Origine',(186.,6.39340726376,-24.1686644968)) ;
#9007=CARTESIAN_POINT('Vertex',(183.,6.39340726376,-24.1686644968)) ;
#9010=CARTESIAN_POINT('Axis2P3D Location',(183.,-5.56725077712E-016,1.12055182122E-014)) ;
#9022=CARTESIAN_POINT('Axis2P3D Location',(186.,6.13767097321,-23.2019179169)) ;
#9027=CARTESIAN_POINT('Line Origine',(186.,7.05592881801,-23.5979009096)) ;
#9031=CARTESIAN_POINT('Vertex',(183.,7.05592881801,-23.5979009096)) ;
#9034=CARTESIAN_POINT('Axis2P3D Location',(183.,6.13767097321,-23.2019179169)) ;
#9046=CARTESIAN_POINT('Axis2P3D Location',(100.660000001,21.7480543348,-29.9336287919)) ;
#9051=CARTESIAN_POINT('Axis2P3D Location',(183.,21.7480543348,-29.9336287919)) ;
#9055=CARTESIAN_POINT('Vertex',(183.,20.2625355151,-14.0027394935)) ;
#9058=CARTESIAN_POINT('Line Origine',(100.660000001,20.2625355151,-14.0027394935)) ;
#9070=CARTESIAN_POINT('Axis2P3D Location',(186.,20.1696905888,-13.0070589124)) ;
#9075=CARTESIAN_POINT('Line Origine',(186.,21.0100943634,-13.5490197004)) ;
#9079=CARTESIAN_POINT('Vertex',(183.,21.0100943634,-13.5490197004)) ;
#9082=CARTESIAN_POINT('Axis2P3D Location',(183.,20.1696905888,-13.0070589124)) ;
#9094=CARTESIAN_POINT('Line Origine',(186.,24.9614373563,-1.38803642133)) ;
#9098=CARTESIAN_POINT('Vertex',(183.,24.9614373563,-1.38803642133)) ;
#9101=CARTESIAN_POINT('Axis2P3D Location',(183.,-5.56725077712E-016,1.12055182122E-014)) ;
#9113=CARTESIAN_POINT('Axis2P3D Location',(186.,23.9629798621,-1.33251496448)) ;
#9118=CARTESIAN_POINT('Line Origine',(186.,24.6233393468,-0.581565331751)) ;
#9122=CARTESIAN_POINT('Vertex',(183.,24.6233393468,-0.581565331751)) ;
#9125=CARTESIAN_POINT('Axis2P3D Location',(183.,23.9629798621,-1.33251496448)) ;
#9137=CARTESIAN_POINT('Axis2P3D Location',(100.660000001,35.1890911029,11.4336287919)) ;
#9142=CARTESIAN_POINT('Axis2P3D Location',(183.,35.1890911029,11.4336287919)) ;
#9146=CARTESIAN_POINT('Vertex',(183.,19.5788644646,14.943731967)) ;
#9149=CARTESIAN_POINT('Line Origine',(100.660000001,19.5788644646,14.943731967)) ;
#9161=CARTESIAN_POINT('Axis2P3D Location',(186.,18.6032252997,15.1631134154)) ;
#9166=CARTESIAN_POINT('Axis2P3D Location',(183.,18.6032252997,15.1631134154)) ;
#9178=CARTESIAN_POINT('Axis2P3D Location',(183.,-1.11022302463E-015,1.42108547152E-014)) ;
#9184=CARTESIAN_POINT('Control Point',(180.,16.4551772578,14.6022991825)) ;
#9185=CARTESIAN_POINT('Control Point',(180.,17.3390013651,14.9936106753)) ;
#9186=CARTESIAN_POINT('Control Point',(180.351309155,18.2293668244,15.3643416383)) ;
#9187=CARTESIAN_POINT('Control Point',(181.062423537,18.9908013179,15.6501662045)) ;
#9188=CARTESIAN_POINT('Control Point',(182.033368066,19.3783596872,15.7949098077)) ;
#9189=CARTESIAN_POINT('Control Point',(183.,19.3783596872,15.7949098077)) ;
#9190=CARTESIAN_POINT('Vertex',(180.,16.4551772578,14.6022991825)) ;
#9193=CARTESIAN_POINT('Axis2P3D Location',(180.,-1.11022302463E-015,1.42108547152E-014)) ;
#9197=CARTESIAN_POINT('Vertex',(180.,8.80268237225,20.1621621622)) ;
#9201=CARTESIAN_POINT('Control Point',(180.,8.80268237225,20.1621621622)) ;
#9202=CARTESIAN_POINT('Control Point',(180.,8.90172499827,21.1236502535)) ;
#9203=CARTESIAN_POINT('Control Point',(180.351308411,8.9791729765,22.0849991949)) ;
#9204=CARTESIAN_POINT('Control Point',(181.062422798,9.01571226735,22.8974930842)) ;
#9205=CARTESIAN_POINT('Control Point',(182.033368555,9.03360943049,23.3108108108)) ;
#9206=CARTESIAN_POINT('Control Point',(183.,9.03360943049,23.3108108108)) ;
#9216=CARTESIAN_POINT('Control Point',(180.,8.80268237225,20.1621621622)) ;
#9217=CARTESIAN_POINT('Control Point',(180.,8.80268237225,20.1621621622)) ;
#9218=CARTESIAN_POINT('Control Point',(180.,8.80268237225,20.1621621622)) ;
#9219=CARTESIAN_POINT('Control Point',(180.,8.80268237225,20.1621621622)) ;
#9220=CARTESIAN_POINT('Control Point',(180.,8.80268237225,20.1621621622)) ;
#9221=CARTESIAN_POINT('Control Point',(180.,8.80268237225,20.1621621622)) ;
#9222=CARTESIAN_POINT('Control Point',(180.000589614,8.90155274199,21.124845458)) ;
#9223=CARTESIAN_POINT('Control Point',(180.000195518,8.84851716189,21.1244673468)) ;
#9224=CARTESIAN_POINT('Control Point',(179.999809069,8.7952377164,21.1233698594)) ;
#9225=CARTESIAN_POINT('Control Point',(179.999809069,8.74191870286,21.1214546099)) ;
#9226=CARTESIAN_POINT('Control Point',(180.000195518,8.68882639593,21.1187523432)) ;
#9227=CARTESIAN_POINT('Control Point',(180.000589614,8.63615643836,21.1154174306)) ;
#9228=CARTESIAN_POINT('Control Point',(180.351379962,8.97938656527,22.0838968354)) ;
#9229=CARTESIAN_POINT('Control Point',(180.336079728,8.87325929952,22.0723405005)) ;
#9230=CARTESIAN_POINT('Control Point',(180.329219247,8.76817768081,22.0637959425)) ;
#9231=CARTESIAN_POINT('Control Point',(180.329219247,8.66327144298,22.0583970018)) ;
#9232=CARTESIAN_POINT('Control Point',(180.336079728,8.55751216247,22.0560322017)) ;
#9233=CARTESIAN_POINT('Control Point',(180.351379962,8.45001190176,22.0563429415)) ;
#9234=CARTESIAN_POINT('Control Point',(181.060956532,9.01567116839,22.8970085521)) ;
#9235=CARTESIAN_POINT('Control Point',(181.000050877,8.86846373288,22.9224863144)) ;
#9236=CARTESIAN_POINT('Control Point',(180.967959581,8.71337093619,22.9288412624)) ;
#9237=CARTESIAN_POINT('Control Point',(180.967959581,8.55631650827,22.9171412865)) ;
#9238=CARTESIAN_POINT('Control Point',(181.000050877,8.40309679705,22.887690376)) ;
#9239=CARTESIAN_POINT('Control Point',(181.060956532,8.25988645192,22.8401321012)) ;
#9240=CARTESIAN_POINT('Control Point',(182.03464359,9.03355104524,23.3117312069)) ;
#9241=CARTESIAN_POINT('Control Point',(182.00686391,8.86469195225,23.3790316961)) ;
#9242=CARTESIAN_POINT('Control Point',(181.991867842,8.68079055759,23.4073751878)) ;
#9243=CARTESIAN_POINT('Control Point',(181.991867842,8.49358087888,23.3918010615)) ;
#9244=CARTESIAN_POINT('Control Point',(182.00686391,8.31699111279,23.3334845975)) ;
#9245=CARTESIAN_POINT('Control Point',(182.03464359,8.16176621149,23.2392867226)) ;
#9246=CARTESIAN_POINT('Control Point',(183.,9.03360943049,23.3108108108)) ;
#9247=CARTESIAN_POINT('Control Point',(183.,8.86483002581,23.3762176829)) ;
#9248=CARTESIAN_POINT('Control Point',(183.,8.68125151538,23.403436148)) ;
#9249=CARTESIAN_POINT('Control Point',(183.,8.49439605256,23.387926201)) ;
#9250=CARTESIAN_POINT('Control Point',(183.,8.31781750611,23.3308128815)) ;
#9251=CARTESIAN_POINT('Control Point',(183.,8.16213181484,23.2384737679)) ;
#9253=CARTESIAN_POINT('Control Point',(180.,8.80268237225,20.1621621622)) ;
#9254=CARTESIAN_POINT('Control Point',(180.,8.80199562069,20.1661030278)) ;
#9255=CARTESIAN_POINT('Control Point',(180.,8.80130886912,20.1700438934)) ;
#9256=CARTESIAN_POINT('Control Point',(180.000018149,8.80061985905,20.1739835096)) ;
#9257=CARTESIAN_POINT('Control Point',(180.000745555,8.77303462112,20.3319020204)) ;
#9258=CARTESIAN_POINT('Control Point',(180.011190502,8.74483465213,20.4895961497)) ;
#9259=CARTESIAN_POINT('Control Point',(180.030607286,8.71687654446,20.642421697)) ;
#9260=CARTESIAN_POINT('Control Point',(180.109190554,8.63914088974,21.0580479038)) ;
#9261=CARTESIAN_POINT('Control Point',(180.256063145,8.56028041444,21.4557931161)) ;
#9262=CARTESIAN_POINT('Control Point',(180.376472074,8.51053195556,21.6978625164)) ;
#9263=CARTESIAN_POINT('Control Point',(180.665724018,8.41507136221,22.147921817)) ;
#9264=CARTESIAN_POINT('Control Point',(181.046938998,8.33040323779,22.5257414542)) ;
#9265=CARTESIAN_POINT('Control Point',(181.256238266,8.29224336589,22.69177866)) ;
#9266=CARTESIAN_POINT('Control Point',(181.706768407,8.22635676115,22.9733011173)) ;
#9267=CARTESIAN_POINT('Control Point',(182.21093135,8.18382376494,23.1495633595)) ;
#9268=CARTESIAN_POINT('Control Point',(182.470693517,8.16936246368,23.2088313669)) ;
#9269=CARTESIAN_POINT('Control Point',(182.735346777,8.16213181484,23.2384737679)) ;
#9270=CARTESIAN_POINT('Control Point',(183.,8.16213181484,23.2384737679)) ;
#9278=CARTESIAN_POINT('Axis2P3D Location',(183.,-1.7763568394E-015,37.)) ;
#9283=CARTESIAN_POINT('Axis2P3D Location',(180.,-1.7763568394E-015,37.)) ;
#9287=CARTESIAN_POINT('Vertex',(180.,-8.80268237225,20.1621621622)) ;
#9291=CARTESIAN_POINT('Control Point',(180.,-8.80268237225,20.1621621622)) ;
#9292=CARTESIAN_POINT('Control Point',(180.,-8.63672442093,21.1144977919)) ;
#9293=CARTESIAN_POINT('Control Point',(180.351309155,-8.44943533634,22.0571156511)) ;
#9294=CARTESIAN_POINT('Control Point',(181.062423537,-8.25976322651,22.8406609327)) ;
#9295=CARTESIAN_POINT('Control Point',(182.033368066,-8.16213181484,23.2384737679)) ;
#9296=CARTESIAN_POINT('Control Point',(183.,-8.16213181484,23.2384737679)) ;
#9306=CARTESIAN_POINT('Control Point',(180.,-8.80268237225,20.1621621622)) ;
#9307=CARTESIAN_POINT('Control Point',(180.,-8.80268237225,20.1621621622)) ;
#9308=CARTESIAN_POINT('Control Point',(180.,-8.80268237225,20.1621621622)) ;
#9309=CARTESIAN_POINT('Control Point',(180.,-8.80268237225,20.1621621622)) ;
#9310=CARTESIAN_POINT('Control Point',(180.,-8.80268237225,20.1621621622)) ;
#9311=CARTESIAN_POINT('Control Point',(180.,-8.80268237225,20.1621621622)) ;
#9312=CARTESIAN_POINT('Control Point',(180.000589219,-8.63615643323,21.1154175958)) ;
#9313=CARTESIAN_POINT('Control Point',(180.000195132,-8.68882640301,21.1187524862)) ;
#9314=CARTESIAN_POINT('Control Point',(179.999808689,-8.7419187171,21.1214547403)) ;
#9315=CARTESIAN_POINT('Control Point',(179.999808689,-8.79523773578,21.123369988)) ;
#9316=CARTESIAN_POINT('Control Point',(180.000195132,-8.84851718788,21.1244674845)) ;
#9317=CARTESIAN_POINT('Control Point',(180.000589219,-8.90155277913,21.1248456152)) ;
#9318=CARTESIAN_POINT('Control Point',(180.351381499,-8.45001144222,22.0563449951)) ;
#9319=CARTESIAN_POINT('Control Point',(180.336081207,-8.55751181096,22.0560343264)) ;
#9320=CARTESIAN_POINT('Control Point',(180.329220695,-8.66327121327,22.0583991696)) ;
#9321=CARTESIAN_POINT('Control Point',(180.329220695,-8.76817757776,22.0637981232)) ;
#9322=CARTESIAN_POINT('Control Point',(180.336081207,-8.87325931821,22.0723426632)) ;
#9323=CARTESIAN_POINT('Control Point',(180.351381499,-8.97938669173,22.0838989502)) ;
#9324=CARTESIAN_POINT('Control Point',(181.060956531,-8.25988659959,22.8401314021)) ;
#9325=CARTESIAN_POINT('Control Point',(181.000050914,-8.40309690807,22.8876896726)) ;
#9326=CARTESIAN_POINT('Control Point',(180.967959637,-8.55631658072,22.9171405799)) ;
#9327=CARTESIAN_POINT('Control Point',(180.967959637,-8.7133709688,22.9288405523)) ;
#9328=CARTESIAN_POINT('Control Point',(181.000050914,-8.86846372441,22.9224856007)) ;
#9329=CARTESIAN_POINT('Control Point',(181.060956531,-9.01567111821,22.8970078357)) ;
#9330=CARTESIAN_POINT('Control Point',(182.034643368,-8.16176619559,23.2392868058)) ;
#9331=CARTESIAN_POINT('Control Point',(182.00686368,-8.31699110887,23.3334846745)) ;
#9332=CARTESIAN_POINT('Control Point',(181.991867607,-8.49358088242,23.3918011351)) ;
#9333=CARTESIAN_POINT('Control Point',(181.991867607,-8.68079056455,23.4073752615)) ;
#9334=CARTESIAN_POINT('Control Point',(182.00686368,-8.86469196,23.3790317737)) ;
#9335=CARTESIAN_POINT('Control Point',(182.034643368,-9.03355105257,23.3117312915)) ;
#9336=CARTESIAN_POINT('Control Point',(183.,-8.16213181484,23.2384737679)) ;
#9337=CARTESIAN_POINT('Control Point',(183.,-8.31781750611,23.3308128815)) ;
#9338=CARTESIAN_POINT('Control Point',(183.,-8.49439605256,23.387926201)) ;
#9339=CARTESIAN_POINT('Control Point',(183.,-8.68125151538,23.403436148)) ;
#9340=CARTESIAN_POINT('Control Point',(183.,-8.86483002581,23.3762176829)) ;
#9341=CARTESIAN_POINT('Control Point',(183.,-9.03360943049,23.3108108108)) ;
#9343=CARTESIAN_POINT('Control Point',(180.,-8.80268237225,20.1621621622)) ;
#9344=CARTESIAN_POINT('Control Point',(180.,-8.80309222132,20.1661409036)) ;
#9345=CARTESIAN_POINT('Control Point',(180.,-8.80350207039,20.1701196451)) ;
#9346=CARTESIAN_POINT('Control Point',(180.000018149,-8.80390994494,20.1740993072)) ;
#9347=CARTESIAN_POINT('Control Point',(180.000745555,-8.82027983022,20.3335779907)) ;
#9348=CARTESIAN_POINT('Control Point',(180.011190502,-8.83604612244,20.4930958742)) ;
#9349=CARTESIAN_POINT('Control Point',(180.030607286,-8.85077301199,20.6479440669)) ;
#9350=CARTESIAN_POINT('Control Point',(180.109190565,-8.88934540832,21.0697607899)) ;
#9351=CARTESIAN_POINT('Control Point',(180.256063186,-8.92240771534,21.4752426166)) ;
#9352=CARTESIAN_POINT('Control Point',(180.376472011,-8.9410454707,21.7227315148)) ;
#9353=CARTESIAN_POINT('Control Point',(180.665724133,-8.97323089268,22.184074578)) ;
#9354=CARTESIAN_POINT('Control Point',(181.046939412,-8.99652556597,22.5732139628)) ;
#9355=CARTESIAN_POINT('Control Point',(181.256237769,-9.00599380821,22.7446145841)) ;
#9356=CARTESIAN_POINT('Control Point',(181.706768245,-9.02110040724,23.0357198953)) ;
#9357=CARTESIAN_POINT('Control Point',(182.210931608,-9.02953894963,23.2185095512)) ;
#9358=CARTESIAN_POINT('Control Point',(182.470693244,-9.03225130509,23.28003843)) ;
#9359=CARTESIAN_POINT('Control Point',(182.735346641,-9.03360943049,23.3108108108)) ;
#9360=CARTESIAN_POINT('Control Point',(183.,-9.03360943049,23.3108108108)) ;
#9368=CARTESIAN_POINT('Axis2P3D Location',(183.,-2.6645352591E-015,1.06581410364E-014)) ;
#9373=CARTESIAN_POINT('Axis2P3D Location',(180.,-2.6645352591E-015,1.06581410364E-014)) ;
#9377=CARTESIAN_POINT('Vertex',(180.,-16.4551772578,14.6022991825)) ;
#9381=CARTESIAN_POINT('Control Point',(180.,-16.4551772578,14.6022991825)) ;
#9382=CARTESIAN_POINT('Control Point',(180.,-17.3390009087,14.9936104738)) ;
#9383=CARTESIAN_POINT('Control Point',(180.35130841,-18.2293653656,15.3643410427)) ;
#9384=CARTESIAN_POINT('Control Point',(181.062422798,-18.9908016903,15.6501663938)) ;
#9385=CARTESIAN_POINT('Control Point',(182.033368555,-19.3783596872,15.7949098077)) ;
#9386=CARTESIAN_POINT('Control Point',(183.,-19.3783596872,15.7949098077)) ;
#9396=CARTESIAN_POINT('Control Point',(180.,-16.4551772578,14.6022991825)) ;
#9397=CARTESIAN_POINT('Control Point',(180.,-16.4551772578,14.6022991825)) ;
#9398=CARTESIAN_POINT('Control Point',(180.,-16.4551772578,14.6022991825)) ;
#9399=CARTESIAN_POINT('Control Point',(180.,-16.4551772578,14.6022991825)) ;
#9400=CARTESIAN_POINT('Control Point',(180.,-16.4551772578,14.6022991825)) ;
#9401=CARTESIAN_POINT('Control Point',(180.,-16.4551772578,14.6022991825)) ;
#9402=CARTESIAN_POINT('Control Point',(180.000589614,-17.3401908589,14.9938159525)) ;
#9403=CARTESIAN_POINT('Control Point',(180.000195518,-17.3562201519,14.9432592764)) ;
#9404=CARTESIAN_POINT('Control Point',(179.999809069,-17.3716406361,14.8922483711)) ;
#9405=CARTESIAN_POINT('Control Point',(179.999809069,-17.3862956094,14.8409471319)) ;
#9406=CARTESIAN_POINT('Control Point',(180.000195518,-17.4001320287,14.7896183018)) ;
#9407=CARTESIAN_POINT('Control Point',(180.000589614,-17.413236253,14.7384956516)) ;
#9408=CARTESIAN_POINT('Control Point',(180.351379962,-18.2282509362,15.3642035923)) ;
#9409=CARTESIAN_POINT('Control Point',(180.336079728,-18.250055333,15.2596994595)) ;
#9410=CARTESIAN_POINT('Control Point',(180.329219247,-18.2744009771,15.1571204864)) ;
#9411=CARTESIAN_POINT('Control Point',(180.329219247,-18.3016840855,15.0556803597)) ;
#9412=CARTESIAN_POINT('Control Point',(180.336079728,-18.3321164377,14.9543665422)) ;
#9413=CARTESIAN_POINT('Control Point',(180.351379962,-18.3656313719,14.8522237414)) ;
#9414=CARTESIAN_POINT('Control Point',(181.060956532,-18.9903535852,15.64997753)) ;
#9415=CARTESIAN_POINT('Control Point',(181.000050877,-19.0600739795,15.5178480017)) ;
#9416=CARTESIAN_POINT('Control Point',(180.967959581,-19.1140442072,15.3723097746)) ;
#9417=CARTESIAN_POINT('Control Point',(180.967959581,-19.1514493593,15.219326647)) ;
#9418=CARTESIAN_POINT('Control Point',(181.000050877,-19.1707873768,15.0645052113)) ;
#9419=CARTESIAN_POINT('Control Point',(181.060956532,-19.1698112032,14.9136077651)) ;
#9420=CARTESIAN_POINT('Control Point',(182.03464359,-19.3792530764,15.7951387127)) ;
#9421=CARTESIAN_POINT('Control Point',(182.00686391,-19.4954399736,15.6553411666)) ;
#9422=CARTESIAN_POINT('Control Point',(181.991867842,-19.5792248913,15.4891991672)) ;
#9423=CARTESIAN_POINT('Control Point',(181.991867842,-19.6222639883,15.3063395123)) ;
#9424=CARTESIAN_POINT('Control Point',(182.00686391,-19.6213709729,15.1203718859)) ;
#9425=CARTESIAN_POINT('Control Point',(182.03464359,-19.5797506016,14.9436354875)) ;
#9426=CARTESIAN_POINT('Control Point',(183.,-19.3783596872,15.7949098077)) ;
#9427=CARTESIAN_POINT('Control Point',(183.,-19.4927210235,15.6546028901)) ;
#9428=CARTESIAN_POINT('Control Point',(183.,-19.5753362015,15.4884203198)) ;
#9429=CARTESIAN_POINT('Control Point',(183.,-19.6183268789,15.3059173771)) ;
#9430=CARTESIAN_POINT('Control Point',(183.,-19.6185746559,15.1203322135)) ;
#9431=CARTESIAN_POINT('Control Point',(183.,-19.5788644646,14.943731967)) ;
#9433=CARTESIAN_POINT('Control Point',(180.,-16.4551772578,14.6022991825)) ;
#9434=CARTESIAN_POINT('Control Point',(180.,-16.4591374617,14.6028638374)) ;
#9435=CARTESIAN_POINT('Control Point',(180.,-16.4630976655,14.6034284923)) ;
#9436=CARTESIAN_POINT('Control Point',(180.000018149,-16.4670573789,14.6039906133)) ;
#9437=CARTESIAN_POINT('Control Point',(180.000745555,-16.6257711167,14.6265549929)) ;
#9438=CARTESIAN_POINT('Control Point',(180.011190502,-16.7844614378,14.6484653491)) ;
#9439=CARTESIAN_POINT('Control Point',(180.030607286,-16.938446677,14.6691013488)) ;
#9440=CARTESIAN_POINT('Control Point',(180.109190554,-17.3577523277,14.723605909)) ;
#9441=CARTESIAN_POINT('Control Point',(180.256063145,-17.7603997307,14.7715151701)) ;
#9442=CARTESIAN_POINT('Control Point',(180.376472074,-18.0059945305,14.7990051327)) ;
#9443=CARTESIAN_POINT('Control Point',(180.665724018,-18.4635253067,14.8472926857)) ;
#9444=CARTESIAN_POINT('Control Point',(181.046938998,-18.8490170239,14.8835212029)) ;
#9445=CARTESIAN_POINT('Control Point',(181.256238266,-19.0187198394,14.8985373264)) ;
#9446=CARTESIAN_POINT('Control Point',(181.706768407,-19.3068236874,14.9228706652)) ;
#9447=CARTESIAN_POINT('Control Point',(182.21093135,-19.4876024601,14.9368874103)) ;
#9448=CARTESIAN_POINT('Control Point',(182.470693517,-19.5484384726,14.941448717)) ;
#9449=CARTESIAN_POINT('Control Point',(182.735346777,-19.5788644646,14.943731967)) ;
#9450=CARTESIAN_POINT('Control Point',(183.,-19.5788644646,14.943731967)) ;
#9458=CARTESIAN_POINT('Axis2P3D Location',(183.,-35.1890911029,11.4336287919)) ;
#9463=CARTESIAN_POINT('Axis2P3D Location',(180.,-35.1890911029,11.4336287919)) ;
#9467=CARTESIAN_POINT('Vertex',(180.,-21.895534156,-2.14139767955)) ;
#9471=CARTESIAN_POINT('Control Point',(180.,-21.895534156,-2.14139767955)) ;
#9472=CARTESIAN_POINT('Control Point',(180.,-22.7499753275,-1.68927439828)) ;
#9473=CARTESIAN_POINT('Control Point',(180.351309155,-23.5885826946,-1.21986695118)) ;
#9474=CARTESIAN_POINT('Control Point',(181.062423537,-24.2751666167,-0.7973492481)) ;
#9475=CARTESIAN_POINT('Control Point',(182.033368066,-24.6233393468,-0.581565331751)) ;
#9476=CARTESIAN_POINT('Control Point',(183.,-24.6233393468,-0.581565331751)) ;
#9486=CARTESIAN_POINT('Control Point',(180.,-21.895534156,-2.14139767955)) ;
#9487=CARTESIAN_POINT('Control Point',(180.,-21.895534156,-2.14139767955)) ;
#9488=CARTESIAN_POINT('Control Point',(180.,-21.895534156,-2.14139767955)) ;
#9489=CARTESIAN_POINT('Control Point',(180.,-21.895534156,-2.14139767955)) ;
#9490=CARTESIAN_POINT('Control Point',(180.,-21.895534156,-2.14139767955)) ;
#9491=CARTESIAN_POINT('Control Point',(180.,-21.895534156,-2.14139767955)) ;
#9492=CARTESIAN_POINT('Control Point',(180.000589219,-22.7506746085,-1.68845000373)) ;
#9493=CARTESIAN_POINT('Control Point',(180.000195133,-22.7701221956,-1.73751158312)) ;
#9494=CARTESIAN_POINT('Control Point',(179.999808689,-22.7890986215,-1.78717033115)) ;
#9495=CARTESIAN_POINT('Control Point',(179.999808689,-22.8073966154,-1.83728788643)) ;
#9496=CARTESIAN_POINT('Control Point',(180.000195133,-22.8249046549,-1.88762051068)) ;
#9497=CARTESIAN_POINT('Control Point',(180.000589219,-22.8416531798,-1.93794350572)) ;
#9498=CARTESIAN_POINT('Control Point',(180.351381499,-23.5880277621,-1.2206529536)) ;
#9499=CARTESIAN_POINT('Control Point',(180.336081207,-23.6209517358,-1.32298788301)) ;
#9500=CARTESIAN_POINT('Control Point',(180.329220695,-23.6558822844,-1.4228402763)) ;
#9501=CARTESIAN_POINT('Control Point',(180.329220695,-23.6934348402,-1.52094379077)) ;
#9502=CARTESIAN_POINT('Control Point',(180.336081207,-23.7340332206,-1.61824205802)) ;
#9503=CARTESIAN_POINT('Control Point',(180.351381499,-23.7778190611,-1.71560410039)) ;
#9504=CARTESIAN_POINT('Control Point',(181.060956531,-24.2747011409,-0.79763025723)) ;
#9505=CARTESIAN_POINT('Control Point',(181.000050914,-24.3641861656,-0.91913503955)) ;
#9506=CARTESIAN_POINT('Control Point',(180.967959637,-24.4395431283,-1.05575477581)) ;
#9507=CARTESIAN_POINT('Control Point',(180.967959637,-24.499202941,-1.20150688372)) ;
#9508=CARTESIAN_POINT('Control Point',(181.000050914,-24.5410853227,-1.35097264666)) ;
#9509=CARTESIAN_POINT('Control Point',(181.060956531,-24.5623441173,-1.49884825917)) ;
#9510=CARTESIAN_POINT('Control Point',(182.034643368,-24.623999607,-0.580966352115)) ;
#9511=CARTESIAN_POINT('Control Point',(182.00686368,-24.7615542393,-0.699485275409)) ;
#9512=CARTESIAN_POINT('Control Point',(181.991867607,-24.8715857293,-0.849411353205)) ;
#9513=CARTESIAN_POINT('Control Point',(181.991867607,-24.9442485762,-1.02264567186)) ;
#9514=CARTESIAN_POINT('Control Point',(182.00686368,-24.9741209731,-1.20630491208)) ;
#9515=CARTESIAN_POINT('Control Point',(182.034643368,-24.9622947393,-1.38769644545)) ;
#9516=CARTESIAN_POINT('Control Point',(183.,-24.6233393468,-0.581565331751)) ;
#9517=CARTESIAN_POINT('Control Point',(183.,-24.7592685869,-0.701096867586)) ;
#9518=CARTESIAN_POINT('Control Point',(183.,-24.8681523533,-0.851384058494)) ;
#9519=CARTESIAN_POINT('Control Point',(183.,-24.9406447029,-1.02430132681)) ;
#9520=CARTESIAN_POINT('Control Point',(183.,-24.9714872839,-1.20730583366)) ;
#9521=CARTESIAN_POINT('Control Point',(183.,-24.9614373563,-1.38803642133)) ;
#9523=CARTESIAN_POINT('Control Point',(180.,-21.895534156,-2.14139767955)) ;
#9524=CARTESIAN_POINT('Control Point',(180.,-21.8994448144,-2.14055797045)) ;
#9525=CARTESIAN_POINT('Control Point',(180.,-21.9033554728,-2.13971826134)) ;
#9526=CARTESIAN_POINT('Control Point',(180.000018149,-21.9072663963,-2.1388763897)) ;
#9527=CARTESIAN_POINT('Control Point',(180.000745555,-22.063998212,-2.10516345538)) ;
#9528=CARTESIAN_POINT('Control Point',(180.011190502,-22.2205808088,-2.07086439132)) ;
#9529=CARTESIAN_POINT('Control Point',(180.030607286,-22.372401027,-2.03701973173)) ;
#9530=CARTESIAN_POINT('Control Point',(180.109190565,-22.7854920961,-1.94335572469)) ;
#9531=CARTESIAN_POINT('Control Point',(180.256063186,-23.1813450443,-1.84949907187)) ;
#9532=CARTESIAN_POINT('Control Point',(180.376472011,-23.4224803568,-1.79074635508)) ;
#9533=CARTESIAN_POINT('Control Point',(180.665724133,-23.8711895257,-1.67879366361)) ;
#9534=CARTESIAN_POINT('Control Point',(181.046939412,-24.2484815233,-1.58069753136)) ;
#9535=CARTESIAN_POINT('Control Point',(181.256237769,-24.4144190488,-1.53673666003)) ;
#9536=CARTESIAN_POINT('Control Point',(181.706768245,-24.6959448478,-1.46114740114)) ;
#9537=CARTESIAN_POINT('Control Point',(182.210931608,-24.8723957941,-1.41268782181)) ;
#9538=CARTESIAN_POINT('Control Point',(182.470693244,-24.9317513992,-1.39625395594)) ;
#9539=CARTESIAN_POINT('Control Point',(182.735346641,-24.9614373563,-1.38803642133)) ;
#9540=CARTESIAN_POINT('Control Point',(183.,-24.9614373563,-1.38803642133)) ;
#9548=CARTESIAN_POINT('Axis2P3D Location',(183.,7.1054273576E-015,0.)) ;
#9553=CARTESIAN_POINT('Axis2P3D Location',(180.,7.1054273576E-015,0.)) ;
#9557=CARTESIAN_POINT('Vertex',(180.,-19.3068161953,-10.5473621537)) ;
#9560=CARTESIAN_POINT('Axis2P3D Location',(180.,7.1054273576E-015,0.)) ;
#9564=CARTESIAN_POINT('Vertex',(180.,-18.9725412085,-11.1374449535)) ;
#9568=CARTESIAN_POINT('Control Point',(180.,-18.9725412085,-11.1374449535)) ;
#9569=CARTESIAN_POINT('Control Point',(180.,-19.6178168964,-11.8570893645)) ;
#9570=CARTESIAN_POINT('Control Point',(180.351308411,-20.2455403572,-12.5893142159)) ;
#9571=CARTESIAN_POINT('Control Point',(181.062422798,-20.7526731899,-13.2251583241)) ;
#9572=CARTESIAN_POINT('Control Point',(182.033368555,-21.0100943634,-13.5490197004)) ;
#9573=CARTESIAN_POINT('Control Point',(183.,-21.0100943634,-13.5490197004)) ;
#9585=CARTESIAN_POINT('Control Point',(180.,-18.9725412085,-11.1374449535)) ;
#9586=CARTESIAN_POINT('Control Point',(180.,-18.9725412085,-11.1374449535)) ;
#9587=CARTESIAN_POINT('Control Point',(180.,-18.9725412085,-11.1374449535)) ;
#9588=CARTESIAN_POINT('Control Point',(180.,-18.9725412085,-11.1374449535)) ;
#9589=CARTESIAN_POINT('Control Point',(180.,-18.9725412085,-11.1374449535)) ;
#9590=CARTESIAN_POINT('Control Point',(180.,-18.9725412085,-11.1374449535)) ;
#9591=CARTESIAN_POINT('Control Point',(180.000589614,-19.6183800619,-11.8581575548)) ;
#9592=CARTESIAN_POINT('Control Point',(180.000195518,-19.5752511281,-11.8890251882)) ;
#9593=CARTESIAN_POINT('Control Point',(179.999809069,-19.5315020644,-11.9194541746)) ;
#9594=CARTESIAN_POINT('Control Point',(179.999809069,-19.4872403209,-11.949244835)) ;
#9595=CARTESIAN_POINT('Control Point',(180.000195518,-19.4426993897,-11.9782655302)) ;
#9596=CARTESIAN_POINT('Control Point',(180.000589614,-19.3981282866,-12.0065261536)) ;
#9597=CARTESIAN_POINT('Control Point',(180.351379962,-20.2450652031,-12.5882968443)) ;
#9598=CARTESIAN_POINT('Control Point',(180.336079728,-20.1524137983,-12.6413276147)) ;
#9599=CARTESIAN_POINT('Control Point',(180.329219247,-20.0623786178,-12.6961803478)) ;
#9600=CARTESIAN_POINT('Control Point',(180.329219247,-19.9743342709,-12.7534748525)) ;
#9601=CARTESIAN_POINT('Control Point',(180.336079728,-19.8873832211,-12.8137254345)) ;
#9602=CARTESIAN_POINT('Control Point',(180.351379962,-19.8005963315,-12.8771638961)) ;
#9603=CARTESIAN_POINT('Control Point',(181.060956532,-20.7523551396,-13.2247904866)) ;
#9604=CARTESIAN_POINT('Control Point',(181.000050877,-20.6482372756,-13.3319287889)) ;
#9605=CARTESIAN_POINT('Control Point',(180.967959581,-20.526499912,-13.4282313084)) ;
#9606=CARTESIAN_POINT('Control Point',(180.967959581,-20.3925631375,-13.5110801056)) ;
#9607=CARTESIAN_POINT('Control Point',(181.000050877,-20.2512949764,-13.5773141052)) ;
#9608=CARTESIAN_POINT('Control Point',(181.060956532,-20.1074813209,-13.6230155815)) ;
#9609=CARTESIAN_POINT('Control Point',(182.03464359,-21.0105881239,-13.5497986345)) ;
#9610=CARTESIAN_POINT('Control Point',(182.00686391,-20.913536483,-13.7034987585)) ;
#9611=CARTESIAN_POINT('Control Point',(181.991867842,-20.7814170159,-13.8345236527)) ;
#9612=CARTESIAN_POINT('Control Point',(181.991867842,-20.6208069626,-13.9319630081)) ;
#9613=CARTESIAN_POINT('Control Point',(182.00686391,-20.4436652833,-13.9885808579)) ;
#9614=CARTESIAN_POINT('Control Point',(182.03464359,-20.2627175785,-14.003612084)) ;
#9615=CARTESIAN_POINT('Control Point',(183.,-21.0100943634,-13.5490197004)) ;
#9616=CARTESIAN_POINT('Control Point',(183.,-20.9119941515,-13.7011410165)) ;
#9617=CARTESIAN_POINT('Control Point',(183.,-20.7794746291,-13.8310659583)) ;
#9618=CARTESIAN_POINT('Control Point',(183.,-20.6191888661,-13.9283490329)) ;
#9619=CARTESIAN_POINT('Control Point',(183.,-20.4427634543,-13.9859336523)) ;
#9620=CARTESIAN_POINT('Control Point',(183.,-20.2625355151,-14.0027394935)) ;
#9622=CARTESIAN_POINT('Control Point',(180.,-18.9725412085,-11.1374449535)) ;
#9623=CARTESIAN_POINT('Control Point',(180.,-18.9743019975,-11.1410368432)) ;
#9624=CARTESIAN_POINT('Control Point',(180.,-18.9760627865,-11.1446287329)) ;
#9625=CARTESIAN_POINT('Control Point',(180.000018149,-18.977821014,-11.1482209394)) ;
#9626=CARTESIAN_POINT('Control Point',(180.000745555,-19.0483262594,-11.2921938943)) ;
#9627=CARTESIAN_POINT('Control Point',(180.011190502,-19.118202289,-11.4363466505)) ;
#9628=CARTESIAN_POINT('Control Point',(180.030607286,-19.1854123074,-11.5764184791)) ;
#9629=CARTESIAN_POINT('Control Point',(180.109190554,-19.3668217965,-11.9583590151)) ;
#9630=CARTESIAN_POINT('Control Point',(180.256063145,-19.5368111018,-12.3264946756)) ;
#9631=CARTESIAN_POINT('Control Point',(180.376472074,-19.6388485767,-12.5515743448)) ;
#9632=CARTESIAN_POINT('Control Point',(180.665724018,-19.8261575539,-12.9717902964)) ;
#9633=CARTESIAN_POINT('Control Point',(181.046938998,-19.9797364131,-13.3272194786)) ;
#9634=CARTESIAN_POINT('Control Point',(181.256238266,-20.0464586491,-13.4839762096)) ;
#9635=CARTESIAN_POINT('Control Point',(181.706768407,-20.1586300148,-13.7504598365)) ;
#9636=CARTESIAN_POINT('Control Point',(182.21093135,-20.2278244445,-13.9180592538)) ;
#9637=CARTESIAN_POINT('Control Point',(182.470693517,-20.2509618667,-13.9745082186)) ;
#9638=CARTESIAN_POINT('Control Point',(182.735346777,-20.2625355151,-14.0027394935)) ;
#9639=CARTESIAN_POINT('Control Point',(183.,-20.2625355151,-14.0027394935)) ;
#9647=CARTESIAN_POINT('Axis2P3D Location',(183.,-21.7480543348,-29.9336287919)) ;
#9652=CARTESIAN_POINT('Axis2P3D Location',(180.,-21.7480543348,-29.9336287919)) ;
#9656=CARTESIAN_POINT('Vertex',(180.,-4.72950193802,-21.4856187116)) ;
#9660=CARTESIAN_POINT('Control Point',(180.,-4.72950193802,-21.4856187116)) ;
#9661=CARTESIAN_POINT('Control Point',(180.,-5.42353357959,-22.1585267838)) ;
#9662=CARTESIAN_POINT('Control Point',(180.351309155,-6.12911050753,-22.81103489)) ;
#9663=CARTESIAN_POINT('Control Point',(181.062423537,-6.74311482925,-23.333449869)) ;
#9664=CARTESIAN_POINT('Control Point',(182.033368066,-7.05592881801,-23.5979009096)) ;
#9665=CARTESIAN_POINT('Control Point',(183.,-7.05592881801,-23.5979009096)) ;
#9675=CARTESIAN_POINT('Control Point',(180.,-4.72950193802,-21.4856187116)) ;
#9676=CARTESIAN_POINT('Control Point',(180.,-4.72950193802,-21.4856187116)) ;
#9677=CARTESIAN_POINT('Control Point',(180.,-4.72950193802,-21.4856187116)) ;
#9678=CARTESIAN_POINT('Control Point',(180.,-4.72950193802,-21.4856187116)) ;
#9679=CARTESIAN_POINT('Control Point',(180.,-4.72950193802,-21.4856187116)) ;
#9680=CARTESIAN_POINT('Control Point',(180.,-4.72950193802,-21.4856187116)) ;
#9681=CARTESIAN_POINT('Control Point',(180.000589219,-5.42453373795,-22.1589370665)) ;
#9682=CARTESIAN_POINT('Control Point',(180.000195133,-5.38388303667,-22.192593681)) ;
#9683=CARTESIAN_POINT('Control Point',(179.999808689,-5.34251879746,-22.2259867298)) ;
#9684=CARTESIAN_POINT('Control Point',(179.999808689,-5.30050855959,-22.2588763306)) ;
#9685=CARTESIAN_POINT('Control Point',(180.000195133,-5.25804966964,-22.2910811001)) ;
#9686=CARTESIAN_POINT('Control Point',(180.000589219,-5.21536523469,-22.3225605527)) ;
#9687=CARTESIAN_POINT('Control Point',(180.351381499,-6.12819144868,-22.8107500419)) ;
#9688=CARTESIAN_POINT('Control Point',(180.336081207,-6.04103921697,-22.8736858369)) ;
#9689=CARTESIAN_POINT('Control Point',(180.329220695,-5.95686808313,-22.9377628522)) ;
#9690=CARTESIAN_POINT('Control Point',(180.329220695,-5.87517047669,-23.0037931113)) ;
#9691=CARTESIAN_POINT('Control Point',(180.336081207,-5.79517991744,-23.0724712866)) ;
#9692=CARTESIAN_POINT('Control Point',(180.351381499,-5.71611368376,-23.1442006242)) ;
#9693=CARTESIAN_POINT('Control Point',(181.060956531,-6.74270376748,-23.3330939872)) ;
#9694=CARTESIAN_POINT('Control Point',(181.000050914,-6.65479824417,-23.4557463435)) ;
#9695=CARTESIAN_POINT('Control Point',(180.967959637,-6.54815173413,-23.569632892)) ;
#9696=CARTESIAN_POINT('Control Point',(180.967959637,-6.42796913641,-23.6714126217)) ;
#9697=CARTESIAN_POINT('Control Point',(181.000050914,-6.29876111459,-23.7574325923)) ;
#9698=CARTESIAN_POINT('Control Point',(181.060956531,-6.16469237679,-23.8233469826)) ;
#9699=CARTESIAN_POINT('Control Point',(182.034643368,-7.05670250202,-23.5983437654)) ;
#9700=CARTESIAN_POINT('Control Point',(182.00686368,-6.98649102727,-23.7657903568)) ;
#9701=CARTESIAN_POINT('Control Point',(181.991867607,-6.87790445489,-23.9167662291)) ;
#9702=CARTESIAN_POINT('Control Point',(181.991867607,-6.73560288239,-24.0394050523)) ;
#9703=CARTESIAN_POINT('Control Point',(182.00686368,-6.57016364404,-24.1245692171)) ;
#9704=CARTESIAN_POINT('Control Point',(182.034643368,-6.39399553757,-24.1693748675)) ;
#9705=CARTESIAN_POINT('Control Point',(183.,-7.05592881801,-23.5979009096)) ;
#9706=CARTESIAN_POINT('Control Point',(183.,-6.98425201717,-23.764114575)) ;
#9707=CARTESIAN_POINT('Control Point',(183.,-6.87496733916,-23.9141104866)) ;
#9708=CARTESIAN_POINT('Control Point',(183.,-6.73291461236,-24.0364891827)) ;
#9709=CARTESIAN_POINT('Control Point',(183.,-6.56839786528,-24.122373723)) ;
#9710=CARTESIAN_POINT('Control Point',(183.,-6.39340726376,-24.1686644968)) ;
#9712=CARTESIAN_POINT('Control Point',(180.,-4.72950193802,-21.4856187116)) ;
#9713=CARTESIAN_POINT('Control Point',(180.,-4.73150900871,-21.4890784843)) ;
#9714=CARTESIAN_POINT('Control Point',(180.,-4.7335160794,-21.492538257)) ;
#9715=CARTESIAN_POINT('Control Point',(180.000018149,-4.73552528866,-21.4959976139)) ;
#9716=CARTESIAN_POINT('Control Point',(180.000745555,-4.81602099147,-21.6346405563)) ;
#9717=CARTESIAN_POINT('Control Point',(180.011190502,-4.89702805218,-21.7729604294)) ;
#9718=CARTESIAN_POINT('Control Point',(180.030607286,-4.97613123262,-21.9068914969)) ;
#9719=CARTESIAN_POINT('Control Point',(180.109190565,-5.19286315744,-22.27082068)) ;
#9720=CARTESIAN_POINT('Control Point',(180.256063186,-5.40445142698,-22.6182959051)) ;
#9721=CARTESIAN_POINT('Control Point',(180.376472011,-5.53484349064,-22.8294736275)) ;
#9722=CARTESIAN_POINT('Control Point',(180.665724133,-5.7799755861,-23.2216261222)) ;
#9723=CARTESIAN_POINT('Control Point',(181.046939412,-5.98986019099,-23.5501387631)) ;
#9724=CARTESIAN_POINT('Control Point',(181.256237769,-6.08294697951,-23.6943700717)) ;
#9725=CARTESIAN_POINT('Control Point',(181.706768245,-6.241832893,-23.9387586518)) ;
#9726=CARTESIAN_POINT('Control Point',(182.210931608,-6.34244703278,-24.0915986406)) ;
#9727=CARTESIAN_POINT('Control Point',(182.470693244,-6.37641845868,-24.1429708317)) ;
#9728=CARTESIAN_POINT('Control Point',(182.735346641,-6.39340726376,-24.1686644968)) ;
#9729=CARTESIAN_POINT('Control Point',(183.,-6.39340726376,-24.1686644968)) ;
#9737=CARTESIAN_POINT('Axis2P3D Location',(183.,-2.22044604925E-015,1.06581410364E-014)) ;
#9742=CARTESIAN_POINT('Axis2P3D Location',(180.,-2.22044604925E-015,1.06581410364E-014)) ;
#9746=CARTESIAN_POINT('Vertex',(180.,4.72950193802,-21.4856187116)) ;
#9750=CARTESIAN_POINT('Control Point',(180.,4.72950193802,-21.4856187116)) ;
#9751=CARTESIAN_POINT('Control Point',(180.,5.21452329106,-22.3216947122)) ;
#9752=CARTESIAN_POINT('Control Point',(180.351308411,5.7169332897,-23.144965123)) ;
#9753=CARTESIAN_POINT('Control Point',(181.062422798,6.16494430896,-23.8237637433)) ;
#9754=CARTESIAN_POINT('Control Point',(182.033368555,6.39340726376,-24.1686644968)) ;
#9755=CARTESIAN_POINT('Control Point',(183.,6.39340726376,-24.1686644968)) ;
#9765=CARTESIAN_POINT('Control Point',(180.,4.72950193802,-21.4856187116)) ;
#9766=CARTESIAN_POINT('Control Point',(180.,4.72950193802,-21.4856187116)) ;
#9767=CARTESIAN_POINT('Control Point',(180.,4.72950193802,-21.4856187116)) ;
#9768=CARTESIAN_POINT('Control Point',(180.,4.72950193802,-21.4856187116)) ;
#9769=CARTESIAN_POINT('Control Point',(180.,4.72950193802,-21.4856187116)) ;
#9770=CARTESIAN_POINT('Control Point',(180.,4.72950193802,-21.4856187116)) ;
#9771=CARTESIAN_POINT('Control Point',(180.000589614,5.21536517234,-22.3225604036)) ;
#9772=CARTESIAN_POINT('Control Point',(180.000195518,5.25804960973,-22.2910809733)) ;
#9773=CARTESIAN_POINT('Control Point',(179.999809069,5.3005084997,-22.2588762151)) ;
#9774=CARTESIAN_POINT('Control Point',(179.999809069,5.34251873233,-22.2259866158)) ;
#9775=CARTESIAN_POINT('Control Point',(180.000195518,5.38388295835,-22.1925935611)) ;
#9776=CARTESIAN_POINT('Control Point',(180.000589614,5.4245336367,-22.1589369358)) ;
#9777=CARTESIAN_POINT('Control Point',(180.351379962,5.71611254301,-23.1441988391)) ;
#9778=CARTESIAN_POINT('Control Point',(180.336079728,5.79517866138,-23.0724695261)) ;
#9779=CARTESIAN_POINT('Control Point',(180.329219247,5.87516911154,-23.0037914077)) ;
#9780=CARTESIAN_POINT('Control Point',(180.329219247,5.95686662308,-22.9377612336)) ;
#9781=CARTESIAN_POINT('Control Point',(180.336079728,6.04103768375,-22.8736843248)) ;
#9782=CARTESIAN_POINT('Control Point',(180.351379962,6.12818986983,-22.8107486507)) ;
#9783=CARTESIAN_POINT('Control Point',(181.060956532,6.16469275732,-23.8233475916)) ;
#9784=CARTESIAN_POINT('Control Point',(181.000050877,6.29876152729,-23.7574331747)) ;
#9785=CARTESIAN_POINT('Control Point',(180.967959581,6.42796958018,-23.6714131769)) ;
#9786=CARTESIAN_POINT('Control Point',(180.967959581,6.54815220815,-23.5696334211)) ;
#9787=CARTESIAN_POINT('Control Point',(181.000050877,6.65479874752,-23.4557468473)) ;
#9788=CARTESIAN_POINT('Control Point',(181.060956532,6.74270429793,-23.3330944659)) ;
#9789=CARTESIAN_POINT('Control Point',(182.03464359,6.39399549378,-24.1693747948)) ;
#9790=CARTESIAN_POINT('Control Point',(182.00686391,6.57016360466,-24.1245691497)) ;
#9791=CARTESIAN_POINT('Control Point',(181.991867842,6.73560284468,-24.0394049885)) ;
#9792=CARTESIAN_POINT('Control Point',(181.991867842,6.87790441451,-23.9167661675)) ;
#9793=CARTESIAN_POINT('Control Point',(182.00686391,6.9864909788,-23.7657902968)) ;
#9794=CARTESIAN_POINT('Control Point',(182.03464359,7.05670244024,-23.5983437074)) ;
#9795=CARTESIAN_POINT('Control Point',(183.,6.39340726376,-24.1686644968)) ;
#9796=CARTESIAN_POINT('Control Point',(183.,6.56839786528,-24.122373723)) ;
#9797=CARTESIAN_POINT('Control Point',(183.,6.73291461236,-24.0364891827)) ;
#9798=CARTESIAN_POINT('Control Point',(183.,6.87496733916,-23.9141104866)) ;
#9799=CARTESIAN_POINT('Control Point',(183.,6.98425201717,-23.764114575)) ;
#9800=CARTESIAN_POINT('Control Point',(183.,7.05592881801,-23.5979009096)) ;
#9802=CARTESIAN_POINT('Control Point',(180.,4.72950193802,-21.4856187116)) ;
#9803=CARTESIAN_POINT('Control Point',(180.,4.73237391438,-21.4884032764)) ;
#9804=CARTESIAN_POINT('Control Point',(180.,4.73524589075,-21.4911878412)) ;
#9805=CARTESIAN_POINT('Control Point',(180.000018149,4.73811895996,-21.4939700677)) ;
#9806=CARTESIAN_POINT('Control Point',(180.000745555,4.85325805791,-21.6055146307)) ;
#9807=CARTESIAN_POINT('Control Point',(180.011190502,4.96876259518,-21.7165163355)) ;
#9808=CARTESIAN_POINT('Control Point',(180.030607286,5.08120978277,-21.8237214368)) ;
#9809=CARTESIAN_POINT('Control Point',(180.109190554,5.38839820335,-22.11427823)) ;
#9810=CARTESIAN_POINT('Control Point',(180.256063145,5.68598643798,-22.3897078418)) ;
#9811=CARTESIAN_POINT('Control Point',(180.376472074,5.86851861021,-22.5563046901)) ;
#9812=CARTESIAN_POINT('Control Point',(180.665724018,6.21028607207,-22.8642999838)) ;
#9813=CARTESIAN_POINT('Control Point',(181.046938998,6.50086083438,-23.1201958162)) ;
#9814=CARTESIAN_POINT('Control Point',(181.256238266,6.62932704013,-23.2320929274)) ;
#9815=CARTESIAN_POINT('Control Point',(181.706768407,6.84810517165,-23.4211222051)) ;
#9816=CARTESIAN_POINT('Control Point',(182.21093135,6.9861194349,-23.5387210866)) ;
#9817=CARTESIAN_POINT('Control Point',(182.470693517,7.03265573406,-23.5781697722)) ;
#9818=CARTESIAN_POINT('Control Point',(182.735346777,7.05592881801,-23.5979009096)) ;
#9819=CARTESIAN_POINT('Control Point',(183.,7.05592881801,-23.5979009096)) ;
#9827=CARTESIAN_POINT('Axis2P3D Location',(183.,21.7480543348,-29.9336287919)) ;
#9832=CARTESIAN_POINT('Axis2P3D Location',(180.,21.7480543348,-29.9336287919)) ;
#9836=CARTESIAN_POINT('Vertex',(180.,18.9725412085,-11.1374449535)) ;
#9840=CARTESIAN_POINT('Control Point',(180.,18.9725412085,-11.1374449535)) ;
#9841=CARTESIAN_POINT('Control Point',(180.,19.3980472438,-12.0054482987)) ;
#9842=CARTESIAN_POINT('Control Point',(180.351309155,19.800584068,-12.8781279276)) ;
#9843=CARTESIAN_POINT('Control Point',(181.062423537,20.1076924685,-13.6235158454)) ;
#9844=CARTESIAN_POINT('Control Point',(182.033368066,20.2625355151,-14.0027394935)) ;
#9845=CARTESIAN_POINT('Control Point',(183.,20.2625355151,-14.0027394935)) ;
#9855=CARTESIAN_POINT('Control Point',(180.,18.9725412085,-11.1374449535)) ;
#9856=CARTESIAN_POINT('Control Point',(180.,18.9725412085,-11.1374449535)) ;
#9857=CARTESIAN_POINT('Control Point',(180.,18.9725412085,-11.1374449535)) ;
#9858=CARTESIAN_POINT('Control Point',(180.,18.9725412085,-11.1374449535)) ;
#9859=CARTESIAN_POINT('Control Point',(180.,18.9725412085,-11.1374449535)) ;
#9860=CARTESIAN_POINT('Control Point',(180.,18.9725412085,-11.1374449535)) ;
#9861=CARTESIAN_POINT('Control Point',(180.000589219,19.3981283795,-12.0065262903)) ;
#9862=CARTESIAN_POINT('Control Point',(180.000195133,19.4426994795,-11.9782656418)) ;
#9863=CARTESIAN_POINT('Control Point',(179.999808689,19.4872404091,-11.9492449321)) ;
#9864=CARTESIAN_POINT('Control Point',(179.999808689,19.5315021557,-11.9194542672)) ;
#9865=CARTESIAN_POINT('Control Point',(180.000195133,19.5752512301,-11.8890252843)) ;
#9866=CARTESIAN_POINT('Control Point',(180.000589219,19.6183801844,-11.8581576601)) ;
#9867=CARTESIAN_POINT('Control Point',(180.351381499,19.8005971667,-12.8771658275)) ;
#9868=CARTESIAN_POINT('Control Point',(180.336081207,19.8873841855,-12.8137273599)) ;
#9869=CARTESIAN_POINT('Control Point',(180.329220695,19.9743353592,-12.7534767412)) ;
#9870=CARTESIAN_POINT('Control Point',(180.329220695,20.0623798162,-12.6961821725)) ;
#9871=CARTESIAN_POINT('Control Point',(180.336081207,20.1524150846,-12.6413293532)) ;
#9872=CARTESIAN_POINT('Control Point',(180.351381499,20.2450665484,-12.5882984808)) ;
#9873=CARTESIAN_POINT('Control Point',(181.060956531,20.1074810294,-13.6230149291)) ;
#9874=CARTESIAN_POINT('Control Point',(181.000050914,20.2512946528,-13.5773134708)) ;
#9875=CARTESIAN_POINT('Control Point',(180.967959637,20.3925627808,-13.5110794914)) ;
#9876=CARTESIAN_POINT('Control Point',(180.967959637,20.5264995211,-13.4282307148)) ;
#9877=CARTESIAN_POINT('Control Point',(181.000050914,20.6482368492,-13.3319282165)) ;
#9878=CARTESIAN_POINT('Control Point',(181.060956531,20.752354678,-13.2247899365)) ;
#9879=CARTESIAN_POINT('Control Point',(182.034643368,20.2627176145,-14.0036121607)) ;
#9880=CARTESIAN_POINT('Control Point',(182.00686368,20.4436653254,-13.9885809225)) ;
#9881=CARTESIAN_POINT('Control Point',(181.991867607,20.6208070087,-13.9319630655)) ;
#9882=CARTESIAN_POINT('Control Point',(181.991867607,20.7814170649,-13.8345237082)) ;
#9883=CARTESIAN_POINT('Control Point',(182.00686368,20.9135365349,-13.7034988168)) ;
#9884=CARTESIAN_POINT('Control Point',(182.034643368,21.0105881796,-13.5497986986)) ;
#9885=CARTESIAN_POINT('Control Point',(183.,20.2625355151,-14.0027394935)) ;
#9886=CARTESIAN_POINT('Control Point',(183.,20.4427634543,-13.9859336523)) ;
#9887=CARTESIAN_POINT('Control Point',(183.,20.6191888661,-13.9283490329)) ;
#9888=CARTESIAN_POINT('Control Point',(183.,20.7794746291,-13.8310659583)) ;
#9889=CARTESIAN_POINT('Control Point',(183.,20.9119941515,-13.7011410165)) ;
#9890=CARTESIAN_POINT('Control Point',(183.,21.0100943634,-13.5490197004)) ;
#9892=CARTESIAN_POINT('Control Point',(180.,18.9725412085,-11.1374449535)) ;
#9893=CARTESIAN_POINT('Control Point',(180.,18.9752114289,-11.1404229197)) ;
#9894=CARTESIAN_POINT('Control Point',(180.,18.9778816493,-11.143400886)) ;
#9895=CARTESIAN_POINT('Control Point',(180.000018149,18.9805508135,-11.1463807576)) ;
#9896=CARTESIAN_POINT('Control Point',(180.000745555,19.0875335471,-11.2657797456)) ;
#9897=CARTESIAN_POINT('Control Point',(180.011190502,19.1940510051,-11.3855652302)) ;
#9898=CARTESIAN_POINT('Control Point',(180.030607286,19.2969827927,-11.5021838012)) ;
#9899=CARTESIAN_POINT('Control Point',(180.109190565,19.5761261658,-11.8207684129)) ;
#9900=CARTESIAN_POINT('Control Point',(180.256063186,19.8412103719,-12.1293765651)) ;
#9901=CARTESIAN_POINT('Control Point',(180.376472011,20.0017589572,-12.318644292)) ;
#9902=CARTESIAN_POINT('Control Point',(180.665724133,20.2989681594,-12.672960554)) ;
#9903=CARTESIAN_POINT('Control Point',(181.046939412,20.5465443374,-12.974088664)) ;
#9904=CARTESIAN_POINT('Control Point',(181.256237769,20.6549510637,-13.1071893863)) ;
#9905=CARTESIAN_POINT('Control Point',(181.706768245,20.8382799678,-13.3338190942)) ;
#9906=CARTESIAN_POINT('Control Point',(182.210931608,20.952547956,-13.4767389814)) ;
#9907=CARTESIAN_POINT('Control Point',(182.470693244,20.9909080652,-13.5249226075)) ;
#9908=CARTESIAN_POINT('Control Point',(182.735346641,21.0100943634,-13.5490197004)) ;
#9909=CARTESIAN_POINT('Control Point',(183.,21.0100943634,-13.5490197004)) ;
#9917=CARTESIAN_POINT('Axis2P3D Location',(183.,2.88657986403E-015,1.06581410364E-014)) ;
#9922=CARTESIAN_POINT('Axis2P3D Location',(180.,2.88657986403E-015,1.06581410364E-014)) ;
#9926=CARTESIAN_POINT('Vertex',(180.,21.895534156,-2.14139767955)) ;
#9930=CARTESIAN_POINT('Control Point',(180.,21.895534156,-2.14139767955)) ;
#9931=CARTESIAN_POINT('Control Point',(180.,22.8405695252,-1.93847665412)) ;
#9932=CARTESIAN_POINT('Control Point',(180.351308411,23.7787994419,-1.71506089857)) ;
#9933=CARTESIAN_POINT('Control Point',(181.062422798,24.5628183115,-1.49873740915)) ;
#9934=CARTESIAN_POINT('Control Point',(182.033368555,24.9614373563,-1.38803642133)) ;
#9935=CARTESIAN_POINT('Control Point',(183.,24.9614373563,-1.38803642133)) ;
#9945=CARTESIAN_POINT('Control Point',(180.,21.895534156,-2.14139767955)) ;
#9946=CARTESIAN_POINT('Control Point',(180.,21.895534156,-2.14139767955)) ;
#9947=CARTESIAN_POINT('Control Point',(180.,21.895534156,-2.14139767955)) ;
#9948=CARTESIAN_POINT('Control Point',(180.,21.895534156,-2.14139767955)) ;
#9949=CARTESIAN_POINT('Control Point',(180.,21.895534156,-2.14139767955)) ;
#9950=CARTESIAN_POINT('Control Point',(180.,21.895534156,-2.14139767955)) ;
#9951=CARTESIAN_POINT('Control Point',(180.000589614,22.8416530022,-1.93794349043)) ;
#9952=CARTESIAN_POINT('Control Point',(180.000195518,22.8249045015,-1.88762049918)) ;
#9953=CARTESIAN_POINT('Control Point',(179.999809069,22.8073964749,-1.83728787759)) ;
#9954=CARTESIAN_POINT('Control Point',(179.999809069,22.7890984831,-1.78717032698)) ;
#9955=CARTESIAN_POINT('Control Point',(180.000195518,22.7701220496,-1.73751158886)) ;
#9956=CARTESIAN_POINT('Control Point',(180.000589614,22.7506744473,-1.68845002715)) ;
#9957=CARTESIAN_POINT('Control Point',(180.351379962,23.7778170381,-1.71560468093)) ;
#9958=CARTESIAN_POINT('Control Point',(180.336079728,23.7340311818,-1.61824275716)) ;
#9959=CARTESIAN_POINT('Control Point',(180.329219247,23.6934328183,-1.52094461258)) ;
#9960=CARTESIAN_POINT('Control Point',(180.329219247,23.6558803103,-1.4228412159)) ;
#9961=CARTESIAN_POINT('Control Point',(180.336079728,23.6209498368,-1.32298892642)) ;
#9962=CARTESIAN_POINT('Control Point',(180.351379962,23.5880259604,-1.2206540791)) ;
#9963=CARTESIAN_POINT('Control Point',(181.060956532,24.5623447939,-1.49884805064)) ;
#9964=CARTESIAN_POINT('Control Point',(181.000050877,24.5410859865,-1.35097239831)) ;
#9965=CARTESIAN_POINT('Control Point',(180.967959581,24.4992035913,-1.20150659649)) ;
#9966=CARTESIAN_POINT('Control Point',(180.967959581,24.4395437657,-1.05575445076)) ;
#9967=CARTESIAN_POINT('Control Point',(181.000050877,24.3641867907,-0.919134677829)) ;
#9968=CARTESIAN_POINT('Control Point',(181.060956532,24.2747017532,-0.797629861032)) ;
#9969=CARTESIAN_POINT('Control Point',(182.03464359,24.962294663,-1.38769647558)) ;
#9970=CARTESIAN_POINT('Control Point',(182.00686391,24.9741209024,-1.20630493999)) ;
#9971=CARTESIAN_POINT('Control Point',(181.991867842,24.9442485086,-1.02264569961)) ;
#9972=CARTESIAN_POINT('Control Point',(181.991867842,24.8715856621,-0.849411384461)) ;
#9973=CARTESIAN_POINT('Control Point',(182.00686391,24.7615541702,-0.69948531514)) ;
#9974=CARTESIAN_POINT('Control Point',(182.03464359,24.623999535,-0.580966405446)) ;
#9975=CARTESIAN_POINT('Control Point',(183.,24.9614373563,-1.38803642133)) ;
#9976=CARTESIAN_POINT('Control Point',(183.,24.9714872839,-1.20730583366)) ;
#9977=CARTESIAN_POINT('Control Point',(183.,24.9406447029,-1.02430132681)) ;
#9978=CARTESIAN_POINT('Control Point',(183.,24.8681523533,-0.851384058494)) ;
#9979=CARTESIAN_POINT('Control Point',(183.,24.7592685869,-0.701096867586)) ;
#9980=CARTESIAN_POINT('Control Point',(183.,24.6233393468,-0.581565331751)) ;
#9982=CARTESIAN_POINT('Control Point',(180.,21.895534156,-2.14139767955)) ;
#9983=CARTESIAN_POINT('Control Point',(180.,21.899069924,-2.13952674556)) ;
#9984=CARTESIAN_POINT('Control Point',(180.,21.902605692,-2.13765581157)) ;
#9985=CARTESIAN_POINT('Control Point',(180.000018149,21.9061395739,-2.13578311566)) ;
#9986=CARTESIAN_POINT('Control Point',(180.000745555,22.0478046954,-2.06074849183)) ;
#9987=CARTESIAN_POINT('Control Point',(180.011190502,22.189066455,-1.98519856185)) ;
#9988=CARTESIAN_POINT('Control Point',(180.030607286,22.3257726572,-1.91138312992)) ;
#9989=CARTESIAN_POINT('Control Point',(180.109190554,22.6970350311,-1.70901656772)) ;
#9990=CARTESIAN_POINT('Control Point',(180.256063145,23.05094398,-1.5111057688)) ;
#9991=CARTESIAN_POINT('Control Point',(180.376472074,23.2657925414,-1.38898861429)) ;
#9992=CARTESIAN_POINT('Control Point',(180.665724018,23.6643254263,-1.15912422256)) ;
#9993=CARTESIAN_POINT('Control Point',(181.046938998,23.9974893649,-0.961847362409)) ;
#9994=CARTESIAN_POINT('Control Point',(181.256238266,24.1436080825,-0.874246849305)) ;
#9995=CARTESIAN_POINT('Control Point',(181.706768407,24.3909917694,-0.724589740926)) ;
#9996=CARTESIAN_POINT('Control Point',(182.21093135,24.5454837047,-0.629670429421)) ;
#9997=CARTESIAN_POINT('Control Point',(182.470693517,24.5973821415,-0.597602093117)) ;
#9998=CARTESIAN_POINT('Control Point',(182.735346777,24.6233393468,-0.581565331751)) ;
#9999=CARTESIAN_POINT('Control Point',(183.,24.6233393468,-0.581565331751)) ;
#10007=CARTESIAN_POINT('Axis2P3D Location',(183.,35.1890911029,11.4336287919)) ;
#10012=CARTESIAN_POINT('Axis2P3D Location',(180.,35.1890911029,11.4336287919)) ;
#10018=CARTESIAN_POINT('Control Point',(180.,16.4551772578,14.6022991825)) ;
#10019=CARTESIAN_POINT('Control Point',(180.,17.4121860914,14.7387516851)) ;
#10020=CARTESIAN_POINT('Control Point',(180.351309155,18.366544459,14.8519141191)) ;
#10021=CARTESIAN_POINT('Control Point',(181.062423537,19.1703522099,14.9136540304)) ;
#10022=CARTESIAN_POINT('Control Point',(182.033368066,19.5788644646,14.943731967)) ;
#10023=CARTESIAN_POINT('Control Point',(183.,19.5788644646,14.943731967)) ;
#10033=CARTESIAN_POINT('Control Point',(180.,16.4551772578,14.6022991825)) ;
#10034=CARTESIAN_POINT('Control Point',(180.,16.4551772578,14.6022991825)) ;
#10035=CARTESIAN_POINT('Control Point',(180.,16.4551772578,14.6022991825)) ;
#10036=CARTESIAN_POINT('Control Point',(180.,16.4551772578,14.6022991825)) ;
#10037=CARTESIAN_POINT('Control Point',(180.,16.4551772578,14.6022991825)) ;
#10038=CARTESIAN_POINT('Control Point',(180.,16.4551772578,14.6022991825)) ;
#10039=CARTESIAN_POINT('Control Point',(180.000589219,17.4132363946,14.7384957326)) ;
#10040=CARTESIAN_POINT('Control Point',(180.000195133,17.4001321481,14.7896183884)) ;
#10041=CARTESIAN_POINT('Control Point',(179.999808689,17.3862957172,14.8409472221)) ;
#10042=CARTESIAN_POINT('Control Point',(179.999808689,17.3716407432,14.8922484664)) ;
#10043=CARTESIAN_POINT('Control Point',(180.000195133,17.3562202682,14.9432593816)) ;
#10044=CARTESIAN_POINT('Control Point',(180.000589219,17.340190993,14.9938160751)) ;
#10045=CARTESIAN_POINT('Control Point',(180.351381499,18.3656334953,14.8522238812)) ;
#10046=CARTESIAN_POINT('Control Point',(180.336081207,18.3321185909,14.9543668054)) ;
#10047=CARTESIAN_POINT('Control Point',(180.329220695,18.3016862378,15.0556807509)) ;
#10048=CARTESIAN_POINT('Control Point',(180.329220695,18.2744030982,15.1571210008)) ;
#10049=CARTESIAN_POINT('Control Point',(180.336081207,18.250057395,15.2597000828)) ;
#10050=CARTESIAN_POINT('Control Point',(180.351381499,18.228252915,15.364204302)) ;
#10051=CARTESIAN_POINT('Control Point',(181.060956531,19.1698104718,14.9136077322)) ;
#10052=CARTESIAN_POINT('Control Point',(181.000050914,19.1707866558,15.064505143)) ;
#10053=CARTESIAN_POINT('Control Point',(180.967959637,19.1514486504,15.219326542)) ;
#10054=CARTESIAN_POINT('Control Point',(180.967959637,19.1140435105,15.3723096315)) ;
#10055=CARTESIAN_POINT('Control Point',(181.000050914,19.0600732953,15.5178478194)) ;
#10056=CARTESIAN_POINT('Control Point',(181.060956531,18.9903529145,15.6499773081)) ;
#10057=CARTESIAN_POINT('Control Point',(182.034643368,19.5797506922,14.9436354847)) ;
#10058=CARTESIAN_POINT('Control Point',(182.00686368,19.621371053,15.1203718922)) ;
#10059=CARTESIAN_POINT('Control Point',(181.991867607,19.6222640617,15.3063395244)) ;
#10060=CARTESIAN_POINT('Control Point',(181.991867607,19.5792249629,15.4891991823)) ;
#10061=CARTESIAN_POINT('Control Point',(182.00686368,19.4954400476,15.6553411834)) ;
#10062=CARTESIAN_POINT('Control Point',(182.034643368,19.3792531561,15.795138731)) ;
#10063=CARTESIAN_POINT('Control Point',(183.,19.5788644646,14.943731967)) ;
#10064=CARTESIAN_POINT('Control Point',(183.,19.6185746559,15.1203322135)) ;
#10065=CARTESIAN_POINT('Control Point',(183.,19.6183268789,15.3059173771)) ;
#10066=CARTESIAN_POINT('Control Point',(183.,19.5753362015,15.4884203198)) ;
#10067=CARTESIAN_POINT('Control Point',(183.,19.4927210235,15.6546028901)) ;
#10068=CARTESIAN_POINT('Control Point',(183.,19.3783596872,15.7949098077)) ;
#10075=CARTESIAN_POINT('Axis2P3D Location',(180.,6.,1.10218211923E-014)) ;
#10107=CARTESIAN_POINT('NONE',(0.,0.,0.)) ;
#10108=CARTESIAN_POINT('NONE',(-288.,1.42108547152E-014,-1.94389164719E-014)) ;
#10131=CARTESIAN_POINT('Axis2P3D Location',(1.2,0.,0.)) ;
#10136=CARTESIAN_POINT('Axis2P3D Location',(8.881784197E-016,0.,0.)) ;
#10140=CARTESIAN_POINT('Vertex',(8.881784197E-016,5.70428665229,3.11626600093)) ;
#10142=CARTESIAN_POINT('Vertex',(8.881784197E-016,-5.70428665229,-3.11626600093)) ;
#10145=CARTESIAN_POINT('Line Origine',(1.2,5.70428665229,3.11626600093)) ;
#10149=CARTESIAN_POINT('Vertex',(2.4,5.70428665229,3.11626600093)) ;
#10152=CARTESIAN_POINT('Axis2P3D Location',(2.4,0.,0.)) ;
#10156=CARTESIAN_POINT('Vertex',(2.4,-5.70428665229,-3.11626600093)) ;
#10159=CARTESIAN_POINT('Line Origine',(1.2,-5.70428665229,-3.11626600093)) ;
#10171=CARTESIAN_POINT('Axis2P3D Location',(8.881784197E-016,0.,0.)) ;
#10176=CARTESIAN_POINT('Axis2P3D Location',(2.4,0.,0.)) ;
#10188=CARTESIAN_POINT('Axis2P3D Location',(1.2,0.,0.)) ;
#10193=CARTESIAN_POINT('Axis2P3D Location',(2.4,0.,0.)) ;
#10197=CARTESIAN_POINT('Vertex',(2.4,10.3554742303,5.65722135553)) ;
#10199=CARTESIAN_POINT('Vertex',(2.4,-10.3554742303,-5.65722135553)) ;
#10202=CARTESIAN_POINT('Line Origine',(1.2,10.3554742303,5.65722135553)) ;
#10206=CARTESIAN_POINT('Vertex',(0.,10.3554742303,5.65722135553)) ;
#10209=CARTESIAN_POINT('Axis2P3D Location',(0.,0.,0.)) ;
#10213=CARTESIAN_POINT('Vertex',(0.,-10.3554742303,-5.65722135553)) ;
#10216=CARTESIAN_POINT('Line Origine',(1.2,-10.3554742303,-5.65722135553)) ;
#10228=CARTESIAN_POINT('Axis2P3D Location',(2.4,0.,0.)) ;
#10233=CARTESIAN_POINT('Axis2P3D Location',(0.,0.,0.)) ;
#10245=CARTESIAN_POINT('Axis2P3D Location',(2.4,11.8,0.)) ;
#10259=CARTESIAN_POINT('Axis2P3D Location',(0.,6.5,0.)) ;
#10282=CARTESIAN_POINT('NONE',(0.,0.,0.)) ;
#10283=CARTESIAN_POINT('NONE',(-258.,1.41135503285E-014,-1.95264902605E-014)) ;
#10305=CARTESIAN_POINT('Axis2P3D Location',(10.,0.,0.)) ;
#10310=CARTESIAN_POINT('Axis2P3D Location',(3.5527136788E-015,0.,0.)) ;
#10314=CARTESIAN_POINT('Vertex',(3.5527136788E-015,5.26549537134,2.87655323163)) ;
#10316=CARTESIAN_POINT('Vertex',(3.5527136788E-015,-5.26549537134,-2.87655323163)) ;
#10319=CARTESIAN_POINT('Line Origine',(10.,5.26549537134,2.87655323163)) ;
#10323=CARTESIAN_POINT('Vertex',(20.,5.26549537134,2.87655323163)) ;
#10326=CARTESIAN_POINT('Axis2P3D Location',(20.,0.,0.)) ;
#10330=CARTESIAN_POINT('Vertex',(20.,-5.26549537134,-2.87655323163)) ;
#10333=CARTESIAN_POINT('Line Origine',(10.,-5.26549537134,-2.87655323163)) ;
#10345=CARTESIAN_POINT('Axis2P3D Location',(3.5527136788E-015,0.,0.)) ;
#10350=CARTESIAN_POINT('Axis2P3D Location',(20.,0.,0.)) ;
#10362=CARTESIAN_POINT('Axis2P3D Location',(20.,11.4,0.)) ;
#10367=CARTESIAN_POINT('Axis2P3D Location',(20.,0.,0.)) ;
#10371=CARTESIAN_POINT('Vertex',(20.,-10.0044412056,-5.46545114009)) ;
#10373=CARTESIAN_POINT('Vertex',(20.,10.0044412056,5.46545114009)) ;
#10376=CARTESIAN_POINT('Axis2P3D Location',(20.,0.,0.)) ;
#10390=CARTESIAN_POINT('Axis2P3D Location',(10.,0.,0.)) ;
#10395=CARTESIAN_POINT('Line Origine',(16.,-10.0044412056,-5.46545114009)) ;
#10399=CARTESIAN_POINT('Vertex',(12.,-10.0044412056,-5.46545114009)) ;
#10402=CARTESIAN_POINT('Axis2P3D Location',(12.,0.,0.)) ;
#10406=CARTESIAN_POINT('Vertex',(12.,10.0044412056,5.46545114009)) ;
#10409=CARTESIAN_POINT('Line Origine',(16.,10.0044412056,5.46545114009)) ;
#10421=CARTESIAN_POINT('Axis2P3D Location',(12.,0.,0.)) ;
#10433=CARTESIAN_POINT('Axis2P3D Location',(12.,25.,0.)) ;
#10438=CARTESIAN_POINT('Axis2P3D Location',(12.,0.,0.)) ;
#10442=CARTESIAN_POINT('Vertex',(12.,19.3783596872,15.7949098077)) ;
#10444=CARTESIAN_POINT('Vertex',(12.,9.03360943049,23.3108108108)) ;
#10447=CARTESIAN_POINT('Axis2P3D Location',(12.,8.67226505327,22.3783783784)) ;
#10451=CARTESIAN_POINT('Vertex',(12.,8.16213181484,23.2384737679)) ;
#10454=CARTESIAN_POINT('Axis2P3D Location',(12.,0.,37.)) ;
#10458=CARTESIAN_POINT('Vertex',(12.,-8.16213181484,23.2384737679)) ;
#10461=CARTESIAN_POINT('Axis2P3D Location',(12.,-8.67226505327,22.3783783784)) ;
#10465=CARTESIAN_POINT('Vertex',(12.,-9.03360943049,23.3108108108)) ;
#10468=CARTESIAN_POINT('Axis2P3D Location',(12.,0.,0.)) ;
#10472=CARTESIAN_POINT('Vertex',(12.,-19.3783596872,15.7949098077)) ;
#10475=CARTESIAN_POINT('Axis2P3D Location',(12.,-18.6032252997,15.1631134154)) ;
#10479=CARTESIAN_POINT('Vertex',(12.,-19.5788644646,14.943731967)) ;
#10482=CARTESIAN_POINT('Axis2P3D Location',(12.,-35.1890911029,11.4336287919)) ;
#10486=CARTESIAN_POINT('Vertex',(12.,-24.6233393468,-0.581565331751)) ;
#10489=CARTESIAN_POINT('Axis2P3D Location',(12.,-23.9629798621,-1.33251496448)) ;
#10493=CARTESIAN_POINT('Vertex',(12.,-24.9614373563,-1.38803642133)) ;
#10496=CARTESIAN_POINT('Axis2P3D Location',(12.,0.,0.)) ;
#10500=CARTESIAN_POINT('Vertex',(12.,-21.9395640473,-11.9856384651)) ;
#10503=CARTESIAN_POINT('Axis2P3D Location',(12.,0.,0.)) ;
#10507=CARTESIAN_POINT('Vertex',(12.,-21.0100943634,-13.5490197004)) ;
#10510=CARTESIAN_POINT('Axis2P3D Location',(12.,-20.1696905888,-13.0070589124)) ;
#10514=CARTESIAN_POINT('Vertex',(12.,-20.2625355151,-14.0027394935)) ;
#10517=CARTESIAN_POINT('Axis2P3D Location',(12.,-21.7480543348,-29.9336287919)) ;
#10521=CARTESIAN_POINT('Vertex',(12.,-7.05592881801,-23.5979009096)) ;
#10524=CARTESIAN_POINT('Axis2P3D Location',(12.,-6.13767097321,-23.2019179169)) ;
#10528=CARTESIAN_POINT('Vertex',(12.,-6.39340726376,-24.1686644968)) ;
#10531=CARTESIAN_POINT('Axis2P3D Location',(12.,0.,0.)) ;
#10535=CARTESIAN_POINT('Vertex',(12.,6.39340726376,-24.1686644968)) ;
#10538=CARTESIAN_POINT('Axis2P3D Location',(12.,6.13767097321,-23.2019179169)) ;
#10542=CARTESIAN_POINT('Vertex',(12.,7.05592881801,-23.5979009096)) ;
#10545=CARTESIAN_POINT('Axis2P3D Location',(12.,21.7480543348,-29.9336287919)) ;
#10549=CARTESIAN_POINT('Vertex',(12.,20.2625355151,-14.0027394935)) ;
#10552=CARTESIAN_POINT('Axis2P3D Location',(12.,20.1696905888,-13.0070589124)) ;
#10556=CARTESIAN_POINT('Vertex',(12.,21.0100943634,-13.5490197004)) ;
#10559=CARTESIAN_POINT('Axis2P3D Location',(12.,0.,0.)) ;
#10563=CARTESIAN_POINT('Vertex',(12.,24.9614373563,-1.38803642133)) ;
#10566=CARTESIAN_POINT('Axis2P3D Location',(12.,23.9629798621,-1.33251496448)) ;
#10570=CARTESIAN_POINT('Vertex',(12.,24.6233393468,-0.581565331751)) ;
#10573=CARTESIAN_POINT('Axis2P3D Location',(12.,35.1890911029,11.4336287919)) ;
#10577=CARTESIAN_POINT('Vertex',(12.,19.5788644646,14.943731967)) ;
#10580=CARTESIAN_POINT('Axis2P3D Location',(12.,18.6032252997,15.1631134154)) ;
#10613=CARTESIAN_POINT('Axis2P3D Location',(6.,8.67226505327,22.3783783784)) ;
#10618=CARTESIAN_POINT('Line Origine',(6.,8.16213181484,23.2384737679)) ;
#10622=CARTESIAN_POINT('Vertex',(3.,8.16213181484,23.2384737679)) ;
#10625=CARTESIAN_POINT('Line Origine',(6.,9.03360943049,23.3108108108)) ;
#10629=CARTESIAN_POINT('Vertex',(3.,9.03360943049,23.3108108108)) ;
#10632=CARTESIAN_POINT('Axis2P3D Location',(3.,8.67226505327,22.3783783784)) ;
#10644=CARTESIAN_POINT('Axis2P3D Location',(10.6600000001,0.,37.)) ;
#10649=CARTESIAN_POINT('Axis2P3D Location',(3.,0.,37.)) ;
#10653=CARTESIAN_POINT('Vertex',(3.,-8.16213181484,23.2384737679)) ;
#10656=CARTESIAN_POINT('Line Origine',(10.6600000001,-8.16213181484,23.2384737679)) ;
#10668=CARTESIAN_POINT('Axis2P3D Location',(6.,-8.67226505327,22.3783783784)) ;
#10673=CARTESIAN_POINT('Line Origine',(6.,-9.03360943049,23.3108108108)) ;
#10677=CARTESIAN_POINT('Vertex',(3.,-9.03360943049,23.3108108108)) ;
#10680=CARTESIAN_POINT('Axis2P3D Location',(3.,-8.67226505327,22.3783783784)) ;
#10692=CARTESIAN_POINT('Axis2P3D Location',(10.,0.,0.)) ;
#10697=CARTESIAN_POINT('Line Origine',(6.,-19.3783596872,15.7949098077)) ;
#10701=CARTESIAN_POINT('Vertex',(3.,-19.3783596872,15.7949098077)) ;
#10704=CARTESIAN_POINT('Axis2P3D Location',(3.,0.,0.)) ;
#10716=CARTESIAN_POINT('Axis2P3D Location',(6.,-18.6032252997,15.1631134154)) ;
#10721=CARTESIAN_POINT('Line Origine',(6.,-19.5788644646,14.943731967)) ;
#10725=CARTESIAN_POINT('Vertex',(3.,-19.5788644646,14.943731967)) ;
#10728=CARTESIAN_POINT('Axis2P3D Location',(3.,-18.6032252997,15.1631134154)) ;
#10740=CARTESIAN_POINT('Line Origine',(6.,-21.9395640473,-11.9856384651)) ;
#10744=CARTESIAN_POINT('Vertex',(3.,-21.9395640473,-11.9856384651)) ;
#10747=CARTESIAN_POINT('Line Origine',(6.,-24.9614373563,-1.38803642133)) ;
#10751=CARTESIAN_POINT('Vertex',(3.,-24.9614373563,-1.38803642133)) ;
#10754=CARTESIAN_POINT('Axis2P3D Location',(3.,0.,0.)) ;
#10766=CARTESIAN_POINT('Axis2P3D Location',(10.6600000001,-35.1890911029,11.4336287919)) ;
#10771=CARTESIAN_POINT('Axis2P3D Location',(3.,-35.1890911029,11.4336287919)) ;
#10775=CARTESIAN_POINT('Vertex',(3.,-24.6233393468,-0.581565331751)) ;
#10778=CARTESIAN_POINT('Line Origine',(10.6600000001,-24.6233393468,-0.581565331751)) ;
#10790=CARTESIAN_POINT('Axis2P3D Location',(6.,-23.9629798621,-1.33251496448)) ;
#10795=CARTESIAN_POINT('Axis2P3D Location',(3.,-23.9629798621,-1.33251496448)) ;
#10807=CARTESIAN_POINT('Line Origine',(6.,-21.0100943634,-13.5490197004)) ;
#10811=CARTESIAN_POINT('Vertex',(3.,-21.0100943634,-13.5490197004)) ;
#10814=CARTESIAN_POINT('Axis2P3D Location',(3.,0.,0.)) ;
#10826=CARTESIAN_POINT('Axis2P3D Location',(6.,-20.1696905888,-13.0070589124)) ;
#10831=CARTESIAN_POINT('Line Origine',(6.,-20.2625355151,-14.0027394935)) ;
#10835=CARTESIAN_POINT('Vertex',(3.,-20.2625355151,-14.0027394935)) ;
#10838=CARTESIAN_POINT('Axis2P3D Location',(3.,-20.1696905888,-13.0070589124)) ;
#10850=CARTESIAN_POINT('Axis2P3D Location',(10.6600000001,-21.7480543348,-29.9336287919)) ;
#10855=CARTESIAN_POINT('Axis2P3D Location',(3.,-21.7480543348,-29.9336287919)) ;
#10859=CARTESIAN_POINT('Vertex',(3.,-7.05592881801,-23.5979009096)) ;
#10862=CARTESIAN_POINT('Line Origine',(10.6600000001,-7.05592881801,-23.5979009096)) ;
#10874=CARTESIAN_POINT('Axis2P3D Location',(6.,-6.13767097321,-23.2019179169)) ;
#10879=CARTESIAN_POINT('Line Origine',(6.,-6.39340726376,-24.1686644968)) ;
#10883=CARTESIAN_POINT('Vertex',(3.,-6.39340726376,-24.1686644968)) ;
#10886=CARTESIAN_POINT('Axis2P3D Location',(3.,-6.13767097321,-23.2019179169)) ;
#10898=CARTESIAN_POINT('Line Origine',(6.,6.39340726376,-24.1686644968)) ;
#10902=CARTESIAN_POINT('Vertex',(3.,6.39340726376,-24.1686644968)) ;
#10905=CARTESIAN_POINT('Axis2P3D Location',(3.,0.,0.)) ;
#10917=CARTESIAN_POINT('Axis2P3D Location',(6.,6.13767097321,-23.2019179169)) ;
#10922=CARTESIAN_POINT('Line Origine',(6.,7.05592881801,-23.5979009096)) ;
#10926=CARTESIAN_POINT('Vertex',(3.,7.05592881801,-23.5979009096)) ;
#10929=CARTESIAN_POINT('Axis2P3D Location',(3.,6.13767097321,-23.2019179169)) ;
#10941=CARTESIAN_POINT('Axis2P3D Location',(10.6600000001,21.7480543348,-29.9336287919)) ;
#10946=CARTESIAN_POINT('Axis2P3D Location',(3.,21.7480543348,-29.9336287919)) ;
#10950=CARTESIAN_POINT('Vertex',(3.,20.2625355151,-14.0027394935)) ;
#10953=CARTESIAN_POINT('Line Origine',(10.6600000001,20.2625355151,-14.0027394935)) ;
#10965=CARTESIAN_POINT('Axis2P3D Location',(6.,20.1696905888,-13.0070589124)) ;
#10970=CARTESIAN_POINT('Line Origine',(6.,21.0100943634,-13.5490197004)) ;
#10974=CARTESIAN_POINT('Vertex',(3.,21.0100943634,-13.5490197004)) ;
#10977=CARTESIAN_POINT('Axis2P3D Location',(3.,20.1696905888,-13.0070589124)) ;
#10989=CARTESIAN_POINT('Line Origine',(6.,24.9614373563,-1.38803642133)) ;
#10993=CARTESIAN_POINT('Vertex',(3.,24.9614373563,-1.38803642133)) ;
#10996=CARTESIAN_POINT('Axis2P3D Location',(3.,0.,0.)) ;
#11008=CARTESIAN_POINT('Axis2P3D Location',(6.,23.9629798621,-1.33251496448)) ;
#11013=CARTESIAN_POINT('Line Origine',(6.,24.6233393468,-0.581565331751)) ;
#11017=CARTESIAN_POINT('Vertex',(3.,24.6233393468,-0.581565331751)) ;
#11020=CARTESIAN_POINT('Axis2P3D Location',(3.,23.9629798621,-1.33251496448)) ;
#11032=CARTESIAN_POINT('Line Origine',(6.,19.3783596872,15.7949098077)) ;
#11036=CARTESIAN_POINT('Vertex',(3.,19.3783596872,15.7949098077)) ;
#11039=CARTESIAN_POINT('Axis2P3D Location',(3.,0.,0.)) ;
#11051=CARTESIAN_POINT('Axis2P3D Location',(10.6600000001,35.1890911029,11.4336287919)) ;
#11056=CARTESIAN_POINT('Axis2P3D Location',(3.,35.1890911029,11.4336287919)) ;
#11060=CARTESIAN_POINT('Vertex',(3.,19.5788644646,14.943731967)) ;
#11063=CARTESIAN_POINT('Line Origine',(10.6600000001,19.5788644646,14.943731967)) ;
#11075=CARTESIAN_POINT('Axis2P3D Location',(0.,6.,0.)) ;
#11080=CARTESIAN_POINT('Axis2P3D Location',(0.,-8.881784197E-016,3.88578058619E-015)) ;
#11084=CARTESIAN_POINT('Vertex',(0.,21.895534156,-2.14139767955)) ;
#11086=CARTESIAN_POINT('Vertex',(0.,18.9725412085,-11.1374449535)) ;
#11089=CARTESIAN_POINT('Axis2P3D Location',(0.,21.7480543348,-29.9336287919)) ;
#11093=CARTESIAN_POINT('Vertex',(0.,4.72950193802,-21.4856187116)) ;
#11096=CARTESIAN_POINT('Axis2P3D Location',(0.,-2.6645352591E-015,-5.10702591328E-015)) ;
#11100=CARTESIAN_POINT('Vertex',(0.,-4.72950193802,-21.4856187116)) ;
#11103=CARTESIAN_POINT('Axis2P3D Location',(0.,-21.7480543348,-29.9336287919)) ;
#11107=CARTESIAN_POINT('Vertex',(0.,-18.9725412085,-11.1374449535)) ;
#11110=CARTESIAN_POINT('Axis2P3D Location',(0.,0.,-1.11022302463E-015)) ;
#11114=CARTESIAN_POINT('Vertex',(0.,-19.3068161953,-10.5473621537)) ;
#11117=CARTESIAN_POINT('Axis2P3D Location',(0.,8.881784197E-016,-2.22044604925E-016)) ;
#11121=CARTESIAN_POINT('Vertex',(0.,-21.895534156,-2.14139767955)) ;
#11124=CARTESIAN_POINT('Axis2P3D Location',(0.,-35.1890911029,11.4336287919)) ;
#11128=CARTESIAN_POINT('Vertex',(0.,-16.4551772578,14.6022991825)) ;
#11131=CARTESIAN_POINT('Axis2P3D Location',(0.,0.,-3.10862446895E-015)) ;
#11135=CARTESIAN_POINT('Vertex',(0.,-8.80268237225,20.1621621622)) ;
#11138=CARTESIAN_POINT('Axis2P3D Location',(0.,-1.7763568394E-015,37.)) ;
#11142=CARTESIAN_POINT('Vertex',(0.,8.80268237225,20.1621621622)) ;
#11145=CARTESIAN_POINT('Axis2P3D Location',(0.,8.881784197E-016,2.22044604925E-015)) ;
#11149=CARTESIAN_POINT('Vertex',(0.,16.4551772578,14.6022991825)) ;
#11152=CARTESIAN_POINT('Axis2P3D Location',(0.,35.1890911029,11.4336287919)) ;
#11175=CARTESIAN_POINT('Axis2P3D Location',(6.,18.6032252997,15.1631134154)) ;
#11180=CARTESIAN_POINT('Axis2P3D Location',(3.,18.6032252997,15.1631134154)) ;
#11192=CARTESIAN_POINT('Axis2P3D Location',(3.,-2.22044604925E-016,1.7763568394E-015)) ;
#11198=CARTESIAN_POINT('Control Point',(2.22044604925E-016,18.9725412085,-11.1374449535)) ;
#11199=CARTESIAN_POINT('Control Point',(2.37169225231E-016,19.6178172227,-11.8570897286)) ;
#11200=CARTESIAN_POINT('Control Point',(0.351309155006,20.2455413793,-12.5893154328)) ;
#11201=CARTESIAN_POINT('Control Point',(1.06242353681,20.7526728939,-13.225158021)) ;
#11202=CARTESIAN_POINT('Control Point',(2.03336806633,21.0100943634,-13.5490197004)) ;
#11203=CARTESIAN_POINT('Control Point',(3.,21.0100943634,-13.5490197004)) ;
#11206=CARTESIAN_POINT('Control Point',(1.11022302463E-016,21.895534156,-2.14139767955)) ;
#11207=CARTESIAN_POINT('Control Point',(-8.47032947254E-016,22.8405695252,-1.93847665408)) ;
#11208=CARTESIAN_POINT('Control Point',(0.351308410588,23.7787994419,-1.71506089864)) ;
#11209=CARTESIAN_POINT('Control Point',(1.06242279804,24.5628183115,-1.49873740912)) ;
#11210=CARTESIAN_POINT('Control Point',(2.0333685553,24.9614373563,-1.38803642133)) ;
#11211=CARTESIAN_POINT('Control Point',(3.,24.9614373563,-1.38803642133)) ;
#11220=CARTESIAN_POINT('Axis2P3D Location',(3.,35.1890911029,11.4336287919)) ;
#11226=CARTESIAN_POINT('Control Point',(-1.11022302463E-016,21.895534156,-2.14139767955)) ;
#11227=CARTESIAN_POINT('Control Point',(2.94767465644E-015,22.7499749028,-1.68927462306)) ;
#11228=CARTESIAN_POINT('Control Point',(0.351308410516,23.5885813233,-1.21986775762)) ;
#11229=CARTESIAN_POINT('Control Point',(1.0624227981,24.2751669799,-0.797349022873)) ;
#11230=CARTESIAN_POINT('Control Point',(2.0333685553,24.6233393468,-0.581565331751)) ;
#11231=CARTESIAN_POINT('Control Point',(3.,24.6233393468,-0.581565331751)) ;
#11234=CARTESIAN_POINT('Control Point',(1.11022302463E-016,16.4551772578,14.6022991825)) ;
#11235=CARTESIAN_POINT('Control Point',(2.27004829864E-015,17.4121860914,14.7387516851)) ;
#11236=CARTESIAN_POINT('Control Point',(0.351309154948,18.3665444591,14.8519141192)) ;
#11237=CARTESIAN_POINT('Control Point',(1.06242353687,19.1703522099,14.9136540303)) ;
#11238=CARTESIAN_POINT('Control Point',(2.03336806632,19.5788644646,14.943731967)) ;
#11239=CARTESIAN_POINT('Control Point',(3.,19.5788644646,14.943731967)) ;
#11248=CARTESIAN_POINT('Axis2P3D Location',(3.,-2.22044604925E-016,2.22044604925E-015)) ;
#11254=CARTESIAN_POINT('Control Point',(-2.22044604925E-016,16.4551772578,14.6022991825)) ;
#11255=CARTESIAN_POINT('Control Point',(2.03287907341E-016,17.3390013652,14.9936106753)) ;
#11256=CARTESIAN_POINT('Control Point',(0.351309155037,18.2293668243,15.3643416384)) ;
#11257=CARTESIAN_POINT('Control Point',(1.0624235368,18.990801318,15.6501662045)) ;
#11258=CARTESIAN_POINT('Control Point',(2.03336806632,19.3783596872,15.7949098077)) ;
#11259=CARTESIAN_POINT('Control Point',(3.,19.3783596872,15.7949098077)) ;
#11262=CARTESIAN_POINT('Control Point',(-2.22044604925E-016,8.80268237225,20.1621621622)) ;
#11263=CARTESIAN_POINT('Control Point',(-1.35525271561E-016,8.90172499806,21.1236502537)) ;
#11264=CARTESIAN_POINT('Control Point',(0.351308410634,8.9791729769,22.0849991947)) ;
#11265=CARTESIAN_POINT('Control Point',(1.06242279803,9.01571226712,22.8974930843)) ;
#11266=CARTESIAN_POINT('Control Point',(2.0333685553,9.03360943049,23.3108108108)) ;
#11267=CARTESIAN_POINT('Control Point',(3.,9.03360943049,23.3108108108)) ;
#11276=CARTESIAN_POINT('Axis2P3D Location',(3.,0.,37.)) ;
#11282=CARTESIAN_POINT('Control Point',(1.11022302463E-016,8.80268237225,20.1621621622)) ;
#11283=CARTESIAN_POINT('Control Point',(-5.55653613399E-015,8.63672450466,21.11449731)) ;
#11284=CARTESIAN_POINT('Control Point',(0.351308410551,8.449435682,22.0571141099)) ;
#11285=CARTESIAN_POINT('Control Point',(1.0624227981,8.259763122,22.8406613417)) ;
#11286=CARTESIAN_POINT('Control Point',(2.0333685553,8.16213181484,23.2384737679)) ;
#11287=CARTESIAN_POINT('Control Point',(3.,8.16213181484,23.2384737679)) ;
#11290=CARTESIAN_POINT('Control Point',(0.,-8.80268237225,20.1621621622)) ;
#11291=CARTESIAN_POINT('Control Point',(-4.70950318673E-015,-8.63672442068,21.1144977919)) ;
#11292=CARTESIAN_POINT('Control Point',(0.351309154933,-8.44943533671,22.0571156511)) ;
#11293=CARTESIAN_POINT('Control Point',(1.06242353689,-8.25976322632,22.8406609327)) ;
#11294=CARTESIAN_POINT('Control Point',(2.03336806634,-8.16213181484,23.2384737679)) ;
#11295=CARTESIAN_POINT('Control Point',(3.,-8.16213181484,23.2384737679)) ;
#11304=CARTESIAN_POINT('Axis2P3D Location',(3.,8.65973959208E-015,2.6645352591E-015)) ;
#11310=CARTESIAN_POINT('Control Point',(0.,-8.80268237225,20.1621621622)) ;
#11311=CARTESIAN_POINT('Control Point',(-1.25360876194E-015,-8.90172504813,21.1236507399)) ;
#11312=CARTESIAN_POINT('Control Point',(0.351309155005,-8.97917308832,22.0850007802)) ;
#11313=CARTESIAN_POINT('Control Point',(1.06242353683,-9.01571220588,22.897492665)) ;
#11314=CARTESIAN_POINT('Control Point',(2.03336806634,-9.03360943049,23.3108108108)) ;
#11315=CARTESIAN_POINT('Control Point',(3.,-9.03360943049,23.3108108108)) ;
#11318=CARTESIAN_POINT('Control Point',(0.,-16.4551772578,14.6022991825)) ;
#11319=CARTESIAN_POINT('Control Point',(-1.76182853029E-015,-17.3390009181,14.9936104773)) ;
#11320=CARTESIAN_POINT('Control Point',(0.351308410643,-18.2293653511,15.3643410425)) ;
#11321=CARTESIAN_POINT('Control Point',(1.06242279798,-18.9908016977,15.6501663923)) ;
#11322=CARTESIAN_POINT('Control Point',(2.0333685553,-19.3783596872,15.7949098077)) ;
#11323=CARTESIAN_POINT('Control Point',(3.,-19.3783596872,15.7949098077)) ;
#11332=CARTESIAN_POINT('Axis2P3D Location',(3.,-35.1890911029,11.4336287919)) ;
#11338=CARTESIAN_POINT('Control Point',(0.,-16.4551772578,14.6022991825)) ;
#11339=CARTESIAN_POINT('Control Point',(3.48977574269E-015,-17.4121856073,14.7387516161)) ;
#11340=CARTESIAN_POINT('Control Point',(0.351308410558,-18.3665428863,14.8519139712)) ;
#11341=CARTESIAN_POINT('Control Point',(1.06242279805,-19.1703526313,14.9136540576)) ;
#11342=CARTESIAN_POINT('Control Point',(2.0333685553,-19.5788644646,14.943731967)) ;
#11343=CARTESIAN_POINT('Control Point',(3.,-19.5788644646,14.943731967)) ;
#11346=CARTESIAN_POINT('Control Point',(-2.22044604925E-016,-21.895534156,-2.14139767955)) ;
#11347=CARTESIAN_POINT('Control Point',(4.20128341838E-015,-22.7499753349,-1.68927439439)) ;
#11348=CARTESIAN_POINT('Control Point',(0.35130915496,-23.5885826828,-1.21986695286)) ;
#11349=CARTESIAN_POINT('Control Point',(1.06242353685,-24.2751666229,-0.797349248504)) ;
#11350=CARTESIAN_POINT('Control Point',(2.03336806632,-24.6233393468,-0.581565331751)) ;
#11351=CARTESIAN_POINT('Control Point',(3.,-24.6233393468,-0.581565331751)) ;
#11360=CARTESIAN_POINT('Axis2P3D Location',(3.,-21.7480543348,-29.9336287919)) ;
#11366=CARTESIAN_POINT('Control Point',(0.,-18.9725412085,-11.1374449535)) ;
#11367=CARTESIAN_POINT('Control Point',(-2.54448697355E-014,-19.3980470284,-12.0054478596)) ;
#11368=CARTESIAN_POINT('Control Point',(0.351308410535,-19.8005834415,-12.8781264777)) ;
#11369=CARTESIAN_POINT('Control Point',(1.0624227981,-20.1076926245,-13.6235162377)) ;
#11370=CARTESIAN_POINT('Control Point',(2.0333685553,-20.2625355151,-14.0027394935)) ;
#11371=CARTESIAN_POINT('Control Point',(3.,-20.2625355151,-14.0027394935)) ;
#11374=CARTESIAN_POINT('Control Point',(2.22044604925E-016,-4.72950193802,-21.4856187116)) ;
#11375=CARTESIAN_POINT('Control Point',(-2.45639554704E-014,-5.4235335794,-22.1585267838)) ;
#11376=CARTESIAN_POINT('Control Point',(0.351309154918,-6.12911050773,-22.8110348901)) ;
#11377=CARTESIAN_POINT('Control Point',(1.06242353689,-6.7431148292,-23.333449869)) ;
#11378=CARTESIAN_POINT('Control Point',(2.03336806633,-7.05592881801,-23.5979009096)) ;
#11379=CARTESIAN_POINT('Control Point',(3.,-7.05592881801,-23.5979009096)) ;
#11388=CARTESIAN_POINT('Axis2P3D Location',(3.,-9.10382880193E-015,-1.7763568394E-015)) ;
#11394=CARTESIAN_POINT('Control Point',(-2.22044604925E-016,-4.72950193802,-21.4856187116)) ;
#11395=CARTESIAN_POINT('Control Point',(-1.76182853029E-015,-5.21452353641,-22.3216951353)) ;
#11396=CARTESIAN_POINT('Control Point',(0.351309155008,-5.7169341313,-23.1449664708)) ;
#11397=CARTESIAN_POINT('Control Point',(1.06242353682,-6.16494411215,-23.8237633681)) ;
#11398=CARTESIAN_POINT('Control Point',(2.03336806633,-6.39340726376,-24.1686644968)) ;
#11399=CARTESIAN_POINT('Control Point',(3.,-6.39340726376,-24.1686644968)) ;
#11402=CARTESIAN_POINT('Control Point',(0.,4.72950193802,-21.4856187116)) ;
#11403=CARTESIAN_POINT('Control Point',(-2.23616698075E-015,5.214523291,-22.3216947123)) ;
#11404=CARTESIAN_POINT('Control Point',(0.351308410611,5.71693328975,-23.1449651228)) ;
#11405=CARTESIAN_POINT('Control Point',(1.06242279802,6.16494430893,-23.8237637433)) ;
#11406=CARTESIAN_POINT('Control Point',(2.03336855531,6.39340726376,-24.1686644968)) ;
#11407=CARTESIAN_POINT('Control Point',(3.,6.39340726376,-24.1686644968)) ;
#11416=CARTESIAN_POINT('Axis2P3D Location',(3.,21.7480543348,-29.9336287919)) ;
#11422=CARTESIAN_POINT('Control Point',(-1.11022302463E-016,4.72950193802,-21.4856187116)) ;
#11423=CARTESIAN_POINT('Control Point',(4.8111471404E-015,5.42353322839,-22.1585264434)) ;
#11424=CARTESIAN_POINT('Control Point',(0.351308410529,6.12910932229,-22.8110338458)) ;
#11425=CARTESIAN_POINT('Control Point',(1.06242279808,6.74311515407,-23.3334501388)) ;
#11426=CARTESIAN_POINT('Control Point',(2.03336855531,7.05592881801,-23.5979009096)) ;
#11427=CARTESIAN_POINT('Control Point',(3.,7.05592881801,-23.5979009096)) ;
#11430=CARTESIAN_POINT('Control Point',(2.22044604925E-016,18.9725412085,-11.1374449535)) ;
#11431=CARTESIAN_POINT('Control Point',(3.59141969636E-015,19.3980472437,-12.0054482987)) ;
#11432=CARTESIAN_POINT('Control Point',(0.351309154932,19.8005840682,-12.8781279276)) ;
#11433=CARTESIAN_POINT('Control Point',(1.06242353687,20.1076924684,-13.6235158454)) ;
#11434=CARTESIAN_POINT('Control Point',(2.03336806633,20.2625355151,-14.0027394935)) ;
#11435=CARTESIAN_POINT('Control Point',(3.,20.2625355151,-14.0027394935)) ;
#11445=CARTESIAN_POINT('Control Point',(1.11022302463E-016,4.72950193802,-21.4856187116)) ;
#11446=CARTESIAN_POINT('Control Point',(0.,4.72950193802,-21.4856187116)) ;
#11447=CARTESIAN_POINT('Control Point',(1.11022302463E-016,4.72950193802,-21.4856187116)) ;
#11448=CARTESIAN_POINT('Control Point',(0.,4.72950193802,-21.4856187116)) ;
#11449=CARTESIAN_POINT('Control Point',(0.,4.72950193802,-21.4856187116)) ;
#11450=CARTESIAN_POINT('Control Point',(-1.11022302463E-016,4.72950193802,-21.4856187116)) ;
#11451=CARTESIAN_POINT('Control Point',(0.00058961384498,5.21536517219,-22.3225604038)) ;
#11452=CARTESIAN_POINT('Control Point',(0.000195518210189,5.25804960957,-22.2910809735)) ;
#11453=CARTESIAN_POINT('Control Point',(-0.000190931096562,5.30050849953,-22.2588762152)) ;
#11454=CARTESIAN_POINT('Control Point',(-0.000190931096602,5.34251873215,-22.225986616)) ;
#11455=CARTESIAN_POINT('Control Point',(0.00019551821006,5.38388295816,-22.1925935612)) ;
#11456=CARTESIAN_POINT('Control Point',(0.000589613844767,5.42453363649,-22.1589369359)) ;
#11457=CARTESIAN_POINT('Control Point',(0.351379961806,5.71611254324,-23.1441988388)) ;
#11458=CARTESIAN_POINT('Control Point',(0.336079727846,5.79517866162,-23.0724695258)) ;
#11459=CARTESIAN_POINT('Control Point',(0.329219246519,5.87516911179,-23.0037914075)) ;
#11460=CARTESIAN_POINT('Control Point',(0.329219246519,5.95686662335,-22.9377612333)) ;
#11461=CARTESIAN_POINT('Control Point',(0.336079727847,6.04103768403,-22.8736843245)) ;
#11462=CARTESIAN_POINT('Control Point',(0.351379961807,6.12818987014,-22.8107486505)) ;
#11463=CARTESIAN_POINT('Control Point',(1.06095653154,6.16469275713,-23.8233475918)) ;
#11464=CARTESIAN_POINT('Control Point',(1.00005087675,6.29876152709,-23.7574331749)) ;
#11465=CARTESIAN_POINT('Control Point',(0.967959580657,6.42796957997,-23.6714131771)) ;
#11466=CARTESIAN_POINT('Control Point',(0.967959580657,6.54815220792,-23.5696334212)) ;
#11467=CARTESIAN_POINT('Control Point',(1.00005087675,6.65479874728,-23.4557468475)) ;
#11468=CARTESIAN_POINT('Control Point',(1.06095653154,6.74270429769,-23.3330944661)) ;
#11469=CARTESIAN_POINT('Control Point',(2.03464358987,6.39399549383,-24.1693747948)) ;
#11470=CARTESIAN_POINT('Control Point',(2.00686391034,6.57016360472,-24.1245691496)) ;
#11471=CARTESIAN_POINT('Control Point',(1.99186784248,6.73560284475,-24.0394049885)) ;
#11472=CARTESIAN_POINT('Control Point',(1.99186784248,6.87790441458,-23.9167661674)) ;
#11473=CARTESIAN_POINT('Control Point',(2.00686391034,6.98649097888,-23.7657902968)) ;
#11474=CARTESIAN_POINT('Control Point',(2.03464358987,7.05670244031,-23.5983437074)) ;
#11475=CARTESIAN_POINT('Control Point',(3.,6.39340726376,-24.1686644968)) ;
#11476=CARTESIAN_POINT('Control Point',(3.,6.56839786528,-24.122373723)) ;
#11477=CARTESIAN_POINT('Control Point',(3.,6.73291461236,-24.0364891827)) ;
#11478=CARTESIAN_POINT('Control Point',(3.,6.87496733916,-23.9141104866)) ;
#11479=CARTESIAN_POINT('Control Point',(3.,6.98425201717,-23.764114575)) ;
#11480=CARTESIAN_POINT('Control Point',(3.,7.05592881801,-23.5979009096)) ;
#11488=CARTESIAN_POINT('Control Point',(0.,-4.72950193802,-21.4856187116)) ;
#11489=CARTESIAN_POINT('Control Point',(2.22044604925E-016,-4.72950193802,-21.4856187116)) ;
#11490=CARTESIAN_POINT('Control Point',(-2.22044604925E-016,-4.72950193802,-21.4856187116)) ;
#11491=CARTESIAN_POINT('Control Point',(2.22044604925E-016,-4.72950193802,-21.4856187116)) ;
#11492=CARTESIAN_POINT('Control Point',(0.,-4.72950193802,-21.4856187116)) ;
#11493=CARTESIAN_POINT('Control Point',(1.11022302463E-016,-4.72950193802,-21.4856187116)) ;
#11494=CARTESIAN_POINT('Control Point',(0.000589218528074,-5.42453373743,-22.1589370668)) ;
#11495=CARTESIAN_POINT('Control Point',(0.000195132516583,-5.38388303618,-22.1925936812)) ;
#11496=CARTESIAN_POINT('Control Point',(-0.000191311432137,-5.342518797,-22.2259867301)) ;
#11497=CARTESIAN_POINT('Control Point',(-0.000191311432134,-5.30050855914,-22.2588763309)) ;
#11498=CARTESIAN_POINT('Control Point',(0.000195132516563,-5.25804966923,-22.2910811004)) ;
#11499=CARTESIAN_POINT('Control Point',(0.000589218528043,-5.2153652343,-22.3225605531)) ;
#11500=CARTESIAN_POINT('Control Point',(0.351381498931,-6.12819144952,-22.8107500415)) ;
#11501=CARTESIAN_POINT('Control Point',(0.33608120668,-6.04103921777,-22.8736858365)) ;
#11502=CARTESIAN_POINT('Control Point',(0.329220694686,-5.95686808389,-22.9377628517)) ;
#11503=CARTESIAN_POINT('Control Point',(0.329220694686,-5.87517047741,-23.0037931107)) ;
#11504=CARTESIAN_POINT('Control Point',(0.33608120668,-5.79517991812,-23.072471286)) ;
#11505=CARTESIAN_POINT('Control Point',(0.35138149893,-5.7161136844,-23.1442006235)) ;
#11506=CARTESIAN_POINT('Control Point',(1.06095653105,-6.74270376689,-23.3330939875)) ;
#11507=CARTESIAN_POINT('Control Point',(1.0000509137,-6.65479824361,-23.4557463439)) ;
#11508=CARTESIAN_POINT('Control Point',(0.967959636852,-6.5481517336,-23.5696328924)) ;
#11509=CARTESIAN_POINT('Control Point',(0.967959636852,-6.42796913591,-23.6714126221)) ;
#11510=CARTESIAN_POINT('Control Point',(1.0000509137,-6.29876111412,-23.7574325928)) ;
#11511=CARTESIAN_POINT('Control Point',(1.06095653105,-6.16469237634,-23.8233469831)) ;
#11512=CARTESIAN_POINT('Control Point',(2.03464336809,-7.05670250221,-23.5983437653)) ;
#11513=CARTESIAN_POINT('Control Point',(2.00686367967,-6.98649102745,-23.7657903567)) ;
#11514=CARTESIAN_POINT('Control Point',(1.99186760734,-6.87790445507,-23.9167662289)) ;
#11515=CARTESIAN_POINT('Control Point',(1.99186760734,-6.73560288255,-24.0394050521)) ;
#11516=CARTESIAN_POINT('Control Point',(2.00686367967,-6.57016364419,-24.1245692169)) ;
#11517=CARTESIAN_POINT('Control Point',(2.03464336809,-6.39399553771,-24.1693748674)) ;
#11518=CARTESIAN_POINT('Control Point',(3.,-7.05592881801,-23.5979009096)) ;
#11519=CARTESIAN_POINT('Control Point',(3.,-6.98425201717,-23.764114575)) ;
#11520=CARTESIAN_POINT('Control Point',(3.,-6.87496733916,-23.9141104866)) ;
#11521=CARTESIAN_POINT('Control Point',(3.,-6.73291461236,-24.0364891827)) ;
#11522=CARTESIAN_POINT('Control Point',(3.,-6.56839786528,-24.122373723)) ;
#11523=CARTESIAN_POINT('Control Point',(3.,-6.39340726376,-24.1686644968)) ;
#11531=CARTESIAN_POINT('Control Point',(1.11022302463E-016,-18.9725412085,-11.1374449535)) ;
#11532=CARTESIAN_POINT('Control Point',(1.11022302463E-016,-18.9725412085,-11.1374449535)) ;
#11533=CARTESIAN_POINT('Control Point',(0.,-18.9725412085,-11.1374449535)) ;
#11534=CARTESIAN_POINT('Control Point',(-2.22044604925E-016,-18.9725412085,-11.1374449535)) ;
#11535=CARTESIAN_POINT('Control Point',(-1.11022302463E-016,-18.9725412085,-11.1374449535)) ;
#11536=CARTESIAN_POINT('Control Point',(1.11022302463E-016,-18.9725412085,-11.1374449535)) ;
#11537=CARTESIAN_POINT('Control Point',(0.000589613841333,-19.6183800623,-11.8581575546)) ;
#11538=CARTESIAN_POINT('Control Point',(0.000195518206749,-19.5752511284,-11.889025188)) ;
#11539=CARTESIAN_POINT('Control Point',(-0.000190931099882,-19.5315020647,-11.9194541744)) ;
#11540=CARTESIAN_POINT('Control Point',(-0.000190931099907,-19.4872403212,-11.9492448348)) ;
#11541=CARTESIAN_POINT('Control Point',(0.00019551820667,-19.44269939,-11.97826553)) ;
#11542=CARTESIAN_POINT('Control Point',(0.000589613841203,-19.3981282868,-12.0065261534)) ;
#11543=CARTESIAN_POINT('Control Point',(0.351379961822,-20.2450652025,-12.5882968445)) ;
#11544=CARTESIAN_POINT('Control Point',(0.336079727861,-20.1524137977,-12.6413276149)) ;
#11545=CARTESIAN_POINT('Control Point',(0.329219246533,-20.0623786173,-12.6961803481)) ;
#11546=CARTESIAN_POINT('Control Point',(0.329219246533,-19.9743342704,-12.7534748528)) ;
#11547=CARTESIAN_POINT('Control Point',(0.336079727862,-19.8873832206,-12.8137254348)) ;
#11548=CARTESIAN_POINT('Control Point',(0.351379961822,-19.800596331,-12.8771638965)) ;
#11549=CARTESIAN_POINT('Control Point',(1.06095653155,-20.7523551401,-13.2247904864)) ;
#11550=CARTESIAN_POINT('Control Point',(1.00005087676,-20.648237276,-13.3319287887)) ;
#11551=CARTESIAN_POINT('Control Point',(0.967959580666,-20.5264999124,-13.4282313082)) ;
#11552=CARTESIAN_POINT('Control Point',(0.967959580666,-20.3925631379,-13.5110801054)) ;
#11553=CARTESIAN_POINT('Control Point',(1.00005087676,-20.2512949768,-13.5773141049)) ;
#11554=CARTESIAN_POINT('Control Point',(1.06095653155,-20.1074813212,-13.6230155812)) ;
#11555=CARTESIAN_POINT('Control Point',(2.03464358987,-21.0105881238,-13.5497986346)) ;
#11556=CARTESIAN_POINT('Control Point',(2.00686391034,-20.9135364829,-13.7034987586)) ;
#11557=CARTESIAN_POINT('Control Point',(1.99186784248,-20.7814170158,-13.8345236528)) ;
#11558=CARTESIAN_POINT('Control Point',(1.99186784248,-20.6208069625,-13.9319630082)) ;
#11559=CARTESIAN_POINT('Control Point',(2.00686391034,-20.4436652832,-13.9885808579)) ;
#11560=CARTESIAN_POINT('Control Point',(2.03464358987,-20.2627175784,-14.0036120841)) ;
#11561=CARTESIAN_POINT('Control Point',(3.,-21.0100943634,-13.5490197004)) ;
#11562=CARTESIAN_POINT('Control Point',(3.,-20.9119941515,-13.7011410165)) ;
#11563=CARTESIAN_POINT('Control Point',(3.,-20.7794746291,-13.8310659583)) ;
#11564=CARTESIAN_POINT('Control Point',(3.,-20.6191888661,-13.9283490329)) ;
#11565=CARTESIAN_POINT('Control Point',(3.,-20.4427634543,-13.9859336523)) ;
#11566=CARTESIAN_POINT('Control Point',(3.,-20.2625355151,-14.0027394935)) ;
#11568=CARTESIAN_POINT('Control Point',(0.,-18.9725412085,-11.1374449535)) ;
#11569=CARTESIAN_POINT('Control Point',(-6.98584342553E-019,-18.9752114289,-11.1404229197)) ;
#11570=CARTESIAN_POINT('Control Point',(-1.39381035811E-018,-18.9778816493,-11.143400886)) ;
#11571=CARTESIAN_POINT('Control Point',(1.81494722204E-005,-18.9805508135,-11.1463807576)) ;
#11572=CARTESIAN_POINT('Control Point',(0.000745555009389,-19.0875335471,-11.2657797456)) ;
#11573=CARTESIAN_POINT('Control Point',(0.0111905022991,-19.1940510056,-11.3855652299)) ;
#11574=CARTESIAN_POINT('Control Point',(0.0306072859939,-19.2969827927,-11.5021838012)) ;
#11575=CARTESIAN_POINT('Control Point',(0.109190554493,-19.5761261276,-11.8207683692)) ;
#11576=CARTESIAN_POINT('Control Point',(0.256063145419,-19.8412102991,-12.1293764805)) ;
#11577=CARTESIAN_POINT('Control Point',(0.376472073626,-20.0017590219,-12.3186443691)) ;
#11578=CARTESIAN_POINT('Control Point',(0.665724018172,-20.2989680252,-12.6729603947)) ;
#11579=CARTESIAN_POINT('Control Point',(1.04693899845,-20.546544069,-12.9740883376)) ;
#11580=CARTESIAN_POINT('Control Point',(1.25623826575,-20.6549512657,-13.107189636)) ;
#11581=CARTESIAN_POINT('Control Point',(1.70676840745,-20.8382799838,-13.3338191149)) ;
#11582=CARTESIAN_POINT('Control Point',(2.21093135019,-20.9525478975,-13.4767389082)) ;
#11583=CARTESIAN_POINT('Control Point',(2.47069351712,-20.990908085,-13.5249226323)) ;
#11584=CARTESIAN_POINT('Control Point',(2.73534677743,-21.0100943634,-13.5490197004)) ;
#11585=CARTESIAN_POINT('Control Point',(3.,-21.0100943634,-13.5490197004)) ;
#11594=CARTESIAN_POINT('Control Point',(0.,-21.895534156,-2.14139767955)) ;
#11595=CARTESIAN_POINT('Control Point',(-1.11022302463E-016,-21.895534156,-2.14139767955)) ;
#11596=CARTESIAN_POINT('Control Point',(-1.11022302463E-016,-21.895534156,-2.14139767955)) ;
#11597=CARTESIAN_POINT('Control Point',(0.,-21.895534156,-2.14139767955)) ;
#11598=CARTESIAN_POINT('Control Point',(1.11022302463E-016,-21.895534156,-2.14139767955)) ;
#11599=CARTESIAN_POINT('Control Point',(0.,-21.895534156,-2.14139767955)) ;
#11600=CARTESIAN_POINT('Control Point',(0.000589218513747,-22.7506746029,-1.68844997156)) ;
#11601=CARTESIAN_POINT('Control Point',(0.000195132502165,-22.7701221878,-1.73751155173)) ;
#11602=CARTESIAN_POINT('Control Point',(-0.000191311446555,-22.7890986116,-1.78717030054)) ;
#11603=CARTESIAN_POINT('Control Point',(-0.000191311446509,-22.8073966033,-1.83728785661)) ;
#11604=CARTESIAN_POINT('Control Point',(0.000195132502327,-22.8249046407,-1.88762048164)) ;
#11605=CARTESIAN_POINT('Control Point',(0.000589218514011,-22.8416531634,-1.93794347747)) ;
#11606=CARTESIAN_POINT('Control Point',(0.351381498983,-23.5880277714,-1.22065300691)) ;
#11607=CARTESIAN_POINT('Control Point',(0.336081206732,-23.6209517487,-1.32298793502)) ;
#11608=CARTESIAN_POINT('Control Point',(0.329220694737,-23.6558823008,-1.42284032702)) ;
#11609=CARTESIAN_POINT('Control Point',(0.329220694737,-23.6934348602,-1.52094384019)) ;
#11610=CARTESIAN_POINT('Control Point',(0.336081206732,-23.7340332442,-1.61824210613)) ;
#11611=CARTESIAN_POINT('Control Point',(0.351381498982,-23.7778190882,-1.71560414721)) ;
#11612=CARTESIAN_POINT('Control Point',(1.06095653101,-24.274701134,-0.797630217928)) ;
#11613=CARTESIAN_POINT('Control Point',(1.00005091366,-24.3641861562,-0.919135001201)) ;
#11614=CARTESIAN_POINT('Control Point',(0.967959636811,-24.4395431162,-1.05575473842)) ;
#11615=CARTESIAN_POINT('Control Point',(0.967959636811,-24.4992029262,-1.20150684729)) ;
#11616=CARTESIAN_POINT('Control Point',(1.00005091366,-24.5410853053,-1.35097261118)) ;
#11617=CARTESIAN_POINT('Control Point',(1.06095653101,-24.5623440973,-1.49884822466)) ;
#11618=CARTESIAN_POINT('Control Point',(2.03464336808,-24.6239996092,-0.580966364486)) ;
#11619=CARTESIAN_POINT('Control Point',(2.00686367965,-24.7615542422,-0.69948528748)) ;
#11620=CARTESIAN_POINT('Control Point',(1.99186760732,-24.8715857331,-0.849411364975)) ;
#11621=CARTESIAN_POINT('Control Point',(1.99186760732,-24.9442485808,-1.02264568333)) ;
#11622=CARTESIAN_POINT('Control Point',(2.00686367965,-24.9741209785,-1.20630492325)) ;
#11623=CARTESIAN_POINT('Control Point',(2.03464336807,-24.9622947456,-1.38769645631)) ;
#11624=CARTESIAN_POINT('Control Point',(3.,-24.6233393468,-0.581565331751)) ;
#11625=CARTESIAN_POINT('Control Point',(3.,-24.7592685869,-0.701096867586)) ;
#11626=CARTESIAN_POINT('Control Point',(3.,-24.8681523533,-0.851384058494)) ;
#11627=CARTESIAN_POINT('Control Point',(3.,-24.9406447029,-1.02430132681)) ;
#11628=CARTESIAN_POINT('Control Point',(3.,-24.9714872839,-1.20730583366)) ;
#11629=CARTESIAN_POINT('Control Point',(3.,-24.9614373563,-1.38803642133)) ;
#11631=CARTESIAN_POINT('Control Point',(0.,-21.895534156,-2.14139767955)) ;
#11632=CARTESIAN_POINT('Control Point',(-6.99172049845E-019,-21.8994448144,-2.14055797045)) ;
#11633=CARTESIAN_POINT('Control Point',(-1.39851201602E-018,-21.9033554727,-2.13971826135)) ;
#11634=CARTESIAN_POINT('Control Point',(1.81494722207E-005,-21.9072663964,-2.13887638987)) ;
#11635=CARTESIAN_POINT('Control Point',(0.000745555009391,-22.0639982104,-2.10516345253)) ;
#11636=CARTESIAN_POINT('Control Point',(0.0111905022991,-22.2205807855,-2.07086435108)) ;
#11637=CARTESIAN_POINT('Control Point',(0.0306072859939,-22.372401027,-2.03701973173)) ;
#11638=CARTESIAN_POINT('Control Point',(0.109190565272,-22.7854920961,-1.94335572469)) ;
#11639=CARTESIAN_POINT('Control Point',(0.256063185714,-23.1813450443,-1.84949907186)) ;
#11640=CARTESIAN_POINT('Control Point',(0.376472010661,-23.4224803568,-1.79074635508)) ;
#11641=CARTESIAN_POINT('Control Point',(0.665724133445,-23.8711895257,-1.67879366361)) ;
#11642=CARTESIAN_POINT('Control Point',(1.04693941166,-24.2484815233,-1.58069753136)) ;
#11643=CARTESIAN_POINT('Control Point',(1.25623776933,-24.4144190488,-1.53673666003)) ;
#11644=CARTESIAN_POINT('Control Point',(1.70676824507,-24.6959448478,-1.46114740114)) ;
#11645=CARTESIAN_POINT('Control Point',(2.21093160842,-24.8723957941,-1.41268782181)) ;
#11646=CARTESIAN_POINT('Control Point',(2.4706932442,-24.9317513992,-1.39625395594)) ;
#11647=CARTESIAN_POINT('Control Point',(2.73534664097,-24.9614373563,-1.38803642133)) ;
#11648=CARTESIAN_POINT('Control Point',(3.,-24.9614373563,-1.38803642133)) ;
#11657=CARTESIAN_POINT('Control Point',(1.11022302463E-016,-16.4551772578,14.6022991825)) ;
#11658=CARTESIAN_POINT('Control Point',(0.,-16.4551772578,14.6022991825)) ;
#11659=CARTESIAN_POINT('Control Point',(0.,-16.4551772578,14.6022991825)) ;
#11660=CARTESIAN_POINT('Control Point',(0.,-16.4551772578,14.6022991825)) ;
#11661=CARTESIAN_POINT('Control Point',(0.,-16.4551772578,14.6022991825)) ;
#11662=CARTESIAN_POINT('Control Point',(2.22044604925E-016,-16.4551772578,14.6022991825)) ;
#11663=CARTESIAN_POINT('Control Point',(0.000589613833685,-17.3401908549,14.9938159911)) ;
#11664=CARTESIAN_POINT('Control Point',(0.000195518198808,-17.3562201453,14.9432593143)) ;
#11665=CARTESIAN_POINT('Control Point',(-0.000190931107948,-17.3716406269,14.8922484082)) ;
#11666=CARTESIAN_POINT('Control Point',(-0.000190931107959,-17.3862955976,14.8409471683)) ;
#11667=CARTESIAN_POINT('Control Point',(0.000195518198806,-17.4001320142,14.7896183374)) ;
#11668=CARTESIAN_POINT('Control Point',(0.000589613833677,-17.4132362359,14.7384956864)) ;
#11669=CARTESIAN_POINT('Control Point',(0.35137996185,-18.2282509428,15.3642035283)) ;
#11670=CARTESIAN_POINT('Control Point',(0.33607972789,-18.250055344,15.2596993968)) ;
#11671=CARTESIAN_POINT('Control Point',(0.329219246562,-18.2744009925,15.157120425)) ;
#11672=CARTESIAN_POINT('Control Point',(0.329219246562,-18.3016841051,15.0556802995)) ;
#11673=CARTESIAN_POINT('Control Point',(0.33607972789,-18.3321164617,14.9543664832)) ;
#11674=CARTESIAN_POINT('Control Point',(0.35137996185,-18.3656314003,14.8522236836)) ;
#11675=CARTESIAN_POINT('Control Point',(1.0609565315,-18.9903535803,15.6499775772)) ;
#11676=CARTESIAN_POINT('Control Point',(1.00005087672,-19.0600739714,15.5178480479)) ;
#11677=CARTESIAN_POINT('Control Point',(0.967959580624,-19.1140441959,15.3723098199)) ;
#11678=CARTESIAN_POINT('Control Point',(0.967959580624,-19.1514493448,15.2193266915)) ;
#11679=CARTESIAN_POINT('Control Point',(1.00005087672,-19.1707873591,15.0645052548)) ;
#11680=CARTESIAN_POINT('Control Point',(1.0609565315,-19.1698111823,14.9136078077)) ;
#11681=CARTESIAN_POINT('Control Point',(2.03464358986,-19.379253078,15.7951386978)) ;
#11682=CARTESIAN_POINT('Control Point',(2.00686391033,-19.4954399761,15.655341152)) ;
#11683=CARTESIAN_POINT('Control Point',(1.99186784246,-19.5792248949,15.4891991529)) ;
#11684=CARTESIAN_POINT('Control Point',(1.99186784246,-19.6222639928,15.3063394983)) ;
#11685=CARTESIAN_POINT('Control Point',(2.00686391033,-19.6213709785,15.1203718722)) ;
#11686=CARTESIAN_POINT('Control Point',(2.03464358986,-19.5797506082,14.9436354741)) ;
#11687=CARTESIAN_POINT('Control Point',(3.,-19.3783596872,15.7949098077)) ;
#11688=CARTESIAN_POINT('Control Point',(3.,-19.4927210235,15.6546028901)) ;
#11689=CARTESIAN_POINT('Control Point',(3.,-19.5753362015,15.4884203198)) ;
#11690=CARTESIAN_POINT('Control Point',(3.,-19.6183268789,15.3059173771)) ;
#11691=CARTESIAN_POINT('Control Point',(3.,-19.6185746559,15.1203322135)) ;
#11692=CARTESIAN_POINT('Control Point',(3.,-19.5788644646,14.943731967)) ;
#11700=CARTESIAN_POINT('Control Point',(1.11022302463E-016,-8.80268237225,20.1621621622)) ;
#11701=CARTESIAN_POINT('Control Point',(1.11022302463E-016,-8.80268237225,20.1621621622)) ;
#11702=CARTESIAN_POINT('Control Point',(1.11022302463E-016,-8.80268237225,20.1621621622)) ;
#11703=CARTESIAN_POINT('Control Point',(0.,-8.80268237225,20.1621621622)) ;
#11704=CARTESIAN_POINT('Control Point',(1.11022302463E-016,-8.80268237225,20.1621621622)) ;
#11705=CARTESIAN_POINT('Control Point',(0.,-8.80268237225,20.1621621622)) ;
#11706=CARTESIAN_POINT('Control Point',(0.000589218518265,-8.63615643322,21.1154175958)) ;
#11707=CARTESIAN_POINT('Control Point',(0.000195132507155,-8.688826403,21.1187524862)) ;
#11708=CARTESIAN_POINT('Control Point',(-0.000191311441353,-8.74191871709,21.1214547403)) ;
#11709=CARTESIAN_POINT('Control Point',(-0.000191311441319,-8.79523773577,21.123369988)) ;
#11710=CARTESIAN_POINT('Control Point',(0.000195132507243,-8.84851718787,21.1244674845)) ;
#11711=CARTESIAN_POINT('Control Point',(0.000589218518415,-8.90155277912,21.1248456152)) ;
#11712=CARTESIAN_POINT('Control Point',(0.351381498949,-8.45001144224,22.056344995)) ;
#11713=CARTESIAN_POINT('Control Point',(0.336081206698,-8.55751181098,22.0560343264)) ;
#11714=CARTESIAN_POINT('Control Point',(0.329220694703,-8.66327121329,22.0583991696)) ;
#11715=CARTESIAN_POINT('Control Point',(0.329220694703,-8.76817757778,22.0637981231)) ;
#11716=CARTESIAN_POINT('Control Point',(0.336081206698,-8.87325931823,22.0723426631)) ;
#11717=CARTESIAN_POINT('Control Point',(0.35138149895,-8.97938669174,22.0838989502)) ;
#11718=CARTESIAN_POINT('Control Point',(1.06095653105,-8.25988659958,22.8401314021)) ;
#11719=CARTESIAN_POINT('Control Point',(1.00005091371,-8.40309690806,22.8876896726)) ;
#11720=CARTESIAN_POINT('Control Point',(0.967959636857,-8.55631658071,22.9171405799)) ;
#11721=CARTESIAN_POINT('Control Point',(0.967959636857,-8.71337096879,22.9288405524)) ;
#11722=CARTESIAN_POINT('Control Point',(1.00005091371,-8.8684637244,22.9224856007)) ;
#11723=CARTESIAN_POINT('Control Point',(1.06095653105,-9.0156711182,22.8970078357)) ;
#11724=CARTESIAN_POINT('Control Point',(2.03464336809,-8.16176619559,23.2392868058)) ;
#11725=CARTESIAN_POINT('Control Point',(2.00686367967,-8.31699110887,23.3334846745)) ;
#11726=CARTESIAN_POINT('Control Point',(1.99186760734,-8.49358088243,23.3918011351)) ;
#11727=CARTESIAN_POINT('Control Point',(1.99186760734,-8.68079056456,23.4073752615)) ;
#11728=CARTESIAN_POINT('Control Point',(2.00686367967,-8.86469196,23.3790317737)) ;
#11729=CARTESIAN_POINT('Control Point',(2.03464336809,-9.03355105258,23.3117312915)) ;
#11730=CARTESIAN_POINT('Control Point',(3.,-8.16213181484,23.2384737679)) ;
#11731=CARTESIAN_POINT('Control Point',(3.,-8.31781750611,23.3308128815)) ;
#11732=CARTESIAN_POINT('Control Point',(3.,-8.49439605256,23.387926201)) ;
#11733=CARTESIAN_POINT('Control Point',(3.,-8.68125151538,23.403436148)) ;
#11734=CARTESIAN_POINT('Control Point',(3.,-8.86483002581,23.3762176829)) ;
#11735=CARTESIAN_POINT('Control Point',(3.,-9.03360943049,23.3108108108)) ;
#11743=CARTESIAN_POINT('Control Point',(-1.11022302463E-016,8.80268237225,20.1621621622)) ;
#11744=CARTESIAN_POINT('Control Point',(1.11022302463E-016,8.80268237225,20.1621621622)) ;
#11745=CARTESIAN_POINT('Control Point',(0.,8.80268237225,20.1621621622)) ;
#11746=CARTESIAN_POINT('Control Point',(0.,8.80268237225,20.1621621622)) ;
#11747=CARTESIAN_POINT('Control Point',(0.,8.80268237225,20.1621621622)) ;
#11748=CARTESIAN_POINT('Control Point',(1.11022302463E-016,8.80268237225,20.1621621622)) ;
#11749=CARTESIAN_POINT('Control Point',(0.000589613828856,8.90155274256,21.1248454581)) ;
#11750=CARTESIAN_POINT('Control Point',(0.000195518194569,8.84851716247,21.1244673469)) ;
#11751=CARTESIAN_POINT('Control Point',(-0.000190931111863,8.79523771697,21.1233698595)) ;
#11752=CARTESIAN_POINT('Control Point',(-0.000190931111812,8.74191870344,21.1214546099)) ;
#11753=CARTESIAN_POINT('Control Point',(0.000195518194731,8.68882639651,21.1187523431)) ;
#11754=CARTESIAN_POINT('Control Point',(0.000589613829122,8.63615643894,21.1154174305)) ;
#11755=CARTESIAN_POINT('Control Point',(0.351379961855,8.97938656432,22.0838968352)) ;
#11756=CARTESIAN_POINT('Control Point',(0.336079727893,8.87325929856,22.0723405004)) ;
#11757=CARTESIAN_POINT('Control Point',(0.329219246565,8.76817767985,22.0637959424)) ;
#11758=CARTESIAN_POINT('Control Point',(0.329219246565,8.66327144202,22.0583970018)) ;
#11759=CARTESIAN_POINT('Control Point',(0.336079727893,8.55751216151,22.0560322018)) ;
#11760=CARTESIAN_POINT('Control Point',(0.351379961855,8.45001190079,22.0563429416)) ;
#11761=CARTESIAN_POINT('Control Point',(1.06095653154,9.01567116909,22.8970085522)) ;
#11762=CARTESIAN_POINT('Control Point',(1.00005087675,8.86846373358,22.9224863145)) ;
#11763=CARTESIAN_POINT('Control Point',(0.967959580657,8.7133709369,22.9288412624)) ;
#11764=CARTESIAN_POINT('Control Point',(0.967959580657,8.55631650898,22.9171412865)) ;
#11765=CARTESIAN_POINT('Control Point',(1.00005087675,8.40309679776,22.887690376)) ;
#11766=CARTESIAN_POINT('Control Point',(1.06095653154,8.25988645263,22.8401321011)) ;
#11767=CARTESIAN_POINT('Control Point',(2.03464358986,9.03355104502,23.3117312069)) ;
#11768=CARTESIAN_POINT('Control Point',(2.00686391033,8.86469195203,23.379031696)) ;
#11769=CARTESIAN_POINT('Control Point',(1.99186784247,8.68079055736,23.4073751878)) ;
#11770=CARTESIAN_POINT('Control Point',(1.99186784247,8.49358087866,23.3918010615)) ;
#11771=CARTESIAN_POINT('Control Point',(2.00686391033,8.31699111257,23.3334845975)) ;
#11772=CARTESIAN_POINT('Control Point',(2.03464358987,8.16176621126,23.2392867226)) ;
#11773=CARTESIAN_POINT('Control Point',(3.,9.03360943049,23.3108108108)) ;
#11774=CARTESIAN_POINT('Control Point',(3.,8.86483002581,23.3762176829)) ;
#11775=CARTESIAN_POINT('Control Point',(3.,8.68125151538,23.403436148)) ;
#11776=CARTESIAN_POINT('Control Point',(3.,8.49439605256,23.387926201)) ;
#11777=CARTESIAN_POINT('Control Point',(3.,8.31781750611,23.3308128815)) ;
#11778=CARTESIAN_POINT('Control Point',(3.,8.16213181484,23.2384737679)) ;
#11786=CARTESIAN_POINT('Control Point',(0.,16.4551772578,14.6022991825)) ;
#11787=CARTESIAN_POINT('Control Point',(1.11022302463E-016,16.4551772578,14.6022991825)) ;
#11788=CARTESIAN_POINT('Control Point',(-1.11022302463E-016,16.4551772578,14.6022991825)) ;
#11789=CARTESIAN_POINT('Control Point',(0.,16.4551772578,14.6022991825)) ;
#11790=CARTESIAN_POINT('Control Point',(0.,16.4551772578,14.6022991825)) ;
#11791=CARTESIAN_POINT('Control Point',(-2.22044604925E-016,16.4551772578,14.6022991825)) ;
#11792=CARTESIAN_POINT('Control Point',(0.000589218514352,17.4132363945,14.7384957328)) ;
#11793=CARTESIAN_POINT('Control Point',(0.000195132502929,17.400132148,14.7896183886)) ;
#11794=CARTESIAN_POINT('Control Point',(-0.000191311445729,17.3862957171,14.8409472223)) ;
#11795=CARTESIAN_POINT('Control Point',(-0.000191311445691,17.3716407431,14.8922484666)) ;
#11796=CARTESIAN_POINT('Control Point',(0.000195132503015,17.3562202682,14.9432593818)) ;
#11797=CARTESIAN_POINT('Control Point',(0.000589218514497,17.3401909929,14.9938160753)) ;
#11798=CARTESIAN_POINT('Control Point',(0.351381498978,18.3656334955,14.8522238808)) ;
#11799=CARTESIAN_POINT('Control Point',(0.336081206727,18.3321185911,14.9543668051)) ;
#11800=CARTESIAN_POINT('Control Point',(0.329220694732,18.3016862379,15.0556807505)) ;
#11801=CARTESIAN_POINT('Control Point',(0.329220694731,18.2744030984,15.1571210005)) ;
#11802=CARTESIAN_POINT('Control Point',(0.336081206726,18.2500573951,15.2597000825)) ;
#11803=CARTESIAN_POINT('Control Point',(0.351381498977,18.2282529151,15.3642043017)) ;
#11804=CARTESIAN_POINT('Control Point',(1.06095653102,19.1698104717,14.9136077324)) ;
#11805=CARTESIAN_POINT('Control Point',(1.00005091368,19.1707866557,15.0645051433)) ;
#11806=CARTESIAN_POINT('Control Point',(0.967959636828,19.1514486503,15.2193265423)) ;
#11807=CARTESIAN_POINT('Control Point',(0.967959636828,19.1140435105,15.3723096318)) ;
#11808=CARTESIAN_POINT('Control Point',(1.00005091368,19.0600732952,15.5178478196)) ;
#11809=CARTESIAN_POINT('Control Point',(1.06095653102,18.9903529145,15.6499773084)) ;
#11810=CARTESIAN_POINT('Control Point',(2.03464336808,19.5797506923,14.9436354846)) ;
#11811=CARTESIAN_POINT('Control Point',(2.00686367965,19.621371053,15.1203718922)) ;
#11812=CARTESIAN_POINT('Control Point',(1.99186760733,19.6222640617,15.3063395244)) ;
#11813=CARTESIAN_POINT('Control Point',(1.99186760733,19.5792249629,15.4891991822)) ;
#11814=CARTESIAN_POINT('Control Point',(2.00686367965,19.4954400476,15.6553411833)) ;
#11815=CARTESIAN_POINT('Control Point',(2.03464336808,19.3792531561,15.7951387309)) ;
#11816=CARTESIAN_POINT('Control Point',(3.,19.5788644646,14.943731967)) ;
#11817=CARTESIAN_POINT('Control Point',(3.,19.6185746559,15.1203322135)) ;
#11818=CARTESIAN_POINT('Control Point',(3.,19.6183268789,15.3059173771)) ;
#11819=CARTESIAN_POINT('Control Point',(3.,19.5753362015,15.4884203198)) ;
#11820=CARTESIAN_POINT('Control Point',(3.,19.4927210235,15.6546028901)) ;
#11821=CARTESIAN_POINT('Control Point',(3.,19.3783596872,15.7949098077)) ;
#11829=CARTESIAN_POINT('Control Point',(1.11022302463E-016,21.895534156,-2.14139767955)) ;
#11830=CARTESIAN_POINT('Control Point',(0.,21.895534156,-2.14139767955)) ;
#11831=CARTESIAN_POINT('Control Point',(2.22044604925E-016,21.895534156,-2.14139767955)) ;
#11832=CARTESIAN_POINT('Control Point',(0.,21.895534156,-2.14139767955)) ;
#11833=CARTESIAN_POINT('Control Point',(0.,21.895534156,-2.14139767955)) ;
#11834=CARTESIAN_POINT('Control Point',(1.11022302463E-016,21.895534156,-2.14139767955)) ;
#11835=CARTESIAN_POINT('Control Point',(0.000589613859446,22.8416530022,-1.9379434904)) ;
#11836=CARTESIAN_POINT('Control Point',(0.000195518224362,22.8249045015,-1.88762049914)) ;
#11837=CARTESIAN_POINT('Control Point',(-0.00019093108257,22.8073964749,-1.83728787756)) ;
#11838=CARTESIAN_POINT('Control Point',(-0.000190931082665,22.7890984831,-1.78717032695)) ;
#11839=CARTESIAN_POINT('Control Point',(0.000195518224061,22.7701220495,-1.73751158882)) ;
#11840=CARTESIAN_POINT('Control Point',(0.000589613858951,22.7506744473,-1.68845002711)) ;
#11841=CARTESIAN_POINT('Control Point',(0.351379961774,23.7778170381,-1.71560468101)) ;
#11842=CARTESIAN_POINT('Control Point',(0.336079727815,23.7340311818,-1.61824275723)) ;
#11843=CARTESIAN_POINT('Control Point',(0.329219246487,23.6934328182,-1.52094461266)) ;
#11844=CARTESIAN_POINT('Control Point',(0.329219246488,23.6558803102,-1.422841216)) ;
#11845=CARTESIAN_POINT('Control Point',(0.336079727815,23.6209498367,-1.32298892652)) ;
#11846=CARTESIAN_POINT('Control Point',(0.351379961774,23.5880259603,-1.2206540792)) ;
#11847=CARTESIAN_POINT('Control Point',(1.06095653155,24.5623447939,-1.49884805059)) ;
#11848=CARTESIAN_POINT('Control Point',(1.00005087677,24.5410859865,-1.35097239826)) ;
#11849=CARTESIAN_POINT('Control Point',(0.967959580671,24.4992035913,-1.20150659643)) ;
#11850=CARTESIAN_POINT('Control Point',(0.967959580671,24.4395437658,-1.0557544507)) ;
#11851=CARTESIAN_POINT('Control Point',(1.00005087677,24.3641867908,-0.919134677765)) ;
#11852=CARTESIAN_POINT('Control Point',(1.06095653155,24.2747017532,-0.797629860965)) ;
#11853=CARTESIAN_POINT('Control Point',(2.03464358988,24.962294663,-1.3876964756)) ;
#11854=CARTESIAN_POINT('Control Point',(2.00686391035,24.9741209024,-1.20630494)) ;
#11855=CARTESIAN_POINT('Control Point',(1.99186784248,24.9442485086,-1.02264569962)) ;
#11856=CARTESIAN_POINT('Control Point',(1.99186784248,24.8715856621,-0.849411384475)) ;
#11857=CARTESIAN_POINT('Control Point',(2.00686391034,24.7615541702,-0.699485315154)) ;
#11858=CARTESIAN_POINT('Control Point',(2.03464358988,24.623999535,-0.580966405461)) ;
#11859=CARTESIAN_POINT('Control Point',(3.,24.9614373563,-1.38803642133)) ;
#11860=CARTESIAN_POINT('Control Point',(3.,24.9714872839,-1.20730583366)) ;
#11861=CARTESIAN_POINT('Control Point',(3.,24.9406447029,-1.02430132681)) ;
#11862=CARTESIAN_POINT('Control Point',(3.,24.8681523533,-0.851384058494)) ;
#11863=CARTESIAN_POINT('Control Point',(3.,24.7592685869,-0.701096867586)) ;
#11864=CARTESIAN_POINT('Control Point',(3.,24.6233393468,-0.581565331751)) ;
#11872=CARTESIAN_POINT('Control Point',(0.,18.9725412085,-11.1374449535)) ;
#11873=CARTESIAN_POINT('Control Point',(1.11022302463E-016,18.9725412085,-11.1374449535)) ;
#11874=CARTESIAN_POINT('Control Point',(-1.11022302463E-016,18.9725412085,-11.1374449535)) ;
#11875=CARTESIAN_POINT('Control Point',(1.11022302463E-016,18.9725412085,-11.1374449535)) ;
#11876=CARTESIAN_POINT('Control Point',(1.11022302463E-016,18.9725412085,-11.1374449535)) ;
#11877=CARTESIAN_POINT('Control Point',(0.,18.9725412085,-11.1374449535)) ;
#11878=CARTESIAN_POINT('Control Point',(0.000589218525491,19.3981283795,-12.0065262903)) ;
#11879=CARTESIAN_POINT('Control Point',(0.000195132513964,19.4426994795,-11.9782656418)) ;
#11880=CARTESIAN_POINT('Control Point',(-0.000191311434765,19.4872404091,-11.9492449321)) ;
#11881=CARTESIAN_POINT('Control Point',(-0.000191311434757,19.5315021556,-11.9194542672)) ;
#11882=CARTESIAN_POINT('Control Point',(0.000195132513988,19.5752512301,-11.8890252843)) ;
#11883=CARTESIAN_POINT('Control Point',(0.000589218525531,19.6183801844,-11.8581576601)) ;
#11884=CARTESIAN_POINT('Control Point',(0.351381498938,19.8005971668,-12.8771658275)) ;
#11885=CARTESIAN_POINT('Control Point',(0.336081206688,19.8873841855,-12.8137273599)) ;
#11886=CARTESIAN_POINT('Control Point',(0.329220694693,19.9743353592,-12.7534767413)) ;
#11887=CARTESIAN_POINT('Control Point',(0.329220694693,20.0623798162,-12.6961821725)) ;
#11888=CARTESIAN_POINT('Control Point',(0.336081206688,20.1524150846,-12.6413293532)) ;
#11889=CARTESIAN_POINT('Control Point',(0.351381498938,20.2450665484,-12.5882984808)) ;
#11890=CARTESIAN_POINT('Control Point',(1.06095653104,20.1074810294,-13.6230149291)) ;
#11891=CARTESIAN_POINT('Control Point',(1.00005091369,20.2512946528,-13.5773134708)) ;
#11892=CARTESIAN_POINT('Control Point',(0.967959636842,20.3925627808,-13.5110794914)) ;
#11893=CARTESIAN_POINT('Control Point',(0.967959636842,20.5264995211,-13.4282307148)) ;
#11894=CARTESIAN_POINT('Control Point',(1.00005091369,20.6482368492,-13.3319282165)) ;
#11895=CARTESIAN_POINT('Control Point',(1.06095653104,20.752354678,-13.2247899365)) ;
#11896=CARTESIAN_POINT('Control Point',(2.03464336809,20.2627176145,-14.0036121606)) ;
#11897=CARTESIAN_POINT('Control Point',(2.00686367966,20.4436653254,-13.9885809225)) ;
#11898=CARTESIAN_POINT('Control Point',(1.99186760734,20.6208070087,-13.9319630655)) ;
#11899=CARTESIAN_POINT('Control Point',(1.99186760734,20.7814170649,-13.8345237082)) ;
#11900=CARTESIAN_POINT('Control Point',(2.00686367966,20.9135365349,-13.7034988168)) ;
#11901=CARTESIAN_POINT('Control Point',(2.03464336809,21.0105881796,-13.5497986986)) ;
#11902=CARTESIAN_POINT('Control Point',(3.,20.2625355151,-14.0027394935)) ;
#11903=CARTESIAN_POINT('Control Point',(3.,20.4427634543,-13.9859336523)) ;
#11904=CARTESIAN_POINT('Control Point',(3.,20.6191888661,-13.9283490329)) ;
#11905=CARTESIAN_POINT('Control Point',(3.,20.7794746291,-13.8310659583)) ;
#11906=CARTESIAN_POINT('Control Point',(3.,20.9119941515,-13.7011410165)) ;
#11907=CARTESIAN_POINT('Control Point',(3.,21.0100943634,-13.5490197004)) ;
#11914=CARTESIAN_POINT('Axis2P3D Location',(3.,-4.4408920985E-015,3.5527136788E-015)) ;
#11937=CARTESIAN_POINT('NONE',(0.,0.,0.)) ;
#11938=CARTESIAN_POINT('NONE',(-278.,1.41135503285E-014,-1.95264902605E-014)) ;
#11960=CARTESIAN_POINT('Axis2P3D Location',(0.,13.5,0.)) ;
#11965=CARTESIAN_POINT('Line Origine',(1.525,13.5,0.)) ;
#11969=CARTESIAN_POINT('Vertex',(-2.17099287766E-015,13.5,0.)) ;
#11971=CARTESIAN_POINT('Vertex',(3.05,13.5,0.)) ;
#11974=CARTESIAN_POINT('Line Origine',(-1.525,13.5,0.)) ;
#11978=CARTESIAN_POINT('Vertex',(-3.05,13.5,0.)) ;
#11981=CARTESIAN_POINT('Line Origine',(-3.05,13.5,-11.55)) ;
#11985=CARTESIAN_POINT('Vertex',(-3.05,13.5,-23.1)) ;
#11988=CARTESIAN_POINT('Line Origine',(0.,13.5,-23.1)) ;
#11992=CARTESIAN_POINT('Vertex',(3.05,13.5,-23.1)) ;
#11995=CARTESIAN_POINT('Line Origine',(3.05,13.5,-11.55)) ;
#12008=CARTESIAN_POINT('Axis2P3D Location',(0.,0.,0.)) ;
#12013=CARTESIAN_POINT('Line Origine',(-11.55,96.1672314244,0.)) ;
#12017=CARTESIAN_POINT('Vertex',(-10.,108.35,0.)) ;
#12019=CARTESIAN_POINT('Vertex',(-13.1,83.9844628488,0.)) ;
#12022=CARTESIAN_POINT('Axis2P3D Location',(12.1830926448,128.546791842,0.)) ;
#12026=CARTESIAN_POINT('Vertex',(-17.,135.5,0.)) ;
#12029=CARTESIAN_POINT('Line Origine',(-8.5,131.175,0.)) ;
#12033=CARTESIAN_POINT('Vertex',(0.,126.85,0.)) ;
#12036=CARTESIAN_POINT('Line Origine',(8.5,131.175,0.)) ;
#12040=CARTESIAN_POINT('Vertex',(17.,135.5,0.)) ;
#12043=CARTESIAN_POINT('Axis2P3D Location',(-12.1830926448,128.546791842,0.)) ;
#12047=CARTESIAN_POINT('Vertex',(10.,108.35,0.)) ;
#12050=CARTESIAN_POINT('Line Origine',(11.55,96.1672314244,0.)) ;
#12054=CARTESIAN_POINT('Vertex',(13.1,83.9844628488,0.)) ;
#12057=CARTESIAN_POINT('Axis2P3D Location',(0.,0.,0.)) ;
#12061=CARTESIAN_POINT('Vertex',(79.2826783502,-30.6472986348,0.)) ;
#12064=CARTESIAN_POINT('Line Origine',(89.0582654251,-38.0810222985,0.)) ;
#12068=CARTESIAN_POINT('Vertex',(98.8338525,-45.5147459622,0.)) ;
#12071=CARTESIAN_POINT('Axis2P3D Location',(105.233240988,-74.8242636481,0.)) ;
#12075=CARTESIAN_POINT('Vertex',(125.846442213,-53.0275681357,0.)) ;
#12078=CARTESIAN_POINT('Line Origine',(117.850882341,-58.2262840678,0.)) ;
#12082=CARTESIAN_POINT('Vertex',(109.85532247,-63.425,0.)) ;
#12085=CARTESIAN_POINT('Line Origine',(109.350882341,-72.9487159322,0.)) ;
#12089=CARTESIAN_POINT('Vertex',(108.846442213,-82.4724318643,0.)) ;
#12092=CARTESIAN_POINT('Axis2P3D Location',(117.416333633,-53.722528194,0.)) ;
#12096=CARTESIAN_POINT('Vertex',(88.8338525,-62.8352540378,0.)) ;
#12099=CARTESIAN_POINT('Line Origine',(77.5082654251,-58.0862091259,0.)) ;
#12103=CARTESIAN_POINT('Vertex',(66.1826783502,-53.337164214,0.)) ;
#12106=CARTESIAN_POINT('Axis2P3D Location',(0.,0.,0.)) ;
#12110=CARTESIAN_POINT('Vertex',(8.125,-84.6107816711,0.)) ;
#12113=CARTESIAN_POINT('Line Origine',(8.125,-73.8178908356,0.)) ;
#12117=CARTESIAN_POINT('Vertex',(8.125,-63.025,0.)) ;
#12120=CARTESIAN_POINT('Axis2P3D Location',(7.71833645163E-015,-63.025,0.)) ;
#12124=CARTESIAN_POINT('Vertex',(-8.125,-63.025,0.)) ;
#12127=CARTESIAN_POINT('Line Origine',(-8.125,-73.8178908356,0.)) ;
#12131=CARTESIAN_POINT('Vertex',(-8.125,-84.6107816711,0.)) ;
#12134=CARTESIAN_POINT('Axis2P3D Location',(0.,0.,0.)) ;
#12138=CARTESIAN_POINT('Vertex',(-66.1826783502,-53.337164214,0.)) ;
#12141=CARTESIAN_POINT('Line Origine',(-77.5082654251,-58.0862091259,0.)) ;
#12145=CARTESIAN_POINT('Vertex',(-88.8338525,-62.8352540378,0.)) ;
#12148=CARTESIAN_POINT('Axis2P3D Location',(-117.416333633,-53.722528194,0.)) ;
#12152=CARTESIAN_POINT('Vertex',(-108.846442213,-82.4724318643,0.)) ;
#12155=CARTESIAN_POINT('Line Origine',(-109.350882341,-72.9487159322,0.)) ;
#12159=CARTESIAN_POINT('Vertex',(-109.85532247,-63.425,0.)) ;
#12162=CARTESIAN_POINT('Line Origine',(-117.850882341,-58.2262840678,0.)) ;
#12166=CARTESIAN_POINT('Vertex',(-125.846442213,-53.0275681357,0.)) ;
#12169=CARTESIAN_POINT('Axis2P3D Location',(-105.233240988,-74.8242636481,0.)) ;
#12173=CARTESIAN_POINT('Vertex',(-98.8338525,-45.5147459622,0.)) ;
#12176=CARTESIAN_POINT('Line Origine',(-89.0582654251,-38.0810222985,0.)) ;
#12180=CARTESIAN_POINT('Vertex',(-79.2826783502,-30.6472986348,0.)) ;
#12183=CARTESIAN_POINT('Axis2P3D Location',(0.,0.,0.)) ;
#12215=CARTESIAN_POINT('Axis2P3D Location',(0.,0.,0.)) ;
#12219=CARTESIAN_POINT('Vertex',(11.6913429511,-6.75,0.)) ;
#12221=CARTESIAN_POINT('Vertex',(13.5,0.,0.)) ;
#12224=CARTESIAN_POINT('Axis2P3D Location',(0.,0.,0.)) ;
#12229=CARTESIAN_POINT('Line Origine',(3.05,67.425,0.)) ;
#12233=CARTESIAN_POINT('Vertex',(3.05,121.35,0.)) ;
#12236=CARTESIAN_POINT('Line Origine',(0.,121.35,0.)) ;
#12240=CARTESIAN_POINT('Vertex',(-3.05,121.35,1.7763568394E-015)) ;
#12243=CARTESIAN_POINT('Line Origine',(-3.05,67.425,0.)) ;
#12248=CARTESIAN_POINT('Axis2P3D Location',(0.,0.,0.)) ;
#12252=CARTESIAN_POINT('Vertex',(-13.5,1.65321857766E-015,0.)) ;
#12255=CARTESIAN_POINT('Axis2P3D Location',(0.,0.,0.)) ;
#12259=CARTESIAN_POINT('Vertex',(-11.6913429511,-6.75,0.)) ;
#12262=CARTESIAN_POINT('Line Origine',(-12.4538429511,-5.42931125923,0.)) ;
#12266=CARTESIAN_POINT('Vertex',(-13.2163429511,-4.10862251846,-3.94430452611E-031)) ;
#12269=CARTESIAN_POINT('Line Origine',(-59.9167628502,-31.0711225185,0.)) ;
#12273=CARTESIAN_POINT('Vertex',(-106.617182749,-58.0336225185,1.7763568394E-015)) ;
#12276=CARTESIAN_POINT('Line Origine',(-105.092182749,-60.675,0.)) ;
#12280=CARTESIAN_POINT('Vertex',(-103.567182749,-63.3163774815,1.7763568394E-015)) ;
#12283=CARTESIAN_POINT('Line Origine',(-56.8667628502,-36.3538774815,0.)) ;
#12287=CARTESIAN_POINT('Vertex',(-10.1663429511,-9.39137748154,-3.94430452611E-031)) ;
#12290=CARTESIAN_POINT('Line Origine',(-10.9288429511,-8.07068874077,0.)) ;
#12295=CARTESIAN_POINT('Axis2P3D Location',(0.,0.,0.)) ;
#12300=CARTESIAN_POINT('Line Origine',(10.9288429511,-8.07068874077,0.)) ;
#12304=CARTESIAN_POINT('Vertex',(10.1663429511,-9.39137748154,-3.94430452611E-031)) ;
#12307=CARTESIAN_POINT('Line Origine',(56.8667628502,-36.3538774815,0.)) ;
#12311=CARTESIAN_POINT('Vertex',(103.567182749,-63.3163774815,1.7763568394E-015)) ;
#12314=CARTESIAN_POINT('Line Origine',(105.092182749,-60.675,0.)) ;
#12318=CARTESIAN_POINT('Vertex',(106.617182749,-58.0336225185,1.7763568394E-015)) ;
#12321=CARTESIAN_POINT('Line Origine',(59.9167628502,-31.0711225185,0.)) ;
#12325=CARTESIAN_POINT('Vertex',(13.2163429511,-4.10862251846,-3.94430452611E-031)) ;
#12328=CARTESIAN_POINT('Line Origine',(12.4538429511,-5.42931125923,0.)) ;
#12355=CARTESIAN_POINT('Axis2P3D Location',(38.5,39.1377056047,0.)) ;
#12359=CARTESIAN_POINT('Vertex',(64.25,39.1377056047,0.)) ;
#12361=CARTESIAN_POINT('Vertex',(12.75,39.1377056047,0.)) ;
#12364=CARTESIAN_POINT('Axis2P3D Location',(38.5,39.1377056047,0.)) ;
#12373=CARTESIAN_POINT('Axis2P3D Location',(-38.5,39.1377056047,0.)) ;
#12377=CARTESIAN_POINT('Vertex',(-12.75,39.1377056047,0.)) ;
#12379=CARTESIAN_POINT('Vertex',(-64.25,39.1377056047,0.)) ;
#12382=CARTESIAN_POINT('Axis2P3D Location',(-38.5,39.1377056047,0.)) ;
#12391=CARTESIAN_POINT('Axis2P3D Location',(-64.5,0.,0.)) ;
#12395=CARTESIAN_POINT('Vertex',(-48.35,0.,0.)) ;
#12397=CARTESIAN_POINT('Vertex',(-80.65,1.97773926142E-015,0.)) ;
#12400=CARTESIAN_POINT('Axis2P3D Location',(-64.5,0.,0.)) ;
#12409=CARTESIAN_POINT('Axis2P3D Location',(64.5,0.,0.)) ;
#12413=CARTESIAN_POINT('Vertex',(48.35,1.97773926142E-015,0.)) ;
#12415=CARTESIAN_POINT('Vertex',(80.65,-3.95547852285E-015,0.)) ;
#12418=CARTESIAN_POINT('Axis2P3D Location',(64.5,0.,0.)) ;
#12427=CARTESIAN_POINT('Axis2P3D Location',(0.,-35.1,0.)) ;
#12431=CARTESIAN_POINT('Vertex',(16.15,-35.1,0.)) ;
#12433=CARTESIAN_POINT('Vertex',(-16.15,-35.1,0.)) ;
#12436=CARTESIAN_POINT('Axis2P3D Location',(0.,-35.1,0.)) ;
#12445=CARTESIAN_POINT('Axis2P3D Location',(-34.85,-55.0454357781,0.)) ;
#12449=CARTESIAN_POINT('Vertex',(-18.7,-55.0454357781,0.)) ;
#12451=CARTESIAN_POINT('Vertex',(-51.,-55.0454357781,0.)) ;
#12454=CARTESIAN_POINT('Axis2P3D Location',(-34.85,-55.0454357781,0.)) ;
#12463=CARTESIAN_POINT('Axis2P3D Location',(34.85,-55.0454357781,0.)) ;
#12467=CARTESIAN_POINT('Vertex',(18.7,-55.0454357781,0.)) ;
#12469=CARTESIAN_POINT('Vertex',(51.,-55.0454357781,0.)) ;
#12472=CARTESIAN_POINT('Axis2P3D Location',(34.85,-55.0454357781,0.)) ;
#12482=CARTESIAN_POINT('Axis2P3D Location',(-3.05,0.,0.)) ;
#12487=CARTESIAN_POINT('Line Origine',(-3.05,67.425,-11.55)) ;
#12498=CARTESIAN_POINT('Axis2P3D Location',(0.,13.5,-23.1)) ;
#12503=CARTESIAN_POINT('Line Origine',(3.05,67.425,-11.55)) ;
#12515=CARTESIAN_POINT('Axis2P3D Location',(3.05,0.,0.)) ;
#12526=CARTESIAN_POINT('Axis2P3D Location',(0.,0.,2.325)) ;
#12531=CARTESIAN_POINT('Line Origine',(-13.1,83.9844628488,2.325)) ;
#12535=CARTESIAN_POINT('Vertex',(-13.1,83.9844628488,4.65)) ;
#12538=CARTESIAN_POINT('Line Origine',(-79.2826783502,-30.6472986348,2.325)) ;
#12542=CARTESIAN_POINT('Vertex',(-79.2826783502,-30.6472986348,4.65)) ;
#12545=CARTESIAN_POINT('Axis2P3D Location',(0.,0.,4.65)) ;
#12557=CARTESIAN_POINT('Axis2P3D Location',(-79.2826783502,-30.6472986348,0.)) ;
#12562=CARTESIAN_POINT('Line Origine',(-98.8338525,-45.5147459622,2.325)) ;
#12566=CARTESIAN_POINT('Vertex',(-98.8338525,-45.5147459622,4.65)) ;
#12569=CARTESIAN_POINT('Line Origine',(-89.0582654251,-38.0810222985,4.65)) ;
#12581=CARTESIAN_POINT('Axis2P3D Location',(-105.233240988,-74.8242636481,2.325)) ;
#12586=CARTESIAN_POINT('Line Origine',(-125.846442213,-53.0275681357,2.325)) ;
#12590=CARTESIAN_POINT('Vertex',(-125.846442213,-53.0275681357,4.65)) ;
#12593=CARTESIAN_POINT('Axis2P3D Location',(-105.233240988,-74.8242636481,4.65)) ;
#12605=CARTESIAN_POINT('Axis2P3D Location',(-125.846442213,-53.0275681357,0.)) ;
#12610=CARTESIAN_POINT('Line Origine',(-109.85532247,-63.425,2.325)) ;
#12614=CARTESIAN_POINT('Vertex',(-109.85532247,-63.425,4.65)) ;
#12617=CARTESIAN_POINT('Line Origine',(-117.850882341,-58.2262840678,4.65)) ;
#12629=CARTESIAN_POINT('Axis2P3D Location',(-108.846442213,-82.4724318643,0.)) ;
#12634=CARTESIAN_POINT('Line Origine',(-108.846442213,-82.4724318643,2.325)) ;
#12638=CARTESIAN_POINT('Vertex',(-108.846442213,-82.4724318643,4.65)) ;
#12641=CARTESIAN_POINT('Line Origine',(-109.350882341,-72.9487159322,4.65)) ;
#12653=CARTESIAN_POINT('Axis2P3D Location',(-117.416333633,-53.722528194,2.325)) ;
#12658=CARTESIAN_POINT('Line Origine',(-88.8338525,-62.8352540378,2.325)) ;
#12662=CARTESIAN_POINT('Vertex',(-88.8338525,-62.8352540378,4.65)) ;
#12665=CARTESIAN_POINT('Axis2P3D Location',(-117.416333633,-53.722528194,4.65)) ;
#12677=CARTESIAN_POINT('Axis2P3D Location',(-66.1826783502,-53.337164214,0.)) ;
#12682=CARTESIAN_POINT('Line Origine',(-66.1826783502,-53.337164214,2.325)) ;
#12686=CARTESIAN_POINT('Vertex',(-66.1826783502,-53.337164214,4.65)) ;
#12689=CARTESIAN_POINT('Line Origine',(-77.5082654251,-58.0862091259,4.65)) ;
#12701=CARTESIAN_POINT('Line Origine',(-8.125,-84.6107816711,2.325)) ;
#12705=CARTESIAN_POINT('Vertex',(-8.125,-84.6107816711,4.65)) ;
#12708=CARTESIAN_POINT('Axis2P3D Location',(0.,0.,4.65)) ;
#12720=CARTESIAN_POINT('Axis2P3D Location',(-8.125,-84.6107816711,0.)) ;
#12725=CARTESIAN_POINT('Line Origine',(-8.125,-63.025,2.325)) ;
#12729=CARTESIAN_POINT('Vertex',(-8.125,-63.025,4.65)) ;
#12732=CARTESIAN_POINT('Line Origine',(-8.125,-73.8178908356,4.65)) ;
#12744=CARTESIAN_POINT('Axis2P3D Location',(7.71833645163E-015,-63.025,2.325)) ;
#12749=CARTESIAN_POINT('Line Origine',(8.125,-63.025,2.325)) ;
#12753=CARTESIAN_POINT('Vertex',(8.125,-63.025,4.65)) ;
#12756=CARTESIAN_POINT('Axis2P3D Location',(7.71833645163E-015,-63.025,4.65)) ;
#12768=CARTESIAN_POINT('Axis2P3D Location',(8.125,-63.025,0.)) ;
#12773=CARTESIAN_POINT('Line Origine',(8.125,-84.6107816711,2.325)) ;
#12777=CARTESIAN_POINT('Vertex',(8.125,-84.6107816711,4.65)) ;
#12780=CARTESIAN_POINT('Line Origine',(8.125,-73.8178908356,4.65)) ;
#12792=CARTESIAN_POINT('Line Origine',(66.1826783502,-53.337164214,2.325)) ;
#12796=CARTESIAN_POINT('Vertex',(66.1826783502,-53.337164214,4.65)) ;
#12799=CARTESIAN_POINT('Axis2P3D Location',(0.,0.,4.65)) ;
#12811=CARTESIAN_POINT('Axis2P3D Location',(66.1826783502,-53.337164214,0.)) ;
#12816=CARTESIAN_POINT('Line Origine',(88.8338525,-62.8352540378,2.325)) ;
#12820=CARTESIAN_POINT('Vertex',(88.8338525,-62.8352540378,4.65)) ;
#12823=CARTESIAN_POINT('Line Origine',(77.5082654251,-58.0862091259,4.65)) ;
#12835=CARTESIAN_POINT('Axis2P3D Location',(117.416333633,-53.722528194,2.325)) ;
#12840=CARTESIAN_POINT('Line Origine',(108.846442213,-82.4724318643,2.325)) ;
#12844=CARTESIAN_POINT('Vertex',(108.846442213,-82.4724318643,4.65)) ;
#12847=CARTESIAN_POINT('Axis2P3D Location',(117.416333633,-53.722528194,4.65)) ;
#12859=CARTESIAN_POINT('Axis2P3D Location',(108.846442213,-82.4724318643,0.)) ;
#12864=CARTESIAN_POINT('Line Origine',(109.85532247,-63.425,2.325)) ;
#12868=CARTESIAN_POINT('Vertex',(109.85532247,-63.425,4.65)) ;
#12871=CARTESIAN_POINT('Line Origine',(109.350882341,-72.9487159322,4.65)) ;
#12883=CARTESIAN_POINT('Axis2P3D Location',(125.846442213,-53.0275681357,0.)) ;
#12888=CARTESIAN_POINT('Line Origine',(125.846442213,-53.0275681357,2.325)) ;
#12892=CARTESIAN_POINT('Vertex',(125.846442213,-53.0275681357,4.65)) ;
#12895=CARTESIAN_POINT('Line Origine',(117.850882341,-58.2262840678,4.65)) ;
#12907=CARTESIAN_POINT('Axis2P3D Location',(105.233240988,-74.8242636481,2.325)) ;
#12912=CARTESIAN_POINT('Line Origine',(98.8338525,-45.5147459622,2.325)) ;
#12916=CARTESIAN_POINT('Vertex',(98.8338525,-45.5147459622,4.65)) ;
#12919=CARTESIAN_POINT('Axis2P3D Location',(105.233240988,-74.8242636481,4.65)) ;
#12931=CARTESIAN_POINT('Axis2P3D Location',(79.2826783502,-30.6472986348,0.)) ;
#12936=CARTESIAN_POINT('Line Origine',(79.2826783502,-30.6472986348,2.325)) ;
#12940=CARTESIAN_POINT('Vertex',(79.2826783502,-30.6472986348,4.65)) ;
#12943=CARTESIAN_POINT('Line Origine',(89.0582654251,-38.0810222985,4.65)) ;
#12955=CARTESIAN_POINT('Axis2P3D Location',(0.,0.,2.325)) ;
#12960=CARTESIAN_POINT('Line Origine',(13.1,83.9844628488,2.325)) ;
#12964=CARTESIAN_POINT('Vertex',(13.1,83.9844628488,4.65)) ;
#12967=CARTESIAN_POINT('Axis2P3D Location',(0.,0.,4.65)) ;
#12979=CARTESIAN_POINT('Axis2P3D Location',(13.1,83.9844628488,0.)) ;
#12984=CARTESIAN_POINT('Line Origine',(10.,108.35,2.325)) ;
#12988=CARTESIAN_POINT('Vertex',(10.,108.35,4.65)) ;
#12991=CARTESIAN_POINT('Line Origine',(11.55,96.1672314244,4.65)) ;
#13003=CARTESIAN_POINT('Axis2P3D Location',(-12.1830926448,128.546791842,2.325)) ;
#13008=CARTESIAN_POINT('Line Origine',(17.,135.5,2.325)) ;
#13012=CARTESIAN_POINT('Vertex',(17.,135.5,4.65)) ;
#13015=CARTESIAN_POINT('Axis2P3D Location',(-12.1830926448,128.546791842,4.65)) ;
#13027=CARTESIAN_POINT('Axis2P3D Location',(17.,135.5,0.)) ;
#13032=CARTESIAN_POINT('Line Origine',(3.5527136788E-015,126.85,2.325)) ;
#13036=CARTESIAN_POINT('Vertex',(0.,126.85,4.65)) ;
#13039=CARTESIAN_POINT('Line Origine',(8.5,131.175,4.65)) ;
#13051=CARTESIAN_POINT('Axis2P3D Location',(-17.,135.5,0.)) ;
#13056=CARTESIAN_POINT('Line Origine',(-17.,135.5,2.325)) ;
#13060=CARTESIAN_POINT('Vertex',(-17.,135.5,4.65)) ;
#13063=CARTESIAN_POINT('Line Origine',(-8.5,131.175,4.65)) ;
#13075=CARTESIAN_POINT('Axis2P3D Location',(12.1830926448,128.546791842,2.325)) ;
#13080=CARTESIAN_POINT('Line Origine',(-10.,108.35,2.325)) ;
#13084=CARTESIAN_POINT('Vertex',(-10.,108.35,4.65)) ;
#13087=CARTESIAN_POINT('Axis2P3D Location',(12.1830926448,128.546791842,4.65)) ;
#13099=CARTESIAN_POINT('Axis2P3D Location',(-13.1,83.9844628488,0.)) ;
#13104=CARTESIAN_POINT('Line Origine',(-11.55,96.1672314244,4.65)) ;
#13116=CARTESIAN_POINT('Axis2P3D Location',(0.,0.,-12.5)) ;
#13121=CARTESIAN_POINT('Axis2P3D Location',(0.,0.,-25.)) ;
#13125=CARTESIAN_POINT('Vertex',(-13.5,1.65321857766E-015,-25.)) ;
#13127=CARTESIAN_POINT('Vertex',(13.5,0.,-25.)) ;
#13130=CARTESIAN_POINT('Line Origine',(13.5,-1.52968458213E-014,-12.5)) ;
#13135=CARTESIAN_POINT('Line Origine',(-13.5,7.64842291064E-015,-12.5)) ;
#13149=CARTESIAN_POINT('Axis2P3D Location',(0.,0.,-25.)) ;
#13162=CARTESIAN_POINT('Axis2P3D Location',(38.5,39.1377056047,2.325)) ;
#13167=CARTESIAN_POINT('Axis2P3D Location',(38.5,39.1377056047,4.65)) ;
#13171=CARTESIAN_POINT('Vertex',(12.75,39.1377056047,4.65)) ;
#13173=CARTESIAN_POINT('Vertex',(64.25,39.1377056047,4.65)) ;
#13176=CARTESIAN_POINT('Line Origine',(64.25,39.1377056047,2.325)) ;
#13181=CARTESIAN_POINT('Line Origine',(12.75,39.1377056047,2.325)) ;
#13193=CARTESIAN_POINT('Axis2P3D Location',(38.5,39.1377056047,4.65)) ;
#13205=CARTESIAN_POINT('Axis2P3D Location',(-38.5,39.1377056047,2.325)) ;
#13210=CARTESIAN_POINT('Axis2P3D Location',(-38.5,39.1377056047,4.65)) ;
#13214=CARTESIAN_POINT('Vertex',(-64.25,39.1377056047,4.65)) ;
#13216=CARTESIAN_POINT('Vertex',(-12.75,39.1377056047,4.65)) ;
#13219=CARTESIAN_POINT('Line Origine',(-12.75,39.1377056047,2.325)) ;
#13224=CARTESIAN_POINT('Line Origine',(-64.25,39.1377056047,2.325)) ;
#13236=CARTESIAN_POINT('Axis2P3D Location',(-38.5,39.1377056047,4.65)) ;
#13248=CARTESIAN_POINT('Axis2P3D Location',(-64.5,0.,2.325)) ;
#13253=CARTESIAN_POINT('Axis2P3D Location',(-64.5,0.,4.65)) ;
#13257=CARTESIAN_POINT('Vertex',(-80.65,1.97773926142E-015,4.65)) ;
#13259=CARTESIAN_POINT('Vertex',(-48.35,0.,4.65)) ;
#13262=CARTESIAN_POINT('Line Origine',(-48.35,-3.95547852285E-015,2.325)) ;
#13267=CARTESIAN_POINT('Line Origine',(-80.65,1.97773926142E-015,2.325)) ;
#13279=CARTESIAN_POINT('Axis2P3D Location',(-64.5,0.,4.65)) ;
#13291=CARTESIAN_POINT('Axis2P3D Location',(64.5,0.,2.325)) ;
#13296=CARTESIAN_POINT('Axis2P3D Location',(64.5,0.,4.65)) ;
#13300=CARTESIAN_POINT('Vertex',(80.65,-3.95547852285E-015,4.65)) ;
#13302=CARTESIAN_POINT('Vertex',(48.35,1.97773926142E-015,4.65)) ;
#13305=CARTESIAN_POINT('Line Origine',(48.35,5.93321778427E-015,2.325)) ;
#13310=CARTESIAN_POINT('Line Origine',(80.65,-3.95547852285E-015,2.325)) ;
#13322=CARTESIAN_POINT('Axis2P3D Location',(64.5,0.,4.65)) ;
#13334=CARTESIAN_POINT('Axis2P3D Location',(0.,-35.1,2.325)) ;
#13339=CARTESIAN_POINT('Axis2P3D Location',(0.,-35.1,4.65)) ;
#13343=CARTESIAN_POINT('Vertex',(-16.15,-35.1,4.65)) ;
#13345=CARTESIAN_POINT('Vertex',(16.15,-35.1,4.65)) ;
#13348=CARTESIAN_POINT('Line Origine',(16.15,-35.1,2.325)) ;
#13353=CARTESIAN_POINT('Line Origine',(-16.15,-35.1,2.325)) ;
#13365=CARTESIAN_POINT('Axis2P3D Location',(0.,-35.1,4.65)) ;
#13377=CARTESIAN_POINT('Axis2P3D Location',(-34.85,-55.0454357781,2.325)) ;
#13382=CARTESIAN_POINT('Axis2P3D Location',(-34.85,-55.0454357781,4.65)) ;
#13386=CARTESIAN_POINT('Vertex',(-51.,-55.0454357781,4.65)) ;
#13388=CARTESIAN_POINT('Vertex',(-18.7,-55.0454357781,4.65)) ;
#13391=CARTESIAN_POINT('Line Origine',(-18.7,-55.0454357781,2.325)) ;
#13396=CARTESIAN_POINT('Line Origine',(-51.,-55.0454357781,2.325)) ;
#13408=CARTESIAN_POINT('Axis2P3D Location',(-34.85,-55.0454357781,4.65)) ;
#13420=CARTESIAN_POINT('Axis2P3D Location',(34.85,-55.0454357781,2.325)) ;
#13425=CARTESIAN_POINT('Axis2P3D Location',(34.85,-55.0454357781,4.65)) ;
#13429=CARTESIAN_POINT('Vertex',(51.,-55.0454357781,4.65)) ;
#13431=CARTESIAN_POINT('Vertex',(18.7,-55.0454357781,4.65)) ;
#13434=CARTESIAN_POINT('Line Origine',(18.7,-55.0454357781,2.325)) ;
#13439=CARTESIAN_POINT('Line Origine',(51.,-55.0454357781,2.325)) ;
#13451=CARTESIAN_POINT('Axis2P3D Location',(34.85,-55.0454357781,4.65)) ;
#13463=CARTESIAN_POINT('Axis2P3D Location',(0.,0.,4.65)) ;
#13495=CARTESIAN_POINT('Axis2P3D Location',(-2.07679970129E-014,-1.1990408666E-014,4.65)) ;
#13499=CARTESIAN_POINT('Vertex',(-6.45,-1.12005375677E-014,4.65)) ;
#13501=CARTESIAN_POINT('Vertex',(6.45,-1.1990408666E-014,4.65)) ;
#13504=CARTESIAN_POINT('Axis2P3D Location',(-2.07679970129E-014,-1.1990408666E-014,4.65)) ;
#13542=CARTESIAN_POINT('Axis2P3D Location',(0.,0.,-25.)) ;
#13551=CARTESIAN_POINT('Axis2P3D Location',(0.,0.,-25.)) ;
#13555=CARTESIAN_POINT('Vertex',(-6.45,-1.6396381323E-014,-25.)) ;
#13557=CARTESIAN_POINT('Vertex',(6.45,9.8777594177E-015,-25.)) ;
#13560=CARTESIAN_POINT('Axis2P3D Location',(0.,0.,-25.)) ;
#13570=CARTESIAN_POINT('Axis2P3D Location',(-2.07679970129E-014,-1.1990408666E-014,2.325)) ;
#13575=CARTESIAN_POINT('Line Origine',(6.45,-1.35701508624E-014,2.325)) ;
#13579=CARTESIAN_POINT('Vertex',(6.45,-1.1990408666E-014,0.)) ;
#13582=CARTESIAN_POINT('Axis2P3D Location',(-2.07679970129E-014,-1.1990408666E-014,0.)) ;
#13586=CARTESIAN_POINT('Vertex',(-6.45,-1.12005375677E-014,0.)) ;
#13589=CARTESIAN_POINT('Line Origine',(-6.45,-1.12005375677E-014,2.325)) ;
#13601=CARTESIAN_POINT('Axis2P3D Location',(-2.07679970129E-014,-1.1990408666E-014,0.)) ;
#13613=CARTESIAN_POINT('Axis2P3D Location',(0.,0.,-12.5)) ;
#13618=CARTESIAN_POINT('Line Origine',(6.45,9.8777594177E-015,-12.5)) ;
#13623=CARTESIAN_POINT('Line Origine',(-6.45,-9.08788831949E-015,-12.5)) ;
#13642=CARTESIAN_POINT('Axis2P3D Location',(-11.6913429511,-6.75,0.)) ;
#13647=CARTESIAN_POINT('Line Origine',(-10.1663429511,-9.39137748154,-11.55)) ;
#13651=CARTESIAN_POINT('Vertex',(-10.1663429511,-9.39137748154,-23.1)) ;
#13654=CARTESIAN_POINT('Line Origine',(-11.6913429511,-6.75,-23.1)) ;
#13658=CARTESIAN_POINT('Vertex',(-13.2163429511,-4.10862251846,-23.1)) ;
#13661=CARTESIAN_POINT('Line Origine',(-13.2163429511,-4.10862251846,-11.55)) ;
#13674=CARTESIAN_POINT('Axis2P3D Location',(1.525,-2.64137748154,0.)) ;
#13679=CARTESIAN_POINT('Line Origine',(-56.8667628502,-36.3538774815,-11.55)) ;
#13690=CARTESIAN_POINT('Axis2P3D Location',(-11.6913429511,-6.75,-23.1)) ;
#13695=CARTESIAN_POINT('Line Origine',(-59.9167628502,-31.0711225185,-11.55)) ;
#13707=CARTESIAN_POINT('Axis2P3D Location',(-1.525,2.64137748154,0.)) ;
#13718=CARTESIAN_POINT('Axis2P3D Location',(11.6913429511,-6.75,0.)) ;
#13723=CARTESIAN_POINT('Line Origine',(13.2163429511,-4.10862251846,-11.55)) ;
#13727=CARTESIAN_POINT('Vertex',(13.2163429511,-4.10862251846,-23.1)) ;
#13730=CARTESIAN_POINT('Line Origine',(11.6913429511,-6.75,-23.1)) ;
#13734=CARTESIAN_POINT('Vertex',(10.1663429511,-9.39137748154,-23.1)) ;
#13737=CARTESIAN_POINT('Line Origine',(10.1663429511,-9.39137748154,-11.55)) ;
#13750=CARTESIAN_POINT('Axis2P3D Location',(1.525,2.64137748154,0.)) ;
#13755=CARTESIAN_POINT('Line Origine',(59.9167628502,-31.0711225185,-11.55)) ;
#13766=CARTESIAN_POINT('Axis2P3D Location',(11.6913429511,-6.75,-23.1)) ;
#13771=CARTESIAN_POINT('Line Origine',(56.8667628502,-36.3538774815,-11.55)) ;
#13783=CARTESIAN_POINT('Axis2P3D Location',(-1.525,-2.64137748154,0.)) ;
#13803=CARTESIAN_POINT('NONE',(0.,0.,0.)) ;
#13804=CARTESIAN_POINT('NONE',(-233.,1.41232860583E-014,-1.95177281197E-014)) ;
#13827=CARTESIAN_POINT('Axis2P3D Location',(0.,0.,0.)) ;
#13832=CARTESIAN_POINT('Axis2P3D Location',(0.,0.,0.)) ;
#13836=CARTESIAN_POINT('Vertex',(-4.33701616842E-008,8.,2.12045277981E-006)) ;
#13838=CARTESIAN_POINT('Vertex',(-3.83540430883,7.02066049512,0.)) ;
#13841=CARTESIAN_POINT('Line Origine',(-5.15382454,9.43401254032,1.58771324027)) ;
#13845=CARTESIAN_POINT('Vertex',(-4.37041991875,8.,0.644294851929)) ;
#13849=CARTESIAN_POINT('Control Point',(-4.37041991875,8.,0.644294851929)) ;
#13850=CARTESIAN_POINT('Control Point',(-3.2327221506,8.,0.329384132867)) ;
#13851=CARTESIAN_POINT('Control Point',(-2.12796640044,7.99999618992,0.108300775993)) ;
#13852=CARTESIAN_POINT('Control Point',(-1.0650313729,8.00000364532,2.12045281504E-006)) ;
#13853=CARTESIAN_POINT('Control Point',(-2.05914246987E-007,8.00000367273,2.12045286285E-006)) ;
#13861=CARTESIAN_POINT('Axis2P3D Location',(0.,0.,0.)) ;
#13865=CARTESIAN_POINT('Vertex',(-6.92820325196,3.99999996244,2.12045325547E-006)) ;
#13869=CARTESIAN_POINT('Control Point',(-6.92820651391,4.00000165804,2.12045300654E-006)) ;
#13870=CARTESIAN_POINT('Control Point',(-6.36666998006,4.9726115228,2.12045285514E-006)) ;
#13871=CARTESIAN_POINT('Control Point',(-5.80632456081,5.94314188092,0.120306451434)) ;
#13872=CARTESIAN_POINT('Control Point',(-5.22132526142,6.95639936438,0.366664301277)) ;
#13873=CARTESIAN_POINT('Control Point',(-4.61880215352,8.,0.714531179816)) ;
#13874=CARTESIAN_POINT('Vertex',(-4.61880215352,8.,0.714531179816)) ;
#13878=CARTESIAN_POINT('Control Point',(-4.37041991875,8.,0.644294851929)) ;
#13879=CARTESIAN_POINT('Control Point',(-4.45302651416,8.,0.667160065422)) ;
#13880=CARTESIAN_POINT('Control Point',(-4.5358274316,8.,0.6905784408)) ;
#13881=CARTESIAN_POINT('Control Point',(-4.61880215352,8.,0.714531179816)) ;
#13890=CARTESIAN_POINT('Axis2P3D Location',(0.,0.,0.)) ;
#13895=CARTESIAN_POINT('Axis2P3D Location',(0.,-7.36321298025E-031,0.)) ;
#13899=CARTESIAN_POINT('Vertex',(-6.92820320859,-4.00000003757,2.12045289717E-006)) ;
#13902=CARTESIAN_POINT('Axis2P3D Location',(0.,-7.36321298025E-031,0.)) ;
#13906=CARTESIAN_POINT('Vertex',(6.92820320859,4.00000003756,2.12045362417E-006)) ;
#13909=CARTESIAN_POINT('Axis2P3D Location',(0.,-7.36321298025E-031,0.)) ;
#13913=CARTESIAN_POINT('Vertex',(6.92820325195,-3.99999996245,2.12045343635E-006)) ;
#13916=CARTESIAN_POINT('Axis2P3D Location',(0.,-7.36321298025E-031,0.)) ;
#13920=CARTESIAN_POINT('Vertex',(3.83540430883,-7.02066049512,0.)) ;
#13923=CARTESIAN_POINT('Axis2P3D Location',(0.,-7.36321298025E-031,0.)) ;
#13927=CARTESIAN_POINT('Vertex',(4.33701226044E-008,-8.,2.12045331713E-006)) ;
#13930=CARTESIAN_POINT('Axis2P3D Location',(0.,-7.36321298025E-031,0.)) ;
#13946=CARTESIAN_POINT('Axis2P3D Location',(9.23760430703,-1.7763568394E-015,0.)) ;
#13952=CARTESIAN_POINT('Control Point',(6.92820320859,4.00000003756,2.12045362454E-006)) ;
#13953=CARTESIAN_POINT('Control Point',(7.11305343979,3.67983004533,2.12045362462E-006)) ;
#13954=CARTESIAN_POINT('Control Point',(7.29790367381,3.35966004822,0.0123313681977)) ;
#13955=CARTESIAN_POINT('Control Point',(7.48326419438,3.03860620888,0.0369898632826)) ;
#13956=CARTESIAN_POINT('Control Point',(7.93621596403,2.25407073045,0.126744248552)) ;
#13957=CARTESIAN_POINT('Control Point',(8.39801257708,1.4542155339,0.288332778447)) ;
#13958=CARTESIAN_POINT('Control Point',(8.67374845598,0.976626982166,0.407849638408)) ;
#13959=CARTESIAN_POINT('Control Point',(8.95392731304,0.491342966542,0.550750190969)) ;
#13960=CARTESIAN_POINT('Control Point',(9.23760430703,-1.00717176485E-015,0.714531179816)) ;
#13961=CARTESIAN_POINT('Vertex',(9.23760430703,-1.7763568394E-015,0.714531179816)) ;
#13965=CARTESIAN_POINT('Control Point',(4.61880215352,8.,0.714531179816)) ;
#13966=CARTESIAN_POINT('Control Point',(4.90247895319,7.50865737003,0.550750303159)) ;
#13967=CARTESIAN_POINT('Control Point',(5.18265762072,7.02337368267,0.407849834183)) ;
#13968=CARTESIAN_POINT('Control Point',(5.45839423272,6.54578386119,0.288332644854)) ;
#13969=CARTESIAN_POINT('Control Point',(5.92019069215,5.74592893071,0.126744215772)) ;
#13970=CARTESIAN_POINT('Control Point',(6.37314224877,4.96139382126,0.0369898628765)) ;
#13971=CARTESIAN_POINT('Control Point',(6.55850275505,4.64034000667,0.0123313677935)) ;
#13972=CARTESIAN_POINT('Control Point',(6.74335298042,4.32017002455,2.12045362446E-006)) ;
#13973=CARTESIAN_POINT('Control Point',(6.92820320859,4.00000003756,2.12045362454E-006)) ;
#13974=CARTESIAN_POINT('Vertex',(4.61880215352,8.,0.714531179816)) ;
#13977=CARTESIAN_POINT('Line Origine',(4.61880215352,8.,3.55726558991)) ;
#13981=CARTESIAN_POINT('Vertex',(4.61880215352,8.,6.4)) ;
#13984=CARTESIAN_POINT('Line Origine',(5.7735026919,6.,6.4)) ;
#13988=CARTESIAN_POINT('Vertex',(6.92820323028,4.,6.4)) ;
#13991=CARTESIAN_POINT('Line Origine',(8.08290376865,2.,6.4)) ;
#13995=CARTESIAN_POINT('Vertex',(9.23760430703,-1.7763568394E-015,6.4)) ;
#13998=CARTESIAN_POINT('Line Origine',(9.23760430703,-1.7763568394E-015,3.55726558991)) ;
#14012=CARTESIAN_POINT('Axis2P3D Location',(4.61880215352,8.,0.)) ;
#14018=CARTESIAN_POINT('Control Point',(-4.33701616842E-008,8.,2.12045277979E-006)) ;
#14019=CARTESIAN_POINT('Control Point',(0.369700419035,8.,2.12045277979E-006)) ;
#14020=CARTESIAN_POINT('Control Point',(0.73940088706,8.,0.0123313681969)) ;
#14021=CARTESIAN_POINT('Control Point',(1.1101219282,8.,0.0369898632819)) ;
#14022=CARTESIAN_POINT('Control Point',(2.0160254675,8.,0.126744248551)) ;
#14023=CARTESIAN_POINT('Control Point',(2.93961869358,8.,0.288332778442)) ;
#14024=CARTESIAN_POINT('Control Point',(3.49109045144,8.,0.407849638411)) ;
#14025=CARTESIAN_POINT('Control Point',(4.05144816553,8.,0.550750190973)) ;
#14026=CARTESIAN_POINT('Control Point',(4.61880215352,8.,0.714531179816)) ;
#14028=CARTESIAN_POINT('Line Origine',(-4.61880215352,8.,3.55726558991)) ;
#14032=CARTESIAN_POINT('Vertex',(-4.61880215352,8.,6.4)) ;
#14035=CARTESIAN_POINT('Line Origine',(-2.30940107676,8.,6.4)) ;
#14039=CARTESIAN_POINT('Vertex',(2.44921270764E-015,8.,6.4)) ;
#14042=CARTESIAN_POINT('Line Origine',(2.30940107676,8.,6.4)) ;
#14057=CARTESIAN_POINT('Axis2P3D Location',(4.61880215352,-8.,0.)) ;
#14063=CARTESIAN_POINT('Control Point',(6.92820325195,-3.99999996245,2.12045343662E-006)) ;
#14064=CARTESIAN_POINT('Control Point',(6.74335302076,-4.32016995468,2.12045343653E-006)) ;
#14065=CARTESIAN_POINT('Control Point',(6.55850278675,-4.64033995177,0.012331368197)) ;
#14066=CARTESIAN_POINT('Control Point',(6.37314226618,-4.96139379111,0.0369898632813)) ;
#14067=CARTESIAN_POINT('Control Point',(5.92019049652,-5.74592926954,0.126744248551)) ;
#14068=CARTESIAN_POINT('Control Point',(5.45839388348,-6.5457844661,0.288332778446)) ;
#14069=CARTESIAN_POINT('Control Point',(5.18265800457,-7.02337301784,0.407849638406)) ;
#14070=CARTESIAN_POINT('Control Point',(4.90247914751,-7.50865703346,0.550750190969)) ;
#14071=CARTESIAN_POINT('Control Point',(4.61880215352,-8.,0.714531179816)) ;
#14072=CARTESIAN_POINT('Vertex',(4.61880215352,-8.,0.714531179816)) ;
#14076=CARTESIAN_POINT('Control Point',(9.23760430703,-1.7763568394E-015,0.714531179816)) ;
#14077=CARTESIAN_POINT('Control Point',(8.95392750737,-0.491342629952,0.550750303166)) ;
#14078=CARTESIAN_POINT('Control Point',(8.67374883985,-0.976626317288,0.40784983419)) ;
#14079=CARTESIAN_POINT('Control Point',(8.39801222781,-1.45421613884,0.288332644851)) ;
#14080=CARTESIAN_POINT('Control Point',(7.93621576839,-2.25407106933,0.126744215765)) ;
#14081=CARTESIAN_POINT('Control Point',(7.48326421177,-3.03860617876,0.0369898628757)) ;
#14082=CARTESIAN_POINT('Control Point',(7.29790370549,-3.35965999335,0.0123313677932)) ;
#14083=CARTESIAN_POINT('Control Point',(7.11305348013,-3.67982997547,2.12045343672E-006)) ;
#14084=CARTESIAN_POINT('Control Point',(6.92820325195,-3.99999996245,2.12045343662E-006)) ;
#14086=CARTESIAN_POINT('Line Origine',(8.08290376865,-2.,6.4)) ;
#14090=CARTESIAN_POINT('Vertex',(6.92820323028,-4.,6.4)) ;
#14093=CARTESIAN_POINT('Line Origine',(5.7735026919,-6.,6.4)) ;
#14097=CARTESIAN_POINT('Vertex',(4.61880215352,-8.,6.4)) ;
#14100=CARTESIAN_POINT('Line Origine',(4.61880215352,-8.,3.55726558991)) ;
#14114=CARTESIAN_POINT('Axis2P3D Location',(-4.61880215352,8.,0.)) ;
#14120=CARTESIAN_POINT('Control Point',(-9.23760430703,0.,0.714531179816)) ;
#14121=CARTESIAN_POINT('Control Point',(-8.95392750737,0.491342629954,0.550750303165)) ;
#14122=CARTESIAN_POINT('Control Point',(-8.67374883985,0.976626317292,0.407849834191)) ;
#14123=CARTESIAN_POINT('Control Point',(-8.39801222781,1.45421613884,0.288332644848)) ;
#14124=CARTESIAN_POINT('Control Point',(-7.93621576839,2.25407106931,0.12674421577)) ;
#14125=CARTESIAN_POINT('Control Point',(-7.48326421178,3.03860617874,0.0369898628761)) ;
#14126=CARTESIAN_POINT('Control Point',(-7.2979037055,3.35965999333,0.0123313677931)) ;
#14127=CARTESIAN_POINT('Control Point',(-7.11305348013,3.67982997545,2.1204532552E-006)) ;
#14128=CARTESIAN_POINT('Control Point',(-6.92820325196,3.99999996244,2.12045325515E-006)) ;
#14129=CARTESIAN_POINT('Vertex',(-9.23760430703,0.,0.714531179816)) ;
#14132=CARTESIAN_POINT('Line Origine',(-9.23760430703,0.,3.55726558991)) ;
#14136=CARTESIAN_POINT('Vertex',(-9.23760430703,0.,6.4)) ;
#14139=CARTESIAN_POINT('Line Origine',(-8.08290376865,2.,6.4)) ;
#14143=CARTESIAN_POINT('Vertex',(-6.92820323028,4.,6.4)) ;
#14146=CARTESIAN_POINT('Line Origine',(-5.7735026919,6.,6.4)) ;
#14160=CARTESIAN_POINT('Axis2P3D Location',(-4.61880215352,-8.,0.)) ;
#14166=CARTESIAN_POINT('Control Point',(4.33701226044E-008,-8.,2.12045331677E-006)) ;
#14167=CARTESIAN_POINT('Control Point',(-0.369700419037,-8.,2.12045331681E-006)) ;
#14168=CARTESIAN_POINT('Control Point',(-0.739400887063,-8.,0.0123313681974)) ;
#14169=CARTESIAN_POINT('Control Point',(-1.1101219282,-8.,0.0369898632823)) ;
#14170=CARTESIAN_POINT('Control Point',(-2.01602546752,-8.,0.126744248553)) ;
#14171=CARTESIAN_POINT('Control Point',(-2.93961869361,-8.,0.288332778447)) ;
#14172=CARTESIAN_POINT('Control Point',(-3.49109045141,-8.,0.407849638407)) ;
#14173=CARTESIAN_POINT('Control Point',(-4.05144816552,-8.,0.550750190968)) ;
#14174=CARTESIAN_POINT('Control Point',(-4.61880215352,-8.,0.714531179816)) ;
#14175=CARTESIAN_POINT('Vertex',(-4.61880215352,-8.,0.714531179816)) ;
#14179=CARTESIAN_POINT('Control Point',(4.37041991875,-8.,0.644294851929)) ;
#14180=CARTESIAN_POINT('Control Point',(3.85518475458,-8.,0.501679580478)) ;
#14181=CARTESIAN_POINT('Control Point',(3.34605413414,-8.,0.376939839814)) ;
#14182=CARTESIAN_POINT('Control Point',(2.84420087725,-8.,0.271822412877)) ;
#14183=CARTESIAN_POINT('Control Point',(1.96920711968,-8.,0.122105623261)) ;
#14184=CARTESIAN_POINT('Control Point',(1.110121963,-8.,0.0369898628763)) ;
#14185=CARTESIAN_POINT('Control Point',(0.739400950445,-8.,0.0123313677932)) ;
#14186=CARTESIAN_POINT('Control Point',(0.369700499717,-8.,2.12045331673E-006)) ;
#14187=CARTESIAN_POINT('Control Point',(4.33701226044E-008,-8.,2.12045331677E-006)) ;
#14188=CARTESIAN_POINT('Vertex',(4.37041991875,-8.,0.644294851929)) ;
#14192=CARTESIAN_POINT('Control Point',(4.37041991875,-8.,0.644294851929)) ;
#14193=CARTESIAN_POINT('Control Point',(4.419983876,-8.,0.658013980025)) ;
#14194=CARTESIAN_POINT('Control Point',(4.46960432201,-8.,0.671898524445)) ;
#14195=CARTESIAN_POINT('Control Point',(4.51928635793,-8.,0.685948670565)) ;
#14196=CARTESIAN_POINT('Control Point',(4.56901732037,-8.,0.700159536406)) ;
#14197=CARTESIAN_POINT('Control Point',(4.61880215352,-8.,0.714531179816)) ;
#14199=CARTESIAN_POINT('Line Origine',(2.30940107676,-8.,6.4)) ;
#14203=CARTESIAN_POINT('Vertex',(-8.57495498219E-015,-8.,6.4)) ;
#14206=CARTESIAN_POINT('Line Origine',(-2.30940107676,-8.,6.4)) ;
#14210=CARTESIAN_POINT('Vertex',(-4.61880215352,-8.,6.4)) ;
#14213=CARTESIAN_POINT('Line Origine',(-4.61880215352,-8.,3.55726558991)) ;
#14228=CARTESIAN_POINT('Axis2P3D Location',(-9.23760430703,4.4408920985E-016,0.)) ;
#14234=CARTESIAN_POINT('Control Point',(-6.92820320859,-4.00000003757,2.1204528972E-006)) ;
#14235=CARTESIAN_POINT('Control Point',(-7.11305343979,-3.67983004533,2.12045289723E-006)) ;
#14236=CARTESIAN_POINT('Control Point',(-7.2979036738,-3.35966004823,0.0123313681971)) ;
#14237=CARTESIAN_POINT('Control Point',(-7.48326419437,-3.03860620889,0.036989863282)) ;
#14238=CARTESIAN_POINT('Control Point',(-7.93621596403,-2.25407073046,0.126744248551)) ;
#14239=CARTESIAN_POINT('Control Point',(-8.39801257708,-1.4542155339,0.288332778448)) ;
#14240=CARTESIAN_POINT('Control Point',(-8.67374845598,-0.976626982172,0.407849638405)) ;
#14241=CARTESIAN_POINT('Control Point',(-8.95392731304,-0.491342966544,0.550750190968)) ;
#14242=CARTESIAN_POINT('Control Point',(-9.23760430703,5.94966725733E-017,0.714531179816)) ;
#14245=CARTESIAN_POINT('Control Point',(-4.61880215352,-8.,0.714531179816)) ;
#14246=CARTESIAN_POINT('Control Point',(-4.90247895319,-7.50865737004,0.550750303164)) ;
#14247=CARTESIAN_POINT('Control Point',(-5.18265762071,-7.0233736827,0.407849834188)) ;
#14248=CARTESIAN_POINT('Control Point',(-5.45839423274,-6.54578386116,0.288332644848)) ;
#14249=CARTESIAN_POINT('Control Point',(-5.92019069216,-5.74592893069,0.12674421577)) ;
#14250=CARTESIAN_POINT('Control Point',(-6.37314224878,-4.96139382126,0.0369898628757)) ;
#14251=CARTESIAN_POINT('Control Point',(-6.55850275505,-4.64034000667,0.0123313677927)) ;
#14252=CARTESIAN_POINT('Control Point',(-6.74335298042,-4.32017002455,2.12045289718E-006)) ;
#14253=CARTESIAN_POINT('Control Point',(-6.92820320859,-4.00000003757,2.1204528972E-006)) ;
#14255=CARTESIAN_POINT('Line Origine',(-5.7735026919,-6.,6.4)) ;
#14259=CARTESIAN_POINT('Vertex',(-6.92820323028,-4.,6.4)) ;
#14262=CARTESIAN_POINT('Line Origine',(-8.08290376865,-2.,6.4)) ;
#14288=CARTESIAN_POINT('Line Origine',(5.15382454,-9.43401254032,1.58771324027)) ;
#14318=CARTESIAN_POINT('Axis2P3D Location',(0.,0.,81.4)) ;
#14323=CARTESIAN_POINT('Axis2P3D Location',(0.,0.,81.4)) ;
#14327=CARTESIAN_POINT('Vertex',(-1.91770215442,3.51033024756,81.4)) ;
#14329=CARTESIAN_POINT('Vertex',(1.91770215442,-3.51033024756,81.4)) ;
#14332=CARTESIAN_POINT('Line Origine',(-2.15741492372,3.94912152851,80.9)) ;
#14336=CARTESIAN_POINT('Vertex',(-2.39712769302,4.38791280945,80.4)) ;
#14339=CARTESIAN_POINT('Axis2P3D Location',(0.,0.,80.4)) ;
#14343=CARTESIAN_POINT('Vertex',(2.39712769302,-4.38791280945,80.4)) ;
#14346=CARTESIAN_POINT('Line Origine',(2.15741492372,-3.94912152851,80.9)) ;
#14358=CARTESIAN_POINT('Axis2P3D Location',(0.,0.,81.4)) ;
#14363=CARTESIAN_POINT('Axis2P3D Location',(0.,0.,80.4)) ;
#14375=CARTESIAN_POINT('Axis2P3D Location',(0.,0.,40.7)) ;
#14380=CARTESIAN_POINT('Line Origine',(-2.39712769302,4.38791280945,43.4)) ;
#14384=CARTESIAN_POINT('Vertex',(-2.39712769302,4.38791280945,6.4)) ;
#14387=CARTESIAN_POINT('Axis2P3D Location',(0.,0.,6.4)) ;
#14391=CARTESIAN_POINT('Vertex',(2.39712769302,-4.38791280945,6.4)) ;
#14394=CARTESIAN_POINT('Line Origine',(2.39712769302,-4.38791280945,43.4)) ;
#14406=CARTESIAN_POINT('Axis2P3D Location',(0.,0.,6.4)) ;
#14418=CARTESIAN_POINT('Axis2P3D Location',(0.,8.,6.4)) ;
#14423=CARTESIAN_POINT('Axis2P3D Location',(0.,0.,6.4)) ;
#14427=CARTESIAN_POINT('Vertex',(3.83540430883,-7.02066049512,6.4)) ;
#14430=CARTESIAN_POINT('Axis2P3D Location',(0.,0.,6.4)) ;
#14435=CARTESIAN_POINT('Axis2P3D Location',(0.,0.,6.4)) ;
#14440=CARTESIAN_POINT('Axis2P3D Location',(0.,0.,6.4)) ;
#14444=CARTESIAN_POINT('Vertex',(-3.83540430883,7.02066049512,6.4)) ;
#14447=CARTESIAN_POINT('Axis2P3D Location',(0.,0.,6.4)) ;
#14452=CARTESIAN_POINT('Axis2P3D Location',(0.,0.,6.4)) ;
#14457=CARTESIAN_POINT('Axis2P3D Location',(0.,0.,6.4)) ;
#14462=CARTESIAN_POINT('Axis2P3D Location',(0.,0.,6.4)) ;
#14520=CARTESIAN_POINT('Axis2P3D Location',(0.,0.,81.4)) ;
#14539=CARTESIAN_POINT('NONE',(0.,0.,0.)) ;
#14540=CARTESIAN_POINT('NONE',(-44.5,9.82474258705,57.7830466679)) ;
#14554=CARTESIAN_POINT('NONE',(0.,0.,0.)) ;
#14555=CARTESIAN_POINT('NONE',(-44.5,-54.953957616,-20.3830466679)) ;
#14569=CARTESIAN_POINT('NONE',(0.,0.,0.)) ;
#14570=CARTESIAN_POINT('NONE',(-44.5,45.129215029,-37.4)) ;
#14592=CARTESIAN_POINT('Axis2P3D Location',(1.,0.,0.)) ;
#14597=CARTESIAN_POINT('Axis2P3D Location',(0.,0.,0.)) ;
#14601=CARTESIAN_POINT('Vertex',(0.,5.26549537134,2.87655323163)) ;
#14603=CARTESIAN_POINT('Vertex',(0.,-5.26549537134,-2.87655323163)) ;
#14606=CARTESIAN_POINT('Line Origine',(1.,5.26549537134,2.87655323163)) ;
#14610=CARTESIAN_POINT('Vertex',(2.,5.26549537134,2.87655323163)) ;
#14613=CARTESIAN_POINT('Axis2P3D Location',(2.,0.,0.)) ;
#14617=CARTESIAN_POINT('Vertex',(2.,-5.26549537134,-2.87655323163)) ;
#14620=CARTESIAN_POINT('Line Origine',(1.,-5.26549537134,-2.87655323163)) ;
#14632=CARTESIAN_POINT('Axis2P3D Location',(0.,0.,0.)) ;
#14637=CARTESIAN_POINT('Axis2P3D Location',(2.,0.,0.)) ;
#14649=CARTESIAN_POINT('Axis2P3D Location',(1.,0.,0.)) ;
#14654=CARTESIAN_POINT('Axis2P3D Location',(2.,0.,0.)) ;
#14658=CARTESIAN_POINT('Vertex',(2.,8.7758256189,4.79425538604)) ;
#14660=CARTESIAN_POINT('Vertex',(2.,-8.7758256189,-4.79425538604)) ;
#14663=CARTESIAN_POINT('Line Origine',(1.,8.7758256189,4.79425538604)) ;
#14667=CARTESIAN_POINT('Vertex',(0.,8.7758256189,4.79425538604)) ;
#14670=CARTESIAN_POINT('Axis2P3D Location',(0.,0.,0.)) ;
#14674=CARTESIAN_POINT('Vertex',(0.,-8.7758256189,-4.79425538604)) ;
#14677=CARTESIAN_POINT('Line Origine',(1.,-8.7758256189,-4.79425538604)) ;
#14689=CARTESIAN_POINT('Axis2P3D Location',(2.,0.,0.)) ;
#14694=CARTESIAN_POINT('Axis2P3D Location',(0.,0.,0.)) ;
#14706=CARTESIAN_POINT('Axis2P3D Location',(2.,10.,0.)) ;
#14720=CARTESIAN_POINT('Axis2P3D Location',(0.,6.,0.)) ;
#14743=CARTESIAN_POINT('NONE',(0.,0.,0.)) ;
#14744=CARTESIAN_POINT('NONE',(-44.5,-49.4113950318,23.5830466679)) ;
#14758=CARTESIAN_POINT('NONE',(0.,0.,0.)) ;
#14759=CARTESIAN_POINT('NONE',(-44.5,45.129215029,33.)) ;
#14773=CARTESIAN_POINT('NONE',(0.,0.,0.)) ;
#14774=CARTESIAN_POINT('NONE',(-44.5,6.0142308104,-55.5830466679)) ;
#14796=CARTESIAN_POINT('Axis2P3D Location',(0.,0.,0.)) ;
#14801=CARTESIAN_POINT('Axis2P3D Location',(0.,0.,0.)) ;
#14805=CARTESIAN_POINT('Vertex',(-7.66447527489E-006,8.,2.91666946522E-007)) ;
#14807=CARTESIAN_POINT('Vertex',(-3.83540430883,7.02066049512,0.)) ;
#14810=CARTESIAN_POINT('Line Origine',(-5.76605964363,10.5547013803,2.325)) ;
#14814=CARTESIAN_POINT('Vertex',(-4.37041991875,8.,0.644294851929)) ;
#14818=CARTESIAN_POINT('Control Point',(-4.37041991875,8.,0.644294851929)) ;
#14819=CARTESIAN_POINT('Control Point',(-3.21547743537,8.,0.324610856673)) ;
#14820=CARTESIAN_POINT('Control Point',(-2.10967799059,8.00000671901,0.106145349808)) ;
#14821=CARTESIAN_POINT('Control Point',(-1.05592854547,7.99999973946,2.91666946572E-007)) ;
#14822=CARTESIAN_POINT('Control Point',(-5.80134179451E-006,8.00000050518,2.91666946539E-007)) ;
#14830=CARTESIAN_POINT('Axis2P3D Location',(0.,0.,0.)) ;
#14834=CARTESIAN_POINT('Vertex',(-6.92820706251,3.99999336237,2.91666961087E-007)) ;
#14838=CARTESIAN_POINT('Control Point',(-6.92820656844,3.99999522848,2.91666932523E-007)) ;
#14839=CARTESIAN_POINT('Control Point',(-6.37195922091,4.96344550949,2.91666915418E-007)) ;
#14840=CARTESIAN_POINT('Control Point',(-5.81669268679,5.92519135189,0.117688896363)) ;
#14841=CARTESIAN_POINT('Control Point',(-5.23123386657,6.93923715683,0.360943565426)) ;
#14842=CARTESIAN_POINT('Control Point',(-4.61880215352,8.,0.714531179816)) ;
#14843=CARTESIAN_POINT('Vertex',(-4.61880215352,8.,0.714531179816)) ;
#14847=CARTESIAN_POINT('Control Point',(-4.37041991875,8.,0.644294851929)) ;
#14848=CARTESIAN_POINT('Control Point',(-4.45293833961,8.,0.667135659018)) ;
#14849=CARTESIAN_POINT('Control Point',(-4.53573833944,8.,0.690552722108)) ;
#14850=CARTESIAN_POINT('Control Point',(-4.61880215352,8.,0.714531179816)) ;
#14859=CARTESIAN_POINT('Axis2P3D Location',(0.,0.,0.)) ;
#14864=CARTESIAN_POINT('Axis2P3D Location',(0.,0.,0.)) ;
#14868=CARTESIAN_POINT('Vertex',(-6.92819939804,-4.00000663763,2.91667242385E-007)) ;
#14871=CARTESIAN_POINT('Axis2P3D Location',(0.,0.,0.)) ;
#14875=CARTESIAN_POINT('Vertex',(6.92819939804,4.00000663763,2.91667445467E-007)) ;
#14878=CARTESIAN_POINT('Axis2P3D Location',(0.,0.,0.)) ;
#14882=CARTESIAN_POINT('Vertex',(6.92820706251,-3.99999336237,2.91667041069E-007)) ;
#14885=CARTESIAN_POINT('Axis2P3D Location',(0.,0.,0.)) ;
#14889=CARTESIAN_POINT('Vertex',(3.83540430883,-7.02066049512,0.)) ;
#14892=CARTESIAN_POINT('Axis2P3D Location',(0.,0.,0.)) ;
#14896=CARTESIAN_POINT('Vertex',(7.66447498268E-006,-8.,2.91666906189E-007)) ;
#14899=CARTESIAN_POINT('Axis2P3D Location',(0.,0.,0.)) ;
#14914=CARTESIAN_POINT('Axis2P3D Location',(0.,0.,0.)) ;
#14918=CARTESIAN_POINT('Vertex',(2.51698407767,-4.60730844992,-6.66133814775E-016)) ;
#14920=CARTESIAN_POINT('Vertex',(-2.51698407767,4.60730844992,-6.66133814775E-016)) ;
#14923=CARTESIAN_POINT('Axis2P3D Location',(0.,0.,0.)) ;
#14933=CARTESIAN_POINT('Axis2P3D Location',(9.23760430703,0.,0.)) ;
#14939=CARTESIAN_POINT('Control Point',(6.92819939804,4.00000663763,2.91667445819E-007)) ;
#14940=CARTESIAN_POINT('Control Point',(7.11280788312,3.68025536196,2.91667445709E-007)) ;
#14941=CARTESIAN_POINT('Control Point',(7.29744043045,3.36046240925,0.012297913333)) ;
#14942=CARTESIAN_POINT('Control Point',(7.48278973631,3.03942799435,0.0368992033058)) ;
#14943=CARTESIAN_POINT('Control Point',(7.93285509489,2.25989192657,0.125973544293)) ;
#14944=CARTESIAN_POINT('Control Point',(8.39428674385,1.46066886634,0.286985265015)) ;
#14945=CARTESIAN_POINT('Control Point',(8.66957280999,0.983859413178,0.405841598256)) ;
#14946=CARTESIAN_POINT('Control Point',(8.95091428664,0.496561681347,0.549010619367)) ;
#14947=CARTESIAN_POINT('Control Point',(9.23760430703,-3.84592537277E-016,0.714531179816)) ;
#14948=CARTESIAN_POINT('Vertex',(9.23760430703,8.881784197E-016,0.714531179816)) ;
#14952=CARTESIAN_POINT('Control Point',(4.61880215352,8.,0.714531179816)) ;
#14953=CARTESIAN_POINT('Control Point',(5.00693459794,7.3277348862,0.49044280855)) ;
#14954=CARTESIAN_POINT('Control Point',(5.38526378743,6.67244950801,0.307322193818)) ;
#14955=CARTESIAN_POINT('Control Point',(5.7521133153,6.03704748701,0.170020534335)) ;
#14956=CARTESIAN_POINT('Control Point',(6.20443668166,5.25360043501,0.0538225122411)) ;
#14957=CARTESIAN_POINT('Control Point',(6.65064232966,4.48074958206,0.00926111287261)) ;
#14958=CARTESIAN_POINT('Control Point',(6.7432133971,4.32041178994,0.00308748558621)) ;
#14959=CARTESIAN_POINT('Control Point',(6.83570337728,4.16021444508,2.91667445874E-007)) ;
#14960=CARTESIAN_POINT('Control Point',(6.92819939804,4.00000663763,2.91667445819E-007)) ;
#14961=CARTESIAN_POINT('Vertex',(4.61880215352,8.,0.714531179816)) ;
#14964=CARTESIAN_POINT('Line Origine',(4.61880215352,8.,4.65)) ;
#14968=CARTESIAN_POINT('Vertex',(4.61880215352,8.,8.58546882018)) ;
#14972=CARTESIAN_POINT('Control Point',(6.92820706251,3.99999336238,9.29999970833)) ;
#14973=CARTESIAN_POINT('Control Point',(6.74359857743,4.31974463804,9.29999970833)) ;
#14974=CARTESIAN_POINT('Control Point',(6.5589660301,4.63953759076,9.28770208667)) ;
#14975=CARTESIAN_POINT('Control Point',(6.37361672424,4.96057200565,9.26310079669)) ;
#14976=CARTESIAN_POINT('Control Point',(5.92355136566,5.74010807343,9.17402645571)) ;
#14977=CARTESIAN_POINT('Control Point',(5.4621197167,6.53933113366,9.01301473499)) ;
#14978=CARTESIAN_POINT('Control Point',(5.18683365056,7.01614058683,8.89415840174)) ;
#14979=CARTESIAN_POINT('Control Point',(4.90549217391,7.50343831865,8.75098938063)) ;
#14980=CARTESIAN_POINT('Control Point',(4.61880215352,8.,8.58546882018)) ;
#14981=CARTESIAN_POINT('Vertex',(6.92820706251,3.99999336238,9.29999970833)) ;
#14985=CARTESIAN_POINT('Control Point',(9.23760430703,-1.34607388047E-015,8.58546882018)) ;
#14986=CARTESIAN_POINT('Control Point',(8.84947186261,0.672265113807,8.80955719145)) ;
#14987=CARTESIAN_POINT('Control Point',(8.47114267311,1.32755049201,8.99267780619)) ;
#14988=CARTESIAN_POINT('Control Point',(8.10429314526,1.96295251297,9.12997946566)) ;
#14989=CARTESIAN_POINT('Control Point',(7.65196977889,2.74639956498,9.24617748776)) ;
#14990=CARTESIAN_POINT('Control Point',(7.20576413089,3.51925041794,9.29073888713)) ;
#14991=CARTESIAN_POINT('Control Point',(7.11319306345,3.67958821006,9.29691251441)) ;
#14992=CARTESIAN_POINT('Control Point',(7.02070308327,3.83978555492,9.29999970833)) ;
#14993=CARTESIAN_POINT('Control Point',(6.92820706251,3.99999336238,9.29999970833)) ;
#14994=CARTESIAN_POINT('Vertex',(9.23760430703,8.881784197E-016,8.58546882018)) ;
#14997=CARTESIAN_POINT('Line Origine',(9.23760430703,0.,4.65)) ;
#15011=CARTESIAN_POINT('Axis2P3D Location',(4.61880215352,8.,0.)) ;
#15017=CARTESIAN_POINT('Control Point',(-7.66447527489E-006,8.,2.91666946518E-007)) ;
#15018=CARTESIAN_POINT('Control Point',(0.369209305685,8.,2.91666946479E-007)) ;
#15019=CARTESIAN_POINT('Control Point',(0.738474400367,8.,0.0122979133331)) ;
#15020=CARTESIAN_POINT('Control Point',(1.10917301209,8.,0.0368992033073)) ;
#15021=CARTESIAN_POINT('Control Point',(2.00930372923,8.,0.125973544294)) ;
#15022=CARTESIAN_POINT('Control Point',(2.93216702714,8.,0.286985265012)) ;
#15023=CARTESIAN_POINT('Control Point',(3.48273915945,8.,0.40584159826)) ;
#15024=CARTESIAN_POINT('Control Point',(4.04542211273,8.,0.54901061937)) ;
#15025=CARTESIAN_POINT('Control Point',(4.61880215352,8.,0.714531179816)) ;
#15027=CARTESIAN_POINT('Line Origine',(-4.61880215352,8.,4.65)) ;
#15031=CARTESIAN_POINT('Vertex',(-4.61880215352,8.,8.58546882018)) ;
#15035=CARTESIAN_POINT('Control Point',(-4.37041991875,8.,8.65570514807)) ;
#15036=CARTESIAN_POINT('Control Point',(-4.41993097126,8.,8.64200066382)) ;
#15037=CARTESIAN_POINT('Control Point',(-4.46952471226,8.,8.62812383075)) ;
#15038=CARTESIAN_POINT('Control Point',(-4.51920639436,8.,8.61407410098)) ;
#15039=CARTESIAN_POINT('Control Point',(-4.56896386507,8.,8.59985589481)) ;
#15040=CARTESIAN_POINT('Control Point',(-4.61880215352,8.,8.58546882018)) ;
#15041=CARTESIAN_POINT('Vertex',(-4.37041991875,8.,8.65570514807)) ;
#15045=CARTESIAN_POINT('Control Point',(7.66447582556E-006,8.,9.29999970833)) ;
#15046=CARTESIAN_POINT('Control Point',(-0.369209305684,8.,9.29999970833)) ;
#15047=CARTESIAN_POINT('Control Point',(-0.738474400364,8.,9.28770208667)) ;
#15048=CARTESIAN_POINT('Control Point',(-1.10917301209,8.,9.26310079669)) ;
#15049=CARTESIAN_POINT('Control Point',(-1.96349943955,8.,9.17855911618)) ;
#15050=CARTESIAN_POINT('Control Point',(-2.83830375957,8.,9.02921502947)) ;
#15051=CARTESIAN_POINT('Control Point',(-3.33938462038,8.,8.92460046123)) ;
#15052=CARTESIAN_POINT('Control Point',(-3.85034024648,8.,8.79966136223)) ;
#15053=CARTESIAN_POINT('Control Point',(-4.37041991875,8.,8.65570514807)) ;
#15054=CARTESIAN_POINT('Vertex',(7.66447582556E-006,8.,9.29999970833)) ;
#15058=CARTESIAN_POINT('Control Point',(4.61880215352,8.,8.58546882018)) ;
#15059=CARTESIAN_POINT('Control Point',(3.84253726471,8.,8.80955719144)) ;
#15060=CARTESIAN_POINT('Control Point',(3.08587888575,8.,8.99267780617)) ;
#15061=CARTESIAN_POINT('Control Point',(2.3521798299,8.,9.12997946568)) ;
#15062=CARTESIAN_POINT('Control Point',(1.4475330972,8.,9.24617748776)) ;
#15063=CARTESIAN_POINT('Control Point',(0.555121801238,8.,9.29073888713)) ;
#15064=CARTESIAN_POINT('Control Point',(0.369979666354,8.,9.29691251441)) ;
#15065=CARTESIAN_POINT('Control Point',(0.184999706003,8.,9.29999970833)) ;
#15066=CARTESIAN_POINT('Control Point',(7.66447582556E-006,8.,9.29999970833)) ;
#15079=CARTESIAN_POINT('Axis2P3D Location',(4.61880215352,-8.,0.)) ;
#15085=CARTESIAN_POINT('Control Point',(6.92820706251,-3.99999336237,2.91667041119E-007)) ;
#15086=CARTESIAN_POINT('Control Point',(6.74359857743,-4.31974463803,2.91667041192E-007)) ;
#15087=CARTESIAN_POINT('Control Point',(6.55896603009,-4.63953759076,0.0122979133331)) ;
#15088=CARTESIAN_POINT('Control Point',(6.37361672423,-4.96057200566,0.0368992033072)) ;
#15089=CARTESIAN_POINT('Control Point',(5.92355136566,-5.74010807344,0.125973544294)) ;
#15090=CARTESIAN_POINT('Control Point',(5.4621197167,-6.53933113365,0.286985265014)) ;
#15091=CARTESIAN_POINT('Control Point',(5.18683365056,-7.01614058683,0.405841598257)) ;
#15092=CARTESIAN_POINT('Control Point',(4.90549217391,-7.50343831865,0.549010619368)) ;
#15093=CARTESIAN_POINT('Control Point',(4.61880215352,-8.,0.714531179816)) ;
#15094=CARTESIAN_POINT('Vertex',(4.61880215352,-8.,0.714531179816)) ;
#15098=CARTESIAN_POINT('Control Point',(9.23760430703,1.7763568394E-015,0.714531179816)) ;
#15099=CARTESIAN_POINT('Control Point',(8.84947186262,-0.672265113794,0.490442808552)) ;
#15100=CARTESIAN_POINT('Control Point',(8.47114267313,-1.32755049198,0.30732219382)) ;
#15101=CARTESIAN_POINT('Control Point',(8.10429314525,-1.96295251299,0.170020534329)) ;
#15102=CARTESIAN_POINT('Control Point',(7.65196977889,-2.74639956499,0.0538225122427)) ;
#15103=CARTESIAN_POINT('Control Point',(7.20576413089,-3.51925041793,0.00926111287261)) ;
#15104=CARTESIAN_POINT('Control Point',(7.11319306345,-3.67958821005,0.00308748558594)) ;
#15105=CARTESIAN_POINT('Control Point',(7.02070308328,-3.83978555491,2.91667041082E-007)) ;
#15106=CARTESIAN_POINT('Control Point',(6.92820706251,-3.99999336237,2.91667041119E-007)) ;
#15109=CARTESIAN_POINT('Control Point',(6.92819939804,-4.00000663763,9.29999970833)) ;
#15110=CARTESIAN_POINT('Control Point',(7.11280788312,-3.68025536196,9.29999970833)) ;
#15111=CARTESIAN_POINT('Control Point',(7.29744043046,-3.36046240924,9.28770208667)) ;
#15112=CARTESIAN_POINT('Control Point',(7.48278973632,-3.03942799434,9.26310079669)) ;
#15113=CARTESIAN_POINT('Control Point',(7.93285509489,-2.25989192657,9.17402645571)) ;
#15114=CARTESIAN_POINT('Control Point',(8.39428674386,-1.46066886634,9.01301473498)) ;
#15115=CARTESIAN_POINT('Control Point',(8.66957280999,-0.983859413177,8.89415840174)) ;
#15116=CARTESIAN_POINT('Control Point',(8.95091428664,-0.496561681347,8.75098938063)) ;
#15117=CARTESIAN_POINT('Control Point',(9.23760430703,8.881784197E-016,8.58546882018)) ;
#15118=CARTESIAN_POINT('Vertex',(6.92819939804,-4.00000663763,9.29999970833)) ;
#15122=CARTESIAN_POINT('Control Point',(4.61880215352,-8.,8.58546882018)) ;
#15123=CARTESIAN_POINT('Control Point',(5.00693459794,-7.3277348862,8.80955719145)) ;
#15124=CARTESIAN_POINT('Control Point',(5.38526378743,-6.672449508,8.99267780619)) ;
#15125=CARTESIAN_POINT('Control Point',(5.75211331529,-6.03704748702,9.12997946566)) ;
#15126=CARTESIAN_POINT('Control Point',(6.20443668166,-5.25360043502,9.24617748776)) ;
#15127=CARTESIAN_POINT('Control Point',(6.65064232966,-4.48074958206,9.29073888713)) ;
#15128=CARTESIAN_POINT('Control Point',(6.7432133971,-4.32041178994,9.29691251441)) ;
#15129=CARTESIAN_POINT('Control Point',(6.83570337728,-4.16021444509,9.29999970833)) ;
#15130=CARTESIAN_POINT('Control Point',(6.92819939804,-4.00000663763,9.29999970833)) ;
#15131=CARTESIAN_POINT('Vertex',(4.61880215352,-8.,8.58546882018)) ;
#15134=CARTESIAN_POINT('Line Origine',(4.61880215352,-8.,4.65)) ;
#15148=CARTESIAN_POINT('Axis2P3D Location',(-4.61880215352,8.,0.)) ;
#15154=CARTESIAN_POINT('Control Point',(-9.23760430703,2.6645352591E-015,0.714531179816)) ;
#15155=CARTESIAN_POINT('Control Point',(-8.84947186263,0.672265113771,0.490442808559)) ;
#15156=CARTESIAN_POINT('Control Point',(-8.47114267315,1.32755049194,0.307322193833)) ;
#15157=CARTESIAN_POINT('Control Point',(-8.10429314522,1.96295251304,0.170020534322)) ;
#15158=CARTESIAN_POINT('Control Point',(-7.65196977888,2.74639956501,0.0538225122419)) ;
#15159=CARTESIAN_POINT('Control Point',(-7.2057641309,3.51925041793,0.00926111287265)) ;
#15160=CARTESIAN_POINT('Control Point',(-7.11319306345,3.67958821005,0.00308748558591)) ;
#15161=CARTESIAN_POINT('Control Point',(-7.02070308328,3.83978555491,2.9166696097E-007)) ;
#15162=CARTESIAN_POINT('Control Point',(-6.92820706251,3.99999336237,2.91666960982E-007)) ;
#15163=CARTESIAN_POINT('Vertex',(-9.23760430703,2.6645352591E-015,0.714531179816)) ;
#15166=CARTESIAN_POINT('Line Origine',(-9.23760430703,2.6645352591E-015,4.65)) ;
#15170=CARTESIAN_POINT('Vertex',(-9.23760430703,2.6645352591E-015,8.58546882018)) ;
#15174=CARTESIAN_POINT('Control Point',(-6.92819939804,4.00000663762,9.29999970833)) ;
#15175=CARTESIAN_POINT('Control Point',(-7.11280788312,3.68025536196,9.29999970833)) ;
#15176=CARTESIAN_POINT('Control Point',(-7.29744043045,3.36046240925,9.28770208667)) ;
#15177=CARTESIAN_POINT('Control Point',(-7.48278973631,3.03942799436,9.2631007967)) ;
#15178=CARTESIAN_POINT('Control Point',(-7.9328550949,2.25989192656,9.17402645571)) ;
#15179=CARTESIAN_POINT('Control Point',(-8.39428674387,1.46066886631,9.01301473498)) ;
#15180=CARTESIAN_POINT('Control Point',(-8.66957280998,0.983859413203,8.89415840175)) ;
#15181=CARTESIAN_POINT('Control Point',(-8.95091428663,0.496561681361,8.75098938064)) ;
#15182=CARTESIAN_POINT('Control Point',(-9.23760430703,2.6645352591E-015,8.58546882018)) ;
#15183=CARTESIAN_POINT('Vertex',(-6.92819939804,4.00000663762,9.29999970833)) ;
#15187=CARTESIAN_POINT('Control Point',(-4.61880215352,8.,8.58546882018)) ;
#15188=CARTESIAN_POINT('Control Point',(-5.00693459793,7.32773488621,8.80955719145)) ;
#15189=CARTESIAN_POINT('Control Point',(-5.38526378742,6.67244950803,8.99267780618)) ;
#15190=CARTESIAN_POINT('Control Point',(-5.75211331531,6.037047487,9.12997946566)) ;
#15191=CARTESIAN_POINT('Control Point',(-6.20443668167,5.253600435,9.24617748776)) ;
#15192=CARTESIAN_POINT('Control Point',(-6.65064232966,4.48074958205,9.29073888713)) ;
#15193=CARTESIAN_POINT('Control Point',(-6.74321339711,4.32041178993,9.29691251441)) ;
#15194=CARTESIAN_POINT('Control Point',(-6.83570337728,4.16021444508,9.29999970833)) ;
#15195=CARTESIAN_POINT('Control Point',(-6.92819939804,4.00000663762,9.29999970833)) ;
#15206=CARTESIAN_POINT('Axis2P3D Location',(-4.61880215352,-8.,0.)) ;
#15212=CARTESIAN_POINT('Control Point',(7.66447498357E-006,-8.,2.9166690603E-007)) ;
#15213=CARTESIAN_POINT('Control Point',(-0.369209305685,-8.,2.91666906065E-007)) ;
#15214=CARTESIAN_POINT('Control Point',(-0.738474400366,-8.,0.0122979133331)) ;
#15215=CARTESIAN_POINT('Control Point',(-1.10917301209,-8.,0.0368992033072)) ;
#15216=CARTESIAN_POINT('Control Point',(-2.00930372925,-8.,0.125973544295)) ;
#15217=CARTESIAN_POINT('Control Point',(-2.93216702717,-8.,0.286985265018)) ;
#15218=CARTESIAN_POINT('Control Point',(-3.48273915942,-8.,0.405841598252)) ;
#15219=CARTESIAN_POINT('Control Point',(-4.04542211272,-8.,0.549010619365)) ;
#15220=CARTESIAN_POINT('Control Point',(-4.61880215352,-8.,0.714531179816)) ;
#15221=CARTESIAN_POINT('Vertex',(-4.61880215352,-8.,0.714531179816)) ;
#15225=CARTESIAN_POINT('Control Point',(4.37041991875,-8.,0.644294851929)) ;
#15226=CARTESIAN_POINT('Control Point',(3.64880624249,-8.,0.444554738134)) ;
#15227=CARTESIAN_POINT('Control Point',(2.94475793317,-8.,0.281425860158)) ;
#15228=CARTESIAN_POINT('Control Point',(2.26011343819,-8.,0.158376543325)) ;
#15229=CARTESIAN_POINT('Control Point',(1.40210686769,-8.,0.0515542124519)) ;
#15230=CARTESIAN_POINT('Control Point',(0.555121801238,-8.,0.00926111287254)) ;
#15231=CARTESIAN_POINT('Control Point',(0.369979666354,-8.,0.00308748558583)) ;
#15232=CARTESIAN_POINT('Control Point',(0.184999706002,-8.,2.91666906013E-007)) ;
#15233=CARTESIAN_POINT('Control Point',(7.66447498357E-006,-8.,2.9166690603E-007)) ;
#15234=CARTESIAN_POINT('Vertex',(4.37041991875,-8.,0.644294851929)) ;
#15238=CARTESIAN_POINT('Control Point',(4.37041991875,-8.,0.644294851929)) ;
#15239=CARTESIAN_POINT('Control Point',(4.41993097126,-8.,0.657999336183)) ;
#15240=CARTESIAN_POINT('Control Point',(4.46952471226,-8.,0.671876169248)) ;
#15241=CARTESIAN_POINT('Control Point',(4.51920639436,-8.,0.685925899023)) ;
#15242=CARTESIAN_POINT('Control Point',(4.56896386507,-8.,0.700144105191)) ;
#15243=CARTESIAN_POINT('Control Point',(4.61880215352,-8.,0.714531179816)) ;
#15246=CARTESIAN_POINT('Control Point',(4.37041991875,-8.,8.65570514807)) ;
#15247=CARTESIAN_POINT('Control Point',(4.41993097126,-8.,8.64200066382)) ;
#15248=CARTESIAN_POINT('Control Point',(4.46952471226,-8.,8.62812383075)) ;
#15249=CARTESIAN_POINT('Control Point',(4.51920639436,-8.,8.61407410098)) ;
#15250=CARTESIAN_POINT('Control Point',(4.56896386507,-8.,8.59985589481)) ;
#15251=CARTESIAN_POINT('Control Point',(4.61880215352,-8.,8.58546882018)) ;
#15252=CARTESIAN_POINT('Vertex',(4.37041991875,-8.,8.65570514807)) ;
#15256=CARTESIAN_POINT('Control Point',(-7.66447647926E-006,-8.,9.29999970833)) ;
#15257=CARTESIAN_POINT('Control Point',(0.369209305684,-8.,9.29999970833)) ;
#15258=CARTESIAN_POINT('Control Point',(0.738474400365,-8.,9.28770208667)) ;
#15259=CARTESIAN_POINT('Control Point',(1.10917301209,-8.,9.26310079669)) ;
#15260=CARTESIAN_POINT('Control Point',(1.96349943954,-8.,9.17855911618)) ;
#15261=CARTESIAN_POINT('Control Point',(2.83830375955,-8.,9.02921502947)) ;
#15262=CARTESIAN_POINT('Control Point',(3.3393846204,-8.,8.92460046123)) ;
#15263=CARTESIAN_POINT('Control Point',(3.85034024649,-8.,8.79966136223)) ;
#15264=CARTESIAN_POINT('Control Point',(4.37041991875,-8.,8.65570514807)) ;
#15265=CARTESIAN_POINT('Vertex',(-7.66447647926E-006,-8.,9.29999970833)) ;
#15269=CARTESIAN_POINT('Control Point',(-4.61880215352,-8.,8.58546882018)) ;
#15270=CARTESIAN_POINT('Control Point',(-3.84253726472,-8.,8.80955719144)) ;
#15271=CARTESIAN_POINT('Control Point',(-3.08587888577,-8.,8.99267780617)) ;
#15272=CARTESIAN_POINT('Control Point',(-2.35217982988,-8.,9.12997946568)) ;
#15273=CARTESIAN_POINT('Control Point',(-1.44753309719,-8.,9.24617748776)) ;
#15274=CARTESIAN_POINT('Control Point',(-0.555121801239,-8.,9.29073888713)) ;
#15275=CARTESIAN_POINT('Control Point',(-0.369979666355,-8.,9.29691251441)) ;
#15276=CARTESIAN_POINT('Control Point',(-0.184999706004,-8.,9.29999970833)) ;
#15277=CARTESIAN_POINT('Control Point',(-7.66447647926E-006,-8.,9.29999970833)) ;
#15278=CARTESIAN_POINT('Vertex',(-4.61880215352,-8.,8.58546882018)) ;
#15281=CARTESIAN_POINT('Line Origine',(-4.61880215352,-8.,4.65)) ;
#15297=CARTESIAN_POINT('Axis2P3D Location',(-9.23760430703,4.4408920985E-016,0.)) ;
#15303=CARTESIAN_POINT('Control Point',(-6.92819939804,-4.00000663763,2.91667242341E-007)) ;
#15304=CARTESIAN_POINT('Control Point',(-7.11280788312,-3.68025536196,2.91667242383E-007)) ;
#15305=CARTESIAN_POINT('Control Point',(-7.29744043046,-3.36046240924,0.0122979133332)) ;
#15306=CARTESIAN_POINT('Control Point',(-7.48278973632,-3.03942799434,0.0368992033069)) ;
#15307=CARTESIAN_POINT('Control Point',(-7.9328550949,-2.25989192656,0.125973544294)) ;
#15308=CARTESIAN_POINT('Control Point',(-8.39428674386,-1.46066886634,0.286985265015)) ;
#15309=CARTESIAN_POINT('Control Point',(-8.66957280999,-0.983859413177,0.405841598256)) ;
#15310=CARTESIAN_POINT('Control Point',(-8.95091428664,-0.496561681348,0.549010619367)) ;
#15311=CARTESIAN_POINT('Control Point',(-9.23760430703,2.51792941212E-016,0.714531179816)) ;
#15314=CARTESIAN_POINT('Control Point',(-4.61880215352,-8.,0.714531179816)) ;
#15315=CARTESIAN_POINT('Control Point',(-5.00693459793,-7.32773488622,0.490442808555)) ;
#15316=CARTESIAN_POINT('Control Point',(-5.38526378741,-6.67244950804,0.307322193826)) ;
#15317=CARTESIAN_POINT('Control Point',(-5.75211331531,-6.03704748698,0.170020534328)) ;
#15318=CARTESIAN_POINT('Control Point',(-6.20443668167,-5.25360043501,0.0538225122417)) ;
#15319=CARTESIAN_POINT('Control Point',(-6.65064232966,-4.48074958207,0.00926111287266)) ;
#15320=CARTESIAN_POINT('Control Point',(-6.7432133971,-4.32041178995,0.00308748558609)) ;
#15321=CARTESIAN_POINT('Control Point',(-6.83570337727,-4.16021444509,2.9166724232E-007)) ;
#15322=CARTESIAN_POINT('Control Point',(-6.92819939804,-4.00000663763,2.91667242341E-007)) ;
#15325=CARTESIAN_POINT('Control Point',(-6.92820706251,-3.99999336237,9.29999970833)) ;
#15326=CARTESIAN_POINT('Control Point',(-6.74359857743,-4.31974463804,9.29999970833)) ;
#15327=CARTESIAN_POINT('Control Point',(-6.55896603009,-4.63953759076,9.28770208667)) ;
#15328=CARTESIAN_POINT('Control Point',(-6.37361672423,-4.96057200567,9.26310079669)) ;
#15329=CARTESIAN_POINT('Control Point',(-5.92355136566,-5.74010807342,9.17402645571)) ;
#15330=CARTESIAN_POINT('Control Point',(-5.46211971671,-6.53933113363,9.01301473499)) ;
#15331=CARTESIAN_POINT('Control Point',(-5.18683365054,-7.01614058686,8.89415840174)) ;
#15332=CARTESIAN_POINT('Control Point',(-4.9054921739,-7.50343831867,8.75098938063)) ;
#15333=CARTESIAN_POINT('Control Point',(-4.61880215352,-8.,8.58546882018)) ;
#15334=CARTESIAN_POINT('Vertex',(-6.92820706251,-3.99999336237,9.29999970833)) ;
#15338=CARTESIAN_POINT('Control Point',(-9.23760430703,5.94966725733E-017,8.58546882018)) ;
#15339=CARTESIAN_POINT('Control Point',(-8.84947186262,-0.672265113791,8.80955719145)) ;
#15340=CARTESIAN_POINT('Control Point',(-8.47114267313,-1.32755049197,8.99267780617)) ;
#15341=CARTESIAN_POINT('Control Point',(-8.10429314524,-1.962952513,9.12997946567)) ;
#15342=CARTESIAN_POINT('Control Point',(-7.65196977889,-2.74639956499,9.24617748776)) ;
#15343=CARTESIAN_POINT('Control Point',(-7.20576413089,-3.51925041793,9.29073888713)) ;
#15344=CARTESIAN_POINT('Control Point',(-7.11319306345,-3.67958821005,9.29691251441)) ;
#15345=CARTESIAN_POINT('Control Point',(-7.02070308328,-3.83978555491,9.29999970833)) ;
#15346=CARTESIAN_POINT('Control Point',(-6.92820706251,-3.99999336237,9.29999970833)) ;
#15357=CARTESIAN_POINT('Axis2P3D Location',(0.,0.,1.02150537634)) ;
#15362=CARTESIAN_POINT('Line Origine',(-2.27727130837,4.16851716898,0.510752688172)) ;
#15366=CARTESIAN_POINT('Vertex',(-2.03755853907,3.72972588803,1.02150537634)) ;
#15369=CARTESIAN_POINT('Axis2P3D Location',(0.,0.,1.02150537634)) ;
#15373=CARTESIAN_POINT('Vertex',(-4.25,-3.25430058335E-015,1.02150537634)) ;
#15376=CARTESIAN_POINT('Axis2P3D Location',(0.,0.,1.02150537634)) ;
#15380=CARTESIAN_POINT('Vertex',(2.03755853907,-3.72972588803,1.02150537634)) ;
#15383=CARTESIAN_POINT('Line Origine',(2.27727130837,-4.16851716898,0.510752688172)) ;
#15396=CARTESIAN_POINT('Axis2P3D Location',(0.,0.,1.02150537634)) ;
#15400=CARTESIAN_POINT('Vertex',(4.25,0.,1.02150537634)) ;
#15403=CARTESIAN_POINT('Axis2P3D Location',(0.,0.,1.02150537634)) ;
#15428=CARTESIAN_POINT('Line Origine',(5.76605964363,-10.5547013803,2.325)) ;
#15458=CARTESIAN_POINT('Axis2P3D Location',(0.,0.,9.3)) ;
#15463=CARTESIAN_POINT('Axis2P3D Location',(0.,0.,9.3)) ;
#15474=CARTESIAN_POINT('Axis2P3D Location',(0.,0.,9.3)) ;
#15485=CARTESIAN_POINT('Axis2P3D Location',(0.,0.,9.3)) ;
#15489=CARTESIAN_POINT('Vertex',(3.83540430883,-7.02066049512,9.3)) ;
#15492=CARTESIAN_POINT('Line Origine',(5.76605964363,-10.5547013803,6.975)) ;
#15504=CARTESIAN_POINT('Axis2P3D Location',(0.,0.,9.3)) ;
#15515=CARTESIAN_POINT('Axis2P3D Location',(0.,0.,9.3)) ;
#15526=CARTESIAN_POINT('Axis2P3D Location',(0.,0.,9.3)) ;
#15537=CARTESIAN_POINT('Line Origine',(-5.76605964363,10.5547013803,6.975)) ;
#15541=CARTESIAN_POINT('Vertex',(-3.83540430883,7.02066049512,9.3)) ;
#15544=CARTESIAN_POINT('Axis2P3D Location',(0.,0.,9.3)) ;
#15555=CARTESIAN_POINT('Axis2P3D Location',(0.,0.,9.3)) ;
#15567=CARTESIAN_POINT('Axis2P3D Location',(0.,0.,4.65)) ;
#15572=CARTESIAN_POINT('Line Origine',(-4.25,5.20457700375E-016,4.65)) ;
#15576=CARTESIAN_POINT('Vertex',(-4.25,-3.25430058335E-015,8.32105263158)) ;
#15579=CARTESIAN_POINT('Axis2P3D Location',(0.,0.,8.32105263158)) ;
#15583=CARTESIAN_POINT('Vertex',(2.03755853907,-3.72972588803,8.32105263158)) ;
#15586=CARTESIAN_POINT('Line Origine',(2.03755853907,-3.72972588803,4.65)) ;
#15598=CARTESIAN_POINT('Line Origine',(-2.03755853907,3.72972588803,4.65)) ;
#15602=CARTESIAN_POINT('Vertex',(-2.03755853907,3.72972588803,8.32105263158)) ;
#15605=CARTESIAN_POINT('Axis2P3D Location',(0.,0.,8.32105263158)) ;
#15617=CARTESIAN_POINT('Line Origine',(4.25,0.,4.65)) ;
#15621=CARTESIAN_POINT('Vertex',(4.25,0.,8.32105263158)) ;
#15624=CARTESIAN_POINT('Axis2P3D Location',(0.,0.,8.32105263158)) ;
#15636=CARTESIAN_POINT('Axis2P3D Location',(0.,0.,8.32105263158)) ;
#15648=CARTESIAN_POINT('Axis2P3D Location',(0.,0.,9.3)) ;
#15663=CARTESIAN_POINT('Axis2P3D Location',(0.,0.,9.3)) ;
#15667=CARTESIAN_POINT('Vertex',(-2.51698407767,4.60730844992,9.3)) ;
#15669=CARTESIAN_POINT('Vertex',(2.51698407767,-4.60730844992,9.3)) ;
#15672=CARTESIAN_POINT('Axis2P3D Location',(0.,0.,9.3)) ;
#15682=CARTESIAN_POINT('Axis2P3D Location',(0.,0.,8.32105263158)) ;
#15687=CARTESIAN_POINT('Line Origine',(-2.27727130837,4.16851716898,8.81052631579)) ;
#15692=CARTESIAN_POINT('Line Origine',(2.27727130837,-4.16851716898,8.81052631579)) ;
#15722=CARTESIAN_POINT('NONE',(0.,0.,0.)) ;
#15723=CARTESIAN_POINT('NONE',(-44.5,-51.1434458394,22.5830466679)) ;
#15737=CARTESIAN_POINT('NONE',(0.,0.,0.)) ;
#15738=CARTESIAN_POINT('NONE',(-44.5,45.129215029,42.3)) ;
#15752=CARTESIAN_POINT('NONE',(0.,0.,0.)) ;
#15753=CARTESIAN_POINT('NONE',(-44.5,6.0142308104,-55.5830466679)) ;
#15775=CARTESIAN_POINT('Axis2P3D Location',(0.,0.,-17.)) ;
#15780=CARTESIAN_POINT('Axis2P3D Location',(0.,0.,-17.)) ;
#15784=CARTESIAN_POINT('Vertex',(1.88862011889,3.45709593861,-17.)) ;
#15786=CARTESIAN_POINT('Vertex',(-1.88862011889,-3.45709593861,-17.)) ;
#15789=CARTESIAN_POINT('Line Origine',(2.14287390596,3.92250437403,-16.4696699141)) ;
#15793=CARTESIAN_POINT('Vertex',(2.39712769302,4.38791280945,-15.9393398282)) ;
#15796=CARTESIAN_POINT('Axis2P3D Location',(0.,0.,-15.9393398282)) ;
#15800=CARTESIAN_POINT('Vertex',(-2.39712769302,-4.38791280945,-15.9393398282)) ;
#15803=CARTESIAN_POINT('Line Origine',(-2.14287390596,-3.92250437403,-16.4696699141)) ;
#15815=CARTESIAN_POINT('Axis2P3D Location',(0.,3.93933982822,-17.)) ;
#15820=CARTESIAN_POINT('Axis2P3D Location',(0.,0.,-17.)) ;
#15830=CARTESIAN_POINT('Axis2P3D Location',(0.,0.,-15.9393398282)) ;
#15842=CARTESIAN_POINT('Axis2P3D Location',(0.,0.,-11.)) ;
#15847=CARTESIAN_POINT('Line Origine',(2.39712769302,4.38791280945,-10.4696699141)) ;
#15851=CARTESIAN_POINT('Vertex',(2.39712769302,4.38791280945,-5.)) ;
#15854=CARTESIAN_POINT('Axis2P3D Location',(0.,0.,-5.)) ;
#15858=CARTESIAN_POINT('Vertex',(-2.39712769302,-4.38791280945,-5.)) ;
#15861=CARTESIAN_POINT('Line Origine',(-2.39712769302,-4.38791280945,-10.4696699141)) ;
#15873=CARTESIAN_POINT('Axis2P3D Location',(0.,0.,-5.)) ;
#15885=CARTESIAN_POINT('Axis2P3D Location',(0.,0.,-5.)) ;
#15890=CARTESIAN_POINT('Axis2P3D Location',(0.,0.,-5.)) ;
#15894=CARTESIAN_POINT('Vertex',(3.83540430883,7.02066049512,-5.)) ;
#15896=CARTESIAN_POINT('Vertex',(-3.83540430883,-7.02066049512,-5.)) ;
#15899=CARTESIAN_POINT('Axis2P3D Location',(0.,0.,-5.)) ;
#15913=CARTESIAN_POINT('Axis2P3D Location',(-7.7,-5.5,20.7)) ;
#15918=CARTESIAN_POINT('Line Origine',(5.5,-4.1,23.95)) ;
#15922=CARTESIAN_POINT('Vertex',(5.5,-5.5,20.7)) ;
#15924=CARTESIAN_POINT('Vertex',(5.5,-2.7,27.2)) ;
#15927=CARTESIAN_POINT('Line Origine',(0.,-2.7,27.2)) ;
#15931=CARTESIAN_POINT('Vertex',(-5.5,-2.7,27.2)) ;
#15934=CARTESIAN_POINT('Line Origine',(-5.5,-4.1,23.95)) ;
#15938=CARTESIAN_POINT('Vertex',(-5.5,-5.5,20.7)) ;
#15941=CARTESIAN_POINT('Line Origine',(0.,-5.5,20.7)) ;
#15953=CARTESIAN_POINT('Axis2P3D Location',(5.5,-5.5,0.)) ;
#15958=CARTESIAN_POINT('Line Origine',(5.5,-5.5,10.35)) ;
#15962=CARTESIAN_POINT('Vertex',(5.5,-5.5,0.)) ;
#15965=CARTESIAN_POINT('Line Origine',(5.5,0.,0.)) ;
#15969=CARTESIAN_POINT('Vertex',(5.5,5.5,0.)) ;
#15972=CARTESIAN_POINT('Line Origine',(5.5,5.5,13.6)) ;
#15976=CARTESIAN_POINT('Vertex',(5.5,5.5,27.2)) ;
#15979=CARTESIAN_POINT('Line Origine',(5.5,1.4,27.2)) ;
#15992=CARTESIAN_POINT('Axis2P3D Location',(0.,0.,27.2)) ;
#15997=CARTESIAN_POINT('Line Origine',(-8.881784197E-016,5.5,27.2)) ;
#16001=CARTESIAN_POINT('Vertex',(-5.5,5.5,27.2)) ;
#16004=CARTESIAN_POINT('Line Origine',(-5.5,1.4,27.2)) ;
#16016=CARTESIAN_POINT('Axis2P3D Location',(5.5,-5.5,0.)) ;
#16021=CARTESIAN_POINT('Line Origine',(-5.5,-5.5,10.35)) ;
#16025=CARTESIAN_POINT('Vertex',(-5.5,-5.5,0.)) ;
#16028=CARTESIAN_POINT('Line Origine',(0.,-5.5,0.)) ;
#16040=CARTESIAN_POINT('Axis2P3D Location',(-5.5,5.5,0.)) ;
#16045=CARTESIAN_POINT('Line Origine',(-5.5,5.5,13.6)) ;
#16049=CARTESIAN_POINT('Vertex',(-5.5,5.5,0.)) ;
#16052=CARTESIAN_POINT('Line Origine',(-5.5,0.,0.)) ;
#16065=CARTESIAN_POINT('Axis2P3D Location',(0.,0.,-4.4408920985E-016)) ;
#16070=CARTESIAN_POINT('Line Origine',(4.79425538604,8.7758256189,-0.7)) ;
#16074=CARTESIAN_POINT('Vertex',(3.83540430883,7.02066049512,-4.4408920985E-016)) ;
#16076=CARTESIAN_POINT('Vertex',(4.02829615574,7.3737466525,-0.140818836252)) ;
#16079=CARTESIAN_POINT('Axis2P3D Location',(0.,0.,-4.4408920985E-016)) ;
#16083=CARTESIAN_POINT('Vertex',(-3.83540430883,-7.02066049512,-4.4408920985E-016)) ;
#16086=CARTESIAN_POINT('Line Origine',(-4.79425538604,-8.7758256189,-0.7)) ;
#16090=CARTESIAN_POINT('Vertex',(-4.02829615574,-7.3737466525,-0.140818836252)) ;
#16094=CARTESIAN_POINT('Control Point',(-4.02829615574,-7.3737466525,-0.140818836252)) ;
#16095=CARTESIAN_POINT('Control Point',(-3.04931218884,-7.93896330932,-0.150154864388)) ;
#16096=CARTESIAN_POINT('Control Point',(-2.06834760582,-8.50532456852,-0.229977747717)) ;
#16097=CARTESIAN_POINT('Control Point',(-1.04803161962,-9.09440318467,-0.383041114636)) ;
#16098=CARTESIAN_POINT('Control Point',(9.16156039921E-013,-9.69948452238,-0.594819582834)) ;
#16099=CARTESIAN_POINT('Vertex',(0.,-9.69948452239,-0.594819582835)) ;
#16103=CARTESIAN_POINT('Control Point',(1.33226762955E-014,-9.69948452239,-0.594819582835)) ;
#16104=CARTESIAN_POINT('Control Point',(1.75028271293,-8.68895832692,-0.241135414421)) ;
#16105=CARTESIAN_POINT('Control Point',(3.43116495384,-7.71850563163,-0.0434772096303)) ;
#16106=CARTESIAN_POINT('Control Point',(4.96953235428,-6.83032260847,-0.0436002249393)) ;
#16107=CARTESIAN_POINT('Control Point',(6.64971728707,-5.86026845666,-0.241135414421)) ;
#16108=CARTESIAN_POINT('Control Point',(8.4,-4.84974226119,-0.594819582835)) ;
#16109=CARTESIAN_POINT('Vertex',(8.4,-4.84974226119,-0.594819582835)) ;
#16113=CARTESIAN_POINT('Control Point',(8.4,-4.84974226119,-0.594819582835)) ;
#16114=CARTESIAN_POINT('Control Point',(8.4,-2.82868987025,-0.24113541442)) ;
#16115=CARTESIAN_POINT('Control Point',(8.40000443316,-0.88777680114,-0.043477209626)) ;
#16116=CARTESIAN_POINT('Control Point',(8.39999907211,0.88857995944,-0.04360022494)) ;
#16117=CARTESIAN_POINT('Control Point',(8.4,2.82868987025,-0.241135414419)) ;
#16118=CARTESIAN_POINT('Control Point',(8.4,4.84974226119,-0.594819582835)) ;
#16119=CARTESIAN_POINT('Vertex',(8.4,4.84974226119,-0.594819582835)) ;
#16123=CARTESIAN_POINT('Control Point',(4.02829615574,7.3737466525,-0.140818836252)) ;
#16124=CARTESIAN_POINT('Control Point',(5.09306050168,6.75900467074,-0.130664768129)) ;
#16125=CARTESIAN_POINT('Control Point',(6.1533587053,6.14684769707,-0.203747956793)) ;
#16126=CARTESIAN_POINT('Control Point',(7.26013791877,5.50784194063,-0.364484695032)) ;
#16127=CARTESIAN_POINT('Control Point',(8.4,4.84974226119,-0.594819582835)) ;
#16139=CARTESIAN_POINT('Axis2P3D Location',(0.,0.,-4.4408920985E-016)) ;
#16145=CARTESIAN_POINT('Control Point',(4.02829615574,7.3737466525,-0.140818836252)) ;
#16146=CARTESIAN_POINT('Control Point',(3.04931218884,7.93896330932,-0.150154864387)) ;
#16147=CARTESIAN_POINT('Control Point',(2.06834760582,8.50532456851,-0.229977747715)) ;
#16148=CARTESIAN_POINT('Control Point',(1.04803161962,9.09440318468,-0.383041114637)) ;
#16149=CARTESIAN_POINT('Control Point',(-9.1748830755E-013,9.69948452238,-0.594819582834)) ;
#16150=CARTESIAN_POINT('Vertex',(-1.7763568394E-015,9.69948452239,-0.594819582835)) ;
#16154=CARTESIAN_POINT('Control Point',(-2.13162820728E-014,9.69948452239,-0.594819582835)) ;
#16155=CARTESIAN_POINT('Control Point',(-1.75028271293,8.68895832692,-0.241135414421)) ;
#16156=CARTESIAN_POINT('Control Point',(-3.43116495408,7.71850563149,-0.0434772095745)) ;
#16157=CARTESIAN_POINT('Control Point',(-4.96953235442,6.83032260838,-0.0436002249912)) ;
#16158=CARTESIAN_POINT('Control Point',(-6.64971728707,5.86026845666,-0.24113541442)) ;
#16159=CARTESIAN_POINT('Control Point',(-8.4,4.84974226119,-0.594819582835)) ;
#16160=CARTESIAN_POINT('Vertex',(-8.4,4.84974226119,-0.594819582835)) ;
#16164=CARTESIAN_POINT('Control Point',(-8.4,4.84974226119,-0.594819582835)) ;
#16165=CARTESIAN_POINT('Control Point',(-8.4,2.82868987029,-0.241135414427)) ;
#16166=CARTESIAN_POINT('Control Point',(-8.40000443316,0.887776801247,-0.043477209617)) ;
#16167=CARTESIAN_POINT('Control Point',(-8.39999907211,-0.888579959637,-0.0436002249456)) ;
#16168=CARTESIAN_POINT('Control Point',(-8.4,-2.82868987029,-0.241135414427)) ;
#16169=CARTESIAN_POINT('Control Point',(-8.4,-4.84974226119,-0.594819582835)) ;
#16170=CARTESIAN_POINT('Vertex',(-8.4,-4.84974226119,-0.594819582835)) ;
#16174=CARTESIAN_POINT('Control Point',(-4.02829615574,-7.3737466525,-0.140818836252)) ;
#16175=CARTESIAN_POINT('Control Point',(-5.09306050165,-6.75900467076,-0.130664768129)) ;
#16176=CARTESIAN_POINT('Control Point',(-6.15335870533,-6.14684769704,-0.203747956788)) ;
#16177=CARTESIAN_POINT('Control Point',(-7.26013791881,-5.50784194061,-0.364484695039)) ;
#16178=CARTESIAN_POINT('Control Point',(-8.4,-4.84974226119,-0.594819582835)) ;
#16190=CARTESIAN_POINT('Axis2P3D Location',(0.,0.,-5.)) ;
#16195=CARTESIAN_POINT('Line Origine',(-4.79425538604,-8.7758256189,-4.3)) ;
#16199=CARTESIAN_POINT('Vertex',(-4.02829615574,-7.3737466525,-4.85918116375)) ;
#16202=CARTESIAN_POINT('Line Origine',(4.79425538604,8.7758256189,-4.3)) ;
#16206=CARTESIAN_POINT('Vertex',(4.02829615574,7.3737466525,-4.85918116375)) ;
#16210=CARTESIAN_POINT('Control Point',(4.02829615574,7.3737466525,-4.85918116375)) ;
#16211=CARTESIAN_POINT('Control Point',(5.09306050165,6.75900467076,-4.86933523187)) ;
#16212=CARTESIAN_POINT('Control Point',(6.15335870535,6.14684769704,-4.79625204321)) ;
#16213=CARTESIAN_POINT('Control Point',(7.26013791881,5.50784194061,-4.63551530496)) ;
#16214=CARTESIAN_POINT('Control Point',(8.4,4.84974226119,-4.40518041717)) ;
#16215=CARTESIAN_POINT('Vertex',(8.4,4.84974226119,-4.40518041717)) ;
#16219=CARTESIAN_POINT('Control Point',(8.4,-4.84974226119,-4.40518041717)) ;
#16220=CARTESIAN_POINT('Control Point',(8.4,-2.82868987028,-4.75886458557)) ;
#16221=CARTESIAN_POINT('Control Point',(8.40000443316,-0.887776801151,-4.95652279039)) ;
#16222=CARTESIAN_POINT('Control Point',(8.39999907211,0.88857995961,-4.95639977505)) ;
#16223=CARTESIAN_POINT('Control Point',(8.4,2.82868987029,-4.75886458557)) ;
#16224=CARTESIAN_POINT('Control Point',(8.4,4.84974226119,-4.40518041717)) ;
#16225=CARTESIAN_POINT('Vertex',(8.4,-4.84974226119,-4.40518041716)) ;
#16229=CARTESIAN_POINT('Control Point',(-1.7763568394E-015,-9.69948452239,-4.40518041716)) ;
#16230=CARTESIAN_POINT('Control Point',(1.75028271293,-8.68895832692,-4.75886458558)) ;
#16231=CARTESIAN_POINT('Control Point',(3.43116495401,-7.71850563152,-4.95652279042)) ;
#16232=CARTESIAN_POINT('Control Point',(4.96953235444,-6.83032260838,-4.95639977501)) ;
#16233=CARTESIAN_POINT('Control Point',(6.64971728707,-5.86026845666,-4.75886458558)) ;
#16234=CARTESIAN_POINT('Control Point',(8.4,-4.84974226119,-4.40518041717)) ;
#16235=CARTESIAN_POINT('Vertex',(0.,-9.69948452239,-4.40518041717)) ;
#16239=CARTESIAN_POINT('Control Point',(-4.02829615574,-7.3737466525,-4.85918116375)) ;
#16240=CARTESIAN_POINT('Control Point',(-3.04931218883,-7.93896330932,-4.84984513561)) ;
#16241=CARTESIAN_POINT('Control Point',(-2.06834760578,-8.50532456854,-4.77002225228)) ;
#16242=CARTESIAN_POINT('Control Point',(-1.04803161963,-9.09440318467,-4.61695888537)) ;
#16243=CARTESIAN_POINT('Control Point',(9.28590537796E-013,-9.69948452238,-4.40518041717)) ;
#16256=CARTESIAN_POINT('Control Point',(-4.02829615574,-7.3737466525,-4.85918116375)) ;
#16257=CARTESIAN_POINT('Control Point',(-5.09306050168,-6.75900467074,-4.86933523187)) ;
#16258=CARTESIAN_POINT('Control Point',(-6.15335870529,-6.14684769707,-4.79625204321)) ;
#16259=CARTESIAN_POINT('Control Point',(-7.26013791877,-5.50784194063,-4.63551530497)) ;
#16260=CARTESIAN_POINT('Control Point',(-8.4,-4.84974226119,-4.40518041717)) ;
#16261=CARTESIAN_POINT('Vertex',(-8.4,-4.84974226119,-4.40518041717)) ;
#16265=CARTESIAN_POINT('Control Point',(-8.4,4.84974226119,-4.40518041716)) ;
#16266=CARTESIAN_POINT('Control Point',(-8.4,2.82868987026,-4.75886458558)) ;
#16267=CARTESIAN_POINT('Control Point',(-8.40000443316,0.887776801065,-4.9565227904)) ;
#16268=CARTESIAN_POINT('Control Point',(-8.39999907211,-0.888579959606,-4.95639977503)) ;
#16269=CARTESIAN_POINT('Control Point',(-8.4,-2.82868987026,-4.75886458558)) ;
#16270=CARTESIAN_POINT('Control Point',(-8.4,-4.84974226119,-4.40518041717)) ;
#16271=CARTESIAN_POINT('Vertex',(-8.4,4.84974226119,-4.40518041717)) ;
#16275=CARTESIAN_POINT('Control Point',(8.881784197E-016,9.69948452239,-4.40518041716)) ;
#16276=CARTESIAN_POINT('Control Point',(-1.75028271294,8.68895832691,-4.75886458558)) ;
#16277=CARTESIAN_POINT('Control Point',(-3.43116495394,7.71850563156,-4.95652279041)) ;
#16278=CARTESIAN_POINT('Control Point',(-4.96953235443,6.83032260838,-4.95639977502)) ;
#16279=CARTESIAN_POINT('Control Point',(-6.64971728706,5.86026845667,-4.75886458558)) ;
#16280=CARTESIAN_POINT('Control Point',(-8.4,4.84974226119,-4.40518041717)) ;
#16281=CARTESIAN_POINT('Vertex',(-1.7763568394E-015,9.69948452239,-4.40518041717)) ;
#16285=CARTESIAN_POINT('Control Point',(4.02829615574,7.3737466525,-4.85918116375)) ;
#16286=CARTESIAN_POINT('Control Point',(3.04931218881,7.93896330933,-4.84984513561)) ;
#16287=CARTESIAN_POINT('Control Point',(2.06834760581,8.50532456852,-4.77002225228)) ;
#16288=CARTESIAN_POINT('Control Point',(1.04803161965,9.09440318466,-4.61695888537)) ;
#16289=CARTESIAN_POINT('Control Point',(-9.29922805426E-013,9.69948452238,-4.40518041717)) ;
#16301=CARTESIAN_POINT('Axis2P3D Location',(0.,0.,0.)) ;
#16310=CARTESIAN_POINT('Line Origine',(-8.881784197E-016,5.5,0.)) ;
#16322=CARTESIAN_POINT('Axis2P3D Location',(-8.881784197E-016,9.69948452239,0.)) ;
#16327=CARTESIAN_POINT('Line Origine',(-8.881784197E-016,9.69948452239,-2.5)) ;
#16332=CARTESIAN_POINT('Line Origine',(-8.4,4.84974226119,-2.5)) ;
#16344=CARTESIAN_POINT('Axis2P3D Location',(8.4,4.84974226119,0.)) ;
#16349=CARTESIAN_POINT('Line Origine',(8.4,4.84974226119,-2.5)) ;
#16363=CARTESIAN_POINT('Axis2P3D Location',(8.4,-4.84974226119,0.)) ;
#16368=CARTESIAN_POINT('Line Origine',(8.4,-4.84974226119,-2.5)) ;
#16380=CARTESIAN_POINT('Axis2P3D Location',(-1.7763568394E-015,-9.69948452239,0.)) ;
#16385=CARTESIAN_POINT('Line Origine',(-1.7763568394E-015,-9.69948452239,-2.5)) ;
#16397=CARTESIAN_POINT('Axis2P3D Location',(-8.4,-4.84974226119,0.)) ;
#16402=CARTESIAN_POINT('Line Origine',(-8.4,-4.84974226119,-2.5)) ;
#16416=CARTESIAN_POINT('Axis2P3D Location',(-8.4,4.84974226119,0.)) ;
#16428=CARTESIAN_POINT('Axis2P3D Location',(-5.5,5.5,0.)) ;
#16449=CARTESIAN_POINT('NONE',(0.,0.,0.)) ;
#16450=CARTESIAN_POINT('NONE',(-11.,44.,-9.66895385523E-015)) ;
#42=DIRECTION('Axis2P3D Direction',(0.,1.,0.)) ;
#43=DIRECTION('Axis2P3D XDirection',(-0.999999892584,0.,-0.000463498727907)) ;
#47=DIRECTION('Vector Direction',(0.,1.,0.)) ;
#56=DIRECTION('Axis2P3D Direction',(0.,1.,0.)) ;
#63=DIRECTION('Vector Direction',(0.,1.,0.)) ;
#70=DIRECTION('Axis2P3D Direction',(0.,1.,0.)) ;
#82=DIRECTION('Axis2P3D Direction',(0.,-1.,0.)) ;
#83=DIRECTION('Axis2P3D XDirection',(0.,0.,-1.)) ;
#87=DIRECTION('Vector Direction',(1.,0.,0.)) ;
#104=DIRECTION('Vector Direction',(0.,0.,-1.)) ;
#124=DIRECTION('Vector Direction',(1.,0.,0.)) ;
#131=DIRECTION('Vector Direction',(0.,0.,-1.)) ;
#145=DIRECTION('Axis2P3D Direction',(0.,-1.,0.)) ;
#154=DIRECTION('Axis2P3D Direction',(0.,-1.,0.)) ;
#164=DIRECTION('Axis2P3D Direction',(1.,0.,0.)) ;
#165=DIRECTION('Axis2P3D XDirection',(0.,1.,0.)) ;
#169=DIRECTION('Axis2P3D Direction',(1.,0.,0.)) ;
#202=DIRECTION('Vector Direction',(0.,-0.866025403784,0.5)) ;
#215=DIRECTION('Axis2P3D Direction',(1.,0.,0.)) ;
#216=DIRECTION('Axis2P3D XDirection',(0.,0.87758256189,0.479425538604)) ;
#247=DIRECTION('Axis2P3D Direction',(1.,0.,0.)) ;
#280=DIRECTION('Axis2P3D Direction',(1.,0.,0.)) ;
#304=DIRECTION('Axis2P3D Direction',(0.,-0.479425538604,0.87758256189)) ;
#311=DIRECTION('Axis2P3D Direction',(1.,0.,0.)) ;
#318=DIRECTION('Axis2P3D Direction',(0.,0.479425538604,-0.87758256189)) ;
#323=DIRECTION('Axis2P3D Direction',(1.,0.,0.)) ;
#347=DIRECTION('Axis2P3D Direction',(-0.,1.,0.)) ;
#348=DIRECTION('Axis2P3D XDirection',(0.87758256189,0.,-0.479425538604)) ;
#352=DIRECTION('Vector Direction',(0.,1.,0.)) ;
#359=DIRECTION('Vector Direction',(0.,1.,0.)) ;
#366=DIRECTION('Axis2P3D Direction',(-0.,1.,0.)) ;
#378=DIRECTION('Axis2P3D Direction',(-0.,1.,0.)) ;
#417=DIRECTION('Axis2P3D Direction',(1.,0.,0.)) ;
#430=DIRECTION('Axis2P3D Direction',(1.,0.,0.)) ;
#452=DIRECTION('Axis2P3D Direction',(1.,0.,0.)) ;
#485=DIRECTION('Axis2P3D Direction',(1.,0.,0.)) ;
#509=DIRECTION('Axis2P3D Direction',(1.,0.,-0.)) ;
#510=DIRECTION('Axis2P3D XDirection',(0.,0.,1.)) ;
#514=DIRECTION('Vector Direction',(0.,0.,1.)) ;
#521=DIRECTION('Vector Direction',(0.,-1.,0.)) ;
#532=DIRECTION('Axis2P3D Direction',(1.,0.,0.)) ;
#541=DIRECTION('Vector Direction',(0.,-0.866025403784,-0.5)) ;
#546=DIRECTION('Vector Direction',(0.,0.,-1.)) ;
#558=DIRECTION('Axis2P3D Direction',(0.,-1.,0.)) ;
#559=DIRECTION('Axis2P3D XDirection',(0.,0.,-1.)) ;
#563=DIRECTION('Vector Direction',(0.,0.,-1.)) ;
#572=DIRECTION('Vector Direction',(1.,0.,0.)) ;
#590=DIRECTION('Vector Direction',(1.,0.,0.)) ;
#597=DIRECTION('Axis2P3D Direction',(0.,-1.,0.)) ;
#611=DIRECTION('Axis2P3D Direction',(0.,-1.,0.)) ;
#620=DIRECTION('Axis2P3D Direction',(0.,-1.,0.)) ;
#630=DIRECTION('Vector Direction',(0.,0.,1.)) ;
#637=DIRECTION('Vector Direction',(0.,-1.,0.)) ;
#648=DIRECTION('Axis2P3D Direction',(1.,0.,0.)) ;
#657=DIRECTION('Vector Direction',(0.,-0.866025403784,0.5)) ;
#662=DIRECTION('Vector Direction',(0.,-0.866025403784,-0.5)) ;
#674=DIRECTION('Vector Direction',(0.,-0.866025403784,0.5)) ;
#681=DIRECTION('Axis2P3D Direction',(1.,0.,0.)) ;
#688=DIRECTION('Vector Direction',(0.,0.,-1.)) ;
#695=DIRECTION('Axis2P3D Direction',(1.,0.,0.)) ;
#702=DIRECTION('Axis2P3D Direction',(1.,0.,0.)) ;
#709=DIRECTION('Axis2P3D Direction',(1.,0.,0.)) ;
#716=DIRECTION('Vector Direction',(0.,-0.866025403784,-0.5)) ;
#723=DIRECTION('Axis2P3D Direction',(1.,0.,0.)) ;
#730=DIRECTION('Vector Direction',(0.,-0.866025403784,0.5)) ;
#748=DIRECTION('Axis2P3D Direction',(1.,0.,0.)) ;
#749=DIRECTION('Axis2P3D XDirection',(0.,0.5,0.866025403784)) ;
#753=DIRECTION('Axis2P3D Direction',(1.,0.,0.)) ;
#762=DIRECTION('Vector Direction',(1.,0.,0.)) ;
#769=DIRECTION('Axis2P3D Direction',(1.,0.,0.)) ;
#776=DIRECTION('Vector Direction',(1.,0.,0.)) ;
#788=DIRECTION('Axis2P3D Direction',(1.,0.,0.)) ;
#789=DIRECTION('Axis2P3D XDirection',(0.,0.866025403784,-0.5)) ;
#803=DIRECTION('Axis2P3D Direction',(1.,0.,0.)) ;
#810=DIRECTION('Vector Direction',(1.,0.,0.)) ;
#822=DIRECTION('Vector Direction',(0.,1.,0.)) ;
#829=DIRECTION('Axis2P3D Direction',(0.,1.,0.)) ;
#836=DIRECTION('Vector Direction',(0.,1.,0.)) ;
#848=DIRECTION('Axis2P3D Direction',(1.,0.,0.)) ;
#849=DIRECTION('Axis2P3D XDirection',(0.,6.12323399574E-017,1.)) ;
#865=DIRECTION('Vector Direction',(1.,0.,0.)) ;
#872=DIRECTION('Axis2P3D Direction',(1.,0.,0.)) ;
#879=DIRECTION('Vector Direction',(1.,0.,0.)) ;
#891=DIRECTION('Axis2P3D Direction',(0.,-0.5,0.866025403784)) ;
#892=DIRECTION('Axis2P3D XDirection',(0.87758256189,0.415194695654,0.239712769302)) ;
#896=DIRECTION('Vector Direction',(0.,-0.5,0.866025403784)) ;
#905=DIRECTION('Axis2P3D Direction',(0.,-0.5,0.866025403784)) ;
#912=DIRECTION('Vector Direction',(0.,-0.5,0.866025403784)) ;
#919=DIRECTION('Axis2P3D Direction',(0.,-0.5,0.866025403784)) ;
#931=DIRECTION('Axis2P3D Direction',(0.,-0.5,0.866025403784)) ;
#936=DIRECTION('Axis2P3D Direction',(0.,-0.5,0.866025403784)) ;
#948=DIRECTION('Axis2P3D Direction',(-0.,0.5,0.866025403784)) ;
#949=DIRECTION('Axis2P3D XDirection',(0.,-0.866025403784,0.5)) ;
#953=DIRECTION('Vector Direction',(0.,-0.866025403784,0.5)) ;
#960=DIRECTION('Vector Direction',(0.,-0.866025403784,0.5)) ;
#967=DIRECTION('Vector Direction',(1.,0.,0.)) ;
#979=DIRECTION('Axis2P3D Direction',(0.,-0.866025403784,0.5)) ;
#980=DIRECTION('Axis2P3D XDirection',(0.,-0.5,-0.866025403784)) ;
#984=DIRECTION('Vector Direction',(0.,-0.5,-0.866025403784)) ;
#1003=DIRECTION('Axis2P3D Direction',(-0.,0.,1.)) ;
#1004=DIRECTION('Axis2P3D XDirection',(0.,-1.,0.)) ;
#1016=DIRECTION('Vector Direction',(0.,-1.,0.)) ;
#1027=DIRECTION('Axis2P3D Direction',(1.,0.,0.)) ;
#1028=DIRECTION('Axis2P3D XDirection',(0.,0.997029948004,-0.0770148218427)) ;
#1032=DIRECTION('Axis2P3D Direction',(1.,0.,0.)) ;
#1039=DIRECTION('Axis2P3D Direction',(1.,0.,0.)) ;
#1046=DIRECTION('Vector Direction',(1.,0.,0.)) ;
#1058=DIRECTION('Axis2P3D Direction',(1.,0.,0.)) ;
#1059=DIRECTION('Axis2P3D XDirection',(0.,0.565211766186,0.824945852384)) ;
#1063=DIRECTION('Axis2P3D Direction',(1.,0.,0.)) ;
#1070=DIRECTION('Axis2P3D Direction',(1.,0.,0.)) ;
#1077=DIRECTION('Vector Direction',(1.,0.,0.)) ;
#1089=DIRECTION('Axis2P3D Direction',(1.,0.,0.)) ;
#1090=DIRECTION('Axis2P3D XDirection',(0.,1.,-1.13310777953E-015)) ;
#1094=DIRECTION('Axis2P3D Direction',(1.,0.,0.)) ;
#1101=DIRECTION('Axis2P3D Direction',(1.,0.,0.)) ;
#1108=DIRECTION('Vector Direction',(1.,0.,0.)) ;
#1120=DIRECTION('Axis2P3D Direction',(0.,-1.,0.)) ;
#1121=DIRECTION('Axis2P3D XDirection',(0.,0.,-1.)) ;
#1125=DIRECTION('Vector Direction',(0.,0.,-1.)) ;
#1132=DIRECTION('Vector Direction',(0.,0.,-1.)) ;
#1139=DIRECTION('Vector Direction',(1.,0.,0.)) ;
#1151=DIRECTION('Axis2P3D Direction',(1.,0.,0.)) ;
#1152=DIRECTION('Axis2P3D XDirection',(0.,0.5,-0.866025403784)) ;
#1156=DIRECTION('Axis2P3D Direction',(1.,0.,0.)) ;
#1163=DIRECTION('Axis2P3D Direction',(1.,0.,0.)) ;
#1170=DIRECTION('Vector Direction',(1.,0.,0.)) ;
#1182=DIRECTION('Axis2P3D Direction',(1.,0.,0.)) ;
#1183=DIRECTION('Axis2P3D XDirection',(0.,0.5,-0.866025403784)) ;
#1187=DIRECTION('Axis2P3D Direction',(1.,0.,0.)) ;
#1196=DIRECTION('Vector Direction',(1.,0.,0.)) ;
#1203=DIRECTION('Axis2P3D Direction',(1.,0.,0.)) ;
#1210=DIRECTION('Vector Direction',(1.,0.,0.)) ;
#1222=DIRECTION('Axis2P3D Direction',(0.,-0.5,0.866025403784)) ;
#1223=DIRECTION('Axis2P3D XDirection',(0.,-0.866025403784,-0.5)) ;
#1227=DIRECTION('Vector Direction',(0.,-0.866025403784,-0.5)) ;
#1234=DIRECTION('Vector Direction',(0.,-0.866025403784,-0.5)) ;
#1241=DIRECTION('Vector Direction',(1.,0.,0.)) ;
#1253=DIRECTION('Axis2P3D Direction',(1.,0.,0.)) ;
#1254=DIRECTION('Axis2P3D XDirection',(-0.,-0.565211766186,-0.824945852384)) ;
#1258=DIRECTION('Axis2P3D Direction',(1.,0.,0.)) ;
#1265=DIRECTION('Axis2P3D Direction',(1.,0.,0.)) ;
#1272=DIRECTION('Vector Direction',(1.,0.,0.)) ;
#1284=DIRECTION('Axis2P3D Direction',(1.,0.,0.)) ;
#1291=DIRECTION('Axis2P3D Direction',(1.,0.,0.)) ;
#1298=DIRECTION('Vector Direction',(1.,0.,0.)) ;
#1310=DIRECTION('Axis2P3D Direction',(1.,0.,0.)) ;
#1311=DIRECTION('Axis2P3D XDirection',(-0.,-0.5,-0.866025403784)) ;
#1315=DIRECTION('Axis2P3D Direction',(1.,0.,0.)) ;
#1322=DIRECTION('Axis2P3D Direction',(1.,0.,0.)) ;
#1329=DIRECTION('Vector Direction',(1.,0.,0.)) ;
#1341=DIRECTION('Axis2P3D Direction',(-0.,0.5,0.866025403784)) ;
#1342=DIRECTION('Axis2P3D XDirection',(0.,-0.866025403784,0.5)) ;
#1346=DIRECTION('Vector Direction',(0.,-0.866025403784,0.5)) ;
#1353=DIRECTION('Vector Direction',(0.,-0.866025403784,0.5)) ;
#1360=DIRECTION('Vector Direction',(1.,0.,0.)) ;
#1372=DIRECTION('Axis2P3D Direction',(1.,0.,0.)) ;
#1373=DIRECTION('Axis2P3D XDirection',(0.,-1.,1.01064309961E-015)) ;
#1377=DIRECTION('Axis2P3D Direction',(1.,0.,0.)) ;
#1384=DIRECTION('Axis2P3D Direction',(1.,0.,0.)) ;
#1391=DIRECTION('Vector Direction',(1.,0.,0.)) ;
#1403=DIRECTION('Vector Direction',(0.,-0.5,-0.866025403784)) ;
#1410=DIRECTION('Vector Direction',(1.,0.,0.)) ;
#1437=DIRECTION('Vector Direction',(0.,-1.,0.)) ;
#1444=DIRECTION('Vector Direction',(1.,0.,0.)) ;
#1455=DIRECTION('Axis2P3D Direction',(1.,0.,0.)) ;
#1456=DIRECTION('Axis2P3D XDirection',(0.,0.87758256189,0.479425538604)) ;
#1460=DIRECTION('Axis2P3D Direction',(1.,0.,0.)) ;
#1469=DIRECTION('Vector Direction',(1.,0.,0.)) ;
#1476=DIRECTION('Axis2P3D Direction',(1.,0.,0.)) ;
#1483=DIRECTION('Vector Direction',(1.,0.,0.)) ;
#1495=DIRECTION('Axis2P3D Direction',(1.,0.,0.)) ;
#1500=DIRECTION('Axis2P3D Direction',(1.,0.,0.)) ;
#1512=DIRECTION('Axis2P3D Direction',(1.,0.,0.)) ;
#1513=DIRECTION('Axis2P3D XDirection',(0.,1.,0.)) ;
#1517=DIRECTION('Axis2P3D Direction',(1.,0.,0.)) ;
#1526=DIRECTION('Axis2P3D Direction',(1.,0.,0.)) ;
#1540=DIRECTION('Axis2P3D Direction',(1.,0.,0.)) ;
#1541=DIRECTION('Axis2P3D XDirection',(0.,0.87758256189,0.479425538604)) ;
#1545=DIRECTION('Vector Direction',(1.,0.,0.)) ;
#1552=DIRECTION('Axis2P3D Direction',(1.,0.,0.)) ;
#1559=DIRECTION('Vector Direction',(1.,0.,0.)) ;
#1571=DIRECTION('Axis2P3D Direction',(1.,0.,0.)) ;
#1583=DIRECTION('Axis2P3D Direction',(1.,0.,0.)) ;
#1584=DIRECTION('Axis2P3D XDirection',(0.,1.,0.)) ;
#1588=DIRECTION('Axis2P3D Direction',(1.,0.,0.)) ;
#1597=DIRECTION('Axis2P3D Direction',(1.,0.,0.)) ;
#1611=DIRECTION('Axis2P3D Direction',(1.,0.,0.)) ;
#1612=DIRECTION('Axis2P3D XDirection',(0.,0.87758256189,0.479425538604)) ;
#1616=DIRECTION('Vector Direction',(1.,0.,0.)) ;
#1623=DIRECTION('Axis2P3D Direction',(1.,0.,0.)) ;
#1630=DIRECTION('Vector Direction',(1.,0.,0.)) ;
#1642=DIRECTION('Axis2P3D Direction',(1.,0.,0.)) ;
#1654=DIRECTION('Axis2P3D Direction',(1.,0.,0.)) ;
#1655=DIRECTION('Axis2P3D XDirection',(0.,1.,0.)) ;
#1659=DIRECTION('Axis2P3D Direction',(1.,0.,0.)) ;
#1668=DIRECTION('Axis2P3D Direction',(1.,0.,0.)) ;
#1677=DIRECTION('Axis2P3D Direction',(1.,0.,0.)) ;
#1686=DIRECTION('Axis2P3D Direction',(1.,0.,0.)) ;
#1695=DIRECTION('Axis2P3D Direction',(1.,0.,0.)) ;
#1704=DIRECTION('Axis2P3D Direction',(1.,0.,0.)) ;
#1718=DIRECTION('Axis2P3D Direction',(1.,0.,0.)) ;
#1719=DIRECTION('Axis2P3D XDirection',(0.,0.87758256189,0.479425538604)) ;
#1723=DIRECTION('Vector Direction',(0.707106781187,-0.620544580564,-0.339005049421)) ;
#1730=DIRECTION('Axis2P3D Direction',(1.,0.,0.)) ;
#1737=DIRECTION('Vector Direction',(0.707106781187,0.620544580564,0.339005049421)) ;
#1749=DIRECTION('Axis2P3D Direction',(1.,0.,0.)) ;
#1761=DIRECTION('Axis2P3D Direction',(1.,0.,0.)) ;
#1762=DIRECTION('Axis2P3D XDirection',(0.,1.,0.)) ;
#1766=DIRECTION('Axis2P3D Direction',(1.,0.,0.)) ;
#1775=DIRECTION('Axis2P3D Direction',(1.,0.,0.)) ;
#1789=DIRECTION('Axis2P3D Direction',(-1.,0.,0.)) ;
#1790=DIRECTION('Axis2P3D XDirection',(0.,1.,0.)) ;
#1794=DIRECTION('Axis2P3D Direction',(-1.,0.,0.)) ;
#1803=DIRECTION('Axis2P3D Direction',(-1.,0.,0.)) ;
#1813=DIRECTION('Axis2P3D Direction',(-1.,0.,0.)) ;
#1822=DIRECTION('Axis2P3D Direction',(-1.,0.,0.)) ;
#1832=DIRECTION('Axis2P3D Direction',(-1.,0.,-0.)) ;
#1833=DIRECTION('Axis2P3D XDirection',(0.,0.87758256189,-0.479425538604)) ;
#1837=DIRECTION('Vector Direction',(-1.,0.,0.)) ;
#1842=DIRECTION('Vector Direction',(-1.,0.,0.)) ;
#1861=DIRECTION('Axis2P3D Direction',(-1.,-0.,0.)) ;
#1862=DIRECTION('Axis2P3D XDirection',(0.,-0.87758256189,0.479425538604)) ;
#1866=DIRECTION('Vector Direction',(-1.,0.,0.)) ;
#1871=DIRECTION('Vector Direction',(-1.,0.,0.)) ;
#1890=DIRECTION('Axis2P3D Direction',(1.,0.,0.)) ;
#1891=DIRECTION('Axis2P3D XDirection',(0.,0.87758256189,0.479425538604)) ;
#1895=DIRECTION('Axis2P3D Direction',(0.,-0.479425538604,0.87758256189)) ;
#1902=DIRECTION('Axis2P3D Direction',(1.,0.,0.)) ;
#1909=DIRECTION('Axis2P3D Direction',(0.,0.479425538604,-0.87758256189)) ;
#1921=DIRECTION('Axis2P3D Direction',(1.,0.,0.)) ;
#1922=DIRECTION('Axis2P3D XDirection',(0.,0.5,0.866025403784)) ;
#1936=DIRECTION('Axis2P3D Direction',(1.,0.,0.)) ;
#1943=DIRECTION('Vector Direction',(1.,0.,0.)) ;
#1955=DIRECTION('Axis2P3D Direction',(1.,0.,0.)) ;
#1956=DIRECTION('Axis2P3D XDirection',(0.,0.5,-0.866025403784)) ;
#1970=DIRECTION('Axis2P3D Direction',(1.,0.,0.)) ;
#1977=DIRECTION('Vector Direction',(1.,0.,0.)) ;
#1989=DIRECTION('Axis2P3D Direction',(1.,0.,0.)) ;
#2001=DIRECTION('Axis2P3D Direction',(0.,-0.5,-0.866025403784)) ;
#2002=DIRECTION('Axis2P3D XDirection',(0.87758256189,-0.415194695654,0.239712769302)) ;
#2006=DIRECTION('Vector Direction',(0.,-0.5,-0.866025403784)) ;
#2015=DIRECTION('Axis2P3D Direction',(0.,-0.5,-0.866025403784)) ;
#2022=DIRECTION('Vector Direction',(0.,-0.5,-0.866025403784)) ;
#2029=DIRECTION('Axis2P3D Direction',(0.,-0.5,-0.866025403784)) ;
#2041=DIRECTION('Axis2P3D Direction',(0.,-0.5,-0.866025403784)) ;
#2046=DIRECTION('Axis2P3D Direction',(0.,-0.5,-0.866025403784)) ;
#2058=DIRECTION('Axis2P3D Direction',(0.,-0.866025403784,-0.5)) ;
#2059=DIRECTION('Axis2P3D XDirection',(0.,0.5,-0.866025403784)) ;
#2073=DIRECTION('Vector Direction',(1.,0.,0.)) ;
#2080=DIRECTION('Vector Direction',(0.,0.5,-0.866025403784)) ;
#2091=DIRECTION('Axis2P3D Direction',(1.,0.,0.)) ;
#2092=DIRECTION('Axis2P3D XDirection',(-0.,-0.866025403784,-0.5)) ;
#2106=DIRECTION('Vector Direction',(1.,0.,0.)) ;
#2113=DIRECTION('Axis2P3D Direction',(1.,0.,0.)) ;
#2133=DIRECTION('Vector Direction',(0.,0.5,-0.866025403784)) ;
#2140=DIRECTION('Vector Direction',(1.,0.,0.)) ;
#2151=DIRECTION('Axis2P3D Direction',(0.,-0.5,-0.866025403784)) ;
#2152=DIRECTION('Axis2P3D XDirection',(0.87758256189,-0.415194695654,0.239712769302)) ;
#2156=DIRECTION('Vector Direction',(0.,-0.5,-0.866025403784)) ;
#2165=DIRECTION('Axis2P3D Direction',(0.,-0.5,-0.866025403784)) ;
#2172=DIRECTION('Vector Direction',(0.,-0.5,-0.866025403784)) ;
#2179=DIRECTION('Axis2P3D Direction',(0.,-0.5,-0.866025403784)) ;
#2191=DIRECTION('Axis2P3D Direction',(0.,-0.5,-0.866025403784)) ;
#2196=DIRECTION('Axis2P3D Direction',(0.,-0.5,-0.866025403784)) ;
#2208=DIRECTION('Axis2P3D Direction',(1.,0.,0.)) ;
#2209=DIRECTION('Axis2P3D XDirection',(-0.,-1.,-2.54207057919E-015)) ;
#2213=DIRECTION('Vector Direction',(1.,0.,0.)) ;
#2220=DIRECTION('Axis2P3D Direction',(1.,0.,0.)) ;
#2227=DIRECTION('Vector Direction',(1.,0.,0.)) ;
#2239=DIRECTION('Axis2P3D Direction',(0.,-1.,0.)) ;
#2240=DIRECTION('Axis2P3D XDirection',(0.,0.,-1.)) ;
#2244=DIRECTION('Vector Direction',(0.,0.,-1.)) ;
#2251=DIRECTION('Vector Direction',(1.,0.,0.)) ;
#2263=DIRECTION('Axis2P3D Direction',(1.,0.,0.)) ;
#2264=DIRECTION('Axis2P3D XDirection',(0.,-0.431818181818,0.901960674227)) ;
#2268=DIRECTION('Axis2P3D Direction',(1.,0.,0.)) ;
#2275=DIRECTION('Vector Direction',(1.,0.,0.)) ;
#2287=DIRECTION('Axis2P3D Direction',(1.,0.,0.)) ;
#2294=DIRECTION('Vector Direction',(1.,0.,0.)) ;
#2306=DIRECTION('Axis2P3D Direction',(1.,0.,0.)) ;
#2307=DIRECTION('Axis2P3D XDirection',(0.,-0.5,0.866025403784)) ;
#2311=DIRECTION('Axis2P3D Direction',(1.,0.,0.)) ;
#2318=DIRECTION('Vector Direction',(1.,0.,0.)) ;
#2330=DIRECTION('Axis2P3D Direction',(0.,-0.5,0.866025403784)) ;
#2331=DIRECTION('Axis2P3D XDirection',(0.,-0.866025403784,-0.5)) ;
#2335=DIRECTION('Vector Direction',(0.,-0.866025403784,-0.5)) ;
#2342=DIRECTION('Vector Direction',(1.,0.,0.)) ;
#2354=DIRECTION('Axis2P3D Direction',(1.,0.,0.)) ;
#2355=DIRECTION('Axis2P3D XDirection',(0.,0.5,0.866025403784)) ;
#2359=DIRECTION('Axis2P3D Direction',(1.,0.,0.)) ;
#2366=DIRECTION('Vector Direction',(1.,0.,0.)) ;
#2378=DIRECTION('Axis2P3D Direction',(1.,-0.,-0.)) ;
#2379=DIRECTION('Axis2P3D XDirection',(0.,-0.479425538604,-0.87758256189)) ;
#2409=DIRECTION('Vector Direction',(0.,1.,0.)) ;
#2416=DIRECTION('Axis2P3D Direction',(-0.,1.,0.)) ;
#2423=DIRECTION('Vector Direction',(0.,1.,0.)) ;
#2435=DIRECTION('Axis2P3D Direction',(-0.,1.,0.)) ;
#2447=DIRECTION('Axis2P3D Direction',(0.,0.,-1.)) ;
#2448=DIRECTION('Axis2P3D XDirection',(1.,0.,0.)) ;
#2452=DIRECTION('Vector Direction',(1.,0.,0.)) ;
#2482=DIRECTION('Axis2P3D Direction',(0.,-0.5,0.866025403784)) ;
#2483=DIRECTION('Axis2P3D XDirection',(0.87758256189,0.415194695654,0.239712769302)) ;
#2487=DIRECTION('Vector Direction',(0.,-0.5,0.866025403784)) ;
#2496=DIRECTION('Axis2P3D Direction',(0.,-0.5,0.866025403784)) ;
#2503=DIRECTION('Vector Direction',(0.,-0.5,0.866025403784)) ;
#2510=DIRECTION('Axis2P3D Direction',(0.,-0.5,0.866025403784)) ;
#2522=DIRECTION('Axis2P3D Direction',(0.,-0.5,0.866025403784)) ;
#2527=DIRECTION('Axis2P3D Direction',(0.,-0.5,0.866025403784)) ;
#2539=DIRECTION('Axis2P3D Direction',(1.,0.,0.)) ;
#2540=DIRECTION('Axis2P3D XDirection',(0.,0.87758256189,0.479425538604)) ;
#2544=DIRECTION('Vector Direction',(1.,0.,0.)) ;
#2549=DIRECTION('Vector Direction',(1.,0.,0.)) ;
#2561=DIRECTION('Vector Direction',(0.,0.,-1.)) ;
#2566=DIRECTION('Vector Direction',(0.,0.,-1.)) ;
#2584=DIRECTION('Axis2P3D Direction',(0.,-1.,0.)) ;
#2585=DIRECTION('Axis2P3D XDirection',(0.,0.,-1.)) ;
#2589=DIRECTION('Vector Direction',(0.,0.,-1.)) ;
#2608=DIRECTION('Vector Direction',(0.,-0.866025403784,-0.5)) ;
#2613=DIRECTION('Vector Direction',(0.,-0.866025403784,-0.5)) ;
#2665=DIRECTION('Axis2P3D Direction',(1.,0.,0.)) ;
#2666=DIRECTION('Axis2P3D XDirection',(0.,-1.,1.89882151931E-015)) ;
#2670=DIRECTION('Axis2P3D Direction',(1.,0.,0.)) ;
#2682=DIRECTION('Axis2P3D Direction',(0.,-1.,0.)) ;
#2683=DIRECTION('Axis2P3D XDirection',(0.,0.,-1.)) ;
#2687=DIRECTION('Vector Direction',(1.,0.,0.)) ;
#2692=DIRECTION('Vector Direction',(0.,0.,-1.)) ;
#2718=DIRECTION('Axis2P3D Direction',(1.,0.,0.)) ;
#2719=DIRECTION('Axis2P3D XDirection',(0.,1.,0.)) ;
#2723=DIRECTION('Vector Direction',(0.,-0.5,0.866025403784)) ;
#2732=DIRECTION('Vector Direction',(0.,-0.866025403784,-0.5)) ;
#2737=DIRECTION('Vector Direction',(0.,-0.866025403784,0.5)) ;
#2744=DIRECTION('Vector Direction',(0.,-0.5,-0.866025403784)) ;
#2751=DIRECTION('Vector Direction',(0.,-0.866025403784,0.5)) ;
#2756=DIRECTION('Vector Direction',(0.,-0.866025403784,0.5)) ;
#2763=DIRECTION('Vector Direction',(0.,-0.5,-0.866025403784)) ;
#2770=DIRECTION('Vector Direction',(0.,-0.866025403784,0.5)) ;
#2775=DIRECTION('Vector Direction',(0.,-0.866025403784,-0.5)) ;
#2782=DIRECTION('Vector Direction',(0.,-0.5,0.866025403784)) ;
#2789=DIRECTION('Vector Direction',(0.,-0.866025403784,-0.5)) ;
#2794=DIRECTION('Vector Direction',(0.,-0.866025403784,-0.5)) ;
#2857=DIRECTION('Axis2P3D Direction',(-0.,0.5,0.866025403784)) ;
#2858=DIRECTION('Axis2P3D XDirection',(0.,-0.866025403784,0.5)) ;
#2862=DIRECTION('Vector Direction',(1.,0.,0.)) ;
#2869=DIRECTION('Axis2P3D Direction',(-0.,0.5,0.866025403784)) ;
#2888=DIRECTION('Axis2P3D Direction',(0.,-0.5,0.866025403784)) ;
#2889=DIRECTION('Axis2P3D XDirection',(0.,-0.866025403784,-0.5)) ;
#2893=DIRECTION('Vector Direction',(1.,0.,0.)) ;
#2900=DIRECTION('Axis2P3D Direction',(0.,-0.5,0.866025403784)) ;
#2919=DIRECTION('Axis2P3D Direction',(-0.,0.5,0.866025403784)) ;
#2920=DIRECTION('Axis2P3D XDirection',(0.,-0.866025403784,0.5)) ;
#2924=DIRECTION('Axis2P3D Direction',(-0.,0.5,0.866025403784)) ;
#2931=DIRECTION('Vector Direction',(1.,0.,0.)) ;
#2950=DIRECTION('Axis2P3D Direction',(0.,-0.5,0.866025403784)) ;
#2951=DIRECTION('Axis2P3D XDirection',(0.,-0.866025403784,-0.5)) ;
#2955=DIRECTION('Axis2P3D Direction',(0.,-0.5,0.866025403784)) ;
#2962=DIRECTION('Vector Direction',(1.,0.,0.)) ;
#2969=DIRECTION('Vector Direction',(0.,-0.866025403784,-0.5)) ;
#2988=DIRECTION('Axis2P3D Direction',(-0.,0.5,0.866025403784)) ;
#2989=DIRECTION('Axis2P3D XDirection',(0.,-0.866025403784,0.5)) ;
#2993=DIRECTION('Axis2P3D Direction',(-0.,0.5,0.866025403784)) ;
#3000=DIRECTION('Vector Direction',(1.,0.,0.)) ;
#3007=DIRECTION('Vector Direction',(0.,0.866025403784,-0.5)) ;
#3026=DIRECTION('Axis2P3D Direction',(-0.,0.5,0.866025403784)) ;
#3027=DIRECTION('Axis2P3D XDirection',(0.,-0.866025403784,0.5)) ;
#3031=DIRECTION('Vector Direction',(0.,0.866025403784,-0.5)) ;
#3038=DIRECTION('Vector Direction',(1.,0.,0.)) ;
#3045=DIRECTION('Axis2P3D Direction',(-0.,0.5,0.866025403784)) ;
#3064=DIRECTION('Axis2P3D Direction',(0.,-0.5,0.866025403784)) ;
#3065=DIRECTION('Axis2P3D XDirection',(0.,-0.866025403784,-0.5)) ;
#3069=DIRECTION('Axis2P3D Direction',(0.,-0.5,0.866025403784)) ;
#3076=DIRECTION('Vector Direction',(1.,0.,0.)) ;
#3095=DIRECTION('Axis2P3D Direction',(0.,-0.5,0.866025403784)) ;
#3096=DIRECTION('Axis2P3D XDirection',(0.,-0.866025403784,-0.5)) ;
#3100=DIRECTION('Vector Direction',(0.,-0.866025403784,-0.5)) ;
#3107=DIRECTION('Vector Direction',(1.,0.,0.)) ;
#3114=DIRECTION('Axis2P3D Direction',(0.,-0.5,0.866025403784)) ;
#3133=DIRECTION('Axis2P3D Direction',(0.,-0.5,-0.866025403784)) ;
#3134=DIRECTION('Axis2P3D XDirection',(-0.999999892584,-0.000401401672989,0.000231749363954)) ;
#3138=DIRECTION('Vector Direction',(0.,-0.5,-0.866025403784)) ;
#3150=DIRECTION('Axis2P3D Direction',(0.,-0.866025403784,0.5)) ;
#3151=DIRECTION('Axis2P3D XDirection',(1.,0.,0.)) ;
#3155=DIRECTION('Vector Direction',(0.,0.5,0.866025403784)) ;
#3173=DIRECTION('Vector Direction',(0.,-0.5,-0.866025403784)) ;
#3185=DIRECTION('Vector Direction',(0.,0.5,0.866025403784)) ;
#3203=DIRECTION('Axis2P3D Direction',(0.,-0.5,0.866025403784)) ;
#3204=DIRECTION('Axis2P3D XDirection',(-0.999999892584,0.000401401672989,0.000231749363954)) ;
#3208=DIRECTION('Vector Direction',(0.,-0.5,0.866025403784)) ;
#3220=DIRECTION('Axis2P3D Direction',(-0.,0.866025403784,0.5)) ;
#3221=DIRECTION('Axis2P3D XDirection',(1.,0.,0.)) ;
#3225=DIRECTION('Vector Direction',(0.,0.5,-0.866025403784)) ;
#3243=DIRECTION('Vector Direction',(0.,-0.5,0.866025403784)) ;
#3255=DIRECTION('Vector Direction',(0.,0.5,-0.866025403784)) ;
#3283=DIRECTION('NONE',(1.,0.,0.)) ;
#3284=DIRECTION('NONE',(0.,0.,1.)) ;
#3285=DIRECTION('NONE',(1.,-5.47382212627E-048,0.)) ;
#3286=DIRECTION('NONE',(0.,1.,-9.95799250103E-017)) ;
#3305=DIRECTION('Axis2P3D Direction',(0.,-0.,-1.)) ;
#3306=DIRECTION('Axis2P3D XDirection',(0.87758256189,-0.479425538604,0.)) ;
#3310=DIRECTION('Vector Direction',(0.,0.,-1.)) ;
#3319=DIRECTION('Axis2P3D Direction',(0.,-0.,-1.)) ;
#3326=DIRECTION('Vector Direction',(0.,0.,-1.)) ;
#3333=DIRECTION('Axis2P3D Direction',(0.,-0.,-1.)) ;
#3345=DIRECTION('Axis2P3D Direction',(0.,-0.,-1.)) ;
#3350=DIRECTION('Axis2P3D Direction',(0.,-0.,-1.)) ;
#3362=DIRECTION('Axis2P3D Direction',(0.,0.,1.)) ;
#3363=DIRECTION('Axis2P3D XDirection',(-0.939692620786,-0.342020143326,-0.)) ;
#3385=DIRECTION('Vector Direction',(0.,0.,1.)) ;
#3392=DIRECTION('Axis2P3D Direction',(0.,0.,1.)) ;
#3399=DIRECTION('Vector Direction',(0.,0.,1.)) ;
#3411=DIRECTION('Axis2P3D Direction',(-0.,-1.,-0.)) ;
#3412=DIRECTION('Axis2P3D XDirection',(-1.,0.,0.)) ;
#3416=DIRECTION('Axis2P3D Direction',(-0.,-1.,-0.)) ;
#3423=DIRECTION('Vector Direction',(-1.,0.,0.)) ;
#3452=DIRECTION('Vector Direction',(0.,0.,1.)) ;
#3459=DIRECTION('Axis2P3D Direction',(0.,0.,1.)) ;
#3466=DIRECTION('Vector Direction',(0.,0.,1.)) ;
#3478=DIRECTION('Axis2P3D Direction',(-0.,-1.,-0.)) ;
#3485=DIRECTION('Vector Direction',(-1.,0.,0.)) ;
#3496=DIRECTION('Axis2P3D Direction',(0.,-1.,0.)) ;
#3497=DIRECTION('Axis2P3D XDirection',(1.,0.,0.)) ;
#3501=DIRECTION('Axis2P3D Direction',(0.,-1.,0.)) ;
#3510=DIRECTION('Axis2P3D Direction',(0.,-1.,0.)) ;
#3520=DIRECTION('Axis2P3D Direction',(-0.,1.,-0.)) ;
#3521=DIRECTION('Axis2P3D XDirection',(0.87758256189,0.,0.479425538604)) ;
#3525=DIRECTION('Vector Direction',(-0.0467379787106,0.998580804678,-0.0255330741399)) ;
#3532=DIRECTION('Axis2P3D Direction',(0.,1.,-0.)) ;
#3539=DIRECTION('Vector Direction',(0.0467379787106,0.998580804678,0.0255330741399)) ;
#3551=DIRECTION('Axis2P3D Direction',(0.,1.,-0.)) ;
#3563=DIRECTION('Axis2P3D Direction',(0.,-1.,0.)) ;
#3564=DIRECTION('Axis2P3D XDirection',(1.,0.,0.)) ;
#3568=DIRECTION('Axis2P3D Direction',(0.,-1.,0.)) ;
#3577=DIRECTION('Axis2P3D Direction',(0.,-1.,0.)) ;
#3591=DIRECTION('Axis2P3D Direction',(0.,-1.,0.)) ;
#3592=DIRECTION('Axis2P3D XDirection',(0.87758256189,0.,0.479425538604)) ;
#3596=DIRECTION('Axis2P3D Direction',(-0.479425538604,0.,0.87758256189)) ;
#3603=DIRECTION('Axis2P3D Direction',(0.,-1.,0.)) ;
#3610=DIRECTION('Axis2P3D Direction',(0.479425538604,0.,-0.87758256189)) ;
#3622=DIRECTION('Axis2P3D Direction',(0.,-1.,0.)) ;
#3634=DIRECTION('Axis2P3D Direction',(-0.939692620786,-0.342020143326,-0.)) ;
#3635=DIRECTION('Axis2P3D XDirection',(-0.342020143326,0.939692620786,0.)) ;
#3639=DIRECTION('Vector Direction',(1.55236417468E-016,0.,1.)) ;
#3648=DIRECTION('Vector Direction',(-0.342020143326,0.939692620786,0.)) ;
#3668=DIRECTION('Vector Direction',(3.10472834935E-016,0.,1.)) ;
#3685=DIRECTION('Vector Direction',(-0.342020143326,0.939692620786,0.)) ;
#3697=DIRECTION('Axis2P3D Direction',(-0.473473653389,0.880807981087,5.73083609043E-016)) ;
#3698=DIRECTION('Axis2P3D XDirection',(-0.880807981087,-0.473473653389,-4.02102345324E-017)) ;
#3741=DIRECTION('Vector Direction',(0.880807981087,0.473473653389,0.)) ;
#3748=DIRECTION('Vector Direction',(-1.28785870857E-015,3.5527136788E-016,-1.)) ;
#3755=DIRECTION('Vector Direction',(0.880807981087,0.473473653389,0.)) ;
#3770=DIRECTION('Axis2P3D Direction',(0.,0.,1.)) ;
#3771=DIRECTION('Axis2P3D XDirection',(1.,0.,0.)) ;
#3807=DIRECTION('Vector Direction',(1.,0.,0.)) ;
#3826=DIRECTION('Axis2P3D Direction',(-0.,1.,-0.)) ;
#3827=DIRECTION('Axis2P3D XDirection',(0.87758256189,0.,0.479425538604)) ;
#3831=DIRECTION('Vector Direction',(0.0467379787106,0.998580804678,0.0255330741399)) ;
#3838=DIRECTION('Vector Direction',(-0.0467379787106,0.998580804678,-0.0255330741399)) ;
#3843=DIRECTION('Axis2P3D Direction',(0.,1.,-0.)) ;
#3868=DIRECTION('Axis2P3D Direction',(0.,1.,-0.)) ;
#3885=DIRECTION('Axis2P3D Direction',(0.,-1.,0.)) ;
#3886=DIRECTION('Axis2P3D XDirection',(1.,0.,0.)) ;
#3890=DIRECTION('Axis2P3D Direction',(0.,-1.,0.)) ;
#3899=DIRECTION('Axis2P3D Direction',(0.,-1.,0.)) ;
#3904=DIRECTION('Vector Direction',(1.,0.,0.)) ;
#3917=DIRECTION('Axis2P3D Direction',(0.,0.,1.)) ;
#3918=DIRECTION('Axis2P3D XDirection',(1.,0.,0.)) ;
#3956=DIRECTION('Axis2P3D Direction',(0.,-1.,-0.)) ;
#3957=DIRECTION('Axis2P3D XDirection',(0.87758256189,0.,0.479425538604)) ;
#3961=DIRECTION('Axis2P3D Direction',(0.479425538604,0.,-0.87758256189)) ;
#3973=DIRECTION('Axis2P3D Direction',(-0.,-1.,0.)) ;
#3974=DIRECTION('Axis2P3D XDirection',(-0.9917784677,0.,0.127966679283)) ;
#3995=DIRECTION('NONE',(1.,0.,0.)) ;
#3996=DIRECTION('NONE',(0.,0.,1.)) ;
#3997=DIRECTION('NONE',(-0.473473653389,-0.880807981087,9.54097911787E-017)) ;
#3998=DIRECTION('NONE',(1.05549953547E-016,2.68646093827E-016,1.)) ;
#4010=DIRECTION('NONE',(1.,0.,0.)) ;
#4011=DIRECTION('NONE',(0.,0.,1.)) ;
#4012=DIRECTION('NONE',(-0.473473653389,0.440403990544,0.762802087478)) ;
#4013=DIRECTION('NONE',(-3.38271077815E-017,0.866025403784,-0.5)) ;
#4025=DIRECTION('NONE',(1.,0.,0.)) ;
#4026=DIRECTION('NONE',(0.,0.,1.)) ;
#4027=DIRECTION('NONE',(-0.473473653389,0.440403990544,-0.762802087478)) ;
#4028=DIRECTION('NONE',(-2.42861286637E-017,-0.866025403784,-0.5)) ;
#4048=DIRECTION('Axis2P3D Direction',(1.,0.,0.)) ;
#4049=DIRECTION('Axis2P3D XDirection',(0.,0.87758256189,0.479425538604)) ;
#4053=DIRECTION('Axis2P3D Direction',(1.,0.,0.)) ;
#4062=DIRECTION('Vector Direction',(1.,0.,0.)) ;
#4069=DIRECTION('Axis2P3D Direction',(1.,0.,0.)) ;
#4076=DIRECTION('Vector Direction',(1.,0.,0.)) ;
#4088=DIRECTION('Axis2P3D Direction',(1.,0.,0.)) ;
#4093=DIRECTION('Axis2P3D Direction',(1.,0.,0.)) ;
#4105=DIRECTION('Axis2P3D Direction',(1.,0.,0.)) ;
#4106=DIRECTION('Axis2P3D XDirection',(0.,0.87758256189,0.479425538604)) ;
#4110=DIRECTION('Axis2P3D Direction',(1.,0.,0.)) ;
#4119=DIRECTION('Vector Direction',(1.,0.,0.)) ;
#4126=DIRECTION('Axis2P3D Direction',(1.,0.,0.)) ;
#4133=DIRECTION('Vector Direction',(1.,0.,0.)) ;
#4145=DIRECTION('Axis2P3D Direction',(1.,0.,0.)) ;
#4150=DIRECTION('Axis2P3D Direction',(1.,0.,0.)) ;
#4162=DIRECTION('Axis2P3D Direction',(1.,0.,0.)) ;
#4163=DIRECTION('Axis2P3D XDirection',(0.,1.,0.)) ;
#4176=DIRECTION('Axis2P3D Direction',(1.,0.,0.)) ;
#4177=DIRECTION('Axis2P3D XDirection',(0.,1.,0.)) ;
#4200=DIRECTION('NONE',(1.,0.,0.)) ;
#4201=DIRECTION('NONE',(0.,0.,1.)) ;
#4202=DIRECTION('NONE',(-0.880807981087,0.473473653389,1.11022302463E-016)) ;
#4203=DIRECTION('NONE',(0.193638805316,0.360228291374,0.912545665252)) ;
#4215=DIRECTION('NONE',(1.,0.,0.)) ;
#4216=DIRECTION('NONE',(0.,0.,1.)) ;
#4217=DIRECTION('NONE',(-0.880807981087,-0.236736826694,-0.410040211857)) ;
#4218=DIRECTION('NONE',(0.210877266577,0.579238587219,-0.787409320187)) ;
#4230=DIRECTION('NONE',(1.,0.,0.)) ;
#4231=DIRECTION('NONE',(0.,0.,1.)) ;
#4232=DIRECTION('NONE',(-0.880807981087,-0.236736826694,0.410040211857)) ;
#4233=DIRECTION('NONE',(0.473473653389,-0.440403234794,0.762802523809)) ;
#4252=DIRECTION('Axis2P3D Direction',(-0.,0.,1.)) ;
#4253=DIRECTION('Axis2P3D XDirection',(0.87758256189,0.479425538604,0.)) ;
#4257=DIRECTION('Vector Direction',(0.,0.,1.)) ;
#4285=DIRECTION('Vector Direction',(0.,0.,1.)) ;
#4292=DIRECTION('Axis2P3D Direction',(-0.,0.,1.)) ;
#4321=DIRECTION('Axis2P3D Direction',(-0.,0.,1.)) ;
#4333=DIRECTION('Axis2P3D Direction',(1.,0.,0.)) ;
#4334=DIRECTION('Axis2P3D XDirection',(0.,0.87758256189,0.479425538604)) ;
#4338=DIRECTION('Axis2P3D Direction',(1.,0.,0.)) ;
#4347=DIRECTION('Vector Direction',(1.,0.,0.)) ;
#4354=DIRECTION('Axis2P3D Direction',(1.,0.,0.)) ;
#4361=DIRECTION('Vector Direction',(1.,0.,0.)) ;
#4377=DIRECTION('Axis2P3D Direction',(1.,0.,0.)) ;
#4382=DIRECTION('Axis2P3D Direction',(1.,0.,0.)) ;
#4394=DIRECTION('Axis2P3D Direction',(1.,0.,0.)) ;
#4395=DIRECTION('Axis2P3D XDirection',(0.,1.,0.)) ;
#4399=DIRECTION('Axis2P3D Direction',(1.,0.,0.)) ;
#4408=DIRECTION('Axis2P3D Direction',(1.,0.,0.)) ;
#4422=DIRECTION('Axis2P3D Direction',(1.,-0.,0.)) ;
#4423=DIRECTION('Axis2P3D XDirection',(0.,0.87758256189,0.479425538604)) ;
#4427=DIRECTION('Axis2P3D Direction',(0.,0.479425538604,-0.87758256189)) ;
#4434=DIRECTION('Axis2P3D Direction',(1.,-0.,0.)) ;
#4441=DIRECTION('Axis2P3D Direction',(-0.,-0.479425538604,0.87758256189)) ;
#4453=DIRECTION('Axis2P3D Direction',(1.,0.,-0.)) ;
#4454=DIRECTION('Axis2P3D XDirection',(0.,-0.955447184759,-0.295162120091)) ;
#4458=DIRECTION('Axis2P3D Direction',(1.,0.,-0.)) ;
#4495=DIRECTION('Axis1P Direction',(1.,0.,0.)) ;
#4527=DIRECTION('Axis2P3D Direction',(1.,0.,0.)) ;
#4637=DIRECTION('Axis1P Direction',(1.,0.,0.)) ;
#4641=DIRECTION('Axis2P3D Direction',(1.,0.,0.)) ;
#4701=DIRECTION('Axis2P3D Direction',(1.,-0.,0.)) ;
#4702=DIRECTION('Axis2P3D XDirection',(0.,0.87758256189,0.479425538604)) ;
#4706=DIRECTION('Axis2P3D Direction',(0.,0.479425538604,-0.87758256189)) ;
#4713=DIRECTION('Axis2P3D Direction',(1.,-0.,0.)) ;
#4720=DIRECTION('Axis2P3D Direction',(-0.,-0.479425538645,0.877582561868)) ;
#4732=DIRECTION('Axis2P3D Direction',(-0.,-0.,-1.)) ;
#4733=DIRECTION('Axis2P3D XDirection',(1.,0.,0.)) ;
#4737=DIRECTION('Axis2P3D Direction',(0.,0.,1.)) ;
#4746=DIRECTION('Vector Direction',(0.0871557427477,0.,-0.996194698092)) ;
#4751=DIRECTION('Vector Direction',(-0.0871557427477,1.06731476341E-017,-0.996194698092)) ;
#4763=DIRECTION('Axis2P3D Direction',(-0.,-0.,-1.)) ;
#4764=DIRECTION('Axis2P3D XDirection',(-1.,1.22460635382E-016,0.)) ;
#4768=DIRECTION('Axis2P3D Direction',(0.,0.,1.)) ;
#4780=DIRECTION('Axis2P3D Direction',(1.,0.,-0.)) ;
#4781=DIRECTION('Axis2P3D XDirection',(0.,-0.999657662129,0.0261640697634)) ;
#4785=DIRECTION('Axis2P3D Direction',(1.,0.,-0.)) ;
#5215=DIRECTION('Axis2P3D Direction',(1.,0.,0.)) ;
#5216=DIRECTION('Axis2P3D XDirection',(0.,1.,0.)) ;
#5224=DIRECTION('Axis2P3D Direction',(1.,0.,0.)) ;
#5233=DIRECTION('Axis2P3D Direction',(1.,0.,0.)) ;
#5243=DIRECTION('Axis2P3D Direction',(0.,0.,1.)) ;
#5244=DIRECTION('Axis2P3D XDirection',(1.,0.,0.)) ;
#5248=DIRECTION('Vector Direction',(0.,0.,1.)) ;
#5255=DIRECTION('Vector Direction',(0.,0.,1.)) ;
#5262=DIRECTION('Axis2P3D Direction',(0.,0.,1.)) ;
#5274=DIRECTION('Axis2P3D Direction',(0.,0.,1.)) ;
#5286=DIRECTION('Axis2P3D Direction',(1.,0.,0.)) ;
#5287=DIRECTION('Axis2P3D XDirection',(0.,0.87758256189,0.479425538604)) ;
#5291=DIRECTION('Vector Direction',(1.,0.,0.)) ;
#5298=DIRECTION('Axis2P3D Direction',(1.,0.,0.)) ;
#5305=DIRECTION('Vector Direction',(1.,0.,0.)) ;
#5317=DIRECTION('Axis2P3D Direction',(1.,0.,0.)) ;
#5329=DIRECTION('Axis2P3D Direction',(0.,-0.,1.)) ;
#5330=DIRECTION('Axis2P3D XDirection',(-0.941120118628,0.338072362539,0.)) ;
#5334=DIRECTION('Axis2P3D Direction',(1.38777878078E-015,1.,0.)) ;
#5341=DIRECTION('Axis2P3D Direction',(0.,-0.,1.)) ;
#5348=DIRECTION('Axis2P3D Direction',(5.55111512313E-017,-1.,-0.)) ;
#5360=DIRECTION('Axis2P3D Direction',(-0.,0.,1.)) ;
#5361=DIRECTION('Axis2P3D XDirection',(1.,-1.22507368235E-016,0.)) ;
#5365=DIRECTION('Axis2P3D Direction',(-0.,0.,1.)) ;
#5377=DIRECTION('Axis2P3D Direction',(0.,0.,1.)) ;
#5378=DIRECTION('Axis2P3D XDirection',(1.,0.,0.)) ;
#5382=DIRECTION('Axis2P3D Direction',(0.,0.,1.)) ;
#5391=DIRECTION('Axis2P3D Direction',(0.,0.,1.)) ;
#5401=DIRECTION('Axis2P3D Direction',(-9.42109820073E-017,-6.06639102454E-016,1.)) ;
#5402=DIRECTION('Axis2P3D XDirection',(-0.908220652965,0.418491631371,0.)) ;
#5406=DIRECTION('Axis2P3D Direction',(1.11022302463E-016,1.,6.06639102454E-016)) ;
#5411=DIRECTION('Axis2P3D Direction',(1.66533453694E-016,-1.,-6.06639102454E-016)) ;
#5423=DIRECTION('Axis2P3D Direction',(-3.43581771508E-016,3.76343693795E-016,1.)) ;
#5424=DIRECTION('Axis2P3D XDirection',(0.895212340765,-0.445639837696,7.04913051713E-016)) ;
#5435=DIRECTION('Axis2P3D Direction',(1.,0.,0.)) ;
#5436=DIRECTION('Axis2P3D XDirection',(0.,1.,0.)) ;
#5449=DIRECTION('Axis2P3D Direction',(0.,0.,1.)) ;
#5450=DIRECTION('Axis2P3D XDirection',(1.,0.,0.)) ;
#5473=DIRECTION('NONE',(1.,0.,0.)) ;
#5474=DIRECTION('NONE',(0.,0.,1.)) ;
#5475=DIRECTION('NONE',(-0.880807981087,0.473473653389,1.11001973672E-016)) ;
#5476=DIRECTION('NONE',(0.473473653389,0.880807981087,-9.54097911787E-017)) ;
#5488=DIRECTION('NONE',(1.,0.,0.)) ;
#5489=DIRECTION('NONE',(0.,0.,1.)) ;
#5490=DIRECTION('NONE',(-0.880807981087,-0.236736826694,-0.410040211857)) ;
#5491=DIRECTION('NONE',(0.473473653389,-0.440403990544,-0.762802087478)) ;
#5503=DIRECTION('NONE',(1.,0.,0.)) ;
#5504=DIRECTION('NONE',(0.,0.,1.)) ;
#5505=DIRECTION('NONE',(-0.880807981087,-0.236736826694,0.410040211857)) ;
#5506=DIRECTION('NONE',(0.473473653389,-0.440403990544,0.762802087478)) ;
#5525=DIRECTION('Axis2P3D Direction',(-0.,-0.,-1.)) ;
#5526=DIRECTION('Axis2P3D XDirection',(0.87758256189,0.479425538604,0.)) ;
#5530=DIRECTION('Axis2P3D Direction',(0.,0.,-1.)) ;
#5539=DIRECTION('Vector Direction',(0.620544580564,0.339005049421,-0.707106781187)) ;
#5546=DIRECTION('Axis2P3D Direction',(0.,0.,-1.)) ;
#5553=DIRECTION('Vector Direction',(-0.620544580564,-0.339005049421,-0.707106781187)) ;
#5565=DIRECTION('Axis2P3D Direction',(0.,0.,-1.)) ;
#5570=DIRECTION('Axis2P3D Direction',(0.,0.,-1.)) ;
#5582=DIRECTION('Axis2P3D Direction',(0.,0.,1.)) ;
#5583=DIRECTION('Axis2P3D XDirection',(0.87758256189,0.479425538604,0.)) ;
#5587=DIRECTION('Vector Direction',(0.,0.,1.)) ;
#5594=DIRECTION('Axis2P3D Direction',(0.,0.,1.)) ;
#5601=DIRECTION('Vector Direction',(0.,0.,1.)) ;
#5613=DIRECTION('Axis2P3D Direction',(0.,0.,1.)) ;
#5614=DIRECTION('Axis2P3D XDirection',(1.,0.,0.)) ;
#5623=DIRECTION('Axis2P3D Direction',(0.,0.,1.)) ;
#5635=DIRECTION('Axis2P3D Direction',(0.,0.,1.)) ;
#5636=DIRECTION('Axis2P3D XDirection',(0.87758256189,0.479425538604,0.)) ;
#5640=DIRECTION('Vector Direction',(0.620544580564,0.339005049421,0.707106781187)) ;
#5647=DIRECTION('Axis2P3D Direction',(0.,0.,1.)) ;
#5654=DIRECTION('Vector Direction',(-0.620544580564,-0.339005049421,0.707106781187)) ;
#5666=DIRECTION('Axis2P3D Direction',(0.,0.,1.)) ;
#5678=DIRECTION('Axis2P3D Direction',(0.,0.,1.)) ;
#5679=DIRECTION('Axis2P3D XDirection',(0.87758256189,0.479425538604,0.)) ;
#5683=DIRECTION('Vector Direction',(0.,0.,1.)) ;
#5690=DIRECTION('Axis2P3D Direction',(0.,0.,1.)) ;
#5697=DIRECTION('Vector Direction',(0.,0.,1.)) ;
#5709=DIRECTION('Axis2P3D Direction',(0.,0.,1.)) ;
#5721=DIRECTION('Axis2P3D Direction',(0.,0.,-1.)) ;
#5722=DIRECTION('Axis2P3D XDirection',(1.,0.,0.)) ;
#5726=DIRECTION('Axis2P3D Direction',(0.,0.,-1.)) ;
#5735=DIRECTION('Axis2P3D Direction',(0.,0.,-1.)) ;
#5742=DIRECTION('Axis2P3D Direction',(0.,0.,-1.)) ;
#5759=DIRECTION('Vector Direction',(0.,-1.,0.)) ;
#5787=DIRECTION('Axis2P3D Direction',(0.,1.,0.)) ;
#5788=DIRECTION('Axis2P3D XDirection',(1.,-0.,1.83697019872E-016)) ;
#5792=DIRECTION('Axis2P3D Direction',(0.,1.,0.)) ;
#5801=DIRECTION('Vector Direction',(0.,1.,0.)) ;
#5808=DIRECTION('Axis2P3D Direction',(0.,1.,0.)) ;
#5815=DIRECTION('Vector Direction',(0.,1.,0.)) ;
#5822=DIRECTION('Vector Direction',(0.,1.,0.)) ;
#5835=DIRECTION('Axis2P3D Direction',(0.,-0.,1.)) ;
#5836=DIRECTION('Axis2P3D XDirection',(-0.950246041741,-0.31150033733,0.)) ;
#5840=DIRECTION('Axis2P3D Direction',(-1.,-7.77156117238E-016,0.)) ;
#5849=DIRECTION('Axis2P3D Direction',(0.,-0.,1.)) ;
#5856=DIRECTION('Axis2P3D Direction',(-0.615151507347,0.788408918651,0.)) ;
#5863=DIRECTION('Axis2P3D Direction',(0.,-0.,1.)) ;
#5875=DIRECTION('Axis2P3D Direction',(1.,0.,0.)) ;
#5876=DIRECTION('Axis2P3D XDirection',(0.,0.,-1.)) ;
#5880=DIRECTION('Axis2P3D Direction',(1.,0.,0.)) ;
#5889=DIRECTION('Vector Direction',(1.,0.,0.)) ;
#5894=DIRECTION('Vector Direction',(1.,0.,0.)) ;
#5906=DIRECTION('Axis2P3D Direction',(0.,0.,1.)) ;
#5907=DIRECTION('Axis2P3D XDirection',(-0.138062405422,-0.990423531732,0.)) ;
#5911=DIRECTION('Axis2P3D Direction',(-0.769636884882,-0.638481844244,0.)) ;
#5920=DIRECTION('Axis2P3D Direction',(0.,0.,1.)) ;
#5925=DIRECTION('Axis2P3D Direction',(0.,0.,1.)) ;
#5937=DIRECTION('Axis2P3D Direction',(0.769636884882,0.638481844244,0.)) ;
#5938=DIRECTION('Axis2P3D XDirection',(0.,0.,-1.)) ;
#5942=DIRECTION('Axis2P3D Direction',(0.769636884882,0.638481844244,0.)) ;
#5951=DIRECTION('Vector Direction',(0.769636884882,0.638481844244,0.)) ;
#5956=DIRECTION('Vector Direction',(0.769636884882,0.638481844244,0.)) ;
#5968=DIRECTION('Axis2P3D Direction',(0.,0.,1.)) ;
#5969=DIRECTION('Axis2P3D XDirection',(0.743650328165,-0.668568761924,0.)) ;
#5973=DIRECTION('Axis2P3D Direction',(0.,0.,1.)) ;
#5978=DIRECTION('Axis2P3D Direction',(0.,0.,1.)) ;
#5990=DIRECTION('Axis2P3D Direction',(0.,-0.,1.)) ;
#5991=DIRECTION('Axis2P3D XDirection',(-0.989362412256,-0.145471705893,0.)) ;
#5995=DIRECTION('Axis2P3D Direction',(-0.769636884882,0.638481844244,0.)) ;
#6004=DIRECTION('Axis2P3D Direction',(0.,-0.,1.)) ;
#6009=DIRECTION('Axis2P3D Direction',(0.,-0.,1.)) ;
#6021=DIRECTION('Axis2P3D Direction',(0.769636884882,-0.638481844244,0.)) ;
#6022=DIRECTION('Axis2P3D XDirection',(-0.638481844244,-0.769636884882,1.83697019872E-016)) ;
#6026=DIRECTION('Axis2P3D Direction',(0.769636884882,-0.638481844244,0.)) ;
#6035=DIRECTION('Vector Direction',(0.769636884882,-0.638481844244,0.)) ;
#6040=DIRECTION('Vector Direction',(0.769636884882,-0.638481844244,0.)) ;
#6052=DIRECTION('Axis2P3D Direction',(0.,0.,1.)) ;
#6053=DIRECTION('Axis2P3D XDirection',(0.916747901389,0.399466250512,0.)) ;
#6057=DIRECTION('Axis2P3D Direction',(1.,7.21644966006E-016,-0.)) ;
#6066=DIRECTION('Axis2P3D Direction',(0.,0.,1.)) ;
#6071=DIRECTION('Axis2P3D Direction',(0.,0.,1.)) ;
#6083=DIRECTION('Axis2P3D Direction',(1.,0.,0.)) ;
#6084=DIRECTION('Axis2P3D XDirection',(0.,-1.,1.83697019872E-016)) ;
#6088=DIRECTION('Axis2P3D Direction',(1.,0.,0.)) ;
#6097=DIRECTION('Vector Direction',(1.,0.,0.)) ;
#6102=DIRECTION('Vector Direction',(1.,0.,0.)) ;
#6114=DIRECTION('Axis2P3D Direction',(-0.,0.,1.)) ;
#6115=DIRECTION('Axis2P3D XDirection',(0.180646414991,0.983548103933,0.)) ;
#6119=DIRECTION('Axis2P3D Direction',(0.615151515152,0.788408912562,0.)) ;
#6128=DIRECTION('Axis2P3D Direction',(-0.,0.,1.)) ;
#6133=DIRECTION('Axis2P3D Direction',(-0.,0.,1.)) ;
#6145=DIRECTION('Axis2P3D Direction',(0.,-0.,1.)) ;
#6146=DIRECTION('Axis2P3D XDirection',(0.828548645098,0.559917085564,0.)) ;
#6150=DIRECTION('Axis2P3D Direction',(0.,-0.,1.)) ;
#6155=DIRECTION('Axis2P3D Direction',(0.,-0.,1.)) ;
#6167=DIRECTION('Axis2P3D Direction',(0.,0.,1.)) ;
#6168=DIRECTION('Axis2P3D XDirection',(0.788408912562,0.615151515152,0.)) ;
#6172=DIRECTION('Vector Direction',(0.,0.,1.)) ;
#6179=DIRECTION('Axis2P3D Direction',(0.,0.,1.)) ;
#6186=DIRECTION('Vector Direction',(0.,0.,1.)) ;
#6198=DIRECTION('Axis2P3D Direction',(0.,-1.,0.)) ;
#6199=DIRECTION('Axis2P3D XDirection',(1.,0.,0.)) ;
#6203=DIRECTION('Vector Direction',(0.,0.,1.)) ;
#6210=DIRECTION('Vector Direction',(1.,0.,0.)) ;
#6217=DIRECTION('Vector Direction',(0.,0.,1.)) ;
#6229=DIRECTION('Axis2P3D Direction',(-0.638481844244,-0.769636884882,0.)) ;
#6230=DIRECTION('Axis2P3D XDirection',(0.769636884882,-0.638481844244,0.)) ;
#6234=DIRECTION('Vector Direction',(0.,0.,1.)) ;
#6241=DIRECTION('Vector Direction',(0.769636884882,-0.638481844244,0.)) ;
#6248=DIRECTION('Vector Direction',(0.,0.,1.)) ;
#6260=DIRECTION('Axis2P3D Direction',(0.,0.,1.)) ;
#6261=DIRECTION('Axis2P3D XDirection',(-0.638481844244,-0.769636884882,-0.)) ;
#6265=DIRECTION('Vector Direction',(0.,0.,1.)) ;
#6272=DIRECTION('Axis2P3D Direction',(0.,0.,1.)) ;
#6284=DIRECTION('Axis2P3D Direction',(1.,0.,0.)) ;
#6285=DIRECTION('Axis2P3D XDirection',(0.,1.,0.)) ;
#6289=DIRECTION('Vector Direction',(0.,0.,1.)) ;
#6296=DIRECTION('Vector Direction',(0.,1.,0.)) ;
#6308=DIRECTION('Vector Direction',(0.,0.,1.)) ;
#6315=DIRECTION('Vector Direction',(0.,1.,0.)) ;
#6327=DIRECTION('Axis2P3D Direction',(0.,0.,1.)) ;
#6328=DIRECTION('Axis2P3D XDirection',(1.,0.,0.)) ;
#6332=DIRECTION('Vector Direction',(0.,0.,1.)) ;
#6339=DIRECTION('Axis2P3D Direction',(0.,0.,1.)) ;
#6351=DIRECTION('Axis2P3D Direction',(0.638481844244,-0.769636884882,0.)) ;
#6352=DIRECTION('Axis2P3D XDirection',(0.769636884882,0.638481844244,0.)) ;
#6356=DIRECTION('Vector Direction',(0.,0.,1.)) ;
#6363=DIRECTION('Vector Direction',(0.769636884882,0.638481844244,0.)) ;
#6375=DIRECTION('Axis2P3D Direction',(0.,0.,1.)) ;
#6376=DIRECTION('Axis2P3D XDirection',(-1.83697019872E-016,-1.,-0.)) ;
#6380=DIRECTION('Axis2P3D Direction',(0.,0.,1.)) ;
#6392=DIRECTION('Axis2P3D Direction',(0.,0.,1.)) ;
#6393=DIRECTION('Axis2P3D XDirection',(0.638481844244,0.769636884882,0.)) ;
#6397=DIRECTION('Axis2P3D Direction',(0.,0.,1.)) ;
#6404=DIRECTION('Vector Direction',(0.,0.,1.)) ;
#6416=DIRECTION('Axis2P3D Direction',(0.,-1.,0.)) ;
#6417=DIRECTION('Axis2P3D XDirection',(1.,0.,0.)) ;
#6421=DIRECTION('Vector Direction',(1.,0.,0.)) ;
#6428=DIRECTION('Vector Direction',(0.,0.,1.)) ;
#6440=DIRECTION('Axis2P3D Direction',(0.,0.,1.)) ;
#6441=DIRECTION('Axis2P3D XDirection',(-0.788408912562,-0.615151515152,-0.)) ;
#6445=DIRECTION('Axis2P3D Direction',(0.,0.,1.)) ;
#6460=DIRECTION('Axis2P3D Direction',(0.,0.,1.)) ;
#6474=DIRECTION('Axis2P3D Direction',(0.,0.,1.)) ;
#6475=DIRECTION('Axis2P3D XDirection',(7.27366154732E-016,1.,0.)) ;
#6479=DIRECTION('Axis2P3D Direction',(0.,0.,1.)) ;
#6494=DIRECTION('Axis2P3D Direction',(0.,0.,1.)) ;
#6508=DIRECTION('Axis2P3D Direction',(0.,0.,1.)) ;
#6509=DIRECTION('Axis2P3D XDirection',(1.,0.,0.)) ;
#6528=DIRECTION('Axis2P3D Direction',(0.,-0.,1.)) ;
#6529=DIRECTION('Axis2P3D XDirection',(-0.944106722467,-0.329639949935,0.)) ;
#6533=DIRECTION('Axis2P3D Direction',(0.,-0.,1.)) ;
#6542=DIRECTION('Axis2P3D Direction',(-1.,2.75890421619E-014,0.)) ;
#6568=DIRECTION('Axis2P3D Direction',(-0.,0.,1.)) ;
#6569=DIRECTION('Axis2P3D XDirection',(0.508345778032,0.861153046767,0.)) ;
#6573=DIRECTION('Axis2P3D Direction',(1.,1.35533945178E-014,0.)) ;
#6580=DIRECTION('Axis2P3D Direction',(-0.,0.,1.)) ;
#6696=DIRECTION('Axis2P3D Direction',(0.,-0.,-1.)) ;
#6697=DIRECTION('Axis2P3D XDirection',(-0.953723878979,0.300683825081,0.)) ;
#6701=DIRECTION('Axis2P3D Direction',(-0.615151515152,-0.788408912562,0.)) ;
#6724=DIRECTION('Axis2P3D Direction',(0.,0.,-1.)) ;
#6725=DIRECTION('Axis2P3D XDirection',(0.180646414991,-0.983548103933,0.)) ;
#6729=DIRECTION('Axis2P3D Direction',(0.615151515152,-0.788408912562,0.)) ;
#6824=DIRECTION('Axis2P3D Direction',(0.,-0.,-1.)) ;
#6825=DIRECTION('Axis2P3D XDirection',(0.854176892471,-0.519982534677,0.)) ;
#6836=DIRECTION('Axis2P3D Direction',(1.,0.,-0.)) ;
#6837=DIRECTION('Axis2P3D XDirection',(0.,0.,1.)) ;
#6841=DIRECTION('Axis2P3D Direction',(1.,0.,-0.)) ;
#6848=DIRECTION('Vector Direction',(1.,0.,0.)) ;
#6860=DIRECTION('Axis2P3D Direction',(0.,0.,1.)) ;
#6861=DIRECTION('Axis2P3D XDirection',(0.844993930245,0.534775894978,0.)) ;
#6865=DIRECTION('Axis2P3D Direction',(0.769636884882,-0.638481844244,0.)) ;
#6872=DIRECTION('Axis2P3D Direction',(0.,0.,1.)) ;
#6884=DIRECTION('Axis2P3D Direction',(0.769636884882,-0.638481844244,0.)) ;
#6885=DIRECTION('Axis2P3D XDirection',(0.,0.,1.)) ;
#6889=DIRECTION('Axis2P3D Direction',(0.769636884882,-0.638481844244,0.)) ;
#6896=DIRECTION('Vector Direction',(0.769636884882,-0.638481844244,0.)) ;
#6908=DIRECTION('Axis2P3D Direction',(0.,-0.,1.)) ;
#6909=DIRECTION('Axis2P3D XDirection',(-0.910787808543,-0.412874760442,0.)) ;
#6913=DIRECTION('Axis2P3D Direction',(1.95177207729E-013,-1.,-0.)) ;
#6920=DIRECTION('Axis2P3D Direction',(0.,-0.,1.)) ;
#6932=DIRECTION('Axis2P3D Direction',(0.,1.,0.)) ;
#6933=DIRECTION('Axis2P3D XDirection',(0.,0.,1.)) ;
#6937=DIRECTION('Axis2P3D Direction',(0.,1.,0.)) ;
#6944=DIRECTION('Vector Direction',(0.,1.,0.)) ;
#6956=DIRECTION('Axis2P3D Direction',(0.,1.,0.)) ;
#6957=DIRECTION('Axis2P3D XDirection',(0.,0.,1.)) ;
#6961=DIRECTION('Axis2P3D Direction',(0.,1.,0.)) ;
#6968=DIRECTION('Vector Direction',(0.,1.,0.)) ;
#6980=DIRECTION('Axis2P3D Direction',(-0.,0.,1.)) ;
#6981=DIRECTION('Axis2P3D XDirection',(0.899285124186,-0.437362853267,0.)) ;
#6985=DIRECTION('Axis2P3D Direction',(0.769636884882,0.638481844244,0.)) ;
#6992=DIRECTION('Axis2P3D Direction',(-0.,0.,1.)) ;
#7004=DIRECTION('Axis2P3D Direction',(0.769636884882,0.638481844244,-0.)) ;
#7005=DIRECTION('Axis2P3D XDirection',(-0.638481844244,0.769636884882,-1.83697019872E-016)) ;
#7009=DIRECTION('Axis2P3D Direction',(0.769636884882,0.638481844244,-0.)) ;
#7016=DIRECTION('Vector Direction',(0.769636884882,0.638481844244,0.)) ;
#7028=DIRECTION('Axis2P3D Direction',(0.,-0.,1.)) ;
#7029=DIRECTION('Axis2P3D XDirection',(-0.470735239439,-0.882274523235,0.)) ;
#7033=DIRECTION('Axis2P3D Direction',(-1.,-1.2490009027E-015,0.)) ;
#7040=DIRECTION('Axis2P3D Direction',(0.,-0.,1.)) ;
#7052=DIRECTION('Axis2P3D Direction',(1.,0.,-0.)) ;
#7053=DIRECTION('Axis2P3D XDirection',(-0.,1.,-1.83697019872E-016)) ;
#7057=DIRECTION('Vector Direction',(1.,0.,0.)) ;
#7069=DIRECTION('Axis2P3D Direction',(0.,0.,1.)) ;
#7070=DIRECTION('Axis2P3D XDirection',(1.,0.,0.)) ;
#7074=DIRECTION('Vector Direction',(0.,-1.,0.)) ;
#7096=DIRECTION('Axis2P3D Direction',(0.,0.,1.)) ;
#7105=DIRECTION('Vector Direction',(-1.,0.,0.)) ;
#7112=DIRECTION('Axis2P3D Direction',(0.,0.,1.)) ;
#7119=DIRECTION('Vector Direction',(1.,0.,0.)) ;
#7131=DIRECTION('Axis2P3D Direction',(0.928476690885,0.,-0.371390676354)) ;
#7132=DIRECTION('Axis2P3D XDirection',(0.371390676354,0.,0.928476690885)) ;
#7143=DIRECTION('Axis2P3D Direction',(0.,0.,1.)) ;
#7144=DIRECTION('Axis2P3D XDirection',(-1.83697019872E-016,-1.,-0.)) ;
#7148=DIRECTION('Vector Direction',(0.,0.,1.)) ;
#7155=DIRECTION('Vector Direction',(0.,0.,1.)) ;
#7162=DIRECTION('Axis2P3D Direction',(0.,0.,1.)) ;
#7174=DIRECTION('Axis2P3D Direction',(0.,0.,1.)) ;
#7175=DIRECTION('Axis2P3D XDirection',(1.,0.,0.)) ;
#7179=DIRECTION('Axis2P3D Direction',(0.,0.,1.)) ;
#7188=DIRECTION('Vector Direction',(-1.,0.,0.)) ;
#7193=DIRECTION('Vector Direction',(1.,0.,0.)) ;
#7205=DIRECTION('Axis2P3D Direction',(-0.,-1.,-0.)) ;
#7206=DIRECTION('Axis2P3D XDirection',(-1.,0.,0.)) ;
#7210=DIRECTION('Vector Direction',(0.,0.,-1.)) ;
#7222=DIRECTION('Axis2P3D Direction',(-0.,1.,0.)) ;
#7223=DIRECTION('Axis2P3D XDirection',(1.,0.,0.)) ;
#7227=DIRECTION('Vector Direction',(0.,0.,-1.)) ;
#7239=DIRECTION('Axis2P3D Direction',(0.,0.,1.)) ;
#7240=DIRECTION('Axis2P3D XDirection',(6.12323399574E-017,1.,0.)) ;
#7261=DIRECTION('NONE',(1.,0.,0.)) ;
#7262=DIRECTION('NONE',(0.,0.,1.)) ;
#7263=DIRECTION('NONE',(0.762802087478,-0.410040211857,-0.5)) ;
#7264=DIRECTION('NONE',(0.473473653389,0.880807981087,-4.40194291487E-016)) ;
#7276=DIRECTION('NONE',(1.,0.,0.)) ;
#7277=DIRECTION('NONE',(0.,0.,1.)) ;
#7278=DIRECTION('NONE',(0.762802087477,-0.227992595964,0.605105240042)) ;
#7279=DIRECTION('NONE',(0.473473653389,-0.440403990544,-0.762802087478)) ;
#7291=DIRECTION('NONE',(1.,0.,0.)) ;
#7292=DIRECTION('NONE',(0.,0.,1.)) ;
#7293=DIRECTION('NONE',(0.762802087478,0.638032807821,-0.105105240042)) ;
#7294=DIRECTION('NONE',(0.473473653389,-0.440403990544,0.762802087478)) ;
#7313=DIRECTION('Axis2P3D Direction',(1.,0.,0.)) ;
#7314=DIRECTION('Axis2P3D XDirection',(0.,0.87758256189,0.479425538604)) ;
#7318=DIRECTION('Axis2P3D Direction',(1.,0.,0.)) ;
#7327=DIRECTION('Vector Direction',(1.,0.,0.)) ;
#7334=DIRECTION('Axis2P3D Direction',(1.,0.,0.)) ;
#7341=DIRECTION('Vector Direction',(1.,0.,0.)) ;
#7353=DIRECTION('Axis2P3D Direction',(1.,0.,0.)) ;
#7358=DIRECTION('Axis2P3D Direction',(1.,0.,0.)) ;
#7370=DIRECTION('Axis2P3D Direction',(1.,0.,0.)) ;
#7371=DIRECTION('Axis2P3D XDirection',(0.,0.87758256189,0.479425538604)) ;
#7375=DIRECTION('Axis2P3D Direction',(1.,0.,0.)) ;
#7384=DIRECTION('Vector Direction',(1.,0.,0.)) ;
#7391=DIRECTION('Axis2P3D Direction',(1.,0.,0.)) ;
#7398=DIRECTION('Vector Direction',(1.,0.,0.)) ;
#7410=DIRECTION('Axis2P3D Direction',(1.,0.,0.)) ;
#7415=DIRECTION('Axis2P3D Direction',(1.,0.,0.)) ;
#7427=DIRECTION('Axis2P3D Direction',(1.,0.,0.)) ;
#7428=DIRECTION('Axis2P3D XDirection',(0.,1.,0.)) ;
#7441=DIRECTION('Axis2P3D Direction',(1.,0.,0.)) ;
#7442=DIRECTION('Axis2P3D XDirection',(0.,1.,0.)) ;
#7465=DIRECTION('NONE',(1.,0.,0.)) ;
#7466=DIRECTION('NONE',(0.,0.,1.)) ;
#7467=DIRECTION('NONE',(0.880807981087,-0.473473653389,-3.88578058619E-016)) ;
#7468=DIRECTION('NONE',(-0.464380508645,-0.863891908977,0.195042335904)) ;
#7480=DIRECTION('NONE',(1.,0.,0.)) ;
#7481=DIRECTION('NONE',(0.,0.,1.)) ;
#7482=DIRECTION('NONE',(0.880807981087,0.236736826694,0.410040211857)) ;
#7483=DIRECTION('NONE',(-0.416612904138,0.79900271481,0.433622358547)) ;
#7495=DIRECTION('NONE',(1.,0.,0.)) ;
#7496=DIRECTION('NONE',(0.,0.,1.)) ;
#7497=DIRECTION('NONE',(0.880807981087,0.236736826694,-0.410040211857)) ;
#7498=DIRECTION('NONE',(-0.0782118600493,-0.781378954831,-0.619136361309)) ;
#7517=DIRECTION('Axis2P3D Direction',(1.,-1.29621249971E-016,0.)) ;
#7518=DIRECTION('Axis2P3D XDirection',(1.13753348625E-016,0.87758256189,0.479425538604)) ;
#7522=DIRECTION('Axis2P3D Direction',(1.,-1.29621249971E-016,0.)) ;
#7531=DIRECTION('Vector Direction',(1.,-2.15315980533E-016,0.)) ;
#7538=DIRECTION('Axis2P3D Direction',(1.,-1.29621249971E-016,0.)) ;
#7545=DIRECTION('Vector Direction',(1.,-2.15315980533E-016,0.)) ;
#7557=DIRECTION('Axis2P3D Direction',(1.,-1.29621249971E-016,0.)) ;
#7562=DIRECTION('Axis2P3D Direction',(1.,-1.29621249971E-016,0.)) ;
#7574=DIRECTION('Axis2P3D Direction',(1.,-1.29621249971E-016,0.)) ;
#7575=DIRECTION('Axis2P3D XDirection',(1.29621249971E-016,1.,0.)) ;
#7584=DIRECTION('Axis2P3D Direction',(1.,-1.29621249971E-016,0.)) ;
#7585=DIRECTION('Axis2P3D XDirection',(1.29621249971E-016,1.,0.)) ;
#7589=DIRECTION('Axis2P3D Direction',(1.,-1.29621249971E-016,0.)) ;
#7598=DIRECTION('Axis2P3D Direction',(1.,-1.29621249971E-016,0.)) ;
#7608=DIRECTION('Axis2P3D Direction',(1.,-0.,0.)) ;
#7609=DIRECTION('Axis2P3D XDirection',(0.,0.87758256189,0.479425538604)) ;
#7613=DIRECTION('Axis2P3D Direction',(0.,0.479425538604,-0.87758256189)) ;
#7620=DIRECTION('Axis2P3D Direction',(1.,-0.,0.)) ;
#7627=DIRECTION('Axis2P3D Direction',(-0.,-0.479425538604,0.87758256189)) ;
#7639=DIRECTION('Axis2P3D Direction',(1.,0.,-0.)) ;
#7640=DIRECTION('Axis2P3D XDirection',(0.,-0.992776206292,-0.119980849393)) ;
#7644=DIRECTION('Axis2P3D Direction',(1.,0.,-0.)) ;
#7656=DIRECTION('Axis2P3D Direction',(1.,-1.29621249971E-016,0.)) ;
#7657=DIRECTION('Axis2P3D XDirection',(1.62595591707E-016,0.87758256189,0.479425538604)) ;
#7661=DIRECTION('Axis2P3D Direction',(6.21437375819E-017,0.479425538604,-0.87758256189)) ;
#7670=DIRECTION('Axis2P3D Direction',(1.,-1.29621249971E-016,0.)) ;
#7677=DIRECTION('Axis2P3D Direction',(-6.21437375819E-017,-0.479425538604,0.87758256189)) ;
#7684=DIRECTION('Axis2P3D Direction',(1.,-1.29621249971E-016,0.)) ;
#7696=DIRECTION('Axis2P3D Direction',(1.,-1.29621249971E-016,0.)) ;
#7701=DIRECTION('Axis2P3D Direction',(1.,-1.29621249971E-016,0.)) ;
#7713=DIRECTION('Axis2P3D Direction',(-1.,1.29621249971E-016,-0.)) ;
#7714=DIRECTION('Axis2P3D XDirection',(0.,0.87758256189,0.479425538604)) ;
#7718=DIRECTION('Vector Direction',(-0.981345941959,-0.168715429432,-0.0921696591738)) ;
#7725=DIRECTION('Vector Direction',(-0.981345941959,0.168715429432,0.0921696591738)) ;
#7732=DIRECTION('Axis2P3D Direction',(-1.,1.29621249971E-016,-0.)) ;
#7744=DIRECTION('Axis2P3D Direction',(-1.,1.29621249971E-016,-0.)) ;
#7756=DIRECTION('Axis2P3D Direction',(1.,0.,-0.)) ;
#7757=DIRECTION('Axis2P3D XDirection',(0.,-0.9917784677,0.12796667928)) ;
#7761=DIRECTION('Axis2P3D Direction',(0.,-0.479425538604,0.87758256189)) ;
#7766=DIRECTION('Axis2P3D Direction',(-0.,0.479425538604,-0.87758256189)) ;
#7778=DIRECTION('Axis2P3D Direction',(1.,-3.7314674198E-016,1.15700709892E-016)) ;
#7779=DIRECTION('Axis2P3D XDirection',(3.59726804231E-016,0.87758256189,0.479425538604)) ;
#7790=DIRECTION('Axis2P3D Direction',(1.,-1.29621249971E-016,0.)) ;
#7791=DIRECTION('Axis2P3D XDirection',(1.13753348625E-016,0.87758256189,0.479425538604)) ;
#7795=DIRECTION('Vector Direction',(1.,-2.15315980533E-016,0.)) ;
#7802=DIRECTION('Vector Direction',(1.,-2.15315980533E-016,0.)) ;
#7809=DIRECTION('Axis2P3D Direction',(1.,-1.29621249971E-016,0.)) ;
#7821=DIRECTION('Axis2P3D Direction',(1.,-1.29621249971E-016,0.)) ;
#7833=DIRECTION('Axis2P3D Direction',(1.,-1.29621249971E-016,0.)) ;
#7834=DIRECTION('Axis2P3D XDirection',(1.29621249971E-016,1.,0.)) ;
#7838=DIRECTION('Axis2P3D Direction',(1.,-1.29621249971E-016,0.)) ;
#7847=DIRECTION('Axis2P3D Direction',(1.,-1.29621249971E-016,0.)) ;
#7861=DIRECTION('Axis2P3D Direction',(1.,-1.29185401465E-016,6.82874918449E-019)) ;
#7862=DIRECTION('Axis2P3D XDirection',(-1.11821024063E-016,-0.94035785214,-0.340186874995)) ;
#7866=DIRECTION('Axis2P3D Direction',(-6.25340578714E-017,-0.479425523652,0.877582570059)) ;
#7871=DIRECTION('Axis2P3D Direction',(6.25340597974E-017,0.479425538604,-0.87758256189)) ;
#7883=DIRECTION('Axis2P3D Direction',(1.,-1.30389262396E-016,-1.80170487358E-018)) ;
#7884=DIRECTION('Axis2P3D XDirection',(1.11821024063E-016,0.87758256189,0.479425538604)) ;
#7905=DIRECTION('NONE',(1.,0.,0.)) ;
#7906=DIRECTION('NONE',(0.,0.,1.)) ;
#7907=DIRECTION('NONE',(-0.880807981087,0.473473653389,3.67761376907E-016)) ;
#7908=DIRECTION('NONE',(-0.0441676563202,-0.0821655522209,0.995639513159)) ;
#7920=DIRECTION('NONE',(1.,0.,0.)) ;
#7921=DIRECTION('NONE',(0.,0.,1.)) ;
#7922=DIRECTION('NONE',(-0.880807981087,-0.236736826694,0.410040211857)) ;
#7923=DIRECTION('NONE',(0.467872143504,-0.568013253705,0.677094233433)) ;
#7935=DIRECTION('NONE',(1.,0.,0.)) ;
#7936=DIRECTION('NONE',(0.,0.,1.)) ;
#7937=DIRECTION('NONE',(-0.880807981087,-0.236736826694,-0.410040211857)) ;
#7938=DIRECTION('NONE',(-0.409161065382,0.816369337782,0.407588428325)) ;
#7957=DIRECTION('Axis2P3D Direction',(-1.,-0.,-0.)) ;
#7958=DIRECTION('Axis2P3D XDirection',(0.,0.87758256189,0.479425538604)) ;
#7962=DIRECTION('Axis2P3D Direction',(-1.,0.,0.)) ;
#7971=DIRECTION('Vector Direction',(-0.707106781187,0.620544580564,0.339005049421)) ;
#7978=DIRECTION('Axis2P3D Direction',(-1.,0.,0.)) ;
#7985=DIRECTION('Vector Direction',(-0.707106781187,-0.620544580564,-0.339005049421)) ;
#8005=DIRECTION('Axis2P3D Direction',(-1.,0.,0.)) ;
#8010=DIRECTION('Axis2P3D Direction',(-1.,0.,0.)) ;
#8029=DIRECTION('Axis2P3D Direction',(1.,0.,0.)) ;
#8030=DIRECTION('Axis2P3D XDirection',(0.,0.87758256189,0.479425538604)) ;
#8034=DIRECTION('Vector Direction',(1.,0.,0.)) ;
#8041=DIRECTION('Axis2P3D Direction',(1.,0.,0.)) ;
#8048=DIRECTION('Vector Direction',(1.,0.,0.)) ;
#8067=DIRECTION('Axis2P3D Direction',(1.,0.,0.)) ;
#8068=DIRECTION('Axis2P3D XDirection',(0.,1.,0.)) ;
#8084=DIRECTION('Axis2P3D Direction',(1.,0.,0.)) ;
#8103=DIRECTION('Axis2P3D Direction',(1.,0.,0.)) ;
#8104=DIRECTION('Axis2P3D XDirection',(0.,0.87758256189,0.479425538604)) ;
#8108=DIRECTION('Vector Direction',(0.707106781187,0.620544580564,0.339005049421)) ;
#8115=DIRECTION('Axis2P3D Direction',(1.,0.,0.)) ;
#8122=DIRECTION('Vector Direction',(0.707106781187,-0.620544580564,-0.339005049421)) ;
#8141=DIRECTION('Axis2P3D Direction',(1.,0.,0.)) ;
#8160=DIRECTION('Axis2P3D Direction',(1.,0.,0.)) ;
#8161=DIRECTION('Axis2P3D XDirection',(0.,0.87758256189,0.479425538604)) ;
#8165=DIRECTION('Vector Direction',(1.,0.,0.)) ;
#8172=DIRECTION('Axis2P3D Direction',(1.,0.,0.)) ;
#8179=DIRECTION('Vector Direction',(1.,0.,0.)) ;
#8198=DIRECTION('Axis2P3D Direction',(1.,0.,0.)) ;
#8217=DIRECTION('Axis2P3D Direction',(1.,0.,0.)) ;
#8218=DIRECTION('Axis2P3D XDirection',(0.,1.,0.)) ;
#8222=DIRECTION('Axis2P3D Direction',(1.,0.,0.)) ;
#8231=DIRECTION('Axis2P3D Direction',(1.,0.,0.)) ;
#8252=DIRECTION('Axis2P3D Direction',(1.,0.,0.)) ;
#8253=DIRECTION('Axis2P3D XDirection',(0.,0.87758256189,0.479425538604)) ;
#8257=DIRECTION('Vector Direction',(1.,0.,0.)) ;
#8264=DIRECTION('Axis2P3D Direction',(1.,0.,0.)) ;
#8271=DIRECTION('Vector Direction',(1.,0.,0.)) ;
#8290=DIRECTION('Axis2P3D Direction',(1.,0.,0.)) ;
#8309=DIRECTION('Axis2P3D Direction',(1.,0.,0.)) ;
#8310=DIRECTION('Axis2P3D XDirection',(0.,0.87758256189,0.479425538604)) ;
#8314=DIRECTION('Axis2P3D Direction',(1.,0.,0.)) ;
#8323=DIRECTION('Vector Direction',(0.707106781187,0.620544580564,0.339005049421)) ;
#8330=DIRECTION('Axis2P3D Direction',(1.,0.,0.)) ;
#8337=DIRECTION('Vector Direction',(0.707106781187,-0.620544580564,-0.339005049421)) ;
#8356=DIRECTION('Axis2P3D Direction',(1.,0.,0.)) ;
#8361=DIRECTION('Axis2P3D Direction',(1.,0.,0.)) ;
#8380=DIRECTION('Axis2P3D Direction',(1.,0.,0.)) ;
#8381=DIRECTION('Axis2P3D XDirection',(0.,1.,0.)) ;
#8397=DIRECTION('Vector Direction',(1.,0.,0.)) ;
#8404=DIRECTION('Vector Direction',(1.,0.,0.)) ;
#8411=DIRECTION('Axis2P3D Direction',(1.,0.,0.)) ;
#8430=DIRECTION('Axis2P3D Direction',(1.,0.,0.)) ;
#8449=DIRECTION('Axis2P3D Direction',(1.,-6.12323399574E-017,6.12323399574E-017)) ;
#8450=DIRECTION('Axis2P3D XDirection',(2.43800862063E-017,0.87758256189,0.479425538604)) ;
#8454=DIRECTION('Axis2P3D Direction',(1.,-6.12323399574E-017,6.12323399574E-017)) ;
#8463=DIRECTION('Vector Direction',(1.,0.,1.11022302463E-016)) ;
#8470=DIRECTION('Axis2P3D Direction',(1.,-6.12323399574E-017,6.12323399574E-017)) ;
#8477=DIRECTION('Vector Direction',(1.,0.,1.11022302463E-016)) ;
#8489=DIRECTION('Axis2P3D Direction',(1.,-6.12323399574E-017,6.12323399574E-017)) ;
#8494=DIRECTION('Axis2P3D Direction',(1.,-6.12323399574E-017,6.12323399574E-017)) ;
#8506=DIRECTION('Axis2P3D Direction',(1.,-6.12323399574E-017,6.12323399574E-017)) ;
#8507=DIRECTION('Axis2P3D XDirection',(6.12323399574E-017,1.,3.74939945665E-033)) ;
#8511=DIRECTION('Axis2P3D Direction',(1.,-6.12323399574E-017,6.12323399574E-017)) ;
#8520=DIRECTION('Axis2P3D Direction',(1.,-6.12323399574E-017,6.12323399574E-017)) ;
#8527=DIRECTION('Axis2P3D Direction',(1.,-6.12323399574E-017,6.12323399574E-017)) ;
#8534=DIRECTION('Axis2P3D Direction',(1.,-6.12323399574E-017,6.12323399574E-017)) ;
#8541=DIRECTION('Axis2P3D Direction',(1.,-6.12323399574E-017,6.12323399574E-017)) ;
#8548=DIRECTION('Axis2P3D Direction',(1.,-6.12323399574E-017,6.12323399574E-017)) ;
#8555=DIRECTION('Axis2P3D Direction',(1.,-6.12323399574E-017,6.12323399574E-017)) ;
#8562=DIRECTION('Axis2P3D Direction',(1.,-6.12323399574E-017,6.12323399574E-017)) ;
#8569=DIRECTION('Axis2P3D Direction',(1.,-6.12323399574E-017,6.12323399574E-017)) ;
#8576=DIRECTION('Axis2P3D Direction',(1.,-6.12323399574E-017,6.12323399574E-017)) ;
#8583=DIRECTION('Axis2P3D Direction',(1.,-6.12323399574E-017,6.12323399574E-017)) ;
#8590=DIRECTION('Axis2P3D Direction',(1.,-6.12323399574E-017,6.12323399574E-017)) ;
#8597=DIRECTION('Axis2P3D Direction',(1.,-6.12323399574E-017,6.12323399574E-017)) ;
#8604=DIRECTION('Axis2P3D Direction',(1.,-6.12323399574E-017,6.12323399574E-017)) ;
#8611=DIRECTION('Axis2P3D Direction',(1.,-6.12323399574E-017,6.12323399574E-017)) ;
#8618=DIRECTION('Axis2P3D Direction',(1.,-6.12323399574E-017,6.12323399574E-017)) ;
#8625=DIRECTION('Axis2P3D Direction',(1.,-6.12323399574E-017,6.12323399574E-017)) ;
#8632=DIRECTION('Axis2P3D Direction',(1.,-6.12323399574E-017,6.12323399574E-017)) ;
#8639=DIRECTION('Axis2P3D Direction',(1.,-6.12323399574E-017,6.12323399574E-017)) ;
#8646=DIRECTION('Axis2P3D Direction',(1.,-6.12323399574E-017,6.12323399574E-017)) ;
#8653=DIRECTION('Axis2P3D Direction',(1.,-6.12323399574E-017,6.12323399574E-017)) ;
#8686=DIRECTION('Axis2P3D Direction',(1.,-6.12323399574E-017,6.12323399574E-017)) ;
#8687=DIRECTION('Axis2P3D XDirection',(6.12323399574E-017,1.,3.74939945665E-033)) ;
#8700=DIRECTION('Axis2P3D Direction',(1.,-6.12323399574E-017,6.12323399574E-017)) ;
#8701=DIRECTION('Axis2P3D XDirection',(2.43800862063E-017,0.87758256189,0.479425538604)) ;
#8705=DIRECTION('Vector Direction',(1.,-1.48029736617E-016,0.)) ;
#8712=DIRECTION('Vector Direction',(1.,0.,1.48029736617E-016)) ;
#8719=DIRECTION('Axis2P3D Direction',(1.,-6.12323399574E-017,6.12323399574E-017)) ;
#8731=DIRECTION('Axis2P3D Direction',(1.,0.,0.)) ;
#8732=DIRECTION('Axis2P3D XDirection',(0.,0.361344377219,0.932432432432)) ;
#8736=DIRECTION('Vector Direction',(1.,0.,0.)) ;
#8743=DIRECTION('Axis2P3D Direction',(1.,0.,0.)) ;
#8755=DIRECTION('Axis2P3D Direction',(1.,0.,0.)) ;
#8756=DIRECTION('Axis2P3D XDirection',(0.,1.,0.)) ;
#8760=DIRECTION('Axis2P3D Direction',(1.,0.,0.)) ;
#8767=DIRECTION('Vector Direction',(1.,0.,0.)) ;
#8779=DIRECTION('Axis2P3D Direction',(1.,0.,0.)) ;
#8780=DIRECTION('Axis2P3D XDirection',(0.,0.510133238428,0.860095389507)) ;
#8784=DIRECTION('Vector Direction',(1.,0.,0.)) ;
#8791=DIRECTION('Axis2P3D Direction',(1.,0.,0.)) ;
#8803=DIRECTION('Vector Direction',(1.,0.,1.48029736617E-016)) ;
#8810=DIRECTION('Axis2P3D Direction',(1.,-6.12323399574E-017,6.12323399574E-017)) ;
#8822=DIRECTION('Axis2P3D Direction',(1.,0.,0.)) ;
#8823=DIRECTION('Axis2P3D XDirection',(0.,-0.775134387487,0.631796392309)) ;
#8827=DIRECTION('Vector Direction',(1.,0.,0.)) ;
#8834=DIRECTION('Axis2P3D Direction',(1.,0.,0.)) ;
#8846=DIRECTION('Axis2P3D Direction',(1.,0.,-0.)) ;
#8847=DIRECTION('Axis2P3D XDirection',(0.,0.309016994375,0.951056516295)) ;
#8851=DIRECTION('Axis2P3D Direction',(1.,0.,-0.)) ;
#8858=DIRECTION('Vector Direction',(1.,0.,0.)) ;
#8870=DIRECTION('Axis2P3D Direction',(1.,-2.93076751687E-018,5.27047912101E-017)) ;
#8871=DIRECTION('Axis2P3D XDirection',(-4.15140037295E-017,-0.660359484757,0.750949632726)) ;
#8875=DIRECTION('Vector Direction',(1.,0.,5.28677630774E-017)) ;
#8882=DIRECTION('Axis2P3D Direction',(1.,-2.93076751687E-018,5.27047912101E-017)) ;
#8894=DIRECTION('Vector Direction',(1.,0.,1.48029736617E-016)) ;
#8901=DIRECTION('Axis2P3D Direction',(1.,-6.12323399574E-017,6.12323399574E-017)) ;
#8913=DIRECTION('Vector Direction',(1.,0.,1.48029736617E-016)) ;
#8920=DIRECTION('Axis2P3D Direction',(1.,-6.12323399574E-017,6.12323399574E-017)) ;
#8932=DIRECTION('Axis2P3D Direction',(1.,0.,0.)) ;
#8933=DIRECTION('Axis2P3D XDirection',(0.,-0.840403774535,-0.541960788016)) ;
#8937=DIRECTION('Vector Direction',(1.,0.,0.)) ;
#8944=DIRECTION('Axis2P3D Direction',(1.,0.,0.)) ;
#8956=DIRECTION('Axis2P3D Direction',(1.,0.,0.)) ;
#8957=DIRECTION('Axis2P3D XDirection',(0.,-0.809016994375,0.587785252292)) ;
#8961=DIRECTION('Axis2P3D Direction',(1.,0.,0.)) ;
#8968=DIRECTION('Vector Direction',(1.,0.,0.)) ;
#8980=DIRECTION('Axis2P3D Direction',(1.,0.,0.)) ;
#8981=DIRECTION('Axis2P3D XDirection',(0.,-0.9182578448,-0.395982992643)) ;
#8985=DIRECTION('Vector Direction',(1.,0.,0.)) ;
#8992=DIRECTION('Axis2P3D Direction',(1.,0.,0.)) ;
#9004=DIRECTION('Vector Direction',(1.,-7.40148683083E-017,0.)) ;
#9011=DIRECTION('Axis2P3D Direction',(1.,-6.12323399574E-017,6.12323399574E-017)) ;
#9023=DIRECTION('Axis2P3D Direction',(1.,0.,0.)) ;
#9024=DIRECTION('Axis2P3D XDirection',(0.,0.255736290551,-0.966746579873)) ;
#9028=DIRECTION('Vector Direction',(1.,0.,0.)) ;
#9035=DIRECTION('Axis2P3D Direction',(1.,0.,0.)) ;
#9047=DIRECTION('Axis2P3D Direction',(1.,0.,0.)) ;
#9048=DIRECTION('Axis2P3D XDirection',(0.,-0.809016994375,-0.587785252292)) ;
#9052=DIRECTION('Axis2P3D Direction',(1.,0.,0.)) ;
#9059=DIRECTION('Vector Direction',(1.,0.,0.)) ;
#9071=DIRECTION('Axis2P3D Direction',(1.,0.,0.)) ;
#9072=DIRECTION('Axis2P3D XDirection',(0.,0.0928449262337,-0.995680581147)) ;
#9076=DIRECTION('Vector Direction',(1.,0.,0.)) ;
#9083=DIRECTION('Axis2P3D Direction',(1.,0.,0.)) ;
#9095=DIRECTION('Vector Direction',(1.,0.,5.55111512313E-017)) ;
#9102=DIRECTION('Axis2P3D Direction',(1.,-6.12323399574E-017,6.12323399574E-017)) ;
#9114=DIRECTION('Axis2P3D Direction',(1.,0.,-0.)) ;
#9115=DIRECTION('Axis2P3D XDirection',(0.,0.998457494252,-0.0555214568532)) ;
#9119=DIRECTION('Vector Direction',(1.,0.,0.)) ;
#9126=DIRECTION('Axis2P3D Direction',(1.,0.,-0.)) ;
#9138=DIRECTION('Axis2P3D Direction',(1.,-0.,0.)) ;
#9139=DIRECTION('Axis2P3D XDirection',(0.,0.309016994375,-0.951056516295)) ;
#9143=DIRECTION('Axis2P3D Direction',(1.,-0.,0.)) ;
#9150=DIRECTION('Vector Direction',(1.,0.,0.)) ;
#9162=DIRECTION('Axis2P3D Direction',(1.,0.,-0.)) ;
#9163=DIRECTION('Axis2P3D XDirection',(0.,0.975639164896,-0.219381448444)) ;
#9167=DIRECTION('Axis2P3D Direction',(1.,0.,-0.)) ;
#9179=DIRECTION('Axis2P3D Direction',(1.,0.,-0.)) ;
#9180=DIRECTION('Axis2P3D XDirection',(0.,0.87758256189,0.479425538604)) ;
#9194=DIRECTION('Axis2P3D Direction',(1.,0.,-0.)) ;
#9279=DIRECTION('Axis2P3D Direction',(1.,0.,-0.)) ;
#9280=DIRECTION('Axis2P3D XDirection',(0.,-0.978196529534,-0.207681365576)) ;
#9284=DIRECTION('Axis2P3D Direction',(1.,0.,-0.)) ;
#9369=DIRECTION('Axis2P3D Direction',(1.,0.,-0.)) ;
#9370=DIRECTION('Axis2P3D XDirection',(0.,0.87758256189,0.479425538604)) ;
#9374=DIRECTION('Axis2P3D Direction',(1.,0.,-0.)) ;
#9459=DIRECTION('Axis2P3D Direction',(1.,-3.16748012699E-015,-1.05235384789E-015)) ;
#9460=DIRECTION('Axis2P3D XDirection',(-1.7763568394E-015,0.0126799629494,-0.999919606038)) ;
#9464=DIRECTION('Axis2P3D Direction',(1.,-3.16748012699E-015,-1.05235384789E-015)) ;
#9549=DIRECTION('Axis2P3D Direction',(1.,-0.,0.)) ;
#9550=DIRECTION('Axis2P3D XDirection',(0.,0.87758256189,0.479425538604)) ;
#9554=DIRECTION('Axis2P3D Direction',(1.,-0.,0.)) ;
#9561=DIRECTION('Axis2P3D Direction',(1.,-0.,0.)) ;
#9648=DIRECTION('Axis2P3D Direction',(1.,-0.,0.)) ;
#9649=DIRECTION('Axis2P3D XDirection',(0.,0.968353818249,-0.249581414937)) ;
#9653=DIRECTION('Axis2P3D Direction',(1.,-0.,0.)) ;
#9738=DIRECTION('Axis2P3D Direction',(1.,0.,-0.)) ;
#9739=DIRECTION('Axis2P3D XDirection',(0.,0.87758256189,0.479425538604)) ;
#9743=DIRECTION('Axis2P3D Direction',(1.,0.,-0.)) ;
#9828=DIRECTION('Axis2P3D Direction',(1.,-0.,0.)) ;
#9829=DIRECTION('Axis2P3D XDirection',(0.,0.694743024845,0.71925804092)) ;
#9833=DIRECTION('Axis2P3D Direction',(1.,-0.,0.)) ;
#9918=DIRECTION('Axis2P3D Direction',(1.,0.,-0.)) ;
#9919=DIRECTION('Axis2P3D XDirection',(0.,0.87758256189,0.479425538604)) ;
#9923=DIRECTION('Axis2P3D Direction',(1.,0.,-0.)) ;
#10008=DIRECTION('Axis2P3D Direction',(1.,0.,-0.)) ;
#10009=DIRECTION('Axis2P3D XDirection',(0.,-0.0126799629494,0.999919606038)) ;
#10013=DIRECTION('Axis2P3D Direction',(1.,0.,-0.)) ;
#10076=DIRECTION('Axis2P3D Direction',(1.,-6.12323399574E-017,6.12323399574E-017)) ;
#10077=DIRECTION('Axis2P3D XDirection',(6.12323399574E-017,1.,3.74939945665E-033)) ;
#10109=DIRECTION('NONE',(1.,0.,0.)) ;
#10110=DIRECTION('NONE',(0.,0.,1.)) ;
#10111=DIRECTION('NONE',(1.,0.,0.)) ;
#10112=DIRECTION('NONE',(0.,0.,1.)) ;
#10132=DIRECTION('Axis2P3D Direction',(1.,0.,0.)) ;
#10133=DIRECTION('Axis2P3D XDirection',(0.,0.87758256189,0.479425538604)) ;
#10137=DIRECTION('Axis2P3D Direction',(1.,0.,0.)) ;
#10146=DIRECTION('Vector Direction',(1.,0.,0.)) ;
#10153=DIRECTION('Axis2P3D Direction',(1.,0.,0.)) ;
#10160=DIRECTION('Vector Direction',(1.,0.,0.)) ;
#10172=DIRECTION('Axis2P3D Direction',(1.,0.,0.)) ;
#10177=DIRECTION('Axis2P3D Direction',(1.,0.,0.)) ;
#10189=DIRECTION('Axis2P3D Direction',(1.,0.,0.)) ;
#10190=DIRECTION('Axis2P3D XDirection',(0.,0.87758256189,0.479425538604)) ;
#10194=DIRECTION('Axis2P3D Direction',(1.,0.,0.)) ;
#10203=DIRECTION('Vector Direction',(1.,0.,0.)) ;
#10210=DIRECTION('Axis2P3D Direction',(1.,0.,0.)) ;
#10217=DIRECTION('Vector Direction',(1.,0.,0.)) ;
#10229=DIRECTION('Axis2P3D Direction',(1.,0.,0.)) ;
#10234=DIRECTION('Axis2P3D Direction',(1.,0.,0.)) ;
#10246=DIRECTION('Axis2P3D Direction',(1.,0.,0.)) ;
#10247=DIRECTION('Axis2P3D XDirection',(0.,1.,0.)) ;
#10260=DIRECTION('Axis2P3D Direction',(1.,0.,0.)) ;
#10261=DIRECTION('Axis2P3D XDirection',(0.,1.,0.)) ;
#10284=DIRECTION('NONE',(1.,0.,0.)) ;
#10285=DIRECTION('NONE',(0.,0.,1.)) ;
#10286=DIRECTION('NONE',(1.,0.,0.)) ;
#10287=DIRECTION('NONE',(0.,0.,1.)) ;
#10306=DIRECTION('Axis2P3D Direction',(1.,0.,0.)) ;
#10307=DIRECTION('Axis2P3D XDirection',(0.,0.87758256189,0.479425538604)) ;
#10311=DIRECTION('Axis2P3D Direction',(1.,0.,0.)) ;
#10320=DIRECTION('Vector Direction',(1.,0.,0.)) ;
#10327=DIRECTION('Axis2P3D Direction',(1.,0.,0.)) ;
#10334=DIRECTION('Vector Direction',(1.,0.,0.)) ;
#10346=DIRECTION('Axis2P3D Direction',(1.,0.,0.)) ;
#10351=DIRECTION('Axis2P3D Direction',(1.,0.,0.)) ;
#10363=DIRECTION('Axis2P3D Direction',(1.,0.,0.)) ;
#10364=DIRECTION('Axis2P3D XDirection',(0.,1.,0.)) ;
#10368=DIRECTION('Axis2P3D Direction',(1.,0.,0.)) ;
#10377=DIRECTION('Axis2P3D Direction',(1.,0.,0.)) ;
#10391=DIRECTION('Axis2P3D Direction',(1.,0.,0.)) ;
#10392=DIRECTION('Axis2P3D XDirection',(0.,0.87758256189,0.479425538604)) ;
#10396=DIRECTION('Vector Direction',(1.,0.,0.)) ;
#10403=DIRECTION('Axis2P3D Direction',(1.,0.,0.)) ;
#10410=DIRECTION('Vector Direction',(1.,0.,0.)) ;
#10422=DIRECTION('Axis2P3D Direction',(1.,0.,0.)) ;
#10434=DIRECTION('Axis2P3D Direction',(1.,0.,0.)) ;
#10435=DIRECTION('Axis2P3D XDirection',(0.,1.,0.)) ;
#10439=DIRECTION('Axis2P3D Direction',(1.,0.,0.)) ;
#10448=DIRECTION('Axis2P3D Direction',(1.,0.,0.)) ;
#10455=DIRECTION('Axis2P3D Direction',(1.,0.,0.)) ;
#10462=DIRECTION('Axis2P3D Direction',(1.,0.,0.)) ;
#10469=DIRECTION('Axis2P3D Direction',(1.,0.,0.)) ;
#10476=DIRECTION('Axis2P3D Direction',(1.,0.,0.)) ;
#10483=DIRECTION('Axis2P3D Direction',(1.,0.,0.)) ;
#10490=DIRECTION('Axis2P3D Direction',(1.,0.,0.)) ;
#10497=DIRECTION('Axis2P3D Direction',(1.,0.,0.)) ;
#10504=DIRECTION('Axis2P3D Direction',(1.,0.,0.)) ;
#10511=DIRECTION('Axis2P3D Direction',(1.,0.,0.)) ;
#10518=DIRECTION('Axis2P3D Direction',(1.,0.,0.)) ;
#10525=DIRECTION('Axis2P3D Direction',(1.,0.,0.)) ;
#10532=DIRECTION('Axis2P3D Direction',(1.,0.,0.)) ;
#10539=DIRECTION('Axis2P3D Direction',(1.,0.,0.)) ;
#10546=DIRECTION('Axis2P3D Direction',(1.,0.,0.)) ;
#10553=DIRECTION('Axis2P3D Direction',(1.,0.,0.)) ;
#10560=DIRECTION('Axis2P3D Direction',(1.,0.,0.)) ;
#10567=DIRECTION('Axis2P3D Direction',(1.,0.,0.)) ;
#10574=DIRECTION('Axis2P3D Direction',(1.,0.,0.)) ;
#10581=DIRECTION('Axis2P3D Direction',(1.,0.,0.)) ;
#10614=DIRECTION('Axis2P3D Direction',(1.,0.,0.)) ;
#10615=DIRECTION('Axis2P3D XDirection',(0.,0.361344377219,0.932432432432)) ;
#10619=DIRECTION('Vector Direction',(1.,0.,0.)) ;
#10626=DIRECTION('Vector Direction',(1.,0.,0.)) ;
#10633=DIRECTION('Axis2P3D Direction',(1.,0.,0.)) ;
#10645=DIRECTION('Axis2P3D Direction',(1.,0.,0.)) ;
#10646=DIRECTION('Axis2P3D XDirection',(0.,1.,0.)) ;
#10650=DIRECTION('Axis2P3D Direction',(1.,0.,0.)) ;
#10657=DIRECTION('Vector Direction',(1.,0.,0.)) ;
#10669=DIRECTION('Axis2P3D Direction',(1.,0.,0.)) ;
#10670=DIRECTION('Axis2P3D XDirection',(0.,0.510133238428,0.860095389507)) ;
#10674=DIRECTION('Vector Direction',(1.,0.,0.)) ;
#10681=DIRECTION('Axis2P3D Direction',(1.,0.,0.)) ;
#10693=DIRECTION('Axis2P3D Direction',(1.,0.,0.)) ;
#10694=DIRECTION('Axis2P3D XDirection',(0.,0.87758256189,0.479425538604)) ;
#10698=DIRECTION('Vector Direction',(1.,0.,0.)) ;
#10705=DIRECTION('Axis2P3D Direction',(1.,0.,0.)) ;
#10717=DIRECTION('Axis2P3D Direction',(1.,0.,0.)) ;
#10718=DIRECTION('Axis2P3D XDirection',(0.,-0.775134387487,0.631796392309)) ;
#10722=DIRECTION('Vector Direction',(1.,0.,0.)) ;
#10729=DIRECTION('Axis2P3D Direction',(1.,0.,0.)) ;
#10741=DIRECTION('Vector Direction',(1.,0.,0.)) ;
#10748=DIRECTION('Vector Direction',(1.,0.,0.)) ;
#10755=DIRECTION('Axis2P3D Direction',(1.,0.,0.)) ;
#10767=DIRECTION('Axis2P3D Direction',(1.,0.,-0.)) ;
#10768=DIRECTION('Axis2P3D XDirection',(0.,0.309016994375,0.951056516295)) ;
#10772=DIRECTION('Axis2P3D Direction',(1.,0.,-0.)) ;
#10779=DIRECTION('Vector Direction',(1.,0.,0.)) ;
#10791=DIRECTION('Axis2P3D Direction',(1.,0.,0.)) ;
#10792=DIRECTION('Axis2P3D XDirection',(0.,-0.660359484757,0.750949632726)) ;
#10796=DIRECTION('Axis2P3D Direction',(1.,0.,0.)) ;
#10808=DIRECTION('Vector Direction',(1.,0.,0.)) ;
#10815=DIRECTION('Axis2P3D Direction',(1.,0.,0.)) ;
#10827=DIRECTION('Axis2P3D Direction',(1.,0.,0.)) ;
#10828=DIRECTION('Axis2P3D XDirection',(0.,-0.840403774535,-0.541960788016)) ;
#10832=DIRECTION('Vector Direction',(1.,0.,0.)) ;
#10839=DIRECTION('Axis2P3D Direction',(1.,0.,0.)) ;
#10851=DIRECTION('Axis2P3D Direction',(1.,0.,0.)) ;
#10852=DIRECTION('Axis2P3D XDirection',(0.,-0.809016994375,0.587785252292)) ;
#10856=DIRECTION('Axis2P3D Direction',(1.,0.,0.)) ;
#10863=DIRECTION('Vector Direction',(1.,0.,0.)) ;
#10875=DIRECTION('Axis2P3D Direction',(1.,0.,0.)) ;
#10876=DIRECTION('Axis2P3D XDirection',(0.,-0.9182578448,-0.395982992643)) ;
#10880=DIRECTION('Vector Direction',(1.,0.,0.)) ;
#10887=DIRECTION('Axis2P3D Direction',(1.,0.,0.)) ;
#10899=DIRECTION('Vector Direction',(1.,0.,0.)) ;
#10906=DIRECTION('Axis2P3D Direction',(1.,0.,0.)) ;
#10918=DIRECTION('Axis2P3D Direction',(1.,0.,0.)) ;
#10919=DIRECTION('Axis2P3D XDirection',(0.,0.255736290551,-0.966746579873)) ;
#10923=DIRECTION('Vector Direction',(1.,0.,0.)) ;
#10930=DIRECTION('Axis2P3D Direction',(1.,0.,0.)) ;
#10942=DIRECTION('Axis2P3D Direction',(1.,0.,0.)) ;
#10943=DIRECTION('Axis2P3D XDirection',(0.,-0.809016994375,-0.587785252292)) ;
#10947=DIRECTION('Axis2P3D Direction',(1.,0.,0.)) ;
#10954=DIRECTION('Vector Direction',(1.,0.,0.)) ;
#10966=DIRECTION('Axis2P3D Direction',(1.,0.,0.)) ;
#10967=DIRECTION('Axis2P3D XDirection',(0.,0.0928449262337,-0.995680581147)) ;
#10971=DIRECTION('Vector Direction',(1.,0.,0.)) ;
#10978=DIRECTION('Axis2P3D Direction',(1.,0.,0.)) ;
#10990=DIRECTION('Vector Direction',(1.,0.,0.)) ;
#10997=DIRECTION('Axis2P3D Direction',(1.,0.,0.)) ;
#11009=DIRECTION('Axis2P3D Direction',(1.,0.,-0.)) ;
#11010=DIRECTION('Axis2P3D XDirection',(0.,0.998457494252,-0.0555214568532)) ;
#11014=DIRECTION('Vector Direction',(1.,0.,0.)) ;
#11021=DIRECTION('Axis2P3D Direction',(1.,0.,-0.)) ;
#11033=DIRECTION('Vector Direction',(1.,0.,0.)) ;
#11040=DIRECTION('Axis2P3D Direction',(1.,0.,0.)) ;
#11052=DIRECTION('Axis2P3D Direction',(1.,-0.,0.)) ;
#11053=DIRECTION('Axis2P3D XDirection',(0.,0.309016994375,-0.951056516295)) ;
#11057=DIRECTION('Axis2P3D Direction',(1.,-0.,0.)) ;
#11064=DIRECTION('Vector Direction',(1.,0.,0.)) ;
#11076=DIRECTION('Axis2P3D Direction',(1.,0.,0.)) ;
#11077=DIRECTION('Axis2P3D XDirection',(0.,1.,0.)) ;
#11081=DIRECTION('Axis2P3D Direction',(1.,0.,0.)) ;
#11090=DIRECTION('Axis2P3D Direction',(1.,0.,0.)) ;
#11097=DIRECTION('Axis2P3D Direction',(1.,0.,0.)) ;
#11104=DIRECTION('Axis2P3D Direction',(1.,0.,0.)) ;
#11111=DIRECTION('Axis2P3D Direction',(1.,0.,0.)) ;
#11118=DIRECTION('Axis2P3D Direction',(1.,0.,0.)) ;
#11125=DIRECTION('Axis2P3D Direction',(1.,0.,0.)) ;
#11132=DIRECTION('Axis2P3D Direction',(1.,0.,0.)) ;
#11139=DIRECTION('Axis2P3D Direction',(1.,0.,0.)) ;
#11146=DIRECTION('Axis2P3D Direction',(1.,0.,0.)) ;
#11153=DIRECTION('Axis2P3D Direction',(1.,0.,0.)) ;
#11176=DIRECTION('Axis2P3D Direction',(1.,0.,-0.)) ;
#11177=DIRECTION('Axis2P3D XDirection',(0.,0.975639164896,-0.219381448444)) ;
#11181=DIRECTION('Axis2P3D Direction',(1.,0.,-0.)) ;
#11193=DIRECTION('Axis2P3D Direction',(1.,0.,-0.)) ;
#11194=DIRECTION('Axis2P3D XDirection',(0.,0.87758256189,0.479425538604)) ;
#11221=DIRECTION('Axis2P3D Direction',(1.,0.,-0.)) ;
#11222=DIRECTION('Axis2P3D XDirection',(0.,-0.0126799629494,0.999919606038)) ;
#11249=DIRECTION('Axis2P3D Direction',(1.,0.,-0.)) ;
#11250=DIRECTION('Axis2P3D XDirection',(0.,0.87758256189,0.479425538604)) ;
#11277=DIRECTION('Axis2P3D Direction',(1.,0.,-0.)) ;
#11278=DIRECTION('Axis2P3D XDirection',(0.,-0.978196529534,-0.207681365576)) ;
#11305=DIRECTION('Axis2P3D Direction',(1.,0.,-0.)) ;
#11306=DIRECTION('Axis2P3D XDirection',(0.,0.87758256189,0.479425538604)) ;
#11333=DIRECTION('Axis2P3D Direction',(1.,0.,0.)) ;
#11334=DIRECTION('Axis2P3D XDirection',(0.,0.0126799629494,-0.999919606038)) ;
#11361=DIRECTION('Axis2P3D Direction',(1.,-0.,0.)) ;
#11362=DIRECTION('Axis2P3D XDirection',(0.,0.968353818249,-0.249581414937)) ;
#11389=DIRECTION('Axis2P3D Direction',(1.,0.,-0.)) ;
#11390=DIRECTION('Axis2P3D XDirection',(0.,0.87758256189,0.479425538604)) ;
#11417=DIRECTION('Axis2P3D Direction',(1.,-0.,0.)) ;
#11418=DIRECTION('Axis2P3D XDirection',(0.,0.694743024845,0.71925804092)) ;
#11915=DIRECTION('Axis2P3D Direction',(1.,-0.,0.)) ;
#11916=DIRECTION('Axis2P3D XDirection',(0.,0.87758256189,0.479425538604)) ;
#11939=DIRECTION('NONE',(1.,0.,0.)) ;
#11940=DIRECTION('NONE',(0.,0.,1.)) ;
#11941=DIRECTION('NONE',(1.,0.,0.)) ;
#11942=DIRECTION('NONE',(0.,0.,1.)) ;
#11961=DIRECTION('Axis2P3D Direction',(0.,-1.,0.)) ;
#11962=DIRECTION('Axis2P3D XDirection',(0.,0.,-1.)) ;
#11966=DIRECTION('Vector Direction',(1.,0.,0.)) ;
#11975=DIRECTION('Vector Direction',(1.,0.,0.)) ;
#11982=DIRECTION('Vector Direction',(0.,0.,-1.)) ;
#11989=DIRECTION('Vector Direction',(1.,0.,0.)) ;
#11996=DIRECTION('Vector Direction',(0.,0.,-1.)) ;
#12009=DIRECTION('Axis2P3D Direction',(0.,0.,1.)) ;
#12010=DIRECTION('Axis2P3D XDirection',(1.,0.,0.)) ;
#12014=DIRECTION('Vector Direction',(0.126211476163,0.992003358505,0.)) ;
#12023=DIRECTION('Axis2P3D Direction',(0.,0.,1.)) ;
#12030=DIRECTION('Vector Direction',(0.891259443414,-0.453493775619,0.)) ;
#12037=DIRECTION('Vector Direction',(-0.891259443414,-0.453493775619,0.)) ;
#12044=DIRECTION('Axis2P3D Direction',(0.,0.,1.)) ;
#12051=DIRECTION('Vector Direction',(-0.126211476163,0.992003358505,0.)) ;
#12058=DIRECTION('Axis2P3D Direction',(0.,0.,1.)) ;
#12065=DIRECTION('Vector Direction',(0.795994371023,-0.605304023859,0.)) ;
#12072=DIRECTION('Axis2P3D Direction',(0.,0.,1.)) ;
#12079=DIRECTION('Vector Direction',(-0.838366851851,-0.545106431549,0.)) ;
#12086=DIRECTION('Vector Direction',(0.0528925915624,0.998600207169,0.)) ;
#12093=DIRECTION('Axis2P3D Direction',(0.,0.,1.)) ;
#12100=DIRECTION('Vector Direction',(0.922205847186,-0.386699334646,0.)) ;
#12107=DIRECTION('Axis2P3D Direction',(0.,0.,1.)) ;
#12114=DIRECTION('Vector Direction',(0.,-1.,0.)) ;
#12121=DIRECTION('Axis2P3D Direction',(0.,0.,1.)) ;
#12128=DIRECTION('Vector Direction',(0.,1.,0.)) ;
#12135=DIRECTION('Axis2P3D Direction',(0.,0.,1.)) ;
#12142=DIRECTION('Vector Direction',(-0.922205847186,-0.386699334646,0.)) ;
#12149=DIRECTION('Axis2P3D Direction',(0.,0.,1.)) ;
#12156=DIRECTION('Vector Direction',(-0.0528925915624,0.998600207169,0.)) ;
#12163=DIRECTION('Vector Direction',(0.838366851851,-0.545106431549,0.)) ;
#12170=DIRECTION('Axis2P3D Direction',(0.,0.,1.)) ;
#12177=DIRECTION('Vector Direction',(-0.795994371023,-0.605304023859,0.)) ;
#12184=DIRECTION('Axis2P3D Direction',(0.,0.,1.)) ;
#12216=DIRECTION('Axis2P3D Direction',(0.,0.,1.)) ;
#12225=DIRECTION('Axis2P3D Direction',(0.,0.,1.)) ;
#12230=DIRECTION('Vector Direction',(0.,-1.,0.)) ;
#12237=DIRECTION('Vector Direction',(1.,0.,0.)) ;
#12244=DIRECTION('Vector Direction',(0.,-1.,0.)) ;
#12249=DIRECTION('Axis2P3D Direction',(0.,0.,1.)) ;
#12256=DIRECTION('Axis2P3D Direction',(0.,0.,1.)) ;
#12263=DIRECTION('Vector Direction',(-0.5,0.866025403784,0.)) ;
#12270=DIRECTION('Vector Direction',(0.866025403784,0.5,0.)) ;
#12277=DIRECTION('Vector Direction',(-0.5,0.866025403784,0.)) ;
#12284=DIRECTION('Vector Direction',(0.866025403784,0.5,0.)) ;
#12291=DIRECTION('Vector Direction',(-0.5,0.866025403784,0.)) ;
#12296=DIRECTION('Axis2P3D Direction',(0.,0.,1.)) ;
#12301=DIRECTION('Vector Direction',(-0.5,-0.866025403784,0.)) ;
#12308=DIRECTION('Vector Direction',(-0.866025403784,0.5,0.)) ;
#12315=DIRECTION('Vector Direction',(-0.5,-0.866025403784,0.)) ;
#12322=DIRECTION('Vector Direction',(-0.866025403784,0.5,0.)) ;
#12329=DIRECTION('Vector Direction',(-0.5,-0.866025403784,0.)) ;
#12356=DIRECTION('Axis2P3D Direction',(0.,0.,1.)) ;
#12365=DIRECTION('Axis2P3D Direction',(0.,0.,1.)) ;
#12374=DIRECTION('Axis2P3D Direction',(0.,0.,1.)) ;
#12383=DIRECTION('Axis2P3D Direction',(0.,0.,1.)) ;
#12392=DIRECTION('Axis2P3D Direction',(0.,0.,1.)) ;
#12401=DIRECTION('Axis2P3D Direction',(0.,0.,1.)) ;
#12410=DIRECTION('Axis2P3D Direction',(0.,0.,1.)) ;
#12419=DIRECTION('Axis2P3D Direction',(0.,0.,1.)) ;
#12428=DIRECTION('Axis2P3D Direction',(0.,0.,1.)) ;
#12437=DIRECTION('Axis2P3D Direction',(0.,0.,1.)) ;
#12446=DIRECTION('Axis2P3D Direction',(0.,0.,1.)) ;
#12455=DIRECTION('Axis2P3D Direction',(0.,0.,1.)) ;
#12464=DIRECTION('Axis2P3D Direction',(0.,0.,1.)) ;
#12473=DIRECTION('Axis2P3D Direction',(0.,0.,1.)) ;
#12483=DIRECTION('Axis2P3D Direction',(1.,0.,0.)) ;
#12484=DIRECTION('Axis2P3D XDirection',(0.,1.,0.)) ;
#12488=DIRECTION('Vector Direction',(0.,0.977822311745,0.209436211417)) ;
#12499=DIRECTION('Axis2P3D Direction',(0.,0.209436211417,-0.977822311745)) ;
#12500=DIRECTION('Axis2P3D XDirection',(0.,0.977822311745,0.209436211417)) ;
#12504=DIRECTION('Vector Direction',(0.,0.977822311745,0.209436211417)) ;
#12516=DIRECTION('Axis2P3D Direction',(1.,0.,0.)) ;
#12517=DIRECTION('Axis2P3D XDirection',(0.,1.,0.)) ;
#12527=DIRECTION('Axis2P3D Direction',(0.,0.,1.)) ;
#12528=DIRECTION('Axis2P3D XDirection',(-0.154117647059,0.988052504103,0.)) ;
#12532=DIRECTION('Vector Direction',(0.,0.,1.)) ;
#12539=DIRECTION('Vector Direction',(0.,0.,1.)) ;
#12546=DIRECTION('Axis2P3D Direction',(0.,0.,1.)) ;
#12558=DIRECTION('Axis2P3D Direction',(-0.605304023859,0.795994371023,0.)) ;
#12559=DIRECTION('Axis2P3D XDirection',(-0.795994371023,-0.605304023859,0.)) ;
#12563=DIRECTION('Vector Direction',(0.,0.,1.)) ;
#12570=DIRECTION('Vector Direction',(-0.795994371023,-0.605304023859,0.)) ;
#12582=DIRECTION('Axis2P3D Direction',(0.,0.,1.)) ;
#12583=DIRECTION('Axis2P3D XDirection',(0.213312949594,0.976983922864,0.)) ;
#12587=DIRECTION('Vector Direction',(0.,0.,1.)) ;
#12594=DIRECTION('Axis2P3D Direction',(0.,0.,1.)) ;
#12606=DIRECTION('Axis2P3D Direction',(-0.545106431549,-0.838366851851,0.)) ;
#12607=DIRECTION('Axis2P3D XDirection',(0.838366851851,-0.545106431549,0.)) ;
#12611=DIRECTION('Vector Direction',(0.,0.,1.)) ;
#12618=DIRECTION('Vector Direction',(0.838366851851,-0.545106431549,0.)) ;
#12630=DIRECTION('Axis2P3D Direction',(0.998600207169,0.0528925915624,-0.)) ;
#12631=DIRECTION('Axis2P3D XDirection',(-0.0528925915624,0.998600207169,0.)) ;
#12635=DIRECTION('Vector Direction',(0.,0.,1.)) ;
#12642=DIRECTION('Vector Direction',(-0.0528925915624,0.998600207169,0.)) ;
#12654=DIRECTION('Axis2P3D Direction',(0.,0.,1.)) ;
#12655=DIRECTION('Axis2P3D XDirection',(0.285663047328,-0.958330122344,0.)) ;
#12659=DIRECTION('Vector Direction',(0.,0.,1.)) ;
#12666=DIRECTION('Axis2P3D Direction',(0.,0.,1.)) ;
#12678=DIRECTION('Axis2P3D Direction',(-0.386699334646,0.922205847186,0.)) ;
#12679=DIRECTION('Axis2P3D XDirection',(-0.922205847186,-0.386699334646,0.)) ;
#12683=DIRECTION('Vector Direction',(0.,0.,1.)) ;
#12690=DIRECTION('Vector Direction',(-0.922205847186,-0.386699334646,0.)) ;
#12702=DIRECTION('Vector Direction',(0.,0.,1.)) ;
#12709=DIRECTION('Axis2P3D Direction',(0.,0.,1.)) ;
#12721=DIRECTION('Axis2P3D Direction',(1.,0.,0.)) ;
#12722=DIRECTION('Axis2P3D XDirection',(0.,1.,0.)) ;
#12726=DIRECTION('Vector Direction',(0.,0.,1.)) ;
#12733=DIRECTION('Vector Direction',(0.,1.,0.)) ;
#12745=DIRECTION('Axis2P3D Direction',(0.,0.,1.)) ;
#12746=DIRECTION('Axis2P3D XDirection',(1.,0.,0.)) ;
#12750=DIRECTION('Vector Direction',(0.,0.,1.)) ;
#12757=DIRECTION('Axis2P3D Direction',(0.,0.,1.)) ;
#12769=DIRECTION('Axis2P3D Direction',(-1.,0.,0.)) ;
#12770=DIRECTION('Axis2P3D XDirection',(0.,-1.,0.)) ;
#12774=DIRECTION('Vector Direction',(0.,0.,1.)) ;
#12781=DIRECTION('Vector Direction',(0.,-1.,0.)) ;
#12793=DIRECTION('Vector Direction',(0.,0.,1.)) ;
#12800=DIRECTION('Axis2P3D Direction',(0.,0.,1.)) ;
#12812=DIRECTION('Axis2P3D Direction',(-0.386699334646,-0.922205847186,0.)) ;
#12813=DIRECTION('Axis2P3D XDirection',(0.922205847186,-0.386699334646,0.)) ;
#12817=DIRECTION('Vector Direction',(0.,0.,1.)) ;
#12824=DIRECTION('Vector Direction',(0.922205847186,-0.386699334646,0.)) ;
#12836=DIRECTION('Axis2P3D Direction',(0.,0.,1.)) ;
#12837=DIRECTION('Axis2P3D XDirection',(-0.952749371087,-0.303757528127,-0.)) ;
#12841=DIRECTION('Vector Direction',(0.,0.,1.)) ;
#12848=DIRECTION('Axis2P3D Direction',(0.,0.,1.)) ;
#12860=DIRECTION('Axis2P3D Direction',(0.998600207169,-0.0528925915624,0.)) ;
#12861=DIRECTION('Axis2P3D XDirection',(0.0528925915624,0.998600207169,0.)) ;
#12865=DIRECTION('Vector Direction',(0.,0.,1.)) ;
#12872=DIRECTION('Vector Direction',(0.0528925915624,0.998600207169,0.)) ;
#12884=DIRECTION('Axis2P3D Direction',(-0.545106431549,0.838366851851,0.)) ;
#12885=DIRECTION('Axis2P3D XDirection',(-0.838366851851,-0.545106431549,0.)) ;
#12889=DIRECTION('Vector Direction',(0.,0.,1.)) ;
#12896=DIRECTION('Vector Direction',(-0.838366851851,-0.545106431549,0.)) ;
#12908=DIRECTION('Axis2P3D Direction',(0.,0.,1.)) ;
#12909=DIRECTION('Axis2P3D XDirection',(0.687106707497,0.726556517081,0.)) ;
#12913=DIRECTION('Vector Direction',(0.,0.,1.)) ;
#12920=DIRECTION('Axis2P3D Direction',(0.,0.,1.)) ;
#12932=DIRECTION('Axis2P3D Direction',(-0.605304023859,-0.795994371023,0.)) ;
#12933=DIRECTION('Axis2P3D XDirection',(0.795994371023,-0.605304023859,0.)) ;
#12937=DIRECTION('Vector Direction',(0.,0.,1.)) ;
#12944=DIRECTION('Vector Direction',(0.795994371023,-0.605304023859,0.)) ;
#12956=DIRECTION('Axis2P3D Direction',(0.,0.,1.)) ;
#12957=DIRECTION('Axis2P3D XDirection',(0.932737392356,-0.360556454527,0.)) ;
#12961=DIRECTION('Vector Direction',(0.,0.,1.)) ;
#12968=DIRECTION('Axis2P3D Direction',(0.,0.,1.)) ;
#12980=DIRECTION('Axis2P3D Direction',(0.992003358505,0.126211476163,-0.)) ;
#12981=DIRECTION('Axis2P3D XDirection',(-0.126211476163,0.992003358505,0.)) ;
#12985=DIRECTION('Vector Direction',(0.,0.,1.)) ;
#12992=DIRECTION('Vector Direction',(-0.126211476163,0.992003358505,0.)) ;
#13004=DIRECTION('Axis2P3D Direction',(0.,0.,1.)) ;
#13005=DIRECTION('Axis2P3D XDirection',(0.739436421492,-0.673226394737,0.)) ;
#13009=DIRECTION('Vector Direction',(0.,0.,1.)) ;
#13016=DIRECTION('Axis2P3D Direction',(0.,0.,1.)) ;
#13028=DIRECTION('Axis2P3D Direction',(-0.453493775619,0.891259443414,0.)) ;
#13029=DIRECTION('Axis2P3D XDirection',(-0.891259443414,-0.453493775619,0.)) ;
#13033=DIRECTION('Vector Direction',(0.,0.,1.)) ;
#13040=DIRECTION('Vector Direction',(-0.891259443414,-0.453493775619,0.)) ;
#13052=DIRECTION('Axis2P3D Direction',(-0.453493775619,-0.891259443414,0.)) ;
#13053=DIRECTION('Axis2P3D XDirection',(0.891259443414,-0.453493775619,0.)) ;
#13057=DIRECTION('Vector Direction',(0.,0.,1.)) ;
#13064=DIRECTION('Vector Direction',(0.891259443414,-0.453493775619,0.)) ;
#13076=DIRECTION('Axis2P3D Direction',(0.,0.,1.)) ;
#13077=DIRECTION('Axis2P3D XDirection',(-0.972769754826,0.231773605263,0.)) ;
#13081=DIRECTION('Vector Direction',(0.,0.,1.)) ;
#13088=DIRECTION('Axis2P3D Direction',(0.,0.,1.)) ;
#13100=DIRECTION('Axis2P3D Direction',(0.992003358505,-0.126211476163,0.)) ;
#13101=DIRECTION('Axis2P3D XDirection',(0.126211476163,0.992003358505,0.)) ;
#13105=DIRECTION('Vector Direction',(0.126211476163,0.992003358505,0.)) ;
#13117=DIRECTION('Axis2P3D Direction',(0.,0.,1.)) ;
#13118=DIRECTION('Axis2P3D XDirection',(1.,0.,0.)) ;
#13122=DIRECTION('Axis2P3D Direction',(0.,0.,1.)) ;
#13131=DIRECTION('Vector Direction',(0.,0.,1.)) ;
#13136=DIRECTION('Vector Direction',(0.,0.,1.)) ;
#13150=DIRECTION('Axis2P3D Direction',(0.,0.,1.)) ;
#13163=DIRECTION('Axis2P3D Direction',(0.,0.,1.)) ;
#13164=DIRECTION('Axis2P3D XDirection',(1.,0.,0.)) ;
#13168=DIRECTION('Axis2P3D Direction',(0.,0.,1.)) ;
#13177=DIRECTION('Vector Direction',(0.,0.,1.)) ;
#13182=DIRECTION('Vector Direction',(0.,0.,1.)) ;
#13194=DIRECTION('Axis2P3D Direction',(0.,0.,1.)) ;
#13206=DIRECTION('Axis2P3D Direction',(0.,0.,1.)) ;
#13207=DIRECTION('Axis2P3D XDirection',(1.,0.,0.)) ;
#13211=DIRECTION('Axis2P3D Direction',(0.,0.,1.)) ;
#13220=DIRECTION('Vector Direction',(0.,0.,1.)) ;
#13225=DIRECTION('Vector Direction',(0.,0.,1.)) ;
#13237=DIRECTION('Axis2P3D Direction',(0.,0.,1.)) ;
#13249=DIRECTION('Axis2P3D Direction',(0.,0.,1.)) ;
#13250=DIRECTION('Axis2P3D XDirection',(1.,0.,0.)) ;
#13254=DIRECTION('Axis2P3D Direction',(0.,0.,1.)) ;
#13263=DIRECTION('Vector Direction',(0.,0.,1.)) ;
#13268=DIRECTION('Vector Direction',(0.,0.,1.)) ;
#13280=DIRECTION('Axis2P3D Direction',(0.,0.,1.)) ;
#13292=DIRECTION('Axis2P3D Direction',(0.,0.,1.)) ;
#13293=DIRECTION('Axis2P3D XDirection',(-1.,1.22464679915E-016,0.)) ;
#13297=DIRECTION('Axis2P3D Direction',(0.,0.,1.)) ;
#13306=DIRECTION('Vector Direction',(0.,0.,1.)) ;
#13311=DIRECTION('Vector Direction',(0.,0.,1.)) ;
#13323=DIRECTION('Axis2P3D Direction',(0.,0.,1.)) ;
#13335=DIRECTION('Axis2P3D Direction',(0.,0.,1.)) ;
#13336=DIRECTION('Axis2P3D XDirection',(1.,0.,0.)) ;
#13340=DIRECTION('Axis2P3D Direction',(0.,0.,1.)) ;
#13349=DIRECTION('Vector Direction',(0.,0.,1.)) ;
#13354=DIRECTION('Vector Direction',(0.,0.,1.)) ;
#13366=DIRECTION('Axis2P3D Direction',(0.,0.,1.)) ;
#13378=DIRECTION('Axis2P3D Direction',(0.,0.,1.)) ;
#13379=DIRECTION('Axis2P3D XDirection',(1.,0.,0.)) ;
#13383=DIRECTION('Axis2P3D Direction',(0.,0.,1.)) ;
#13392=DIRECTION('Vector Direction',(0.,0.,1.)) ;
#13397=DIRECTION('Vector Direction',(0.,0.,1.)) ;
#13409=DIRECTION('Axis2P3D Direction',(0.,0.,1.)) ;
#13421=DIRECTION('Axis2P3D Direction',(0.,0.,1.)) ;
#13422=DIRECTION('Axis2P3D XDirection',(-1.,1.22464679915E-016,0.)) ;
#13426=DIRECTION('Axis2P3D Direction',(0.,0.,1.)) ;
#13435=DIRECTION('Vector Direction',(0.,0.,1.)) ;
#13440=DIRECTION('Vector Direction',(0.,0.,1.)) ;
#13452=DIRECTION('Axis2P3D Direction',(0.,0.,1.)) ;
#13464=DIRECTION('Axis2P3D Direction',(0.,0.,1.)) ;
#13465=DIRECTION('Axis2P3D XDirection',(1.,0.,0.)) ;
#13496=DIRECTION('Axis2P3D Direction',(0.,0.,1.)) ;
#13505=DIRECTION('Axis2P3D Direction',(0.,0.,1.)) ;
#13543=DIRECTION('Axis2P3D Direction',(0.,0.,1.)) ;
#13544=DIRECTION('Axis2P3D XDirection',(1.,0.,0.)) ;
#13552=DIRECTION('Axis2P3D Direction',(0.,0.,1.)) ;
#13561=DIRECTION('Axis2P3D Direction',(0.,0.,1.)) ;
#13571=DIRECTION('Axis2P3D Direction',(0.,0.,1.)) ;
#13572=DIRECTION('Axis2P3D XDirection',(1.,0.,0.)) ;
#13576=DIRECTION('Vector Direction',(0.,0.,1.)) ;
#13583=DIRECTION('Axis2P3D Direction',(0.,0.,1.)) ;
#13590=DIRECTION('Vector Direction',(0.,0.,1.)) ;
#13602=DIRECTION('Axis2P3D Direction',(0.,0.,1.)) ;
#13614=DIRECTION('Axis2P3D Direction',(0.,0.,1.)) ;
#13615=DIRECTION('Axis2P3D XDirection',(-1.,-1.20980294964E-015,-0.)) ;
#13619=DIRECTION('Vector Direction',(0.,0.,1.)) ;
#13624=DIRECTION('Vector Direction',(0.,0.,1.)) ;
#13643=DIRECTION('Axis2P3D Direction',(0.866025403784,0.5,0.)) ;
#13644=DIRECTION('Axis2P3D XDirection',(0.,0.,-1.)) ;
#13648=DIRECTION('Vector Direction',(0.,0.,-1.)) ;
#13655=DIRECTION('Vector Direction',(-0.5,0.866025403784,0.)) ;
#13662=DIRECTION('Vector Direction',(0.,0.,-1.)) ;
#13675=DIRECTION('Axis2P3D Direction',(-0.5,0.866025403784,0.)) ;
#13676=DIRECTION('Axis2P3D XDirection',(-0.866025403784,-0.5,0.)) ;
#13680=DIRECTION('Vector Direction',(-0.846818962359,-0.488911155873,0.209436211417)) ;
#13691=DIRECTION('Axis2P3D Direction',(-0.181377079559,-0.104718105708,-0.977822311745)) ;
#13692=DIRECTION('Axis2P3D XDirection',(-0.846818962359,-0.488911155873,0.209436211417)) ;
#13696=DIRECTION('Vector Direction',(-0.846818962359,-0.488911155873,0.209436211417)) ;
#13708=DIRECTION('Axis2P3D Direction',(-0.5,0.866025403784,0.)) ;
#13709=DIRECTION('Axis2P3D XDirection',(-0.866025403784,-0.5,0.)) ;
#13719=DIRECTION('Axis2P3D Direction',(-0.866025403784,0.5,0.)) ;
#13720=DIRECTION('Axis2P3D XDirection',(0.,0.,-1.)) ;
#13724=DIRECTION('Vector Direction',(0.,0.,-1.)) ;
#13731=DIRECTION('Vector Direction',(-0.5,-0.866025403784,0.)) ;
#13738=DIRECTION('Vector Direction',(0.,0.,-1.)) ;
#13751=DIRECTION('Axis2P3D Direction',(-0.5,-0.866025403784,0.)) ;
#13752=DIRECTION('Axis2P3D XDirection',(0.866025403784,-0.5,0.)) ;
#13756=DIRECTION('Vector Direction',(0.846818962359,-0.488911155873,0.209436211417)) ;
#13767=DIRECTION('Axis2P3D Direction',(0.181377079559,-0.104718105708,-0.977822311745)) ;
#13768=DIRECTION('Axis2P3D XDirection',(0.846818962359,-0.488911155873,0.209436211417)) ;
#13772=DIRECTION('Vector Direction',(0.846818962359,-0.488911155873,0.209436211417)) ;
#13784=DIRECTION('Axis2P3D Direction',(-0.5,-0.866025403784,0.)) ;
#13785=DIRECTION('Axis2P3D XDirection',(0.866025403784,-0.5,0.)) ;
#13805=DIRECTION('NONE',(1.,0.,0.)) ;
#13806=DIRECTION('NONE',(0.,0.,1.)) ;
#13807=DIRECTION('NONE',(-1.43114686768E-017,-1.2490009027E-016,-1.)) ;
#13808=DIRECTION('NONE',(1.,3.89429190335E-019,3.50485633195E-019)) ;
#13828=DIRECTION('Axis2P3D Direction',(0.,0.,1.)) ;
#13829=DIRECTION('Axis2P3D XDirection',(-0.479425538604,0.87758256189,0.)) ;
#13833=DIRECTION('Axis2P3D Direction',(0.,0.,1.)) ;
#13842=DIRECTION('Vector Direction',(-0.415194695654,0.760008792515,0.5)) ;
#13862=DIRECTION('Axis2P3D Direction',(0.,0.,1.)) ;
#13891=DIRECTION('Axis2P3D Direction',(0.,0.,1.)) ;
#13892=DIRECTION('Axis2P3D XDirection',(1.,0.,0.)) ;
#13896=DIRECTION('Axis2P3D Direction',(0.,0.,1.)) ;
#13903=DIRECTION('Axis2P3D Direction',(0.,0.,1.)) ;
#13910=DIRECTION('Axis2P3D Direction',(0.,0.,1.)) ;
#13917=DIRECTION('Axis2P3D Direction',(0.,0.,1.)) ;
#13924=DIRECTION('Axis2P3D Direction',(0.,0.,1.)) ;
#13931=DIRECTION('Axis2P3D Direction',(0.,0.,1.)) ;
#13947=DIRECTION('Axis2P3D Direction',(0.866025403784,0.5,-0.)) ;
#13948=DIRECTION('Axis2P3D XDirection',(-0.5,0.866025403784,0.)) ;
#13978=DIRECTION('Vector Direction',(0.,0.,1.)) ;
#13985=DIRECTION('Vector Direction',(-0.5,0.866025403784,0.)) ;
#13992=DIRECTION('Vector Direction',(-0.5,0.866025403784,0.)) ;
#13999=DIRECTION('Vector Direction',(0.,0.,1.)) ;
#14013=DIRECTION('Axis2P3D Direction',(0.,1.,-0.)) ;
#14014=DIRECTION('Axis2P3D XDirection',(-1.,0.,0.)) ;
#14029=DIRECTION('Vector Direction',(0.,0.,1.)) ;
#14036=DIRECTION('Vector Direction',(-1.,0.,0.)) ;
#14043=DIRECTION('Vector Direction',(-1.,0.,0.)) ;
#14058=DIRECTION('Axis2P3D Direction',(0.866025403784,-0.5,0.)) ;
#14059=DIRECTION('Axis2P3D XDirection',(0.5,0.866025403784,0.)) ;
#14087=DIRECTION('Vector Direction',(0.5,0.866025403784,0.)) ;
#14094=DIRECTION('Vector Direction',(0.5,0.866025403784,0.)) ;
#14101=DIRECTION('Vector Direction',(0.,0.,1.)) ;
#14115=DIRECTION('Axis2P3D Direction',(-0.866025403784,0.5,0.)) ;
#14116=DIRECTION('Axis2P3D XDirection',(-0.5,-0.866025403784,0.)) ;
#14133=DIRECTION('Vector Direction',(0.,0.,1.)) ;
#14140=DIRECTION('Vector Direction',(-0.5,-0.866025403784,0.)) ;
#14147=DIRECTION('Vector Direction',(-0.5,-0.866025403784,0.)) ;
#14161=DIRECTION('Axis2P3D Direction',(0.,-1.,0.)) ;
#14162=DIRECTION('Axis2P3D XDirection',(1.,0.,0.)) ;
#14200=DIRECTION('Vector Direction',(1.,0.,0.)) ;
#14207=DIRECTION('Vector Direction',(1.,0.,0.)) ;
#14214=DIRECTION('Vector Direction',(0.,0.,1.)) ;
#14229=DIRECTION('Axis2P3D Direction',(-0.866025403784,-0.5,0.)) ;
#14230=DIRECTION('Axis2P3D XDirection',(0.5,-0.866025403784,0.)) ;
#14256=DIRECTION('Vector Direction',(0.5,-0.866025403784,0.)) ;
#14263=DIRECTION('Vector Direction',(0.5,-0.866025403784,0.)) ;
#14289=DIRECTION('Vector Direction',(0.415194695654,-0.760008792515,0.5)) ;
#14319=DIRECTION('Axis2P3D Direction',(-0.,-0.,-1.)) ;
#14320=DIRECTION('Axis2P3D XDirection',(-0.479425538604,0.87758256189,0.)) ;
#14324=DIRECTION('Axis2P3D Direction',(0.,0.,-1.)) ;
#14333=DIRECTION('Vector Direction',(-0.339005049421,0.620544580564,-0.707106781187)) ;
#14340=DIRECTION('Axis2P3D Direction',(0.,0.,-1.)) ;
#14347=DIRECTION('Vector Direction',(0.339005049421,-0.620544580564,-0.707106781187)) ;
#14359=DIRECTION('Axis2P3D Direction',(0.,0.,-1.)) ;
#14364=DIRECTION('Axis2P3D Direction',(0.,0.,-1.)) ;
#14376=DIRECTION('Axis2P3D Direction',(0.,0.,1.)) ;
#14377=DIRECTION('Axis2P3D XDirection',(-0.479425538604,0.87758256189,0.)) ;
#14381=DIRECTION('Vector Direction',(0.,0.,1.)) ;
#14388=DIRECTION('Axis2P3D Direction',(0.,0.,1.)) ;
#14395=DIRECTION('Vector Direction',(0.,0.,1.)) ;
#14407=DIRECTION('Axis2P3D Direction',(0.,0.,1.)) ;
#14419=DIRECTION('Axis2P3D Direction',(0.,0.,1.)) ;
#14420=DIRECTION('Axis2P3D XDirection',(1.,0.,0.)) ;
#14424=DIRECTION('Axis2P3D Direction',(0.,0.,1.)) ;
#14431=DIRECTION('Axis2P3D Direction',(0.,0.,1.)) ;
#14436=DIRECTION('Axis2P3D Direction',(0.,0.,1.)) ;
#14441=DIRECTION('Axis2P3D Direction',(0.,0.,1.)) ;
#14448=DIRECTION('Axis2P3D Direction',(0.,0.,1.)) ;
#14453=DIRECTION('Axis2P3D Direction',(0.,0.,1.)) ;
#14458=DIRECTION('Axis2P3D Direction',(0.,0.,1.)) ;
#14463=DIRECTION('Axis2P3D Direction',(0.,0.,1.)) ;
#14521=DIRECTION('Axis2P3D Direction',(0.,0.,1.)) ;
#14522=DIRECTION('Axis2P3D XDirection',(1.,0.,0.)) ;
#14541=DIRECTION('NONE',(1.,0.,0.)) ;
#14542=DIRECTION('NONE',(0.,0.,1.)) ;
#14543=DIRECTION('NONE',(0.780860567105,0.312352675169,-0.541010703273)) ;
#14544=DIRECTION('NONE',(-1.38777878078E-017,-0.866025403784,-0.5)) ;
#14556=DIRECTION('NONE',(1.,0.,0.)) ;
#14557=DIRECTION('NONE',(0.,0.,1.)) ;
#14558=DIRECTION('NONE',(-0.780860567105,-0.312352675169,-0.541010703273)) ;
#14559=DIRECTION('NONE',(-7.70371977755E-034,0.866025403784,-0.5)) ;
#14571=DIRECTION('NONE',(1.,0.,0.)) ;
#14572=DIRECTION('NONE',(0.,0.,1.)) ;
#14573=DIRECTION('NONE',(0.780860567105,-0.624705350338,1.44784346245E-016)) ;
#14574=DIRECTION('NONE',(-3.90181663746E-016,4.99600361081E-016,1.)) ;
#14593=DIRECTION('Axis2P3D Direction',(1.,0.,0.)) ;
#14594=DIRECTION('Axis2P3D XDirection',(0.,0.87758256189,0.479425538604)) ;
#14598=DIRECTION('Axis2P3D Direction',(1.,0.,0.)) ;
#14607=DIRECTION('Vector Direction',(1.,0.,0.)) ;
#14614=DIRECTION('Axis2P3D Direction',(1.,0.,0.)) ;
#14621=DIRECTION('Vector Direction',(1.,0.,0.)) ;
#14633=DIRECTION('Axis2P3D Direction',(1.,0.,0.)) ;
#14638=DIRECTION('Axis2P3D Direction',(1.,0.,0.)) ;
#14650=DIRECTION('Axis2P3D Direction',(1.,0.,0.)) ;
#14651=DIRECTION('Axis2P3D XDirection',(0.,0.87758256189,0.479425538604)) ;
#14655=DIRECTION('Axis2P3D Direction',(1.,0.,0.)) ;
#14664=DIRECTION('Vector Direction',(1.,0.,0.)) ;
#14671=DIRECTION('Axis2P3D Direction',(1.,0.,0.)) ;
#14678=DIRECTION('Vector Direction',(1.,0.,0.)) ;
#14690=DIRECTION('Axis2P3D Direction',(1.,0.,0.)) ;
#14695=DIRECTION('Axis2P3D Direction',(1.,0.,0.)) ;
#14707=DIRECTION('Axis2P3D Direction',(1.,0.,0.)) ;
#14708=DIRECTION('Axis2P3D XDirection',(0.,1.,0.)) ;
#14721=DIRECTION('Axis2P3D Direction',(1.,0.,0.)) ;
#14722=DIRECTION('Axis2P3D XDirection',(0.,1.,0.)) ;
#14745=DIRECTION('NONE',(1.,0.,0.)) ;
#14746=DIRECTION('NONE',(0.,0.,1.)) ;
#14747=DIRECTION('NONE',(4.16333634234E-017,-0.866025403784,-0.5)) ;
#14748=DIRECTION('NONE',(-0.98502169535,0.0862152244244,-0.149329149089)) ;
#14760=DIRECTION('NONE',(1.,0.,0.)) ;
#14761=DIRECTION('NONE',(0.,0.,1.)) ;
#14762=DIRECTION('NONE',(3.88578058619E-016,-4.99491940864E-016,-1.)) ;
#14763=DIRECTION('NONE',(-0.994232976385,0.107241730067,6.27969898304E-016)) ;
#14775=DIRECTION('NONE',(1.,0.,0.)) ;
#14776=DIRECTION('NONE',(0.,0.,1.)) ;
#14777=DIRECTION('NONE',(4.62223186653E-033,-0.866025403784,0.5)) ;
#14778=DIRECTION('NONE',(-0.98502169535,-0.0862152244244,-0.149329149089)) ;
#14797=DIRECTION('Axis2P3D Direction',(0.,0.,1.)) ;
#14798=DIRECTION('Axis2P3D XDirection',(-0.479425538604,0.87758256189,0.)) ;
#14802=DIRECTION('Axis2P3D Direction',(0.,0.,1.)) ;
#14811=DIRECTION('Vector Direction',(-0.415194695654,0.760008792515,0.5)) ;
#14831=DIRECTION('Axis2P3D Direction',(0.,0.,1.)) ;
#14860=DIRECTION('Axis2P3D Direction',(0.,0.,1.)) ;
#14861=DIRECTION('Axis2P3D XDirection',(1.,0.,0.)) ;
#14865=DIRECTION('Axis2P3D Direction',(0.,0.,1.)) ;
#14872=DIRECTION('Axis2P3D Direction',(0.,0.,1.)) ;
#14879=DIRECTION('Axis2P3D Direction',(0.,0.,1.)) ;
#14886=DIRECTION('Axis2P3D Direction',(0.,0.,1.)) ;
#14893=DIRECTION('Axis2P3D Direction',(0.,0.,1.)) ;
#14900=DIRECTION('Axis2P3D Direction',(0.,0.,1.)) ;
#14915=DIRECTION('Axis2P3D Direction',(0.,0.,1.)) ;
#14924=DIRECTION('Axis2P3D Direction',(0.,0.,1.)) ;
#14934=DIRECTION('Axis2P3D Direction',(0.866025403784,0.5,-0.)) ;
#14935=DIRECTION('Axis2P3D XDirection',(-0.5,0.866025403784,0.)) ;
#14965=DIRECTION('Vector Direction',(0.,0.,1.)) ;
#14998=DIRECTION('Vector Direction',(0.,0.,1.)) ;
#15012=DIRECTION('Axis2P3D Direction',(0.,1.,-0.)) ;
#15013=DIRECTION('Axis2P3D XDirection',(-1.,0.,0.)) ;
#15028=DIRECTION('Vector Direction',(0.,0.,1.)) ;
#15080=DIRECTION('Axis2P3D Direction',(0.866025403784,-0.5,0.)) ;
#15081=DIRECTION('Axis2P3D XDirection',(0.5,0.866025403784,0.)) ;
#15135=DIRECTION('Vector Direction',(0.,0.,1.)) ;
#15149=DIRECTION('Axis2P3D Direction',(-0.866025403784,0.5,0.)) ;
#15150=DIRECTION('Axis2P3D XDirection',(-0.5,-0.866025403784,0.)) ;
#15167=DIRECTION('Vector Direction',(0.,0.,1.)) ;
#15207=DIRECTION('Axis2P3D Direction',(0.,-1.,0.)) ;
#15208=DIRECTION('Axis2P3D XDirection',(1.,0.,0.)) ;
#15282=DIRECTION('Vector Direction',(0.,0.,1.)) ;
#15298=DIRECTION('Axis2P3D Direction',(-0.866025403784,-0.5,0.)) ;
#15299=DIRECTION('Axis2P3D XDirection',(0.5,-0.866025403784,0.)) ;
#15358=DIRECTION('Axis2P3D Direction',(-0.,-0.,-1.)) ;
#15359=DIRECTION('Axis2P3D XDirection',(-0.479425538604,0.87758256189,0.)) ;
#15363=DIRECTION('Vector Direction',(-0.335379635238,0.613908304416,-0.714588758683)) ;
#15370=DIRECTION('Axis2P3D Direction',(0.,0.,-1.)) ;
#15377=DIRECTION('Axis2P3D Direction',(0.,0.,-1.)) ;
#15384=DIRECTION('Vector Direction',(0.335379635238,-0.613908304416,-0.714588758683)) ;
#15397=DIRECTION('Axis2P3D Direction',(0.,0.,-1.)) ;
#15404=DIRECTION('Axis2P3D Direction',(0.,0.,-1.)) ;
#15429=DIRECTION('Vector Direction',(0.415194695654,-0.760008792515,0.5)) ;
#15459=DIRECTION('Axis2P3D Direction',(-0.,-0.,-1.)) ;
#15460=DIRECTION('Axis2P3D XDirection',(-0.479425538604,0.87758256189,0.)) ;
#15464=DIRECTION('Axis2P3D Direction',(0.,0.,-1.)) ;
#15475=DIRECTION('Axis2P3D Direction',(0.,0.,-1.)) ;
#15486=DIRECTION('Axis2P3D Direction',(0.,0.,-1.)) ;
#15493=DIRECTION('Vector Direction',(0.415194695654,-0.760008792515,-0.5)) ;
#15505=DIRECTION('Axis2P3D Direction',(0.,0.,-1.)) ;
#15516=DIRECTION('Axis2P3D Direction',(0.,0.,-1.)) ;
#15527=DIRECTION('Axis2P3D Direction',(0.,0.,-1.)) ;
#15538=DIRECTION('Vector Direction',(-0.415194695654,0.760008792515,-0.5)) ;
#15545=DIRECTION('Axis2P3D Direction',(0.,0.,-1.)) ;
#15556=DIRECTION('Axis2P3D Direction',(0.,0.,-1.)) ;
#15568=DIRECTION('Axis2P3D Direction',(0.,0.,1.)) ;
#15569=DIRECTION('Axis2P3D XDirection',(1.,0.,0.)) ;
#15573=DIRECTION('Vector Direction',(0.,0.,1.)) ;
#15580=DIRECTION('Axis2P3D Direction',(0.,0.,1.)) ;
#15587=DIRECTION('Vector Direction',(0.,0.,1.)) ;
#15599=DIRECTION('Vector Direction',(0.,0.,1.)) ;
#15606=DIRECTION('Axis2P3D Direction',(0.,0.,1.)) ;
#15618=DIRECTION('Vector Direction',(0.,0.,1.)) ;
#15625=DIRECTION('Axis2P3D Direction',(0.,0.,1.)) ;
#15637=DIRECTION('Axis2P3D Direction',(0.,0.,1.)) ;
#15649=DIRECTION('Axis2P3D Direction',(0.,0.,1.)) ;
#15650=DIRECTION('Axis2P3D XDirection',(1.,0.,0.)) ;
#15664=DIRECTION('Axis2P3D Direction',(0.,0.,1.)) ;
#15673=DIRECTION('Axis2P3D Direction',(0.,0.,1.)) ;
#15683=DIRECTION('Axis2P3D Direction',(0.,0.,1.)) ;
#15684=DIRECTION('Axis2P3D XDirection',(-0.479425538604,0.87758256189,0.)) ;
#15688=DIRECTION('Vector Direction',(-0.342592100512,0.627110633543,0.699544784816)) ;
#15693=DIRECTION('Vector Direction',(0.342592100512,-0.627110633543,0.699544784816)) ;
#15724=DIRECTION('NONE',(1.,0.,0.)) ;
#15725=DIRECTION('NONE',(0.,0.,1.)) ;
#15726=DIRECTION('NONE',(0.884760588536,0.233022907121,-0.403607514461)) ;
#15727=DIRECTION('NONE',(2.77555756156E-017,-0.866025403784,-0.5)) ;
#15739=DIRECTION('NONE',(1.,0.,0.)) ;
#15740=DIRECTION('NONE',(0.,0.,1.)) ;
#15741=DIRECTION('NONE',(0.884760588536,0.466045814243,-3.08086889333E-015)) ;
#15742=DIRECTION('NONE',(3.90181663746E-016,-5.55111512313E-016,-1.)) ;
#15754=DIRECTION('NONE',(1.,0.,0.)) ;
#15755=DIRECTION('NONE',(0.,0.,1.)) ;
#15756=DIRECTION('NONE',(0.884760588536,0.233022907121,0.403607514461)) ;
#15757=DIRECTION('NONE',(-4.93038065763E-032,0.866025403784,-0.5)) ;
#15776=DIRECTION('Axis2P3D Direction',(-0.,-0.,1.)) ;
#15777=DIRECTION('Axis2P3D XDirection',(0.479425538604,0.87758256189,0.)) ;
#15781=DIRECTION('Axis2P3D Direction',(-0.,0.,1.)) ;
#15790=DIRECTION('Vector Direction',(0.339005049421,0.620544580564,0.707106781187)) ;
#15797=DIRECTION('Axis2P3D Direction',(-0.,0.,1.)) ;
#15804=DIRECTION('Vector Direction',(-0.339005049421,-0.620544580564,0.707106781187)) ;
#15816=DIRECTION('Axis2P3D Direction',(0.,0.,-1.)) ;
#15817=DIRECTION('Axis2P3D XDirection',(1.,0.,0.)) ;
#15821=DIRECTION('Axis2P3D Direction',(0.,0.,-1.)) ;
#15831=DIRECTION('Axis2P3D Direction',(-0.,0.,1.)) ;
#15843=DIRECTION('Axis2P3D Direction',(0.,0.,-1.)) ;
#15844=DIRECTION('Axis2P3D XDirection',(0.479425538604,0.87758256189,0.)) ;
#15848=DIRECTION('Vector Direction',(0.,0.,-1.)) ;
#15855=DIRECTION('Axis2P3D Direction',(0.,0.,-1.)) ;
#15862=DIRECTION('Vector Direction',(0.,0.,-1.)) ;
#15874=DIRECTION('Axis2P3D Direction',(0.,0.,-1.)) ;
#15886=DIRECTION('Axis2P3D Direction',(0.,0.,1.)) ;
#15887=DIRECTION('Axis2P3D XDirection',(1.,0.,0.)) ;
#15891=DIRECTION('Axis2P3D Direction',(0.,0.,1.)) ;
#15900=DIRECTION('Axis2P3D Direction',(0.,0.,1.)) ;
#15914=DIRECTION('Axis2P3D Direction',(0.,-0.918412615811,0.395623896042)) ;
#15915=DIRECTION('Axis2P3D XDirection',(1.,0.,0.)) ;
#15919=DIRECTION('Vector Direction',(0.,0.395623896042,0.918412615811)) ;
#15928=DIRECTION('Vector Direction',(1.,0.,0.)) ;
#15935=DIRECTION('Vector Direction',(0.,0.395623896042,0.918412615811)) ;
#15942=DIRECTION('Vector Direction',(1.,0.,0.)) ;
#15954=DIRECTION('Axis2P3D Direction',(1.,0.,0.)) ;
#15955=DIRECTION('Axis2P3D XDirection',(0.,1.,0.)) ;
#15959=DIRECTION('Vector Direction',(0.,0.,1.)) ;
#15966=DIRECTION('Vector Direction',(0.,1.,0.)) ;
#15973=DIRECTION('Vector Direction',(0.,0.,1.)) ;
#15980=DIRECTION('Vector Direction',(0.,1.,0.)) ;
#15993=DIRECTION('Axis2P3D Direction',(0.,0.,1.)) ;
#15994=DIRECTION('Axis2P3D XDirection',(1.,0.,0.)) ;
#15998=DIRECTION('Vector Direction',(1.,0.,0.)) ;
#16005=DIRECTION('Vector Direction',(0.,-1.,0.)) ;
#16017=DIRECTION('Axis2P3D Direction',(0.,1.,-0.)) ;
#16018=DIRECTION('Axis2P3D XDirection',(-1.,0.,0.)) ;
#16022=DIRECTION('Vector Direction',(0.,0.,1.)) ;
#16029=DIRECTION('Vector Direction',(-1.,0.,0.)) ;
#16041=DIRECTION('Axis2P3D Direction',(-1.,0.,0.)) ;
#16042=DIRECTION('Axis2P3D XDirection',(0.,-1.,0.)) ;
#16046=DIRECTION('Vector Direction',(0.,0.,1.)) ;
#16053=DIRECTION('Vector Direction',(0.,-1.,0.)) ;
#16066=DIRECTION('Axis2P3D Direction',(0.,0.,-1.)) ;
#16067=DIRECTION('Axis2P3D XDirection',(0.479425538604,0.87758256189,0.)) ;
#16071=DIRECTION('Vector Direction',(0.452509800867,0.828313634441,-0.330350424728)) ;
#16080=DIRECTION('Axis2P3D Direction',(0.,0.,-1.)) ;
#16087=DIRECTION('Vector Direction',(-0.452509800867,-0.828313634441,-0.330350424728)) ;
#16140=DIRECTION('Axis2P3D Direction',(0.,0.,-1.)) ;
#16191=DIRECTION('Axis2P3D Direction',(-0.,-0.,1.)) ;
#16192=DIRECTION('Axis2P3D XDirection',(0.479425538604,0.87758256189,0.)) ;
#16196=DIRECTION('Vector Direction',(-0.452509800867,-0.828313634441,0.330350424728)) ;
#16203=DIRECTION('Vector Direction',(0.452509800867,0.828313634441,0.330350424728)) ;
#16302=DIRECTION('Axis2P3D Direction',(0.,0.,1.)) ;
#16303=DIRECTION('Axis2P3D XDirection',(1.,0.,0.)) ;
#16311=DIRECTION('Vector Direction',(1.,0.,0.)) ;
#16323=DIRECTION('Axis2P3D Direction',(0.5,-0.866025403784,0.)) ;
#16324=DIRECTION('Axis2P3D XDirection',(-0.866025403784,-0.5,0.)) ;
#16328=DIRECTION('Vector Direction',(0.,0.,-1.)) ;
#16333=DIRECTION('Vector Direction',(0.,0.,-1.)) ;
#16345=DIRECTION('Axis2P3D Direction',(-0.5,-0.866025403784,-0.)) ;
#16346=DIRECTION('Axis2P3D XDirection',(-0.866025403784,0.5,0.)) ;
#16350=DIRECTION('Vector Direction',(0.,0.,-1.)) ;
#16364=DIRECTION('Axis2P3D Direction',(-1.,0.,0.)) ;
#16365=DIRECTION('Axis2P3D XDirection',(0.,1.,0.)) ;
#16369=DIRECTION('Vector Direction',(0.,0.,-1.)) ;
#16381=DIRECTION('Axis2P3D Direction',(-0.5,0.866025403784,0.)) ;
#16382=DIRECTION('Axis2P3D XDirection',(0.866025403784,0.5,0.)) ;
#16386=DIRECTION('Vector Direction',(0.,0.,-1.)) ;
#16398=DIRECTION('Axis2P3D Direction',(0.5,0.866025403784,0.)) ;
#16399=DIRECTION('Axis2P3D XDirection',(0.866025403784,-0.5,0.)) ;
#16403=DIRECTION('Vector Direction',(0.,0.,-1.)) ;
#16417=DIRECTION('Axis2P3D Direction',(1.,-1.83139303465E-016,0.)) ;
#16418=DIRECTION('Axis2P3D XDirection',(-1.83139303465E-016,-1.,0.)) ;
#16429=DIRECTION('Axis2P3D Direction',(0.,-1.,0.)) ;
#16430=DIRECTION('Axis2P3D XDirection',(1.,0.,0.)) ;
#16451=DIRECTION('NONE',(1.,0.,0.)) ;
#16452=DIRECTION('NONE',(0.,0.,1.)) ;
#16453=DIRECTION('NONE',(2.996272867E-095,5.47382212627E-048,-1.)) ;
#16454=DIRECTION('NONE',(1.,-5.47382212627E-048,0.)) ;
#8=PRODUCT_RELATED_PRODUCT_CATEGORY('part',$,(#27,#3291,#4033,#4238,#5511,#7299,#7503,#7943,#10117,#10292,#11947,#13813,#14579,#14783,#15762)) ;
#11=PRODUCT_RELATED_PRODUCT_CATEGORY('part',$,(#5)) ;
#7=PRODUCT_CATEGORY('part','specification') ;
#10=PRODUCT_CATEGORY('part','specification') ;
#39=STYLED_ITEM(' ',(#38),#31) ;
#3302=STYLED_ITEM(' ',(#3301),#3295) ;
#4045=STYLED_ITEM(' ',(#4044),#4037) ;
#4249=STYLED_ITEM(' ',(#4248),#4242) ;
#5522=STYLED_ITEM(' ',(#5521),#5515) ;
#7310=STYLED_ITEM(' ',(#7309),#7303) ;
#7514=STYLED_ITEM(' ',(#7513),#7507) ;
#7954=STYLED_ITEM(' ',(#7953),#7947) ;
#10129=STYLED_ITEM(' ',(#10128),#10121) ;
#10303=STYLED_ITEM(' ',(#10302),#10296) ;
#11958=STYLED_ITEM(' ',(#11957),#11951) ;
#13825=STYLED_ITEM(' ',(#13824),#13817) ;
#14590=STYLED_ITEM(' ',(#14589),#14583) ;
#14794=STYLED_ITEM(' ',(#14793),#14787) ;
#15773=STYLED_ITEM(' ',(#15772),#15766) ;
#38=PRESENTATION_STYLE_ASSIGNMENT((#37)) ;
#3301=PRESENTATION_STYLE_ASSIGNMENT((#3300)) ;
#4044=PRESENTATION_STYLE_ASSIGNMENT((#4043)) ;
#4248=PRESENTATION_STYLE_ASSIGNMENT((#4247)) ;
#5521=PRESENTATION_STYLE_ASSIGNMENT((#5520)) ;
#7309=PRESENTATION_STYLE_ASSIGNMENT((#7308)) ;
#7513=PRESENTATION_STYLE_ASSIGNMENT((#7512)) ;
#7953=PRESENTATION_STYLE_ASSIGNMENT((#7952)) ;
#8002=PRESENTATION_STYLE_ASSIGNMENT((#8001)) ;
#8026=PRESENTATION_STYLE_ASSIGNMENT((#8025)) ;
#8064=PRESENTATION_STYLE_ASSIGNMENT((#8063)) ;
#8081=PRESENTATION_STYLE_ASSIGNMENT((#8080)) ;
#8100=PRESENTATION_STYLE_ASSIGNMENT((#8099)) ;
#8138=PRESENTATION_STYLE_ASSIGNMENT((#8137)) ;
#8157=PRESENTATION_STYLE_ASSIGNMENT((#8156)) ;
#8195=PRESENTATION_STYLE_ASSIGNMENT((#8194)) ;
#8214=PRESENTATION_STYLE_ASSIGNMENT((#8213)) ;
#8249=PRESENTATION_STYLE_ASSIGNMENT((#8248)) ;
#8287=PRESENTATION_STYLE_ASSIGNMENT((#8286)) ;
#8306=PRESENTATION_STYLE_ASSIGNMENT((#8305)) ;
#8353=PRESENTATION_STYLE_ASSIGNMENT((#8352)) ;
#8377=PRESENTATION_STYLE_ASSIGNMENT((#8376)) ;
#8394=PRESENTATION_STYLE_ASSIGNMENT((#8393)) ;
#8427=PRESENTATION_STYLE_ASSIGNMENT((#8426)) ;
#8446=PRESENTATION_STYLE_ASSIGNMENT((#8445)) ;
#10128=PRESENTATION_STYLE_ASSIGNMENT((#10127)) ;
#10302=PRESENTATION_STYLE_ASSIGNMENT((#10301)) ;
#11957=PRESENTATION_STYLE_ASSIGNMENT((#11956)) ;
#13824=PRESENTATION_STYLE_ASSIGNMENT((#13823)) ;
#14589=PRESENTATION_STYLE_ASSIGNMENT((#14588)) ;
#14793=PRESENTATION_STYLE_ASSIGNMENT((#14792)) ;
#15772=PRESENTATION_STYLE_ASSIGNMENT((#15771)) ;
#37=SURFACE_STYLE_USAGE(.BOTH.,#36) ;
#3300=SURFACE_STYLE_USAGE(.BOTH.,#3299) ;
#4043=SURFACE_STYLE_USAGE(.BOTH.,#4042) ;
#4247=SURFACE_STYLE_USAGE(.BOTH.,#4246) ;
#5520=SURFACE_STYLE_USAGE(.BOTH.,#5519) ;
#7308=SURFACE_STYLE_USAGE(.BOTH.,#7307) ;
#7512=SURFACE_STYLE_USAGE(.BOTH.,#7511) ;
#7952=SURFACE_STYLE_USAGE(.BOTH.,#7951) ;
#8001=SURFACE_STYLE_USAGE(.BOTH.,#8000) ;
#8025=SURFACE_STYLE_USAGE(.BOTH.,#8024) ;
#8063=SURFACE_STYLE_USAGE(.BOTH.,#8062) ;
#8080=SURFACE_STYLE_USAGE(.BOTH.,#8079) ;
#8099=SURFACE_STYLE_USAGE(.BOTH.,#8098) ;
#8137=SURFACE_STYLE_USAGE(.BOTH.,#8136) ;
#8156=SURFACE_STYLE_USAGE(.BOTH.,#8155) ;
#8194=SURFACE_STYLE_USAGE(.BOTH.,#8193) ;
#8213=SURFACE_STYLE_USAGE(.BOTH.,#8212) ;
#8248=SURFACE_STYLE_USAGE(.BOTH.,#8247) ;
#8286=SURFACE_STYLE_USAGE(.BOTH.,#8285) ;
#8305=SURFACE_STYLE_USAGE(.BOTH.,#8304) ;
#8352=SURFACE_STYLE_USAGE(.BOTH.,#8351) ;
#8376=SURFACE_STYLE_USAGE(.BOTH.,#8375) ;
#8393=SURFACE_STYLE_USAGE(.BOTH.,#8392) ;
#8426=SURFACE_STYLE_USAGE(.BOTH.,#8425) ;
#8445=SURFACE_STYLE_USAGE(.BOTH.,#8444) ;
#10127=SURFACE_STYLE_USAGE(.BOTH.,#10126) ;
#10301=SURFACE_STYLE_USAGE(.BOTH.,#10300) ;
#11956=SURFACE_STYLE_USAGE(.BOTH.,#11955) ;
#13823=SURFACE_STYLE_USAGE(.BOTH.,#13822) ;
#14588=SURFACE_STYLE_USAGE(.BOTH.,#14587) ;
#14792=SURFACE_STYLE_USAGE(.BOTH.,#14791) ;
#15771=SURFACE_STYLE_USAGE(.BOTH.,#15770) ;
#36=SURFACE_SIDE_STYLE(' ',(#35)) ;
#3299=SURFACE_SIDE_STYLE(' ',(#3298)) ;
#4042=SURFACE_SIDE_STYLE(' ',(#4041)) ;
#4246=SURFACE_SIDE_STYLE(' ',(#4245)) ;
#5519=SURFACE_SIDE_STYLE(' ',(#5518)) ;
#7307=SURFACE_SIDE_STYLE(' ',(#7306)) ;
#7511=SURFACE_SIDE_STYLE(' ',(#7510)) ;
#7951=SURFACE_SIDE_STYLE(' ',(#7950)) ;
#8000=SURFACE_SIDE_STYLE(' ',(#7999)) ;
#8024=SURFACE_SIDE_STYLE(' ',(#8023)) ;
#8062=SURFACE_SIDE_STYLE(' ',(#8061)) ;
#8079=SURFACE_SIDE_STYLE(' ',(#8078)) ;
#8098=SURFACE_SIDE_STYLE(' ',(#8097)) ;
#8136=SURFACE_SIDE_STYLE(' ',(#8135)) ;
#8155=SURFACE_SIDE_STYLE(' ',(#8154)) ;
#8193=SURFACE_SIDE_STYLE(' ',(#8192)) ;
#8212=SURFACE_SIDE_STYLE(' ',(#8211)) ;
#8247=SURFACE_SIDE_STYLE(' ',(#8246)) ;
#8285=SURFACE_SIDE_STYLE(' ',(#8284)) ;
#8304=SURFACE_SIDE_STYLE(' ',(#8303)) ;
#8351=SURFACE_SIDE_STYLE(' ',(#8350)) ;
#8375=SURFACE_SIDE_STYLE(' ',(#8374)) ;
#8392=SURFACE_SIDE_STYLE(' ',(#8391)) ;
#8425=SURFACE_SIDE_STYLE(' ',(#8424)) ;
#8444=SURFACE_SIDE_STYLE(' ',(#8443)) ;
#10126=SURFACE_SIDE_STYLE(' ',(#10125)) ;
#10300=SURFACE_SIDE_STYLE(' ',(#10299)) ;
#11955=SURFACE_SIDE_STYLE(' ',(#11954)) ;
#13822=SURFACE_SIDE_STYLE(' ',(#13821)) ;
#14587=SURFACE_SIDE_STYLE(' ',(#14586)) ;
#14791=SURFACE_SIDE_STYLE(' ',(#14790)) ;
#15770=SURFACE_SIDE_STYLE(' ',(#15769)) ;
#35=SURFACE_STYLE_FILL_AREA(#34) ;
#3298=SURFACE_STYLE_FILL_AREA(#3297) ;
#4041=SURFACE_STYLE_FILL_AREA(#4040) ;
#4245=SURFACE_STYLE_FILL_AREA(#4244) ;
#5518=SURFACE_STYLE_FILL_AREA(#5517) ;
#7306=SURFACE_STYLE_FILL_AREA(#7305) ;
#7510=SURFACE_STYLE_FILL_AREA(#7509) ;
#7950=SURFACE_STYLE_FILL_AREA(#7949) ;
#7999=SURFACE_STYLE_FILL_AREA(#7998) ;
#8023=SURFACE_STYLE_FILL_AREA(#8022) ;
#8061=SURFACE_STYLE_FILL_AREA(#8060) ;
#8078=SURFACE_STYLE_FILL_AREA(#8077) ;
#8097=SURFACE_STYLE_FILL_AREA(#8096) ;
#8135=SURFACE_STYLE_FILL_AREA(#8134) ;
#8154=SURFACE_STYLE_FILL_AREA(#8153) ;
#8192=SURFACE_STYLE_FILL_AREA(#8191) ;
#8211=SURFACE_STYLE_FILL_AREA(#8210) ;
#8246=SURFACE_STYLE_FILL_AREA(#8245) ;
#8284=SURFACE_STYLE_FILL_AREA(#8283) ;
#8303=SURFACE_STYLE_FILL_AREA(#8302) ;
#8350=SURFACE_STYLE_FILL_AREA(#8349) ;
#8374=SURFACE_STYLE_FILL_AREA(#8373) ;
#8391=SURFACE_STYLE_FILL_AREA(#8390) ;
#8424=SURFACE_STYLE_FILL_AREA(#8423) ;
#8443=SURFACE_STYLE_FILL_AREA(#8442) ;
#10125=SURFACE_STYLE_FILL_AREA(#10124) ;
#10299=SURFACE_STYLE_FILL_AREA(#10298) ;
#11954=SURFACE_STYLE_FILL_AREA(#11953) ;
#13821=SURFACE_STYLE_FILL_AREA(#13820) ;
#14586=SURFACE_STYLE_FILL_AREA(#14585) ;
#14790=SURFACE_STYLE_FILL_AREA(#14789) ;
#15769=SURFACE_STYLE_FILL_AREA(#15768) ;
#34=FILL_AREA_STYLE(' ',(#33)) ;
#3297=FILL_AREA_STYLE(' ',(#3296)) ;
#4040=FILL_AREA_STYLE(' ',(#4039)) ;
#4244=FILL_AREA_STYLE(' ',(#4243)) ;
#5517=FILL_AREA_STYLE(' ',(#5516)) ;
#7305=FILL_AREA_STYLE(' ',(#7304)) ;
#7509=FILL_AREA_STYLE(' ',(#7508)) ;
#7949=FILL_AREA_STYLE(' ',(#7948)) ;
#7998=FILL_AREA_STYLE(' ',(#7997)) ;
#8022=FILL_AREA_STYLE(' ',(#8021)) ;
#8060=FILL_AREA_STYLE(' ',(#8059)) ;
#8077=FILL_AREA_STYLE(' ',(#8076)) ;
#8096=FILL_AREA_STYLE(' ',(#8095)) ;
#8134=FILL_AREA_STYLE(' ',(#8133)) ;
#8153=FILL_AREA_STYLE(' ',(#8152)) ;
#8191=FILL_AREA_STYLE(' ',(#8190)) ;
#8210=FILL_AREA_STYLE(' ',(#8209)) ;
#8245=FILL_AREA_STYLE(' ',(#8244)) ;
#8283=FILL_AREA_STYLE(' ',(#8282)) ;
#8302=FILL_AREA_STYLE(' ',(#8301)) ;
#8349=FILL_AREA_STYLE(' ',(#8348)) ;
#8373=FILL_AREA_STYLE(' ',(#8372)) ;
#8390=FILL_AREA_STYLE(' ',(#8389)) ;
#8423=FILL_AREA_STYLE(' ',(#8422)) ;
#8442=FILL_AREA_STYLE(' ',(#8441)) ;
#10124=FILL_AREA_STYLE(' ',(#10123)) ;
#10298=FILL_AREA_STYLE(' ',(#10297)) ;
#11953=FILL_AREA_STYLE(' ',(#11952)) ;
#13820=FILL_AREA_STYLE(' ',(#13819)) ;
#14585=FILL_AREA_STYLE(' ',(#14584)) ;
#14789=FILL_AREA_STYLE(' ',(#14788)) ;
#15768=FILL_AREA_STYLE(' ',(#15767)) ;
#33=FILL_AREA_STYLE_COLOUR(' ',#32) ;
#3296=FILL_AREA_STYLE_COLOUR(' ',#32) ;
#4039=FILL_AREA_STYLE_COLOUR(' ',#4038) ;
#4243=FILL_AREA_STYLE_COLOUR(' ',#32) ;
#5516=FILL_AREA_STYLE_COLOUR(' ',#32) ;
#7304=FILL_AREA_STYLE_COLOUR(' ',#4038) ;
#7508=FILL_AREA_STYLE_COLOUR(' ',#32) ;
#7948=FILL_AREA_STYLE_COLOUR(' ',#32) ;
#7997=FILL_AREA_STYLE_COLOUR(' ',#7996) ;
#8021=FILL_AREA_STYLE_COLOUR(' ',#7996) ;
#8059=FILL_AREA_STYLE_COLOUR(' ',#7996) ;
#8076=FILL_AREA_STYLE_COLOUR(' ',#7996) ;
#8095=FILL_AREA_STYLE_COLOUR(' ',#7996) ;
#8133=FILL_AREA_STYLE_COLOUR(' ',#7996) ;
#8152=FILL_AREA_STYLE_COLOUR(' ',#7996) ;
#8190=FILL_AREA_STYLE_COLOUR(' ',#7996) ;
#8209=FILL_AREA_STYLE_COLOUR(' ',#7996) ;
#8244=FILL_AREA_STYLE_COLOUR(' ',#7996) ;
#8282=FILL_AREA_STYLE_COLOUR(' ',#7996) ;
#8301=FILL_AREA_STYLE_COLOUR(' ',#7996) ;
#8348=FILL_AREA_STYLE_COLOUR(' ',#7996) ;
#8372=FILL_AREA_STYLE_COLOUR(' ',#7996) ;
#8389=FILL_AREA_STYLE_COLOUR(' ',#7996) ;
#8422=FILL_AREA_STYLE_COLOUR(' ',#7996) ;
#8441=FILL_AREA_STYLE_COLOUR(' ',#7996) ;
#10123=FILL_AREA_STYLE_COLOUR(' ',#10122) ;
#10297=FILL_AREA_STYLE_COLOUR(' ',#32) ;
#11952=FILL_AREA_STYLE_COLOUR(' ',#32) ;
#13819=FILL_AREA_STYLE_COLOUR(' ',#13818) ;
#14584=FILL_AREA_STYLE_COLOUR(' ',#13818) ;
#14788=FILL_AREA_STYLE_COLOUR(' ',#13818) ;
#15767=FILL_AREA_STYLE_COLOUR(' ',#32) ;
#48=VECTOR('Line Direction',#47,1.) ;
#64=VECTOR('Line Direction',#63,1.) ;
#88=VECTOR('Line Direction',#87,1.) ;
#105=VECTOR('Line Direction',#104,1.) ;
#125=VECTOR('Line Direction',#124,1.) ;
#132=VECTOR('Line Direction',#131,1.) ;
#203=VECTOR('Line Direction',#202,1.) ;
#353=VECTOR('Line Direction',#352,1.) ;
#360=VECTOR('Line Direction',#359,1.) ;
#515=VECTOR('Line Direction',#514,1.) ;
#522=VECTOR('Line Direction',#521,1.) ;
#542=VECTOR('Line Direction',#541,1.) ;
#547=VECTOR('Line Direction',#546,1.) ;
#564=VECTOR('Line Direction',#563,1.) ;
#573=VECTOR('Line Direction',#572,1.) ;
#591=VECTOR('Line Direction',#590,1.) ;
#631=VECTOR('Line Direction',#630,1.) ;
#638=VECTOR('Line Direction',#637,1.) ;
#658=VECTOR('Line Direction',#657,1.) ;
#663=VECTOR('Line Direction',#662,1.) ;
#675=VECTOR('Line Direction',#674,1.) ;
#689=VECTOR('Line Direction',#688,1.) ;
#717=VECTOR('Line Direction',#716,1.) ;
#731=VECTOR('Line Direction',#730,1.) ;
#763=VECTOR('Line Direction',#762,1.) ;
#777=VECTOR('Line Direction',#776,1.) ;
#811=VECTOR('Line Direction',#810,1.) ;
#823=VECTOR('Line Direction',#822,1.) ;
#837=VECTOR('Line Direction',#836,1.) ;
#866=VECTOR('Line Direction',#865,1.) ;
#880=VECTOR('Line Direction',#879,1.) ;
#897=VECTOR('Line Direction',#896,1.) ;
#913=VECTOR('Line Direction',#912,1.) ;
#954=VECTOR('Line Direction',#953,1.) ;
#961=VECTOR('Line Direction',#960,1.) ;
#968=VECTOR('Line Direction',#967,1.) ;
#985=VECTOR('Line Direction',#984,1.) ;
#1017=VECTOR('Line Direction',#1016,1.) ;
#1047=VECTOR('Line Direction',#1046,1.) ;
#1078=VECTOR('Line Direction',#1077,1.) ;
#1109=VECTOR('Line Direction',#1108,1.) ;
#1126=VECTOR('Line Direction',#1125,1.) ;
#1133=VECTOR('Line Direction',#1132,1.) ;
#1140=VECTOR('Line Direction',#1139,1.) ;
#1171=VECTOR('Line Direction',#1170,1.) ;
#1197=VECTOR('Line Direction',#1196,1.) ;
#1211=VECTOR('Line Direction',#1210,1.) ;
#1228=VECTOR('Line Direction',#1227,1.) ;
#1235=VECTOR('Line Direction',#1234,1.) ;
#1242=VECTOR('Line Direction',#1241,1.) ;
#1273=VECTOR('Line Direction',#1272,1.) ;
#1299=VECTOR('Line Direction',#1298,1.) ;
#1330=VECTOR('Line Direction',#1329,1.) ;
#1347=VECTOR('Line Direction',#1346,1.) ;
#1354=VECTOR('Line Direction',#1353,1.) ;
#1361=VECTOR('Line Direction',#1360,1.) ;
#1392=VECTOR('Line Direction',#1391,1.) ;
#1404=VECTOR('Line Direction',#1403,1.) ;
#1411=VECTOR('Line Direction',#1410,1.) ;
#1438=VECTOR('Line Direction',#1437,1.) ;
#1445=VECTOR('Line Direction',#1444,1.) ;
#1470=VECTOR('Line Direction',#1469,1.) ;
#1484=VECTOR('Line Direction',#1483,1.) ;
#1546=VECTOR('Line Direction',#1545,1.) ;
#1560=VECTOR('Line Direction',#1559,1.) ;
#1617=VECTOR('Line Direction',#1616,1.) ;
#1631=VECTOR('Line Direction',#1630,1.) ;
#1724=VECTOR('Line Direction',#1723,1.) ;
#1738=VECTOR('Line Direction',#1737,1.) ;
#1838=VECTOR('Line Direction',#1837,1.) ;
#1843=VECTOR('Line Direction',#1842,1.) ;
#1867=VECTOR('Line Direction',#1866,1.) ;
#1872=VECTOR('Line Direction',#1871,1.) ;
#1944=VECTOR('Line Direction',#1943,1.) ;
#1978=VECTOR('Line Direction',#1977,1.) ;
#2007=VECTOR('Line Direction',#2006,1.) ;
#2023=VECTOR('Line Direction',#2022,1.) ;
#2074=VECTOR('Line Direction',#2073,1.) ;
#2081=VECTOR('Line Direction',#2080,1.) ;
#2107=VECTOR('Line Direction',#2106,1.) ;
#2134=VECTOR('Line Direction',#2133,1.) ;
#2141=VECTOR('Line Direction',#2140,1.) ;
#2157=VECTOR('Line Direction',#2156,1.) ;
#2173=VECTOR('Line Direction',#2172,1.) ;
#2214=VECTOR('Line Direction',#2213,1.) ;
#2228=VECTOR('Line Direction',#2227,1.) ;
#2245=VECTOR('Line Direction',#2244,1.) ;
#2252=VECTOR('Line Direction',#2251,1.) ;
#2276=VECTOR('Line Direction',#2275,1.) ;
#2295=VECTOR('Line Direction',#2294,1.) ;
#2319=VECTOR('Line Direction',#2318,1.) ;
#2336=VECTOR('Line Direction',#2335,1.) ;
#2343=VECTOR('Line Direction',#2342,1.) ;
#2367=VECTOR('Line Direction',#2366,1.) ;
#2410=VECTOR('Line Direction',#2409,1.) ;
#2424=VECTOR('Line Direction',#2423,1.) ;
#2453=VECTOR('Line Direction',#2452,1.) ;
#2488=VECTOR('Line Direction',#2487,1.) ;
#2504=VECTOR('Line Direction',#2503,1.) ;
#2545=VECTOR('Line Direction',#2544,1.) ;
#2550=VECTOR('Line Direction',#2549,1.) ;
#2562=VECTOR('Line Direction',#2561,1.) ;
#2567=VECTOR('Line Direction',#2566,1.) ;
#2590=VECTOR('Line Direction',#2589,1.) ;
#2609=VECTOR('Line Direction',#2608,1.) ;
#2614=VECTOR('Line Direction',#2613,1.) ;
#2688=VECTOR('Line Direction',#2687,1.) ;
#2693=VECTOR('Line Direction',#2692,1.) ;
#2724=VECTOR('Line Direction',#2723,1.) ;
#2733=VECTOR('Line Direction',#2732,1.) ;
#2738=VECTOR('Line Direction',#2737,1.) ;
#2745=VECTOR('Line Direction',#2744,1.) ;
#2752=VECTOR('Line Direction',#2751,1.) ;
#2757=VECTOR('Line Direction',#2756,1.) ;
#2764=VECTOR('Line Direction',#2763,1.) ;
#2771=VECTOR('Line Direction',#2770,1.) ;
#2776=VECTOR('Line Direction',#2775,1.) ;
#2783=VECTOR('Line Direction',#2782,1.) ;
#2790=VECTOR('Line Direction',#2789,1.) ;
#2795=VECTOR('Line Direction',#2794,1.) ;
#2863=VECTOR('Line Direction',#2862,1.) ;
#2894=VECTOR('Line Direction',#2893,1.) ;
#2932=VECTOR('Line Direction',#2931,1.) ;
#2963=VECTOR('Line Direction',#2962,1.) ;
#2970=VECTOR('Line Direction',#2969,1.) ;
#3001=VECTOR('Line Direction',#3000,1.) ;
#3008=VECTOR('Line Direction',#3007,1.) ;
#3032=VECTOR('Line Direction',#3031,1.) ;
#3039=VECTOR('Line Direction',#3038,1.) ;
#3077=VECTOR('Line Direction',#3076,1.) ;
#3101=VECTOR('Line Direction',#3100,1.) ;
#3108=VECTOR('Line Direction',#3107,1.) ;
#3139=VECTOR('Line Direction',#3138,1.) ;
#3156=VECTOR('Line Direction',#3155,1.) ;
#3174=VECTOR('Line Direction',#3173,1.) ;
#3186=VECTOR('Line Direction',#3185,1.) ;
#3209=VECTOR('Line Direction',#3208,1.) ;
#3226=VECTOR('Line Direction',#3225,1.) ;
#3244=VECTOR('Line Direction',#3243,1.) ;
#3256=VECTOR('Line Direction',#3255,1.) ;
#3311=VECTOR('Line Direction',#3310,1.) ;
#3327=VECTOR('Line Direction',#3326,1.) ;
#3386=VECTOR('Line Direction',#3385,1.) ;
#3400=VECTOR('Line Direction',#3399,1.) ;
#3424=VECTOR('Line Direction',#3423,1.) ;
#3453=VECTOR('Line Direction',#3452,1.) ;
#3467=VECTOR('Line Direction',#3466,1.) ;
#3486=VECTOR('Line Direction',#3485,1.) ;
#3526=VECTOR('Line Direction',#3525,1.) ;
#3540=VECTOR('Line Direction',#3539,1.) ;
#3640=VECTOR('Line Direction',#3639,1.) ;
#3649=VECTOR('Line Direction',#3648,1.) ;
#3669=VECTOR('Line Direction',#3668,1.) ;
#3686=VECTOR('Line Direction',#3685,1.) ;
#3742=VECTOR('Line Direction',#3741,1.) ;
#3749=VECTOR('Line Direction',#3748,1.) ;
#3756=VECTOR('Line Direction',#3755,1.) ;
#3808=VECTOR('Line Direction',#3807,1.) ;
#3832=VECTOR('Line Direction',#3831,1.) ;
#3839=VECTOR('Line Direction',#3838,1.) ;
#3905=VECTOR('Line Direction',#3904,1.) ;
#4063=VECTOR('Line Direction',#4062,1.) ;
#4077=VECTOR('Line Direction',#4076,1.) ;
#4120=VECTOR('Line Direction',#4119,1.) ;
#4134=VECTOR('Line Direction',#4133,1.) ;
#4258=VECTOR('Line Direction',#4257,1.) ;
#4286=VECTOR('Line Direction',#4285,1.) ;
#4348=VECTOR('Line Direction',#4347,1.) ;
#4362=VECTOR('Line Direction',#4361,1.) ;
#4747=VECTOR('Line Direction',#4746,1.) ;
#4752=VECTOR('Line Direction',#4751,1.) ;
#5249=VECTOR('Line Direction',#5248,1.) ;
#5256=VECTOR('Line Direction',#5255,1.) ;
#5292=VECTOR('Line Direction',#5291,1.) ;
#5306=VECTOR('Line Direction',#5305,1.) ;
#5540=VECTOR('Line Direction',#5539,1.) ;
#5554=VECTOR('Line Direction',#5553,1.) ;
#5588=VECTOR('Line Direction',#5587,1.) ;
#5602=VECTOR('Line Direction',#5601,1.) ;
#5641=VECTOR('Line Direction',#5640,1.) ;
#5655=VECTOR('Line Direction',#5654,1.) ;
#5684=VECTOR('Line Direction',#5683,1.) ;
#5698=VECTOR('Line Direction',#5697,1.) ;
#5760=VECTOR('Line Direction',#5759,1.) ;
#5802=VECTOR('Line Direction',#5801,1.) ;
#5816=VECTOR('Line Direction',#5815,1.) ;
#5823=VECTOR('Line Direction',#5822,1.) ;
#5890=VECTOR('Line Direction',#5889,1.) ;
#5895=VECTOR('Line Direction',#5894,1.) ;
#5952=VECTOR('Line Direction',#5951,1.) ;
#5957=VECTOR('Line Direction',#5956,1.) ;
#6036=VECTOR('Line Direction',#6035,1.) ;
#6041=VECTOR('Line Direction',#6040,1.) ;
#6098=VECTOR('Line Direction',#6097,1.) ;
#6103=VECTOR('Line Direction',#6102,1.) ;
#6173=VECTOR('Line Direction',#6172,1.) ;
#6187=VECTOR('Line Direction',#6186,1.) ;
#6204=VECTOR('Line Direction',#6203,1.) ;
#6211=VECTOR('Line Direction',#6210,1.) ;
#6218=VECTOR('Line Direction',#6217,1.) ;
#6235=VECTOR('Line Direction',#6234,1.) ;
#6242=VECTOR('Line Direction',#6241,1.) ;
#6249=VECTOR('Line Direction',#6248,1.) ;
#6266=VECTOR('Line Direction',#6265,1.) ;
#6290=VECTOR('Line Direction',#6289,1.) ;
#6297=VECTOR('Line Direction',#6296,1.) ;
#6309=VECTOR('Line Direction',#6308,1.) ;
#6316=VECTOR('Line Direction',#6315,1.) ;
#6333=VECTOR('Line Direction',#6332,1.) ;
#6357=VECTOR('Line Direction',#6356,1.) ;
#6364=VECTOR('Line Direction',#6363,1.) ;
#6405=VECTOR('Line Direction',#6404,1.) ;
#6422=VECTOR('Line Direction',#6421,1.) ;
#6429=VECTOR('Line Direction',#6428,1.) ;
#6849=VECTOR('Line Direction',#6848,1.) ;
#6897=VECTOR('Line Direction',#6896,1.) ;
#6945=VECTOR('Line Direction',#6944,1.) ;
#6969=VECTOR('Line Direction',#6968,1.) ;
#7017=VECTOR('Line Direction',#7016,1.) ;
#7058=VECTOR('Line Direction',#7057,1.) ;
#7075=VECTOR('Line Direction',#7074,1.) ;
#7106=VECTOR('Line Direction',#7105,1.) ;
#7120=VECTOR('Line Direction',#7119,1.) ;
#7149=VECTOR('Line Direction',#7148,1.) ;
#7156=VECTOR('Line Direction',#7155,1.) ;
#7189=VECTOR('Line Direction',#7188,1.) ;
#7194=VECTOR('Line Direction',#7193,1.) ;
#7211=VECTOR('Line Direction',#7210,1.) ;
#7228=VECTOR('Line Direction',#7227,1.) ;
#7328=VECTOR('Line Direction',#7327,1.) ;
#7342=VECTOR('Line Direction',#7341,1.) ;
#7385=VECTOR('Line Direction',#7384,1.) ;
#7399=VECTOR('Line Direction',#7398,1.) ;
#7532=VECTOR('Line Direction',#7531,1.) ;
#7546=VECTOR('Line Direction',#7545,1.) ;
#7719=VECTOR('Line Direction',#7718,1.) ;
#7726=VECTOR('Line Direction',#7725,1.) ;
#7796=VECTOR('Line Direction',#7795,1.) ;
#7803=VECTOR('Line Direction',#7802,1.) ;
#7972=VECTOR('Line Direction',#7971,1.) ;
#7986=VECTOR('Line Direction',#7985,1.) ;
#8035=VECTOR('Line Direction',#8034,1.) ;
#8049=VECTOR('Line Direction',#8048,1.) ;
#8109=VECTOR('Line Direction',#8108,1.) ;
#8123=VECTOR('Line Direction',#8122,1.) ;
#8166=VECTOR('Line Direction',#8165,1.) ;
#8180=VECTOR('Line Direction',#8179,1.) ;
#8258=VECTOR('Line Direction',#8257,1.) ;
#8272=VECTOR('Line Direction',#8271,1.) ;
#8324=VECTOR('Line Direction',#8323,1.) ;
#8338=VECTOR('Line Direction',#8337,1.) ;
#8398=VECTOR('Line Direction',#8397,1.) ;
#8405=VECTOR('Line Direction',#8404,1.) ;
#8464=VECTOR('Line Direction',#8463,1.) ;
#8478=VECTOR('Line Direction',#8477,1.) ;
#8706=VECTOR('Line Direction',#8705,1.) ;
#8713=VECTOR('Line Direction',#8712,1.) ;
#8737=VECTOR('Line Direction',#8736,1.) ;
#8768=VECTOR('Line Direction',#8767,1.) ;
#8785=VECTOR('Line Direction',#8784,1.) ;
#8804=VECTOR('Line Direction',#8803,1.) ;
#8828=VECTOR('Line Direction',#8827,1.) ;
#8859=VECTOR('Line Direction',#8858,1.) ;
#8876=VECTOR('Line Direction',#8875,1.) ;
#8895=VECTOR('Line Direction',#8894,1.) ;
#8914=VECTOR('Line Direction',#8913,1.) ;
#8938=VECTOR('Line Direction',#8937,1.) ;
#8969=VECTOR('Line Direction',#8968,1.) ;
#8986=VECTOR('Line Direction',#8985,1.) ;
#9005=VECTOR('Line Direction',#9004,1.) ;
#9029=VECTOR('Line Direction',#9028,1.) ;
#9060=VECTOR('Line Direction',#9059,1.) ;
#9077=VECTOR('Line Direction',#9076,1.) ;
#9096=VECTOR('Line Direction',#9095,1.) ;
#9120=VECTOR('Line Direction',#9119,1.) ;
#9151=VECTOR('Line Direction',#9150,1.) ;
#10147=VECTOR('Line Direction',#10146,1.) ;
#10161=VECTOR('Line Direction',#10160,1.) ;
#10204=VECTOR('Line Direction',#10203,1.) ;
#10218=VECTOR('Line Direction',#10217,1.) ;
#10321=VECTOR('Line Direction',#10320,1.) ;
#10335=VECTOR('Line Direction',#10334,1.) ;
#10397=VECTOR('Line Direction',#10396,1.) ;
#10411=VECTOR('Line Direction',#10410,1.) ;
#10620=VECTOR('Line Direction',#10619,1.) ;
#10627=VECTOR('Line Direction',#10626,1.) ;
#10658=VECTOR('Line Direction',#10657,1.) ;
#10675=VECTOR('Line Direction',#10674,1.) ;
#10699=VECTOR('Line Direction',#10698,1.) ;
#10723=VECTOR('Line Direction',#10722,1.) ;
#10742=VECTOR('Line Direction',#10741,1.) ;
#10749=VECTOR('Line Direction',#10748,1.) ;
#10780=VECTOR('Line Direction',#10779,1.) ;
#10809=VECTOR('Line Direction',#10808,1.) ;
#10833=VECTOR('Line Direction',#10832,1.) ;
#10864=VECTOR('Line Direction',#10863,1.) ;
#10881=VECTOR('Line Direction',#10880,1.) ;
#10900=VECTOR('Line Direction',#10899,1.) ;
#10924=VECTOR('Line Direction',#10923,1.) ;
#10955=VECTOR('Line Direction',#10954,1.) ;
#10972=VECTOR('Line Direction',#10971,1.) ;
#10991=VECTOR('Line Direction',#10990,1.) ;
#11015=VECTOR('Line Direction',#11014,1.) ;
#11034=VECTOR('Line Direction',#11033,1.) ;
#11065=VECTOR('Line Direction',#11064,1.) ;
#11967=VECTOR('Line Direction',#11966,1.) ;
#11976=VECTOR('Line Direction',#11975,1.) ;
#11983=VECTOR('Line Direction',#11982,1.) ;
#11990=VECTOR('Line Direction',#11989,1.) ;
#11997=VECTOR('Line Direction',#11996,1.) ;
#12015=VECTOR('Line Direction',#12014,1.) ;
#12031=VECTOR('Line Direction',#12030,1.) ;
#12038=VECTOR('Line Direction',#12037,1.) ;
#12052=VECTOR('Line Direction',#12051,1.) ;
#12066=VECTOR('Line Direction',#12065,1.) ;
#12080=VECTOR('Line Direction',#12079,1.) ;
#12087=VECTOR('Line Direction',#12086,1.) ;
#12101=VECTOR('Line Direction',#12100,1.) ;
#12115=VECTOR('Line Direction',#12114,1.) ;
#12129=VECTOR('Line Direction',#12128,1.) ;
#12143=VECTOR('Line Direction',#12142,1.) ;
#12157=VECTOR('Line Direction',#12156,1.) ;
#12164=VECTOR('Line Direction',#12163,1.) ;
#12178=VECTOR('Line Direction',#12177,1.) ;
#12231=VECTOR('Line Direction',#12230,1.) ;
#12238=VECTOR('Line Direction',#12237,1.) ;
#12245=VECTOR('Line Direction',#12244,1.) ;
#12264=VECTOR('Line Direction',#12263,1.) ;
#12271=VECTOR('Line Direction',#12270,1.) ;
#12278=VECTOR('Line Direction',#12277,1.) ;
#12285=VECTOR('Line Direction',#12284,1.) ;
#12292=VECTOR('Line Direction',#12291,1.) ;
#12302=VECTOR('Line Direction',#12301,1.) ;
#12309=VECTOR('Line Direction',#12308,1.) ;
#12316=VECTOR('Line Direction',#12315,1.) ;
#12323=VECTOR('Line Direction',#12322,1.) ;
#12330=VECTOR('Line Direction',#12329,1.) ;
#12489=VECTOR('Line Direction',#12488,1.) ;
#12505=VECTOR('Line Direction',#12504,1.) ;
#12533=VECTOR('Line Direction',#12532,1.) ;
#12540=VECTOR('Line Direction',#12539,1.) ;
#12564=VECTOR('Line Direction',#12563,1.) ;
#12571=VECTOR('Line Direction',#12570,1.) ;
#12588=VECTOR('Line Direction',#12587,1.) ;
#12612=VECTOR('Line Direction',#12611,1.) ;
#12619=VECTOR('Line Direction',#12618,1.) ;
#12636=VECTOR('Line Direction',#12635,1.) ;
#12643=VECTOR('Line Direction',#12642,1.) ;
#12660=VECTOR('Line Direction',#12659,1.) ;
#12684=VECTOR('Line Direction',#12683,1.) ;
#12691=VECTOR('Line Direction',#12690,1.) ;
#12703=VECTOR('Line Direction',#12702,1.) ;
#12727=VECTOR('Line Direction',#12726,1.) ;
#12734=VECTOR('Line Direction',#12733,1.) ;
#12751=VECTOR('Line Direction',#12750,1.) ;
#12775=VECTOR('Line Direction',#12774,1.) ;
#12782=VECTOR('Line Direction',#12781,1.) ;
#12794=VECTOR('Line Direction',#12793,1.) ;
#12818=VECTOR('Line Direction',#12817,1.) ;
#12825=VECTOR('Line Direction',#12824,1.) ;
#12842=VECTOR('Line Direction',#12841,1.) ;
#12866=VECTOR('Line Direction',#12865,1.) ;
#12873=VECTOR('Line Direction',#12872,1.) ;
#12890=VECTOR('Line Direction',#12889,1.) ;
#12897=VECTOR('Line Direction',#12896,1.) ;
#12914=VECTOR('Line Direction',#12913,1.) ;
#12938=VECTOR('Line Direction',#12937,1.) ;
#12945=VECTOR('Line Direction',#12944,1.) ;
#12962=VECTOR('Line Direction',#12961,1.) ;
#12986=VECTOR('Line Direction',#12985,1.) ;
#12993=VECTOR('Line Direction',#12992,1.) ;
#13010=VECTOR('Line Direction',#13009,1.) ;
#13034=VECTOR('Line Direction',#13033,1.) ;
#13041=VECTOR('Line Direction',#13040,1.) ;
#13058=VECTOR('Line Direction',#13057,1.) ;
#13065=VECTOR('Line Direction',#13064,1.) ;
#13082=VECTOR('Line Direction',#13081,1.) ;
#13106=VECTOR('Line Direction',#13105,1.) ;
#13132=VECTOR('Line Direction',#13131,1.) ;
#13137=VECTOR('Line Direction',#13136,1.) ;
#13178=VECTOR('Line Direction',#13177,1.) ;
#13183=VECTOR('Line Direction',#13182,1.) ;
#13221=VECTOR('Line Direction',#13220,1.) ;
#13226=VECTOR('Line Direction',#13225,1.) ;
#13264=VECTOR('Line Direction',#13263,1.) ;
#13269=VECTOR('Line Direction',#13268,1.) ;
#13307=VECTOR('Line Direction',#13306,1.) ;
#13312=VECTOR('Line Direction',#13311,1.) ;
#13350=VECTOR('Line Direction',#13349,1.) ;
#13355=VECTOR('Line Direction',#13354,1.) ;
#13393=VECTOR('Line Direction',#13392,1.) ;
#13398=VECTOR('Line Direction',#13397,1.) ;
#13436=VECTOR('Line Direction',#13435,1.) ;
#13441=VECTOR('Line Direction',#13440,1.) ;
#13577=VECTOR('Line Direction',#13576,1.) ;
#13591=VECTOR('Line Direction',#13590,1.) ;
#13620=VECTOR('Line Direction',#13619,1.) ;
#13625=VECTOR('Line Direction',#13624,1.) ;
#13649=VECTOR('Line Direction',#13648,1.) ;
#13656=VECTOR('Line Direction',#13655,1.) ;
#13663=VECTOR('Line Direction',#13662,1.) ;
#13681=VECTOR('Line Direction',#13680,1.) ;
#13697=VECTOR('Line Direction',#13696,1.) ;
#13725=VECTOR('Line Direction',#13724,1.) ;
#13732=VECTOR('Line Direction',#13731,1.) ;
#13739=VECTOR('Line Direction',#13738,1.) ;
#13757=VECTOR('Line Direction',#13756,1.) ;
#13773=VECTOR('Line Direction',#13772,1.) ;
#13843=VECTOR('Line Direction',#13842,1.) ;
#13979=VECTOR('Line Direction',#13978,1.) ;
#13986=VECTOR('Line Direction',#13985,1.) ;
#13993=VECTOR('Line Direction',#13992,1.) ;
#14000=VECTOR('Line Direction',#13999,1.) ;
#14030=VECTOR('Line Direction',#14029,1.) ;
#14037=VECTOR('Line Direction',#14036,1.) ;
#14044=VECTOR('Line Direction',#14043,1.) ;
#14088=VECTOR('Line Direction',#14087,1.) ;
#14095=VECTOR('Line Direction',#14094,1.) ;
#14102=VECTOR('Line Direction',#14101,1.) ;
#14134=VECTOR('Line Direction',#14133,1.) ;
#14141=VECTOR('Line Direction',#14140,1.) ;
#14148=VECTOR('Line Direction',#14147,1.) ;
#14201=VECTOR('Line Direction',#14200,1.) ;
#14208=VECTOR('Line Direction',#14207,1.) ;
#14215=VECTOR('Line Direction',#14214,1.) ;
#14257=VECTOR('Line Direction',#14256,1.) ;
#14264=VECTOR('Line Direction',#14263,1.) ;
#14290=VECTOR('Line Direction',#14289,1.) ;
#14334=VECTOR('Line Direction',#14333,1.) ;
#14348=VECTOR('Line Direction',#14347,1.) ;
#14382=VECTOR('Line Direction',#14381,1.) ;
#14396=VECTOR('Line Direction',#14395,1.) ;
#14608=VECTOR('Line Direction',#14607,1.) ;
#14622=VECTOR('Line Direction',#14621,1.) ;
#14665=VECTOR('Line Direction',#14664,1.) ;
#14679=VECTOR('Line Direction',#14678,1.) ;
#14812=VECTOR('Line Direction',#14811,1.) ;
#14966=VECTOR('Line Direction',#14965,1.) ;
#14999=VECTOR('Line Direction',#14998,1.) ;
#15029=VECTOR('Line Direction',#15028,1.) ;
#15136=VECTOR('Line Direction',#15135,1.) ;
#15168=VECTOR('Line Direction',#15167,1.) ;
#15283=VECTOR('Line Direction',#15282,1.) ;
#15364=VECTOR('Line Direction',#15363,1.) ;
#15385=VECTOR('Line Direction',#15384,1.) ;
#15430=VECTOR('Line Direction',#15429,1.) ;
#15494=VECTOR('Line Direction',#15493,1.) ;
#15539=VECTOR('Line Direction',#15538,1.) ;
#15574=VECTOR('Line Direction',#15573,1.) ;
#15588=VECTOR('Line Direction',#15587,1.) ;
#15600=VECTOR('Line Direction',#15599,1.) ;
#15619=VECTOR('Line Direction',#15618,1.) ;
#15689=VECTOR('Line Direction',#15688,1.) ;
#15694=VECTOR('Line Direction',#15693,1.) ;
#15791=VECTOR('Line Direction',#15790,1.) ;
#15805=VECTOR('Line Direction',#15804,1.) ;
#15849=VECTOR('Line Direction',#15848,1.) ;
#15863=VECTOR('Line Direction',#15862,1.) ;
#15920=VECTOR('Line Direction',#15919,1.) ;
#15929=VECTOR('Line Direction',#15928,1.) ;
#15936=VECTOR('Line Direction',#15935,1.) ;
#15943=VECTOR('Line Direction',#15942,1.) ;
#15960=VECTOR('Line Direction',#15959,1.) ;
#15967=VECTOR('Line Direction',#15966,1.) ;
#15974=VECTOR('Line Direction',#15973,1.) ;
#15981=VECTOR('Line Direction',#15980,1.) ;
#15999=VECTOR('Line Direction',#15998,1.) ;
#16006=VECTOR('Line Direction',#16005,1.) ;
#16023=VECTOR('Line Direction',#16022,1.) ;
#16030=VECTOR('Line Direction',#16029,1.) ;
#16047=VECTOR('Line Direction',#16046,1.) ;
#16054=VECTOR('Line Direction',#16053,1.) ;
#16072=VECTOR('Line Direction',#16071,1.) ;
#16088=VECTOR('Line Direction',#16087,1.) ;
#16197=VECTOR('Line Direction',#16196,1.) ;
#16204=VECTOR('Line Direction',#16203,1.) ;
#16312=VECTOR('Line Direction',#16311,1.) ;
#16329=VECTOR('Line Direction',#16328,1.) ;
#16334=VECTOR('Line Direction',#16333,1.) ;
#16351=VECTOR('Line Direction',#16350,1.) ;
#16370=VECTOR('Line Direction',#16369,1.) ;
#16387=VECTOR('Line Direction',#16386,1.) ;
#16404=VECTOR('Line Direction',#16403,1.) ;
#21=UNCERTAINTY_MEASURE_WITH_UNIT(LENGTH_MEASURE(0.005),#17,'distance_accuracy_value','CONFUSED CURVE UNCERTAINTY') ;
#23=UNCERTAINTY_MEASURE_WITH_UNIT(LENGTH_MEASURE(0.005),#17,'distance_accuracy_value','CONFUSED CURVE UNCERTAINTY') ;
#3287=UNCERTAINTY_MEASURE_WITH_UNIT(LENGTH_MEASURE(0.005),#17,'distance_accuracy_value','CONFUSED CURVE UNCERTAINTY') ;
#3999=UNCERTAINTY_MEASURE_WITH_UNIT(LENGTH_MEASURE(0.005),#17,'distance_accuracy_value','CONFUSED CURVE UNCERTAINTY') ;
#4014=UNCERTAINTY_MEASURE_WITH_UNIT(LENGTH_MEASURE(0.005),#17,'distance_accuracy_value','CONFUSED CURVE UNCERTAINTY') ;
#4029=UNCERTAINTY_MEASURE_WITH_UNIT(LENGTH_MEASURE(0.005),#17,'distance_accuracy_value','CONFUSED CURVE UNCERTAINTY') ;
#4204=UNCERTAINTY_MEASURE_WITH_UNIT(LENGTH_MEASURE(0.005),#17,'distance_accuracy_value','CONFUSED CURVE UNCERTAINTY') ;
#4219=UNCERTAINTY_MEASURE_WITH_UNIT(LENGTH_MEASURE(0.005),#17,'distance_accuracy_value','CONFUSED CURVE UNCERTAINTY') ;
#4234=UNCERTAINTY_MEASURE_WITH_UNIT(LENGTH_MEASURE(0.005),#17,'distance_accuracy_value','CONFUSED CURVE UNCERTAINTY') ;
#5477=UNCERTAINTY_MEASURE_WITH_UNIT(LENGTH_MEASURE(0.005),#17,'distance_accuracy_value','CONFUSED CURVE UNCERTAINTY') ;
#5492=UNCERTAINTY_MEASURE_WITH_UNIT(LENGTH_MEASURE(0.005),#17,'distance_accuracy_value','CONFUSED CURVE UNCERTAINTY') ;
#5507=UNCERTAINTY_MEASURE_WITH_UNIT(LENGTH_MEASURE(0.005),#17,'distance_accuracy_value','CONFUSED CURVE UNCERTAINTY') ;
#7265=UNCERTAINTY_MEASURE_WITH_UNIT(LENGTH_MEASURE(0.005),#17,'distance_accuracy_value','CONFUSED CURVE UNCERTAINTY') ;
#7280=UNCERTAINTY_MEASURE_WITH_UNIT(LENGTH_MEASURE(0.005),#17,'distance_accuracy_value','CONFUSED CURVE UNCERTAINTY') ;
#7295=UNCERTAINTY_MEASURE_WITH_UNIT(LENGTH_MEASURE(0.005),#17,'distance_accuracy_value','CONFUSED CURVE UNCERTAINTY') ;
#7469=UNCERTAINTY_MEASURE_WITH_UNIT(LENGTH_MEASURE(0.005),#17,'distance_accuracy_value','CONFUSED CURVE UNCERTAINTY') ;
#7484=UNCERTAINTY_MEASURE_WITH_UNIT(LENGTH_MEASURE(0.005),#17,'distance_accuracy_value','CONFUSED CURVE UNCERTAINTY') ;
#7499=UNCERTAINTY_MEASURE_WITH_UNIT(LENGTH_MEASURE(0.005),#17,'distance_accuracy_value','CONFUSED CURVE UNCERTAINTY') ;
#7909=UNCERTAINTY_MEASURE_WITH_UNIT(LENGTH_MEASURE(0.005),#17,'distance_accuracy_value','CONFUSED CURVE UNCERTAINTY') ;
#7924=UNCERTAINTY_MEASURE_WITH_UNIT(LENGTH_MEASURE(0.005),#17,'distance_accuracy_value','CONFUSED CURVE UNCERTAINTY') ;
#7939=UNCERTAINTY_MEASURE_WITH_UNIT(LENGTH_MEASURE(0.005),#17,'distance_accuracy_value','CONFUSED CURVE UNCERTAINTY') ;
#10113=UNCERTAINTY_MEASURE_WITH_UNIT(LENGTH_MEASURE(0.005),#17,'distance_accuracy_value','CONFUSED CURVE UNCERTAINTY') ;
#10288=UNCERTAINTY_MEASURE_WITH_UNIT(LENGTH_MEASURE(0.005),#17,'distance_accuracy_value','CONFUSED CURVE UNCERTAINTY') ;
#11943=UNCERTAINTY_MEASURE_WITH_UNIT(LENGTH_MEASURE(0.005),#17,'distance_accuracy_value','CONFUSED CURVE UNCERTAINTY') ;
#13809=UNCERTAINTY_MEASURE_WITH_UNIT(LENGTH_MEASURE(0.005),#17,'distance_accuracy_value','CONFUSED CURVE UNCERTAINTY') ;
#14545=UNCERTAINTY_MEASURE_WITH_UNIT(LENGTH_MEASURE(0.005),#17,'distance_accuracy_value','CONFUSED CURVE UNCERTAINTY') ;
#14560=UNCERTAINTY_MEASURE_WITH_UNIT(LENGTH_MEASURE(0.005),#17,'distance_accuracy_value','CONFUSED CURVE UNCERTAINTY') ;
#14575=UNCERTAINTY_MEASURE_WITH_UNIT(LENGTH_MEASURE(0.005),#17,'distance_accuracy_value','CONFUSED CURVE UNCERTAINTY') ;
#14749=UNCERTAINTY_MEASURE_WITH_UNIT(LENGTH_MEASURE(0.005),#17,'distance_accuracy_value','CONFUSED CURVE UNCERTAINTY') ;
#14764=UNCERTAINTY_MEASURE_WITH_UNIT(LENGTH_MEASURE(0.005),#17,'distance_accuracy_value','CONFUSED CURVE UNCERTAINTY') ;
#14779=UNCERTAINTY_MEASURE_WITH_UNIT(LENGTH_MEASURE(0.005),#17,'distance_accuracy_value','CONFUSED CURVE UNCERTAINTY') ;
#15728=UNCERTAINTY_MEASURE_WITH_UNIT(LENGTH_MEASURE(0.005),#17,'distance_accuracy_value','CONFUSED CURVE UNCERTAINTY') ;
#15743=UNCERTAINTY_MEASURE_WITH_UNIT(LENGTH_MEASURE(0.005),#17,'distance_accuracy_value','CONFUSED CURVE UNCERTAINTY') ;
#15758=UNCERTAINTY_MEASURE_WITH_UNIT(LENGTH_MEASURE(0.005),#17,'distance_accuracy_value','CONFUSED CURVE UNCERTAINTY') ;
#4496=AXIS1_PLACEMENT('Revolution Surface Axis1P',#4494,#4495) ;
#4638=AXIS1_PLACEMENT('Revolution Surface Axis1P',#4636,#4637) ;
#3276=CONTEXT_DEPENDENT_SHAPE_REPRESENTATION(#3277,#3275) ;
#3988=CONTEXT_DEPENDENT_SHAPE_REPRESENTATION(#3989,#3987) ;
#4003=CONTEXT_DEPENDENT_SHAPE_REPRESENTATION(#4004,#4002) ;
#4018=CONTEXT_DEPENDENT_SHAPE_REPRESENTATION(#4019,#4017) ;
#4193=CONTEXT_DEPENDENT_SHAPE_REPRESENTATION(#4194,#4192) ;
#4208=CONTEXT_DEPENDENT_SHAPE_REPRESENTATION(#4209,#4207) ;
#4223=CONTEXT_DEPENDENT_SHAPE_REPRESENTATION(#4224,#4222) ;
#5466=CONTEXT_DEPENDENT_SHAPE_REPRESENTATION(#5467,#5465) ;
#5481=CONTEXT_DEPENDENT_SHAPE_REPRESENTATION(#5482,#5480) ;
#5496=CONTEXT_DEPENDENT_SHAPE_REPRESENTATION(#5497,#5495) ;
#7254=CONTEXT_DEPENDENT_SHAPE_REPRESENTATION(#7255,#7253) ;
#7269=CONTEXT_DEPENDENT_SHAPE_REPRESENTATION(#7270,#7268) ;
#7284=CONTEXT_DEPENDENT_SHAPE_REPRESENTATION(#7285,#7283) ;
#7458=CONTEXT_DEPENDENT_SHAPE_REPRESENTATION(#7459,#7457) ;
#7473=CONTEXT_DEPENDENT_SHAPE_REPRESENTATION(#7474,#7472) ;
#7488=CONTEXT_DEPENDENT_SHAPE_REPRESENTATION(#7489,#7487) ;
#7898=CONTEXT_DEPENDENT_SHAPE_REPRESENTATION(#7899,#7897) ;
#7913=CONTEXT_DEPENDENT_SHAPE_REPRESENTATION(#7914,#7912) ;
#7928=CONTEXT_DEPENDENT_SHAPE_REPRESENTATION(#7929,#7927) ;
#10102=CONTEXT_DEPENDENT_SHAPE_REPRESENTATION(#10103,#10101) ;
#10277=CONTEXT_DEPENDENT_SHAPE_REPRESENTATION(#10278,#10276) ;
#11932=CONTEXT_DEPENDENT_SHAPE_REPRESENTATION(#11933,#11931) ;
#13798=CONTEXT_DEPENDENT_SHAPE_REPRESENTATION(#13799,#13797) ;
#14534=CONTEXT_DEPENDENT_SHAPE_REPRESENTATION(#14535,#14533) ;
#14549=CONTEXT_DEPENDENT_SHAPE_REPRESENTATION(#14550,#14548) ;
#14564=CONTEXT_DEPENDENT_SHAPE_REPRESENTATION(#14565,#14563) ;
#14738=CONTEXT_DEPENDENT_SHAPE_REPRESENTATION(#14739,#14737) ;
#14753=CONTEXT_DEPENDENT_SHAPE_REPRESENTATION(#14754,#14752) ;
#14768=CONTEXT_DEPENDENT_SHAPE_REPRESENTATION(#14769,#14767) ;
#15717=CONTEXT_DEPENDENT_SHAPE_REPRESENTATION(#15718,#15716) ;
#15732=CONTEXT_DEPENDENT_SHAPE_REPRESENTATION(#15733,#15731) ;
#15747=CONTEXT_DEPENDENT_SHAPE_REPRESENTATION(#15748,#15746) ;
#16444=CONTEXT_DEPENDENT_SHAPE_REPRESENTATION(#16445,#16443) ;
#3273=SHAPE_REPRESENTATION_RELATIONSHIP(' ',' ',#25,#3272) ;
#3985=SHAPE_REPRESENTATION_RELATIONSHIP(' ',' ',#3289,#3984) ;
#4190=SHAPE_REPRESENTATION_RELATIONSHIP(' ',' ',#4031,#4189) ;
#5463=SHAPE_REPRESENTATION_RELATIONSHIP(' ',' ',#4236,#5462) ;
#7251=SHAPE_REPRESENTATION_RELATIONSHIP(' ',' ',#5509,#7250) ;
#7455=SHAPE_REPRESENTATION_RELATIONSHIP(' ',' ',#7297,#7454) ;
#7895=SHAPE_REPRESENTATION_RELATIONSHIP(' ',' ',#7501,#7894) ;
#10099=SHAPE_REPRESENTATION_RELATIONSHIP(' ',' ',#7941,#10098) ;
#10274=SHAPE_REPRESENTATION_RELATIONSHIP(' ',' ',#10115,#10273) ;
#11929=SHAPE_REPRESENTATION_RELATIONSHIP(' ',' ',#10290,#11928) ;
#13795=SHAPE_REPRESENTATION_RELATIONSHIP(' ',' ',#11945,#13794) ;
#14531=SHAPE_REPRESENTATION_RELATIONSHIP(' ',' ',#13811,#14530) ;
#14735=SHAPE_REPRESENTATION_RELATIONSHIP(' ',' ',#14577,#14734) ;
#15714=SHAPE_REPRESENTATION_RELATIONSHIP(' ',' ',#14781,#15713) ;
#16441=SHAPE_REPRESENTATION_RELATIONSHIP(' ',' ',#15760,#16440) ;
#75=ORIENTED_EDGE('',*,*,#54,.F.) ;
#76=ORIENTED_EDGE('',*,*,#61,.T.) ;
#77=ORIENTED_EDGE('',*,*,#68,.F.) ;
#78=ORIENTED_EDGE('',*,*,#73,.F.) ;
#136=ORIENTED_EDGE('',*,*,#61,.F.) ;
#137=ORIENTED_EDGE('',*,*,#92,.T.) ;
#138=ORIENTED_EDGE('',*,*,#102,.T.) ;
#139=ORIENTED_EDGE('',*,*,#109,.T.) ;
#140=ORIENTED_EDGE('',*,*,#122,.F.) ;
#141=ORIENTED_EDGE('',*,*,#129,.F.) ;
#142=ORIENTED_EDGE('',*,*,#134,.F.) ;
#159=ORIENTED_EDGE('',*,*,#152,.T.) ;
#160=ORIENTED_EDGE('',*,*,#157,.T.) ;
#207=ORIENTED_EDGE('',*,*,#174,.F.) ;
#208=ORIENTED_EDGE('',*,*,#109,.F.) ;
#209=ORIENTED_EDGE('',*,*,#187,.F.) ;
#210=ORIENTED_EDGE('',*,*,#200,.T.) ;
#211=ORIENTED_EDGE('',*,*,#205,.F.) ;
#328=ORIENTED_EDGE('',*,*,#228,.T.) ;
#329=ORIENTED_EDGE('',*,*,#237,.F.) ;
#330=ORIENTED_EDGE('',*,*,#245,.F.) ;
#331=ORIENTED_EDGE('',*,*,#252,.T.) ;
#332=ORIENTED_EDGE('',*,*,#260,.T.) ;
#333=ORIENTED_EDGE('',*,*,#270,.T.) ;
#334=ORIENTED_EDGE('',*,*,#278,.F.) ;
#335=ORIENTED_EDGE('',*,*,#285,.T.) ;
#336=ORIENTED_EDGE('',*,*,#293,.T.) ;
#337=ORIENTED_EDGE('',*,*,#302,.F.) ;
#338=ORIENTED_EDGE('',*,*,#309,.F.) ;
#339=ORIENTED_EDGE('',*,*,#316,.F.) ;
#340=ORIENTED_EDGE('',*,*,#321,.T.) ;
#341=ORIENTED_EDGE('',*,*,#187,.T.) ;
#342=ORIENTED_EDGE('',*,*,#102,.F.) ;
#343=ORIENTED_EDGE('',*,*,#326,.T.) ;
#371=ORIENTED_EDGE('',*,*,#357,.F.) ;
#372=ORIENTED_EDGE('',*,*,#157,.F.) ;
#373=ORIENTED_EDGE('',*,*,#364,.T.) ;
#374=ORIENTED_EDGE('',*,*,#369,.T.) ;
#383=ORIENTED_EDGE('',*,*,#364,.F.) ;
#384=ORIENTED_EDGE('',*,*,#152,.F.) ;
#385=ORIENTED_EDGE('',*,*,#357,.T.) ;
#386=ORIENTED_EDGE('',*,*,#381,.T.) ;
#490=ORIENTED_EDGE('',*,*,#398,.T.) ;
#491=ORIENTED_EDGE('',*,*,#407,.T.) ;
#492=ORIENTED_EDGE('',*,*,#415,.F.) ;
#493=ORIENTED_EDGE('',*,*,#422,.T.) ;
#494=ORIENTED_EDGE('',*,*,#428,.T.) ;
#495=ORIENTED_EDGE('',*,*,#200,.F.) ;
#496=ORIENTED_EDGE('',*,*,#321,.F.) ;
#497=ORIENTED_EDGE('',*,*,#433,.F.) ;
#498=ORIENTED_EDGE('',*,*,#309,.T.) ;
#499=ORIENTED_EDGE('',*,*,#442,.T.) ;
#500=ORIENTED_EDGE('',*,*,#450,.F.) ;
#501=ORIENTED_EDGE('',*,*,#457,.T.) ;
#502=ORIENTED_EDGE('',*,*,#465,.T.) ;
#503=ORIENTED_EDGE('',*,*,#475,.T.) ;
#504=ORIENTED_EDGE('',*,*,#483,.F.) ;
#505=ORIENTED_EDGE('',*,*,#488,.T.) ;
#526=ORIENTED_EDGE('',*,*,#519,.T.) ;
#527=ORIENTED_EDGE('',*,*,#326,.F.) ;
#528=ORIENTED_EDGE('',*,*,#524,.T.) ;
#551=ORIENTED_EDGE('',*,*,#539,.F.) ;
#552=ORIENTED_EDGE('',*,*,#544,.F.) ;
#553=ORIENTED_EDGE('',*,*,#270,.F.) ;
#554=ORIENTED_EDGE('',*,*,#549,.F.) ;
#602=ORIENTED_EDGE('',*,*,#570,.F.) ;
#603=ORIENTED_EDGE('',*,*,#577,.T.) ;
#604=ORIENTED_EDGE('',*,*,#588,.T.) ;
#605=ORIENTED_EDGE('',*,*,#549,.T.) ;
#606=ORIENTED_EDGE('',*,*,#260,.F.) ;
#607=ORIENTED_EDGE('',*,*,#595,.F.) ;
#608=ORIENTED_EDGE('',*,*,#600,.T.) ;
#625=ORIENTED_EDGE('',*,*,#618,.F.) ;
#626=ORIENTED_EDGE('',*,*,#623,.F.) ;
#642=ORIENTED_EDGE('',*,*,#252,.F.) ;
#643=ORIENTED_EDGE('',*,*,#635,.F.) ;
#644=ORIENTED_EDGE('',*,*,#640,.T.) ;
#667=ORIENTED_EDGE('',*,*,#655,.F.) ;
#668=ORIENTED_EDGE('',*,*,#660,.F.) ;
#669=ORIENTED_EDGE('',*,*,#475,.F.) ;
#670=ORIENTED_EDGE('',*,*,#665,.F.) ;
#735=ORIENTED_EDGE('',*,*,#407,.F.) ;
#736=ORIENTED_EDGE('',*,*,#679,.F.) ;
#737=ORIENTED_EDGE('',*,*,#686,.F.) ;
#738=ORIENTED_EDGE('',*,*,#693,.F.) ;
#739=ORIENTED_EDGE('',*,*,#700,.F.) ;
#740=ORIENTED_EDGE('',*,*,#707,.F.) ;
#741=ORIENTED_EDGE('',*,*,#714,.F.) ;
#742=ORIENTED_EDGE('',*,*,#721,.F.) ;
#743=ORIENTED_EDGE('',*,*,#728,.F.) ;
#744=ORIENTED_EDGE('',*,*,#733,.F.) ;
#781=ORIENTED_EDGE('',*,*,#760,.T.) ;
#782=ORIENTED_EDGE('',*,*,#767,.F.) ;
#783=ORIENTED_EDGE('',*,*,#774,.F.) ;
#784=ORIENTED_EDGE('',*,*,#779,.T.) ;
#815=ORIENTED_EDGE('',*,*,#801,.T.) ;
#816=ORIENTED_EDGE('',*,*,#577,.F.) ;
#817=ORIENTED_EDGE('',*,*,#808,.F.) ;
#818=ORIENTED_EDGE('',*,*,#813,.T.) ;
#841=ORIENTED_EDGE('',*,*,#827,.F.) ;
#842=ORIENTED_EDGE('',*,*,#834,.T.) ;
#843=ORIENTED_EDGE('',*,*,#839,.F.) ;
#844=ORIENTED_EDGE('',*,*,#600,.F.) ;
#884=ORIENTED_EDGE('',*,*,#863,.T.) ;
#885=ORIENTED_EDGE('',*,*,#870,.F.) ;
#886=ORIENTED_EDGE('',*,*,#877,.F.) ;
#887=ORIENTED_EDGE('',*,*,#882,.T.) ;
#924=ORIENTED_EDGE('',*,*,#903,.T.) ;
#925=ORIENTED_EDGE('',*,*,#910,.T.) ;
#926=ORIENTED_EDGE('',*,*,#917,.F.) ;
#927=ORIENTED_EDGE('',*,*,#922,.F.) ;
#941=ORIENTED_EDGE('',*,*,#917,.T.) ;
#942=ORIENTED_EDGE('',*,*,#934,.T.) ;
#943=ORIENTED_EDGE('',*,*,#903,.F.) ;
#944=ORIENTED_EDGE('',*,*,#939,.F.) ;
#972=ORIENTED_EDGE('',*,*,#958,.T.) ;
#973=ORIENTED_EDGE('',*,*,#779,.F.) ;
#974=ORIENTED_EDGE('',*,*,#965,.F.) ;
#975=ORIENTED_EDGE('',*,*,#970,.T.) ;
#997=ORIENTED_EDGE('',*,*,#813,.F.) ;
#998=ORIENTED_EDGE('',*,*,#989,.F.) ;
#999=ORIENTED_EDGE('',*,*,#995,.F.) ;
#1021=ORIENTED_EDGE('',*,*,#1014,.T.) ;
#1022=ORIENTED_EDGE('',*,*,#882,.F.) ;
#1023=ORIENTED_EDGE('',*,*,#1019,.F.) ;
#1051=ORIENTED_EDGE('',*,*,#1037,.T.) ;
#1052=ORIENTED_EDGE('',*,*,#970,.F.) ;
#1053=ORIENTED_EDGE('',*,*,#1044,.F.) ;
#1054=ORIENTED_EDGE('',*,*,#1049,.T.) ;
#1082=ORIENTED_EDGE('',*,*,#1068,.T.) ;
#1083=ORIENTED_EDGE('',*,*,#1049,.F.) ;
#1084=ORIENTED_EDGE('',*,*,#1075,.F.) ;
#1085=ORIENTED_EDGE('',*,*,#1080,.T.) ;
#1113=ORIENTED_EDGE('',*,*,#1099,.T.) ;
#1114=ORIENTED_EDGE('',*,*,#1080,.F.) ;
#1115=ORIENTED_EDGE('',*,*,#1106,.F.) ;
#1116=ORIENTED_EDGE('',*,*,#1111,.T.) ;
#1144=ORIENTED_EDGE('',*,*,#1130,.T.) ;
#1145=ORIENTED_EDGE('',*,*,#1111,.F.) ;
#1146=ORIENTED_EDGE('',*,*,#1137,.F.) ;
#1147=ORIENTED_EDGE('',*,*,#1142,.T.) ;
#1175=ORIENTED_EDGE('',*,*,#1161,.T.) ;
#1176=ORIENTED_EDGE('',*,*,#1142,.F.) ;
#1177=ORIENTED_EDGE('',*,*,#1168,.F.) ;
#1178=ORIENTED_EDGE('',*,*,#1173,.T.) ;
#1215=ORIENTED_EDGE('',*,*,#1194,.T.) ;
#1216=ORIENTED_EDGE('',*,*,#1201,.F.) ;
#1217=ORIENTED_EDGE('',*,*,#1208,.F.) ;
#1218=ORIENTED_EDGE('',*,*,#1213,.T.) ;
#1246=ORIENTED_EDGE('',*,*,#1232,.T.) ;
#1247=ORIENTED_EDGE('',*,*,#1213,.F.) ;
#1248=ORIENTED_EDGE('',*,*,#1239,.F.) ;
#1249=ORIENTED_EDGE('',*,*,#1244,.T.) ;
#1277=ORIENTED_EDGE('',*,*,#1263,.T.) ;
#1278=ORIENTED_EDGE('',*,*,#1244,.F.) ;
#1279=ORIENTED_EDGE('',*,*,#1270,.F.) ;
#1280=ORIENTED_EDGE('',*,*,#1275,.T.) ;
#1303=ORIENTED_EDGE('',*,*,#1289,.T.) ;
#1304=ORIENTED_EDGE('',*,*,#1275,.F.) ;
#1305=ORIENTED_EDGE('',*,*,#1296,.F.) ;
#1306=ORIENTED_EDGE('',*,*,#1301,.T.) ;
#1334=ORIENTED_EDGE('',*,*,#1320,.T.) ;
#1335=ORIENTED_EDGE('',*,*,#1301,.F.) ;
#1336=ORIENTED_EDGE('',*,*,#1327,.F.) ;
#1337=ORIENTED_EDGE('',*,*,#1332,.T.) ;
#1365=ORIENTED_EDGE('',*,*,#1351,.T.) ;
#1366=ORIENTED_EDGE('',*,*,#1332,.F.) ;
#1367=ORIENTED_EDGE('',*,*,#1358,.F.) ;
#1368=ORIENTED_EDGE('',*,*,#1363,.T.) ;
#1396=ORIENTED_EDGE('',*,*,#1382,.T.) ;
#1397=ORIENTED_EDGE('',*,*,#1363,.F.) ;
#1398=ORIENTED_EDGE('',*,*,#1389,.F.) ;
#1399=ORIENTED_EDGE('',*,*,#1394,.T.) ;
#1423=ORIENTED_EDGE('',*,*,#1408,.F.) ;
#1424=ORIENTED_EDGE('',*,*,#1415,.T.) ;
#1425=ORIENTED_EDGE('',*,*,#1421,.F.) ;
#1449=ORIENTED_EDGE('',*,*,#1435,.T.) ;
#1450=ORIENTED_EDGE('',*,*,#1442,.F.) ;
#1451=ORIENTED_EDGE('',*,*,#1447,.T.) ;
#1488=ORIENTED_EDGE('',*,*,#1467,.F.) ;
#1489=ORIENTED_EDGE('',*,*,#1474,.T.) ;
#1490=ORIENTED_EDGE('',*,*,#1481,.T.) ;
#1491=ORIENTED_EDGE('',*,*,#1486,.F.) ;
#1505=ORIENTED_EDGE('',*,*,#1498,.F.) ;
#1506=ORIENTED_EDGE('',*,*,#1486,.T.) ;
#1507=ORIENTED_EDGE('',*,*,#1503,.T.) ;
#1508=ORIENTED_EDGE('',*,*,#1474,.F.) ;
#1531=ORIENTED_EDGE('',*,*,#1524,.T.) ;
#1532=ORIENTED_EDGE('',*,*,#1529,.T.) ;
#1535=ORIENTED_EDGE('',*,*,#1481,.F.) ;
#1536=ORIENTED_EDGE('',*,*,#1503,.F.) ;
#1564=ORIENTED_EDGE('',*,*,#1524,.F.) ;
#1565=ORIENTED_EDGE('',*,*,#1550,.T.) ;
#1566=ORIENTED_EDGE('',*,*,#1557,.T.) ;
#1567=ORIENTED_EDGE('',*,*,#1562,.F.) ;
#1576=ORIENTED_EDGE('',*,*,#1529,.F.) ;
#1577=ORIENTED_EDGE('',*,*,#1562,.T.) ;
#1578=ORIENTED_EDGE('',*,*,#1574,.T.) ;
#1579=ORIENTED_EDGE('',*,*,#1550,.F.) ;
#1602=ORIENTED_EDGE('',*,*,#1595,.T.) ;
#1603=ORIENTED_EDGE('',*,*,#1600,.T.) ;
#1606=ORIENTED_EDGE('',*,*,#1574,.F.) ;
#1607=ORIENTED_EDGE('',*,*,#1557,.F.) ;
#1635=ORIENTED_EDGE('',*,*,#1595,.F.) ;
#1636=ORIENTED_EDGE('',*,*,#1621,.T.) ;
#1637=ORIENTED_EDGE('',*,*,#1628,.T.) ;
#1638=ORIENTED_EDGE('',*,*,#1633,.F.) ;
#1647=ORIENTED_EDGE('',*,*,#1600,.F.) ;
#1648=ORIENTED_EDGE('',*,*,#1633,.T.) ;
#1649=ORIENTED_EDGE('',*,*,#1645,.T.) ;
#1650=ORIENTED_EDGE('',*,*,#1621,.F.) ;
#1673=ORIENTED_EDGE('',*,*,#1666,.T.) ;
#1674=ORIENTED_EDGE('',*,*,#1671,.T.) ;
#1691=ORIENTED_EDGE('',*,*,#1684,.F.) ;
#1692=ORIENTED_EDGE('',*,*,#1689,.F.) ;
#1709=ORIENTED_EDGE('',*,*,#1702,.F.) ;
#1710=ORIENTED_EDGE('',*,*,#1707,.F.) ;
#1713=ORIENTED_EDGE('',*,*,#1645,.F.) ;
#1714=ORIENTED_EDGE('',*,*,#1628,.F.) ;
#1742=ORIENTED_EDGE('',*,*,#1666,.F.) ;
#1743=ORIENTED_EDGE('',*,*,#1728,.T.) ;
#1744=ORIENTED_EDGE('',*,*,#1735,.T.) ;
#1745=ORIENTED_EDGE('',*,*,#1740,.F.) ;
#1754=ORIENTED_EDGE('',*,*,#1671,.F.) ;
#1755=ORIENTED_EDGE('',*,*,#1740,.T.) ;
#1756=ORIENTED_EDGE('',*,*,#1752,.T.) ;
#1757=ORIENTED_EDGE('',*,*,#1728,.F.) ;
#1780=ORIENTED_EDGE('',*,*,#1773,.T.) ;
#1781=ORIENTED_EDGE('',*,*,#1778,.T.) ;
#1784=ORIENTED_EDGE('',*,*,#1752,.F.) ;
#1785=ORIENTED_EDGE('',*,*,#1735,.F.) ;
#1808=ORIENTED_EDGE('',*,*,#1801,.F.) ;
#1809=ORIENTED_EDGE('',*,*,#1806,.F.) ;
#1827=ORIENTED_EDGE('',*,*,#1820,.F.) ;
#1828=ORIENTED_EDGE('',*,*,#1825,.F.) ;
#1847=ORIENTED_EDGE('',*,*,#1707,.T.) ;
#1848=ORIENTED_EDGE('',*,*,#1840,.F.) ;
#1849=ORIENTED_EDGE('',*,*,#1820,.T.) ;
#1850=ORIENTED_EDGE('',*,*,#1845,.T.) ;
#1854=ORIENTED_EDGE('',*,*,#1702,.T.) ;
#1855=ORIENTED_EDGE('',*,*,#1845,.F.) ;
#1856=ORIENTED_EDGE('',*,*,#1825,.T.) ;
#1857=ORIENTED_EDGE('',*,*,#1840,.T.) ;
#1876=ORIENTED_EDGE('',*,*,#1689,.T.) ;
#1877=ORIENTED_EDGE('',*,*,#1869,.F.) ;
#1878=ORIENTED_EDGE('',*,*,#1806,.T.) ;
#1879=ORIENTED_EDGE('',*,*,#1874,.T.) ;
#1883=ORIENTED_EDGE('',*,*,#1684,.T.) ;
#1884=ORIENTED_EDGE('',*,*,#1874,.F.) ;
#1885=ORIENTED_EDGE('',*,*,#1801,.T.) ;
#1886=ORIENTED_EDGE('',*,*,#1869,.T.) ;
#1914=ORIENTED_EDGE('',*,*,#1773,.F.) ;
#1915=ORIENTED_EDGE('',*,*,#1900,.T.) ;
#1916=ORIENTED_EDGE('',*,*,#1907,.T.) ;
#1917=ORIENTED_EDGE('',*,*,#1912,.F.) ;
#1948=ORIENTED_EDGE('',*,*,#1934,.F.) ;
#1949=ORIENTED_EDGE('',*,*,#1447,.F.) ;
#1950=ORIENTED_EDGE('',*,*,#1941,.F.) ;
#1951=ORIENTED_EDGE('',*,*,#1946,.T.) ;
#1982=ORIENTED_EDGE('',*,*,#1968,.F.) ;
#1983=ORIENTED_EDGE('',*,*,#1415,.F.) ;
#1984=ORIENTED_EDGE('',*,*,#1975,.F.) ;
#1985=ORIENTED_EDGE('',*,*,#1980,.T.) ;
#1994=ORIENTED_EDGE('',*,*,#1778,.F.) ;
#1995=ORIENTED_EDGE('',*,*,#1912,.T.) ;
#1996=ORIENTED_EDGE('',*,*,#1992,.T.) ;
#1997=ORIENTED_EDGE('',*,*,#1900,.F.) ;
#2034=ORIENTED_EDGE('',*,*,#2013,.T.) ;
#2035=ORIENTED_EDGE('',*,*,#2020,.F.) ;
#2036=ORIENTED_EDGE('',*,*,#2027,.F.) ;
#2037=ORIENTED_EDGE('',*,*,#2032,.T.) ;
#2051=ORIENTED_EDGE('',*,*,#2027,.T.) ;
#2052=ORIENTED_EDGE('',*,*,#2044,.F.) ;
#2053=ORIENTED_EDGE('',*,*,#2013,.F.) ;
#2054=ORIENTED_EDGE('',*,*,#2049,.T.) ;
#2085=ORIENTED_EDGE('',*,*,#2071,.T.) ;
#2086=ORIENTED_EDGE('',*,*,#2078,.F.) ;
#2087=ORIENTED_EDGE('',*,*,#2083,.F.) ;
#2118=ORIENTED_EDGE('',*,*,#2104,.T.) ;
#2119=ORIENTED_EDGE('',*,*,#2111,.F.) ;
#2120=ORIENTED_EDGE('',*,*,#2116,.F.) ;
#2121=ORIENTED_EDGE('',*,*,#2078,.T.) ;
#2145=ORIENTED_EDGE('',*,*,#2131,.T.) ;
#2146=ORIENTED_EDGE('',*,*,#2138,.F.) ;
#2147=ORIENTED_EDGE('',*,*,#2143,.T.) ;
#2184=ORIENTED_EDGE('',*,*,#2163,.F.) ;
#2185=ORIENTED_EDGE('',*,*,#2170,.F.) ;
#2186=ORIENTED_EDGE('',*,*,#2177,.T.) ;
#2187=ORIENTED_EDGE('',*,*,#2182,.T.) ;
#2201=ORIENTED_EDGE('',*,*,#2177,.F.) ;
#2202=ORIENTED_EDGE('',*,*,#2194,.F.) ;
#2203=ORIENTED_EDGE('',*,*,#2163,.T.) ;
#2204=ORIENTED_EDGE('',*,*,#2199,.T.) ;
#2232=ORIENTED_EDGE('',*,*,#686,.T.) ;
#2233=ORIENTED_EDGE('',*,*,#2218,.F.) ;
#2234=ORIENTED_EDGE('',*,*,#2225,.F.) ;
#2235=ORIENTED_EDGE('',*,*,#2230,.T.) ;
#2256=ORIENTED_EDGE('',*,*,#693,.T.) ;
#2257=ORIENTED_EDGE('',*,*,#2230,.F.) ;
#2258=ORIENTED_EDGE('',*,*,#2249,.F.) ;
#2259=ORIENTED_EDGE('',*,*,#2254,.T.) ;
#2280=ORIENTED_EDGE('',*,*,#700,.T.) ;
#2281=ORIENTED_EDGE('',*,*,#2254,.F.) ;
#2282=ORIENTED_EDGE('',*,*,#2273,.F.) ;
#2283=ORIENTED_EDGE('',*,*,#2278,.T.) ;
#2299=ORIENTED_EDGE('',*,*,#707,.T.) ;
#2300=ORIENTED_EDGE('',*,*,#2278,.F.) ;
#2301=ORIENTED_EDGE('',*,*,#2292,.F.) ;
#2302=ORIENTED_EDGE('',*,*,#2297,.T.) ;
#2323=ORIENTED_EDGE('',*,*,#714,.T.) ;
#2324=ORIENTED_EDGE('',*,*,#2297,.F.) ;
#2325=ORIENTED_EDGE('',*,*,#2316,.F.) ;
#2326=ORIENTED_EDGE('',*,*,#2321,.T.) ;
#2347=ORIENTED_EDGE('',*,*,#721,.T.) ;
#2348=ORIENTED_EDGE('',*,*,#2321,.F.) ;
#2349=ORIENTED_EDGE('',*,*,#2340,.F.) ;
#2350=ORIENTED_EDGE('',*,*,#2345,.T.) ;
#2371=ORIENTED_EDGE('',*,*,#728,.T.) ;
#2372=ORIENTED_EDGE('',*,*,#2345,.F.) ;
#2373=ORIENTED_EDGE('',*,*,#2364,.F.) ;
#2374=ORIENTED_EDGE('',*,*,#2369,.T.) ;
#2399=ORIENTED_EDGE('',*,*,#1435,.F.) ;
#2400=ORIENTED_EDGE('',*,*,#1934,.T.) ;
#2401=ORIENTED_EDGE('',*,*,#2389,.T.) ;
#2402=ORIENTED_EDGE('',*,*,#655,.T.) ;
#2403=ORIENTED_EDGE('',*,*,#2397,.F.) ;
#2404=ORIENTED_EDGE('',*,*,#863,.F.) ;
#2405=ORIENTED_EDGE('',*,*,#1014,.F.) ;
#2428=ORIENTED_EDGE('',*,*,#623,.T.) ;
#2429=ORIENTED_EDGE('',*,*,#2414,.T.) ;
#2430=ORIENTED_EDGE('',*,*,#2421,.F.) ;
#2431=ORIENTED_EDGE('',*,*,#2426,.F.) ;
#2440=ORIENTED_EDGE('',*,*,#618,.T.) ;
#2441=ORIENTED_EDGE('',*,*,#2426,.T.) ;
#2442=ORIENTED_EDGE('',*,*,#2438,.F.) ;
#2443=ORIENTED_EDGE('',*,*,#2414,.F.) ;
#2457=ORIENTED_EDGE('',*,*,#827,.T.) ;
#2458=ORIENTED_EDGE('',*,*,#595,.T.) ;
#2459=ORIENTED_EDGE('',*,*,#640,.F.) ;
#2460=ORIENTED_EDGE('',*,*,#2455,.F.) ;
#2472=ORIENTED_EDGE('',*,*,#539,.T.) ;
#2473=ORIENTED_EDGE('',*,*,#588,.F.) ;
#2474=ORIENTED_EDGE('',*,*,#801,.F.) ;
#2475=ORIENTED_EDGE('',*,*,#995,.T.) ;
#2476=ORIENTED_EDGE('',*,*,#1421,.T.) ;
#2477=ORIENTED_EDGE('',*,*,#1968,.T.) ;
#2478=ORIENTED_EDGE('',*,*,#2470,.T.) ;
#2515=ORIENTED_EDGE('',*,*,#2494,.F.) ;
#2516=ORIENTED_EDGE('',*,*,#2501,.F.) ;
#2517=ORIENTED_EDGE('',*,*,#2508,.T.) ;
#2518=ORIENTED_EDGE('',*,*,#2513,.T.) ;
#2532=ORIENTED_EDGE('',*,*,#2508,.F.) ;
#2533=ORIENTED_EDGE('',*,*,#2525,.F.) ;
#2534=ORIENTED_EDGE('',*,*,#2494,.T.) ;
#2535=ORIENTED_EDGE('',*,*,#2530,.T.) ;
#2554=ORIENTED_EDGE('',*,*,#1907,.F.) ;
#2555=ORIENTED_EDGE('',*,*,#2547,.T.) ;
#2556=ORIENTED_EDGE('',*,*,#433,.T.) ;
#2557=ORIENTED_EDGE('',*,*,#2552,.F.) ;
#2571=ORIENTED_EDGE('',*,*,#237,.T.) ;
#2572=ORIENTED_EDGE('',*,*,#2564,.F.) ;
#2573=ORIENTED_EDGE('',*,*,#1194,.F.) ;
#2574=ORIENTED_EDGE('',*,*,#1232,.F.) ;
#2575=ORIENTED_EDGE('',*,*,#1263,.F.) ;
#2576=ORIENTED_EDGE('',*,*,#1289,.F.) ;
#2577=ORIENTED_EDGE('',*,*,#1320,.F.) ;
#2578=ORIENTED_EDGE('',*,*,#1351,.F.) ;
#2579=ORIENTED_EDGE('',*,*,#1382,.F.) ;
#2580=ORIENTED_EDGE('',*,*,#2569,.F.) ;
#2594=ORIENTED_EDGE('',*,*,#245,.T.) ;
#2595=ORIENTED_EDGE('',*,*,#2569,.T.) ;
#2596=ORIENTED_EDGE('',*,*,#1394,.F.) ;
#2597=ORIENTED_EDGE('',*,*,#2592,.F.) ;
#2598=ORIENTED_EDGE('',*,*,#834,.F.) ;
#2599=ORIENTED_EDGE('',*,*,#2455,.T.) ;
#2600=ORIENTED_EDGE('',*,*,#635,.T.) ;
#2603=ORIENTED_EDGE('',*,*,#2421,.T.) ;
#2604=ORIENTED_EDGE('',*,*,#2438,.T.) ;
#2618=ORIENTED_EDGE('',*,*,#442,.F.) ;
#2619=ORIENTED_EDGE('',*,*,#302,.T.) ;
#2620=ORIENTED_EDGE('',*,*,#2611,.F.) ;
#2621=ORIENTED_EDGE('',*,*,#760,.F.) ;
#2622=ORIENTED_EDGE('',*,*,#958,.F.) ;
#2623=ORIENTED_EDGE('',*,*,#1037,.F.) ;
#2624=ORIENTED_EDGE('',*,*,#1068,.F.) ;
#2625=ORIENTED_EDGE('',*,*,#1099,.F.) ;
#2626=ORIENTED_EDGE('',*,*,#1130,.F.) ;
#2627=ORIENTED_EDGE('',*,*,#1161,.F.) ;
#2628=ORIENTED_EDGE('',*,*,#2616,.F.) ;
#2632=ORIENTED_EDGE('',*,*,#1992,.F.) ;
#2633=ORIENTED_EDGE('',*,*,#2552,.T.) ;
#2634=ORIENTED_EDGE('',*,*,#316,.T.) ;
#2635=ORIENTED_EDGE('',*,*,#2547,.F.) ;
#2655=ORIENTED_EDGE('',*,*,#2131,.F.) ;
#2656=ORIENTED_EDGE('',*,*,#2645,.T.) ;
#2657=ORIENTED_EDGE('',*,*,#122,.T.) ;
#2658=ORIENTED_EDGE('',*,*,#174,.T.) ;
#2659=ORIENTED_EDGE('',*,*,#2653,.F.) ;
#2660=ORIENTED_EDGE('',*,*,#2104,.F.) ;
#2661=ORIENTED_EDGE('',*,*,#2071,.F.) ;
#2675=ORIENTED_EDGE('',*,*,#2645,.F.) ;
#2676=ORIENTED_EDGE('',*,*,#2143,.F.) ;
#2677=ORIENTED_EDGE('',*,*,#2673,.F.) ;
#2678=ORIENTED_EDGE('',*,*,#129,.T.) ;
#2697=ORIENTED_EDGE('',*,*,#519,.F.) ;
#2698=ORIENTED_EDGE('',*,*,#2690,.F.) ;
#2699=ORIENTED_EDGE('',*,*,#73,.T.) ;
#2700=ORIENTED_EDGE('',*,*,#2695,.F.) ;
#2701=ORIENTED_EDGE('',*,*,#1201,.T.) ;
#2702=ORIENTED_EDGE('',*,*,#2564,.T.) ;
#2703=ORIENTED_EDGE('',*,*,#228,.F.) ;
#2706=ORIENTED_EDGE('',*,*,#369,.F.) ;
#2707=ORIENTED_EDGE('',*,*,#381,.F.) ;
#2711=ORIENTED_EDGE('',*,*,#524,.F.) ;
#2712=ORIENTED_EDGE('',*,*,#92,.F.) ;
#2713=ORIENTED_EDGE('',*,*,#54,.T.) ;
#2714=ORIENTED_EDGE('',*,*,#2690,.T.) ;
#2799=ORIENTED_EDGE('',*,*,#2730,.T.) ;
#2800=ORIENTED_EDGE('',*,*,#2735,.T.) ;
#2801=ORIENTED_EDGE('',*,*,#1975,.T.) ;
#2802=ORIENTED_EDGE('',*,*,#1408,.T.) ;
#2803=ORIENTED_EDGE('',*,*,#989,.T.) ;
#2804=ORIENTED_EDGE('',*,*,#808,.T.) ;
#2805=ORIENTED_EDGE('',*,*,#570,.T.) ;
#2806=ORIENTED_EDGE('',*,*,#839,.T.) ;
#2807=ORIENTED_EDGE('',*,*,#2592,.T.) ;
#2808=ORIENTED_EDGE('',*,*,#1389,.T.) ;
#2809=ORIENTED_EDGE('',*,*,#1358,.T.) ;
#2810=ORIENTED_EDGE('',*,*,#1327,.T.) ;
#2811=ORIENTED_EDGE('',*,*,#1296,.T.) ;
#2812=ORIENTED_EDGE('',*,*,#1270,.T.) ;
#2813=ORIENTED_EDGE('',*,*,#1239,.T.) ;
#2814=ORIENTED_EDGE('',*,*,#1208,.T.) ;
#2815=ORIENTED_EDGE('',*,*,#2695,.T.) ;
#2816=ORIENTED_EDGE('',*,*,#68,.T.) ;
#2817=ORIENTED_EDGE('',*,*,#134,.T.) ;
#2818=ORIENTED_EDGE('',*,*,#2673,.T.) ;
#2819=ORIENTED_EDGE('',*,*,#2138,.T.) ;
#2820=ORIENTED_EDGE('',*,*,#2083,.T.) ;
#2821=ORIENTED_EDGE('',*,*,#2116,.T.) ;
#2822=ORIENTED_EDGE('',*,*,#2742,.T.) ;
#2823=ORIENTED_EDGE('',*,*,#2749,.T.) ;
#2824=ORIENTED_EDGE('',*,*,#2754,.T.) ;
#2825=ORIENTED_EDGE('',*,*,#2364,.T.) ;
#2826=ORIENTED_EDGE('',*,*,#2340,.T.) ;
#2827=ORIENTED_EDGE('',*,*,#2316,.T.) ;
#2828=ORIENTED_EDGE('',*,*,#2292,.T.) ;
#2829=ORIENTED_EDGE('',*,*,#2273,.T.) ;
#2830=ORIENTED_EDGE('',*,*,#2249,.T.) ;
#2831=ORIENTED_EDGE('',*,*,#2225,.T.) ;
#2832=ORIENTED_EDGE('',*,*,#2761,.T.) ;
#2833=ORIENTED_EDGE('',*,*,#2768,.T.) ;
#2834=ORIENTED_EDGE('',*,*,#2773,.T.) ;
#2835=ORIENTED_EDGE('',*,*,#1941,.T.) ;
#2836=ORIENTED_EDGE('',*,*,#1442,.T.) ;
#2837=ORIENTED_EDGE('',*,*,#1019,.T.) ;
#2838=ORIENTED_EDGE('',*,*,#877,.T.) ;
#2839=ORIENTED_EDGE('',*,*,#2780,.T.) ;
#2840=ORIENTED_EDGE('',*,*,#2787,.T.) ;
#2841=ORIENTED_EDGE('',*,*,#2792,.T.) ;
#2842=ORIENTED_EDGE('',*,*,#1168,.T.) ;
#2843=ORIENTED_EDGE('',*,*,#1137,.T.) ;
#2844=ORIENTED_EDGE('',*,*,#1106,.T.) ;
#2845=ORIENTED_EDGE('',*,*,#1075,.T.) ;
#2846=ORIENTED_EDGE('',*,*,#1044,.T.) ;
#2847=ORIENTED_EDGE('',*,*,#965,.T.) ;
#2848=ORIENTED_EDGE('',*,*,#774,.T.) ;
#2849=ORIENTED_EDGE('',*,*,#2797,.T.) ;
#2852=ORIENTED_EDGE('',*,*,#1498,.T.) ;
#2853=ORIENTED_EDGE('',*,*,#1467,.T.) ;
#2874=ORIENTED_EDGE('',*,*,#2742,.F.) ;
#2875=ORIENTED_EDGE('',*,*,#2111,.T.) ;
#2876=ORIENTED_EDGE('',*,*,#2653,.T.) ;
#2877=ORIENTED_EDGE('',*,*,#205,.T.) ;
#2878=ORIENTED_EDGE('',*,*,#428,.F.) ;
#2879=ORIENTED_EDGE('',*,*,#2867,.F.) ;
#2880=ORIENTED_EDGE('',*,*,#2872,.T.) ;
#2883=ORIENTED_EDGE('',*,*,#2049,.F.) ;
#2884=ORIENTED_EDGE('',*,*,#2032,.F.) ;
#2905=ORIENTED_EDGE('',*,*,#2898,.T.) ;
#2906=ORIENTED_EDGE('',*,*,#278,.T.) ;
#2907=ORIENTED_EDGE('',*,*,#544,.T.) ;
#2908=ORIENTED_EDGE('',*,*,#2470,.F.) ;
#2909=ORIENTED_EDGE('',*,*,#1980,.F.) ;
#2910=ORIENTED_EDGE('',*,*,#2735,.F.) ;
#2911=ORIENTED_EDGE('',*,*,#2903,.F.) ;
#2914=ORIENTED_EDGE('',*,*,#2501,.T.) ;
#2915=ORIENTED_EDGE('',*,*,#2525,.T.) ;
#2936=ORIENTED_EDGE('',*,*,#2929,.F.) ;
#2937=ORIENTED_EDGE('',*,*,#2934,.T.) ;
#2938=ORIENTED_EDGE('',*,*,#483,.T.) ;
#2939=ORIENTED_EDGE('',*,*,#660,.T.) ;
#2940=ORIENTED_EDGE('',*,*,#2389,.F.) ;
#2941=ORIENTED_EDGE('',*,*,#1946,.F.) ;
#2942=ORIENTED_EDGE('',*,*,#2773,.F.) ;
#2945=ORIENTED_EDGE('',*,*,#2194,.T.) ;
#2946=ORIENTED_EDGE('',*,*,#2170,.T.) ;
#2974=ORIENTED_EDGE('',*,*,#450,.T.) ;
#2975=ORIENTED_EDGE('',*,*,#2616,.T.) ;
#2976=ORIENTED_EDGE('',*,*,#1173,.F.) ;
#2977=ORIENTED_EDGE('',*,*,#2792,.F.) ;
#2978=ORIENTED_EDGE('',*,*,#2960,.F.) ;
#2979=ORIENTED_EDGE('',*,*,#2967,.T.) ;
#2980=ORIENTED_EDGE('',*,*,#2972,.T.) ;
#2983=ORIENTED_EDGE('',*,*,#910,.F.) ;
#2984=ORIENTED_EDGE('',*,*,#934,.F.) ;
#3012=ORIENTED_EDGE('',*,*,#2998,.F.) ;
#3013=ORIENTED_EDGE('',*,*,#3005,.T.) ;
#3014=ORIENTED_EDGE('',*,*,#3010,.T.) ;
#3015=ORIENTED_EDGE('',*,*,#415,.T.) ;
#3016=ORIENTED_EDGE('',*,*,#733,.T.) ;
#3017=ORIENTED_EDGE('',*,*,#2369,.F.) ;
#3018=ORIENTED_EDGE('',*,*,#2754,.F.) ;
#3021=ORIENTED_EDGE('',*,*,#2020,.T.) ;
#3022=ORIENTED_EDGE('',*,*,#2044,.T.) ;
#3050=ORIENTED_EDGE('',*,*,#2761,.F.) ;
#3051=ORIENTED_EDGE('',*,*,#2218,.T.) ;
#3052=ORIENTED_EDGE('',*,*,#679,.T.) ;
#3053=ORIENTED_EDGE('',*,*,#398,.F.) ;
#3054=ORIENTED_EDGE('',*,*,#3036,.F.) ;
#3055=ORIENTED_EDGE('',*,*,#3043,.F.) ;
#3056=ORIENTED_EDGE('',*,*,#3048,.T.) ;
#3059=ORIENTED_EDGE('',*,*,#2199,.F.) ;
#3060=ORIENTED_EDGE('',*,*,#2182,.F.) ;
#3081=ORIENTED_EDGE('',*,*,#3074,.T.) ;
#3082=ORIENTED_EDGE('',*,*,#2780,.F.) ;
#3083=ORIENTED_EDGE('',*,*,#870,.T.) ;
#3084=ORIENTED_EDGE('',*,*,#2397,.T.) ;
#3085=ORIENTED_EDGE('',*,*,#665,.T.) ;
#3086=ORIENTED_EDGE('',*,*,#465,.F.) ;
#3087=ORIENTED_EDGE('',*,*,#3079,.F.) ;
#3090=ORIENTED_EDGE('',*,*,#939,.T.) ;
#3091=ORIENTED_EDGE('',*,*,#922,.T.) ;
#3119=ORIENTED_EDGE('',*,*,#3105,.F.) ;
#3120=ORIENTED_EDGE('',*,*,#3112,.F.) ;
#3121=ORIENTED_EDGE('',*,*,#3117,.T.) ;
#3122=ORIENTED_EDGE('',*,*,#2797,.F.) ;
#3123=ORIENTED_EDGE('',*,*,#767,.T.) ;
#3124=ORIENTED_EDGE('',*,*,#2611,.T.) ;
#3125=ORIENTED_EDGE('',*,*,#293,.F.) ;
#3128=ORIENTED_EDGE('',*,*,#2513,.F.) ;
#3129=ORIENTED_EDGE('',*,*,#2530,.F.) ;
#3143=ORIENTED_EDGE('',*,*,#3141,.F.) ;
#3144=ORIENTED_EDGE('',*,*,#2998,.T.) ;
#3145=ORIENTED_EDGE('',*,*,#2749,.F.) ;
#3146=ORIENTED_EDGE('',*,*,#2872,.F.) ;
#3160=ORIENTED_EDGE('',*,*,#3141,.T.) ;
#3161=ORIENTED_EDGE('',*,*,#2867,.T.) ;
#3162=ORIENTED_EDGE('',*,*,#3158,.F.) ;
#3163=ORIENTED_EDGE('',*,*,#3005,.F.) ;
#3167=ORIENTED_EDGE('',*,*,#422,.F.) ;
#3168=ORIENTED_EDGE('',*,*,#3010,.F.) ;
#3169=ORIENTED_EDGE('',*,*,#3158,.T.) ;
#3178=ORIENTED_EDGE('',*,*,#3176,.F.) ;
#3179=ORIENTED_EDGE('',*,*,#2929,.T.) ;
#3180=ORIENTED_EDGE('',*,*,#2768,.F.) ;
#3181=ORIENTED_EDGE('',*,*,#3048,.F.) ;
#3190=ORIENTED_EDGE('',*,*,#3188,.F.) ;
#3191=ORIENTED_EDGE('',*,*,#2934,.F.) ;
#3192=ORIENTED_EDGE('',*,*,#3176,.T.) ;
#3193=ORIENTED_EDGE('',*,*,#3043,.T.) ;
#3197=ORIENTED_EDGE('',*,*,#3036,.T.) ;
#3198=ORIENTED_EDGE('',*,*,#488,.F.) ;
#3199=ORIENTED_EDGE('',*,*,#3188,.T.) ;
#3213=ORIENTED_EDGE('',*,*,#3211,.F.) ;
#3214=ORIENTED_EDGE('',*,*,#2960,.T.) ;
#3215=ORIENTED_EDGE('',*,*,#2787,.F.) ;
#3216=ORIENTED_EDGE('',*,*,#3074,.F.) ;
#3230=ORIENTED_EDGE('',*,*,#3211,.T.) ;
#3231=ORIENTED_EDGE('',*,*,#3079,.T.) ;
#3232=ORIENTED_EDGE('',*,*,#3228,.F.) ;
#3233=ORIENTED_EDGE('',*,*,#2967,.F.) ;
#3237=ORIENTED_EDGE('',*,*,#457,.F.) ;
#3238=ORIENTED_EDGE('',*,*,#2972,.F.) ;
#3239=ORIENTED_EDGE('',*,*,#3228,.T.) ;
#3248=ORIENTED_EDGE('',*,*,#3246,.F.) ;
#3249=ORIENTED_EDGE('',*,*,#2903,.T.) ;
#3250=ORIENTED_EDGE('',*,*,#2730,.F.) ;
#3251=ORIENTED_EDGE('',*,*,#3117,.F.) ;
#3260=ORIENTED_EDGE('',*,*,#3258,.F.) ;
#3261=ORIENTED_EDGE('',*,*,#2898,.F.) ;
#3262=ORIENTED_EDGE('',*,*,#3246,.T.) ;
#3263=ORIENTED_EDGE('',*,*,#3112,.T.) ;
#3267=ORIENTED_EDGE('',*,*,#3105,.T.) ;
#3268=ORIENTED_EDGE('',*,*,#285,.F.) ;
#3269=ORIENTED_EDGE('',*,*,#3258,.T.) ;
#3338=ORIENTED_EDGE('',*,*,#3317,.F.) ;
#3339=ORIENTED_EDGE('',*,*,#3324,.F.) ;
#3340=ORIENTED_EDGE('',*,*,#3331,.T.) ;
#3341=ORIENTED_EDGE('',*,*,#3336,.T.) ;
#3355=ORIENTED_EDGE('',*,*,#3331,.F.) ;
#3356=ORIENTED_EDGE('',*,*,#3348,.F.) ;
#3357=ORIENTED_EDGE('',*,*,#3317,.T.) ;
#3358=ORIENTED_EDGE('',*,*,#3353,.T.) ;
#3404=ORIENTED_EDGE('',*,*,#3383,.T.) ;
#3405=ORIENTED_EDGE('',*,*,#3390,.F.) ;
#3406=ORIENTED_EDGE('',*,*,#3397,.F.) ;
#3407=ORIENTED_EDGE('',*,*,#3402,.T.) ;
#3428=ORIENTED_EDGE('',*,*,#3421,.F.) ;
#3429=ORIENTED_EDGE('',*,*,#3426,.F.) ;
#3430=ORIENTED_EDGE('',*,*,#3390,.T.) ;
#3471=ORIENTED_EDGE('',*,*,#3450,.F.) ;
#3472=ORIENTED_EDGE('',*,*,#3457,.F.) ;
#3473=ORIENTED_EDGE('',*,*,#3464,.T.) ;
#3474=ORIENTED_EDGE('',*,*,#3469,.T.) ;
#3490=ORIENTED_EDGE('',*,*,#3483,.F.) ;
#3491=ORIENTED_EDGE('',*,*,#3469,.F.) ;
#3492=ORIENTED_EDGE('',*,*,#3488,.T.) ;
#3515=ORIENTED_EDGE('',*,*,#3508,.T.) ;
#3516=ORIENTED_EDGE('',*,*,#3513,.T.) ;
#3544=ORIENTED_EDGE('',*,*,#3513,.F.) ;
#3545=ORIENTED_EDGE('',*,*,#3530,.T.) ;
#3546=ORIENTED_EDGE('',*,*,#3537,.T.) ;
#3547=ORIENTED_EDGE('',*,*,#3542,.F.) ;
#3556=ORIENTED_EDGE('',*,*,#3508,.F.) ;
#3557=ORIENTED_EDGE('',*,*,#3542,.T.) ;
#3558=ORIENTED_EDGE('',*,*,#3554,.T.) ;
#3559=ORIENTED_EDGE('',*,*,#3530,.F.) ;
#3582=ORIENTED_EDGE('',*,*,#3575,.T.) ;
#3583=ORIENTED_EDGE('',*,*,#3580,.T.) ;
#3586=ORIENTED_EDGE('',*,*,#3554,.F.) ;
#3587=ORIENTED_EDGE('',*,*,#3537,.F.) ;
#3615=ORIENTED_EDGE('',*,*,#3575,.F.) ;
#3616=ORIENTED_EDGE('',*,*,#3601,.T.) ;
#3617=ORIENTED_EDGE('',*,*,#3608,.T.) ;
#3618=ORIENTED_EDGE('',*,*,#3613,.F.) ;
#3627=ORIENTED_EDGE('',*,*,#3580,.F.) ;
#3628=ORIENTED_EDGE('',*,*,#3613,.T.) ;
#3629=ORIENTED_EDGE('',*,*,#3625,.T.) ;
#3630=ORIENTED_EDGE('',*,*,#3601,.F.) ;
#3661=ORIENTED_EDGE('',*,*,#3646,.T.) ;
#3662=ORIENTED_EDGE('',*,*,#3651,.T.) ;
#3663=ORIENTED_EDGE('',*,*,#3457,.T.) ;
#3664=ORIENTED_EDGE('',*,*,#3659,.F.) ;
#3690=ORIENTED_EDGE('',*,*,#3675,.T.) ;
#3691=ORIENTED_EDGE('',*,*,#3683,.T.) ;
#3692=ORIENTED_EDGE('',*,*,#3402,.F.) ;
#3693=ORIENTED_EDGE('',*,*,#3688,.F.) ;
#3760=ORIENTED_EDGE('',*,*,#3646,.F.) ;
#3761=ORIENTED_EDGE('',*,*,#3716,.F.) ;
#3762=ORIENTED_EDGE('',*,*,#3739,.T.) ;
#3763=ORIENTED_EDGE('',*,*,#3675,.F.) ;
#3764=ORIENTED_EDGE('',*,*,#3746,.T.) ;
#3765=ORIENTED_EDGE('',*,*,#3753,.T.) ;
#3766=ORIENTED_EDGE('',*,*,#3758,.F.) ;
#3812=ORIENTED_EDGE('',*,*,#3797,.F.) ;
#3813=ORIENTED_EDGE('',*,*,#3805,.F.) ;
#3814=ORIENTED_EDGE('',*,*,#3488,.F.) ;
#3815=ORIENTED_EDGE('',*,*,#3464,.F.) ;
#3816=ORIENTED_EDGE('',*,*,#3651,.F.) ;
#3817=ORIENTED_EDGE('',*,*,#3758,.T.) ;
#3818=ORIENTED_EDGE('',*,*,#3810,.F.) ;
#3821=ORIENTED_EDGE('',*,*,#3324,.T.) ;
#3822=ORIENTED_EDGE('',*,*,#3348,.T.) ;
#3848=ORIENTED_EDGE('',*,*,#3836,.F.) ;
#3849=ORIENTED_EDGE('',*,*,#3608,.F.) ;
#3850=ORIENTED_EDGE('',*,*,#3841,.T.) ;
#3851=ORIENTED_EDGE('',*,*,#3716,.T.) ;
#3852=ORIENTED_EDGE('',*,*,#3659,.T.) ;
#3853=ORIENTED_EDGE('',*,*,#3450,.T.) ;
#3854=ORIENTED_EDGE('',*,*,#3483,.T.) ;
#3855=ORIENTED_EDGE('',*,*,#3805,.T.) ;
#3856=ORIENTED_EDGE('',*,*,#3846,.T.) ;
#3873=ORIENTED_EDGE('',*,*,#3866,.F.) ;
#3874=ORIENTED_EDGE('',*,*,#3421,.T.) ;
#3875=ORIENTED_EDGE('',*,*,#3383,.F.) ;
#3876=ORIENTED_EDGE('',*,*,#3683,.F.) ;
#3877=ORIENTED_EDGE('',*,*,#3739,.F.) ;
#3878=ORIENTED_EDGE('',*,*,#3841,.F.) ;
#3879=ORIENTED_EDGE('',*,*,#3625,.F.) ;
#3880=ORIENTED_EDGE('',*,*,#3836,.T.) ;
#3881=ORIENTED_EDGE('',*,*,#3871,.T.) ;
#3909=ORIENTED_EDGE('',*,*,#3897,.F.) ;
#3910=ORIENTED_EDGE('',*,*,#3902,.F.) ;
#3911=ORIENTED_EDGE('',*,*,#3810,.T.) ;
#3912=ORIENTED_EDGE('',*,*,#3753,.F.) ;
#3913=ORIENTED_EDGE('',*,*,#3907,.F.) ;
#3942=ORIENTED_EDGE('',*,*,#3907,.T.) ;
#3943=ORIENTED_EDGE('',*,*,#3746,.F.) ;
#3944=ORIENTED_EDGE('',*,*,#3688,.T.) ;
#3945=ORIENTED_EDGE('',*,*,#3397,.T.) ;
#3946=ORIENTED_EDGE('',*,*,#3426,.T.) ;
#3947=ORIENTED_EDGE('',*,*,#3866,.T.) ;
#3948=ORIENTED_EDGE('',*,*,#3940,.F.) ;
#3951=ORIENTED_EDGE('',*,*,#3353,.F.) ;
#3952=ORIENTED_EDGE('',*,*,#3336,.F.) ;
#3966=ORIENTED_EDGE('',*,*,#3871,.F.) ;
#3967=ORIENTED_EDGE('',*,*,#3964,.T.) ;
#3968=ORIENTED_EDGE('',*,*,#3897,.T.) ;
#3969=ORIENTED_EDGE('',*,*,#3940,.T.) ;
#3978=ORIENTED_EDGE('',*,*,#3902,.T.) ;
#3979=ORIENTED_EDGE('',*,*,#3964,.F.) ;
#3980=ORIENTED_EDGE('',*,*,#3846,.F.) ;
#3981=ORIENTED_EDGE('',*,*,#3797,.T.) ;
#4081=ORIENTED_EDGE('',*,*,#4060,.F.) ;
#4082=ORIENTED_EDGE('',*,*,#4067,.T.) ;
#4083=ORIENTED_EDGE('',*,*,#4074,.T.) ;
#4084=ORIENTED_EDGE('',*,*,#4079,.F.) ;
#4098=ORIENTED_EDGE('',*,*,#4091,.F.) ;
#4099=ORIENTED_EDGE('',*,*,#4079,.T.) ;
#4100=ORIENTED_EDGE('',*,*,#4096,.T.) ;
#4101=ORIENTED_EDGE('',*,*,#4067,.F.) ;
#4138=ORIENTED_EDGE('',*,*,#4117,.F.) ;
#4139=ORIENTED_EDGE('',*,*,#4124,.T.) ;
#4140=ORIENTED_EDGE('',*,*,#4131,.T.) ;
#4141=ORIENTED_EDGE('',*,*,#4136,.F.) ;
#4155=ORIENTED_EDGE('',*,*,#4148,.F.) ;
#4156=ORIENTED_EDGE('',*,*,#4136,.T.) ;
#4157=ORIENTED_EDGE('',*,*,#4153,.T.) ;
#4158=ORIENTED_EDGE('',*,*,#4124,.F.) ;
#4167=ORIENTED_EDGE('',*,*,#4131,.F.) ;
#4168=ORIENTED_EDGE('',*,*,#4153,.F.) ;
#4171=ORIENTED_EDGE('',*,*,#4091,.T.) ;
#4172=ORIENTED_EDGE('',*,*,#4060,.T.) ;
#4181=ORIENTED_EDGE('',*,*,#4148,.T.) ;
#4182=ORIENTED_EDGE('',*,*,#4117,.T.) ;
#4185=ORIENTED_EDGE('',*,*,#4074,.F.) ;
#4186=ORIENTED_EDGE('',*,*,#4096,.F.) ;
#4297=ORIENTED_EDGE('',*,*,#4264,.F.) ;
#4298=ORIENTED_EDGE('',*,*,#4283,.T.) ;
#4299=ORIENTED_EDGE('',*,*,#4290,.T.) ;
#4300=ORIENTED_EDGE('',*,*,#4295,.F.) ;
#4326=ORIENTED_EDGE('',*,*,#4290,.F.) ;
#4327=ORIENTED_EDGE('',*,*,#4319,.T.) ;
#4328=ORIENTED_EDGE('',*,*,#4264,.T.) ;
#4329=ORIENTED_EDGE('',*,*,#4324,.F.) ;
#4366=ORIENTED_EDGE('',*,*,#4345,.F.) ;
#4367=ORIENTED_EDGE('',*,*,#4352,.T.) ;
#4368=ORIENTED_EDGE('',*,*,#4359,.T.) ;
#4369=ORIENTED_EDGE('',*,*,#4364,.F.) ;
#4372=ORIENTED_EDGE('',*,*,#4319,.F.) ;
#4373=ORIENTED_EDGE('',*,*,#4283,.F.) ;
#4387=ORIENTED_EDGE('',*,*,#4380,.F.) ;
#4388=ORIENTED_EDGE('',*,*,#4364,.T.) ;
#4389=ORIENTED_EDGE('',*,*,#4385,.T.) ;
#4390=ORIENTED_EDGE('',*,*,#4352,.F.) ;
#4413=ORIENTED_EDGE('',*,*,#4406,.T.) ;
#4414=ORIENTED_EDGE('',*,*,#4411,.T.) ;
#4417=ORIENTED_EDGE('',*,*,#4385,.F.) ;
#4418=ORIENTED_EDGE('',*,*,#4359,.F.) ;
#4446=ORIENTED_EDGE('',*,*,#4432,.T.) ;
#4447=ORIENTED_EDGE('',*,*,#4439,.T.) ;
#4448=ORIENTED_EDGE('',*,*,#4444,.F.) ;
#4449=ORIENTED_EDGE('',*,*,#4406,.F.) ;
#4463=ORIENTED_EDGE('',*,*,#4444,.T.) ;
#4464=ORIENTED_EDGE('',*,*,#4461,.T.) ;
#4465=ORIENTED_EDGE('',*,*,#4432,.F.) ;
#4466=ORIENTED_EDGE('',*,*,#4411,.F.) ;
#4560=ORIENTED_EDGE('',*,*,#4439,.F.) ;
#4561=ORIENTED_EDGE('',*,*,#4525,.T.) ;
#4562=ORIENTED_EDGE('',*,*,#4532,.T.) ;
#4563=ORIENTED_EDGE('',*,*,#4558,.F.) ;
#4607=ORIENTED_EDGE('',*,*,#4585,.T.) ;
#4608=ORIENTED_EDGE('',*,*,#4605,.T.) ;
#4646=ORIENTED_EDGE('',*,*,#4461,.F.) ;
#4647=ORIENTED_EDGE('',*,*,#4558,.T.) ;
#4648=ORIENTED_EDGE('',*,*,#4644,.T.) ;
#4649=ORIENTED_EDGE('',*,*,#4525,.F.) ;
#4696=ORIENTED_EDGE('',*,*,#4674,.T.) ;
#4697=ORIENTED_EDGE('',*,*,#4694,.T.) ;
#4725=ORIENTED_EDGE('',*,*,#4711,.T.) ;
#4726=ORIENTED_EDGE('',*,*,#4718,.T.) ;
#4727=ORIENTED_EDGE('',*,*,#4723,.F.) ;
#4728=ORIENTED_EDGE('',*,*,#4532,.F.) ;
#4756=ORIENTED_EDGE('',*,*,#4744,.F.) ;
#4757=ORIENTED_EDGE('',*,*,#4749,.F.) ;
#4758=ORIENTED_EDGE('',*,*,#4605,.F.) ;
#4759=ORIENTED_EDGE('',*,*,#4754,.T.) ;
#4773=ORIENTED_EDGE('',*,*,#4771,.F.) ;
#4774=ORIENTED_EDGE('',*,*,#4754,.F.) ;
#4775=ORIENTED_EDGE('',*,*,#4585,.F.) ;
#4776=ORIENTED_EDGE('',*,*,#4749,.T.) ;
#4790=ORIENTED_EDGE('',*,*,#4723,.T.) ;
#4791=ORIENTED_EDGE('',*,*,#4788,.T.) ;
#4792=ORIENTED_EDGE('',*,*,#4711,.F.) ;
#4793=ORIENTED_EDGE('',*,*,#4644,.F.) ;
#5009=ORIENTED_EDGE('',*,*,#4991,.T.) ;
#5010=ORIENTED_EDGE('',*,*,#4999,.T.) ;
#5011=ORIENTED_EDGE('',*,*,#4694,.F.) ;
#5012=ORIENTED_EDGE('',*,*,#5007,.F.) ;
#5208=ORIENTED_EDGE('',*,*,#5206,.T.) ;
#5209=ORIENTED_EDGE('',*,*,#5007,.T.) ;
#5210=ORIENTED_EDGE('',*,*,#4674,.F.) ;
#5211=ORIENTED_EDGE('',*,*,#4999,.F.) ;
#5220=ORIENTED_EDGE('',*,*,#4788,.F.) ;
#5221=ORIENTED_EDGE('',*,*,#4718,.F.) ;
#5238=ORIENTED_EDGE('',*,*,#5231,.T.) ;
#5239=ORIENTED_EDGE('',*,*,#5236,.T.) ;
#5267=ORIENTED_EDGE('',*,*,#5253,.F.) ;
#5268=ORIENTED_EDGE('',*,*,#4991,.F.) ;
#5269=ORIENTED_EDGE('',*,*,#5260,.T.) ;
#5270=ORIENTED_EDGE('',*,*,#5265,.T.) ;
#5279=ORIENTED_EDGE('',*,*,#5260,.F.) ;
#5280=ORIENTED_EDGE('',*,*,#5206,.F.) ;
#5281=ORIENTED_EDGE('',*,*,#5253,.T.) ;
#5282=ORIENTED_EDGE('',*,*,#5277,.T.) ;
#5310=ORIENTED_EDGE('',*,*,#5236,.F.) ;
#5311=ORIENTED_EDGE('',*,*,#5296,.T.) ;
#5312=ORIENTED_EDGE('',*,*,#5303,.T.) ;
#5313=ORIENTED_EDGE('',*,*,#5308,.F.) ;
#5322=ORIENTED_EDGE('',*,*,#5231,.F.) ;
#5323=ORIENTED_EDGE('',*,*,#5308,.T.) ;
#5324=ORIENTED_EDGE('',*,*,#5320,.T.) ;
#5325=ORIENTED_EDGE('',*,*,#5296,.F.) ;
#5353=ORIENTED_EDGE('',*,*,#5339,.T.) ;
#5354=ORIENTED_EDGE('',*,*,#5346,.T.) ;
#5355=ORIENTED_EDGE('',*,*,#5351,.F.) ;
#5356=ORIENTED_EDGE('',*,*,#5265,.F.) ;
#5370=ORIENTED_EDGE('',*,*,#5351,.T.) ;
#5371=ORIENTED_EDGE('',*,*,#5368,.T.) ;
#5372=ORIENTED_EDGE('',*,*,#5339,.F.) ;
#5373=ORIENTED_EDGE('',*,*,#5277,.F.) ;
#5396=ORIENTED_EDGE('',*,*,#5389,.T.) ;
#5397=ORIENTED_EDGE('',*,*,#5394,.T.) ;
#5416=ORIENTED_EDGE('',*,*,#5409,.T.) ;
#5417=ORIENTED_EDGE('',*,*,#4771,.T.) ;
#5418=ORIENTED_EDGE('',*,*,#5414,.F.) ;
#5419=ORIENTED_EDGE('',*,*,#5389,.F.) ;
#5428=ORIENTED_EDGE('',*,*,#5414,.T.) ;
#5429=ORIENTED_EDGE('',*,*,#4744,.T.) ;
#5430=ORIENTED_EDGE('',*,*,#5409,.F.) ;
#5431=ORIENTED_EDGE('',*,*,#5394,.F.) ;
#5440=ORIENTED_EDGE('',*,*,#5303,.F.) ;
#5441=ORIENTED_EDGE('',*,*,#5320,.F.) ;
#5444=ORIENTED_EDGE('',*,*,#4345,.T.) ;
#5445=ORIENTED_EDGE('',*,*,#4380,.T.) ;
#5454=ORIENTED_EDGE('',*,*,#5346,.F.) ;
#5455=ORIENTED_EDGE('',*,*,#5368,.F.) ;
#5458=ORIENTED_EDGE('',*,*,#4295,.T.) ;
#5459=ORIENTED_EDGE('',*,*,#4324,.T.) ;
#5558=ORIENTED_EDGE('',*,*,#5537,.F.) ;
#5559=ORIENTED_EDGE('',*,*,#5544,.T.) ;
#5560=ORIENTED_EDGE('',*,*,#5551,.T.) ;
#5561=ORIENTED_EDGE('',*,*,#5556,.F.) ;
#5575=ORIENTED_EDGE('',*,*,#5568,.F.) ;
#5576=ORIENTED_EDGE('',*,*,#5556,.T.) ;
#5577=ORIENTED_EDGE('',*,*,#5573,.T.) ;
#5578=ORIENTED_EDGE('',*,*,#5544,.F.) ;
#5606=ORIENTED_EDGE('',*,*,#5551,.F.) ;
#5607=ORIENTED_EDGE('',*,*,#5592,.T.) ;
#5608=ORIENTED_EDGE('',*,*,#5599,.T.) ;
#5609=ORIENTED_EDGE('',*,*,#5604,.F.) ;
#5618=ORIENTED_EDGE('',*,*,#5537,.T.) ;
#5619=ORIENTED_EDGE('',*,*,#5568,.T.) ;
#5628=ORIENTED_EDGE('',*,*,#5573,.F.) ;
#5629=ORIENTED_EDGE('',*,*,#5604,.T.) ;
#5630=ORIENTED_EDGE('',*,*,#5626,.T.) ;
#5631=ORIENTED_EDGE('',*,*,#5592,.F.) ;
#5659=ORIENTED_EDGE('',*,*,#5599,.F.) ;
#5660=ORIENTED_EDGE('',*,*,#5645,.T.) ;
#5661=ORIENTED_EDGE('',*,*,#5652,.T.) ;
#5662=ORIENTED_EDGE('',*,*,#5657,.F.) ;
#5671=ORIENTED_EDGE('',*,*,#5626,.F.) ;
#5672=ORIENTED_EDGE('',*,*,#5657,.T.) ;
#5673=ORIENTED_EDGE('',*,*,#5669,.T.) ;
#5674=ORIENTED_EDGE('',*,*,#5645,.F.) ;
#5702=ORIENTED_EDGE('',*,*,#5652,.F.) ;
#5703=ORIENTED_EDGE('',*,*,#5688,.T.) ;
#5704=ORIENTED_EDGE('',*,*,#5695,.T.) ;
#5705=ORIENTED_EDGE('',*,*,#5700,.F.) ;
#5714=ORIENTED_EDGE('',*,*,#5669,.F.) ;
#5715=ORIENTED_EDGE('',*,*,#5700,.T.) ;
#5716=ORIENTED_EDGE('',*,*,#5712,.T.) ;
#5717=ORIENTED_EDGE('',*,*,#5688,.F.) ;
#5774=ORIENTED_EDGE('',*,*,#5733,.F.) ;
#5775=ORIENTED_EDGE('',*,*,#5740,.F.) ;
#5776=ORIENTED_EDGE('',*,*,#5747,.F.) ;
#5777=ORIENTED_EDGE('',*,*,#5757,.F.) ;
#5778=ORIENTED_EDGE('',*,*,#5764,.F.) ;
#5779=ORIENTED_EDGE('',*,*,#5772,.F.) ;
#5782=ORIENTED_EDGE('',*,*,#5712,.F.) ;
#5783=ORIENTED_EDGE('',*,*,#5695,.F.) ;
#5827=ORIENTED_EDGE('',*,*,#5799,.T.) ;
#5828=ORIENTED_EDGE('',*,*,#5806,.T.) ;
#5829=ORIENTED_EDGE('',*,*,#5813,.F.) ;
#5830=ORIENTED_EDGE('',*,*,#5820,.F.) ;
#5831=ORIENTED_EDGE('',*,*,#5825,.F.) ;
#5868=ORIENTED_EDGE('',*,*,#5847,.T.) ;
#5869=ORIENTED_EDGE('',*,*,#5854,.T.) ;
#5870=ORIENTED_EDGE('',*,*,#5861,.F.) ;
#5871=ORIENTED_EDGE('',*,*,#5866,.F.) ;
#5899=ORIENTED_EDGE('',*,*,#5887,.T.) ;
#5900=ORIENTED_EDGE('',*,*,#5892,.T.) ;
#5901=ORIENTED_EDGE('',*,*,#5847,.F.) ;
#5902=ORIENTED_EDGE('',*,*,#5897,.F.) ;
#5930=ORIENTED_EDGE('',*,*,#5918,.T.) ;
#5931=ORIENTED_EDGE('',*,*,#5923,.T.) ;
#5932=ORIENTED_EDGE('',*,*,#5887,.F.) ;
#5933=ORIENTED_EDGE('',*,*,#5928,.F.) ;
#5961=ORIENTED_EDGE('',*,*,#5949,.T.) ;
#5962=ORIENTED_EDGE('',*,*,#5954,.T.) ;
#5963=ORIENTED_EDGE('',*,*,#5918,.F.) ;
#5964=ORIENTED_EDGE('',*,*,#5959,.F.) ;
#5983=ORIENTED_EDGE('',*,*,#5813,.T.) ;
#5984=ORIENTED_EDGE('',*,*,#5976,.T.) ;
#5985=ORIENTED_EDGE('',*,*,#5949,.F.) ;
#5986=ORIENTED_EDGE('',*,*,#5981,.F.) ;
#6014=ORIENTED_EDGE('',*,*,#6002,.T.) ;
#6015=ORIENTED_EDGE('',*,*,#6007,.T.) ;
#6016=ORIENTED_EDGE('',*,*,#5799,.F.) ;
#6017=ORIENTED_EDGE('',*,*,#6012,.F.) ;
#6045=ORIENTED_EDGE('',*,*,#6033,.T.) ;
#6046=ORIENTED_EDGE('',*,*,#6038,.T.) ;
#6047=ORIENTED_EDGE('',*,*,#6002,.F.) ;
#6048=ORIENTED_EDGE('',*,*,#6043,.F.) ;
#6076=ORIENTED_EDGE('',*,*,#6064,.T.) ;
#6077=ORIENTED_EDGE('',*,*,#6069,.T.) ;
#6078=ORIENTED_EDGE('',*,*,#6033,.F.) ;
#6079=ORIENTED_EDGE('',*,*,#6074,.F.) ;
#6107=ORIENTED_EDGE('',*,*,#6095,.T.) ;
#6108=ORIENTED_EDGE('',*,*,#6100,.T.) ;
#6109=ORIENTED_EDGE('',*,*,#6064,.F.) ;
#6110=ORIENTED_EDGE('',*,*,#6105,.F.) ;
#6138=ORIENTED_EDGE('',*,*,#6126,.T.) ;
#6139=ORIENTED_EDGE('',*,*,#6131,.T.) ;
#6140=ORIENTED_EDGE('',*,*,#6095,.F.) ;
#6141=ORIENTED_EDGE('',*,*,#6136,.F.) ;
#6160=ORIENTED_EDGE('',*,*,#5861,.T.) ;
#6161=ORIENTED_EDGE('',*,*,#6153,.T.) ;
#6162=ORIENTED_EDGE('',*,*,#6126,.F.) ;
#6163=ORIENTED_EDGE('',*,*,#6158,.F.) ;
#6191=ORIENTED_EDGE('',*,*,#6177,.T.) ;
#6192=ORIENTED_EDGE('',*,*,#6184,.T.) ;
#6193=ORIENTED_EDGE('',*,*,#6189,.F.) ;
#6194=ORIENTED_EDGE('',*,*,#6158,.T.) ;
#6222=ORIENTED_EDGE('',*,*,#5897,.T.) ;
#6223=ORIENTED_EDGE('',*,*,#6208,.T.) ;
#6224=ORIENTED_EDGE('',*,*,#6215,.T.) ;
#6225=ORIENTED_EDGE('',*,*,#6220,.F.) ;
#6253=ORIENTED_EDGE('',*,*,#6239,.T.) ;
#6254=ORIENTED_EDGE('',*,*,#6246,.T.) ;
#6255=ORIENTED_EDGE('',*,*,#6251,.F.) ;
#6256=ORIENTED_EDGE('',*,*,#6043,.T.) ;
#6277=ORIENTED_EDGE('',*,*,#6270,.T.) ;
#6278=ORIENTED_EDGE('',*,*,#6275,.T.) ;
#6279=ORIENTED_EDGE('',*,*,#6239,.F.) ;
#6280=ORIENTED_EDGE('',*,*,#6012,.T.) ;
#6301=ORIENTED_EDGE('',*,*,#6294,.T.) ;
#6302=ORIENTED_EDGE('',*,*,#6299,.T.) ;
#6303=ORIENTED_EDGE('',*,*,#6270,.F.) ;
#6304=ORIENTED_EDGE('',*,*,#5825,.T.) ;
#6320=ORIENTED_EDGE('',*,*,#6313,.T.) ;
#6321=ORIENTED_EDGE('',*,*,#6318,.T.) ;
#6322=ORIENTED_EDGE('',*,*,#6294,.F.) ;
#6323=ORIENTED_EDGE('',*,*,#5820,.T.) ;
#6344=ORIENTED_EDGE('',*,*,#6337,.T.) ;
#6345=ORIENTED_EDGE('',*,*,#6342,.T.) ;
#6346=ORIENTED_EDGE('',*,*,#6313,.F.) ;
#6347=ORIENTED_EDGE('',*,*,#5981,.T.) ;
#6368=ORIENTED_EDGE('',*,*,#5959,.T.) ;
#6369=ORIENTED_EDGE('',*,*,#6361,.T.) ;
#6370=ORIENTED_EDGE('',*,*,#6366,.T.) ;
#6371=ORIENTED_EDGE('',*,*,#6337,.F.) ;
#6385=ORIENTED_EDGE('',*,*,#5928,.T.) ;
#6386=ORIENTED_EDGE('',*,*,#6220,.T.) ;
#6387=ORIENTED_EDGE('',*,*,#6383,.T.) ;
#6388=ORIENTED_EDGE('',*,*,#6361,.F.) ;
#6409=ORIENTED_EDGE('',*,*,#6074,.T.) ;
#6410=ORIENTED_EDGE('',*,*,#6251,.T.) ;
#6411=ORIENTED_EDGE('',*,*,#6402,.T.) ;
#6412=ORIENTED_EDGE('',*,*,#6407,.F.) ;
#6433=ORIENTED_EDGE('',*,*,#6407,.T.) ;
#6434=ORIENTED_EDGE('',*,*,#6426,.T.) ;
#6435=ORIENTED_EDGE('',*,*,#6431,.F.) ;
#6436=ORIENTED_EDGE('',*,*,#6105,.T.) ;
#6465=ORIENTED_EDGE('',*,*,#5866,.T.) ;
#6466=ORIENTED_EDGE('',*,*,#6189,.T.) ;
#6467=ORIENTED_EDGE('',*,*,#6450,.T.) ;
#6468=ORIENTED_EDGE('',*,*,#6458,.T.) ;
#6469=ORIENTED_EDGE('',*,*,#6463,.T.) ;
#6470=ORIENTED_EDGE('',*,*,#6208,.F.) ;
#6499=ORIENTED_EDGE('',*,*,#6136,.T.) ;
#6500=ORIENTED_EDGE('',*,*,#6431,.T.) ;
#6501=ORIENTED_EDGE('',*,*,#6484,.T.) ;
#6502=ORIENTED_EDGE('',*,*,#6492,.T.) ;
#6503=ORIENTED_EDGE('',*,*,#6497,.T.) ;
#6504=ORIENTED_EDGE('',*,*,#6177,.F.) ;
#6513=ORIENTED_EDGE('',*,*,#5854,.F.) ;
#6514=ORIENTED_EDGE('',*,*,#5892,.F.) ;
#6515=ORIENTED_EDGE('',*,*,#5923,.F.) ;
#6516=ORIENTED_EDGE('',*,*,#5954,.F.) ;
#6517=ORIENTED_EDGE('',*,*,#5976,.F.) ;
#6518=ORIENTED_EDGE('',*,*,#5806,.F.) ;
#6519=ORIENTED_EDGE('',*,*,#6007,.F.) ;
#6520=ORIENTED_EDGE('',*,*,#6038,.F.) ;
#6521=ORIENTED_EDGE('',*,*,#6069,.F.) ;
#6522=ORIENTED_EDGE('',*,*,#6100,.F.) ;
#6523=ORIENTED_EDGE('',*,*,#6131,.F.) ;
#6524=ORIENTED_EDGE('',*,*,#6153,.F.) ;
#6561=ORIENTED_EDGE('',*,*,#6540,.T.) ;
#6562=ORIENTED_EDGE('',*,*,#6545,.F.) ;
#6563=ORIENTED_EDGE('',*,*,#6463,.F.) ;
#6564=ORIENTED_EDGE('',*,*,#6559,.F.) ;
#6598=ORIENTED_EDGE('',*,*,#6484,.F.) ;
#6599=ORIENTED_EDGE('',*,*,#6578,.T.) ;
#6600=ORIENTED_EDGE('',*,*,#6585,.T.) ;
#6601=ORIENTED_EDGE('',*,*,#6596,.F.) ;
#6687=ORIENTED_EDGE('',*,*,#6458,.F.) ;
#6688=ORIENTED_EDGE('',*,*,#6669,.T.) ;
#6689=ORIENTED_EDGE('',*,*,#5772,.T.) ;
#6690=ORIENTED_EDGE('',*,*,#6679,.T.) ;
#6691=ORIENTED_EDGE('',*,*,#6685,.T.) ;
#6692=ORIENTED_EDGE('',*,*,#6559,.T.) ;
#6717=ORIENTED_EDGE('',*,*,#5747,.T.) ;
#6718=ORIENTED_EDGE('',*,*,#6704,.F.) ;
#6719=ORIENTED_EDGE('',*,*,#6497,.F.) ;
#6720=ORIENTED_EDGE('',*,*,#6715,.T.) ;
#6734=ORIENTED_EDGE('',*,*,#6450,.F.) ;
#6735=ORIENTED_EDGE('',*,*,#6732,.T.) ;
#6736=ORIENTED_EDGE('',*,*,#5733,.T.) ;
#6737=ORIENTED_EDGE('',*,*,#6669,.F.) ;
#6815=ORIENTED_EDGE('',*,*,#6492,.F.) ;
#6816=ORIENTED_EDGE('',*,*,#6596,.T.) ;
#6817=ORIENTED_EDGE('',*,*,#6802,.T.) ;
#6818=ORIENTED_EDGE('',*,*,#6813,.T.) ;
#6819=ORIENTED_EDGE('',*,*,#5757,.T.) ;
#6820=ORIENTED_EDGE('',*,*,#6715,.F.) ;
#6829=ORIENTED_EDGE('',*,*,#6704,.T.) ;
#6830=ORIENTED_EDGE('',*,*,#5740,.T.) ;
#6831=ORIENTED_EDGE('',*,*,#6732,.F.) ;
#6832=ORIENTED_EDGE('',*,*,#6184,.F.) ;
#6853=ORIENTED_EDGE('',*,*,#6846,.T.) ;
#6854=ORIENTED_EDGE('',*,*,#6851,.T.) ;
#6855=ORIENTED_EDGE('',*,*,#6578,.F.) ;
#6856=ORIENTED_EDGE('',*,*,#6426,.F.) ;
#6877=ORIENTED_EDGE('',*,*,#6870,.T.) ;
#6878=ORIENTED_EDGE('',*,*,#6875,.T.) ;
#6879=ORIENTED_EDGE('',*,*,#6846,.F.) ;
#6880=ORIENTED_EDGE('',*,*,#6402,.F.) ;
#6901=ORIENTED_EDGE('',*,*,#6894,.T.) ;
#6902=ORIENTED_EDGE('',*,*,#6899,.T.) ;
#6903=ORIENTED_EDGE('',*,*,#6870,.F.) ;
#6904=ORIENTED_EDGE('',*,*,#6246,.F.) ;
#6925=ORIENTED_EDGE('',*,*,#6918,.T.) ;
#6926=ORIENTED_EDGE('',*,*,#6923,.T.) ;
#6927=ORIENTED_EDGE('',*,*,#6894,.F.) ;
#6928=ORIENTED_EDGE('',*,*,#6275,.F.) ;
#6949=ORIENTED_EDGE('',*,*,#6942,.T.) ;
#6950=ORIENTED_EDGE('',*,*,#6947,.T.) ;
#6951=ORIENTED_EDGE('',*,*,#6918,.F.) ;
#6952=ORIENTED_EDGE('',*,*,#6299,.F.) ;
#6973=ORIENTED_EDGE('',*,*,#6966,.T.) ;
#6974=ORIENTED_EDGE('',*,*,#6971,.T.) ;
#6975=ORIENTED_EDGE('',*,*,#6942,.F.) ;
#6976=ORIENTED_EDGE('',*,*,#6318,.F.) ;
#6997=ORIENTED_EDGE('',*,*,#6990,.T.) ;
#6998=ORIENTED_EDGE('',*,*,#6995,.T.) ;
#6999=ORIENTED_EDGE('',*,*,#6966,.F.) ;
#7000=ORIENTED_EDGE('',*,*,#6342,.F.) ;
#7021=ORIENTED_EDGE('',*,*,#7014,.T.) ;
#7022=ORIENTED_EDGE('',*,*,#7019,.T.) ;
#7023=ORIENTED_EDGE('',*,*,#6990,.F.) ;
#7024=ORIENTED_EDGE('',*,*,#6366,.F.) ;
#7045=ORIENTED_EDGE('',*,*,#7038,.T.) ;
#7046=ORIENTED_EDGE('',*,*,#7043,.T.) ;
#7047=ORIENTED_EDGE('',*,*,#7014,.F.) ;
#7048=ORIENTED_EDGE('',*,*,#6383,.F.) ;
#7062=ORIENTED_EDGE('',*,*,#6545,.T.) ;
#7063=ORIENTED_EDGE('',*,*,#7060,.T.) ;
#7064=ORIENTED_EDGE('',*,*,#7038,.F.) ;
#7065=ORIENTED_EDGE('',*,*,#6215,.F.) ;
#7079=ORIENTED_EDGE('',*,*,#7077,.T.) ;
#7080=ORIENTED_EDGE('',*,*,#6802,.F.) ;
#7081=ORIENTED_EDGE('',*,*,#6585,.F.) ;
#7082=ORIENTED_EDGE('',*,*,#6851,.F.) ;
#7083=ORIENTED_EDGE('',*,*,#6875,.F.) ;
#7084=ORIENTED_EDGE('',*,*,#6899,.F.) ;
#7085=ORIENTED_EDGE('',*,*,#6923,.F.) ;
#7086=ORIENTED_EDGE('',*,*,#6947,.F.) ;
#7087=ORIENTED_EDGE('',*,*,#6971,.F.) ;
#7088=ORIENTED_EDGE('',*,*,#6995,.F.) ;
#7089=ORIENTED_EDGE('',*,*,#7019,.F.) ;
#7090=ORIENTED_EDGE('',*,*,#7043,.F.) ;
#7091=ORIENTED_EDGE('',*,*,#7060,.F.) ;
#7092=ORIENTED_EDGE('',*,*,#6540,.F.) ;
#7093=ORIENTED_EDGE('',*,*,#6685,.F.) ;
#7124=ORIENTED_EDGE('',*,*,#7103,.F.) ;
#7125=ORIENTED_EDGE('',*,*,#7110,.F.) ;
#7126=ORIENTED_EDGE('',*,*,#7117,.F.) ;
#7127=ORIENTED_EDGE('',*,*,#7122,.F.) ;
#7136=ORIENTED_EDGE('',*,*,#7077,.F.) ;
#7137=ORIENTED_EDGE('',*,*,#6679,.F.) ;
#7138=ORIENTED_EDGE('',*,*,#5764,.T.) ;
#7139=ORIENTED_EDGE('',*,*,#6813,.F.) ;
#7167=ORIENTED_EDGE('',*,*,#7153,.F.) ;
#7168=ORIENTED_EDGE('',*,*,#7103,.T.) ;
#7169=ORIENTED_EDGE('',*,*,#7160,.T.) ;
#7170=ORIENTED_EDGE('',*,*,#7165,.F.) ;
#7198=ORIENTED_EDGE('',*,*,#7186,.T.) ;
#7199=ORIENTED_EDGE('',*,*,#7191,.T.) ;
#7200=ORIENTED_EDGE('',*,*,#7165,.T.) ;
#7201=ORIENTED_EDGE('',*,*,#7196,.T.) ;
#7215=ORIENTED_EDGE('',*,*,#7213,.F.) ;
#7216=ORIENTED_EDGE('',*,*,#7110,.T.) ;
#7217=ORIENTED_EDGE('',*,*,#7153,.T.) ;
#7218=ORIENTED_EDGE('',*,*,#7191,.F.) ;
#7232=ORIENTED_EDGE('',*,*,#7160,.F.) ;
#7233=ORIENTED_EDGE('',*,*,#7122,.T.) ;
#7234=ORIENTED_EDGE('',*,*,#7230,.T.) ;
#7235=ORIENTED_EDGE('',*,*,#7196,.F.) ;
#7244=ORIENTED_EDGE('',*,*,#7230,.F.) ;
#7245=ORIENTED_EDGE('',*,*,#7117,.T.) ;
#7246=ORIENTED_EDGE('',*,*,#7213,.T.) ;
#7247=ORIENTED_EDGE('',*,*,#7186,.F.) ;
#7346=ORIENTED_EDGE('',*,*,#7325,.F.) ;
#7347=ORIENTED_EDGE('',*,*,#7332,.T.) ;
#7348=ORIENTED_EDGE('',*,*,#7339,.T.) ;
#7349=ORIENTED_EDGE('',*,*,#7344,.F.) ;
#7363=ORIENTED_EDGE('',*,*,#7356,.F.) ;
#7364=ORIENTED_EDGE('',*,*,#7344,.T.) ;
#7365=ORIENTED_EDGE('',*,*,#7361,.T.) ;
#7366=ORIENTED_EDGE('',*,*,#7332,.F.) ;
#7403=ORIENTED_EDGE('',*,*,#7382,.F.) ;
#7404=ORIENTED_EDGE('',*,*,#7389,.T.) ;
#7405=ORIENTED_EDGE('',*,*,#7396,.T.) ;
#7406=ORIENTED_EDGE('',*,*,#7401,.F.) ;
#7420=ORIENTED_EDGE('',*,*,#7413,.F.) ;
#7421=ORIENTED_EDGE('',*,*,#7401,.T.) ;
#7422=ORIENTED_EDGE('',*,*,#7418,.T.) ;
#7423=ORIENTED_EDGE('',*,*,#7389,.F.) ;
#7432=ORIENTED_EDGE('',*,*,#7396,.F.) ;
#7433=ORIENTED_EDGE('',*,*,#7418,.F.) ;
#7436=ORIENTED_EDGE('',*,*,#7356,.T.) ;
#7437=ORIENTED_EDGE('',*,*,#7325,.T.) ;
#7446=ORIENTED_EDGE('',*,*,#7413,.T.) ;
#7447=ORIENTED_EDGE('',*,*,#7382,.T.) ;
#7450=ORIENTED_EDGE('',*,*,#7339,.F.) ;
#7451=ORIENTED_EDGE('',*,*,#7361,.F.) ;
#7550=ORIENTED_EDGE('',*,*,#7529,.F.) ;
#7551=ORIENTED_EDGE('',*,*,#7536,.T.) ;
#7552=ORIENTED_EDGE('',*,*,#7543,.T.) ;
#7553=ORIENTED_EDGE('',*,*,#7548,.F.) ;
#7567=ORIENTED_EDGE('',*,*,#7560,.F.) ;
#7568=ORIENTED_EDGE('',*,*,#7548,.T.) ;
#7569=ORIENTED_EDGE('',*,*,#7565,.T.) ;
#7570=ORIENTED_EDGE('',*,*,#7536,.F.) ;
#7579=ORIENTED_EDGE('',*,*,#7543,.F.) ;
#7580=ORIENTED_EDGE('',*,*,#7565,.F.) ;
#7603=ORIENTED_EDGE('',*,*,#7596,.T.) ;
#7604=ORIENTED_EDGE('',*,*,#7601,.T.) ;
#7632=ORIENTED_EDGE('',*,*,#7618,.T.) ;
#7633=ORIENTED_EDGE('',*,*,#7625,.T.) ;
#7634=ORIENTED_EDGE('',*,*,#7630,.F.) ;
#7635=ORIENTED_EDGE('',*,*,#7596,.F.) ;
#7649=ORIENTED_EDGE('',*,*,#7630,.T.) ;
#7650=ORIENTED_EDGE('',*,*,#7647,.T.) ;
#7651=ORIENTED_EDGE('',*,*,#7618,.F.) ;
#7652=ORIENTED_EDGE('',*,*,#7601,.F.) ;
#7689=ORIENTED_EDGE('',*,*,#7668,.T.) ;
#7690=ORIENTED_EDGE('',*,*,#7675,.T.) ;
#7691=ORIENTED_EDGE('',*,*,#7682,.F.) ;
#7692=ORIENTED_EDGE('',*,*,#7687,.T.) ;
#7706=ORIENTED_EDGE('',*,*,#7682,.T.) ;
#7707=ORIENTED_EDGE('',*,*,#7699,.T.) ;
#7708=ORIENTED_EDGE('',*,*,#7668,.F.) ;
#7709=ORIENTED_EDGE('',*,*,#7704,.T.) ;
#7737=ORIENTED_EDGE('',*,*,#7723,.F.) ;
#7738=ORIENTED_EDGE('',*,*,#7625,.F.) ;
#7739=ORIENTED_EDGE('',*,*,#7730,.T.) ;
#7740=ORIENTED_EDGE('',*,*,#7735,.F.) ;
#7749=ORIENTED_EDGE('',*,*,#7730,.F.) ;
#7750=ORIENTED_EDGE('',*,*,#7647,.F.) ;
#7751=ORIENTED_EDGE('',*,*,#7723,.T.) ;
#7752=ORIENTED_EDGE('',*,*,#7747,.F.) ;
#7771=ORIENTED_EDGE('',*,*,#7747,.T.) ;
#7772=ORIENTED_EDGE('',*,*,#7764,.T.) ;
#7773=ORIENTED_EDGE('',*,*,#7704,.F.) ;
#7774=ORIENTED_EDGE('',*,*,#7769,.F.) ;
#7783=ORIENTED_EDGE('',*,*,#7735,.T.) ;
#7784=ORIENTED_EDGE('',*,*,#7769,.T.) ;
#7785=ORIENTED_EDGE('',*,*,#7687,.F.) ;
#7786=ORIENTED_EDGE('',*,*,#7764,.F.) ;
#7814=ORIENTED_EDGE('',*,*,#7800,.F.) ;
#7815=ORIENTED_EDGE('',*,*,#7675,.F.) ;
#7816=ORIENTED_EDGE('',*,*,#7807,.T.) ;
#7817=ORIENTED_EDGE('',*,*,#7812,.T.) ;
#7826=ORIENTED_EDGE('',*,*,#7807,.F.) ;
#7827=ORIENTED_EDGE('',*,*,#7699,.F.) ;
#7828=ORIENTED_EDGE('',*,*,#7800,.T.) ;
#7829=ORIENTED_EDGE('',*,*,#7824,.T.) ;
#7852=ORIENTED_EDGE('',*,*,#7845,.F.) ;
#7853=ORIENTED_EDGE('',*,*,#7850,.F.) ;
#7856=ORIENTED_EDGE('',*,*,#7560,.T.) ;
#7857=ORIENTED_EDGE('',*,*,#7529,.T.) ;
#7876=ORIENTED_EDGE('',*,*,#7869,.T.) ;
#7877=ORIENTED_EDGE('',*,*,#7850,.T.) ;
#7878=ORIENTED_EDGE('',*,*,#7874,.F.) ;
#7879=ORIENTED_EDGE('',*,*,#7824,.F.) ;
#7888=ORIENTED_EDGE('',*,*,#7874,.T.) ;
#7889=ORIENTED_EDGE('',*,*,#7845,.T.) ;
#7890=ORIENTED_EDGE('',*,*,#7869,.F.) ;
#7891=ORIENTED_EDGE('',*,*,#7812,.F.) ;
#7990=ORIENTED_EDGE('',*,*,#7969,.F.) ;
#7991=ORIENTED_EDGE('',*,*,#7976,.T.) ;
#7992=ORIENTED_EDGE('',*,*,#7983,.T.) ;
#7993=ORIENTED_EDGE('',*,*,#7988,.F.) ;
#8015=ORIENTED_EDGE('',*,*,#8008,.F.) ;
#8016=ORIENTED_EDGE('',*,*,#7988,.T.) ;
#8017=ORIENTED_EDGE('',*,*,#8013,.T.) ;
#8018=ORIENTED_EDGE('',*,*,#7976,.F.) ;
#8053=ORIENTED_EDGE('',*,*,#7983,.F.) ;
#8054=ORIENTED_EDGE('',*,*,#8039,.T.) ;
#8055=ORIENTED_EDGE('',*,*,#8046,.T.) ;
#8056=ORIENTED_EDGE('',*,*,#8051,.F.) ;
#8072=ORIENTED_EDGE('',*,*,#7969,.T.) ;
#8073=ORIENTED_EDGE('',*,*,#8008,.T.) ;
#8089=ORIENTED_EDGE('',*,*,#8013,.F.) ;
#8090=ORIENTED_EDGE('',*,*,#8051,.T.) ;
#8091=ORIENTED_EDGE('',*,*,#8087,.T.) ;
#8092=ORIENTED_EDGE('',*,*,#8039,.F.) ;
#8127=ORIENTED_EDGE('',*,*,#8046,.F.) ;
#8128=ORIENTED_EDGE('',*,*,#8113,.T.) ;
#8129=ORIENTED_EDGE('',*,*,#8120,.T.) ;
#8130=ORIENTED_EDGE('',*,*,#8125,.F.) ;
#8146=ORIENTED_EDGE('',*,*,#8087,.F.) ;
#8147=ORIENTED_EDGE('',*,*,#8125,.T.) ;
#8148=ORIENTED_EDGE('',*,*,#8144,.T.) ;
#8149=ORIENTED_EDGE('',*,*,#8113,.F.) ;
#8184=ORIENTED_EDGE('',*,*,#8120,.F.) ;
#8185=ORIENTED_EDGE('',*,*,#8170,.T.) ;
#8186=ORIENTED_EDGE('',*,*,#8177,.T.) ;
#8187=ORIENTED_EDGE('',*,*,#8182,.F.) ;
#8203=ORIENTED_EDGE('',*,*,#8144,.F.) ;
#8204=ORIENTED_EDGE('',*,*,#8182,.T.) ;
#8205=ORIENTED_EDGE('',*,*,#8201,.T.) ;
#8206=ORIENTED_EDGE('',*,*,#8170,.F.) ;
#8236=ORIENTED_EDGE('',*,*,#8229,.T.) ;
#8237=ORIENTED_EDGE('',*,*,#8234,.T.) ;
#8240=ORIENTED_EDGE('',*,*,#8177,.F.) ;
#8241=ORIENTED_EDGE('',*,*,#8201,.F.) ;
#8276=ORIENTED_EDGE('',*,*,#8229,.F.) ;
#8277=ORIENTED_EDGE('',*,*,#8262,.T.) ;
#8278=ORIENTED_EDGE('',*,*,#8269,.T.) ;
#8279=ORIENTED_EDGE('',*,*,#8274,.F.) ;
#8295=ORIENTED_EDGE('',*,*,#8234,.F.) ;
#8296=ORIENTED_EDGE('',*,*,#8274,.T.) ;
#8297=ORIENTED_EDGE('',*,*,#8293,.T.) ;
#8298=ORIENTED_EDGE('',*,*,#8262,.F.) ;
#8342=ORIENTED_EDGE('',*,*,#8321,.F.) ;
#8343=ORIENTED_EDGE('',*,*,#8328,.T.) ;
#8344=ORIENTED_EDGE('',*,*,#8335,.T.) ;
#8345=ORIENTED_EDGE('',*,*,#8340,.F.) ;
#8366=ORIENTED_EDGE('',*,*,#8359,.F.) ;
#8367=ORIENTED_EDGE('',*,*,#8340,.T.) ;
#8368=ORIENTED_EDGE('',*,*,#8364,.T.) ;
#8369=ORIENTED_EDGE('',*,*,#8328,.F.) ;
#8385=ORIENTED_EDGE('',*,*,#8335,.F.) ;
#8386=ORIENTED_EDGE('',*,*,#8364,.F.) ;
#8416=ORIENTED_EDGE('',*,*,#8402,.T.) ;
#8417=ORIENTED_EDGE('',*,*,#8321,.T.) ;
#8418=ORIENTED_EDGE('',*,*,#8409,.F.) ;
#8419=ORIENTED_EDGE('',*,*,#8414,.F.) ;
#8435=ORIENTED_EDGE('',*,*,#8409,.T.) ;
#8436=ORIENTED_EDGE('',*,*,#8359,.T.) ;
#8437=ORIENTED_EDGE('',*,*,#8402,.F.) ;
#8438=ORIENTED_EDGE('',*,*,#8433,.F.) ;
#8482=ORIENTED_EDGE('',*,*,#8461,.F.) ;
#8483=ORIENTED_EDGE('',*,*,#8468,.T.) ;
#8484=ORIENTED_EDGE('',*,*,#8475,.T.) ;
#8485=ORIENTED_EDGE('',*,*,#8480,.F.) ;
#8499=ORIENTED_EDGE('',*,*,#8492,.F.) ;
#8500=ORIENTED_EDGE('',*,*,#8480,.T.) ;
#8501=ORIENTED_EDGE('',*,*,#8497,.T.) ;
#8502=ORIENTED_EDGE('',*,*,#8468,.F.) ;
#8658=ORIENTED_EDGE('',*,*,#8518,.T.) ;
#8659=ORIENTED_EDGE('',*,*,#8525,.F.) ;
#8660=ORIENTED_EDGE('',*,*,#8532,.F.) ;
#8661=ORIENTED_EDGE('',*,*,#8539,.F.) ;
#8662=ORIENTED_EDGE('',*,*,#8546,.T.) ;
#8663=ORIENTED_EDGE('',*,*,#8553,.F.) ;
#8664=ORIENTED_EDGE('',*,*,#8560,.F.) ;
#8665=ORIENTED_EDGE('',*,*,#8567,.F.) ;
#8666=ORIENTED_EDGE('',*,*,#8574,.T.) ;
#8667=ORIENTED_EDGE('',*,*,#8581,.T.) ;
#8668=ORIENTED_EDGE('',*,*,#8588,.F.) ;
#8669=ORIENTED_EDGE('',*,*,#8595,.F.) ;
#8670=ORIENTED_EDGE('',*,*,#8602,.F.) ;
#8671=ORIENTED_EDGE('',*,*,#8609,.T.) ;
#8672=ORIENTED_EDGE('',*,*,#8616,.F.) ;
#8673=ORIENTED_EDGE('',*,*,#8623,.F.) ;
#8674=ORIENTED_EDGE('',*,*,#8630,.F.) ;
#8675=ORIENTED_EDGE('',*,*,#8637,.T.) ;
#8676=ORIENTED_EDGE('',*,*,#8644,.F.) ;
#8677=ORIENTED_EDGE('',*,*,#8651,.F.) ;
#8678=ORIENTED_EDGE('',*,*,#8656,.F.) ;
#8681=ORIENTED_EDGE('',*,*,#8497,.F.) ;
#8682=ORIENTED_EDGE('',*,*,#8475,.F.) ;
#8691=ORIENTED_EDGE('',*,*,#8461,.T.) ;
#8692=ORIENTED_EDGE('',*,*,#8492,.T.) ;
#8695=ORIENTED_EDGE('',*,*,#8269,.F.) ;
#8696=ORIENTED_EDGE('',*,*,#8293,.F.) ;
#8724=ORIENTED_EDGE('',*,*,#8710,.T.) ;
#8725=ORIENTED_EDGE('',*,*,#8518,.F.) ;
#8726=ORIENTED_EDGE('',*,*,#8717,.F.) ;
#8727=ORIENTED_EDGE('',*,*,#8722,.F.) ;
#8748=ORIENTED_EDGE('',*,*,#8741,.T.) ;
#8749=ORIENTED_EDGE('',*,*,#8525,.T.) ;
#8750=ORIENTED_EDGE('',*,*,#8710,.F.) ;
#8751=ORIENTED_EDGE('',*,*,#8746,.F.) ;
#8772=ORIENTED_EDGE('',*,*,#8765,.F.) ;
#8773=ORIENTED_EDGE('',*,*,#8770,.T.) ;
#8774=ORIENTED_EDGE('',*,*,#8532,.T.) ;
#8775=ORIENTED_EDGE('',*,*,#8741,.F.) ;
#8796=ORIENTED_EDGE('',*,*,#8789,.T.) ;
#8797=ORIENTED_EDGE('',*,*,#8539,.T.) ;
#8798=ORIENTED_EDGE('',*,*,#8770,.F.) ;
#8799=ORIENTED_EDGE('',*,*,#8794,.F.) ;
#8815=ORIENTED_EDGE('',*,*,#8808,.T.) ;
#8816=ORIENTED_EDGE('',*,*,#8546,.F.) ;
#8817=ORIENTED_EDGE('',*,*,#8789,.F.) ;
#8818=ORIENTED_EDGE('',*,*,#8813,.F.) ;
#8839=ORIENTED_EDGE('',*,*,#8832,.T.) ;
#8840=ORIENTED_EDGE('',*,*,#8553,.T.) ;
#8841=ORIENTED_EDGE('',*,*,#8808,.F.) ;
#8842=ORIENTED_EDGE('',*,*,#8837,.F.) ;
#8863=ORIENTED_EDGE('',*,*,#8856,.F.) ;
#8864=ORIENTED_EDGE('',*,*,#8861,.T.) ;
#8865=ORIENTED_EDGE('',*,*,#8560,.T.) ;
#8866=ORIENTED_EDGE('',*,*,#8832,.F.) ;
#8887=ORIENTED_EDGE('',*,*,#8880,.T.) ;
#8888=ORIENTED_EDGE('',*,*,#8567,.T.) ;
#8889=ORIENTED_EDGE('',*,*,#8861,.F.) ;
#8890=ORIENTED_EDGE('',*,*,#8885,.F.) ;
#8906=ORIENTED_EDGE('',*,*,#8899,.F.) ;
#8907=ORIENTED_EDGE('',*,*,#8574,.F.) ;
#8908=ORIENTED_EDGE('',*,*,#8880,.F.) ;
#8909=ORIENTED_EDGE('',*,*,#8904,.F.) ;
#8925=ORIENTED_EDGE('',*,*,#8918,.T.) ;
#8926=ORIENTED_EDGE('',*,*,#8581,.F.) ;
#8927=ORIENTED_EDGE('',*,*,#8899,.T.) ;
#8928=ORIENTED_EDGE('',*,*,#8923,.F.) ;
#8949=ORIENTED_EDGE('',*,*,#8942,.T.) ;
#8950=ORIENTED_EDGE('',*,*,#8588,.T.) ;
#8951=ORIENTED_EDGE('',*,*,#8918,.F.) ;
#8952=ORIENTED_EDGE('',*,*,#8947,.F.) ;
#8973=ORIENTED_EDGE('',*,*,#8966,.F.) ;
#8974=ORIENTED_EDGE('',*,*,#8971,.T.) ;
#8975=ORIENTED_EDGE('',*,*,#8595,.T.) ;
#8976=ORIENTED_EDGE('',*,*,#8942,.F.) ;
#8997=ORIENTED_EDGE('',*,*,#8990,.T.) ;
#8998=ORIENTED_EDGE('',*,*,#8602,.T.) ;
#8999=ORIENTED_EDGE('',*,*,#8971,.F.) ;
#9000=ORIENTED_EDGE('',*,*,#8995,.F.) ;
#9016=ORIENTED_EDGE('',*,*,#9009,.T.) ;
#9017=ORIENTED_EDGE('',*,*,#8609,.F.) ;
#9018=ORIENTED_EDGE('',*,*,#8990,.F.) ;
#9019=ORIENTED_EDGE('',*,*,#9014,.F.) ;
#9040=ORIENTED_EDGE('',*,*,#9033,.T.) ;
#9041=ORIENTED_EDGE('',*,*,#8616,.T.) ;
#9042=ORIENTED_EDGE('',*,*,#9009,.F.) ;
#9043=ORIENTED_EDGE('',*,*,#9038,.F.) ;
#9064=ORIENTED_EDGE('',*,*,#9057,.F.) ;
#9065=ORIENTED_EDGE('',*,*,#9062,.T.) ;
#9066=ORIENTED_EDGE('',*,*,#8623,.T.) ;
#9067=ORIENTED_EDGE('',*,*,#9033,.F.) ;
#9088=ORIENTED_EDGE('',*,*,#9081,.T.) ;
#9089=ORIENTED_EDGE('',*,*,#8630,.T.) ;
#9090=ORIENTED_EDGE('',*,*,#9062,.F.) ;
#9091=ORIENTED_EDGE('',*,*,#9086,.F.) ;
#9107=ORIENTED_EDGE('',*,*,#9100,.T.) ;
#9108=ORIENTED_EDGE('',*,*,#8637,.F.) ;
#9109=ORIENTED_EDGE('',*,*,#9081,.F.) ;
#9110=ORIENTED_EDGE('',*,*,#9105,.F.) ;
#9131=ORIENTED_EDGE('',*,*,#9124,.T.) ;
#9132=ORIENTED_EDGE('',*,*,#8644,.T.) ;
#9133=ORIENTED_EDGE('',*,*,#9100,.F.) ;
#9134=ORIENTED_EDGE('',*,*,#9129,.F.) ;
#9155=ORIENTED_EDGE('',*,*,#9148,.F.) ;
#9156=ORIENTED_EDGE('',*,*,#9153,.T.) ;
#9157=ORIENTED_EDGE('',*,*,#8651,.T.) ;
#9158=ORIENTED_EDGE('',*,*,#9124,.F.) ;
#9172=ORIENTED_EDGE('',*,*,#8717,.T.) ;
#9173=ORIENTED_EDGE('',*,*,#8656,.T.) ;
#9174=ORIENTED_EDGE('',*,*,#9153,.F.) ;
#9175=ORIENTED_EDGE('',*,*,#9170,.F.) ;
#9209=ORIENTED_EDGE('',*,*,#9192,.T.) ;
#9210=ORIENTED_EDGE('',*,*,#9199,.F.) ;
#9211=ORIENTED_EDGE('',*,*,#9207,.F.) ;
#9212=ORIENTED_EDGE('',*,*,#8722,.T.) ;
#9273=ORIENTED_EDGE('',*,*,#8746,.T.) ;
#9274=ORIENTED_EDGE('',*,*,#9207,.T.) ;
#9275=ORIENTED_EDGE('',*,*,#9271,.F.) ;
#9299=ORIENTED_EDGE('',*,*,#9271,.T.) ;
#9300=ORIENTED_EDGE('',*,*,#9289,.F.) ;
#9301=ORIENTED_EDGE('',*,*,#9297,.F.) ;
#9302=ORIENTED_EDGE('',*,*,#8765,.T.) ;
#9363=ORIENTED_EDGE('',*,*,#8794,.T.) ;
#9364=ORIENTED_EDGE('',*,*,#9297,.T.) ;
#9365=ORIENTED_EDGE('',*,*,#9361,.F.) ;
#9389=ORIENTED_EDGE('',*,*,#9361,.T.) ;
#9390=ORIENTED_EDGE('',*,*,#9379,.F.) ;
#9391=ORIENTED_EDGE('',*,*,#9387,.F.) ;
#9392=ORIENTED_EDGE('',*,*,#8813,.T.) ;
#9453=ORIENTED_EDGE('',*,*,#8837,.T.) ;
#9454=ORIENTED_EDGE('',*,*,#9387,.T.) ;
#9455=ORIENTED_EDGE('',*,*,#9451,.F.) ;
#9479=ORIENTED_EDGE('',*,*,#9451,.T.) ;
#9480=ORIENTED_EDGE('',*,*,#9469,.F.) ;
#9481=ORIENTED_EDGE('',*,*,#9477,.F.) ;
#9482=ORIENTED_EDGE('',*,*,#8856,.T.) ;
#9543=ORIENTED_EDGE('',*,*,#8885,.T.) ;
#9544=ORIENTED_EDGE('',*,*,#9477,.T.) ;
#9545=ORIENTED_EDGE('',*,*,#9541,.F.) ;
#9576=ORIENTED_EDGE('',*,*,#9559,.F.) ;
#9577=ORIENTED_EDGE('',*,*,#9566,.F.) ;
#9578=ORIENTED_EDGE('',*,*,#9574,.F.) ;
#9579=ORIENTED_EDGE('',*,*,#8923,.T.) ;
#9580=ORIENTED_EDGE('',*,*,#8904,.T.) ;
#9581=ORIENTED_EDGE('',*,*,#9541,.T.) ;
#9642=ORIENTED_EDGE('',*,*,#8947,.T.) ;
#9643=ORIENTED_EDGE('',*,*,#9574,.T.) ;
#9644=ORIENTED_EDGE('',*,*,#9640,.F.) ;
#9668=ORIENTED_EDGE('',*,*,#9640,.T.) ;
#9669=ORIENTED_EDGE('',*,*,#9658,.F.) ;
#9670=ORIENTED_EDGE('',*,*,#9666,.F.) ;
#9671=ORIENTED_EDGE('',*,*,#8966,.T.) ;
#9732=ORIENTED_EDGE('',*,*,#8995,.T.) ;
#9733=ORIENTED_EDGE('',*,*,#9666,.T.) ;
#9734=ORIENTED_EDGE('',*,*,#9730,.F.) ;
#9758=ORIENTED_EDGE('',*,*,#9730,.T.) ;
#9759=ORIENTED_EDGE('',*,*,#9748,.F.) ;
#9760=ORIENTED_EDGE('',*,*,#9756,.F.) ;
#9761=ORIENTED_EDGE('',*,*,#9014,.T.) ;
#9822=ORIENTED_EDGE('',*,*,#9038,.T.) ;
#9823=ORIENTED_EDGE('',*,*,#9756,.T.) ;
#9824=ORIENTED_EDGE('',*,*,#9820,.F.) ;
#9848=ORIENTED_EDGE('',*,*,#9820,.T.) ;
#9849=ORIENTED_EDGE('',*,*,#9838,.F.) ;
#9850=ORIENTED_EDGE('',*,*,#9846,.F.) ;
#9851=ORIENTED_EDGE('',*,*,#9057,.T.) ;
#9912=ORIENTED_EDGE('',*,*,#9086,.T.) ;
#9913=ORIENTED_EDGE('',*,*,#9846,.T.) ;
#9914=ORIENTED_EDGE('',*,*,#9910,.F.) ;
#9938=ORIENTED_EDGE('',*,*,#9910,.T.) ;
#9939=ORIENTED_EDGE('',*,*,#9928,.F.) ;
#9940=ORIENTED_EDGE('',*,*,#9936,.F.) ;
#9941=ORIENTED_EDGE('',*,*,#9105,.T.) ;
#10002=ORIENTED_EDGE('',*,*,#9129,.T.) ;
#10003=ORIENTED_EDGE('',*,*,#9936,.T.) ;
#10004=ORIENTED_EDGE('',*,*,#10000,.F.) ;
#10026=ORIENTED_EDGE('',*,*,#10000,.T.) ;
#10027=ORIENTED_EDGE('',*,*,#10016,.F.) ;
#10028=ORIENTED_EDGE('',*,*,#10024,.F.) ;
#10029=ORIENTED_EDGE('',*,*,#9148,.T.) ;
#10070=ORIENTED_EDGE('',*,*,#9170,.T.) ;
#10071=ORIENTED_EDGE('',*,*,#10024,.T.) ;
#10072=ORIENTED_EDGE('',*,*,#9192,.F.) ;
#10081=ORIENTED_EDGE('',*,*,#9928,.T.) ;
#10082=ORIENTED_EDGE('',*,*,#9838,.T.) ;
#10083=ORIENTED_EDGE('',*,*,#9748,.T.) ;
#10084=ORIENTED_EDGE('',*,*,#9658,.T.) ;
#10085=ORIENTED_EDGE('',*,*,#9566,.T.) ;
#10086=ORIENTED_EDGE('',*,*,#9559,.T.) ;
#10087=ORIENTED_EDGE('',*,*,#9469,.T.) ;
#10088=ORIENTED_EDGE('',*,*,#9379,.T.) ;
#10089=ORIENTED_EDGE('',*,*,#9289,.T.) ;
#10090=ORIENTED_EDGE('',*,*,#9199,.T.) ;
#10091=ORIENTED_EDGE('',*,*,#10016,.T.) ;
#10094=ORIENTED_EDGE('',*,*,#8433,.T.) ;
#10095=ORIENTED_EDGE('',*,*,#8414,.T.) ;
#10165=ORIENTED_EDGE('',*,*,#10144,.F.) ;
#10166=ORIENTED_EDGE('',*,*,#10151,.T.) ;
#10167=ORIENTED_EDGE('',*,*,#10158,.T.) ;
#10168=ORIENTED_EDGE('',*,*,#10163,.F.) ;
#10182=ORIENTED_EDGE('',*,*,#10175,.F.) ;
#10183=ORIENTED_EDGE('',*,*,#10163,.T.) ;
#10184=ORIENTED_EDGE('',*,*,#10180,.T.) ;
#10185=ORIENTED_EDGE('',*,*,#10151,.F.) ;
#10222=ORIENTED_EDGE('',*,*,#10201,.F.) ;
#10223=ORIENTED_EDGE('',*,*,#10208,.T.) ;
#10224=ORIENTED_EDGE('',*,*,#10215,.T.) ;
#10225=ORIENTED_EDGE('',*,*,#10220,.F.) ;
#10239=ORIENTED_EDGE('',*,*,#10232,.F.) ;
#10240=ORIENTED_EDGE('',*,*,#10220,.T.) ;
#10241=ORIENTED_EDGE('',*,*,#10237,.T.) ;
#10242=ORIENTED_EDGE('',*,*,#10208,.F.) ;
#10251=ORIENTED_EDGE('',*,*,#10232,.T.) ;
#10252=ORIENTED_EDGE('',*,*,#10201,.T.) ;
#10255=ORIENTED_EDGE('',*,*,#10158,.F.) ;
#10256=ORIENTED_EDGE('',*,*,#10180,.F.) ;
#10265=ORIENTED_EDGE('',*,*,#10215,.F.) ;
#10266=ORIENTED_EDGE('',*,*,#10237,.F.) ;
#10269=ORIENTED_EDGE('',*,*,#10175,.T.) ;
#10270=ORIENTED_EDGE('',*,*,#10144,.T.) ;
#10339=ORIENTED_EDGE('',*,*,#10318,.F.) ;
#10340=ORIENTED_EDGE('',*,*,#10325,.T.) ;
#10341=ORIENTED_EDGE('',*,*,#10332,.T.) ;
#10342=ORIENTED_EDGE('',*,*,#10337,.F.) ;
#10356=ORIENTED_EDGE('',*,*,#10349,.F.) ;
#10357=ORIENTED_EDGE('',*,*,#10337,.T.) ;
#10358=ORIENTED_EDGE('',*,*,#10354,.T.) ;
#10359=ORIENTED_EDGE('',*,*,#10325,.F.) ;
#10382=ORIENTED_EDGE('',*,*,#10375,.T.) ;
#10383=ORIENTED_EDGE('',*,*,#10380,.T.) ;
#10386=ORIENTED_EDGE('',*,*,#10332,.F.) ;
#10387=ORIENTED_EDGE('',*,*,#10354,.F.) ;
#10415=ORIENTED_EDGE('',*,*,#10375,.F.) ;
#10416=ORIENTED_EDGE('',*,*,#10401,.T.) ;
#10417=ORIENTED_EDGE('',*,*,#10408,.T.) ;
#10418=ORIENTED_EDGE('',*,*,#10413,.F.) ;
#10427=ORIENTED_EDGE('',*,*,#10380,.F.) ;
#10428=ORIENTED_EDGE('',*,*,#10413,.T.) ;
#10429=ORIENTED_EDGE('',*,*,#10425,.T.) ;
#10430=ORIENTED_EDGE('',*,*,#10401,.F.) ;
#10586=ORIENTED_EDGE('',*,*,#10446,.T.) ;
#10587=ORIENTED_EDGE('',*,*,#10453,.F.) ;
#10588=ORIENTED_EDGE('',*,*,#10460,.F.) ;
#10589=ORIENTED_EDGE('',*,*,#10467,.F.) ;
#10590=ORIENTED_EDGE('',*,*,#10474,.T.) ;
#10591=ORIENTED_EDGE('',*,*,#10481,.F.) ;
#10592=ORIENTED_EDGE('',*,*,#10488,.F.) ;
#10593=ORIENTED_EDGE('',*,*,#10495,.F.) ;
#10594=ORIENTED_EDGE('',*,*,#10502,.T.) ;
#10595=ORIENTED_EDGE('',*,*,#10509,.T.) ;
#10596=ORIENTED_EDGE('',*,*,#10516,.F.) ;
#10597=ORIENTED_EDGE('',*,*,#10523,.F.) ;
#10598=ORIENTED_EDGE('',*,*,#10530,.F.) ;
#10599=ORIENTED_EDGE('',*,*,#10537,.T.) ;
#10600=ORIENTED_EDGE('',*,*,#10544,.F.) ;
#10601=ORIENTED_EDGE('',*,*,#10551,.F.) ;
#10602=ORIENTED_EDGE('',*,*,#10558,.F.) ;
#10603=ORIENTED_EDGE('',*,*,#10565,.T.) ;
#10604=ORIENTED_EDGE('',*,*,#10572,.F.) ;
#10605=ORIENTED_EDGE('',*,*,#10579,.F.) ;
#10606=ORIENTED_EDGE('',*,*,#10584,.F.) ;
#10609=ORIENTED_EDGE('',*,*,#10425,.F.) ;
#10610=ORIENTED_EDGE('',*,*,#10408,.F.) ;
#10638=ORIENTED_EDGE('',*,*,#10624,.T.) ;
#10639=ORIENTED_EDGE('',*,*,#10453,.T.) ;
#10640=ORIENTED_EDGE('',*,*,#10631,.F.) ;
#10641=ORIENTED_EDGE('',*,*,#10636,.F.) ;
#10662=ORIENTED_EDGE('',*,*,#10655,.F.) ;
#10663=ORIENTED_EDGE('',*,*,#10660,.T.) ;
#10664=ORIENTED_EDGE('',*,*,#10460,.T.) ;
#10665=ORIENTED_EDGE('',*,*,#10624,.F.) ;
#10686=ORIENTED_EDGE('',*,*,#10679,.T.) ;
#10687=ORIENTED_EDGE('',*,*,#10467,.T.) ;
#10688=ORIENTED_EDGE('',*,*,#10660,.F.) ;
#10689=ORIENTED_EDGE('',*,*,#10684,.F.) ;
#10710=ORIENTED_EDGE('',*,*,#10703,.T.) ;
#10711=ORIENTED_EDGE('',*,*,#10474,.F.) ;
#10712=ORIENTED_EDGE('',*,*,#10679,.F.) ;
#10713=ORIENTED_EDGE('',*,*,#10708,.F.) ;
#10734=ORIENTED_EDGE('',*,*,#10727,.T.) ;
#10735=ORIENTED_EDGE('',*,*,#10481,.T.) ;
#10736=ORIENTED_EDGE('',*,*,#10703,.F.) ;
#10737=ORIENTED_EDGE('',*,*,#10732,.F.) ;
#10760=ORIENTED_EDGE('',*,*,#10746,.F.) ;
#10761=ORIENTED_EDGE('',*,*,#10502,.F.) ;
#10762=ORIENTED_EDGE('',*,*,#10753,.F.) ;
#10763=ORIENTED_EDGE('',*,*,#10758,.F.) ;
#10784=ORIENTED_EDGE('',*,*,#10777,.F.) ;
#10785=ORIENTED_EDGE('',*,*,#10782,.T.) ;
#10786=ORIENTED_EDGE('',*,*,#10488,.T.) ;
#10787=ORIENTED_EDGE('',*,*,#10727,.F.) ;
#10801=ORIENTED_EDGE('',*,*,#10753,.T.) ;
#10802=ORIENTED_EDGE('',*,*,#10495,.T.) ;
#10803=ORIENTED_EDGE('',*,*,#10782,.F.) ;
#10804=ORIENTED_EDGE('',*,*,#10799,.F.) ;
#10820=ORIENTED_EDGE('',*,*,#10813,.T.) ;
#10821=ORIENTED_EDGE('',*,*,#10509,.F.) ;
#10822=ORIENTED_EDGE('',*,*,#10746,.T.) ;
#10823=ORIENTED_EDGE('',*,*,#10818,.F.) ;
#10844=ORIENTED_EDGE('',*,*,#10837,.T.) ;
#10845=ORIENTED_EDGE('',*,*,#10516,.T.) ;
#10846=ORIENTED_EDGE('',*,*,#10813,.F.) ;
#10847=ORIENTED_EDGE('',*,*,#10842,.F.) ;
#10868=ORIENTED_EDGE('',*,*,#10861,.F.) ;
#10869=ORIENTED_EDGE('',*,*,#10866,.T.) ;
#10870=ORIENTED_EDGE('',*,*,#10523,.T.) ;
#10871=ORIENTED_EDGE('',*,*,#10837,.F.) ;
#10892=ORIENTED_EDGE('',*,*,#10885,.T.) ;
#10893=ORIENTED_EDGE('',*,*,#10530,.T.) ;
#10894=ORIENTED_EDGE('',*,*,#10866,.F.) ;
#10895=ORIENTED_EDGE('',*,*,#10890,.F.) ;
#10911=ORIENTED_EDGE('',*,*,#10904,.T.) ;
#10912=ORIENTED_EDGE('',*,*,#10537,.F.) ;
#10913=ORIENTED_EDGE('',*,*,#10885,.F.) ;
#10914=ORIENTED_EDGE('',*,*,#10909,.F.) ;
#10935=ORIENTED_EDGE('',*,*,#10928,.T.) ;
#10936=ORIENTED_EDGE('',*,*,#10544,.T.) ;
#10937=ORIENTED_EDGE('',*,*,#10904,.F.) ;
#10938=ORIENTED_EDGE('',*,*,#10933,.F.) ;
#10959=ORIENTED_EDGE('',*,*,#10952,.F.) ;
#10960=ORIENTED_EDGE('',*,*,#10957,.T.) ;
#10961=ORIENTED_EDGE('',*,*,#10551,.T.) ;
#10962=ORIENTED_EDGE('',*,*,#10928,.F.) ;
#10983=ORIENTED_EDGE('',*,*,#10976,.T.) ;
#10984=ORIENTED_EDGE('',*,*,#10558,.T.) ;
#10985=ORIENTED_EDGE('',*,*,#10957,.F.) ;
#10986=ORIENTED_EDGE('',*,*,#10981,.F.) ;
#11002=ORIENTED_EDGE('',*,*,#10995,.T.) ;
#11003=ORIENTED_EDGE('',*,*,#10565,.F.) ;
#11004=ORIENTED_EDGE('',*,*,#10976,.F.) ;
#11005=ORIENTED_EDGE('',*,*,#11000,.F.) ;
#11026=ORIENTED_EDGE('',*,*,#11019,.T.) ;
#11027=ORIENTED_EDGE('',*,*,#10572,.T.) ;
#11028=ORIENTED_EDGE('',*,*,#10995,.F.) ;
#11029=ORIENTED_EDGE('',*,*,#11024,.F.) ;
#11045=ORIENTED_EDGE('',*,*,#10631,.T.) ;
#11046=ORIENTED_EDGE('',*,*,#10446,.F.) ;
#11047=ORIENTED_EDGE('',*,*,#11038,.F.) ;
#11048=ORIENTED_EDGE('',*,*,#11043,.F.) ;
#11069=ORIENTED_EDGE('',*,*,#11062,.F.) ;
#11070=ORIENTED_EDGE('',*,*,#11067,.T.) ;
#11071=ORIENTED_EDGE('',*,*,#10579,.T.) ;
#11072=ORIENTED_EDGE('',*,*,#11019,.F.) ;
#11158=ORIENTED_EDGE('',*,*,#11088,.T.) ;
#11159=ORIENTED_EDGE('',*,*,#11095,.T.) ;
#11160=ORIENTED_EDGE('',*,*,#11102,.T.) ;
#11161=ORIENTED_EDGE('',*,*,#11109,.T.) ;
#11162=ORIENTED_EDGE('',*,*,#11116,.T.) ;
#11163=ORIENTED_EDGE('',*,*,#11123,.T.) ;
#11164=ORIENTED_EDGE('',*,*,#11130,.T.) ;
#11165=ORIENTED_EDGE('',*,*,#11137,.T.) ;
#11166=ORIENTED_EDGE('',*,*,#11144,.T.) ;
#11167=ORIENTED_EDGE('',*,*,#11151,.T.) ;
#11168=ORIENTED_EDGE('',*,*,#11156,.T.) ;
#11171=ORIENTED_EDGE('',*,*,#10349,.T.) ;
#11172=ORIENTED_EDGE('',*,*,#10318,.T.) ;
#11186=ORIENTED_EDGE('',*,*,#11038,.T.) ;
#11187=ORIENTED_EDGE('',*,*,#10584,.T.) ;
#11188=ORIENTED_EDGE('',*,*,#11067,.F.) ;
#11189=ORIENTED_EDGE('',*,*,#11184,.F.) ;
#11214=ORIENTED_EDGE('',*,*,#11204,.T.) ;
#11215=ORIENTED_EDGE('',*,*,#11088,.F.) ;
#11216=ORIENTED_EDGE('',*,*,#11212,.F.) ;
#11217=ORIENTED_EDGE('',*,*,#11000,.T.) ;
#11242=ORIENTED_EDGE('',*,*,#11232,.T.) ;
#11243=ORIENTED_EDGE('',*,*,#11156,.F.) ;
#11244=ORIENTED_EDGE('',*,*,#11240,.F.) ;
#11245=ORIENTED_EDGE('',*,*,#11062,.T.) ;
#11270=ORIENTED_EDGE('',*,*,#11260,.T.) ;
#11271=ORIENTED_EDGE('',*,*,#11151,.F.) ;
#11272=ORIENTED_EDGE('',*,*,#11268,.F.) ;
#11273=ORIENTED_EDGE('',*,*,#11043,.T.) ;
#11298=ORIENTED_EDGE('',*,*,#11288,.T.) ;
#11299=ORIENTED_EDGE('',*,*,#11144,.F.) ;
#11300=ORIENTED_EDGE('',*,*,#11296,.F.) ;
#11301=ORIENTED_EDGE('',*,*,#10655,.T.) ;
#11326=ORIENTED_EDGE('',*,*,#11316,.T.) ;
#11327=ORIENTED_EDGE('',*,*,#11137,.F.) ;
#11328=ORIENTED_EDGE('',*,*,#11324,.F.) ;
#11329=ORIENTED_EDGE('',*,*,#10708,.T.) ;
#11354=ORIENTED_EDGE('',*,*,#11344,.T.) ;
#11355=ORIENTED_EDGE('',*,*,#11130,.F.) ;
#11356=ORIENTED_EDGE('',*,*,#11352,.F.) ;
#11357=ORIENTED_EDGE('',*,*,#10777,.T.) ;
#11382=ORIENTED_EDGE('',*,*,#11372,.T.) ;
#11383=ORIENTED_EDGE('',*,*,#11109,.F.) ;
#11384=ORIENTED_EDGE('',*,*,#11380,.F.) ;
#11385=ORIENTED_EDGE('',*,*,#10861,.T.) ;
#11410=ORIENTED_EDGE('',*,*,#11400,.T.) ;
#11411=ORIENTED_EDGE('',*,*,#11102,.F.) ;
#11412=ORIENTED_EDGE('',*,*,#11408,.F.) ;
#11413=ORIENTED_EDGE('',*,*,#10909,.T.) ;
#11438=ORIENTED_EDGE('',*,*,#11428,.T.) ;
#11439=ORIENTED_EDGE('',*,*,#11095,.F.) ;
#11440=ORIENTED_EDGE('',*,*,#11436,.F.) ;
#11441=ORIENTED_EDGE('',*,*,#10952,.T.) ;
#11482=ORIENTED_EDGE('',*,*,#10933,.T.) ;
#11483=ORIENTED_EDGE('',*,*,#11408,.T.) ;
#11484=ORIENTED_EDGE('',*,*,#11428,.F.) ;
#11525=ORIENTED_EDGE('',*,*,#10890,.T.) ;
#11526=ORIENTED_EDGE('',*,*,#11380,.T.) ;
#11527=ORIENTED_EDGE('',*,*,#11400,.F.) ;
#11588=ORIENTED_EDGE('',*,*,#10842,.T.) ;
#11589=ORIENTED_EDGE('',*,*,#11586,.T.) ;
#11590=ORIENTED_EDGE('',*,*,#11372,.F.) ;
#11651=ORIENTED_EDGE('',*,*,#10799,.T.) ;
#11652=ORIENTED_EDGE('',*,*,#11352,.T.) ;
#11653=ORIENTED_EDGE('',*,*,#11649,.F.) ;
#11694=ORIENTED_EDGE('',*,*,#10732,.T.) ;
#11695=ORIENTED_EDGE('',*,*,#11324,.T.) ;
#11696=ORIENTED_EDGE('',*,*,#11344,.F.) ;
#11737=ORIENTED_EDGE('',*,*,#10684,.T.) ;
#11738=ORIENTED_EDGE('',*,*,#11296,.T.) ;
#11739=ORIENTED_EDGE('',*,*,#11316,.F.) ;
#11780=ORIENTED_EDGE('',*,*,#10636,.T.) ;
#11781=ORIENTED_EDGE('',*,*,#11268,.T.) ;
#11782=ORIENTED_EDGE('',*,*,#11288,.F.) ;
#11823=ORIENTED_EDGE('',*,*,#11184,.T.) ;
#11824=ORIENTED_EDGE('',*,*,#11240,.T.) ;
#11825=ORIENTED_EDGE('',*,*,#11260,.F.) ;
#11866=ORIENTED_EDGE('',*,*,#11024,.T.) ;
#11867=ORIENTED_EDGE('',*,*,#11212,.T.) ;
#11868=ORIENTED_EDGE('',*,*,#11232,.F.) ;
#11909=ORIENTED_EDGE('',*,*,#10981,.T.) ;
#11910=ORIENTED_EDGE('',*,*,#11436,.T.) ;
#11911=ORIENTED_EDGE('',*,*,#11204,.F.) ;
#11920=ORIENTED_EDGE('',*,*,#11123,.F.) ;
#11921=ORIENTED_EDGE('',*,*,#11116,.F.) ;
#11922=ORIENTED_EDGE('',*,*,#11586,.F.) ;
#11923=ORIENTED_EDGE('',*,*,#10818,.T.) ;
#11924=ORIENTED_EDGE('',*,*,#10758,.T.) ;
#11925=ORIENTED_EDGE('',*,*,#11649,.T.) ;
#12001=ORIENTED_EDGE('',*,*,#11973,.F.) ;
#12002=ORIENTED_EDGE('',*,*,#11980,.F.) ;
#12003=ORIENTED_EDGE('',*,*,#11987,.T.) ;
#12004=ORIENTED_EDGE('',*,*,#11994,.T.) ;
#12005=ORIENTED_EDGE('',*,*,#11999,.F.) ;
#12189=ORIENTED_EDGE('',*,*,#12021,.F.) ;
#12190=ORIENTED_EDGE('',*,*,#12028,.F.) ;
#12191=ORIENTED_EDGE('',*,*,#12035,.F.) ;
#12192=ORIENTED_EDGE('',*,*,#12042,.F.) ;
#12193=ORIENTED_EDGE('',*,*,#12049,.F.) ;
#12194=ORIENTED_EDGE('',*,*,#12056,.F.) ;
#12195=ORIENTED_EDGE('',*,*,#12063,.F.) ;
#12196=ORIENTED_EDGE('',*,*,#12070,.F.) ;
#12197=ORIENTED_EDGE('',*,*,#12077,.F.) ;
#12198=ORIENTED_EDGE('',*,*,#12084,.F.) ;
#12199=ORIENTED_EDGE('',*,*,#12091,.F.) ;
#12200=ORIENTED_EDGE('',*,*,#12098,.F.) ;
#12201=ORIENTED_EDGE('',*,*,#12105,.F.) ;
#12202=ORIENTED_EDGE('',*,*,#12112,.F.) ;
#12203=ORIENTED_EDGE('',*,*,#12119,.F.) ;
#12204=ORIENTED_EDGE('',*,*,#12126,.F.) ;
#12205=ORIENTED_EDGE('',*,*,#12133,.F.) ;
#12206=ORIENTED_EDGE('',*,*,#12140,.F.) ;
#12207=ORIENTED_EDGE('',*,*,#12147,.F.) ;
#12208=ORIENTED_EDGE('',*,*,#12154,.F.) ;
#12209=ORIENTED_EDGE('',*,*,#12161,.F.) ;
#12210=ORIENTED_EDGE('',*,*,#12168,.F.) ;
#12211=ORIENTED_EDGE('',*,*,#12175,.F.) ;
#12212=ORIENTED_EDGE('',*,*,#12182,.F.) ;
#12213=ORIENTED_EDGE('',*,*,#12187,.F.) ;
#12334=ORIENTED_EDGE('',*,*,#12223,.T.) ;
#12335=ORIENTED_EDGE('',*,*,#12228,.T.) ;
#12336=ORIENTED_EDGE('',*,*,#11973,.T.) ;
#12337=ORIENTED_EDGE('',*,*,#12235,.F.) ;
#12338=ORIENTED_EDGE('',*,*,#12242,.F.) ;
#12339=ORIENTED_EDGE('',*,*,#12247,.T.) ;
#12340=ORIENTED_EDGE('',*,*,#11980,.T.) ;
#12341=ORIENTED_EDGE('',*,*,#12254,.T.) ;
#12342=ORIENTED_EDGE('',*,*,#12261,.T.) ;
#12343=ORIENTED_EDGE('',*,*,#12268,.T.) ;
#12344=ORIENTED_EDGE('',*,*,#12275,.F.) ;
#12345=ORIENTED_EDGE('',*,*,#12282,.F.) ;
#12346=ORIENTED_EDGE('',*,*,#12289,.T.) ;
#12347=ORIENTED_EDGE('',*,*,#12294,.T.) ;
#12348=ORIENTED_EDGE('',*,*,#12299,.T.) ;
#12349=ORIENTED_EDGE('',*,*,#12306,.T.) ;
#12350=ORIENTED_EDGE('',*,*,#12313,.F.) ;
#12351=ORIENTED_EDGE('',*,*,#12320,.F.) ;
#12352=ORIENTED_EDGE('',*,*,#12327,.T.) ;
#12353=ORIENTED_EDGE('',*,*,#12332,.T.) ;
#12370=ORIENTED_EDGE('',*,*,#12363,.T.) ;
#12371=ORIENTED_EDGE('',*,*,#12368,.T.) ;
#12388=ORIENTED_EDGE('',*,*,#12381,.T.) ;
#12389=ORIENTED_EDGE('',*,*,#12386,.T.) ;
#12406=ORIENTED_EDGE('',*,*,#12399,.T.) ;
#12407=ORIENTED_EDGE('',*,*,#12404,.T.) ;
#12424=ORIENTED_EDGE('',*,*,#12417,.T.) ;
#12425=ORIENTED_EDGE('',*,*,#12422,.T.) ;
#12442=ORIENTED_EDGE('',*,*,#12435,.T.) ;
#12443=ORIENTED_EDGE('',*,*,#12440,.T.) ;
#12460=ORIENTED_EDGE('',*,*,#12453,.T.) ;
#12461=ORIENTED_EDGE('',*,*,#12458,.T.) ;
#12478=ORIENTED_EDGE('',*,*,#12471,.T.) ;
#12479=ORIENTED_EDGE('',*,*,#12476,.T.) ;
#12493=ORIENTED_EDGE('',*,*,#12247,.F.) ;
#12494=ORIENTED_EDGE('',*,*,#12491,.F.) ;
#12495=ORIENTED_EDGE('',*,*,#11987,.F.) ;
#12509=ORIENTED_EDGE('',*,*,#11994,.F.) ;
#12510=ORIENTED_EDGE('',*,*,#12491,.T.) ;
#12511=ORIENTED_EDGE('',*,*,#12242,.T.) ;
#12512=ORIENTED_EDGE('',*,*,#12507,.F.) ;
#12521=ORIENTED_EDGE('',*,*,#11999,.T.) ;
#12522=ORIENTED_EDGE('',*,*,#12507,.T.) ;
#12523=ORIENTED_EDGE('',*,*,#12235,.T.) ;
#12551=ORIENTED_EDGE('',*,*,#12537,.F.) ;
#12552=ORIENTED_EDGE('',*,*,#12187,.T.) ;
#12553=ORIENTED_EDGE('',*,*,#12544,.T.) ;
#12554=ORIENTED_EDGE('',*,*,#12549,.F.) ;
#12575=ORIENTED_EDGE('',*,*,#12544,.F.) ;
#12576=ORIENTED_EDGE('',*,*,#12182,.T.) ;
#12577=ORIENTED_EDGE('',*,*,#12568,.T.) ;
#12578=ORIENTED_EDGE('',*,*,#12573,.F.) ;
#12599=ORIENTED_EDGE('',*,*,#12568,.F.) ;
#12600=ORIENTED_EDGE('',*,*,#12175,.T.) ;
#12601=ORIENTED_EDGE('',*,*,#12592,.T.) ;
#12602=ORIENTED_EDGE('',*,*,#12597,.F.) ;
#12623=ORIENTED_EDGE('',*,*,#12592,.F.) ;
#12624=ORIENTED_EDGE('',*,*,#12168,.T.) ;
#12625=ORIENTED_EDGE('',*,*,#12616,.T.) ;
#12626=ORIENTED_EDGE('',*,*,#12621,.F.) ;
#12647=ORIENTED_EDGE('',*,*,#12616,.F.) ;
#12648=ORIENTED_EDGE('',*,*,#12161,.T.) ;
#12649=ORIENTED_EDGE('',*,*,#12640,.T.) ;
#12650=ORIENTED_EDGE('',*,*,#12645,.F.) ;
#12671=ORIENTED_EDGE('',*,*,#12640,.F.) ;
#12672=ORIENTED_EDGE('',*,*,#12154,.T.) ;
#12673=ORIENTED_EDGE('',*,*,#12664,.T.) ;
#12674=ORIENTED_EDGE('',*,*,#12669,.F.) ;
#12695=ORIENTED_EDGE('',*,*,#12664,.F.) ;
#12696=ORIENTED_EDGE('',*,*,#12147,.T.) ;
#12697=ORIENTED_EDGE('',*,*,#12688,.T.) ;
#12698=ORIENTED_EDGE('',*,*,#12693,.F.) ;
#12714=ORIENTED_EDGE('',*,*,#12688,.F.) ;
#12715=ORIENTED_EDGE('',*,*,#12140,.T.) ;
#12716=ORIENTED_EDGE('',*,*,#12707,.T.) ;
#12717=ORIENTED_EDGE('',*,*,#12712,.F.) ;
#12738=ORIENTED_EDGE('',*,*,#12707,.F.) ;
#12739=ORIENTED_EDGE('',*,*,#12133,.T.) ;
#12740=ORIENTED_EDGE('',*,*,#12731,.T.) ;
#12741=ORIENTED_EDGE('',*,*,#12736,.F.) ;
#12762=ORIENTED_EDGE('',*,*,#12731,.F.) ;
#12763=ORIENTED_EDGE('',*,*,#12126,.T.) ;
#12764=ORIENTED_EDGE('',*,*,#12755,.T.) ;
#12765=ORIENTED_EDGE('',*,*,#12760,.F.) ;
#12786=ORIENTED_EDGE('',*,*,#12755,.F.) ;
#12787=ORIENTED_EDGE('',*,*,#12119,.T.) ;
#12788=ORIENTED_EDGE('',*,*,#12779,.T.) ;
#12789=ORIENTED_EDGE('',*,*,#12784,.F.) ;
#12805=ORIENTED_EDGE('',*,*,#12779,.F.) ;
#12806=ORIENTED_EDGE('',*,*,#12112,.T.) ;
#12807=ORIENTED_EDGE('',*,*,#12798,.T.) ;
#12808=ORIENTED_EDGE('',*,*,#12803,.F.) ;
#12829=ORIENTED_EDGE('',*,*,#12798,.F.) ;
#12830=ORIENTED_EDGE('',*,*,#12105,.T.) ;
#12831=ORIENTED_EDGE('',*,*,#12822,.T.) ;
#12832=ORIENTED_EDGE('',*,*,#12827,.F.) ;
#12853=ORIENTED_EDGE('',*,*,#12822,.F.) ;
#12854=ORIENTED_EDGE('',*,*,#12098,.T.) ;
#12855=ORIENTED_EDGE('',*,*,#12846,.T.) ;
#12856=ORIENTED_EDGE('',*,*,#12851,.F.) ;
#12877=ORIENTED_EDGE('',*,*,#12846,.F.) ;
#12878=ORIENTED_EDGE('',*,*,#12091,.T.) ;
#12879=ORIENTED_EDGE('',*,*,#12870,.T.) ;
#12880=ORIENTED_EDGE('',*,*,#12875,.F.) ;
#12901=ORIENTED_EDGE('',*,*,#12870,.F.) ;
#12902=ORIENTED_EDGE('',*,*,#12084,.T.) ;
#12903=ORIENTED_EDGE('',*,*,#12894,.T.) ;
#12904=ORIENTED_EDGE('',*,*,#12899,.F.) ;
#12925=ORIENTED_EDGE('',*,*,#12894,.F.) ;
#12926=ORIENTED_EDGE('',*,*,#12077,.T.) ;
#12927=ORIENTED_EDGE('',*,*,#12918,.T.) ;
#12928=ORIENTED_EDGE('',*,*,#12923,.F.) ;
#12949=ORIENTED_EDGE('',*,*,#12918,.F.) ;
#12950=ORIENTED_EDGE('',*,*,#12070,.T.) ;
#12951=ORIENTED_EDGE('',*,*,#12942,.T.) ;
#12952=ORIENTED_EDGE('',*,*,#12947,.F.) ;
#12973=ORIENTED_EDGE('',*,*,#12942,.F.) ;
#12974=ORIENTED_EDGE('',*,*,#12063,.T.) ;
#12975=ORIENTED_EDGE('',*,*,#12966,.T.) ;
#12976=ORIENTED_EDGE('',*,*,#12971,.F.) ;
#12997=ORIENTED_EDGE('',*,*,#12966,.F.) ;
#12998=ORIENTED_EDGE('',*,*,#12056,.T.) ;
#12999=ORIENTED_EDGE('',*,*,#12990,.T.) ;
#13000=ORIENTED_EDGE('',*,*,#12995,.F.) ;
#13021=ORIENTED_EDGE('',*,*,#12990,.F.) ;
#13022=ORIENTED_EDGE('',*,*,#12049,.T.) ;
#13023=ORIENTED_EDGE('',*,*,#13014,.T.) ;
#13024=ORIENTED_EDGE('',*,*,#13019,.F.) ;
#13045=ORIENTED_EDGE('',*,*,#13014,.F.) ;
#13046=ORIENTED_EDGE('',*,*,#12042,.T.) ;
#13047=ORIENTED_EDGE('',*,*,#13038,.T.) ;
#13048=ORIENTED_EDGE('',*,*,#13043,.F.) ;
#13069=ORIENTED_EDGE('',*,*,#13038,.F.) ;
#13070=ORIENTED_EDGE('',*,*,#12035,.T.) ;
#13071=ORIENTED_EDGE('',*,*,#13062,.T.) ;
#13072=ORIENTED_EDGE('',*,*,#13067,.F.) ;
#13093=ORIENTED_EDGE('',*,*,#13062,.F.) ;
#13094=ORIENTED_EDGE('',*,*,#12028,.T.) ;
#13095=ORIENTED_EDGE('',*,*,#13086,.T.) ;
#13096=ORIENTED_EDGE('',*,*,#13091,.F.) ;
#13110=ORIENTED_EDGE('',*,*,#13086,.F.) ;
#13111=ORIENTED_EDGE('',*,*,#12021,.T.) ;
#13112=ORIENTED_EDGE('',*,*,#12537,.T.) ;
#13113=ORIENTED_EDGE('',*,*,#13108,.F.) ;
#13141=ORIENTED_EDGE('',*,*,#13129,.T.) ;
#13142=ORIENTED_EDGE('',*,*,#13134,.F.) ;
#13143=ORIENTED_EDGE('',*,*,#12223,.F.) ;
#13144=ORIENTED_EDGE('',*,*,#12299,.F.) ;
#13145=ORIENTED_EDGE('',*,*,#12261,.F.) ;
#13146=ORIENTED_EDGE('',*,*,#13139,.T.) ;
#13155=ORIENTED_EDGE('',*,*,#13153,.T.) ;
#13156=ORIENTED_EDGE('',*,*,#13139,.F.) ;
#13157=ORIENTED_EDGE('',*,*,#12254,.F.) ;
#13158=ORIENTED_EDGE('',*,*,#12228,.F.) ;
#13159=ORIENTED_EDGE('',*,*,#13134,.T.) ;
#13187=ORIENTED_EDGE('',*,*,#13175,.T.) ;
#13188=ORIENTED_EDGE('',*,*,#13180,.F.) ;
#13189=ORIENTED_EDGE('',*,*,#12368,.F.) ;
#13190=ORIENTED_EDGE('',*,*,#13185,.T.) ;
#13199=ORIENTED_EDGE('',*,*,#13197,.T.) ;
#13200=ORIENTED_EDGE('',*,*,#13185,.F.) ;
#13201=ORIENTED_EDGE('',*,*,#12363,.F.) ;
#13202=ORIENTED_EDGE('',*,*,#13180,.T.) ;
#13230=ORIENTED_EDGE('',*,*,#13218,.T.) ;
#13231=ORIENTED_EDGE('',*,*,#13223,.F.) ;
#13232=ORIENTED_EDGE('',*,*,#12386,.F.) ;
#13233=ORIENTED_EDGE('',*,*,#13228,.T.) ;
#13242=ORIENTED_EDGE('',*,*,#13240,.T.) ;
#13243=ORIENTED_EDGE('',*,*,#13228,.F.) ;
#13244=ORIENTED_EDGE('',*,*,#12381,.F.) ;
#13245=ORIENTED_EDGE('',*,*,#13223,.T.) ;
#13273=ORIENTED_EDGE('',*,*,#13261,.T.) ;
#13274=ORIENTED_EDGE('',*,*,#13266,.F.) ;
#13275=ORIENTED_EDGE('',*,*,#12404,.F.) ;
#13276=ORIENTED_EDGE('',*,*,#13271,.T.) ;
#13285=ORIENTED_EDGE('',*,*,#13283,.T.) ;
#13286=ORIENTED_EDGE('',*,*,#13271,.F.) ;
#13287=ORIENTED_EDGE('',*,*,#12399,.F.) ;
#13288=ORIENTED_EDGE('',*,*,#13266,.T.) ;
#13316=ORIENTED_EDGE('',*,*,#13304,.T.) ;
#13317=ORIENTED_EDGE('',*,*,#13309,.F.) ;
#13318=ORIENTED_EDGE('',*,*,#12422,.F.) ;
#13319=ORIENTED_EDGE('',*,*,#13314,.T.) ;
#13328=ORIENTED_EDGE('',*,*,#13326,.T.) ;
#13329=ORIENTED_EDGE('',*,*,#13314,.F.) ;
#13330=ORIENTED_EDGE('',*,*,#12417,.F.) ;
#13331=ORIENTED_EDGE('',*,*,#13309,.T.) ;
#13359=ORIENTED_EDGE('',*,*,#13347,.T.) ;
#13360=ORIENTED_EDGE('',*,*,#13352,.F.) ;
#13361=ORIENTED_EDGE('',*,*,#12440,.F.) ;
#13362=ORIENTED_EDGE('',*,*,#13357,.T.) ;
#13371=ORIENTED_EDGE('',*,*,#13369,.T.) ;
#13372=ORIENTED_EDGE('',*,*,#13357,.F.) ;
#13373=ORIENTED_EDGE('',*,*,#12435,.F.) ;
#13374=ORIENTED_EDGE('',*,*,#13352,.T.) ;
#13402=ORIENTED_EDGE('',*,*,#13390,.T.) ;
#13403=ORIENTED_EDGE('',*,*,#13395,.F.) ;
#13404=ORIENTED_EDGE('',*,*,#12458,.F.) ;
#13405=ORIENTED_EDGE('',*,*,#13400,.T.) ;
#13414=ORIENTED_EDGE('',*,*,#13412,.T.) ;
#13415=ORIENTED_EDGE('',*,*,#13400,.F.) ;
#13416=ORIENTED_EDGE('',*,*,#12453,.F.) ;
#13417=ORIENTED_EDGE('',*,*,#13395,.T.) ;
#13445=ORIENTED_EDGE('',*,*,#13433,.T.) ;
#13446=ORIENTED_EDGE('',*,*,#13438,.F.) ;
#13447=ORIENTED_EDGE('',*,*,#12476,.F.) ;
#13448=ORIENTED_EDGE('',*,*,#13443,.T.) ;
#13457=ORIENTED_EDGE('',*,*,#13455,.T.) ;
#13458=ORIENTED_EDGE('',*,*,#13443,.F.) ;
#13459=ORIENTED_EDGE('',*,*,#12471,.F.) ;
#13460=ORIENTED_EDGE('',*,*,#13438,.T.) ;
#13469=ORIENTED_EDGE('',*,*,#12549,.T.) ;
#13470=ORIENTED_EDGE('',*,*,#12573,.T.) ;
#13471=ORIENTED_EDGE('',*,*,#12597,.T.) ;
#13472=ORIENTED_EDGE('',*,*,#12621,.T.) ;
#13473=ORIENTED_EDGE('',*,*,#12645,.T.) ;
#13474=ORIENTED_EDGE('',*,*,#12669,.T.) ;
#13475=ORIENTED_EDGE('',*,*,#12693,.T.) ;
#13476=ORIENTED_EDGE('',*,*,#12712,.T.) ;
#13477=ORIENTED_EDGE('',*,*,#12736,.T.) ;
#13478=ORIENTED_EDGE('',*,*,#12760,.T.) ;
#13479=ORIENTED_EDGE('',*,*,#12784,.T.) ;
#13480=ORIENTED_EDGE('',*,*,#12803,.T.) ;
#13481=ORIENTED_EDGE('',*,*,#12827,.T.) ;
#13482=ORIENTED_EDGE('',*,*,#12851,.T.) ;
#13483=ORIENTED_EDGE('',*,*,#12875,.T.) ;
#13484=ORIENTED_EDGE('',*,*,#12899,.T.) ;
#13485=ORIENTED_EDGE('',*,*,#12923,.T.) ;
#13486=ORIENTED_EDGE('',*,*,#12947,.T.) ;
#13487=ORIENTED_EDGE('',*,*,#12971,.T.) ;
#13488=ORIENTED_EDGE('',*,*,#12995,.T.) ;
#13489=ORIENTED_EDGE('',*,*,#13019,.T.) ;
#13490=ORIENTED_EDGE('',*,*,#13043,.T.) ;
#13491=ORIENTED_EDGE('',*,*,#13067,.T.) ;
#13492=ORIENTED_EDGE('',*,*,#13091,.T.) ;
#13493=ORIENTED_EDGE('',*,*,#13108,.T.) ;
#13510=ORIENTED_EDGE('',*,*,#13503,.F.) ;
#13511=ORIENTED_EDGE('',*,*,#13508,.F.) ;
#13514=ORIENTED_EDGE('',*,*,#13175,.F.) ;
#13515=ORIENTED_EDGE('',*,*,#13197,.F.) ;
#13518=ORIENTED_EDGE('',*,*,#13218,.F.) ;
#13519=ORIENTED_EDGE('',*,*,#13240,.F.) ;
#13522=ORIENTED_EDGE('',*,*,#13261,.F.) ;
#13523=ORIENTED_EDGE('',*,*,#13283,.F.) ;
#13526=ORIENTED_EDGE('',*,*,#13304,.F.) ;
#13527=ORIENTED_EDGE('',*,*,#13326,.F.) ;
#13530=ORIENTED_EDGE('',*,*,#13347,.F.) ;
#13531=ORIENTED_EDGE('',*,*,#13369,.F.) ;
#13534=ORIENTED_EDGE('',*,*,#13390,.F.) ;
#13535=ORIENTED_EDGE('',*,*,#13412,.F.) ;
#13538=ORIENTED_EDGE('',*,*,#13433,.F.) ;
#13539=ORIENTED_EDGE('',*,*,#13455,.F.) ;
#13548=ORIENTED_EDGE('',*,*,#13129,.F.) ;
#13549=ORIENTED_EDGE('',*,*,#13153,.F.) ;
#13566=ORIENTED_EDGE('',*,*,#13559,.T.) ;
#13567=ORIENTED_EDGE('',*,*,#13564,.T.) ;
#13595=ORIENTED_EDGE('',*,*,#13503,.T.) ;
#13596=ORIENTED_EDGE('',*,*,#13581,.F.) ;
#13597=ORIENTED_EDGE('',*,*,#13588,.F.) ;
#13598=ORIENTED_EDGE('',*,*,#13593,.T.) ;
#13607=ORIENTED_EDGE('',*,*,#13508,.T.) ;
#13608=ORIENTED_EDGE('',*,*,#13593,.F.) ;
#13609=ORIENTED_EDGE('',*,*,#13605,.F.) ;
#13610=ORIENTED_EDGE('',*,*,#13581,.T.) ;
#13629=ORIENTED_EDGE('',*,*,#13622,.F.) ;
#13630=ORIENTED_EDGE('',*,*,#13605,.T.) ;
#13631=ORIENTED_EDGE('',*,*,#13627,.T.) ;
#13632=ORIENTED_EDGE('',*,*,#13564,.F.) ;
#13636=ORIENTED_EDGE('',*,*,#13627,.F.) ;
#13637=ORIENTED_EDGE('',*,*,#13588,.T.) ;
#13638=ORIENTED_EDGE('',*,*,#13622,.T.) ;
#13639=ORIENTED_EDGE('',*,*,#13559,.F.) ;
#13667=ORIENTED_EDGE('',*,*,#12268,.F.) ;
#13668=ORIENTED_EDGE('',*,*,#12294,.F.) ;
#13669=ORIENTED_EDGE('',*,*,#13653,.T.) ;
#13670=ORIENTED_EDGE('',*,*,#13660,.T.) ;
#13671=ORIENTED_EDGE('',*,*,#13665,.F.) ;
#13685=ORIENTED_EDGE('',*,*,#12289,.F.) ;
#13686=ORIENTED_EDGE('',*,*,#13683,.F.) ;
#13687=ORIENTED_EDGE('',*,*,#13653,.F.) ;
#13701=ORIENTED_EDGE('',*,*,#13660,.F.) ;
#13702=ORIENTED_EDGE('',*,*,#13683,.T.) ;
#13703=ORIENTED_EDGE('',*,*,#12282,.T.) ;
#13704=ORIENTED_EDGE('',*,*,#13699,.F.) ;
#13713=ORIENTED_EDGE('',*,*,#13665,.T.) ;
#13714=ORIENTED_EDGE('',*,*,#13699,.T.) ;
#13715=ORIENTED_EDGE('',*,*,#12275,.T.) ;
#13743=ORIENTED_EDGE('',*,*,#12306,.F.) ;
#13744=ORIENTED_EDGE('',*,*,#12332,.F.) ;
#13745=ORIENTED_EDGE('',*,*,#13729,.T.) ;
#13746=ORIENTED_EDGE('',*,*,#13736,.T.) ;
#13747=ORIENTED_EDGE('',*,*,#13741,.F.) ;
#13761=ORIENTED_EDGE('',*,*,#12327,.F.) ;
#13762=ORIENTED_EDGE('',*,*,#13759,.F.) ;
#13763=ORIENTED_EDGE('',*,*,#13729,.F.) ;
#13777=ORIENTED_EDGE('',*,*,#13736,.F.) ;
#13778=ORIENTED_EDGE('',*,*,#13759,.T.) ;
#13779=ORIENTED_EDGE('',*,*,#12320,.T.) ;
#13780=ORIENTED_EDGE('',*,*,#13775,.F.) ;
#13789=ORIENTED_EDGE('',*,*,#13741,.T.) ;
#13790=ORIENTED_EDGE('',*,*,#13775,.T.) ;
#13791=ORIENTED_EDGE('',*,*,#12313,.T.) ;
#13856=ORIENTED_EDGE('',*,*,#13840,.T.) ;
#13857=ORIENTED_EDGE('',*,*,#13847,.F.) ;
#13858=ORIENTED_EDGE('',*,*,#13854,.T.) ;
#13884=ORIENTED_EDGE('',*,*,#13847,.T.) ;
#13885=ORIENTED_EDGE('',*,*,#13867,.T.) ;
#13886=ORIENTED_EDGE('',*,*,#13876,.T.) ;
#13887=ORIENTED_EDGE('',*,*,#13882,.F.) ;
#13936=ORIENTED_EDGE('',*,*,#13901,.F.) ;
#13937=ORIENTED_EDGE('',*,*,#13867,.F.) ;
#13938=ORIENTED_EDGE('',*,*,#13840,.F.) ;
#13939=ORIENTED_EDGE('',*,*,#13908,.F.) ;
#13940=ORIENTED_EDGE('',*,*,#13915,.F.) ;
#13941=ORIENTED_EDGE('',*,*,#13922,.F.) ;
#13942=ORIENTED_EDGE('',*,*,#13929,.F.) ;
#13943=ORIENTED_EDGE('',*,*,#13934,.F.) ;
#14004=ORIENTED_EDGE('',*,*,#13963,.F.) ;
#14005=ORIENTED_EDGE('',*,*,#13976,.F.) ;
#14006=ORIENTED_EDGE('',*,*,#13983,.T.) ;
#14007=ORIENTED_EDGE('',*,*,#13990,.F.) ;
#14008=ORIENTED_EDGE('',*,*,#13997,.F.) ;
#14009=ORIENTED_EDGE('',*,*,#14002,.F.) ;
#14048=ORIENTED_EDGE('',*,*,#14027,.F.) ;
#14049=ORIENTED_EDGE('',*,*,#13854,.F.) ;
#14050=ORIENTED_EDGE('',*,*,#13882,.T.) ;
#14051=ORIENTED_EDGE('',*,*,#14034,.T.) ;
#14052=ORIENTED_EDGE('',*,*,#14041,.F.) ;
#14053=ORIENTED_EDGE('',*,*,#14046,.F.) ;
#14054=ORIENTED_EDGE('',*,*,#13983,.F.) ;
#14106=ORIENTED_EDGE('',*,*,#14074,.F.) ;
#14107=ORIENTED_EDGE('',*,*,#14085,.F.) ;
#14108=ORIENTED_EDGE('',*,*,#14002,.T.) ;
#14109=ORIENTED_EDGE('',*,*,#14092,.F.) ;
#14110=ORIENTED_EDGE('',*,*,#14099,.F.) ;
#14111=ORIENTED_EDGE('',*,*,#14104,.F.) ;
#14152=ORIENTED_EDGE('',*,*,#13876,.F.) ;
#14153=ORIENTED_EDGE('',*,*,#14131,.F.) ;
#14154=ORIENTED_EDGE('',*,*,#14138,.T.) ;
#14155=ORIENTED_EDGE('',*,*,#14145,.F.) ;
#14156=ORIENTED_EDGE('',*,*,#14150,.F.) ;
#14157=ORIENTED_EDGE('',*,*,#14034,.F.) ;
#14219=ORIENTED_EDGE('',*,*,#14177,.F.) ;
#14220=ORIENTED_EDGE('',*,*,#14190,.F.) ;
#14221=ORIENTED_EDGE('',*,*,#14198,.T.) ;
#14222=ORIENTED_EDGE('',*,*,#14104,.T.) ;
#14223=ORIENTED_EDGE('',*,*,#14205,.F.) ;
#14224=ORIENTED_EDGE('',*,*,#14212,.F.) ;
#14225=ORIENTED_EDGE('',*,*,#14217,.F.) ;
#14268=ORIENTED_EDGE('',*,*,#14243,.F.) ;
#14269=ORIENTED_EDGE('',*,*,#14254,.F.) ;
#14270=ORIENTED_EDGE('',*,*,#14217,.T.) ;
#14271=ORIENTED_EDGE('',*,*,#14261,.F.) ;
#14272=ORIENTED_EDGE('',*,*,#14266,.F.) ;
#14273=ORIENTED_EDGE('',*,*,#14138,.F.) ;
#14277=ORIENTED_EDGE('',*,*,#13901,.T.) ;
#14278=ORIENTED_EDGE('',*,*,#14243,.T.) ;
#14279=ORIENTED_EDGE('',*,*,#14131,.T.) ;
#14283=ORIENTED_EDGE('',*,*,#13934,.T.) ;
#14284=ORIENTED_EDGE('',*,*,#14177,.T.) ;
#14285=ORIENTED_EDGE('',*,*,#14254,.T.) ;
#14294=ORIENTED_EDGE('',*,*,#14292,.T.) ;
#14295=ORIENTED_EDGE('',*,*,#13922,.T.) ;
#14296=ORIENTED_EDGE('',*,*,#14074,.T.) ;
#14297=ORIENTED_EDGE('',*,*,#14198,.F.) ;
#14301=ORIENTED_EDGE('',*,*,#13929,.T.) ;
#14302=ORIENTED_EDGE('',*,*,#14292,.F.) ;
#14303=ORIENTED_EDGE('',*,*,#14190,.T.) ;
#14307=ORIENTED_EDGE('',*,*,#13915,.T.) ;
#14308=ORIENTED_EDGE('',*,*,#13963,.T.) ;
#14309=ORIENTED_EDGE('',*,*,#14085,.T.) ;
#14313=ORIENTED_EDGE('',*,*,#13908,.T.) ;
#14314=ORIENTED_EDGE('',*,*,#14027,.T.) ;
#14315=ORIENTED_EDGE('',*,*,#13976,.T.) ;
#14352=ORIENTED_EDGE('',*,*,#14331,.F.) ;
#14353=ORIENTED_EDGE('',*,*,#14338,.T.) ;
#14354=ORIENTED_EDGE('',*,*,#14345,.T.) ;
#14355=ORIENTED_EDGE('',*,*,#14350,.F.) ;
#14369=ORIENTED_EDGE('',*,*,#14362,.F.) ;
#14370=ORIENTED_EDGE('',*,*,#14350,.T.) ;
#14371=ORIENTED_EDGE('',*,*,#14367,.T.) ;
#14372=ORIENTED_EDGE('',*,*,#14338,.F.) ;
#14400=ORIENTED_EDGE('',*,*,#14345,.F.) ;
#14401=ORIENTED_EDGE('',*,*,#14386,.T.) ;
#14402=ORIENTED_EDGE('',*,*,#14393,.T.) ;
#14403=ORIENTED_EDGE('',*,*,#14398,.F.) ;
#14412=ORIENTED_EDGE('',*,*,#14367,.F.) ;
#14413=ORIENTED_EDGE('',*,*,#14398,.T.) ;
#14414=ORIENTED_EDGE('',*,*,#14410,.T.) ;
#14415=ORIENTED_EDGE('',*,*,#14386,.F.) ;
#14468=ORIENTED_EDGE('',*,*,#14429,.T.) ;
#14469=ORIENTED_EDGE('',*,*,#14434,.T.) ;
#14470=ORIENTED_EDGE('',*,*,#14439,.T.) ;
#14471=ORIENTED_EDGE('',*,*,#14446,.T.) ;
#14472=ORIENTED_EDGE('',*,*,#14451,.T.) ;
#14473=ORIENTED_EDGE('',*,*,#14456,.T.) ;
#14474=ORIENTED_EDGE('',*,*,#14461,.T.) ;
#14475=ORIENTED_EDGE('',*,*,#14466,.T.) ;
#14478=ORIENTED_EDGE('',*,*,#14393,.F.) ;
#14479=ORIENTED_EDGE('',*,*,#14410,.F.) ;
#14483=ORIENTED_EDGE('',*,*,#14429,.F.) ;
#14484=ORIENTED_EDGE('',*,*,#14466,.F.) ;
#14485=ORIENTED_EDGE('',*,*,#14205,.T.) ;
#14486=ORIENTED_EDGE('',*,*,#14099,.T.) ;
#14490=ORIENTED_EDGE('',*,*,#14434,.F.) ;
#14491=ORIENTED_EDGE('',*,*,#14092,.T.) ;
#14492=ORIENTED_EDGE('',*,*,#13997,.T.) ;
#14496=ORIENTED_EDGE('',*,*,#14439,.F.) ;
#14497=ORIENTED_EDGE('',*,*,#13990,.T.) ;
#14498=ORIENTED_EDGE('',*,*,#14046,.T.) ;
#14502=ORIENTED_EDGE('',*,*,#14451,.F.) ;
#14503=ORIENTED_EDGE('',*,*,#14446,.F.) ;
#14504=ORIENTED_EDGE('',*,*,#14041,.T.) ;
#14505=ORIENTED_EDGE('',*,*,#14150,.T.) ;
#14509=ORIENTED_EDGE('',*,*,#14456,.F.) ;
#14510=ORIENTED_EDGE('',*,*,#14145,.T.) ;
#14511=ORIENTED_EDGE('',*,*,#14266,.T.) ;
#14515=ORIENTED_EDGE('',*,*,#14461,.F.) ;
#14516=ORIENTED_EDGE('',*,*,#14261,.T.) ;
#14517=ORIENTED_EDGE('',*,*,#14212,.T.) ;
#14526=ORIENTED_EDGE('',*,*,#14362,.T.) ;
#14527=ORIENTED_EDGE('',*,*,#14331,.T.) ;
#14626=ORIENTED_EDGE('',*,*,#14605,.F.) ;
#14627=ORIENTED_EDGE('',*,*,#14612,.T.) ;
#14628=ORIENTED_EDGE('',*,*,#14619,.T.) ;
#14629=ORIENTED_EDGE('',*,*,#14624,.F.) ;
#14643=ORIENTED_EDGE('',*,*,#14636,.F.) ;
#14644=ORIENTED_EDGE('',*,*,#14624,.T.) ;
#14645=ORIENTED_EDGE('',*,*,#14641,.T.) ;
#14646=ORIENTED_EDGE('',*,*,#14612,.F.) ;
#14683=ORIENTED_EDGE('',*,*,#14662,.F.) ;
#14684=ORIENTED_EDGE('',*,*,#14669,.T.) ;
#14685=ORIENTED_EDGE('',*,*,#14676,.T.) ;
#14686=ORIENTED_EDGE('',*,*,#14681,.F.) ;
#14700=ORIENTED_EDGE('',*,*,#14693,.F.) ;
#14701=ORIENTED_EDGE('',*,*,#14681,.T.) ;
#14702=ORIENTED_EDGE('',*,*,#14698,.T.) ;
#14703=ORIENTED_EDGE('',*,*,#14669,.F.) ;
#14712=ORIENTED_EDGE('',*,*,#14693,.T.) ;
#14713=ORIENTED_EDGE('',*,*,#14662,.T.) ;
#14716=ORIENTED_EDGE('',*,*,#14619,.F.) ;
#14717=ORIENTED_EDGE('',*,*,#14641,.F.) ;
#14726=ORIENTED_EDGE('',*,*,#14676,.F.) ;
#14727=ORIENTED_EDGE('',*,*,#14698,.F.) ;
#14730=ORIENTED_EDGE('',*,*,#14636,.T.) ;
#14731=ORIENTED_EDGE('',*,*,#14605,.T.) ;
#14825=ORIENTED_EDGE('',*,*,#14809,.T.) ;
#14826=ORIENTED_EDGE('',*,*,#14816,.F.) ;
#14827=ORIENTED_EDGE('',*,*,#14823,.T.) ;
#14853=ORIENTED_EDGE('',*,*,#14816,.T.) ;
#14854=ORIENTED_EDGE('',*,*,#14836,.T.) ;
#14855=ORIENTED_EDGE('',*,*,#14845,.T.) ;
#14856=ORIENTED_EDGE('',*,*,#14851,.F.) ;
#14905=ORIENTED_EDGE('',*,*,#14870,.F.) ;
#14906=ORIENTED_EDGE('',*,*,#14836,.F.) ;
#14907=ORIENTED_EDGE('',*,*,#14809,.F.) ;
#14908=ORIENTED_EDGE('',*,*,#14877,.F.) ;
#14909=ORIENTED_EDGE('',*,*,#14884,.F.) ;
#14910=ORIENTED_EDGE('',*,*,#14891,.F.) ;
#14911=ORIENTED_EDGE('',*,*,#14898,.F.) ;
#14912=ORIENTED_EDGE('',*,*,#14903,.F.) ;
#14929=ORIENTED_EDGE('',*,*,#14922,.T.) ;
#14930=ORIENTED_EDGE('',*,*,#14927,.T.) ;
#15003=ORIENTED_EDGE('',*,*,#14950,.F.) ;
#15004=ORIENTED_EDGE('',*,*,#14963,.F.) ;
#15005=ORIENTED_EDGE('',*,*,#14970,.T.) ;
#15006=ORIENTED_EDGE('',*,*,#14983,.F.) ;
#15007=ORIENTED_EDGE('',*,*,#14996,.F.) ;
#15008=ORIENTED_EDGE('',*,*,#15001,.F.) ;
#15069=ORIENTED_EDGE('',*,*,#15026,.F.) ;
#15070=ORIENTED_EDGE('',*,*,#14823,.F.) ;
#15071=ORIENTED_EDGE('',*,*,#14851,.T.) ;
#15072=ORIENTED_EDGE('',*,*,#15033,.T.) ;
#15073=ORIENTED_EDGE('',*,*,#15043,.F.) ;
#15074=ORIENTED_EDGE('',*,*,#15056,.F.) ;
#15075=ORIENTED_EDGE('',*,*,#15067,.F.) ;
#15076=ORIENTED_EDGE('',*,*,#14970,.F.) ;
#15140=ORIENTED_EDGE('',*,*,#15096,.F.) ;
#15141=ORIENTED_EDGE('',*,*,#15107,.F.) ;
#15142=ORIENTED_EDGE('',*,*,#15001,.T.) ;
#15143=ORIENTED_EDGE('',*,*,#15120,.F.) ;
#15144=ORIENTED_EDGE('',*,*,#15133,.F.) ;
#15145=ORIENTED_EDGE('',*,*,#15138,.F.) ;
#15198=ORIENTED_EDGE('',*,*,#14845,.F.) ;
#15199=ORIENTED_EDGE('',*,*,#15165,.F.) ;
#15200=ORIENTED_EDGE('',*,*,#15172,.T.) ;
#15201=ORIENTED_EDGE('',*,*,#15185,.F.) ;
#15202=ORIENTED_EDGE('',*,*,#15196,.F.) ;
#15203=ORIENTED_EDGE('',*,*,#15033,.F.) ;
#15287=ORIENTED_EDGE('',*,*,#15223,.F.) ;
#15288=ORIENTED_EDGE('',*,*,#15236,.F.) ;
#15289=ORIENTED_EDGE('',*,*,#15244,.T.) ;
#15290=ORIENTED_EDGE('',*,*,#15138,.T.) ;
#15291=ORIENTED_EDGE('',*,*,#15254,.F.) ;
#15292=ORIENTED_EDGE('',*,*,#15267,.F.) ;
#15293=ORIENTED_EDGE('',*,*,#15280,.F.) ;
#15294=ORIENTED_EDGE('',*,*,#15285,.F.) ;
#15349=ORIENTED_EDGE('',*,*,#15312,.F.) ;
#15350=ORIENTED_EDGE('',*,*,#15323,.F.) ;
#15351=ORIENTED_EDGE('',*,*,#15285,.T.) ;
#15352=ORIENTED_EDGE('',*,*,#15336,.F.) ;
#15353=ORIENTED_EDGE('',*,*,#15347,.F.) ;
#15354=ORIENTED_EDGE('',*,*,#15172,.F.) ;
#15389=ORIENTED_EDGE('',*,*,#14927,.F.) ;
#15390=ORIENTED_EDGE('',*,*,#15368,.T.) ;
#15391=ORIENTED_EDGE('',*,*,#15375,.T.) ;
#15392=ORIENTED_EDGE('',*,*,#15382,.T.) ;
#15393=ORIENTED_EDGE('',*,*,#15387,.F.) ;
#15409=ORIENTED_EDGE('',*,*,#14922,.F.) ;
#15410=ORIENTED_EDGE('',*,*,#15387,.T.) ;
#15411=ORIENTED_EDGE('',*,*,#15402,.T.) ;
#15412=ORIENTED_EDGE('',*,*,#15407,.T.) ;
#15413=ORIENTED_EDGE('',*,*,#15368,.F.) ;
#15417=ORIENTED_EDGE('',*,*,#14870,.T.) ;
#15418=ORIENTED_EDGE('',*,*,#15312,.T.) ;
#15419=ORIENTED_EDGE('',*,*,#15165,.T.) ;
#15423=ORIENTED_EDGE('',*,*,#14903,.T.) ;
#15424=ORIENTED_EDGE('',*,*,#15223,.T.) ;
#15425=ORIENTED_EDGE('',*,*,#15323,.T.) ;
#15434=ORIENTED_EDGE('',*,*,#15432,.T.) ;
#15435=ORIENTED_EDGE('',*,*,#14891,.T.) ;
#15436=ORIENTED_EDGE('',*,*,#15096,.T.) ;
#15437=ORIENTED_EDGE('',*,*,#15244,.F.) ;
#15441=ORIENTED_EDGE('',*,*,#14898,.T.) ;
#15442=ORIENTED_EDGE('',*,*,#15432,.F.) ;
#15443=ORIENTED_EDGE('',*,*,#15236,.T.) ;
#15447=ORIENTED_EDGE('',*,*,#14884,.T.) ;
#15448=ORIENTED_EDGE('',*,*,#14950,.T.) ;
#15449=ORIENTED_EDGE('',*,*,#15107,.T.) ;
#15453=ORIENTED_EDGE('',*,*,#14877,.T.) ;
#15454=ORIENTED_EDGE('',*,*,#15026,.T.) ;
#15455=ORIENTED_EDGE('',*,*,#14963,.T.) ;
#15469=ORIENTED_EDGE('',*,*,#15467,.F.) ;
#15470=ORIENTED_EDGE('',*,*,#15185,.T.) ;
#15471=ORIENTED_EDGE('',*,*,#15347,.T.) ;
#15480=ORIENTED_EDGE('',*,*,#15478,.F.) ;
#15481=ORIENTED_EDGE('',*,*,#15336,.T.) ;
#15482=ORIENTED_EDGE('',*,*,#15280,.T.) ;
#15498=ORIENTED_EDGE('',*,*,#15491,.F.) ;
#15499=ORIENTED_EDGE('',*,*,#15496,.T.) ;
#15500=ORIENTED_EDGE('',*,*,#15254,.T.) ;
#15501=ORIENTED_EDGE('',*,*,#15133,.T.) ;
#15510=ORIENTED_EDGE('',*,*,#15496,.F.) ;
#15511=ORIENTED_EDGE('',*,*,#15508,.F.) ;
#15512=ORIENTED_EDGE('',*,*,#15267,.T.) ;
#15521=ORIENTED_EDGE('',*,*,#15519,.F.) ;
#15522=ORIENTED_EDGE('',*,*,#15120,.T.) ;
#15523=ORIENTED_EDGE('',*,*,#14996,.T.) ;
#15532=ORIENTED_EDGE('',*,*,#15530,.F.) ;
#15533=ORIENTED_EDGE('',*,*,#14983,.T.) ;
#15534=ORIENTED_EDGE('',*,*,#15067,.T.) ;
#15550=ORIENTED_EDGE('',*,*,#15543,.F.) ;
#15551=ORIENTED_EDGE('',*,*,#15548,.F.) ;
#15552=ORIENTED_EDGE('',*,*,#15056,.T.) ;
#15561=ORIENTED_EDGE('',*,*,#15559,.F.) ;
#15562=ORIENTED_EDGE('',*,*,#15543,.T.) ;
#15563=ORIENTED_EDGE('',*,*,#15043,.T.) ;
#15564=ORIENTED_EDGE('',*,*,#15196,.T.) ;
#15592=ORIENTED_EDGE('',*,*,#15578,.T.) ;
#15593=ORIENTED_EDGE('',*,*,#15585,.T.) ;
#15594=ORIENTED_EDGE('',*,*,#15590,.F.) ;
#15595=ORIENTED_EDGE('',*,*,#15382,.F.) ;
#15611=ORIENTED_EDGE('',*,*,#15375,.F.) ;
#15612=ORIENTED_EDGE('',*,*,#15604,.T.) ;
#15613=ORIENTED_EDGE('',*,*,#15609,.T.) ;
#15614=ORIENTED_EDGE('',*,*,#15578,.F.) ;
#15630=ORIENTED_EDGE('',*,*,#15623,.T.) ;
#15631=ORIENTED_EDGE('',*,*,#15628,.T.) ;
#15632=ORIENTED_EDGE('',*,*,#15604,.F.) ;
#15633=ORIENTED_EDGE('',*,*,#15407,.F.) ;
#15642=ORIENTED_EDGE('',*,*,#15590,.T.) ;
#15643=ORIENTED_EDGE('',*,*,#15640,.T.) ;
#15644=ORIENTED_EDGE('',*,*,#15623,.F.) ;
#15645=ORIENTED_EDGE('',*,*,#15402,.F.) ;
#15654=ORIENTED_EDGE('',*,*,#15478,.T.) ;
#15655=ORIENTED_EDGE('',*,*,#15508,.T.) ;
#15656=ORIENTED_EDGE('',*,*,#15491,.T.) ;
#15657=ORIENTED_EDGE('',*,*,#15519,.T.) ;
#15658=ORIENTED_EDGE('',*,*,#15530,.T.) ;
#15659=ORIENTED_EDGE('',*,*,#15548,.T.) ;
#15660=ORIENTED_EDGE('',*,*,#15559,.T.) ;
#15661=ORIENTED_EDGE('',*,*,#15467,.T.) ;
#15678=ORIENTED_EDGE('',*,*,#15671,.F.) ;
#15679=ORIENTED_EDGE('',*,*,#15676,.F.) ;
#15698=ORIENTED_EDGE('',*,*,#15585,.F.) ;
#15699=ORIENTED_EDGE('',*,*,#15609,.F.) ;
#15700=ORIENTED_EDGE('',*,*,#15691,.T.) ;
#15701=ORIENTED_EDGE('',*,*,#15671,.T.) ;
#15702=ORIENTED_EDGE('',*,*,#15696,.F.) ;
#15706=ORIENTED_EDGE('',*,*,#15628,.F.) ;
#15707=ORIENTED_EDGE('',*,*,#15640,.F.) ;
#15708=ORIENTED_EDGE('',*,*,#15696,.T.) ;
#15709=ORIENTED_EDGE('',*,*,#15676,.T.) ;
#15710=ORIENTED_EDGE('',*,*,#15691,.F.) ;
#15809=ORIENTED_EDGE('',*,*,#15788,.F.) ;
#15810=ORIENTED_EDGE('',*,*,#15795,.T.) ;
#15811=ORIENTED_EDGE('',*,*,#15802,.T.) ;
#15812=ORIENTED_EDGE('',*,*,#15807,.F.) ;
#15826=ORIENTED_EDGE('',*,*,#15788,.T.) ;
#15827=ORIENTED_EDGE('',*,*,#15824,.T.) ;
#15836=ORIENTED_EDGE('',*,*,#15824,.F.) ;
#15837=ORIENTED_EDGE('',*,*,#15807,.T.) ;
#15838=ORIENTED_EDGE('',*,*,#15834,.T.) ;
#15839=ORIENTED_EDGE('',*,*,#15795,.F.) ;
#15867=ORIENTED_EDGE('',*,*,#15802,.F.) ;
#15868=ORIENTED_EDGE('',*,*,#15853,.T.) ;
#15869=ORIENTED_EDGE('',*,*,#15860,.T.) ;
#15870=ORIENTED_EDGE('',*,*,#15865,.F.) ;
#15879=ORIENTED_EDGE('',*,*,#15834,.F.) ;
#15880=ORIENTED_EDGE('',*,*,#15865,.T.) ;
#15881=ORIENTED_EDGE('',*,*,#15877,.T.) ;
#15882=ORIENTED_EDGE('',*,*,#15853,.F.) ;
#15905=ORIENTED_EDGE('',*,*,#15898,.T.) ;
#15906=ORIENTED_EDGE('',*,*,#15903,.T.) ;
#15909=ORIENTED_EDGE('',*,*,#15877,.F.) ;
#15910=ORIENTED_EDGE('',*,*,#15860,.F.) ;
#15947=ORIENTED_EDGE('',*,*,#15926,.T.) ;
#15948=ORIENTED_EDGE('',*,*,#15933,.F.) ;
#15949=ORIENTED_EDGE('',*,*,#15940,.T.) ;
#15950=ORIENTED_EDGE('',*,*,#15945,.T.) ;
#15985=ORIENTED_EDGE('',*,*,#15964,.F.) ;
#15986=ORIENTED_EDGE('',*,*,#15971,.T.) ;
#15987=ORIENTED_EDGE('',*,*,#15978,.T.) ;
#15988=ORIENTED_EDGE('',*,*,#15983,.F.) ;
#15989=ORIENTED_EDGE('',*,*,#15926,.F.) ;
#16010=ORIENTED_EDGE('',*,*,#15983,.T.) ;
#16011=ORIENTED_EDGE('',*,*,#16003,.T.) ;
#16012=ORIENTED_EDGE('',*,*,#16008,.T.) ;
#16013=ORIENTED_EDGE('',*,*,#15933,.T.) ;
#16034=ORIENTED_EDGE('',*,*,#15945,.F.) ;
#16035=ORIENTED_EDGE('',*,*,#16027,.F.) ;
#16036=ORIENTED_EDGE('',*,*,#16032,.T.) ;
#16037=ORIENTED_EDGE('',*,*,#15964,.T.) ;
#16058=ORIENTED_EDGE('',*,*,#16008,.F.) ;
#16059=ORIENTED_EDGE('',*,*,#16051,.F.) ;
#16060=ORIENTED_EDGE('',*,*,#16056,.T.) ;
#16061=ORIENTED_EDGE('',*,*,#16027,.T.) ;
#16062=ORIENTED_EDGE('',*,*,#15940,.F.) ;
#16130=ORIENTED_EDGE('',*,*,#16078,.F.) ;
#16131=ORIENTED_EDGE('',*,*,#16085,.T.) ;
#16132=ORIENTED_EDGE('',*,*,#16092,.T.) ;
#16133=ORIENTED_EDGE('',*,*,#16101,.T.) ;
#16134=ORIENTED_EDGE('',*,*,#16111,.T.) ;
#16135=ORIENTED_EDGE('',*,*,#16121,.T.) ;
#16136=ORIENTED_EDGE('',*,*,#16128,.F.) ;
#16181=ORIENTED_EDGE('',*,*,#16092,.F.) ;
#16182=ORIENTED_EDGE('',*,*,#16143,.T.) ;
#16183=ORIENTED_EDGE('',*,*,#16078,.T.) ;
#16184=ORIENTED_EDGE('',*,*,#16152,.T.) ;
#16185=ORIENTED_EDGE('',*,*,#16162,.T.) ;
#16186=ORIENTED_EDGE('',*,*,#16172,.T.) ;
#16187=ORIENTED_EDGE('',*,*,#16179,.F.) ;
#16246=ORIENTED_EDGE('',*,*,#16201,.T.) ;
#16247=ORIENTED_EDGE('',*,*,#15898,.F.) ;
#16248=ORIENTED_EDGE('',*,*,#16208,.F.) ;
#16249=ORIENTED_EDGE('',*,*,#16217,.T.) ;
#16250=ORIENTED_EDGE('',*,*,#16227,.F.) ;
#16251=ORIENTED_EDGE('',*,*,#16237,.F.) ;
#16252=ORIENTED_EDGE('',*,*,#16244,.F.) ;
#16292=ORIENTED_EDGE('',*,*,#16208,.T.) ;
#16293=ORIENTED_EDGE('',*,*,#15903,.F.) ;
#16294=ORIENTED_EDGE('',*,*,#16201,.F.) ;
#16295=ORIENTED_EDGE('',*,*,#16263,.T.) ;
#16296=ORIENTED_EDGE('',*,*,#16273,.F.) ;
#16297=ORIENTED_EDGE('',*,*,#16283,.F.) ;
#16298=ORIENTED_EDGE('',*,*,#16290,.F.) ;
#16307=ORIENTED_EDGE('',*,*,#16143,.F.) ;
#16308=ORIENTED_EDGE('',*,*,#16085,.F.) ;
#16316=ORIENTED_EDGE('',*,*,#15971,.F.) ;
#16317=ORIENTED_EDGE('',*,*,#16032,.F.) ;
#16318=ORIENTED_EDGE('',*,*,#16056,.F.) ;
#16319=ORIENTED_EDGE('',*,*,#16314,.F.) ;
#16338=ORIENTED_EDGE('',*,*,#16331,.T.) ;
#16339=ORIENTED_EDGE('',*,*,#16283,.T.) ;
#16340=ORIENTED_EDGE('',*,*,#16336,.F.) ;
#16341=ORIENTED_EDGE('',*,*,#16162,.F.) ;
#16355=ORIENTED_EDGE('',*,*,#16353,.T.) ;
#16356=ORIENTED_EDGE('',*,*,#16217,.F.) ;
#16357=ORIENTED_EDGE('',*,*,#16290,.T.) ;
#16358=ORIENTED_EDGE('',*,*,#16331,.F.) ;
#16359=ORIENTED_EDGE('',*,*,#16152,.F.) ;
#16360=ORIENTED_EDGE('',*,*,#16128,.T.) ;
#16374=ORIENTED_EDGE('',*,*,#16372,.T.) ;
#16375=ORIENTED_EDGE('',*,*,#16227,.T.) ;
#16376=ORIENTED_EDGE('',*,*,#16353,.F.) ;
#16377=ORIENTED_EDGE('',*,*,#16121,.F.) ;
#16391=ORIENTED_EDGE('',*,*,#16389,.T.) ;
#16392=ORIENTED_EDGE('',*,*,#16237,.T.) ;
#16393=ORIENTED_EDGE('',*,*,#16372,.F.) ;
#16394=ORIENTED_EDGE('',*,*,#16111,.F.) ;
#16408=ORIENTED_EDGE('',*,*,#16406,.T.) ;
#16409=ORIENTED_EDGE('',*,*,#16263,.F.) ;
#16410=ORIENTED_EDGE('',*,*,#16244,.T.) ;
#16411=ORIENTED_EDGE('',*,*,#16389,.F.) ;
#16412=ORIENTED_EDGE('',*,*,#16101,.F.) ;
#16413=ORIENTED_EDGE('',*,*,#16179,.T.) ;
#16422=ORIENTED_EDGE('',*,*,#16336,.T.) ;
#16423=ORIENTED_EDGE('',*,*,#16273,.T.) ;
#16424=ORIENTED_EDGE('',*,*,#16406,.F.) ;
#16425=ORIENTED_EDGE('',*,*,#16172,.F.) ;
#16434=ORIENTED_EDGE('',*,*,#15978,.F.) ;
#16435=ORIENTED_EDGE('',*,*,#16314,.T.) ;
#16436=ORIENTED_EDGE('',*,*,#16051,.T.) ;
#16437=ORIENTED_EDGE('',*,*,#16003,.F.) ;
#161=FACE_BOUND('',#158,.T.) ;
#627=FACE_BOUND('',#624,.T.) ;
#1537=FACE_BOUND('',#1534,.T.) ;
#1608=FACE_BOUND('',#1605,.T.) ;
#1693=FACE_BOUND('',#1690,.T.) ;
#1711=FACE_BOUND('',#1708,.T.) ;
#1715=FACE_BOUND('',#1712,.T.) ;
#1786=FACE_BOUND('',#1783,.T.) ;
#2605=FACE_BOUND('',#2602,.T.) ;
#2708=FACE_BOUND('',#2705,.T.) ;
#2854=FACE_BOUND('',#2851,.T.) ;
#2885=FACE_BOUND('',#2882,.T.) ;
#2916=FACE_BOUND('',#2913,.T.) ;
#2947=FACE_BOUND('',#2944,.T.) ;
#2985=FACE_BOUND('',#2982,.T.) ;
#3023=FACE_BOUND('',#3020,.T.) ;
#3061=FACE_BOUND('',#3058,.T.) ;
#3092=FACE_BOUND('',#3089,.T.) ;
#3130=FACE_BOUND('',#3127,.T.) ;
#3588=FACE_BOUND('',#3585,.T.) ;
#3823=FACE_BOUND('',#3820,.T.) ;
#3953=FACE_BOUND('',#3950,.T.) ;
#4173=FACE_BOUND('',#4170,.T.) ;
#4187=FACE_BOUND('',#4184,.T.) ;
#4374=FACE_BOUND('',#4371,.T.) ;
#4419=FACE_BOUND('',#4416,.T.) ;
#4609=FACE_BOUND('',#4606,.T.) ;
#4698=FACE_BOUND('',#4695,.T.) ;
#5240=FACE_BOUND('',#5237,.T.) ;
#5446=FACE_BOUND('',#5443,.T.) ;
#5460=FACE_BOUND('',#5457,.T.) ;
#5784=FACE_BOUND('',#5781,.T.) ;
#7128=FACE_BOUND('',#7123,.T.) ;
#7438=FACE_BOUND('',#7435,.T.) ;
#7452=FACE_BOUND('',#7449,.T.) ;
#7858=FACE_BOUND('',#7855,.T.) ;
#8242=FACE_BOUND('',#8239,.T.) ;
#8683=FACE_BOUND('',#8680,.T.) ;
#8697=FACE_BOUND('',#8694,.T.) ;
#10096=FACE_BOUND('',#10093,.T.) ;
#10257=FACE_BOUND('',#10254,.T.) ;
#10271=FACE_BOUND('',#10268,.T.) ;
#10388=FACE_BOUND('',#10385,.T.) ;
#10611=FACE_BOUND('',#10608,.T.) ;
#11173=FACE_BOUND('',#11170,.T.) ;
#12354=FACE_BOUND('',#12333,.T.) ;
#12372=FACE_BOUND('',#12369,.T.) ;
#12390=FACE_BOUND('',#12387,.T.) ;
#12408=FACE_BOUND('',#12405,.T.) ;
#12426=FACE_BOUND('',#12423,.T.) ;
#12444=FACE_BOUND('',#12441,.T.) ;
#12462=FACE_BOUND('',#12459,.T.) ;
#12480=FACE_BOUND('',#12477,.T.) ;
#13512=FACE_BOUND('',#13509,.T.) ;
#13516=FACE_BOUND('',#13513,.T.) ;
#13520=FACE_BOUND('',#13517,.T.) ;
#13524=FACE_BOUND('',#13521,.T.) ;
#13528=FACE_BOUND('',#13525,.T.) ;
#13532=FACE_BOUND('',#13529,.T.) ;
#13536=FACE_BOUND('',#13533,.T.) ;
#13540=FACE_BOUND('',#13537,.T.) ;
#13568=FACE_BOUND('',#13565,.T.) ;
#14480=FACE_BOUND('',#14477,.T.) ;
#14718=FACE_BOUND('',#14715,.T.) ;
#14732=FACE_BOUND('',#14729,.T.) ;
#14931=FACE_BOUND('',#14928,.T.) ;
#15680=FACE_BOUND('',#15677,.T.) ;
#15911=FACE_BOUND('',#15908,.T.) ;
#16320=FACE_BOUND('',#16315,.T.) ;
#40=CLOSED_SHELL('Closed Shell',(#80,#162,#213,#345,#376,#388,#507,#530,#556,#628,#646,#672,#746,#786,#820,#846,#889,#929,#946,#977,#1001,#1025,#1056,#1087,#1118,#1149,#1180,#1220,#1251,#1282,#1308,#1339,#1370,#1401,#1427,#1453,#1493,#1510,#1538,#1569,#1581,#1609,#1640,#1652,#1716,#1747,#1759,#1787,#1811,#1830,#1852,#1859,#1881,#1888,#1919,#1953,#1987,#1999,#2039,#2056,#2089,#2123,#2149,#2189,#2206,#2237,#2261,#2285,#2304,#2328,#2352,#2376,#2407,#2433,#2445,#2462,#2480,#2520,#2537,#2559,#2582,#2606,#2630,#2637,#2663,#2680,#2709,#2716,#2855,#2886,#2917,#2948,#2986,#3024,#3062,#3093,#3131,#3148,#3165,#3171,#3183,#3195,#3201,#3218,#3235,#3241,#3253,#3265,#3271)) ;
#3303=CLOSED_SHELL('Closed Shell',(#3343,#3360,#3409,#3432,#3476,#3494,#3518,#3549,#3561,#3589,#3620,#3632,#3666,#3695,#3768,#3824,#3858,#3883,#3915,#3954,#3971,#3983)) ;
#4046=CLOSED_SHELL('Closed Shell',(#4086,#4103,#4143,#4160,#4174,#4188)) ;
#4250=CLOSED_SHELL('Closed Shell',(#4302,#4331,#4375,#4392,#4420,#4451,#4468,#4610,#4699,#4730,#4761,#4778,#4795,#5014,#5213,#5241,#5272,#5284,#5315,#5327,#5358,#5375,#5399,#5421,#5433,#5447,#5461)) ;
#5523=CLOSED_SHELL('Closed Shell',(#5563,#5580,#5611,#5621,#5633,#5664,#5676,#5707,#5719,#5785,#5833,#5873,#5904,#5935,#5966,#5988,#6019,#6050,#6081,#6112,#6143,#6165,#6196,#6227,#6258,#6282,#6306,#6325,#6349,#6373,#6390,#6414,#6438,#6472,#6506,#6526,#6566,#6603,#6694,#6722,#6739,#6822,#6834,#6858,#6882,#6906,#6930,#6954,#6978,#7002,#7026,#7050,#7067,#7129,#7141,#7172,#7203,#7220,#7237,#7249)) ;
#7311=CLOSED_SHELL('Closed Shell',(#7351,#7368,#7408,#7425,#7439,#7453)) ;
#7515=CLOSED_SHELL('Closed Shell',(#7555,#7572,#7582,#7606,#7637,#7654,#7694,#7711,#7742,#7754,#7776,#7788,#7819,#7831,#7859,#7881,#7893)) ;
#7955=CLOSED_SHELL('Closed Shell',(#7995,#8020,#8058,#8075,#8094,#8132,#8151,#8189,#8208,#8243,#8281,#8300,#8347,#8371,#8388,#8421,#8440,#8487,#8504,#8684,#8698,#8729,#8753,#8777,#8801,#8820,#8844,#8868,#8892,#8911,#8930,#8954,#8978,#9002,#9021,#9045,#9069,#9093,#9112,#9136,#9160,#9177,#9214,#9277,#9304,#9367,#9394,#9457,#9484,#9547,#9583,#9646,#9673,#9736,#9763,#9826,#9853,#9916,#9943,#10006,#10031,#10074,#10097)) ;
#10130=CLOSED_SHELL('Closed Shell',(#10170,#10187,#10227,#10244,#10258,#10272)) ;
#10304=CLOSED_SHELL('Closed Shell',(#10344,#10361,#10389,#10420,#10432,#10612,#10643,#10667,#10691,#10715,#10739,#10765,#10789,#10806,#10825,#10849,#10873,#10897,#10916,#10940,#10964,#10988,#11007,#11031,#11050,#11074,#11174,#11191,#11219,#11247,#11275,#11303,#11331,#11359,#11387,#11415,#11443,#11486,#11529,#11592,#11655,#11698,#11741,#11784,#11827,#11870,#11913,#11927)) ;
#11959=CLOSED_SHELL('Closed Shell',(#12007,#12481,#12497,#12514,#12525,#12556,#12580,#12604,#12628,#12652,#12676,#12700,#12719,#12743,#12767,#12791,#12810,#12834,#12858,#12882,#12906,#12930,#12954,#12978,#13002,#13026,#13050,#13074,#13098,#13115,#13148,#13161,#13192,#13204,#13235,#13247,#13278,#13290,#13321,#13333,#13364,#13376,#13407,#13419,#13450,#13462,#13541,#13569,#13600,#13612,#13634,#13641,#13673,#13689,#13706,#13717,#13749,#13765,#13782,#13793)) ;
#13826=CLOSED_SHELL('Closed Shell',(#13860,#13889,#13945,#14011,#14056,#14113,#14159,#14227,#14275,#14281,#14287,#14299,#14305,#14311,#14317,#14357,#14374,#14405,#14417,#14481,#14488,#14494,#14500,#14507,#14513,#14519,#14529)) ;
#14591=CLOSED_SHELL('Closed Shell',(#14631,#14648,#14688,#14705,#14719,#14733)) ;
#14795=CLOSED_SHELL('Closed Shell',(#14829,#14858,#14932,#15010,#15078,#15147,#15205,#15296,#15356,#15395,#15415,#15421,#15427,#15439,#15445,#15451,#15457,#15473,#15484,#15503,#15514,#15525,#15536,#15554,#15566,#15597,#15616,#15635,#15647,#15681,#15704,#15712)) ;
#15774=CLOSED_SHELL('Closed Shell',(#15814,#15829,#15841,#15872,#15884,#15912,#15952,#15991,#16015,#16039,#16064,#16138,#16189,#16254,#16300,#16321,#16343,#16362,#16379,#16396,#16415,#16427,#16439)) ;
#3272=ADVANCED_BREP_SHAPE_REPRESENTATION('NONE',(#31),#24) ;
#3984=ADVANCED_BREP_SHAPE_REPRESENTATION('NONE',(#3295),#3288) ;
#4189=ADVANCED_BREP_SHAPE_REPRESENTATION('NONE',(#4037),#4030) ;
#5462=ADVANCED_BREP_SHAPE_REPRESENTATION('NONE',(#4242),#4235) ;
#7250=ADVANCED_BREP_SHAPE_REPRESENTATION('NONE',(#5515),#5508) ;
#7454=ADVANCED_BREP_SHAPE_REPRESENTATION('NONE',(#7303),#7296) ;
#7894=ADVANCED_BREP_SHAPE_REPRESENTATION('NONE',(#7507),#7500) ;
#10098=ADVANCED_BREP_SHAPE_REPRESENTATION('NONE',(#7947),#7940) ;
#10273=ADVANCED_BREP_SHAPE_REPRESENTATION('NONE',(#10121),#10114) ;
#11928=ADVANCED_BREP_SHAPE_REPRESENTATION('NONE',(#10296),#10289) ;
#13794=ADVANCED_BREP_SHAPE_REPRESENTATION('NONE',(#11951),#11944) ;
#14530=ADVANCED_BREP_SHAPE_REPRESENTATION('NONE',(#13817),#13810) ;
#14734=ADVANCED_BREP_SHAPE_REPRESENTATION('NONE',(#14583),#14576) ;
#15713=ADVANCED_BREP_SHAPE_REPRESENTATION('NONE',(#14787),#14780) ;
#16440=ADVANCED_BREP_SHAPE_REPRESENTATION('NONE',(#15766),#15759) ;
#80=ADVANCED_FACE('Hauptk\X2\00F6\X0\rper',(#79),#45,.T.) ;
#162=ADVANCED_FACE('Hauptk\X2\00F6\X0\rper',(#143,#161),#85,.F.) ;
#213=ADVANCED_FACE('Hauptk\X2\00F6\X0\rper',(#212),#167,.F.) ;
#345=ADVANCED_FACE('Hauptk\X2\00F6\X0\rper',(#344),#218,.F.) ;
#376=ADVANCED_FACE('Hauptk\X2\00F6\X0\rper',(#375),#350,.F.) ;
#388=ADVANCED_FACE('Hauptk\X2\00F6\X0\rper',(#387),#350,.F.) ;
#507=ADVANCED_FACE('Hauptk\X2\00F6\X0\rper',(#506),#218,.F.) ;
#530=ADVANCED_FACE('Hauptk\X2\00F6\X0\rper',(#529),#512,.F.) ;
#556=ADVANCED_FACE('Hauptk\X2\00F6\X0\rper',(#555),#167,.F.) ;
#628=ADVANCED_FACE('Hauptk\X2\00F6\X0\rper',(#609,#627),#561,.T.) ;
#646=ADVANCED_FACE('Hauptk\X2\00F6\X0\rper',(#645),#512,.F.) ;
#672=ADVANCED_FACE('Hauptk\X2\00F6\X0\rper',(#671),#167,.F.) ;
#746=ADVANCED_FACE('Hauptk\X2\00F6\X0\rper',(#745),#167,.F.) ;
#786=ADVANCED_FACE('Hauptk\X2\00F6\X0\rper',(#785),#751,.F.) ;
#820=ADVANCED_FACE('Hauptk\X2\00F6\X0\rper',(#819),#791,.F.) ;
#846=ADVANCED_FACE('Hauptk\X2\00F6\X0\rper',(#845),#45,.T.) ;
#889=ADVANCED_FACE('Hauptk\X2\00F6\X0\rper',(#888),#851,.F.) ;
#929=ADVANCED_FACE('Hauptk\X2\00F6\X0\rper',(#928),#894,.F.) ;
#946=ADVANCED_FACE('Hauptk\X2\00F6\X0\rper',(#945),#894,.F.) ;
#977=ADVANCED_FACE('Hauptk\X2\00F6\X0\rper',(#976),#951,.F.) ;
#1001=ADVANCED_FACE('Hauptk\X2\00F6\X0\rper',(#1000),#982,.T.) ;
#1025=ADVANCED_FACE('Hauptk\X2\00F6\X0\rper',(#1024),#1006,.F.) ;
#1056=ADVANCED_FACE('Hauptk\X2\00F6\X0\rper',(#1055),#1030,.F.) ;
#1087=ADVANCED_FACE('Hauptk\X2\00F6\X0\rper',(#1086),#1061,.T.) ;
#1118=ADVANCED_FACE('Hauptk\X2\00F6\X0\rper',(#1117),#1092,.F.) ;
#1149=ADVANCED_FACE('Hauptk\X2\00F6\X0\rper',(#1148),#1123,.T.) ;
#1180=ADVANCED_FACE('Hauptk\X2\00F6\X0\rper',(#1179),#1154,.F.) ;
#1220=ADVANCED_FACE('Hauptk\X2\00F6\X0\rper',(#1219),#1185,.F.) ;
#1251=ADVANCED_FACE('Hauptk\X2\00F6\X0\rper',(#1250),#1225,.T.) ;
#1282=ADVANCED_FACE('Hauptk\X2\00F6\X0\rper',(#1281),#1256,.F.) ;
#1308=ADVANCED_FACE('Hauptk\X2\00F6\X0\rper',(#1307),#1061,.T.) ;
#1339=ADVANCED_FACE('Hauptk\X2\00F6\X0\rper',(#1338),#1313,.F.) ;
#1370=ADVANCED_FACE('Hauptk\X2\00F6\X0\rper',(#1369),#1344,.T.) ;
#1401=ADVANCED_FACE('Hauptk\X2\00F6\X0\rper',(#1400),#1375,.F.) ;
#1427=ADVANCED_FACE('Hauptk\X2\00F6\X0\rper',(#1426),#982,.T.) ;
#1453=ADVANCED_FACE('Hauptk\X2\00F6\X0\rper',(#1452),#1006,.F.) ;
#1493=ADVANCED_FACE('Hauptk\X2\00F6\X0\rper',(#1492),#1458,.F.) ;
#1510=ADVANCED_FACE('Hauptk\X2\00F6\X0\rper',(#1509),#1458,.F.) ;
#1538=ADVANCED_FACE('Hauptk\X2\00F6\X0\rper',(#1533,#1537),#1515,.T.) ;
#1569=ADVANCED_FACE('Hauptk\X2\00F6\X0\rper',(#1568),#1543,.F.) ;
#1581=ADVANCED_FACE('Hauptk\X2\00F6\X0\rper',(#1580),#1543,.F.) ;
#1609=ADVANCED_FACE('Hauptk\X2\00F6\X0\rper',(#1604,#1608),#1586,.T.) ;
#1640=ADVANCED_FACE('Hauptk\X2\00F6\X0\rper',(#1639),#1614,.F.) ;
#1652=ADVANCED_FACE('Hauptk\X2\00F6\X0\rper',(#1651),#1614,.F.) ;
#1716=ADVANCED_FACE('Hauptk\X2\00F6\X0\rper',(#1675,#1693,#1711,#1715),#1657,.T.) ;
#1747=ADVANCED_FACE('Hauptk\X2\00F6\X0\rper',(#1746),#1721,.F.) ;
#1759=ADVANCED_FACE('Hauptk\X2\00F6\X0\rper',(#1758),#1721,.F.) ;
#1787=ADVANCED_FACE('Hauptk\X2\00F6\X0\rper',(#1782,#1786),#1764,.T.) ;
#1811=ADVANCED_FACE('Hauptk\X2\00F6\X0\rper',(#1810),#1792,.F.) ;
#1830=ADVANCED_FACE('Hauptk\X2\00F6\X0\rper',(#1829),#1792,.F.) ;
#1852=ADVANCED_FACE('Hauptk\X2\00F6\X0\rper',(#1851),#1835,.F.) ;
#1859=ADVANCED_FACE('Hauptk\X2\00F6\X0\rper',(#1858),#1835,.F.) ;
#1881=ADVANCED_FACE('Hauptk\X2\00F6\X0\rper',(#1880),#1864,.F.) ;
#1888=ADVANCED_FACE('Hauptk\X2\00F6\X0\rper',(#1887),#1864,.F.) ;
#1919=ADVANCED_FACE('Hauptk\X2\00F6\X0\rper',(#1918),#1893,.F.) ;
#1953=ADVANCED_FACE('Hauptk\X2\00F6\X0\rper',(#1952),#1924,.F.) ;
#1987=ADVANCED_FACE('Hauptk\X2\00F6\X0\rper',(#1986),#1958,.F.) ;
#1999=ADVANCED_FACE('Hauptk\X2\00F6\X0\rper',(#1998),#1893,.F.) ;
#2039=ADVANCED_FACE('Hauptk\X2\00F6\X0\rper',(#2038),#2004,.F.) ;
#2056=ADVANCED_FACE('Hauptk\X2\00F6\X0\rper',(#2055),#2004,.F.) ;
#2089=ADVANCED_FACE('Hauptk\X2\00F6\X0\rper',(#2088),#2061,.F.) ;
#2123=ADVANCED_FACE('Hauptk\X2\00F6\X0\rper',(#2122),#2094,.F.) ;
#2149=ADVANCED_FACE('Hauptk\X2\00F6\X0\rper',(#2148),#2061,.F.) ;
#2189=ADVANCED_FACE('Hauptk\X2\00F6\X0\rper',(#2188),#2154,.F.) ;
#2206=ADVANCED_FACE('Hauptk\X2\00F6\X0\rper',(#2205),#2154,.F.) ;
#2237=ADVANCED_FACE('Hauptk\X2\00F6\X0\rper',(#2236),#2211,.F.) ;
#2261=ADVANCED_FACE('Hauptk\X2\00F6\X0\rper',(#2260),#2242,.F.) ;
#2285=ADVANCED_FACE('Hauptk\X2\00F6\X0\rper',(#2284),#2266,.F.) ;
#2304=ADVANCED_FACE('Hauptk\X2\00F6\X0\rper',(#2303),#1061,.T.) ;
#2328=ADVANCED_FACE('Hauptk\X2\00F6\X0\rper',(#2327),#2309,.F.) ;
#2352=ADVANCED_FACE('Hauptk\X2\00F6\X0\rper',(#2351),#2333,.F.) ;
#2376=ADVANCED_FACE('Hauptk\X2\00F6\X0\rper',(#2375),#2357,.F.) ;
#2407=ADVANCED_FACE('Hauptk\X2\00F6\X0\rper',(#2406),#2381,.T.) ;
#2433=ADVANCED_FACE('Hauptk\X2\00F6\X0\rper',(#2432),#350,.F.) ;
#2445=ADVANCED_FACE('Hauptk\X2\00F6\X0\rper',(#2444),#350,.F.) ;
#2462=ADVANCED_FACE('Hauptk\X2\00F6\X0\rper',(#2461),#2450,.F.) ;
#2480=ADVANCED_FACE('Hauptk\X2\00F6\X0\rper',(#2479),#2381,.T.) ;
#2520=ADVANCED_FACE('Hauptk\X2\00F6\X0\rper',(#2519),#2485,.F.) ;
#2537=ADVANCED_FACE('Hauptk\X2\00F6\X0\rper',(#2536),#2485,.F.) ;
#2559=ADVANCED_FACE('Hauptk\X2\00F6\X0\rper',(#2558),#2542,.T.) ;
#2582=ADVANCED_FACE('Hauptk\X2\00F6\X0\rper',(#2581),#167,.F.) ;
#2606=ADVANCED_FACE('Hauptk\X2\00F6\X0\rper',(#2601,#2605),#2587,.F.) ;
#2630=ADVANCED_FACE('Hauptk\X2\00F6\X0\rper',(#2629),#167,.F.) ;
#2637=ADVANCED_FACE('Hauptk\X2\00F6\X0\rper',(#2636),#2542,.T.) ;
#2663=ADVANCED_FACE('Hauptk\X2\00F6\X0\rper',(#2662),#2381,.T.) ;
#2680=ADVANCED_FACE('Hauptk\X2\00F6\X0\rper',(#2679),#2668,.F.) ;
#2709=ADVANCED_FACE('Hauptk\X2\00F6\X0\rper',(#2704,#2708),#2685,.T.) ;
#2716=ADVANCED_FACE('Hauptk\X2\00F6\X0\rper',(#2715),#2450,.F.) ;
#2855=ADVANCED_FACE('Hauptk\X2\00F6\X0\rper',(#2850,#2854),#2721,.F.) ;
#2886=ADVANCED_FACE('Hauptk\X2\00F6\X0\rper',(#2881,#2885),#2860,.T.) ;
#2917=ADVANCED_FACE('Hauptk\X2\00F6\X0\rper',(#2912,#2916),#2891,.T.) ;
#2948=ADVANCED_FACE('Hauptk\X2\00F6\X0\rper',(#2943,#2947),#2922,.F.) ;
#2986=ADVANCED_FACE('Hauptk\X2\00F6\X0\rper',(#2981,#2985),#2953,.T.) ;
#3024=ADVANCED_FACE('Hauptk\X2\00F6\X0\rper',(#3019,#3023),#2991,.F.) ;
#3062=ADVANCED_FACE('Hauptk\X2\00F6\X0\rper',(#3057,#3061),#3029,.T.) ;
#3093=ADVANCED_FACE('Hauptk\X2\00F6\X0\rper',(#3088,#3092),#3067,.F.) ;
#3131=ADVANCED_FACE('Hauptk\X2\00F6\X0\rper',(#3126,#3130),#3098,.F.) ;
#3148=ADVANCED_FACE('Hauptk\X2\00F6\X0\rper',(#3147),#3136,.T.) ;
#3165=ADVANCED_FACE('Hauptk\X2\00F6\X0\rper',(#3164),#3153,.F.) ;
#3171=ADVANCED_FACE('Hauptk\X2\00F6\X0\rper',(#3170),#512,.F.) ;
#3183=ADVANCED_FACE('Hauptk\X2\00F6\X0\rper',(#3182),#3136,.T.) ;
#3195=ADVANCED_FACE('Hauptk\X2\00F6\X0\rper',(#3194),#3153,.F.) ;
#3201=ADVANCED_FACE('Hauptk\X2\00F6\X0\rper',(#3200),#512,.F.) ;
#3218=ADVANCED_FACE('Hauptk\X2\00F6\X0\rper',(#3217),#3206,.T.) ;
#3235=ADVANCED_FACE('Hauptk\X2\00F6\X0\rper',(#3234),#3223,.F.) ;
#3241=ADVANCED_FACE('Hauptk\X2\00F6\X0\rper',(#3240),#512,.F.) ;
#3253=ADVANCED_FACE('Hauptk\X2\00F6\X0\rper',(#3252),#3206,.T.) ;
#3265=ADVANCED_FACE('Hauptk\X2\00F6\X0\rper',(#3264),#3223,.F.) ;
#3271=ADVANCED_FACE('Hauptk\X2\00F6\X0\rper',(#3270),#512,.F.) ;
#3343=ADVANCED_FACE('Hauptk\X2\00F6\X0\rper',(#3342),#3308,.F.) ;
#3360=ADVANCED_FACE('Hauptk\X2\00F6\X0\rper',(#3359),#3308,.F.) ;
#3409=ADVANCED_FACE('Hauptk\X2\00F6\X0\rper',(#3408),#3365,.F.) ;
#3432=ADVANCED_FACE('Hauptk\X2\00F6\X0\rper',(#3431),#3414,.F.) ;
#3476=ADVANCED_FACE('Hauptk\X2\00F6\X0\rper',(#3475),#3365,.F.) ;
#3494=ADVANCED_FACE('Hauptk\X2\00F6\X0\rper',(#3493),#3414,.F.) ;
#3518=ADVANCED_FACE('Hauptk\X2\00F6\X0\rper',(#3517),#3499,.T.) ;
#3549=ADVANCED_FACE('Hauptk\X2\00F6\X0\rper',(#3548),#3523,.F.) ;
#3561=ADVANCED_FACE('Hauptk\X2\00F6\X0\rper',(#3560),#3523,.F.) ;
#3589=ADVANCED_FACE('Hauptk\X2\00F6\X0\rper',(#3584,#3588),#3566,.T.) ;
#3620=ADVANCED_FACE('Hauptk\X2\00F6\X0\rper',(#3619),#3594,.T.) ;
#3632=ADVANCED_FACE('Hauptk\X2\00F6\X0\rper',(#3631),#3594,.T.) ;
#3666=ADVANCED_FACE('Hauptk\X2\00F6\X0\rper',(#3665),#3637,.F.) ;
#3695=ADVANCED_FACE('Hauptk\X2\00F6\X0\rper',(#3694),#3637,.F.) ;
#3768=ADVANCED_FACE('Hauptk\X2\00F6\X0\rper',(#3767),#3700,.T.) ;
#3824=ADVANCED_FACE('Hauptk\X2\00F6\X0\rper',(#3819,#3823),#3773,.F.) ;
#3858=ADVANCED_FACE('Hauptk\X2\00F6\X0\rper',(#3857),#3829,.T.) ;
#3883=ADVANCED_FACE('Hauptk\X2\00F6\X0\rper',(#3882),#3829,.T.) ;
#3915=ADVANCED_FACE('Hauptk\X2\00F6\X0\rper',(#3914),#3888,.F.) ;
#3954=ADVANCED_FACE('Hauptk\X2\00F6\X0\rper',(#3949,#3953),#3920,.T.) ;
#3971=ADVANCED_FACE('Hauptk\X2\00F6\X0\rper',(#3970),#3959,.T.) ;
#3983=ADVANCED_FACE('Hauptk\X2\00F6\X0\rper',(#3982),#3976,.T.) ;
#4086=ADVANCED_FACE('Hauptk\X2\00F6\X0\rper',(#4085),#4051,.F.) ;
#4103=ADVANCED_FACE('Hauptk\X2\00F6\X0\rper',(#4102),#4051,.F.) ;
#4143=ADVANCED_FACE('Hauptk\X2\00F6\X0\rper',(#4142),#4108,.T.) ;
#4160=ADVANCED_FACE('Hauptk\X2\00F6\X0\rper',(#4159),#4108,.T.) ;
#4174=ADVANCED_FACE('Hauptk\X2\00F6\X0\rper',(#4169,#4173),#4165,.F.) ;
#4188=ADVANCED_FACE('Hauptk\X2\00F6\X0\rper',(#4183,#4187),#4179,.T.) ;
#4302=ADVANCED_FACE('Hauptk\X2\00F6\X0\rper',(#4301),#4255,.F.) ;
#4331=ADVANCED_FACE('Hauptk\X2\00F6\X0\rper',(#4330),#4255,.F.) ;
#4375=ADVANCED_FACE('Hauptk\X2\00F6\X0\rper',(#4370,#4374),#4336,.F.) ;
#4392=ADVANCED_FACE('Hauptk\X2\00F6\X0\rper',(#4391),#4336,.F.) ;
#4420=ADVANCED_FACE('Hauptk\X2\00F6\X0\rper',(#4415,#4419),#4397,.T.) ;
#4451=ADVANCED_FACE('Hauptk\X2\00F6\X0\rper',(#4450),#4425,.T.) ;
#4468=ADVANCED_FACE('Hauptk\X2\00F6\X0\rper',(#4467),#4456,.T.) ;
#4610=ADVANCED_FACE('Hauptk\X2\00F6\X0\rper',(#4564,#4609),#4497,.T.) ;
#4699=ADVANCED_FACE('Hauptk\X2\00F6\X0\rper',(#4650,#4698),#4639,.T.) ;
#4730=ADVANCED_FACE('Hauptk\X2\00F6\X0\rper',(#4729),#4704,.T.) ;
#4761=ADVANCED_FACE('Hauptk\X2\00F6\X0\rper',(#4760),#4735,.T.) ;
#4778=ADVANCED_FACE('Hauptk\X2\00F6\X0\rper',(#4777),#4766,.T.) ;
#4795=ADVANCED_FACE('Hauptk\X2\00F6\X0\rper',(#4794),#4783,.T.) ;
#5014=ADVANCED_FACE('Hauptk\X2\00F6\X0\rper',(#5013),#4796,.F.) ;
#5213=ADVANCED_FACE('Hauptk\X2\00F6\X0\rper',(#5212),#5015,.F.) ;
#5241=ADVANCED_FACE('Hauptk\X2\00F6\X0\rper',(#5222,#5240),#5218,.F.) ;
#5272=ADVANCED_FACE('Hauptk\X2\00F6\X0\rper',(#5271),#5246,.T.) ;
#5284=ADVANCED_FACE('Hauptk\X2\00F6\X0\rper',(#5283),#5246,.T.) ;
#5315=ADVANCED_FACE('Hauptk\X2\00F6\X0\rper',(#5314),#5289,.F.) ;
#5327=ADVANCED_FACE('Hauptk\X2\00F6\X0\rper',(#5326),#5289,.F.) ;
#5358=ADVANCED_FACE('Hauptk\X2\00F6\X0\rper',(#5357),#5332,.T.) ;
#5375=ADVANCED_FACE('Hauptk\X2\00F6\X0\rper',(#5374),#5363,.T.) ;
#5399=ADVANCED_FACE('Hauptk\X2\00F6\X0\rper',(#5398),#5380,.T.) ;
#5421=ADVANCED_FACE('Hauptk\X2\00F6\X0\rper',(#5420),#5404,.T.) ;
#5433=ADVANCED_FACE('Hauptk\X2\00F6\X0\rper',(#5432),#5426,.T.) ;
#5447=ADVANCED_FACE('Hauptk\X2\00F6\X0\rper',(#5442,#5446),#5438,.F.) ;
#5461=ADVANCED_FACE('Hauptk\X2\00F6\X0\rper',(#5456,#5460),#5452,.F.) ;
#5563=ADVANCED_FACE('Hauptk\X2\00F6\X0\rper',(#5562),#5528,.T.) ;
#5580=ADVANCED_FACE('Hauptk\X2\00F6\X0\rper',(#5579),#5528,.T.) ;
#5611=ADVANCED_FACE('Hauptk\X2\00F6\X0\rper',(#5610),#5585,.T.) ;
#5621=ADVANCED_FACE('Hauptk\X2\00F6\X0\rper',(#5620),#5616,.T.) ;
#5633=ADVANCED_FACE('Hauptk\X2\00F6\X0\rper',(#5632),#5585,.T.) ;
#5664=ADVANCED_FACE('Hauptk\X2\00F6\X0\rper',(#5663),#5638,.T.) ;
#5676=ADVANCED_FACE('Hauptk\X2\00F6\X0\rper',(#5675),#5638,.T.) ;
#5707=ADVANCED_FACE('Hauptk\X2\00F6\X0\rper',(#5706),#5681,.T.) ;
#5719=ADVANCED_FACE('Hauptk\X2\00F6\X0\rper',(#5718),#5681,.T.) ;
#5785=ADVANCED_FACE('Hauptk\X2\00F6\X0\rper',(#5780,#5784),#5724,.F.) ;
#5833=ADVANCED_FACE('Hauptk\X2\00F6\X0\rper',(#5832),#5790,.T.) ;
#5873=ADVANCED_FACE('Hauptk\X2\00F6\X0\rper',(#5872),#5838,.T.) ;
#5904=ADVANCED_FACE('Hauptk\X2\00F6\X0\rper',(#5903),#5878,.T.) ;
#5935=ADVANCED_FACE('Hauptk\X2\00F6\X0\rper',(#5934),#5909,.T.) ;
#5966=ADVANCED_FACE('Hauptk\X2\00F6\X0\rper',(#5965),#5940,.T.) ;
#5988=ADVANCED_FACE('Hauptk\X2\00F6\X0\rper',(#5987),#5971,.T.) ;
#6019=ADVANCED_FACE('Hauptk\X2\00F6\X0\rper',(#6018),#5993,.T.) ;
#6050=ADVANCED_FACE('Hauptk\X2\00F6\X0\rper',(#6049),#6024,.T.) ;
#6081=ADVANCED_FACE('Hauptk\X2\00F6\X0\rper',(#6080),#6055,.T.) ;
#6112=ADVANCED_FACE('Hauptk\X2\00F6\X0\rper',(#6111),#6086,.T.) ;
#6143=ADVANCED_FACE('Hauptk\X2\00F6\X0\rper',(#6142),#6117,.T.) ;
#6165=ADVANCED_FACE('Hauptk\X2\00F6\X0\rper',(#6164),#6148,.T.) ;
#6196=ADVANCED_FACE('Hauptk\X2\00F6\X0\rper',(#6195),#6170,.T.) ;
#6227=ADVANCED_FACE('Hauptk\X2\00F6\X0\rper',(#6226),#6201,.F.) ;
#6258=ADVANCED_FACE('Hauptk\X2\00F6\X0\rper',(#6257),#6232,.T.) ;
#6282=ADVANCED_FACE('Hauptk\X2\00F6\X0\rper',(#6281),#6263,.T.) ;
#6306=ADVANCED_FACE('Hauptk\X2\00F6\X0\rper',(#6305),#6287,.T.) ;
#6325=ADVANCED_FACE('Hauptk\X2\00F6\X0\rper',(#6324),#6287,.T.) ;
#6349=ADVANCED_FACE('Hauptk\X2\00F6\X0\rper',(#6348),#6330,.T.) ;
#6373=ADVANCED_FACE('Hauptk\X2\00F6\X0\rper',(#6372),#6354,.F.) ;
#6390=ADVANCED_FACE('Hauptk\X2\00F6\X0\rper',(#6389),#6378,.F.) ;
#6414=ADVANCED_FACE('Hauptk\X2\00F6\X0\rper',(#6413),#6395,.F.) ;
#6438=ADVANCED_FACE('Hauptk\X2\00F6\X0\rper',(#6437),#6419,.T.) ;
#6472=ADVANCED_FACE('Hauptk\X2\00F6\X0\rper',(#6471),#6443,.F.) ;
#6506=ADVANCED_FACE('Hauptk\X2\00F6\X0\rper',(#6505),#6477,.F.) ;
#6526=ADVANCED_FACE('Hauptk\X2\00F6\X0\rper',(#6525),#6511,.F.) ;
#6566=ADVANCED_FACE('Hauptk\X2\00F6\X0\rper',(#6565),#6531,.T.) ;
#6603=ADVANCED_FACE('Hauptk\X2\00F6\X0\rper',(#6602),#6571,.T.) ;
#6694=ADVANCED_FACE('Hauptk\X2\00F6\X0\rper',(#6693),#6604,.F.) ;
#6722=ADVANCED_FACE('Hauptk\X2\00F6\X0\rper',(#6721),#6699,.T.) ;
#6739=ADVANCED_FACE('Hauptk\X2\00F6\X0\rper',(#6738),#6727,.T.) ;
#6822=ADVANCED_FACE('Hauptk\X2\00F6\X0\rper',(#6821),#6740,.F.) ;
#6834=ADVANCED_FACE('Hauptk\X2\00F6\X0\rper',(#6833),#6827,.T.) ;
#6858=ADVANCED_FACE('Hauptk\X2\00F6\X0\rper',(#6857),#6839,.T.) ;
#6882=ADVANCED_FACE('Hauptk\X2\00F6\X0\rper',(#6881),#6863,.T.) ;
#6906=ADVANCED_FACE('Hauptk\X2\00F6\X0\rper',(#6905),#6887,.T.) ;
#6930=ADVANCED_FACE('Hauptk\X2\00F6\X0\rper',(#6929),#6911,.T.) ;
#6954=ADVANCED_FACE('Hauptk\X2\00F6\X0\rper',(#6953),#6935,.T.) ;
#6978=ADVANCED_FACE('Hauptk\X2\00F6\X0\rper',(#6977),#6959,.T.) ;
#7002=ADVANCED_FACE('Hauptk\X2\00F6\X0\rper',(#7001),#6983,.T.) ;
#7026=ADVANCED_FACE('Hauptk\X2\00F6\X0\rper',(#7025),#7007,.T.) ;
#7050=ADVANCED_FACE('Hauptk\X2\00F6\X0\rper',(#7049),#7031,.T.) ;
#7067=ADVANCED_FACE('Hauptk\X2\00F6\X0\rper',(#7066),#7055,.T.) ;
#7129=ADVANCED_FACE('Hauptk\X2\00F6\X0\rper',(#7094,#7128),#7072,.T.) ;
#7141=ADVANCED_FACE('Hauptk\X2\00F6\X0\rper',(#7140),#7134,.F.) ;
#7172=ADVANCED_FACE('Hauptk\X2\00F6\X0\rper',(#7171),#7146,.F.) ;
#7203=ADVANCED_FACE('Hauptk\X2\00F6\X0\rper',(#7202),#7177,.T.) ;
#7220=ADVANCED_FACE('Hauptk\X2\00F6\X0\rper',(#7219),#7208,.F.) ;
#7237=ADVANCED_FACE('Hauptk\X2\00F6\X0\rper',(#7236),#7225,.F.) ;
#7249=ADVANCED_FACE('Hauptk\X2\00F6\X0\rper',(#7248),#7242,.F.) ;
#7351=ADVANCED_FACE('Hauptk\X2\00F6\X0\rper',(#7350),#7316,.F.) ;
#7368=ADVANCED_FACE('Hauptk\X2\00F6\X0\rper',(#7367),#7316,.F.) ;
#7408=ADVANCED_FACE('Hauptk\X2\00F6\X0\rper',(#7407),#7373,.T.) ;
#7425=ADVANCED_FACE('Hauptk\X2\00F6\X0\rper',(#7424),#7373,.T.) ;
#7439=ADVANCED_FACE('Hauptk\X2\00F6\X0\rper',(#7434,#7438),#7430,.F.) ;
#7453=ADVANCED_FACE('Hauptk\X2\00F6\X0\rper',(#7448,#7452),#7444,.T.) ;
#7555=ADVANCED_FACE('Hauptk\X2\00F6\X0\rper',(#7554),#7520,.F.) ;
#7572=ADVANCED_FACE('Hauptk\X2\00F6\X0\rper',(#7571),#7520,.F.) ;
#7582=ADVANCED_FACE('Hauptk\X2\00F6\X0\rper',(#7581),#7577,.F.) ;
#7606=ADVANCED_FACE('Hauptk\X2\00F6\X0\rper',(#7605),#7587,.T.) ;
#7637=ADVANCED_FACE('Hauptk\X2\00F6\X0\rper',(#7636),#7611,.T.) ;
#7654=ADVANCED_FACE('Hauptk\X2\00F6\X0\rper',(#7653),#7642,.T.) ;
#7694=ADVANCED_FACE('Hauptk\X2\00F6\X0\rper',(#7693),#7659,.T.) ;
#7711=ADVANCED_FACE('Hauptk\X2\00F6\X0\rper',(#7710),#7659,.T.) ;
#7742=ADVANCED_FACE('Hauptk\X2\00F6\X0\rper',(#7741),#7716,.T.) ;
#7754=ADVANCED_FACE('Hauptk\X2\00F6\X0\rper',(#7753),#7716,.T.) ;
#7776=ADVANCED_FACE('Hauptk\X2\00F6\X0\rper',(#7775),#7759,.F.) ;
#7788=ADVANCED_FACE('Hauptk\X2\00F6\X0\rper',(#7787),#7781,.F.) ;
#7819=ADVANCED_FACE('Hauptk\X2\00F6\X0\rper',(#7818),#7793,.T.) ;
#7831=ADVANCED_FACE('Hauptk\X2\00F6\X0\rper',(#7830),#7793,.T.) ;
#7859=ADVANCED_FACE('Hauptk\X2\00F6\X0\rper',(#7854,#7858),#7836,.F.) ;
#7881=ADVANCED_FACE('Hauptk\X2\00F6\X0\rper',(#7880),#7864,.T.) ;
#7893=ADVANCED_FACE('Hauptk\X2\00F6\X0\rper',(#7892),#7886,.T.) ;
#7995=ADVANCED_FACE('Hauptk\X2\00F6\X0\rper',(#7994),#7960,.T.) ;
#8020=ADVANCED_FACE('Hauptk\X2\00F6\X0\rper',(#8019),#7960,.T.) ;
#8058=ADVANCED_FACE('Hauptk\X2\00F6\X0\rper',(#8057),#8032,.T.) ;
#8075=ADVANCED_FACE('Hauptk\X2\00F6\X0\rper',(#8074),#8070,.T.) ;
#8094=ADVANCED_FACE('Hauptk\X2\00F6\X0\rper',(#8093),#8032,.T.) ;
#8132=ADVANCED_FACE('Hauptk\X2\00F6\X0\rper',(#8131),#8106,.T.) ;
#8151=ADVANCED_FACE('Hauptk\X2\00F6\X0\rper',(#8150),#8106,.T.) ;
#8189=ADVANCED_FACE('Hauptk\X2\00F6\X0\rper',(#8188),#8163,.T.) ;
#8208=ADVANCED_FACE('Hauptk\X2\00F6\X0\rper',(#8207),#8163,.T.) ;
#8243=ADVANCED_FACE('Hauptk\X2\00F6\X0\rper',(#8238,#8242),#8220,.T.) ;
#8281=ADVANCED_FACE('Hauptk\X2\00F6\X0\rper',(#8280),#8255,.T.) ;
#8300=ADVANCED_FACE('Hauptk\X2\00F6\X0\rper',(#8299),#8255,.T.) ;
#8347=ADVANCED_FACE('Hauptk\X2\00F6\X0\rper',(#8346),#8312,.T.) ;
#8371=ADVANCED_FACE('Hauptk\X2\00F6\X0\rper',(#8370),#8312,.T.) ;
#8388=ADVANCED_FACE('Hauptk\X2\00F6\X0\rper',(#8387),#8383,.F.) ;
#8421=ADVANCED_FACE('Hauptk\X2\00F6\X0\rper',(#8420),#8032,.T.) ;
#8440=ADVANCED_FACE('Hauptk\X2\00F6\X0\rper',(#8439),#8032,.T.) ;
#8487=ADVANCED_FACE('Hauptk\X2\00F6\X0\rper',(#8486),#8452,.T.) ;
#8504=ADVANCED_FACE('Hauptk\X2\00F6\X0\rper',(#8503),#8452,.T.) ;
#8684=ADVANCED_FACE('Hauptk\X2\00F6\X0\rper',(#8679,#8683),#8509,.T.) ;
#8698=ADVANCED_FACE('Hauptk\X2\00F6\X0\rper',(#8693,#8697),#8689,.T.) ;
#8729=ADVANCED_FACE('Hauptk\X2\00F6\X0\rper',(#8728),#8703,.T.) ;
#8753=ADVANCED_FACE('Hauptk\X2\00F6\X0\rper',(#8752),#8734,.T.) ;
#8777=ADVANCED_FACE('Hauptk\X2\00F6\X0\rper',(#8776),#8758,.F.) ;
#8801=ADVANCED_FACE('Hauptk\X2\00F6\X0\rper',(#8800),#8782,.T.) ;
#8820=ADVANCED_FACE('Hauptk\X2\00F6\X0\rper',(#8819),#8703,.T.) ;
#8844=ADVANCED_FACE('Hauptk\X2\00F6\X0\rper',(#8843),#8825,.T.) ;
#8868=ADVANCED_FACE('Hauptk\X2\00F6\X0\rper',(#8867),#8849,.F.) ;
#8892=ADVANCED_FACE('Hauptk\X2\00F6\X0\rper',(#8891),#8873,.T.) ;
#8911=ADVANCED_FACE('Hauptk\X2\00F6\X0\rper',(#8910),#8703,.T.) ;
#8930=ADVANCED_FACE('Hauptk\X2\00F6\X0\rper',(#8929),#8703,.T.) ;
#8954=ADVANCED_FACE('Hauptk\X2\00F6\X0\rper',(#8953),#8935,.T.) ;
#8978=ADVANCED_FACE('Hauptk\X2\00F6\X0\rper',(#8977),#8959,.F.) ;
#9002=ADVANCED_FACE('Hauptk\X2\00F6\X0\rper',(#9001),#8983,.T.) ;
#9021=ADVANCED_FACE('Hauptk\X2\00F6\X0\rper',(#9020),#8703,.T.) ;
#9045=ADVANCED_FACE('Hauptk\X2\00F6\X0\rper',(#9044),#9026,.T.) ;
#9069=ADVANCED_FACE('Hauptk\X2\00F6\X0\rper',(#9068),#9050,.F.) ;
#9093=ADVANCED_FACE('Hauptk\X2\00F6\X0\rper',(#9092),#9074,.T.) ;
#9112=ADVANCED_FACE('Hauptk\X2\00F6\X0\rper',(#9111),#8703,.T.) ;
#9136=ADVANCED_FACE('Hauptk\X2\00F6\X0\rper',(#9135),#9117,.T.) ;
#9160=ADVANCED_FACE('Hauptk\X2\00F6\X0\rper',(#9159),#9141,.F.) ;
#9177=ADVANCED_FACE('Hauptk\X2\00F6\X0\rper',(#9176),#9165,.T.) ;
#9214=ADVANCED_FACE('Hauptk\X2\00F6\X0\rper',(#9213),#9182,.T.) ;
#9277=ADVANCED_FACE('Hauptk\X2\00F6\X0\rper',(#9276),#9215,.F.) ;
#9304=ADVANCED_FACE('Hauptk\X2\00F6\X0\rper',(#9303),#9282,.T.) ;
#9367=ADVANCED_FACE('Hauptk\X2\00F6\X0\rper',(#9366),#9305,.F.) ;
#9394=ADVANCED_FACE('Hauptk\X2\00F6\X0\rper',(#9393),#9372,.T.) ;
#9457=ADVANCED_FACE('Hauptk\X2\00F6\X0\rper',(#9456),#9395,.F.) ;
#9484=ADVANCED_FACE('Hauptk\X2\00F6\X0\rper',(#9483),#9462,.T.) ;
#9547=ADVANCED_FACE('Hauptk\X2\00F6\X0\rper',(#9546),#9485,.F.) ;
#9583=ADVANCED_FACE('Hauptk\X2\00F6\X0\rper',(#9582),#9552,.T.) ;
#9646=ADVANCED_FACE('Hauptk\X2\00F6\X0\rper',(#9645),#9584,.F.) ;
#9673=ADVANCED_FACE('Hauptk\X2\00F6\X0\rper',(#9672),#9651,.T.) ;
#9736=ADVANCED_FACE('Hauptk\X2\00F6\X0\rper',(#9735),#9674,.F.) ;
#9763=ADVANCED_FACE('Hauptk\X2\00F6\X0\rper',(#9762),#9741,.T.) ;
#9826=ADVANCED_FACE('Hauptk\X2\00F6\X0\rper',(#9825),#9764,.F.) ;
#9853=ADVANCED_FACE('Hauptk\X2\00F6\X0\rper',(#9852),#9831,.T.) ;
#9916=ADVANCED_FACE('Hauptk\X2\00F6\X0\rper',(#9915),#9854,.F.) ;
#9943=ADVANCED_FACE('Hauptk\X2\00F6\X0\rper',(#9942),#9921,.T.) ;
#10006=ADVANCED_FACE('Hauptk\X2\00F6\X0\rper',(#10005),#9944,.F.) ;
#10031=ADVANCED_FACE('Hauptk\X2\00F6\X0\rper',(#10030),#10011,.T.) ;
#10074=ADVANCED_FACE('Hauptk\X2\00F6\X0\rper',(#10073),#10032,.F.) ;
#10097=ADVANCED_FACE('Hauptk\X2\00F6\X0\rper',(#10092,#10096),#10079,.F.) ;
#10170=ADVANCED_FACE('Hauptk\X2\00F6\X0\rper',(#10169),#10135,.F.) ;
#10187=ADVANCED_FACE('Hauptk\X2\00F6\X0\rper',(#10186),#10135,.F.) ;
#10227=ADVANCED_FACE('Hauptk\X2\00F6\X0\rper',(#10226),#10192,.T.) ;
#10244=ADVANCED_FACE('Hauptk\X2\00F6\X0\rper',(#10243),#10192,.T.) ;
#10258=ADVANCED_FACE('Hauptk\X2\00F6\X0\rper',(#10253,#10257),#10249,.T.) ;
#10272=ADVANCED_FACE('Hauptk\X2\00F6\X0\rper',(#10267,#10271),#10263,.F.) ;
#10344=ADVANCED_FACE('Hauptk\X2\00F6\X0\rper',(#10343),#10309,.F.) ;
#10361=ADVANCED_FACE('Hauptk\X2\00F6\X0\rper',(#10360),#10309,.F.) ;
#10389=ADVANCED_FACE('Hauptk\X2\00F6\X0\rper',(#10384,#10388),#10366,.T.) ;
#10420=ADVANCED_FACE('Hauptk\X2\00F6\X0\rper',(#10419),#10394,.T.) ;
#10432=ADVANCED_FACE('Hauptk\X2\00F6\X0\rper',(#10431),#10394,.T.) ;
#10612=ADVANCED_FACE('Hauptk\X2\00F6\X0\rper',(#10607,#10611),#10437,.T.) ;
#10643=ADVANCED_FACE('Hauptk\X2\00F6\X0\rper',(#10642),#10617,.T.) ;
#10667=ADVANCED_FACE('Hauptk\X2\00F6\X0\rper',(#10666),#10648,.F.) ;
#10691=ADVANCED_FACE('Hauptk\X2\00F6\X0\rper',(#10690),#10672,.T.) ;
#10715=ADVANCED_FACE('Hauptk\X2\00F6\X0\rper',(#10714),#10696,.T.) ;
#10739=ADVANCED_FACE('Hauptk\X2\00F6\X0\rper',(#10738),#10720,.T.) ;
#10765=ADVANCED_FACE('Hauptk\X2\00F6\X0\rper',(#10764),#10696,.T.) ;
#10789=ADVANCED_FACE('Hauptk\X2\00F6\X0\rper',(#10788),#10770,.F.) ;
#10806=ADVANCED_FACE('Hauptk\X2\00F6\X0\rper',(#10805),#10794,.T.) ;
#10825=ADVANCED_FACE('Hauptk\X2\00F6\X0\rper',(#10824),#10696,.T.) ;
#10849=ADVANCED_FACE('Hauptk\X2\00F6\X0\rper',(#10848),#10830,.T.) ;
#10873=ADVANCED_FACE('Hauptk\X2\00F6\X0\rper',(#10872),#10854,.F.) ;
#10897=ADVANCED_FACE('Hauptk\X2\00F6\X0\rper',(#10896),#10878,.T.) ;
#10916=ADVANCED_FACE('Hauptk\X2\00F6\X0\rper',(#10915),#10696,.T.) ;
#10940=ADVANCED_FACE('Hauptk\X2\00F6\X0\rper',(#10939),#10921,.T.) ;
#10964=ADVANCED_FACE('Hauptk\X2\00F6\X0\rper',(#10963),#10945,.F.) ;
#10988=ADVANCED_FACE('Hauptk\X2\00F6\X0\rper',(#10987),#10969,.T.) ;
#11007=ADVANCED_FACE('Hauptk\X2\00F6\X0\rper',(#11006),#10696,.T.) ;
#11031=ADVANCED_FACE('Hauptk\X2\00F6\X0\rper',(#11030),#11012,.T.) ;
#11050=ADVANCED_FACE('Hauptk\X2\00F6\X0\rper',(#11049),#10696,.T.) ;
#11074=ADVANCED_FACE('Hauptk\X2\00F6\X0\rper',(#11073),#11055,.F.) ;
#11174=ADVANCED_FACE('Hauptk\X2\00F6\X0\rper',(#11169,#11173),#11079,.F.) ;
#11191=ADVANCED_FACE('Hauptk\X2\00F6\X0\rper',(#11190),#11179,.T.) ;
#11219=ADVANCED_FACE('Hauptk\X2\00F6\X0\rper',(#11218),#11196,.T.) ;
#11247=ADVANCED_FACE('Hauptk\X2\00F6\X0\rper',(#11246),#11224,.T.) ;
#11275=ADVANCED_FACE('Hauptk\X2\00F6\X0\rper',(#11274),#11252,.T.) ;
#11303=ADVANCED_FACE('Hauptk\X2\00F6\X0\rper',(#11302),#11280,.T.) ;
#11331=ADVANCED_FACE('Hauptk\X2\00F6\X0\rper',(#11330),#11308,.T.) ;
#11359=ADVANCED_FACE('Hauptk\X2\00F6\X0\rper',(#11358),#11336,.T.) ;
#11387=ADVANCED_FACE('Hauptk\X2\00F6\X0\rper',(#11386),#11364,.T.) ;
#11415=ADVANCED_FACE('Hauptk\X2\00F6\X0\rper',(#11414),#11392,.T.) ;
#11443=ADVANCED_FACE('Hauptk\X2\00F6\X0\rper',(#11442),#11420,.T.) ;
#11486=ADVANCED_FACE('Hauptk\X2\00F6\X0\rper',(#11485),#11444,.F.) ;
#11529=ADVANCED_FACE('Hauptk\X2\00F6\X0\rper',(#11528),#11487,.F.) ;
#11592=ADVANCED_FACE('Hauptk\X2\00F6\X0\rper',(#11591),#11530,.F.) ;
#11655=ADVANCED_FACE('Hauptk\X2\00F6\X0\rper',(#11654),#11593,.F.) ;
#11698=ADVANCED_FACE('Hauptk\X2\00F6\X0\rper',(#11697),#11656,.F.) ;
#11741=ADVANCED_FACE('Hauptk\X2\00F6\X0\rper',(#11740),#11699,.F.) ;
#11784=ADVANCED_FACE('Hauptk\X2\00F6\X0\rper',(#11783),#11742,.F.) ;
#11827=ADVANCED_FACE('Hauptk\X2\00F6\X0\rper',(#11826),#11785,.F.) ;
#11870=ADVANCED_FACE('Hauptk\X2\00F6\X0\rper',(#11869),#11828,.F.) ;
#11913=ADVANCED_FACE('Hauptk\X2\00F6\X0\rper',(#11912),#11871,.F.) ;
#11927=ADVANCED_FACE('Hauptk\X2\00F6\X0\rper',(#11926),#11918,.T.) ;
#12007=ADVANCED_FACE('Hauptk\X2\00F6\X0\rper',(#12006),#11964,.T.) ;
#12481=ADVANCED_FACE('Hauptk\X2\00F6\X0\rper',(#12214,#12354,#12372,#12390,#12408,#12426,#12444,#12462,#12480),#12012,.F.) ;
#12497=ADVANCED_FACE('Hauptk\X2\00F6\X0\rper',(#12496),#12486,.F.) ;
#12514=ADVANCED_FACE('Hauptk\X2\00F6\X0\rper',(#12513),#12502,.T.) ;
#12525=ADVANCED_FACE('Hauptk\X2\00F6\X0\rper',(#12524),#12519,.T.) ;
#12556=ADVANCED_FACE('Hauptk\X2\00F6\X0\rper',(#12555),#12530,.T.) ;
#12580=ADVANCED_FACE('Hauptk\X2\00F6\X0\rper',(#12579),#12561,.T.) ;
#12604=ADVANCED_FACE('Hauptk\X2\00F6\X0\rper',(#12603),#12585,.T.) ;
#12628=ADVANCED_FACE('Hauptk\X2\00F6\X0\rper',(#12627),#12609,.T.) ;
#12652=ADVANCED_FACE('Hauptk\X2\00F6\X0\rper',(#12651),#12633,.F.) ;
#12676=ADVANCED_FACE('Hauptk\X2\00F6\X0\rper',(#12675),#12657,.T.) ;
#12700=ADVANCED_FACE('Hauptk\X2\00F6\X0\rper',(#12699),#12681,.F.) ;
#12719=ADVANCED_FACE('Hauptk\X2\00F6\X0\rper',(#12718),#12530,.T.) ;
#12743=ADVANCED_FACE('Hauptk\X2\00F6\X0\rper',(#12742),#12724,.T.) ;
#12767=ADVANCED_FACE('Hauptk\X2\00F6\X0\rper',(#12766),#12748,.F.) ;
#12791=ADVANCED_FACE('Hauptk\X2\00F6\X0\rper',(#12790),#12772,.T.) ;
#12810=ADVANCED_FACE('Hauptk\X2\00F6\X0\rper',(#12809),#12530,.T.) ;
#12834=ADVANCED_FACE('Hauptk\X2\00F6\X0\rper',(#12833),#12815,.T.) ;
#12858=ADVANCED_FACE('Hauptk\X2\00F6\X0\rper',(#12857),#12839,.T.) ;
#12882=ADVANCED_FACE('Hauptk\X2\00F6\X0\rper',(#12881),#12863,.T.) ;
#12906=ADVANCED_FACE('Hauptk\X2\00F6\X0\rper',(#12905),#12887,.F.) ;
#12930=ADVANCED_FACE('Hauptk\X2\00F6\X0\rper',(#12929),#12911,.T.) ;
#12954=ADVANCED_FACE('Hauptk\X2\00F6\X0\rper',(#12953),#12935,.F.) ;
#12978=ADVANCED_FACE('Hauptk\X2\00F6\X0\rper',(#12977),#12959,.T.) ;
#13002=ADVANCED_FACE('Hauptk\X2\00F6\X0\rper',(#13001),#12983,.T.) ;
#13026=ADVANCED_FACE('Hauptk\X2\00F6\X0\rper',(#13025),#13007,.T.) ;
#13050=ADVANCED_FACE('Hauptk\X2\00F6\X0\rper',(#13049),#13031,.T.) ;
#13074=ADVANCED_FACE('Hauptk\X2\00F6\X0\rper',(#13073),#13055,.F.) ;
#13098=ADVANCED_FACE('Hauptk\X2\00F6\X0\rper',(#13097),#13079,.T.) ;
#13115=ADVANCED_FACE('Hauptk\X2\00F6\X0\rper',(#13114),#13103,.F.) ;
#13148=ADVANCED_FACE('Hauptk\X2\00F6\X0\rper',(#13147),#13120,.T.) ;
#13161=ADVANCED_FACE('Hauptk\X2\00F6\X0\rper',(#13160),#13120,.T.) ;
#13192=ADVANCED_FACE('Hauptk\X2\00F6\X0\rper',(#13191),#13166,.F.) ;
#13204=ADVANCED_FACE('Hauptk\X2\00F6\X0\rper',(#13203),#13166,.F.) ;
#13235=ADVANCED_FACE('Hauptk\X2\00F6\X0\rper',(#13234),#13209,.F.) ;
#13247=ADVANCED_FACE('Hauptk\X2\00F6\X0\rper',(#13246),#13209,.F.) ;
#13278=ADVANCED_FACE('Hauptk\X2\00F6\X0\rper',(#13277),#13252,.F.) ;
#13290=ADVANCED_FACE('Hauptk\X2\00F6\X0\rper',(#13289),#13252,.F.) ;
#13321=ADVANCED_FACE('Hauptk\X2\00F6\X0\rper',(#13320),#13295,.F.) ;
#13333=ADVANCED_FACE('Hauptk\X2\00F6\X0\rper',(#13332),#13295,.F.) ;
#13364=ADVANCED_FACE('Hauptk\X2\00F6\X0\rper',(#13363),#13338,.F.) ;
#13376=ADVANCED_FACE('Hauptk\X2\00F6\X0\rper',(#13375),#13338,.F.) ;
#13407=ADVANCED_FACE('Hauptk\X2\00F6\X0\rper',(#13406),#13381,.F.) ;
#13419=ADVANCED_FACE('Hauptk\X2\00F6\X0\rper',(#13418),#13381,.F.) ;
#13450=ADVANCED_FACE('Hauptk\X2\00F6\X0\rper',(#13449),#13424,.F.) ;
#13462=ADVANCED_FACE('Hauptk\X2\00F6\X0\rper',(#13461),#13424,.F.) ;
#13541=ADVANCED_FACE('Hauptk\X2\00F6\X0\rper',(#13494,#13512,#13516,#13520,#13524,#13528,#13532,#13536,#13540),#13467,.T.) ;
#13569=ADVANCED_FACE('Hauptk\X2\00F6\X0\rper',(#13550,#13568),#13546,.F.) ;
#13600=ADVANCED_FACE('Hauptk\X2\00F6\X0\rper',(#13599),#13574,.F.) ;
#13612=ADVANCED_FACE('Hauptk\X2\00F6\X0\rper',(#13611),#13574,.F.) ;
#13634=ADVANCED_FACE('Hauptk\X2\00F6\X0\rper',(#13633),#13617,.F.) ;
#13641=ADVANCED_FACE('Hauptk\X2\00F6\X0\rper',(#13640),#13617,.F.) ;
#13673=ADVANCED_FACE('Hauptk\X2\00F6\X0\rper',(#13672),#13646,.T.) ;
#13689=ADVANCED_FACE('Hauptk\X2\00F6\X0\rper',(#13688),#13678,.F.) ;
#13706=ADVANCED_FACE('Hauptk\X2\00F6\X0\rper',(#13705),#13694,.T.) ;
#13717=ADVANCED_FACE('Hauptk\X2\00F6\X0\rper',(#13716),#13711,.T.) ;
#13749=ADVANCED_FACE('Hauptk\X2\00F6\X0\rper',(#13748),#13722,.T.) ;
#13765=ADVANCED_FACE('Hauptk\X2\00F6\X0\rper',(#13764),#13754,.F.) ;
#13782=ADVANCED_FACE('Hauptk\X2\00F6\X0\rper',(#13781),#13770,.T.) ;
#13793=ADVANCED_FACE('Hauptk\X2\00F6\X0\rper',(#13792),#13787,.T.) ;
#13860=ADVANCED_FACE('Hauptk\X2\00F6\X0\rper',(#13859),#13831,.T.) ;
#13889=ADVANCED_FACE('Hauptk\X2\00F6\X0\rper',(#13888),#13831,.T.) ;
#13945=ADVANCED_FACE('Hauptk\X2\00F6\X0\rper',(#13944),#13894,.F.) ;
#14011=ADVANCED_FACE('Hauptk\X2\00F6\X0\rper',(#14010),#13950,.T.) ;
#14056=ADVANCED_FACE('Hauptk\X2\00F6\X0\rper',(#14055),#14016,.T.) ;
#14113=ADVANCED_FACE('Hauptk\X2\00F6\X0\rper',(#14112),#14061,.T.) ;
#14159=ADVANCED_FACE('Hauptk\X2\00F6\X0\rper',(#14158),#14118,.T.) ;
#14227=ADVANCED_FACE('Hauptk\X2\00F6\X0\rper',(#14226),#14164,.T.) ;
#14275=ADVANCED_FACE('Hauptk\X2\00F6\X0\rper',(#14274),#14232,.T.) ;
#14281=ADVANCED_FACE('Hauptk\X2\00F6\X0\rper',(#14280),#13831,.T.) ;
#14287=ADVANCED_FACE('Hauptk\X2\00F6\X0\rper',(#14286),#13831,.T.) ;
#14299=ADVANCED_FACE('Hauptk\X2\00F6\X0\rper',(#14298),#13831,.T.) ;
#14305=ADVANCED_FACE('Hauptk\X2\00F6\X0\rper',(#14304),#13831,.T.) ;
#14311=ADVANCED_FACE('Hauptk\X2\00F6\X0\rper',(#14310),#13831,.T.) ;
#14317=ADVANCED_FACE('Hauptk\X2\00F6\X0\rper',(#14316),#13831,.T.) ;
#14357=ADVANCED_FACE('Hauptk\X2\00F6\X0\rper',(#14356),#14322,.T.) ;
#14374=ADVANCED_FACE('Hauptk\X2\00F6\X0\rper',(#14373),#14322,.T.) ;
#14405=ADVANCED_FACE('Hauptk\X2\00F6\X0\rper',(#14404),#14379,.T.) ;
#14417=ADVANCED_FACE('Hauptk\X2\00F6\X0\rper',(#14416),#14379,.T.) ;
#14481=ADVANCED_FACE('Hauptk\X2\00F6\X0\rper',(#14476,#14480),#14422,.T.) ;
#14488=ADVANCED_FACE('Hauptk\X2\00F6\X0\rper',(#14487),#14422,.T.) ;
#14494=ADVANCED_FACE('Hauptk\X2\00F6\X0\rper',(#14493),#14422,.T.) ;
#14500=ADVANCED_FACE('Hauptk\X2\00F6\X0\rper',(#14499),#14422,.T.) ;
#14507=ADVANCED_FACE('Hauptk\X2\00F6\X0\rper',(#14506),#14422,.T.) ;
#14513=ADVANCED_FACE('Hauptk\X2\00F6\X0\rper',(#14512),#14422,.T.) ;
#14519=ADVANCED_FACE('Hauptk\X2\00F6\X0\rper',(#14518),#14422,.T.) ;
#14529=ADVANCED_FACE('Hauptk\X2\00F6\X0\rper',(#14528),#14524,.T.) ;
#14631=ADVANCED_FACE('Hauptk\X2\00F6\X0\rper',(#14630),#14596,.F.) ;
#14648=ADVANCED_FACE('Hauptk\X2\00F6\X0\rper',(#14647),#14596,.F.) ;
#14688=ADVANCED_FACE('Hauptk\X2\00F6\X0\rper',(#14687),#14653,.T.) ;
#14705=ADVANCED_FACE('Hauptk\X2\00F6\X0\rper',(#14704),#14653,.T.) ;
#14719=ADVANCED_FACE('Hauptk\X2\00F6\X0\rper',(#14714,#14718),#14710,.T.) ;
#14733=ADVANCED_FACE('Hauptk\X2\00F6\X0\rper',(#14728,#14732),#14724,.F.) ;
#14829=ADVANCED_FACE('Hauptk\X2\00F6\X0\rper',(#14828),#14800,.T.) ;
#14858=ADVANCED_FACE('Hauptk\X2\00F6\X0\rper',(#14857),#14800,.T.) ;
#14932=ADVANCED_FACE('Hauptk\X2\00F6\X0\rper',(#14913,#14931),#14863,.F.) ;
#15010=ADVANCED_FACE('Hauptk\X2\00F6\X0\rper',(#15009),#14937,.T.) ;
#15078=ADVANCED_FACE('Hauptk\X2\00F6\X0\rper',(#15077),#15015,.T.) ;
#15147=ADVANCED_FACE('Hauptk\X2\00F6\X0\rper',(#15146),#15083,.T.) ;
#15205=ADVANCED_FACE('Hauptk\X2\00F6\X0\rper',(#15204),#15152,.T.) ;
#15296=ADVANCED_FACE('Hauptk\X2\00F6\X0\rper',(#15295),#15210,.T.) ;
#15356=ADVANCED_FACE('Hauptk\X2\00F6\X0\rper',(#15355),#15301,.T.) ;
#15395=ADVANCED_FACE('Hauptk\X2\00F6\X0\rper',(#15394),#15361,.F.) ;
#15415=ADVANCED_FACE('Hauptk\X2\00F6\X0\rper',(#15414),#15361,.F.) ;
#15421=ADVANCED_FACE('Hauptk\X2\00F6\X0\rper',(#15420),#14800,.T.) ;
#15427=ADVANCED_FACE('Hauptk\X2\00F6\X0\rper',(#15426),#14800,.T.) ;
#15439=ADVANCED_FACE('Hauptk\X2\00F6\X0\rper',(#15438),#14800,.T.) ;
#15445=ADVANCED_FACE('Hauptk\X2\00F6\X0\rper',(#15444),#14800,.T.) ;
#15451=ADVANCED_FACE('Hauptk\X2\00F6\X0\rper',(#15450),#14800,.T.) ;
#15457=ADVANCED_FACE('Hauptk\X2\00F6\X0\rper',(#15456),#14800,.T.) ;
#15473=ADVANCED_FACE('Hauptk\X2\00F6\X0\rper',(#15472),#15462,.T.) ;
#15484=ADVANCED_FACE('Hauptk\X2\00F6\X0\rper',(#15483),#15462,.T.) ;
#15503=ADVANCED_FACE('Hauptk\X2\00F6\X0\rper',(#15502),#15462,.T.) ;
#15514=ADVANCED_FACE('Hauptk\X2\00F6\X0\rper',(#15513),#15462,.T.) ;
#15525=ADVANCED_FACE('Hauptk\X2\00F6\X0\rper',(#15524),#15462,.T.) ;
#15536=ADVANCED_FACE('Hauptk\X2\00F6\X0\rper',(#15535),#15462,.T.) ;
#15554=ADVANCED_FACE('Hauptk\X2\00F6\X0\rper',(#15553),#15462,.T.) ;
#15566=ADVANCED_FACE('Hauptk\X2\00F6\X0\rper',(#15565),#15462,.T.) ;
#15597=ADVANCED_FACE('Hauptk\X2\00F6\X0\rper',(#15596),#15571,.F.) ;
#15616=ADVANCED_FACE('Hauptk\X2\00F6\X0\rper',(#15615),#15571,.F.) ;
#15635=ADVANCED_FACE('Hauptk\X2\00F6\X0\rper',(#15634),#15571,.F.) ;
#15647=ADVANCED_FACE('Hauptk\X2\00F6\X0\rper',(#15646),#15571,.F.) ;
#15681=ADVANCED_FACE('Hauptk\X2\00F6\X0\rper',(#15662,#15680),#15652,.T.) ;
#15704=ADVANCED_FACE('Hauptk\X2\00F6\X0\rper',(#15703),#15686,.F.) ;
#15712=ADVANCED_FACE('Hauptk\X2\00F6\X0\rper',(#15711),#15686,.F.) ;
#15814=ADVANCED_FACE('Hauptk\X2\00F6\X0\rper',(#15813),#15779,.T.) ;
#15829=ADVANCED_FACE('Hauptk\X2\00F6\X0\rper',(#15828),#15819,.T.) ;
#15841=ADVANCED_FACE('Hauptk\X2\00F6\X0\rper',(#15840),#15779,.T.) ;
#15872=ADVANCED_FACE('Hauptk\X2\00F6\X0\rper',(#15871),#15846,.T.) ;
#15884=ADVANCED_FACE('Hauptk\X2\00F6\X0\rper',(#15883),#15846,.T.) ;
#15912=ADVANCED_FACE('Hauptk\X2\00F6\X0\rper',(#15907,#15911),#15889,.F.) ;
#15952=ADVANCED_FACE('Hauptk\X2\00F6\X0\rper',(#15951),#15917,.T.) ;
#15991=ADVANCED_FACE('Hauptk\X2\00F6\X0\rper',(#15990),#15957,.T.) ;
#16015=ADVANCED_FACE('Hauptk\X2\00F6\X0\rper',(#16014),#15996,.T.) ;
#16039=ADVANCED_FACE('Hauptk\X2\00F6\X0\rper',(#16038),#16020,.F.) ;
#16064=ADVANCED_FACE('Hauptk\X2\00F6\X0\rper',(#16063),#16044,.T.) ;
#16138=ADVANCED_FACE('Hauptk\X2\00F6\X0\rper',(#16137),#16069,.T.) ;
#16189=ADVANCED_FACE('Hauptk\X2\00F6\X0\rper',(#16188),#16069,.T.) ;
#16254=ADVANCED_FACE('Hauptk\X2\00F6\X0\rper',(#16253),#16194,.T.) ;
#16300=ADVANCED_FACE('Hauptk\X2\00F6\X0\rper',(#16299),#16194,.T.) ;
#16321=ADVANCED_FACE('Hauptk\X2\00F6\X0\rper',(#16309,#16320),#16305,.T.) ;
#16343=ADVANCED_FACE('Hauptk\X2\00F6\X0\rper',(#16342),#16326,.F.) ;
#16362=ADVANCED_FACE('Hauptk\X2\00F6\X0\rper',(#16361),#16348,.F.) ;
#16379=ADVANCED_FACE('Hauptk\X2\00F6\X0\rper',(#16378),#16367,.F.) ;
#16396=ADVANCED_FACE('Hauptk\X2\00F6\X0\rper',(#16395),#16384,.F.) ;
#16415=ADVANCED_FACE('Hauptk\X2\00F6\X0\rper',(#16414),#16401,.F.) ;
#16427=ADVANCED_FACE('Hauptk\X2\00F6\X0\rper',(#16426),#16420,.F.) ;
#16439=ADVANCED_FACE('Hauptk\X2\00F6\X0\rper',(#16438),#16432,.F.) ;
#4=APPLICATION_PROTOCOL_DEFINITION('international standard','automotive_design',2001,#1) ;
#93=B_SPLINE_CURVE_WITH_KNOTS('',5,(#94,#95,#96,#97,#98,#99),.UNSPECIFIED.,.F.,.U.,(6,6),(0.,0.141485082263),.UNSPECIFIED.) ;
#110=B_SPLINE_CURVE_WITH_KNOTS('',5,(#111,#112,#113,#114,#115,#116,#117,#118,#119),.UNSPECIFIED.,.F.,.U.,(6,3,6),(0.,19.7500513785,44.5313769871),.UNSPECIFIED.) ;
#175=B_SPLINE_CURVE_WITH_KNOTS('',5,(#176,#177,#178,#179,#180,#181,#182,#183,#184),.UNSPECIFIED.,.F.,.U.,(6,3,6),(0.,38.5690313476,57.7536366014),.UNSPECIFIED.) ;
#188=B_SPLINE_CURVE_WITH_KNOTS('',5,(#189,#190,#191,#192,#193,#194,#195,#196,#197),.UNSPECIFIED.,.F.,.U.,(6,3,6),(0.,38.5690313381,53.1708332074),.UNSPECIFIED.) ;
#219=B_SPLINE_CURVE_WITH_KNOTS('',3,(#220,#221,#222,#223),.UNSPECIFIED.,.F.,.U.,(4,4),(0.,0.141477336857),.UNSPECIFIED.) ;
#229=B_SPLINE_CURVE_WITH_KNOTS('',4,(#230,#231,#232,#233,#234),.UNSPECIFIED.,.F.,.U.,(5,5),(0.,58.2805419241),.UNSPECIFIED.) ;
#238=B_SPLINE_CURVE_WITH_KNOTS('',3,(#239,#240,#241,#242),.UNSPECIFIED.,.F.,.U.,(4,4),(0.,0.141477336857),.UNSPECIFIED.) ;
#253=B_SPLINE_CURVE_WITH_KNOTS('',3,(#254,#255,#256,#257),.UNSPECIFIED.,.F.,.U.,(4,4),(0.,0.141485082263),.UNSPECIFIED.) ;
#261=B_SPLINE_CURVE_WITH_KNOTS('',5,(#262,#263,#264,#265,#266,#267),.UNSPECIFIED.,.F.,.U.,(6,6),(0.,110.924346265),.UNSPECIFIED.) ;
#271=B_SPLINE_CURVE_WITH_KNOTS('',3,(#272,#273,#274,#275),.UNSPECIFIED.,.F.,.U.,(4,4),(0.,0.141485082263),.UNSPECIFIED.) ;
#286=B_SPLINE_CURVE_WITH_KNOTS('',3,(#287,#288,#289,#290),.UNSPECIFIED.,.F.,.U.,(4,4),(0.,0.141477336857),.UNSPECIFIED.) ;
#294=B_SPLINE_CURVE_WITH_KNOTS('',4,(#295,#296,#297,#298,#299),.UNSPECIFIED.,.F.,.U.,(5,5),(0.,26.8488172393),.UNSPECIFIED.) ;
#389=B_SPLINE_CURVE_WITH_KNOTS('',3,(#390,#391,#392,#393),.UNSPECIFIED.,.F.,.U.,(4,4),(0.,0.141477336857),.UNSPECIFIED.) ;
#399=B_SPLINE_CURVE_WITH_KNOTS('',4,(#400,#401,#402,#403,#404),.UNSPECIFIED.,.F.,.U.,(5,5),(29.7719900017,88.0524731809),.UNSPECIFIED.) ;
#408=B_SPLINE_CURVE_WITH_KNOTS('',3,(#409,#410,#411,#412),.UNSPECIFIED.,.F.,.U.,(4,4),(0.,0.141477336857),.UNSPECIFIED.) ;
#423=B_SPLINE_CURVE_WITH_KNOTS('',3,(#424,#425,#426,#427),.UNSPECIFIED.,.F.,.U.,(4,4),(0.,0.141485082263),.UNSPECIFIED.) ;
#434=B_SPLINE_CURVE_WITH_KNOTS('',4,(#435,#436,#437,#438,#439),.UNSPECIFIED.,.F.,.U.,(5,5),(0.,31.4315749257),.UNSPECIFIED.) ;
#443=B_SPLINE_CURVE_WITH_KNOTS('',3,(#444,#445,#446,#447),.UNSPECIFIED.,.F.,.U.,(4,4),(0.,0.141477336857),.UNSPECIFIED.) ;
#458=B_SPLINE_CURVE_WITH_KNOTS('',3,(#459,#460,#461,#462),.UNSPECIFIED.,.F.,.U.,(4,4),(0.,0.141485082263),.UNSPECIFIED.) ;
#466=B_SPLINE_CURVE_WITH_KNOTS('',5,(#467,#468,#469,#470,#471,#472),.UNSPECIFIED.,.F.,.U.,(6,6),(39.1460835132,150.070429204),.UNSPECIFIED.) ;
#476=B_SPLINE_CURVE_WITH_KNOTS('',3,(#477,#478,#479,#480),.UNSPECIFIED.,.F.,.U.,(4,4),(0.,0.141485082263),.UNSPECIFIED.) ;
#578=B_SPLINE_CURVE_WITH_KNOTS('',5,(#579,#580,#581,#582,#583,#584,#585,#586,#587),.UNSPECIFIED.,.F.,.U.,(6,3,6),(0.,19.7500513814,44.5313769992),.UNSPECIFIED.) ;
#792=B_SPLINE_CURVE_WITH_KNOTS('',5,(#793,#794,#795,#796,#797,#798),.UNSPECIFIED.,.F.,.U.,(6,6),(0.,4.10058053409),.UNSPECIFIED.) ;
#852=B_SPLINE_CURVE_WITH_KNOTS('',5,(#853,#854,#855,#856,#857,#858),.UNSPECIFIED.,.F.,.U.,(6,6),(0.,4.10058053426),.UNSPECIFIED.) ;
#990=B_SPLINE_CURVE_WITH_KNOTS('',3,(#991,#992,#993,#994),.UNSPECIFIED.,.F.,.U.,(4,4),(0.,4.22131814792),.UNSPECIFIED.) ;
#1007=B_SPLINE_CURVE_WITH_KNOTS('',3,(#1008,#1009,#1010,#1011),.UNSPECIFIED.,.F.,.U.,(4,4),(4.22131814846,8.44263455038),.UNSPECIFIED.) ;
#1416=B_SPLINE_CURVE_WITH_KNOTS('',3,(#1417,#1418,#1419,#1420),.UNSPECIFIED.,.F.,.U.,(4,4),(4.22131814792,8.44263454963),.UNSPECIFIED.) ;
#1428=B_SPLINE_CURVE_WITH_KNOTS('',3,(#1429,#1430,#1431,#1432),.UNSPECIFIED.,.F.,.U.,(4,4),(0.,4.22131814846),.UNSPECIFIED.) ;
#1925=B_SPLINE_CURVE_WITH_KNOTS('',5,(#1926,#1927,#1928,#1929,#1930,#1931),.UNSPECIFIED.,.F.,.U.,(6,6),(0.,4.10058053371),.UNSPECIFIED.) ;
#1959=B_SPLINE_CURVE_WITH_KNOTS('',5,(#1960,#1961,#1962,#1963,#1964,#1965),.UNSPECIFIED.,.F.,.U.,(6,6),(0.,4.1005805337),.UNSPECIFIED.) ;
#2062=B_SPLINE_CURVE_WITH_KNOTS('',3,(#2063,#2064,#2065,#2066),.UNSPECIFIED.,.F.,.U.,(4,4),(4.22131814827,8.44263455028),.UNSPECIFIED.) ;
#2095=B_SPLINE_CURVE_WITH_KNOTS('',5,(#2096,#2097,#2098,#2099,#2100,#2101),.UNSPECIFIED.,.F.,.U.,(6,6),(0.,4.10058053397),.UNSPECIFIED.) ;
#2124=B_SPLINE_CURVE_WITH_KNOTS('',3,(#2125,#2126,#2127,#2128),.UNSPECIFIED.,.F.,.U.,(4,4),(0.,4.22131814827),.UNSPECIFIED.) ;
#2382=B_SPLINE_CURVE_WITH_KNOTS('',5,(#2383,#2384,#2385,#2386,#2387,#2388),.UNSPECIFIED.,.F.,.U.,(6,6),(0.,44.5313769845),.UNSPECIFIED.) ;
#2390=B_SPLINE_CURVE_WITH_KNOTS('',5,(#2391,#2392,#2393,#2394,#2395,#2396),.UNSPECIFIED.,.F.,.U.,(6,6),(0.,44.5313769886),.UNSPECIFIED.) ;
#2463=B_SPLINE_CURVE_WITH_KNOTS('',5,(#2464,#2465,#2466,#2467,#2468,#2469),.UNSPECIFIED.,.F.,.U.,(6,6),(0.,44.5313769993),.UNSPECIFIED.) ;
#2638=B_SPLINE_CURVE_WITH_KNOTS('',5,(#2639,#2640,#2641,#2642,#2643,#2644),.UNSPECIFIED.,.F.,.U.,(6,6),(0.,4.10058053412),.UNSPECIFIED.) ;
#2646=B_SPLINE_CURVE_WITH_KNOTS('',5,(#2647,#2648,#2649,#2650,#2651,#2652),.UNSPECIFIED.,.F.,.U.,(6,6),(0.,44.5313769871),.UNSPECIFIED.) ;
#3366=B_SPLINE_CURVE_WITH_KNOTS('',5,(#3367,#3368,#3369,#3370,#3371,#3372,#3373,#3374,#3375,#3376,#3377,#3378),.UNSPECIFIED.,.F.,.U.,(6,3,3,6),(0.,12.4182736689,22.4552010215,34.4341987244),.UNSPECIFIED.) ;
#3433=B_SPLINE_CURVE_WITH_KNOTS('',5,(#3434,#3435,#3436,#3437,#3438,#3439,#3440,#3441,#3442,#3443,#3444,#3445),.UNSPECIFIED.,.F.,.U.,(6,3,3,6),(0.,12.4182736699,22.4552010221,34.4341987242),.UNSPECIFIED.) ;
#3652=B_SPLINE_CURVE_WITH_KNOTS('',5,(#3653,#3654,#3655,#3656,#3657,#3658),.UNSPECIFIED.,.F.,.U.,(6,6),(13.2108969318,29.0837068847),.UNSPECIFIED.) ;
#3676=B_SPLINE_CURVE_WITH_KNOTS('',5,(#3677,#3678,#3679,#3680,#3681,#3682),.UNSPECIFIED.,.F.,.U.,(6,6),(13.2108969322,29.0837068857),.UNSPECIFIED.) ;
#3701=B_SPLINE_CURVE_WITH_KNOTS('',5,(#3702,#3703,#3704,#3705,#3706,#3707,#3708,#3709,#3710,#3711,#3712,#3713),.UNSPECIFIED.,.F.,.U.,(6,3,3,6),(0.,15.1861855655,31.4694528455,34.5897176778),.UNSPECIFIED.) ;
#3717=B_SPLINE_CURVE_WITH_KNOTS('',5,(#3718,#3719,#3720,#3721,#3722,#3723,#3724,#3725,#3726,#3727,#3728,#3729,#3730,#3731,#3732,#3733,#3734,#3735,#3736,#3737,#3738),.UNSPECIFIED.,.F.,.U.,(6,3,3,3,3,3,6),(0.,14.6014921912,29.9028905285,44.1942057058,59.2180444976,75.3386536553,80.80708663),.UNSPECIFIED.) ;
#3774=B_SPLINE_CURVE_WITH_KNOTS('',5,(#3775,#3776,#3777,#3778,#3779,#3780,#3781,#3782,#3783,#3784,#3785,#3786,#3787,#3788,#3789,#3790,#3791,#3792),.UNSPECIFIED.,.F.,.U.,(6,3,3,3,3,6),(0.,2.31788972089,4.70539825403,7.24836253723,11.4836795566,13.155886161),.UNSPECIFIED.) ;
#3798=B_SPLINE_CURVE_WITH_KNOTS('',5,(#3799,#3800,#3801,#3802,#3803,#3804),.UNSPECIFIED.,.F.,.U.,(6,6),(0.,38.5984537766),.UNSPECIFIED.) ;
#3859=B_SPLINE_CURVE_WITH_KNOTS('',3,(#3860,#3861,#3862,#3863),.UNSPECIFIED.,.F.,.U.,(4,4),(0.,38.5984537765),.UNSPECIFIED.) ;
#3921=B_SPLINE_CURVE_WITH_KNOTS('',5,(#3922,#3923,#3924,#3925,#3926,#3927,#3928,#3929,#3930,#3931,#3932,#3933,#3934,#3935,#3936,#3937,#3938,#3939),.UNSPECIFIED.,.F.,.U.,(6,3,3,3,3,6),(0.,2.31788972088,4.70539825404,7.24836253711,11.4836795564,13.1558861609),.UNSPECIFIED.) ;
#4265=B_SPLINE_CURVE_WITH_KNOTS('',5,(#4266,#4267,#4268,#4269,#4270,#4271,#4272,#4273,#4274,#4275,#4276,#4277,#4278,#4279,#4280),.UNSPECIFIED.,.F.,.U.,(6,3,3,3,6),(0.,5.71897503494,10.4031141755,13.2772832421,18.6636261894),.UNSPECIFIED.) ;
#4303=B_SPLINE_CURVE_WITH_KNOTS('',5,(#4304,#4305,#4306,#4307,#4308,#4309,#4310,#4311,#4312,#4313,#4314,#4315,#4316,#4317,#4318),.UNSPECIFIED.,.F.,.U.,(6,3,3,3,6),(0.,5.71897503458,10.4031141751,13.2772832417,18.6636261887),.UNSPECIFIED.) ;
#4469=B_SPLINE_CURVE_WITH_KNOTS('',5,(#4470,#4471,#4472,#4473,#4474,#4475,#4476,#4477,#4478,#4479,#4480,#4481,#4482,#4483,#4484,#4485,#4486,#4487,#4488,#4489,#4490,#4491,#4492,#4493),.UNSPECIFIED.,.F.,.U.,(6,3,3,3,3,3,3,6),(0.911247297992,20.0561711201,40.0702286798,60.0707911718,80.10675883,100.17470591,120.330350281,139.776033933),.UNSPECIFIED.) ;
#4498=B_SPLINE_CURVE_WITH_KNOTS('',5,(#4499,#4500,#4501,#4502,#4503,#4504,#4505,#4506,#4507,#4508,#4509,#4510,#4511,#4512,#4513,#4514,#4515,#4516,#4517,#4518,#4519,#4520,#4521,#4522),.UNSPECIFIED.,.F.,.U.,(6,3,3,3,3,3,3,6),(0.911247297992,20.0561711201,40.0702286798,60.0707911718,80.10675883,100.17470591,120.330350281,139.776033933),.UNSPECIFIED.) ;
#4533=B_SPLINE_CURVE_WITH_KNOTS('',5,(#4534,#4535,#4536,#4537,#4538,#4539,#4540,#4541,#4542,#4543,#4544,#4545,#4546,#4547,#4548,#4549,#4550,#4551,#4552,#4553,#4554,#4555,#4556,#4557),.UNSPECIFIED.,.F.,.U.,(6,3,3,3,3,3,3,6),(0.911247297992,20.0561711201,40.0702286798,60.0707911718,80.10675883,100.17470591,120.330350281,139.776033933),.UNSPECIFIED.) ;
#4565=B_SPLINE_CURVE_WITH_KNOTS('',5,(#4566,#4567,#4568,#4569,#4570,#4571,#4572,#4573,#4574,#4575,#4576,#4577,#4578,#4579,#4580),.UNSPECIFIED.,.F.,.U.,(6,3,3,3,6),(22.8252462251,32.4316015444,44.5952242516,56.9713586397,68.3860279042),.UNSPECIFIED.) ;
#4586=B_SPLINE_CURVE_WITH_KNOTS('',5,(#4587,#4588,#4589,#4590,#4591,#4592,#4593,#4594,#4595,#4596,#4597,#4598,#4599,#4600,#4601,#4602,#4603,#4604),.UNSPECIFIED.,.F.,.U.,(6,3,3,3,3,6),(22.7355460025,31.27177503,38.8412294313,47.1999134751,58.2906291313,68.2952885177),.UNSPECIFIED.) ;
#4611=B_SPLINE_CURVE_WITH_KNOTS('',5,(#4612,#4613,#4614,#4615,#4616,#4617,#4618,#4619,#4620,#4621,#4622,#4623,#4624,#4625,#4626,#4627,#4628,#4629,#4630,#4631,#4632,#4633,#4634,#4635),.UNSPECIFIED.,.F.,.U.,(6,3,3,3,3,3,3,6),(0.911247297992,20.0561711201,40.0702286798,60.0707911718,80.10675883,100.17470591,120.330350281,139.776033933),.UNSPECIFIED.) ;
#4651=B_SPLINE_CURVE_WITH_KNOTS('',5,(#4652,#4653,#4654,#4655,#4656,#4657,#4658,#4659,#4660,#4661,#4662,#4663,#4664,#4665,#4666,#4667,#4668,#4669),.UNSPECIFIED.,.F.,.U.,(6,3,3,3,3,6),(0.,10.6300113467,20.081674694,25.8506872107,32.8828472202,40.5438131333),.UNSPECIFIED.) ;
#4675=B_SPLINE_CURVE_WITH_KNOTS('',5,(#4676,#4677,#4678,#4679,#4680,#4681,#4682,#4683,#4684,#4685,#4686,#4687,#4688,#4689,#4690,#4691,#4692,#4693),.UNSPECIFIED.,.F.,.U.,(6,3,3,3,3,6),(40.5460008833,47.500165089,55.2390376726,61.207917927,72.5755064703,81.0889730587),.UNSPECIFIED.) ;
#4959=B_SPLINE_CURVE_WITH_KNOTS('',5,(#4960,#4961,#4962,#4963,#4964,#4965,#4966,#4967,#4968,#4969,#4970,#4971,#4972,#4973,#4974,#4975,#4976,#4977,#4978,#4979,#4980,#4981,#4982,#4983,#4984,#4985,#4986),.UNSPECIFIED.,.F.,.U.,(6,3,3,3,3,3,3,3,6),(40.5460008833,42.2550424963,47.500165089,55.2390376726,61.207917927,66.8989338754,72.5755064703,78.2093650015,81.0889730587),.UNSPECIFIED.) ;
#4992=B_SPLINE_CURVE_WITH_KNOTS('',5,(#4993,#4994,#4995,#4996,#4997,#4998),.UNSPECIFIED.,.F.,.U.,(6,6),(0.,2.),.UNSPECIFIED.) ;
#5000=B_SPLINE_CURVE_WITH_KNOTS('',5,(#5001,#5002,#5003,#5004,#5005,#5006),.UNSPECIFIED.,.F.,.U.,(6,6),(0.,2.),.UNSPECIFIED.) ;
#5178=B_SPLINE_CURVE_WITH_KNOTS('',5,(#5179,#5180,#5181,#5182,#5183,#5184,#5185,#5186,#5187,#5188,#5189,#5190,#5191,#5192,#5193,#5194,#5195,#5196,#5197,#5198,#5199,#5200,#5201,#5202,#5203,#5204,#5205),.UNSPECIFIED.,.F.,.U.,(6,3,3,3,3,3,3,3,6),(0.,4.95183240607,10.6300113467,16.2883464793,20.081674694,25.8506872107,32.8828472202,38.538649812,40.5438129289),.UNSPECIFIED.) ;
#5748=B_SPLINE_CURVE_WITH_KNOTS('',5,(#5749,#5750,#5751,#5752,#5753,#5754),.UNSPECIFIED.,.F.,.U.,(6,6),(0.,0.389465645657),.UNSPECIFIED.) ;
#5765=B_SPLINE_CURVE_WITH_KNOTS('',5,(#5766,#5767,#5768,#5769,#5770,#5771),.UNSPECIFIED.,.F.,.U.,(6,6),(0.,0.389465795881),.UNSPECIFIED.) ;
#6451=B_SPLINE_CURVE_WITH_KNOTS('',3,(#6452,#6453,#6454,#6455),.UNSPECIFIED.,.F.,.U.,(4,4),(6.0296996239,13.6035308334),.UNSPECIFIED.) ;
#6485=B_SPLINE_CURVE_WITH_KNOTS('',3,(#6486,#6487,#6488,#6489),.UNSPECIFIED.,.F.,.U.,(4,4),(15.4035414529,22.9729578681),.UNSPECIFIED.) ;
#6546=B_SPLINE_CURVE_WITH_KNOTS('',5,(#6547,#6548,#6549,#6550,#6551,#6552,#6553,#6554,#6555,#6556,#6557,#6558),.UNSPECIFIED.,.F.,.U.,(6,3,3,6),(0.,0.563902263802,1.73011143612,2.24362715682),.UNSPECIFIED.) ;
#6586=B_SPLINE_CURVE_WITH_KNOTS('',5,(#6587,#6588,#6589,#6590,#6591,#6592,#6593,#6594,#6595),.UNSPECIFIED.,.F.,.U.,(6,3,6),(0.,1.06971326164,2.25090869877),.UNSPECIFIED.) ;
#6659=B_SPLINE_CURVE_WITH_KNOTS('',5,(#6660,#6661,#6662,#6663,#6664,#6665,#6666,#6667,#6668),.UNSPECIFIED.,.F.,.U.,(6,3,6),(0.,1.30144039611,2.17962669858),.UNSPECIFIED.) ;
#6670=B_SPLINE_CURVE_WITH_KNOTS('',5,(#6671,#6672,#6673,#6674,#6675,#6676),.UNSPECIFIED.,.F.,.U.,(6,6),(5.07972533021,12.6483937805),.UNSPECIFIED.) ;
#6680=B_SPLINE_CURVE_WITH_KNOTS('',3,(#6681,#6682,#6683,#6684),.UNSPECIFIED.,.F.,.U.,(4,4),(0.,0.0855045984509),.UNSPECIFIED.) ;
#6705=B_SPLINE_CURVE_WITH_KNOTS('',5,(#6706,#6707,#6708,#6709,#6710,#6711,#6712,#6713,#6714),.UNSPECIFIED.,.F.,.U.,(6,3,6),(0.,1.04840630264,2.1808958363),.UNSPECIFIED.) ;
#6795=B_SPLINE_CURVE_WITH_KNOTS('',3,(#6796,#6797,#6798,#6799),.UNSPECIFIED.,.F.,.U.,(4,4),(0.,0.085495638153),.UNSPECIFIED.) ;
#6803=B_SPLINE_CURVE_WITH_KNOTS('',5,(#6804,#6805,#6806,#6807,#6808,#6809,#6810,#6811,#6812),.UNSPECIFIED.,.F.,.U.,(6,3,6),(16.3587286395,16.7651352921,23.9223315348),.UNSPECIFIED.) ;
#9183=B_SPLINE_CURVE_WITH_KNOTS('',5,(#9184,#9185,#9186,#9187,#9188,#9189),.UNSPECIFIED.,.F.,.U.,(6,6),(2.39323907323E-015,6.83511995214),.UNSPECIFIED.) ;
#9200=B_SPLINE_CURVE_WITH_KNOTS('',5,(#9201,#9202,#9203,#9204,#9205,#9206),.UNSPECIFIED.,.F.,.U.,(6,6),(0.,6.83511649457),.UNSPECIFIED.) ;
#9252=B_SPLINE_CURVE_WITH_KNOTS('',5,(#9253,#9254,#9255,#9256,#9257,#9258,#9259,#9260,#9261,#9262,#9263,#9264,#9265,#9266,#9267,#9268,#9269,#9270),.UNSPECIFIED.,.F.,.U.,(6,3,3,3,3,6),(0.,0.0282844495542,1.13360102836,3.06728041124,4.96373561117,6.83511649457),.UNSPECIFIED.) ;
#9290=B_SPLINE_CURVE_WITH_KNOTS('',5,(#9291,#9292,#9293,#9294,#9295,#9296),.UNSPECIFIED.,.F.,.U.,(6,6),(0.,6.83511995207),.UNSPECIFIED.) ;
#9342=B_SPLINE_CURVE_WITH_KNOTS('',5,(#9343,#9344,#9345,#9346,#9347,#9348,#9349,#9350,#9351,#9352,#9353,#9354,#9355,#9356,#9357,#9358,#9359,#9360),.UNSPECIFIED.,.F.,.U.,(6,3,3,3,3,6),(0.,0.0282844495542,1.13360102836,3.06728082809,4.96373810377,6.83511995207),.UNSPECIFIED.) ;
#9380=B_SPLINE_CURVE_WITH_KNOTS('',5,(#9381,#9382,#9383,#9384,#9385,#9386),.UNSPECIFIED.,.F.,.U.,(6,6),(0.,6.83511649453),.UNSPECIFIED.) ;
#9432=B_SPLINE_CURVE_WITH_KNOTS('',5,(#9433,#9434,#9435,#9436,#9437,#9438,#9439,#9440,#9441,#9442,#9443,#9444,#9445,#9446,#9447,#9448,#9449,#9450),.UNSPECIFIED.,.F.,.U.,(6,3,3,3,3,6),(0.,0.0282844495537,1.13360102836,3.06728041126,4.96373561114,6.83511649453),.UNSPECIFIED.) ;
#9470=B_SPLINE_CURVE_WITH_KNOTS('',5,(#9471,#9472,#9473,#9474,#9475,#9476),.UNSPECIFIED.,.F.,.U.,(6,6),(3.72202519206E-015,6.83511995215),.UNSPECIFIED.) ;
#9522=B_SPLINE_CURVE_WITH_KNOTS('',5,(#9523,#9524,#9525,#9526,#9527,#9528,#9529,#9530,#9531,#9532,#9533,#9534,#9535,#9536,#9537,#9538,#9539,#9540),.UNSPECIFIED.,.F.,.U.,(6,3,3,3,3,6),(0.,0.0282844495547,1.13360102836,3.06728082812,4.96373810383,6.83511995215),.UNSPECIFIED.) ;
#9567=B_SPLINE_CURVE_WITH_KNOTS('',5,(#9568,#9569,#9570,#9571,#9572,#9573),.UNSPECIFIED.,.F.,.U.,(6,6),(0.,6.83511649465),.UNSPECIFIED.) ;
#9621=B_SPLINE_CURVE_WITH_KNOTS('',5,(#9622,#9623,#9624,#9625,#9626,#9627,#9628,#9629,#9630,#9631,#9632,#9633,#9634,#9635,#9636,#9637,#9638,#9639),.UNSPECIFIED.,.F.,.U.,(6,3,3,3,3,6),(0.,0.0282844495542,1.13360102836,3.06728041126,4.96373561123,6.83511649465),.UNSPECIFIED.) ;
#9659=B_SPLINE_CURVE_WITH_KNOTS('',5,(#9660,#9661,#9662,#9663,#9664,#9665),.UNSPECIFIED.,.F.,.U.,(6,6),(6.64567500792E-016,6.83511995214),.UNSPECIFIED.) ;
#9711=B_SPLINE_CURVE_WITH_KNOTS('',5,(#9712,#9713,#9714,#9715,#9716,#9717,#9718,#9719,#9720,#9721,#9722,#9723,#9724,#9725,#9726,#9727,#9728,#9729),.UNSPECIFIED.,.F.,.U.,(6,3,3,3,3,6),(0.,0.0282844495542,1.13360102836,3.06728082815,4.96373810384,6.83511995214),.UNSPECIFIED.) ;
#9749=B_SPLINE_CURVE_WITH_KNOTS('',5,(#9750,#9751,#9752,#9753,#9754,#9755),.UNSPECIFIED.,.F.,.U.,(6,6),(6.36952686073E-015,6.83511649458),.UNSPECIFIED.) ;
#9801=B_SPLINE_CURVE_WITH_KNOTS('',5,(#9802,#9803,#9804,#9805,#9806,#9807,#9808,#9809,#9810,#9811,#9812,#9813,#9814,#9815,#9816,#9817,#9818,#9819),.UNSPECIFIED.,.F.,.U.,(6,3,3,3,3,6),(0.,0.0282844495542,1.13360102836,3.06728041125,4.96373561116,6.83511649458),.UNSPECIFIED.) ;
#9839=B_SPLINE_CURVE_WITH_KNOTS('',5,(#9840,#9841,#9842,#9843,#9844,#9845),.UNSPECIFIED.,.F.,.U.,(6,6),(0.,6.83511995211),.UNSPECIFIED.) ;
#9891=B_SPLINE_CURVE_WITH_KNOTS('',5,(#9892,#9893,#9894,#9895,#9896,#9897,#9898,#9899,#9900,#9901,#9902,#9903,#9904,#9905,#9906,#9907,#9908,#9909),.UNSPECIFIED.,.F.,.U.,(6,3,3,3,3,6),(0.,0.0282844495542,1.13360102836,3.06728082813,4.9637381038,6.83511995211),.UNSPECIFIED.) ;
#9929=B_SPLINE_CURVE_WITH_KNOTS('',5,(#9930,#9931,#9932,#9933,#9934,#9935),.UNSPECIFIED.,.F.,.U.,(6,6),(0.,6.83511649466),.UNSPECIFIED.) ;
#9981=B_SPLINE_CURVE_WITH_KNOTS('',5,(#9982,#9983,#9984,#9985,#9986,#9987,#9988,#9989,#9990,#9991,#9992,#9993,#9994,#9995,#9996,#9997,#9998,#9999),.UNSPECIFIED.,.F.,.U.,(6,3,3,3,3,6),(0.,0.0282844495542,1.13360102836,3.06728041129,4.96373561125,6.83511649466),.UNSPECIFIED.) ;
#10017=B_SPLINE_CURVE_WITH_KNOTS('',5,(#10018,#10019,#10020,#10021,#10022,#10023),.UNSPECIFIED.,.F.,.U.,(6,6),(0.,6.83511995214),.UNSPECIFIED.) ;
#11197=B_SPLINE_CURVE_WITH_KNOTS('',5,(#11198,#11199,#11200,#11201,#11202,#11203),.UNSPECIFIED.,.F.,.U.,(6,6),(7.61807486123E-015,6.83511995208),.UNSPECIFIED.) ;
#11205=B_SPLINE_CURVE_WITH_KNOTS('',5,(#11206,#11207,#11208,#11209,#11210,#11211),.UNSPECIFIED.,.F.,.U.,(6,6),(0.,6.83511649455),.UNSPECIFIED.) ;
#11225=B_SPLINE_CURVE_WITH_KNOTS('',5,(#11226,#11227,#11228,#11229,#11230,#11231),.UNSPECIFIED.,.F.,.U.,(6,6),(0.,6.83511649455),.UNSPECIFIED.) ;
#11233=B_SPLINE_CURVE_WITH_KNOTS('',5,(#11234,#11235,#11236,#11237,#11238,#11239),.UNSPECIFIED.,.F.,.U.,(6,6),(0.,6.83511995214),.UNSPECIFIED.) ;
#11253=B_SPLINE_CURVE_WITH_KNOTS('',5,(#11254,#11255,#11256,#11257,#11258,#11259),.UNSPECIFIED.,.F.,.U.,(6,6),(3.57732802374E-015,6.83511995214),.UNSPECIFIED.) ;
#11261=B_SPLINE_CURVE_WITH_KNOTS('',5,(#11262,#11263,#11264,#11265,#11266,#11267),.UNSPECIFIED.,.F.,.U.,(6,6),(3.9212153422E-015,6.83511649456),.UNSPECIFIED.) ;
#11281=B_SPLINE_CURVE_WITH_KNOTS('',5,(#11282,#11283,#11284,#11285,#11286,#11287),.UNSPECIFIED.,.F.,.U.,(6,6),(0.,6.83511649456),.UNSPECIFIED.) ;
#11289=B_SPLINE_CURVE_WITH_KNOTS('',5,(#11290,#11291,#11292,#11293,#11294,#11295),.UNSPECIFIED.,.F.,.U.,(6,6),(5.38066880251E-015,6.83511995205),.UNSPECIFIED.) ;
#11309=B_SPLINE_CURVE_WITH_KNOTS('',5,(#11310,#11311,#11312,#11313,#11314,#11315),.UNSPECIFIED.,.F.,.U.,(6,6),(0.,6.83511995205),.UNSPECIFIED.) ;
#11317=B_SPLINE_CURVE_WITH_KNOTS('',5,(#11318,#11319,#11320,#11321,#11322,#11323),.UNSPECIFIED.,.F.,.U.,(6,6),(0.,6.83511649457),.UNSPECIFIED.) ;
#11337=B_SPLINE_CURVE_WITH_KNOTS('',5,(#11338,#11339,#11340,#11341,#11342,#11343),.UNSPECIFIED.,.F.,.U.,(6,6),(0.,6.83511649457),.UNSPECIFIED.) ;
#11345=B_SPLINE_CURVE_WITH_KNOTS('',5,(#11346,#11347,#11348,#11349,#11350,#11351),.UNSPECIFIED.,.F.,.U.,(6,6),(0.,6.83511995215),.UNSPECIFIED.) ;
#11365=B_SPLINE_CURVE_WITH_KNOTS('',5,(#11366,#11367,#11368,#11369,#11370,#11371),.UNSPECIFIED.,.F.,.U.,(6,6),(0.,6.83511649456),.UNSPECIFIED.) ;
#11373=B_SPLINE_CURVE_WITH_KNOTS('',5,(#11374,#11375,#11376,#11377,#11378,#11379),.UNSPECIFIED.,.F.,.U.,(6,6),(0.,6.83511995209),.UNSPECIFIED.) ;
#11393=B_SPLINE_CURVE_WITH_KNOTS('',5,(#11394,#11395,#11396,#11397,#11398,#11399),.UNSPECIFIED.,.F.,.U.,(6,6),(0.,6.83511995209),.UNSPECIFIED.) ;
#11401=B_SPLINE_CURVE_WITH_KNOTS('',5,(#11402,#11403,#11404,#11405,#11406,#11407),.UNSPECIFIED.,.F.,.U.,(6,6),(0.,6.83511649451),.UNSPECIFIED.) ;
#11421=B_SPLINE_CURVE_WITH_KNOTS('',5,(#11422,#11423,#11424,#11425,#11426,#11427),.UNSPECIFIED.,.F.,.U.,(6,6),(3.60697548587E-015,6.83511649451),.UNSPECIFIED.) ;
#11429=B_SPLINE_CURVE_WITH_KNOTS('',5,(#11430,#11431,#11432,#11433,#11434,#11435),.UNSPECIFIED.,.F.,.U.,(6,6),(0.,6.83511995208),.UNSPECIFIED.) ;
#11567=B_SPLINE_CURVE_WITH_KNOTS('',5,(#11568,#11569,#11570,#11571,#11572,#11573,#11574,#11575,#11576,#11577,#11578,#11579,#11580,#11581,#11582,#11583,#11584,#11585),.UNSPECIFIED.,.F.,.U.,(6,3,3,3,3,6),(0.,0.0282844495542,1.13360102836,3.06728041126,4.96373561116,6.83511649456),.UNSPECIFIED.) ;
#11630=B_SPLINE_CURVE_WITH_KNOTS('',5,(#11631,#11632,#11633,#11634,#11635,#11636,#11637,#11638,#11639,#11640,#11641,#11642,#11643,#11644,#11645,#11646,#11647,#11648),.UNSPECIFIED.,.F.,.U.,(6,3,3,3,3,6),(0.,0.0282844495542,1.13360102836,3.06728082813,4.96373810384,6.83511995215),.UNSPECIFIED.) ;
#13848=B_SPLINE_CURVE_WITH_KNOTS('',4,(#13849,#13850,#13851,#13852,#13853),.UNSPECIFIED.,.F.,.U.,(5,5),(0.,7.12904333446),.UNSPECIFIED.) ;
#13868=B_SPLINE_CURVE_WITH_KNOTS('',4,(#13869,#13870,#13871,#13872,#13873),.UNSPECIFIED.,.F.,.U.,(5,5),(7.51755806845,15.0351192184),.UNSPECIFIED.) ;
#13877=B_SPLINE_CURVE_WITH_KNOTS('',3,(#13878,#13879,#13880,#13881),.UNSPECIFIED.,.F.,.U.,(4,4),(0.,0.388222172133),.UNSPECIFIED.) ;
#13951=B_SPLINE_CURVE_WITH_KNOTS('',5,(#13952,#13953,#13954,#13955,#13956,#13957,#13958,#13959,#13960),.UNSPECIFIED.,.F.,.U.,(6,3,6),(7.51755806858,10.6108923273,15.0351192185),.UNSPECIFIED.) ;
#13964=B_SPLINE_CURVE_WITH_KNOTS('',5,(#13965,#13966,#13967,#13968,#13969,#13970,#13971,#13972,#13973),.UNSPECIFIED.,.F.,.U.,(6,3,6),(0.,4.42422386054,7.51755806858),.UNSPECIFIED.) ;
#14017=B_SPLINE_CURVE_WITH_KNOTS('',5,(#14018,#14019,#14020,#14021,#14022,#14023,#14024,#14025,#14026),.UNSPECIFIED.,.F.,.U.,(6,3,6),(7.12904333446,10.2223775932,14.6466044843),.UNSPECIFIED.) ;
#14062=B_SPLINE_CURVE_WITH_KNOTS('',5,(#14063,#14064,#14065,#14066,#14067,#14068,#14069,#14070,#14071),.UNSPECIFIED.,.F.,.U.,(6,3,6),(7.51755806852,10.6108923273,15.0351192185),.UNSPECIFIED.) ;
#14075=B_SPLINE_CURVE_WITH_KNOTS('',5,(#14076,#14077,#14078,#14079,#14080,#14081,#14082,#14083,#14084),.UNSPECIFIED.,.F.,.U.,(6,3,6),(0.,4.42422386037,7.51755806852),.UNSPECIFIED.) ;
#14119=B_SPLINE_CURVE_WITH_KNOTS('',5,(#14120,#14121,#14122,#14123,#14124,#14125,#14126,#14127,#14128),.UNSPECIFIED.,.F.,.U.,(6,3,6),(0.,4.42422386039,7.51755806845),.UNSPECIFIED.) ;
#14165=B_SPLINE_CURVE_WITH_KNOTS('',5,(#14166,#14167,#14168,#14169,#14170,#14171,#14172,#14173,#14174),.UNSPECIFIED.,.F.,.U.,(6,3,6),(7.12904333444,10.2223775932,14.6466044844),.UNSPECIFIED.) ;
#14178=B_SPLINE_CURVE_WITH_KNOTS('',5,(#14179,#14180,#14181,#14182,#14183,#14184,#14185,#14186,#14187),.UNSPECIFIED.,.F.,.U.,(6,3,6),(0.,4.03570912639,7.12904333444),.UNSPECIFIED.) ;
#14191=B_SPLINE_CURVE_WITH_KNOTS('',5,(#14192,#14193,#14194,#14195,#14196,#14197),.UNSPECIFIED.,.F.,.U.,(6,6),(0.,0.388222172133),.UNSPECIFIED.) ;
#14233=B_SPLINE_CURVE_WITH_KNOTS('',5,(#14234,#14235,#14236,#14237,#14238,#14239,#14240,#14241,#14242),.UNSPECIFIED.,.F.,.U.,(6,3,6),(7.51755806848,10.6108923273,15.0351192184),.UNSPECIFIED.) ;
#14244=B_SPLINE_CURVE_WITH_KNOTS('',5,(#14245,#14246,#14247,#14248,#14249,#14250,#14251,#14252,#14253),.UNSPECIFIED.,.F.,.U.,(6,3,6),(0.,4.42422386041,7.51755806848),.UNSPECIFIED.) ;
#14817=B_SPLINE_CURVE_WITH_KNOTS('',4,(#14818,#14819,#14820,#14821,#14822),.UNSPECIFIED.,.F.,.U.,(5,5),(0.,7.62422520634),.UNSPECIFIED.) ;
#14837=B_SPLINE_CURVE_WITH_KNOTS('',4,(#14838,#14839,#14840,#14841,#14842),.UNSPECIFIED.,.F.,.U.,(5,5),(8.03313419172,16.0658437784),.UNSPECIFIED.) ;
#14846=B_SPLINE_CURVE_WITH_KNOTS('',3,(#14847,#14848,#14849,#14850),.UNSPECIFIED.,.F.,.U.,(4,4),(0.,0.408552179007),.UNSPECIFIED.) ;
#14938=B_SPLINE_CURVE_WITH_KNOTS('',5,(#14939,#14940,#14941,#14942,#14943,#14944,#14945,#14946,#14947),.UNSPECIFIED.,.F.,.U.,(6,3,6),(8.03313419203,11.3655285719,16.0658437788),.UNSPECIFIED.) ;
#14951=B_SPLINE_CURVE_WITH_KNOTS('',5,(#14952,#14953,#14954,#14955,#14956,#14957,#14958,#14959,#14960),.UNSPECIFIED.,.F.,.U.,(6,3,6),(0.,6.36347518573,8.03313419203),.UNSPECIFIED.) ;
#14971=B_SPLINE_CURVE_WITH_KNOTS('',5,(#14972,#14973,#14974,#14975,#14976,#14977,#14978,#14979,#14980),.UNSPECIFIED.,.F.,.U.,(6,3,6),(8.03313419212,11.365528572,16.0658437789),.UNSPECIFIED.) ;
#14984=B_SPLINE_CURVE_WITH_KNOTS('',5,(#14985,#14986,#14987,#14988,#14989,#14990,#14991,#14992,#14993),.UNSPECIFIED.,.F.,.U.,(6,3,6),(0.,6.36347518581,8.03313419212),.UNSPECIFIED.) ;
#15016=B_SPLINE_CURVE_WITH_KNOTS('',5,(#15017,#15018,#15019,#15020,#15021,#15022,#15023,#15024,#15025),.UNSPECIFIED.,.F.,.U.,(6,3,6),(7.62422520634,10.9566195861,15.6569347929),.UNSPECIFIED.) ;
#15034=B_SPLINE_CURVE_WITH_KNOTS('',5,(#15035,#15036,#15037,#15038,#15039,#15040),.UNSPECIFIED.,.F.,.U.,(6,6),(0.,0.408552179007),.UNSPECIFIED.) ;
#15044=B_SPLINE_CURVE_WITH_KNOTS('',5,(#15045,#15046,#15047,#15048,#15049,#15050,#15051,#15052,#15053),.UNSPECIFIED.,.F.,.U.,(6,3,6),(8.03313419175,11.3655285716,15.6570891944),.UNSPECIFIED.) ;
#15057=B_SPLINE_CURVE_WITH_KNOTS('',5,(#15058,#15059,#15060,#15061,#15062,#15063,#15064,#15065,#15066),.UNSPECIFIED.,.F.,.U.,(6,3,6),(0.,6.36347518547,8.03313419175),.UNSPECIFIED.) ;
#15084=B_SPLINE_CURVE_WITH_KNOTS('',5,(#15085,#15086,#15087,#15088,#15089,#15090,#15091,#15092,#15093),.UNSPECIFIED.,.F.,.U.,(6,3,6),(8.03313419196,11.3655285718,16.0658437786),.UNSPECIFIED.) ;
#15097=B_SPLINE_CURVE_WITH_KNOTS('',5,(#15098,#15099,#15100,#15101,#15102,#15103,#15104,#15105,#15106),.UNSPECIFIED.,.F.,.U.,(6,3,6),(0.,6.36347518569,8.03313419196),.UNSPECIFIED.) ;
#15108=B_SPLINE_CURVE_WITH_KNOTS('',5,(#15109,#15110,#15111,#15112,#15113,#15114,#15115,#15116,#15117),.UNSPECIFIED.,.F.,.U.,(6,3,6),(8.03313419206,11.3655285719,16.0658437788),.UNSPECIFIED.) ;
#15121=B_SPLINE_CURVE_WITH_KNOTS('',5,(#15122,#15123,#15124,#15125,#15126,#15127,#15128,#15129,#15130),.UNSPECIFIED.,.F.,.U.,(6,3,6),(0.,6.36347518578,8.03313419206),.UNSPECIFIED.) ;
#15153=B_SPLINE_CURVE_WITH_KNOTS('',5,(#15154,#15155,#15156,#15157,#15158,#15159,#15160,#15161,#15162),.UNSPECIFIED.,.F.,.U.,(6,3,6),(0.,6.36347518547,8.03313419172),.UNSPECIFIED.) ;
#15173=B_SPLINE_CURVE_WITH_KNOTS('',5,(#15174,#15175,#15176,#15177,#15178,#15179,#15180,#15181,#15182),.UNSPECIFIED.,.F.,.U.,(6,3,6),(8.03313419198,11.3655285719,16.0658437789),.UNSPECIFIED.) ;
#15186=B_SPLINE_CURVE_WITH_KNOTS('',5,(#15187,#15188,#15189,#15190,#15191,#15192,#15193,#15194,#15195),.UNSPECIFIED.,.F.,.U.,(6,3,6),(0.,6.36347518565,8.03313419198),.UNSPECIFIED.) ;
#15211=B_SPLINE_CURVE_WITH_KNOTS('',5,(#15212,#15213,#15214,#15215,#15216,#15217,#15218,#15219,#15220),.UNSPECIFIED.,.F.,.U.,(6,3,6),(7.62422520646,10.9566195863,15.6569347932),.UNSPECIFIED.) ;
#15224=B_SPLINE_CURVE_WITH_KNOTS('',5,(#15225,#15226,#15227,#15228,#15229,#15230,#15231,#15232,#15233),.UNSPECIFIED.,.F.,.U.,(6,3,6),(0.,5.95456620019,7.62422520646),.UNSPECIFIED.) ;
#15237=B_SPLINE_CURVE_WITH_KNOTS('',5,(#15238,#15239,#15240,#15241,#15242,#15243),.UNSPECIFIED.,.F.,.U.,(6,6),(0.,0.408552179007),.UNSPECIFIED.) ;
#15245=B_SPLINE_CURVE_WITH_KNOTS('',5,(#15246,#15247,#15248,#15249,#15250,#15251),.UNSPECIFIED.,.F.,.U.,(6,6),(0.,0.408552179007),.UNSPECIFIED.) ;
#15255=B_SPLINE_CURVE_WITH_KNOTS('',5,(#15256,#15257,#15258,#15259,#15260,#15261,#15262,#15263,#15264),.UNSPECIFIED.,.F.,.U.,(6,3,6),(8.03313419167,11.3655285715,15.6570891942),.UNSPECIFIED.) ;
#15268=B_SPLINE_CURVE_WITH_KNOTS('',5,(#15269,#15270,#15271,#15272,#15273,#15274,#15275,#15276,#15277),.UNSPECIFIED.,.F.,.U.,(6,3,6),(0.,6.3634751854,8.03313419167),.UNSPECIFIED.) ;
#15302=B_SPLINE_CURVE_WITH_KNOTS('',5,(#15303,#15304,#15305,#15306,#15307,#15308,#15309,#15310,#15311),.UNSPECIFIED.,.F.,.U.,(6,3,6),(8.03313419187,11.3655285717,16.0658437786),.UNSPECIFIED.) ;
#15313=B_SPLINE_CURVE_WITH_KNOTS('',5,(#15314,#15315,#15316,#15317,#15318,#15319,#15320,#15321,#15322),.UNSPECIFIED.,.F.,.U.,(6,3,6),(0.,6.3634751856,8.03313419187),.UNSPECIFIED.) ;
#15324=B_SPLINE_CURVE_WITH_KNOTS('',5,(#15325,#15326,#15327,#15328,#15329,#15330,#15331,#15332,#15333),.UNSPECIFIED.,.F.,.U.,(6,3,6),(8.03313419193,11.3655285717,16.0658437784),.UNSPECIFIED.) ;
#15337=B_SPLINE_CURVE_WITH_KNOTS('',5,(#15338,#15339,#15340,#15341,#15342,#15343,#15344,#15345,#15346),.UNSPECIFIED.,.F.,.U.,(6,3,6),(0.,6.36347518566,8.03313419193),.UNSPECIFIED.) ;
#16093=B_SPLINE_CURVE_WITH_KNOTS('',4,(#16094,#16095,#16096,#16097,#16098),.UNSPECIFIED.,.F.,.U.,(5,5),(0.,7.02885797556),.UNSPECIFIED.) ;
#16102=B_SPLINE_CURVE_WITH_KNOTS('',5,(#16103,#16104,#16105,#16106,#16107,#16108),.UNSPECIFIED.,.F.,.U.,(6,6),(0.,14.6733270923),.UNSPECIFIED.) ;
#16112=B_SPLINE_CURVE_WITH_KNOTS('',5,(#16113,#16114,#16115,#16116,#16117,#16118),.UNSPECIFIED.,.F.,.U.,(6,6),(0.,14.6733270924),.UNSPECIFIED.) ;
#16122=B_SPLINE_CURVE_WITH_KNOTS('',4,(#16123,#16124,#16125,#16126,#16127),.UNSPECIFIED.,.F.,.U.,(5,5),(0.,7.64473946269),.UNSPECIFIED.) ;
#16144=B_SPLINE_CURVE_WITH_KNOTS('',4,(#16145,#16146,#16147,#16148,#16149),.UNSPECIFIED.,.F.,.U.,(5,5),(0.,7.02885797552),.UNSPECIFIED.) ;
#16153=B_SPLINE_CURVE_WITH_KNOTS('',5,(#16154,#16155,#16156,#16157,#16158,#16159),.UNSPECIFIED.,.F.,.U.,(6,6),(0.,14.6733270923),.UNSPECIFIED.) ;
#16163=B_SPLINE_CURVE_WITH_KNOTS('',5,(#16164,#16165,#16166,#16167,#16168,#16169),.UNSPECIFIED.,.F.,.U.,(6,6),(0.,14.673327092),.UNSPECIFIED.) ;
#16173=B_SPLINE_CURVE_WITH_KNOTS('',4,(#16174,#16175,#16176,#16177,#16178),.UNSPECIFIED.,.F.,.U.,(5,5),(0.,7.64473946246),.UNSPECIFIED.) ;
#16209=B_SPLINE_CURVE_WITH_KNOTS('',4,(#16210,#16211,#16212,#16213,#16214),.UNSPECIFIED.,.F.,.U.,(5,5),(0.,7.64473946244),.UNSPECIFIED.) ;
#16218=B_SPLINE_CURVE_WITH_KNOTS('',5,(#16219,#16220,#16221,#16222,#16223,#16224),.UNSPECIFIED.,.F.,.U.,(6,6),(0.,14.6733270921),.UNSPECIFIED.) ;
#16228=B_SPLINE_CURVE_WITH_KNOTS('',5,(#16229,#16230,#16231,#16232,#16233,#16234),.UNSPECIFIED.,.F.,.U.,(6,6),(0.,14.6733270923),.UNSPECIFIED.) ;
#16238=B_SPLINE_CURVE_WITH_KNOTS('',4,(#16239,#16240,#16241,#16242,#16243),.UNSPECIFIED.,.F.,.U.,(5,5),(0.,7.0288579756),.UNSPECIFIED.) ;
#16255=B_SPLINE_CURVE_WITH_KNOTS('',4,(#16256,#16257,#16258,#16259,#16260),.UNSPECIFIED.,.F.,.U.,(5,5),(0.,7.64473946267),.UNSPECIFIED.) ;
#16264=B_SPLINE_CURVE_WITH_KNOTS('',5,(#16265,#16266,#16267,#16268,#16269,#16270),.UNSPECIFIED.,.F.,.U.,(6,6),(0.,14.6733270923),.UNSPECIFIED.) ;
#16274=B_SPLINE_CURVE_WITH_KNOTS('',5,(#16275,#16276,#16277,#16278,#16279,#16280),.UNSPECIFIED.,.F.,.U.,(6,6),(0.,14.6733270924),.UNSPECIFIED.) ;
#16284=B_SPLINE_CURVE_WITH_KNOTS('',4,(#16285,#16286,#16287,#16288,#16289),.UNSPECIFIED.,.F.,.U.,(5,5),(0.,7.02885797573),.UNSPECIFIED.) ;
#4796=B_SPLINE_SURFACE_WITH_KNOTS('',5,5,((#4797,#4798,#4799,#4800,#4801,#4802,#4803,#4804,#4805),(#4806,#4807,#4808,#4809,#4810,#4811,#4812,#4813,#4814),(#4815,#4816,#4817,#4818,#4819,#4820,#4821,#4822,#4823),(#4824,#4825,#4826,#4827,#4828,#4829,#4830,#4831,#4832),(#4833,#4834,#4835,#4836,#4837,#4838,#4839,#4840,#4841),(#4842,#4843,#4844,#4845,#4846,#4847,#4848,#4849,#4850),(#4851,#4852,#4853,#4854,#4855,#4856,#4857,#4858,#4859),(#4860,#4861,#4862,#4863,#4864,#4865,#4866,#4867,#4868),(#4869,#4870,#4871,#4872,#4873,#4874,#4875,#4876,#4877),(#4878,#4879,#4880,#4881,#4882,#4883,#4884,#4885,#4886),(#4887,#4888,#4889,#4890,#4891,#4892,#4893,#4894,#4895),(#4896,#4897,#4898,#4899,#4900,#4901,#4902,#4903,#4904),(#4905,#4906,#4907,#4908,#4909,#4910,#4911,#4912,#4913),(#4914,#4915,#4916,#4917,#4918,#4919,#4920,#4921,#4922),(#4923,#4924,#4925,#4926,#4927,#4928,#4929,#4930,#4931),(#4932,#4933,#4934,#4935,#4936,#4937,#4938,#4939,#4940),(#4941,#4942,#4943,#4944,#4945,#4946,#4947,#4948,#4949),(#4950,#4951,#4952,#4953,#4954,#4955,#4956,#4957,#4958)),.UNSPECIFIED.,.F.,.F.,.U.,(6,3,3,3,3,6),(6,3,6),(40.5460008833,47.500165089,55.2390376726,61.207917927,72.5755064703,81.0889730587),(0.,1.,2.),.UNSPECIFIED.) ;
#5015=B_SPLINE_SURFACE_WITH_KNOTS('',5,5,((#5016,#5017,#5018,#5019,#5020,#5021,#5022,#5023,#5024),(#5025,#5026,#5027,#5028,#5029,#5030,#5031,#5032,#5033),(#5034,#5035,#5036,#5037,#5038,#5039,#5040,#5041,#5042),(#5043,#5044,#5045,#5046,#5047,#5048,#5049,#5050,#5051),(#5052,#5053,#5054,#5055,#5056,#5057,#5058,#5059,#5060),(#5061,#5062,#5063,#5064,#5065,#5066,#5067,#5068,#5069),(#5070,#5071,#5072,#5073,#5074,#5075,#5076,#5077,#5078),(#5079,#5080,#5081,#5082,#5083,#5084,#5085,#5086,#5087),(#5088,#5089,#5090,#5091,#5092,#5093,#5094,#5095,#5096),(#5097,#5098,#5099,#5100,#5101,#5102,#5103,#5104,#5105),(#5106,#5107,#5108,#5109,#5110,#5111,#5112,#5113,#5114),(#5115,#5116,#5117,#5118,#5119,#5120,#5121,#5122,#5123),(#5124,#5125,#5126,#5127,#5128,#5129,#5130,#5131,#5132),(#5133,#5134,#5135,#5136,#5137,#5138,#5139,#5140,#5141),(#5142,#5143,#5144,#5145,#5146,#5147,#5148,#5149,#5150),(#5151,#5152,#5153,#5154,#5155,#5156,#5157,#5158,#5159),(#5160,#5161,#5162,#5163,#5164,#5165,#5166,#5167,#5168),(#5169,#5170,#5171,#5172,#5173,#5174,#5175,#5176,#5177)),.UNSPECIFIED.,.F.,.F.,.U.,(6,3,3,3,3,6),(6,3,6),(0.,10.6300113467,20.081674694,25.8506872107,32.8828472202,40.5438131333),(0.,1.,2.),.UNSPECIFIED.) ;
#6604=B_SPLINE_SURFACE_WITH_KNOTS('',5,5,((#6605,#6606,#6607,#6608,#6609,#6610,#6611,#6612,#6613),(#6614,#6615,#6616,#6617,#6618,#6619,#6620,#6621,#6622),(#6623,#6624,#6625,#6626,#6627,#6628,#6629,#6630,#6631),(#6632,#6633,#6634,#6635,#6636,#6637,#6638,#6639,#6640),(#6641,#6642,#6643,#6644,#6645,#6646,#6647,#6648,#6649),(#6650,#6651,#6652,#6653,#6654,#6655,#6656,#6657,#6658)),.UNSPECIFIED.,.F.,.F.,.U.,(6,6),(6,3,6),(5.00854348746,13.6035308334),(0.,0.5,1.),.UNSPECIFIED.) ;
#6740=B_SPLINE_SURFACE_WITH_KNOTS('',5,5,((#6741,#6742,#6743,#6744,#6745,#6746,#6747,#6748,#6749),(#6750,#6751,#6752,#6753,#6754,#6755,#6756,#6757,#6758),(#6759,#6760,#6761,#6762,#6763,#6764,#6765,#6766,#6767),(#6768,#6769,#6770,#6771,#6772,#6773,#6774,#6775,#6776),(#6777,#6778,#6779,#6780,#6781,#6782,#6783,#6784,#6785),(#6786,#6787,#6788,#6789,#6790,#6791,#6792,#6793,#6794)),.UNSPECIFIED.,.F.,.F.,.U.,(6,6),(6,3,6),(15.4035400471,23.9934725179),(0.,0.5,1.),.UNSPECIFIED.) ;
#9215=B_SPLINE_SURFACE_WITH_KNOTS('',5,5,((#9216,#9217,#9218,#9219,#9220,#9221),(#9222,#9223,#9224,#9225,#9226,#9227),(#9228,#9229,#9230,#9231,#9232,#9233),(#9234,#9235,#9236,#9237,#9238,#9239),(#9240,#9241,#9242,#9243,#9244,#9245),(#9246,#9247,#9248,#9249,#9250,#9251)),.UNSPECIFIED.,.F.,.F.,.U.,(6,6),(6,6),(0.,6.83511649457),(0.,1.),.UNSPECIFIED.) ;
#9305=B_SPLINE_SURFACE_WITH_KNOTS('',5,5,((#9306,#9307,#9308,#9309,#9310,#9311),(#9312,#9313,#9314,#9315,#9316,#9317),(#9318,#9319,#9320,#9321,#9322,#9323),(#9324,#9325,#9326,#9327,#9328,#9329),(#9330,#9331,#9332,#9333,#9334,#9335),(#9336,#9337,#9338,#9339,#9340,#9341)),.UNSPECIFIED.,.F.,.F.,.U.,(6,6),(6,6),(0.,6.83511995207),(0.,1.),.UNSPECIFIED.) ;
#9395=B_SPLINE_SURFACE_WITH_KNOTS('',5,5,((#9396,#9397,#9398,#9399,#9400,#9401),(#9402,#9403,#9404,#9405,#9406,#9407),(#9408,#9409,#9410,#9411,#9412,#9413),(#9414,#9415,#9416,#9417,#9418,#9419),(#9420,#9421,#9422,#9423,#9424,#9425),(#9426,#9427,#9428,#9429,#9430,#9431)),.UNSPECIFIED.,.F.,.F.,.U.,(6,6),(6,6),(0.,6.83511649453),(0.,1.),.UNSPECIFIED.) ;
#9485=B_SPLINE_SURFACE_WITH_KNOTS('',5,5,((#9486,#9487,#9488,#9489,#9490,#9491),(#9492,#9493,#9494,#9495,#9496,#9497),(#9498,#9499,#9500,#9501,#9502,#9503),(#9504,#9505,#9506,#9507,#9508,#9509),(#9510,#9511,#9512,#9513,#9514,#9515),(#9516,#9517,#9518,#9519,#9520,#9521)),.UNSPECIFIED.,.F.,.F.,.U.,(6,6),(6,6),(3.72202519206E-015,6.83511995215),(0.,1.),.UNSPECIFIED.) ;
#9584=B_SPLINE_SURFACE_WITH_KNOTS('',5,5,((#9585,#9586,#9587,#9588,#9589,#9590),(#9591,#9592,#9593,#9594,#9595,#9596),(#9597,#9598,#9599,#9600,#9601,#9602),(#9603,#9604,#9605,#9606,#9607,#9608),(#9609,#9610,#9611,#9612,#9613,#9614),(#9615,#9616,#9617,#9618,#9619,#9620)),.UNSPECIFIED.,.F.,.F.,.U.,(6,6),(6,6),(0.,6.83511649465),(0.,1.),.UNSPECIFIED.) ;
#9674=B_SPLINE_SURFACE_WITH_KNOTS('',5,5,((#9675,#9676,#9677,#9678,#9679,#9680),(#9681,#9682,#9683,#9684,#9685,#9686),(#9687,#9688,#9689,#9690,#9691,#9692),(#9693,#9694,#9695,#9696,#9697,#9698),(#9699,#9700,#9701,#9702,#9703,#9704),(#9705,#9706,#9707,#9708,#9709,#9710)),.UNSPECIFIED.,.F.,.F.,.U.,(6,6),(6,6),(6.64567500792E-016,6.83511995214),(0.,1.),.UNSPECIFIED.) ;
#9764=B_SPLINE_SURFACE_WITH_KNOTS('',5,5,((#9765,#9766,#9767,#9768,#9769,#9770),(#9771,#9772,#9773,#9774,#9775,#9776),(#9777,#9778,#9779,#9780,#9781,#9782),(#9783,#9784,#9785,#9786,#9787,#9788),(#9789,#9790,#9791,#9792,#9793,#9794),(#9795,#9796,#9797,#9798,#9799,#9800)),.UNSPECIFIED.,.F.,.F.,.U.,(6,6),(6,6),(6.36952686073E-015,6.83511649458),(0.,1.),.UNSPECIFIED.) ;
#9854=B_SPLINE_SURFACE_WITH_KNOTS('',5,5,((#9855,#9856,#9857,#9858,#9859,#9860),(#9861,#9862,#9863,#9864,#9865,#9866),(#9867,#9868,#9869,#9870,#9871,#9872),(#9873,#9874,#9875,#9876,#9877,#9878),(#9879,#9880,#9881,#9882,#9883,#9884),(#9885,#9886,#9887,#9888,#9889,#9890)),.UNSPECIFIED.,.F.,.F.,.U.,(6,6),(6,6),(0.,6.83511995211),(0.,1.),.UNSPECIFIED.) ;
#9944=B_SPLINE_SURFACE_WITH_KNOTS('',5,5,((#9945,#9946,#9947,#9948,#9949,#9950),(#9951,#9952,#9953,#9954,#9955,#9956),(#9957,#9958,#9959,#9960,#9961,#9962),(#9963,#9964,#9965,#9966,#9967,#9968),(#9969,#9970,#9971,#9972,#9973,#9974),(#9975,#9976,#9977,#9978,#9979,#9980)),.UNSPECIFIED.,.F.,.F.,.U.,(6,6),(6,6),(0.,6.83511649466),(0.,1.),.UNSPECIFIED.) ;
#10032=B_SPLINE_SURFACE_WITH_KNOTS('',5,5,((#10033,#10034,#10035,#10036,#10037,#10038),(#10039,#10040,#10041,#10042,#10043,#10044),(#10045,#10046,#10047,#10048,#10049,#10050),(#10051,#10052,#10053,#10054,#10055,#10056),(#10057,#10058,#10059,#10060,#10061,#10062),(#10063,#10064,#10065,#10066,#10067,#10068)),.UNSPECIFIED.,.F.,.F.,.U.,(6,6),(6,6),(0.,6.83511995214),(0.,1.),.UNSPECIFIED.) ;
#11444=B_SPLINE_SURFACE_WITH_KNOTS('',5,5,((#11445,#11446,#11447,#11448,#11449,#11450),(#11451,#11452,#11453,#11454,#11455,#11456),(#11457,#11458,#11459,#11460,#11461,#11462),(#11463,#11464,#11465,#11466,#11467,#11468),(#11469,#11470,#11471,#11472,#11473,#11474),(#11475,#11476,#11477,#11478,#11479,#11480)),.UNSPECIFIED.,.F.,.F.,.U.,(6,6),(6,6),(0.,6.83511649451),(0.,1.),.UNSPECIFIED.) ;
#11487=B_SPLINE_SURFACE_WITH_KNOTS('',5,5,((#11488,#11489,#11490,#11491,#11492,#11493),(#11494,#11495,#11496,#11497,#11498,#11499),(#11500,#11501,#11502,#11503,#11504,#11505),(#11506,#11507,#11508,#11509,#11510,#11511),(#11512,#11513,#11514,#11515,#11516,#11517),(#11518,#11519,#11520,#11521,#11522,#11523)),.UNSPECIFIED.,.F.,.F.,.U.,(6,6),(6,6),(0.,6.83511995209),(0.,1.),.UNSPECIFIED.) ;
#11530=B_SPLINE_SURFACE_WITH_KNOTS('',5,5,((#11531,#11532,#11533,#11534,#11535,#11536),(#11537,#11538,#11539,#11540,#11541,#11542),(#11543,#11544,#11545,#11546,#11547,#11548),(#11549,#11550,#11551,#11552,#11553,#11554),(#11555,#11556,#11557,#11558,#11559,#11560),(#11561,#11562,#11563,#11564,#11565,#11566)),.UNSPECIFIED.,.F.,.F.,.U.,(6,6),(6,6),(0.,6.83511649456),(0.,1.),.UNSPECIFIED.) ;
#11593=B_SPLINE_SURFACE_WITH_KNOTS('',5,5,((#11594,#11595,#11596,#11597,#11598,#11599),(#11600,#11601,#11602,#11603,#11604,#11605),(#11606,#11607,#11608,#11609,#11610,#11611),(#11612,#11613,#11614,#11615,#11616,#11617),(#11618,#11619,#11620,#11621,#11622,#11623),(#11624,#11625,#11626,#11627,#11628,#11629)),.UNSPECIFIED.,.F.,.F.,.U.,(6,6),(6,6),(0.,6.83511995215),(0.,1.),.UNSPECIFIED.) ;
#11656=B_SPLINE_SURFACE_WITH_KNOTS('',5,5,((#11657,#11658,#11659,#11660,#11661,#11662),(#11663,#11664,#11665,#11666,#11667,#11668),(#11669,#11670,#11671,#11672,#11673,#11674),(#11675,#11676,#11677,#11678,#11679,#11680),(#11681,#11682,#11683,#11684,#11685,#11686),(#11687,#11688,#11689,#11690,#11691,#11692)),.UNSPECIFIED.,.F.,.F.,.U.,(6,6),(6,6),(0.,6.83511649457),(0.,1.),.UNSPECIFIED.) ;
#11699=B_SPLINE_SURFACE_WITH_KNOTS('',5,5,((#11700,#11701,#11702,#11703,#11704,#11705),(#11706,#11707,#11708,#11709,#11710,#11711),(#11712,#11713,#11714,#11715,#11716,#11717),(#11718,#11719,#11720,#11721,#11722,#11723),(#11724,#11725,#11726,#11727,#11728,#11729),(#11730,#11731,#11732,#11733,#11734,#11735)),.UNSPECIFIED.,.F.,.F.,.U.,(6,6),(6,6),(5.38066880251E-015,6.83511995205),(0.,1.),.UNSPECIFIED.) ;
#11742=B_SPLINE_SURFACE_WITH_KNOTS('',5,5,((#11743,#11744,#11745,#11746,#11747,#11748),(#11749,#11750,#11751,#11752,#11753,#11754),(#11755,#11756,#11757,#11758,#11759,#11760),(#11761,#11762,#11763,#11764,#11765,#11766),(#11767,#11768,#11769,#11770,#11771,#11772),(#11773,#11774,#11775,#11776,#11777,#11778)),.UNSPECIFIED.,.F.,.F.,.U.,(6,6),(6,6),(3.9212153422E-015,6.83511649456),(0.,1.),.UNSPECIFIED.) ;
#11785=B_SPLINE_SURFACE_WITH_KNOTS('',5,5,((#11786,#11787,#11788,#11789,#11790,#11791),(#11792,#11793,#11794,#11795,#11796,#11797),(#11798,#11799,#11800,#11801,#11802,#11803),(#11804,#11805,#11806,#11807,#11808,#11809),(#11810,#11811,#11812,#11813,#11814,#11815),(#11816,#11817,#11818,#11819,#11820,#11821)),.UNSPECIFIED.,.F.,.F.,.U.,(6,6),(6,6),(0.,6.83511995214),(0.,1.),.UNSPECIFIED.) ;
#11828=B_SPLINE_SURFACE_WITH_KNOTS('',5,5,((#11829,#11830,#11831,#11832,#11833,#11834),(#11835,#11836,#11837,#11838,#11839,#11840),(#11841,#11842,#11843,#11844,#11845,#11846),(#11847,#11848,#11849,#11850,#11851,#11852),(#11853,#11854,#11855,#11856,#11857,#11858),(#11859,#11860,#11861,#11862,#11863,#11864)),.UNSPECIFIED.,.F.,.F.,.U.,(6,6),(6,6),(0.,6.83511649455),(0.,1.),.UNSPECIFIED.) ;
#11871=B_SPLINE_SURFACE_WITH_KNOTS('',5,5,((#11872,#11873,#11874,#11875,#11876,#11877),(#11878,#11879,#11880,#11881,#11882,#11883),(#11884,#11885,#11886,#11887,#11888,#11889),(#11890,#11891,#11892,#11893,#11894,#11895),(#11896,#11897,#11898,#11899,#11900,#11901),(#11902,#11903,#11904,#11905,#11906,#11907)),.UNSPECIFIED.,.F.,.F.,.U.,(6,6),(6,6),(0.,6.83511995208),(0.,1.),.UNSPECIFIED.) ;
#31=MANIFOLD_SOLID_BREP('Hauptk\X2\00F6\X0\rper',#40) ;
#3295=MANIFOLD_SOLID_BREP('Hauptk\X2\00F6\X0\rper',#3303) ;
#4037=MANIFOLD_SOLID_BREP('Hauptk\X2\00F6\X0\rper',#4046) ;
#4242=MANIFOLD_SOLID_BREP('Hauptk\X2\00F6\X0\rper',#4250) ;
#5515=MANIFOLD_SOLID_BREP('Hauptk\X2\00F6\X0\rper',#5523) ;
#7303=MANIFOLD_SOLID_BREP('Hauptk\X2\00F6\X0\rper',#7311) ;
#7507=MANIFOLD_SOLID_BREP('Hauptk\X2\00F6\X0\rper',#7515) ;
#7947=MANIFOLD_SOLID_BREP('Hauptk\X2\00F6\X0\rper',#7955) ;
#10121=MANIFOLD_SOLID_BREP('Hauptk\X2\00F6\X0\rper',#10130) ;
#10296=MANIFOLD_SOLID_BREP('Hauptk\X2\00F6\X0\rper',#10304) ;
#11951=MANIFOLD_SOLID_BREP('Hauptk\X2\00F6\X0\rper',#11959) ;
#13817=MANIFOLD_SOLID_BREP('Hauptk\X2\00F6\X0\rper',#13826) ;
#14583=MANIFOLD_SOLID_BREP('Hauptk\X2\00F6\X0\rper',#14591) ;
#14787=MANIFOLD_SOLID_BREP('Hauptk\X2\00F6\X0\rper',#14795) ;
#15766=MANIFOLD_SOLID_BREP('Hauptk\X2\00F6\X0\rper',#15774) ;
#58=CIRCLE('generated circle',#57,15.0100799465) ;
#72=CIRCLE('generated circle',#71,15.0100799465) ;
#147=CIRCLE('generated circle',#146,5.5) ;
#156=CIRCLE('generated circle',#155,5.5) ;
#171=CIRCLE('generated circle',#170,50.15) ;
#249=CIRCLE('generated circle',#248,67.65) ;
#282=CIRCLE('generated circle',#281,67.65) ;
#306=CIRCLE('generated circle',#305,2.) ;
#313=CIRCLE('generated circle',#312,69.65) ;
#320=CIRCLE('generated circle',#319,2.) ;
#325=CIRCLE('generated circle',#324,67.65) ;
#368=CIRCLE('generated circle',#367,5.5) ;
#380=CIRCLE('generated circle',#379,5.5) ;
#419=CIRCLE('generated circle',#418,67.65) ;
#432=CIRCLE('generated circle',#431,69.65) ;
#454=CIRCLE('generated circle',#453,67.65) ;
#487=CIRCLE('generated circle',#486,67.65) ;
#534=CIRCLE('generated circle',#533,50.15) ;
#599=CIRCLE('generated circle',#598,15.0100799465) ;
#613=CIRCLE('generated circle',#612,5.5) ;
#622=CIRCLE('generated circle',#621,5.5) ;
#650=CIRCLE('generated circle',#649,50.15) ;
#683=CIRCLE('generated circle',#682,4.) ;
#697=CIRCLE('generated circle',#696,4.) ;
#704=CIRCLE('generated circle',#703,18.) ;
#711=CIRCLE('generated circle',#710,4.) ;
#725=CIRCLE('generated circle',#724,4.) ;
#755=CIRCLE('generated circle',#754,4.) ;
#771=CIRCLE('generated circle',#770,4.) ;
#805=CIRCLE('generated circle',#804,4.) ;
#831=CIRCLE('generated circle',#830,15.0100799465) ;
#874=CIRCLE('generated circle',#873,4.) ;
#907=CIRCLE('generated circle',#906,5.5) ;
#921=CIRCLE('generated circle',#920,5.5) ;
#933=CIRCLE('generated circle',#932,5.5) ;
#938=CIRCLE('generated circle',#937,5.5) ;
#1034=CIRCLE('generated circle',#1033,4.) ;
#1041=CIRCLE('generated circle',#1040,4.) ;
#1065=CIRCLE('generated circle',#1064,18.) ;
#1072=CIRCLE('generated circle',#1071,18.) ;
#1096=CIRCLE('generated circle',#1095,4.) ;
#1103=CIRCLE('generated circle',#1102,4.) ;
#1158=CIRCLE('generated circle',#1157,4.) ;
#1165=CIRCLE('generated circle',#1164,4.) ;
#1189=CIRCLE('generated circle',#1188,4.) ;
#1205=CIRCLE('generated circle',#1204,4.) ;
#1260=CIRCLE('generated circle',#1259,4.) ;
#1267=CIRCLE('generated circle',#1266,4.) ;
#1286=CIRCLE('generated circle',#1285,18.) ;
#1293=CIRCLE('generated circle',#1292,18.) ;
#1317=CIRCLE('generated circle',#1316,4.) ;
#1324=CIRCLE('generated circle',#1323,4.) ;
#1379=CIRCLE('generated circle',#1378,4.) ;
#1386=CIRCLE('generated circle',#1385,4.) ;
#1462=CIRCLE('generated circle',#1461,5.1) ;
#1478=CIRCLE('generated circle',#1477,5.1) ;
#1497=CIRCLE('generated circle',#1496,5.1) ;
#1502=CIRCLE('generated circle',#1501,5.1) ;
#1519=CIRCLE('generated circle',#1518,15.) ;
#1528=CIRCLE('generated circle',#1527,15.) ;
#1554=CIRCLE('generated circle',#1553,15.) ;
#1573=CIRCLE('generated circle',#1572,15.) ;
#1590=CIRCLE('generated circle',#1589,32.65) ;
#1599=CIRCLE('generated circle',#1598,32.65) ;
#1625=CIRCLE('generated circle',#1624,32.65) ;
#1644=CIRCLE('generated circle',#1643,32.65) ;
#1661=CIRCLE('generated circle',#1660,56.5) ;
#1670=CIRCLE('generated circle',#1669,56.5) ;
#1679=CIRCLE('generated circle',#1678,4.188) ;
#1688=CIRCLE('generated circle',#1687,4.188) ;
#1697=CIRCLE('generated circle',#1696,4.188) ;
#1706=CIRCLE('generated circle',#1705,4.188) ;
#1732=CIRCLE('generated circle',#1731,57.) ;
#1751=CIRCLE('generated circle',#1750,57.) ;
#1768=CIRCLE('generated circle',#1767,64.75) ;
#1777=CIRCLE('generated circle',#1776,64.75) ;
#1796=CIRCLE('generated circle',#1795,4.188) ;
#1805=CIRCLE('generated circle',#1804,4.188) ;
#1815=CIRCLE('generated circle',#1814,4.188) ;
#1824=CIRCLE('generated circle',#1823,4.188) ;
#1897=CIRCLE('generated circle',#1896,4.91509433962) ;
#1904=CIRCLE('generated circle',#1903,69.65) ;
#1911=CIRCLE('generated circle',#1910,4.91509433962) ;
#1938=CIRCLE('generated circle',#1937,4.) ;
#1972=CIRCLE('generated circle',#1971,4.) ;
#1991=CIRCLE('generated circle',#1990,69.65) ;
#2017=CIRCLE('generated circle',#2016,5.5) ;
#2031=CIRCLE('generated circle',#2030,5.5) ;
#2043=CIRCLE('generated circle',#2042,5.5) ;
#2048=CIRCLE('generated circle',#2047,5.5) ;
#2115=CIRCLE('generated circle',#2114,4.) ;
#2167=CIRCLE('generated circle',#2166,5.5) ;
#2181=CIRCLE('generated circle',#2180,5.5) ;
#2193=CIRCLE('generated circle',#2192,5.5) ;
#2198=CIRCLE('generated circle',#2197,5.5) ;
#2222=CIRCLE('generated circle',#2221,4.) ;
#2270=CIRCLE('generated circle',#2269,4.) ;
#2289=CIRCLE('generated circle',#2288,18.) ;
#2313=CIRCLE('generated circle',#2312,4.) ;
#2361=CIRCLE('generated circle',#2360,4.) ;
#2418=CIRCLE('generated circle',#2417,5.5) ;
#2437=CIRCLE('generated circle',#2436,5.5) ;
#2498=CIRCLE('generated circle',#2497,5.5) ;
#2512=CIRCLE('generated circle',#2511,5.5) ;
#2524=CIRCLE('generated circle',#2523,5.5) ;
#2529=CIRCLE('generated circle',#2528,5.5) ;
#2672=CIRCLE('generated circle',#2671,4.) ;
#2871=CIRCLE('generated circle',#2870,15.0100799465) ;
#2902=CIRCLE('generated circle',#2901,15.0100799465) ;
#2926=CIRCLE('generated circle',#2925,15.0100799465) ;
#2957=CIRCLE('generated circle',#2956,15.0100799465) ;
#2995=CIRCLE('generated circle',#2994,15.0100799465) ;
#3047=CIRCLE('generated circle',#3046,15.0100799465) ;
#3071=CIRCLE('generated circle',#3070,15.0100799465) ;
#3116=CIRCLE('generated circle',#3115,15.0100799465) ;
#3321=CIRCLE('generated circle',#3320,5.5) ;
#3335=CIRCLE('generated circle',#3334,5.5) ;
#3347=CIRCLE('generated circle',#3346,5.5) ;
#3352=CIRCLE('generated circle',#3351,5.5) ;
#3394=CIRCLE('generated circle',#3393,20.) ;
#3418=CIRCLE('generated circle',#3417,32.5) ;
#3461=CIRCLE('generated circle',#3460,20.) ;
#3480=CIRCLE('generated circle',#3479,32.5) ;
#3503=CIRCLE('generated circle',#3502,29.1333333333) ;
#3512=CIRCLE('generated circle',#3511,29.1333333333) ;
#3534=CIRCLE('generated circle',#3533,25.4) ;
#3553=CIRCLE('generated circle',#3552,25.4) ;
#3570=CIRCLE('generated circle',#3569,27.551912121) ;
#3579=CIRCLE('generated circle',#3578,27.551912121) ;
#3598=CIRCLE('generated circle',#3597,1.) ;
#3605=CIRCLE('generated circle',#3604,28.5504929257) ;
#3612=CIRCLE('generated circle',#3611,1.) ;
#3624=CIRCLE('generated circle',#3623,28.5504929257) ;
#3845=CIRCLE('generated circle',#3844,33.9524646286) ;
#3870=CIRCLE('generated circle',#3869,33.9524646286) ;
#3892=CIRCLE('generated circle',#3891,28.9595606052) ;
#3901=CIRCLE('generated circle',#3900,28.9595606052) ;
#3963=CIRCLE('generated circle',#3962,5.) ;
#4055=CIRCLE('generated circle',#4054,22.4) ;
#4071=CIRCLE('generated circle',#4070,22.4) ;
#4090=CIRCLE('generated circle',#4089,22.4) ;
#4095=CIRCLE('generated circle',#4094,22.4) ;
#4112=CIRCLE('generated circle',#4111,25.4) ;
#4128=CIRCLE('generated circle',#4127,25.4) ;
#4147=CIRCLE('generated circle',#4146,25.4) ;
#4152=CIRCLE('generated circle',#4151,25.4) ;
#4294=CIRCLE('generated circle',#4293,4.188) ;
#4323=CIRCLE('generated circle',#4322,4.188) ;
#4340=CIRCLE('generated circle',#4339,19.1) ;
#4356=CIRCLE('generated circle',#4355,19.1) ;
#4379=CIRCLE('generated circle',#4378,19.1) ;
#4384=CIRCLE('generated circle',#4383,19.1) ;
#4401=CIRCLE('generated circle',#4400,21.3178129694) ;
#4410=CIRCLE('generated circle',#4409,21.3178129694) ;
#4429=CIRCLE('generated circle',#4428,1.) ;
#4436=CIRCLE('generated circle',#4435,22.3013019697) ;
#4443=CIRCLE('generated circle',#4442,1.) ;
#4460=CIRCLE('generated circle',#4459,22.3013019697) ;
#4529=CIRCLE('generated circle',#4528,28.8349044531) ;
#4643=CIRCLE('generated circle',#4642,28.8349044531) ;
#4708=CIRCLE('generated circle',#4707,1.) ;
#4715=CIRCLE('generated circle',#4714,27.8391687391) ;
#4722=CIRCLE('generated circle',#4721,1.) ;
#4739=CIRCLE('generated circle',#4738,10.0798635241) ;
#4770=CIRCLE('generated circle',#4769,10.0798635241) ;
#4787=CIRCLE('generated circle',#4786,27.8391687391) ;
#5226=CIRCLE('generated circle',#5225,25.4) ;
#5235=CIRCLE('generated circle',#5234,25.4) ;
#5264=CIRCLE('generated circle',#5263,8.25) ;
#5276=CIRCLE('generated circle',#5275,8.25) ;
#5300=CIRCLE('generated circle',#5299,25.4) ;
#5319=CIRCLE('generated circle',#5318,25.4) ;
#5336=CIRCLE('generated circle',#5335,1.) ;
#5343=CIRCLE('generated circle',#5342,7.25) ;
#5350=CIRCLE('generated circle',#5349,1.) ;
#5367=CIRCLE('generated circle',#5366,7.25) ;
#5384=CIRCLE('generated circle',#5383,9.08366882598) ;
#5393=CIRCLE('generated circle',#5392,9.08366882598) ;
#5408=CIRCLE('generated circle',#5407,1.) ;
#5413=CIRCLE('generated circle',#5412,1.) ;
#5532=CIRCLE('generated circle',#5531,3.5) ;
#5548=CIRCLE('generated circle',#5547,5.) ;
#5567=CIRCLE('generated circle',#5566,3.5) ;
#5572=CIRCLE('generated circle',#5571,5.) ;
#5596=CIRCLE('generated circle',#5595,5.) ;
#5625=CIRCLE('generated circle',#5624,5.) ;
#5649=CIRCLE('generated circle',#5648,4.25) ;
#5668=CIRCLE('generated circle',#5667,4.25) ;
#5692=CIRCLE('generated circle',#5691,4.25) ;
#5711=CIRCLE('generated circle',#5710,4.25) ;
#5728=CIRCLE('generated circle',#5727,7.) ;
#5737=CIRCLE('generated circle',#5736,9.5) ;
#5744=CIRCLE('generated circle',#5743,7.) ;
#5794=CIRCLE('generated circle',#5793,2.) ;
#5810=CIRCLE('generated circle',#5809,2.) ;
#5842=CIRCLE('generated circle',#5841,2.) ;
#5851=CIRCLE('generated circle',#5850,8.) ;
#5858=CIRCLE('generated circle',#5857,2.) ;
#5865=CIRCLE('generated circle',#5864,6.) ;
#5882=CIRCLE('generated circle',#5881,2.) ;
#5913=CIRCLE('generated circle',#5912,2.) ;
#5922=CIRCLE('generated circle',#5921,8.) ;
#5927=CIRCLE('generated circle',#5926,6.) ;
#5944=CIRCLE('generated circle',#5943,2.) ;
#5975=CIRCLE('generated circle',#5974,1.) ;
#5980=CIRCLE('generated circle',#5979,3.) ;
#5997=CIRCLE('generated circle',#5996,2.) ;
#6006=CIRCLE('generated circle',#6005,1.) ;
#6011=CIRCLE('generated circle',#6010,3.) ;
#6028=CIRCLE('generated circle',#6027,2.) ;
#6059=CIRCLE('generated circle',#6058,2.) ;
#6068=CIRCLE('generated circle',#6067,8.) ;
#6073=CIRCLE('generated circle',#6072,6.) ;
#6090=CIRCLE('generated circle',#6089,2.) ;
#6121=CIRCLE('generated circle',#6120,2.) ;
#6130=CIRCLE('generated circle',#6129,8.) ;
#6135=CIRCLE('generated circle',#6134,6.) ;
#6152=CIRCLE('generated circle',#6151,8.5) ;
#6157=CIRCLE('generated circle',#6156,10.5) ;
#6181=CIRCLE('generated circle',#6180,10.5) ;
#6274=CIRCLE('generated circle',#6273,3.) ;
#6341=CIRCLE('generated circle',#6340,3.) ;
#6382=CIRCLE('generated circle',#6381,6.) ;
#6399=CIRCLE('generated circle',#6398,6.) ;
#6447=CIRCLE('generated circle',#6446,6.) ;
#6462=CIRCLE('generated circle',#6461,6.) ;
#6481=CIRCLE('generated circle',#6480,6.) ;
#6496=CIRCLE('generated circle',#6495,6.) ;
#6535=CIRCLE('generated circle',#6534,7.) ;
#6544=CIRCLE('generated circle',#6543,1.) ;
#6575=CIRCLE('generated circle',#6574,1.) ;
#6582=CIRCLE('generated circle',#6581,7.) ;
#6703=CIRCLE('generated circle',#6702,1.) ;
#6731=CIRCLE('generated circle',#6730,1.) ;
#6843=CIRCLE('generated circle',#6842,1.) ;
#6867=CIRCLE('generated circle',#6866,1.) ;
#6874=CIRCLE('generated circle',#6873,7.) ;
#6891=CIRCLE('generated circle',#6890,1.) ;
#6915=CIRCLE('generated circle',#6914,1.) ;
#6922=CIRCLE('generated circle',#6921,2.) ;
#6939=CIRCLE('generated circle',#6938,1.) ;
#6963=CIRCLE('generated circle',#6962,1.) ;
#6987=CIRCLE('generated circle',#6986,1.) ;
#6994=CIRCLE('generated circle',#6993,2.) ;
#7011=CIRCLE('generated circle',#7010,1.) ;
#7035=CIRCLE('generated circle',#7034,1.) ;
#7042=CIRCLE('generated circle',#7041,7.) ;
#7098=CIRCLE('generated circle',#7097,2.) ;
#7114=CIRCLE('generated circle',#7113,2.) ;
#7164=CIRCLE('generated circle',#7163,2.) ;
#7181=CIRCLE('generated circle',#7180,2.) ;
#7320=CIRCLE('generated circle',#7319,16.) ;
#7336=CIRCLE('generated circle',#7335,16.) ;
#7355=CIRCLE('generated circle',#7354,16.) ;
#7360=CIRCLE('generated circle',#7359,16.) ;
#7377=CIRCLE('generated circle',#7376,19.) ;
#7393=CIRCLE('generated circle',#7392,19.) ;
#7412=CIRCLE('generated circle',#7411,19.) ;
#7417=CIRCLE('generated circle',#7416,19.) ;
#7524=CIRCLE('generated circle',#7523,19.) ;
#7540=CIRCLE('generated circle',#7539,19.) ;
#7559=CIRCLE('generated circle',#7558,19.) ;
#7564=CIRCLE('generated circle',#7563,19.) ;
#7591=CIRCLE('generated circle',#7590,5.97689597707) ;
#7600=CIRCLE('generated circle',#7599,5.97689597707) ;
#7615=CIRCLE('generated circle',#7614,1.) ;
#7622=CIRCLE('generated circle',#7621,6.95824191903) ;
#7629=CIRCLE('generated circle',#7628,1.) ;
#7646=CIRCLE('generated circle',#7645,6.95824191903) ;
#7663=CIRCLE('generated circle',#7662,15.) ;
#7672=CIRCLE('generated circle',#7671,21.85) ;
#7679=CIRCLE('generated circle',#7678,15.) ;
#7686=CIRCLE('generated circle',#7685,10.6070217152) ;
#7698=CIRCLE('generated circle',#7697,21.85) ;
#7703=CIRCLE('generated circle',#7702,10.6070217152) ;
#7734=CIRCLE('generated circle',#7733,9.87614388756) ;
#7746=CIRCLE('generated circle',#7745,9.87614388756) ;
#7763=CIRCLE('generated circle',#7762,1.) ;
#7768=CIRCLE('generated circle',#7767,1.) ;
#7811=CIRCLE('generated circle',#7810,21.85) ;
#7823=CIRCLE('generated circle',#7822,21.85) ;
#7840=CIRCLE('generated circle',#7839,20.85) ;
#7849=CIRCLE('generated circle',#7848,20.85) ;
#7868=CIRCLE('generated circle',#7867,1.) ;
#7873=CIRCLE('generated circle',#7872,1.) ;
#7964=CIRCLE('generated circle',#7963,4.75) ;
#7980=CIRCLE('generated circle',#7979,6.) ;
#8007=CIRCLE('generated circle',#8006,4.75) ;
#8012=CIRCLE('generated circle',#8011,6.) ;
#8043=CIRCLE('generated circle',#8042,6.) ;
#8086=CIRCLE('generated circle',#8085,6.) ;
#8117=CIRCLE('generated circle',#8116,4.75) ;
#8143=CIRCLE('generated circle',#8142,4.75) ;
#8174=CIRCLE('generated circle',#8173,4.75) ;
#8200=CIRCLE('generated circle',#8199,4.75) ;
#8224=CIRCLE('generated circle',#8223,8.5) ;
#8233=CIRCLE('generated circle',#8232,8.5) ;
#8266=CIRCLE('generated circle',#8265,8.5) ;
#8292=CIRCLE('generated circle',#8291,8.5) ;
#8316=CIRCLE('generated circle',#8315,6.) ;
#8332=CIRCLE('generated circle',#8331,5.) ;
#8358=CIRCLE('generated circle',#8357,6.) ;
#8363=CIRCLE('generated circle',#8362,5.) ;
#8413=CIRCLE('generated circle',#8412,6.) ;
#8432=CIRCLE('generated circle',#8431,6.) ;
#8456=CIRCLE('generated circle',#8455,11.4) ;
#8472=CIRCLE('generated circle',#8471,11.4) ;
#8491=CIRCLE('generated circle',#8490,11.4) ;
#8496=CIRCLE('generated circle',#8495,11.4) ;
#8513=CIRCLE('generated circle',#8512,25.) ;
#8522=CIRCLE('generated circle',#8521,1.) ;
#8529=CIRCLE('generated circle',#8528,16.) ;
#8536=CIRCLE('generated circle',#8535,1.) ;
#8543=CIRCLE('generated circle',#8542,25.) ;
#8550=CIRCLE('generated circle',#8549,1.) ;
#8557=CIRCLE('generated circle',#8556,16.) ;
#8564=CIRCLE('generated circle',#8563,1.) ;
#8571=CIRCLE('generated circle',#8570,25.) ;
#8578=CIRCLE('generated circle',#8577,25.) ;
#8585=CIRCLE('generated circle',#8584,1.) ;
#8592=CIRCLE('generated circle',#8591,16.) ;
#8599=CIRCLE('generated circle',#8598,1.) ;
#8606=CIRCLE('generated circle',#8605,25.) ;
#8613=CIRCLE('generated circle',#8612,1.) ;
#8620=CIRCLE('generated circle',#8619,16.) ;
#8627=CIRCLE('generated circle',#8626,1.) ;
#8634=CIRCLE('generated circle',#8633,25.) ;
#8641=CIRCLE('generated circle',#8640,1.) ;
#8648=CIRCLE('generated circle',#8647,16.) ;
#8655=CIRCLE('generated circle',#8654,1.) ;
#8721=CIRCLE('generated circle',#8720,25.) ;
#8745=CIRCLE('generated circle',#8744,1.) ;
#8762=CIRCLE('generated circle',#8761,16.) ;
#8793=CIRCLE('generated circle',#8792,1.) ;
#8812=CIRCLE('generated circle',#8811,25.) ;
#8836=CIRCLE('generated circle',#8835,1.) ;
#8853=CIRCLE('generated circle',#8852,16.) ;
#8884=CIRCLE('generated circle',#8883,1.) ;
#8903=CIRCLE('generated circle',#8902,25.) ;
#8922=CIRCLE('generated circle',#8921,25.) ;
#8946=CIRCLE('generated circle',#8945,1.) ;
#8963=CIRCLE('generated circle',#8962,16.) ;
#8994=CIRCLE('generated circle',#8993,1.) ;
#9013=CIRCLE('generated circle',#9012,25.) ;
#9037=CIRCLE('generated circle',#9036,1.) ;
#9054=CIRCLE('generated circle',#9053,16.) ;
#9085=CIRCLE('generated circle',#9084,1.) ;
#9104=CIRCLE('generated circle',#9103,25.) ;
#9128=CIRCLE('generated circle',#9127,1.) ;
#9145=CIRCLE('generated circle',#9144,16.) ;
#9169=CIRCLE('generated circle',#9168,1.) ;
#9196=CIRCLE('generated circle',#9195,22.) ;
#9286=CIRCLE('generated circle',#9285,19.) ;
#9376=CIRCLE('generated circle',#9375,22.) ;
#9466=CIRCLE('generated circle',#9465,19.) ;
#9556=CIRCLE('generated circle',#9555,22.) ;
#9563=CIRCLE('generated circle',#9562,22.) ;
#9655=CIRCLE('generated circle',#9654,19.) ;
#9745=CIRCLE('generated circle',#9744,22.) ;
#9835=CIRCLE('generated circle',#9834,19.) ;
#9925=CIRCLE('generated circle',#9924,22.) ;
#10015=CIRCLE('generated circle',#10014,19.) ;
#10139=CIRCLE('generated circle',#10138,6.5) ;
#10155=CIRCLE('generated circle',#10154,6.5) ;
#10174=CIRCLE('generated circle',#10173,6.5) ;
#10179=CIRCLE('generated circle',#10178,6.5) ;
#10196=CIRCLE('generated circle',#10195,11.8) ;
#10212=CIRCLE('generated circle',#10211,11.8) ;
#10231=CIRCLE('generated circle',#10230,11.8) ;
#10236=CIRCLE('generated circle',#10235,11.8) ;
#10313=CIRCLE('generated circle',#10312,6.) ;
#10329=CIRCLE('generated circle',#10328,6.) ;
#10348=CIRCLE('generated circle',#10347,6.) ;
#10353=CIRCLE('generated circle',#10352,6.) ;
#10370=CIRCLE('generated circle',#10369,11.4) ;
#10379=CIRCLE('generated circle',#10378,11.4) ;
#10405=CIRCLE('generated circle',#10404,11.4) ;
#10424=CIRCLE('generated circle',#10423,11.4) ;
#10441=CIRCLE('generated circle',#10440,25.) ;
#10450=CIRCLE('generated circle',#10449,1.) ;
#10457=CIRCLE('generated circle',#10456,16.) ;
#10464=CIRCLE('generated circle',#10463,1.) ;
#10471=CIRCLE('generated circle',#10470,25.) ;
#10478=CIRCLE('generated circle',#10477,1.) ;
#10485=CIRCLE('generated circle',#10484,16.) ;
#10492=CIRCLE('generated circle',#10491,1.) ;
#10499=CIRCLE('generated circle',#10498,25.) ;
#10506=CIRCLE('generated circle',#10505,25.) ;
#10513=CIRCLE('generated circle',#10512,1.) ;
#10520=CIRCLE('generated circle',#10519,16.) ;
#10527=CIRCLE('generated circle',#10526,1.) ;
#10534=CIRCLE('generated circle',#10533,25.) ;
#10541=CIRCLE('generated circle',#10540,1.) ;
#10548=CIRCLE('generated circle',#10547,16.) ;
#10555=CIRCLE('generated circle',#10554,1.) ;
#10562=CIRCLE('generated circle',#10561,25.) ;
#10569=CIRCLE('generated circle',#10568,1.) ;
#10576=CIRCLE('generated circle',#10575,16.) ;
#10583=CIRCLE('generated circle',#10582,1.) ;
#10635=CIRCLE('generated circle',#10634,1.) ;
#10652=CIRCLE('generated circle',#10651,16.) ;
#10683=CIRCLE('generated circle',#10682,1.) ;
#10707=CIRCLE('generated circle',#10706,25.) ;
#10731=CIRCLE('generated circle',#10730,1.) ;
#10757=CIRCLE('generated circle',#10756,25.) ;
#10774=CIRCLE('generated circle',#10773,16.) ;
#10798=CIRCLE('generated circle',#10797,1.) ;
#10817=CIRCLE('generated circle',#10816,25.) ;
#10841=CIRCLE('generated circle',#10840,1.) ;
#10858=CIRCLE('generated circle',#10857,16.) ;
#10889=CIRCLE('generated circle',#10888,1.) ;
#10908=CIRCLE('generated circle',#10907,25.) ;
#10932=CIRCLE('generated circle',#10931,1.) ;
#10949=CIRCLE('generated circle',#10948,16.) ;
#10980=CIRCLE('generated circle',#10979,1.) ;
#10999=CIRCLE('generated circle',#10998,25.) ;
#11023=CIRCLE('generated circle',#11022,1.) ;
#11042=CIRCLE('generated circle',#11041,25.) ;
#11059=CIRCLE('generated circle',#11058,16.) ;
#11083=CIRCLE('generated circle',#11082,22.) ;
#11092=CIRCLE('generated circle',#11091,19.) ;
#11099=CIRCLE('generated circle',#11098,22.) ;
#11106=CIRCLE('generated circle',#11105,19.) ;
#11113=CIRCLE('generated circle',#11112,22.) ;
#11120=CIRCLE('generated circle',#11119,22.) ;
#11127=CIRCLE('generated circle',#11126,19.) ;
#11134=CIRCLE('generated circle',#11133,22.) ;
#11141=CIRCLE('generated circle',#11140,19.) ;
#11148=CIRCLE('generated circle',#11147,22.) ;
#11155=CIRCLE('generated circle',#11154,19.) ;
#11183=CIRCLE('generated circle',#11182,1.) ;
#12025=CIRCLE('generated circle',#12024,30.) ;
#12046=CIRCLE('generated circle',#12045,30.) ;
#12060=CIRCLE('generated circle',#12059,85.) ;
#12074=CIRCLE('generated circle',#12073,30.) ;
#12095=CIRCLE('generated circle',#12094,30.) ;
#12109=CIRCLE('generated circle',#12108,85.) ;
#12123=CIRCLE('generated circle',#12122,8.125) ;
#12137=CIRCLE('generated circle',#12136,85.) ;
#12151=CIRCLE('generated circle',#12150,30.) ;
#12172=CIRCLE('generated circle',#12171,30.) ;
#12186=CIRCLE('generated circle',#12185,85.) ;
#12218=CIRCLE('generated circle',#12217,13.5) ;
#12227=CIRCLE('generated circle',#12226,13.5) ;
#12251=CIRCLE('generated circle',#12250,13.5) ;
#12258=CIRCLE('generated circle',#12257,13.5) ;
#12298=CIRCLE('generated circle',#12297,13.5) ;
#12358=CIRCLE('generated circle',#12357,25.75) ;
#12367=CIRCLE('generated circle',#12366,25.75) ;
#12376=CIRCLE('generated circle',#12375,25.75) ;
#12385=CIRCLE('generated circle',#12384,25.75) ;
#12394=CIRCLE('generated circle',#12393,16.15) ;
#12403=CIRCLE('generated circle',#12402,16.15) ;
#12412=CIRCLE('generated circle',#12411,16.15) ;
#12421=CIRCLE('generated circle',#12420,16.15) ;
#12430=CIRCLE('generated circle',#12429,16.15) ;
#12439=CIRCLE('generated circle',#12438,16.15) ;
#12448=CIRCLE('generated circle',#12447,16.15) ;
#12457=CIRCLE('generated circle',#12456,16.15) ;
#12466=CIRCLE('generated circle',#12465,16.15) ;
#12475=CIRCLE('generated circle',#12474,16.15) ;
#12548=CIRCLE('generated circle',#12547,85.) ;
#12596=CIRCLE('generated circle',#12595,30.) ;
#12668=CIRCLE('generated circle',#12667,30.) ;
#12711=CIRCLE('generated circle',#12710,85.) ;
#12759=CIRCLE('generated circle',#12758,8.125) ;
#12802=CIRCLE('generated circle',#12801,85.) ;
#12850=CIRCLE('generated circle',#12849,30.) ;
#12922=CIRCLE('generated circle',#12921,30.) ;
#12970=CIRCLE('generated circle',#12969,85.) ;
#13018=CIRCLE('generated circle',#13017,30.) ;
#13090=CIRCLE('generated circle',#13089,30.) ;
#13124=CIRCLE('generated circle',#13123,13.5) ;
#13152=CIRCLE('generated circle',#13151,13.5) ;
#13170=CIRCLE('generated circle',#13169,25.75) ;
#13196=CIRCLE('generated circle',#13195,25.75) ;
#13213=CIRCLE('generated circle',#13212,25.75) ;
#13239=CIRCLE('generated circle',#13238,25.75) ;
#13256=CIRCLE('generated circle',#13255,16.15) ;
#13282=CIRCLE('generated circle',#13281,16.15) ;
#13299=CIRCLE('generated circle',#13298,16.15) ;
#13325=CIRCLE('generated circle',#13324,16.15) ;
#13342=CIRCLE('generated circle',#13341,16.15) ;
#13368=CIRCLE('generated circle',#13367,16.15) ;
#13385=CIRCLE('generated circle',#13384,16.15) ;
#13411=CIRCLE('generated circle',#13410,16.15) ;
#13428=CIRCLE('generated circle',#13427,16.15) ;
#13454=CIRCLE('generated circle',#13453,16.15) ;
#13498=CIRCLE('generated circle',#13497,6.45) ;
#13507=CIRCLE('generated circle',#13506,6.45) ;
#13554=CIRCLE('generated circle',#13553,6.45) ;
#13563=CIRCLE('generated circle',#13562,6.45) ;
#13585=CIRCLE('generated circle',#13584,6.45) ;
#13604=CIRCLE('generated circle',#13603,6.45) ;
#13835=CIRCLE('generated circle',#13834,8.) ;
#13864=CIRCLE('generated circle',#13863,8.) ;
#13898=CIRCLE('generated circle',#13897,8.) ;
#13905=CIRCLE('generated circle',#13904,8.) ;
#13912=CIRCLE('generated circle',#13911,8.) ;
#13919=CIRCLE('generated circle',#13918,8.) ;
#13926=CIRCLE('generated circle',#13925,8.) ;
#13933=CIRCLE('generated circle',#13932,8.) ;
#14326=CIRCLE('generated circle',#14325,4.) ;
#14342=CIRCLE('generated circle',#14341,5.) ;
#14361=CIRCLE('generated circle',#14360,4.) ;
#14366=CIRCLE('generated circle',#14365,5.) ;
#14390=CIRCLE('generated circle',#14389,5.) ;
#14409=CIRCLE('generated circle',#14408,5.) ;
#14426=CIRCLE('generated circle',#14425,8.) ;
#14433=CIRCLE('generated circle',#14432,8.) ;
#14438=CIRCLE('generated circle',#14437,8.) ;
#14443=CIRCLE('generated circle',#14442,8.) ;
#14450=CIRCLE('generated circle',#14449,8.) ;
#14455=CIRCLE('generated circle',#14454,8.) ;
#14460=CIRCLE('generated circle',#14459,8.) ;
#14465=CIRCLE('generated circle',#14464,8.) ;
#14600=CIRCLE('generated circle',#14599,6.) ;
#14616=CIRCLE('generated circle',#14615,6.) ;
#14635=CIRCLE('generated circle',#14634,6.) ;
#14640=CIRCLE('generated circle',#14639,6.) ;
#14657=CIRCLE('generated circle',#14656,10.) ;
#14673=CIRCLE('generated circle',#14672,10.) ;
#14692=CIRCLE('generated circle',#14691,10.) ;
#14697=CIRCLE('generated circle',#14696,10.) ;
#14804=CIRCLE('generated circle',#14803,8.) ;
#14833=CIRCLE('generated circle',#14832,8.) ;
#14867=CIRCLE('generated circle',#14866,8.) ;
#14874=CIRCLE('generated circle',#14873,8.) ;
#14881=CIRCLE('generated circle',#14880,8.) ;
#14888=CIRCLE('generated circle',#14887,8.) ;
#14895=CIRCLE('generated circle',#14894,8.) ;
#14902=CIRCLE('generated circle',#14901,8.) ;
#14917=CIRCLE('generated circle',#14916,5.25) ;
#14926=CIRCLE('generated circle',#14925,5.25) ;
#15372=CIRCLE('generated circle',#15371,4.25) ;
#15379=CIRCLE('generated circle',#15378,4.25) ;
#15399=CIRCLE('generated circle',#15398,4.25) ;
#15406=CIRCLE('generated circle',#15405,4.25) ;
#15466=CIRCLE('generated circle',#15465,8.) ;
#15477=CIRCLE('generated circle',#15476,8.) ;
#15488=CIRCLE('generated circle',#15487,8.) ;
#15507=CIRCLE('generated circle',#15506,8.) ;
#15518=CIRCLE('generated circle',#15517,8.) ;
#15529=CIRCLE('generated circle',#15528,8.) ;
#15547=CIRCLE('generated circle',#15546,8.) ;
#15558=CIRCLE('generated circle',#15557,8.) ;
#15582=CIRCLE('generated circle',#15581,4.25) ;
#15608=CIRCLE('generated circle',#15607,4.25) ;
#15627=CIRCLE('generated circle',#15626,4.25) ;
#15639=CIRCLE('generated circle',#15638,4.25) ;
#15666=CIRCLE('generated circle',#15665,5.25) ;
#15675=CIRCLE('generated circle',#15674,5.25) ;
#15783=CIRCLE('generated circle',#15782,3.93933982822) ;
#15799=CIRCLE('generated circle',#15798,5.) ;
#15823=CIRCLE('generated circle',#15822,3.93933982822) ;
#15833=CIRCLE('generated circle',#15832,5.) ;
#15857=CIRCLE('generated circle',#15856,5.) ;
#15876=CIRCLE('generated circle',#15875,5.) ;
#15893=CIRCLE('generated circle',#15892,8.) ;
#15902=CIRCLE('generated circle',#15901,8.) ;
#16082=CIRCLE('generated circle',#16081,8.) ;
#16142=CIRCLE('generated circle',#16141,8.) ;
#32=COLOUR_RGB('Colour',0.313725490196,0.313725490196,0.313725490196) ;
#10122=COLOUR_RGB('Colour',0.823529411765,0.823529411765,1.) ;
#13818=COLOUR_RGB('Colour',0.349019607843,0.58431372549,0.854901960784) ;
#1721=CONICAL_SURFACE('Cone',#1720,56.5,0.785398163397) ;
#2381=CONICAL_SURFACE('Cone',#2380,38.,0.396748303745) ;
#3523=CONICAL_SURFACE('Cone',#3522,25.4,0.0532828515597) ;
#3829=CONICAL_SURFACE('Cone',#3828,28.5504929257,0.0532828515597) ;
#4735=CONICAL_SURFACE('Cone',#4734,10.,0.0872664625997) ;
#4766=CONICAL_SURFACE('Cone',#4765,10.,0.0872664625997) ;
#5528=CONICAL_SURFACE('Cone',#5527,3.5,0.785398163397) ;
#5638=CONICAL_SURFACE('Cone',#5637,4.25,0.785398163397) ;
#7716=CONICAL_SURFACE('Cone',#7715,6.8,0.193454614438) ;
#7960=CONICAL_SURFACE('Cone',#7959,4.75,0.785398163397) ;
#8106=CONICAL_SURFACE('Cone',#8105,4.75,0.785398163397) ;
#8312=CONICAL_SURFACE('Cone',#8311,5.,0.785398163397) ;
#13831=CONICAL_SURFACE('Cone',#13830,8.,1.0471975512) ;
#14322=CONICAL_SURFACE('Cone',#14321,4.,0.785398163397) ;
#14800=CONICAL_SURFACE('Cone',#14799,8.,1.0471975512) ;
#15361=CONICAL_SURFACE('Cone',#15360,4.25,0.774760266822) ;
#15462=CONICAL_SURFACE('Cone',#15461,8.,1.0471975512) ;
#15686=CONICAL_SURFACE('Cone',#15685,4.25,0.796036059973) ;
#15779=CONICAL_SURFACE('Cone',#15778,3.93933982822,0.785398163397) ;
#16069=CONICAL_SURFACE('Cone',#16068,8.,1.23412150741) ;
#16194=CONICAL_SURFACE('Cone',#16193,8.,1.23412150741) ;
#8003=OVER_RIDING_STYLED_ITEM(' ',(#8002),#7995,#7954) ;
#8027=OVER_RIDING_STYLED_ITEM(' ',(#8026),#8020,#7954) ;
#8065=OVER_RIDING_STYLED_ITEM(' ',(#8064),#8058,#7954) ;
#8082=OVER_RIDING_STYLED_ITEM(' ',(#8081),#8075,#7954) ;
#8101=OVER_RIDING_STYLED_ITEM(' ',(#8100),#8094,#7954) ;
#8139=OVER_RIDING_STYLED_ITEM(' ',(#8138),#8132,#7954) ;
#8158=OVER_RIDING_STYLED_ITEM(' ',(#8157),#8151,#7954) ;
#8196=OVER_RIDING_STYLED_ITEM(' ',(#8195),#8189,#7954) ;
#8215=OVER_RIDING_STYLED_ITEM(' ',(#8214),#8208,#7954) ;
#8250=OVER_RIDING_STYLED_ITEM(' ',(#8249),#8243,#7954) ;
#8288=OVER_RIDING_STYLED_ITEM(' ',(#8287),#8281,#7954) ;
#8307=OVER_RIDING_STYLED_ITEM(' ',(#8306),#8300,#7954) ;
#8354=OVER_RIDING_STYLED_ITEM(' ',(#8353),#8347,#7954) ;
#8378=OVER_RIDING_STYLED_ITEM(' ',(#8377),#8371,#7954) ;
#8395=OVER_RIDING_STYLED_ITEM(' ',(#8394),#8388,#7954) ;
#8428=OVER_RIDING_STYLED_ITEM(' ',(#8427),#8421,#7954) ;
#8447=OVER_RIDING_STYLED_ITEM(' ',(#8446),#8440,#7954) ;
#45=CYLINDRICAL_SURFACE('generated cylinder',#44,15.0100799465) ;
#350=CYLINDRICAL_SURFACE('generated cylinder',#349,5.5) ;
#751=CYLINDRICAL_SURFACE('generated cylinder',#750,4.) ;
#791=CYLINDRICAL_SURFACE('generated cylinder',#790,4.) ;
#851=CYLINDRICAL_SURFACE('generated cylinder',#850,4.) ;
#894=CYLINDRICAL_SURFACE('generated cylinder',#893,5.5) ;
#1030=CYLINDRICAL_SURFACE('generated cylinder',#1029,4.) ;
#1061=CYLINDRICAL_SURFACE('generated cylinder',#1060,18.) ;
#1092=CYLINDRICAL_SURFACE('generated cylinder',#1091,4.) ;
#1154=CYLINDRICAL_SURFACE('generated cylinder',#1153,4.) ;
#1185=CYLINDRICAL_SURFACE('generated cylinder',#1184,4.) ;
#1256=CYLINDRICAL_SURFACE('generated cylinder',#1255,4.) ;
#1313=CYLINDRICAL_SURFACE('generated cylinder',#1312,4.) ;
#1375=CYLINDRICAL_SURFACE('generated cylinder',#1374,4.) ;
#1458=CYLINDRICAL_SURFACE('generated cylinder',#1457,5.1) ;
#1543=CYLINDRICAL_SURFACE('generated cylinder',#1542,15.) ;
#1614=CYLINDRICAL_SURFACE('generated cylinder',#1613,32.65) ;
#1835=CYLINDRICAL_SURFACE('generated cylinder',#1834,4.188) ;
#1864=CYLINDRICAL_SURFACE('generated cylinder',#1863,4.188) ;
#1924=CYLINDRICAL_SURFACE('generated cylinder',#1923,4.) ;
#1958=CYLINDRICAL_SURFACE('generated cylinder',#1957,4.) ;
#2004=CYLINDRICAL_SURFACE('generated cylinder',#2003,5.5) ;
#2094=CYLINDRICAL_SURFACE('generated cylinder',#2093,4.) ;
#2154=CYLINDRICAL_SURFACE('generated cylinder',#2153,5.5) ;
#2211=CYLINDRICAL_SURFACE('generated cylinder',#2210,4.) ;
#2266=CYLINDRICAL_SURFACE('generated cylinder',#2265,4.) ;
#2309=CYLINDRICAL_SURFACE('generated cylinder',#2308,4.) ;
#2357=CYLINDRICAL_SURFACE('generated cylinder',#2356,4.) ;
#2485=CYLINDRICAL_SURFACE('generated cylinder',#2484,5.5) ;
#2542=CYLINDRICAL_SURFACE('generated cylinder',#2541,69.65) ;
#2668=CYLINDRICAL_SURFACE('generated cylinder',#2667,4.) ;
#3136=CYLINDRICAL_SURFACE('generated cylinder',#3135,15.0100799465) ;
#3206=CYLINDRICAL_SURFACE('generated cylinder',#3205,15.0100799465) ;
#3308=CYLINDRICAL_SURFACE('generated cylinder',#3307,5.5) ;
#3365=CYLINDRICAL_SURFACE('generated cylinder',#3364,20.) ;
#4051=CYLINDRICAL_SURFACE('generated cylinder',#4050,22.4) ;
#4108=CYLINDRICAL_SURFACE('generated cylinder',#4107,25.4) ;
#4255=CYLINDRICAL_SURFACE('generated cylinder',#4254,4.188) ;
#4336=CYLINDRICAL_SURFACE('generated cylinder',#4335,19.1) ;
#5246=CYLINDRICAL_SURFACE('generated cylinder',#5245,8.25) ;
#5289=CYLINDRICAL_SURFACE('generated cylinder',#5288,25.4) ;
#5585=CYLINDRICAL_SURFACE('generated cylinder',#5584,5.) ;
#5681=CYLINDRICAL_SURFACE('generated cylinder',#5680,4.25) ;
#5790=CYLINDRICAL_SURFACE('generated cylinder',#5789,2.) ;
#5878=CYLINDRICAL_SURFACE('generated cylinder',#5877,2.) ;
#5940=CYLINDRICAL_SURFACE('generated cylinder',#5939,2.) ;
#6024=CYLINDRICAL_SURFACE('generated cylinder',#6023,2.) ;
#6086=CYLINDRICAL_SURFACE('generated cylinder',#6085,2.) ;
#6170=CYLINDRICAL_SURFACE('generated cylinder',#6169,10.5) ;
#6263=CYLINDRICAL_SURFACE('generated cylinder',#6262,3.) ;
#6330=CYLINDRICAL_SURFACE('generated cylinder',#6329,3.) ;
#6378=CYLINDRICAL_SURFACE('generated cylinder',#6377,6.) ;
#6395=CYLINDRICAL_SURFACE('generated cylinder',#6394,6.) ;
#6443=CYLINDRICAL_SURFACE('generated cylinder',#6442,6.) ;
#6477=CYLINDRICAL_SURFACE('generated cylinder',#6476,6.) ;
#6839=CYLINDRICAL_SURFACE('generated cylinder',#6838,1.) ;
#6887=CYLINDRICAL_SURFACE('generated cylinder',#6886,1.) ;
#6935=CYLINDRICAL_SURFACE('generated cylinder',#6934,1.) ;
#6959=CYLINDRICAL_SURFACE('generated cylinder',#6958,1.) ;
#7007=CYLINDRICAL_SURFACE('generated cylinder',#7006,1.) ;
#7055=CYLINDRICAL_SURFACE('generated cylinder',#7054,1.) ;
#7146=CYLINDRICAL_SURFACE('generated cylinder',#7145,2.) ;
#7242=CYLINDRICAL_SURFACE('generated cylinder',#7241,2.) ;
#7316=CYLINDRICAL_SURFACE('generated cylinder',#7315,16.) ;
#7373=CYLINDRICAL_SURFACE('generated cylinder',#7372,19.) ;
#7520=CYLINDRICAL_SURFACE('generated cylinder',#7519,19.) ;
#7793=CYLINDRICAL_SURFACE('generated cylinder',#7792,21.85) ;
#8032=CYLINDRICAL_SURFACE('generated cylinder',#8031,6.) ;
#8163=CYLINDRICAL_SURFACE('generated cylinder',#8162,4.75) ;
#8255=CYLINDRICAL_SURFACE('generated cylinder',#8254,8.5) ;
#8452=CYLINDRICAL_SURFACE('generated cylinder',#8451,11.4) ;
#8703=CYLINDRICAL_SURFACE('generated cylinder',#8702,25.) ;
#8734=CYLINDRICAL_SURFACE('generated cylinder',#8733,1.) ;
#8758=CYLINDRICAL_SURFACE('generated cylinder',#8757,16.) ;
#8782=CYLINDRICAL_SURFACE('generated cylinder',#8781,1.) ;
#8825=CYLINDRICAL_SURFACE('generated cylinder',#8824,1.) ;
#8849=CYLINDRICAL_SURFACE('generated cylinder',#8848,16.) ;
#8873=CYLINDRICAL_SURFACE('generated cylinder',#8872,1.) ;
#8935=CYLINDRICAL_SURFACE('generated cylinder',#8934,1.) ;
#8959=CYLINDRICAL_SURFACE('generated cylinder',#8958,16.) ;
#8983=CYLINDRICAL_SURFACE('generated cylinder',#8982,1.) ;
#9026=CYLINDRICAL_SURFACE('generated cylinder',#9025,1.) ;
#9050=CYLINDRICAL_SURFACE('generated cylinder',#9049,16.) ;
#9074=CYLINDRICAL_SURFACE('generated cylinder',#9073,1.) ;
#9117=CYLINDRICAL_SURFACE('generated cylinder',#9116,1.) ;
#9141=CYLINDRICAL_SURFACE('generated cylinder',#9140,16.) ;
#9165=CYLINDRICAL_SURFACE('generated cylinder',#9164,1.) ;
#10135=CYLINDRICAL_SURFACE('generated cylinder',#10134,6.5) ;
#10192=CYLINDRICAL_SURFACE('generated cylinder',#10191,11.8) ;
#10309=CYLINDRICAL_SURFACE('generated cylinder',#10308,6.) ;
#10394=CYLINDRICAL_SURFACE('generated cylinder',#10393,11.4) ;
#10617=CYLINDRICAL_SURFACE('generated cylinder',#10616,1.) ;
#10648=CYLINDRICAL_SURFACE('generated cylinder',#10647,16.) ;
#10672=CYLINDRICAL_SURFACE('generated cylinder',#10671,1.) ;
#10696=CYLINDRICAL_SURFACE('generated cylinder',#10695,25.) ;
#10720=CYLINDRICAL_SURFACE('generated cylinder',#10719,1.) ;
#10770=CYLINDRICAL_SURFACE('generated cylinder',#10769,16.) ;
#10794=CYLINDRICAL_SURFACE('generated cylinder',#10793,1.) ;
#10830=CYLINDRICAL_SURFACE('generated cylinder',#10829,1.) ;
#10854=CYLINDRICAL_SURFACE('generated cylinder',#10853,16.) ;
#10878=CYLINDRICAL_SURFACE('generated cylinder',#10877,1.) ;
#10921=CYLINDRICAL_SURFACE('generated cylinder',#10920,1.) ;
#10945=CYLINDRICAL_SURFACE('generated cylinder',#10944,16.) ;
#10969=CYLINDRICAL_SURFACE('generated cylinder',#10968,1.) ;
#11012=CYLINDRICAL_SURFACE('generated cylinder',#11011,1.) ;
#11055=CYLINDRICAL_SURFACE('generated cylinder',#11054,16.) ;
#11179=CYLINDRICAL_SURFACE('generated cylinder',#11178,1.) ;
#12530=CYLINDRICAL_SURFACE('generated cylinder',#12529,85.) ;
#12585=CYLINDRICAL_SURFACE('generated cylinder',#12584,30.) ;
#12657=CYLINDRICAL_SURFACE('generated cylinder',#12656,30.) ;
#12748=CYLINDRICAL_SURFACE('generated cylinder',#12747,8.125) ;
#12839=CYLINDRICAL_SURFACE('generated cylinder',#12838,30.) ;
#12911=CYLINDRICAL_SURFACE('generated cylinder',#12910,30.) ;
#12959=CYLINDRICAL_SURFACE('generated cylinder',#12958,85.) ;
#13007=CYLINDRICAL_SURFACE('generated cylinder',#13006,30.) ;
#13079=CYLINDRICAL_SURFACE('generated cylinder',#13078,30.) ;
#13120=CYLINDRICAL_SURFACE('generated cylinder',#13119,13.5) ;
#13166=CYLINDRICAL_SURFACE('generated cylinder',#13165,25.75) ;
#13209=CYLINDRICAL_SURFACE('generated cylinder',#13208,25.75) ;
#13252=CYLINDRICAL_SURFACE('generated cylinder',#13251,16.15) ;
#13295=CYLINDRICAL_SURFACE('generated cylinder',#13294,16.15) ;
#13338=CYLINDRICAL_SURFACE('generated cylinder',#13337,16.15) ;
#13381=CYLINDRICAL_SURFACE('generated cylinder',#13380,16.15) ;
#13424=CYLINDRICAL_SURFACE('generated cylinder',#13423,16.15) ;
#13574=CYLINDRICAL_SURFACE('generated cylinder',#13573,6.45) ;
#13617=CYLINDRICAL_SURFACE('generated cylinder',#13616,6.45) ;
#14379=CYLINDRICAL_SURFACE('generated cylinder',#14378,5.) ;
#14596=CYLINDRICAL_SURFACE('generated cylinder',#14595,6.) ;
#14653=CYLINDRICAL_SURFACE('generated cylinder',#14652,10.) ;
#15571=CYLINDRICAL_SURFACE('generated cylinder',#15570,4.25) ;
#15846=CYLINDRICAL_SURFACE('generated cylinder',#15845,5.) ;
#5971=DEGENERATE_TOROIDAL_SURFACE('homeo Torus',#5970,1.,2.,.T.) ;
#5993=DEGENERATE_TOROIDAL_SURFACE('homeo Torus',#5992,1.,2.,.T.) ;
#7659=DEGENERATE_TOROIDAL_SURFACE('homeo Torus',#7658,6.85,15.,.T.) ;
#218=TOROIDAL_SURFACE('homeo Torus',#217,69.65,2.) ;
#1893=TOROIDAL_SURFACE('homeo Torus',#1892,69.65,4.91509433962) ;
#3594=TOROIDAL_SURFACE('homeo Torus',#3593,27.551912121,1.) ;
#3959=TOROIDAL_SURFACE('homeo Torus',#3958,28.9595606052,5.) ;
#3976=TOROIDAL_SURFACE('homeo Torus',#3975,28.9595606052,5.) ;
#4425=TOROIDAL_SURFACE('homeo Torus',#4424,21.3178129694,1.) ;
#4456=TOROIDAL_SURFACE('homeo Torus',#4455,21.3178129694,1.) ;
#4704=TOROIDAL_SURFACE('homeo Torus',#4703,27.8391687391,1.) ;
#4783=TOROIDAL_SURFACE('homeo Torus',#4782,27.8391687391,1.) ;
#5332=TOROIDAL_SURFACE('homeo Torus',#5331,7.25,1.) ;
#5363=TOROIDAL_SURFACE('homeo Torus',#5362,7.25,1.) ;
#5404=TOROIDAL_SURFACE('homeo Torus',#5403,9.08366882598,1.) ;
#5426=TOROIDAL_SURFACE('homeo Torus',#5425,9.08366882598,1.) ;
#5838=TOROIDAL_SURFACE('homeo Torus',#5837,8.,2.) ;
#5909=TOROIDAL_SURFACE('homeo Torus',#5908,8.,2.) ;
#6055=TOROIDAL_SURFACE('homeo Torus',#6054,8.,2.) ;
#6117=TOROIDAL_SURFACE('homeo Torus',#6116,8.,2.) ;
#6148=TOROIDAL_SURFACE('homeo Torus',#6147,8.5,2.) ;
#6531=TOROIDAL_SURFACE('homeo Torus',#6530,7.,1.) ;
#6571=TOROIDAL_SURFACE('homeo Torus',#6570,7.,1.) ;
#6699=TOROIDAL_SURFACE('homeo Torus',#6698,7.,1.) ;
#6727=TOROIDAL_SURFACE('homeo Torus',#6726,7.,1.) ;
#6827=TOROIDAL_SURFACE('homeo Torus',#6826,9.5,1.) ;
#6863=TOROIDAL_SURFACE('homeo Torus',#6862,7.,1.) ;
#6911=TOROIDAL_SURFACE('homeo Torus',#6910,2.,1.) ;
#6983=TOROIDAL_SURFACE('homeo Torus',#6982,2.,1.) ;
#7031=TOROIDAL_SURFACE('homeo Torus',#7030,7.,1.) ;
#7611=TOROIDAL_SURFACE('homeo Torus',#7610,5.97689597707,1.) ;
#7642=TOROIDAL_SURFACE('homeo Torus',#7641,5.97689597707,1.) ;
#7759=TOROIDAL_SURFACE('homeo Torus',#7758,10.8574898295,1.) ;
#7781=TOROIDAL_SURFACE('homeo Torus',#7780,10.8574898295,1.) ;
#7864=TOROIDAL_SURFACE('homeo Torus',#7863,20.85,1.) ;
#7886=TOROIDAL_SURFACE('homeo Torus',#7885,20.85,1.) ;
#9182=TOROIDAL_SURFACE('homeo Torus',#9181,22.,3.) ;
#9282=TOROIDAL_SURFACE('homeo Torus',#9281,19.,3.) ;
#9372=TOROIDAL_SURFACE('homeo Torus',#9371,22.,3.) ;
#9462=TOROIDAL_SURFACE('homeo Torus',#9461,19.,3.) ;
#9552=TOROIDAL_SURFACE('homeo Torus',#9551,22.,3.) ;
#9651=TOROIDAL_SURFACE('homeo Torus',#9650,19.,3.) ;
#9741=TOROIDAL_SURFACE('homeo Torus',#9740,22.,3.) ;
#9831=TOROIDAL_SURFACE('homeo Torus',#9830,19.,3.) ;
#9921=TOROIDAL_SURFACE('homeo Torus',#9920,22.,3.) ;
#10011=TOROIDAL_SURFACE('homeo Torus',#10010,19.,3.) ;
#11196=TOROIDAL_SURFACE('homeo Torus',#11195,22.,3.) ;
#11224=TOROIDAL_SURFACE('homeo Torus',#11223,19.,3.) ;
#11252=TOROIDAL_SURFACE('homeo Torus',#11251,22.,3.) ;
#11280=TOROIDAL_SURFACE('homeo Torus',#11279,19.,3.) ;
#11308=TOROIDAL_SURFACE('homeo Torus',#11307,22.,3.) ;
#11336=TOROIDAL_SURFACE('homeo Torus',#11335,19.,3.) ;
#11364=TOROIDAL_SURFACE('homeo Torus',#11363,19.,3.) ;
#11392=TOROIDAL_SURFACE('homeo Torus',#11391,22.,3.) ;
#11420=TOROIDAL_SURFACE('homeo Torus',#11419,19.,3.) ;
#11918=TOROIDAL_SURFACE('homeo Torus',#11917,22.,3.) ;
#4038=DRAUGHTING_PRE_DEFINED_COLOUR('white') ;
#7996=DRAUGHTING_PRE_DEFINED_COLOUR('blue') ;
#54=EDGE_CURVE('',#51,#53,#49,.F.) ;
#61=EDGE_CURVE('',#51,#60,#58,.F.) ;
#68=EDGE_CURVE('',#67,#60,#65,.T.) ;
#73=EDGE_CURVE('',#53,#67,#72,.F.) ;
#92=EDGE_CURVE('',#51,#91,#89,.T.) ;
#102=EDGE_CURVE('',#91,#101,#93,.T.) ;
#109=EDGE_CURVE('',#101,#108,#106,.T.) ;
#122=EDGE_CURVE('',#121,#108,#110,.T.) ;
#129=EDGE_CURVE('',#128,#121,#126,.T.) ;
#134=EDGE_CURVE('',#60,#128,#133,.T.) ;
#152=EDGE_CURVE('',#149,#151,#147,.T.) ;
#157=EDGE_CURVE('',#151,#149,#156,.T.) ;
#174=EDGE_CURVE('',#108,#173,#171,.F.) ;
#187=EDGE_CURVE('',#186,#101,#175,.T.) ;
#200=EDGE_CURVE('',#186,#199,#188,.T.) ;
#205=EDGE_CURVE('',#173,#199,#204,.F.) ;
#228=EDGE_CURVE('',#225,#227,#219,.T.) ;
#237=EDGE_CURVE('',#236,#227,#229,.T.) ;
#245=EDGE_CURVE('',#244,#236,#238,.T.) ;
#252=EDGE_CURVE('',#244,#251,#249,.T.) ;
#260=EDGE_CURVE('',#251,#259,#253,.T.) ;
#270=EDGE_CURVE('',#259,#269,#261,.T.) ;
#278=EDGE_CURVE('',#277,#269,#271,.T.) ;
#285=EDGE_CURVE('',#277,#284,#282,.T.) ;
#293=EDGE_CURVE('',#284,#292,#286,.T.) ;
#302=EDGE_CURVE('',#301,#292,#294,.T.) ;
#309=EDGE_CURVE('',#308,#301,#306,.T.) ;
#316=EDGE_CURVE('',#315,#308,#313,.T.) ;
#321=EDGE_CURVE('',#315,#186,#320,.T.) ;
#326=EDGE_CURVE('',#91,#225,#325,.T.) ;
#357=EDGE_CURVE('',#149,#356,#354,.F.) ;
#364=EDGE_CURVE('',#151,#363,#361,.F.) ;
#369=EDGE_CURVE('',#363,#356,#368,.F.) ;
#381=EDGE_CURVE('',#356,#363,#380,.F.) ;
#398=EDGE_CURVE('',#395,#397,#389,.T.) ;
#407=EDGE_CURVE('',#397,#406,#399,.T.) ;
#415=EDGE_CURVE('',#414,#406,#408,.T.) ;
#422=EDGE_CURVE('',#414,#421,#419,.T.) ;
#428=EDGE_CURVE('',#421,#199,#423,.T.) ;
#433=EDGE_CURVE('',#308,#315,#432,.T.) ;
#442=EDGE_CURVE('',#301,#441,#434,.T.) ;
#450=EDGE_CURVE('',#449,#441,#443,.T.) ;
#457=EDGE_CURVE('',#449,#456,#454,.T.) ;
#465=EDGE_CURVE('',#456,#464,#458,.T.) ;
#475=EDGE_CURVE('',#464,#474,#466,.T.) ;
#483=EDGE_CURVE('',#482,#474,#476,.T.) ;
#488=EDGE_CURVE('',#482,#395,#487,.T.) ;
#519=EDGE_CURVE('',#518,#225,#516,.T.) ;
#524=EDGE_CURVE('',#91,#518,#523,.T.) ;
#539=EDGE_CURVE('',#536,#538,#534,.F.) ;
#544=EDGE_CURVE('',#269,#536,#543,.F.) ;
#549=EDGE_CURVE('',#538,#259,#548,.F.) ;
#570=EDGE_CURVE('',#567,#569,#565,.F.) ;
#577=EDGE_CURVE('',#567,#576,#574,.T.) ;
#588=EDGE_CURVE('',#576,#538,#578,.T.) ;
#595=EDGE_CURVE('',#594,#251,#592,.T.) ;
#600=EDGE_CURVE('',#594,#569,#599,.T.) ;
#618=EDGE_CURVE('',#615,#617,#613,.T.) ;
#623=EDGE_CURVE('',#617,#615,#622,.T.) ;
#635=EDGE_CURVE('',#634,#244,#632,.T.) ;
#640=EDGE_CURVE('',#634,#251,#639,.T.) ;
#655=EDGE_CURVE('',#652,#654,#650,.F.) ;
#660=EDGE_CURVE('',#474,#652,#659,.T.) ;
#665=EDGE_CURVE('',#654,#464,#664,.T.) ;
#679=EDGE_CURVE('',#678,#397,#676,.F.) ;
#686=EDGE_CURVE('',#685,#678,#683,.T.) ;
#693=EDGE_CURVE('',#692,#685,#690,.T.) ;
#700=EDGE_CURVE('',#699,#692,#697,.T.) ;
#707=EDGE_CURVE('',#706,#699,#704,.F.) ;
#714=EDGE_CURVE('',#713,#706,#711,.T.) ;
#721=EDGE_CURVE('',#720,#713,#718,.T.) ;
#728=EDGE_CURVE('',#727,#720,#725,.T.) ;
#733=EDGE_CURVE('',#406,#727,#732,.T.) ;
#760=EDGE_CURVE('',#757,#759,#755,.T.) ;
#767=EDGE_CURVE('',#766,#759,#764,.T.) ;
#774=EDGE_CURVE('',#773,#766,#771,.T.) ;
#779=EDGE_CURVE('',#773,#757,#778,.T.) ;
#801=EDGE_CURVE('',#800,#576,#792,.T.) ;
#808=EDGE_CURVE('',#807,#567,#805,.T.) ;
#813=EDGE_CURVE('',#807,#800,#812,.T.) ;
#827=EDGE_CURVE('',#826,#594,#824,.F.) ;
#834=EDGE_CURVE('',#826,#833,#831,.F.) ;
#839=EDGE_CURVE('',#569,#833,#838,.T.) ;
#863=EDGE_CURVE('',#860,#862,#852,.T.) ;
#870=EDGE_CURVE('',#869,#862,#867,.T.) ;
#877=EDGE_CURVE('',#876,#869,#874,.T.) ;
#882=EDGE_CURVE('',#876,#860,#881,.T.) ;
#903=EDGE_CURVE('',#900,#902,#898,.T.) ;
#910=EDGE_CURVE('',#902,#909,#907,.T.) ;
#917=EDGE_CURVE('',#916,#909,#914,.T.) ;
#922=EDGE_CURVE('',#900,#916,#921,.T.) ;
#934=EDGE_CURVE('',#909,#902,#933,.T.) ;
#939=EDGE_CURVE('',#916,#900,#938,.T.) ;
#958=EDGE_CURVE('',#957,#757,#955,.T.) ;
#965=EDGE_CURVE('',#964,#773,#962,.T.) ;
#970=EDGE_CURVE('',#964,#957,#969,.T.) ;
#989=EDGE_CURVE('',#988,#807,#986,.F.) ;
#995=EDGE_CURVE('',#800,#988,#990,.T.) ;
#1014=EDGE_CURVE('',#1013,#860,#1007,.T.) ;
#1019=EDGE_CURVE('',#1013,#876,#1018,.T.) ;
#1037=EDGE_CURVE('',#1036,#957,#1034,.T.) ;
#1044=EDGE_CURVE('',#1043,#964,#1041,.T.) ;
#1049=EDGE_CURVE('',#1043,#1036,#1048,.T.) ;
#1068=EDGE_CURVE('',#1067,#1036,#1065,.F.) ;
#1075=EDGE_CURVE('',#1074,#1043,#1072,.F.) ;
#1080=EDGE_CURVE('',#1074,#1067,#1079,.T.) ;
#1099=EDGE_CURVE('',#1098,#1067,#1096,.T.) ;
#1106=EDGE_CURVE('',#1105,#1074,#1103,.T.) ;
#1111=EDGE_CURVE('',#1105,#1098,#1110,.T.) ;
#1130=EDGE_CURVE('',#1129,#1098,#1127,.F.) ;
#1137=EDGE_CURVE('',#1136,#1105,#1134,.F.) ;
#1142=EDGE_CURVE('',#1136,#1129,#1141,.T.) ;
#1161=EDGE_CURVE('',#1160,#1129,#1158,.T.) ;
#1168=EDGE_CURVE('',#1167,#1136,#1165,.T.) ;
#1173=EDGE_CURVE('',#1167,#1160,#1172,.T.) ;
#1194=EDGE_CURVE('',#1191,#1193,#1189,.T.) ;
#1201=EDGE_CURVE('',#1200,#1193,#1198,.T.) ;
#1208=EDGE_CURVE('',#1207,#1200,#1205,.T.) ;
#1213=EDGE_CURVE('',#1207,#1191,#1212,.T.) ;
#1232=EDGE_CURVE('',#1231,#1191,#1229,.F.) ;
#1239=EDGE_CURVE('',#1238,#1207,#1236,.F.) ;
#1244=EDGE_CURVE('',#1238,#1231,#1243,.T.) ;
#1263=EDGE_CURVE('',#1262,#1231,#1260,.T.) ;
#1270=EDGE_CURVE('',#1269,#1238,#1267,.T.) ;
#1275=EDGE_CURVE('',#1269,#1262,#1274,.T.) ;
#1289=EDGE_CURVE('',#1288,#1262,#1286,.F.) ;
#1296=EDGE_CURVE('',#1295,#1269,#1293,.F.) ;
#1301=EDGE_CURVE('',#1295,#1288,#1300,.T.) ;
#1320=EDGE_CURVE('',#1319,#1288,#1317,.T.) ;
#1327=EDGE_CURVE('',#1326,#1295,#1324,.T.) ;
#1332=EDGE_CURVE('',#1326,#1319,#1331,.T.) ;
#1351=EDGE_CURVE('',#1350,#1319,#1348,.F.) ;
#1358=EDGE_CURVE('',#1357,#1326,#1355,.F.) ;
#1363=EDGE_CURVE('',#1357,#1350,#1362,.T.) ;
#1382=EDGE_CURVE('',#1381,#1350,#1379,.T.) ;
#1389=EDGE_CURVE('',#1388,#1357,#1386,.T.) ;
#1394=EDGE_CURVE('',#1388,#1381,#1393,.T.) ;
#1408=EDGE_CURVE('',#1407,#988,#1405,.F.) ;
#1415=EDGE_CURVE('',#1407,#1414,#1412,.T.) ;
#1421=EDGE_CURVE('',#988,#1414,#1416,.T.) ;
#1435=EDGE_CURVE('',#1434,#1013,#1428,.T.) ;
#1442=EDGE_CURVE('',#1441,#1013,#1439,.T.) ;
#1447=EDGE_CURVE('',#1441,#1434,#1446,.T.) ;
#1467=EDGE_CURVE('',#1464,#1466,#1462,.T.) ;
#1474=EDGE_CURVE('',#1464,#1473,#1471,.T.) ;
#1481=EDGE_CURVE('',#1473,#1480,#1478,.T.) ;
#1486=EDGE_CURVE('',#1466,#1480,#1485,.T.) ;
#1498=EDGE_CURVE('',#1466,#1464,#1497,.T.) ;
#1503=EDGE_CURVE('',#1480,#1473,#1502,.T.) ;
#1524=EDGE_CURVE('',#1521,#1523,#1519,.T.) ;
#1529=EDGE_CURVE('',#1523,#1521,#1528,.T.) ;
#1550=EDGE_CURVE('',#1521,#1549,#1547,.T.) ;
#1557=EDGE_CURVE('',#1549,#1556,#1554,.T.) ;
#1562=EDGE_CURVE('',#1523,#1556,#1561,.T.) ;
#1574=EDGE_CURVE('',#1556,#1549,#1573,.T.) ;
#1595=EDGE_CURVE('',#1592,#1594,#1590,.T.) ;
#1600=EDGE_CURVE('',#1594,#1592,#1599,.T.) ;
#1621=EDGE_CURVE('',#1592,#1620,#1618,.T.) ;
#1628=EDGE_CURVE('',#1620,#1627,#1625,.T.) ;
#1633=EDGE_CURVE('',#1594,#1627,#1632,.T.) ;
#1645=EDGE_CURVE('',#1627,#1620,#1644,.T.) ;
#1666=EDGE_CURVE('',#1663,#1665,#1661,.T.) ;
#1671=EDGE_CURVE('',#1665,#1663,#1670,.T.) ;
#1684=EDGE_CURVE('',#1681,#1683,#1679,.T.) ;
#1689=EDGE_CURVE('',#1683,#1681,#1688,.T.) ;
#1702=EDGE_CURVE('',#1699,#1701,#1697,.T.) ;
#1707=EDGE_CURVE('',#1701,#1699,#1706,.T.) ;
#1728=EDGE_CURVE('',#1663,#1727,#1725,.T.) ;
#1735=EDGE_CURVE('',#1727,#1734,#1732,.T.) ;
#1740=EDGE_CURVE('',#1665,#1734,#1739,.T.) ;
#1752=EDGE_CURVE('',#1734,#1727,#1751,.T.) ;
#1773=EDGE_CURVE('',#1770,#1772,#1768,.T.) ;
#1778=EDGE_CURVE('',#1772,#1770,#1777,.T.) ;
#1801=EDGE_CURVE('',#1798,#1800,#1796,.T.) ;
#1806=EDGE_CURVE('',#1800,#1798,#1805,.T.) ;
#1820=EDGE_CURVE('',#1817,#1819,#1815,.T.) ;
#1825=EDGE_CURVE('',#1819,#1817,#1824,.T.) ;
#1840=EDGE_CURVE('',#1817,#1699,#1839,.F.) ;
#1845=EDGE_CURVE('',#1819,#1701,#1844,.F.) ;
#1869=EDGE_CURVE('',#1800,#1681,#1868,.F.) ;
#1874=EDGE_CURVE('',#1798,#1683,#1873,.F.) ;
#1900=EDGE_CURVE('',#1770,#1899,#1897,.T.) ;
#1907=EDGE_CURVE('',#1899,#1906,#1904,.T.) ;
#1912=EDGE_CURVE('',#1772,#1906,#1911,.T.) ;
#1934=EDGE_CURVE('',#1434,#1933,#1925,.T.) ;
#1941=EDGE_CURVE('',#1940,#1441,#1938,.T.) ;
#1946=EDGE_CURVE('',#1940,#1933,#1945,.T.) ;
#1968=EDGE_CURVE('',#1414,#1967,#1959,.T.) ;
#1975=EDGE_CURVE('',#1974,#1407,#1972,.T.) ;
#1980=EDGE_CURVE('',#1974,#1967,#1979,.T.) ;
#1992=EDGE_CURVE('',#1906,#1899,#1991,.T.) ;
#2013=EDGE_CURVE('',#2010,#2012,#2008,.T.) ;
#2020=EDGE_CURVE('',#2019,#2012,#2017,.F.) ;
#2027=EDGE_CURVE('',#2026,#2019,#2024,.T.) ;
#2032=EDGE_CURVE('',#2026,#2010,#2031,.F.) ;
#2044=EDGE_CURVE('',#2012,#2019,#2043,.F.) ;
#2049=EDGE_CURVE('',#2010,#2026,#2048,.F.) ;
#2071=EDGE_CURVE('',#2068,#2070,#2062,.T.) ;
#2078=EDGE_CURVE('',#2077,#2070,#2075,.T.) ;
#2083=EDGE_CURVE('',#2068,#2077,#2082,.T.) ;
#2104=EDGE_CURVE('',#2070,#2103,#2095,.T.) ;
#2111=EDGE_CURVE('',#2110,#2103,#2108,.T.) ;
#2116=EDGE_CURVE('',#2077,#2110,#2115,.T.) ;
#2131=EDGE_CURVE('',#2130,#2068,#2124,.T.) ;
#2138=EDGE_CURVE('',#2137,#2068,#2135,.T.) ;
#2143=EDGE_CURVE('',#2137,#2130,#2142,.T.) ;
#2163=EDGE_CURVE('',#2160,#2162,#2158,.F.) ;
#2170=EDGE_CURVE('',#2169,#2160,#2167,.F.) ;
#2177=EDGE_CURVE('',#2169,#2176,#2174,.F.) ;
#2182=EDGE_CURVE('',#2176,#2162,#2181,.F.) ;
#2194=EDGE_CURVE('',#2160,#2169,#2193,.F.) ;
#2199=EDGE_CURVE('',#2162,#2176,#2198,.F.) ;
#2218=EDGE_CURVE('',#2217,#678,#2215,.T.) ;
#2225=EDGE_CURVE('',#2224,#2217,#2222,.T.) ;
#2230=EDGE_CURVE('',#2224,#685,#2229,.T.) ;
#2249=EDGE_CURVE('',#2248,#2224,#2246,.T.) ;
#2254=EDGE_CURVE('',#2248,#692,#2253,.T.) ;
#2273=EDGE_CURVE('',#2272,#2248,#2270,.T.) ;
#2278=EDGE_CURVE('',#2272,#699,#2277,.T.) ;
#2292=EDGE_CURVE('',#2291,#2272,#2289,.F.) ;
#2297=EDGE_CURVE('',#2291,#706,#2296,.T.) ;
#2316=EDGE_CURVE('',#2315,#2291,#2313,.T.) ;
#2321=EDGE_CURVE('',#2315,#713,#2320,.T.) ;
#2340=EDGE_CURVE('',#2339,#2315,#2337,.T.) ;
#2345=EDGE_CURVE('',#2339,#720,#2344,.T.) ;
#2364=EDGE_CURVE('',#2363,#2339,#2361,.T.) ;
#2369=EDGE_CURVE('',#2363,#727,#2368,.T.) ;
#2389=EDGE_CURVE('',#1933,#652,#2382,.T.) ;
#2397=EDGE_CURVE('',#862,#654,#2390,.T.) ;
#2414=EDGE_CURVE('',#615,#2413,#2411,.T.) ;
#2421=EDGE_CURVE('',#2420,#2413,#2418,.F.) ;
#2426=EDGE_CURVE('',#617,#2420,#2425,.T.) ;
#2438=EDGE_CURVE('',#2413,#2420,#2437,.F.) ;
#2455=EDGE_CURVE('',#826,#634,#2454,.T.) ;
#2470=EDGE_CURVE('',#1967,#536,#2463,.T.) ;
#2494=EDGE_CURVE('',#2491,#2493,#2489,.F.) ;
#2501=EDGE_CURVE('',#2500,#2491,#2498,.F.) ;
#2508=EDGE_CURVE('',#2500,#2507,#2505,.F.) ;
#2513=EDGE_CURVE('',#2507,#2493,#2512,.F.) ;
#2525=EDGE_CURVE('',#2491,#2500,#2524,.F.) ;
#2530=EDGE_CURVE('',#2493,#2507,#2529,.F.) ;
#2547=EDGE_CURVE('',#1899,#308,#2546,.F.) ;
#2552=EDGE_CURVE('',#1906,#315,#2551,.F.) ;
#2564=EDGE_CURVE('',#1193,#227,#2563,.F.) ;
#2569=EDGE_CURVE('',#236,#1381,#2568,.T.) ;
#2592=EDGE_CURVE('',#833,#1388,#2591,.T.) ;
#2611=EDGE_CURVE('',#759,#292,#2610,.T.) ;
#2616=EDGE_CURVE('',#441,#1160,#2615,.F.) ;
#2645=EDGE_CURVE('',#2130,#121,#2638,.T.) ;
#2653=EDGE_CURVE('',#2103,#173,#2646,.T.) ;
#2673=EDGE_CURVE('',#128,#2137,#2672,.T.) ;
#2690=EDGE_CURVE('',#53,#518,#2689,.T.) ;
#2695=EDGE_CURVE('',#1200,#67,#2694,.F.) ;
#2730=EDGE_CURVE('',#2727,#2729,#2725,.T.) ;
#2735=EDGE_CURVE('',#2729,#1974,#2734,.F.) ;
#2742=EDGE_CURVE('',#2110,#2741,#2739,.F.) ;
#2749=EDGE_CURVE('',#2741,#2748,#2746,.T.) ;
#2754=EDGE_CURVE('',#2748,#2363,#2753,.T.) ;
#2761=EDGE_CURVE('',#2217,#2760,#2758,.F.) ;
#2768=EDGE_CURVE('',#2760,#2767,#2765,.T.) ;
#2773=EDGE_CURVE('',#2767,#1940,#2772,.T.) ;
#2780=EDGE_CURVE('',#869,#2779,#2777,.T.) ;
#2787=EDGE_CURVE('',#2779,#2786,#2784,.T.) ;
#2792=EDGE_CURVE('',#2786,#1167,#2791,.F.) ;
#2797=EDGE_CURVE('',#766,#2727,#2796,.T.) ;
#2867=EDGE_CURVE('',#2866,#421,#2864,.T.) ;
#2872=EDGE_CURVE('',#2866,#2741,#2871,.T.) ;
#2898=EDGE_CURVE('',#2897,#277,#2895,.T.) ;
#2903=EDGE_CURVE('',#2897,#2729,#2902,.F.) ;
#2929=EDGE_CURVE('',#2928,#2767,#2926,.T.) ;
#2934=EDGE_CURVE('',#2928,#482,#2933,.T.) ;
#2960=EDGE_CURVE('',#2959,#2786,#2957,.F.) ;
#2967=EDGE_CURVE('',#2959,#2966,#2964,.T.) ;
#2972=EDGE_CURVE('',#2966,#449,#2971,.T.) ;
#2998=EDGE_CURVE('',#2997,#2748,#2995,.T.) ;
#3005=EDGE_CURVE('',#2997,#3004,#3002,.T.) ;
#3010=EDGE_CURVE('',#3004,#414,#3009,.T.) ;
#3036=EDGE_CURVE('',#3035,#395,#3033,.T.) ;
#3043=EDGE_CURVE('',#3042,#3035,#3040,.T.) ;
#3048=EDGE_CURVE('',#3042,#2760,#3047,.T.) ;
#3074=EDGE_CURVE('',#3073,#2779,#3071,.F.) ;
#3079=EDGE_CURVE('',#3073,#456,#3078,.T.) ;
#3105=EDGE_CURVE('',#3104,#284,#3102,.T.) ;
#3112=EDGE_CURVE('',#3111,#3104,#3109,.T.) ;
#3117=EDGE_CURVE('',#3111,#2727,#3116,.F.) ;
#3141=EDGE_CURVE('',#2997,#2866,#3140,.F.) ;
#3158=EDGE_CURVE('',#3004,#421,#3157,.T.) ;
#3176=EDGE_CURVE('',#2928,#3042,#3175,.F.) ;
#3188=EDGE_CURVE('',#482,#3035,#3187,.T.) ;
#3211=EDGE_CURVE('',#2959,#3073,#3210,.F.) ;
#3228=EDGE_CURVE('',#2966,#456,#3227,.T.) ;
#3246=EDGE_CURVE('',#2897,#3111,#3245,.F.) ;
#3258=EDGE_CURVE('',#277,#3104,#3257,.T.) ;
#3317=EDGE_CURVE('',#3314,#3316,#3312,.F.) ;
#3324=EDGE_CURVE('',#3323,#3314,#3321,.F.) ;
#3331=EDGE_CURVE('',#3323,#3330,#3328,.F.) ;
#3336=EDGE_CURVE('',#3330,#3316,#3335,.F.) ;
#3348=EDGE_CURVE('',#3314,#3323,#3347,.F.) ;
#3353=EDGE_CURVE('',#3316,#3330,#3352,.F.) ;
#3383=EDGE_CURVE('',#3380,#3382,#3366,.T.) ;
#3390=EDGE_CURVE('',#3389,#3382,#3387,.T.) ;
#3397=EDGE_CURVE('',#3396,#3389,#3394,.T.) ;
#3402=EDGE_CURVE('',#3396,#3380,#3401,.T.) ;
#3421=EDGE_CURVE('',#3420,#3382,#3418,.T.) ;
#3426=EDGE_CURVE('',#3389,#3420,#3425,.F.) ;
#3450=EDGE_CURVE('',#3447,#3449,#3433,.T.) ;
#3457=EDGE_CURVE('',#3456,#3447,#3454,.F.) ;
#3464=EDGE_CURVE('',#3456,#3463,#3461,.T.) ;
#3469=EDGE_CURVE('',#3463,#3449,#3468,.F.) ;
#3483=EDGE_CURVE('',#3449,#3482,#3480,.T.) ;
#3488=EDGE_CURVE('',#3463,#3482,#3487,.F.) ;
#3508=EDGE_CURVE('',#3505,#3507,#3503,.T.) ;
#3513=EDGE_CURVE('',#3507,#3505,#3512,.T.) ;
#3530=EDGE_CURVE('',#3507,#3529,#3527,.F.) ;
#3537=EDGE_CURVE('',#3529,#3536,#3534,.F.) ;
#3542=EDGE_CURVE('',#3505,#3536,#3541,.F.) ;
#3554=EDGE_CURVE('',#3536,#3529,#3553,.F.) ;
#3575=EDGE_CURVE('',#3572,#3574,#3570,.T.) ;
#3580=EDGE_CURVE('',#3574,#3572,#3579,.T.) ;
#3601=EDGE_CURVE('',#3572,#3600,#3598,.F.) ;
#3608=EDGE_CURVE('',#3600,#3607,#3605,.T.) ;
#3613=EDGE_CURVE('',#3574,#3607,#3612,.F.) ;
#3625=EDGE_CURVE('',#3607,#3600,#3624,.T.) ;
#3646=EDGE_CURVE('',#3643,#3645,#3641,.T.) ;
#3651=EDGE_CURVE('',#3645,#3456,#3650,.F.) ;
#3659=EDGE_CURVE('',#3643,#3447,#3652,.T.) ;
#3675=EDGE_CURVE('',#3672,#3674,#3670,.T.) ;
#3683=EDGE_CURVE('',#3674,#3380,#3676,.T.) ;
#3688=EDGE_CURVE('',#3672,#3396,#3687,.F.) ;
#3716=EDGE_CURVE('',#3715,#3643,#3701,.T.) ;
#3739=EDGE_CURVE('',#3715,#3674,#3717,.T.) ;
#3746=EDGE_CURVE('',#3672,#3745,#3743,.T.) ;
#3753=EDGE_CURVE('',#3745,#3752,#3750,.T.) ;
#3758=EDGE_CURVE('',#3645,#3752,#3757,.T.) ;
#3797=EDGE_CURVE('',#3794,#3796,#3774,.T.) ;
#3805=EDGE_CURVE('',#3482,#3794,#3798,.T.) ;
#3810=EDGE_CURVE('',#3796,#3752,#3809,.F.) ;
#3836=EDGE_CURVE('',#3607,#3835,#3833,.T.) ;
#3841=EDGE_CURVE('',#3600,#3715,#3840,.T.) ;
#3846=EDGE_CURVE('',#3794,#3835,#3845,.F.) ;
#3866=EDGE_CURVE('',#3420,#3865,#3859,.T.) ;
#3871=EDGE_CURVE('',#3835,#3865,#3870,.F.) ;
#3897=EDGE_CURVE('',#3894,#3896,#3892,.T.) ;
#3902=EDGE_CURVE('',#3796,#3894,#3901,.T.) ;
#3907=EDGE_CURVE('',#3896,#3745,#3906,.F.) ;
#3940=EDGE_CURVE('',#3896,#3865,#3921,.F.) ;
#3964=EDGE_CURVE('',#3835,#3894,#3963,.F.) ;
#4060=EDGE_CURVE('',#4057,#4059,#4055,.T.) ;
#4067=EDGE_CURVE('',#4057,#4066,#4064,.T.) ;
#4074=EDGE_CURVE('',#4066,#4073,#4071,.T.) ;
#4079=EDGE_CURVE('',#4059,#4073,#4078,.T.) ;
#4091=EDGE_CURVE('',#4059,#4057,#4090,.T.) ;
#4096=EDGE_CURVE('',#4073,#4066,#4095,.T.) ;
#4117=EDGE_CURVE('',#4114,#4116,#4112,.T.) ;
#4124=EDGE_CURVE('',#4114,#4123,#4121,.F.) ;
#4131=EDGE_CURVE('',#4123,#4130,#4128,.T.) ;
#4136=EDGE_CURVE('',#4116,#4130,#4135,.F.) ;
#4148=EDGE_CURVE('',#4116,#4114,#4147,.T.) ;
#4153=EDGE_CURVE('',#4130,#4123,#4152,.T.) ;
#4264=EDGE_CURVE('',#4261,#4263,#4259,.F.) ;
#4283=EDGE_CURVE('',#4261,#4282,#4265,.T.) ;
#4290=EDGE_CURVE('',#4282,#4289,#4287,.F.) ;
#4295=EDGE_CURVE('',#4263,#4289,#4294,.T.) ;
#4319=EDGE_CURVE('',#4282,#4261,#4303,.T.) ;
#4324=EDGE_CURVE('',#4289,#4263,#4323,.T.) ;
#4345=EDGE_CURVE('',#4342,#4344,#4340,.T.) ;
#4352=EDGE_CURVE('',#4342,#4351,#4349,.T.) ;
#4359=EDGE_CURVE('',#4351,#4358,#4356,.T.) ;
#4364=EDGE_CURVE('',#4344,#4358,#4363,.T.) ;
#4380=EDGE_CURVE('',#4344,#4342,#4379,.T.) ;
#4385=EDGE_CURVE('',#4358,#4351,#4384,.T.) ;
#4406=EDGE_CURVE('',#4403,#4405,#4401,.T.) ;
#4411=EDGE_CURVE('',#4405,#4403,#4410,.T.) ;
#4432=EDGE_CURVE('',#4403,#4431,#4429,.F.) ;
#4439=EDGE_CURVE('',#4431,#4438,#4436,.T.) ;
#4444=EDGE_CURVE('',#4405,#4438,#4443,.F.) ;
#4461=EDGE_CURVE('',#4438,#4431,#4460,.T.) ;
#4525=EDGE_CURVE('',#4431,#4524,#4498,.F.) ;
#4532=EDGE_CURVE('',#4524,#4531,#4529,.T.) ;
#4558=EDGE_CURVE('',#4438,#4531,#4533,.F.) ;
#4585=EDGE_CURVE('',#4582,#4584,#4565,.F.) ;
#4605=EDGE_CURVE('',#4584,#4582,#4586,.F.) ;
#4644=EDGE_CURVE('',#4531,#4524,#4643,.T.) ;
#4674=EDGE_CURVE('',#4671,#4673,#4651,.T.) ;
#4694=EDGE_CURVE('',#4673,#4671,#4675,.T.) ;
#4711=EDGE_CURVE('',#4524,#4710,#4708,.F.) ;
#4718=EDGE_CURVE('',#4710,#4717,#4715,.T.) ;
#4723=EDGE_CURVE('',#4531,#4717,#4722,.F.) ;
#4744=EDGE_CURVE('',#4741,#4743,#4739,.T.) ;
#4749=EDGE_CURVE('',#4582,#4741,#4748,.F.) ;
#4754=EDGE_CURVE('',#4584,#4743,#4753,.F.) ;
#4771=EDGE_CURVE('',#4743,#4741,#4770,.T.) ;
#4788=EDGE_CURVE('',#4717,#4710,#4787,.T.) ;
#4991=EDGE_CURVE('',#4988,#4990,#4959,.T.) ;
#4999=EDGE_CURVE('',#4990,#4671,#4992,.F.) ;
#5007=EDGE_CURVE('',#4988,#4673,#5000,.F.) ;
#5206=EDGE_CURVE('',#4990,#4988,#5178,.T.) ;
#5231=EDGE_CURVE('',#5228,#5230,#5226,.T.) ;
#5236=EDGE_CURVE('',#5230,#5228,#5235,.T.) ;
#5253=EDGE_CURVE('',#4990,#5252,#5250,.F.) ;
#5260=EDGE_CURVE('',#4988,#5259,#5257,.F.) ;
#5265=EDGE_CURVE('',#5259,#5252,#5264,.T.) ;
#5277=EDGE_CURVE('',#5252,#5259,#5276,.T.) ;
#5296=EDGE_CURVE('',#5230,#5295,#5293,.T.) ;
#5303=EDGE_CURVE('',#5295,#5302,#5300,.T.) ;
#5308=EDGE_CURVE('',#5228,#5302,#5307,.T.) ;
#5320=EDGE_CURVE('',#5302,#5295,#5319,.T.) ;
#5339=EDGE_CURVE('',#5259,#5338,#5336,.F.) ;
#5346=EDGE_CURVE('',#5338,#5345,#5343,.T.) ;
#5351=EDGE_CURVE('',#5252,#5345,#5350,.F.) ;
#5368=EDGE_CURVE('',#5345,#5338,#5367,.T.) ;
#5389=EDGE_CURVE('',#5386,#5388,#5384,.T.) ;
#5394=EDGE_CURVE('',#5388,#5386,#5393,.T.) ;
#5409=EDGE_CURVE('',#5386,#4743,#5408,.F.) ;
#5414=EDGE_CURVE('',#5388,#4741,#5413,.F.) ;
#5537=EDGE_CURVE('',#5534,#5536,#5532,.F.) ;
#5544=EDGE_CURVE('',#5534,#5543,#5541,.T.) ;
#5551=EDGE_CURVE('',#5543,#5550,#5548,.F.) ;
#5556=EDGE_CURVE('',#5536,#5550,#5555,.T.) ;
#5568=EDGE_CURVE('',#5536,#5534,#5567,.F.) ;
#5573=EDGE_CURVE('',#5550,#5543,#5572,.F.) ;
#5592=EDGE_CURVE('',#5543,#5591,#5589,.F.) ;
#5599=EDGE_CURVE('',#5591,#5598,#5596,.T.) ;
#5604=EDGE_CURVE('',#5550,#5598,#5603,.F.) ;
#5626=EDGE_CURVE('',#5598,#5591,#5625,.T.) ;
#5645=EDGE_CURVE('',#5591,#5644,#5642,.F.) ;
#5652=EDGE_CURVE('',#5644,#5651,#5649,.T.) ;
#5657=EDGE_CURVE('',#5598,#5651,#5656,.F.) ;
#5669=EDGE_CURVE('',#5651,#5644,#5668,.T.) ;
#5688=EDGE_CURVE('',#5644,#5687,#5685,.F.) ;
#5695=EDGE_CURVE('',#5687,#5694,#5692,.T.) ;
#5700=EDGE_CURVE('',#5651,#5694,#5699,.F.) ;
#5712=EDGE_CURVE('',#5694,#5687,#5711,.T.) ;
#5733=EDGE_CURVE('',#5730,#5732,#5728,.F.) ;
#5740=EDGE_CURVE('',#5739,#5730,#5737,.T.) ;
#5747=EDGE_CURVE('',#5746,#5739,#5744,.F.) ;
#5757=EDGE_CURVE('',#5756,#5746,#5748,.T.) ;
#5764=EDGE_CURVE('',#5763,#5756,#5761,.T.) ;
#5772=EDGE_CURVE('',#5732,#5763,#5765,.F.) ;
#5799=EDGE_CURVE('',#5796,#5798,#5794,.T.) ;
#5806=EDGE_CURVE('',#5798,#5805,#5803,.T.) ;
#5813=EDGE_CURVE('',#5812,#5805,#5810,.T.) ;
#5820=EDGE_CURVE('',#5819,#5812,#5817,.T.) ;
#5825=EDGE_CURVE('',#5796,#5819,#5824,.T.) ;
#5847=EDGE_CURVE('',#5844,#5846,#5842,.T.) ;
#5854=EDGE_CURVE('',#5846,#5853,#5851,.F.) ;
#5861=EDGE_CURVE('',#5860,#5853,#5858,.T.) ;
#5866=EDGE_CURVE('',#5844,#5860,#5865,.F.) ;
#5887=EDGE_CURVE('',#5884,#5886,#5882,.F.) ;
#5892=EDGE_CURVE('',#5886,#5846,#5891,.F.) ;
#5897=EDGE_CURVE('',#5884,#5844,#5896,.F.) ;
#5918=EDGE_CURVE('',#5915,#5917,#5913,.T.) ;
#5923=EDGE_CURVE('',#5917,#5886,#5922,.F.) ;
#5928=EDGE_CURVE('',#5915,#5884,#5927,.F.) ;
#5949=EDGE_CURVE('',#5946,#5948,#5944,.F.) ;
#5954=EDGE_CURVE('',#5948,#5917,#5953,.F.) ;
#5959=EDGE_CURVE('',#5946,#5915,#5958,.F.) ;
#5976=EDGE_CURVE('',#5805,#5948,#5975,.T.) ;
#5981=EDGE_CURVE('',#5812,#5946,#5980,.T.) ;
#6002=EDGE_CURVE('',#5999,#6001,#5997,.F.) ;
#6007=EDGE_CURVE('',#6001,#5798,#6006,.T.) ;
#6012=EDGE_CURVE('',#5999,#5796,#6011,.T.) ;
#6033=EDGE_CURVE('',#6030,#6032,#6028,.T.) ;
#6038=EDGE_CURVE('',#6032,#6001,#6037,.T.) ;
#6043=EDGE_CURVE('',#6030,#5999,#6042,.T.) ;
#6064=EDGE_CURVE('',#6061,#6063,#6059,.T.) ;
#6069=EDGE_CURVE('',#6063,#6032,#6068,.F.) ;
#6074=EDGE_CURVE('',#6061,#6030,#6073,.F.) ;
#6095=EDGE_CURVE('',#6092,#6094,#6090,.T.) ;
#6100=EDGE_CURVE('',#6094,#6063,#6099,.T.) ;
#6105=EDGE_CURVE('',#6092,#6061,#6104,.T.) ;
#6126=EDGE_CURVE('',#6123,#6125,#6121,.T.) ;
#6131=EDGE_CURVE('',#6125,#6094,#6130,.F.) ;
#6136=EDGE_CURVE('',#6123,#6092,#6135,.F.) ;
#6153=EDGE_CURVE('',#5853,#6125,#6152,.T.) ;
#6158=EDGE_CURVE('',#5860,#6123,#6157,.T.) ;
#6177=EDGE_CURVE('',#6123,#6176,#6174,.T.) ;
#6184=EDGE_CURVE('',#6176,#6183,#6181,.F.) ;
#6189=EDGE_CURVE('',#5860,#6183,#6188,.T.) ;
#6208=EDGE_CURVE('',#5844,#6207,#6205,.T.) ;
#6215=EDGE_CURVE('',#6207,#6214,#6212,.T.) ;
#6220=EDGE_CURVE('',#5884,#6214,#6219,.T.) ;
#6239=EDGE_CURVE('',#5999,#6238,#6236,.T.) ;
#6246=EDGE_CURVE('',#6238,#6245,#6243,.F.) ;
#6251=EDGE_CURVE('',#6030,#6245,#6250,.T.) ;
#6270=EDGE_CURVE('',#5796,#6269,#6267,.T.) ;
#6275=EDGE_CURVE('',#6269,#6238,#6274,.F.) ;
#6294=EDGE_CURVE('',#5819,#6293,#6291,.T.) ;
#6299=EDGE_CURVE('',#6293,#6269,#6298,.F.) ;
#6313=EDGE_CURVE('',#5812,#6312,#6310,.T.) ;
#6318=EDGE_CURVE('',#6312,#6293,#6317,.F.) ;
#6337=EDGE_CURVE('',#5946,#6336,#6334,.T.) ;
#6342=EDGE_CURVE('',#6336,#6312,#6341,.F.) ;
#6361=EDGE_CURVE('',#5915,#6360,#6358,.T.) ;
#6366=EDGE_CURVE('',#6360,#6336,#6365,.T.) ;
#6383=EDGE_CURVE('',#6214,#6360,#6382,.T.) ;
#6402=EDGE_CURVE('',#6245,#6401,#6399,.T.) ;
#6407=EDGE_CURVE('',#6061,#6401,#6406,.T.) ;
#6426=EDGE_CURVE('',#6401,#6425,#6423,.F.) ;
#6431=EDGE_CURVE('',#6092,#6425,#6430,.T.) ;
#6450=EDGE_CURVE('',#6183,#6449,#6447,.T.) ;
#6458=EDGE_CURVE('',#6449,#6457,#6451,.F.) ;
#6463=EDGE_CURVE('',#6457,#6207,#6462,.T.) ;
#6484=EDGE_CURVE('',#6425,#6483,#6481,.T.) ;
#6492=EDGE_CURVE('',#6483,#6491,#6485,.F.) ;
#6497=EDGE_CURVE('',#6491,#6176,#6496,.T.) ;
#6540=EDGE_CURVE('',#6537,#6539,#6535,.T.) ;
#6545=EDGE_CURVE('',#6207,#6539,#6544,.F.) ;
#6559=EDGE_CURVE('',#6537,#6457,#6546,.F.) ;
#6578=EDGE_CURVE('',#6425,#6577,#6575,.F.) ;
#6585=EDGE_CURVE('',#6577,#6584,#6582,.T.) ;
#6596=EDGE_CURVE('',#6483,#6584,#6586,.T.) ;
#6669=EDGE_CURVE('',#6449,#5732,#6659,.T.) ;
#6679=EDGE_CURVE('',#5763,#6678,#6670,.F.) ;
#6685=EDGE_CURVE('',#6678,#6537,#6680,.T.) ;
#6704=EDGE_CURVE('',#6176,#5739,#6703,.T.) ;
#6715=EDGE_CURVE('',#6491,#5746,#6705,.T.) ;
#6732=EDGE_CURVE('',#6183,#5730,#6731,.T.) ;
#6802=EDGE_CURVE('',#6584,#6801,#6795,.F.) ;
#6813=EDGE_CURVE('',#6801,#5756,#6803,.F.) ;
#6846=EDGE_CURVE('',#6401,#6845,#6843,.F.) ;
#6851=EDGE_CURVE('',#6845,#6577,#6850,.F.) ;
#6870=EDGE_CURVE('',#6245,#6869,#6867,.F.) ;
#6875=EDGE_CURVE('',#6869,#6845,#6874,.T.) ;
#6894=EDGE_CURVE('',#6238,#6893,#6891,.F.) ;
#6899=EDGE_CURVE('',#6893,#6869,#6898,.F.) ;
#6918=EDGE_CURVE('',#6269,#6917,#6915,.T.) ;
#6923=EDGE_CURVE('',#6917,#6893,#6922,.F.) ;
#6942=EDGE_CURVE('',#6293,#6941,#6939,.F.) ;
#6947=EDGE_CURVE('',#6941,#6917,#6946,.F.) ;
#6966=EDGE_CURVE('',#6312,#6965,#6963,.F.) ;
#6971=EDGE_CURVE('',#6965,#6941,#6970,.F.) ;
#6990=EDGE_CURVE('',#6336,#6989,#6987,.T.) ;
#6995=EDGE_CURVE('',#6989,#6965,#6994,.F.) ;
#7014=EDGE_CURVE('',#6360,#7013,#7011,.T.) ;
#7019=EDGE_CURVE('',#7013,#6989,#7018,.T.) ;
#7038=EDGE_CURVE('',#6214,#7037,#7035,.F.) ;
#7043=EDGE_CURVE('',#7037,#7013,#7042,.T.) ;
#7060=EDGE_CURVE('',#6539,#7037,#7059,.T.) ;
#7077=EDGE_CURVE('',#6678,#6801,#7076,.T.) ;
#7103=EDGE_CURVE('',#7100,#7102,#7098,.T.) ;
#7110=EDGE_CURVE('',#7109,#7100,#7107,.F.) ;
#7117=EDGE_CURVE('',#7116,#7109,#7114,.T.) ;
#7122=EDGE_CURVE('',#7102,#7116,#7121,.F.) ;
#7153=EDGE_CURVE('',#7100,#7152,#7150,.F.) ;
#7160=EDGE_CURVE('',#7102,#7159,#7157,.F.) ;
#7165=EDGE_CURVE('',#7152,#7159,#7164,.T.) ;
#7186=EDGE_CURVE('',#7183,#7185,#7181,.T.) ;
#7191=EDGE_CURVE('',#7185,#7152,#7190,.F.) ;
#7196=EDGE_CURVE('',#7159,#7183,#7195,.F.) ;
#7213=EDGE_CURVE('',#7109,#7185,#7212,.T.) ;
#7230=EDGE_CURVE('',#7116,#7183,#7229,.T.) ;
#7325=EDGE_CURVE('',#7322,#7324,#7320,.T.) ;
#7332=EDGE_CURVE('',#7322,#7331,#7329,.T.) ;
#7339=EDGE_CURVE('',#7331,#7338,#7336,.T.) ;
#7344=EDGE_CURVE('',#7324,#7338,#7343,.T.) ;
#7356=EDGE_CURVE('',#7324,#7322,#7355,.T.) ;
#7361=EDGE_CURVE('',#7338,#7331,#7360,.T.) ;
#7382=EDGE_CURVE('',#7379,#7381,#7377,.T.) ;
#7389=EDGE_CURVE('',#7379,#7388,#7386,.F.) ;
#7396=EDGE_CURVE('',#7388,#7395,#7393,.T.) ;
#7401=EDGE_CURVE('',#7381,#7395,#7400,.F.) ;
#7413=EDGE_CURVE('',#7381,#7379,#7412,.T.) ;
#7418=EDGE_CURVE('',#7395,#7388,#7417,.T.) ;
#7529=EDGE_CURVE('',#7526,#7528,#7524,.T.) ;
#7536=EDGE_CURVE('',#7526,#7535,#7533,.T.) ;
#7543=EDGE_CURVE('',#7535,#7542,#7540,.T.) ;
#7548=EDGE_CURVE('',#7528,#7542,#7547,.T.) ;
#7560=EDGE_CURVE('',#7528,#7526,#7559,.T.) ;
#7565=EDGE_CURVE('',#7542,#7535,#7564,.T.) ;
#7596=EDGE_CURVE('',#7593,#7595,#7591,.T.) ;
#7601=EDGE_CURVE('',#7595,#7593,#7600,.T.) ;
#7618=EDGE_CURVE('',#7593,#7617,#7615,.F.) ;
#7625=EDGE_CURVE('',#7617,#7624,#7622,.T.) ;
#7630=EDGE_CURVE('',#7595,#7624,#7629,.F.) ;
#7647=EDGE_CURVE('',#7624,#7617,#7646,.T.) ;
#7668=EDGE_CURVE('',#7665,#7667,#7663,.F.) ;
#7675=EDGE_CURVE('',#7667,#7674,#7672,.T.) ;
#7682=EDGE_CURVE('',#7681,#7674,#7679,.F.) ;
#7687=EDGE_CURVE('',#7681,#7665,#7686,.F.) ;
#7699=EDGE_CURVE('',#7674,#7667,#7698,.T.) ;
#7704=EDGE_CURVE('',#7665,#7681,#7703,.F.) ;
#7723=EDGE_CURVE('',#7624,#7722,#7720,.T.) ;
#7730=EDGE_CURVE('',#7617,#7729,#7727,.T.) ;
#7735=EDGE_CURVE('',#7722,#7729,#7734,.T.) ;
#7747=EDGE_CURVE('',#7729,#7722,#7746,.T.) ;
#7764=EDGE_CURVE('',#7722,#7681,#7763,.T.) ;
#7769=EDGE_CURVE('',#7729,#7665,#7768,.T.) ;
#7800=EDGE_CURVE('',#7674,#7799,#7797,.F.) ;
#7807=EDGE_CURVE('',#7667,#7806,#7804,.F.) ;
#7812=EDGE_CURVE('',#7806,#7799,#7811,.T.) ;
#7824=EDGE_CURVE('',#7799,#7806,#7823,.T.) ;
#7845=EDGE_CURVE('',#7842,#7844,#7840,.T.) ;
#7850=EDGE_CURVE('',#7844,#7842,#7849,.T.) ;
#7869=EDGE_CURVE('',#7799,#7844,#7868,.F.) ;
#7874=EDGE_CURVE('',#7806,#7842,#7873,.F.) ;
#7969=EDGE_CURVE('',#7966,#7968,#7964,.F.) ;
#7976=EDGE_CURVE('',#7966,#7975,#7973,.T.) ;
#7983=EDGE_CURVE('',#7975,#7982,#7980,.F.) ;
#7988=EDGE_CURVE('',#7968,#7982,#7987,.T.) ;
#8008=EDGE_CURVE('',#7968,#7966,#8007,.F.) ;
#8013=EDGE_CURVE('',#7982,#7975,#8012,.F.) ;
#8039=EDGE_CURVE('',#7975,#8038,#8036,.F.) ;
#8046=EDGE_CURVE('',#8038,#8045,#8043,.T.) ;
#8051=EDGE_CURVE('',#7982,#8045,#8050,.F.) ;
#8087=EDGE_CURVE('',#8045,#8038,#8086,.T.) ;
#8113=EDGE_CURVE('',#8038,#8112,#8110,.F.) ;
#8120=EDGE_CURVE('',#8112,#8119,#8117,.T.) ;
#8125=EDGE_CURVE('',#8045,#8119,#8124,.F.) ;
#8144=EDGE_CURVE('',#8119,#8112,#8143,.T.) ;
#8170=EDGE_CURVE('',#8112,#8169,#8167,.F.) ;
#8177=EDGE_CURVE('',#8169,#8176,#8174,.T.) ;
#8182=EDGE_CURVE('',#8119,#8176,#8181,.F.) ;
#8201=EDGE_CURVE('',#8176,#8169,#8200,.T.) ;
#8229=EDGE_CURVE('',#8226,#8228,#8224,.T.) ;
#8234=EDGE_CURVE('',#8228,#8226,#8233,.T.) ;
#8262=EDGE_CURVE('',#8226,#8261,#8259,.F.) ;
#8269=EDGE_CURVE('',#8261,#8268,#8266,.T.) ;
#8274=EDGE_CURVE('',#8228,#8268,#8273,.F.) ;
#8293=EDGE_CURVE('',#8268,#8261,#8292,.T.) ;
#8321=EDGE_CURVE('',#8318,#8320,#8316,.T.) ;
#8328=EDGE_CURVE('',#8318,#8327,#8325,.F.) ;
#8335=EDGE_CURVE('',#8327,#8334,#8332,.T.) ;
#8340=EDGE_CURVE('',#8320,#8334,#8339,.F.) ;
#8359=EDGE_CURVE('',#8320,#8318,#8358,.T.) ;
#8364=EDGE_CURVE('',#8334,#8327,#8363,.T.) ;
#8402=EDGE_CURVE('',#8401,#8318,#8399,.F.) ;
#8409=EDGE_CURVE('',#8408,#8320,#8406,.F.) ;
#8414=EDGE_CURVE('',#8401,#8408,#8413,.T.) ;
#8433=EDGE_CURVE('',#8408,#8401,#8432,.T.) ;
#8461=EDGE_CURVE('',#8458,#8460,#8456,.T.) ;
#8468=EDGE_CURVE('',#8458,#8467,#8465,.F.) ;
#8475=EDGE_CURVE('',#8467,#8474,#8472,.T.) ;
#8480=EDGE_CURVE('',#8460,#8474,#8479,.F.) ;
#8492=EDGE_CURVE('',#8460,#8458,#8491,.T.) ;
#8497=EDGE_CURVE('',#8474,#8467,#8496,.T.) ;
#8518=EDGE_CURVE('',#8515,#8517,#8513,.T.) ;
#8525=EDGE_CURVE('',#8524,#8517,#8522,.F.) ;
#8532=EDGE_CURVE('',#8531,#8524,#8529,.T.) ;
#8539=EDGE_CURVE('',#8538,#8531,#8536,.F.) ;
#8546=EDGE_CURVE('',#8538,#8545,#8543,.T.) ;
#8553=EDGE_CURVE('',#8552,#8545,#8550,.F.) ;
#8560=EDGE_CURVE('',#8559,#8552,#8557,.T.) ;
#8567=EDGE_CURVE('',#8566,#8559,#8564,.F.) ;
#8574=EDGE_CURVE('',#8566,#8573,#8571,.T.) ;
#8581=EDGE_CURVE('',#8573,#8580,#8578,.T.) ;
#8588=EDGE_CURVE('',#8587,#8580,#8585,.F.) ;
#8595=EDGE_CURVE('',#8594,#8587,#8592,.T.) ;
#8602=EDGE_CURVE('',#8601,#8594,#8599,.F.) ;
#8609=EDGE_CURVE('',#8601,#8608,#8606,.T.) ;
#8616=EDGE_CURVE('',#8615,#8608,#8613,.F.) ;
#8623=EDGE_CURVE('',#8622,#8615,#8620,.T.) ;
#8630=EDGE_CURVE('',#8629,#8622,#8627,.F.) ;
#8637=EDGE_CURVE('',#8629,#8636,#8634,.T.) ;
#8644=EDGE_CURVE('',#8643,#8636,#8641,.F.) ;
#8651=EDGE_CURVE('',#8650,#8643,#8648,.T.) ;
#8656=EDGE_CURVE('',#8515,#8650,#8655,.F.) ;
#8710=EDGE_CURVE('',#8709,#8517,#8707,.T.) ;
#8717=EDGE_CURVE('',#8716,#8515,#8714,.T.) ;
#8722=EDGE_CURVE('',#8709,#8716,#8721,.F.) ;
#8741=EDGE_CURVE('',#8740,#8524,#8738,.T.) ;
#8746=EDGE_CURVE('',#8740,#8709,#8745,.F.) ;
#8765=EDGE_CURVE('',#8764,#8740,#8762,.T.) ;
#8770=EDGE_CURVE('',#8764,#8531,#8769,.T.) ;
#8789=EDGE_CURVE('',#8788,#8538,#8786,.T.) ;
#8794=EDGE_CURVE('',#8788,#8764,#8793,.F.) ;
#8808=EDGE_CURVE('',#8807,#8545,#8805,.T.) ;
#8813=EDGE_CURVE('',#8807,#8788,#8812,.F.) ;
#8832=EDGE_CURVE('',#8831,#8552,#8829,.T.) ;
#8837=EDGE_CURVE('',#8831,#8807,#8836,.F.) ;
#8856=EDGE_CURVE('',#8855,#8831,#8853,.T.) ;
#8861=EDGE_CURVE('',#8855,#8559,#8860,.T.) ;
#8880=EDGE_CURVE('',#8879,#8566,#8877,.T.) ;
#8885=EDGE_CURVE('',#8879,#8855,#8884,.F.) ;
#8899=EDGE_CURVE('',#8573,#8898,#8896,.F.) ;
#8904=EDGE_CURVE('',#8898,#8879,#8903,.F.) ;
#8918=EDGE_CURVE('',#8917,#8580,#8915,.T.) ;
#8923=EDGE_CURVE('',#8917,#8898,#8922,.F.) ;
#8942=EDGE_CURVE('',#8941,#8587,#8939,.T.) ;
#8947=EDGE_CURVE('',#8941,#8917,#8946,.F.) ;
#8966=EDGE_CURVE('',#8965,#8941,#8963,.T.) ;
#8971=EDGE_CURVE('',#8965,#8594,#8970,.T.) ;
#8990=EDGE_CURVE('',#8989,#8601,#8987,.T.) ;
#8995=EDGE_CURVE('',#8989,#8965,#8994,.F.) ;
#9009=EDGE_CURVE('',#9008,#8608,#9006,.T.) ;
#9014=EDGE_CURVE('',#9008,#8989,#9013,.F.) ;
#9033=EDGE_CURVE('',#9032,#8615,#9030,.T.) ;
#9038=EDGE_CURVE('',#9032,#9008,#9037,.F.) ;
#9057=EDGE_CURVE('',#9056,#9032,#9054,.T.) ;
#9062=EDGE_CURVE('',#9056,#8622,#9061,.T.) ;
#9081=EDGE_CURVE('',#9080,#8629,#9078,.T.) ;
#9086=EDGE_CURVE('',#9080,#9056,#9085,.F.) ;
#9100=EDGE_CURVE('',#9099,#8636,#9097,.T.) ;
#9105=EDGE_CURVE('',#9099,#9080,#9104,.F.) ;
#9124=EDGE_CURVE('',#9123,#8643,#9121,.T.) ;
#9129=EDGE_CURVE('',#9123,#9099,#9128,.F.) ;
#9148=EDGE_CURVE('',#9147,#9123,#9145,.T.) ;
#9153=EDGE_CURVE('',#9147,#8650,#9152,.T.) ;
#9170=EDGE_CURVE('',#8716,#9147,#9169,.F.) ;
#9192=EDGE_CURVE('',#8716,#9191,#9183,.F.) ;
#9199=EDGE_CURVE('',#9198,#9191,#9196,.F.) ;
#9207=EDGE_CURVE('',#8709,#9198,#9200,.F.) ;
#9271=EDGE_CURVE('',#8740,#9198,#9252,.F.) ;
#9289=EDGE_CURVE('',#9288,#9198,#9286,.T.) ;
#9297=EDGE_CURVE('',#8764,#9288,#9290,.F.) ;
#9361=EDGE_CURVE('',#8788,#9288,#9342,.F.) ;
#9379=EDGE_CURVE('',#9378,#9288,#9376,.F.) ;
#9387=EDGE_CURVE('',#8807,#9378,#9380,.F.) ;
#9451=EDGE_CURVE('',#8831,#9378,#9432,.F.) ;
#9469=EDGE_CURVE('',#9468,#9378,#9466,.T.) ;
#9477=EDGE_CURVE('',#8855,#9468,#9470,.F.) ;
#9541=EDGE_CURVE('',#8879,#9468,#9522,.F.) ;
#9559=EDGE_CURVE('',#9558,#9468,#9556,.F.) ;
#9566=EDGE_CURVE('',#9565,#9558,#9563,.F.) ;
#9574=EDGE_CURVE('',#8917,#9565,#9567,.F.) ;
#9640=EDGE_CURVE('',#8941,#9565,#9621,.F.) ;
#9658=EDGE_CURVE('',#9657,#9565,#9655,.T.) ;
#9666=EDGE_CURVE('',#8965,#9657,#9659,.F.) ;
#9730=EDGE_CURVE('',#8989,#9657,#9711,.F.) ;
#9748=EDGE_CURVE('',#9747,#9657,#9745,.F.) ;
#9756=EDGE_CURVE('',#9008,#9747,#9749,.F.) ;
#9820=EDGE_CURVE('',#9032,#9747,#9801,.F.) ;
#9838=EDGE_CURVE('',#9837,#9747,#9835,.T.) ;
#9846=EDGE_CURVE('',#9056,#9837,#9839,.F.) ;
#9910=EDGE_CURVE('',#9080,#9837,#9891,.F.) ;
#9928=EDGE_CURVE('',#9927,#9837,#9925,.F.) ;
#9936=EDGE_CURVE('',#9099,#9927,#9929,.F.) ;
#10000=EDGE_CURVE('',#9123,#9927,#9981,.F.) ;
#10016=EDGE_CURVE('',#9191,#9927,#10015,.T.) ;
#10024=EDGE_CURVE('',#9147,#9191,#10017,.F.) ;
#10144=EDGE_CURVE('',#10141,#10143,#10139,.T.) ;
#10151=EDGE_CURVE('',#10141,#10150,#10148,.T.) ;
#10158=EDGE_CURVE('',#10150,#10157,#10155,.T.) ;
#10163=EDGE_CURVE('',#10143,#10157,#10162,.T.) ;
#10175=EDGE_CURVE('',#10143,#10141,#10174,.T.) ;
#10180=EDGE_CURVE('',#10157,#10150,#10179,.T.) ;
#10201=EDGE_CURVE('',#10198,#10200,#10196,.T.) ;
#10208=EDGE_CURVE('',#10198,#10207,#10205,.F.) ;
#10215=EDGE_CURVE('',#10207,#10214,#10212,.T.) ;
#10220=EDGE_CURVE('',#10200,#10214,#10219,.F.) ;
#10232=EDGE_CURVE('',#10200,#10198,#10231,.T.) ;
#10237=EDGE_CURVE('',#10214,#10207,#10236,.T.) ;
#10318=EDGE_CURVE('',#10315,#10317,#10313,.T.) ;
#10325=EDGE_CURVE('',#10315,#10324,#10322,.T.) ;
#10332=EDGE_CURVE('',#10324,#10331,#10329,.T.) ;
#10337=EDGE_CURVE('',#10317,#10331,#10336,.T.) ;
#10349=EDGE_CURVE('',#10317,#10315,#10348,.T.) ;
#10354=EDGE_CURVE('',#10331,#10324,#10353,.T.) ;
#10375=EDGE_CURVE('',#10372,#10374,#10370,.T.) ;
#10380=EDGE_CURVE('',#10374,#10372,#10379,.T.) ;
#10401=EDGE_CURVE('',#10372,#10400,#10398,.F.) ;
#10408=EDGE_CURVE('',#10400,#10407,#10405,.T.) ;
#10413=EDGE_CURVE('',#10374,#10407,#10412,.F.) ;
#10425=EDGE_CURVE('',#10407,#10400,#10424,.T.) ;
#10446=EDGE_CURVE('',#10443,#10445,#10441,.T.) ;
#10453=EDGE_CURVE('',#10452,#10445,#10450,.F.) ;
#10460=EDGE_CURVE('',#10459,#10452,#10457,.T.) ;
#10467=EDGE_CURVE('',#10466,#10459,#10464,.F.) ;
#10474=EDGE_CURVE('',#10466,#10473,#10471,.T.) ;
#10481=EDGE_CURVE('',#10480,#10473,#10478,.F.) ;
#10488=EDGE_CURVE('',#10487,#10480,#10485,.T.) ;
#10495=EDGE_CURVE('',#10494,#10487,#10492,.F.) ;
#10502=EDGE_CURVE('',#10494,#10501,#10499,.T.) ;
#10509=EDGE_CURVE('',#10501,#10508,#10506,.T.) ;
#10516=EDGE_CURVE('',#10515,#10508,#10513,.F.) ;
#10523=EDGE_CURVE('',#10522,#10515,#10520,.T.) ;
#10530=EDGE_CURVE('',#10529,#10522,#10527,.F.) ;
#10537=EDGE_CURVE('',#10529,#10536,#10534,.T.) ;
#10544=EDGE_CURVE('',#10543,#10536,#10541,.F.) ;
#10551=EDGE_CURVE('',#10550,#10543,#10548,.T.) ;
#10558=EDGE_CURVE('',#10557,#10550,#10555,.F.) ;
#10565=EDGE_CURVE('',#10557,#10564,#10562,.T.) ;
#10572=EDGE_CURVE('',#10571,#10564,#10569,.F.) ;
#10579=EDGE_CURVE('',#10578,#10571,#10576,.T.) ;
#10584=EDGE_CURVE('',#10443,#10578,#10583,.F.) ;
#10624=EDGE_CURVE('',#10623,#10452,#10621,.T.) ;
#10631=EDGE_CURVE('',#10630,#10445,#10628,.T.) ;
#10636=EDGE_CURVE('',#10623,#10630,#10635,.F.) ;
#10655=EDGE_CURVE('',#10654,#10623,#10652,.T.) ;
#10660=EDGE_CURVE('',#10654,#10459,#10659,.T.) ;
#10679=EDGE_CURVE('',#10678,#10466,#10676,.T.) ;
#10684=EDGE_CURVE('',#10678,#10654,#10683,.F.) ;
#10703=EDGE_CURVE('',#10702,#10473,#10700,.T.) ;
#10708=EDGE_CURVE('',#10702,#10678,#10707,.F.) ;
#10727=EDGE_CURVE('',#10726,#10480,#10724,.T.) ;
#10732=EDGE_CURVE('',#10726,#10702,#10731,.F.) ;
#10746=EDGE_CURVE('',#10501,#10745,#10743,.F.) ;
#10753=EDGE_CURVE('',#10752,#10494,#10750,.T.) ;
#10758=EDGE_CURVE('',#10745,#10752,#10757,.F.) ;
#10777=EDGE_CURVE('',#10776,#10726,#10774,.T.) ;
#10782=EDGE_CURVE('',#10776,#10487,#10781,.T.) ;
#10799=EDGE_CURVE('',#10752,#10776,#10798,.F.) ;
#10813=EDGE_CURVE('',#10812,#10508,#10810,.T.) ;
#10818=EDGE_CURVE('',#10812,#10745,#10817,.F.) ;
#10837=EDGE_CURVE('',#10836,#10515,#10834,.T.) ;
#10842=EDGE_CURVE('',#10836,#10812,#10841,.F.) ;
#10861=EDGE_CURVE('',#10860,#10836,#10858,.T.) ;
#10866=EDGE_CURVE('',#10860,#10522,#10865,.T.) ;
#10885=EDGE_CURVE('',#10884,#10529,#10882,.T.) ;
#10890=EDGE_CURVE('',#10884,#10860,#10889,.F.) ;
#10904=EDGE_CURVE('',#10903,#10536,#10901,.T.) ;
#10909=EDGE_CURVE('',#10903,#10884,#10908,.F.) ;
#10928=EDGE_CURVE('',#10927,#10543,#10925,.T.) ;
#10933=EDGE_CURVE('',#10927,#10903,#10932,.F.) ;
#10952=EDGE_CURVE('',#10951,#10927,#10949,.T.) ;
#10957=EDGE_CURVE('',#10951,#10550,#10956,.T.) ;
#10976=EDGE_CURVE('',#10975,#10557,#10973,.T.) ;
#10981=EDGE_CURVE('',#10975,#10951,#10980,.F.) ;
#10995=EDGE_CURVE('',#10994,#10564,#10992,.T.) ;
#11000=EDGE_CURVE('',#10994,#10975,#10999,.F.) ;
#11019=EDGE_CURVE('',#11018,#10571,#11016,.T.) ;
#11024=EDGE_CURVE('',#11018,#10994,#11023,.F.) ;
#11038=EDGE_CURVE('',#11037,#10443,#11035,.T.) ;
#11043=EDGE_CURVE('',#10630,#11037,#11042,.F.) ;
#11062=EDGE_CURVE('',#11061,#11018,#11059,.T.) ;
#11067=EDGE_CURVE('',#11061,#10578,#11066,.T.) ;
#11088=EDGE_CURVE('',#11085,#11087,#11083,.F.) ;
#11095=EDGE_CURVE('',#11087,#11094,#11092,.T.) ;
#11102=EDGE_CURVE('',#11094,#11101,#11099,.F.) ;
#11109=EDGE_CURVE('',#11101,#11108,#11106,.T.) ;
#11116=EDGE_CURVE('',#11108,#11115,#11113,.F.) ;
#11123=EDGE_CURVE('',#11115,#11122,#11120,.F.) ;
#11130=EDGE_CURVE('',#11122,#11129,#11127,.T.) ;
#11137=EDGE_CURVE('',#11129,#11136,#11134,.F.) ;
#11144=EDGE_CURVE('',#11136,#11143,#11141,.T.) ;
#11151=EDGE_CURVE('',#11143,#11150,#11148,.F.) ;
#11156=EDGE_CURVE('',#11150,#11085,#11155,.T.) ;
#11184=EDGE_CURVE('',#11037,#11061,#11183,.F.) ;
#11204=EDGE_CURVE('',#10975,#11087,#11197,.F.) ;
#11212=EDGE_CURVE('',#10994,#11085,#11205,.F.) ;
#11232=EDGE_CURVE('',#11018,#11085,#11225,.F.) ;
#11240=EDGE_CURVE('',#11061,#11150,#11233,.F.) ;
#11260=EDGE_CURVE('',#11037,#11150,#11253,.F.) ;
#11268=EDGE_CURVE('',#10630,#11143,#11261,.F.) ;
#11288=EDGE_CURVE('',#10623,#11143,#11281,.F.) ;
#11296=EDGE_CURVE('',#10654,#11136,#11289,.F.) ;
#11316=EDGE_CURVE('',#10678,#11136,#11309,.F.) ;
#11324=EDGE_CURVE('',#10702,#11129,#11317,.F.) ;
#11344=EDGE_CURVE('',#10726,#11129,#11337,.F.) ;
#11352=EDGE_CURVE('',#10776,#11122,#11345,.F.) ;
#11372=EDGE_CURVE('',#10836,#11108,#11365,.F.) ;
#11380=EDGE_CURVE('',#10860,#11101,#11373,.F.) ;
#11400=EDGE_CURVE('',#10884,#11101,#11393,.F.) ;
#11408=EDGE_CURVE('',#10903,#11094,#11401,.F.) ;
#11428=EDGE_CURVE('',#10927,#11094,#11421,.F.) ;
#11436=EDGE_CURVE('',#10951,#11087,#11429,.F.) ;
#11586=EDGE_CURVE('',#10812,#11108,#11567,.F.) ;
#11649=EDGE_CURVE('',#10752,#11122,#11630,.F.) ;
#11973=EDGE_CURVE('',#11970,#11972,#11968,.T.) ;
#11980=EDGE_CURVE('',#11979,#11970,#11977,.T.) ;
#11987=EDGE_CURVE('',#11979,#11986,#11984,.T.) ;
#11994=EDGE_CURVE('',#11986,#11993,#11991,.T.) ;
#11999=EDGE_CURVE('',#11972,#11993,#11998,.T.) ;
#12021=EDGE_CURVE('',#12018,#12020,#12016,.F.) ;
#12028=EDGE_CURVE('',#12027,#12018,#12025,.T.) ;
#12035=EDGE_CURVE('',#12034,#12027,#12032,.F.) ;
#12042=EDGE_CURVE('',#12041,#12034,#12039,.T.) ;
#12049=EDGE_CURVE('',#12048,#12041,#12046,.T.) ;
#12056=EDGE_CURVE('',#12055,#12048,#12053,.T.) ;
#12063=EDGE_CURVE('',#12062,#12055,#12060,.T.) ;
#12070=EDGE_CURVE('',#12069,#12062,#12067,.F.) ;
#12077=EDGE_CURVE('',#12076,#12069,#12074,.T.) ;
#12084=EDGE_CURVE('',#12083,#12076,#12081,.F.) ;
#12091=EDGE_CURVE('',#12090,#12083,#12088,.T.) ;
#12098=EDGE_CURVE('',#12097,#12090,#12095,.T.) ;
#12105=EDGE_CURVE('',#12104,#12097,#12102,.T.) ;
#12112=EDGE_CURVE('',#12111,#12104,#12109,.T.) ;
#12119=EDGE_CURVE('',#12118,#12111,#12116,.T.) ;
#12126=EDGE_CURVE('',#12125,#12118,#12123,.F.) ;
#12133=EDGE_CURVE('',#12132,#12125,#12130,.T.) ;
#12140=EDGE_CURVE('',#12139,#12132,#12137,.T.) ;
#12147=EDGE_CURVE('',#12146,#12139,#12144,.F.) ;
#12154=EDGE_CURVE('',#12153,#12146,#12151,.T.) ;
#12161=EDGE_CURVE('',#12160,#12153,#12158,.F.) ;
#12168=EDGE_CURVE('',#12167,#12160,#12165,.T.) ;
#12175=EDGE_CURVE('',#12174,#12167,#12172,.T.) ;
#12182=EDGE_CURVE('',#12181,#12174,#12179,.T.) ;
#12187=EDGE_CURVE('',#12020,#12181,#12186,.T.) ;
#12223=EDGE_CURVE('',#12220,#12222,#12218,.T.) ;
#12228=EDGE_CURVE('',#12222,#11970,#12227,.T.) ;
#12235=EDGE_CURVE('',#12234,#11972,#12232,.T.) ;
#12242=EDGE_CURVE('',#12241,#12234,#12239,.T.) ;
#12247=EDGE_CURVE('',#12241,#11979,#12246,.T.) ;
#12254=EDGE_CURVE('',#11970,#12253,#12251,.T.) ;
#12261=EDGE_CURVE('',#12253,#12260,#12258,.T.) ;
#12268=EDGE_CURVE('',#12260,#12267,#12265,.T.) ;
#12275=EDGE_CURVE('',#12274,#12267,#12272,.T.) ;
#12282=EDGE_CURVE('',#12281,#12274,#12279,.T.) ;
#12289=EDGE_CURVE('',#12281,#12288,#12286,.T.) ;
#12294=EDGE_CURVE('',#12288,#12260,#12293,.T.) ;
#12299=EDGE_CURVE('',#12260,#12220,#12298,.T.) ;
#12306=EDGE_CURVE('',#12220,#12305,#12303,.T.) ;
#12313=EDGE_CURVE('',#12312,#12305,#12310,.T.) ;
#12320=EDGE_CURVE('',#12319,#12312,#12317,.T.) ;
#12327=EDGE_CURVE('',#12319,#12326,#12324,.T.) ;
#12332=EDGE_CURVE('',#12326,#12220,#12331,.T.) ;
#12363=EDGE_CURVE('',#12360,#12362,#12358,.T.) ;
#12368=EDGE_CURVE('',#12362,#12360,#12367,.T.) ;
#12381=EDGE_CURVE('',#12378,#12380,#12376,.T.) ;
#12386=EDGE_CURVE('',#12380,#12378,#12385,.T.) ;
#12399=EDGE_CURVE('',#12396,#12398,#12394,.T.) ;
#12404=EDGE_CURVE('',#12398,#12396,#12403,.T.) ;
#12417=EDGE_CURVE('',#12414,#12416,#12412,.T.) ;
#12422=EDGE_CURVE('',#12416,#12414,#12421,.T.) ;
#12435=EDGE_CURVE('',#12432,#12434,#12430,.T.) ;
#12440=EDGE_CURVE('',#12434,#12432,#12439,.T.) ;
#12453=EDGE_CURVE('',#12450,#12452,#12448,.T.) ;
#12458=EDGE_CURVE('',#12452,#12450,#12457,.T.) ;
#12471=EDGE_CURVE('',#12468,#12470,#12466,.T.) ;
#12476=EDGE_CURVE('',#12470,#12468,#12475,.T.) ;
#12491=EDGE_CURVE('',#11986,#12241,#12490,.T.) ;
#12507=EDGE_CURVE('',#11993,#12234,#12506,.T.) ;
#12537=EDGE_CURVE('',#12020,#12536,#12534,.T.) ;
#12544=EDGE_CURVE('',#12181,#12543,#12541,.T.) ;
#12549=EDGE_CURVE('',#12536,#12543,#12548,.T.) ;
#12568=EDGE_CURVE('',#12174,#12567,#12565,.T.) ;
#12573=EDGE_CURVE('',#12543,#12567,#12572,.T.) ;
#12592=EDGE_CURVE('',#12167,#12591,#12589,.T.) ;
#12597=EDGE_CURVE('',#12567,#12591,#12596,.T.) ;
#12616=EDGE_CURVE('',#12160,#12615,#12613,.T.) ;
#12621=EDGE_CURVE('',#12591,#12615,#12620,.T.) ;
#12640=EDGE_CURVE('',#12153,#12639,#12637,.T.) ;
#12645=EDGE_CURVE('',#12615,#12639,#12644,.F.) ;
#12664=EDGE_CURVE('',#12146,#12663,#12661,.T.) ;
#12669=EDGE_CURVE('',#12639,#12663,#12668,.T.) ;
#12688=EDGE_CURVE('',#12139,#12687,#12685,.T.) ;
#12693=EDGE_CURVE('',#12663,#12687,#12692,.F.) ;
#12707=EDGE_CURVE('',#12132,#12706,#12704,.T.) ;
#12712=EDGE_CURVE('',#12687,#12706,#12711,.T.) ;
#12731=EDGE_CURVE('',#12125,#12730,#12728,.T.) ;
#12736=EDGE_CURVE('',#12706,#12730,#12735,.T.) ;
#12755=EDGE_CURVE('',#12118,#12754,#12752,.T.) ;
#12760=EDGE_CURVE('',#12730,#12754,#12759,.F.) ;
#12779=EDGE_CURVE('',#12111,#12778,#12776,.T.) ;
#12784=EDGE_CURVE('',#12754,#12778,#12783,.T.) ;
#12798=EDGE_CURVE('',#12104,#12797,#12795,.T.) ;
#12803=EDGE_CURVE('',#12778,#12797,#12802,.T.) ;
#12822=EDGE_CURVE('',#12097,#12821,#12819,.T.) ;
#12827=EDGE_CURVE('',#12797,#12821,#12826,.T.) ;
#12846=EDGE_CURVE('',#12090,#12845,#12843,.T.) ;
#12851=EDGE_CURVE('',#12821,#12845,#12850,.T.) ;
#12870=EDGE_CURVE('',#12083,#12869,#12867,.T.) ;
#12875=EDGE_CURVE('',#12845,#12869,#12874,.T.) ;
#12894=EDGE_CURVE('',#12076,#12893,#12891,.T.) ;
#12899=EDGE_CURVE('',#12869,#12893,#12898,.F.) ;
#12918=EDGE_CURVE('',#12069,#12917,#12915,.T.) ;
#12923=EDGE_CURVE('',#12893,#12917,#12922,.T.) ;
#12942=EDGE_CURVE('',#12062,#12941,#12939,.T.) ;
#12947=EDGE_CURVE('',#12917,#12941,#12946,.F.) ;
#12966=EDGE_CURVE('',#12055,#12965,#12963,.T.) ;
#12971=EDGE_CURVE('',#12941,#12965,#12970,.T.) ;
#12990=EDGE_CURVE('',#12048,#12989,#12987,.T.) ;
#12995=EDGE_CURVE('',#12965,#12989,#12994,.T.) ;
#13014=EDGE_CURVE('',#12041,#13013,#13011,.T.) ;
#13019=EDGE_CURVE('',#12989,#13013,#13018,.T.) ;
#13038=EDGE_CURVE('',#12034,#13037,#13035,.T.) ;
#13043=EDGE_CURVE('',#13013,#13037,#13042,.T.) ;
#13062=EDGE_CURVE('',#12027,#13061,#13059,.T.) ;
#13067=EDGE_CURVE('',#13037,#13061,#13066,.F.) ;
#13086=EDGE_CURVE('',#12018,#13085,#13083,.T.) ;
#13091=EDGE_CURVE('',#13061,#13085,#13090,.T.) ;
#13108=EDGE_CURVE('',#13085,#12536,#13107,.F.) ;
#13129=EDGE_CURVE('',#13126,#13128,#13124,.T.) ;
#13134=EDGE_CURVE('',#12222,#13128,#13133,.F.) ;
#13139=EDGE_CURVE('',#12253,#13126,#13138,.F.) ;
#13153=EDGE_CURVE('',#13128,#13126,#13152,.T.) ;
#13175=EDGE_CURVE('',#13172,#13174,#13170,.T.) ;
#13180=EDGE_CURVE('',#12360,#13174,#13179,.T.) ;
#13185=EDGE_CURVE('',#12362,#13172,#13184,.T.) ;
#13197=EDGE_CURVE('',#13174,#13172,#13196,.T.) ;
#13218=EDGE_CURVE('',#13215,#13217,#13213,.T.) ;
#13223=EDGE_CURVE('',#12378,#13217,#13222,.T.) ;
#13228=EDGE_CURVE('',#12380,#13215,#13227,.T.) ;
#13240=EDGE_CURVE('',#13217,#13215,#13239,.T.) ;
#13261=EDGE_CURVE('',#13258,#13260,#13256,.T.) ;
#13266=EDGE_CURVE('',#12396,#13260,#13265,.T.) ;
#13271=EDGE_CURVE('',#12398,#13258,#13270,.T.) ;
#13283=EDGE_CURVE('',#13260,#13258,#13282,.T.) ;
#13304=EDGE_CURVE('',#13301,#13303,#13299,.T.) ;
#13309=EDGE_CURVE('',#12414,#13303,#13308,.T.) ;
#13314=EDGE_CURVE('',#12416,#13301,#13313,.T.) ;
#13326=EDGE_CURVE('',#13303,#13301,#13325,.T.) ;
#13347=EDGE_CURVE('',#13344,#13346,#13342,.T.) ;
#13352=EDGE_CURVE('',#12432,#13346,#13351,.T.) ;
#13357=EDGE_CURVE('',#12434,#13344,#13356,.T.) ;
#13369=EDGE_CURVE('',#13346,#13344,#13368,.T.) ;
#13390=EDGE_CURVE('',#13387,#13389,#13385,.T.) ;
#13395=EDGE_CURVE('',#12450,#13389,#13394,.T.) ;
#13400=EDGE_CURVE('',#12452,#13387,#13399,.T.) ;
#13412=EDGE_CURVE('',#13389,#13387,#13411,.T.) ;
#13433=EDGE_CURVE('',#13430,#13432,#13428,.T.) ;
#13438=EDGE_CURVE('',#12468,#13432,#13437,.T.) ;
#13443=EDGE_CURVE('',#12470,#13430,#13442,.T.) ;
#13455=EDGE_CURVE('',#13432,#13430,#13454,.T.) ;
#13503=EDGE_CURVE('',#13500,#13502,#13498,.T.) ;
#13508=EDGE_CURVE('',#13502,#13500,#13507,.T.) ;
#13559=EDGE_CURVE('',#13556,#13558,#13554,.T.) ;
#13564=EDGE_CURVE('',#13558,#13556,#13563,.T.) ;
#13581=EDGE_CURVE('',#13580,#13502,#13578,.T.) ;
#13588=EDGE_CURVE('',#13587,#13580,#13585,.T.) ;
#13593=EDGE_CURVE('',#13587,#13500,#13592,.T.) ;
#13605=EDGE_CURVE('',#13580,#13587,#13604,.T.) ;
#13622=EDGE_CURVE('',#13580,#13558,#13621,.F.) ;
#13627=EDGE_CURVE('',#13587,#13556,#13626,.F.) ;
#13653=EDGE_CURVE('',#12288,#13652,#13650,.T.) ;
#13660=EDGE_CURVE('',#13652,#13659,#13657,.T.) ;
#13665=EDGE_CURVE('',#12267,#13659,#13664,.T.) ;
#13683=EDGE_CURVE('',#13652,#12281,#13682,.T.) ;
#13699=EDGE_CURVE('',#13659,#12274,#13698,.T.) ;
#13729=EDGE_CURVE('',#12326,#13728,#13726,.T.) ;
#13736=EDGE_CURVE('',#13728,#13735,#13733,.T.) ;
#13741=EDGE_CURVE('',#12305,#13735,#13740,.T.) ;
#13759=EDGE_CURVE('',#13728,#12319,#13758,.T.) ;
#13775=EDGE_CURVE('',#13735,#12312,#13774,.T.) ;
#13840=EDGE_CURVE('',#13837,#13839,#13835,.T.) ;
#13847=EDGE_CURVE('',#13846,#13839,#13844,.F.) ;
#13854=EDGE_CURVE('',#13846,#13837,#13848,.T.) ;
#13867=EDGE_CURVE('',#13839,#13866,#13864,.T.) ;
#13876=EDGE_CURVE('',#13866,#13875,#13868,.T.) ;
#13882=EDGE_CURVE('',#13846,#13875,#13877,.T.) ;
#13901=EDGE_CURVE('',#13866,#13900,#13898,.T.) ;
#13908=EDGE_CURVE('',#13907,#13837,#13905,.T.) ;
#13915=EDGE_CURVE('',#13914,#13907,#13912,.T.) ;
#13922=EDGE_CURVE('',#13921,#13914,#13919,.T.) ;
#13929=EDGE_CURVE('',#13928,#13921,#13926,.T.) ;
#13934=EDGE_CURVE('',#13900,#13928,#13933,.T.) ;
#13963=EDGE_CURVE('',#13907,#13962,#13951,.T.) ;
#13976=EDGE_CURVE('',#13975,#13907,#13964,.T.) ;
#13983=EDGE_CURVE('',#13975,#13982,#13980,.T.) ;
#13990=EDGE_CURVE('',#13989,#13982,#13987,.T.) ;
#13997=EDGE_CURVE('',#13996,#13989,#13994,.T.) ;
#14002=EDGE_CURVE('',#13962,#13996,#14001,.T.) ;
#14027=EDGE_CURVE('',#13837,#13975,#14017,.T.) ;
#14034=EDGE_CURVE('',#13875,#14033,#14031,.T.) ;
#14041=EDGE_CURVE('',#14040,#14033,#14038,.T.) ;
#14046=EDGE_CURVE('',#13982,#14040,#14045,.T.) ;
#14074=EDGE_CURVE('',#13914,#14073,#14062,.T.) ;
#14085=EDGE_CURVE('',#13962,#13914,#14075,.T.) ;
#14092=EDGE_CURVE('',#14091,#13996,#14089,.T.) ;
#14099=EDGE_CURVE('',#14098,#14091,#14096,.T.) ;
#14104=EDGE_CURVE('',#14073,#14098,#14103,.T.) ;
#14131=EDGE_CURVE('',#14130,#13866,#14119,.T.) ;
#14138=EDGE_CURVE('',#14130,#14137,#14135,.T.) ;
#14145=EDGE_CURVE('',#14144,#14137,#14142,.T.) ;
#14150=EDGE_CURVE('',#14033,#14144,#14149,.T.) ;
#14177=EDGE_CURVE('',#13928,#14176,#14165,.T.) ;
#14190=EDGE_CURVE('',#14189,#13928,#14178,.T.) ;
#14198=EDGE_CURVE('',#14189,#14073,#14191,.T.) ;
#14205=EDGE_CURVE('',#14204,#14098,#14202,.T.) ;
#14212=EDGE_CURVE('',#14211,#14204,#14209,.T.) ;
#14217=EDGE_CURVE('',#14176,#14211,#14216,.T.) ;
#14243=EDGE_CURVE('',#13900,#14130,#14233,.T.) ;
#14254=EDGE_CURVE('',#14176,#13900,#14244,.T.) ;
#14261=EDGE_CURVE('',#14260,#14211,#14258,.T.) ;
#14266=EDGE_CURVE('',#14137,#14260,#14265,.T.) ;
#14292=EDGE_CURVE('',#14189,#13921,#14291,.F.) ;
#14331=EDGE_CURVE('',#14328,#14330,#14326,.F.) ;
#14338=EDGE_CURVE('',#14328,#14337,#14335,.T.) ;
#14345=EDGE_CURVE('',#14337,#14344,#14342,.F.) ;
#14350=EDGE_CURVE('',#14330,#14344,#14349,.T.) ;
#14362=EDGE_CURVE('',#14330,#14328,#14361,.F.) ;
#14367=EDGE_CURVE('',#14344,#14337,#14366,.F.) ;
#14386=EDGE_CURVE('',#14337,#14385,#14383,.F.) ;
#14393=EDGE_CURVE('',#14385,#14392,#14390,.T.) ;
#14398=EDGE_CURVE('',#14344,#14392,#14397,.F.) ;
#14410=EDGE_CURVE('',#14392,#14385,#14409,.T.) ;
#14429=EDGE_CURVE('',#14428,#14091,#14426,.T.) ;
#14434=EDGE_CURVE('',#14091,#13989,#14433,.T.) ;
#14439=EDGE_CURVE('',#13989,#14040,#14438,.T.) ;
#14446=EDGE_CURVE('',#14040,#14445,#14443,.T.) ;
#14451=EDGE_CURVE('',#14445,#14144,#14450,.T.) ;
#14456=EDGE_CURVE('',#14144,#14260,#14455,.T.) ;
#14461=EDGE_CURVE('',#14260,#14204,#14460,.T.) ;
#14466=EDGE_CURVE('',#14204,#14428,#14465,.T.) ;
#14605=EDGE_CURVE('',#14602,#14604,#14600,.T.) ;
#14612=EDGE_CURVE('',#14602,#14611,#14609,.T.) ;
#14619=EDGE_CURVE('',#14611,#14618,#14616,.T.) ;
#14624=EDGE_CURVE('',#14604,#14618,#14623,.T.) ;
#14636=EDGE_CURVE('',#14604,#14602,#14635,.T.) ;
#14641=EDGE_CURVE('',#14618,#14611,#14640,.T.) ;
#14662=EDGE_CURVE('',#14659,#14661,#14657,.T.) ;
#14669=EDGE_CURVE('',#14659,#14668,#14666,.F.) ;
#14676=EDGE_CURVE('',#14668,#14675,#14673,.T.) ;
#14681=EDGE_CURVE('',#14661,#14675,#14680,.F.) ;
#14693=EDGE_CURVE('',#14661,#14659,#14692,.T.) ;
#14698=EDGE_CURVE('',#14675,#14668,#14697,.T.) ;
#14809=EDGE_CURVE('',#14806,#14808,#14804,.T.) ;
#14816=EDGE_CURVE('',#14815,#14808,#14813,.F.) ;
#14823=EDGE_CURVE('',#14815,#14806,#14817,.T.) ;
#14836=EDGE_CURVE('',#14808,#14835,#14833,.T.) ;
#14845=EDGE_CURVE('',#14835,#14844,#14837,.T.) ;
#14851=EDGE_CURVE('',#14815,#14844,#14846,.T.) ;
#14870=EDGE_CURVE('',#14835,#14869,#14867,.T.) ;
#14877=EDGE_CURVE('',#14876,#14806,#14874,.T.) ;
#14884=EDGE_CURVE('',#14883,#14876,#14881,.T.) ;
#14891=EDGE_CURVE('',#14890,#14883,#14888,.T.) ;
#14898=EDGE_CURVE('',#14897,#14890,#14895,.T.) ;
#14903=EDGE_CURVE('',#14869,#14897,#14902,.T.) ;
#14922=EDGE_CURVE('',#14919,#14921,#14917,.T.) ;
#14927=EDGE_CURVE('',#14921,#14919,#14926,.T.) ;
#14950=EDGE_CURVE('',#14876,#14949,#14938,.T.) ;
#14963=EDGE_CURVE('',#14962,#14876,#14951,.T.) ;
#14970=EDGE_CURVE('',#14962,#14969,#14967,.T.) ;
#14983=EDGE_CURVE('',#14982,#14969,#14971,.T.) ;
#14996=EDGE_CURVE('',#14995,#14982,#14984,.T.) ;
#15001=EDGE_CURVE('',#14949,#14995,#15000,.T.) ;
#15026=EDGE_CURVE('',#14806,#14962,#15016,.T.) ;
#15033=EDGE_CURVE('',#14844,#15032,#15030,.T.) ;
#15043=EDGE_CURVE('',#15042,#15032,#15034,.T.) ;
#15056=EDGE_CURVE('',#15055,#15042,#15044,.T.) ;
#15067=EDGE_CURVE('',#14969,#15055,#15057,.T.) ;
#15096=EDGE_CURVE('',#14883,#15095,#15084,.T.) ;
#15107=EDGE_CURVE('',#14949,#14883,#15097,.T.) ;
#15120=EDGE_CURVE('',#15119,#14995,#15108,.T.) ;
#15133=EDGE_CURVE('',#15132,#15119,#15121,.T.) ;
#15138=EDGE_CURVE('',#15095,#15132,#15137,.T.) ;
#15165=EDGE_CURVE('',#15164,#14835,#15153,.T.) ;
#15172=EDGE_CURVE('',#15164,#15171,#15169,.T.) ;
#15185=EDGE_CURVE('',#15184,#15171,#15173,.T.) ;
#15196=EDGE_CURVE('',#15032,#15184,#15186,.T.) ;
#15223=EDGE_CURVE('',#14897,#15222,#15211,.T.) ;
#15236=EDGE_CURVE('',#15235,#14897,#15224,.T.) ;
#15244=EDGE_CURVE('',#15235,#15095,#15237,.T.) ;
#15254=EDGE_CURVE('',#15253,#15132,#15245,.T.) ;
#15267=EDGE_CURVE('',#15266,#15253,#15255,.T.) ;
#15280=EDGE_CURVE('',#15279,#15266,#15268,.T.) ;
#15285=EDGE_CURVE('',#15222,#15279,#15284,.T.) ;
#15312=EDGE_CURVE('',#14869,#15164,#15302,.T.) ;
#15323=EDGE_CURVE('',#15222,#14869,#15313,.T.) ;
#15336=EDGE_CURVE('',#15335,#15279,#15324,.T.) ;
#15347=EDGE_CURVE('',#15171,#15335,#15337,.T.) ;
#15368=EDGE_CURVE('',#14921,#15367,#15365,.F.) ;
#15375=EDGE_CURVE('',#15367,#15374,#15372,.F.) ;
#15382=EDGE_CURVE('',#15374,#15381,#15379,.F.) ;
#15387=EDGE_CURVE('',#14919,#15381,#15386,.F.) ;
#15402=EDGE_CURVE('',#15381,#15401,#15399,.F.) ;
#15407=EDGE_CURVE('',#15401,#15367,#15406,.F.) ;
#15432=EDGE_CURVE('',#15235,#14890,#15431,.F.) ;
#15467=EDGE_CURVE('',#15184,#15335,#15466,.F.) ;
#15478=EDGE_CURVE('',#15335,#15266,#15477,.F.) ;
#15491=EDGE_CURVE('',#15490,#15119,#15488,.F.) ;
#15496=EDGE_CURVE('',#15490,#15253,#15495,.T.) ;
#15508=EDGE_CURVE('',#15266,#15490,#15507,.F.) ;
#15519=EDGE_CURVE('',#15119,#14982,#15518,.F.) ;
#15530=EDGE_CURVE('',#14982,#15055,#15529,.F.) ;
#15543=EDGE_CURVE('',#15542,#15042,#15540,.T.) ;
#15548=EDGE_CURVE('',#15055,#15542,#15547,.F.) ;
#15559=EDGE_CURVE('',#15542,#15184,#15558,.F.) ;
#15578=EDGE_CURVE('',#15374,#15577,#15575,.T.) ;
#15585=EDGE_CURVE('',#15577,#15584,#15582,.T.) ;
#15590=EDGE_CURVE('',#15381,#15584,#15589,.T.) ;
#15604=EDGE_CURVE('',#15367,#15603,#15601,.T.) ;
#15609=EDGE_CURVE('',#15603,#15577,#15608,.T.) ;
#15623=EDGE_CURVE('',#15401,#15622,#15620,.T.) ;
#15628=EDGE_CURVE('',#15622,#15603,#15627,.T.) ;
#15640=EDGE_CURVE('',#15584,#15622,#15639,.T.) ;
#15671=EDGE_CURVE('',#15668,#15670,#15666,.T.) ;
#15676=EDGE_CURVE('',#15670,#15668,#15675,.T.) ;
#15691=EDGE_CURVE('',#15603,#15668,#15690,.T.) ;
#15696=EDGE_CURVE('',#15584,#15670,#15695,.T.) ;
#15788=EDGE_CURVE('',#15785,#15787,#15783,.F.) ;
#15795=EDGE_CURVE('',#15785,#15794,#15792,.T.) ;
#15802=EDGE_CURVE('',#15794,#15801,#15799,.F.) ;
#15807=EDGE_CURVE('',#15787,#15801,#15806,.T.) ;
#15824=EDGE_CURVE('',#15787,#15785,#15823,.T.) ;
#15834=EDGE_CURVE('',#15801,#15794,#15833,.F.) ;
#15853=EDGE_CURVE('',#15794,#15852,#15850,.F.) ;
#15860=EDGE_CURVE('',#15852,#15859,#15857,.T.) ;
#15865=EDGE_CURVE('',#15801,#15859,#15864,.F.) ;
#15877=EDGE_CURVE('',#15859,#15852,#15876,.T.) ;
#15898=EDGE_CURVE('',#15895,#15897,#15893,.F.) ;
#15903=EDGE_CURVE('',#15897,#15895,#15902,.F.) ;
#15926=EDGE_CURVE('',#15923,#15925,#15921,.T.) ;
#15933=EDGE_CURVE('',#15932,#15925,#15930,.T.) ;
#15940=EDGE_CURVE('',#15932,#15939,#15937,.F.) ;
#15945=EDGE_CURVE('',#15939,#15923,#15944,.T.) ;
#15964=EDGE_CURVE('',#15963,#15923,#15961,.T.) ;
#15971=EDGE_CURVE('',#15963,#15970,#15968,.T.) ;
#15978=EDGE_CURVE('',#15970,#15977,#15975,.T.) ;
#15983=EDGE_CURVE('',#15925,#15977,#15982,.T.) ;
#16003=EDGE_CURVE('',#15977,#16002,#16000,.F.) ;
#16008=EDGE_CURVE('',#16002,#15932,#16007,.T.) ;
#16027=EDGE_CURVE('',#16026,#15939,#16024,.T.) ;
#16032=EDGE_CURVE('',#16026,#15963,#16031,.F.) ;
#16051=EDGE_CURVE('',#16050,#16002,#16048,.T.) ;
#16056=EDGE_CURVE('',#16050,#16026,#16055,.T.) ;
#16078=EDGE_CURVE('',#16075,#16077,#16073,.T.) ;
#16085=EDGE_CURVE('',#16075,#16084,#16082,.T.) ;
#16092=EDGE_CURVE('',#16084,#16091,#16089,.T.) ;
#16101=EDGE_CURVE('',#16091,#16100,#16093,.T.) ;
#16111=EDGE_CURVE('',#16100,#16110,#16102,.T.) ;
#16121=EDGE_CURVE('',#16110,#16120,#16112,.T.) ;
#16128=EDGE_CURVE('',#16077,#16120,#16122,.T.) ;
#16143=EDGE_CURVE('',#16084,#16075,#16142,.T.) ;
#16152=EDGE_CURVE('',#16077,#16151,#16144,.T.) ;
#16162=EDGE_CURVE('',#16151,#16161,#16153,.T.) ;
#16172=EDGE_CURVE('',#16161,#16171,#16163,.T.) ;
#16179=EDGE_CURVE('',#16091,#16171,#16173,.T.) ;
#16201=EDGE_CURVE('',#16200,#15897,#16198,.F.) ;
#16208=EDGE_CURVE('',#16207,#15895,#16205,.F.) ;
#16217=EDGE_CURVE('',#16207,#16216,#16209,.T.) ;
#16227=EDGE_CURVE('',#16226,#16216,#16218,.T.) ;
#16237=EDGE_CURVE('',#16236,#16226,#16228,.T.) ;
#16244=EDGE_CURVE('',#16200,#16236,#16238,.T.) ;
#16263=EDGE_CURVE('',#16200,#16262,#16255,.T.) ;
#16273=EDGE_CURVE('',#16272,#16262,#16264,.T.) ;
#16283=EDGE_CURVE('',#16282,#16272,#16274,.T.) ;
#16290=EDGE_CURVE('',#16207,#16282,#16284,.T.) ;
#16314=EDGE_CURVE('',#15970,#16050,#16313,.F.) ;
#16331=EDGE_CURVE('',#16151,#16282,#16330,.T.) ;
#16336=EDGE_CURVE('',#16161,#16272,#16335,.T.) ;
#16353=EDGE_CURVE('',#16120,#16216,#16352,.T.) ;
#16372=EDGE_CURVE('',#16110,#16226,#16371,.T.) ;
#16389=EDGE_CURVE('',#16100,#16236,#16388,.T.) ;
#16406=EDGE_CURVE('',#16171,#16262,#16405,.T.) ;
#74=EDGE_LOOP('',(#75,#76,#77,#78)) ;
#135=EDGE_LOOP('',(#136,#137,#138,#139,#140,#141,#142)) ;
#158=EDGE_LOOP('',(#159,#160)) ;
#206=EDGE_LOOP('',(#207,#208,#209,#210,#211)) ;
#327=EDGE_LOOP('',(#328,#329,#330,#331,#332,#333,#334,#335,#336,#337,#338,#339,#340,#341,#342,#343)) ;
#370=EDGE_LOOP('',(#371,#372,#373,#374)) ;
#382=EDGE_LOOP('',(#383,#384,#385,#386)) ;
#489=EDGE_LOOP('',(#490,#491,#492,#493,#494,#495,#496,#497,#498,#499,#500,#501,#502,#503,#504,#505)) ;
#525=EDGE_LOOP('',(#526,#527,#528)) ;
#550=EDGE_LOOP('',(#551,#552,#553,#554)) ;
#601=EDGE_LOOP('',(#602,#603,#604,#605,#606,#607,#608)) ;
#624=EDGE_LOOP('',(#625,#626)) ;
#641=EDGE_LOOP('',(#642,#643,#644)) ;
#666=EDGE_LOOP('',(#667,#668,#669,#670)) ;
#734=EDGE_LOOP('',(#735,#736,#737,#738,#739,#740,#741,#742,#743,#744)) ;
#780=EDGE_LOOP('',(#781,#782,#783,#784)) ;
#814=EDGE_LOOP('',(#815,#816,#817,#818)) ;
#840=EDGE_LOOP('',(#841,#842,#843,#844)) ;
#883=EDGE_LOOP('',(#884,#885,#886,#887)) ;
#923=EDGE_LOOP('',(#924,#925,#926,#927)) ;
#940=EDGE_LOOP('',(#941,#942,#943,#944)) ;
#971=EDGE_LOOP('',(#972,#973,#974,#975)) ;
#996=EDGE_LOOP('',(#997,#998,#999)) ;
#1020=EDGE_LOOP('',(#1021,#1022,#1023)) ;
#1050=EDGE_LOOP('',(#1051,#1052,#1053,#1054)) ;
#1081=EDGE_LOOP('',(#1082,#1083,#1084,#1085)) ;
#1112=EDGE_LOOP('',(#1113,#1114,#1115,#1116)) ;
#1143=EDGE_LOOP('',(#1144,#1145,#1146,#1147)) ;
#1174=EDGE_LOOP('',(#1175,#1176,#1177,#1178)) ;
#1214=EDGE_LOOP('',(#1215,#1216,#1217,#1218)) ;
#1245=EDGE_LOOP('',(#1246,#1247,#1248,#1249)) ;
#1276=EDGE_LOOP('',(#1277,#1278,#1279,#1280)) ;
#1302=EDGE_LOOP('',(#1303,#1304,#1305,#1306)) ;
#1333=EDGE_LOOP('',(#1334,#1335,#1336,#1337)) ;
#1364=EDGE_LOOP('',(#1365,#1366,#1367,#1368)) ;
#1395=EDGE_LOOP('',(#1396,#1397,#1398,#1399)) ;
#1422=EDGE_LOOP('',(#1423,#1424,#1425)) ;
#1448=EDGE_LOOP('',(#1449,#1450,#1451)) ;
#1487=EDGE_LOOP('',(#1488,#1489,#1490,#1491)) ;
#1504=EDGE_LOOP('',(#1505,#1506,#1507,#1508)) ;
#1530=EDGE_LOOP('',(#1531,#1532)) ;
#1534=EDGE_LOOP('',(#1535,#1536)) ;
#1563=EDGE_LOOP('',(#1564,#1565,#1566,#1567)) ;
#1575=EDGE_LOOP('',(#1576,#1577,#1578,#1579)) ;
#1601=EDGE_LOOP('',(#1602,#1603)) ;
#1605=EDGE_LOOP('',(#1606,#1607)) ;
#1634=EDGE_LOOP('',(#1635,#1636,#1637,#1638)) ;
#1646=EDGE_LOOP('',(#1647,#1648,#1649,#1650)) ;
#1672=EDGE_LOOP('',(#1673,#1674)) ;
#1690=EDGE_LOOP('',(#1691,#1692)) ;
#1708=EDGE_LOOP('',(#1709,#1710)) ;
#1712=EDGE_LOOP('',(#1713,#1714)) ;
#1741=EDGE_LOOP('',(#1742,#1743,#1744,#1745)) ;
#1753=EDGE_LOOP('',(#1754,#1755,#1756,#1757)) ;
#1779=EDGE_LOOP('',(#1780,#1781)) ;
#1783=EDGE_LOOP('',(#1784,#1785)) ;
#1807=EDGE_LOOP('',(#1808,#1809)) ;
#1826=EDGE_LOOP('',(#1827,#1828)) ;
#1846=EDGE_LOOP('',(#1847,#1848,#1849,#1850)) ;
#1853=EDGE_LOOP('',(#1854,#1855,#1856,#1857)) ;
#1875=EDGE_LOOP('',(#1876,#1877,#1878,#1879)) ;
#1882=EDGE_LOOP('',(#1883,#1884,#1885,#1886)) ;
#1913=EDGE_LOOP('',(#1914,#1915,#1916,#1917)) ;
#1947=EDGE_LOOP('',(#1948,#1949,#1950,#1951)) ;
#1981=EDGE_LOOP('',(#1982,#1983,#1984,#1985)) ;
#1993=EDGE_LOOP('',(#1994,#1995,#1996,#1997)) ;
#2033=EDGE_LOOP('',(#2034,#2035,#2036,#2037)) ;
#2050=EDGE_LOOP('',(#2051,#2052,#2053,#2054)) ;
#2084=EDGE_LOOP('',(#2085,#2086,#2087)) ;
#2117=EDGE_LOOP('',(#2118,#2119,#2120,#2121)) ;
#2144=EDGE_LOOP('',(#2145,#2146,#2147)) ;
#2183=EDGE_LOOP('',(#2184,#2185,#2186,#2187)) ;
#2200=EDGE_LOOP('',(#2201,#2202,#2203,#2204)) ;
#2231=EDGE_LOOP('',(#2232,#2233,#2234,#2235)) ;
#2255=EDGE_LOOP('',(#2256,#2257,#2258,#2259)) ;
#2279=EDGE_LOOP('',(#2280,#2281,#2282,#2283)) ;
#2298=EDGE_LOOP('',(#2299,#2300,#2301,#2302)) ;
#2322=EDGE_LOOP('',(#2323,#2324,#2325,#2326)) ;
#2346=EDGE_LOOP('',(#2347,#2348,#2349,#2350)) ;
#2370=EDGE_LOOP('',(#2371,#2372,#2373,#2374)) ;
#2398=EDGE_LOOP('',(#2399,#2400,#2401,#2402,#2403,#2404,#2405)) ;
#2427=EDGE_LOOP('',(#2428,#2429,#2430,#2431)) ;
#2439=EDGE_LOOP('',(#2440,#2441,#2442,#2443)) ;
#2456=EDGE_LOOP('',(#2457,#2458,#2459,#2460)) ;
#2471=EDGE_LOOP('',(#2472,#2473,#2474,#2475,#2476,#2477,#2478)) ;
#2514=EDGE_LOOP('',(#2515,#2516,#2517,#2518)) ;
#2531=EDGE_LOOP('',(#2532,#2533,#2534,#2535)) ;
#2553=EDGE_LOOP('',(#2554,#2555,#2556,#2557)) ;
#2570=EDGE_LOOP('',(#2571,#2572,#2573,#2574,#2575,#2576,#2577,#2578,#2579,#2580)) ;
#2593=EDGE_LOOP('',(#2594,#2595,#2596,#2597,#2598,#2599,#2600)) ;
#2602=EDGE_LOOP('',(#2603,#2604)) ;
#2617=EDGE_LOOP('',(#2618,#2619,#2620,#2621,#2622,#2623,#2624,#2625,#2626,#2627,#2628)) ;
#2631=EDGE_LOOP('',(#2632,#2633,#2634,#2635)) ;
#2654=EDGE_LOOP('',(#2655,#2656,#2657,#2658,#2659,#2660,#2661)) ;
#2674=EDGE_LOOP('',(#2675,#2676,#2677,#2678)) ;
#2696=EDGE_LOOP('',(#2697,#2698,#2699,#2700,#2701,#2702,#2703)) ;
#2705=EDGE_LOOP('',(#2706,#2707)) ;
#2710=EDGE_LOOP('',(#2711,#2712,#2713,#2714)) ;
#2798=EDGE_LOOP('',(#2799,#2800,#2801,#2802,#2803,#2804,#2805,#2806,#2807,#2808,#2809,#2810,#2811,#2812,#2813,#2814,#2815,#2816,#2817,#2818,#2819,#2820,#2821,#2822,#2823,#2824,#2825,#2826,#2827,#2828,#2829,#2830,#2831,#2832,#2833,#2834,#2835,#2836,#2837,#2838,#2839,#2840,#2841,#2842,#2843,#2844,#2845,#2846,#2847,#2848,#2849)) ;
#2851=EDGE_LOOP('',(#2852,#2853)) ;
#2873=EDGE_LOOP('',(#2874,#2875,#2876,#2877,#2878,#2879,#2880)) ;
#2882=EDGE_LOOP('',(#2883,#2884)) ;
#2904=EDGE_LOOP('',(#2905,#2906,#2907,#2908,#2909,#2910,#2911)) ;
#2913=EDGE_LOOP('',(#2914,#2915)) ;
#2935=EDGE_LOOP('',(#2936,#2937,#2938,#2939,#2940,#2941,#2942)) ;
#2944=EDGE_LOOP('',(#2945,#2946)) ;
#2973=EDGE_LOOP('',(#2974,#2975,#2976,#2977,#2978,#2979,#2980)) ;
#2982=EDGE_LOOP('',(#2983,#2984)) ;
#3011=EDGE_LOOP('',(#3012,#3013,#3014,#3015,#3016,#3017,#3018)) ;
#3020=EDGE_LOOP('',(#3021,#3022)) ;
#3049=EDGE_LOOP('',(#3050,#3051,#3052,#3053,#3054,#3055,#3056)) ;
#3058=EDGE_LOOP('',(#3059,#3060)) ;
#3080=EDGE_LOOP('',(#3081,#3082,#3083,#3084,#3085,#3086,#3087)) ;
#3089=EDGE_LOOP('',(#3090,#3091)) ;
#3118=EDGE_LOOP('',(#3119,#3120,#3121,#3122,#3123,#3124,#3125)) ;
#3127=EDGE_LOOP('',(#3128,#3129)) ;
#3142=EDGE_LOOP('',(#3143,#3144,#3145,#3146)) ;
#3159=EDGE_LOOP('',(#3160,#3161,#3162,#3163)) ;
#3166=EDGE_LOOP('',(#3167,#3168,#3169)) ;
#3177=EDGE_LOOP('',(#3178,#3179,#3180,#3181)) ;
#3189=EDGE_LOOP('',(#3190,#3191,#3192,#3193)) ;
#3196=EDGE_LOOP('',(#3197,#3198,#3199)) ;
#3212=EDGE_LOOP('',(#3213,#3214,#3215,#3216)) ;
#3229=EDGE_LOOP('',(#3230,#3231,#3232,#3233)) ;
#3236=EDGE_LOOP('',(#3237,#3238,#3239)) ;
#3247=EDGE_LOOP('',(#3248,#3249,#3250,#3251)) ;
#3259=EDGE_LOOP('',(#3260,#3261,#3262,#3263)) ;
#3266=EDGE_LOOP('',(#3267,#3268,#3269)) ;
#3337=EDGE_LOOP('',(#3338,#3339,#3340,#3341)) ;
#3354=EDGE_LOOP('',(#3355,#3356,#3357,#3358)) ;
#3403=EDGE_LOOP('',(#3404,#3405,#3406,#3407)) ;
#3427=EDGE_LOOP('',(#3428,#3429,#3430)) ;
#3470=EDGE_LOOP('',(#3471,#3472,#3473,#3474)) ;
#3489=EDGE_LOOP('',(#3490,#3491,#3492)) ;
#3514=EDGE_LOOP('',(#3515,#3516)) ;
#3543=EDGE_LOOP('',(#3544,#3545,#3546,#3547)) ;
#3555=EDGE_LOOP('',(#3556,#3557,#3558,#3559)) ;
#3581=EDGE_LOOP('',(#3582,#3583)) ;
#3585=EDGE_LOOP('',(#3586,#3587)) ;
#3614=EDGE_LOOP('',(#3615,#3616,#3617,#3618)) ;
#3626=EDGE_LOOP('',(#3627,#3628,#3629,#3630)) ;
#3660=EDGE_LOOP('',(#3661,#3662,#3663,#3664)) ;
#3689=EDGE_LOOP('',(#3690,#3691,#3692,#3693)) ;
#3759=EDGE_LOOP('',(#3760,#3761,#3762,#3763,#3764,#3765,#3766)) ;
#3811=EDGE_LOOP('',(#3812,#3813,#3814,#3815,#3816,#3817,#3818)) ;
#3820=EDGE_LOOP('',(#3821,#3822)) ;
#3847=EDGE_LOOP('',(#3848,#3849,#3850,#3851,#3852,#3853,#3854,#3855,#3856)) ;
#3872=EDGE_LOOP('',(#3873,#3874,#3875,#3876,#3877,#3878,#3879,#3880,#3881)) ;
#3908=EDGE_LOOP('',(#3909,#3910,#3911,#3912,#3913)) ;
#3941=EDGE_LOOP('',(#3942,#3943,#3944,#3945,#3946,#3947,#3948)) ;
#3950=EDGE_LOOP('',(#3951,#3952)) ;
#3965=EDGE_LOOP('',(#3966,#3967,#3968,#3969)) ;
#3977=EDGE_LOOP('',(#3978,#3979,#3980,#3981)) ;
#4080=EDGE_LOOP('',(#4081,#4082,#4083,#4084)) ;
#4097=EDGE_LOOP('',(#4098,#4099,#4100,#4101)) ;
#4137=EDGE_LOOP('',(#4138,#4139,#4140,#4141)) ;
#4154=EDGE_LOOP('',(#4155,#4156,#4157,#4158)) ;
#4166=EDGE_LOOP('',(#4167,#4168)) ;
#4170=EDGE_LOOP('',(#4171,#4172)) ;
#4180=EDGE_LOOP('',(#4181,#4182)) ;
#4184=EDGE_LOOP('',(#4185,#4186)) ;
#4296=EDGE_LOOP('',(#4297,#4298,#4299,#4300)) ;
#4325=EDGE_LOOP('',(#4326,#4327,#4328,#4329)) ;
#4365=EDGE_LOOP('',(#4366,#4367,#4368,#4369)) ;
#4371=EDGE_LOOP('',(#4372,#4373)) ;
#4386=EDGE_LOOP('',(#4387,#4388,#4389,#4390)) ;
#4412=EDGE_LOOP('',(#4413,#4414)) ;
#4416=EDGE_LOOP('',(#4417,#4418)) ;
#4445=EDGE_LOOP('',(#4446,#4447,#4448,#4449)) ;
#4462=EDGE_LOOP('',(#4463,#4464,#4465,#4466)) ;
#4559=EDGE_LOOP('',(#4560,#4561,#4562,#4563)) ;
#4606=EDGE_LOOP('',(#4607,#4608)) ;
#4645=EDGE_LOOP('',(#4646,#4647,#4648,#4649)) ;
#4695=EDGE_LOOP('',(#4696,#4697)) ;
#4724=EDGE_LOOP('',(#4725,#4726,#4727,#4728)) ;
#4755=EDGE_LOOP('',(#4756,#4757,#4758,#4759)) ;
#4772=EDGE_LOOP('',(#4773,#4774,#4775,#4776)) ;
#4789=EDGE_LOOP('',(#4790,#4791,#4792,#4793)) ;
#5008=EDGE_LOOP('',(#5009,#5010,#5011,#5012)) ;
#5207=EDGE_LOOP('',(#5208,#5209,#5210,#5211)) ;
#5219=EDGE_LOOP('',(#5220,#5221)) ;
#5237=EDGE_LOOP('',(#5238,#5239)) ;
#5266=EDGE_LOOP('',(#5267,#5268,#5269,#5270)) ;
#5278=EDGE_LOOP('',(#5279,#5280,#5281,#5282)) ;
#5309=EDGE_LOOP('',(#5310,#5311,#5312,#5313)) ;
#5321=EDGE_LOOP('',(#5322,#5323,#5324,#5325)) ;
#5352=EDGE_LOOP('',(#5353,#5354,#5355,#5356)) ;
#5369=EDGE_LOOP('',(#5370,#5371,#5372,#5373)) ;
#5395=EDGE_LOOP('',(#5396,#5397)) ;
#5415=EDGE_LOOP('',(#5416,#5417,#5418,#5419)) ;
#5427=EDGE_LOOP('',(#5428,#5429,#5430,#5431)) ;
#5439=EDGE_LOOP('',(#5440,#5441)) ;
#5443=EDGE_LOOP('',(#5444,#5445)) ;
#5453=EDGE_LOOP('',(#5454,#5455)) ;
#5457=EDGE_LOOP('',(#5458,#5459)) ;
#5557=EDGE_LOOP('',(#5558,#5559,#5560,#5561)) ;
#5574=EDGE_LOOP('',(#5575,#5576,#5577,#5578)) ;
#5605=EDGE_LOOP('',(#5606,#5607,#5608,#5609)) ;
#5617=EDGE_LOOP('',(#5618,#5619)) ;
#5627=EDGE_LOOP('',(#5628,#5629,#5630,#5631)) ;
#5658=EDGE_LOOP('',(#5659,#5660,#5661,#5662)) ;
#5670=EDGE_LOOP('',(#5671,#5672,#5673,#5674)) ;
#5701=EDGE_LOOP('',(#5702,#5703,#5704,#5705)) ;
#5713=EDGE_LOOP('',(#5714,#5715,#5716,#5717)) ;
#5773=EDGE_LOOP('',(#5774,#5775,#5776,#5777,#5778,#5779)) ;
#5781=EDGE_LOOP('',(#5782,#5783)) ;
#5826=EDGE_LOOP('',(#5827,#5828,#5829,#5830,#5831)) ;
#5867=EDGE_LOOP('',(#5868,#5869,#5870,#5871)) ;
#5898=EDGE_LOOP('',(#5899,#5900,#5901,#5902)) ;
#5929=EDGE_LOOP('',(#5930,#5931,#5932,#5933)) ;
#5960=EDGE_LOOP('',(#5961,#5962,#5963,#5964)) ;
#5982=EDGE_LOOP('',(#5983,#5984,#5985,#5986)) ;
#6013=EDGE_LOOP('',(#6014,#6015,#6016,#6017)) ;
#6044=EDGE_LOOP('',(#6045,#6046,#6047,#6048)) ;
#6075=EDGE_LOOP('',(#6076,#6077,#6078,#6079)) ;
#6106=EDGE_LOOP('',(#6107,#6108,#6109,#6110)) ;
#6137=EDGE_LOOP('',(#6138,#6139,#6140,#6141)) ;
#6159=EDGE_LOOP('',(#6160,#6161,#6162,#6163)) ;
#6190=EDGE_LOOP('',(#6191,#6192,#6193,#6194)) ;
#6221=EDGE_LOOP('',(#6222,#6223,#6224,#6225)) ;
#6252=EDGE_LOOP('',(#6253,#6254,#6255,#6256)) ;
#6276=EDGE_LOOP('',(#6277,#6278,#6279,#6280)) ;
#6300=EDGE_LOOP('',(#6301,#6302,#6303,#6304)) ;
#6319=EDGE_LOOP('',(#6320,#6321,#6322,#6323)) ;
#6343=EDGE_LOOP('',(#6344,#6345,#6346,#6347)) ;
#6367=EDGE_LOOP('',(#6368,#6369,#6370,#6371)) ;
#6384=EDGE_LOOP('',(#6385,#6386,#6387,#6388)) ;
#6408=EDGE_LOOP('',(#6409,#6410,#6411,#6412)) ;
#6432=EDGE_LOOP('',(#6433,#6434,#6435,#6436)) ;
#6464=EDGE_LOOP('',(#6465,#6466,#6467,#6468,#6469,#6470)) ;
#6498=EDGE_LOOP('',(#6499,#6500,#6501,#6502,#6503,#6504)) ;
#6512=EDGE_LOOP('',(#6513,#6514,#6515,#6516,#6517,#6518,#6519,#6520,#6521,#6522,#6523,#6524)) ;
#6560=EDGE_LOOP('',(#6561,#6562,#6563,#6564)) ;
#6597=EDGE_LOOP('',(#6598,#6599,#6600,#6601)) ;
#6686=EDGE_LOOP('',(#6687,#6688,#6689,#6690,#6691,#6692)) ;
#6716=EDGE_LOOP('',(#6717,#6718,#6719,#6720)) ;
#6733=EDGE_LOOP('',(#6734,#6735,#6736,#6737)) ;
#6814=EDGE_LOOP('',(#6815,#6816,#6817,#6818,#6819,#6820)) ;
#6828=EDGE_LOOP('',(#6829,#6830,#6831,#6832)) ;
#6852=EDGE_LOOP('',(#6853,#6854,#6855,#6856)) ;
#6876=EDGE_LOOP('',(#6877,#6878,#6879,#6880)) ;
#6900=EDGE_LOOP('',(#6901,#6902,#6903,#6904)) ;
#6924=EDGE_LOOP('',(#6925,#6926,#6927,#6928)) ;
#6948=EDGE_LOOP('',(#6949,#6950,#6951,#6952)) ;
#6972=EDGE_LOOP('',(#6973,#6974,#6975,#6976)) ;
#6996=EDGE_LOOP('',(#6997,#6998,#6999,#7000)) ;
#7020=EDGE_LOOP('',(#7021,#7022,#7023,#7024)) ;
#7044=EDGE_LOOP('',(#7045,#7046,#7047,#7048)) ;
#7061=EDGE_LOOP('',(#7062,#7063,#7064,#7065)) ;
#7078=EDGE_LOOP('',(#7079,#7080,#7081,#7082,#7083,#7084,#7085,#7086,#7087,#7088,#7089,#7090,#7091,#7092,#7093)) ;
#7123=EDGE_LOOP('',(#7124,#7125,#7126,#7127)) ;
#7135=EDGE_LOOP('',(#7136,#7137,#7138,#7139)) ;
#7166=EDGE_LOOP('',(#7167,#7168,#7169,#7170)) ;
#7197=EDGE_LOOP('',(#7198,#7199,#7200,#7201)) ;
#7214=EDGE_LOOP('',(#7215,#7216,#7217,#7218)) ;
#7231=EDGE_LOOP('',(#7232,#7233,#7234,#7235)) ;
#7243=EDGE_LOOP('',(#7244,#7245,#7246,#7247)) ;
#7345=EDGE_LOOP('',(#7346,#7347,#7348,#7349)) ;
#7362=EDGE_LOOP('',(#7363,#7364,#7365,#7366)) ;
#7402=EDGE_LOOP('',(#7403,#7404,#7405,#7406)) ;
#7419=EDGE_LOOP('',(#7420,#7421,#7422,#7423)) ;
#7431=EDGE_LOOP('',(#7432,#7433)) ;
#7435=EDGE_LOOP('',(#7436,#7437)) ;
#7445=EDGE_LOOP('',(#7446,#7447)) ;
#7449=EDGE_LOOP('',(#7450,#7451)) ;
#7549=EDGE_LOOP('',(#7550,#7551,#7552,#7553)) ;
#7566=EDGE_LOOP('',(#7567,#7568,#7569,#7570)) ;
#7578=EDGE_LOOP('',(#7579,#7580)) ;
#7602=EDGE_LOOP('',(#7603,#7604)) ;
#7631=EDGE_LOOP('',(#7632,#7633,#7634,#7635)) ;
#7648=EDGE_LOOP('',(#7649,#7650,#7651,#7652)) ;
#7688=EDGE_LOOP('',(#7689,#7690,#7691,#7692)) ;
#7705=EDGE_LOOP('',(#7706,#7707,#7708,#7709)) ;
#7736=EDGE_LOOP('',(#7737,#7738,#7739,#7740)) ;
#7748=EDGE_LOOP('',(#7749,#7750,#7751,#7752)) ;
#7770=EDGE_LOOP('',(#7771,#7772,#7773,#7774)) ;
#7782=EDGE_LOOP('',(#7783,#7784,#7785,#7786)) ;
#7813=EDGE_LOOP('',(#7814,#7815,#7816,#7817)) ;
#7825=EDGE_LOOP('',(#7826,#7827,#7828,#7829)) ;
#7851=EDGE_LOOP('',(#7852,#7853)) ;
#7855=EDGE_LOOP('',(#7856,#7857)) ;
#7875=EDGE_LOOP('',(#7876,#7877,#7878,#7879)) ;
#7887=EDGE_LOOP('',(#7888,#7889,#7890,#7891)) ;
#7989=EDGE_LOOP('',(#7990,#7991,#7992,#7993)) ;
#8014=EDGE_LOOP('',(#8015,#8016,#8017,#8018)) ;
#8052=EDGE_LOOP('',(#8053,#8054,#8055,#8056)) ;
#8071=EDGE_LOOP('',(#8072,#8073)) ;
#8088=EDGE_LOOP('',(#8089,#8090,#8091,#8092)) ;
#8126=EDGE_LOOP('',(#8127,#8128,#8129,#8130)) ;
#8145=EDGE_LOOP('',(#8146,#8147,#8148,#8149)) ;
#8183=EDGE_LOOP('',(#8184,#8185,#8186,#8187)) ;
#8202=EDGE_LOOP('',(#8203,#8204,#8205,#8206)) ;
#8235=EDGE_LOOP('',(#8236,#8237)) ;
#8239=EDGE_LOOP('',(#8240,#8241)) ;
#8275=EDGE_LOOP('',(#8276,#8277,#8278,#8279)) ;
#8294=EDGE_LOOP('',(#8295,#8296,#8297,#8298)) ;
#8341=EDGE_LOOP('',(#8342,#8343,#8344,#8345)) ;
#8365=EDGE_LOOP('',(#8366,#8367,#8368,#8369)) ;
#8384=EDGE_LOOP('',(#8385,#8386)) ;
#8415=EDGE_LOOP('',(#8416,#8417,#8418,#8419)) ;
#8434=EDGE_LOOP('',(#8435,#8436,#8437,#8438)) ;
#8481=EDGE_LOOP('',(#8482,#8483,#8484,#8485)) ;
#8498=EDGE_LOOP('',(#8499,#8500,#8501,#8502)) ;
#8657=EDGE_LOOP('',(#8658,#8659,#8660,#8661,#8662,#8663,#8664,#8665,#8666,#8667,#8668,#8669,#8670,#8671,#8672,#8673,#8674,#8675,#8676,#8677,#8678)) ;
#8680=EDGE_LOOP('',(#8681,#8682)) ;
#8690=EDGE_LOOP('',(#8691,#8692)) ;
#8694=EDGE_LOOP('',(#8695,#8696)) ;
#8723=EDGE_LOOP('',(#8724,#8725,#8726,#8727)) ;
#8747=EDGE_LOOP('',(#8748,#8749,#8750,#8751)) ;
#8771=EDGE_LOOP('',(#8772,#8773,#8774,#8775)) ;
#8795=EDGE_LOOP('',(#8796,#8797,#8798,#8799)) ;
#8814=EDGE_LOOP('',(#8815,#8816,#8817,#8818)) ;
#8838=EDGE_LOOP('',(#8839,#8840,#8841,#8842)) ;
#8862=EDGE_LOOP('',(#8863,#8864,#8865,#8866)) ;
#8886=EDGE_LOOP('',(#8887,#8888,#8889,#8890)) ;
#8905=EDGE_LOOP('',(#8906,#8907,#8908,#8909)) ;
#8924=EDGE_LOOP('',(#8925,#8926,#8927,#8928)) ;
#8948=EDGE_LOOP('',(#8949,#8950,#8951,#8952)) ;
#8972=EDGE_LOOP('',(#8973,#8974,#8975,#8976)) ;
#8996=EDGE_LOOP('',(#8997,#8998,#8999,#9000)) ;
#9015=EDGE_LOOP('',(#9016,#9017,#9018,#9019)) ;
#9039=EDGE_LOOP('',(#9040,#9041,#9042,#9043)) ;
#9063=EDGE_LOOP('',(#9064,#9065,#9066,#9067)) ;
#9087=EDGE_LOOP('',(#9088,#9089,#9090,#9091)) ;
#9106=EDGE_LOOP('',(#9107,#9108,#9109,#9110)) ;
#9130=EDGE_LOOP('',(#9131,#9132,#9133,#9134)) ;
#9154=EDGE_LOOP('',(#9155,#9156,#9157,#9158)) ;
#9171=EDGE_LOOP('',(#9172,#9173,#9174,#9175)) ;
#9208=EDGE_LOOP('',(#9209,#9210,#9211,#9212)) ;
#9272=EDGE_LOOP('',(#9273,#9274,#9275)) ;
#9298=EDGE_LOOP('',(#9299,#9300,#9301,#9302)) ;
#9362=EDGE_LOOP('',(#9363,#9364,#9365)) ;
#9388=EDGE_LOOP('',(#9389,#9390,#9391,#9392)) ;
#9452=EDGE_LOOP('',(#9453,#9454,#9455)) ;
#9478=EDGE_LOOP('',(#9479,#9480,#9481,#9482)) ;
#9542=EDGE_LOOP('',(#9543,#9544,#9545)) ;
#9575=EDGE_LOOP('',(#9576,#9577,#9578,#9579,#9580,#9581)) ;
#9641=EDGE_LOOP('',(#9642,#9643,#9644)) ;
#9667=EDGE_LOOP('',(#9668,#9669,#9670,#9671)) ;
#9731=EDGE_LOOP('',(#9732,#9733,#9734)) ;
#9757=EDGE_LOOP('',(#9758,#9759,#9760,#9761)) ;
#9821=EDGE_LOOP('',(#9822,#9823,#9824)) ;
#9847=EDGE_LOOP('',(#9848,#9849,#9850,#9851)) ;
#9911=EDGE_LOOP('',(#9912,#9913,#9914)) ;
#9937=EDGE_LOOP('',(#9938,#9939,#9940,#9941)) ;
#10001=EDGE_LOOP('',(#10002,#10003,#10004)) ;
#10025=EDGE_LOOP('',(#10026,#10027,#10028,#10029)) ;
#10069=EDGE_LOOP('',(#10070,#10071,#10072)) ;
#10080=EDGE_LOOP('',(#10081,#10082,#10083,#10084,#10085,#10086,#10087,#10088,#10089,#10090,#10091)) ;
#10093=EDGE_LOOP('',(#10094,#10095)) ;
#10164=EDGE_LOOP('',(#10165,#10166,#10167,#10168)) ;
#10181=EDGE_LOOP('',(#10182,#10183,#10184,#10185)) ;
#10221=EDGE_LOOP('',(#10222,#10223,#10224,#10225)) ;
#10238=EDGE_LOOP('',(#10239,#10240,#10241,#10242)) ;
#10250=EDGE_LOOP('',(#10251,#10252)) ;
#10254=EDGE_LOOP('',(#10255,#10256)) ;
#10264=EDGE_LOOP('',(#10265,#10266)) ;
#10268=EDGE_LOOP('',(#10269,#10270)) ;
#10338=EDGE_LOOP('',(#10339,#10340,#10341,#10342)) ;
#10355=EDGE_LOOP('',(#10356,#10357,#10358,#10359)) ;
#10381=EDGE_LOOP('',(#10382,#10383)) ;
#10385=EDGE_LOOP('',(#10386,#10387)) ;
#10414=EDGE_LOOP('',(#10415,#10416,#10417,#10418)) ;
#10426=EDGE_LOOP('',(#10427,#10428,#10429,#10430)) ;
#10585=EDGE_LOOP('',(#10586,#10587,#10588,#10589,#10590,#10591,#10592,#10593,#10594,#10595,#10596,#10597,#10598,#10599,#10600,#10601,#10602,#10603,#10604,#10605,#10606)) ;
#10608=EDGE_LOOP('',(#10609,#10610)) ;
#10637=EDGE_LOOP('',(#10638,#10639,#10640,#10641)) ;
#10661=EDGE_LOOP('',(#10662,#10663,#10664,#10665)) ;
#10685=EDGE_LOOP('',(#10686,#10687,#10688,#10689)) ;
#10709=EDGE_LOOP('',(#10710,#10711,#10712,#10713)) ;
#10733=EDGE_LOOP('',(#10734,#10735,#10736,#10737)) ;
#10759=EDGE_LOOP('',(#10760,#10761,#10762,#10763)) ;
#10783=EDGE_LOOP('',(#10784,#10785,#10786,#10787)) ;
#10800=EDGE_LOOP('',(#10801,#10802,#10803,#10804)) ;
#10819=EDGE_LOOP('',(#10820,#10821,#10822,#10823)) ;
#10843=EDGE_LOOP('',(#10844,#10845,#10846,#10847)) ;
#10867=EDGE_LOOP('',(#10868,#10869,#10870,#10871)) ;
#10891=EDGE_LOOP('',(#10892,#10893,#10894,#10895)) ;
#10910=EDGE_LOOP('',(#10911,#10912,#10913,#10914)) ;
#10934=EDGE_LOOP('',(#10935,#10936,#10937,#10938)) ;
#10958=EDGE_LOOP('',(#10959,#10960,#10961,#10962)) ;
#10982=EDGE_LOOP('',(#10983,#10984,#10985,#10986)) ;
#11001=EDGE_LOOP('',(#11002,#11003,#11004,#11005)) ;
#11025=EDGE_LOOP('',(#11026,#11027,#11028,#11029)) ;
#11044=EDGE_LOOP('',(#11045,#11046,#11047,#11048)) ;
#11068=EDGE_LOOP('',(#11069,#11070,#11071,#11072)) ;
#11157=EDGE_LOOP('',(#11158,#11159,#11160,#11161,#11162,#11163,#11164,#11165,#11166,#11167,#11168)) ;
#11170=EDGE_LOOP('',(#11171,#11172)) ;
#11185=EDGE_LOOP('',(#11186,#11187,#11188,#11189)) ;
#11213=EDGE_LOOP('',(#11214,#11215,#11216,#11217)) ;
#11241=EDGE_LOOP('',(#11242,#11243,#11244,#11245)) ;
#11269=EDGE_LOOP('',(#11270,#11271,#11272,#11273)) ;
#11297=EDGE_LOOP('',(#11298,#11299,#11300,#11301)) ;
#11325=EDGE_LOOP('',(#11326,#11327,#11328,#11329)) ;
#11353=EDGE_LOOP('',(#11354,#11355,#11356,#11357)) ;
#11381=EDGE_LOOP('',(#11382,#11383,#11384,#11385)) ;
#11409=EDGE_LOOP('',(#11410,#11411,#11412,#11413)) ;
#11437=EDGE_LOOP('',(#11438,#11439,#11440,#11441)) ;
#11481=EDGE_LOOP('',(#11482,#11483,#11484)) ;
#11524=EDGE_LOOP('',(#11525,#11526,#11527)) ;
#11587=EDGE_LOOP('',(#11588,#11589,#11590)) ;
#11650=EDGE_LOOP('',(#11651,#11652,#11653)) ;
#11693=EDGE_LOOP('',(#11694,#11695,#11696)) ;
#11736=EDGE_LOOP('',(#11737,#11738,#11739)) ;
#11779=EDGE_LOOP('',(#11780,#11781,#11782)) ;
#11822=EDGE_LOOP('',(#11823,#11824,#11825)) ;
#11865=EDGE_LOOP('',(#11866,#11867,#11868)) ;
#11908=EDGE_LOOP('',(#11909,#11910,#11911)) ;
#11919=EDGE_LOOP('',(#11920,#11921,#11922,#11923,#11924,#11925)) ;
#12000=EDGE_LOOP('',(#12001,#12002,#12003,#12004,#12005)) ;
#12188=EDGE_LOOP('',(#12189,#12190,#12191,#12192,#12193,#12194,#12195,#12196,#12197,#12198,#12199,#12200,#12201,#12202,#12203,#12204,#12205,#12206,#12207,#12208,#12209,#12210,#12211,#12212,#12213)) ;
#12333=EDGE_LOOP('',(#12334,#12335,#12336,#12337,#12338,#12339,#12340,#12341,#12342,#12343,#12344,#12345,#12346,#12347,#12348,#12349,#12350,#12351,#12352,#12353)) ;
#12369=EDGE_LOOP('',(#12370,#12371)) ;
#12387=EDGE_LOOP('',(#12388,#12389)) ;
#12405=EDGE_LOOP('',(#12406,#12407)) ;
#12423=EDGE_LOOP('',(#12424,#12425)) ;
#12441=EDGE_LOOP('',(#12442,#12443)) ;
#12459=EDGE_LOOP('',(#12460,#12461)) ;
#12477=EDGE_LOOP('',(#12478,#12479)) ;
#12492=EDGE_LOOP('',(#12493,#12494,#12495)) ;
#12508=EDGE_LOOP('',(#12509,#12510,#12511,#12512)) ;
#12520=EDGE_LOOP('',(#12521,#12522,#12523)) ;
#12550=EDGE_LOOP('',(#12551,#12552,#12553,#12554)) ;
#12574=EDGE_LOOP('',(#12575,#12576,#12577,#12578)) ;
#12598=EDGE_LOOP('',(#12599,#12600,#12601,#12602)) ;
#12622=EDGE_LOOP('',(#12623,#12624,#12625,#12626)) ;
#12646=EDGE_LOOP('',(#12647,#12648,#12649,#12650)) ;
#12670=EDGE_LOOP('',(#12671,#12672,#12673,#12674)) ;
#12694=EDGE_LOOP('',(#12695,#12696,#12697,#12698)) ;
#12713=EDGE_LOOP('',(#12714,#12715,#12716,#12717)) ;
#12737=EDGE_LOOP('',(#12738,#12739,#12740,#12741)) ;
#12761=EDGE_LOOP('',(#12762,#12763,#12764,#12765)) ;
#12785=EDGE_LOOP('',(#12786,#12787,#12788,#12789)) ;
#12804=EDGE_LOOP('',(#12805,#12806,#12807,#12808)) ;
#12828=EDGE_LOOP('',(#12829,#12830,#12831,#12832)) ;
#12852=EDGE_LOOP('',(#12853,#12854,#12855,#12856)) ;
#12876=EDGE_LOOP('',(#12877,#12878,#12879,#12880)) ;
#12900=EDGE_LOOP('',(#12901,#12902,#12903,#12904)) ;
#12924=EDGE_LOOP('',(#12925,#12926,#12927,#12928)) ;
#12948=EDGE_LOOP('',(#12949,#12950,#12951,#12952)) ;
#12972=EDGE_LOOP('',(#12973,#12974,#12975,#12976)) ;
#12996=EDGE_LOOP('',(#12997,#12998,#12999,#13000)) ;
#13020=EDGE_LOOP('',(#13021,#13022,#13023,#13024)) ;
#13044=EDGE_LOOP('',(#13045,#13046,#13047,#13048)) ;
#13068=EDGE_LOOP('',(#13069,#13070,#13071,#13072)) ;
#13092=EDGE_LOOP('',(#13093,#13094,#13095,#13096)) ;
#13109=EDGE_LOOP('',(#13110,#13111,#13112,#13113)) ;
#13140=EDGE_LOOP('',(#13141,#13142,#13143,#13144,#13145,#13146)) ;
#13154=EDGE_LOOP('',(#13155,#13156,#13157,#13158,#13159)) ;
#13186=EDGE_LOOP('',(#13187,#13188,#13189,#13190)) ;
#13198=EDGE_LOOP('',(#13199,#13200,#13201,#13202)) ;
#13229=EDGE_LOOP('',(#13230,#13231,#13232,#13233)) ;
#13241=EDGE_LOOP('',(#13242,#13243,#13244,#13245)) ;
#13272=EDGE_LOOP('',(#13273,#13274,#13275,#13276)) ;
#13284=EDGE_LOOP('',(#13285,#13286,#13287,#13288)) ;
#13315=EDGE_LOOP('',(#13316,#13317,#13318,#13319)) ;
#13327=EDGE_LOOP('',(#13328,#13329,#13330,#13331)) ;
#13358=EDGE_LOOP('',(#13359,#13360,#13361,#13362)) ;
#13370=EDGE_LOOP('',(#13371,#13372,#13373,#13374)) ;
#13401=EDGE_LOOP('',(#13402,#13403,#13404,#13405)) ;
#13413=EDGE_LOOP('',(#13414,#13415,#13416,#13417)) ;
#13444=EDGE_LOOP('',(#13445,#13446,#13447,#13448)) ;
#13456=EDGE_LOOP('',(#13457,#13458,#13459,#13460)) ;
#13468=EDGE_LOOP('',(#13469,#13470,#13471,#13472,#13473,#13474,#13475,#13476,#13477,#13478,#13479,#13480,#13481,#13482,#13483,#13484,#13485,#13486,#13487,#13488,#13489,#13490,#13491,#13492,#13493)) ;
#13509=EDGE_LOOP('',(#13510,#13511)) ;
#13513=EDGE_LOOP('',(#13514,#13515)) ;
#13517=EDGE_LOOP('',(#13518,#13519)) ;
#13521=EDGE_LOOP('',(#13522,#13523)) ;
#13525=EDGE_LOOP('',(#13526,#13527)) ;
#13529=EDGE_LOOP('',(#13530,#13531)) ;
#13533=EDGE_LOOP('',(#13534,#13535)) ;
#13537=EDGE_LOOP('',(#13538,#13539)) ;
#13547=EDGE_LOOP('',(#13548,#13549)) ;
#13565=EDGE_LOOP('',(#13566,#13567)) ;
#13594=EDGE_LOOP('',(#13595,#13596,#13597,#13598)) ;
#13606=EDGE_LOOP('',(#13607,#13608,#13609,#13610)) ;
#13628=EDGE_LOOP('',(#13629,#13630,#13631,#13632)) ;
#13635=EDGE_LOOP('',(#13636,#13637,#13638,#13639)) ;
#13666=EDGE_LOOP('',(#13667,#13668,#13669,#13670,#13671)) ;
#13684=EDGE_LOOP('',(#13685,#13686,#13687)) ;
#13700=EDGE_LOOP('',(#13701,#13702,#13703,#13704)) ;
#13712=EDGE_LOOP('',(#13713,#13714,#13715)) ;
#13742=EDGE_LOOP('',(#13743,#13744,#13745,#13746,#13747)) ;
#13760=EDGE_LOOP('',(#13761,#13762,#13763)) ;
#13776=EDGE_LOOP('',(#13777,#13778,#13779,#13780)) ;
#13788=EDGE_LOOP('',(#13789,#13790,#13791)) ;
#13855=EDGE_LOOP('',(#13856,#13857,#13858)) ;
#13883=EDGE_LOOP('',(#13884,#13885,#13886,#13887)) ;
#13935=EDGE_LOOP('',(#13936,#13937,#13938,#13939,#13940,#13941,#13942,#13943)) ;
#14003=EDGE_LOOP('',(#14004,#14005,#14006,#14007,#14008,#14009)) ;
#14047=EDGE_LOOP('',(#14048,#14049,#14050,#14051,#14052,#14053,#14054)) ;
#14105=EDGE_LOOP('',(#14106,#14107,#14108,#14109,#14110,#14111)) ;
#14151=EDGE_LOOP('',(#14152,#14153,#14154,#14155,#14156,#14157)) ;
#14218=EDGE_LOOP('',(#14219,#14220,#14221,#14222,#14223,#14224,#14225)) ;
#14267=EDGE_LOOP('',(#14268,#14269,#14270,#14271,#14272,#14273)) ;
#14276=EDGE_LOOP('',(#14277,#14278,#14279)) ;
#14282=EDGE_LOOP('',(#14283,#14284,#14285)) ;
#14293=EDGE_LOOP('',(#14294,#14295,#14296,#14297)) ;
#14300=EDGE_LOOP('',(#14301,#14302,#14303)) ;
#14306=EDGE_LOOP('',(#14307,#14308,#14309)) ;
#14312=EDGE_LOOP('',(#14313,#14314,#14315)) ;
#14351=EDGE_LOOP('',(#14352,#14353,#14354,#14355)) ;
#14368=EDGE_LOOP('',(#14369,#14370,#14371,#14372)) ;
#14399=EDGE_LOOP('',(#14400,#14401,#14402,#14403)) ;
#14411=EDGE_LOOP('',(#14412,#14413,#14414,#14415)) ;
#14467=EDGE_LOOP('',(#14468,#14469,#14470,#14471,#14472,#14473,#14474,#14475)) ;
#14477=EDGE_LOOP('',(#14478,#14479)) ;
#14482=EDGE_LOOP('',(#14483,#14484,#14485,#14486)) ;
#14489=EDGE_LOOP('',(#14490,#14491,#14492)) ;
#14495=EDGE_LOOP('',(#14496,#14497,#14498)) ;
#14501=EDGE_LOOP('',(#14502,#14503,#14504,#14505)) ;
#14508=EDGE_LOOP('',(#14509,#14510,#14511)) ;
#14514=EDGE_LOOP('',(#14515,#14516,#14517)) ;
#14525=EDGE_LOOP('',(#14526,#14527)) ;
#14625=EDGE_LOOP('',(#14626,#14627,#14628,#14629)) ;
#14642=EDGE_LOOP('',(#14643,#14644,#14645,#14646)) ;
#14682=EDGE_LOOP('',(#14683,#14684,#14685,#14686)) ;
#14699=EDGE_LOOP('',(#14700,#14701,#14702,#14703)) ;
#14711=EDGE_LOOP('',(#14712,#14713)) ;
#14715=EDGE_LOOP('',(#14716,#14717)) ;
#14725=EDGE_LOOP('',(#14726,#14727)) ;
#14729=EDGE_LOOP('',(#14730,#14731)) ;
#14824=EDGE_LOOP('',(#14825,#14826,#14827)) ;
#14852=EDGE_LOOP('',(#14853,#14854,#14855,#14856)) ;
#14904=EDGE_LOOP('',(#14905,#14906,#14907,#14908,#14909,#14910,#14911,#14912)) ;
#14928=EDGE_LOOP('',(#14929,#14930)) ;
#15002=EDGE_LOOP('',(#15003,#15004,#15005,#15006,#15007,#15008)) ;
#15068=EDGE_LOOP('',(#15069,#15070,#15071,#15072,#15073,#15074,#15075,#15076)) ;
#15139=EDGE_LOOP('',(#15140,#15141,#15142,#15143,#15144,#15145)) ;
#15197=EDGE_LOOP('',(#15198,#15199,#15200,#15201,#15202,#15203)) ;
#15286=EDGE_LOOP('',(#15287,#15288,#15289,#15290,#15291,#15292,#15293,#15294)) ;
#15348=EDGE_LOOP('',(#15349,#15350,#15351,#15352,#15353,#15354)) ;
#15388=EDGE_LOOP('',(#15389,#15390,#15391,#15392,#15393)) ;
#15408=EDGE_LOOP('',(#15409,#15410,#15411,#15412,#15413)) ;
#15416=EDGE_LOOP('',(#15417,#15418,#15419)) ;
#15422=EDGE_LOOP('',(#15423,#15424,#15425)) ;
#15433=EDGE_LOOP('',(#15434,#15435,#15436,#15437)) ;
#15440=EDGE_LOOP('',(#15441,#15442,#15443)) ;
#15446=EDGE_LOOP('',(#15447,#15448,#15449)) ;
#15452=EDGE_LOOP('',(#15453,#15454,#15455)) ;
#15468=EDGE_LOOP('',(#15469,#15470,#15471)) ;
#15479=EDGE_LOOP('',(#15480,#15481,#15482)) ;
#15497=EDGE_LOOP('',(#15498,#15499,#15500,#15501)) ;
#15509=EDGE_LOOP('',(#15510,#15511,#15512)) ;
#15520=EDGE_LOOP('',(#15521,#15522,#15523)) ;
#15531=EDGE_LOOP('',(#15532,#15533,#15534)) ;
#15549=EDGE_LOOP('',(#15550,#15551,#15552)) ;
#15560=EDGE_LOOP('',(#15561,#15562,#15563,#15564)) ;
#15591=EDGE_LOOP('',(#15592,#15593,#15594,#15595)) ;
#15610=EDGE_LOOP('',(#15611,#15612,#15613,#15614)) ;
#15629=EDGE_LOOP('',(#15630,#15631,#15632,#15633)) ;
#15641=EDGE_LOOP('',(#15642,#15643,#15644,#15645)) ;
#15653=EDGE_LOOP('',(#15654,#15655,#15656,#15657,#15658,#15659,#15660,#15661)) ;
#15677=EDGE_LOOP('',(#15678,#15679)) ;
#15697=EDGE_LOOP('',(#15698,#15699,#15700,#15701,#15702)) ;
#15705=EDGE_LOOP('',(#15706,#15707,#15708,#15709,#15710)) ;
#15808=EDGE_LOOP('',(#15809,#15810,#15811,#15812)) ;
#15825=EDGE_LOOP('',(#15826,#15827)) ;
#15835=EDGE_LOOP('',(#15836,#15837,#15838,#15839)) ;
#15866=EDGE_LOOP('',(#15867,#15868,#15869,#15870)) ;
#15878=EDGE_LOOP('',(#15879,#15880,#15881,#15882)) ;
#15904=EDGE_LOOP('',(#15905,#15906)) ;
#15908=EDGE_LOOP('',(#15909,#15910)) ;
#15946=EDGE_LOOP('',(#15947,#15948,#15949,#15950)) ;
#15984=EDGE_LOOP('',(#15985,#15986,#15987,#15988,#15989)) ;
#16009=EDGE_LOOP('',(#16010,#16011,#16012,#16013)) ;
#16033=EDGE_LOOP('',(#16034,#16035,#16036,#16037)) ;
#16057=EDGE_LOOP('',(#16058,#16059,#16060,#16061,#16062)) ;
#16129=EDGE_LOOP('',(#16130,#16131,#16132,#16133,#16134,#16135,#16136)) ;
#16180=EDGE_LOOP('',(#16181,#16182,#16183,#16184,#16185,#16186,#16187)) ;
#16245=EDGE_LOOP('',(#16246,#16247,#16248,#16249,#16250,#16251,#16252)) ;
#16291=EDGE_LOOP('',(#16292,#16293,#16294,#16295,#16296,#16297,#16298)) ;
#16306=EDGE_LOOP('',(#16307,#16308)) ;
#16315=EDGE_LOOP('',(#16316,#16317,#16318,#16319)) ;
#16337=EDGE_LOOP('',(#16338,#16339,#16340,#16341)) ;
#16354=EDGE_LOOP('',(#16355,#16356,#16357,#16358,#16359,#16360)) ;
#16373=EDGE_LOOP('',(#16374,#16375,#16376,#16377)) ;
#16390=EDGE_LOOP('',(#16391,#16392,#16393,#16394)) ;
#16407=EDGE_LOOP('',(#16408,#16409,#16410,#16411,#16412,#16413)) ;
#16421=EDGE_LOOP('',(#16422,#16423,#16424,#16425)) ;
#16433=EDGE_LOOP('',(#16434,#16435,#16436,#16437)) ;
#79=FACE_OUTER_BOUND('',#74,.T.) ;
#143=FACE_OUTER_BOUND('',#135,.T.) ;
#212=FACE_OUTER_BOUND('',#206,.T.) ;
#344=FACE_OUTER_BOUND('',#327,.T.) ;
#375=FACE_OUTER_BOUND('',#370,.T.) ;
#387=FACE_OUTER_BOUND('',#382,.T.) ;
#506=FACE_OUTER_BOUND('',#489,.T.) ;
#529=FACE_OUTER_BOUND('',#525,.T.) ;
#555=FACE_OUTER_BOUND('',#550,.T.) ;
#609=FACE_OUTER_BOUND('',#601,.T.) ;
#645=FACE_OUTER_BOUND('',#641,.T.) ;
#671=FACE_OUTER_BOUND('',#666,.T.) ;
#745=FACE_OUTER_BOUND('',#734,.T.) ;
#785=FACE_OUTER_BOUND('',#780,.T.) ;
#819=FACE_OUTER_BOUND('',#814,.T.) ;
#845=FACE_OUTER_BOUND('',#840,.T.) ;
#888=FACE_OUTER_BOUND('',#883,.T.) ;
#928=FACE_OUTER_BOUND('',#923,.T.) ;
#945=FACE_OUTER_BOUND('',#940,.T.) ;
#976=FACE_OUTER_BOUND('',#971,.T.) ;
#1000=FACE_OUTER_BOUND('',#996,.T.) ;
#1024=FACE_OUTER_BOUND('',#1020,.T.) ;
#1055=FACE_OUTER_BOUND('',#1050,.T.) ;
#1086=FACE_OUTER_BOUND('',#1081,.T.) ;
#1117=FACE_OUTER_BOUND('',#1112,.T.) ;
#1148=FACE_OUTER_BOUND('',#1143,.T.) ;
#1179=FACE_OUTER_BOUND('',#1174,.T.) ;
#1219=FACE_OUTER_BOUND('',#1214,.T.) ;
#1250=FACE_OUTER_BOUND('',#1245,.T.) ;
#1281=FACE_OUTER_BOUND('',#1276,.T.) ;
#1307=FACE_OUTER_BOUND('',#1302,.T.) ;
#1338=FACE_OUTER_BOUND('',#1333,.T.) ;
#1369=FACE_OUTER_BOUND('',#1364,.T.) ;
#1400=FACE_OUTER_BOUND('',#1395,.T.) ;
#1426=FACE_OUTER_BOUND('',#1422,.T.) ;
#1452=FACE_OUTER_BOUND('',#1448,.T.) ;
#1492=FACE_OUTER_BOUND('',#1487,.T.) ;
#1509=FACE_OUTER_BOUND('',#1504,.T.) ;
#1533=FACE_OUTER_BOUND('',#1530,.T.) ;
#1568=FACE_OUTER_BOUND('',#1563,.T.) ;
#1580=FACE_OUTER_BOUND('',#1575,.T.) ;
#1604=FACE_OUTER_BOUND('',#1601,.T.) ;
#1639=FACE_OUTER_BOUND('',#1634,.T.) ;
#1651=FACE_OUTER_BOUND('',#1646,.T.) ;
#1675=FACE_OUTER_BOUND('',#1672,.T.) ;
#1746=FACE_OUTER_BOUND('',#1741,.T.) ;
#1758=FACE_OUTER_BOUND('',#1753,.T.) ;
#1782=FACE_OUTER_BOUND('',#1779,.T.) ;
#1810=FACE_OUTER_BOUND('',#1807,.T.) ;
#1829=FACE_OUTER_BOUND('',#1826,.T.) ;
#1851=FACE_OUTER_BOUND('',#1846,.T.) ;
#1858=FACE_OUTER_BOUND('',#1853,.T.) ;
#1880=FACE_OUTER_BOUND('',#1875,.T.) ;
#1887=FACE_OUTER_BOUND('',#1882,.T.) ;
#1918=FACE_OUTER_BOUND('',#1913,.T.) ;
#1952=FACE_OUTER_BOUND('',#1947,.T.) ;
#1986=FACE_OUTER_BOUND('',#1981,.T.) ;
#1998=FACE_OUTER_BOUND('',#1993,.T.) ;
#2038=FACE_OUTER_BOUND('',#2033,.T.) ;
#2055=FACE_OUTER_BOUND('',#2050,.T.) ;
#2088=FACE_OUTER_BOUND('',#2084,.T.) ;
#2122=FACE_OUTER_BOUND('',#2117,.T.) ;
#2148=FACE_OUTER_BOUND('',#2144,.T.) ;
#2188=FACE_OUTER_BOUND('',#2183,.T.) ;
#2205=FACE_OUTER_BOUND('',#2200,.T.) ;
#2236=FACE_OUTER_BOUND('',#2231,.T.) ;
#2260=FACE_OUTER_BOUND('',#2255,.T.) ;
#2284=FACE_OUTER_BOUND('',#2279,.T.) ;
#2303=FACE_OUTER_BOUND('',#2298,.T.) ;
#2327=FACE_OUTER_BOUND('',#2322,.T.) ;
#2351=FACE_OUTER_BOUND('',#2346,.T.) ;
#2375=FACE_OUTER_BOUND('',#2370,.T.) ;
#2406=FACE_OUTER_BOUND('',#2398,.T.) ;
#2432=FACE_OUTER_BOUND('',#2427,.T.) ;
#2444=FACE_OUTER_BOUND('',#2439,.T.) ;
#2461=FACE_OUTER_BOUND('',#2456,.T.) ;
#2479=FACE_OUTER_BOUND('',#2471,.T.) ;
#2519=FACE_OUTER_BOUND('',#2514,.T.) ;
#2536=FACE_OUTER_BOUND('',#2531,.T.) ;
#2558=FACE_OUTER_BOUND('',#2553,.T.) ;
#2581=FACE_OUTER_BOUND('',#2570,.T.) ;
#2601=FACE_OUTER_BOUND('',#2593,.T.) ;
#2629=FACE_OUTER_BOUND('',#2617,.T.) ;
#2636=FACE_OUTER_BOUND('',#2631,.T.) ;
#2662=FACE_OUTER_BOUND('',#2654,.T.) ;
#2679=FACE_OUTER_BOUND('',#2674,.T.) ;
#2704=FACE_OUTER_BOUND('',#2696,.T.) ;
#2715=FACE_OUTER_BOUND('',#2710,.T.) ;
#2850=FACE_OUTER_BOUND('',#2798,.T.) ;
#2881=FACE_OUTER_BOUND('',#2873,.T.) ;
#2912=FACE_OUTER_BOUND('',#2904,.T.) ;
#2943=FACE_OUTER_BOUND('',#2935,.T.) ;
#2981=FACE_OUTER_BOUND('',#2973,.T.) ;
#3019=FACE_OUTER_BOUND('',#3011,.T.) ;
#3057=FACE_OUTER_BOUND('',#3049,.T.) ;
#3088=FACE_OUTER_BOUND('',#3080,.T.) ;
#3126=FACE_OUTER_BOUND('',#3118,.T.) ;
#3147=FACE_OUTER_BOUND('',#3142,.T.) ;
#3164=FACE_OUTER_BOUND('',#3159,.T.) ;
#3170=FACE_OUTER_BOUND('',#3166,.T.) ;
#3182=FACE_OUTER_BOUND('',#3177,.T.) ;
#3194=FACE_OUTER_BOUND('',#3189,.T.) ;
#3200=FACE_OUTER_BOUND('',#3196,.T.) ;
#3217=FACE_OUTER_BOUND('',#3212,.T.) ;
#3234=FACE_OUTER_BOUND('',#3229,.T.) ;
#3240=FACE_OUTER_BOUND('',#3236,.T.) ;
#3252=FACE_OUTER_BOUND('',#3247,.T.) ;
#3264=FACE_OUTER_BOUND('',#3259,.T.) ;
#3270=FACE_OUTER_BOUND('',#3266,.T.) ;
#3342=FACE_OUTER_BOUND('',#3337,.T.) ;
#3359=FACE_OUTER_BOUND('',#3354,.T.) ;
#3408=FACE_OUTER_BOUND('',#3403,.T.) ;
#3431=FACE_OUTER_BOUND('',#3427,.T.) ;
#3475=FACE_OUTER_BOUND('',#3470,.T.) ;
#3493=FACE_OUTER_BOUND('',#3489,.T.) ;
#3517=FACE_OUTER_BOUND('',#3514,.T.) ;
#3548=FACE_OUTER_BOUND('',#3543,.T.) ;
#3560=FACE_OUTER_BOUND('',#3555,.T.) ;
#3584=FACE_OUTER_BOUND('',#3581,.T.) ;
#3619=FACE_OUTER_BOUND('',#3614,.T.) ;
#3631=FACE_OUTER_BOUND('',#3626,.T.) ;
#3665=FACE_OUTER_BOUND('',#3660,.T.) ;
#3694=FACE_OUTER_BOUND('',#3689,.T.) ;
#3767=FACE_OUTER_BOUND('',#3759,.T.) ;
#3819=FACE_OUTER_BOUND('',#3811,.T.) ;
#3857=FACE_OUTER_BOUND('',#3847,.T.) ;
#3882=FACE_OUTER_BOUND('',#3872,.T.) ;
#3914=FACE_OUTER_BOUND('',#3908,.T.) ;
#3949=FACE_OUTER_BOUND('',#3941,.T.) ;
#3970=FACE_OUTER_BOUND('',#3965,.T.) ;
#3982=FACE_OUTER_BOUND('',#3977,.T.) ;
#4085=FACE_OUTER_BOUND('',#4080,.T.) ;
#4102=FACE_OUTER_BOUND('',#4097,.T.) ;
#4142=FACE_OUTER_BOUND('',#4137,.T.) ;
#4159=FACE_OUTER_BOUND('',#4154,.T.) ;
#4169=FACE_OUTER_BOUND('',#4166,.T.) ;
#4183=FACE_OUTER_BOUND('',#4180,.T.) ;
#4301=FACE_OUTER_BOUND('',#4296,.T.) ;
#4330=FACE_OUTER_BOUND('',#4325,.T.) ;
#4370=FACE_OUTER_BOUND('',#4365,.T.) ;
#4391=FACE_OUTER_BOUND('',#4386,.T.) ;
#4415=FACE_OUTER_BOUND('',#4412,.T.) ;
#4450=FACE_OUTER_BOUND('',#4445,.T.) ;
#4467=FACE_OUTER_BOUND('',#4462,.T.) ;
#4564=FACE_OUTER_BOUND('',#4559,.T.) ;
#4650=FACE_OUTER_BOUND('',#4645,.T.) ;
#4729=FACE_OUTER_BOUND('',#4724,.T.) ;
#4760=FACE_OUTER_BOUND('',#4755,.T.) ;
#4777=FACE_OUTER_BOUND('',#4772,.T.) ;
#4794=FACE_OUTER_BOUND('',#4789,.T.) ;
#5013=FACE_OUTER_BOUND('',#5008,.T.) ;
#5212=FACE_OUTER_BOUND('',#5207,.T.) ;
#5222=FACE_OUTER_BOUND('',#5219,.T.) ;
#5271=FACE_OUTER_BOUND('',#5266,.T.) ;
#5283=FACE_OUTER_BOUND('',#5278,.T.) ;
#5314=FACE_OUTER_BOUND('',#5309,.T.) ;
#5326=FACE_OUTER_BOUND('',#5321,.T.) ;
#5357=FACE_OUTER_BOUND('',#5352,.T.) ;
#5374=FACE_OUTER_BOUND('',#5369,.T.) ;
#5398=FACE_OUTER_BOUND('',#5395,.T.) ;
#5420=FACE_OUTER_BOUND('',#5415,.T.) ;
#5432=FACE_OUTER_BOUND('',#5427,.T.) ;
#5442=FACE_OUTER_BOUND('',#5439,.T.) ;
#5456=FACE_OUTER_BOUND('',#5453,.T.) ;
#5562=FACE_OUTER_BOUND('',#5557,.T.) ;
#5579=FACE_OUTER_BOUND('',#5574,.T.) ;
#5610=FACE_OUTER_BOUND('',#5605,.T.) ;
#5620=FACE_OUTER_BOUND('',#5617,.T.) ;
#5632=FACE_OUTER_BOUND('',#5627,.T.) ;
#5663=FACE_OUTER_BOUND('',#5658,.T.) ;
#5675=FACE_OUTER_BOUND('',#5670,.T.) ;
#5706=FACE_OUTER_BOUND('',#5701,.T.) ;
#5718=FACE_OUTER_BOUND('',#5713,.T.) ;
#5780=FACE_OUTER_BOUND('',#5773,.T.) ;
#5832=FACE_OUTER_BOUND('',#5826,.T.) ;
#5872=FACE_OUTER_BOUND('',#5867,.T.) ;
#5903=FACE_OUTER_BOUND('',#5898,.T.) ;
#5934=FACE_OUTER_BOUND('',#5929,.T.) ;
#5965=FACE_OUTER_BOUND('',#5960,.T.) ;
#5987=FACE_OUTER_BOUND('',#5982,.T.) ;
#6018=FACE_OUTER_BOUND('',#6013,.T.) ;
#6049=FACE_OUTER_BOUND('',#6044,.T.) ;
#6080=FACE_OUTER_BOUND('',#6075,.T.) ;
#6111=FACE_OUTER_BOUND('',#6106,.T.) ;
#6142=FACE_OUTER_BOUND('',#6137,.T.) ;
#6164=FACE_OUTER_BOUND('',#6159,.T.) ;
#6195=FACE_OUTER_BOUND('',#6190,.T.) ;
#6226=FACE_OUTER_BOUND('',#6221,.T.) ;
#6257=FACE_OUTER_BOUND('',#6252,.T.) ;
#6281=FACE_OUTER_BOUND('',#6276,.T.) ;
#6305=FACE_OUTER_BOUND('',#6300,.T.) ;
#6324=FACE_OUTER_BOUND('',#6319,.T.) ;
#6348=FACE_OUTER_BOUND('',#6343,.T.) ;
#6372=FACE_OUTER_BOUND('',#6367,.T.) ;
#6389=FACE_OUTER_BOUND('',#6384,.T.) ;
#6413=FACE_OUTER_BOUND('',#6408,.T.) ;
#6437=FACE_OUTER_BOUND('',#6432,.T.) ;
#6471=FACE_OUTER_BOUND('',#6464,.T.) ;
#6505=FACE_OUTER_BOUND('',#6498,.T.) ;
#6525=FACE_OUTER_BOUND('',#6512,.T.) ;
#6565=FACE_OUTER_BOUND('',#6560,.T.) ;
#6602=FACE_OUTER_BOUND('',#6597,.T.) ;
#6693=FACE_OUTER_BOUND('',#6686,.T.) ;
#6721=FACE_OUTER_BOUND('',#6716,.T.) ;
#6738=FACE_OUTER_BOUND('',#6733,.T.) ;
#6821=FACE_OUTER_BOUND('',#6814,.T.) ;
#6833=FACE_OUTER_BOUND('',#6828,.T.) ;
#6857=FACE_OUTER_BOUND('',#6852,.T.) ;
#6881=FACE_OUTER_BOUND('',#6876,.T.) ;
#6905=FACE_OUTER_BOUND('',#6900,.T.) ;
#6929=FACE_OUTER_BOUND('',#6924,.T.) ;
#6953=FACE_OUTER_BOUND('',#6948,.T.) ;
#6977=FACE_OUTER_BOUND('',#6972,.T.) ;
#7001=FACE_OUTER_BOUND('',#6996,.T.) ;
#7025=FACE_OUTER_BOUND('',#7020,.T.) ;
#7049=FACE_OUTER_BOUND('',#7044,.T.) ;
#7066=FACE_OUTER_BOUND('',#7061,.T.) ;
#7094=FACE_OUTER_BOUND('',#7078,.T.) ;
#7140=FACE_OUTER_BOUND('',#7135,.T.) ;
#7171=FACE_OUTER_BOUND('',#7166,.T.) ;
#7202=FACE_OUTER_BOUND('',#7197,.T.) ;
#7219=FACE_OUTER_BOUND('',#7214,.T.) ;
#7236=FACE_OUTER_BOUND('',#7231,.T.) ;
#7248=FACE_OUTER_BOUND('',#7243,.T.) ;
#7350=FACE_OUTER_BOUND('',#7345,.T.) ;
#7367=FACE_OUTER_BOUND('',#7362,.T.) ;
#7407=FACE_OUTER_BOUND('',#7402,.T.) ;
#7424=FACE_OUTER_BOUND('',#7419,.T.) ;
#7434=FACE_OUTER_BOUND('',#7431,.T.) ;
#7448=FACE_OUTER_BOUND('',#7445,.T.) ;
#7554=FACE_OUTER_BOUND('',#7549,.T.) ;
#7571=FACE_OUTER_BOUND('',#7566,.T.) ;
#7581=FACE_OUTER_BOUND('',#7578,.T.) ;
#7605=FACE_OUTER_BOUND('',#7602,.T.) ;
#7636=FACE_OUTER_BOUND('',#7631,.T.) ;
#7653=FACE_OUTER_BOUND('',#7648,.T.) ;
#7693=FACE_OUTER_BOUND('',#7688,.T.) ;
#7710=FACE_OUTER_BOUND('',#7705,.T.) ;
#7741=FACE_OUTER_BOUND('',#7736,.T.) ;
#7753=FACE_OUTER_BOUND('',#7748,.T.) ;
#7775=FACE_OUTER_BOUND('',#7770,.T.) ;
#7787=FACE_OUTER_BOUND('',#7782,.T.) ;
#7818=FACE_OUTER_BOUND('',#7813,.T.) ;
#7830=FACE_OUTER_BOUND('',#7825,.T.) ;
#7854=FACE_OUTER_BOUND('',#7851,.T.) ;
#7880=FACE_OUTER_BOUND('',#7875,.T.) ;
#7892=FACE_OUTER_BOUND('',#7887,.T.) ;
#7994=FACE_OUTER_BOUND('',#7989,.T.) ;
#8019=FACE_OUTER_BOUND('',#8014,.T.) ;
#8057=FACE_OUTER_BOUND('',#8052,.T.) ;
#8074=FACE_OUTER_BOUND('',#8071,.T.) ;
#8093=FACE_OUTER_BOUND('',#8088,.T.) ;
#8131=FACE_OUTER_BOUND('',#8126,.T.) ;
#8150=FACE_OUTER_BOUND('',#8145,.T.) ;
#8188=FACE_OUTER_BOUND('',#8183,.T.) ;
#8207=FACE_OUTER_BOUND('',#8202,.T.) ;
#8238=FACE_OUTER_BOUND('',#8235,.T.) ;
#8280=FACE_OUTER_BOUND('',#8275,.T.) ;
#8299=FACE_OUTER_BOUND('',#8294,.T.) ;
#8346=FACE_OUTER_BOUND('',#8341,.T.) ;
#8370=FACE_OUTER_BOUND('',#8365,.T.) ;
#8387=FACE_OUTER_BOUND('',#8384,.T.) ;
#8420=FACE_OUTER_BOUND('',#8415,.T.) ;
#8439=FACE_OUTER_BOUND('',#8434,.T.) ;
#8486=FACE_OUTER_BOUND('',#8481,.T.) ;
#8503=FACE_OUTER_BOUND('',#8498,.T.) ;
#8679=FACE_OUTER_BOUND('',#8657,.T.) ;
#8693=FACE_OUTER_BOUND('',#8690,.T.) ;
#8728=FACE_OUTER_BOUND('',#8723,.T.) ;
#8752=FACE_OUTER_BOUND('',#8747,.T.) ;
#8776=FACE_OUTER_BOUND('',#8771,.T.) ;
#8800=FACE_OUTER_BOUND('',#8795,.T.) ;
#8819=FACE_OUTER_BOUND('',#8814,.T.) ;
#8843=FACE_OUTER_BOUND('',#8838,.T.) ;
#8867=FACE_OUTER_BOUND('',#8862,.T.) ;
#8891=FACE_OUTER_BOUND('',#8886,.T.) ;
#8910=FACE_OUTER_BOUND('',#8905,.T.) ;
#8929=FACE_OUTER_BOUND('',#8924,.T.) ;
#8953=FACE_OUTER_BOUND('',#8948,.T.) ;
#8977=FACE_OUTER_BOUND('',#8972,.T.) ;
#9001=FACE_OUTER_BOUND('',#8996,.T.) ;
#9020=FACE_OUTER_BOUND('',#9015,.T.) ;
#9044=FACE_OUTER_BOUND('',#9039,.T.) ;
#9068=FACE_OUTER_BOUND('',#9063,.T.) ;
#9092=FACE_OUTER_BOUND('',#9087,.T.) ;
#9111=FACE_OUTER_BOUND('',#9106,.T.) ;
#9135=FACE_OUTER_BOUND('',#9130,.T.) ;
#9159=FACE_OUTER_BOUND('',#9154,.T.) ;
#9176=FACE_OUTER_BOUND('',#9171,.T.) ;
#9213=FACE_OUTER_BOUND('',#9208,.T.) ;
#9276=FACE_OUTER_BOUND('',#9272,.T.) ;
#9303=FACE_OUTER_BOUND('',#9298,.T.) ;
#9366=FACE_OUTER_BOUND('',#9362,.T.) ;
#9393=FACE_OUTER_BOUND('',#9388,.T.) ;
#9456=FACE_OUTER_BOUND('',#9452,.T.) ;
#9483=FACE_OUTER_BOUND('',#9478,.T.) ;
#9546=FACE_OUTER_BOUND('',#9542,.T.) ;
#9582=FACE_OUTER_BOUND('',#9575,.T.) ;
#9645=FACE_OUTER_BOUND('',#9641,.T.) ;
#9672=FACE_OUTER_BOUND('',#9667,.T.) ;
#9735=FACE_OUTER_BOUND('',#9731,.T.) ;
#9762=FACE_OUTER_BOUND('',#9757,.T.) ;
#9825=FACE_OUTER_BOUND('',#9821,.T.) ;
#9852=FACE_OUTER_BOUND('',#9847,.T.) ;
#9915=FACE_OUTER_BOUND('',#9911,.T.) ;
#9942=FACE_OUTER_BOUND('',#9937,.T.) ;
#10005=FACE_OUTER_BOUND('',#10001,.T.) ;
#10030=FACE_OUTER_BOUND('',#10025,.T.) ;
#10073=FACE_OUTER_BOUND('',#10069,.T.) ;
#10092=FACE_OUTER_BOUND('',#10080,.T.) ;
#10169=FACE_OUTER_BOUND('',#10164,.T.) ;
#10186=FACE_OUTER_BOUND('',#10181,.T.) ;
#10226=FACE_OUTER_BOUND('',#10221,.T.) ;
#10243=FACE_OUTER_BOUND('',#10238,.T.) ;
#10253=FACE_OUTER_BOUND('',#10250,.T.) ;
#10267=FACE_OUTER_BOUND('',#10264,.T.) ;
#10343=FACE_OUTER_BOUND('',#10338,.T.) ;
#10360=FACE_OUTER_BOUND('',#10355,.T.) ;
#10384=FACE_OUTER_BOUND('',#10381,.T.) ;
#10419=FACE_OUTER_BOUND('',#10414,.T.) ;
#10431=FACE_OUTER_BOUND('',#10426,.T.) ;
#10607=FACE_OUTER_BOUND('',#10585,.T.) ;
#10642=FACE_OUTER_BOUND('',#10637,.T.) ;
#10666=FACE_OUTER_BOUND('',#10661,.T.) ;
#10690=FACE_OUTER_BOUND('',#10685,.T.) ;
#10714=FACE_OUTER_BOUND('',#10709,.T.) ;
#10738=FACE_OUTER_BOUND('',#10733,.T.) ;
#10764=FACE_OUTER_BOUND('',#10759,.T.) ;
#10788=FACE_OUTER_BOUND('',#10783,.T.) ;
#10805=FACE_OUTER_BOUND('',#10800,.T.) ;
#10824=FACE_OUTER_BOUND('',#10819,.T.) ;
#10848=FACE_OUTER_BOUND('',#10843,.T.) ;
#10872=FACE_OUTER_BOUND('',#10867,.T.) ;
#10896=FACE_OUTER_BOUND('',#10891,.T.) ;
#10915=FACE_OUTER_BOUND('',#10910,.T.) ;
#10939=FACE_OUTER_BOUND('',#10934,.T.) ;
#10963=FACE_OUTER_BOUND('',#10958,.T.) ;
#10987=FACE_OUTER_BOUND('',#10982,.T.) ;
#11006=FACE_OUTER_BOUND('',#11001,.T.) ;
#11030=FACE_OUTER_BOUND('',#11025,.T.) ;
#11049=FACE_OUTER_BOUND('',#11044,.T.) ;
#11073=FACE_OUTER_BOUND('',#11068,.T.) ;
#11169=FACE_OUTER_BOUND('',#11157,.T.) ;
#11190=FACE_OUTER_BOUND('',#11185,.T.) ;
#11218=FACE_OUTER_BOUND('',#11213,.T.) ;
#11246=FACE_OUTER_BOUND('',#11241,.T.) ;
#11274=FACE_OUTER_BOUND('',#11269,.T.) ;
#11302=FACE_OUTER_BOUND('',#11297,.T.) ;
#11330=FACE_OUTER_BOUND('',#11325,.T.) ;
#11358=FACE_OUTER_BOUND('',#11353,.T.) ;
#11386=FACE_OUTER_BOUND('',#11381,.T.) ;
#11414=FACE_OUTER_BOUND('',#11409,.T.) ;
#11442=FACE_OUTER_BOUND('',#11437,.T.) ;
#11485=FACE_OUTER_BOUND('',#11481,.T.) ;
#11528=FACE_OUTER_BOUND('',#11524,.T.) ;
#11591=FACE_OUTER_BOUND('',#11587,.T.) ;
#11654=FACE_OUTER_BOUND('',#11650,.T.) ;
#11697=FACE_OUTER_BOUND('',#11693,.T.) ;
#11740=FACE_OUTER_BOUND('',#11736,.T.) ;
#11783=FACE_OUTER_BOUND('',#11779,.T.) ;
#11826=FACE_OUTER_BOUND('',#11822,.T.) ;
#11869=FACE_OUTER_BOUND('',#11865,.T.) ;
#11912=FACE_OUTER_BOUND('',#11908,.T.) ;
#11926=FACE_OUTER_BOUND('',#11919,.T.) ;
#12006=FACE_OUTER_BOUND('',#12000,.T.) ;
#12214=FACE_OUTER_BOUND('',#12188,.T.) ;
#12496=FACE_OUTER_BOUND('',#12492,.T.) ;
#12513=FACE_OUTER_BOUND('',#12508,.T.) ;
#12524=FACE_OUTER_BOUND('',#12520,.T.) ;
#12555=FACE_OUTER_BOUND('',#12550,.T.) ;
#12579=FACE_OUTER_BOUND('',#12574,.T.) ;
#12603=FACE_OUTER_BOUND('',#12598,.T.) ;
#12627=FACE_OUTER_BOUND('',#12622,.T.) ;
#12651=FACE_OUTER_BOUND('',#12646,.T.) ;
#12675=FACE_OUTER_BOUND('',#12670,.T.) ;
#12699=FACE_OUTER_BOUND('',#12694,.T.) ;
#12718=FACE_OUTER_BOUND('',#12713,.T.) ;
#12742=FACE_OUTER_BOUND('',#12737,.T.) ;
#12766=FACE_OUTER_BOUND('',#12761,.T.) ;
#12790=FACE_OUTER_BOUND('',#12785,.T.) ;
#12809=FACE_OUTER_BOUND('',#12804,.T.) ;
#12833=FACE_OUTER_BOUND('',#12828,.T.) ;
#12857=FACE_OUTER_BOUND('',#12852,.T.) ;
#12881=FACE_OUTER_BOUND('',#12876,.T.) ;
#12905=FACE_OUTER_BOUND('',#12900,.T.) ;
#12929=FACE_OUTER_BOUND('',#12924,.T.) ;
#12953=FACE_OUTER_BOUND('',#12948,.T.) ;
#12977=FACE_OUTER_BOUND('',#12972,.T.) ;
#13001=FACE_OUTER_BOUND('',#12996,.T.) ;
#13025=FACE_OUTER_BOUND('',#13020,.T.) ;
#13049=FACE_OUTER_BOUND('',#13044,.T.) ;
#13073=FACE_OUTER_BOUND('',#13068,.T.) ;
#13097=FACE_OUTER_BOUND('',#13092,.T.) ;
#13114=FACE_OUTER_BOUND('',#13109,.T.) ;
#13147=FACE_OUTER_BOUND('',#13140,.T.) ;
#13160=FACE_OUTER_BOUND('',#13154,.T.) ;
#13191=FACE_OUTER_BOUND('',#13186,.T.) ;
#13203=FACE_OUTER_BOUND('',#13198,.T.) ;
#13234=FACE_OUTER_BOUND('',#13229,.T.) ;
#13246=FACE_OUTER_BOUND('',#13241,.T.) ;
#13277=FACE_OUTER_BOUND('',#13272,.T.) ;
#13289=FACE_OUTER_BOUND('',#13284,.T.) ;
#13320=FACE_OUTER_BOUND('',#13315,.T.) ;
#13332=FACE_OUTER_BOUND('',#13327,.T.) ;
#13363=FACE_OUTER_BOUND('',#13358,.T.) ;
#13375=FACE_OUTER_BOUND('',#13370,.T.) ;
#13406=FACE_OUTER_BOUND('',#13401,.T.) ;
#13418=FACE_OUTER_BOUND('',#13413,.T.) ;
#13449=FACE_OUTER_BOUND('',#13444,.T.) ;
#13461=FACE_OUTER_BOUND('',#13456,.T.) ;
#13494=FACE_OUTER_BOUND('',#13468,.T.) ;
#13550=FACE_OUTER_BOUND('',#13547,.T.) ;
#13599=FACE_OUTER_BOUND('',#13594,.T.) ;
#13611=FACE_OUTER_BOUND('',#13606,.T.) ;
#13633=FACE_OUTER_BOUND('',#13628,.T.) ;
#13640=FACE_OUTER_BOUND('',#13635,.T.) ;
#13672=FACE_OUTER_BOUND('',#13666,.T.) ;
#13688=FACE_OUTER_BOUND('',#13684,.T.) ;
#13705=FACE_OUTER_BOUND('',#13700,.T.) ;
#13716=FACE_OUTER_BOUND('',#13712,.T.) ;
#13748=FACE_OUTER_BOUND('',#13742,.T.) ;
#13764=FACE_OUTER_BOUND('',#13760,.T.) ;
#13781=FACE_OUTER_BOUND('',#13776,.T.) ;
#13792=FACE_OUTER_BOUND('',#13788,.T.) ;
#13859=FACE_OUTER_BOUND('',#13855,.T.) ;
#13888=FACE_OUTER_BOUND('',#13883,.T.) ;
#13944=FACE_OUTER_BOUND('',#13935,.T.) ;
#14010=FACE_OUTER_BOUND('',#14003,.T.) ;
#14055=FACE_OUTER_BOUND('',#14047,.T.) ;
#14112=FACE_OUTER_BOUND('',#14105,.T.) ;
#14158=FACE_OUTER_BOUND('',#14151,.T.) ;
#14226=FACE_OUTER_BOUND('',#14218,.T.) ;
#14274=FACE_OUTER_BOUND('',#14267,.T.) ;
#14280=FACE_OUTER_BOUND('',#14276,.T.) ;
#14286=FACE_OUTER_BOUND('',#14282,.T.) ;
#14298=FACE_OUTER_BOUND('',#14293,.T.) ;
#14304=FACE_OUTER_BOUND('',#14300,.T.) ;
#14310=FACE_OUTER_BOUND('',#14306,.T.) ;
#14316=FACE_OUTER_BOUND('',#14312,.T.) ;
#14356=FACE_OUTER_BOUND('',#14351,.T.) ;
#14373=FACE_OUTER_BOUND('',#14368,.T.) ;
#14404=FACE_OUTER_BOUND('',#14399,.T.) ;
#14416=FACE_OUTER_BOUND('',#14411,.T.) ;
#14476=FACE_OUTER_BOUND('',#14467,.T.) ;
#14487=FACE_OUTER_BOUND('',#14482,.T.) ;
#14493=FACE_OUTER_BOUND('',#14489,.T.) ;
#14499=FACE_OUTER_BOUND('',#14495,.T.) ;
#14506=FACE_OUTER_BOUND('',#14501,.T.) ;
#14512=FACE_OUTER_BOUND('',#14508,.T.) ;
#14518=FACE_OUTER_BOUND('',#14514,.T.) ;
#14528=FACE_OUTER_BOUND('',#14525,.T.) ;
#14630=FACE_OUTER_BOUND('',#14625,.T.) ;
#14647=FACE_OUTER_BOUND('',#14642,.T.) ;
#14687=FACE_OUTER_BOUND('',#14682,.T.) ;
#14704=FACE_OUTER_BOUND('',#14699,.T.) ;
#14714=FACE_OUTER_BOUND('',#14711,.T.) ;
#14728=FACE_OUTER_BOUND('',#14725,.T.) ;
#14828=FACE_OUTER_BOUND('',#14824,.T.) ;
#14857=FACE_OUTER_BOUND('',#14852,.T.) ;
#14913=FACE_OUTER_BOUND('',#14904,.T.) ;
#15009=FACE_OUTER_BOUND('',#15002,.T.) ;
#15077=FACE_OUTER_BOUND('',#15068,.T.) ;
#15146=FACE_OUTER_BOUND('',#15139,.T.) ;
#15204=FACE_OUTER_BOUND('',#15197,.T.) ;
#15295=FACE_OUTER_BOUND('',#15286,.T.) ;
#15355=FACE_OUTER_BOUND('',#15348,.T.) ;
#15394=FACE_OUTER_BOUND('',#15388,.T.) ;
#15414=FACE_OUTER_BOUND('',#15408,.T.) ;
#15420=FACE_OUTER_BOUND('',#15416,.T.) ;
#15426=FACE_OUTER_BOUND('',#15422,.T.) ;
#15438=FACE_OUTER_BOUND('',#15433,.T.) ;
#15444=FACE_OUTER_BOUND('',#15440,.T.) ;
#15450=FACE_OUTER_BOUND('',#15446,.T.) ;
#15456=FACE_OUTER_BOUND('',#15452,.T.) ;
#15472=FACE_OUTER_BOUND('',#15468,.T.) ;
#15483=FACE_OUTER_BOUND('',#15479,.T.) ;
#15502=FACE_OUTER_BOUND('',#15497,.T.) ;
#15513=FACE_OUTER_BOUND('',#15509,.T.) ;
#15524=FACE_OUTER_BOUND('',#15520,.T.) ;
#15535=FACE_OUTER_BOUND('',#15531,.T.) ;
#15553=FACE_OUTER_BOUND('',#15549,.T.) ;
#15565=FACE_OUTER_BOUND('',#15560,.T.) ;
#15596=FACE_OUTER_BOUND('',#15591,.T.) ;
#15615=FACE_OUTER_BOUND('',#15610,.T.) ;
#15634=FACE_OUTER_BOUND('',#15629,.T.) ;
#15646=FACE_OUTER_BOUND('',#15641,.T.) ;
#15662=FACE_OUTER_BOUND('',#15653,.T.) ;
#15703=FACE_OUTER_BOUND('',#15697,.T.) ;
#15711=FACE_OUTER_BOUND('',#15705,.T.) ;
#15813=FACE_OUTER_BOUND('',#15808,.T.) ;
#15828=FACE_OUTER_BOUND('',#15825,.T.) ;
#15840=FACE_OUTER_BOUND('',#15835,.T.) ;
#15871=FACE_OUTER_BOUND('',#15866,.T.) ;
#15883=FACE_OUTER_BOUND('',#15878,.T.) ;
#15907=FACE_OUTER_BOUND('',#15904,.T.) ;
#15951=FACE_OUTER_BOUND('',#15946,.T.) ;
#15990=FACE_OUTER_BOUND('',#15984,.T.) ;
#16014=FACE_OUTER_BOUND('',#16009,.T.) ;
#16038=FACE_OUTER_BOUND('',#16033,.T.) ;
#16063=FACE_OUTER_BOUND('',#16057,.T.) ;
#16137=FACE_OUTER_BOUND('',#16129,.T.) ;
#16188=FACE_OUTER_BOUND('',#16180,.T.) ;
#16253=FACE_OUTER_BOUND('',#16245,.T.) ;
#16299=FACE_OUTER_BOUND('',#16291,.T.) ;
#16309=FACE_OUTER_BOUND('',#16306,.T.) ;
#16342=FACE_OUTER_BOUND('',#16337,.T.) ;
#16361=FACE_OUTER_BOUND('',#16354,.T.) ;
#16378=FACE_OUTER_BOUND('',#16373,.T.) ;
#16395=FACE_OUTER_BOUND('',#16390,.T.) ;
#16414=FACE_OUTER_BOUND('',#16407,.T.) ;
#16426=FACE_OUTER_BOUND('',#16421,.T.) ;
#16438=FACE_OUTER_BOUND('',#16433,.T.) ;
#49=LINE('Line',#46,#48) ;
#65=LINE('Line',#62,#64) ;
#89=LINE('Line',#86,#88) ;
#106=LINE('Line',#103,#105) ;
#126=LINE('Line',#123,#125) ;
#133=LINE('Line',#130,#132) ;
#204=LINE('Line',#201,#203) ;
#354=LINE('Line',#351,#353) ;
#361=LINE('Line',#358,#360) ;
#516=LINE('Line',#513,#515) ;
#523=LINE('Line',#520,#522) ;
#543=LINE('Line',#540,#542) ;
#548=LINE('Line',#545,#547) ;
#565=LINE('Line',#562,#564) ;
#574=LINE('Line',#571,#573) ;
#592=LINE('Line',#589,#591) ;
#632=LINE('Line',#629,#631) ;
#639=LINE('Line',#636,#638) ;
#659=LINE('Line',#656,#658) ;
#664=LINE('Line',#661,#663) ;
#676=LINE('Line',#673,#675) ;
#690=LINE('Line',#687,#689) ;
#718=LINE('Line',#715,#717) ;
#732=LINE('Line',#729,#731) ;
#764=LINE('Line',#761,#763) ;
#778=LINE('Line',#775,#777) ;
#812=LINE('Line',#809,#811) ;
#824=LINE('Line',#821,#823) ;
#838=LINE('Line',#835,#837) ;
#867=LINE('Line',#864,#866) ;
#881=LINE('Line',#878,#880) ;
#898=LINE('Line',#895,#897) ;
#914=LINE('Line',#911,#913) ;
#955=LINE('Line',#952,#954) ;
#962=LINE('Line',#959,#961) ;
#969=LINE('Line',#966,#968) ;
#986=LINE('Line',#983,#985) ;
#1018=LINE('Line',#1015,#1017) ;
#1048=LINE('Line',#1045,#1047) ;
#1079=LINE('Line',#1076,#1078) ;
#1110=LINE('Line',#1107,#1109) ;
#1127=LINE('Line',#1124,#1126) ;
#1134=LINE('Line',#1131,#1133) ;
#1141=LINE('Line',#1138,#1140) ;
#1172=LINE('Line',#1169,#1171) ;
#1198=LINE('Line',#1195,#1197) ;
#1212=LINE('Line',#1209,#1211) ;
#1229=LINE('Line',#1226,#1228) ;
#1236=LINE('Line',#1233,#1235) ;
#1243=LINE('Line',#1240,#1242) ;
#1274=LINE('Line',#1271,#1273) ;
#1300=LINE('Line',#1297,#1299) ;
#1331=LINE('Line',#1328,#1330) ;
#1348=LINE('Line',#1345,#1347) ;
#1355=LINE('Line',#1352,#1354) ;
#1362=LINE('Line',#1359,#1361) ;
#1393=LINE('Line',#1390,#1392) ;
#1405=LINE('Line',#1402,#1404) ;
#1412=LINE('Line',#1409,#1411) ;
#1439=LINE('Line',#1436,#1438) ;
#1446=LINE('Line',#1443,#1445) ;
#1471=LINE('Line',#1468,#1470) ;
#1485=LINE('Line',#1482,#1484) ;
#1547=LINE('Line',#1544,#1546) ;
#1561=LINE('Line',#1558,#1560) ;
#1618=LINE('Line',#1615,#1617) ;
#1632=LINE('Line',#1629,#1631) ;
#1725=LINE('Line',#1722,#1724) ;
#1739=LINE('Line',#1736,#1738) ;
#1839=LINE('Line',#1836,#1838) ;
#1844=LINE('Line',#1841,#1843) ;
#1868=LINE('Line',#1865,#1867) ;
#1873=LINE('Line',#1870,#1872) ;
#1945=LINE('Line',#1942,#1944) ;
#1979=LINE('Line',#1976,#1978) ;
#2008=LINE('Line',#2005,#2007) ;
#2024=LINE('Line',#2021,#2023) ;
#2075=LINE('Line',#2072,#2074) ;
#2082=LINE('Line',#2079,#2081) ;
#2108=LINE('Line',#2105,#2107) ;
#2135=LINE('Line',#2132,#2134) ;
#2142=LINE('Line',#2139,#2141) ;
#2158=LINE('Line',#2155,#2157) ;
#2174=LINE('Line',#2171,#2173) ;
#2215=LINE('Line',#2212,#2214) ;
#2229=LINE('Line',#2226,#2228) ;
#2246=LINE('Line',#2243,#2245) ;
#2253=LINE('Line',#2250,#2252) ;
#2277=LINE('Line',#2274,#2276) ;
#2296=LINE('Line',#2293,#2295) ;
#2320=LINE('Line',#2317,#2319) ;
#2337=LINE('Line',#2334,#2336) ;
#2344=LINE('Line',#2341,#2343) ;
#2368=LINE('Line',#2365,#2367) ;
#2411=LINE('Line',#2408,#2410) ;
#2425=LINE('Line',#2422,#2424) ;
#2454=LINE('Line',#2451,#2453) ;
#2489=LINE('Line',#2486,#2488) ;
#2505=LINE('Line',#2502,#2504) ;
#2546=LINE('Line',#2543,#2545) ;
#2551=LINE('Line',#2548,#2550) ;
#2563=LINE('Line',#2560,#2562) ;
#2568=LINE('Line',#2565,#2567) ;
#2591=LINE('Line',#2588,#2590) ;
#2610=LINE('Line',#2607,#2609) ;
#2615=LINE('Line',#2612,#2614) ;
#2689=LINE('Line',#2686,#2688) ;
#2694=LINE('Line',#2691,#2693) ;
#2725=LINE('Line',#2722,#2724) ;
#2734=LINE('Line',#2731,#2733) ;
#2739=LINE('Line',#2736,#2738) ;
#2746=LINE('Line',#2743,#2745) ;
#2753=LINE('Line',#2750,#2752) ;
#2758=LINE('Line',#2755,#2757) ;
#2765=LINE('Line',#2762,#2764) ;
#2772=LINE('Line',#2769,#2771) ;
#2777=LINE('Line',#2774,#2776) ;
#2784=LINE('Line',#2781,#2783) ;
#2791=LINE('Line',#2788,#2790) ;
#2796=LINE('Line',#2793,#2795) ;
#2864=LINE('Line',#2861,#2863) ;
#2895=LINE('Line',#2892,#2894) ;
#2933=LINE('Line',#2930,#2932) ;
#2964=LINE('Line',#2961,#2963) ;
#2971=LINE('Line',#2968,#2970) ;
#3002=LINE('Line',#2999,#3001) ;
#3009=LINE('Line',#3006,#3008) ;
#3033=LINE('Line',#3030,#3032) ;
#3040=LINE('Line',#3037,#3039) ;
#3078=LINE('Line',#3075,#3077) ;
#3102=LINE('Line',#3099,#3101) ;
#3109=LINE('Line',#3106,#3108) ;
#3140=LINE('Line',#3137,#3139) ;
#3157=LINE('Line',#3154,#3156) ;
#3175=LINE('Line',#3172,#3174) ;
#3187=LINE('Line',#3184,#3186) ;
#3210=LINE('Line',#3207,#3209) ;
#3227=LINE('Line',#3224,#3226) ;
#3245=LINE('Line',#3242,#3244) ;
#3257=LINE('Line',#3254,#3256) ;
#3312=LINE('Line',#3309,#3311) ;
#3328=LINE('Line',#3325,#3327) ;
#3387=LINE('Line',#3384,#3386) ;
#3401=LINE('Line',#3398,#3400) ;
#3425=LINE('Line',#3422,#3424) ;
#3454=LINE('Line',#3451,#3453) ;
#3468=LINE('Line',#3465,#3467) ;
#3487=LINE('Line',#3484,#3486) ;
#3527=LINE('Line',#3524,#3526) ;
#3541=LINE('Line',#3538,#3540) ;
#3641=LINE('Line',#3638,#3640) ;
#3650=LINE('Line',#3647,#3649) ;
#3670=LINE('Line',#3667,#3669) ;
#3687=LINE('Line',#3684,#3686) ;
#3743=LINE('Line',#3740,#3742) ;
#3750=LINE('Line',#3747,#3749) ;
#3757=LINE('Line',#3754,#3756) ;
#3809=LINE('Line',#3806,#3808) ;
#3833=LINE('Line',#3830,#3832) ;
#3840=LINE('Line',#3837,#3839) ;
#3906=LINE('Line',#3903,#3905) ;
#4064=LINE('Line',#4061,#4063) ;
#4078=LINE('Line',#4075,#4077) ;
#4121=LINE('Line',#4118,#4120) ;
#4135=LINE('Line',#4132,#4134) ;
#4259=LINE('Line',#4256,#4258) ;
#4287=LINE('Line',#4284,#4286) ;
#4349=LINE('Line',#4346,#4348) ;
#4363=LINE('Line',#4360,#4362) ;
#4748=LINE('Line',#4745,#4747) ;
#4753=LINE('Line',#4750,#4752) ;
#5250=LINE('Line',#5247,#5249) ;
#5257=LINE('Line',#5254,#5256) ;
#5293=LINE('Line',#5290,#5292) ;
#5307=LINE('Line',#5304,#5306) ;
#5541=LINE('Line',#5538,#5540) ;
#5555=LINE('Line',#5552,#5554) ;
#5589=LINE('Line',#5586,#5588) ;
#5603=LINE('Line',#5600,#5602) ;
#5642=LINE('Line',#5639,#5641) ;
#5656=LINE('Line',#5653,#5655) ;
#5685=LINE('Line',#5682,#5684) ;
#5699=LINE('Line',#5696,#5698) ;
#5761=LINE('Line',#5758,#5760) ;
#5803=LINE('Line',#5800,#5802) ;
#5817=LINE('Line',#5814,#5816) ;
#5824=LINE('Line',#5821,#5823) ;
#5891=LINE('Line',#5888,#5890) ;
#5896=LINE('Line',#5893,#5895) ;
#5953=LINE('Line',#5950,#5952) ;
#5958=LINE('Line',#5955,#5957) ;
#6037=LINE('Line',#6034,#6036) ;
#6042=LINE('Line',#6039,#6041) ;
#6099=LINE('Line',#6096,#6098) ;
#6104=LINE('Line',#6101,#6103) ;
#6174=LINE('Line',#6171,#6173) ;
#6188=LINE('Line',#6185,#6187) ;
#6205=LINE('Line',#6202,#6204) ;
#6212=LINE('Line',#6209,#6211) ;
#6219=LINE('Line',#6216,#6218) ;
#6236=LINE('Line',#6233,#6235) ;
#6243=LINE('Line',#6240,#6242) ;
#6250=LINE('Line',#6247,#6249) ;
#6267=LINE('Line',#6264,#6266) ;
#6291=LINE('Line',#6288,#6290) ;
#6298=LINE('Line',#6295,#6297) ;
#6310=LINE('Line',#6307,#6309) ;
#6317=LINE('Line',#6314,#6316) ;
#6334=LINE('Line',#6331,#6333) ;
#6358=LINE('Line',#6355,#6357) ;
#6365=LINE('Line',#6362,#6364) ;
#6406=LINE('Line',#6403,#6405) ;
#6423=LINE('Line',#6420,#6422) ;
#6430=LINE('Line',#6427,#6429) ;
#6850=LINE('Line',#6847,#6849) ;
#6898=LINE('Line',#6895,#6897) ;
#6946=LINE('Line',#6943,#6945) ;
#6970=LINE('Line',#6967,#6969) ;
#7018=LINE('Line',#7015,#7017) ;
#7059=LINE('Line',#7056,#7058) ;
#7076=LINE('Line',#7073,#7075) ;
#7107=LINE('Line',#7104,#7106) ;
#7121=LINE('Line',#7118,#7120) ;
#7150=LINE('Line',#7147,#7149) ;
#7157=LINE('Line',#7154,#7156) ;
#7190=LINE('Line',#7187,#7189) ;
#7195=LINE('Line',#7192,#7194) ;
#7212=LINE('Line',#7209,#7211) ;
#7229=LINE('Line',#7226,#7228) ;
#7329=LINE('Line',#7326,#7328) ;
#7343=LINE('Line',#7340,#7342) ;
#7386=LINE('Line',#7383,#7385) ;
#7400=LINE('Line',#7397,#7399) ;
#7533=LINE('Line',#7530,#7532) ;
#7547=LINE('Line',#7544,#7546) ;
#7720=LINE('Line',#7717,#7719) ;
#7727=LINE('Line',#7724,#7726) ;
#7797=LINE('Line',#7794,#7796) ;
#7804=LINE('Line',#7801,#7803) ;
#7973=LINE('Line',#7970,#7972) ;
#7987=LINE('Line',#7984,#7986) ;
#8036=LINE('Line',#8033,#8035) ;
#8050=LINE('Line',#8047,#8049) ;
#8110=LINE('Line',#8107,#8109) ;
#8124=LINE('Line',#8121,#8123) ;
#8167=LINE('Line',#8164,#8166) ;
#8181=LINE('Line',#8178,#8180) ;
#8259=LINE('Line',#8256,#8258) ;
#8273=LINE('Line',#8270,#8272) ;
#8325=LINE('Line',#8322,#8324) ;
#8339=LINE('Line',#8336,#8338) ;
#8399=LINE('Line',#8396,#8398) ;
#8406=LINE('Line',#8403,#8405) ;
#8465=LINE('Line',#8462,#8464) ;
#8479=LINE('Line',#8476,#8478) ;
#8707=LINE('Line',#8704,#8706) ;
#8714=LINE('Line',#8711,#8713) ;
#8738=LINE('Line',#8735,#8737) ;
#8769=LINE('Line',#8766,#8768) ;
#8786=LINE('Line',#8783,#8785) ;
#8805=LINE('Line',#8802,#8804) ;
#8829=LINE('Line',#8826,#8828) ;
#8860=LINE('Line',#8857,#8859) ;
#8877=LINE('Line',#8874,#8876) ;
#8896=LINE('Line',#8893,#8895) ;
#8915=LINE('Line',#8912,#8914) ;
#8939=LINE('Line',#8936,#8938) ;
#8970=LINE('Line',#8967,#8969) ;
#8987=LINE('Line',#8984,#8986) ;
#9006=LINE('Line',#9003,#9005) ;
#9030=LINE('Line',#9027,#9029) ;
#9061=LINE('Line',#9058,#9060) ;
#9078=LINE('Line',#9075,#9077) ;
#9097=LINE('Line',#9094,#9096) ;
#9121=LINE('Line',#9118,#9120) ;
#9152=LINE('Line',#9149,#9151) ;
#10148=LINE('Line',#10145,#10147) ;
#10162=LINE('Line',#10159,#10161) ;
#10205=LINE('Line',#10202,#10204) ;
#10219=LINE('Line',#10216,#10218) ;
#10322=LINE('Line',#10319,#10321) ;
#10336=LINE('Line',#10333,#10335) ;
#10398=LINE('Line',#10395,#10397) ;
#10412=LINE('Line',#10409,#10411) ;
#10621=LINE('Line',#10618,#10620) ;
#10628=LINE('Line',#10625,#10627) ;
#10659=LINE('Line',#10656,#10658) ;
#10676=LINE('Line',#10673,#10675) ;
#10700=LINE('Line',#10697,#10699) ;
#10724=LINE('Line',#10721,#10723) ;
#10743=LINE('Line',#10740,#10742) ;
#10750=LINE('Line',#10747,#10749) ;
#10781=LINE('Line',#10778,#10780) ;
#10810=LINE('Line',#10807,#10809) ;
#10834=LINE('Line',#10831,#10833) ;
#10865=LINE('Line',#10862,#10864) ;
#10882=LINE('Line',#10879,#10881) ;
#10901=LINE('Line',#10898,#10900) ;
#10925=LINE('Line',#10922,#10924) ;
#10956=LINE('Line',#10953,#10955) ;
#10973=LINE('Line',#10970,#10972) ;
#10992=LINE('Line',#10989,#10991) ;
#11016=LINE('Line',#11013,#11015) ;
#11035=LINE('Line',#11032,#11034) ;
#11066=LINE('Line',#11063,#11065) ;
#11968=LINE('Line',#11965,#11967) ;
#11977=LINE('Line',#11974,#11976) ;
#11984=LINE('Line',#11981,#11983) ;
#11991=LINE('Line',#11988,#11990) ;
#11998=LINE('Line',#11995,#11997) ;
#12016=LINE('Line',#12013,#12015) ;
#12032=LINE('Line',#12029,#12031) ;
#12039=LINE('Line',#12036,#12038) ;
#12053=LINE('Line',#12050,#12052) ;
#12067=LINE('Line',#12064,#12066) ;
#12081=LINE('Line',#12078,#12080) ;
#12088=LINE('Line',#12085,#12087) ;
#12102=LINE('Line',#12099,#12101) ;
#12116=LINE('Line',#12113,#12115) ;
#12130=LINE('Line',#12127,#12129) ;
#12144=LINE('Line',#12141,#12143) ;
#12158=LINE('Line',#12155,#12157) ;
#12165=LINE('Line',#12162,#12164) ;
#12179=LINE('Line',#12176,#12178) ;
#12232=LINE('Line',#12229,#12231) ;
#12239=LINE('Line',#12236,#12238) ;
#12246=LINE('Line',#12243,#12245) ;
#12265=LINE('Line',#12262,#12264) ;
#12272=LINE('Line',#12269,#12271) ;
#12279=LINE('Line',#12276,#12278) ;
#12286=LINE('Line',#12283,#12285) ;
#12293=LINE('Line',#12290,#12292) ;
#12303=LINE('Line',#12300,#12302) ;
#12310=LINE('Line',#12307,#12309) ;
#12317=LINE('Line',#12314,#12316) ;
#12324=LINE('Line',#12321,#12323) ;
#12331=LINE('Line',#12328,#12330) ;
#12490=LINE('Line',#12487,#12489) ;
#12506=LINE('Line',#12503,#12505) ;
#12534=LINE('Line',#12531,#12533) ;
#12541=LINE('Line',#12538,#12540) ;
#12565=LINE('Line',#12562,#12564) ;
#12572=LINE('Line',#12569,#12571) ;
#12589=LINE('Line',#12586,#12588) ;
#12613=LINE('Line',#12610,#12612) ;
#12620=LINE('Line',#12617,#12619) ;
#12637=LINE('Line',#12634,#12636) ;
#12644=LINE('Line',#12641,#12643) ;
#12661=LINE('Line',#12658,#12660) ;
#12685=LINE('Line',#12682,#12684) ;
#12692=LINE('Line',#12689,#12691) ;
#12704=LINE('Line',#12701,#12703) ;
#12728=LINE('Line',#12725,#12727) ;
#12735=LINE('Line',#12732,#12734) ;
#12752=LINE('Line',#12749,#12751) ;
#12776=LINE('Line',#12773,#12775) ;
#12783=LINE('Line',#12780,#12782) ;
#12795=LINE('Line',#12792,#12794) ;
#12819=LINE('Line',#12816,#12818) ;
#12826=LINE('Line',#12823,#12825) ;
#12843=LINE('Line',#12840,#12842) ;
#12867=LINE('Line',#12864,#12866) ;
#12874=LINE('Line',#12871,#12873) ;
#12891=LINE('Line',#12888,#12890) ;
#12898=LINE('Line',#12895,#12897) ;
#12915=LINE('Line',#12912,#12914) ;
#12939=LINE('Line',#12936,#12938) ;
#12946=LINE('Line',#12943,#12945) ;
#12963=LINE('Line',#12960,#12962) ;
#12987=LINE('Line',#12984,#12986) ;
#12994=LINE('Line',#12991,#12993) ;
#13011=LINE('Line',#13008,#13010) ;
#13035=LINE('Line',#13032,#13034) ;
#13042=LINE('Line',#13039,#13041) ;
#13059=LINE('Line',#13056,#13058) ;
#13066=LINE('Line',#13063,#13065) ;
#13083=LINE('Line',#13080,#13082) ;
#13107=LINE('Line',#13104,#13106) ;
#13133=LINE('Line',#13130,#13132) ;
#13138=LINE('Line',#13135,#13137) ;
#13179=LINE('Line',#13176,#13178) ;
#13184=LINE('Line',#13181,#13183) ;
#13222=LINE('Line',#13219,#13221) ;
#13227=LINE('Line',#13224,#13226) ;
#13265=LINE('Line',#13262,#13264) ;
#13270=LINE('Line',#13267,#13269) ;
#13308=LINE('Line',#13305,#13307) ;
#13313=LINE('Line',#13310,#13312) ;
#13351=LINE('Line',#13348,#13350) ;
#13356=LINE('Line',#13353,#13355) ;
#13394=LINE('Line',#13391,#13393) ;
#13399=LINE('Line',#13396,#13398) ;
#13437=LINE('Line',#13434,#13436) ;
#13442=LINE('Line',#13439,#13441) ;
#13578=LINE('Line',#13575,#13577) ;
#13592=LINE('Line',#13589,#13591) ;
#13621=LINE('Line',#13618,#13620) ;
#13626=LINE('Line',#13623,#13625) ;
#13650=LINE('Line',#13647,#13649) ;
#13657=LINE('Line',#13654,#13656) ;
#13664=LINE('Line',#13661,#13663) ;
#13682=LINE('Line',#13679,#13681) ;
#13698=LINE('Line',#13695,#13697) ;
#13726=LINE('Line',#13723,#13725) ;
#13733=LINE('Line',#13730,#13732) ;
#13740=LINE('Line',#13737,#13739) ;
#13758=LINE('Line',#13755,#13757) ;
#13774=LINE('Line',#13771,#13773) ;
#13844=LINE('Line',#13841,#13843) ;
#13980=LINE('Line',#13977,#13979) ;
#13987=LINE('Line',#13984,#13986) ;
#13994=LINE('Line',#13991,#13993) ;
#14001=LINE('Line',#13998,#14000) ;
#14031=LINE('Line',#14028,#14030) ;
#14038=LINE('Line',#14035,#14037) ;
#14045=LINE('Line',#14042,#14044) ;
#14089=LINE('Line',#14086,#14088) ;
#14096=LINE('Line',#14093,#14095) ;
#14103=LINE('Line',#14100,#14102) ;
#14135=LINE('Line',#14132,#14134) ;
#14142=LINE('Line',#14139,#14141) ;
#14149=LINE('Line',#14146,#14148) ;
#14202=LINE('Line',#14199,#14201) ;
#14209=LINE('Line',#14206,#14208) ;
#14216=LINE('Line',#14213,#14215) ;
#14258=LINE('Line',#14255,#14257) ;
#14265=LINE('Line',#14262,#14264) ;
#14291=LINE('Line',#14288,#14290) ;
#14335=LINE('Line',#14332,#14334) ;
#14349=LINE('Line',#14346,#14348) ;
#14383=LINE('Line',#14380,#14382) ;
#14397=LINE('Line',#14394,#14396) ;
#14609=LINE('Line',#14606,#14608) ;
#14623=LINE('Line',#14620,#14622) ;
#14666=LINE('Line',#14663,#14665) ;
#14680=LINE('Line',#14677,#14679) ;
#14813=LINE('Line',#14810,#14812) ;
#14967=LINE('Line',#14964,#14966) ;
#15000=LINE('Line',#14997,#14999) ;
#15030=LINE('Line',#15027,#15029) ;
#15137=LINE('Line',#15134,#15136) ;
#15169=LINE('Line',#15166,#15168) ;
#15284=LINE('Line',#15281,#15283) ;
#15365=LINE('Line',#15362,#15364) ;
#15386=LINE('Line',#15383,#15385) ;
#15431=LINE('Line',#15428,#15430) ;
#15495=LINE('Line',#15492,#15494) ;
#15540=LINE('Line',#15537,#15539) ;
#15575=LINE('Line',#15572,#15574) ;
#15589=LINE('Line',#15586,#15588) ;
#15601=LINE('Line',#15598,#15600) ;
#15620=LINE('Line',#15617,#15619) ;
#15690=LINE('Line',#15687,#15689) ;
#15695=LINE('Line',#15692,#15694) ;
#15792=LINE('Line',#15789,#15791) ;
#15806=LINE('Line',#15803,#15805) ;
#15850=LINE('Line',#15847,#15849) ;
#15864=LINE('Line',#15861,#15863) ;
#15921=LINE('Line',#15918,#15920) ;
#15930=LINE('Line',#15927,#15929) ;
#15937=LINE('Line',#15934,#15936) ;
#15944=LINE('Line',#15941,#15943) ;
#15961=LINE('Line',#15958,#15960) ;
#15968=LINE('Line',#15965,#15967) ;
#15975=LINE('Line',#15972,#15974) ;
#15982=LINE('Line',#15979,#15981) ;
#16000=LINE('Line',#15997,#15999) ;
#16007=LINE('Line',#16004,#16006) ;
#16024=LINE('Line',#16021,#16023) ;
#16031=LINE('Line',#16028,#16030) ;
#16048=LINE('Line',#16045,#16047) ;
#16055=LINE('Line',#16052,#16054) ;
#16073=LINE('Line',#16070,#16072) ;
#16089=LINE('Line',#16086,#16088) ;
#16198=LINE('Line',#16195,#16197) ;
#16205=LINE('Line',#16202,#16204) ;
#16313=LINE('Line',#16310,#16312) ;
#16330=LINE('Line',#16327,#16329) ;
#16335=LINE('Line',#16332,#16334) ;
#16352=LINE('Line',#16349,#16351) ;
#16371=LINE('Line',#16368,#16370) ;
#16388=LINE('Line',#16385,#16387) ;
#16405=LINE('Line',#16402,#16404) ;
#3274=NEXT_ASSEMBLY_USAGE_OCCURRENCE('Stativkopf.1','Stativkopf.1','',#13,#29,' ') ;
#3986=NEXT_ASSEMBLY_USAGE_OCCURRENCE('Beingelenk.1','Beingelenk.1','',#13,#3293,' ') ;
#4001=NEXT_ASSEMBLY_USAGE_OCCURRENCE('Beingelenk.2','Beingelenk.2','',#13,#3293,' ') ;
#4016=NEXT_ASSEMBLY_USAGE_OCCURRENCE('Beingelenk.3','Beingelenk.3','',#13,#3293,' ') ;
#4191=NEXT_ASSEMBLY_USAGE_OCCURRENCE('Stativbein.1','Stativbein.1','',#13,#4035,' ') ;
#4206=NEXT_ASSEMBLY_USAGE_OCCURRENCE('Stativbein.2','Stativbein.2','',#13,#4035,' ') ;
#4221=NEXT_ASSEMBLY_USAGE_OCCURRENCE('Stativbein.3','Stativbein.3','',#13,#4035,' ') ;
#5464=NEXT_ASSEMBLY_USAGE_OCCURRENCE('Fussklemme.1','Fussklemme.1','',#13,#4240,' ') ;
#5479=NEXT_ASSEMBLY_USAGE_OCCURRENCE('Fussklemme.2','Fussklemme.2','',#13,#4240,' ') ;
#5494=NEXT_ASSEMBLY_USAGE_OCCURRENCE('Fussklemme.3','Fussklemme.3','',#13,#4240,' ') ;
#7252=NEXT_ASSEMBLY_USAGE_OCCURRENCE('Klemmhebel.1','Klemmhebel.1','',#13,#5513,' ') ;
#7267=NEXT_ASSEMBLY_USAGE_OCCURRENCE('Klemmhebel.2','Klemmhebel.2','',#13,#5513,' ') ;
#7282=NEXT_ASSEMBLY_USAGE_OCCURRENCE('Klemmhebel.3','Klemmhebel.3','',#13,#5513,' ') ;
#7456=NEXT_ASSEMBLY_USAGE_OCCURRENCE('Auszug.1','Auszug.1','',#13,#7301,' ') ;
#7471=NEXT_ASSEMBLY_USAGE_OCCURRENCE('Auszug.2','Auszug.2','',#13,#7301,' ') ;
#7486=NEXT_ASSEMBLY_USAGE_OCCURRENCE('Auszug.3','Auszug.3','',#13,#7301,' ') ;
#7896=NEXT_ASSEMBLY_USAGE_OCCURRENCE('Fuss.1','Fuss.1','',#13,#7505,' ') ;
#7911=NEXT_ASSEMBLY_USAGE_OCCURRENCE('Fuss.2','Fuss.2','',#13,#7505,' ') ;
#7926=NEXT_ASSEMBLY_USAGE_OCCURRENCE('Fuss.3','Fuss.3','',#13,#7505,' ') ;
#10100=NEXT_ASSEMBLY_USAGE_OCCURRENCE('Welle.1','Welle.1','',#13,#7945,' ') ;
#10275=NEXT_ASSEMBLY_USAGE_OCCURRENCE('Scheibe_12.1','Scheibe_12.1','',#13,#10119,' ') ;
#11930=NEXT_ASSEMBLY_USAGE_OCCURRENCE('Sterngriff.1','Sterngriff.1','',#13,#10294,' ') ;
#13796=NEXT_ASSEMBLY_USAGE_OCCURRENCE('Okularplatte.1','Okularplatte.1','',#13,#11949,' ') ;
#14532=NEXT_ASSEMBLY_USAGE_OCCURRENCE('SKT_SCHRB_M10x75.1','SKT_SCHRB_M10x75.1','',#13,#13815,' ') ;
#14547=NEXT_ASSEMBLY_USAGE_OCCURRENCE('SKT_SCHRB_M10x75.2','SKT_SCHRB_M10x75.2','',#13,#13815,' ') ;
#14562=NEXT_ASSEMBLY_USAGE_OCCURRENCE('SKT_SCHRB_M10x75.3','SKT_SCHRB_M10x75.3','',#13,#13815,' ') ;
#14736=NEXT_ASSEMBLY_USAGE_OCCURRENCE('Scheibe_10.1','Scheibe_10.1','',#13,#14581,' ') ;
#14751=NEXT_ASSEMBLY_USAGE_OCCURRENCE('Scheibe_10.3','Scheibe_10.3','',#13,#14581,' ') ;
#14766=NEXT_ASSEMBLY_USAGE_OCCURRENCE('Scheibe_10.4','Scheibe_10.4','',#13,#14581,' ') ;
#15715=NEXT_ASSEMBLY_USAGE_OCCURRENCE('Mutter_M10.1','Mutter_M10.1','',#13,#14785,' ') ;
#15730=NEXT_ASSEMBLY_USAGE_OCCURRENCE('Mutter_M10.3','Mutter_M10.3','',#13,#14785,' ') ;
#15745=NEXT_ASSEMBLY_USAGE_OCCURRENCE('Mutter_M10.5','Mutter_M10.5','',#13,#14785,' ') ;
#16442=NEXT_ASSEMBLY_USAGE_OCCURRENCE('Anschlag.1','Anschlag.1','',#13,#15764,' ') ;
#85=PLANE('Plane',#84) ;
#167=PLANE('Plane',#166) ;
#512=PLANE('Plane',#511) ;
#561=PLANE('Plane',#560) ;
#951=PLANE('Plane',#950) ;
#982=PLANE('Plane',#981) ;
#1006=PLANE('Plane',#1005) ;
#1123=PLANE('Plane',#1122) ;
#1225=PLANE('Plane',#1224) ;
#1344=PLANE('Plane',#1343) ;
#1515=PLANE('Plane',#1514) ;
#1586=PLANE('Plane',#1585) ;
#1657=PLANE('Plane',#1656) ;
#1764=PLANE('Plane',#1763) ;
#1792=PLANE('Plane',#1791) ;
#2061=PLANE('Plane',#2060) ;
#2242=PLANE('Plane',#2241) ;
#2333=PLANE('Plane',#2332) ;
#2450=PLANE('Plane',#2449) ;
#2587=PLANE('Plane',#2586) ;
#2685=PLANE('Plane',#2684) ;
#2721=PLANE('Plane',#2720) ;
#2860=PLANE('Plane',#2859) ;
#2891=PLANE('Plane',#2890) ;
#2922=PLANE('Plane',#2921) ;
#2953=PLANE('Plane',#2952) ;
#2991=PLANE('Plane',#2990) ;
#3029=PLANE('Plane',#3028) ;
#3067=PLANE('Plane',#3066) ;
#3098=PLANE('Plane',#3097) ;
#3153=PLANE('Plane',#3152) ;
#3223=PLANE('Plane',#3222) ;
#3414=PLANE('Plane',#3413) ;
#3499=PLANE('Plane',#3498) ;
#3566=PLANE('Plane',#3565) ;
#3637=PLANE('Plane',#3636) ;
#3700=PLANE('Plane',#3699) ;
#3773=PLANE('Plane',#3772) ;
#3888=PLANE('Plane',#3887) ;
#3920=PLANE('Plane',#3919) ;
#4165=PLANE('Plane',#4164) ;
#4179=PLANE('Plane',#4178) ;
#4397=PLANE('Plane',#4396) ;
#5218=PLANE('Plane',#5217) ;
#5380=PLANE('Plane',#5379) ;
#5438=PLANE('Plane',#5437) ;
#5452=PLANE('Plane',#5451) ;
#5616=PLANE('Plane',#5615) ;
#5724=PLANE('Plane',#5723) ;
#6201=PLANE('Plane',#6200) ;
#6232=PLANE('Plane',#6231) ;
#6287=PLANE('Plane',#6286) ;
#6354=PLANE('Plane',#6353) ;
#6419=PLANE('Plane',#6418) ;
#6511=PLANE('Plane',#6510) ;
#7072=PLANE('Plane',#7071) ;
#7134=PLANE('Plane',#7133) ;
#7177=PLANE('Plane',#7176) ;
#7208=PLANE('Plane',#7207) ;
#7225=PLANE('Plane',#7224) ;
#7430=PLANE('Plane',#7429) ;
#7444=PLANE('Plane',#7443) ;
#7577=PLANE('Plane',#7576) ;
#7587=PLANE('Plane',#7586) ;
#7836=PLANE('Plane',#7835) ;
#8070=PLANE('Plane',#8069) ;
#8220=PLANE('Plane',#8219) ;
#8383=PLANE('Plane',#8382) ;
#8509=PLANE('Plane',#8508) ;
#8689=PLANE('Plane',#8688) ;
#10079=PLANE('Plane',#10078) ;
#10249=PLANE('Plane',#10248) ;
#10263=PLANE('Plane',#10262) ;
#10366=PLANE('Plane',#10365) ;
#10437=PLANE('Plane',#10436) ;
#11079=PLANE('Plane',#11078) ;
#11964=PLANE('Plane',#11963) ;
#12012=PLANE('Plane',#12011) ;
#12486=PLANE('Plane',#12485) ;
#12502=PLANE('Plane',#12501) ;
#12519=PLANE('Plane',#12518) ;
#12561=PLANE('Plane',#12560) ;
#12609=PLANE('Plane',#12608) ;
#12633=PLANE('Plane',#12632) ;
#12681=PLANE('Plane',#12680) ;
#12724=PLANE('Plane',#12723) ;
#12772=PLANE('Plane',#12771) ;
#12815=PLANE('Plane',#12814) ;
#12863=PLANE('Plane',#12862) ;
#12887=PLANE('Plane',#12886) ;
#12935=PLANE('Plane',#12934) ;
#12983=PLANE('Plane',#12982) ;
#13031=PLANE('Plane',#13030) ;
#13055=PLANE('Plane',#13054) ;
#13103=PLANE('Plane',#13102) ;
#13467=PLANE('Plane',#13466) ;
#13546=PLANE('Plane',#13545) ;
#13646=PLANE('Plane',#13645) ;
#13678=PLANE('Plane',#13677) ;
#13694=PLANE('Plane',#13693) ;
#13711=PLANE('Plane',#13710) ;
#13722=PLANE('Plane',#13721) ;
#13754=PLANE('Plane',#13753) ;
#13770=PLANE('Plane',#13769) ;
#13787=PLANE('Plane',#13786) ;
#13894=PLANE('Plane',#13893) ;
#13950=PLANE('Plane',#13949) ;
#14016=PLANE('Plane',#14015) ;
#14061=PLANE('Plane',#14060) ;
#14118=PLANE('Plane',#14117) ;
#14164=PLANE('Plane',#14163) ;
#14232=PLANE('Plane',#14231) ;
#14422=PLANE('Plane',#14421) ;
#14524=PLANE('Plane',#14523) ;
#14710=PLANE('Plane',#14709) ;
#14724=PLANE('Plane',#14723) ;
#14863=PLANE('Plane',#14862) ;
#14937=PLANE('Plane',#14936) ;
#15015=PLANE('Plane',#15014) ;
#15083=PLANE('Plane',#15082) ;
#15152=PLANE('Plane',#15151) ;
#15210=PLANE('Plane',#15209) ;
#15301=PLANE('Plane',#15300) ;
#15652=PLANE('Plane',#15651) ;
#15819=PLANE('Plane',#15818) ;
#15889=PLANE('Plane',#15888) ;
#15917=PLANE('Plane',#15916) ;
#15957=PLANE('Plane',#15956) ;
#15996=PLANE('Plane',#15995) ;
#16020=PLANE('Plane',#16019) ;
#16044=PLANE('Plane',#16043) ;
#16305=PLANE('Plane',#16304) ;
#16326=PLANE('Plane',#16325) ;
#16348=PLANE('Plane',#16347) ;
#16367=PLANE('Plane',#16366) ;
#16384=PLANE('Plane',#16383) ;
#16401=PLANE('Plane',#16400) ;
#16420=PLANE('Plane',#16419) ;
#16432=PLANE('Plane',#16431) ;
#19=PLANE_ANGLE_MEASURE_WITH_UNIT(PLANE_ANGLE_MEASURE(0.0174532925199),#18) ;
#9=PRODUCT_CATEGORY_RELATIONSHIP(' ',' ',#7,#8) ;
#12=PRODUCT_CATEGORY_RELATIONSHIP(' ',' ',#10,#11) ;
#6=PRODUCT_DEFINITION_FORMATION_WITH_SPECIFIED_SOURCE('',' ',#5,.NOT_KNOWN.) ;
#28=PRODUCT_DEFINITION_FORMATION_WITH_SPECIFIED_SOURCE('',' ',#27,.NOT_KNOWN.) ;
#3292=PRODUCT_DEFINITION_FORMATION_WITH_SPECIFIED_SOURCE('',' ',#3291,.NOT_KNOWN.) ;
#4034=PRODUCT_DEFINITION_FORMATION_WITH_SPECIFIED_SOURCE('',' ',#4033,.NOT_KNOWN.) ;
#4239=PRODUCT_DEFINITION_FORMATION_WITH_SPECIFIED_SOURCE('',' ',#4238,.NOT_KNOWN.) ;
#5512=PRODUCT_DEFINITION_FORMATION_WITH_SPECIFIED_SOURCE('',' ',#5511,.NOT_KNOWN.) ;
#7300=PRODUCT_DEFINITION_FORMATION_WITH_SPECIFIED_SOURCE('',' ',#7299,.NOT_KNOWN.) ;
#7504=PRODUCT_DEFINITION_FORMATION_WITH_SPECIFIED_SOURCE('',' ',#7503,.NOT_KNOWN.) ;
#7944=PRODUCT_DEFINITION_FORMATION_WITH_SPECIFIED_SOURCE('',' ',#7943,.NOT_KNOWN.) ;
#10118=PRODUCT_DEFINITION_FORMATION_WITH_SPECIFIED_SOURCE('',' ',#10117,.NOT_KNOWN.) ;
#10293=PRODUCT_DEFINITION_FORMATION_WITH_SPECIFIED_SOURCE('',' ',#10292,.NOT_KNOWN.) ;
#11948=PRODUCT_DEFINITION_FORMATION_WITH_SPECIFIED_SOURCE('',' ',#11947,.NOT_KNOWN.) ;
#13814=PRODUCT_DEFINITION_FORMATION_WITH_SPECIFIED_SOURCE('',' ',#13813,.NOT_KNOWN.) ;
#14580=PRODUCT_DEFINITION_FORMATION_WITH_SPECIFIED_SOURCE('',' ',#14579,.NOT_KNOWN.) ;
#14784=PRODUCT_DEFINITION_FORMATION_WITH_SPECIFIED_SOURCE('',' ',#14783,.NOT_KNOWN.) ;
#15763=PRODUCT_DEFINITION_FORMATION_WITH_SPECIFIED_SOURCE('',' ',#15762,.NOT_KNOWN.) ;
#14=SHAPE_DEFINITION_REPRESENTATION(#16,#15) ;
#26=SHAPE_DEFINITION_REPRESENTATION(#30,#25) ;
#3290=SHAPE_DEFINITION_REPRESENTATION(#3294,#3289) ;
#4032=SHAPE_DEFINITION_REPRESENTATION(#4036,#4031) ;
#4237=SHAPE_DEFINITION_REPRESENTATION(#4241,#4236) ;
#5510=SHAPE_DEFINITION_REPRESENTATION(#5514,#5509) ;
#7298=SHAPE_DEFINITION_REPRESENTATION(#7302,#7297) ;
#7502=SHAPE_DEFINITION_REPRESENTATION(#7506,#7501) ;
#7942=SHAPE_DEFINITION_REPRESENTATION(#7946,#7941) ;
#10116=SHAPE_DEFINITION_REPRESENTATION(#10120,#10115) ;
#10291=SHAPE_DEFINITION_REPRESENTATION(#10295,#10290) ;
#11946=SHAPE_DEFINITION_REPRESENTATION(#11950,#11945) ;
#13812=SHAPE_DEFINITION_REPRESENTATION(#13816,#13811) ;
#14578=SHAPE_DEFINITION_REPRESENTATION(#14582,#14577) ;
#14782=SHAPE_DEFINITION_REPRESENTATION(#14786,#14781) ;
#15761=SHAPE_DEFINITION_REPRESENTATION(#15765,#15760) ;
#4497=SURFACE_OF_REVOLUTION('Surface of Revolution',#4469,#4496) ;
#4639=SURFACE_OF_REVOLUTION('Surface of Revolution',#4611,#4638) ;
#51=VERTEX_POINT('',#50) ;
#53=VERTEX_POINT('',#52) ;
#60=VERTEX_POINT('',#59) ;
#67=VERTEX_POINT('',#66) ;
#91=VERTEX_POINT('',#90) ;
#101=VERTEX_POINT('',#100) ;
#108=VERTEX_POINT('',#107) ;
#121=VERTEX_POINT('',#120) ;
#128=VERTEX_POINT('',#127) ;
#149=VERTEX_POINT('',#148) ;
#151=VERTEX_POINT('',#150) ;
#173=VERTEX_POINT('',#172) ;
#186=VERTEX_POINT('',#185) ;
#199=VERTEX_POINT('',#198) ;
#225=VERTEX_POINT('',#224) ;
#227=VERTEX_POINT('',#226) ;
#236=VERTEX_POINT('',#235) ;
#244=VERTEX_POINT('',#243) ;
#251=VERTEX_POINT('',#250) ;
#259=VERTEX_POINT('',#258) ;
#269=VERTEX_POINT('',#268) ;
#277=VERTEX_POINT('',#276) ;
#284=VERTEX_POINT('',#283) ;
#292=VERTEX_POINT('',#291) ;
#301=VERTEX_POINT('',#300) ;
#308=VERTEX_POINT('',#307) ;
#315=VERTEX_POINT('',#314) ;
#356=VERTEX_POINT('',#355) ;
#363=VERTEX_POINT('',#362) ;
#395=VERTEX_POINT('',#394) ;
#397=VERTEX_POINT('',#396) ;
#406=VERTEX_POINT('',#405) ;
#414=VERTEX_POINT('',#413) ;
#421=VERTEX_POINT('',#420) ;
#441=VERTEX_POINT('',#440) ;
#449=VERTEX_POINT('',#448) ;
#456=VERTEX_POINT('',#455) ;
#464=VERTEX_POINT('',#463) ;
#474=VERTEX_POINT('',#473) ;
#482=VERTEX_POINT('',#481) ;
#518=VERTEX_POINT('',#517) ;
#536=VERTEX_POINT('',#535) ;
#538=VERTEX_POINT('',#537) ;
#567=VERTEX_POINT('',#566) ;
#569=VERTEX_POINT('',#568) ;
#576=VERTEX_POINT('',#575) ;
#594=VERTEX_POINT('',#593) ;
#615=VERTEX_POINT('',#614) ;
#617=VERTEX_POINT('',#616) ;
#634=VERTEX_POINT('',#633) ;
#652=VERTEX_POINT('',#651) ;
#654=VERTEX_POINT('',#653) ;
#678=VERTEX_POINT('',#677) ;
#685=VERTEX_POINT('',#684) ;
#692=VERTEX_POINT('',#691) ;
#699=VERTEX_POINT('',#698) ;
#706=VERTEX_POINT('',#705) ;
#713=VERTEX_POINT('',#712) ;
#720=VERTEX_POINT('',#719) ;
#727=VERTEX_POINT('',#726) ;
#757=VERTEX_POINT('',#756) ;
#759=VERTEX_POINT('',#758) ;
#766=VERTEX_POINT('',#765) ;
#773=VERTEX_POINT('',#772) ;
#800=VERTEX_POINT('',#799) ;
#807=VERTEX_POINT('',#806) ;
#826=VERTEX_POINT('',#825) ;
#833=VERTEX_POINT('',#832) ;
#860=VERTEX_POINT('',#859) ;
#862=VERTEX_POINT('',#861) ;
#869=VERTEX_POINT('',#868) ;
#876=VERTEX_POINT('',#875) ;
#900=VERTEX_POINT('',#899) ;
#902=VERTEX_POINT('',#901) ;
#909=VERTEX_POINT('',#908) ;
#916=VERTEX_POINT('',#915) ;
#957=VERTEX_POINT('',#956) ;
#964=VERTEX_POINT('',#963) ;
#988=VERTEX_POINT('',#987) ;
#1013=VERTEX_POINT('',#1012) ;
#1036=VERTEX_POINT('',#1035) ;
#1043=VERTEX_POINT('',#1042) ;
#1067=VERTEX_POINT('',#1066) ;
#1074=VERTEX_POINT('',#1073) ;
#1098=VERTEX_POINT('',#1097) ;
#1105=VERTEX_POINT('',#1104) ;
#1129=VERTEX_POINT('',#1128) ;
#1136=VERTEX_POINT('',#1135) ;
#1160=VERTEX_POINT('',#1159) ;
#1167=VERTEX_POINT('',#1166) ;
#1191=VERTEX_POINT('',#1190) ;
#1193=VERTEX_POINT('',#1192) ;
#1200=VERTEX_POINT('',#1199) ;
#1207=VERTEX_POINT('',#1206) ;
#1231=VERTEX_POINT('',#1230) ;
#1238=VERTEX_POINT('',#1237) ;
#1262=VERTEX_POINT('',#1261) ;
#1269=VERTEX_POINT('',#1268) ;
#1288=VERTEX_POINT('',#1287) ;
#1295=VERTEX_POINT('',#1294) ;
#1319=VERTEX_POINT('',#1318) ;
#1326=VERTEX_POINT('',#1325) ;
#1350=VERTEX_POINT('',#1349) ;
#1357=VERTEX_POINT('',#1356) ;
#1381=VERTEX_POINT('',#1380) ;
#1388=VERTEX_POINT('',#1387) ;
#1407=VERTEX_POINT('',#1406) ;
#1414=VERTEX_POINT('',#1413) ;
#1434=VERTEX_POINT('',#1433) ;
#1441=VERTEX_POINT('',#1440) ;
#1464=VERTEX_POINT('',#1463) ;
#1466=VERTEX_POINT('',#1465) ;
#1473=VERTEX_POINT('',#1472) ;
#1480=VERTEX_POINT('',#1479) ;
#1521=VERTEX_POINT('',#1520) ;
#1523=VERTEX_POINT('',#1522) ;
#1549=VERTEX_POINT('',#1548) ;
#1556=VERTEX_POINT('',#1555) ;
#1592=VERTEX_POINT('',#1591) ;
#1594=VERTEX_POINT('',#1593) ;
#1620=VERTEX_POINT('',#1619) ;
#1627=VERTEX_POINT('',#1626) ;
#1663=VERTEX_POINT('',#1662) ;
#1665=VERTEX_POINT('',#1664) ;
#1681=VERTEX_POINT('',#1680) ;
#1683=VERTEX_POINT('',#1682) ;
#1699=VERTEX_POINT('',#1698) ;
#1701=VERTEX_POINT('',#1700) ;
#1727=VERTEX_POINT('',#1726) ;
#1734=VERTEX_POINT('',#1733) ;
#1770=VERTEX_POINT('',#1769) ;
#1772=VERTEX_POINT('',#1771) ;
#1798=VERTEX_POINT('',#1797) ;
#1800=VERTEX_POINT('',#1799) ;
#1817=VERTEX_POINT('',#1816) ;
#1819=VERTEX_POINT('',#1818) ;
#1899=VERTEX_POINT('',#1898) ;
#1906=VERTEX_POINT('',#1905) ;
#1933=VERTEX_POINT('',#1932) ;
#1940=VERTEX_POINT('',#1939) ;
#1967=VERTEX_POINT('',#1966) ;
#1974=VERTEX_POINT('',#1973) ;
#2010=VERTEX_POINT('',#2009) ;
#2012=VERTEX_POINT('',#2011) ;
#2019=VERTEX_POINT('',#2018) ;
#2026=VERTEX_POINT('',#2025) ;
#2068=VERTEX_POINT('',#2067) ;
#2070=VERTEX_POINT('',#2069) ;
#2077=VERTEX_POINT('',#2076) ;
#2103=VERTEX_POINT('',#2102) ;
#2110=VERTEX_POINT('',#2109) ;
#2130=VERTEX_POINT('',#2129) ;
#2137=VERTEX_POINT('',#2136) ;
#2160=VERTEX_POINT('',#2159) ;
#2162=VERTEX_POINT('',#2161) ;
#2169=VERTEX_POINT('',#2168) ;
#2176=VERTEX_POINT('',#2175) ;
#2217=VERTEX_POINT('',#2216) ;
#2224=VERTEX_POINT('',#2223) ;
#2248=VERTEX_POINT('',#2247) ;
#2272=VERTEX_POINT('',#2271) ;
#2291=VERTEX_POINT('',#2290) ;
#2315=VERTEX_POINT('',#2314) ;
#2339=VERTEX_POINT('',#2338) ;
#2363=VERTEX_POINT('',#2362) ;
#2413=VERTEX_POINT('',#2412) ;
#2420=VERTEX_POINT('',#2419) ;
#2491=VERTEX_POINT('',#2490) ;
#2493=VERTEX_POINT('',#2492) ;
#2500=VERTEX_POINT('',#2499) ;
#2507=VERTEX_POINT('',#2506) ;
#2727=VERTEX_POINT('',#2726) ;
#2729=VERTEX_POINT('',#2728) ;
#2741=VERTEX_POINT('',#2740) ;
#2748=VERTEX_POINT('',#2747) ;
#2760=VERTEX_POINT('',#2759) ;
#2767=VERTEX_POINT('',#2766) ;
#2779=VERTEX_POINT('',#2778) ;
#2786=VERTEX_POINT('',#2785) ;
#2866=VERTEX_POINT('',#2865) ;
#2897=VERTEX_POINT('',#2896) ;
#2928=VERTEX_POINT('',#2927) ;
#2959=VERTEX_POINT('',#2958) ;
#2966=VERTEX_POINT('',#2965) ;
#2997=VERTEX_POINT('',#2996) ;
#3004=VERTEX_POINT('',#3003) ;
#3035=VERTEX_POINT('',#3034) ;
#3042=VERTEX_POINT('',#3041) ;
#3073=VERTEX_POINT('',#3072) ;
#3104=VERTEX_POINT('',#3103) ;
#3111=VERTEX_POINT('',#3110) ;
#3314=VERTEX_POINT('',#3313) ;
#3316=VERTEX_POINT('',#3315) ;
#3323=VERTEX_POINT('',#3322) ;
#3330=VERTEX_POINT('',#3329) ;
#3380=VERTEX_POINT('',#3379) ;
#3382=VERTEX_POINT('',#3381) ;
#3389=VERTEX_POINT('',#3388) ;
#3396=VERTEX_POINT('',#3395) ;
#3420=VERTEX_POINT('',#3419) ;
#3447=VERTEX_POINT('',#3446) ;
#3449=VERTEX_POINT('',#3448) ;
#3456=VERTEX_POINT('',#3455) ;
#3463=VERTEX_POINT('',#3462) ;
#3482=VERTEX_POINT('',#3481) ;
#3505=VERTEX_POINT('',#3504) ;
#3507=VERTEX_POINT('',#3506) ;
#3529=VERTEX_POINT('',#3528) ;
#3536=VERTEX_POINT('',#3535) ;
#3572=VERTEX_POINT('',#3571) ;
#3574=VERTEX_POINT('',#3573) ;
#3600=VERTEX_POINT('',#3599) ;
#3607=VERTEX_POINT('',#3606) ;
#3643=VERTEX_POINT('',#3642) ;
#3645=VERTEX_POINT('',#3644) ;
#3672=VERTEX_POINT('',#3671) ;
#3674=VERTEX_POINT('',#3673) ;
#3715=VERTEX_POINT('',#3714) ;
#3745=VERTEX_POINT('',#3744) ;
#3752=VERTEX_POINT('',#3751) ;
#3794=VERTEX_POINT('',#3793) ;
#3796=VERTEX_POINT('',#3795) ;
#3835=VERTEX_POINT('',#3834) ;
#3865=VERTEX_POINT('',#3864) ;
#3894=VERTEX_POINT('',#3893) ;
#3896=VERTEX_POINT('',#3895) ;
#4057=VERTEX_POINT('',#4056) ;
#4059=VERTEX_POINT('',#4058) ;
#4066=VERTEX_POINT('',#4065) ;
#4073=VERTEX_POINT('',#4072) ;
#4114=VERTEX_POINT('',#4113) ;
#4116=VERTEX_POINT('',#4115) ;
#4123=VERTEX_POINT('',#4122) ;
#4130=VERTEX_POINT('',#4129) ;
#4261=VERTEX_POINT('',#4260) ;
#4263=VERTEX_POINT('',#4262) ;
#4282=VERTEX_POINT('',#4281) ;
#4289=VERTEX_POINT('',#4288) ;
#4342=VERTEX_POINT('',#4341) ;
#4344=VERTEX_POINT('',#4343) ;
#4351=VERTEX_POINT('',#4350) ;
#4358=VERTEX_POINT('',#4357) ;
#4403=VERTEX_POINT('',#4402) ;
#4405=VERTEX_POINT('',#4404) ;
#4431=VERTEX_POINT('',#4430) ;
#4438=VERTEX_POINT('',#4437) ;
#4524=VERTEX_POINT('',#4523) ;
#4531=VERTEX_POINT('',#4530) ;
#4582=VERTEX_POINT('',#4581) ;
#4584=VERTEX_POINT('',#4583) ;
#4671=VERTEX_POINT('',#4670) ;
#4673=VERTEX_POINT('',#4672) ;
#4710=VERTEX_POINT('',#4709) ;
#4717=VERTEX_POINT('',#4716) ;
#4741=VERTEX_POINT('',#4740) ;
#4743=VERTEX_POINT('',#4742) ;
#4988=VERTEX_POINT('',#4987) ;
#4990=VERTEX_POINT('',#4989) ;
#5228=VERTEX_POINT('',#5227) ;
#5230=VERTEX_POINT('',#5229) ;
#5252=VERTEX_POINT('',#5251) ;
#5259=VERTEX_POINT('',#5258) ;
#5295=VERTEX_POINT('',#5294) ;
#5302=VERTEX_POINT('',#5301) ;
#5338=VERTEX_POINT('',#5337) ;
#5345=VERTEX_POINT('',#5344) ;
#5386=VERTEX_POINT('',#5385) ;
#5388=VERTEX_POINT('',#5387) ;
#5534=VERTEX_POINT('',#5533) ;
#5536=VERTEX_POINT('',#5535) ;
#5543=VERTEX_POINT('',#5542) ;
#5550=VERTEX_POINT('',#5549) ;
#5591=VERTEX_POINT('',#5590) ;
#5598=VERTEX_POINT('',#5597) ;
#5644=VERTEX_POINT('',#5643) ;
#5651=VERTEX_POINT('',#5650) ;
#5687=VERTEX_POINT('',#5686) ;
#5694=VERTEX_POINT('',#5693) ;
#5730=VERTEX_POINT('',#5729) ;
#5732=VERTEX_POINT('',#5731) ;
#5739=VERTEX_POINT('',#5738) ;
#5746=VERTEX_POINT('',#5745) ;
#5756=VERTEX_POINT('',#5755) ;
#5763=VERTEX_POINT('',#5762) ;
#5796=VERTEX_POINT('',#5795) ;
#5798=VERTEX_POINT('',#5797) ;
#5805=VERTEX_POINT('',#5804) ;
#5812=VERTEX_POINT('',#5811) ;
#5819=VERTEX_POINT('',#5818) ;
#5844=VERTEX_POINT('',#5843) ;
#5846=VERTEX_POINT('',#5845) ;
#5853=VERTEX_POINT('',#5852) ;
#5860=VERTEX_POINT('',#5859) ;
#5884=VERTEX_POINT('',#5883) ;
#5886=VERTEX_POINT('',#5885) ;
#5915=VERTEX_POINT('',#5914) ;
#5917=VERTEX_POINT('',#5916) ;
#5946=VERTEX_POINT('',#5945) ;
#5948=VERTEX_POINT('',#5947) ;
#5999=VERTEX_POINT('',#5998) ;
#6001=VERTEX_POINT('',#6000) ;
#6030=VERTEX_POINT('',#6029) ;
#6032=VERTEX_POINT('',#6031) ;
#6061=VERTEX_POINT('',#6060) ;
#6063=VERTEX_POINT('',#6062) ;
#6092=VERTEX_POINT('',#6091) ;
#6094=VERTEX_POINT('',#6093) ;
#6123=VERTEX_POINT('',#6122) ;
#6125=VERTEX_POINT('',#6124) ;
#6176=VERTEX_POINT('',#6175) ;
#6183=VERTEX_POINT('',#6182) ;
#6207=VERTEX_POINT('',#6206) ;
#6214=VERTEX_POINT('',#6213) ;
#6238=VERTEX_POINT('',#6237) ;
#6245=VERTEX_POINT('',#6244) ;
#6269=VERTEX_POINT('',#6268) ;
#6293=VERTEX_POINT('',#6292) ;
#6312=VERTEX_POINT('',#6311) ;
#6336=VERTEX_POINT('',#6335) ;
#6360=VERTEX_POINT('',#6359) ;
#6401=VERTEX_POINT('',#6400) ;
#6425=VERTEX_POINT('',#6424) ;
#6449=VERTEX_POINT('',#6448) ;
#6457=VERTEX_POINT('',#6456) ;
#6483=VERTEX_POINT('',#6482) ;
#6491=VERTEX_POINT('',#6490) ;
#6537=VERTEX_POINT('',#6536) ;
#6539=VERTEX_POINT('',#6538) ;
#6577=VERTEX_POINT('',#6576) ;
#6584=VERTEX_POINT('',#6583) ;
#6678=VERTEX_POINT('',#6677) ;
#6801=VERTEX_POINT('',#6800) ;
#6845=VERTEX_POINT('',#6844) ;
#6869=VERTEX_POINT('',#6868) ;
#6893=VERTEX_POINT('',#6892) ;
#6917=VERTEX_POINT('',#6916) ;
#6941=VERTEX_POINT('',#6940) ;
#6965=VERTEX_POINT('',#6964) ;
#6989=VERTEX_POINT('',#6988) ;
#7013=VERTEX_POINT('',#7012) ;
#7037=VERTEX_POINT('',#7036) ;
#7100=VERTEX_POINT('',#7099) ;
#7102=VERTEX_POINT('',#7101) ;
#7109=VERTEX_POINT('',#7108) ;
#7116=VERTEX_POINT('',#7115) ;
#7152=VERTEX_POINT('',#7151) ;
#7159=VERTEX_POINT('',#7158) ;
#7183=VERTEX_POINT('',#7182) ;
#7185=VERTEX_POINT('',#7184) ;
#7322=VERTEX_POINT('',#7321) ;
#7324=VERTEX_POINT('',#7323) ;
#7331=VERTEX_POINT('',#7330) ;
#7338=VERTEX_POINT('',#7337) ;
#7379=VERTEX_POINT('',#7378) ;
#7381=VERTEX_POINT('',#7380) ;
#7388=VERTEX_POINT('',#7387) ;
#7395=VERTEX_POINT('',#7394) ;
#7526=VERTEX_POINT('',#7525) ;
#7528=VERTEX_POINT('',#7527) ;
#7535=VERTEX_POINT('',#7534) ;
#7542=VERTEX_POINT('',#7541) ;
#7593=VERTEX_POINT('',#7592) ;
#7595=VERTEX_POINT('',#7594) ;
#7617=VERTEX_POINT('',#7616) ;
#7624=VERTEX_POINT('',#7623) ;
#7665=VERTEX_POINT('',#7664) ;
#7667=VERTEX_POINT('',#7666) ;
#7674=VERTEX_POINT('',#7673) ;
#7681=VERTEX_POINT('',#7680) ;
#7722=VERTEX_POINT('',#7721) ;
#7729=VERTEX_POINT('',#7728) ;
#7799=VERTEX_POINT('',#7798) ;
#7806=VERTEX_POINT('',#7805) ;
#7842=VERTEX_POINT('',#7841) ;
#7844=VERTEX_POINT('',#7843) ;
#7966=VERTEX_POINT('',#7965) ;
#7968=VERTEX_POINT('',#7967) ;
#7975=VERTEX_POINT('',#7974) ;
#7982=VERTEX_POINT('',#7981) ;
#8038=VERTEX_POINT('',#8037) ;
#8045=VERTEX_POINT('',#8044) ;
#8112=VERTEX_POINT('',#8111) ;
#8119=VERTEX_POINT('',#8118) ;
#8169=VERTEX_POINT('',#8168) ;
#8176=VERTEX_POINT('',#8175) ;
#8226=VERTEX_POINT('',#8225) ;
#8228=VERTEX_POINT('',#8227) ;
#8261=VERTEX_POINT('',#8260) ;
#8268=VERTEX_POINT('',#8267) ;
#8318=VERTEX_POINT('',#8317) ;
#8320=VERTEX_POINT('',#8319) ;
#8327=VERTEX_POINT('',#8326) ;
#8334=VERTEX_POINT('',#8333) ;
#8401=VERTEX_POINT('',#8400) ;
#8408=VERTEX_POINT('',#8407) ;
#8458=VERTEX_POINT('',#8457) ;
#8460=VERTEX_POINT('',#8459) ;
#8467=VERTEX_POINT('',#8466) ;
#8474=VERTEX_POINT('',#8473) ;
#8515=VERTEX_POINT('',#8514) ;
#8517=VERTEX_POINT('',#8516) ;
#8524=VERTEX_POINT('',#8523) ;
#8531=VERTEX_POINT('',#8530) ;
#8538=VERTEX_POINT('',#8537) ;
#8545=VERTEX_POINT('',#8544) ;
#8552=VERTEX_POINT('',#8551) ;
#8559=VERTEX_POINT('',#8558) ;
#8566=VERTEX_POINT('',#8565) ;
#8573=VERTEX_POINT('',#8572) ;
#8580=VERTEX_POINT('',#8579) ;
#8587=VERTEX_POINT('',#8586) ;
#8594=VERTEX_POINT('',#8593) ;
#8601=VERTEX_POINT('',#8600) ;
#8608=VERTEX_POINT('',#8607) ;
#8615=VERTEX_POINT('',#8614) ;
#8622=VERTEX_POINT('',#8621) ;
#8629=VERTEX_POINT('',#8628) ;
#8636=VERTEX_POINT('',#8635) ;
#8643=VERTEX_POINT('',#8642) ;
#8650=VERTEX_POINT('',#8649) ;
#8709=VERTEX_POINT('',#8708) ;
#8716=VERTEX_POINT('',#8715) ;
#8740=VERTEX_POINT('',#8739) ;
#8764=VERTEX_POINT('',#8763) ;
#8788=VERTEX_POINT('',#8787) ;
#8807=VERTEX_POINT('',#8806) ;
#8831=VERTEX_POINT('',#8830) ;
#8855=VERTEX_POINT('',#8854) ;
#8879=VERTEX_POINT('',#8878) ;
#8898=VERTEX_POINT('',#8897) ;
#8917=VERTEX_POINT('',#8916) ;
#8941=VERTEX_POINT('',#8940) ;
#8965=VERTEX_POINT('',#8964) ;
#8989=VERTEX_POINT('',#8988) ;
#9008=VERTEX_POINT('',#9007) ;
#9032=VERTEX_POINT('',#9031) ;
#9056=VERTEX_POINT('',#9055) ;
#9080=VERTEX_POINT('',#9079) ;
#9099=VERTEX_POINT('',#9098) ;
#9123=VERTEX_POINT('',#9122) ;
#9147=VERTEX_POINT('',#9146) ;
#9191=VERTEX_POINT('',#9190) ;
#9198=VERTEX_POINT('',#9197) ;
#9288=VERTEX_POINT('',#9287) ;
#9378=VERTEX_POINT('',#9377) ;
#9468=VERTEX_POINT('',#9467) ;
#9558=VERTEX_POINT('',#9557) ;
#9565=VERTEX_POINT('',#9564) ;
#9657=VERTEX_POINT('',#9656) ;
#9747=VERTEX_POINT('',#9746) ;
#9837=VERTEX_POINT('',#9836) ;
#9927=VERTEX_POINT('',#9926) ;
#10141=VERTEX_POINT('',#10140) ;
#10143=VERTEX_POINT('',#10142) ;
#10150=VERTEX_POINT('',#10149) ;
#10157=VERTEX_POINT('',#10156) ;
#10198=VERTEX_POINT('',#10197) ;
#10200=VERTEX_POINT('',#10199) ;
#10207=VERTEX_POINT('',#10206) ;
#10214=VERTEX_POINT('',#10213) ;
#10315=VERTEX_POINT('',#10314) ;
#10317=VERTEX_POINT('',#10316) ;
#10324=VERTEX_POINT('',#10323) ;
#10331=VERTEX_POINT('',#10330) ;
#10372=VERTEX_POINT('',#10371) ;
#10374=VERTEX_POINT('',#10373) ;
#10400=VERTEX_POINT('',#10399) ;
#10407=VERTEX_POINT('',#10406) ;
#10443=VERTEX_POINT('',#10442) ;
#10445=VERTEX_POINT('',#10444) ;
#10452=VERTEX_POINT('',#10451) ;
#10459=VERTEX_POINT('',#10458) ;
#10466=VERTEX_POINT('',#10465) ;
#10473=VERTEX_POINT('',#10472) ;
#10480=VERTEX_POINT('',#10479) ;
#10487=VERTEX_POINT('',#10486) ;
#10494=VERTEX_POINT('',#10493) ;
#10501=VERTEX_POINT('',#10500) ;
#10508=VERTEX_POINT('',#10507) ;
#10515=VERTEX_POINT('',#10514) ;
#10522=VERTEX_POINT('',#10521) ;
#10529=VERTEX_POINT('',#10528) ;
#10536=VERTEX_POINT('',#10535) ;
#10543=VERTEX_POINT('',#10542) ;
#10550=VERTEX_POINT('',#10549) ;
#10557=VERTEX_POINT('',#10556) ;
#10564=VERTEX_POINT('',#10563) ;
#10571=VERTEX_POINT('',#10570) ;
#10578=VERTEX_POINT('',#10577) ;
#10623=VERTEX_POINT('',#10622) ;
#10630=VERTEX_POINT('',#10629) ;
#10654=VERTEX_POINT('',#10653) ;
#10678=VERTEX_POINT('',#10677) ;
#10702=VERTEX_POINT('',#10701) ;
#10726=VERTEX_POINT('',#10725) ;
#10745=VERTEX_POINT('',#10744) ;
#10752=VERTEX_POINT('',#10751) ;
#10776=VERTEX_POINT('',#10775) ;
#10812=VERTEX_POINT('',#10811) ;
#10836=VERTEX_POINT('',#10835) ;
#10860=VERTEX_POINT('',#10859) ;
#10884=VERTEX_POINT('',#10883) ;
#10903=VERTEX_POINT('',#10902) ;
#10927=VERTEX_POINT('',#10926) ;
#10951=VERTEX_POINT('',#10950) ;
#10975=VERTEX_POINT('',#10974) ;
#10994=VERTEX_POINT('',#10993) ;
#11018=VERTEX_POINT('',#11017) ;
#11037=VERTEX_POINT('',#11036) ;
#11061=VERTEX_POINT('',#11060) ;
#11085=VERTEX_POINT('',#11084) ;
#11087=VERTEX_POINT('',#11086) ;
#11094=VERTEX_POINT('',#11093) ;
#11101=VERTEX_POINT('',#11100) ;
#11108=VERTEX_POINT('',#11107) ;
#11115=VERTEX_POINT('',#11114) ;
#11122=VERTEX_POINT('',#11121) ;
#11129=VERTEX_POINT('',#11128) ;
#11136=VERTEX_POINT('',#11135) ;
#11143=VERTEX_POINT('',#11142) ;
#11150=VERTEX_POINT('',#11149) ;
#11970=VERTEX_POINT('',#11969) ;
#11972=VERTEX_POINT('',#11971) ;
#11979=VERTEX_POINT('',#11978) ;
#11986=VERTEX_POINT('',#11985) ;
#11993=VERTEX_POINT('',#11992) ;
#12018=VERTEX_POINT('',#12017) ;
#12020=VERTEX_POINT('',#12019) ;
#12027=VERTEX_POINT('',#12026) ;
#12034=VERTEX_POINT('',#12033) ;
#12041=VERTEX_POINT('',#12040) ;
#12048=VERTEX_POINT('',#12047) ;
#12055=VERTEX_POINT('',#12054) ;
#12062=VERTEX_POINT('',#12061) ;
#12069=VERTEX_POINT('',#12068) ;
#12076=VERTEX_POINT('',#12075) ;
#12083=VERTEX_POINT('',#12082) ;
#12090=VERTEX_POINT('',#12089) ;
#12097=VERTEX_POINT('',#12096) ;
#12104=VERTEX_POINT('',#12103) ;
#12111=VERTEX_POINT('',#12110) ;
#12118=VERTEX_POINT('',#12117) ;
#12125=VERTEX_POINT('',#12124) ;
#12132=VERTEX_POINT('',#12131) ;
#12139=VERTEX_POINT('',#12138) ;
#12146=VERTEX_POINT('',#12145) ;
#12153=VERTEX_POINT('',#12152) ;
#12160=VERTEX_POINT('',#12159) ;
#12167=VERTEX_POINT('',#12166) ;
#12174=VERTEX_POINT('',#12173) ;
#12181=VERTEX_POINT('',#12180) ;
#12220=VERTEX_POINT('',#12219) ;
#12222=VERTEX_POINT('',#12221) ;
#12234=VERTEX_POINT('',#12233) ;
#12241=VERTEX_POINT('',#12240) ;
#12253=VERTEX_POINT('',#12252) ;
#12260=VERTEX_POINT('',#12259) ;
#12267=VERTEX_POINT('',#12266) ;
#12274=VERTEX_POINT('',#12273) ;
#12281=VERTEX_POINT('',#12280) ;
#12288=VERTEX_POINT('',#12287) ;
#12305=VERTEX_POINT('',#12304) ;
#12312=VERTEX_POINT('',#12311) ;
#12319=VERTEX_POINT('',#12318) ;
#12326=VERTEX_POINT('',#12325) ;
#12360=VERTEX_POINT('',#12359) ;
#12362=VERTEX_POINT('',#12361) ;
#12378=VERTEX_POINT('',#12377) ;
#12380=VERTEX_POINT('',#12379) ;
#12396=VERTEX_POINT('',#12395) ;
#12398=VERTEX_POINT('',#12397) ;
#12414=VERTEX_POINT('',#12413) ;
#12416=VERTEX_POINT('',#12415) ;
#12432=VERTEX_POINT('',#12431) ;
#12434=VERTEX_POINT('',#12433) ;
#12450=VERTEX_POINT('',#12449) ;
#12452=VERTEX_POINT('',#12451) ;
#12468=VERTEX_POINT('',#12467) ;
#12470=VERTEX_POINT('',#12469) ;
#12536=VERTEX_POINT('',#12535) ;
#12543=VERTEX_POINT('',#12542) ;
#12567=VERTEX_POINT('',#12566) ;
#12591=VERTEX_POINT('',#12590) ;
#12615=VERTEX_POINT('',#12614) ;
#12639=VERTEX_POINT('',#12638) ;
#12663=VERTEX_POINT('',#12662) ;
#12687=VERTEX_POINT('',#12686) ;
#12706=VERTEX_POINT('',#12705) ;
#12730=VERTEX_POINT('',#12729) ;
#12754=VERTEX_POINT('',#12753) ;
#12778=VERTEX_POINT('',#12777) ;
#12797=VERTEX_POINT('',#12796) ;
#12821=VERTEX_POINT('',#12820) ;
#12845=VERTEX_POINT('',#12844) ;
#12869=VERTEX_POINT('',#12868) ;
#12893=VERTEX_POINT('',#12892) ;
#12917=VERTEX_POINT('',#12916) ;
#12941=VERTEX_POINT('',#12940) ;
#12965=VERTEX_POINT('',#12964) ;
#12989=VERTEX_POINT('',#12988) ;
#13013=VERTEX_POINT('',#13012) ;
#13037=VERTEX_POINT('',#13036) ;
#13061=VERTEX_POINT('',#13060) ;
#13085=VERTEX_POINT('',#13084) ;
#13126=VERTEX_POINT('',#13125) ;
#13128=VERTEX_POINT('',#13127) ;
#13172=VERTEX_POINT('',#13171) ;
#13174=VERTEX_POINT('',#13173) ;
#13215=VERTEX_POINT('',#13214) ;
#13217=VERTEX_POINT('',#13216) ;
#13258=VERTEX_POINT('',#13257) ;
#13260=VERTEX_POINT('',#13259) ;
#13301=VERTEX_POINT('',#13300) ;
#13303=VERTEX_POINT('',#13302) ;
#13344=VERTEX_POINT('',#13343) ;
#13346=VERTEX_POINT('',#13345) ;
#13387=VERTEX_POINT('',#13386) ;
#13389=VERTEX_POINT('',#13388) ;
#13430=VERTEX_POINT('',#13429) ;
#13432=VERTEX_POINT('',#13431) ;
#13500=VERTEX_POINT('',#13499) ;
#13502=VERTEX_POINT('',#13501) ;
#13556=VERTEX_POINT('',#13555) ;
#13558=VERTEX_POINT('',#13557) ;
#13580=VERTEX_POINT('',#13579) ;
#13587=VERTEX_POINT('',#13586) ;
#13652=VERTEX_POINT('',#13651) ;
#13659=VERTEX_POINT('',#13658) ;
#13728=VERTEX_POINT('',#13727) ;
#13735=VERTEX_POINT('',#13734) ;
#13837=VERTEX_POINT('',#13836) ;
#13839=VERTEX_POINT('',#13838) ;
#13846=VERTEX_POINT('',#13845) ;
#13866=VERTEX_POINT('',#13865) ;
#13875=VERTEX_POINT('',#13874) ;
#13900=VERTEX_POINT('',#13899) ;
#13907=VERTEX_POINT('',#13906) ;
#13914=VERTEX_POINT('',#13913) ;
#13921=VERTEX_POINT('',#13920) ;
#13928=VERTEX_POINT('',#13927) ;
#13962=VERTEX_POINT('',#13961) ;
#13975=VERTEX_POINT('',#13974) ;
#13982=VERTEX_POINT('',#13981) ;
#13989=VERTEX_POINT('',#13988) ;
#13996=VERTEX_POINT('',#13995) ;
#14033=VERTEX_POINT('',#14032) ;
#14040=VERTEX_POINT('',#14039) ;
#14073=VERTEX_POINT('',#14072) ;
#14091=VERTEX_POINT('',#14090) ;
#14098=VERTEX_POINT('',#14097) ;
#14130=VERTEX_POINT('',#14129) ;
#14137=VERTEX_POINT('',#14136) ;
#14144=VERTEX_POINT('',#14143) ;
#14176=VERTEX_POINT('',#14175) ;
#14189=VERTEX_POINT('',#14188) ;
#14204=VERTEX_POINT('',#14203) ;
#14211=VERTEX_POINT('',#14210) ;
#14260=VERTEX_POINT('',#14259) ;
#14328=VERTEX_POINT('',#14327) ;
#14330=VERTEX_POINT('',#14329) ;
#14337=VERTEX_POINT('',#14336) ;
#14344=VERTEX_POINT('',#14343) ;
#14385=VERTEX_POINT('',#14384) ;
#14392=VERTEX_POINT('',#14391) ;
#14428=VERTEX_POINT('',#14427) ;
#14445=VERTEX_POINT('',#14444) ;
#14602=VERTEX_POINT('',#14601) ;
#14604=VERTEX_POINT('',#14603) ;
#14611=VERTEX_POINT('',#14610) ;
#14618=VERTEX_POINT('',#14617) ;
#14659=VERTEX_POINT('',#14658) ;
#14661=VERTEX_POINT('',#14660) ;
#14668=VERTEX_POINT('',#14667) ;
#14675=VERTEX_POINT('',#14674) ;
#14806=VERTEX_POINT('',#14805) ;
#14808=VERTEX_POINT('',#14807) ;
#14815=VERTEX_POINT('',#14814) ;
#14835=VERTEX_POINT('',#14834) ;
#14844=VERTEX_POINT('',#14843) ;
#14869=VERTEX_POINT('',#14868) ;
#14876=VERTEX_POINT('',#14875) ;
#14883=VERTEX_POINT('',#14882) ;
#14890=VERTEX_POINT('',#14889) ;
#14897=VERTEX_POINT('',#14896) ;
#14919=VERTEX_POINT('',#14918) ;
#14921=VERTEX_POINT('',#14920) ;
#14949=VERTEX_POINT('',#14948) ;
#14962=VERTEX_POINT('',#14961) ;
#14969=VERTEX_POINT('',#14968) ;
#14982=VERTEX_POINT('',#14981) ;
#14995=VERTEX_POINT('',#14994) ;
#15032=VERTEX_POINT('',#15031) ;
#15042=VERTEX_POINT('',#15041) ;
#15055=VERTEX_POINT('',#15054) ;
#15095=VERTEX_POINT('',#15094) ;
#15119=VERTEX_POINT('',#15118) ;
#15132=VERTEX_POINT('',#15131) ;
#15164=VERTEX_POINT('',#15163) ;
#15171=VERTEX_POINT('',#15170) ;
#15184=VERTEX_POINT('',#15183) ;
#15222=VERTEX_POINT('',#15221) ;
#15235=VERTEX_POINT('',#15234) ;
#15253=VERTEX_POINT('',#15252) ;
#15266=VERTEX_POINT('',#15265) ;
#15279=VERTEX_POINT('',#15278) ;
#15335=VERTEX_POINT('',#15334) ;
#15367=VERTEX_POINT('',#15366) ;
#15374=VERTEX_POINT('',#15373) ;
#15381=VERTEX_POINT('',#15380) ;
#15401=VERTEX_POINT('',#15400) ;
#15490=VERTEX_POINT('',#15489) ;
#15542=VERTEX_POINT('',#15541) ;
#15577=VERTEX_POINT('',#15576) ;
#15584=VERTEX_POINT('',#15583) ;
#15603=VERTEX_POINT('',#15602) ;
#15622=VERTEX_POINT('',#15621) ;
#15668=VERTEX_POINT('',#15667) ;
#15670=VERTEX_POINT('',#15669) ;
#15785=VERTEX_POINT('',#15784) ;
#15787=VERTEX_POINT('',#15786) ;
#15794=VERTEX_POINT('',#15793) ;
#15801=VERTEX_POINT('',#15800) ;
#15852=VERTEX_POINT('',#15851) ;
#15859=VERTEX_POINT('',#15858) ;
#15895=VERTEX_POINT('',#15894) ;
#15897=VERTEX_POINT('',#15896) ;
#15923=VERTEX_POINT('',#15922) ;
#15925=VERTEX_POINT('',#15924) ;
#15932=VERTEX_POINT('',#15931) ;
#15939=VERTEX_POINT('',#15938) ;
#15963=VERTEX_POINT('',#15962) ;
#15970=VERTEX_POINT('',#15969) ;
#15977=VERTEX_POINT('',#15976) ;
#16002=VERTEX_POINT('',#16001) ;
#16026=VERTEX_POINT('',#16025) ;
#16050=VERTEX_POINT('',#16049) ;
#16075=VERTEX_POINT('',#16074) ;
#16077=VERTEX_POINT('',#16076) ;
#16084=VERTEX_POINT('',#16083) ;
#16091=VERTEX_POINT('',#16090) ;
#16100=VERTEX_POINT('',#16099) ;
#16110=VERTEX_POINT('',#16109) ;
#16120=VERTEX_POINT('',#16119) ;
#16151=VERTEX_POINT('',#16150) ;
#16161=VERTEX_POINT('',#16160) ;
#16171=VERTEX_POINT('',#16170) ;
#16200=VERTEX_POINT('',#16199) ;
#16207=VERTEX_POINT('',#16206) ;
#16216=VERTEX_POINT('',#16215) ;
#16226=VERTEX_POINT('',#16225) ;
#16236=VERTEX_POINT('',#16235) ;
#16262=VERTEX_POINT('',#16261) ;
#16272=VERTEX_POINT('',#16271) ;
#16282=VERTEX_POINT('',#16281) ;
#17=(LENGTH_UNIT()NAMED_UNIT(*)SI_UNIT(.MILLI.,.METRE.)) ;
#18=(NAMED_UNIT(*)PLANE_ANGLE_UNIT()SI_UNIT($,.RADIAN.)) ;
#20=(NAMED_UNIT(*)SI_UNIT($,.STERADIAN.)SOLID_ANGLE_UNIT()) ;
#22=(GEOMETRIC_REPRESENTATION_CONTEXT(3)GLOBAL_UNCERTAINTY_ASSIGNED_CONTEXT((#21))GLOBAL_UNIT_ASSIGNED_CONTEXT((#17,#18,#20))REPRESENTATION_CONTEXT(' ',' ')) ;
#24=(GEOMETRIC_REPRESENTATION_CONTEXT(3)GLOBAL_UNCERTAINTY_ASSIGNED_CONTEXT((#23))GLOBAL_UNIT_ASSIGNED_CONTEXT((#17,#18,#20))REPRESENTATION_CONTEXT(' ',' ')) ;
#3288=(GEOMETRIC_REPRESENTATION_CONTEXT(3)GLOBAL_UNCERTAINTY_ASSIGNED_CONTEXT((#3287))GLOBAL_UNIT_ASSIGNED_CONTEXT((#17,#18,#20))REPRESENTATION_CONTEXT(' ',' ')) ;
#4000=(GEOMETRIC_REPRESENTATION_CONTEXT(3)GLOBAL_UNCERTAINTY_ASSIGNED_CONTEXT((#3999))GLOBAL_UNIT_ASSIGNED_CONTEXT((#17,#18,#20))REPRESENTATION_CONTEXT(' ',' ')) ;
#4015=(GEOMETRIC_REPRESENTATION_CONTEXT(3)GLOBAL_UNCERTAINTY_ASSIGNED_CONTEXT((#4014))GLOBAL_UNIT_ASSIGNED_CONTEXT((#17,#18,#20))REPRESENTATION_CONTEXT(' ',' ')) ;
#4030=(GEOMETRIC_REPRESENTATION_CONTEXT(3)GLOBAL_UNCERTAINTY_ASSIGNED_CONTEXT((#4029))GLOBAL_UNIT_ASSIGNED_CONTEXT((#17,#18,#20))REPRESENTATION_CONTEXT(' ',' ')) ;
#4205=(GEOMETRIC_REPRESENTATION_CONTEXT(3)GLOBAL_UNCERTAINTY_ASSIGNED_CONTEXT((#4204))GLOBAL_UNIT_ASSIGNED_CONTEXT((#17,#18,#20))REPRESENTATION_CONTEXT(' ',' ')) ;
#4220=(GEOMETRIC_REPRESENTATION_CONTEXT(3)GLOBAL_UNCERTAINTY_ASSIGNED_CONTEXT((#4219))GLOBAL_UNIT_ASSIGNED_CONTEXT((#17,#18,#20))REPRESENTATION_CONTEXT(' ',' ')) ;
#4235=(GEOMETRIC_REPRESENTATION_CONTEXT(3)GLOBAL_UNCERTAINTY_ASSIGNED_CONTEXT((#4234))GLOBAL_UNIT_ASSIGNED_CONTEXT((#17,#18,#20))REPRESENTATION_CONTEXT(' ',' ')) ;
#5478=(GEOMETRIC_REPRESENTATION_CONTEXT(3)GLOBAL_UNCERTAINTY_ASSIGNED_CONTEXT((#5477))GLOBAL_UNIT_ASSIGNED_CONTEXT((#17,#18,#20))REPRESENTATION_CONTEXT(' ',' ')) ;
#5493=(GEOMETRIC_REPRESENTATION_CONTEXT(3)GLOBAL_UNCERTAINTY_ASSIGNED_CONTEXT((#5492))GLOBAL_UNIT_ASSIGNED_CONTEXT((#17,#18,#20))REPRESENTATION_CONTEXT(' ',' ')) ;
#5508=(GEOMETRIC_REPRESENTATION_CONTEXT(3)GLOBAL_UNCERTAINTY_ASSIGNED_CONTEXT((#5507))GLOBAL_UNIT_ASSIGNED_CONTEXT((#17,#18,#20))REPRESENTATION_CONTEXT(' ',' ')) ;
#7266=(GEOMETRIC_REPRESENTATION_CONTEXT(3)GLOBAL_UNCERTAINTY_ASSIGNED_CONTEXT((#7265))GLOBAL_UNIT_ASSIGNED_CONTEXT((#17,#18,#20))REPRESENTATION_CONTEXT(' ',' ')) ;
#7281=(GEOMETRIC_REPRESENTATION_CONTEXT(3)GLOBAL_UNCERTAINTY_ASSIGNED_CONTEXT((#7280))GLOBAL_UNIT_ASSIGNED_CONTEXT((#17,#18,#20))REPRESENTATION_CONTEXT(' ',' ')) ;
#7296=(GEOMETRIC_REPRESENTATION_CONTEXT(3)GLOBAL_UNCERTAINTY_ASSIGNED_CONTEXT((#7295))GLOBAL_UNIT_ASSIGNED_CONTEXT((#17,#18,#20))REPRESENTATION_CONTEXT(' ',' ')) ;
#7470=(GEOMETRIC_REPRESENTATION_CONTEXT(3)GLOBAL_UNCERTAINTY_ASSIGNED_CONTEXT((#7469))GLOBAL_UNIT_ASSIGNED_CONTEXT((#17,#18,#20))REPRESENTATION_CONTEXT(' ',' ')) ;
#7485=(GEOMETRIC_REPRESENTATION_CONTEXT(3)GLOBAL_UNCERTAINTY_ASSIGNED_CONTEXT((#7484))GLOBAL_UNIT_ASSIGNED_CONTEXT((#17,#18,#20))REPRESENTATION_CONTEXT(' ',' ')) ;
#7500=(GEOMETRIC_REPRESENTATION_CONTEXT(3)GLOBAL_UNCERTAINTY_ASSIGNED_CONTEXT((#7499))GLOBAL_UNIT_ASSIGNED_CONTEXT((#17,#18,#20))REPRESENTATION_CONTEXT(' ',' ')) ;
#7910=(GEOMETRIC_REPRESENTATION_CONTEXT(3)GLOBAL_UNCERTAINTY_ASSIGNED_CONTEXT((#7909))GLOBAL_UNIT_ASSIGNED_CONTEXT((#17,#18,#20))REPRESENTATION_CONTEXT(' ',' ')) ;
#7925=(GEOMETRIC_REPRESENTATION_CONTEXT(3)GLOBAL_UNCERTAINTY_ASSIGNED_CONTEXT((#7924))GLOBAL_UNIT_ASSIGNED_CONTEXT((#17,#18,#20))REPRESENTATION_CONTEXT(' ',' ')) ;
#7940=(GEOMETRIC_REPRESENTATION_CONTEXT(3)GLOBAL_UNCERTAINTY_ASSIGNED_CONTEXT((#7939))GLOBAL_UNIT_ASSIGNED_CONTEXT((#17,#18,#20))REPRESENTATION_CONTEXT(' ',' ')) ;
#10114=(GEOMETRIC_REPRESENTATION_CONTEXT(3)GLOBAL_UNCERTAINTY_ASSIGNED_CONTEXT((#10113))GLOBAL_UNIT_ASSIGNED_CONTEXT((#17,#18,#20))REPRESENTATION_CONTEXT(' ',' ')) ;
#10289=(GEOMETRIC_REPRESENTATION_CONTEXT(3)GLOBAL_UNCERTAINTY_ASSIGNED_CONTEXT((#10288))GLOBAL_UNIT_ASSIGNED_CONTEXT((#17,#18,#20))REPRESENTATION_CONTEXT(' ',' ')) ;
#11944=(GEOMETRIC_REPRESENTATION_CONTEXT(3)GLOBAL_UNCERTAINTY_ASSIGNED_CONTEXT((#11943))GLOBAL_UNIT_ASSIGNED_CONTEXT((#17,#18,#20))REPRESENTATION_CONTEXT(' ',' ')) ;
#13810=(GEOMETRIC_REPRESENTATION_CONTEXT(3)GLOBAL_UNCERTAINTY_ASSIGNED_CONTEXT((#13809))GLOBAL_UNIT_ASSIGNED_CONTEXT((#17,#18,#20))REPRESENTATION_CONTEXT(' ',' ')) ;
#14546=(GEOMETRIC_REPRESENTATION_CONTEXT(3)GLOBAL_UNCERTAINTY_ASSIGNED_CONTEXT((#14545))GLOBAL_UNIT_ASSIGNED_CONTEXT((#17,#18,#20))REPRESENTATION_CONTEXT(' ',' ')) ;
#14561=(GEOMETRIC_REPRESENTATION_CONTEXT(3)GLOBAL_UNCERTAINTY_ASSIGNED_CONTEXT((#14560))GLOBAL_UNIT_ASSIGNED_CONTEXT((#17,#18,#20))REPRESENTATION_CONTEXT(' ',' ')) ;
#14576=(GEOMETRIC_REPRESENTATION_CONTEXT(3)GLOBAL_UNCERTAINTY_ASSIGNED_CONTEXT((#14575))GLOBAL_UNIT_ASSIGNED_CONTEXT((#17,#18,#20))REPRESENTATION_CONTEXT(' ',' ')) ;
#14750=(GEOMETRIC_REPRESENTATION_CONTEXT(3)GLOBAL_UNCERTAINTY_ASSIGNED_CONTEXT((#14749))GLOBAL_UNIT_ASSIGNED_CONTEXT((#17,#18,#20))REPRESENTATION_CONTEXT(' ',' ')) ;
#14765=(GEOMETRIC_REPRESENTATION_CONTEXT(3)GLOBAL_UNCERTAINTY_ASSIGNED_CONTEXT((#14764))GLOBAL_UNIT_ASSIGNED_CONTEXT((#17,#18,#20))REPRESENTATION_CONTEXT(' ',' ')) ;
#14780=(GEOMETRIC_REPRESENTATION_CONTEXT(3)GLOBAL_UNCERTAINTY_ASSIGNED_CONTEXT((#14779))GLOBAL_UNIT_ASSIGNED_CONTEXT((#17,#18,#20))REPRESENTATION_CONTEXT(' ',' ')) ;
#15729=(GEOMETRIC_REPRESENTATION_CONTEXT(3)GLOBAL_UNCERTAINTY_ASSIGNED_CONTEXT((#15728))GLOBAL_UNIT_ASSIGNED_CONTEXT((#17,#18,#20))REPRESENTATION_CONTEXT(' ',' ')) ;
#15744=(GEOMETRIC_REPRESENTATION_CONTEXT(3)GLOBAL_UNCERTAINTY_ASSIGNED_CONTEXT((#15743))GLOBAL_UNIT_ASSIGNED_CONTEXT((#17,#18,#20))REPRESENTATION_CONTEXT(' ',' ')) ;
#15759=(GEOMETRIC_REPRESENTATION_CONTEXT(3)GLOBAL_UNCERTAINTY_ASSIGNED_CONTEXT((#15758))GLOBAL_UNIT_ASSIGNED_CONTEXT((#17,#18,#20))REPRESENTATION_CONTEXT(' ',' ')) ;
#3277=(REPRESENTATION_RELATIONSHIP(' ',' ',#25,#15)REPRESENTATION_RELATIONSHIP_WITH_TRANSFORMATION(#3278)SHAPE_REPRESENTATION_RELATIONSHIP()) ;
#3989=(REPRESENTATION_RELATIONSHIP(' ',' ',#3289,#15)REPRESENTATION_RELATIONSHIP_WITH_TRANSFORMATION(#3990)SHAPE_REPRESENTATION_RELATIONSHIP()) ;
#4004=(REPRESENTATION_RELATIONSHIP(' ',' ',#3289,#15)REPRESENTATION_RELATIONSHIP_WITH_TRANSFORMATION(#4005)SHAPE_REPRESENTATION_RELATIONSHIP()) ;
#4019=(REPRESENTATION_RELATIONSHIP(' ',' ',#3289,#15)REPRESENTATION_RELATIONSHIP_WITH_TRANSFORMATION(#4020)SHAPE_REPRESENTATION_RELATIONSHIP()) ;
#4194=(REPRESENTATION_RELATIONSHIP(' ',' ',#4031,#15)REPRESENTATION_RELATIONSHIP_WITH_TRANSFORMATION(#4195)SHAPE_REPRESENTATION_RELATIONSHIP()) ;
#4209=(REPRESENTATION_RELATIONSHIP(' ',' ',#4031,#15)REPRESENTATION_RELATIONSHIP_WITH_TRANSFORMATION(#4210)SHAPE_REPRESENTATION_RELATIONSHIP()) ;
#4224=(REPRESENTATION_RELATIONSHIP(' ',' ',#4031,#15)REPRESENTATION_RELATIONSHIP_WITH_TRANSFORMATION(#4225)SHAPE_REPRESENTATION_RELATIONSHIP()) ;
#5467=(REPRESENTATION_RELATIONSHIP(' ',' ',#4236,#15)REPRESENTATION_RELATIONSHIP_WITH_TRANSFORMATION(#5468)SHAPE_REPRESENTATION_RELATIONSHIP()) ;
#5482=(REPRESENTATION_RELATIONSHIP(' ',' ',#4236,#15)REPRESENTATION_RELATIONSHIP_WITH_TRANSFORMATION(#5483)SHAPE_REPRESENTATION_RELATIONSHIP()) ;
#5497=(REPRESENTATION_RELATIONSHIP(' ',' ',#4236,#15)REPRESENTATION_RELATIONSHIP_WITH_TRANSFORMATION(#5498)SHAPE_REPRESENTATION_RELATIONSHIP()) ;
#7255=(REPRESENTATION_RELATIONSHIP(' ',' ',#5509,#15)REPRESENTATION_RELATIONSHIP_WITH_TRANSFORMATION(#7256)SHAPE_REPRESENTATION_RELATIONSHIP()) ;
#7270=(REPRESENTATION_RELATIONSHIP(' ',' ',#5509,#15)REPRESENTATION_RELATIONSHIP_WITH_TRANSFORMATION(#7271)SHAPE_REPRESENTATION_RELATIONSHIP()) ;
#7285=(REPRESENTATION_RELATIONSHIP(' ',' ',#5509,#15)REPRESENTATION_RELATIONSHIP_WITH_TRANSFORMATION(#7286)SHAPE_REPRESENTATION_RELATIONSHIP()) ;
#7459=(REPRESENTATION_RELATIONSHIP(' ',' ',#7297,#15)REPRESENTATION_RELATIONSHIP_WITH_TRANSFORMATION(#7460)SHAPE_REPRESENTATION_RELATIONSHIP()) ;
#7474=(REPRESENTATION_RELATIONSHIP(' ',' ',#7297,#15)REPRESENTATION_RELATIONSHIP_WITH_TRANSFORMATION(#7475)SHAPE_REPRESENTATION_RELATIONSHIP()) ;
#7489=(REPRESENTATION_RELATIONSHIP(' ',' ',#7297,#15)REPRESENTATION_RELATIONSHIP_WITH_TRANSFORMATION(#7490)SHAPE_REPRESENTATION_RELATIONSHIP()) ;
#7899=(REPRESENTATION_RELATIONSHIP(' ',' ',#7501,#15)REPRESENTATION_RELATIONSHIP_WITH_TRANSFORMATION(#7900)SHAPE_REPRESENTATION_RELATIONSHIP()) ;
#7914=(REPRESENTATION_RELATIONSHIP(' ',' ',#7501,#15)REPRESENTATION_RELATIONSHIP_WITH_TRANSFORMATION(#7915)SHAPE_REPRESENTATION_RELATIONSHIP()) ;
#7929=(REPRESENTATION_RELATIONSHIP(' ',' ',#7501,#15)REPRESENTATION_RELATIONSHIP_WITH_TRANSFORMATION(#7930)SHAPE_REPRESENTATION_RELATIONSHIP()) ;
#10103=(REPRESENTATION_RELATIONSHIP(' ',' ',#7941,#15)REPRESENTATION_RELATIONSHIP_WITH_TRANSFORMATION(#10104)SHAPE_REPRESENTATION_RELATIONSHIP()) ;
#10278=(REPRESENTATION_RELATIONSHIP(' ',' ',#10115,#15)REPRESENTATION_RELATIONSHIP_WITH_TRANSFORMATION(#10279)SHAPE_REPRESENTATION_RELATIONSHIP()) ;
#11933=(REPRESENTATION_RELATIONSHIP(' ',' ',#10290,#15)REPRESENTATION_RELATIONSHIP_WITH_TRANSFORMATION(#11934)SHAPE_REPRESENTATION_RELATIONSHIP()) ;
#13799=(REPRESENTATION_RELATIONSHIP(' ',' ',#11945,#15)REPRESENTATION_RELATIONSHIP_WITH_TRANSFORMATION(#13800)SHAPE_REPRESENTATION_RELATIONSHIP()) ;
#14535=(REPRESENTATION_RELATIONSHIP(' ',' ',#13811,#15)REPRESENTATION_RELATIONSHIP_WITH_TRANSFORMATION(#14536)SHAPE_REPRESENTATION_RELATIONSHIP()) ;
#14550=(REPRESENTATION_RELATIONSHIP(' ',' ',#13811,#15)REPRESENTATION_RELATIONSHIP_WITH_TRANSFORMATION(#14551)SHAPE_REPRESENTATION_RELATIONSHIP()) ;
#14565=(REPRESENTATION_RELATIONSHIP(' ',' ',#13811,#15)REPRESENTATION_RELATIONSHIP_WITH_TRANSFORMATION(#14566)SHAPE_REPRESENTATION_RELATIONSHIP()) ;
#14739=(REPRESENTATION_RELATIONSHIP(' ',' ',#14577,#15)REPRESENTATION_RELATIONSHIP_WITH_TRANSFORMATION(#14740)SHAPE_REPRESENTATION_RELATIONSHIP()) ;
#14754=(REPRESENTATION_RELATIONSHIP(' ',' ',#14577,#15)REPRESENTATION_RELATIONSHIP_WITH_TRANSFORMATION(#14755)SHAPE_REPRESENTATION_RELATIONSHIP()) ;
#14769=(REPRESENTATION_RELATIONSHIP(' ',' ',#14577,#15)REPRESENTATION_RELATIONSHIP_WITH_TRANSFORMATION(#14770)SHAPE_REPRESENTATION_RELATIONSHIP()) ;
#15718=(REPRESENTATION_RELATIONSHIP(' ',' ',#14781,#15)REPRESENTATION_RELATIONSHIP_WITH_TRANSFORMATION(#15719)SHAPE_REPRESENTATION_RELATIONSHIP()) ;
#15733=(REPRESENTATION_RELATIONSHIP(' ',' ',#14781,#15)REPRESENTATION_RELATIONSHIP_WITH_TRANSFORMATION(#15734)SHAPE_REPRESENTATION_RELATIONSHIP()) ;
#15748=(REPRESENTATION_RELATIONSHIP(' ',' ',#14781,#15)REPRESENTATION_RELATIONSHIP_WITH_TRANSFORMATION(#15749)SHAPE_REPRESENTATION_RELATIONSHIP()) ;
#16445=(REPRESENTATION_RELATIONSHIP(' ',' ',#15760,#15)REPRESENTATION_RELATIONSHIP_WITH_TRANSFORMATION(#16446)SHAPE_REPRESENTATION_RELATIONSHIP()) ;
ENDSEC;
END-ISO-10303-21;
