ISO-10303-21;
HEADER;
FILE_DESCRIPTION(('FreeCAD Model'),'2;1');
FILE_NAME('Open CASCADE Shape Model','2026-08-13T14:27:00',(''),(''),
  'Open CASCADE STEP processor 7.8','FreeCAD','Unknown');
FILE_SCHEMA((
'AP242_MANAGED_MODEL_BASED_3D_ENGINEERING_MIM_LF. {1 0 10303 442 1 1 4 
}'));
ENDSEC;
DATA;
#1 = APPLICATION_PROTOCOL_DEFINITION('international standard',
  'ap242_managed_model_based_3d_engineering',2013,#2);
#2 = APPLICATION_CONTEXT('Managed model based 3d engineering');
#3 = SHAPE_DEFINITION_REPRESENTATION(#4,#10);
#4 = PRODUCT_DEFINITION_SHAPE('','',#5);
#5 = PRODUCT_DEFINITION('design','',#6,#9);
#6 = PRODUCT_DEFINITION_FORMATION('','',#7);
#7 = PRODUCT('Body001','Body001','',(#8));
#8 = PRODUCT_CONTEXT('',#2,'mechanical');
#9 = PRODUCT_DEFINITION_CONTEXT('part definition',#2,'design');
#10 = ADVANCED_BREP_SHAPE_REPRESENTATION('',(#11,#15),#3174);
#11 = AXIS2_PLACEMENT_3D('',#12,#13,#14);
#12 = CARTESIAN_POINT('',(0.,0.,0.));
#13 = DIRECTION('',(0.,0.,1.));
#14 = DIRECTION('',(1.,0.,-0.));
#15 = MANIFOLD_SOLID_BREP('',#16);
#16 = CLOSED_SHELL('',(#17,#120,#247,#328,#409,#529,#649,#723,#748,#773,
    #798,#823,#846,#870,#886,#966,#991,#1015,#1081,#1105,#1129,#1203,
    #1226,#1250,#1266,#1296,#1319,#1350,#1380,#1403,#1434,#1457,#1481,
    #1497,#1577,#1602,#1619,#1631,#1654,#1676,#1687,#1703,#1727,#1743,
    #1755,#1767,#1790,#1814,#1830,#1860,#1883,#1907,#1941,#2094,#2118,
    #2148,#2165,#2183,#2213,#2236,#2260,#2407,#2428,#2570,#2591,#2733,
    #2886,#2910,#2940,#2957,#3104,#3120,#3138,#3156));
#17 = ADVANCED_FACE('',(#18,#71,#82,#93,#104),#115,.F.);
#18 = FACE_BOUND('',#19,.F.);
#19 = EDGE_LOOP('',(#20,#30,#39,#47,#56,#64));
#20 = ORIENTED_EDGE('',*,*,#21,.T.);
#21 = EDGE_CURVE('',#22,#24,#26,.T.);
#22 = VERTEX_POINT('',#23);
#23 = CARTESIAN_POINT('',(-39.60769515458,-28.86751345948,
    4.06369501215E-16));
#24 = VERTEX_POINT('',#25);
#25 = CARTESIAN_POINT('',(39.607695154587,-28.86751345948,0.));
#26 = LINE('',#27,#28);
#27 = CARTESIAN_POINT('',(-50.,-28.86751345948,0.));
#28 = VECTOR('',#29,1.);
#29 = DIRECTION('',(1.,6.E-16,0.));
#30 = ORIENTED_EDGE('',*,*,#31,.T.);
#31 = EDGE_CURVE('',#24,#32,#34,.T.);
#32 = VERTEX_POINT('',#33);
#33 = CARTESIAN_POINT('',(44.803847577294,-19.86751345948,0.));
#34 = CIRCLE('',#35,6.);
#35 = AXIS2_PLACEMENT_3D('',#36,#37,#38);
#36 = CARTESIAN_POINT('',(39.607695154587,-22.86751345948,0.));
#37 = DIRECTION('',(-0.,0.,1.));
#38 = DIRECTION('',(0.,-1.,0.));
#39 = ORIENTED_EDGE('',*,*,#40,.T.);
#40 = EDGE_CURVE('',#32,#41,#43,.T.);
#41 = VERTEX_POINT('',#42);
#42 = CARTESIAN_POINT('',(5.196152422707,48.735026918963,
    4.06369501215E-16));
#43 = LINE('',#44,#45);
#44 = CARTESIAN_POINT('',(50.,-28.86751345948,0.));
#45 = VECTOR('',#46,1.);
#46 = DIRECTION('',(-0.5,0.866025403784,0.));
#47 = ORIENTED_EDGE('',*,*,#48,.F.);
#48 = EDGE_CURVE('',#49,#41,#51,.T.);
#49 = VERTEX_POINT('',#50);
#50 = CARTESIAN_POINT('',(-5.196152422707,48.735026918963,
    4.06369501215E-16));
#51 = CIRCLE('',#52,6.);
#52 = AXIS2_PLACEMENT_3D('',#53,#54,#55);
#53 = CARTESIAN_POINT('',(-2.730298281163E-15,45.735026918963,0.));
#54 = DIRECTION('',(-0.,-0.,-1.));
#55 = DIRECTION('',(0.,-1.,0.));
#56 = ORIENTED_EDGE('',*,*,#57,.T.);
#57 = EDGE_CURVE('',#49,#58,#60,.T.);
#58 = VERTEX_POINT('',#59);
#59 = CARTESIAN_POINT('',(-44.80384757729,-19.86751345948,
    4.06369501215E-16));
#60 = LINE('',#61,#62);
#61 = CARTESIAN_POINT('',(-1.421E-14,57.735026918963,0.));
#62 = VECTOR('',#63,1.);
#63 = DIRECTION('',(-0.5,-0.866025403784,0.));
#64 = ORIENTED_EDGE('',*,*,#65,.F.);
#65 = EDGE_CURVE('',#22,#58,#66,.T.);
#66 = CIRCLE('',#67,6.);
#67 = AXIS2_PLACEMENT_3D('',#68,#69,#70);
#68 = CARTESIAN_POINT('',(-39.60769515458,-22.86751345948,0.));
#69 = DIRECTION('',(-0.,-0.,-1.));
#70 = DIRECTION('',(0.,-1.,0.));
#71 = FACE_BOUND('',#72,.F.);
#72 = EDGE_LOOP('',(#73));
#73 = ORIENTED_EDGE('',*,*,#74,.F.);
#74 = EDGE_CURVE('',#75,#75,#77,.T.);
#75 = VERTEX_POINT('',#76);
#76 = CARTESIAN_POINT('',(1.45,-18.313328662,0.));
#77 = CIRCLE('',#78,1.45);
#78 = AXIS2_PLACEMENT_3D('',#79,#80,#81);
#79 = CARTESIAN_POINT('',(6.716494300735E-14,-18.313328662,0.));
#80 = DIRECTION('',(0.,0.,1.));
#81 = DIRECTION('',(1.,0.,0.));
#82 = FACE_BOUND('',#83,.F.);
#83 = EDGE_LOOP('',(#84));
#84 = ORIENTED_EDGE('',*,*,#85,.T.);
#85 = EDGE_CURVE('',#86,#86,#88,.T.);
#86 = VERTEX_POINT('',#87);
#87 = CARTESIAN_POINT('',(-5.5,0.,0.));
#88 = CIRCLE('',#89,5.5);
#89 = AXIS2_PLACEMENT_3D('',#90,#91,#92);
#90 = CARTESIAN_POINT('',(0.,0.,0.));
#91 = DIRECTION('',(0.,0.,-1.));
#92 = DIRECTION('',(-1.,0.,0.));
#93 = FACE_BOUND('',#94,.F.);
#94 = EDGE_LOOP('',(#95));
#95 = ORIENTED_EDGE('',*,*,#96,.F.);
#96 = EDGE_CURVE('',#97,#97,#99,.T.);
#97 = VERTEX_POINT('',#98);
#98 = CARTESIAN_POINT('',(-14.40980784915,9.156664331003,0.));
#99 = CIRCLE('',#100,1.45);
#100 = AXIS2_PLACEMENT_3D('',#101,#102,#103);
#101 = CARTESIAN_POINT('',(-15.85980784915,9.156664331003,0.));
#102 = DIRECTION('',(0.,0.,1.));
#103 = DIRECTION('',(1.,0.,0.));
#104 = FACE_BOUND('',#105,.F.);
#105 = EDGE_LOOP('',(#106));
#106 = ORIENTED_EDGE('',*,*,#107,.F.);
#107 = EDGE_CURVE('',#108,#108,#110,.T.);
#108 = VERTEX_POINT('',#109);
#109 = CARTESIAN_POINT('',(17.30980784915,9.156664331003,0.));
#110 = CIRCLE('',#111,1.45);
#111 = AXIS2_PLACEMENT_3D('',#112,#113,#114);
#112 = CARTESIAN_POINT('',(15.85980784915,9.156664331003,0.));
#113 = DIRECTION('',(0.,0.,1.));
#114 = DIRECTION('',(1.,0.,0.));
#115 = PLANE('',#116);
#116 = AXIS2_PLACEMENT_3D('',#117,#118,#119);
#117 = CARTESIAN_POINT('',(5.609E-14,-3.562E-14,0.));
#118 = DIRECTION('',(0.,0.,1.));
#119 = DIRECTION('',(1.,0.,0.));
#120 = ADVANCED_FACE('',(#121),#242,.T.);
#121 = FACE_BOUND('',#122,.T.);
#122 = EDGE_LOOP('',(#123,#131,#132,#140,#148,#156,#164,#172,#180,#188,
    #196,#204,#212,#220,#228,#236));
#123 = ORIENTED_EDGE('',*,*,#124,.F.);
#124 = EDGE_CURVE('',#22,#125,#127,.T.);
#125 = VERTEX_POINT('',#126);
#126 = CARTESIAN_POINT('',(-39.60769515458,-28.86751345948,
    5.493648703696));
#127 = LINE('',#128,#129);
#128 = CARTESIAN_POINT('',(-39.60769515458,-28.86751345948,
    2.182726340615E-15));
#129 = VECTOR('',#130,1.);
#130 = DIRECTION('',(0.,0.,1.));
#131 = ORIENTED_EDGE('',*,*,#21,.T.);
#132 = ORIENTED_EDGE('',*,*,#133,.T.);
#133 = EDGE_CURVE('',#24,#134,#136,.T.);
#134 = VERTEX_POINT('',#135);
#135 = CARTESIAN_POINT('',(39.607695154587,-28.86751345948,
    5.493648703696));
#136 = LINE('',#137,#138);
#137 = CARTESIAN_POINT('',(39.607695154587,-28.86751345948,0.));
#138 = VECTOR('',#139,1.);
#139 = DIRECTION('',(0.,0.,1.));
#140 = ORIENTED_EDGE('',*,*,#141,.F.);
#141 = EDGE_CURVE('',#142,#134,#144,.T.);
#142 = VERTEX_POINT('',#143);
#143 = CARTESIAN_POINT('',(35.217927479818,-28.86751345948,
    7.688532541081));
#144 = LINE('',#145,#146);
#145 = CARTESIAN_POINT('',(21.573381911822,-28.86751345948,
    14.510805325081));
#146 = VECTOR('',#147,1.);
#147 = DIRECTION('',(0.894427191,5.384931264207E-16,-0.4472135955));
#148 = ORIENTED_EDGE('',*,*,#149,.F.);
#149 = EDGE_CURVE('',#150,#142,#152,.T.);
#150 = VERTEX_POINT('',#151);
#151 = CARTESIAN_POINT('',(35.217927479821,-28.86751345948,
    13.811467458922));
#152 = LINE('',#153,#154);
#153 = CARTESIAN_POINT('',(35.21792747982,-28.86751345948,
    12.935762196247));
#154 = VECTOR('',#155,1.);
#155 = DIRECTION('',(-4.252540999301E-13,-2.56025769452E-28,-1.));
#156 = ORIENTED_EDGE('',*,*,#157,.F.);
#157 = EDGE_CURVE('',#158,#150,#160,.T.);
#158 = VERTEX_POINT('',#159);
#159 = CARTESIAN_POINT('',(39.607695154587,-28.86751345948,
    16.006351296305));
#160 = LINE('',#161,#162);
#161 = CARTESIAN_POINT('',(23.829232205721,-28.86751345948,
    8.117119821874));
#162 = VECTOR('',#163,1.);
#163 = DIRECTION('',(-0.894427191,-5.384931264207E-16,-0.4472135955));
#164 = ORIENTED_EDGE('',*,*,#165,.T.);
#165 = EDGE_CURVE('',#158,#166,#168,.T.);
#166 = VERTEX_POINT('',#167);
#167 = CARTESIAN_POINT('',(39.607695154587,-28.86751345948,25.));
#168 = LINE('',#169,#170);
#169 = CARTESIAN_POINT('',(39.607695154587,-28.86751345948,0.));
#170 = VECTOR('',#171,1.);
#171 = DIRECTION('',(0.,0.,1.));
#172 = ORIENTED_EDGE('',*,*,#173,.T.);
#173 = EDGE_CURVE('',#166,#174,#176,.T.);
#174 = VERTEX_POINT('',#175);
#175 = CARTESIAN_POINT('',(10.75973947229,-28.86751345948,25.));
#176 = LINE('',#177,#178);
#177 = CARTESIAN_POINT('',(50.,-28.86751345948,25.));
#178 = VECTOR('',#179,1.);
#179 = DIRECTION('',(-1.,-5.830370336039E-16,0.));
#180 = ORIENTED_EDGE('',*,*,#181,.F.);
#181 = EDGE_CURVE('',#182,#174,#184,.T.);
#182 = VERTEX_POINT('',#183);
#183 = CARTESIAN_POINT('',(13.439231396601,-28.86751345948,15.));
#184 = LINE('',#185,#186);
#185 = CARTESIAN_POINT('',(13.356595379952,-28.86751345948,
    15.308401812673));
#186 = VECTOR('',#187,1.);
#187 = DIRECTION('',(-0.258819045103,-1.558229425233E-16,0.965925826289)
  );
#188 = ORIENTED_EDGE('',*,*,#189,.F.);
#189 = EDGE_CURVE('',#190,#182,#192,.T.);
#190 = VERTEX_POINT('',#191);
#191 = CARTESIAN_POINT('',(-13.4392313966,-28.86751345948,15.));
#192 = LINE('',#193,#194);
#193 = CARTESIAN_POINT('',(-50.,-28.86751345948,15.));
#194 = VECTOR('',#195,1.);
#195 = DIRECTION('',(1.,6.E-16,0.));
#196 = ORIENTED_EDGE('',*,*,#197,.T.);
#197 = EDGE_CURVE('',#190,#198,#200,.T.);
#198 = VERTEX_POINT('',#199);
#199 = CARTESIAN_POINT('',(-10.75973947229,-28.86751345948,25.));
#200 = LINE('',#201,#202);
#201 = CARTESIAN_POINT('',(-13.35659537995,-28.86751345948,
    15.308401812673));
#202 = VECTOR('',#203,1.);
#203 = DIRECTION('',(0.258819045103,1.558229425233E-16,0.965925826289));
#204 = ORIENTED_EDGE('',*,*,#205,.T.);
#205 = EDGE_CURVE('',#198,#206,#208,.T.);
#206 = VERTEX_POINT('',#207);
#207 = CARTESIAN_POINT('',(-39.60769515458,-28.86751345948,25.));
#208 = LINE('',#209,#210);
#209 = CARTESIAN_POINT('',(-13.4392313966,-28.86751345948,25.));
#210 = VECTOR('',#211,1.);
#211 = DIRECTION('',(-1.,-5.830370336039E-16,0.));
#212 = ORIENTED_EDGE('',*,*,#213,.F.);
#213 = EDGE_CURVE('',#214,#206,#216,.T.);
#214 = VERTEX_POINT('',#215);
#215 = CARTESIAN_POINT('',(-39.60769515458,-28.86751345948,
    16.006351296304));
#216 = LINE('',#217,#218);
#217 = CARTESIAN_POINT('',(-39.60769515458,-28.86751345948,
    2.182726340615E-15));
#218 = VECTOR('',#219,1.);
#219 = DIRECTION('',(0.,0.,1.));
#220 = ORIENTED_EDGE('',*,*,#221,.F.);
#221 = EDGE_CURVE('',#222,#214,#224,.T.);
#222 = VERTEX_POINT('',#223);
#223 = CARTESIAN_POINT('',(-35.21792747982,-28.86751345948,
    13.811467458921));
#224 = LINE('',#225,#226);
#225 = CARTESIAN_POINT('',(-22.09740468525,-28.86751345948,
    7.251206061638));
#226 = VECTOR('',#227,1.);
#227 = DIRECTION('',(-0.894427191,-5.384931264207E-16,0.4472135955));
#228 = ORIENTED_EDGE('',*,*,#229,.F.);
#229 = EDGE_CURVE('',#230,#222,#232,.T.);
#230 = VERTEX_POINT('',#231);
#231 = CARTESIAN_POINT('',(-35.21792747982,-28.86751345948,
    7.688532541079));
#232 = LINE('',#233,#234);
#233 = CARTESIAN_POINT('',(-35.21792747982,-28.86751345948,
    9.874294737332));
#234 = VECTOR('',#235,1.);
#235 = DIRECTION('',(-1.493446185965E-16,-8.991346796178E-32,1.));
#236 = ORIENTED_EDGE('',*,*,#237,.F.);
#237 = EDGE_CURVE('',#125,#230,#238,.T.);
#238 = LINE('',#239,#240);
#239 = CARTESIAN_POINT('',(-23.30520943228,-28.86751345948,
    13.644891564845));
#240 = VECTOR('',#241,1.);
#241 = DIRECTION('',(0.894427191,5.384931264207E-16,0.4472135955));
#242 = PLANE('',#243);
#243 = AXIS2_PLACEMENT_3D('',#244,#245,#246);
#244 = CARTESIAN_POINT('',(8.631778419604E-14,-28.86751345948,
    12.060056933585));
#245 = DIRECTION('',(6.020536180465E-16,-1.,0.));
#246 = DIRECTION('',(-1.,-6.020536180465E-16,0.));
#247 = ADVANCED_FACE('',(#248),#323,.T.);
#248 = FACE_BOUND('',#249,.F.);
#249 = EDGE_LOOP('',(#250,#251,#252,#260,#279,#306));
#250 = ORIENTED_EDGE('',*,*,#124,.F.);
#251 = ORIENTED_EDGE('',*,*,#65,.T.);
#252 = ORIENTED_EDGE('',*,*,#253,.T.);
#253 = EDGE_CURVE('',#58,#254,#256,.T.);
#254 = VERTEX_POINT('',#255);
#255 = CARTESIAN_POINT('',(-44.80384757729,-19.86751345948,
    5.493648703696));
#256 = LINE('',#257,#258);
#257 = CARTESIAN_POINT('',(-44.80384757729,-19.86751345948,
    2.182726340615E-15));
#258 = VECTOR('',#259,1.);
#259 = DIRECTION('',(0.,0.,1.));
#260 = ORIENTED_EDGE('',*,*,#261,.T.);
#261 = EDGE_CURVE('',#254,#262,#264,.T.);
#262 = VERTEX_POINT('',#263);
#263 = CARTESIAN_POINT('',(-45.6074610691,-22.81451373363,3.396831627652
    ));
#264 = B_SPLINE_CURVE_WITH_KNOTS('',7,(#265,#266,#267,#268,#269,#270,
    #271,#272,#273,#274,#275,#276,#277,#278),.UNSPECIFIED.,.F.,.F.,(8,6,
    8),(0.,0.524386913539,1.),.UNSPECIFIED.);
#265 = CARTESIAN_POINT('',(-44.80384757729,-19.86751345948,
    5.493648703696));
#266 = CARTESIAN_POINT('',(-44.94489998681,-20.1118233993,5.358627131348
    ));
#267 = CARTESIAN_POINT('',(-45.06574600878,-20.35208247177,
    5.216528548866));
#268 = CARTESIAN_POINT('',(-45.16938825785,-20.58812611584,5.06905893641
    ));
#269 = CARTESIAN_POINT('',(-45.25782156364,-20.8197791022,4.917407944515
    ));
#270 = CARTESIAN_POINT('',(-45.33274655872,-21.04704041418,
    4.762463113507));
#271 = CARTESIAN_POINT('',(-45.39551677373,-21.27007144898,
    4.604792362459));
#272 = CARTESIAN_POINT('',(-45.4941546965,-21.68797905983,4.29945946235)
  );
#273 = CARTESIAN_POINT('',(-45.53195023893,-21.88341274317,
    4.152326850944));
#274 = CARTESIAN_POINT('',(-45.56144108168,-22.07565103921,
    4.003592199037));
#275 = CARTESIAN_POINT('',(-45.58325879879,-22.2647909608,3.853501977215
    ));
#276 = CARTESIAN_POINT('',(-45.59792122242,-22.45091973007,
    3.702251711746));
#277 = CARTESIAN_POINT('',(-45.60586761277,-22.63412855578,
    3.549992559902));
#278 = CARTESIAN_POINT('',(-45.6074610691,-22.81451373363,3.396831627652
    ));
#279 = ORIENTED_EDGE('',*,*,#280,.F.);
#280 = EDGE_CURVE('',#281,#262,#283,.T.);
#281 = VERTEX_POINT('',#282);
#282 = CARTESIAN_POINT('',(-42.56167900287,-28.08996302114,
    3.396831627652));
#283 = B_SPLINE_CURVE_WITH_KNOTS('',6,(#284,#285,#286,#287,#288,#289,
    #290,#291,#292,#293,#294,#295,#296,#297,#298,#299,#300,#301,#302,
    #303,#304,#305),.UNSPECIFIED.,.F.,.F.,(7,5,5,5,7),(0.,0.136686336771
    ,0.500000257908,0.862942662727,1.),.UNSPECIFIED.);
#284 = CARTESIAN_POINT('',(-42.56167900287,-28.08996302114,
    3.396831627652));
#285 = CARTESIAN_POINT('',(-42.69449113981,-28.01484024537,
    3.398183649794));
#286 = CARTESIAN_POINT('',(-42.82396980318,-27.93625333936,
    3.399455048075));
#287 = CARTESIAN_POINT('',(-42.95011210271,-27.85436069882,
    3.400647161208));
#288 = CARTESIAN_POINT('',(-43.07291605512,-27.76930688595,
    3.401761220882));
#289 = CARTESIAN_POINT('',(-43.19238058416,-27.68122262938,
    3.402798351769));
#290 = CARTESIAN_POINT('',(-43.61716699317,-27.34835156774,3.40631450512
    ));
#291 = CARTESIAN_POINT('',(-43.90217427755,-27.08594201915,
    3.408332638332));
#292 = CARTESIAN_POINT('',(-44.1636368581,-26.80512978908,3.409834247329
    ));
#293 = CARTESIAN_POINT('',(-44.40133291454,-26.50758917184,
    3.410830591418));
#294 = CARTESIAN_POINT('',(-44.61493705684,-26.19471624445,
    3.411328936138));
#295 = CARTESIAN_POINT('',(-44.9925662354,-25.54064299,3.411328933252));
#296 = CARTESIAN_POINT('',(-45.15657746247,-25.19958330389,
    3.410831604346));
#297 = CARTESIAN_POINT('',(-45.29531679408,-24.84535155454,
    3.409837292474));
#298 = CARTESIAN_POINT('',(-45.40774164706,-24.47892472193,
    3.408338764021));
#299 = CARTESIAN_POINT('',(-45.49251773113,-24.10132868058,3.4063248025)
  );
#300 = CARTESIAN_POINT('',(-45.56860736298,-23.56708919555,
    3.402812421227));
#301 = CARTESIAN_POINT('',(-45.5852499696,-23.41920238318,3.401773312728
    ));
#302 = CARTESIAN_POINT('',(-45.59757600344,-23.26993074035,
    3.400656866475));
#303 = CARTESIAN_POINT('',(-45.60547192989,-23.11934106863,
    3.399461949233));
#304 = CARTESIAN_POINT('',(-45.60881256373,-22.96750794737,
    3.398187319528));
#305 = CARTESIAN_POINT('',(-45.6074610691,-22.81451373363,3.396831627652
    ));
#306 = ORIENTED_EDGE('',*,*,#307,.F.);
#307 = EDGE_CURVE('',#125,#281,#308,.T.);
#308 = B_SPLINE_CURVE_WITH_KNOTS('',7,(#309,#310,#311,#312,#313,#314,
    #315,#316,#317,#318,#319,#320,#321,#322),.UNSPECIFIED.,.F.,.F.,(8,6,
    8),(0.,0.524386913539,1.),.UNSPECIFIED.);
#309 = CARTESIAN_POINT('',(-39.60769515458,-28.86751345948,
    5.493648703696));
#310 = CARTESIAN_POINT('',(-39.88979997363,-28.86751345948,
    5.358627131347));
#311 = CARTESIAN_POINT('',(-40.15829344486,-28.85203964821,
    5.216528548867));
#312 = CARTESIAN_POINT('',(-40.41453436157,-28.82377464678,
    5.069058936408));
#313 = CARTESIAN_POINT('',(-40.65936838551,-28.78453364295,
    4.917407944516));
#314 = CARTESIAN_POINT('',(-40.89364495251,-28.73578993608,
    4.762463113507));
#315 = CARTESIAN_POINT('',(-41.118180602,-28.67863501948,4.604792362459)
  );
#316 = CARTESIAN_POINT('',(-41.5294181708,-28.55510416095,4.29945946235)
  );
#317 = CARTESIAN_POINT('',(-41.71756647655,-28.49011921917,
    4.152326850944));
#318 = CARTESIAN_POINT('',(-41.89879514588,-28.41953989016,
    4.003592199037));
#319 = CARTESIAN_POINT('',(-42.0735039814,-28.34386462663,3.853501977215
    ));
#320 = CARTESIAN_POINT('',(-42.24202743578,-28.26349827333,
    3.702251711745));
#321 = CARTESIAN_POINT('',(-42.40466412822,-28.1787756364,3.549992559902
    ));
#322 = CARTESIAN_POINT('',(-42.56167900287,-28.08996302114,
    3.396831627652));
#323 = CYLINDRICAL_SURFACE('',#324,6.);
#324 = AXIS2_PLACEMENT_3D('',#325,#326,#327);
#325 = CARTESIAN_POINT('',(-39.60769515458,-22.86751345948,
    2.182726340615E-15));
#326 = DIRECTION('',(0.,0.,1.));
#327 = DIRECTION('',(6.020536180465E-16,-1.,0.));
#328 = ADVANCED_FACE('',(#329),#404,.T.);
#329 = FACE_BOUND('',#330,.T.);
#330 = EDGE_LOOP('',(#331,#332,#333,#341,#360,#387));
#331 = ORIENTED_EDGE('',*,*,#133,.F.);
#332 = ORIENTED_EDGE('',*,*,#31,.T.);
#333 = ORIENTED_EDGE('',*,*,#334,.T.);
#334 = EDGE_CURVE('',#32,#335,#337,.T.);
#335 = VERTEX_POINT('',#336);
#336 = CARTESIAN_POINT('',(44.803847577293,-19.86751345948,
    5.493648703696));
#337 = LINE('',#338,#339);
#338 = CARTESIAN_POINT('',(44.803847577294,-19.86751345948,0.));
#339 = VECTOR('',#340,1.);
#340 = DIRECTION('',(0.,0.,1.));
#341 = ORIENTED_EDGE('',*,*,#342,.T.);
#342 = EDGE_CURVE('',#335,#343,#345,.T.);
#343 = VERTEX_POINT('',#344);
#344 = CARTESIAN_POINT('',(45.607461069109,-22.81451373363,
    3.396831627652));
#345 = B_SPLINE_CURVE_WITH_KNOTS('',7,(#346,#347,#348,#349,#350,#351,
    #352,#353,#354,#355,#356,#357,#358,#359),.UNSPECIFIED.,.F.,.F.,(8,6,
    8),(0.,0.524386913539,1.),.UNSPECIFIED.);
#346 = CARTESIAN_POINT('',(44.803847577293,-19.86751345948,
    5.493648703696));
#347 = CARTESIAN_POINT('',(44.944899986816,-20.1118233993,5.358627131347
    ));
#348 = CARTESIAN_POINT('',(45.065746008784,-20.35208247177,
    5.216528548866));
#349 = CARTESIAN_POINT('',(45.169388257857,-20.58812611584,
    5.069058936409));
#350 = CARTESIAN_POINT('',(45.257821563645,-20.8197791022,4.917407944516
    ));
#351 = CARTESIAN_POINT('',(45.33274655872,-21.04704041418,4.762463113507
    ));
#352 = CARTESIAN_POINT('',(45.395516773736,-21.27007144898,
    4.604792362459));
#353 = CARTESIAN_POINT('',(45.4941546965,-21.68797905982,4.29945946235)
  );
#354 = CARTESIAN_POINT('',(45.531950238933,-21.88341274317,
    4.152326850945));
#355 = CARTESIAN_POINT('',(45.561441081689,-22.07565103921,
    4.003592199037));
#356 = CARTESIAN_POINT('',(45.583258798797,-22.2647909608,3.853501977215
    ));
#357 = CARTESIAN_POINT('',(45.59792122242,-22.45091973007,3.702251711746
    ));
#358 = CARTESIAN_POINT('',(45.605867612779,-22.63412855578,
    3.549992559902));
#359 = CARTESIAN_POINT('',(45.607461069109,-22.81451373363,
    3.396831627652));
#360 = ORIENTED_EDGE('',*,*,#361,.T.);
#361 = EDGE_CURVE('',#343,#362,#364,.T.);
#362 = VERTEX_POINT('',#363);
#363 = CARTESIAN_POINT('',(42.56167900287,-28.08996302114,3.396831627652
    ));
#364 = B_SPLINE_CURVE_WITH_KNOTS('',6,(#365,#366,#367,#368,#369,#370,
    #371,#372,#373,#374,#375,#376,#377,#378,#379,#380,#381,#382,#383,
    #384,#385,#386),.UNSPECIFIED.,.F.,.F.,(7,5,5,5,7),(0.,0.136686336771
    ,0.500000257908,0.862942662725,1.),.UNSPECIFIED.);
#365 = CARTESIAN_POINT('',(45.607461069109,-22.81451373363,
    3.396831627652));
#366 = CARTESIAN_POINT('',(45.608808905362,-22.96709380604,
    3.398183649794));
#367 = CARTESIAN_POINT('',(45.60548998004,-23.11851907077,3.399455048075
    ));
#368 = CARTESIAN_POINT('',(45.597640022716,-23.26870782692,
    3.400647161207));
#369 = CARTESIAN_POINT('',(45.58538323628,-23.41758607583,3.401761220882
    ));
#370 = CARTESIAN_POINT('',(45.568832296939,-23.56508752111,
    3.402798351769));
#371 = CARTESIAN_POINT('',(45.49295070588,-24.09939887333,3.40631450512)
  );
#372 = CARTESIAN_POINT('',(45.4082010128,-24.47742719615,3.408332638332)
  );
#373 = CARTESIAN_POINT('',(45.295741778139,-24.84426654808,
    3.409834247329));
#374 = CARTESIAN_POINT('',(45.156912073172,-25.19888767996,
    3.410830591418));
#375 = CARTESIAN_POINT('',(44.992758241041,-25.54031075724,
    3.411328936138));
#376 = CARTESIAN_POINT('',(44.615128776037,-26.1943838463,3.411328933252
    ));
#377 = CARTESIAN_POINT('',(44.401768037193,-26.50695157851,
    3.410831604346));
#378 = CARTESIAN_POINT('',(44.164364009236,-26.80421923886,
    3.409837292474));
#379 = CARTESIAN_POINT('',(43.903241490062,-27.08479543386,
    3.408338764021));
#380 = CARTESIAN_POINT('',(43.618621767918,-27.34701169697,3.4063248025)
  );
#381 = CARTESIAN_POINT('',(43.194001618109,-27.68002699363,
    3.402812421227));
#382 = CARTESIAN_POINT('',(43.074249185016,-27.76838331995,
    3.401773312728));
#383 = CARTESIAN_POINT('',(42.951139167177,-27.85369379979,
    3.400656866475));
#384 = CARTESIAN_POINT('',(42.82467264915,-27.93582670854,3.399461949233
    ));
#385 = CARTESIAN_POINT('',(42.694851625915,-28.01463634294,
    3.398187319528));
#386 = CARTESIAN_POINT('',(42.56167900287,-28.08996302114,3.396831627652
    ));
#387 = ORIENTED_EDGE('',*,*,#388,.F.);
#388 = EDGE_CURVE('',#134,#362,#389,.T.);
#389 = B_SPLINE_CURVE_WITH_KNOTS('',7,(#390,#391,#392,#393,#394,#395,
    #396,#397,#398,#399,#400,#401,#402,#403),.UNSPECIFIED.,.F.,.F.,(8,6,
    8),(0.,0.524386913539,1.),.UNSPECIFIED.);
#390 = CARTESIAN_POINT('',(39.607695154587,-28.86751345948,
    5.493648703696));
#391 = CARTESIAN_POINT('',(39.889799973632,-28.86751345948,
    5.358627131348));
#392 = CARTESIAN_POINT('',(40.158293444863,-28.85203964821,
    5.216528548866));
#393 = CARTESIAN_POINT('',(40.414534361571,-28.82377464678,5.06905893641
    ));
#394 = CARTESIAN_POINT('',(40.659368385515,-28.78453364295,
    4.917407944515));
#395 = CARTESIAN_POINT('',(40.893644952519,-28.73578993608,
    4.762463113507));
#396 = CARTESIAN_POINT('',(41.118180602003,-28.67863501948,
    4.604792362459));
#397 = CARTESIAN_POINT('',(41.529418170807,-28.55510416095,4.29945946235
    ));
#398 = CARTESIAN_POINT('',(41.717566476558,-28.49011921917,
    4.152326850944));
#399 = CARTESIAN_POINT('',(41.898795145884,-28.41953989016,
    4.003592199037));
#400 = CARTESIAN_POINT('',(42.073503981406,-28.34386462663,
    3.853501977215));
#401 = CARTESIAN_POINT('',(42.242027435784,-28.26349827333,
    3.702251711745));
#402 = CARTESIAN_POINT('',(42.404664128225,-28.1787756364,3.549992559902
    ));
#403 = CARTESIAN_POINT('',(42.56167900287,-28.08996302114,3.396831627652
    ));
#404 = CYLINDRICAL_SURFACE('',#405,6.);
#405 = AXIS2_PLACEMENT_3D('',#406,#407,#408);
#406 = CARTESIAN_POINT('',(39.607695154587,-22.86751345948,0.));
#407 = DIRECTION('',(0.,0.,1.));
#408 = DIRECTION('',(6.020536180465E-16,-1.,0.));
#409 = ADVANCED_FACE('',(#410),#524,.T.);
#410 = FACE_BOUND('',#411,.T.);
#411 = EDGE_LOOP('',(#412,#420,#421,#422,#430,#438,#446,#454,#462,#470,
    #478,#486,#494,#502,#510,#518));
#412 = ORIENTED_EDGE('',*,*,#413,.F.);
#413 = EDGE_CURVE('',#49,#414,#416,.T.);
#414 = VERTEX_POINT('',#415);
#415 = CARTESIAN_POINT('',(-5.196152422707,48.735026918963,
    5.493648703696));
#416 = LINE('',#417,#418);
#417 = CARTESIAN_POINT('',(-5.196152422707,48.735026918963,
    2.182726340615E-15));
#418 = VECTOR('',#419,1.);
#419 = DIRECTION('',(0.,0.,1.));
#420 = ORIENTED_EDGE('',*,*,#57,.T.);
#421 = ORIENTED_EDGE('',*,*,#253,.T.);
#422 = ORIENTED_EDGE('',*,*,#423,.F.);
#423 = EDGE_CURVE('',#424,#254,#426,.T.);
#424 = VERTEX_POINT('',#425);
#425 = CARTESIAN_POINT('',(-42.6089637399,-16.06586313642,7.688532541081
    ));
#426 = LINE('',#427,#428);
#427 = CARTESIAN_POINT('',(-35.78669095591,-4.249340051441,
    14.510805325081));
#428 = VECTOR('',#429,1.);
#429 = DIRECTION('',(-0.4472135955,-0.774596669241,-0.4472135955));
#430 = ORIENTED_EDGE('',*,*,#431,.F.);
#431 = EDGE_CURVE('',#432,#424,#434,.T.);
#432 = VERTEX_POINT('',#433);
#433 = CARTESIAN_POINT('',(-42.60896373991,-16.06586313642,
    13.811467458922));
#434 = LINE('',#435,#436);
#435 = CARTESIAN_POINT('',(-42.60896373991,-16.06586313642,
    12.935762196247));
#436 = VECTOR('',#437,1.);
#437 = DIRECTION('',(2.127498031065E-13,3.681296805572E-13,-1.));
#438 = ORIENTED_EDGE('',*,*,#439,.F.);
#439 = EDGE_CURVE('',#440,#432,#442,.T.);
#440 = VERTEX_POINT('',#441);
#441 = CARTESIAN_POINT('',(-44.80384757729,-19.86751345948,
    16.006351296305));
#442 = LINE('',#443,#444);
#443 = CARTESIAN_POINT('',(-36.91461610286,-6.202963713092,
    8.117119821874));
#444 = VECTOR('',#445,1.);
#445 = DIRECTION('',(0.4472135955,0.774596669242,-0.4472135955));
#446 = ORIENTED_EDGE('',*,*,#447,.T.);
#447 = EDGE_CURVE('',#440,#448,#450,.T.);
#448 = VERTEX_POINT('',#449);
#449 = CARTESIAN_POINT('',(-44.80384757729,-19.86751345948,25.));
#450 = LINE('',#451,#452);
#451 = CARTESIAN_POINT('',(-44.80384757729,-19.86751345948,
    2.182726340615E-15));
#452 = VECTOR('',#453,1.);
#453 = DIRECTION('',(0.,0.,1.));
#454 = ORIENTED_EDGE('',*,*,#455,.T.);
#455 = EDGE_CURVE('',#448,#456,#458,.T.);
#456 = VERTEX_POINT('',#457);
#457 = CARTESIAN_POINT('',(-30.37986973614,5.115549008635,25.));
#458 = LINE('',#459,#460);
#459 = CARTESIAN_POINT('',(-50.,-28.86751345948,25.));
#460 = VECTOR('',#461,1.);
#461 = DIRECTION('',(0.5,0.866025403784,0.));
#462 = ORIENTED_EDGE('',*,*,#463,.F.);
#463 = EDGE_CURVE('',#464,#456,#466,.T.);
#464 = VERTEX_POINT('',#465);
#465 = CARTESIAN_POINT('',(-31.7196156983,2.795040932946,15.));
#466 = LINE('',#467,#468);
#467 = CARTESIAN_POINT('',(-31.67829768997,2.866605822633,
    15.308401812673));
#468 = VECTOR('',#469,1.);
#469 = DIRECTION('',(0.129409522551,0.224143868042,0.965925826289));
#470 = ORIENTED_EDGE('',*,*,#471,.F.);
#471 = EDGE_CURVE('',#472,#464,#474,.T.);
#472 = VERTEX_POINT('',#473);
#473 = CARTESIAN_POINT('',(-18.28038430169,26.072472526535,15.));
#474 = LINE('',#475,#476);
#475 = CARTESIAN_POINT('',(-1.421E-14,57.735026918963,15.));
#476 = VECTOR('',#477,1.);
#477 = DIRECTION('',(-0.5,-0.866025403784,0.));
#478 = ORIENTED_EDGE('',*,*,#479,.T.);
#479 = EDGE_CURVE('',#472,#480,#482,.T.);
#480 = VERTEX_POINT('',#481);
#481 = CARTESIAN_POINT('',(-19.62013026385,23.751964450846,25.));
#482 = LINE('',#483,#484);
#483 = CARTESIAN_POINT('',(-18.32170231002,26.000907636848,
    15.308401812673));
#484 = VECTOR('',#485,1.);
#485 = DIRECTION('',(-0.129409522551,-0.224143868042,0.965925826289));
#486 = ORIENTED_EDGE('',*,*,#487,.F.);
#487 = EDGE_CURVE('',#488,#480,#490,.T.);
#488 = VERTEX_POINT('',#489);
#489 = CARTESIAN_POINT('',(-5.196152422707,48.735026918963,25.));
#490 = LINE('',#491,#492);
#491 = CARTESIAN_POINT('',(-2.13162820728E-14,57.735026918963,25.));
#492 = VECTOR('',#493,1.);
#493 = DIRECTION('',(-0.5,-0.866025403784,0.));
#494 = ORIENTED_EDGE('',*,*,#495,.F.);
#495 = EDGE_CURVE('',#496,#488,#498,.T.);
#496 = VERTEX_POINT('',#497);
#497 = CARTESIAN_POINT('',(-5.196152422707,48.735026918963,
    16.006351296304));
#498 = LINE('',#499,#500);
#499 = CARTESIAN_POINT('',(-5.196152422707,48.735026918963,
    2.182726340615E-15));
#500 = VECTOR('',#501,1.);
#501 = DIRECTION('',(0.,0.,1.));
#502 = ORIENTED_EDGE('',*,*,#503,.F.);
#503 = EDGE_CURVE('',#504,#496,#506,.T.);
#504 = VERTEX_POINT('',#505);
#505 = CARTESIAN_POINT('',(-7.39103626009,44.933376595902,
    13.811467458921));
#506 = LINE('',#507,#508);
#507 = CARTESIAN_POINT('',(-13.95129765737,33.570670544876,
    7.251206061638));
#508 = VECTOR('',#509,1.);
#509 = DIRECTION('',(0.4472135955,0.774596669241,0.4472135955));
#510 = ORIENTED_EDGE('',*,*,#511,.F.);
#511 = EDGE_CURVE('',#512,#504,#514,.T.);
#512 = VERTEX_POINT('',#513);
#513 = CARTESIAN_POINT('',(-7.39103626009,44.933376595902,7.688532541079
    ));
#514 = LINE('',#515,#516);
#515 = CARTESIAN_POINT('',(-7.39103626009,44.933376595902,9.874294737332
    ));
#516 = VECTOR('',#517,1.);
#517 = DIRECTION('',(1.450576286728E-16,6.150349063227E-16,1.));
#518 = ORIENTED_EDGE('',*,*,#519,.F.);
#519 = EDGE_CURVE('',#414,#512,#520,.T.);
#520 = LINE('',#521,#522);
#521 = CARTESIAN_POINT('',(-13.34739528385,34.616660138619,
    13.644891564845));
#522 = VECTOR('',#523,1.);
#523 = DIRECTION('',(-0.4472135955,-0.774596669241,0.4472135955));
#524 = PLANE('',#525);
#525 = AXIS2_PLACEMENT_3D('',#526,#527,#528);
#526 = CARTESIAN_POINT('',(-25.,14.433756729741,12.060056933585));
#527 = DIRECTION('',(-0.866025403784,0.5,-1.818938617179E-16));
#528 = DIRECTION('',(-0.5,-0.866025403784,0.));
#529 = ADVANCED_FACE('',(#530),#644,.T.);
#530 = FACE_BOUND('',#531,.T.);
#531 = EDGE_LOOP('',(#532,#533,#534,#542,#550,#558,#566,#574,#582,#590,
    #598,#606,#614,#622,#630,#638));
#532 = ORIENTED_EDGE('',*,*,#334,.F.);
#533 = ORIENTED_EDGE('',*,*,#40,.T.);
#534 = ORIENTED_EDGE('',*,*,#535,.T.);
#535 = EDGE_CURVE('',#41,#536,#538,.T.);
#536 = VERTEX_POINT('',#537);
#537 = CARTESIAN_POINT('',(5.196152422707,48.735026918963,5.493648703696
    ));
#538 = LINE('',#539,#540);
#539 = CARTESIAN_POINT('',(5.196152422707,48.735026918963,
    2.182726340615E-15));
#540 = VECTOR('',#541,1.);
#541 = DIRECTION('',(0.,0.,1.));
#542 = ORIENTED_EDGE('',*,*,#543,.F.);
#543 = EDGE_CURVE('',#544,#536,#546,.T.);
#544 = VERTEX_POINT('',#545);
#545 = CARTESIAN_POINT('',(7.391036260091,44.933376595901,7.688532541081
    ));
#546 = LINE('',#547,#548);
#547 = CARTESIAN_POINT('',(14.213309044089,33.116853510922,
    14.510805325081));
#548 = VECTOR('',#549,1.);
#549 = DIRECTION('',(-0.4472135955,0.774596669241,-0.4472135955));
#550 = ORIENTED_EDGE('',*,*,#551,.F.);
#551 = EDGE_CURVE('',#552,#544,#554,.T.);
#552 = VERTEX_POINT('',#553);
#553 = CARTESIAN_POINT('',(7.39103626009,44.933376595903,13.811467458922
    ));
#554 = LINE('',#555,#556);
#555 = CARTESIAN_POINT('',(7.39103626009,44.933376595903,12.935762196247
    ));
#556 = VECTOR('',#557,1.);
#557 = DIRECTION('',(2.12364368377E-13,-3.678258757463E-13,-1.));
#558 = ORIENTED_EDGE('',*,*,#559,.F.);
#559 = EDGE_CURVE('',#560,#552,#562,.T.);
#560 = VERTEX_POINT('',#561);
#561 = CARTESIAN_POINT('',(5.196152422707,48.735026918963,
    16.006351296305));
#562 = LINE('',#563,#564);
#563 = CARTESIAN_POINT('',(13.085383897139,35.070477172573,
    8.117119821874));
#564 = VECTOR('',#565,1.);
#565 = DIRECTION('',(0.4472135955,-0.774596669242,-0.4472135955));
#566 = ORIENTED_EDGE('',*,*,#567,.T.);
#567 = EDGE_CURVE('',#560,#568,#570,.T.);
#568 = VERTEX_POINT('',#569);
#569 = CARTESIAN_POINT('',(5.196152422707,48.735026918963,25.));
#570 = LINE('',#571,#572);
#571 = CARTESIAN_POINT('',(5.196152422707,48.735026918963,
    2.182726340615E-15));
#572 = VECTOR('',#573,1.);
#573 = DIRECTION('',(0.,0.,1.));
#574 = ORIENTED_EDGE('',*,*,#575,.F.);
#575 = EDGE_CURVE('',#576,#568,#578,.T.);
#576 = VERTEX_POINT('',#577);
#577 = CARTESIAN_POINT('',(19.620130263855,23.751964450846,25.));
#578 = LINE('',#579,#580);
#579 = CARTESIAN_POINT('',(18.280384301699,26.072472526535,25.));
#580 = VECTOR('',#581,1.);
#581 = DIRECTION('',(-0.5,0.866025403784,0.));
#582 = ORIENTED_EDGE('',*,*,#583,.F.);
#583 = EDGE_CURVE('',#584,#576,#586,.T.);
#584 = VERTEX_POINT('',#585);
#585 = CARTESIAN_POINT('',(18.280384301699,26.072472526535,15.));
#586 = LINE('',#587,#588);
#587 = CARTESIAN_POINT('',(18.321702310024,26.000907636848,
    15.308401812673));
#588 = VECTOR('',#589,1.);
#589 = DIRECTION('',(0.129409522551,-0.224143868042,0.965925826289));
#590 = ORIENTED_EDGE('',*,*,#591,.F.);
#591 = EDGE_CURVE('',#592,#584,#594,.T.);
#592 = VERTEX_POINT('',#593);
#593 = CARTESIAN_POINT('',(31.719615698301,2.795040932946,15.));
#594 = LINE('',#595,#596);
#595 = CARTESIAN_POINT('',(50.,-28.86751345948,15.));
#596 = VECTOR('',#597,1.);
#597 = DIRECTION('',(-0.5,0.866025403784,0.));
#598 = ORIENTED_EDGE('',*,*,#599,.T.);
#599 = EDGE_CURVE('',#592,#600,#602,.T.);
#600 = VERTEX_POINT('',#601);
#601 = CARTESIAN_POINT('',(30.379869736145,5.115549008635,25.));
#602 = LINE('',#603,#604);
#603 = CARTESIAN_POINT('',(31.678297689976,2.866605822633,
    15.308401812673));
#604 = VECTOR('',#605,1.);
#605 = DIRECTION('',(-0.129409522551,0.224143868042,0.965925826289));
#606 = ORIENTED_EDGE('',*,*,#607,.T.);
#607 = EDGE_CURVE('',#600,#608,#610,.T.);
#608 = VERTEX_POINT('',#609);
#609 = CARTESIAN_POINT('',(44.803847577294,-19.86751345948,25.));
#610 = LINE('',#611,#612);
#611 = CARTESIAN_POINT('',(31.719615698301,2.795040932946,25.));
#612 = VECTOR('',#613,1.);
#613 = DIRECTION('',(0.5,-0.866025403784,0.));
#614 = ORIENTED_EDGE('',*,*,#615,.F.);
#615 = EDGE_CURVE('',#616,#608,#618,.T.);
#616 = VERTEX_POINT('',#617);
#617 = CARTESIAN_POINT('',(44.803847577293,-19.86751345948,
    16.006351296304));
#618 = LINE('',#619,#620);
#619 = CARTESIAN_POINT('',(44.803847577294,-19.86751345948,0.));
#620 = VECTOR('',#621,1.);
#621 = DIRECTION('',(0.,0.,1.));
#622 = ORIENTED_EDGE('',*,*,#623,.F.);
#623 = EDGE_CURVE('',#624,#616,#626,.T.);
#624 = VERTEX_POINT('',#625);
#625 = CARTESIAN_POINT('',(42.60896373991,-16.06586313642,
    13.811467458921));
#626 = LINE('',#627,#628);
#627 = CARTESIAN_POINT('',(36.048702342627,-4.703157085395,
    7.251206061638));
#628 = VECTOR('',#629,1.);
#629 = DIRECTION('',(0.4472135955,-0.774596669241,0.4472135955));
#630 = ORIENTED_EDGE('',*,*,#631,.F.);
#631 = EDGE_CURVE('',#632,#624,#634,.T.);
#632 = VERTEX_POINT('',#633);
#633 = CARTESIAN_POINT('',(42.60896373991,-16.06586313642,7.688532541079
    ));
#634 = LINE('',#635,#636);
#635 = CARTESIAN_POINT('',(42.60896373991,-16.06586313642,9.874294737332
    ));
#636 = VECTOR('',#637,1.);
#637 = DIRECTION('',(-1.176239593401E-16,2.037306737645E-16,1.));
#638 = ORIENTED_EDGE('',*,*,#639,.F.);
#639 = EDGE_CURVE('',#335,#632,#640,.T.);
#640 = LINE('',#641,#642);
#641 = CARTESIAN_POINT('',(36.652604716144,-5.749146679138,
    13.644891564845));
#642 = VECTOR('',#643,1.);
#643 = DIRECTION('',(-0.4472135955,0.774596669241,0.4472135955));
#644 = PLANE('',#645);
#645 = AXIS2_PLACEMENT_3D('',#646,#647,#648);
#646 = CARTESIAN_POINT('',(25.,14.433756729741,12.060056933585));
#647 = DIRECTION('',(0.866025403784,0.5,0.));
#648 = DIRECTION('',(-0.5,0.866025403784,0.));
#649 = ADVANCED_FACE('',(#650),#718,.T.);
#650 = FACE_BOUND('',#651,.F.);
#651 = EDGE_LOOP('',(#652,#653,#654,#655,#674,#701));
#652 = ORIENTED_EDGE('',*,*,#413,.F.);
#653 = ORIENTED_EDGE('',*,*,#48,.T.);
#654 = ORIENTED_EDGE('',*,*,#535,.T.);
#655 = ORIENTED_EDGE('',*,*,#656,.T.);
#656 = EDGE_CURVE('',#536,#657,#659,.T.);
#657 = VERTEX_POINT('',#658);
#658 = CARTESIAN_POINT('',(3.045782066239,50.904476754774,3.396831627652
    ));
#659 = B_SPLINE_CURVE_WITH_KNOTS('',7,(#660,#661,#662,#663,#664,#665,
    #666,#667,#668,#669,#670,#671,#672,#673),.UNSPECIFIED.,.F.,.F.,(8,6,
    8),(0.,0.524386913539,1.),.UNSPECIFIED.);
#660 = CARTESIAN_POINT('',(5.196152422707,48.735026918963,5.493648703696
    ));
#661 = CARTESIAN_POINT('',(5.055100013184,48.979336858786,5.358627131348
    ));
#662 = CARTESIAN_POINT('',(4.907452563921,49.20412211999,5.216528548866)
  );
#663 = CARTESIAN_POINT('',(4.754853896285,49.41190076263,5.069058936409)
  );
#664 = CARTESIAN_POINT('',(4.59845317813,49.604312745164,4.917407944516)
  );
#665 = CARTESIAN_POINT('',(4.439101606201,49.782830350264,4.762463113507
    ));
#666 = CARTESIAN_POINT('',(4.277336171733,49.948706468472,4.604792362459
    ));
#667 = CARTESIAN_POINT('',(3.964736525693,50.243083220783,4.29945946235)
  );
#668 = CARTESIAN_POINT('',(3.814383762375,50.373531962353,4.152326850944
    ));
#669 = CARTESIAN_POINT('',(3.662645935805,50.495190929378,4.003592199037
    ));
#670 = CARTESIAN_POINT('',(3.509754817391,50.608655587441,3.853501977215
    ));
#671 = CARTESIAN_POINT('',(3.355893786636,50.714418003417,3.702251711745
    ));
#672 = CARTESIAN_POINT('',(3.201203484554,50.812904192191,3.549992559902
    ));
#673 = CARTESIAN_POINT('',(3.045782066239,50.904476754774,3.396831627652
    ));
#674 = ORIENTED_EDGE('',*,*,#675,.F.);
#675 = EDGE_CURVE('',#676,#657,#678,.T.);
#676 = VERTEX_POINT('',#677);
#677 = CARTESIAN_POINT('',(-3.045782066239,50.904476754774,
    3.396831627652));
#678 = B_SPLINE_CURVE_WITH_KNOTS('',6,(#679,#680,#681,#682,#683,#684,
    #685,#686,#687,#688,#689,#690,#691,#692,#693,#694,#695,#696,#697,
    #698,#699,#700),.UNSPECIFIED.,.F.,.F.,(7,5,5,5,7),(0.,0.136686336771
    ,0.500000257907,0.862942662726,1.),.UNSPECIFIED.);
#679 = CARTESIAN_POINT('',(-3.045782066239,50.904476754774,
    3.396831627652));
#680 = CARTESIAN_POINT('',(-2.91431776555,50.981934051413,3.398183649794
    ));
#681 = CARTESIAN_POINT('',(-2.781520176855,51.054772410138,
    3.399455048075));
#682 = CARTESIAN_POINT('',(-2.647527920006,51.123068525751,
    3.400647161207));
#683 = CARTESIAN_POINT('',(-2.512467181158,51.186892961785,
    3.401761220882));
#684 = CARTESIAN_POINT('',(-2.376451712779,51.2463101505,3.402798351769)
  );
#685 = CARTESIAN_POINT('',(-1.875783712702,51.447750441071,3.40631450512
    ));
#686 = CARTESIAN_POINT('',(-1.506026735248,51.563369215312,
    3.408332638332));
#687 = CARTESIAN_POINT('',(-1.132104920038,51.649396337169,
    3.409834247329));
#688 = CARTESIAN_POINT('',(-0.755579158631,51.706476851807,
    3.410830591418));
#689 = CARTESIAN_POINT('',(-0.377821184201,51.735027001693,
    3.411328936138));
#690 = CARTESIAN_POINT('',(0.377437459366,51.735026836316,3.411328933252
    ));
#691 = CARTESIAN_POINT('',(0.754809425284,51.706534882412,3.410831604346
    ));
#692 = CARTESIAN_POINT('',(1.130952784853,51.649570793415,3.409837292474
    ));
#693 = CARTESIAN_POINT('',(1.504500156998,51.563720155807,3.408338764021
    ));
#694 = CARTESIAN_POINT('',(1.873895963218,51.44834037757,3.4063248025));
#695 = CARTESIAN_POINT('',(2.374605744879,51.247116189207,3.402812421227
    ));
#696 = CARTESIAN_POINT('',(2.511000784595,51.187585703139,3.401773312728
    ));
#697 = CARTESIAN_POINT('',(2.646436836271,51.123624540154,3.400656866475
    ));
#698 = CARTESIAN_POINT('',(2.780799280748,51.05516777719,3.399461949233)
  );
#699 = CARTESIAN_POINT('',(2.91396093782,50.982144290324,3.398187319528)
  );
#700 = CARTESIAN_POINT('',(3.045782066239,50.904476754774,3.396831627652
    ));
#701 = ORIENTED_EDGE('',*,*,#702,.F.);
#702 = EDGE_CURVE('',#414,#676,#703,.T.);
#703 = B_SPLINE_CURVE_WITH_KNOTS('',7,(#704,#705,#706,#707,#708,#709,
    #710,#711,#712,#713,#714,#715,#716,#717),.UNSPECIFIED.,.F.,.F.,(8,6,
    8),(0.,0.524386913539,1.),.UNSPECIFIED.);
#704 = CARTESIAN_POINT('',(-5.196152422707,48.735026918963,
    5.493648703696));
#705 = CARTESIAN_POINT('',(-5.055100013184,48.979336858786,
    5.358627131347));
#706 = CARTESIAN_POINT('',(-4.907452563921,49.20412211999,5.216528548866
    ));
#707 = CARTESIAN_POINT('',(-4.754853896286,49.41190076263,5.069058936409
    ));
#708 = CARTESIAN_POINT('',(-4.59845317813,49.604312745164,4.917407944515
    ));
#709 = CARTESIAN_POINT('',(-4.439101606202,49.782830350264,
    4.762463113507));
#710 = CARTESIAN_POINT('',(-4.277336171733,49.948706468472,
    4.604792362459));
#711 = CARTESIAN_POINT('',(-3.964736525693,50.243083220783,4.29945946235
    ));
#712 = CARTESIAN_POINT('',(-3.814383762375,50.373531962353,
    4.152326850944));
#713 = CARTESIAN_POINT('',(-3.662645935805,50.495190929378,
    4.003592199037));
#714 = CARTESIAN_POINT('',(-3.509754817391,50.608655587441,
    3.853501977215));
#715 = CARTESIAN_POINT('',(-3.355893786636,50.714418003417,
    3.702251711745));
#716 = CARTESIAN_POINT('',(-3.201203484554,50.812904192191,
    3.549992559902));
#717 = CARTESIAN_POINT('',(-3.045782066239,50.904476754774,
    3.396831627652));
#718 = CYLINDRICAL_SURFACE('',#719,6.);
#719 = AXIS2_PLACEMENT_3D('',#720,#721,#722);
#720 = CARTESIAN_POINT('',(-2.730298281163E-15,45.735026918963,
    2.182726340615E-15));
#721 = DIRECTION('',(0.,0.,1.));
#722 = DIRECTION('',(-0.866025403784,0.5,0.));
#723 = ADVANCED_FACE('',(#724),#743,.F.);
#724 = FACE_BOUND('',#725,.F.);
#725 = EDGE_LOOP('',(#726,#734,#741,#742));
#726 = ORIENTED_EDGE('',*,*,#727,.F.);
#727 = EDGE_CURVE('',#728,#75,#730,.T.);
#728 = VERTEX_POINT('',#729);
#729 = CARTESIAN_POINT('',(1.45,-18.313328662,15.));
#730 = LINE('',#731,#732);
#731 = CARTESIAN_POINT('',(1.45,-18.313328662,15.));
#732 = VECTOR('',#733,1.);
#733 = DIRECTION('',(-0.,-0.,-1.));
#734 = ORIENTED_EDGE('',*,*,#735,.F.);
#735 = EDGE_CURVE('',#728,#728,#736,.T.);
#736 = CIRCLE('',#737,1.45);
#737 = AXIS2_PLACEMENT_3D('',#738,#739,#740);
#738 = CARTESIAN_POINT('',(6.716494300735E-14,-18.313328662,15.));
#739 = DIRECTION('',(0.,0.,1.));
#740 = DIRECTION('',(1.,0.,0.));
#741 = ORIENTED_EDGE('',*,*,#727,.T.);
#742 = ORIENTED_EDGE('',*,*,#74,.T.);
#743 = CYLINDRICAL_SURFACE('',#744,1.45);
#744 = AXIS2_PLACEMENT_3D('',#745,#746,#747);
#745 = CARTESIAN_POINT('',(6.716494300735E-14,-18.313328662,15.));
#746 = DIRECTION('',(0.,0.,1.));
#747 = DIRECTION('',(1.,0.,0.));
#748 = ADVANCED_FACE('',(#749),#768,.F.);
#749 = FACE_BOUND('',#750,.T.);
#750 = EDGE_LOOP('',(#751,#759,#760,#761));
#751 = ORIENTED_EDGE('',*,*,#752,.F.);
#752 = EDGE_CURVE('',#86,#753,#755,.T.);
#753 = VERTEX_POINT('',#754);
#754 = CARTESIAN_POINT('',(-5.5,0.,6.030201606103));
#755 = LINE('',#756,#757);
#756 = CARTESIAN_POINT('',(-5.5,0.,0.));
#757 = VECTOR('',#758,1.);
#758 = DIRECTION('',(0.,0.,1.));
#759 = ORIENTED_EDGE('',*,*,#85,.T.);
#760 = ORIENTED_EDGE('',*,*,#752,.T.);
#761 = ORIENTED_EDGE('',*,*,#762,.F.);
#762 = EDGE_CURVE('',#753,#753,#763,.T.);
#763 = CIRCLE('',#764,5.5);
#764 = AXIS2_PLACEMENT_3D('',#765,#766,#767);
#765 = CARTESIAN_POINT('',(0.,0.,6.030201606103));
#766 = DIRECTION('',(0.,0.,-1.));
#767 = DIRECTION('',(-1.,0.,0.));
#768 = CYLINDRICAL_SURFACE('',#769,5.5);
#769 = AXIS2_PLACEMENT_3D('',#770,#771,#772);
#770 = CARTESIAN_POINT('',(0.,0.,0.));
#771 = DIRECTION('',(0.,0.,1.));
#772 = DIRECTION('',(-1.,0.,0.));
#773 = ADVANCED_FACE('',(#774),#793,.F.);
#774 = FACE_BOUND('',#775,.F.);
#775 = EDGE_LOOP('',(#776,#784,#791,#792));
#776 = ORIENTED_EDGE('',*,*,#777,.F.);
#777 = EDGE_CURVE('',#778,#97,#780,.T.);
#778 = VERTEX_POINT('',#779);
#779 = CARTESIAN_POINT('',(-14.40980784915,9.156664331003,15.));
#780 = LINE('',#781,#782);
#781 = CARTESIAN_POINT('',(-14.40980784915,9.156664331003,15.));
#782 = VECTOR('',#783,1.);
#783 = DIRECTION('',(-0.,-0.,-1.));
#784 = ORIENTED_EDGE('',*,*,#785,.F.);
#785 = EDGE_CURVE('',#778,#778,#786,.T.);
#786 = CIRCLE('',#787,1.45);
#787 = AXIS2_PLACEMENT_3D('',#788,#789,#790);
#788 = CARTESIAN_POINT('',(-15.85980784915,9.156664331003,15.));
#789 = DIRECTION('',(0.,0.,1.));
#790 = DIRECTION('',(1.,0.,0.));
#791 = ORIENTED_EDGE('',*,*,#777,.T.);
#792 = ORIENTED_EDGE('',*,*,#96,.T.);
#793 = CYLINDRICAL_SURFACE('',#794,1.45);
#794 = AXIS2_PLACEMENT_3D('',#795,#796,#797);
#795 = CARTESIAN_POINT('',(-15.85980784915,9.156664331003,15.));
#796 = DIRECTION('',(0.,0.,1.));
#797 = DIRECTION('',(1.,0.,0.));
#798 = ADVANCED_FACE('',(#799),#818,.F.);
#799 = FACE_BOUND('',#800,.F.);
#800 = EDGE_LOOP('',(#801,#809,#816,#817));
#801 = ORIENTED_EDGE('',*,*,#802,.F.);
#802 = EDGE_CURVE('',#803,#108,#805,.T.);
#803 = VERTEX_POINT('',#804);
#804 = CARTESIAN_POINT('',(17.30980784915,9.156664331003,15.));
#805 = LINE('',#806,#807);
#806 = CARTESIAN_POINT('',(17.30980784915,9.156664331003,15.));
#807 = VECTOR('',#808,1.);
#808 = DIRECTION('',(-0.,-0.,-1.));
#809 = ORIENTED_EDGE('',*,*,#810,.F.);
#810 = EDGE_CURVE('',#803,#803,#811,.T.);
#811 = CIRCLE('',#812,1.45);
#812 = AXIS2_PLACEMENT_3D('',#813,#814,#815);
#813 = CARTESIAN_POINT('',(15.85980784915,9.156664331003,15.));
#814 = DIRECTION('',(0.,0.,1.));
#815 = DIRECTION('',(1.,0.,0.));
#816 = ORIENTED_EDGE('',*,*,#802,.T.);
#817 = ORIENTED_EDGE('',*,*,#107,.T.);
#818 = CYLINDRICAL_SURFACE('',#819,1.45);
#819 = AXIS2_PLACEMENT_3D('',#820,#821,#822);
#820 = CARTESIAN_POINT('',(15.85980784915,9.156664331003,15.));
#821 = DIRECTION('',(0.,0.,1.));
#822 = DIRECTION('',(1.,0.,0.));
#823 = ADVANCED_FACE('',(#824),#841,.T.);
#824 = FACE_BOUND('',#825,.T.);
#825 = EDGE_LOOP('',(#826,#834,#835));
#826 = ORIENTED_EDGE('',*,*,#827,.F.);
#827 = EDGE_CURVE('',#125,#828,#830,.T.);
#828 = VERTEX_POINT('',#829);
#829 = CARTESIAN_POINT('',(-38.51025323589,-30.76833862101,
    7.688532541079));
#830 = LINE('',#831,#832);
#831 = CARTESIAN_POINT('',(-40.67503763648,-27.01882205176,3.35896373991
    ));
#832 = VECTOR('',#833,1.);
#833 = DIRECTION('',(0.353553390593,-0.612372435696,0.707106781187));
#834 = ORIENTED_EDGE('',*,*,#237,.T.);
#835 = ORIENTED_EDGE('',*,*,#836,.F.);
#836 = EDGE_CURVE('',#828,#230,#837,.T.);
#837 = LINE('',#838,#839);
#838 = CARTESIAN_POINT('',(-38.51025323589,-30.76833862101,
    7.688532541079));
#839 = VECTOR('',#840,1.);
#840 = DIRECTION('',(0.866025403784,0.5,-4.84726192938E-16));
#841 = PLANE('',#842);
#842 = AXIS2_PLACEMENT_3D('',#843,#844,#845);
#843 = CARTESIAN_POINT('',(-40.67503763648,-27.01882205176,3.35896373991
    ));
#844 = DIRECTION('',(0.353553390593,-0.612372435696,-0.707106781187));
#845 = DIRECTION('',(0.353553390593,-0.612372435696,0.707106781187));
#846 = ADVANCED_FACE('',(#847),#865,.T.);
#847 = FACE_BOUND('',#848,.T.);
#848 = EDGE_LOOP('',(#849,#857,#858,#859));
#849 = ORIENTED_EDGE('',*,*,#850,.F.);
#850 = EDGE_CURVE('',#828,#851,#853,.T.);
#851 = VERTEX_POINT('',#852);
#852 = CARTESIAN_POINT('',(-38.51025323589,-30.76833862101,
    13.811467458921));
#853 = LINE('',#854,#855);
#854 = CARTESIAN_POINT('',(-38.51025323589,-30.76833862101,
    7.688532541079));
#855 = VECTOR('',#856,1.);
#856 = DIRECTION('',(3.824490423149E-16,3.070312132805E-16,1.));
#857 = ORIENTED_EDGE('',*,*,#836,.T.);
#858 = ORIENTED_EDGE('',*,*,#229,.T.);
#859 = ORIENTED_EDGE('',*,*,#860,.F.);
#860 = EDGE_CURVE('',#851,#222,#861,.T.);
#861 = LINE('',#862,#863);
#862 = CARTESIAN_POINT('',(-38.51025323589,-30.76833862101,
    13.811467458921));
#863 = VECTOR('',#864,1.);
#864 = DIRECTION('',(0.866025403784,0.5,-4.84726192938E-16));
#865 = PLANE('',#866);
#866 = AXIS2_PLACEMENT_3D('',#867,#868,#869);
#867 = CARTESIAN_POINT('',(-38.51025323589,-30.76833862101,
    7.688532541079));
#868 = DIRECTION('',(0.5,-0.866025403784,7.467230929823E-17));
#869 = DIRECTION('',(3.824490423149E-16,3.070312132805E-16,1.));
#870 = ADVANCED_FACE('',(#871),#881,.T.);
#871 = FACE_BOUND('',#872,.T.);
#872 = EDGE_LOOP('',(#873,#879,#880));
#873 = ORIENTED_EDGE('',*,*,#874,.F.);
#874 = EDGE_CURVE('',#851,#214,#875,.T.);
#875 = LINE('',#876,#877);
#876 = CARTESIAN_POINT('',(-38.51025323589,-30.76833862101,
    13.811467458921));
#877 = VECTOR('',#878,1.);
#878 = DIRECTION('',(-0.353553390593,0.612372435696,0.707106781187));
#879 = ORIENTED_EDGE('',*,*,#860,.T.);
#880 = ORIENTED_EDGE('',*,*,#221,.T.);
#881 = PLANE('',#882);
#882 = AXIS2_PLACEMENT_3D('',#883,#884,#885);
#883 = CARTESIAN_POINT('',(-38.51025323589,-30.76833862101,
    13.811467458921));
#884 = DIRECTION('',(0.353553390593,-0.612372435696,0.707106781187));
#885 = DIRECTION('',(-0.353553390593,0.612372435696,0.707106781187));
#886 = ADVANCED_FACE('',(#887),#961,.T.);
#887 = FACE_BOUND('',#888,.F.);
#888 = EDGE_LOOP('',(#889,#890,#909,#936,#953,#954));
#889 = ORIENTED_EDGE('',*,*,#213,.F.);
#890 = ORIENTED_EDGE('',*,*,#891,.T.);
#891 = EDGE_CURVE('',#214,#892,#894,.T.);
#892 = VERTEX_POINT('',#893);
#893 = CARTESIAN_POINT('',(-42.56167900287,-28.08996302114,
    18.103168372348));
#894 = B_SPLINE_CURVE_WITH_KNOTS('',7,(#895,#896,#897,#898,#899,#900,
    #901,#902,#903,#904,#905,#906,#907,#908),.UNSPECIFIED.,.F.,.F.,(8,6,
    8),(0.,0.524386913538,1.),.UNSPECIFIED.);
#895 = CARTESIAN_POINT('',(-39.60769515458,-28.86751345948,
    16.006351296304));
#896 = CARTESIAN_POINT('',(-39.88979997363,-28.86751345948,
    16.141372868653));
#897 = CARTESIAN_POINT('',(-40.15829344486,-28.85203964821,
    16.283471451135));
#898 = CARTESIAN_POINT('',(-40.41453436157,-28.82377464678,
    16.43094106359));
#899 = CARTESIAN_POINT('',(-40.65936838551,-28.78453364295,
    16.582592055486));
#900 = CARTESIAN_POINT('',(-40.89364495251,-28.73578993608,
    16.737536886492));
#901 = CARTESIAN_POINT('',(-41.118180602,-28.67863501948,16.895207637541
    ));
#902 = CARTESIAN_POINT('',(-41.5294181708,-28.55510416095,17.20054053765
    ));
#903 = CARTESIAN_POINT('',(-41.71756647655,-28.49011921917,
    17.347673149055));
#904 = CARTESIAN_POINT('',(-41.89879514588,-28.41953989016,
    17.496407800963));
#905 = CARTESIAN_POINT('',(-42.0735039814,-28.34386462663,
    17.646498022785));
#906 = CARTESIAN_POINT('',(-42.24202743578,-28.26349827333,
    17.797748288255));
#907 = CARTESIAN_POINT('',(-42.40466412822,-28.1787756364,
    17.950007440098));
#908 = CARTESIAN_POINT('',(-42.56167900287,-28.08996302114,
    18.103168372348));
#909 = ORIENTED_EDGE('',*,*,#910,.F.);
#910 = EDGE_CURVE('',#911,#892,#913,.T.);
#911 = VERTEX_POINT('',#912);
#912 = CARTESIAN_POINT('',(-45.6074610691,-22.81451373363,
    18.103168372348));
#913 = B_SPLINE_CURVE_WITH_KNOTS('',6,(#914,#915,#916,#917,#918,#919,
    #920,#921,#922,#923,#924,#925,#926,#927,#928,#929,#930,#931,#932,
    #933,#934,#935),.UNSPECIFIED.,.F.,.F.,(7,5,5,5,7),(0.,0.136686336771
    ,0.500000257908,0.862942662723,1.),.UNSPECIFIED.);
#914 = CARTESIAN_POINT('',(-45.6074610691,-22.81451373363,
    18.103168372348));
#915 = CARTESIAN_POINT('',(-45.60880890536,-22.96709380604,
    18.101816350206));
#916 = CARTESIAN_POINT('',(-45.60548998004,-23.11851907077,
    18.100544951925));
#917 = CARTESIAN_POINT('',(-45.59764002271,-23.26870782692,
    18.099352838793));
#918 = CARTESIAN_POINT('',(-45.58538323628,-23.41758607583,
    18.098238779118));
#919 = CARTESIAN_POINT('',(-45.56883229693,-23.56508752111,
    18.097201648231));
#920 = CARTESIAN_POINT('',(-45.49295070588,-24.09939887333,
    18.09368549488));
#921 = CARTESIAN_POINT('',(-45.4082010128,-24.47742719615,
    18.091667361668));
#922 = CARTESIAN_POINT('',(-45.29574177813,-24.84426654808,
    18.090165752671));
#923 = CARTESIAN_POINT('',(-45.15691207317,-25.19888767996,
    18.089169408582));
#924 = CARTESIAN_POINT('',(-44.99275824104,-25.54031075724,
    18.088671063862));
#925 = CARTESIAN_POINT('',(-44.61512877603,-26.1943838463,
    18.088671066748));
#926 = CARTESIAN_POINT('',(-44.40176803719,-26.50695157851,
    18.089168395654));
#927 = CARTESIAN_POINT('',(-44.16436400923,-26.80421923886,
    18.090162707526));
#928 = CARTESIAN_POINT('',(-43.90324149006,-27.08479543385,
    18.091661235979));
#929 = CARTESIAN_POINT('',(-43.61862176792,-27.34701169697,18.0936751975
    ));
#930 = CARTESIAN_POINT('',(-43.19400161811,-27.68002699363,
    18.097187578773));
#931 = CARTESIAN_POINT('',(-43.07424918502,-27.76838331994,
    18.098226687272));
#932 = CARTESIAN_POINT('',(-42.95113916718,-27.85369379979,
    18.099343133525));
#933 = CARTESIAN_POINT('',(-42.82467264915,-27.93582670854,
    18.100538050767));
#934 = CARTESIAN_POINT('',(-42.69485162591,-28.01463634294,
    18.101812680472));
#935 = CARTESIAN_POINT('',(-42.56167900287,-28.08996302114,
    18.103168372348));
#936 = ORIENTED_EDGE('',*,*,#937,.F.);
#937 = EDGE_CURVE('',#440,#911,#938,.T.);
#938 = B_SPLINE_CURVE_WITH_KNOTS('',7,(#939,#940,#941,#942,#943,#944,
    #945,#946,#947,#948,#949,#950,#951,#952),.UNSPECIFIED.,.F.,.F.,(8,6,
    8),(0.,0.524386913538,1.),.UNSPECIFIED.);
#939 = CARTESIAN_POINT('',(-44.80384757729,-19.86751345948,
    16.006351296305));
#940 = CARTESIAN_POINT('',(-44.94489998681,-20.1118233993,
    16.141372868653));
#941 = CARTESIAN_POINT('',(-45.06574600878,-20.35208247177,
    16.283471451135));
#942 = CARTESIAN_POINT('',(-45.16938825785,-20.58812611584,
    16.430941063591));
#943 = CARTESIAN_POINT('',(-45.25782156364,-20.8197791022,
    16.582592055485));
#944 = CARTESIAN_POINT('',(-45.33274655872,-21.04704041418,
    16.737536886493));
#945 = CARTESIAN_POINT('',(-45.39551677373,-21.27007144898,
    16.895207637541));
#946 = CARTESIAN_POINT('',(-45.4941546965,-21.68797905982,
    17.200540537651));
#947 = CARTESIAN_POINT('',(-45.53195023893,-21.88341274317,
    17.347673149056));
#948 = CARTESIAN_POINT('',(-45.56144108168,-22.07565103921,
    17.496407800964));
#949 = CARTESIAN_POINT('',(-45.58325879879,-22.2647909608,
    17.646498022785));
#950 = CARTESIAN_POINT('',(-45.59792122242,-22.45091973007,
    17.797748288254));
#951 = CARTESIAN_POINT('',(-45.60586761277,-22.63412855578,
    17.950007440098));
#952 = CARTESIAN_POINT('',(-45.6074610691,-22.81451373363,
    18.103168372348));
#953 = ORIENTED_EDGE('',*,*,#447,.T.);
#954 = ORIENTED_EDGE('',*,*,#955,.F.);
#955 = EDGE_CURVE('',#206,#448,#956,.T.);
#956 = CIRCLE('',#957,6.);
#957 = AXIS2_PLACEMENT_3D('',#958,#959,#960);
#958 = CARTESIAN_POINT('',(-39.60769515458,-22.86751345948,25.));
#959 = DIRECTION('',(-0.,-0.,-1.));
#960 = DIRECTION('',(0.,-1.,0.));
#961 = CYLINDRICAL_SURFACE('',#962,6.);
#962 = AXIS2_PLACEMENT_3D('',#963,#964,#965);
#963 = CARTESIAN_POINT('',(-39.60769515458,-22.86751345948,
    2.182726340615E-15));
#964 = DIRECTION('',(0.,0.,1.));
#965 = DIRECTION('',(6.020536180465E-16,-1.,0.));
#966 = ADVANCED_FACE('',(#967),#986,.T.);
#967 = FACE_BOUND('',#968,.T.);
#968 = EDGE_LOOP('',(#969,#970,#971,#972,#980));
#969 = ORIENTED_EDGE('',*,*,#455,.F.);
#970 = ORIENTED_EDGE('',*,*,#955,.F.);
#971 = ORIENTED_EDGE('',*,*,#205,.F.);
#972 = ORIENTED_EDGE('',*,*,#973,.F.);
#973 = EDGE_CURVE('',#974,#198,#976,.T.);
#974 = VERTEX_POINT('',#975);
#975 = CARTESIAN_POINT('',(-10.75973947229,-6.212138480737,25.));
#976 = LINE('',#977,#978);
#977 = CARTESIAN_POINT('',(-10.75973947229,-3.879571932265,25.));
#978 = VECTOR('',#979,1.);
#979 = DIRECTION('',(-1.699913770908E-14,-1.,0.));
#980 = ORIENTED_EDGE('',*,*,#981,.F.);
#981 = EDGE_CURVE('',#456,#974,#982,.T.);
#982 = LINE('',#983,#984);
#983 = CARTESIAN_POINT('',(-17.87986973614,-2.101329356235,25.));
#984 = VECTOR('',#985,1.);
#985 = DIRECTION('',(0.866025403784,-0.5,0.));
#986 = PLANE('',#987);
#987 = AXIS2_PLACEMENT_3D('',#988,#989,#990);
#988 = CARTESIAN_POINT('',(4.698416490485E-14,-2.957045343662E-14,25.));
#989 = DIRECTION('',(0.,0.,1.));
#990 = DIRECTION('',(1.,0.,0.));
#991 = ADVANCED_FACE('',(#992),#1010,.T.);
#992 = FACE_BOUND('',#993,.T.);
#993 = EDGE_LOOP('',(#994,#1002,#1003,#1004));
#994 = ORIENTED_EDGE('',*,*,#995,.T.);
#995 = EDGE_CURVE('',#996,#974,#998,.T.);
#996 = VERTEX_POINT('',#997);
#997 = CARTESIAN_POINT('',(-13.4392313966,-7.759143864529,15.));
#998 = LINE('',#999,#1000);
#999 = CARTESIAN_POINT('',(-13.83850059262,-7.989662042335,
    13.509907074527));
#1000 = VECTOR('',#1001,1.);
#1001 = DIRECTION('',(0.255976955402,0.147788364108,0.955319003128));
#1002 = ORIENTED_EDGE('',*,*,#973,.T.);
#1003 = ORIENTED_EDGE('',*,*,#197,.F.);
#1004 = ORIENTED_EDGE('',*,*,#1005,.F.);
#1005 = EDGE_CURVE('',#996,#190,#1006,.T.);
#1006 = LINE('',#1007,#1008);
#1007 = CARTESIAN_POINT('',(-13.4392313966,-3.879571932265,15.));
#1008 = VECTOR('',#1009,1.);
#1009 = DIRECTION('',(-1.699913770908E-14,-1.,0.));
#1010 = PLANE('',#1011);
#1011 = AXIS2_PLACEMENT_3D('',#1012,#1013,#1014);
#1012 = CARTESIAN_POINT('',(-13.4392313966,-7.759143864529,15.));
#1013 = DIRECTION('',(0.965925826289,-1.641990613785E-14,-0.258819045103
    ));
#1014 = DIRECTION('',(-1.699913770908E-14,-1.,0.));
#1015 = ADVANCED_FACE('',(#1016,#1056,#1059,#1070,#1073),#1076,.T.);
#1016 = FACE_BOUND('',#1017,.T.);
#1017 = EDGE_LOOP('',(#1018,#1019,#1020,#1028,#1034,#1035,#1043,#1049,
    #1050));
#1018 = ORIENTED_EDGE('',*,*,#1005,.T.);
#1019 = ORIENTED_EDGE('',*,*,#189,.T.);
#1020 = ORIENTED_EDGE('',*,*,#1021,.T.);
#1021 = EDGE_CURVE('',#182,#1022,#1024,.T.);
#1022 = VERTEX_POINT('',#1023);
#1023 = CARTESIAN_POINT('',(13.439231396601,-7.759143864529,15.));
#1024 = LINE('',#1025,#1026);
#1025 = CARTESIAN_POINT('',(13.439231396601,-14.43375672974,15.));
#1026 = VECTOR('',#1027,1.);
#1027 = DIRECTION('',(-1.99445328567E-14,1.,0.));
#1028 = ORIENTED_EDGE('',*,*,#1029,.T.);
#1029 = EDGE_CURVE('',#1022,#592,#1030,.T.);
#1030 = LINE('',#1031,#1032);
#1031 = CARTESIAN_POINT('',(10.079423547451,-9.698929830662,15.));
#1032 = VECTOR('',#1033,1.);
#1033 = DIRECTION('',(0.866025403784,0.5,0.));
#1034 = ORIENTED_EDGE('',*,*,#591,.T.);
#1035 = ORIENTED_EDGE('',*,*,#1036,.F.);
#1036 = EDGE_CURVE('',#1037,#584,#1039,.T.);
#1037 = VERTEX_POINT('',#1038);
#1038 = CARTESIAN_POINT('',(1.084557897323E-14,15.518287729059,15.));
#1039 = LINE('',#1040,#1041);
#1040 = CARTESIAN_POINT('',(-3.35980784915,13.578501762927,15.));
#1041 = VECTOR('',#1042,1.);
#1042 = DIRECTION('',(0.866025403784,0.5,0.));
#1043 = ORIENTED_EDGE('',*,*,#1044,.F.);
#1044 = EDGE_CURVE('',#472,#1037,#1045,.T.);
#1045 = LINE('',#1046,#1047);
#1046 = CARTESIAN_POINT('',(-5.780384301699,18.855594161664,15.));
#1047 = VECTOR('',#1048,1.);
#1048 = DIRECTION('',(0.866025403784,-0.5,0.));
#1049 = ORIENTED_EDGE('',*,*,#471,.T.);
#1050 = ORIENTED_EDGE('',*,*,#1051,.T.);
#1051 = EDGE_CURVE('',#464,#996,#1052,.T.);
#1052 = LINE('',#1053,#1054);
#1053 = CARTESIAN_POINT('',(-19.2196156983,-4.421837431924,15.));
#1054 = VECTOR('',#1055,1.);
#1055 = DIRECTION('',(0.866025403784,-0.5,0.));
#1056 = FACE_BOUND('',#1057,.T.);
#1057 = EDGE_LOOP('',(#1058));
#1058 = ORIENTED_EDGE('',*,*,#735,.F.);
#1059 = FACE_BOUND('',#1060,.T.);
#1060 = EDGE_LOOP('',(#1061));
#1061 = ORIENTED_EDGE('',*,*,#1062,.F.);
#1062 = EDGE_CURVE('',#1063,#1063,#1065,.T.);
#1063 = VERTEX_POINT('',#1064);
#1064 = CARTESIAN_POINT('',(3.2,0.,15.));
#1065 = CIRCLE('',#1066,3.2);
#1066 = AXIS2_PLACEMENT_3D('',#1067,#1068,#1069);
#1067 = CARTESIAN_POINT('',(0.,0.,15.));
#1068 = DIRECTION('',(0.,0.,1.));
#1069 = DIRECTION('',(1.,0.,0.));
#1070 = FACE_BOUND('',#1071,.T.);
#1071 = EDGE_LOOP('',(#1072));
#1072 = ORIENTED_EDGE('',*,*,#785,.F.);
#1073 = FACE_BOUND('',#1074,.T.);
#1074 = EDGE_LOOP('',(#1075));
#1075 = ORIENTED_EDGE('',*,*,#810,.F.);
#1076 = PLANE('',#1077);
#1077 = AXIS2_PLACEMENT_3D('',#1078,#1079,#1080);
#1078 = CARTESIAN_POINT('',(5.609E-14,-3.562E-14,15.));
#1079 = DIRECTION('',(0.,0.,1.));
#1080 = DIRECTION('',(1.,0.,0.));
#1081 = ADVANCED_FACE('',(#1082),#1100,.T.);
#1082 = FACE_BOUND('',#1083,.T.);
#1083 = EDGE_LOOP('',(#1084,#1085,#1093,#1099));
#1084 = ORIENTED_EDGE('',*,*,#181,.T.);
#1085 = ORIENTED_EDGE('',*,*,#1086,.T.);
#1086 = EDGE_CURVE('',#174,#1087,#1089,.T.);
#1087 = VERTEX_POINT('',#1088);
#1088 = CARTESIAN_POINT('',(10.75973947229,-6.212138480737,25.));
#1089 = LINE('',#1090,#1091);
#1090 = CARTESIAN_POINT('',(10.75973947229,-14.43375672974,25.));
#1091 = VECTOR('',#1092,1.);
#1092 = DIRECTION('',(-1.99445328567E-14,1.,0.));
#1093 = ORIENTED_EDGE('',*,*,#1094,.F.);
#1094 = EDGE_CURVE('',#1022,#1087,#1095,.T.);
#1095 = LINE('',#1096,#1097);
#1096 = CARTESIAN_POINT('',(13.838500592629,-7.989662042335,
    13.509907074527));
#1097 = VECTOR('',#1098,1.);
#1098 = DIRECTION('',(-0.255976955402,0.147788364108,0.955319003128));
#1099 = ORIENTED_EDGE('',*,*,#1021,.F.);
#1100 = PLANE('',#1101);
#1101 = AXIS2_PLACEMENT_3D('',#1102,#1103,#1104);
#1102 = CARTESIAN_POINT('',(13.439231396601,-28.86751345948,15.));
#1103 = DIRECTION('',(-0.965925826289,-1.926493937956E-14,
    -0.258819045103));
#1104 = DIRECTION('',(-1.99445328567E-14,1.,0.));
#1105 = ADVANCED_FACE('',(#1106),#1124,.T.);
#1106 = FACE_BOUND('',#1107,.T.);
#1107 = EDGE_LOOP('',(#1108,#1109,#1116,#1117,#1123));
#1108 = ORIENTED_EDGE('',*,*,#173,.F.);
#1109 = ORIENTED_EDGE('',*,*,#1110,.T.);
#1110 = EDGE_CURVE('',#166,#608,#1111,.T.);
#1111 = CIRCLE('',#1112,6.);
#1112 = AXIS2_PLACEMENT_3D('',#1113,#1114,#1115);
#1113 = CARTESIAN_POINT('',(39.607695154587,-22.86751345948,25.));
#1114 = DIRECTION('',(-0.,0.,1.));
#1115 = DIRECTION('',(0.,-1.,0.));
#1116 = ORIENTED_EDGE('',*,*,#607,.F.);
#1117 = ORIENTED_EDGE('',*,*,#1118,.F.);
#1118 = EDGE_CURVE('',#1087,#600,#1119,.T.);
#1119 = LINE('',#1120,#1121);
#1120 = CARTESIAN_POINT('',(8.739677585295,-7.378421754973,25.));
#1121 = VECTOR('',#1122,1.);
#1122 = DIRECTION('',(0.866025403784,0.5,0.));
#1123 = ORIENTED_EDGE('',*,*,#1086,.F.);
#1124 = PLANE('',#1125);
#1125 = AXIS2_PLACEMENT_3D('',#1126,#1127,#1128);
#1126 = CARTESIAN_POINT('',(4.698416490485E-14,-2.957045343662E-14,25.)
  );
#1127 = DIRECTION('',(0.,0.,1.));
#1128 = DIRECTION('',(1.,0.,0.));
#1129 = ADVANCED_FACE('',(#1130),#1198,.T.);
#1130 = FACE_BOUND('',#1131,.T.);
#1131 = EDGE_LOOP('',(#1132,#1133,#1152,#1179,#1196,#1197));
#1132 = ORIENTED_EDGE('',*,*,#165,.F.);
#1133 = ORIENTED_EDGE('',*,*,#1134,.T.);
#1134 = EDGE_CURVE('',#158,#1135,#1137,.T.);
#1135 = VERTEX_POINT('',#1136);
#1136 = CARTESIAN_POINT('',(42.56167900287,-28.08996302114,
    18.103168372348));
#1137 = B_SPLINE_CURVE_WITH_KNOTS('',7,(#1138,#1139,#1140,#1141,#1142,
    #1143,#1144,#1145,#1146,#1147,#1148,#1149,#1150,#1151),
  .UNSPECIFIED.,.F.,.F.,(8,6,8),(0.,0.524386913538,1.),.UNSPECIFIED.);
#1138 = CARTESIAN_POINT('',(39.607695154587,-28.86751345948,
    16.006351296305));
#1139 = CARTESIAN_POINT('',(39.889799973632,-28.86751345948,
    16.141372868653));
#1140 = CARTESIAN_POINT('',(40.158293444864,-28.85203964821,
    16.283471451135));
#1141 = CARTESIAN_POINT('',(40.414534361568,-28.82377464678,
    16.430941063589));
#1142 = CARTESIAN_POINT('',(40.659368385517,-28.78453364295,
    16.582592055487));
#1143 = CARTESIAN_POINT('',(40.893644952517,-28.73578993608,
    16.737536886492));
#1144 = CARTESIAN_POINT('',(41.118180602002,-28.67863501948,
    16.895207637541));
#1145 = CARTESIAN_POINT('',(41.529418170807,-28.55510416095,
    17.20054053765));
#1146 = CARTESIAN_POINT('',(41.717566476558,-28.49011921917,
    17.347673149056));
#1147 = CARTESIAN_POINT('',(41.898795145884,-28.41953989016,
    17.496407800963));
#1148 = CARTESIAN_POINT('',(42.073503981406,-28.34386462663,
    17.646498022785));
#1149 = CARTESIAN_POINT('',(42.242027435784,-28.26349827333,
    17.797748288255));
#1150 = CARTESIAN_POINT('',(42.404664128225,-28.1787756364,
    17.950007440098));
#1151 = CARTESIAN_POINT('',(42.56167900287,-28.08996302114,
    18.103168372348));
#1152 = ORIENTED_EDGE('',*,*,#1153,.T.);
#1153 = EDGE_CURVE('',#1135,#1154,#1156,.T.);
#1154 = VERTEX_POINT('',#1155);
#1155 = CARTESIAN_POINT('',(45.607461069109,-22.81451373363,
    18.103168372348));
#1156 = B_SPLINE_CURVE_WITH_KNOTS('',6,(#1157,#1158,#1159,#1160,#1161,
    #1162,#1163,#1164,#1165,#1166,#1167,#1168,#1169,#1170,#1171,#1172,
    #1173,#1174,#1175,#1176,#1177,#1178),.UNSPECIFIED.,.F.,.F.,(7,5,5,5,
    7),(0.,0.136686336771,0.500000257907,0.862942662724,1.),
  .UNSPECIFIED.);
#1157 = CARTESIAN_POINT('',(42.56167900287,-28.08996302114,
    18.103168372348));
#1158 = CARTESIAN_POINT('',(42.694491139812,-28.01484024537,
    18.101816350206));
#1159 = CARTESIAN_POINT('',(42.823969803185,-27.93625333936,
    18.100544951925));
#1160 = CARTESIAN_POINT('',(42.950112102711,-27.85436069882,
    18.099352838793));
#1161 = CARTESIAN_POINT('',(43.072916055122,-27.76930688595,
    18.098238779118));
#1162 = CARTESIAN_POINT('',(43.19238058416,-27.68122262938,
    18.097201648231));
#1163 = CARTESIAN_POINT('',(43.617166993178,-27.34835156774,
    18.09368549488));
#1164 = CARTESIAN_POINT('',(43.902174277552,-27.08594201915,
    18.091667361668));
#1165 = CARTESIAN_POINT('',(44.1636368581,-26.80512978908,
    18.090165752671));
#1166 = CARTESIAN_POINT('',(44.401332914541,-26.50758917184,
    18.089169408582));
#1167 = CARTESIAN_POINT('',(44.61493705684,-26.19471624445,
    18.088671063862));
#1168 = CARTESIAN_POINT('',(44.992566235402,-25.54064299,18.088671066748
    ));
#1169 = CARTESIAN_POINT('',(45.156577462476,-25.19958330389,
    18.089168395654));
#1170 = CARTESIAN_POINT('',(45.295316794085,-24.84535155454,
    18.090162707526));
#1171 = CARTESIAN_POINT('',(45.407741647058,-24.47892472195,
    18.091661235979));
#1172 = CARTESIAN_POINT('',(45.492517731132,-24.10132868059,
    18.0936751975));
#1173 = CARTESIAN_POINT('',(45.568607362984,-23.56708919557,
    18.097187578773));
#1174 = CARTESIAN_POINT('',(45.585249969608,-23.41920238319,
    18.098226687272));
#1175 = CARTESIAN_POINT('',(45.597576003447,-23.26993074036,
    18.099343133525));
#1176 = CARTESIAN_POINT('',(45.605471929897,-23.11934106864,
    18.100538050767));
#1177 = CARTESIAN_POINT('',(45.608812563734,-22.96750794737,
    18.101812680472));
#1178 = CARTESIAN_POINT('',(45.607461069109,-22.81451373363,
    18.103168372348));
#1179 = ORIENTED_EDGE('',*,*,#1180,.F.);
#1180 = EDGE_CURVE('',#616,#1154,#1181,.T.);
#1181 = B_SPLINE_CURVE_WITH_KNOTS('',7,(#1182,#1183,#1184,#1185,#1186,
    #1187,#1188,#1189,#1190,#1191,#1192,#1193,#1194,#1195),
  .UNSPECIFIED.,.F.,.F.,(8,6,8),(0.,0.524386913538,1.),.UNSPECIFIED.);
#1182 = CARTESIAN_POINT('',(44.803847577293,-19.86751345948,
    16.006351296304));
#1183 = CARTESIAN_POINT('',(44.944899986816,-20.1118233993,
    16.141372868653));
#1184 = CARTESIAN_POINT('',(45.065746008784,-20.35208247177,
    16.283471451134));
#1185 = CARTESIAN_POINT('',(45.169388257856,-20.58812611584,
    16.43094106359));
#1186 = CARTESIAN_POINT('',(45.257821563645,-20.8197791022,
    16.582592055485));
#1187 = CARTESIAN_POINT('',(45.33274655872,-21.04704041418,
    16.737536886493));
#1188 = CARTESIAN_POINT('',(45.395516773736,-21.27007144898,
    16.895207637541));
#1189 = CARTESIAN_POINT('',(45.4941546965,-21.68797905982,17.20054053765
    ));
#1190 = CARTESIAN_POINT('',(45.531950238933,-21.88341274317,
    17.347673149055));
#1191 = CARTESIAN_POINT('',(45.561441081689,-22.07565103921,
    17.496407800963));
#1192 = CARTESIAN_POINT('',(45.583258798797,-22.2647909608,
    17.646498022785));
#1193 = CARTESIAN_POINT('',(45.59792122242,-22.45091973007,
    17.797748288254));
#1194 = CARTESIAN_POINT('',(45.605867612779,-22.63412855578,
    17.950007440098));
#1195 = CARTESIAN_POINT('',(45.607461069109,-22.81451373363,
    18.103168372348));
#1196 = ORIENTED_EDGE('',*,*,#615,.T.);
#1197 = ORIENTED_EDGE('',*,*,#1110,.F.);
#1198 = CYLINDRICAL_SURFACE('',#1199,6.);
#1199 = AXIS2_PLACEMENT_3D('',#1200,#1201,#1202);
#1200 = CARTESIAN_POINT('',(39.607695154587,-22.86751345948,0.));
#1201 = DIRECTION('',(0.,0.,1.));
#1202 = DIRECTION('',(6.020536180465E-16,-1.,0.));
#1203 = ADVANCED_FACE('',(#1204),#1221,.T.);
#1204 = FACE_BOUND('',#1205,.T.);
#1205 = EDGE_LOOP('',(#1206,#1214,#1215));
#1206 = ORIENTED_EDGE('',*,*,#1207,.F.);
#1207 = EDGE_CURVE('',#158,#1208,#1210,.T.);
#1208 = VERTEX_POINT('',#1209);
#1209 = CARTESIAN_POINT('',(38.510253235895,-30.76833862101,
    13.811467458922));
#1210 = LINE('',#1211,#1212);
#1211 = CARTESIAN_POINT('',(40.67503763648,-27.01882205176,
    18.14103626009));
#1212 = VECTOR('',#1213,1.);
#1213 = DIRECTION('',(-0.353553390593,-0.612372435696,-0.707106781186));
#1214 = ORIENTED_EDGE('',*,*,#157,.T.);
#1215 = ORIENTED_EDGE('',*,*,#1216,.F.);
#1216 = EDGE_CURVE('',#1208,#150,#1217,.T.);
#1217 = LINE('',#1218,#1219);
#1218 = CARTESIAN_POINT('',(38.510253235895,-30.76833862101,
    13.811467458922));
#1219 = VECTOR('',#1220,1.);
#1220 = DIRECTION('',(-0.866025403784,0.5,-2.924299242996E-16));
#1221 = PLANE('',#1222);
#1222 = AXIS2_PLACEMENT_3D('',#1223,#1224,#1225);
#1223 = CARTESIAN_POINT('',(40.67503763648,-27.01882205176,
    18.14103626009));
#1224 = DIRECTION('',(-0.353553390593,-0.612372435696,0.707106781187));
#1225 = DIRECTION('',(-0.353553390593,-0.612372435696,-0.707106781186));
#1226 = ADVANCED_FACE('',(#1227),#1245,.T.);
#1227 = FACE_BOUND('',#1228,.T.);
#1228 = EDGE_LOOP('',(#1229,#1237,#1238,#1239));
#1229 = ORIENTED_EDGE('',*,*,#1230,.F.);
#1230 = EDGE_CURVE('',#1208,#1231,#1233,.T.);
#1231 = VERTEX_POINT('',#1232);
#1232 = CARTESIAN_POINT('',(38.510253235895,-30.76833862101,
    7.688532541081));
#1233 = LINE('',#1234,#1235);
#1234 = CARTESIAN_POINT('',(38.510253235895,-30.76833862101,
    13.811467458922));
#1235 = VECTOR('',#1236,1.);
#1236 = DIRECTION('',(-1.060602732392E-13,-1.842866417636E-13,-1.));
#1237 = ORIENTED_EDGE('',*,*,#1216,.T.);
#1238 = ORIENTED_EDGE('',*,*,#149,.T.);
#1239 = ORIENTED_EDGE('',*,*,#1240,.F.);
#1240 = EDGE_CURVE('',#1231,#142,#1241,.T.);
#1241 = LINE('',#1242,#1243);
#1242 = CARTESIAN_POINT('',(38.510253235895,-30.76833862101,
    7.688532541081));
#1243 = VECTOR('',#1244,1.);
#1244 = DIRECTION('',(-0.866025403784,0.5,-2.924299242996E-16));
#1245 = PLANE('',#1246);
#1246 = AXIS2_PLACEMENT_3D('',#1247,#1248,#1249);
#1247 = CARTESIAN_POINT('',(38.510253235895,-30.76833862101,
    13.811467458922));
#1248 = DIRECTION('',(-0.5,-0.866025403784,2.12627049965E-13));
#1249 = DIRECTION('',(-1.060602732392E-13,-1.842866417636E-13,-1.));
#1250 = ADVANCED_FACE('',(#1251),#1261,.T.);
#1251 = FACE_BOUND('',#1252,.T.);
#1252 = EDGE_LOOP('',(#1253,#1259,#1260));
#1253 = ORIENTED_EDGE('',*,*,#1254,.F.);
#1254 = EDGE_CURVE('',#1231,#134,#1255,.T.);
#1255 = LINE('',#1256,#1257);
#1256 = CARTESIAN_POINT('',(38.510253235895,-30.76833862101,
    7.688532541081));
#1257 = VECTOR('',#1258,1.);
#1258 = DIRECTION('',(0.353553390593,0.612372435696,-0.707106781187));
#1259 = ORIENTED_EDGE('',*,*,#1240,.T.);
#1260 = ORIENTED_EDGE('',*,*,#141,.T.);
#1261 = PLANE('',#1262);
#1262 = AXIS2_PLACEMENT_3D('',#1263,#1264,#1265);
#1263 = CARTESIAN_POINT('',(38.510253235895,-30.76833862101,
    7.688532541081));
#1264 = DIRECTION('',(-0.353553390593,-0.612372435696,-0.707106781186));
#1265 = DIRECTION('',(0.353553390593,0.612372435696,-0.707106781187));
#1266 = ADVANCED_FACE('',(#1267),#1291,.T.);
#1267 = FACE_BOUND('',#1268,.T.);
#1268 = EDGE_LOOP('',(#1269,#1270,#1271,#1278,#1286));
#1269 = ORIENTED_EDGE('',*,*,#307,.F.);
#1270 = ORIENTED_EDGE('',*,*,#827,.T.);
#1271 = ORIENTED_EDGE('',*,*,#1272,.T.);
#1272 = EDGE_CURVE('',#828,#1273,#1275,.T.);
#1273 = VERTEX_POINT('',#1274);
#1274 = CARTESIAN_POINT('',(-56.00531196086,-40.46600802796,
    7.833135033587));
#1275 = B_SPLINE_CURVE_WITH_KNOTS('',1,(#1276,#1277),.UNSPECIFIED.,.F.,
  .F.,(2,2),(0.,1.),.PIECEWISE_BEZIER_KNOTS.);
#1276 = CARTESIAN_POINT('',(-38.51025323589,-30.76833862101,
    7.688532541079));
#1277 = CARTESIAN_POINT('',(-56.00531196086,-40.46600802796,
    7.833135033587));
#1278 = ORIENTED_EDGE('',*,*,#1279,.F.);
#1279 = EDGE_CURVE('',#1280,#1273,#1282,.T.);
#1280 = VERTEX_POINT('',#1281);
#1281 = CARTESIAN_POINT('',(-58.06784695842,-36.8935926198,
    3.708065038474));
#1282 = LINE('',#1283,#1284);
#1283 = CARTESIAN_POINT('',(-58.11897165993,-36.80504203926,
    3.605815635446));
#1284 = VECTOR('',#1285,1.);
#1285 = DIRECTION('',(0.353553390593,-0.612372435696,0.707106781187));
#1286 = ORIENTED_EDGE('',*,*,#1287,.F.);
#1287 = EDGE_CURVE('',#281,#1280,#1288,.T.);
#1288 = B_SPLINE_CURVE_WITH_KNOTS('',1,(#1289,#1290),.UNSPECIFIED.,.F.,
  .F.,(2,2),(0.,1.),.PIECEWISE_BEZIER_KNOTS.);
#1289 = CARTESIAN_POINT('',(-40.67503763648,-27.01882205176,
    3.35896373991));
#1290 = CARTESIAN_POINT('',(-58.06784695842,-36.8935926198,
    3.708065038474));
#1291 = B_SPLINE_SURFACE_WITH_KNOTS('',1,1,(
    (#1292,#1293)
    ,(#1294,#1295
    )),.UNSPECIFIED.,.F.,.F.,.F.,(2,2),(2,2),(0.,6.122934917841),(0.,1.)
  ,.PIECEWISE_BEZIER_KNOTS.);
#1292 = CARTESIAN_POINT('',(-40.67503763648,-27.01882205176,
    3.35896373991));
#1293 = CARTESIAN_POINT('',(-58.06784695842,-36.8935926198,
    3.708065038474));
#1294 = CARTESIAN_POINT('',(-38.51025323589,-30.76833862101,
    7.688532541079));
#1295 = CARTESIAN_POINT('',(-56.00531196086,-40.46600802796,
    7.833135033587));
#1296 = ADVANCED_FACE('',(#1297),#1314,.T.);
#1297 = FACE_BOUND('',#1298,.T.);
#1298 = EDGE_LOOP('',(#1299,#1306,#1307,#1308));
#1299 = ORIENTED_EDGE('',*,*,#1300,.F.);
#1300 = EDGE_CURVE('',#262,#1301,#1303,.T.);
#1301 = VERTEX_POINT('',#1302);
#1302 = CARTESIAN_POINT('',(-60.98471192483,-31.84143429915,
    3.708065038474));
#1303 = B_SPLINE_CURVE_WITH_KNOTS('',1,(#1304,#1305),.UNSPECIFIED.,.F.,
  .F.,(2,2),(0.,1.),.PIECEWISE_BEZIER_KNOTS.);
#1304 = CARTESIAN_POINT('',(-43.7365050954,-21.71620486719,3.35896373991
    ));
#1305 = CARTESIAN_POINT('',(-60.98471192483,-31.84143429915,
    3.708065038474));
#1306 = ORIENTED_EDGE('',*,*,#280,.F.);
#1307 = ORIENTED_EDGE('',*,*,#1287,.T.);
#1308 = ORIENTED_EDGE('',*,*,#1309,.F.);
#1309 = EDGE_CURVE('',#1301,#1280,#1310,.T.);
#1310 = LINE('',#1311,#1312);
#1311 = CARTESIAN_POINT('',(-61.05701317108,-31.71620486719,
    3.708065038474));
#1312 = VECTOR('',#1313,1.);
#1313 = DIRECTION('',(0.5,-0.866025403784,-7.03853193746E-17));
#1314 = B_SPLINE_SURFACE_WITH_KNOTS('',1,1,(
    (#1315,#1316)
    ,(#1317,#1318
    )),.UNSPECIFIED.,.F.,.F.,.F.,(2,2),(2,2),(0.,6.122934917841),(0.,1.)
  ,.PIECEWISE_BEZIER_KNOTS.);
#1315 = CARTESIAN_POINT('',(-43.7365050954,-21.71620486719,3.35896373991
    ));
#1316 = CARTESIAN_POINT('',(-60.98471192483,-31.84143429915,
    3.708065038474));
#1317 = CARTESIAN_POINT('',(-40.67503763648,-27.01882205176,
    3.35896373991));
#1318 = CARTESIAN_POINT('',(-58.06784695842,-36.8935926198,
    3.708065038474));
#1319 = ADVANCED_FACE('',(#1320),#1345,.T.);
#1320 = FACE_BOUND('',#1321,.T.);
#1321 = EDGE_LOOP('',(#1322,#1331,#1337,#1338,#1339));
#1322 = ORIENTED_EDGE('',*,*,#1323,.F.);
#1323 = EDGE_CURVE('',#1324,#1326,#1328,.T.);
#1324 = VERTEX_POINT('',#1325);
#1325 = CARTESIAN_POINT('',(-45.90128949598,-17.96668829795,
    7.688532541081));
#1326 = VERTEX_POINT('',#1327);
#1327 = CARTESIAN_POINT('',(-63.04724692239,-28.269018891,7.833135033588
    ));
#1328 = B_SPLINE_CURVE_WITH_KNOTS('',1,(#1329,#1330),.UNSPECIFIED.,.F.,
  .F.,(2,2),(0.,1.),.PIECEWISE_BEZIER_KNOTS.);
#1329 = CARTESIAN_POINT('',(-45.90128949598,-17.96668829795,
    7.688532541081));
#1330 = CARTESIAN_POINT('',(-63.04724692239,-28.269018891,7.833135033588
    ));
#1331 = ORIENTED_EDGE('',*,*,#1332,.T.);
#1332 = EDGE_CURVE('',#1324,#254,#1333,.T.);
#1333 = LINE('',#1334,#1335);
#1334 = CARTESIAN_POINT('',(-45.90128949598,-17.96668829795,
    7.688532541081));
#1335 = VECTOR('',#1336,1.);
#1336 = DIRECTION('',(0.353553390593,-0.612372435696,-0.707106781187));
#1337 = ORIENTED_EDGE('',*,*,#261,.T.);
#1338 = ORIENTED_EDGE('',*,*,#1300,.T.);
#1339 = ORIENTED_EDGE('',*,*,#1340,.F.);
#1340 = EDGE_CURVE('',#1326,#1301,#1341,.T.);
#1341 = LINE('',#1342,#1343);
#1342 = CARTESIAN_POINT('',(-63.0983716239,-28.18046831045,
    7.935384436617));
#1343 = VECTOR('',#1344,1.);
#1344 = DIRECTION('',(0.353553390593,-0.612372435696,-0.707106781187));
#1345 = B_SPLINE_SURFACE_WITH_KNOTS('',1,1,(
    (#1346,#1347)
    ,(#1348,#1349
    )),.UNSPECIFIED.,.F.,.F.,.F.,(2,2),(2,2),(0.,6.122934917843),(0.,1.)
  ,.PIECEWISE_BEZIER_KNOTS.);
#1346 = CARTESIAN_POINT('',(-45.90128949598,-17.96668829795,
    7.688532541081));
#1347 = CARTESIAN_POINT('',(-63.04724692239,-28.269018891,7.833135033588
    ));
#1348 = CARTESIAN_POINT('',(-43.7365050954,-21.71620486719,3.35896373991
    ));
#1349 = CARTESIAN_POINT('',(-60.98471192483,-31.84143429915,
    3.708065038474));
#1350 = ADVANCED_FACE('',(#1351),#1375,.T.);
#1351 = FACE_BOUND('',#1352,.T.);
#1352 = EDGE_LOOP('',(#1353,#1360,#1361,#1362,#1369));
#1353 = ORIENTED_EDGE('',*,*,#1354,.F.);
#1354 = EDGE_CURVE('',#1231,#1355,#1357,.T.);
#1355 = VERTEX_POINT('',#1356);
#1356 = CARTESIAN_POINT('',(56.005311960866,-40.46600802796,
    7.833135033588));
#1357 = B_SPLINE_CURVE_WITH_KNOTS('',1,(#1358,#1359),.UNSPECIFIED.,.F.,
  .F.,(2,2),(0.,1.),.PIECEWISE_BEZIER_KNOTS.);
#1358 = CARTESIAN_POINT('',(38.510253235895,-30.76833862101,
    7.688532541081));
#1359 = CARTESIAN_POINT('',(56.005311960866,-40.46600802796,
    7.833135033588));
#1360 = ORIENTED_EDGE('',*,*,#1254,.T.);
#1361 = ORIENTED_EDGE('',*,*,#388,.T.);
#1362 = ORIENTED_EDGE('',*,*,#1363,.T.);
#1363 = EDGE_CURVE('',#362,#1364,#1366,.T.);
#1364 = VERTEX_POINT('',#1365);
#1365 = CARTESIAN_POINT('',(58.067846958422,-36.8935926198,
    3.708065038474));
#1366 = B_SPLINE_CURVE_WITH_KNOTS('',1,(#1367,#1368),.UNSPECIFIED.,.F.,
  .F.,(2,2),(0.,1.),.PIECEWISE_BEZIER_KNOTS.);
#1367 = CARTESIAN_POINT('',(40.67503763648,-27.01882205176,3.35896373991
    ));
#1368 = CARTESIAN_POINT('',(58.067846958422,-36.8935926198,
    3.708065038474));
#1369 = ORIENTED_EDGE('',*,*,#1370,.F.);
#1370 = EDGE_CURVE('',#1355,#1364,#1371,.T.);
#1371 = LINE('',#1372,#1373);
#1372 = CARTESIAN_POINT('',(55.954187259351,-40.5545586085,
    7.935384436617));
#1373 = VECTOR('',#1374,1.);
#1374 = DIRECTION('',(0.353553390593,0.612372435696,-0.707106781187));
#1375 = B_SPLINE_SURFACE_WITH_KNOTS('',1,1,(
    (#1376,#1377)
    ,(#1378,#1379
    )),.UNSPECIFIED.,.F.,.F.,.F.,(2,2),(2,2),(0.,6.122934917843),(0.,1.)
  ,.PIECEWISE_BEZIER_KNOTS.);
#1376 = CARTESIAN_POINT('',(38.510253235895,-30.76833862101,
    7.688532541081));
#1377 = CARTESIAN_POINT('',(56.005311960866,-40.46600802796,
    7.833135033588));
#1378 = CARTESIAN_POINT('',(40.67503763648,-27.01882205176,3.35896373991
    ));
#1379 = CARTESIAN_POINT('',(58.067846958422,-36.8935926198,
    3.708065038474));
#1380 = ADVANCED_FACE('',(#1381),#1398,.T.);
#1381 = FACE_BOUND('',#1382,.T.);
#1382 = EDGE_LOOP('',(#1383,#1384,#1385,#1392));
#1383 = ORIENTED_EDGE('',*,*,#1363,.F.);
#1384 = ORIENTED_EDGE('',*,*,#361,.F.);
#1385 = ORIENTED_EDGE('',*,*,#1386,.T.);
#1386 = EDGE_CURVE('',#343,#1387,#1389,.T.);
#1387 = VERTEX_POINT('',#1388);
#1388 = CARTESIAN_POINT('',(60.984711924835,-31.84143429915,
    3.708065038474));
#1389 = B_SPLINE_CURVE_WITH_KNOTS('',1,(#1390,#1391),.UNSPECIFIED.,.F.,
  .F.,(2,2),(0.,1.),.PIECEWISE_BEZIER_KNOTS.);
#1390 = CARTESIAN_POINT('',(43.7365050954,-21.71620486719,3.35896373991)
  );
#1391 = CARTESIAN_POINT('',(60.984711924835,-31.84143429915,
    3.708065038474));
#1392 = ORIENTED_EDGE('',*,*,#1393,.F.);
#1393 = EDGE_CURVE('',#1364,#1387,#1394,.T.);
#1394 = LINE('',#1395,#1396);
#1395 = CARTESIAN_POINT('',(57.995545712168,-37.01882205176,
    3.708065038474));
#1396 = VECTOR('',#1397,1.);
#1397 = DIRECTION('',(0.5,0.866025403784,-2.62681588013E-16));
#1398 = B_SPLINE_SURFACE_WITH_KNOTS('',1,1,(
    (#1399,#1400)
    ,(#1401,#1402
    )),.UNSPECIFIED.,.F.,.F.,.F.,(2,2),(2,2),(0.,6.122934917841),(0.,1.)
  ,.PIECEWISE_BEZIER_KNOTS.);
#1399 = CARTESIAN_POINT('',(40.67503763648,-27.01882205176,3.35896373991
    ));
#1400 = CARTESIAN_POINT('',(58.067846958422,-36.8935926198,
    3.708065038474));
#1401 = CARTESIAN_POINT('',(43.7365050954,-21.71620486719,3.35896373991)
  );
#1402 = CARTESIAN_POINT('',(60.984711924835,-31.84143429915,
    3.708065038474));
#1403 = ADVANCED_FACE('',(#1404),#1429,.T.);
#1404 = FACE_BOUND('',#1405,.T.);
#1405 = EDGE_LOOP('',(#1406,#1407,#1415,#1422,#1428));
#1406 = ORIENTED_EDGE('',*,*,#342,.F.);
#1407 = ORIENTED_EDGE('',*,*,#1408,.T.);
#1408 = EDGE_CURVE('',#335,#1409,#1411,.T.);
#1409 = VERTEX_POINT('',#1410);
#1410 = CARTESIAN_POINT('',(45.901289495985,-17.96668829795,
    7.688532541079));
#1411 = LINE('',#1412,#1413);
#1412 = CARTESIAN_POINT('',(43.7365050954,-21.71620486719,3.35896373991)
  );
#1413 = VECTOR('',#1414,1.);
#1414 = DIRECTION('',(0.353553390593,0.612372435696,0.707106781187));
#1415 = ORIENTED_EDGE('',*,*,#1416,.T.);
#1416 = EDGE_CURVE('',#1409,#1417,#1419,.T.);
#1417 = VERTEX_POINT('',#1418);
#1418 = CARTESIAN_POINT('',(63.047246922392,-28.269018891,7.833135033587
    ));
#1419 = B_SPLINE_CURVE_WITH_KNOTS('',1,(#1420,#1421),.UNSPECIFIED.,.F.,
  .F.,(2,2),(0.,1.),.PIECEWISE_BEZIER_KNOTS.);
#1420 = CARTESIAN_POINT('',(45.901289495985,-17.96668829795,
    7.688532541079));
#1421 = CARTESIAN_POINT('',(63.047246922392,-28.269018891,7.833135033587
    ));
#1422 = ORIENTED_EDGE('',*,*,#1423,.F.);
#1423 = EDGE_CURVE('',#1387,#1417,#1424,.T.);
#1424 = LINE('',#1425,#1426);
#1425 = CARTESIAN_POINT('',(60.933587223321,-31.9299848797,
    3.605815635446));
#1426 = VECTOR('',#1427,1.);
#1427 = DIRECTION('',(0.353553390593,0.612372435696,0.707106781187));
#1428 = ORIENTED_EDGE('',*,*,#1386,.F.);
#1429 = B_SPLINE_SURFACE_WITH_KNOTS('',1,1,(
    (#1430,#1431)
    ,(#1432,#1433
    )),.UNSPECIFIED.,.F.,.F.,.F.,(2,2),(2,2),(0.,6.122934917841),(0.,1.)
  ,.PIECEWISE_BEZIER_KNOTS.);
#1430 = CARTESIAN_POINT('',(43.7365050954,-21.71620486719,3.35896373991)
  );
#1431 = CARTESIAN_POINT('',(60.984711924835,-31.84143429915,
    3.708065038474));
#1432 = CARTESIAN_POINT('',(45.901289495985,-17.96668829795,
    7.688532541079));
#1433 = CARTESIAN_POINT('',(63.047246922392,-28.269018891,7.833135033587
    ));
#1434 = ADVANCED_FACE('',(#1435),#1452,.T.);
#1435 = FACE_BOUND('',#1436,.T.);
#1436 = EDGE_LOOP('',(#1437,#1445,#1446));
#1437 = ORIENTED_EDGE('',*,*,#1438,.F.);
#1438 = EDGE_CURVE('',#414,#1439,#1441,.T.);
#1439 = VERTEX_POINT('',#1440);
#1440 = CARTESIAN_POINT('',(-7.39103626009,48.735026918963,
    7.688532541079));
#1441 = LINE('',#1442,#1443);
#1442 = CARTESIAN_POINT('',(-3.061467458921,48.735026918963,
    3.35896373991));
#1443 = VECTOR('',#1444,1.);
#1444 = DIRECTION('',(-0.707106781187,-1.570092458684E-16,0.707106781187
    ));
#1445 = ORIENTED_EDGE('',*,*,#519,.T.);
#1446 = ORIENTED_EDGE('',*,*,#1447,.F.);
#1447 = EDGE_CURVE('',#1439,#512,#1448,.T.);
#1448 = LINE('',#1449,#1450);
#1449 = CARTESIAN_POINT('',(-7.39103626009,48.735026918963,
    7.688532541079));
#1450 = VECTOR('',#1451,1.);
#1451 = DIRECTION('',(-0.,-1.,-2.22044604925E-16));
#1452 = PLANE('',#1453);
#1453 = AXIS2_PLACEMENT_3D('',#1454,#1455,#1456);
#1454 = CARTESIAN_POINT('',(-3.061467458921,48.735026918963,
    3.35896373991));
#1455 = DIRECTION('',(-0.707106781187,1.570092458684E-16,-0.707106781187
    ));
#1456 = DIRECTION('',(-0.707106781187,-1.570092458684E-16,0.707106781187
    ));
#1457 = ADVANCED_FACE('',(#1458),#1476,.T.);
#1458 = FACE_BOUND('',#1459,.T.);
#1459 = EDGE_LOOP('',(#1460,#1468,#1469,#1470));
#1460 = ORIENTED_EDGE('',*,*,#1461,.F.);
#1461 = EDGE_CURVE('',#1439,#1462,#1464,.T.);
#1462 = VERTEX_POINT('',#1463);
#1463 = CARTESIAN_POINT('',(-7.39103626009,48.735026918963,
    13.811467458921));
#1464 = LINE('',#1465,#1466);
#1465 = CARTESIAN_POINT('',(-7.39103626009,48.735026918963,
    7.688532541079));
#1466 = VECTOR('',#1467,1.);
#1467 = DIRECTION('',(1.450576286728E-16,-2.22044604925E-16,1.));
#1468 = ORIENTED_EDGE('',*,*,#1447,.T.);
#1469 = ORIENTED_EDGE('',*,*,#511,.T.);
#1470 = ORIENTED_EDGE('',*,*,#1471,.F.);
#1471 = EDGE_CURVE('',#1462,#504,#1472,.T.);
#1472 = LINE('',#1473,#1474);
#1473 = CARTESIAN_POINT('',(-7.39103626009,48.735026918963,
    13.811467458921));
#1474 = VECTOR('',#1475,1.);
#1475 = DIRECTION('',(-0.,-1.,-2.22044604925E-16));
#1476 = PLANE('',#1477);
#1477 = AXIS2_PLACEMENT_3D('',#1478,#1479,#1480);
#1478 = CARTESIAN_POINT('',(-7.39103626009,48.735026918963,
    7.688532541079));
#1479 = DIRECTION('',(-1.,-3.220926385002E-32,1.450576286728E-16));
#1480 = DIRECTION('',(1.450576286728E-16,-2.22044604925E-16,1.));
#1481 = ADVANCED_FACE('',(#1482),#1492,.T.);
#1482 = FACE_BOUND('',#1483,.T.);
#1483 = EDGE_LOOP('',(#1484,#1490,#1491));
#1484 = ORIENTED_EDGE('',*,*,#1485,.F.);
#1485 = EDGE_CURVE('',#1462,#496,#1486,.T.);
#1486 = LINE('',#1487,#1488);
#1487 = CARTESIAN_POINT('',(-7.39103626009,48.735026918963,
    13.811467458921));
#1488 = VECTOR('',#1489,1.);
#1489 = DIRECTION('',(0.707106781187,-1.570092458684E-16,0.707106781187)
  );
#1490 = ORIENTED_EDGE('',*,*,#1471,.T.);
#1491 = ORIENTED_EDGE('',*,*,#503,.T.);
#1492 = PLANE('',#1493);
#1493 = AXIS2_PLACEMENT_3D('',#1494,#1495,#1496);
#1494 = CARTESIAN_POINT('',(-7.39103626009,48.735026918963,
    13.811467458921));
#1495 = DIRECTION('',(-0.707106781187,-1.570092458684E-16,0.707106781187
    ));
#1496 = DIRECTION('',(0.707106781187,-1.570092458684E-16,0.707106781187)
  );
#1497 = ADVANCED_FACE('',(#1498),#1572,.T.);
#1498 = FACE_BOUND('',#1499,.F.);
#1499 = EDGE_LOOP('',(#1500,#1501,#1520,#1547,#1564,#1565));
#1500 = ORIENTED_EDGE('',*,*,#495,.F.);
#1501 = ORIENTED_EDGE('',*,*,#1502,.T.);
#1502 = EDGE_CURVE('',#496,#1503,#1505,.T.);
#1503 = VERTEX_POINT('',#1504);
#1504 = CARTESIAN_POINT('',(-3.045782066239,50.904476754774,
    18.103168372348));
#1505 = B_SPLINE_CURVE_WITH_KNOTS('',7,(#1506,#1507,#1508,#1509,#1510,
    #1511,#1512,#1513,#1514,#1515,#1516,#1517,#1518,#1519),
  .UNSPECIFIED.,.F.,.F.,(8,6,8),(0.,0.524386913538,1.),.UNSPECIFIED.);
#1506 = CARTESIAN_POINT('',(-5.196152422707,48.735026918963,
    16.006351296304));
#1507 = CARTESIAN_POINT('',(-5.055100013184,48.979336858786,
    16.141372868653));
#1508 = CARTESIAN_POINT('',(-4.90745256392,49.204122119991,
    16.283471451135));
#1509 = CARTESIAN_POINT('',(-4.754853896286,49.41190076263,
    16.43094106359));
#1510 = CARTESIAN_POINT('',(-4.59845317813,49.604312745164,
    16.582592055485));
#1511 = CARTESIAN_POINT('',(-4.439101606202,49.782830350264,
    16.737536886493));
#1512 = CARTESIAN_POINT('',(-4.277336171733,49.948706468472,
    16.895207637541));
#1513 = CARTESIAN_POINT('',(-3.964736525693,50.243083220783,
    17.20054053765));
#1514 = CARTESIAN_POINT('',(-3.814383762375,50.373531962353,
    17.347673149055));
#1515 = CARTESIAN_POINT('',(-3.662645935805,50.495190929378,
    17.496407800963));
#1516 = CARTESIAN_POINT('',(-3.509754817391,50.608655587441,
    17.646498022785));
#1517 = CARTESIAN_POINT('',(-3.355893786636,50.714418003417,
    17.797748288254));
#1518 = CARTESIAN_POINT('',(-3.201203484554,50.812904192191,
    17.950007440098));
#1519 = CARTESIAN_POINT('',(-3.045782066239,50.904476754774,
    18.103168372348));
#1520 = ORIENTED_EDGE('',*,*,#1521,.F.);
#1521 = EDGE_CURVE('',#1522,#1503,#1524,.T.);
#1522 = VERTEX_POINT('',#1523);
#1523 = CARTESIAN_POINT('',(3.045782066239,50.904476754774,
    18.103168372348));
#1524 = B_SPLINE_CURVE_WITH_KNOTS('',6,(#1525,#1526,#1527,#1528,#1529,
    #1530,#1531,#1532,#1533,#1534,#1535,#1536,#1537,#1538,#1539,#1540,
    #1541,#1542,#1543,#1544,#1545,#1546),.UNSPECIFIED.,.F.,.F.,(7,5,5,5,
    7),(0.,0.136686336771,0.500000257908,0.862942662726,1.),
  .UNSPECIFIED.);
#1525 = CARTESIAN_POINT('',(3.045782066239,50.904476754774,
    18.103168372348));
#1526 = CARTESIAN_POINT('',(2.91431776555,50.981934051413,
    18.101816350206));
#1527 = CARTESIAN_POINT('',(2.781520176855,51.054772410138,
    18.100544951925));
#1528 = CARTESIAN_POINT('',(2.647527920006,51.123068525751,
    18.099352838793));
#1529 = CARTESIAN_POINT('',(2.512467181158,51.186892961785,
    18.098238779118));
#1530 = CARTESIAN_POINT('',(2.376451712779,51.2463101505,18.097201648231
    ));
#1531 = CARTESIAN_POINT('',(1.875783712702,51.44775044107,18.09368549488
    ));
#1532 = CARTESIAN_POINT('',(1.506026735247,51.563369215312,
    18.091667361668));
#1533 = CARTESIAN_POINT('',(1.132104920041,51.649396337169,
    18.090165752671));
#1534 = CARTESIAN_POINT('',(0.755579158629,51.706476851807,
    18.089169408582));
#1535 = CARTESIAN_POINT('',(0.377821184202,51.735027001693,
    18.088671063862));
#1536 = CARTESIAN_POINT('',(-0.377437459366,51.735026836316,
    18.088671066748));
#1537 = CARTESIAN_POINT('',(-0.754809425285,51.706534882412,
    18.089168395654));
#1538 = CARTESIAN_POINT('',(-1.130952784852,51.649570793415,
    18.090162707526));
#1539 = CARTESIAN_POINT('',(-1.504500156999,51.563720155807,
    18.091661235979));
#1540 = CARTESIAN_POINT('',(-1.873895963218,51.448340377571,
    18.0936751975));
#1541 = CARTESIAN_POINT('',(-2.374605744879,51.247116189207,
    18.097187578773));
#1542 = CARTESIAN_POINT('',(-2.511000784595,51.187585703139,
    18.098226687272));
#1543 = CARTESIAN_POINT('',(-2.646436836271,51.123624540154,
    18.099343133525));
#1544 = CARTESIAN_POINT('',(-2.780799280748,51.05516777719,
    18.100538050767));
#1545 = CARTESIAN_POINT('',(-2.91396093782,50.982144290323,
    18.101812680472));
#1546 = CARTESIAN_POINT('',(-3.045782066239,50.904476754774,
    18.103168372348));
#1547 = ORIENTED_EDGE('',*,*,#1548,.F.);
#1548 = EDGE_CURVE('',#560,#1522,#1549,.T.);
#1549 = B_SPLINE_CURVE_WITH_KNOTS('',7,(#1550,#1551,#1552,#1553,#1554,
    #1555,#1556,#1557,#1558,#1559,#1560,#1561,#1562,#1563),
  .UNSPECIFIED.,.F.,.F.,(8,6,8),(0.,0.524386913539,1.),.UNSPECIFIED.);
#1550 = CARTESIAN_POINT('',(5.196152422707,48.735026918963,
    16.006351296305));
#1551 = CARTESIAN_POINT('',(5.055100013184,48.979336858786,
    16.141372868653));
#1552 = CARTESIAN_POINT('',(4.907452563921,49.20412211999,
    16.283471451135));
#1553 = CARTESIAN_POINT('',(4.754853896285,49.41190076263,
    16.430941063591));
#1554 = CARTESIAN_POINT('',(4.598453178131,49.604312745163,
    16.582592055485));
#1555 = CARTESIAN_POINT('',(4.439101606201,49.782830350264,
    16.737536886493));
#1556 = CARTESIAN_POINT('',(4.277336171734,49.948706468472,
    16.895207637541));
#1557 = CARTESIAN_POINT('',(3.964736525693,50.243083220782,
    17.20054053765));
#1558 = CARTESIAN_POINT('',(3.814383762375,50.373531962353,
    17.347673149056));
#1559 = CARTESIAN_POINT('',(3.662645935805,50.495190929378,
    17.496407800963));
#1560 = CARTESIAN_POINT('',(3.509754817392,50.608655587441,
    17.646498022785));
#1561 = CARTESIAN_POINT('',(3.355893786636,50.714418003417,
    17.797748288255));
#1562 = CARTESIAN_POINT('',(3.201203484554,50.812904192191,
    17.950007440098));
#1563 = CARTESIAN_POINT('',(3.045782066239,50.904476754774,
    18.103168372348));
#1564 = ORIENTED_EDGE('',*,*,#567,.T.);
#1565 = ORIENTED_EDGE('',*,*,#1566,.F.);
#1566 = EDGE_CURVE('',#488,#568,#1567,.T.);
#1567 = CIRCLE('',#1568,6.);
#1568 = AXIS2_PLACEMENT_3D('',#1569,#1570,#1571);
#1569 = CARTESIAN_POINT('',(-2.730298281163E-15,45.735026918963,25.));
#1570 = DIRECTION('',(-0.,-0.,-1.));
#1571 = DIRECTION('',(0.,-1.,0.));
#1572 = CYLINDRICAL_SURFACE('',#1573,6.);
#1573 = AXIS2_PLACEMENT_3D('',#1574,#1575,#1576);
#1574 = CARTESIAN_POINT('',(-2.730298281163E-15,45.735026918963,
    2.182726340615E-15));
#1575 = DIRECTION('',(0.,0.,1.));
#1576 = DIRECTION('',(-0.866025403784,0.5,0.));
#1577 = ADVANCED_FACE('',(#1578),#1597,.T.);
#1578 = FACE_BOUND('',#1579,.T.);
#1579 = EDGE_LOOP('',(#1580,#1581,#1589,#1595,#1596));
#1580 = ORIENTED_EDGE('',*,*,#487,.T.);
#1581 = ORIENTED_EDGE('',*,*,#1582,.T.);
#1582 = EDGE_CURVE('',#480,#1583,#1585,.T.);
#1583 = VERTEX_POINT('',#1584);
#1584 = CARTESIAN_POINT('',(1.359361256732E-14,12.424276961474,25.));
#1585 = LINE('',#1586,#1587);
#1586 = CARTESIAN_POINT('',(-7.120130263855,16.535086085976,25.));
#1587 = VECTOR('',#1588,1.);
#1588 = DIRECTION('',(0.866025403784,-0.5,0.));
#1589 = ORIENTED_EDGE('',*,*,#1590,.T.);
#1590 = EDGE_CURVE('',#1583,#576,#1591,.T.);
#1591 = LINE('',#1592,#1593);
#1592 = CARTESIAN_POINT('',(-2.020061886995,11.257993687238,25.));
#1593 = VECTOR('',#1594,1.);
#1594 = DIRECTION('',(0.866025403784,0.5,0.));
#1595 = ORIENTED_EDGE('',*,*,#575,.T.);
#1596 = ORIENTED_EDGE('',*,*,#1566,.F.);
#1597 = PLANE('',#1598);
#1598 = AXIS2_PLACEMENT_3D('',#1599,#1600,#1601);
#1599 = CARTESIAN_POINT('',(4.698416490485E-14,-2.957045343662E-14,25.)
  );
#1600 = DIRECTION('',(0.,0.,1.));
#1601 = DIRECTION('',(1.,0.,0.));
#1602 = ADVANCED_FACE('',(#1603),#1614,.F.);
#1603 = FACE_BOUND('',#1604,.F.);
#1604 = EDGE_LOOP('',(#1605,#1606,#1607,#1613));
#1605 = ORIENTED_EDGE('',*,*,#479,.T.);
#1606 = ORIENTED_EDGE('',*,*,#1582,.T.);
#1607 = ORIENTED_EDGE('',*,*,#1608,.F.);
#1608 = EDGE_CURVE('',#1037,#1583,#1609,.T.);
#1609 = LINE('',#1610,#1611);
#1610 = CARTESIAN_POINT('',(1.043609643148E-14,15.97932408467,
    13.509907074527));
#1611 = VECTOR('',#1612,1.);
#1612 = DIRECTION('',(2.625248713667E-16,-0.295576728216,0.955319003128)
  );
#1613 = ORIENTED_EDGE('',*,*,#1044,.F.);
#1614 = PLANE('',#1615);
#1615 = AXIS2_PLACEMENT_3D('',#1616,#1617,#1618);
#1616 = CARTESIAN_POINT('',(-18.28038430169,26.072472526535,15.));
#1617 = DIRECTION('',(0.482962913145,0.836516303738,0.258819045103));
#1618 = DIRECTION('',(0.866025403784,-0.5,1.387778780781E-17));
#1619 = ADVANCED_FACE('',(#1620),#1626,.T.);
#1620 = FACE_BOUND('',#1621,.T.);
#1621 = EDGE_LOOP('',(#1622,#1623,#1624,#1625));
#1622 = ORIENTED_EDGE('',*,*,#463,.T.);
#1623 = ORIENTED_EDGE('',*,*,#981,.T.);
#1624 = ORIENTED_EDGE('',*,*,#995,.F.);
#1625 = ORIENTED_EDGE('',*,*,#1051,.F.);
#1626 = PLANE('',#1627);
#1627 = AXIS2_PLACEMENT_3D('',#1628,#1629,#1630);
#1628 = CARTESIAN_POINT('',(-31.7196156983,2.795040932946,15.));
#1629 = DIRECTION('',(0.482962913145,0.836516303738,-0.258819045103));
#1630 = DIRECTION('',(0.866025403784,-0.5,0.));
#1631 = ADVANCED_FACE('',(#1632),#1649,.T.);
#1632 = FACE_BOUND('',#1633,.T.);
#1633 = EDGE_LOOP('',(#1634,#1642,#1643));
#1634 = ORIENTED_EDGE('',*,*,#1635,.F.);
#1635 = EDGE_CURVE('',#440,#1636,#1638,.T.);
#1636 = VERTEX_POINT('',#1637);
#1637 = CARTESIAN_POINT('',(-45.90128949598,-17.96668829795,
    13.811467458922));
#1638 = LINE('',#1639,#1640);
#1639 = CARTESIAN_POINT('',(-43.7365050954,-21.71620486719,
    18.14103626009));
#1640 = VECTOR('',#1641,1.);
#1641 = DIRECTION('',(-0.353553390593,0.612372435696,-0.707106781186));
#1642 = ORIENTED_EDGE('',*,*,#439,.T.);
#1643 = ORIENTED_EDGE('',*,*,#1644,.F.);
#1644 = EDGE_CURVE('',#1636,#432,#1645,.T.);
#1645 = LINE('',#1646,#1647);
#1646 = CARTESIAN_POINT('',(-45.90128949598,-17.96668829795,
    13.811467458922));
#1647 = VECTOR('',#1648,1.);
#1648 = DIRECTION('',(0.866025403784,0.5,-4.84726192938E-16));
#1649 = PLANE('',#1650);
#1650 = AXIS2_PLACEMENT_3D('',#1651,#1652,#1653);
#1651 = CARTESIAN_POINT('',(-43.7365050954,-21.71620486719,
    18.14103626009));
#1652 = DIRECTION('',(-0.353553390593,0.612372435696,0.707106781187));
#1653 = DIRECTION('',(-0.353553390593,0.612372435696,-0.707106781186));
#1654 = ADVANCED_FACE('',(#1655),#1671,.T.);
#1655 = FACE_BOUND('',#1656,.T.);
#1656 = EDGE_LOOP('',(#1657,#1663,#1664,#1665));
#1657 = ORIENTED_EDGE('',*,*,#1658,.F.);
#1658 = EDGE_CURVE('',#1636,#1324,#1659,.T.);
#1659 = LINE('',#1660,#1661);
#1660 = CARTESIAN_POINT('',(-45.90128949598,-17.96668829795,
    13.811467458922));
#1661 = VECTOR('',#1662,1.);
#1662 = DIRECTION('',(-1.066371620452E-13,1.837315302513E-13,-1.));
#1663 = ORIENTED_EDGE('',*,*,#1644,.T.);
#1664 = ORIENTED_EDGE('',*,*,#431,.T.);
#1665 = ORIENTED_EDGE('',*,*,#1666,.F.);
#1666 = EDGE_CURVE('',#1324,#424,#1667,.T.);
#1667 = LINE('',#1668,#1669);
#1668 = CARTESIAN_POINT('',(-45.90128949598,-17.96668829795,
    7.688532541081));
#1669 = VECTOR('',#1670,1.);
#1670 = DIRECTION('',(0.866025403784,0.5,-4.84726192938E-16));
#1671 = PLANE('',#1672);
#1672 = AXIS2_PLACEMENT_3D('',#1673,#1674,#1675);
#1673 = CARTESIAN_POINT('',(-45.90128949598,-17.96668829795,
    13.811467458922));
#1674 = DIRECTION('',(-0.5,0.866025403784,2.124347536964E-13));
#1675 = DIRECTION('',(-1.066371620452E-13,1.837315302513E-13,-1.));
#1676 = ADVANCED_FACE('',(#1677),#1682,.T.);
#1677 = FACE_BOUND('',#1678,.T.);
#1678 = EDGE_LOOP('',(#1679,#1680,#1681));
#1679 = ORIENTED_EDGE('',*,*,#1332,.F.);
#1680 = ORIENTED_EDGE('',*,*,#1666,.T.);
#1681 = ORIENTED_EDGE('',*,*,#423,.T.);
#1682 = PLANE('',#1683);
#1683 = AXIS2_PLACEMENT_3D('',#1684,#1685,#1686);
#1684 = CARTESIAN_POINT('',(-45.90128949598,-17.96668829795,
    7.688532541081));
#1685 = DIRECTION('',(-0.353553390593,0.612372435696,-0.707106781186));
#1686 = DIRECTION('',(0.353553390593,-0.612372435696,-0.707106781187));
#1687 = ADVANCED_FACE('',(#1688),#1698,.T.);
#1688 = FACE_BOUND('',#1689,.T.);
#1689 = EDGE_LOOP('',(#1690,#1691,#1692));
#1690 = ORIENTED_EDGE('',*,*,#1408,.F.);
#1691 = ORIENTED_EDGE('',*,*,#639,.T.);
#1692 = ORIENTED_EDGE('',*,*,#1693,.F.);
#1693 = EDGE_CURVE('',#1409,#632,#1694,.T.);
#1694 = LINE('',#1695,#1696);
#1695 = CARTESIAN_POINT('',(45.901289495985,-17.96668829795,
    7.688532541079));
#1696 = VECTOR('',#1697,1.);
#1697 = DIRECTION('',(-0.866025403784,0.5,-2.924299242996E-16));
#1698 = PLANE('',#1699);
#1699 = AXIS2_PLACEMENT_3D('',#1700,#1701,#1702);
#1700 = CARTESIAN_POINT('',(43.7365050954,-21.71620486719,3.35896373991)
  );
#1701 = DIRECTION('',(0.353553390593,0.612372435696,-0.707106781187));
#1702 = DIRECTION('',(0.353553390593,0.612372435696,0.707106781187));
#1703 = ADVANCED_FACE('',(#1704),#1722,.T.);
#1704 = FACE_BOUND('',#1705,.T.);
#1705 = EDGE_LOOP('',(#1706,#1714,#1715,#1716));
#1706 = ORIENTED_EDGE('',*,*,#1707,.F.);
#1707 = EDGE_CURVE('',#1409,#1708,#1710,.T.);
#1708 = VERTEX_POINT('',#1709);
#1709 = CARTESIAN_POINT('',(45.901289495985,-17.96668829795,
    13.811467458921));
#1710 = LINE('',#1711,#1712);
#1711 = CARTESIAN_POINT('',(45.901289495985,-17.96668829795,
    7.688532541079));
#1712 = VECTOR('',#1713,1.);
#1713 = DIRECTION('',(-1.944397636002E-16,2.480802990321E-16,1.));
#1714 = ORIENTED_EDGE('',*,*,#1693,.T.);
#1715 = ORIENTED_EDGE('',*,*,#631,.T.);
#1716 = ORIENTED_EDGE('',*,*,#1717,.F.);
#1717 = EDGE_CURVE('',#1708,#624,#1718,.T.);
#1718 = LINE('',#1719,#1720);
#1719 = CARTESIAN_POINT('',(45.901289495985,-17.96668829795,
    13.811467458921));
#1720 = VECTOR('',#1721,1.);
#1721 = DIRECTION('',(-0.866025403784,0.5,-2.924299242996E-16));
#1722 = PLANE('',#1723);
#1723 = AXIS2_PLACEMENT_3D('',#1724,#1725,#1726);
#1724 = CARTESIAN_POINT('',(45.901289495985,-17.96668829795,
    7.688532541079));
#1725 = DIRECTION('',(0.5,0.866025403784,-1.176239593401E-16));
#1726 = DIRECTION('',(-1.944397636002E-16,2.480802990321E-16,1.));
#1727 = ADVANCED_FACE('',(#1728),#1738,.T.);
#1728 = FACE_BOUND('',#1729,.T.);
#1729 = EDGE_LOOP('',(#1730,#1736,#1737));
#1730 = ORIENTED_EDGE('',*,*,#1731,.F.);
#1731 = EDGE_CURVE('',#1708,#616,#1732,.T.);
#1732 = LINE('',#1733,#1734);
#1733 = CARTESIAN_POINT('',(45.901289495985,-17.96668829795,
    13.811467458921));
#1734 = VECTOR('',#1735,1.);
#1735 = DIRECTION('',(-0.353553390593,-0.612372435696,0.707106781187));
#1736 = ORIENTED_EDGE('',*,*,#1717,.T.);
#1737 = ORIENTED_EDGE('',*,*,#623,.T.);
#1738 = PLANE('',#1739);
#1739 = AXIS2_PLACEMENT_3D('',#1740,#1741,#1742);
#1740 = CARTESIAN_POINT('',(45.901289495985,-17.96668829795,
    13.811467458921));
#1741 = DIRECTION('',(0.353553390593,0.612372435696,0.707106781187));
#1742 = DIRECTION('',(-0.353553390593,-0.612372435696,0.707106781187));
#1743 = ADVANCED_FACE('',(#1744),#1750,.T.);
#1744 = FACE_BOUND('',#1745,.T.);
#1745 = EDGE_LOOP('',(#1746,#1747,#1748,#1749));
#1746 = ORIENTED_EDGE('',*,*,#1094,.T.);
#1747 = ORIENTED_EDGE('',*,*,#1118,.T.);
#1748 = ORIENTED_EDGE('',*,*,#599,.F.);
#1749 = ORIENTED_EDGE('',*,*,#1029,.F.);
#1750 = PLANE('',#1751);
#1751 = AXIS2_PLACEMENT_3D('',#1752,#1753,#1754);
#1752 = CARTESIAN_POINT('',(13.439231396601,-7.759143864529,15.));
#1753 = DIRECTION('',(-0.482962913145,0.836516303738,-0.258819045103));
#1754 = DIRECTION('',(0.866025403784,0.5,-1.387778780781E-17));
#1755 = ADVANCED_FACE('',(#1756),#1762,.F.);
#1756 = FACE_BOUND('',#1757,.F.);
#1757 = EDGE_LOOP('',(#1758,#1759,#1760,#1761));
#1758 = ORIENTED_EDGE('',*,*,#1608,.T.);
#1759 = ORIENTED_EDGE('',*,*,#1590,.T.);
#1760 = ORIENTED_EDGE('',*,*,#583,.F.);
#1761 = ORIENTED_EDGE('',*,*,#1036,.F.);
#1762 = PLANE('',#1763);
#1763 = AXIS2_PLACEMENT_3D('',#1764,#1765,#1766);
#1764 = CARTESIAN_POINT('',(1.021405182655E-14,15.518287729059,15.));
#1765 = DIRECTION('',(-0.482962913145,0.836516303738,0.258819045103));
#1766 = DIRECTION('',(0.866025403784,0.5,1.387778780781E-17));
#1767 = ADVANCED_FACE('',(#1768),#1785,.T.);
#1768 = FACE_BOUND('',#1769,.T.);
#1769 = EDGE_LOOP('',(#1770,#1778,#1779));
#1770 = ORIENTED_EDGE('',*,*,#1771,.F.);
#1771 = EDGE_CURVE('',#560,#1772,#1774,.T.);
#1772 = VERTEX_POINT('',#1773);
#1773 = CARTESIAN_POINT('',(7.39103626009,48.735026918963,
    13.811467458922));
#1774 = LINE('',#1775,#1776);
#1775 = CARTESIAN_POINT('',(3.061467458921,48.735026918963,
    18.14103626009));
#1776 = VECTOR('',#1777,1.);
#1777 = DIRECTION('',(0.707106781187,1.570092458684E-16,-0.707106781186)
  );
#1778 = ORIENTED_EDGE('',*,*,#559,.T.);
#1779 = ORIENTED_EDGE('',*,*,#1780,.F.);
#1780 = EDGE_CURVE('',#1772,#552,#1781,.T.);
#1781 = LINE('',#1782,#1783);
#1782 = CARTESIAN_POINT('',(7.39103626009,48.735026918963,
    13.811467458922));
#1783 = VECTOR('',#1784,1.);
#1784 = DIRECTION('',(-0.,-1.,-2.22044604925E-16));
#1785 = PLANE('',#1786);
#1786 = AXIS2_PLACEMENT_3D('',#1787,#1788,#1789);
#1787 = CARTESIAN_POINT('',(3.061467458921,48.735026918963,
    18.14103626009));
#1788 = DIRECTION('',(0.707106781186,-1.570092458684E-16,0.707106781187)
  );
#1789 = DIRECTION('',(0.707106781187,1.570092458684E-16,-0.707106781186)
  );
#1790 = ADVANCED_FACE('',(#1791),#1809,.T.);
#1791 = FACE_BOUND('',#1792,.T.);
#1792 = EDGE_LOOP('',(#1793,#1801,#1802,#1803));
#1793 = ORIENTED_EDGE('',*,*,#1794,.F.);
#1794 = EDGE_CURVE('',#1772,#1795,#1797,.T.);
#1795 = VERTEX_POINT('',#1796);
#1796 = CARTESIAN_POINT('',(7.391036260091,48.735026918963,
    7.688532541081));
#1797 = LINE('',#1798,#1799);
#1798 = CARTESIAN_POINT('',(7.39103626009,48.735026918963,
    13.811467458922));
#1799 = VECTOR('',#1800,1.);
#1800 = DIRECTION('',(2.12364368377E-13,2.22044604925E-16,-1.));
#1801 = ORIENTED_EDGE('',*,*,#1780,.T.);
#1802 = ORIENTED_EDGE('',*,*,#551,.T.);
#1803 = ORIENTED_EDGE('',*,*,#1804,.F.);
#1804 = EDGE_CURVE('',#1795,#544,#1805,.T.);
#1805 = LINE('',#1806,#1807);
#1806 = CARTESIAN_POINT('',(7.391036260091,48.735026918963,
    7.688532541081));
#1807 = VECTOR('',#1808,1.);
#1808 = DIRECTION('',(-0.,-1.,-2.22044604925E-16));
#1809 = PLANE('',#1810);
#1810 = AXIS2_PLACEMENT_3D('',#1811,#1812,#1813);
#1811 = CARTESIAN_POINT('',(7.39103626009,48.735026918963,
    13.811467458922));
#1812 = DIRECTION('',(1.,-4.715436227643E-29,2.12364368377E-13));
#1813 = DIRECTION('',(2.12364368377E-13,2.22044604925E-16,-1.));
#1814 = ADVANCED_FACE('',(#1815),#1825,.T.);
#1815 = FACE_BOUND('',#1816,.T.);
#1816 = EDGE_LOOP('',(#1817,#1823,#1824));
#1817 = ORIENTED_EDGE('',*,*,#1818,.F.);
#1818 = EDGE_CURVE('',#1795,#536,#1819,.T.);
#1819 = LINE('',#1820,#1821);
#1820 = CARTESIAN_POINT('',(7.391036260091,48.735026918963,
    7.688532541081));
#1821 = VECTOR('',#1822,1.);
#1822 = DIRECTION('',(-0.707106781186,1.570092458684E-16,-0.707106781187
    ));
#1823 = ORIENTED_EDGE('',*,*,#1804,.T.);
#1824 = ORIENTED_EDGE('',*,*,#543,.T.);
#1825 = PLANE('',#1826);
#1826 = AXIS2_PLACEMENT_3D('',#1827,#1828,#1829);
#1827 = CARTESIAN_POINT('',(7.391036260091,48.735026918963,
    7.688532541081));
#1828 = DIRECTION('',(0.707106781187,1.570092458684E-16,-0.707106781186)
  );
#1829 = DIRECTION('',(-0.707106781186,1.570092458684E-16,-0.707106781187
    ));
#1830 = ADVANCED_FACE('',(#1831),#1855,.T.);
#1831 = FACE_BOUND('',#1832,.T.);
#1832 = EDGE_LOOP('',(#1833,#1834,#1835,#1842,#1850));
#1833 = ORIENTED_EDGE('',*,*,#702,.F.);
#1834 = ORIENTED_EDGE('',*,*,#1438,.T.);
#1835 = ORIENTED_EDGE('',*,*,#1836,.T.);
#1836 = EDGE_CURVE('',#1439,#1837,#1839,.T.);
#1837 = VERTEX_POINT('',#1838);
#1838 = CARTESIAN_POINT('',(-7.041934961526,68.735026918963,
    7.833135033587));
#1839 = B_SPLINE_CURVE_WITH_KNOTS('',1,(#1840,#1841),.UNSPECIFIED.,.F.,
  .F.,(2,2),(0.,1.),.PIECEWISE_BEZIER_KNOTS.);
#1840 = CARTESIAN_POINT('',(-7.39103626009,48.735026918963,
    7.688532541079));
#1841 = CARTESIAN_POINT('',(-7.041934961526,68.735026918963,
    7.833135033587));
#1842 = ORIENTED_EDGE('',*,*,#1843,.F.);
#1843 = EDGE_CURVE('',#1844,#1837,#1846,.T.);
#1844 = VERTEX_POINT('',#1845);
#1845 = CARTESIAN_POINT('',(-2.916864966413,68.735026918963,
    3.708065038474));
#1846 = LINE('',#1847,#1848);
#1847 = CARTESIAN_POINT('',(-2.814615563385,68.735026918963,
    3.605815635446));
#1848 = VECTOR('',#1849,1.);
#1849 = DIRECTION('',(-0.707106781187,0.,0.707106781187));
#1850 = ORIENTED_EDGE('',*,*,#1851,.F.);
#1851 = EDGE_CURVE('',#676,#1844,#1852,.T.);
#1852 = B_SPLINE_CURVE_WITH_KNOTS('',1,(#1853,#1854),.UNSPECIFIED.,.F.,
  .F.,(2,2),(0.,1.),.PIECEWISE_BEZIER_KNOTS.);
#1853 = CARTESIAN_POINT('',(-3.061467458921,48.735026918963,
    3.35896373991));
#1854 = CARTESIAN_POINT('',(-2.916864966413,68.735026918963,
    3.708065038474));
#1855 = B_SPLINE_SURFACE_WITH_KNOTS('',1,1,(
    (#1856,#1857)
    ,(#1858,#1859
    )),.UNSPECIFIED.,.F.,.F.,.F.,(2,2),(2,2),(0.,6.122934917841),(0.,1.)
  ,.PIECEWISE_BEZIER_KNOTS.);
#1856 = CARTESIAN_POINT('',(-3.061467458921,48.735026918963,
    3.35896373991));
#1857 = CARTESIAN_POINT('',(-2.916864966413,68.735026918963,
    3.708065038474));
#1858 = CARTESIAN_POINT('',(-7.39103626009,48.735026918963,
    7.688532541079));
#1859 = CARTESIAN_POINT('',(-7.041934961526,68.735026918963,
    7.833135033587));
#1860 = ADVANCED_FACE('',(#1861),#1878,.T.);
#1861 = FACE_BOUND('',#1862,.T.);
#1862 = EDGE_LOOP('',(#1863,#1870,#1871,#1872));
#1863 = ORIENTED_EDGE('',*,*,#1864,.F.);
#1864 = EDGE_CURVE('',#657,#1865,#1867,.T.);
#1865 = VERTEX_POINT('',#1866);
#1866 = CARTESIAN_POINT('',(2.916864966413,68.735026918963,
    3.708065038474));
#1867 = B_SPLINE_CURVE_WITH_KNOTS('',1,(#1868,#1869),.UNSPECIFIED.,.F.,
  .F.,(2,2),(0.,1.),.PIECEWISE_BEZIER_KNOTS.);
#1868 = CARTESIAN_POINT('',(3.061467458921,48.735026918963,3.35896373991
    ));
#1869 = CARTESIAN_POINT('',(2.916864966413,68.735026918963,
    3.708065038474));
#1870 = ORIENTED_EDGE('',*,*,#675,.F.);
#1871 = ORIENTED_EDGE('',*,*,#1851,.T.);
#1872 = ORIENTED_EDGE('',*,*,#1873,.F.);
#1873 = EDGE_CURVE('',#1865,#1844,#1874,.T.);
#1874 = LINE('',#1875,#1876);
#1875 = CARTESIAN_POINT('',(3.061467458921,68.735026918963,
    3.708065038474));
#1876 = VECTOR('',#1877,1.);
#1877 = DIRECTION('',(-1.,0.,0.));
#1878 = B_SPLINE_SURFACE_WITH_KNOTS('',1,1,(
    (#1879,#1880)
    ,(#1881,#1882
    )),.UNSPECIFIED.,.F.,.F.,.F.,(2,2),(2,2),(0.,6.122934917841),(0.,1.)
  ,.PIECEWISE_BEZIER_KNOTS.);
#1879 = CARTESIAN_POINT('',(3.061467458921,48.735026918963,3.35896373991
    ));
#1880 = CARTESIAN_POINT('',(2.916864966413,68.735026918963,
    3.708065038474));
#1881 = CARTESIAN_POINT('',(-3.061467458921,48.735026918963,
    3.35896373991));
#1882 = CARTESIAN_POINT('',(-2.916864966413,68.735026918963,
    3.708065038474));
#1883 = ADVANCED_FACE('',(#1884),#1902,.T.);
#1884 = FACE_BOUND('',#1885,.T.);
#1885 = EDGE_LOOP('',(#1886,#1893,#1894,#1895,#1896));
#1886 = ORIENTED_EDGE('',*,*,#1887,.F.);
#1887 = EDGE_CURVE('',#1795,#1888,#1890,.T.);
#1888 = VERTEX_POINT('',#1889);
#1889 = CARTESIAN_POINT('',(7.041934961527,68.735026918963,
    7.833135033588));
#1890 = B_SPLINE_CURVE_WITH_KNOTS('',1,(#1891,#1892),.UNSPECIFIED.,.F.,
  .F.,(2,2),(0.,1.),.PIECEWISE_BEZIER_KNOTS.);
#1891 = CARTESIAN_POINT('',(7.391036260091,48.735026918963,
    7.688532541081));
#1892 = CARTESIAN_POINT('',(7.041934961527,68.735026918963,
    7.833135033588));
#1893 = ORIENTED_EDGE('',*,*,#1818,.T.);
#1894 = ORIENTED_EDGE('',*,*,#656,.T.);
#1895 = ORIENTED_EDGE('',*,*,#1864,.T.);
#1896 = ORIENTED_EDGE('',*,*,#1897,.F.);
#1897 = EDGE_CURVE('',#1888,#1865,#1898,.T.);
#1898 = LINE('',#1899,#1900);
#1899 = CARTESIAN_POINT('',(7.144184364555,68.735026918963,
    7.935384436617));
#1900 = VECTOR('',#1901,1.);
#1901 = DIRECTION('',(-0.707106781186,0.,-0.707106781187));
#1902 = B_SPLINE_SURFACE_WITH_KNOTS('',1,1,(
    (#1903,#1904)
    ,(#1905,#1906
    )),.UNSPECIFIED.,.F.,.F.,.F.,(2,2),(2,2),(0.,6.122934917843),(0.,1.)
  ,.PIECEWISE_BEZIER_KNOTS.);
#1903 = CARTESIAN_POINT('',(7.391036260091,48.735026918963,
    7.688532541081));
#1904 = CARTESIAN_POINT('',(7.041934961527,68.735026918963,
    7.833135033588));
#1905 = CARTESIAN_POINT('',(3.061467458921,48.735026918963,3.35896373991
    ));
#1906 = CARTESIAN_POINT('',(2.916864966413,68.735026918963,
    3.708065038474));
#1907 = ADVANCED_FACE('',(#1908),#1936,.F.);
#1908 = FACE_BOUND('',#1909,.T.);
#1909 = EDGE_LOOP('',(#1910,#1918,#1919,#1920,#1929));
#1910 = ORIENTED_EDGE('',*,*,#1911,.F.);
#1911 = EDGE_CURVE('',#753,#1912,#1914,.T.);
#1912 = VERTEX_POINT('',#1913);
#1913 = CARTESIAN_POINT('',(-3.2,0.,6.435753661733));
#1914 = LINE('',#1915,#1916);
#1915 = CARTESIAN_POINT('',(-5.5,0.,6.030201606103));
#1916 = VECTOR('',#1917,1.);
#1917 = DIRECTION('',(0.984807753012,0.,0.173648177667));
#1918 = ORIENTED_EDGE('',*,*,#762,.T.);
#1919 = ORIENTED_EDGE('',*,*,#1911,.T.);
#1920 = ORIENTED_EDGE('',*,*,#1921,.T.);
#1921 = EDGE_CURVE('',#1912,#1922,#1924,.T.);
#1922 = VERTEX_POINT('',#1923);
#1923 = CARTESIAN_POINT('',(3.2,0.,6.435753661733));
#1924 = CIRCLE('',#1925,3.2);
#1925 = AXIS2_PLACEMENT_3D('',#1926,#1927,#1928);
#1926 = CARTESIAN_POINT('',(0.,0.,6.435753661733));
#1927 = DIRECTION('',(-0.,0.,1.));
#1928 = DIRECTION('',(0.,-1.,0.));
#1929 = ORIENTED_EDGE('',*,*,#1930,.T.);
#1930 = EDGE_CURVE('',#1922,#1912,#1931,.T.);
#1931 = CIRCLE('',#1932,3.2);
#1932 = AXIS2_PLACEMENT_3D('',#1933,#1934,#1935);
#1933 = CARTESIAN_POINT('',(0.,0.,6.435753661733));
#1934 = DIRECTION('',(-0.,0.,1.));
#1935 = DIRECTION('',(0.,-1.,0.));
#1936 = CONICAL_SURFACE('',#1937,5.5,1.396263401595);
#1937 = AXIS2_PLACEMENT_3D('',#1938,#1939,#1940);
#1938 = CARTESIAN_POINT('',(0.,0.,6.030201606103));
#1939 = DIRECTION('',(-0.,-0.,-1.));
#1940 = DIRECTION('',(-1.,0.,0.));
#1941 = ADVANCED_FACE('',(#1942,#1959),#2089,.T.);
#1942 = FACE_BOUND('',#1943,.T.);
#1943 = EDGE_LOOP('',(#1944,#1945,#1952,#1958));
#1944 = ORIENTED_EDGE('',*,*,#850,.T.);
#1945 = ORIENTED_EDGE('',*,*,#1946,.T.);
#1946 = EDGE_CURVE('',#851,#1947,#1949,.T.);
#1947 = VERTEX_POINT('',#1948);
#1948 = CARTESIAN_POINT('',(-56.00531196086,-40.46600802796,
    13.666864966413));
#1949 = B_SPLINE_CURVE_WITH_KNOTS('',1,(#1950,#1951),.UNSPECIFIED.,.F.,
  .F.,(2,2),(0.,1.),.PIECEWISE_BEZIER_KNOTS.);
#1950 = CARTESIAN_POINT('',(-38.51025323589,-30.76833862101,
    13.811467458921));
#1951 = CARTESIAN_POINT('',(-56.00531196086,-40.46600802796,
    13.666864966413));
#1952 = ORIENTED_EDGE('',*,*,#1953,.F.);
#1953 = EDGE_CURVE('',#1273,#1947,#1954,.T.);
#1954 = LINE('',#1955,#1956);
#1955 = CARTESIAN_POINT('',(-56.00531196086,-40.46600802796,
    7.688532541079));
#1956 = VECTOR('',#1957,1.);
#1957 = DIRECTION('',(1.901527736765E-16,1.96008910818E-16,1.));
#1958 = ORIENTED_EDGE('',*,*,#1272,.F.);
#1959 = FACE_BOUND('',#1960,.T.);
#1960 = EDGE_LOOP('',(#1961,#2006));
#1961 = ORIENTED_EDGE('',*,*,#1962,.F.);
#1962 = EDGE_CURVE('',#1963,#1965,#1967,.T.);
#1963 = VERTEX_POINT('',#1964);
#1964 = CARTESIAN_POINT('',(-46.61984445393,-35.26355843675,
    12.003257147462));
#1965 = VERTEX_POINT('',#1966);
#1966 = CARTESIAN_POINT('',(-48.52617435594,-36.32025435649,
    10.750000000002));
#1967 = B_SPLINE_CURVE_WITH_KNOTS('',7,(#1968,#1969,#1970,#1971,#1972,
    #1973,#1974,#1975,#1976,#1977,#1978,#1979,#1980,#1981,#1982,#1983,
    #1984,#1985,#1986,#1987,#1988,#1989,#1990,#1991,#1992,#1993,#1994,
    #1995,#1996,#1997,#1998,#1999,#2000,#2001,#2002,#2003,#2004,#2005),
  .UNSPECIFIED.,.F.,.F.,(8,6,6,6,6,6,8),(0.,0.13174025439,0.23094820781,
    0.347116887478,0.506165659528,0.635335777119,1.),.UNSPECIFIED.);
#1968 = CARTESIAN_POINT('',(-46.61984445393,-35.26355843675,
    12.003257147462));
#1969 = CARTESIAN_POINT('',(-46.66473884416,-35.28844380361,
    12.033121949481));
#1970 = CARTESIAN_POINT('',(-46.71144133658,-35.31433141789,
    12.060907298334));
#1971 = CARTESIAN_POINT('',(-46.75988002678,-35.3411814223,
    12.086417784357));
#1972 = CARTESIAN_POINT('',(-46.80995083197,-35.36893612283,
    12.109450152095));
#1973 = CARTESIAN_POINT('',(-46.86151188097,-35.397516879,12.12980121495
    ));
#1974 = CARTESIAN_POINT('',(-46.91437677904,-35.4268203705,
    12.147281263908));
#1975 = CARTESIAN_POINT('',(-47.00891910125,-35.47922603545,
    12.172615932592));
#1976 = CARTESIAN_POINT('',(-47.05013857365,-35.5020743621,
    12.181782343888));
#1977 = CARTESIAN_POINT('',(-47.09185935433,-35.52520056846,
    12.189163756359));
#1978 = CARTESIAN_POINT('',(-47.1339666935,-35.54854104769,
    12.194705163841));
#1979 = CARTESIAN_POINT('',(-47.17633734712,-35.57202748451,
    12.198367544264));
#1980 = CARTESIAN_POINT('',(-47.21884002193,-35.59558710187,
    12.200130402041));
#1981 = CARTESIAN_POINT('',(-47.31109675845,-35.64672584598,
    12.199834952492));
#1982 = CARTESIAN_POINT('',(-47.36085856173,-35.67430926396,
    12.197071744419));
#1983 = CARTESIAN_POINT('',(-47.41039543142,-35.70176799921,
    12.191704646858));
#1984 = CARTESIAN_POINT('',(-47.45949761879,-35.72898578611,
    12.18377359565));
#1985 = CARTESIAN_POINT('',(-47.50797215958,-35.75585566283,
    12.173352515331));
#1986 = CARTESIAN_POINT('',(-47.55564360833,-35.78228037837,
    12.160543332598));
#1987 = CARTESIAN_POINT('',(-47.66630792549,-35.84362261105,
    12.1248327864));
#1988 = CARTESIAN_POINT('',(-47.72846853264,-35.87807879823,
    12.099949140281));
#1989 = CARTESIAN_POINT('',(-47.78846226586,-35.91133386759,
    12.071127764847));
#1990 = CARTESIAN_POINT('',(-47.84602392005,-35.94324081352,
    12.038728047021));
#1991 = CARTESIAN_POINT('',(-47.90097485625,-35.97370061484,
    12.003117943531));
#1992 = CARTESIAN_POINT('',(-47.9532047082,-36.00265209454,
    11.964646134053));
#1993 = CARTESIAN_POINT('',(-48.04281990015,-36.05232660658,
    11.890316250092));
#1994 = CARTESIAN_POINT('',(-48.08115112239,-36.07357395002,
    11.855324352393));
#1995 = CARTESIAN_POINT('',(-48.11762563956,-36.09379210504,
    11.818817770058));
#1996 = CARTESIAN_POINT('',(-48.15223366552,-36.11297564708,
    11.780950076764));
#1997 = CARTESIAN_POINT('',(-48.18497778934,-36.1311260113,
    11.741861641956));
#1998 = CARTESIAN_POINT('',(-48.21586975698,-36.14824970857,
    11.701677884881));
#1999 = CARTESIAN_POINT('',(-48.32696038393,-36.20982824863,
    11.544278200605));
#2000 = CARTESIAN_POINT('',(-48.39425099574,-36.24712804383,
    11.420359672421));
#2001 = CARTESIAN_POINT('',(-48.4474407571,-36.27661161,11.291000976423)
  );
#2002 = CARTESIAN_POINT('',(-48.48692005049,-36.29849533967,
    11.157961766709));
#2003 = CARTESIAN_POINT('',(-48.51307433299,-36.31299289519,
    11.022718420228));
#2004 = CARTESIAN_POINT('',(-48.52617435594,-36.32025435649,
    10.886430848605));
#2005 = CARTESIAN_POINT('',(-48.52617435594,-36.32025435649,
    10.750000000002));
#2006 = ORIENTED_EDGE('',*,*,#2007,.F.);
#2007 = EDGE_CURVE('',#1965,#1963,#2008,.T.);
#2008 = B_SPLINE_CURVE_WITH_KNOTS('',7,(#2009,#2010,#2011,#2012,#2013,
    #2014,#2015,#2016,#2017,#2018,#2019,#2020,#2021,#2022,#2023,#2024,
    #2025,#2026,#2027,#2028,#2029,#2030,#2031,#2032,#2033,#2034,#2035,
    #2036,#2037,#2038,#2039,#2040,#2041,#2042,#2043,#2044,#2045,#2046,
    #2047,#2048,#2049,#2050,#2051,#2052,#2053,#2054,#2055,#2056,#2057,
    #2058,#2059,#2060,#2061,#2062,#2063,#2064,#2065,#2066,#2067,#2068,
    #2069,#2070,#2071,#2072,#2073,#2074,#2075,#2076,#2077,#2078,#2079,
    #2080,#2081,#2082,#2083,#2084,#2085,#2086,#2087,#2088),
  .UNSPECIFIED.,.F.,.F.,(8,6,6,6,6,6,6,6,6,6,6,6,6,8),(0.,0.174679860574
    ,0.238225811124,0.288708939541,0.369428624485,0.42212429456,
    0.500256952943,0.562951822894,0.611138161271,0.740576218295,
    0.840661709415,0.879394097889,0.931210143845,1.),.UNSPECIFIED.);
#2009 = CARTESIAN_POINT('',(-48.52617435594,-36.32025435649,
    10.750000000002));
#2010 = CARTESIAN_POINT('',(-48.52617435594,-36.32025435649,
    10.614091686915));
#2011 = CARTESIAN_POINT('',(-48.51317447657,-36.31304840568,
    10.478323702711));
#2012 = CARTESIAN_POINT('',(-48.48721938717,-36.2986612647,
    10.343588897181));
#2013 = CARTESIAN_POINT('',(-48.44804309979,-36.276945494,
    10.211033888666));
#2014 = CARTESIAN_POINT('',(-48.39526616015,-36.24769075865,
    10.082115181745));
#2015 = CARTESIAN_POINT('',(-48.3285023394,-36.2106829685,9.958567570952
    ));
#2016 = CARTESIAN_POINT('',(-48.21751125894,-36.14915960797,
    9.800419365746));
#2017 = CARTESIAN_POINT('',(-48.18598560371,-36.13168465193,
    9.759260314822));
#2018 = CARTESIAN_POINT('',(-48.15252160148,-36.11313525259,
    9.719243421492));
#2019 = CARTESIAN_POINT('',(-48.11710645324,-36.09350431536,
    9.680502727348));
#2020 = CARTESIAN_POINT('',(-48.07973736457,-36.07279029127,
    9.643188660042));
#2021 = CARTESIAN_POINT('',(-48.04042515232,-36.05099917618,
    9.607466073373));
#2022 = CARTESIAN_POINT('',(-47.96644543964,-36.00999155182,
    9.546538210758));
#2023 = CARTESIAN_POINT('',(-47.93248608376,-35.99116757348,
    9.520681932593));
#2024 = CARTESIAN_POINT('',(-47.89733591456,-35.97168351653,
    9.496033196765));
#2025 = CARTESIAN_POINT('',(-47.86102106774,-35.95155386823,
    9.472689041734));
#2026 = CARTESIAN_POINT('',(-47.82358001942,-35.93079995625,
    9.45075085259));
#2027 = CARTESIAN_POINT('',(-47.78506592178,-35.90945124333,
    9.430321413102));
#2028 = CARTESIAN_POINT('',(-47.68236350384,-35.85252236345,
    9.381410706438));
#2029 = CARTESIAN_POINT('',(-47.61657880829,-35.81605731126,
    9.35541843306));
#2030 = CARTESIAN_POINT('',(-47.54853285869,-35.77833882549,
    9.333973109099));
#2031 = CARTESIAN_POINT('',(-47.47865052577,-35.73960241581,
    9.317466517235));
#2032 = CARTESIAN_POINT('',(-47.4074488298,-35.70013467126,
    9.306210952315));
#2033 = CARTESIAN_POINT('',(-47.33554007895,-35.66027499978,
    9.300394575776));
#2034 = CARTESIAN_POINT('',(-47.21669017164,-35.59439542039,
    9.299767904232));
#2035 = CARTESIAN_POINT('',(-47.16973191827,-35.56836603551,
    9.301837577809));
#2036 = CARTESIAN_POINT('',(-47.12294660999,-35.54243251566,
    9.306226123679));
#2037 = CARTESIAN_POINT('',(-47.07651071393,-35.51669267816,
    9.312903630083));
#2038 = CARTESIAN_POINT('',(-47.03058801621,-35.49123731115,
    9.321812969509));
#2039 = CARTESIAN_POINT('',(-46.98532898325,-35.46614981951,
    9.332874174093));
#2040 = CARTESIAN_POINT('',(-46.8749503062,-35.40496591974,
    9.365434079407));
#2041 = CARTESIAN_POINT('',(-46.81078405038,-35.36939798334,
    9.389395297762));
#2042 = CARTESIAN_POINT('',(-46.74878891645,-35.33503351946,
    9.417559191836));
#2043 = CARTESIAN_POINT('',(-46.68926363874,-35.30203811923,
    9.449550412939));
#2044 = CARTESIAN_POINT('',(-46.63241219784,-35.27052485096,
    9.484979699846));
#2045 = CARTESIAN_POINT('',(-46.57836341775,-35.24056512293,
    9.523475671185));
#2046 = CARTESIAN_POINT('',(-46.4861205953,-35.18943409151,
    9.597779495288));
#2047 = CARTESIAN_POINT('',(-46.44690303477,-35.16769544274,
    9.632616498529));
#2048 = CARTESIAN_POINT('',(-46.40956371488,-35.14699791974,
    9.669041209397));
#2049 = CARTESIAN_POINT('',(-46.37411637299,-35.12734913729,
    9.70689486554));
#2050 = CARTESIAN_POINT('',(-46.34056152288,-35.10874938015,
    9.746031931601));
#2051 = CARTESIAN_POINT('',(-46.30888980269,-35.09119345897,
    9.786322039921));
#2052 = CARTESIAN_POINT('',(-46.25617804615,-35.0619748552,
    9.859417466899));
#2053 = CARTESIAN_POINT('',(-46.2343748975,-35.04988917256,
    9.891795839845));
#2054 = CARTESIAN_POINT('',(-46.21366865515,-35.038411515,9.924734798127
    ));
#2055 = CARTESIAN_POINT('',(-46.19405156655,-35.02753758523,
    9.958185713492));
#2056 = CARTESIAN_POINT('',(-46.17551534849,-35.01726279178,
    9.992103581382));
#2057 = CARTESIAN_POINT('',(-46.15805118711,-35.00758224905,
    10.026447020925));
#2058 = CARTESIAN_POINT('',(-46.09759219396,-34.9740692819,
    10.154473308124));
#2059 = CARTESIAN_POINT('',(-46.06121866665,-34.95390710649,
    10.250534842339));
#2060 = CARTESIAN_POINT('',(-46.03232695367,-34.93789216847,
    10.348670274537));
#2061 = CARTESIAN_POINT('',(-46.01077992279,-34.92594845422,
    10.44827457198));
#2062 = CARTESIAN_POINT('',(-45.99647386415,-34.91801847642,
    10.548810528908));
#2063 = CARTESIAN_POINT('',(-45.98934169808,-34.91406505221,
    10.649797652622));
#2064 = CARTESIAN_POINT('',(-45.98942919015,-34.91411354986,
    10.828915287985));
#2065 = CARTESIAN_POINT('',(-45.99376101951,-34.91651472208,
    10.907012135805));
#2066 = CARTESIAN_POINT('',(-46.00238519156,-34.92129517871,
    10.98489346875));
#2067 = CARTESIAN_POINT('',(-46.0153238085,-34.92846717119,
    11.06233841799));
#2068 = CARTESIAN_POINT('',(-46.03261468144,-34.93805165857,
    11.139110478764));
#2069 = CARTESIAN_POINT('',(-46.05431088068,-34.9500780582,
    11.214954631101));
#2070 = CARTESIAN_POINT('',(-46.09061775909,-34.97020328953,
    11.318477670839));
#2071 = CARTESIAN_POINT('',(-46.101418527,-34.97619025294,
    11.347180455327));
#2072 = CARTESIAN_POINT('',(-46.11289397297,-34.98255119651,
    11.375684794859));
#2073 = CARTESIAN_POINT('',(-46.12504834943,-34.9892884774,
    11.403972944938));
#2074 = CARTESIAN_POINT('',(-46.13788605668,-34.99640453473,
    11.432026077231));
#2075 = CARTESIAN_POINT('',(-46.15141164278,-35.00390188953,
    11.459824279567));
#2076 = CARTESIAN_POINT('',(-46.18465080668,-35.02232665894,
    11.524165755417));
#2077 = CARTESIAN_POINT('',(-46.20491087931,-35.03355700058,
    11.560490353632));
#2078 = CARTESIAN_POINT('',(-46.22642140908,-35.04548048194,
    11.596270610126));
#2079 = CARTESIAN_POINT('',(-46.24919322714,-35.0581031068,
    11.63145133302));
#2080 = CARTESIAN_POINT('',(-46.27323608,-35.07143027777,11.665971954564
    ));
#2081 = CARTESIAN_POINT('',(-46.29855810139,-35.08546650343,
    11.699766606701));
#2082 = CARTESIAN_POINT('',(-46.36048840132,-35.11979502924,
    11.776571079644));
#2083 = CARTESIAN_POINT('',(-46.3980739932,-35.14062906302,
    11.818969743441));
#2084 = CARTESIAN_POINT('',(-46.43793703701,-35.16272550902,
    11.859796804594));
#2085 = CARTESIAN_POINT('',(-46.48007895943,-35.18608515807,
    11.898861074094));
#2086 = CARTESIAN_POINT('',(-46.52448075309,-35.21069747419,
    11.935948747281));
#2087 = CARTESIAN_POINT('',(-46.57109609315,-35.23653677913,
    11.970828593783));
#2088 = CARTESIAN_POINT('',(-46.61984445393,-35.26355843675,
    12.003257147462));
#2089 = B_SPLINE_SURFACE_WITH_KNOTS('',1,1,(
    (#2090,#2091)
    ,(#2092,#2093
    )),.UNSPECIFIED.,.F.,.F.,.F.,(2,2),(2,2),(0.,6.122934917841),(0.,1.)
  ,.PIECEWISE_BEZIER_KNOTS.);
#2090 = CARTESIAN_POINT('',(-38.51025323589,-30.76833862101,
    7.688532541079));
#2091 = CARTESIAN_POINT('',(-56.00531196086,-40.46600802796,
    7.833135033587));
#2092 = CARTESIAN_POINT('',(-38.51025323589,-30.76833862101,
    13.811467458921));
#2093 = CARTESIAN_POINT('',(-56.00531196086,-40.46600802796,
    13.666864966413));
#2094 = ADVANCED_FACE('',(#2095),#2113,.T.);
#2095 = FACE_BOUND('',#2096,.T.);
#2096 = EDGE_LOOP('',(#2097,#2098,#2099,#2100,#2107));
#2097 = ORIENTED_EDGE('',*,*,#1946,.F.);
#2098 = ORIENTED_EDGE('',*,*,#874,.T.);
#2099 = ORIENTED_EDGE('',*,*,#891,.T.);
#2100 = ORIENTED_EDGE('',*,*,#2101,.T.);
#2101 = EDGE_CURVE('',#892,#2102,#2104,.T.);
#2102 = VERTEX_POINT('',#2103);
#2103 = CARTESIAN_POINT('',(-58.06784695842,-36.8935926198,
    17.791934961526));
#2104 = B_SPLINE_CURVE_WITH_KNOTS('',1,(#2105,#2106),.UNSPECIFIED.,.F.,
  .F.,(2,2),(0.,1.),.PIECEWISE_BEZIER_KNOTS.);
#2105 = CARTESIAN_POINT('',(-40.67503763648,-27.01882205176,
    18.14103626009));
#2106 = CARTESIAN_POINT('',(-58.06784695842,-36.8935926198,
    17.791934961526));
#2107 = ORIENTED_EDGE('',*,*,#2108,.F.);
#2108 = EDGE_CURVE('',#1947,#2102,#2109,.T.);
#2109 = LINE('',#2110,#2111);
#2110 = CARTESIAN_POINT('',(-55.95418725935,-40.5545586085,
    13.564615563385));
#2111 = VECTOR('',#2112,1.);
#2112 = DIRECTION('',(-0.353553390593,0.612372435696,0.707106781187));
#2113 = B_SPLINE_SURFACE_WITH_KNOTS('',1,1,(
    (#2114,#2115)
    ,(#2116,#2117
    )),.UNSPECIFIED.,.F.,.F.,.F.,(2,2),(2,2),(0.,6.122934917841),(0.,1.)
  ,.PIECEWISE_BEZIER_KNOTS.);
#2114 = CARTESIAN_POINT('',(-38.51025323589,-30.76833862101,
    13.811467458921));
#2115 = CARTESIAN_POINT('',(-56.00531196086,-40.46600802796,
    13.666864966413));
#2116 = CARTESIAN_POINT('',(-40.67503763648,-27.01882205176,
    18.14103626009));
#2117 = CARTESIAN_POINT('',(-58.06784695842,-36.8935926198,
    17.791934961526));
#2118 = ADVANCED_FACE('',(#2119),#2143,.T.);
#2119 = FACE_BOUND('',#2120,.T.);
#2120 = EDGE_LOOP('',(#2121,#2122,#2123,#2130,#2138));
#2121 = ORIENTED_EDGE('',*,*,#937,.F.);
#2122 = ORIENTED_EDGE('',*,*,#1635,.T.);
#2123 = ORIENTED_EDGE('',*,*,#2124,.T.);
#2124 = EDGE_CURVE('',#1636,#2125,#2127,.T.);
#2125 = VERTEX_POINT('',#2126);
#2126 = CARTESIAN_POINT('',(-63.04724692239,-28.269018891,
    13.666864966415));
#2127 = B_SPLINE_CURVE_WITH_KNOTS('',1,(#2128,#2129),.UNSPECIFIED.,.F.,
  .F.,(2,2),(0.,1.),.PIECEWISE_BEZIER_KNOTS.);
#2128 = CARTESIAN_POINT('',(-45.90128949598,-17.96668829795,
    13.811467458922));
#2129 = CARTESIAN_POINT('',(-63.04724692239,-28.269018891,
    13.666864966415));
#2130 = ORIENTED_EDGE('',*,*,#2131,.F.);
#2131 = EDGE_CURVE('',#2132,#2125,#2134,.T.);
#2132 = VERTEX_POINT('',#2133);
#2133 = CARTESIAN_POINT('',(-60.98471192483,-31.84143429915,
    17.791934961526));
#2134 = LINE('',#2135,#2136);
#2135 = CARTESIAN_POINT('',(-60.93358722332,-31.9299848797,
    17.894184364554));
#2136 = VECTOR('',#2137,1.);
#2137 = DIRECTION('',(-0.353553390593,0.612372435696,-0.707106781186));
#2138 = ORIENTED_EDGE('',*,*,#2139,.F.);
#2139 = EDGE_CURVE('',#911,#2132,#2140,.T.);
#2140 = B_SPLINE_CURVE_WITH_KNOTS('',1,(#2141,#2142),.UNSPECIFIED.,.F.,
  .F.,(2,2),(0.,1.),.PIECEWISE_BEZIER_KNOTS.);
#2141 = CARTESIAN_POINT('',(-43.7365050954,-21.71620486719,
    18.14103626009));
#2142 = CARTESIAN_POINT('',(-60.98471192483,-31.84143429915,
    17.791934961526));
#2143 = B_SPLINE_SURFACE_WITH_KNOTS('',1,1,(
    (#2144,#2145)
    ,(#2146,#2147
    )),.UNSPECIFIED.,.F.,.F.,.F.,(2,2),(2,2),(0.,6.12293491784),(0.,1.),
  .PIECEWISE_BEZIER_KNOTS.);
#2144 = CARTESIAN_POINT('',(-43.7365050954,-21.71620486719,
    18.14103626009));
#2145 = CARTESIAN_POINT('',(-60.98471192483,-31.84143429915,
    17.791934961526));
#2146 = CARTESIAN_POINT('',(-45.90128949598,-17.96668829795,
    13.811467458922));
#2147 = CARTESIAN_POINT('',(-63.04724692239,-28.269018891,
    13.666864966415));
#2148 = ADVANCED_FACE('',(#2149),#2160,.T.);
#2149 = FACE_BOUND('',#2150,.T.);
#2150 = EDGE_LOOP('',(#2151,#2152,#2153,#2154));
#2151 = ORIENTED_EDGE('',*,*,#2101,.F.);
#2152 = ORIENTED_EDGE('',*,*,#910,.F.);
#2153 = ORIENTED_EDGE('',*,*,#2139,.T.);
#2154 = ORIENTED_EDGE('',*,*,#2155,.F.);
#2155 = EDGE_CURVE('',#2102,#2132,#2156,.T.);
#2156 = LINE('',#2157,#2158);
#2157 = CARTESIAN_POINT('',(-57.99554571216,-37.01882205176,
    17.791934961526));
#2158 = VECTOR('',#2159,1.);
#2159 = DIRECTION('',(-0.5,0.866025403784,-7.467230929823E-17));
#2160 = B_SPLINE_SURFACE_WITH_KNOTS('',1,1,(
    (#2161,#2162)
    ,(#2163,#2164
    )),.UNSPECIFIED.,.F.,.F.,.F.,(2,2),(2,2),(0.,6.122934917841),(0.,1.)
  ,.PIECEWISE_BEZIER_KNOTS.);
#2161 = CARTESIAN_POINT('',(-40.67503763648,-27.01882205176,
    18.14103626009));
#2162 = CARTESIAN_POINT('',(-58.06784695842,-36.8935926198,
    17.791934961526));
#2163 = CARTESIAN_POINT('',(-43.7365050954,-21.71620486719,
    18.14103626009));
#2164 = CARTESIAN_POINT('',(-60.98471192483,-31.84143429915,
    17.791934961526));
#2165 = ADVANCED_FACE('',(#2166),#2178,.F.);
#2166 = FACE_BOUND('',#2167,.F.);
#2167 = EDGE_LOOP('',(#2168,#2174,#2175,#2176,#2177));
#2168 = ORIENTED_EDGE('',*,*,#2169,.F.);
#2169 = EDGE_CURVE('',#1063,#1922,#2170,.T.);
#2170 = LINE('',#2171,#2172);
#2171 = CARTESIAN_POINT('',(3.2,0.,15.));
#2172 = VECTOR('',#2173,1.);
#2173 = DIRECTION('',(-0.,-0.,-1.));
#2174 = ORIENTED_EDGE('',*,*,#1062,.F.);
#2175 = ORIENTED_EDGE('',*,*,#2169,.T.);
#2176 = ORIENTED_EDGE('',*,*,#1930,.T.);
#2177 = ORIENTED_EDGE('',*,*,#1921,.T.);
#2178 = CYLINDRICAL_SURFACE('',#2179,3.2);
#2179 = AXIS2_PLACEMENT_3D('',#2180,#2181,#2182);
#2180 = CARTESIAN_POINT('',(0.,0.,15.));
#2181 = DIRECTION('',(0.,0.,1.));
#2182 = DIRECTION('',(1.,0.,0.));
#2183 = ADVANCED_FACE('',(#2184),#2208,.T.);
#2184 = FACE_BOUND('',#2185,.T.);
#2185 = EDGE_LOOP('',(#2186,#2193,#2194,#2195,#2202));
#2186 = ORIENTED_EDGE('',*,*,#2187,.F.);
#2187 = EDGE_CURVE('',#1708,#2188,#2190,.T.);
#2188 = VERTEX_POINT('',#2189);
#2189 = CARTESIAN_POINT('',(63.047246922392,-28.269018891,
    13.666864966413));
#2190 = B_SPLINE_CURVE_WITH_KNOTS('',1,(#2191,#2192),.UNSPECIFIED.,.F.,
  .F.,(2,2),(0.,1.),.PIECEWISE_BEZIER_KNOTS.);
#2191 = CARTESIAN_POINT('',(45.901289495985,-17.96668829795,
    13.811467458921));
#2192 = CARTESIAN_POINT('',(63.047246922392,-28.269018891,
    13.666864966413));
#2193 = ORIENTED_EDGE('',*,*,#1731,.T.);
#2194 = ORIENTED_EDGE('',*,*,#1180,.T.);
#2195 = ORIENTED_EDGE('',*,*,#2196,.T.);
#2196 = EDGE_CURVE('',#1154,#2197,#2199,.T.);
#2197 = VERTEX_POINT('',#2198);
#2198 = CARTESIAN_POINT('',(60.984711924835,-31.84143429915,
    17.791934961526));
#2199 = B_SPLINE_CURVE_WITH_KNOTS('',1,(#2200,#2201),.UNSPECIFIED.,.F.,
  .F.,(2,2),(0.,1.),.PIECEWISE_BEZIER_KNOTS.);
#2200 = CARTESIAN_POINT('',(43.7365050954,-21.71620486719,18.14103626009
    ));
#2201 = CARTESIAN_POINT('',(60.984711924835,-31.84143429915,
    17.791934961526));
#2202 = ORIENTED_EDGE('',*,*,#2203,.F.);
#2203 = EDGE_CURVE('',#2188,#2197,#2204,.T.);
#2204 = LINE('',#2205,#2206);
#2205 = CARTESIAN_POINT('',(63.098371623906,-28.18046831045,
    13.564615563385));
#2206 = VECTOR('',#2207,1.);
#2207 = DIRECTION('',(-0.353553390593,-0.612372435696,0.707106781187));
#2208 = B_SPLINE_SURFACE_WITH_KNOTS('',1,1,(
    (#2209,#2210)
    ,(#2211,#2212
    )),.UNSPECIFIED.,.F.,.F.,.F.,(2,2),(2,2),(0.,6.122934917841),(0.,1.)
  ,.PIECEWISE_BEZIER_KNOTS.);
#2209 = CARTESIAN_POINT('',(45.901289495985,-17.96668829795,
    13.811467458921));
#2210 = CARTESIAN_POINT('',(63.047246922392,-28.269018891,
    13.666864966413));
#2211 = CARTESIAN_POINT('',(43.7365050954,-21.71620486719,18.14103626009
    ));
#2212 = CARTESIAN_POINT('',(60.984711924835,-31.84143429915,
    17.791934961526));
#2213 = ADVANCED_FACE('',(#2214),#2231,.T.);
#2214 = FACE_BOUND('',#2215,.T.);
#2215 = EDGE_LOOP('',(#2216,#2217,#2218,#2225));
#2216 = ORIENTED_EDGE('',*,*,#2196,.F.);
#2217 = ORIENTED_EDGE('',*,*,#1153,.F.);
#2218 = ORIENTED_EDGE('',*,*,#2219,.T.);
#2219 = EDGE_CURVE('',#1135,#2220,#2222,.T.);
#2220 = VERTEX_POINT('',#2221);
#2221 = CARTESIAN_POINT('',(58.067846958422,-36.8935926198,
    17.791934961526));
#2222 = B_SPLINE_CURVE_WITH_KNOTS('',1,(#2223,#2224),.UNSPECIFIED.,.F.,
  .F.,(2,2),(0.,1.),.PIECEWISE_BEZIER_KNOTS.);
#2223 = CARTESIAN_POINT('',(40.67503763648,-27.01882205176,
    18.14103626009));
#2224 = CARTESIAN_POINT('',(58.067846958422,-36.8935926198,
    17.791934961526));
#2225 = ORIENTED_EDGE('',*,*,#2226,.F.);
#2226 = EDGE_CURVE('',#2197,#2220,#2227,.T.);
#2227 = LINE('',#2228,#2229);
#2228 = CARTESIAN_POINT('',(61.057013171089,-31.71620486719,
    17.791934961526));
#2229 = VECTOR('',#2230,1.);
#2230 = DIRECTION('',(-0.5,-0.866025403784,1.176239593401E-16));
#2231 = B_SPLINE_SURFACE_WITH_KNOTS('',1,1,(
    (#2232,#2233)
    ,(#2234,#2235
    )),.UNSPECIFIED.,.F.,.F.,.F.,(2,2),(2,2),(0.,6.122934917841),(0.,1.)
  ,.PIECEWISE_BEZIER_KNOTS.);
#2232 = CARTESIAN_POINT('',(43.7365050954,-21.71620486719,18.14103626009
    ));
#2233 = CARTESIAN_POINT('',(60.984711924835,-31.84143429915,
    17.791934961526));
#2234 = CARTESIAN_POINT('',(40.67503763648,-27.01882205176,
    18.14103626009));
#2235 = CARTESIAN_POINT('',(58.067846958422,-36.8935926198,
    17.791934961526));
#2236 = ADVANCED_FACE('',(#2237),#2255,.T.);
#2237 = FACE_BOUND('',#2238,.T.);
#2238 = EDGE_LOOP('',(#2239,#2240,#2241,#2248,#2254));
#2239 = ORIENTED_EDGE('',*,*,#1134,.F.);
#2240 = ORIENTED_EDGE('',*,*,#1207,.T.);
#2241 = ORIENTED_EDGE('',*,*,#2242,.T.);
#2242 = EDGE_CURVE('',#1208,#2243,#2245,.T.);
#2243 = VERTEX_POINT('',#2244);
#2244 = CARTESIAN_POINT('',(56.005311960866,-40.46600802796,
    13.666864966415));
#2245 = B_SPLINE_CURVE_WITH_KNOTS('',1,(#2246,#2247),.UNSPECIFIED.,.F.,
  .F.,(2,2),(0.,1.),.PIECEWISE_BEZIER_KNOTS.);
#2246 = CARTESIAN_POINT('',(38.510253235895,-30.76833862101,
    13.811467458922));
#2247 = CARTESIAN_POINT('',(56.005311960866,-40.46600802796,
    13.666864966415));
#2248 = ORIENTED_EDGE('',*,*,#2249,.F.);
#2249 = EDGE_CURVE('',#2220,#2243,#2250,.T.);
#2250 = LINE('',#2251,#2252);
#2251 = CARTESIAN_POINT('',(58.118971659936,-36.80504203926,
    17.894184364554));
#2252 = VECTOR('',#2253,1.);
#2253 = DIRECTION('',(-0.353553390593,-0.612372435696,-0.707106781186));
#2254 = ORIENTED_EDGE('',*,*,#2219,.F.);
#2255 = B_SPLINE_SURFACE_WITH_KNOTS('',1,1,(
    (#2256,#2257)
    ,(#2258,#2259
    )),.UNSPECIFIED.,.F.,.F.,.F.,(2,2),(2,2),(0.,6.12293491784),(0.,1.),
  .PIECEWISE_BEZIER_KNOTS.);
#2256 = CARTESIAN_POINT('',(40.67503763648,-27.01882205176,
    18.14103626009));
#2257 = CARTESIAN_POINT('',(58.067846958422,-36.8935926198,
    17.791934961526));
#2258 = CARTESIAN_POINT('',(38.510253235895,-30.76833862101,
    13.811467458922));
#2259 = CARTESIAN_POINT('',(56.005311960866,-40.46600802796,
    13.666864966415));
#2260 = ADVANCED_FACE('',(#2261,#2272),#2402,.T.);
#2261 = FACE_BOUND('',#2262,.T.);
#2262 = EDGE_LOOP('',(#2263,#2264,#2265,#2271));
#2263 = ORIENTED_EDGE('',*,*,#1230,.T.);
#2264 = ORIENTED_EDGE('',*,*,#1354,.T.);
#2265 = ORIENTED_EDGE('',*,*,#2266,.F.);
#2266 = EDGE_CURVE('',#2243,#1355,#2267,.T.);
#2267 = LINE('',#2268,#2269);
#2268 = CARTESIAN_POINT('',(56.005311960866,-40.46600802796,
    13.811467458922));
#2269 = VECTOR('',#2270,1.);
#2270 = DIRECTION('',(-1.062525695079E-13,-1.841756194611E-13,-1.));
#2271 = ORIENTED_EDGE('',*,*,#2242,.F.);
#2272 = FACE_BOUND('',#2273,.T.);
#2273 = EDGE_LOOP('',(#2274,#2361));
#2274 = ORIENTED_EDGE('',*,*,#2275,.T.);
#2275 = EDGE_CURVE('',#2276,#2278,#2280,.T.);
#2276 = VERTEX_POINT('',#2277);
#2277 = CARTESIAN_POINT('',(48.526174355941,-36.32025435649,
    10.750000000002));
#2278 = VERTEX_POINT('',#2279);
#2279 = CARTESIAN_POINT('',(46.619844453937,-35.26355843675,
    12.003257147462));
#2280 = B_SPLINE_CURVE_WITH_KNOTS('',7,(#2281,#2282,#2283,#2284,#2285,
    #2286,#2287,#2288,#2289,#2290,#2291,#2292,#2293,#2294,#2295,#2296,
    #2297,#2298,#2299,#2300,#2301,#2302,#2303,#2304,#2305,#2306,#2307,
    #2308,#2309,#2310,#2311,#2312,#2313,#2314,#2315,#2316,#2317,#2318,
    #2319,#2320,#2321,#2322,#2323,#2324,#2325,#2326,#2327,#2328,#2329,
    #2330,#2331,#2332,#2333,#2334,#2335,#2336,#2337,#2338,#2339,#2340,
    #2341,#2342,#2343,#2344,#2345,#2346,#2347,#2348,#2349,#2350,#2351,
    #2352,#2353,#2354,#2355,#2356,#2357,#2358,#2359,#2360),
  .UNSPECIFIED.,.F.,.F.,(8,6,6,6,6,6,6,6,6,6,6,6,6,8),(0.,0.174679860574
    ,0.238225811124,0.288708939541,0.369428624485,0.42212429456,
    0.500256952943,0.562951822894,0.611138161271,0.740576218295,
    0.840661709415,0.879394097889,0.931210143845,1.),.UNSPECIFIED.);
#2281 = CARTESIAN_POINT('',(48.526174355941,-36.32025435649,
    10.750000000002));
#2282 = CARTESIAN_POINT('',(48.526174355941,-36.32025435649,
    10.614091686915));
#2283 = CARTESIAN_POINT('',(48.51317447657,-36.31304840568,
    10.478323702711));
#2284 = CARTESIAN_POINT('',(48.487219387177,-36.2986612647,
    10.343588897181));
#2285 = CARTESIAN_POINT('',(48.448043099791,-36.276945494,
    10.211033888666));
#2286 = CARTESIAN_POINT('',(48.395266160152,-36.24769075865,
    10.082115181745));
#2287 = CARTESIAN_POINT('',(48.3285023394,-36.2106829685,9.958567570952)
  );
#2288 = CARTESIAN_POINT('',(48.217511258948,-36.14915960797,
    9.800419365746));
#2289 = CARTESIAN_POINT('',(48.185985603716,-36.13168465193,
    9.759260314822));
#2290 = CARTESIAN_POINT('',(48.152521601489,-36.11313525259,
    9.719243421492));
#2291 = CARTESIAN_POINT('',(48.117106453249,-36.09350431536,
    9.680502727348));
#2292 = CARTESIAN_POINT('',(48.079737364574,-36.07279029127,
    9.643188660042));
#2293 = CARTESIAN_POINT('',(48.040425152322,-36.05099917618,
    9.607466073373));
#2294 = CARTESIAN_POINT('',(47.966445439643,-36.00999155182,
    9.546538210758));
#2295 = CARTESIAN_POINT('',(47.932486083764,-35.99116757348,
    9.520681932593));
#2296 = CARTESIAN_POINT('',(47.897335914564,-35.97168351653,
    9.496033196765));
#2297 = CARTESIAN_POINT('',(47.861021067741,-35.95155386823,
    9.472689041734));
#2298 = CARTESIAN_POINT('',(47.82358001942,-35.93079995625,9.45075085259
    ));
#2299 = CARTESIAN_POINT('',(47.785065921787,-35.90945124333,
    9.430321413102));
#2300 = CARTESIAN_POINT('',(47.68236350384,-35.85252236345,
    9.381410706438));
#2301 = CARTESIAN_POINT('',(47.616578808294,-35.81605731126,
    9.35541843306));
#2302 = CARTESIAN_POINT('',(47.548532858699,-35.77833882549,
    9.333973109099));
#2303 = CARTESIAN_POINT('',(47.478650525778,-35.73960241581,
    9.317466517235));
#2304 = CARTESIAN_POINT('',(47.407448829806,-35.70013467126,
    9.306210952315));
#2305 = CARTESIAN_POINT('',(47.335540078958,-35.66027499978,
    9.300394575776));
#2306 = CARTESIAN_POINT('',(47.21669017164,-35.59439542039,
    9.299767904232));
#2307 = CARTESIAN_POINT('',(47.169731918275,-35.56836603551,
    9.301837577809));
#2308 = CARTESIAN_POINT('',(47.122946609993,-35.54243251566,
    9.306226123679));
#2309 = CARTESIAN_POINT('',(47.076510713939,-35.51669267816,
    9.312903630083));
#2310 = CARTESIAN_POINT('',(47.030588016215,-35.49123731115,
    9.321812969509));
#2311 = CARTESIAN_POINT('',(46.985328983251,-35.46614981951,
    9.332874174093));
#2312 = CARTESIAN_POINT('',(46.8749503062,-35.40496591974,9.365434079407
    ));
#2313 = CARTESIAN_POINT('',(46.810784050389,-35.36939798334,
    9.389395297762));
#2314 = CARTESIAN_POINT('',(46.748788916454,-35.33503351946,
    9.417559191836));
#2315 = CARTESIAN_POINT('',(46.689263638741,-35.30203811923,
    9.449550412939));
#2316 = CARTESIAN_POINT('',(46.632412197848,-35.27052485096,
    9.484979699846));
#2317 = CARTESIAN_POINT('',(46.578363417754,-35.24056512293,
    9.523475671185));
#2318 = CARTESIAN_POINT('',(46.486120595301,-35.18943409151,
    9.597779495288));
#2319 = CARTESIAN_POINT('',(46.446903034774,-35.16769544274,
    9.632616498529));
#2320 = CARTESIAN_POINT('',(46.40956371488,-35.14699791974,
    9.669041209397));
#2321 = CARTESIAN_POINT('',(46.374116372998,-35.12734913729,
    9.70689486554));
#2322 = CARTESIAN_POINT('',(46.340561522884,-35.10874938015,
    9.746031931601));
#2323 = CARTESIAN_POINT('',(46.308889802693,-35.09119345897,
    9.786322039921));
#2324 = CARTESIAN_POINT('',(46.25617804615,-35.0619748552,9.859417466899
    ));
#2325 = CARTESIAN_POINT('',(46.234374897501,-35.04988917256,
    9.891795839845));
#2326 = CARTESIAN_POINT('',(46.213668655154,-35.038411515,9.924734798127
    ));
#2327 = CARTESIAN_POINT('',(46.194051566555,-35.02753758523,
    9.958185713492));
#2328 = CARTESIAN_POINT('',(46.175515348494,-35.01726279178,
    9.992103581382));
#2329 = CARTESIAN_POINT('',(46.15805118711,-35.00758224905,
    10.026447020925));
#2330 = CARTESIAN_POINT('',(46.097592193961,-34.9740692819,
    10.154473308124));
#2331 = CARTESIAN_POINT('',(46.061218666657,-34.95390710649,
    10.250534842339));
#2332 = CARTESIAN_POINT('',(46.032326953674,-34.93789216847,
    10.348670274537));
#2333 = CARTESIAN_POINT('',(46.010779922797,-34.92594845422,
    10.44827457198));
#2334 = CARTESIAN_POINT('',(45.996473864155,-34.91801847642,
    10.548810528908));
#2335 = CARTESIAN_POINT('',(45.989341698081,-34.91406505221,
    10.649797652622));
#2336 = CARTESIAN_POINT('',(45.989429190152,-34.91411354986,
    10.828915287985));
#2337 = CARTESIAN_POINT('',(45.993761019511,-34.91651472208,
    10.907012135805));
#2338 = CARTESIAN_POINT('',(46.002385191564,-34.92129517871,
    10.98489346875));
#2339 = CARTESIAN_POINT('',(46.015323808502,-34.92846717119,
    11.06233841799));
#2340 = CARTESIAN_POINT('',(46.032614681441,-34.93805165857,
    11.139110478764));
#2341 = CARTESIAN_POINT('',(46.054310880689,-34.9500780582,
    11.214954631101));
#2342 = CARTESIAN_POINT('',(46.090617759092,-34.97020328953,
    11.318477670839));
#2343 = CARTESIAN_POINT('',(46.101418527004,-34.97619025294,
    11.347180455327));
#2344 = CARTESIAN_POINT('',(46.11289397297,-34.98255119651,
    11.375684794859));
#2345 = CARTESIAN_POINT('',(46.125048349439,-34.9892884774,
    11.403972944938));
#2346 = CARTESIAN_POINT('',(46.137886056681,-34.99640453473,
    11.432026077231));
#2347 = CARTESIAN_POINT('',(46.151411642789,-35.00390188953,
    11.459824279567));
#2348 = CARTESIAN_POINT('',(46.184650806685,-35.02232665894,
    11.524165755417));
#2349 = CARTESIAN_POINT('',(46.204910879313,-35.03355700058,
    11.560490353632));
#2350 = CARTESIAN_POINT('',(46.226421409089,-35.04548048194,
    11.596270610126));
#2351 = CARTESIAN_POINT('',(46.249193227142,-35.05810310681,
    11.631451333019));
#2352 = CARTESIAN_POINT('',(46.273236080003,-35.07143027777,
    11.665971954564));
#2353 = CARTESIAN_POINT('',(46.298558101398,-35.08546650343,
    11.699766606701));
#2354 = CARTESIAN_POINT('',(46.360488401325,-35.11979502924,
    11.776571079644));
#2355 = CARTESIAN_POINT('',(46.398073993204,-35.14062906302,
    11.818969743441));
#2356 = CARTESIAN_POINT('',(46.437937037015,-35.16272550902,
    11.859796804594));
#2357 = CARTESIAN_POINT('',(46.480078959434,-35.18608515807,
    11.898861074094));
#2358 = CARTESIAN_POINT('',(46.524480753091,-35.21069747419,
    11.935948747281));
#2359 = CARTESIAN_POINT('',(46.571096093158,-35.23653677913,
    11.970828593783));
#2360 = CARTESIAN_POINT('',(46.619844453937,-35.26355843675,
    12.003257147462));
#2361 = ORIENTED_EDGE('',*,*,#2362,.T.);
#2362 = EDGE_CURVE('',#2278,#2276,#2363,.T.);
#2363 = B_SPLINE_CURVE_WITH_KNOTS('',7,(#2364,#2365,#2366,#2367,#2368,
    #2369,#2370,#2371,#2372,#2373,#2374,#2375,#2376,#2377,#2378,#2379,
    #2380,#2381,#2382,#2383,#2384,#2385,#2386,#2387,#2388,#2389,#2390,
    #2391,#2392,#2393,#2394,#2395,#2396,#2397,#2398,#2399,#2400,#2401),
  .UNSPECIFIED.,.F.,.F.,(8,6,6,6,6,6,8),(0.,0.13174025439,0.23094820781,
    0.347116887478,0.506165659528,0.635335777119,1.),.UNSPECIFIED.);
#2364 = CARTESIAN_POINT('',(46.619844453937,-35.26355843675,
    12.003257147462));
#2365 = CARTESIAN_POINT('',(46.664738844168,-35.28844380361,
    12.033121949481));
#2366 = CARTESIAN_POINT('',(46.711441336588,-35.31433141789,
    12.060907298334));
#2367 = CARTESIAN_POINT('',(46.759880026783,-35.3411814223,
    12.086417784357));
#2368 = CARTESIAN_POINT('',(46.809950831974,-35.36893612283,
    12.109450152095));
#2369 = CARTESIAN_POINT('',(46.861511880979,-35.397516879,12.12980121495
    ));
#2370 = CARTESIAN_POINT('',(46.914376779044,-35.4268203705,
    12.147281263908));
#2371 = CARTESIAN_POINT('',(47.008919101252,-35.47922603545,
    12.172615932592));
#2372 = CARTESIAN_POINT('',(47.050138573654,-35.5020743621,
    12.181782343888));
#2373 = CARTESIAN_POINT('',(47.09185935433,-35.52520056846,
    12.189163756359));
#2374 = CARTESIAN_POINT('',(47.133966693503,-35.54854104769,
    12.194705163841));
#2375 = CARTESIAN_POINT('',(47.176337347124,-35.57202748451,
    12.198367544264));
#2376 = CARTESIAN_POINT('',(47.218840021931,-35.59558710187,
    12.200130402041));
#2377 = CARTESIAN_POINT('',(47.311096758452,-35.64672584598,
    12.199834952492));
#2378 = CARTESIAN_POINT('',(47.360858561735,-35.67430926396,
    12.197071744419));
#2379 = CARTESIAN_POINT('',(47.410395431427,-35.70176799921,
    12.191704646858));
#2380 = CARTESIAN_POINT('',(47.459497618791,-35.72898578611,
    12.18377359565));
#2381 = CARTESIAN_POINT('',(47.507972159581,-35.75585566283,
    12.173352515331));
#2382 = CARTESIAN_POINT('',(47.555643608334,-35.78228037837,
    12.160543332598));
#2383 = CARTESIAN_POINT('',(47.666307925493,-35.84362261105,
    12.1248327864));
#2384 = CARTESIAN_POINT('',(47.728468532642,-35.87807879823,
    12.099949140281));
#2385 = CARTESIAN_POINT('',(47.788462265862,-35.91133386759,
    12.071127764847));
#2386 = CARTESIAN_POINT('',(47.846023920054,-35.94324081352,
    12.038728047021));
#2387 = CARTESIAN_POINT('',(47.900974856252,-35.97370061484,
    12.003117943531));
#2388 = CARTESIAN_POINT('',(47.953204708203,-36.00265209454,
    11.964646134053));
#2389 = CARTESIAN_POINT('',(48.042819900154,-36.05232660658,
    11.890316250092));
#2390 = CARTESIAN_POINT('',(48.081151122397,-36.07357395002,
    11.855324352393));
#2391 = CARTESIAN_POINT('',(48.117625639567,-36.09379210504,
    11.818817770058));
#2392 = CARTESIAN_POINT('',(48.152233665526,-36.11297564708,
    11.780950076764));
#2393 = CARTESIAN_POINT('',(48.184977789346,-36.1311260113,
    11.741861641956));
#2394 = CARTESIAN_POINT('',(48.215869756981,-36.14824970857,
    11.701677884881));
#2395 = CARTESIAN_POINT('',(48.326960383938,-36.20982824863,
    11.544278200605));
#2396 = CARTESIAN_POINT('',(48.394250995743,-36.24712804383,
    11.420359672421));
#2397 = CARTESIAN_POINT('',(48.447440757101,-36.27661161,11.291000976423
    ));
#2398 = CARTESIAN_POINT('',(48.486920050497,-36.29849533967,
    11.157961766709));
#2399 = CARTESIAN_POINT('',(48.513074332999,-36.31299289519,
    11.022718420228));
#2400 = CARTESIAN_POINT('',(48.526174355941,-36.32025435649,
    10.886430848605));
#2401 = CARTESIAN_POINT('',(48.526174355941,-36.32025435649,
    10.750000000002));
#2402 = B_SPLINE_SURFACE_WITH_KNOTS('',1,1,(
    (#2403,#2404)
    ,(#2405,#2406
    )),.UNSPECIFIED.,.F.,.F.,.F.,(2,2),(2,2),(0.,6.122934917841),(0.,1.)
  ,.PIECEWISE_BEZIER_KNOTS.);
#2403 = CARTESIAN_POINT('',(38.510253235895,-30.76833862101,
    13.811467458922));
#2404 = CARTESIAN_POINT('',(56.005311960866,-40.46600802796,
    13.666864966415));
#2405 = CARTESIAN_POINT('',(38.510253235895,-30.76833862101,
    7.688532541081));
#2406 = CARTESIAN_POINT('',(56.005311960866,-40.46600802796,
    7.833135033588));
#2407 = ADVANCED_FACE('',(#2408),#2423,.F.);
#2408 = FACE_BOUND('',#2409,.T.);
#2409 = EDGE_LOOP('',(#2410,#2416,#2417,#2418,#2419,#2420,#2421,#2422));
#2410 = ORIENTED_EDGE('',*,*,#2411,.T.);
#2411 = EDGE_CURVE('',#2125,#1326,#2412,.T.);
#2412 = LINE('',#2413,#2414);
#2413 = CARTESIAN_POINT('',(-63.04724692239,-28.269018891,
    13.811467458922));
#2414 = VECTOR('',#2415,1.);
#2415 = DIRECTION('',(-1.064448657765E-13,1.838425525538E-13,-1.));
#2416 = ORIENTED_EDGE('',*,*,#1340,.T.);
#2417 = ORIENTED_EDGE('',*,*,#1309,.T.);
#2418 = ORIENTED_EDGE('',*,*,#1279,.T.);
#2419 = ORIENTED_EDGE('',*,*,#1953,.T.);
#2420 = ORIENTED_EDGE('',*,*,#2108,.T.);
#2421 = ORIENTED_EDGE('',*,*,#2155,.T.);
#2422 = ORIENTED_EDGE('',*,*,#2131,.T.);
#2423 = PLANE('',#2424);
#2424 = AXIS2_PLACEMENT_3D('',#2425,#2426,#2427);
#2425 = CARTESIAN_POINT('',(-63.04724692239,-28.269018891,
    13.666864966415));
#2426 = DIRECTION('',(0.866025403784,0.5,-2.62681588013E-16));
#2427 = DIRECTION('',(0.461939766256,-0.800103145191,-0.382683432365));
#2428 = ADVANCED_FACE('',(#2429,#2435),#2565,.T.);
#2429 = FACE_BOUND('',#2430,.T.);
#2430 = EDGE_LOOP('',(#2431,#2432,#2433,#2434));
#2431 = ORIENTED_EDGE('',*,*,#1658,.T.);
#2432 = ORIENTED_EDGE('',*,*,#1323,.T.);
#2433 = ORIENTED_EDGE('',*,*,#2411,.F.);
#2434 = ORIENTED_EDGE('',*,*,#2124,.F.);
#2435 = FACE_BOUND('',#2436,.T.);
#2436 = EDGE_LOOP('',(#2437,#2524));
#2437 = ORIENTED_EDGE('',*,*,#2438,.T.);
#2438 = EDGE_CURVE('',#2439,#2441,#2443,.T.);
#2439 = VERTEX_POINT('',#2440);
#2440 = CARTESIAN_POINT('',(-55.7173501226,-23.86477256247,
    10.750000000002));
#2441 = VERTEX_POINT('',#2442);
#2442 = CARTESIAN_POINT('',(-53.84905966103,-22.74219039921,
    12.003257147462));
#2443 = B_SPLINE_CURVE_WITH_KNOTS('',7,(#2444,#2445,#2446,#2447,#2448,
    #2449,#2450,#2451,#2452,#2453,#2454,#2455,#2456,#2457,#2458,#2459,
    #2460,#2461,#2462,#2463,#2464,#2465,#2466,#2467,#2468,#2469,#2470,
    #2471,#2472,#2473,#2474,#2475,#2476,#2477,#2478,#2479,#2480,#2481,
    #2482,#2483,#2484,#2485,#2486,#2487,#2488,#2489,#2490,#2491,#2492,
    #2493,#2494,#2495,#2496,#2497,#2498,#2499,#2500,#2501,#2502,#2503,
    #2504,#2505,#2506,#2507,#2508,#2509,#2510,#2511,#2512,#2513,#2514,
    #2515,#2516,#2517,#2518,#2519,#2520,#2521,#2522,#2523),
  .UNSPECIFIED.,.F.,.F.,(8,6,6,6,6,6,6,6,6,6,6,6,6,8),(0.,0.174679860574
    ,0.238225811124,0.288708939541,0.369428624485,0.42212429456,
    0.500256952943,0.562951822894,0.611138161271,0.740576218295,
    0.840661709415,0.879394097889,0.931210143845,1.),.UNSPECIFIED.);
#2444 = CARTESIAN_POINT('',(-55.7173501226,-23.86477256247,
    10.750000000002));
#2445 = CARTESIAN_POINT('',(-55.7173501226,-23.86477256247,
    10.614091686915));
#2446 = CARTESIAN_POINT('',(-55.70460964646,-23.85711731209,
    10.478323702711));
#2447 = CARTESIAN_POINT('',(-55.67917247219,-23.84183311581,
    10.343588897181));
#2448 = CARTESIAN_POINT('',(-55.6407779194,-23.81876334106,
    10.211033888666));
#2449 = CARTESIAN_POINT('',(-55.58905410559,-23.78768453827,
    10.082115181745));
#2450 = CARTESIAN_POINT('',(-55.5236225088,-23.74836926852,
    9.958567570952));
#2451 = CARTESIAN_POINT('',(-55.41484617544,-23.68300985352,
    9.800419365746));
#2452 = CARTESIAN_POINT('',(-55.38394959195,-23.66444531324,
    9.759260314822));
#2453 = CARTESIAN_POINT('',(-55.35115333979,-23.64473933687,
    9.719243421492));
#2454 = CARTESIAN_POINT('',(-55.31644487533,-23.62388438742,
    9.680502727348));
#2455 = CARTESIAN_POINT('',(-55.27982145991,-23.60187881936,
    9.643188660042));
#2456 = CARTESIAN_POINT('',(-55.24129369455,-23.57872900242,
    9.607466073373));
#2457 = CARTESIAN_POINT('',(-55.16879019376,-23.53516450405,
    9.546538210758));
#2458 = CARTESIAN_POINT('',(-55.13550847237,-23.51516682834,
    9.520681932593));
#2459 = CARTESIAN_POINT('',(-55.10105969949,-23.49446791734,
    9.496033196765));
#2460 = CARTESIAN_POINT('',(-55.06546948928,-23.4730831616,
    9.472689041734));
#2461 = CARTESIAN_POINT('',(-55.02877555012,-23.4510352186,9.45075085259
    ));
#2462 = CARTESIAN_POINT('',(-54.99102997357,-23.42835538811,
    9.430321413102));
#2463 = CARTESIAN_POINT('',(-54.89037690842,-23.36787692508,
    9.381410706438));
#2464 = CARTESIAN_POINT('',(-54.8259048991,-23.32913823365,9.35541843306
    ));
#2465 = CARTESIAN_POINT('',(-54.75921675743,-23.28906795556,
    9.333973109099));
#2466 = CARTESIAN_POINT('',(-54.69072887614,-23.24791628481,
    9.317466517235));
#2467 = CARTESIAN_POINT('',(-54.62094795874,-23.20598767959,
    9.306210952315));
#2468 = CARTESIAN_POINT('',(-54.55047409523,-23.16364271034,
    9.300394575776));
#2469 = CARTESIAN_POINT('',(-54.43399575223,-23.09365546106,
    9.299767904232));
#2470 = CARTESIAN_POINT('',(-54.38797451699,-23.06600311316,
    9.301837577809));
#2471 = CARTESIAN_POINT('',(-54.34212277585,-23.0384526076,
    9.306226123679));
#2472 = CARTESIAN_POINT('',(-54.29661347466,-23.01110786071,
    9.312903630083));
#2473 = CARTESIAN_POINT('',(-54.2516071313,-22.98406532138,
    9.321812969509));
#2474 = CARTESIAN_POINT('',(-54.20725120975,-22.9574135949,
    9.332874174093));
#2475 = CARTESIAN_POINT('',(-54.09907505971,-22.89241480643,
    9.365434079407));
#2476 = CARTESIAN_POINT('',(-54.03618919533,-22.85462916703,
    9.389395297762));
#2477 = CARTESIAN_POINT('',(-53.97543112965,-22.81812203807,
    9.417559191836));
#2478 = CARTESIAN_POINT('',(-53.91709363599,-22.78306933552,
    9.449550412939));
#2479 = CARTESIAN_POINT('',(-53.86137662466,-22.7495911776,
    9.484979699846));
#2480 = CARTESIAN_POINT('',(-53.80840634905,-22.71776342501,
    9.523475671185));
#2481 = CARTESIAN_POINT('',(-53.7180041657,-22.66344431315,
    9.597779495288));
#2482 = CARTESIAN_POINT('',(-53.67956916335,-22.64035023385,
    9.632616498529));
#2483 = CARTESIAN_POINT('',(-53.6429749227,-22.61836219576,
    9.669041209397));
#2484 = CARTESIAN_POINT('',(-53.608234907,-22.59748828842,9.70689486554)
  );
#2485 = CARTESIAN_POINT('',(-53.57534961975,-22.57772881437,
    9.746031931601));
#2486 = CARTESIAN_POINT('',(-53.54430988593,-22.55907826069,
    9.786322039921));
#2487 = CARTESIAN_POINT('',(-53.49264995453,-22.52803784233,
    9.859417466899));
#2488 = CARTESIAN_POINT('',(-53.47128187201,-22.51519860304,
    9.891795839845));
#2489 = CARTESIAN_POINT('',(-53.45098880782,-22.50300529993,
    9.924734798127));
#2490 = CARTESIAN_POINT('',(-53.4317631641,-22.49145336774,
    9.958185713492));
#2491 = CARTESIAN_POINT('',(-53.41359682292,-22.48053792874,
    9.992103581382));
#2492 = CARTESIAN_POINT('',(-53.3964811463,-22.47025379269,
    10.026447020925));
#2493 = CARTESIAN_POINT('',(-53.33722856883,-22.43465125231,
    10.154473308124));
#2494 = CARTESIAN_POINT('',(-53.30158084907,-22.41323194135,
    10.250534842339));
#2495 = CARTESIAN_POINT('',(-53.27326564941,-22.39621845295,
    10.348670274537));
#2496 = CARTESIAN_POINT('',(-53.25214857402,-22.38353003396,
    10.44827457198));
#2497 = CARTESIAN_POINT('',(-53.23812798247,-22.37510561265,
    10.548810528908));
#2498 = CARTESIAN_POINT('',(-53.23113813364,-22.37090568775,
    10.649797652622));
#2499 = CARTESIAN_POINT('',(-53.23122387987,-22.37095720928,
    10.828915287985));
#2500 = CARTESIAN_POINT('',(-53.23546927069,-22.37350809744,
    10.907012135805));
#2501 = CARTESIAN_POINT('',(-53.2439213536,-22.37858662121,
    10.98489346875));
#2502 = CARTESIAN_POINT('',(-53.25660178976,-22.38620579593,
    11.06233841799));
#2503 = CARTESIAN_POINT('',(-53.27354763578,-22.39638788746,
    11.139110478764));
#2504 = CARTESIAN_POINT('',(-53.29481090299,-22.40916414736,
    11.214954631101));
#2505 = CARTESIAN_POINT('',(-53.33039330378,-22.43054421072,
    11.318477670839));
#2506 = CARTESIAN_POINT('',(-53.34097855015,-22.43690446841,
    11.347180455327));
#2507 = CARTESIAN_POINT('',(-53.35222501185,-22.44366202435,
    11.375684794859));
#2508 = CARTESIAN_POINT('',(-53.36413685649,-22.45081938269,
    11.403972944938));
#2509 = CARTESIAN_POINT('',(-53.37671839653,-22.45837913463,
    11.432026077231));
#2510 = CARTESIAN_POINT('',(-53.38997408931,-22.46634395839,
    11.459824279567));
#2511 = CARTESIAN_POINT('',(-53.42254998962,-22.48591753402,
    11.524165755417));
#2512 = CARTESIAN_POINT('',(-53.44240578709,-22.49784810078,
    11.560490353632));
#2513 = CARTESIAN_POINT('',(-53.46348708974,-22.51051502534,
    11.596270610126));
#2514 = CARTESIAN_POINT('',(-53.48580451256,-22.52392468583,
    11.63145133302));
#2515 = CARTESIAN_POINT('',(-53.5093676076,-22.53808282171,
    11.665971954564));
#2516 = CARTESIAN_POINT('',(-53.5341843463,-22.55299422268,
    11.699766606701));
#2517 = CARTESIAN_POINT('',(-53.59487887168,-22.58946317278,
    11.776571079644));
#2518 = CARTESIAN_POINT('',(-53.63171447014,-22.61159623327,
    11.818969743441));
#2519 = CARTESIAN_POINT('',(-53.67078207562,-22.63507041888,
    11.859796804594));
#2520 = CARTESIAN_POINT('',(-53.71208308632,-22.65988656974,
    11.898861074094));
#2521 = CARTESIAN_POINT('',(-53.75559887416,-22.68603349296,
    11.935948747281));
#2522 = CARTESIAN_POINT('',(-53.80128403869,-22.71348390919,
    11.970828593783));
#2523 = CARTESIAN_POINT('',(-53.84905966103,-22.74219039921,
    12.003257147462));
#2524 = ORIENTED_EDGE('',*,*,#2525,.T.);
#2525 = EDGE_CURVE('',#2441,#2439,#2526,.T.);
#2526 = B_SPLINE_CURVE_WITH_KNOTS('',7,(#2527,#2528,#2529,#2530,#2531,
    #2532,#2533,#2534,#2535,#2536,#2537,#2538,#2539,#2540,#2541,#2542,
    #2543,#2544,#2545,#2546,#2547,#2548,#2549,#2550,#2551,#2552,#2553,
    #2554,#2555,#2556,#2557,#2558,#2559,#2560,#2561,#2562,#2563,#2564),
  .UNSPECIFIED.,.F.,.F.,(8,6,6,6,6,6,8),(0.,0.13174025439,0.23094820781,
    0.347116887478,0.506165659528,0.635335777119,1.),.UNSPECIFIED.);
#2527 = CARTESIAN_POINT('',(-53.84905966103,-22.74219039921,
    12.003257147462));
#2528 = CARTESIAN_POINT('',(-53.89305821603,-22.7686273982,
    12.033121949481));
#2529 = CARTESIAN_POINT('',(-53.93882879385,-22.79612913592,
    12.060907298334));
#2530 = CARTESIAN_POINT('',(-53.98630092486,-22.82465326995,
    12.086417784357));
#2531 = CARTESIAN_POINT('',(-54.03537260319,-22.85413850897,
    12.109450152095));
#2532 = CARTESIAN_POINT('',(-54.08590478859,-22.88450130917,
    12.12980121495));
#2533 = CARTESIAN_POINT('',(-54.13771480568,-22.91563190811,
    12.147281263908));
#2534 = CARTESIAN_POINT('',(-54.23037060393,-22.9713051284,
    12.172615932592));
#2535 = CARTESIAN_POINT('',(-54.27076757144,-22.99557807531,
    12.181782343888));
#2536 = CARTESIAN_POINT('',(-54.31165584399,-23.02014622806,
    12.189163756359));
#2537 = CARTESIAN_POINT('',(-54.35292296153,-23.04494201385,
    12.194705163841));
#2538 = CARTESIAN_POINT('',(-54.39444813927,-23.06989285785,
    12.198367544264));
#2539 = CARTESIAN_POINT('',(-54.4361027038,-23.09492144528,
    12.200130402041));
#2540 = CARTESIAN_POINT('',(-54.52651852358,-23.14924875073,
    12.199834952492));
#2541 = CARTESIAN_POINT('',(-54.57528736592,-23.17855202752,
    12.197071744419));
#2542 = CARTESIAN_POINT('',(-54.62383576304,-23.20772284747,
    12.191704646858));
#2543 = CARTESIAN_POINT('',(-54.67195815162,-23.23663769566,
    12.18377359565));
#2544 = CARTESIAN_POINT('',(-54.71946541785,-23.26518294106,
    12.173352515331));
#2545 = CARTESIAN_POINT('',(-54.76618561718,-23.29325526894,
    12.160543332598));
#2546 = CARTESIAN_POINT('',(-54.87464170758,-23.35842226256,
    12.1248327864));
#2547 = CARTESIAN_POINT('',(-54.93556194457,-23.39502683387,
    12.099949140281));
#2548 = CARTESIAN_POINT('',(-54.99435854605,-23.43035539623,
    12.071127764847));
#2549 = CARTESIAN_POINT('',(-55.05077159888,-23.46425177808,
    12.038728047021));
#2550 = CARTESIAN_POINT('',(-55.10462602872,-23.49661078413,
    12.003117943531));
#2551 = CARTESIAN_POINT('',(-55.15581367158,-23.5273674229,
    11.964646134053));
#2552 = CARTESIAN_POINT('',(-55.24364065691,-23.58013919968,
    11.890316250092));
#2553 = CARTESIAN_POINT('',(-55.28120700722,-23.60271134018,
    11.855324352393));
#2554 = CARTESIAN_POINT('',(-55.31695370166,-23.62419012113,
    11.818817770058));
#2555 = CARTESIAN_POINT('',(-55.35087114938,-23.64456977976,
    11.780950076764));
#2556 = CARTESIAN_POINT('',(-55.38296188779,-23.66385184071,
    11.741861641956));
#2557 = CARTESIAN_POINT('',(-55.41323742846,-23.68204322081,
    11.701677884881));
#2558 = CARTESIAN_POINT('',(-55.52211132195,-23.74746125585,
    11.544278200605));
#2559 = CARTESIAN_POINT('',(-55.58805919805,-23.78708673751,
    11.420359672421));
#2560 = CARTESIAN_POINT('',(-55.64018759603,-23.81840863899,
    11.291000976423));
#2561 = CARTESIAN_POINT('',(-55.67887910855,-23.84165684515,
    11.157961766709));
#2562 = CARTESIAN_POINT('',(-55.70451150118,-23.85705834046,
    11.022718420228));
#2563 = CARTESIAN_POINT('',(-55.7173501226,-23.86477256247,
    10.886430848605));
#2564 = CARTESIAN_POINT('',(-55.7173501226,-23.86477256247,
    10.750000000002));
#2565 = B_SPLINE_SURFACE_WITH_KNOTS('',1,1,(
    (#2566,#2567)
    ,(#2568,#2569
    )),.UNSPECIFIED.,.F.,.F.,.F.,(2,2),(2,2),(0.,6.122934917841),(0.,1.)
  ,.PIECEWISE_BEZIER_KNOTS.);
#2566 = CARTESIAN_POINT('',(-45.90128949598,-17.96668829795,
    13.811467458922));
#2567 = CARTESIAN_POINT('',(-63.04724692239,-28.269018891,
    13.666864966415));
#2568 = CARTESIAN_POINT('',(-45.90128949598,-17.96668829795,
    7.688532541081));
#2569 = CARTESIAN_POINT('',(-63.04724692239,-28.269018891,7.833135033588
    ));
#2570 = ADVANCED_FACE('',(#2571),#2586,.F.);
#2571 = FACE_BOUND('',#2572,.T.);
#2572 = EDGE_LOOP('',(#2573,#2574,#2575,#2576,#2577,#2583,#2584,#2585));
#2573 = ORIENTED_EDGE('',*,*,#2266,.T.);
#2574 = ORIENTED_EDGE('',*,*,#1370,.T.);
#2575 = ORIENTED_EDGE('',*,*,#1393,.T.);
#2576 = ORIENTED_EDGE('',*,*,#1423,.T.);
#2577 = ORIENTED_EDGE('',*,*,#2578,.T.);
#2578 = EDGE_CURVE('',#1417,#2188,#2579,.T.);
#2579 = LINE('',#2580,#2581);
#2580 = CARTESIAN_POINT('',(63.047246922392,-28.269018891,7.688532541079
    ));
#2581 = VECTOR('',#2582,1.);
#2582 = DIRECTION('',(-2.143494961818E-18,1.370579965696E-16,1.));
#2583 = ORIENTED_EDGE('',*,*,#2203,.T.);
#2584 = ORIENTED_EDGE('',*,*,#2226,.T.);
#2585 = ORIENTED_EDGE('',*,*,#2249,.T.);
#2586 = PLANE('',#2587);
#2587 = AXIS2_PLACEMENT_3D('',#2588,#2589,#2590);
#2588 = CARTESIAN_POINT('',(56.005311960866,-40.46600802796,
    13.666864966415));
#2589 = DIRECTION('',(-0.866025403784,0.5,-7.03853193746E-17));
#2590 = DIRECTION('',(0.461939766256,0.800103145191,-0.382683432365));
#2591 = ADVANCED_FACE('',(#2592,#2598),#2728,.T.);
#2592 = FACE_BOUND('',#2593,.T.);
#2593 = EDGE_LOOP('',(#2594,#2595,#2596,#2597));
#2594 = ORIENTED_EDGE('',*,*,#1707,.T.);
#2595 = ORIENTED_EDGE('',*,*,#2187,.T.);
#2596 = ORIENTED_EDGE('',*,*,#2578,.F.);
#2597 = ORIENTED_EDGE('',*,*,#1416,.F.);
#2598 = FACE_BOUND('',#2599,.T.);
#2599 = EDGE_LOOP('',(#2600,#2645));
#2600 = ORIENTED_EDGE('',*,*,#2601,.F.);
#2601 = EDGE_CURVE('',#2602,#2604,#2606,.T.);
#2602 = VERTEX_POINT('',#2603);
#2603 = CARTESIAN_POINT('',(53.849059661035,-22.74219039921,
    12.003257147462));
#2604 = VERTEX_POINT('',#2605);
#2605 = CARTESIAN_POINT('',(55.717350122603,-23.86477256247,
    10.750000000002));
#2606 = B_SPLINE_CURVE_WITH_KNOTS('',7,(#2607,#2608,#2609,#2610,#2611,
    #2612,#2613,#2614,#2615,#2616,#2617,#2618,#2619,#2620,#2621,#2622,
    #2623,#2624,#2625,#2626,#2627,#2628,#2629,#2630,#2631,#2632,#2633,
    #2634,#2635,#2636,#2637,#2638,#2639,#2640,#2641,#2642,#2643,#2644),
  .UNSPECIFIED.,.F.,.F.,(8,6,6,6,6,6,8),(0.,0.13174025439,0.23094820781,
    0.347116887478,0.506165659528,0.635335777119,1.),.UNSPECIFIED.);
#2607 = CARTESIAN_POINT('',(53.849059661035,-22.74219039921,
    12.003257147462));
#2608 = CARTESIAN_POINT('',(53.893058216037,-22.7686273982,
    12.033121949481));
#2609 = CARTESIAN_POINT('',(53.938828793852,-22.79612913592,
    12.060907298334));
#2610 = CARTESIAN_POINT('',(53.986300924864,-22.82465326995,
    12.086417784357));
#2611 = CARTESIAN_POINT('',(54.035372603195,-22.85413850897,
    12.109450152095));
#2612 = CARTESIAN_POINT('',(54.085904788596,-22.88450130917,
    12.12980121495));
#2613 = CARTESIAN_POINT('',(54.137714805688,-22.91563190811,
    12.147281263908));
#2614 = CARTESIAN_POINT('',(54.230370603936,-22.9713051284,
    12.172615932592));
#2615 = CARTESIAN_POINT('',(54.270767571449,-22.99557807531,
    12.181782343888));
#2616 = CARTESIAN_POINT('',(54.311655843991,-23.02014622806,
    12.189163756359));
#2617 = CARTESIAN_POINT('',(54.352922961532,-23.04494201385,
    12.194705163841));
#2618 = CARTESIAN_POINT('',(54.394448139271,-23.06989285785,
    12.198367544264));
#2619 = CARTESIAN_POINT('',(54.436102703809,-23.09492144528,
    12.200130402041));
#2620 = CARTESIAN_POINT('',(54.526518523587,-23.14924875073,
    12.199834952492));
#2621 = CARTESIAN_POINT('',(54.57528736592,-23.17855202752,
    12.197071744419));
#2622 = CARTESIAN_POINT('',(54.623835763049,-23.20772284747,
    12.191704646858));
#2623 = CARTESIAN_POINT('',(54.671958151622,-23.23663769566,
    12.18377359565));
#2624 = CARTESIAN_POINT('',(54.719465417858,-23.26518294106,
    12.173352515331));
#2625 = CARTESIAN_POINT('',(54.76618561718,-23.29325526894,
    12.160543332598));
#2626 = CARTESIAN_POINT('',(54.87464170758,-23.35842226256,12.1248327864
    ));
#2627 = CARTESIAN_POINT('',(54.935561944575,-23.39502683387,
    12.099949140281));
#2628 = CARTESIAN_POINT('',(54.994358546051,-23.43035539623,
    12.071127764847));
#2629 = CARTESIAN_POINT('',(55.050771598883,-23.46425177808,
    12.038728047021));
#2630 = CARTESIAN_POINT('',(55.10462602872,-23.49661078413,
    12.003117943531));
#2631 = CARTESIAN_POINT('',(55.155813671587,-23.5273674229,
    11.964646134053));
#2632 = CARTESIAN_POINT('',(55.243640656915,-23.58013919968,
    11.890316250092));
#2633 = CARTESIAN_POINT('',(55.28120700722,-23.60271134018,
    11.855324352393));
#2634 = CARTESIAN_POINT('',(55.316953701666,-23.62419012113,
    11.818817770058));
#2635 = CARTESIAN_POINT('',(55.350871149388,-23.64456977976,
    11.780950076764));
#2636 = CARTESIAN_POINT('',(55.382961887797,-23.66385184071,
    11.741861641956));
#2637 = CARTESIAN_POINT('',(55.413237428463,-23.68204322081,
    11.701677884881));
#2638 = CARTESIAN_POINT('',(55.522111321956,-23.74746125585,
    11.544278200605));
#2639 = CARTESIAN_POINT('',(55.588059198059,-23.78708673751,
    11.420359672421));
#2640 = CARTESIAN_POINT('',(55.640187596032,-23.81840863899,
    11.291000976423));
#2641 = CARTESIAN_POINT('',(55.678879108557,-23.84165684515,
    11.157961766709));
#2642 = CARTESIAN_POINT('',(55.704511501186,-23.85705834046,
    11.022718420228));
#2643 = CARTESIAN_POINT('',(55.717350122603,-23.86477256247,
    10.886430848605));
#2644 = CARTESIAN_POINT('',(55.717350122603,-23.86477256247,
    10.750000000002));
#2645 = ORIENTED_EDGE('',*,*,#2646,.F.);
#2646 = EDGE_CURVE('',#2604,#2602,#2647,.T.);
#2647 = B_SPLINE_CURVE_WITH_KNOTS('',7,(#2648,#2649,#2650,#2651,#2652,
    #2653,#2654,#2655,#2656,#2657,#2658,#2659,#2660,#2661,#2662,#2663,
    #2664,#2665,#2666,#2667,#2668,#2669,#2670,#2671,#2672,#2673,#2674,
    #2675,#2676,#2677,#2678,#2679,#2680,#2681,#2682,#2683,#2684,#2685,
    #2686,#2687,#2688,#2689,#2690,#2691,#2692,#2693,#2694,#2695,#2696,
    #2697,#2698,#2699,#2700,#2701,#2702,#2703,#2704,#2705,#2706,#2707,
    #2708,#2709,#2710,#2711,#2712,#2713,#2714,#2715,#2716,#2717,#2718,
    #2719,#2720,#2721,#2722,#2723,#2724,#2725,#2726,#2727),
  .UNSPECIFIED.,.F.,.F.,(8,6,6,6,6,6,6,6,6,6,6,6,6,8),(0.,0.174679860574
    ,0.238225811124,0.288708939541,0.369428624485,0.42212429456,
    0.500256952943,0.562951822894,0.611138161271,0.740576218295,
    0.840661709415,0.879394097889,0.931210143845,1.),.UNSPECIFIED.);
#2648 = CARTESIAN_POINT('',(55.717350122603,-23.86477256247,
    10.750000000002));
#2649 = CARTESIAN_POINT('',(55.717350122603,-23.86477256247,
    10.614091686915));
#2650 = CARTESIAN_POINT('',(55.704609646464,-23.85711731209,
    10.478323702711));
#2651 = CARTESIAN_POINT('',(55.67917247219,-23.84183311581,
    10.343588897181));
#2652 = CARTESIAN_POINT('',(55.640777919407,-23.81876334106,
    10.211033888666));
#2653 = CARTESIAN_POINT('',(55.589054105593,-23.78768453827,
    10.082115181745));
#2654 = CARTESIAN_POINT('',(55.523622508808,-23.74836926852,
    9.958567570952));
#2655 = CARTESIAN_POINT('',(55.414846175441,-23.68300985352,
    9.800419365746));
#2656 = CARTESIAN_POINT('',(55.383949591957,-23.66444531324,
    9.759260314822));
#2657 = CARTESIAN_POINT('',(55.351153339797,-23.64473933687,
    9.719243421492));
#2658 = CARTESIAN_POINT('',(55.316444875337,-23.62388438742,
    9.680502727348));
#2659 = CARTESIAN_POINT('',(55.279821459918,-23.60187881936,
    9.643188660042));
#2660 = CARTESIAN_POINT('',(55.241293694551,-23.57872900242,
    9.607466073373));
#2661 = CARTESIAN_POINT('',(55.168790193766,-23.53516450405,
    9.546538210758));
#2662 = CARTESIAN_POINT('',(55.135508472379,-23.51516682834,
    9.520681932593));
#2663 = CARTESIAN_POINT('',(55.101059699494,-23.49446791734,
    9.496033196765));
#2664 = CARTESIAN_POINT('',(55.065469489289,-23.4730831616,
    9.472689041734));
#2665 = CARTESIAN_POINT('',(55.028775550126,-23.4510352186,9.45075085259
    ));
#2666 = CARTESIAN_POINT('',(54.991029973577,-23.42835538811,
    9.430321413102));
#2667 = CARTESIAN_POINT('',(54.890376908423,-23.36787692508,
    9.381410706438));
#2668 = CARTESIAN_POINT('',(54.825904899104,-23.32913823365,
    9.35541843306));
#2669 = CARTESIAN_POINT('',(54.759216757434,-23.28906795556,
    9.333973109099));
#2670 = CARTESIAN_POINT('',(54.690728876143,-23.24791628481,
    9.317466517235));
#2671 = CARTESIAN_POINT('',(54.620947958741,-23.20598767959,
    9.306210952315));
#2672 = CARTESIAN_POINT('',(54.550474095235,-23.16364271034,
    9.300394575776));
#2673 = CARTESIAN_POINT('',(54.433995752233,-23.09365546106,
    9.299767904232));
#2674 = CARTESIAN_POINT('',(54.387974516999,-23.06600311316,
    9.301837577809));
#2675 = CARTESIAN_POINT('',(54.342122775854,-23.0384526076,
    9.306226123679));
#2676 = CARTESIAN_POINT('',(54.296613474666,-23.01110786071,
    9.312903630083));
#2677 = CARTESIAN_POINT('',(54.251607131306,-22.98406532138,
    9.321812969509));
#2678 = CARTESIAN_POINT('',(54.207251209754,-22.9574135949,
    9.332874174093));
#2679 = CARTESIAN_POINT('',(54.099075059719,-22.89241480643,
    9.365434079407));
#2680 = CARTESIAN_POINT('',(54.036189195336,-22.85462916703,
    9.389395297762));
#2681 = CARTESIAN_POINT('',(53.975431129656,-22.81812203807,
    9.417559191836));
#2682 = CARTESIAN_POINT('',(53.917093635995,-22.78306933552,
    9.449550412939));
#2683 = CARTESIAN_POINT('',(53.861376624666,-22.7495911776,
    9.484979699846));
#2684 = CARTESIAN_POINT('',(53.808406349058,-22.71776342501,
    9.523475671185));
#2685 = CARTESIAN_POINT('',(53.718004165703,-22.66344431315,
    9.597779495288));
#2686 = CARTESIAN_POINT('',(53.679569163355,-22.64035023385,
    9.632616498529));
#2687 = CARTESIAN_POINT('',(53.642974922702,-22.61836219576,
    9.669041209397));
#2688 = CARTESIAN_POINT('',(53.608234907001,-22.59748828842,
    9.70689486554));
#2689 = CARTESIAN_POINT('',(53.575349619757,-22.57772881437,
    9.746031931601));
#2690 = CARTESIAN_POINT('',(53.544309885936,-22.55907826069,
    9.786322039921));
#2691 = CARTESIAN_POINT('',(53.492649954537,-22.52803784233,
    9.859417466899));
#2692 = CARTESIAN_POINT('',(53.471281872018,-22.51519860304,
    9.891795839845));
#2693 = CARTESIAN_POINT('',(53.450988807827,-22.50300529993,
    9.924734798127));
#2694 = CARTESIAN_POINT('',(53.431763164105,-22.49145336774,
    9.958185713492));
#2695 = CARTESIAN_POINT('',(53.413596822927,-22.48053792874,
    9.992103581382));
#2696 = CARTESIAN_POINT('',(53.396481146307,-22.47025379269,
    10.026447020925));
#2697 = CARTESIAN_POINT('',(53.337228568829,-22.43465125231,
    10.154473308124));
#2698 = CARTESIAN_POINT('',(53.30158084907,-22.41323194135,
    10.250534842339));
#2699 = CARTESIAN_POINT('',(53.273265649414,-22.39621845295,
    10.348670274537));
#2700 = CARTESIAN_POINT('',(53.252148574022,-22.38353003396,
    10.44827457198));
#2701 = CARTESIAN_POINT('',(53.238127982479,-22.37510561265,
    10.548810528908));
#2702 = CARTESIAN_POINT('',(53.231138133643,-22.37090568775,
    10.649797652622));
#2703 = CARTESIAN_POINT('',(53.231223879873,-22.37095720928,
    10.828915287985));
#2704 = CARTESIAN_POINT('',(53.235469270696,-22.37350809744,
    10.907012135805));
#2705 = CARTESIAN_POINT('',(53.243921353607,-22.37858662121,
    10.98489346875));
#2706 = CARTESIAN_POINT('',(53.25660178976,-22.38620579593,
    11.06233841799));
#2707 = CARTESIAN_POINT('',(53.273547635781,-22.39638788746,
    11.139110478764));
#2708 = CARTESIAN_POINT('',(53.294810902996,-22.40916414736,
    11.214954631101));
#2709 = CARTESIAN_POINT('',(53.330393303786,-22.43054421072,
    11.318477670839));
#2710 = CARTESIAN_POINT('',(53.340978550152,-22.43690446841,
    11.347180455327));
#2711 = CARTESIAN_POINT('',(53.352225011857,-22.44366202435,
    11.375684794859));
#2712 = CARTESIAN_POINT('',(53.364136856496,-22.45081938269,
    11.403972944938));
#2713 = CARTESIAN_POINT('',(53.376718396535,-22.45837913463,
    11.432026077231));
#2714 = CARTESIAN_POINT('',(53.389974089311,-22.46634395839,
    11.459824279567));
#2715 = CARTESIAN_POINT('',(53.422549989627,-22.48591753402,
    11.524165755417));
#2716 = CARTESIAN_POINT('',(53.442405787096,-22.49784810078,
    11.560490353632));
#2717 = CARTESIAN_POINT('',(53.46348708974,-22.51051502534,
    11.596270610126));
#2718 = CARTESIAN_POINT('',(53.485804512562,-22.52392468583,
    11.631451333019));
#2719 = CARTESIAN_POINT('',(53.509367607607,-22.53808282171,
    11.665971954564));
#2720 = CARTESIAN_POINT('',(53.5341843463,-22.55299422268,
    11.699766606701));
#2721 = CARTESIAN_POINT('',(53.594878871688,-22.58946317278,
    11.776571079644));
#2722 = CARTESIAN_POINT('',(53.631714470147,-22.61159623327,
    11.818969743441));
#2723 = CARTESIAN_POINT('',(53.670782075624,-22.63507041888,
    11.859796804594));
#2724 = CARTESIAN_POINT('',(53.712083086328,-22.65988656974,
    11.898861074094));
#2725 = CARTESIAN_POINT('',(53.755598874167,-22.68603349296,
    11.935948747281));
#2726 = CARTESIAN_POINT('',(53.801284038691,-22.71348390919,
    11.970828593783));
#2727 = CARTESIAN_POINT('',(53.849059661035,-22.74219039921,
    12.003257147462));
#2728 = B_SPLINE_SURFACE_WITH_KNOTS('',1,1,(
    (#2729,#2730)
    ,(#2731,#2732
    )),.UNSPECIFIED.,.F.,.F.,.F.,(2,2),(2,2),(0.,6.122934917841),(0.,1.)
  ,.PIECEWISE_BEZIER_KNOTS.);
#2729 = CARTESIAN_POINT('',(45.901289495985,-17.96668829795,
    7.688532541079));
#2730 = CARTESIAN_POINT('',(63.047246922392,-28.269018891,7.833135033587
    ));
#2731 = CARTESIAN_POINT('',(45.901289495985,-17.96668829795,
    13.811467458921));
#2732 = CARTESIAN_POINT('',(63.047246922392,-28.269018891,
    13.666864966413));
#2733 = ADVANCED_FACE('',(#2734,#2751),#2881,.T.);
#2734 = FACE_BOUND('',#2735,.T.);
#2735 = EDGE_LOOP('',(#2736,#2737,#2744,#2750));
#2736 = ORIENTED_EDGE('',*,*,#1461,.T.);
#2737 = ORIENTED_EDGE('',*,*,#2738,.T.);
#2738 = EDGE_CURVE('',#1462,#2739,#2741,.T.);
#2739 = VERTEX_POINT('',#2740);
#2740 = CARTESIAN_POINT('',(-7.041934961526,68.735026918963,
    13.666864966413));
#2741 = B_SPLINE_CURVE_WITH_KNOTS('',1,(#2742,#2743),.UNSPECIFIED.,.F.,
  .F.,(2,2),(0.,1.),.PIECEWISE_BEZIER_KNOTS.);
#2742 = CARTESIAN_POINT('',(-7.39103626009,48.735026918963,
    13.811467458921));
#2743 = CARTESIAN_POINT('',(-7.041934961526,68.735026918963,
    13.666864966413));
#2744 = ORIENTED_EDGE('',*,*,#2745,.F.);
#2745 = EDGE_CURVE('',#1837,#2739,#2746,.T.);
#2746 = LINE('',#2747,#2748);
#2747 = CARTESIAN_POINT('',(-7.041934961526,68.735026918963,
    7.688532541079));
#2748 = VECTOR('',#2749,1.);
#2749 = DIRECTION('',(1.450576286728E-16,0.,1.));
#2750 = ORIENTED_EDGE('',*,*,#1836,.F.);
#2751 = FACE_BOUND('',#2752,.T.);
#2752 = EDGE_LOOP('',(#2753,#2798));
#2753 = ORIENTED_EDGE('',*,*,#2754,.F.);
#2754 = EDGE_CURVE('',#2755,#2757,#2759,.T.);
#2755 = VERTEX_POINT('',#2756);
#2756 = CARTESIAN_POINT('',(-7.229215207097,58.005748835966,
    12.003257147462));
#2757 = VERTEX_POINT('',#2758);
#2758 = CARTESIAN_POINT('',(-7.191175766662,60.185026918963,
    10.750000000002));
#2759 = B_SPLINE_CURVE_WITH_KNOTS('',7,(#2760,#2761,#2762,#2763,#2764,
    #2765,#2766,#2767,#2768,#2769,#2770,#2771,#2772,#2773,#2774,#2775,
    #2776,#2777,#2778,#2779,#2780,#2781,#2782,#2783,#2784,#2785,#2786,
    #2787,#2788,#2789,#2790,#2791,#2792,#2793,#2794,#2795,#2796,#2797),
  .UNSPECIFIED.,.F.,.F.,(8,6,6,6,6,6,8),(0.,0.13174025439,0.23094820781,
    0.347116887478,0.506165659528,0.635335777119,1.),.UNSPECIFIED.);
#2760 = CARTESIAN_POINT('',(-7.229215207097,58.005748835966,
    12.003257147462));
#2761 = CARTESIAN_POINT('',(-7.228319371869,58.057071201825,
    12.033121949481));
#2762 = CARTESIAN_POINT('',(-7.227387457263,58.110460553818,
    12.060907298334));
#2763 = CARTESIAN_POINT('',(-7.226420898082,58.16583469226,
    12.086417784357));
#2764 = CARTESIAN_POINT('',(-7.22542177122,58.22307463181,
    12.109450152095));
#2765 = CARTESIAN_POINT('',(-7.224392907617,58.282018188176,
    12.12980121495));
#2766 = CARTESIAN_POINT('',(-7.223338026644,58.34245227862,
    12.147281263908));
#2767 = CARTESIAN_POINT('',(-7.221451502685,58.450531163857,
    12.172615932592));
#2768 = CARTESIAN_POINT('',(-7.220628997796,58.497652437412,
    12.181782343888));
#2769 = CARTESIAN_POINT('',(-7.219796489661,58.545346796525,
    12.189163756359));
#2770 = CARTESIAN_POINT('',(-7.218956268029,58.593483061553,
    12.194705163841));
#2771 = CARTESIAN_POINT('',(-7.218110792147,58.641920342372,
    12.198367544264));
#2772 = CARTESIAN_POINT('',(-7.217262681878,58.690508547162,
    12.200130402041));
#2773 = CARTESIAN_POINT('',(-7.215421765135,58.795974596715,
    12.199834952492));
#2774 = CARTESIAN_POINT('',(-7.214428804185,58.852861291485,
    12.197071744419));
#2775 = CARTESIAN_POINT('',(-7.213440331622,58.909490846687,
    12.191704646858));
#2776 = CARTESIAN_POINT('',(-7.212460532832,58.965623481776,
    12.18377359565));
#2777 = CARTESIAN_POINT('',(-7.211493258277,59.0210386039,
    12.173352515331));
#2778 = CARTESIAN_POINT('',(-7.210542008846,59.075535647325,
    12.160543332598));
#2779 = CARTESIAN_POINT('',(-7.208333782087,59.202044873615,
    12.1248327864));
#2780 = CARTESIAN_POINT('',(-7.207093411933,59.273105632113,
    12.099949140281));
#2781 = CARTESIAN_POINT('',(-7.205896280189,59.341689263827,
    12.071127764847));
#2782 = CARTESIAN_POINT('',(-7.20474767883,59.407492591608,
    12.038728047021));
#2783 = CARTESIAN_POINT('',(-7.203651172468,59.470311398978,
    12.003117943531));
#2784 = CARTESIAN_POINT('',(-7.202608963384,59.53001951745,
    11.964646134053));
#2785 = CARTESIAN_POINT('',(-7.200820756761,59.632465806267,
    11.890316250092));
#2786 = CARTESIAN_POINT('',(-7.200055884824,59.676285290209,
    11.855324352393));
#2787 = CARTESIAN_POINT('',(-7.199328062099,59.717982226177,
    11.818817770058));
#2788 = CARTESIAN_POINT('',(-7.198637483862,59.757545426853,
    11.780950076764));
#2789 = CARTESIAN_POINT('',(-7.197984098451,59.794977852013,
    11.741861641956));
#2790 = CARTESIAN_POINT('',(-7.197367671482,59.830292929397,
    11.701677884881));
#2791 = CARTESIAN_POINT('',(-7.195150938018,59.95728950449,
    11.544278200605));
#2792 = CARTESIAN_POINT('',(-7.193808202316,60.03421478135,
    11.420359672421));
#2793 = CARTESIAN_POINT('',(-7.19274683893,60.095020248991,
    11.291000976423));
#2794 = CARTESIAN_POINT('',(-7.19195905806,60.140152184833,
    11.157961766709));
#2795 = CARTESIAN_POINT('',(-7.191437168187,60.17005123566,
    11.022718420228));
#2796 = CARTESIAN_POINT('',(-7.191175766662,60.185026918963,
    10.886430848605));
#2797 = CARTESIAN_POINT('',(-7.191175766662,60.185026918963,
    10.750000000002));
#2798 = ORIENTED_EDGE('',*,*,#2799,.F.);
#2799 = EDGE_CURVE('',#2757,#2755,#2800,.T.);
#2800 = B_SPLINE_CURVE_WITH_KNOTS('',7,(#2801,#2802,#2803,#2804,#2805,
    #2806,#2807,#2808,#2809,#2810,#2811,#2812,#2813,#2814,#2815,#2816,
    #2817,#2818,#2819,#2820,#2821,#2822,#2823,#2824,#2825,#2826,#2827,
    #2828,#2829,#2830,#2831,#2832,#2833,#2834,#2835,#2836,#2837,#2838,
    #2839,#2840,#2841,#2842,#2843,#2844,#2845,#2846,#2847,#2848,#2849,
    #2850,#2851,#2852,#2853,#2854,#2855,#2856,#2857,#2858,#2859,#2860,
    #2861,#2862,#2863,#2864,#2865,#2866,#2867,#2868,#2869,#2870,#2871,
    #2872,#2873,#2874,#2875,#2876,#2877,#2878,#2879,#2880),
  .UNSPECIFIED.,.F.,.F.,(8,6,6,6,6,6,6,6,6,6,6,6,6,8),(0.,0.174679860574
    ,0.238225811124,0.288708939541,0.369428624485,0.42212429456,
    0.500256952943,0.562951822894,0.611138161271,0.740576218295,
    0.840661709415,0.879394097889,0.931210143845,1.),.UNSPECIFIED.);
#2801 = CARTESIAN_POINT('',(-7.191175766662,60.185026918963,
    10.750000000002));
#2802 = CARTESIAN_POINT('',(-7.191175766662,60.185026918963,
    10.614091686915));
#2803 = CARTESIAN_POINT('',(-7.191435169894,60.17016571778,
    10.478323702711));
#2804 = CARTESIAN_POINT('',(-7.191953085012,60.140494380518,
    10.343588897181));
#2805 = CARTESIAN_POINT('',(-7.192734819616,60.095708835065,
    10.211033888666));
#2806 = CARTESIAN_POINT('',(-7.193787945442,60.035375296928,
    10.082115181745));
#2807 = CARTESIAN_POINT('',(-7.195120169408,59.959052237028,
    9.958567570952));
#2808 = CARTESIAN_POINT('',(-7.197334916493,59.8321694615,9.800419365746
    ));
#2809 = CARTESIAN_POINT('',(-7.197963988241,59.796129965174,
    9.759260314822));
#2810 = CARTESIAN_POINT('',(-7.198631738308,59.757874589467,
    9.719243421492));
#2811 = CARTESIAN_POINT('',(-7.199338422088,59.717388702798,
    9.680502727348));
#2812 = CARTESIAN_POINT('',(-7.200084095343,59.674669110641,
    9.643188660042));
#2813 = CARTESIAN_POINT('',(-7.20086854223,59.629728178609,
    9.607466073373));
#2814 = CARTESIAN_POINT('',(-7.202344754123,59.545156055884,
    9.546538210758));
#2815 = CARTESIAN_POINT('',(-7.203022388615,59.506334401824,
    9.520681932593));
#2816 = CARTESIAN_POINT('',(-7.20372378493,59.466151433876,
    9.496033196765));
#2817 = CARTESIAN_POINT('',(-7.204448421548,59.424637029845,
    9.472689041734));
#2818 = CARTESIAN_POINT('',(-7.205195530706,59.381835174864,
    9.45075085259));
#2819 = CARTESIAN_POINT('',(-7.20596405179,59.337806631447,
    9.430321413102));
#2820 = CARTESIAN_POINT('',(-7.208013404583,59.220399288537,
    9.381410706438));
#2821 = CARTESIAN_POINT('',(-7.209326090811,59.14519554492,9.35541843306
    ));
#2822 = CARTESIAN_POINT('',(-7.210683898735,59.067406781059,
    9.333973109099));
#2823 = CARTESIAN_POINT('',(-7.212078350365,58.987518700636,
    9.317466517235));
#2824 = CARTESIAN_POINT('',(-7.213499128936,58.906122350854,
    9.306210952315));
#2825 = CARTESIAN_POINT('',(-7.214934016277,58.823917710128,
    9.300394575776));
#2826 = CARTESIAN_POINT('',(-7.217305580593,58.688050881458,
    9.299767904232));
#2827 = CARTESIAN_POINT('',(-7.218242598724,58.634369148686,
    9.301837577809));
#2828 = CARTESIAN_POINT('',(-7.219176165861,58.580885123263,
    9.306226123679));
#2829 = CARTESIAN_POINT('',(-7.220102760728,58.527800538885,
    9.312903630083));
#2830 = CARTESIAN_POINT('',(-7.221019115091,58.475302632537,
    9.321812969509));
#2831 = CARTESIAN_POINT('',(-7.221922226503,58.423563414424,
    9.332874174093));
#2832 = CARTESIAN_POINT('',(-7.224124753519,58.297380726173,
    9.365434079407));
#2833 = CARTESIAN_POINT('',(-7.225405144947,58.224027150378,
    9.389395297762));
#2834 = CARTESIAN_POINT('',(-7.226642213202,58.153155557537,
    9.417559191836));
#2835 = CARTESIAN_POINT('',(-7.227829997254,58.085107454757,
    9.449550412939));
#2836 = CARTESIAN_POINT('',(-7.228964426818,58.020116028564,
    9.484979699846));
#2837 = CARTESIAN_POINT('',(-7.230042931304,57.958328547946,
    9.523475671185));
#2838 = CARTESIAN_POINT('',(-7.231883570402,57.852878404677,
    9.597779495288));
#2839 = CARTESIAN_POINT('',(-7.232666128581,57.808045676598,
    9.632616498529));
#2840 = CARTESIAN_POINT('',(-7.233411207821,57.765360115513,
    9.669041209397));
#2841 = CARTESIAN_POINT('',(-7.234118534003,57.724837425719,
    9.70689486554));
#2842 = CARTESIAN_POINT('',(-7.234788096874,57.68647819453,
    9.746031931601));
#2843 = CARTESIAN_POINT('',(-7.235420083243,57.650271719675,
    9.786322039921));
#2844 = CARTESIAN_POINT('',(-7.236471908387,57.590012697546,
    9.859417466899));
#2845 = CARTESIAN_POINT('',(-7.236906974518,57.56508777561,
    9.891795839845));
#2846 = CARTESIAN_POINT('',(-7.237320152673,57.541416814944,
    9.924734798127));
#2847 = CARTESIAN_POINT('',(-7.23771159755,57.518990952982,
    9.958185713492));
#2848 = CARTESIAN_POINT('',(-7.238081474433,57.497800720526,
    9.992103581382));
#2849 = CARTESIAN_POINT('',(-7.238429959197,57.477836041745,
    10.026447020925));
#2850 = CARTESIAN_POINT('',(-7.239636374869,57.408720534219,
    10.154473308124));
#2851 = CARTESIAN_POINT('',(-7.240362182413,57.36713904784,
    10.250534842339));
#2852 = CARTESIAN_POINT('',(-7.240938695741,57.334110621428,
    10.348670274537));
#2853 = CARTESIAN_POINT('',(-7.241368651226,57.309478488189,
    10.44827457198));
#2854 = CARTESIAN_POINT('',(-7.241654118324,57.29312408908,
    10.548810528908));
#2855 = CARTESIAN_POINT('',(-7.241796435562,57.28497073997,
    10.649797652622));
#2856 = CARTESIAN_POINT('',(-7.241794689721,57.28507075915,
    10.828915287985));
#2857 = CARTESIAN_POINT('',(-7.241708251185,57.29002281953,
    10.907012135805));
#2858 = CARTESIAN_POINT('',(-7.241536162042,57.299881799931,
    10.98489346875));
#2859 = CARTESIAN_POINT('',(-7.241277981258,57.314672967129,
    11.06233841799));
#2860 = CARTESIAN_POINT('',(-7.24093295434,57.334439546037,
    11.139110478764));
#2861 = CARTESIAN_POINT('',(-7.240500022308,57.359242205563,
    11.214954631101));
#2862 = CARTESIAN_POINT('',(-7.239775544694,57.400747500257,
    11.318477670839));
#2863 = CARTESIAN_POINT('',(-7.239560023148,57.413094721358,
    11.347180455327));
#2864 = CARTESIAN_POINT('',(-7.239331038887,57.426213220868,
    11.375684794859));
#2865 = CARTESIAN_POINT('',(-7.239088507057,57.440107860103,
    11.403972944938));
#2866 = CARTESIAN_POINT('',(-7.238832339854,57.454783669363,
    11.432026077231));
#2867 = CARTESIAN_POINT('',(-7.238562446523,57.470245847936,
    11.459824279567));
#2868 = CARTESIAN_POINT('',(-7.237899182943,57.508244192976,
    11.524165755417));
#2869 = CARTESIAN_POINT('',(-7.237494907783,57.531405101375,
    11.560490353632));
#2870 = CARTESIAN_POINT('',(-7.237065680651,57.555995507288,
    11.596270610126));
#2871 = CARTESIAN_POINT('',(-7.23661128542,57.582027792645,
    11.631451333019));
#2872 = CARTESIAN_POINT('',(-7.236131527605,57.609513099483,
    11.665971954564));
#2873 = CARTESIAN_POINT('',(-7.235626244902,57.638460726117,
    11.699766606701));
#2874 = CARTESIAN_POINT('',(-7.234390470363,57.709258202022,
    11.776571079644));
#2875 = CARTESIAN_POINT('',(-7.233640476943,57.752225296298,
    11.818969743441));
#2876 = CARTESIAN_POINT('',(-7.232845038609,57.79779592791,
    11.859796804594));
#2877 = CARTESIAN_POINT('',(-7.232004126894,57.845971727811,
    11.898861074094));
#2878 = CARTESIAN_POINT('',(-7.231118121076,57.896730967155,
    11.935948747281));
#2879 = CARTESIAN_POINT('',(-7.230187945533,57.950020688327,
    11.970828593783));
#2880 = CARTESIAN_POINT('',(-7.229215207097,58.005748835966,
    12.003257147462));
#2881 = B_SPLINE_SURFACE_WITH_KNOTS('',1,1,(
    (#2882,#2883)
    ,(#2884,#2885
    )),.UNSPECIFIED.,.F.,.F.,.F.,(2,2),(2,2),(0.,6.122934917841),(0.,1.)
  ,.PIECEWISE_BEZIER_KNOTS.);
#2882 = CARTESIAN_POINT('',(-7.39103626009,48.735026918963,
    7.688532541079));
#2883 = CARTESIAN_POINT('',(-7.041934961526,68.735026918963,
    7.833135033587));
#2884 = CARTESIAN_POINT('',(-7.39103626009,48.735026918963,
    13.811467458921));
#2885 = CARTESIAN_POINT('',(-7.041934961526,68.735026918963,
    13.666864966413));
#2886 = ADVANCED_FACE('',(#2887),#2905,.T.);
#2887 = FACE_BOUND('',#2888,.T.);
#2888 = EDGE_LOOP('',(#2889,#2890,#2891,#2892,#2899));
#2889 = ORIENTED_EDGE('',*,*,#2738,.F.);
#2890 = ORIENTED_EDGE('',*,*,#1485,.T.);
#2891 = ORIENTED_EDGE('',*,*,#1502,.T.);
#2892 = ORIENTED_EDGE('',*,*,#2893,.T.);
#2893 = EDGE_CURVE('',#1503,#2894,#2896,.T.);
#2894 = VERTEX_POINT('',#2895);
#2895 = CARTESIAN_POINT('',(-2.916864966413,68.735026918963,
    17.791934961526));
#2896 = B_SPLINE_CURVE_WITH_KNOTS('',1,(#2897,#2898),.UNSPECIFIED.,.F.,
  .F.,(2,2),(0.,1.),.PIECEWISE_BEZIER_KNOTS.);
#2897 = CARTESIAN_POINT('',(-3.061467458921,48.735026918963,
    18.14103626009));
#2898 = CARTESIAN_POINT('',(-2.916864966413,68.735026918963,
    17.791934961526));
#2899 = ORIENTED_EDGE('',*,*,#2900,.F.);
#2900 = EDGE_CURVE('',#2739,#2894,#2901,.T.);
#2901 = LINE('',#2902,#2903);
#2902 = CARTESIAN_POINT('',(-7.144184364554,68.735026918963,
    13.564615563385));
#2903 = VECTOR('',#2904,1.);
#2904 = DIRECTION('',(0.707106781187,0.,0.707106781187));
#2905 = B_SPLINE_SURFACE_WITH_KNOTS('',1,1,(
    (#2906,#2907)
    ,(#2908,#2909
    )),.UNSPECIFIED.,.F.,.F.,.F.,(2,2),(2,2),(0.,6.122934917841),(0.,1.)
  ,.PIECEWISE_BEZIER_KNOTS.);
#2906 = CARTESIAN_POINT('',(-7.39103626009,48.735026918963,
    13.811467458921));
#2907 = CARTESIAN_POINT('',(-7.041934961526,68.735026918963,
    13.666864966413));
#2908 = CARTESIAN_POINT('',(-3.061467458921,48.735026918963,
    18.14103626009));
#2909 = CARTESIAN_POINT('',(-2.916864966413,68.735026918963,
    17.791934961526));
#2910 = ADVANCED_FACE('',(#2911),#2935,.T.);
#2911 = FACE_BOUND('',#2912,.T.);
#2912 = EDGE_LOOP('',(#2913,#2914,#2915,#2922,#2930));
#2913 = ORIENTED_EDGE('',*,*,#1548,.F.);
#2914 = ORIENTED_EDGE('',*,*,#1771,.T.);
#2915 = ORIENTED_EDGE('',*,*,#2916,.T.);
#2916 = EDGE_CURVE('',#1772,#2917,#2919,.T.);
#2917 = VERTEX_POINT('',#2918);
#2918 = CARTESIAN_POINT('',(7.041934961525,68.735026918963,
    13.666864966415));
#2919 = B_SPLINE_CURVE_WITH_KNOTS('',1,(#2920,#2921),.UNSPECIFIED.,.F.,
  .F.,(2,2),(0.,1.),.PIECEWISE_BEZIER_KNOTS.);
#2920 = CARTESIAN_POINT('',(7.39103626009,48.735026918963,
    13.811467458922));
#2921 = CARTESIAN_POINT('',(7.041934961525,68.735026918963,
    13.666864966415));
#2922 = ORIENTED_EDGE('',*,*,#2923,.F.);
#2923 = EDGE_CURVE('',#2924,#2917,#2926,.T.);
#2924 = VERTEX_POINT('',#2925);
#2925 = CARTESIAN_POINT('',(2.916864966413,68.735026918963,
    17.791934961526));
#2926 = LINE('',#2927,#2928);
#2927 = CARTESIAN_POINT('',(2.814615563385,68.735026918963,
    17.894184364554));
#2928 = VECTOR('',#2929,1.);
#2929 = DIRECTION('',(0.707106781187,0.,-0.707106781186));
#2930 = ORIENTED_EDGE('',*,*,#2931,.F.);
#2931 = EDGE_CURVE('',#1522,#2924,#2932,.T.);
#2932 = B_SPLINE_CURVE_WITH_KNOTS('',1,(#2933,#2934),.UNSPECIFIED.,.F.,
  .F.,(2,2),(0.,1.),.PIECEWISE_BEZIER_KNOTS.);
#2933 = CARTESIAN_POINT('',(3.061467458921,48.735026918963,
    18.14103626009));
#2934 = CARTESIAN_POINT('',(2.916864966413,68.735026918963,
    17.791934961526));
#2935 = B_SPLINE_SURFACE_WITH_KNOTS('',1,1,(
    (#2936,#2937)
    ,(#2938,#2939
    )),.UNSPECIFIED.,.F.,.F.,.F.,(2,2),(2,2),(0.,6.12293491784),(0.,1.),
  .PIECEWISE_BEZIER_KNOTS.);
#2936 = CARTESIAN_POINT('',(3.061467458921,48.735026918963,
    18.14103626009));
#2937 = CARTESIAN_POINT('',(2.916864966413,68.735026918963,
    17.791934961526));
#2938 = CARTESIAN_POINT('',(7.39103626009,48.735026918963,
    13.811467458922));
#2939 = CARTESIAN_POINT('',(7.041934961525,68.735026918963,
    13.666864966415));
#2940 = ADVANCED_FACE('',(#2941),#2952,.T.);
#2941 = FACE_BOUND('',#2942,.T.);
#2942 = EDGE_LOOP('',(#2943,#2944,#2945,#2946));
#2943 = ORIENTED_EDGE('',*,*,#2893,.F.);
#2944 = ORIENTED_EDGE('',*,*,#1521,.F.);
#2945 = ORIENTED_EDGE('',*,*,#2931,.T.);
#2946 = ORIENTED_EDGE('',*,*,#2947,.F.);
#2947 = EDGE_CURVE('',#2894,#2924,#2948,.T.);
#2948 = LINE('',#2949,#2950);
#2949 = CARTESIAN_POINT('',(-3.061467458921,68.735026918963,
    17.791934961526));
#2950 = VECTOR('',#2951,1.);
#2951 = DIRECTION('',(1.,0.,-1.450576286728E-16));
#2952 = B_SPLINE_SURFACE_WITH_KNOTS('',1,1,(
    (#2953,#2954)
    ,(#2955,#2956
    )),.UNSPECIFIED.,.F.,.F.,.F.,(2,2),(2,2),(0.,6.122934917841),(0.,1.)
  ,.PIECEWISE_BEZIER_KNOTS.);
#2953 = CARTESIAN_POINT('',(-3.061467458921,48.735026918963,
    18.14103626009));
#2954 = CARTESIAN_POINT('',(-2.916864966413,68.735026918963,
    17.791934961526));
#2955 = CARTESIAN_POINT('',(3.061467458921,48.735026918963,
    18.14103626009));
#2956 = CARTESIAN_POINT('',(2.916864966413,68.735026918963,
    17.791934961526));
#2957 = ADVANCED_FACE('',(#2958,#2969),#3099,.T.);
#2958 = FACE_BOUND('',#2959,.T.);
#2959 = EDGE_LOOP('',(#2960,#2961,#2962,#2968));
#2960 = ORIENTED_EDGE('',*,*,#1794,.T.);
#2961 = ORIENTED_EDGE('',*,*,#1887,.T.);
#2962 = ORIENTED_EDGE('',*,*,#2963,.F.);
#2963 = EDGE_CURVE('',#2917,#1888,#2964,.T.);
#2964 = LINE('',#2965,#2966);
#2965 = CARTESIAN_POINT('',(7.041934961525,68.735026918963,
    13.811467458922));
#2966 = VECTOR('',#2967,1.);
#2967 = DIRECTION('',(2.12364368377E-13,0.,-1.));
#2968 = ORIENTED_EDGE('',*,*,#2916,.F.);
#2969 = FACE_BOUND('',#2970,.T.);
#2970 = EDGE_LOOP('',(#2971,#3058));
#2971 = ORIENTED_EDGE('',*,*,#2972,.T.);
#2972 = EDGE_CURVE('',#2973,#2975,#2977,.T.);
#2973 = VERTEX_POINT('',#2974);
#2974 = CARTESIAN_POINT('',(7.191175766662,60.185026918963,
    10.750000000002));
#2975 = VERTEX_POINT('',#2976);
#2976 = CARTESIAN_POINT('',(7.229215207097,58.005748835966,
    12.003257147462));
#2977 = B_SPLINE_CURVE_WITH_KNOTS('',7,(#2978,#2979,#2980,#2981,#2982,
    #2983,#2984,#2985,#2986,#2987,#2988,#2989,#2990,#2991,#2992,#2993,
    #2994,#2995,#2996,#2997,#2998,#2999,#3000,#3001,#3002,#3003,#3004,
    #3005,#3006,#3007,#3008,#3009,#3010,#3011,#3012,#3013,#3014,#3015,
    #3016,#3017,#3018,#3019,#3020,#3021,#3022,#3023,#3024,#3025,#3026,
    #3027,#3028,#3029,#3030,#3031,#3032,#3033,#3034,#3035,#3036,#3037,
    #3038,#3039,#3040,#3041,#3042,#3043,#3044,#3045,#3046,#3047,#3048,
    #3049,#3050,#3051,#3052,#3053,#3054,#3055,#3056,#3057),
  .UNSPECIFIED.,.F.,.F.,(8,6,6,6,6,6,6,6,6,6,6,6,6,8),(0.,0.174679860574
    ,0.238225811124,0.288708939541,0.369428624485,0.42212429456,
    0.500256952943,0.562951822894,0.611138161271,0.740576218295,
    0.840661709415,0.879394097889,0.931210143845,1.),.UNSPECIFIED.);
#2978 = CARTESIAN_POINT('',(7.191175766662,60.185026918963,
    10.750000000002));
#2979 = CARTESIAN_POINT('',(7.191175766662,60.185026918963,
    10.614091686915));
#2980 = CARTESIAN_POINT('',(7.191435169894,60.17016571778,
    10.478323702711));
#2981 = CARTESIAN_POINT('',(7.191953085012,60.140494380518,
    10.343588897181));
#2982 = CARTESIAN_POINT('',(7.192734819616,60.095708835065,
    10.211033888666));
#2983 = CARTESIAN_POINT('',(7.193787945442,60.035375296928,
    10.082115181745));
#2984 = CARTESIAN_POINT('',(7.195120169408,59.959052237028,
    9.958567570952));
#2985 = CARTESIAN_POINT('',(7.197334916493,59.8321694615,9.800419365746)
  );
#2986 = CARTESIAN_POINT('',(7.197963988241,59.796129965174,
    9.759260314822));
#2987 = CARTESIAN_POINT('',(7.198631738308,59.757874589467,
    9.719243421492));
#2988 = CARTESIAN_POINT('',(7.199338422088,59.717388702798,
    9.680502727348));
#2989 = CARTESIAN_POINT('',(7.200084095343,59.674669110641,
    9.643188660042));
#2990 = CARTESIAN_POINT('',(7.20086854223,59.629728178609,9.607466073373
    ));
#2991 = CARTESIAN_POINT('',(7.202344754123,59.545156055884,
    9.546538210758));
#2992 = CARTESIAN_POINT('',(7.203022388615,59.506334401824,
    9.520681932593));
#2993 = CARTESIAN_POINT('',(7.20372378493,59.466151433876,9.496033196765
    ));
#2994 = CARTESIAN_POINT('',(7.204448421548,59.424637029845,
    9.472689041734));
#2995 = CARTESIAN_POINT('',(7.205195530706,59.381835174864,9.45075085259
    ));
#2996 = CARTESIAN_POINT('',(7.20596405179,59.337806631447,9.430321413102
    ));
#2997 = CARTESIAN_POINT('',(7.208013404583,59.220399288537,
    9.381410706438));
#2998 = CARTESIAN_POINT('',(7.209326090811,59.14519554492,9.35541843306)
  );
#2999 = CARTESIAN_POINT('',(7.210683898735,59.067406781059,
    9.333973109099));
#3000 = CARTESIAN_POINT('',(7.212078350365,58.987518700636,
    9.317466517235));
#3001 = CARTESIAN_POINT('',(7.213499128936,58.906122350854,
    9.306210952315));
#3002 = CARTESIAN_POINT('',(7.214934016277,58.823917710128,
    9.300394575776));
#3003 = CARTESIAN_POINT('',(7.217305580593,58.688050881458,
    9.299767904232));
#3004 = CARTESIAN_POINT('',(7.218242598724,58.634369148686,
    9.301837577809));
#3005 = CARTESIAN_POINT('',(7.219176165861,58.580885123263,
    9.306226123679));
#3006 = CARTESIAN_POINT('',(7.220102760728,58.527800538885,
    9.312903630083));
#3007 = CARTESIAN_POINT('',(7.221019115091,58.475302632537,
    9.321812969509));
#3008 = CARTESIAN_POINT('',(7.221922226503,58.423563414424,
    9.332874174093));
#3009 = CARTESIAN_POINT('',(7.224124753519,58.297380726173,
    9.365434079407));
#3010 = CARTESIAN_POINT('',(7.225405144947,58.224027150378,
    9.389395297762));
#3011 = CARTESIAN_POINT('',(7.226642213202,58.153155557537,
    9.417559191836));
#3012 = CARTESIAN_POINT('',(7.227829997254,58.085107454757,
    9.449550412939));
#3013 = CARTESIAN_POINT('',(7.228964426818,58.020116028564,
    9.484979699846));
#3014 = CARTESIAN_POINT('',(7.230042931304,57.958328547946,
    9.523475671185));
#3015 = CARTESIAN_POINT('',(7.231883570402,57.852878404677,
    9.597779495288));
#3016 = CARTESIAN_POINT('',(7.232666128581,57.808045676598,
    9.632616498529));
#3017 = CARTESIAN_POINT('',(7.233411207821,57.765360115513,
    9.669041209397));
#3018 = CARTESIAN_POINT('',(7.234118534003,57.724837425719,9.70689486554
    ));
#3019 = CARTESIAN_POINT('',(7.234788096874,57.68647819453,9.746031931601
    ));
#3020 = CARTESIAN_POINT('',(7.235420083243,57.650271719675,
    9.786322039921));
#3021 = CARTESIAN_POINT('',(7.236471908387,57.590012697546,
    9.859417466899));
#3022 = CARTESIAN_POINT('',(7.236906974518,57.56508777561,9.891795839845
    ));
#3023 = CARTESIAN_POINT('',(7.237320152673,57.541416814944,
    9.924734798127));
#3024 = CARTESIAN_POINT('',(7.23771159755,57.518990952982,9.958185713492
    ));
#3025 = CARTESIAN_POINT('',(7.238081474433,57.497800720526,
    9.992103581382));
#3026 = CARTESIAN_POINT('',(7.238429959197,57.477836041745,
    10.026447020925));
#3027 = CARTESIAN_POINT('',(7.239636374869,57.408720534219,
    10.154473308124));
#3028 = CARTESIAN_POINT('',(7.240362182413,57.36713904784,
    10.250534842339));
#3029 = CARTESIAN_POINT('',(7.240938695741,57.334110621428,
    10.348670274537));
#3030 = CARTESIAN_POINT('',(7.241368651226,57.309478488189,
    10.44827457198));
#3031 = CARTESIAN_POINT('',(7.241654118324,57.29312408908,
    10.548810528908));
#3032 = CARTESIAN_POINT('',(7.241796435562,57.28497073997,
    10.649797652622));
#3033 = CARTESIAN_POINT('',(7.241794689721,57.28507075915,
    10.828915287985));
#3034 = CARTESIAN_POINT('',(7.241708251185,57.29002281953,
    10.907012135805));
#3035 = CARTESIAN_POINT('',(7.241536162042,57.299881799931,
    10.98489346875));
#3036 = CARTESIAN_POINT('',(7.241277981258,57.314672967129,
    11.06233841799));
#3037 = CARTESIAN_POINT('',(7.24093295434,57.334439546037,
    11.139110478764));
#3038 = CARTESIAN_POINT('',(7.240500022308,57.359242205563,
    11.214954631101));
#3039 = CARTESIAN_POINT('',(7.239775544694,57.400747500257,
    11.318477670839));
#3040 = CARTESIAN_POINT('',(7.239560023148,57.413094721358,
    11.347180455327));
#3041 = CARTESIAN_POINT('',(7.239331038887,57.426213220868,
    11.375684794859));
#3042 = CARTESIAN_POINT('',(7.239088507057,57.440107860103,
    11.403972944938));
#3043 = CARTESIAN_POINT('',(7.238832339854,57.454783669363,
    11.432026077231));
#3044 = CARTESIAN_POINT('',(7.238562446523,57.470245847936,
    11.459824279567));
#3045 = CARTESIAN_POINT('',(7.237899182943,57.508244192976,
    11.524165755417));
#3046 = CARTESIAN_POINT('',(7.237494907783,57.531405101375,
    11.560490353632));
#3047 = CARTESIAN_POINT('',(7.237065680651,57.555995507288,
    11.596270610126));
#3048 = CARTESIAN_POINT('',(7.23661128542,57.582027792645,
    11.631451333019));
#3049 = CARTESIAN_POINT('',(7.236131527605,57.609513099483,
    11.665971954564));
#3050 = CARTESIAN_POINT('',(7.235626244902,57.638460726117,
    11.699766606701));
#3051 = CARTESIAN_POINT('',(7.234390470363,57.709258202022,
    11.776571079644));
#3052 = CARTESIAN_POINT('',(7.233640476943,57.752225296298,
    11.818969743441));
#3053 = CARTESIAN_POINT('',(7.232845038609,57.79779592791,
    11.859796804594));
#3054 = CARTESIAN_POINT('',(7.232004126894,57.845971727811,
    11.898861074094));
#3055 = CARTESIAN_POINT('',(7.231118121076,57.896730967155,
    11.935948747281));
#3056 = CARTESIAN_POINT('',(7.230187945533,57.950020688327,
    11.970828593783));
#3057 = CARTESIAN_POINT('',(7.229215207097,58.005748835966,
    12.003257147462));
#3058 = ORIENTED_EDGE('',*,*,#3059,.T.);
#3059 = EDGE_CURVE('',#2975,#2973,#3060,.T.);
#3060 = B_SPLINE_CURVE_WITH_KNOTS('',7,(#3061,#3062,#3063,#3064,#3065,
    #3066,#3067,#3068,#3069,#3070,#3071,#3072,#3073,#3074,#3075,#3076,
    #3077,#3078,#3079,#3080,#3081,#3082,#3083,#3084,#3085,#3086,#3087,
    #3088,#3089,#3090,#3091,#3092,#3093,#3094,#3095,#3096,#3097,#3098),
  .UNSPECIFIED.,.F.,.F.,(8,6,6,6,6,6,8),(0.,0.13174025439,0.23094820781,
    0.347116887478,0.506165659528,0.635335777119,1.),.UNSPECIFIED.);
#3061 = CARTESIAN_POINT('',(7.229215207097,58.005748835966,
    12.003257147462));
#3062 = CARTESIAN_POINT('',(7.228319371869,58.057071201825,
    12.033121949481));
#3063 = CARTESIAN_POINT('',(7.227387457263,58.110460553818,
    12.060907298334));
#3064 = CARTESIAN_POINT('',(7.226420898082,58.16583469226,
    12.086417784357));
#3065 = CARTESIAN_POINT('',(7.22542177122,58.22307463181,12.109450152095
    ));
#3066 = CARTESIAN_POINT('',(7.224392907617,58.282018188176,
    12.12980121495));
#3067 = CARTESIAN_POINT('',(7.223338026644,58.34245227862,
    12.147281263908));
#3068 = CARTESIAN_POINT('',(7.221451502685,58.450531163857,
    12.172615932592));
#3069 = CARTESIAN_POINT('',(7.220628997796,58.497652437412,
    12.181782343888));
#3070 = CARTESIAN_POINT('',(7.219796489661,58.545346796525,
    12.189163756359));
#3071 = CARTESIAN_POINT('',(7.218956268029,58.593483061553,
    12.194705163841));
#3072 = CARTESIAN_POINT('',(7.218110792147,58.641920342372,
    12.198367544264));
#3073 = CARTESIAN_POINT('',(7.217262681878,58.690508547162,
    12.200130402041));
#3074 = CARTESIAN_POINT('',(7.215421765135,58.795974596715,
    12.199834952492));
#3075 = CARTESIAN_POINT('',(7.214428804185,58.852861291485,
    12.197071744419));
#3076 = CARTESIAN_POINT('',(7.213440331622,58.909490846687,
    12.191704646858));
#3077 = CARTESIAN_POINT('',(7.212460532832,58.965623481776,
    12.18377359565));
#3078 = CARTESIAN_POINT('',(7.211493258277,59.0210386039,12.173352515331
    ));
#3079 = CARTESIAN_POINT('',(7.210542008846,59.075535647325,
    12.160543332598));
#3080 = CARTESIAN_POINT('',(7.208333782087,59.202044873615,12.1248327864
    ));
#3081 = CARTESIAN_POINT('',(7.207093411933,59.273105632113,
    12.099949140281));
#3082 = CARTESIAN_POINT('',(7.205896280189,59.341689263827,
    12.071127764847));
#3083 = CARTESIAN_POINT('',(7.20474767883,59.407492591608,
    12.038728047021));
#3084 = CARTESIAN_POINT('',(7.203651172468,59.470311398978,
    12.003117943531));
#3085 = CARTESIAN_POINT('',(7.202608963384,59.53001951745,
    11.964646134053));
#3086 = CARTESIAN_POINT('',(7.200820756761,59.632465806267,
    11.890316250092));
#3087 = CARTESIAN_POINT('',(7.200055884824,59.676285290209,
    11.855324352393));
#3088 = CARTESIAN_POINT('',(7.199328062099,59.717982226177,
    11.818817770058));
#3089 = CARTESIAN_POINT('',(7.198637483862,59.757545426853,
    11.780950076764));
#3090 = CARTESIAN_POINT('',(7.197984098451,59.794977852013,
    11.741861641956));
#3091 = CARTESIAN_POINT('',(7.197367671482,59.830292929397,
    11.701677884881));
#3092 = CARTESIAN_POINT('',(7.195150938018,59.95728950449,
    11.544278200605));
#3093 = CARTESIAN_POINT('',(7.193808202316,60.03421478135,
    11.420359672421));
#3094 = CARTESIAN_POINT('',(7.19274683893,60.095020248991,
    11.291000976423));
#3095 = CARTESIAN_POINT('',(7.19195905806,60.140152184833,
    11.157961766709));
#3096 = CARTESIAN_POINT('',(7.191437168187,60.17005123566,
    11.022718420228));
#3097 = CARTESIAN_POINT('',(7.191175766662,60.185026918963,
    10.886430848605));
#3098 = CARTESIAN_POINT('',(7.191175766662,60.185026918963,
    10.750000000002));
#3099 = B_SPLINE_SURFACE_WITH_KNOTS('',1,1,(
    (#3100,#3101)
    ,(#3102,#3103
    )),.UNSPECIFIED.,.F.,.F.,.F.,(2,2),(2,2),(0.,6.122934917841),(0.,1.)
  ,.PIECEWISE_BEZIER_KNOTS.);
#3100 = CARTESIAN_POINT('',(7.39103626009,48.735026918963,
    13.811467458922));
#3101 = CARTESIAN_POINT('',(7.041934961525,68.735026918963,
    13.666864966415));
#3102 = CARTESIAN_POINT('',(7.391036260091,48.735026918963,
    7.688532541081));
#3103 = CARTESIAN_POINT('',(7.041934961527,68.735026918963,
    7.833135033588));
#3104 = ADVANCED_FACE('',(#3105),#3115,.F.);
#3105 = FACE_BOUND('',#3106,.T.);
#3106 = EDGE_LOOP('',(#3107,#3108,#3109,#3110,#3111,#3112,#3113,#3114));
#3107 = ORIENTED_EDGE('',*,*,#2963,.T.);
#3108 = ORIENTED_EDGE('',*,*,#1897,.T.);
#3109 = ORIENTED_EDGE('',*,*,#1873,.T.);
#3110 = ORIENTED_EDGE('',*,*,#1843,.T.);
#3111 = ORIENTED_EDGE('',*,*,#2745,.T.);
#3112 = ORIENTED_EDGE('',*,*,#2900,.T.);
#3113 = ORIENTED_EDGE('',*,*,#2947,.T.);
#3114 = ORIENTED_EDGE('',*,*,#2923,.T.);
#3115 = PLANE('',#3116);
#3116 = AXIS2_PLACEMENT_3D('',#3117,#3118,#3119);
#3117 = CARTESIAN_POINT('',(7.041934961525,68.735026918963,
    13.666864966415));
#3118 = DIRECTION('',(0.,-1.,0.));
#3119 = DIRECTION('',(-0.923879532511,-0.,-0.382683432365));
#3120 = ADVANCED_FACE('',(#3121),#3133,.F.);
#3121 = FACE_BOUND('',#3122,.T.);
#3122 = EDGE_LOOP('',(#3123,#3128,#3129,#3130,#3131,#3132));
#3123 = ORIENTED_EDGE('',*,*,#3124,.T.);
#3124 = EDGE_CURVE('',#2439,#1965,#3125,.T.);
#3125 = B_SPLINE_CURVE_WITH_KNOTS('',1,(#3126,#3127),.UNSPECIFIED.,.F.,
  .F.,(2,2),(-7.191175766662,7.191175766662),.PIECEWISE_BEZIER_KNOTS.);
#3126 = CARTESIAN_POINT('',(-55.7173501226,-23.86477256247,
    10.750000000002));
#3127 = CARTESIAN_POINT('',(-48.52617435594,-36.32025435649,
    10.750000000002));
#3128 = ORIENTED_EDGE('',*,*,#2007,.T.);
#3129 = ORIENTED_EDGE('',*,*,#1962,.T.);
#3130 = ORIENTED_EDGE('',*,*,#3124,.F.);
#3131 = ORIENTED_EDGE('',*,*,#2525,.F.);
#3132 = ORIENTED_EDGE('',*,*,#2438,.F.);
#3133 = CYLINDRICAL_SURFACE('',#3134,1.45);
#3134 = AXIS2_PLACEMENT_3D('',#3135,#3136,#3137);
#3135 = CARTESIAN_POINT('',(-50.86602540378,-29.36751345948,
    10.750000000002));
#3136 = DIRECTION('',(0.5,-0.866025403784,-7.03853193746E-17));
#3137 = DIRECTION('',(-0.866025403784,-0.5,2.62681588013E-16));
#3138 = ADVANCED_FACE('',(#3139),#3151,.F.);
#3139 = FACE_BOUND('',#3140,.T.);
#3140 = EDGE_LOOP('',(#3141,#3146,#3147,#3148,#3149,#3150));
#3141 = ORIENTED_EDGE('',*,*,#3142,.T.);
#3142 = EDGE_CURVE('',#2276,#2604,#3143,.T.);
#3143 = B_SPLINE_CURVE_WITH_KNOTS('',1,(#3144,#3145),.UNSPECIFIED.,.F.,
  .F.,(2,2),(-7.191175766662,7.191175766662),.PIECEWISE_BEZIER_KNOTS.);
#3144 = CARTESIAN_POINT('',(48.526174355941,-36.32025435649,
    10.750000000002));
#3145 = CARTESIAN_POINT('',(55.717350122603,-23.86477256247,
    10.750000000002));
#3146 = ORIENTED_EDGE('',*,*,#2646,.T.);
#3147 = ORIENTED_EDGE('',*,*,#2601,.T.);
#3148 = ORIENTED_EDGE('',*,*,#3142,.F.);
#3149 = ORIENTED_EDGE('',*,*,#2362,.F.);
#3150 = ORIENTED_EDGE('',*,*,#2275,.F.);
#3151 = CYLINDRICAL_SURFACE('',#3152,1.45);
#3152 = AXIS2_PLACEMENT_3D('',#3153,#3154,#3155);
#3153 = CARTESIAN_POINT('',(50.866025403784,-29.36751345948,
    10.750000000002));
#3154 = DIRECTION('',(0.5,0.866025403784,-2.62681588013E-16));
#3155 = DIRECTION('',(0.866025403784,-0.5,7.03853193746E-17));
#3156 = ADVANCED_FACE('',(#3157),#3169,.F.);
#3157 = FACE_BOUND('',#3158,.T.);
#3158 = EDGE_LOOP('',(#3159,#3164,#3165,#3166,#3167,#3168));
#3159 = ORIENTED_EDGE('',*,*,#3160,.T.);
#3160 = EDGE_CURVE('',#2973,#2757,#3161,.T.);
#3161 = B_SPLINE_CURVE_WITH_KNOTS('',1,(#3162,#3163),.UNSPECIFIED.,.F.,
  .F.,(2,2),(-7.191175766662,7.191175766662),.PIECEWISE_BEZIER_KNOTS.);
#3162 = CARTESIAN_POINT('',(7.191175766662,60.185026918963,
    10.750000000002));
#3163 = CARTESIAN_POINT('',(-7.191175766662,60.185026918963,
    10.750000000002));
#3164 = ORIENTED_EDGE('',*,*,#2799,.T.);
#3165 = ORIENTED_EDGE('',*,*,#2754,.T.);
#3166 = ORIENTED_EDGE('',*,*,#3160,.F.);
#3167 = ORIENTED_EDGE('',*,*,#3059,.F.);
#3168 = ORIENTED_EDGE('',*,*,#2972,.F.);
#3169 = CYLINDRICAL_SURFACE('',#3170,1.45);
#3170 = AXIS2_PLACEMENT_3D('',#3171,#3172,#3173);
#3171 = CARTESIAN_POINT('',(0.,58.735026918963,10.750000000002));
#3172 = DIRECTION('',(-1.,-0.,-0.));
#3173 = DIRECTION('',(0.,1.,0.));
#3174 = ( GEOMETRIC_REPRESENTATION_CONTEXT(3) 
GLOBAL_UNCERTAINTY_ASSIGNED_CONTEXT((#3178)) 
GLOBAL_UNIT_ASSIGNED_CONTEXT((#3175,#3176,#3177)) REPRESENTATION_CONTEXT
('Context #1','3D Context with UNIT and UNCERTAINTY') );
#3175 = ( LENGTH_UNIT() NAMED_UNIT(*) SI_UNIT(.MILLI.,.METRE.) );
#3176 = ( NAMED_UNIT(*) PLANE_ANGLE_UNIT() SI_UNIT($,.RADIAN.) );
#3177 = ( NAMED_UNIT(*) SI_UNIT($,.STERADIAN.) SOLID_ANGLE_UNIT() );
#3178 = UNCERTAINTY_MEASURE_WITH_UNIT(LENGTH_MEASURE(2.E-05),#3175,
  'distance_accuracy_value','confusion accuracy');
#3179 = PRODUCT_RELATED_PRODUCT_CATEGORY('part',$,(#7));
#3180 = MECHANICAL_DESIGN_GEOMETRIC_PRESENTATION_REPRESENTATION('',(
    #3181),#3174);
#3181 = STYLED_ITEM('color',(#3182),#15);
#3182 = PRESENTATION_STYLE_ASSIGNMENT((#3183,#3191));
#3183 = SURFACE_STYLE_USAGE(.BOTH.,#3184);
#3184 = SURFACE_SIDE_STYLE('',(#3185,#3189));
#3185 = SURFACE_STYLE_FILL_AREA(#3186);
#3186 = FILL_AREA_STYLE('',(#3187));
#3187 = FILL_AREA_STYLE_COLOUR('',#3188);
#3188 = COLOUR_RGB('',0.474509808674,0.701960807317,6.666667149455E-02);
#3189 = SURFACE_STYLE_RENDERING_WITH_PROPERTIES(.NORMAL_SHADING.,#3188,(
    #3190));
#3190 = SURFACE_STYLE_TRANSPARENT(0.699999988079);
#3191 = CURVE_STYLE('',#3192,POSITIVE_LENGTH_MEASURE(0.1),#3193);
#3192 = DRAUGHTING_PRE_DEFINED_CURVE_FONT('continuous');
#3193 = COLOUR_RGB('',0.376470596604,0.376470596604,0.376470596604);
ENDSEC;
END-ISO-10303-21;
